barcode,cluster
ACGCCTGACACGCGCT-1,9
TACCGATCCAACACTT-1,9
ATTAAAGCGGACGAGC-1,9
GATAAGGGACGATTAG-1,6
GTGCAAATCACCAATA-1,6
TGTTGGCTGGCGGAAG-1,9
GCATCCTCTCCTATTA-1,9
GCGAGGGACTGCTAGA-1,6
TGGTACCGGCACAGCC-1,6
GCGCGTTTAAATCGTA-1,9
TGCCTTGCCCTTACGG-1,9
GACGACTTTCCAAGAA-1,9
CCAGTGAGCTCCTTGT-1,9
ATACCCTGGCTCAAAT-1,9
GGGTTTCCGGCTTCCA-1,9
TAACCGTCCAGTTCAT-1,9
AAACAACGAATAGTTC-1,6
CAAGGGAGTGTATTTG-1,9
CCAAGCTTGATCTCCT-1,6
TTATTTCATCCCAAAC-1,9
GAGCGCTATGTCAGGC-1,9
TATGGCAGACTTTCGA-1,9
CTTCGTGCCCGCATCG-1,9
AAACGGGTTGGTATCC-1,6
TGCAAACCCACATCAA-1,9
GACGGGATGTCTTATG-1,6
GGCGAGCATCGAGGAC-1,6
CGCGTGCTATCAACGA-1,9
TGAAACCTCAACTCAC-1,9
CACATAAGGCGACCGT-1,9
TGACCCAACTCACATT-1,9
ATACGCCGATCTACCG-1,6
ACTTATCTGATCTATA-1,9
GTGTGAGCCGAGGTGC-1,6
GATGATTTGAAACTGG-1,9
GGGAACCACCTGTTTC-1,6
GTTCGTTGCGGACCAG-1,9
TGAGGTTGATCCCAAG-1,6
GATGCCACACTACAGC-1,9
AGGCAAAGAGGAATCA-1,6
AAGTAAGCTTCCAAAC-1,9
AACGTAGTCTACCCAT-1,6
GTTTGAGCGGTTATGT-1,6
GAAGCAAGGCAATGTT-1,9
TCACTCAGCGCATTAG-1,9
TACAATGAAACCAGCA-1,9
GTGCGCTTACAAATGA-1,6
GCACTCCCACAGTCCC-1,9
CGAAGACTGCCCGGGA-1,6
CAGGATCCGCCCGACC-1,9
CACGATTGGTCGTTAA-1,9
GGTTGTATCGTGAAAT-1,9
TCTTATGGGTAGTACC-1,6
TACAAGCTGTTCACTG-1,9
GTATCTTGTTGCTCAC-1,9
ATACCAGGTGAGCGAT-1,9
CCTAAACAGGGTCCGT-1,9
ATGGTGCTCAAAGCCA-1,9
CAAATGCGGAGTGTTC-1,9
CGTGCCCGACATTTGT-1,6
GTATCTCCCTAACTGT-1,9
ATTTGCCTAGTTACGA-1,9
ACGTCCTAAACGAGAT-1,6
CTGGGATCGCCCAGAT-1,6
CTGCAAATGGGCTCCA-1,9
CATTATAACAGGGTCC-1,9
ACCTTTCCTTTAGAAG-1,9
ATAGATTTGCAGTCGG-1,9
CTCGGGCATCGTCGGG-1,6
GTGGCGGGCCGTAGCT-1,6
CAACAGTGCCAAACGG-1,9
TGCGGGTATTGGGATC-1,6
GTCTCGCCAACACGCC-1,6
CTGGGCGGCCAAATGT-1,6
TAAAGGAGAAACTAGT-1,6
TCCCACGGAGGGAGCT-1,9
AGCTTCAATACTTTGA-1,9
TTCCACATTTCTCGTC-1,6
ACAAACCGACAAGGCG-1,6
AGACGGGATTGGTATA-1,6
AACCTAAAGCCGTCCG-1,9
TACAAATTGCGGAGGT-1,9
CCCGCTAGAGGGTTAA-1,6
CATTGCAAAGCATAAT-1,9
TGTACGCTATCAGCTT-1,9
TTCTTCGCAATAGAGC-1,6
TGTGATTCCAGCGCTT-1,9
ATTCAGGATCGCCTCT-1,9
GCCCATGGGTGCAATG-1,6
TTCCCGACGCTTCACT-1,6
AGCGGTTGAGATGTAC-1,9
GCTGTCTGTGATCGAC-1,9
AAAGACATGAAGTTTA-1,9
CAACAGAATAACGCTA-1,9
TGCGGTCTACGAGTAA-1,6
AAGACTCACGCCCACT-1,6
CTTTGAAACATATTCC-1,6
CTGGGCACTAGTCGGA-1,9
CGCCCTTACATCCACC-1,6
CACGACCACAGACTTT-1,9
CAATCCATTATCCGTT-1,6
GTGGCGTGCACCAGAG-1,6
CGGAGTCCTAACCTGG-1,9
GGTCCCATAACATAGA-1,6
ATCTCATAAACCTACC-1,9
TGCATGGCAGTCTTGC-1,5
TTGCAGGTCATGAAGT-1,9
AGCTGCATTTGAGGTG-1,6
TAATCAGGAATGCTGC-1,9
CCATCATAAGAACAGG-1,9
TCGTATCACCAAGCTA-1,6
ATTCAGATGAATCCCT-1,9
AAAGGTCAACGACATG-1,6
AGCTGCTGTGCCGAAT-1,6
CTAGCGCCAATCCTAC-1,9
GCTCGACCGAACTGAA-1,9
ACAGTGCAGCGCATTT-1,9
CGGCTGAAGGTTACGC-1,6
CACCTCTACGAGTGTG-1,6
ATACGACAGATGGGTA-1,9
ACTTCCTGTCGTGCGA-1,9
CGTAACGGAACGATCA-1,9
AAATCACTCCTAAACG-1,6
CTCCGAGTAAATCCGC-1,9
ACGCTAGTATCAGTGC-1,6
AGAGTGAACAGACACC-1,9
ACACCCGTAAATCTGT-1,6
GCTTTGCTGCCGGGTA-1,8
ACAGGAGGCGCAGCCG-1,9
AGGCAATACGGAGGAC-1,9
TGGTGTGACAGACGAT-1,6
ATCTATCGATGATCAA-1,9
CGGTAACAAGATACAT-1,9
TCGCCGGAGAGTCTTA-1,6
GGAGGAGTGTGTTTAT-1,6
TTAGGTGTGACTGGTC-1,9
CAGGGCTAACGAAACC-1,6
CCCGTGGGTTAATTGA-1,6
GACCGACCGCTAATAT-1,9
GGTATCAAGCATAGAA-1,6
TGCATGAGTAGATTCG-1,9
AATTCCAACTTGGTGA-1,9
TGCCGATGTCATCAAT-1,9
GCTGGGTCCGCTGTTA-1,9
TGAACACCCGAAGCAG-1,6
AACATTGGTCAGCCGT-1,9
GTGGGTCTTCTTTGCG-1,9
CATCGAATGGATCTCT-1,9
GCTACACTGTCCGAAC-1,9
CGGGTTGTAGCTTTGG-1,9
CCTAAGTGTCTAACCG-1,9
TCTGTGACTGACCGTT-1,6
TTATCATACTCGCAAA-1,9
AGCGTAGCGCTAGACC-1,6
TCCCTCCGAAATCGTT-1,9
AGGTCGCCACTTCGGT-1,9
CTAGCAACTAATTTAC-1,6
TTGCTAGCTACCAATC-1,6
GCCGGTTTGGGCGGAT-1,6
TGTAACTTGTCAACCT-1,9
CGAGATGTTGCCTATA-1,9
GTTACGAAATCCACGC-1,9
CTTGTCGTACGTGTCA-1,9
GCGTCCAGCTCGTGGC-1,9
CCCTTCTCGTACGCGA-1,6
CCAAAGTCCCGCTAAC-1,9
CCGCTTCGCGGTTAAC-1,9
GTTACGGCCCGACTGC-1,6
CCCGCTTGCCCTCGTC-1,6
TAGTGAGAAGTGGTTG-1,9
CGCTACCGCCCTATGA-1,6
AAACAATCTACTAGCA-1,6
GCGCGATGGGTCAAGT-1,6
ATAAACCATTGGACGG-1,6
TCGGGCACTTCTGGAT-1,9
TCTGTGGCTACATTTC-1,6
CTCTGTGCCTGCTATG-1,9
CACGACTAAAGTTCTG-1,9
GAGGAGTAATTCCTAC-1,6
AGAGGTATCTCGGTCC-1,9
GGCGTACCCTATATAA-1,6
GCCGGAAACACATCTT-1,9
AAATGTGGGTGCTCCT-1,9
ACCAGGAGTGTGATCT-1,9
TGTGGAGGAAGCTTAA-1,9
AAGGAGAACTTATAAG-1,9
CCCTCGGGAGCCTTGT-1,6
ACTGTTTAGTGTAGGC-1,9
CGTCAGTTTATCGTCT-1,9
GCGTGTATGTCGTATT-1,9
ACAATCGATCTTTATA-1,9
CAGCCCTCACAGGCAG-1,9
CGCGTCATATTAAACC-1,9
GAAGACTTCAATGCCG-1,9
TTGCGGCGACTCATGC-1,6
ACCAAACTAGAAATCC-1,9
TTACTGTTTCTCTACG-1,9
GACCAGGTCATTCATA-1,6
TTCTTCCCTTTGATAT-1,6
ACGCCCAGCTGTCGAT-1,6
AGTAGCGTGAACGAAC-1,6
CCTCGACCCACTGCCT-1,6
AGTTATTGAAAGGTAA-1,6
TCAGTTACGGAATGAT-1,6
GAATCTATACTCGGAC-1,9
TCGGCTAACTTCCCTT-1,6
ACGTGGTCGAATGTGC-1,9
ATATCGTGCCAGACCC-1,9
GTAGCTAGTAAGCGCG-1,9
ACGCTTAGTGTCTCTC-1,9
TCCGGCCTGCATCGAT-1,9
TAGTGGAACTCATACA-1,6
ATCATCTGCCCAGTGT-1,9
GTTATTAAATACGACC-1,6
GCGCTAAGTATGCATG-1,9
CCTGACGCAACCTTTA-1,9
CCCAAGAATGCACGGT-1,6
AACTGGGTTCGAGCCG-1,9
GGTTCCACCCGCTTCT-1,9
CATGCACGTGTTACTG-1,6
AGCGTTCCGATTTAAA-1,9
CCTACGCGACCTTACA-1,6
CGAATTACATGGTGTT-1,9
GAGGTCTTAGTGGGTC-1,9
GCCGCTAGATACGCAG-1,6
GTCACCTGTCTATGTC-1,9
CCGATTGGTCAATGAA-1,9
CCTGTGCGGATTGTAA-1,9
TTACGTAGCGCGTGCT-1,9
GGAGGCGAAGAACCGC-1,9
GGGTCACGTGCTTATG-1,9
GCTCCGGACGTTGATA-1,6
ATGTTTGTAAGATCAT-1,6
TGACCCAGCATTCCCG-1,9
TGGTCGTTTGATAGAT-1,9
TGTAATGCCTTCGGAC-1,6
TGCTCACACAACAACC-1,6
TACGATCCAAGCCACT-1,9
TTGTAACTTCATAGCG-1,9
AGATTCAAGCGGGTCG-1,6
CTCAGCAGACTGCCGA-1,9
GTAACATCAGCTCATC-1,9
ATGGAACAGAATAAAC-1,9
GGGCCTATACAACCGG-1,6
TCAAACAATTAGGACA-1,6
AAACCACTACACAGAT-1,6
AAACGACAGTCTTGCC-1,9
TTGAGGGTCGAACGCG-1,9
TGTTGATCACTGTTTA-1,9
AGGGTGTGCTACACGC-1,6
GTAGTTAGACAATATA-1,6
AATGGCCGCCAATGCG-1,9
TCGGCGGTATTAGATT-1,9
GGGTCACTGAGTAGTG-1,6
GAATTATGCAACCTAC-1,9
GATCTTAGTGAACGTG-1,8
CTAATGCGCCCAACAA-1,9
GCCACCCATTCCACTT-1,2
TACTCACAACGTAGTA-1,6
GTTCGGTGTGGATTTA-1,2
TCTTTCGGCGGGACAC-1,9
GGAGACATTCACGGGC-1,5
GGGATTATCTCACAAC-1,9
TAGAACGCCAGTAACG-1,5
ACGAGTCGCCGGCGTT-1,9
TGATGGGACTAAGTCA-1,2
TGCGAGAAACGTTACG-1,6
TCGCCTCGACCTGTTG-1,3
AACTCGATAAACACGT-1,6
AGGAAAGCCTCTGATG-1,0
GAAGGACTAAATTGAA-1,9
GTATCGGGACGAGCTG-1,0
CCTGTGCATAGGAGAC-1,9
CATACGGGTGCATGAT-1,0
CCACTAAACTGAATCG-1,9
AAATTGCGGCGGTTCT-1,0
AGTCCAGCGGGTACGT-1,6
CATTCAGGTCAGTGCG-1,3
CTAAAGTCCGAAGCTA-1,6
AATCAGACTGCAGGAC-1,2
AGTATCCATAATAACG-1,6
CTGGCTGCTAACGTAA-1,0
GTTCCAAGACAGCGAC-1,9
AAGACTAACCCGTTGT-1,0
GATTAATCCTGGCTCA-1,6
CGCGCAAGGAACTACA-1,0
CAGTAGCGAGGTAGTA-1,6
ACGGCGGGTTGCCCTG-1,3
CTAGGCGGCAGAGAAT-1,9
GTGCGCAGCTTGCTCC-1,2
TCACTATCGTGCAATC-1,9
TATGATTCTGCTTGGT-1,3
TAAGATTTAGCGGGAG-1,6
TTACGGTGTCACCGAG-1,3
CTACACTAGCTTGTTC-1,9
TGAGCAGTCGTGAAGT-1,2
CGCTGAGGACGTCCAA-1,6
GTGTATGACTTTAAAG-1,2
CTAAACGGGTGTAATC-1,6
TGTACTGTGCCAAAGT-1,3
GGCCACAAGCGATGGC-1,9
GTCAATTGTACTGAAG-1,2
AGGGACAGCACGGCGG-1,6
AGCTTATAGAGACCTG-1,3
AACTAGCGTATCGCAC-1,9
AACTTTAGCTGCTGAG-1,2
CCCAAGACAGAGTATG-1,9
GGCATCAACGAGCACG-1,2
ATGCATTCCGTGATGG-1,9
TTATAGATGCACATTA-1,3
GAACCATCTGGGAGAC-1,9
TGCTATACAAACGGAC-1,3
ACTTGCCATATTGTAC-1,9
TATTCCGGCAGTCCTA-1,0
GACGGACCGCGTTCCT-1,9
ATGTGTAGTTTAGTCA-1,0
ATACCAGCAAATTGCT-1,9
AAGTTTACTAATGGCA-1,7
CTCTCGATGTGCGCCT-1,9
GATTGACACTCTGCTC-1,7
TATCACAGCACGGGCA-1,9
ACCGTTCCCGCTCTGA-1,0
CCGCCACCACAATCCA-1,9
CATTCACTGACAGCTA-1,5
CGGCTGCAAGATTAAG-1,6
CATGAACCTCTTATCA-1,7
TTAATGCGAGGTAACT-1,9
AATAAGTCCTCGAGAC-1,7
ACCAGCCCGGTCTTTG-1,9
CTACGAACTAGGTCGA-1,7
ACATCTCAACGCGTAA-1,9
CACTACTCAGTTCTGT-1,7
CCGACTCGCATAGTCT-1,9
CATTTATCGTTCAAGA-1,4
CAAACGTGGTCTTGCG-1,9
TAGAAACCACTAAGTA-1,1
ACTGATTTAGTGATTC-1,9
TCGTATTTCGTCCGGA-1,4
CGGAAATTTCACATCC-1,9
ATCCACGCTAAATGTT-1,7
GTTCAATCTATGTCAA-1,9
ATAAAGGTCAAGTACG-1,7
CAACTCCAACGTTTAG-1,9
TAGGAACAGCCTCCAG-1,2
ATGGGAACGGAAGCGG-1,6
CACACGTTTCAATGGG-1,5
GGTGTTCTGTTTCTAC-1,9
AGTAACGTTCATCCTG-1,4
GTATAGTGGCCCATGT-1,9
TCTACACGTTCATGCA-1,7
AATCTGGGTAGACCCT-1,9
TCGGTTAGCCATGTAG-1,2
TGCCATGGCTTATAAG-1,9
TAAGTAAATGTGCCGC-1,5
GTGTCCGATAAGGCAT-1,9
TGGCACGAGCTCGAGT-1,2
ACCGGTCTGAGTACGG-1,6
GAACTTAGCGCCCGGT-1,2
AGTAGCTAGACGCCGA-1,9
ATAGGAATCTAAGCTT-1,0
CTTCCTGCATATTTAC-1,9
CAATATGTAGATTTAC-1,2
ACAAGGCCTACCAGCC-1,9
TTATAGTCCAAGGTGC-1,0
AAACGCCCGAGATCGG-1,9
CCTCGTTACGCCTGTT-1,0
GAACGGTGTAAAGCAG-1,6
ACGCATAAATGACATG-1,0
GGTTCGATGCTGAGTT-1,6
CTTTGGCAGACAGAGT-1,2
TTCGTGGGCTGGAAGC-1,9
CAAAGGTTAAATTCAG-1,4
GTTTGGCGTCAGGCAC-1,6
GCTTTCTATCTCAACT-1,4
TGCATCTCCGGATCTT-1,9
CTGAAACGGCCCTCAG-1,4
TAGCAGTAAATACGCG-1,9
CGGGCTACTTAAATTG-1,7
ATTATGCTCAGTATTG-1,9
TGATGCTCACGTAGTC-1,5
GTCTAAGATGCCCAGC-1,9
AACCCGATAGGGCTTC-1,4
CGCTATCGTGGCTTTA-1,6
CGTCTCTCGCCGAGGC-1,8
AGTGGGAGTATACACG-1,2
GGTCTTGGTGTTAACT-1,3
GGCTGGCAGCTTTATG-1,3
CGCCAATTATTGCGTT-1,0
GGTAACCGGCAAAGGT-1,2
TGGGACCATTGGGAGT-1,2
CTGCAGGTGCTCGGCC-1,3
CCGGTGCGAGTGATAG-1,2
GGGTACACTCTGGAGG-1,3
TAGCCAGAGGGTCCGG-1,0
CTTGTGAGGACAGCGG-1,5
GAAGGGCATAACCATG-1,0
CAACATGGCCTGATAA-1,0
CAATTTGACCGGGAAG-1,3
TCTGACTGTAATGGTT-1,3
TTCATAGCCTTGTAAC-1,0
TGGAAACGGAGTGAAC-1,3
ATCGCACGATTGTTCA-1,0
CGCCACCCGCATTAAC-1,0
TGGACCACGGCGTTGA-1,2
GTATATGTTACGGCGG-1,3
GTATTCTTACCGTGCT-1,2
TTCAGAGTAACCTGAC-1,2
GCGGTAACCCAAATGA-1,0
CTACGTGTTGCCACCA-1,3
CTAGATAAACTCCTCG-1,5
TCCATTAGTTGGATAG-1,0
CTGGCTCCTGCGGGAT-1,2
CAGTCTCTCGGCTAAT-1,2
GTATGACGTGGGAAAC-1,2
AGTCACTCCGCCTCAT-1,3
GCAGCGGTGGGCATTA-1,0
TATGGAGTTTCTCGTT-1,5
ACTCAACGAATGTATT-1,0
AACACGCGGCCGCGAA-1,3
CGATATTAGCCGCAGG-1,3
AGCGTCTGAACCCGCA-1,2
GATGTCCGGATCACAT-1,2
GGTCACGTTAGATTCA-1,2
TTAAGGATACGGAGGT-1,5
GTGCGGGACCATCGGC-1,5
CCATCTTGTTCACAAT-1,0
TCCGAGAAGGCTAAGC-1,3
TGGCGGTGTGCGATTG-1,3
ATCCTGCTGCAGATAG-1,0
TTATGCGTCCCGGTCC-1,3
CATAATGAGCGGGCGA-1,3
AGACATAGATCCTTCC-1,2
GGTGAAACCGGGAATG-1,0
AACTGGTGTGGGCCTT-1,2
GTAGCGCTGTTGTAGT-1,3
TTGTTTGTGTAAATTC-1,2
GGATCAAAGGACGAGG-1,2
CGTAGCGCCGACGTTG-1,3
CAAGTGAACTTTGGTT-1,2
GTAGACAACCGATGAA-1,3
CAATGGTCGGCCTGGG-1,5
ACAGATTAGGTTAGTG-1,0
GTTATCACCTTCTGAA-1,3
TGGTATCGGTCTGTAT-1,3
GGAATAACCTCAAGAA-1,0
ATTATCTCGACAGATC-1,5
CCGAGGGATGTTAGGC-1,3
TGAGATCAAATACTCA-1,2
AAACGAAGAACATACC-1,7
CTGGTCCTAACTTGGC-1,4
TGCACGAGTCGGCAGC-1,5
ATAGTCTTTGACGTGC-1,7
TGGAGCTAAAGTTCCC-1,7
GGGTGGTCCAGCCTGT-1,4
CATGCATGGAGACCCT-1,4
ACACGGCACTATGCAT-1,7
CCCTGGTATGGGCGGC-1,4
GGAGGATTGAAAGGAG-1,4
CCGCTGGTGCCATTCA-1,5
GTTAGAGTGTGCCGCT-1,4
TCGGAATGACCATCAA-1,5
TTCAATTAGCCATAAT-1,7
GATGTGTTGTCACAAG-1,1
TCTTTCTCTTAAGGAG-1,1
ACCCTTTAGTTCTCCA-1,4
ACCACAACTCAGAACA-1,1
TATGATAAATCTAACG-1,4
GATCCTCTTGCGCTTA-1,5
TTCTACCTTTATGTTG-1,5
GAAATACCTGCTGGCT-1,5
ATTCTGAGTATGAACT-1,7
GGATTAAGCTAAGGTC-1,2
AGTACGTGGCCTGTCT-1,5
TCAGGGTGCACGAAAC-1,4
AAATTTACCGAAATCC-1,0
TTGAGGCATTTAACTC-1,0
AACCAGTATCACTCTT-1,7
CACCGGAGATATCTCC-1,4
GACTGGGCGCCGCAAC-1,0
CACGTCTATGATGTGG-1,4
TTAAGACGAACGAACC-1,7
TGACCAGCTTCAAAGT-1,2
AGAGTTAGAGACCGAT-1,2
TTCGGACTGATGCCTT-1,5
CTCGAATGGAACGTAT-1,2
GGACGGCTTGCGCAAC-1,5
CTAAGTACAGGGCTAC-1,2
ACAAATTCAGATCTGA-1,7
CATGGAAATGGGACCA-1,5
GGTGGACCACGTGTTA-1,2
CACGACGTAATAGTAA-1,0
CGGGTTCGGCACGTAT-1,2
CTGGGCTATCCTTTGG-1,2
GTATTAGGGTTCGCGT-1,2
TCATTCGTATAATTTG-1,4
AATAGCAAGCCTCCTG-1,5
CATCTACCCGAGAACG-1,4
GCTTCAGTGGGATTAC-1,2
TCTGTGATGGAGGTTG-1,0
ATCCACTTTCAGACTA-1,4
ATGGTTACGAAACATG-1,7
GGCCCAATCTAGAGGG-1,7
GATGGTGAAATAACCC-1,5
AGAGGGACAATTGTCC-1,4
CGCGTACATTCTGGAA-1,4
CAAGAAACCCTAAACT-1,4
TTGGTGCGGTGTTGAA-1,7
GGTTCCCTAGTGTCTC-1,7
CGATAACCAATTTGAG-1,5
GCCCACTGGTCCACAA-1,4
GAGGGCCGGCAGAGTC-1,7
CGACACGGATGCCCAC-1,8
CTGTCTGTGGCTGGCT-1,2
ATATTATCCCGTATTT-1,3
GCGCTGGCGGAAAGTC-1,2
ATCTAACGTCCCTATG-1,3
GTCAGACAGCGTTGGA-1,0
GCCAGGCTTAGTGGTA-1,0
ATTCAAAGTACCTGTT-1,0
TGGACGTAGGCGAATC-1,3
ACACATTGACGCAACA-1,3
GATATCAGTATGTATC-1,5
TGGGCCTTGCCTGCAT-1,0
CAAAGTCAGGTTAGCT-1,3
GGATCCCTACCAGCTA-1,0
ATCGTCCAATCGAGTC-1,3
ACATGGCTCAATTTAG-1,3
AGGCCCAGTGACTGGT-1,2
GCTTCCAGCTTAGATT-1,5
TGCTTGAAACCATGCA-1,3
CAATATTGGACTAGTG-1,3
CGTGCTGGCCTAGTCG-1,0
CCTGCGATAGAACTGT-1,0
GGGTAATGCTGTGTTT-1,2
AACGCGAACGGCAACA-1,2
TGTCGGCATGGTGGAA-1,3
AGCGTACGAGAGCTAG-1,3
ATACTCTCGCCACTCT-1,2
AATCCATGCAAGGGTG-1,0
TTAAACAGAGTCCCGC-1,0
CCACAGCTGAAATCAT-1,3
CGGTTCCGGCTTCTTG-1,2
GACGTGAGACTCCATG-1,3
TCGTTGGCTCGTCAAT-1,2
GGTGAACGGGCTAGCC-1,5
GCACTGTGCAAATGTA-1,2
ACGAGAACCCATCACG-1,2
CCAGCTACGCCTCATA-1,3
TCCCGGTCAGGAATTT-1,2
TCGCATTCAATGACTT-1,5
CTGGTTCAACGCATCA-1,2
GGTGATTTCATCTTGT-1,0
CACCCTTTCCTCGCTC-1,5
CAACTTGTAGTGGGCA-1,2
AATATCAAGGTCGGAT-1,3
ACTCAGACCTGCTTCT-1,5
TTGGAGTCTCCCTTCT-1,2
GGATACTCATGAATTG-1,3
TGGGCACAAACAGAAC-1,3
GAGCCACGGTAGTAGG-1,0
TCGATAGGCTAGTCGC-1,0
TAACCGCCCGCAGTGC-1,2
GCCTATTTGCTACACA-1,5
TTGACGATTCAGCACG-1,0
TTAAACCGGTAGCGAC-1,3
ACCGAAAGGGCCCTGC-1,0
ACGTTCCGCGCTCCGT-1,3
ATACCAGGCTAATAGA-1,2
CGGCTTTGTATGATAA-1,2
CTTGACCCGAAAGATA-1,0
CGCAGAAACATTTGCG-1,0
GACCCGTCGCCGGCTA-1,2
AATCGGGACACTACGA-1,7
GTCACAAAGTTTCCAA-1,7
TATATTCGCGTCGATA-1,7
CCTCCCGACAATCCCT-1,2
CGACATGCGATCTTCT-1,2
AACACGACTGTACTGA-1,7
CCCAACCACACTAACA-1,2
CACCGCCGACCAGCGA-1,7
TGGTATCGCATCCCAA-1,4
CAGAGTGATTTAACGT-1,4
AACCCTGGTGGAACCA-1,7
GTCAGTTGTGCTCGTT-1,4
ATTGACGTAACTCGGT-1,4
GATGTCGGTCAACTGC-1,5
AGGGCAGCGGCGTGGT-1,5
ACATCGTTAACCTAGT-1,1
TCCATTGTGACCTCGT-1,4
TGTTTAATACTTCATC-1,5
TTGCTGGCCGGGCTTC-1,4
CATATTATTTGCCCTA-1,7
CTGCCTAGCCACCAAG-1,7
ACGAGATATTTGCTTA-1,4
GACTACAATTGCTCGT-1,7
AACGTGATGAAGGACA-1,4
ACTCTCTTATACACGA-1,4
CGCATCATGGCTTCAG-1,4
CGGCTCTTCGTCGAAC-1,4
ATTCTTCGTACTTATG-1,7
AGTGAGGGTTTCTGAC-1,7
GCCAGGCGTTCGCATG-1,2
GACTAACACAGCACCT-1,5
CAATGGAATCTACATA-1,0
GTGGTCAGCGAAGTAT-1,0
ATGGCTGGAAATGGCC-1,7
ATCAGGTCGCCATTGC-1,0
TATCACCATGTAAAGT-1,0
AGCGCTTATGGGCAAG-1,2
AAGCGGCGTCATGGGT-1,3
ACTAATACGTCAGGCG-1,2
GGCTGAGCATCGTAAG-1,0
CGGTTGGGTTCAAGTT-1,2
GACTGATTGGTCACAA-1,2
AGACGGGCCGATTTAA-1,2
ACCAGTGCCCGGTCAA-1,7
GTCCTTTAATGACTTC-1,2
CCTACAAGTCCGGAAT-1,5
GCCTGCTACACTGAGA-1,2
GACTCGGTCGGCGGAT-1,0
CTAGACATATATGTAG-1,2
TCGCCCAACTGACTCC-1,7
AAACTAACGTGGCGAC-1,4
AACTGAGGTCAGCGTC-1,4
ACAATGATTCTTCTAC-1,7
ATAAGTACCCGATTGT-1,5
ATTGGGAGTTCTGTAA-1,7
CGAACATAGTCAGAAA-1,5
TAGCTCAGATCCTAGT-1,4
GTGTCGTATTCACCTT-1,7
CTCACCGATCCAAACT-1,7
ATATGTGCACAAACCA-1,5
CAGTCCAACGCCTTCT-1,4
TCGTCCGGGTACACTC-1,4
GCAGAAACGTAATCCA-1,4
TTCGAGCCGGCGCTAC-1,4
GGAAGATAAGACTGTA-1,7
ATAAGCAAACACCGAG-1,7
GCATAAATTGAACGCC-1,5
CGCCGGTGTCGCAGTA-1,8
GACCTGGTCTGGGCGT-1,0
AGCCGCTTGATTAGCG-1,3
CCCGGCTAGGTGAGAA-1,5
CGAGCCGAGCACTCGA-1,2
TAGTGCTTGAATCCTT-1,0
CAACCGCACCTAGACA-1,5
ACCACTGTTCAAGAAG-1,3
AGATGCTATAACGAGC-1,2
AATTACTCGTACGCTC-1,5
CGTCAATCTTTAACAT-1,2
CCAAAGCAGTTGGTTG-1,3
CCATATTGGATCATGA-1,2
CGTACCGAAAGTCTAG-1,2
CTCGAGATCCAAAGCA-1,0
TGGATAGAGTAACAGA-1,0
TCACAGATCCTCAAAC-1,2
AGAGCTACGAAAGCAT-1,2
TGCGTGATTGGGTGTC-1,5
CACATGTTTGGACATG-1,3
TTCGCATCCGGAAGCA-1,2
CCCTAGTGTCAGGTGT-1,2
TTACCGCCTTAGGGAA-1,0
CCAGTCCATTATTCGA-1,5
CGTAAACGCTTGAGTG-1,3
ATTCCTTCCAGGCGGT-1,2
TTCCTTTCTGTGTTGC-1,0
AGTTGACATCGGCTGG-1,2
AACTCGATGGCGCAGT-1,0
GATAAGGCAGATGCAA-1,2
GGCTGGCTAGCTTAAA-1,3
CCTCATGCAGCTACGA-1,0
GACGCCTGTTGCAGGG-1,3
TAATTAGATGGATATG-1,5
GAGGGCATCGCGTATC-1,2
CTTGTGAGTCTTTGAC-1,0
TCAACACATTGGGTAA-1,2
ACTGTATACGCGAGCA-1,2
GTGAAACGTGCTCCAC-1,3
CGAGTGCTATAGTTCG-1,3
GTACTGCATGAAGCGT-1,3
GTAACTTGCGGCAGTC-1,2
GAATCGCCGGACACGG-1,2
GGGAGTAATGGCTGGC-1,3
CATGAACCGACATTTG-1,2
TCTGTCATACAAGAGC-1,2
GTCGTCAATTATAAGG-1,3
TAAAGAGCCCGAAACC-1,2
GTACTGAGGTCGTAAC-1,3
AAAGACCCAAGTCGCG-1,0
CGTCAGTGCGCACAAG-1,3
TGTATCCTTATTCCAT-1,2
ATTCTCGTCTCTTTAG-1,5
AAAGTCACTGATGTAA-1,3
TGTCTACAGTTTCTGT-1,0
TTAACGTCGCAAGACC-1,3
CTATGTCTATTGAAAC-1,2
TCGGGTGAAACTGCTA-1,0
TGTCCCGACATAGCAC-1,5
ACAGCATAGAGCCAGT-1,3
ATATTCCCACAGGTCA-1,3
TTGGATCGACTTCTGG-1,7
CACCATCGGAGGAGAC-1,7
TCGTTCGTTATTATGT-1,2
CTTAACTTCGAAGTAC-1,7
GCACAAGTGTCGGAAG-1,2
TACCAGCTAGGTTTAA-1,7
ACGTACAGATTTCTCT-1,5
AATTTGGTTCCAAAGA-1,4
GTAAGGATTTGTCGGA-1,4
CATCATCTACCCGGAC-1,4
ACGATGGATCCGATGC-1,4
CACTCAGCTCTTGAGG-1,7
TAGATCCGAAGTCGCA-1,4
TGAAACTTATGCAAGC-1,5
GCGATTCTGGAAGCAG-1,7
CAAACTATTGAGCTTC-1,1
TAGAATTAAGGGCAAC-1,4
CGAAACATAGATGGCA-1,1
GATGGTGCCCTAGGCA-1,5
CCCGCAGGGCCCAAAG-1,5
ACAGCGCACCCGCAGC-1,4
GGTAAATGTGCGTTAC-1,1
GTCCTTCTAGTGGGTT-1,7
GGAAGCTCGCTTACAG-1,4
CACCGATACACCGAGC-1,7
CAGCCGGGCCCTCTAT-1,2
CGGAGCTTATAACACC-1,7
ATTACAACTACCGGCC-1,4
TCCTCTGGCCCATTAG-1,2
CGGCACCGTTAGCGCC-1,7
TCGGTCCCTGACTCCA-1,0
TGGTTGGAGGATCCTG-1,7
CTGCGGTAGTCACGTG-1,7
GTGCCTCAGTGTACGG-1,7
ATCGTTCACTTTCGCC-1,5
ACTTACCGGGCGCGCA-1,2
CTAGACTGCATTTCGT-1,2
TTGCCGGTGATCCCTC-1,0
CTGTCACGCCAGGCGC-1,2
CGGTATAGGTATTAGC-1,3
CCAACGCTTGCCAGGG-1,2
CGTTGAGTAATTGCGT-1,2
TGTATTTACCTAATGC-1,0
TAAATGCCGTCTCATG-1,2
CGGTTTATGAAGGAAC-1,2
GCAAGATGTGTTCGCG-1,2
AAAGGTAAGCTGTACC-1,5
GTACGTCACGTATTAA-1,0
AGTACCTTCGAGTGCT-1,5
ATTGTGACTTCGCTGC-1,2
TGTATCAGACTGAAGC-1,5
GAGACCCTGCAACGCC-1,7
TGGGTGGGATGTCATT-1,5
GGCTAATGATTGAAAT-1,4
ATAACGTTACCTCCAC-1,4
TGCGAGATGGCGGCCA-1,7
CACACTTGTATTGCGA-1,7
GCTGGTGACTCGTAGT-1,7
CGACACCGCTTAAGGA-1,5
GTAACAACTGACCTTG-1,7
CAACTGAGGGTATGAC-1,5
CTAATTATGAAGCGTA-1,7
CCGATCTTAAGAGGCT-1,7
CGACTCGGTACACGGT-1,5
TGCTGCGTCAGAGTTA-1,7
AGAGTTGCAGGCCTCC-1,4
ACTGGCGAACCTGCGT-1,7
ACTAAGGACGCACACC-1,8
CGTCCAGATGGCTCCA-1,7
ACTATCGCCGGCTAAA-1,7
GATAGCGTACCACGCG-1,2
AGGACTTATAGGAGAA-1,2
TAGTCGGGATTCTTCG-1,2
ACCATTAAGGGTGTCA-1,3
TTAATGTGTTTGCAGG-1,5
TCCGCAGCCACCTAGC-1,2
GAGGAGATCCTCATGC-1,3
GGTCCTTCATACGACT-1,5
CCCTGTTGGCAAAGAC-1,3
GTGCCTAGCTATGCTT-1,0
GTCATCTCCTACAGCT-1,0
GCGAGAAACGGGAGTT-1,0
CGTCGCGGCGGGATTT-1,2
CATTGTGTGCTAGATC-1,2
CGCGGCAGTATTACGG-1,2
GAAATGGGATGTAAAC-1,0
CATTCCCTAAGTACAA-1,5
AGTTCTGCGTTGTATC-1,0
ACCCTATAGGACTGAG-1,2
TTAGATAGGTCGATAC-1,2
ATTGATAGCAACGAGA-1,3
TCTCGGCTCCAGGACT-1,2
CTTGAGGTTATCCCGA-1,3
AAGAAGGATCAGTTAG-1,2
GTACGACGGCGCTGCG-1,0
CTTATGTTGACTACCA-1,2
CGGCACTCAAGAAAGT-1,3
GTCAAAGTTTACATAG-1,0
CTCCTAAGTTATGTCT-1,3
ACTGTGCTAGTAGATC-1,0
GTTTGGCCGCTCAGCG-1,3
TTATCCAATCGAACTC-1,0
CCGTACCCAAGCGCCA-1,2
CATACAAAGCCGAACC-1,0
GGTCGGTAATTAGACA-1,2
AGCGGGAAGGGTCCAT-1,0
GCCCACCAAGGCTGTC-1,2
GTAGACGTCGTTACAT-1,0
GAGCATCATCCCTGGG-1,3
AGGTAACCTCCTATTC-1,2
GGTTTGAGTGCTGGAA-1,3
GCACTAGTCGCGCTAT-1,3
GGTAACTATGTATCTG-1,5
GCGGTCCCTAGACGCA-1,2
CGAGCGTTGATCAGCC-1,2
AATCCAAGGGCCTGAG-1,5
CCGTGCCCATGACGGC-1,0
GAAATTCACATCGCTG-1,2
CTCTGCGAAGCAAGCA-1,2
AGTAGGTAACATACAT-1,0
ATTGGGAATATCTTGG-1,0
TAGAGCTACGAAGAAC-1,2
TGCGGCATAGTTCAAC-1,3
CCGCCGGTCAACACAC-1,5
TCGTATAGTGCAATTA-1,2
TAGTTTATTCTTGCTT-1,3
GATATCTCATGCAATA-1,0
CGTTTAAGCGGAGCAC-1,3
CATGCTGGCTCCAATT-1,7
GAAACAGCCATGCAGT-1,2
AGTTTCGCAGGTCGGA-1,0
CTCATGGCTCACAATC-1,4
AACCGTTGTGTTTGCT-1,5
ACCCTTCATCTGCGAA-1,5
TGCGGTGAAATTTCAT-1,7
CAAATTGTCAGCAAGC-1,2
GAGGTACATCCATCTT-1,4
AAATGGCATGTCTTGT-1,4
TCATCCCAGAGGGTGG-1,7
CGTAGCGAATTGTCAG-1,1
CCTAGTTAGTCGCATG-1,1
GAAACTCTAATGAAGG-1,1
TTGTATCACACAGAAT-1,4
TTCAAGCCGAGCTGAG-1,1
AGGTACGATATTGCCA-1,4
TTAAGCCGACAACTTC-1,4
GTCTTAGTACAGCCGG-1,1
TGGGTAAGGTTCCCGC-1,1
CTACGCCATTTCCGAT-1,1
GACCGTCAGGTCGTGA-1,4
TAGTTAAGATAGGATA-1,1
GAATATTCGGAGTCCC-1,7
CAAACTACGATAGAGA-1,2
CAGGAAGACTTTATAT-1,7
TTCGTAATCCCAGCGG-1,4
GTGAGGAGCGGTTGAG-1,7
CAATCCCTATACCAGC-1,7
AGGGAAACGAGGTACT-1,7
TCCTGCCAACTGGAGA-1,7
AATTTGGGACATAGTA-1,7
AACTCCTAATCCCATG-1,5
GCTCATTACTGCATGT-1,7
TCTCGAACGAGGTCAC-1,4
TCACTACGACCAATGC-1,7
GTGATGCACAACATCT-1,2
CCGACGTAAACACAAC-1,0
TGGGATGCACTCATTC-1,7
TTCCATCATGCGGTGA-1,5
TGCACAGTGAAGTTAT-1,2
CTATTGTGTTTGGTCA-1,7
TGCGAGCCCTTCCGCG-1,4
TTGAAAGGTGTAAAGG-1,2
GGTGCAGAGCCTATCG-1,7
ACTATATGCTGTGTTC-1,7
TCCTGGCGCTGCCTGG-1,7
GAGCCGAGCGTTTATT-1,5
AGAATGCGGGTTCGGA-1,2
ATGCGACAATTGGTCC-1,4
TTCCGGCTCGACTTCT-1,7
TGATTATGGCACGCAG-1,4
GGTTTGACAAGAAGCT-1,5
GCAGCTATGGACAGGT-1,7
CACCATGATCGCAAAG-1,4
GTCGGAAGGATACCAG-1,4
GGCCCAGTTATCAGCA-1,4
GGGCCTATTTAAGTAT-1,4
GTTGTTACATTGCGCT-1,7
CAACTCCGTAACTTGC-1,7
GATCTTTGCTCAAAGA-1,4
TCGCTTAATTACGAAG-1,4
CGATCATTAGAGGCAC-1,7
TGTTCTCTACTCCCTA-1,1
GCTTAGGGAAGCGGTA-1,4
CAGGTTTAGTACTACA-1,7
AAGCGGAGTGCGCGCA-1,4
TCAGATGGAGACGTAG-1,8
TCGCACTAACGTTTGT-1,4
CACGTCGGGTTCTAGA-1,7
GGAGTACACATGAGCT-1,2
GTGTGTCGACGTCGCT-1,4
GAAGCTCTTTGCTTAG-1,2
ACACCGAGCGCTCTTT-1,2
CGTAATAATTACGAGT-1,3
CATCAACACCTACTAA-1,2
CCAAGTTTCTACAGAT-1,2
ACGGGTCATGTGACTT-1,5
AGTGTGCTAAGATCGC-1,0
GGCGGTTTGCCGGTGC-1,2
GTATAATCTCCCGGAT-1,3
TAGTCCGTATGCATAA-1,3
CACTTCGTCTTATCTC-1,2
CATCCGCAGGCCCGAA-1,2
CCCTGATGTAACTCGT-1,2
CCATAGTCAGTAACCC-1,2
CGGGCCATAGCCGCAC-1,3
CTCCGGCTTGTAGACA-1,2
AACTTGCGTTCTCGCG-1,0
AATGAGTTCGCATATG-1,2
CGAGGCCAGGCATTGG-1,3
TCTGCGTCCGGTTTCT-1,0
CAATCCTGCCGTGGAG-1,2
CTGAGCAAGTAACAAG-1,3
GGGTACCCACGGTCCT-1,3
ACGGAATTTAGCAAAT-1,3
GGGCGGTCCTATTGTC-1,3
ATGTTACGAGCAATAC-1,2
AACCATGGGATCGCTA-1,2
TCGCATCCCTAAGTGT-1,3
ACTTAGTACGACAAGA-1,0
GAGCTCTCGGACCTAA-1,3
TCTATTACGCTGGCGA-1,2
AGATACGACTTCATAT-1,2
CGCTATACCGCCCACT-1,3
CAGTGTCCGCAGAATG-1,3
CCATCCATACCAAGTC-1,3
AACCCAGAGACGGAGA-1,2
GAAGAACGGTGCAGGT-1,0
GATAAATCGGTGGATG-1,2
CAGCTCGTGCTTGTGT-1,3
GAGTACGGGTATACAA-1,5
CATCGCCCGCGGCCAA-1,2
TCTTACAGAGGTACCG-1,2
TGGAAGACGAACACCA-1,0
GTTGTCGTGTTAGTTG-1,3
CCAAGGAACAGAGAGG-1,3
CTGCACCTGGAACCGC-1,2
CGCTTTCATACCGGTG-1,2
GTTCTTCCCTCGATGT-1,3
ATTTAACTCGTATTAC-1,2
AACGATAGAAGGGCCG-1,0
TATCCTGCATGGGAAT-1,3
AGGCCCATTGTACAGG-1,0
CCGGCGCATATTGGAT-1,3
ATCTGTAATTGTACCC-1,5
GAGCGAGGGAGTACCG-1,3
TTATTAGGGAAGCATC-1,4
CTTCTTACGTCGTATA-1,2
GAAGTGCTGGATAGCT-1,7
GTGCAACAAATGTGGC-1,5
CATGCGTTAGACAGAA-1,4
ACACACTTTCTACACG-1,7
AGCCCTAAGCGAAGTT-1,4
ATTAATTCGGTCACTC-1,7
AACAGGAAATCGAATA-1,4
ACGTTTAGTTGTGATC-1,7
TCCTTCAGTGGTCGAA-1,5
CGAACGCCCAGTGCCG-1,7
CCTCGAAGTGGACGGG-1,1
CTCTGTTTGAGGATTC-1,1
TGGGCACGTTCTATGG-1,5
ACTATTCGTCCGTGGT-1,7
CCTCTGGCCTAGACGG-1,7
CCATAAACAACCCGAC-1,4
CATAGTACATTGAGAG-1,4
ATTTCATTATTTCGCG-1,1
CAACTATATCGAATGC-1,7
CTAGTATTCGGAATTA-1,4
GTGGAACCTACATGCG-1,7
CCTAAAGGCTGACGCT-1,7
CGTGACATTGGGTCGT-1,7
CCAATCGGTAGATCGA-1,5
ATTGTCGCAATACCTT-1,4
AAATTACACGACTCTG-1,4
CACTCCTCTCGGTCGG-1,7
AAATAACCATACGGGA-1,4
AGTTACTCTATCGTGG-1,5
CGTTAGCTCACAACTG-1,2
GAATGTATGGCAGGTC-1,7
GCAACCACCAGACCGG-1,7
TCACTCGTGCAACGGC-1,4
AAACAGAGCGACTCCT-1,2
CAGCCTCTCCTCAAGA-1,2
TTGCGTGAACGCTTAG-1,2
CCGCCTGCGAATTGGT-1,7
AGATGAGGGTTGCGAT-1,2
CGGTGGGCTCCAGCCT-1,4
GGCAGCGGTAATCCTA-1,5
GCTAGCAGGGAGTGGG-1,5
CTCAAGACATTAGCGC-1,2
CACGGCGCGCCAAAGG-1,7
TGCAATTTGGGCACGG-1,0
ATGCCAATCGCTCTGC-1,7
GCTGGACCCAAAGTGG-1,7
ATTCCTAAGACGTGGA-1,4
TCCGGAGGAAGGGCTG-1,4
TCGGTGACCGCTCCGG-1,4
TCCGAAGTAGTCACCA-1,2
CATGTAGGAGCGCCAA-1,7
CACAAGAAAGATATTA-1,7
AGGGTCAGTAACCCTA-1,4
TAAGCCCTTACGACCA-1,7
ATACCGTCATCCATAA-1,4
GGACGTCCATAGTTGG-1,7
CATCAAACTGGCGCCC-1,4
AAACGTGTTCGCCCTA-1,5
AAATTGGTGAGAAGCA-1,7
GGTCATTGTAGTCATA-1,4
TGCAGTGAGGCTCGGG-1,4
GAACATTAGTATGTTA-1,7
GGTTTGCGAACACGTA-1,4
ACACAAATATTCCTAG-1,4
TTGGGTTTATTCAGCG-1,7
ATTCGCAGAGGACACT-1,4
GATTTAGTGCGTACTG-1,8
TAGAAACACAATAGTG-1,1
CAGTAGATGATGTCCG-1,4
TCTTAACTCGGATGTA-1,7
TACATCTTGTTTCTTG-1,7
TTCATAGGGTGTCCAT-1,7
TGAAGTAGCTTACGGA-1,7
GCACAAGTGGATCATA-1,0
GGGCGAATTTCTCCAC-1,0
ATGTTCCTGCCCACCT-1,0
GCTCAACCTCTTAGAG-1,5
ATAGCTGCTCTTGTTA-1,0
CGTCAGCTATTTACTC-1,0
ATCTGATAGTGTCTTA-1,0
TGCACTATGTGAGTGC-1,2
CCGACAAACACATGAG-1,2
GCCTTGTATATGCAGT-1,3
ATAATACCGTTAGCCG-1,2
ACACTCCAATGTCACT-1,0
AGTTGCTGACTGATAT-1,0
GGCGCTCCTCATCAAT-1,3
TGCCTGACATCGGTCA-1,3
TTGGCCATCTTGCGCT-1,2
CAGTGGTTGCACATGA-1,5
AGAATTGTTTGACATA-1,3
AAATGCTCGTTACGTT-1,0
CACCTAATAGAGTCGT-1,0
CATTTCTAGCAGACTA-1,0
CCGAAAGTGGTGAGCA-1,0
AGTCAGCCACCGCCTG-1,0
TCATCACTCGAGCTCG-1,5
CTCAGGACTCACCTGT-1,2
CGGTGTACTTGATCCC-1,0
CCTACGGCTCAGTCGA-1,0
GTACTTGGGCACTTCT-1,3
TGATTTCCTCCTGACG-1,3
CCTCACCAATCTTGAC-1,3
GGTGAGATGCAGATAA-1,2
GCTAGTTTCATTGAGG-1,0
AGGACATCGCACGTCG-1,0
GTGGACGTGCTGAGAC-1,5
TAAGGAACTTGTGGGA-1,0
TCGCTGTGCGTAAATC-1,5
GCATCCCTAACTTTGA-1,2
CACCCACACGTCACCC-1,3
CCCTCATTCTGGAATT-1,2
AGGGCGTGATCGGCTA-1,0
GGTGCGGATAAGTGGC-1,3
TAATATTGAAATTCGC-1,0
CTTACACTGGGAAATA-1,3
ACCAAGAACGCGTGTC-1,3
GCCTTCAGCCCTACCG-1,2
GATGCTACAAGCGCCT-1,3
CCGGGACCCGCAGAGA-1,3
GTTCCAGTCTGACCAT-1,0
ATGATCGGGAATAGAC-1,7
TTGGATTGGGTACCAC-1,3
TACCTCACGCTTGTAC-1,5
CATGGCAGGAAGATCG-1,2
ATGACGCCGGCTCTAA-1,2
AGCGACATCCCATTCA-1,5
AGTAATGTCTTGCCGC-1,7
TTCTTAGTGGCTCAGA-1,7
CGTCTGGAAGGGCCCG-1,4
ACGTGCGCCTCGTGCA-1,4
AGAGCGGGCTAATCAT-1,7
GCGTCGAAATGTCGGT-1,4
AACTGATATTAGGCCT-1,4
CGAGCTGGGCTTTAGG-1,4
GGGTGTTTCAGCTATG-1,7
TTAATTTCAGACGCGG-1,5
ACTGCCGTCGTAACTC-1,7
GTGCACGAAAGTGACT-1,7
ATCTCCCTGCAATCTA-1,4
ACGCCAGATGATTTCT-1,5
AGCTATTTAATCCAAC-1,1
CCACGAGAAGAGAATC-1,5
GATTCCGCGTTTCCGT-1,5
GTCGGATGTAGCGCGC-1,4
TATTTATACCGAGTAG-1,7
GTAGGTGATCCGTGTA-1,7
AGTTAAGCGGTCCCGG-1,4
CTGGCGACATAAGTCC-1,7
TTGGCCTAGAATTTCG-1,4
GGCATATCGGTTCTGC-1,4
GGGCGTCCACTGGCTC-1,4
TTACCCATTGCCGGGT-1,4
TTAGACACGATCGTTG-1,7
GCGCTGATCCAGACTC-1,7
TTCGGCAACCCGCTGA-1,7
GATATTTCCTACATGG-1,7
CTGCGTTACGATATAA-1,7
TAATAAACAAGGAGAT-1,7
AACCTTTACGACGTCT-1,4
AGTCCCGCCTTTAATT-1,4
TGAGATTAGGCCCTAA-1,4
AGTGTATTGCGCATTG-1,2
GTTGGATTCAGTGGCT-1,7
TAAAGCTGCAATAGGG-1,7
AGTAGGAAGGAAGTTG-1,7
TATCACTTCGAGTAAC-1,7
TGATCTACGCTGATCT-1,7
GGATCATCCCGTACGC-1,7
TGACACTTCTCTTTGC-1,4
AGCCCTTCTAATCCGA-1,2
CACCGCGTCCACTCTA-1,4
TAATTGGAATCGGGAA-1,5
TCGTAAGCTCCGAGGA-1,4
TATATTACAAATGTCG-1,7
CGCGAGAGGGACTTGT-1,7
GGACCTACGGTAACGT-1,7
GAAATATGCTTGAATG-1,1
CCGTATTAGCGCAGTT-1,4
AGGCGTCTATGGACGG-1,7
AACATCGATACGTCTA-1,7
TGAATATGCTATAAAC-1,5
ACCAAACACCCAGCGA-1,4
TGGCTTGTACAAGCTT-1,7
GAATGAAGGTCTTCAG-1,5
AGATACCAGCACTTCA-1,7
GCGGTCCCGGTGAAGG-1,4
GAGGCATTTGCAGCAG-1,4
GGCAAGCCAGGGATAG-1,4
TCTACGGGCTCAGTTG-1,4
TCTGCGAATCGTTCGC-1,7
AGCTCGTTGATGGAAA-1,7
TGAATGAGATACAGCA-1,7
ACCCTTGCCTGGGTCG-1,4
GGCGAACCGTTCTGAT-1,8
GCGATGTCTGTGCTTG-1,1
ATTAACACCTGAGATA-1,5
GAAATCTGACCAAGTT-1,1
CCTGACAAACTCGCGC-1,1
ATGTCATTTCCCATTG-1,1
GCGGTGCGGAGCATCG-1,1
CGGAAAGCAAATGTGC-1,3
GCTGAGCAACGGTTCT-1,1
TCACTCTTCGTCTGTC-1,3
GATCTTCATTGTCCTC-1,7
ACTCGATGTATTTCAT-1,3
TGAAGAGCGGTCCTAG-1,3
TAAACGTCGTCAATGA-1,2
ACGTTATTGGTCACTC-1,2
ATAGCCTCAGTACCCA-1,2
CGGGAGTATACCGCCG-1,7
GTCCTACAGGCGGCTC-1,2
CGGATAAGCGGACATG-1,2
AACTTCTGCGTCTATC-1,0
GGGTTCAGACGAACAA-1,2
AGTCTGGACATCCTTG-1,3
TTGAACGAATCCTTTG-1,2
GAAATACTAAACGTTT-1,3
CCCGCGCAATGCACCC-1,2
TTCGGCTAGAGATGGT-1,0
GACACGAGTTAGAGGA-1,0
GAGGTCCCAAAGATCT-1,3
TAACTCCATGGAGGCT-1,2
CTTGTTTATGTAGCCA-1,0
GATGGCGCACACATTA-1,2
ATAATAGTGTAGGGAC-1,2
CGCTATTCAATGTATG-1,0
ATATTGCTGTCAAAGT-1,3
GGATTCAGTACGGTGG-1,2
TTCTTAGTGAACGGTG-1,2
AATGGTTCTCACAAGC-1,3
TATACACGCAAAGTAT-1,2
CTTCATAGCTCAAGAA-1,3
CAACGGTTCTTGATAC-1,2
ACACCCGAGAAATCCG-1,2
TCTATCATGCAGTTAC-1,2
CCCGCCATGCTCCCGT-1,2
CGCTTCCACTGAAATC-1,0
CACTGTCCAAGTGAGA-1,2
ATTACTAGCCTCTTGC-1,0
CATAGTAGCATAGTAG-1,3
CAACTCCTTGATCCCG-1,5
AAGTAGAAGACCGGGT-1,2
GCGGGAACCAGGCCCT-1,5
ATTAGATTGATAGCGG-1,2
CTCGGTCCGTAGCCTG-1,3
TGGCTTTGGGTAGACA-1,0
TATCCATATCATGCGA-1,3
GGAGTGCCGCCCTGGA-1,2
TGAGAATGCTTTACCG-1,4
TTAACCAACCCTCCCT-1,4
TGTTTCGGTACTTCTC-1,2
TTGCTGAAGGAACCAC-1,5
TATTTAGTCTAGATCG-1,2
CTCCGGCCTAATATGC-1,7
TTGTGGCCCTGACAGT-1,4
TCGCCGGTCGATCCGT-1,4
CCATAGGTTGGCGTGG-1,4
GAACGACCGAATGATA-1,4
TCCGATAATTGCCATA-1,5
CATTACGTCGGCCCGT-1,7
CAAGCACCAAATGCCT-1,4
TGCATGGATCGGATCT-1,4
GAAATCGCGCGCAACT-1,4
CTGAAAGAGATCCGAC-1,7
CACCTCGATGGTGGAC-1,5
ATTTGTTCCAGGGCTC-1,4
TGGGCCACAAGAGCGC-1,4
CCTTCTTGATCCAGTG-1,4
CCTCGCCAGCAAATTA-1,1
TTCATGGCGCAACAGG-1,4
TTAATCAGTACGTCAG-1,5
CCTATCTATATCGGAA-1,4
ATTATACTTTGCTCGT-1,5
ATGGATCCGGCGTCCG-1,1
CGCCCGCTTCCGTACA-1,4
GGATTCCGCTATACCC-1,4
CGGTCTATCAACCCGT-1,5
ATGCCGGTTGATGGGA-1,1
TCATGCAGGTTCTCAT-1,7
TGAGCTTTAATGACGC-1,4
TCCCTTAGATTACTCG-1,5
ATATCTCCCTCGTTAA-1,2
AGCTCTTCCCAGTGCA-1,5
TCGCTAAACCGCTATC-1,4
CACATTCTTTCGATGG-1,7
GATATGCGGTAGCCAA-1,4
CGTTTCACTTCGGGCG-1,4
CCAATTACGGGTCGAG-1,5
GCAGGTAGAGTATGGT-1,7
GTCGTATTGGCGTACA-1,4
GAAATTAGCACGGATA-1,7
AATGCACCAAGCAATG-1,4
AGGACGCTCGATGTTG-1,7
GGCTAAAGGGCGGGTC-1,7
CATCTATCCCGTGTCT-1,4
CAGTAACTATTTATTG-1,7
CATATACTACTGATAA-1,7
GCGTTCGGAGACCGGG-1,7
AAGTTCAGTCTGCGTA-1,5
CGAAGCTATAAATTCA-1,7
CGCGGTCACAAACCAA-1,7
GGGAATGAGCCCTCAC-1,7
ACGGAGCGCAAATTAC-1,7
CGTTCTTCGCACACCT-1,7
GAATAGCCCTGCGGTC-1,7
AATAGCTACCGCGTGC-1,7
CCGAGCTGTGCTTGTC-1,7
GATGACGATGATCGCG-1,4
GCCTATGCTGGGCCTT-1,7
TTACTGTCTAGAGCTC-1,7
AGCGGTTGCCGCTCTG-1,1
GCTTGCAGCACAATTG-1,7
CCGGAGGTCTTATGGT-1,7
ACAGTATACCGTGGGA-1,4
GGGATCCCAATACAAA-1,4
ATTACGACTCCACAGT-1,7
CTCACACGCAAGCCTA-1,4
CCAGATGTAAATGGGT-1,5
GAACTTGTGCACGGGA-1,4
AAGCCGCTTTACCTTG-1,7
TCCATTCCCACTAGAG-1,4
AGAGCGCTTGTAACGG-1,8
TGGGTTCCCGGACGGA-1,4
GCTGCGCCTCCCACGT-1,1
CTGTTGGCTCTTCTGA-1,1
TTGTTCTAGATACGCT-1,4
CCCTCAAGCTCTTAGT-1,1
TGGTCTAGCTTACATG-1,1
ATGCACCTTCCTTAAT-1,1
GGGATACGGTAATAAT-1,1
AGTTCACCGGTTGGAC-1,4
GACATACTGTCGCAGA-1,5
TGGACACCGTTGCTTG-1,4
TGCGATGCTAATGGCT-1,4
TTCTGTTTCCTGTCGC-1,7
CGTTGTAAACGTCAGG-1,4
GATCGGCGATAAGTCG-1,7
AGCCTTAAAGCGGAAG-1,2
TCCGTAACCACAATCC-1,5
GAATGCCGAAATGACC-1,2
TATACTCATGCGGCAA-1,2
TAGTGTCAGAAACGGC-1,2
CGTCATACCATATCCA-1,2
TAGTACCTTAGTGGTC-1,0
CTGGCGGGAATAAGTA-1,2
AGTGTGGTCTATTGTG-1,2
GCTATCGCGGCGCAAC-1,0
CAGTAATCCCTCCCAG-1,0
GTATTAAGGCGTCTAA-1,2
CTAATTTCAACAACAC-1,3
TTAGCAACATGGATGT-1,5
ATGCTCAGTGTTGCAT-1,3
GATGTTTGTGCGAGAT-1,3
CACTTCGCCACAGGCT-1,3
CTGTATGGTGTAGAAA-1,5
TACGTGCACTATGCTG-1,2
GTATCAGCTTGGGTTC-1,5
TAACAAAGGGAGAAGC-1,5
TTACATCGTGGCCTGG-1,2
TCTGAACCGGTCGGCT-1,0
GGCTCGTGCCACCAGC-1,3
TATAAGTGAGGATAGC-1,0
GCCCGCGCGTTTGACA-1,3
TGCTGGTTGGACAATT-1,0
GCCTAGCGATCTGACC-1,2
CCATGCTCTGCAGGAA-1,2
TATAAATCCACAAGCT-1,2
CGCTCGACATAATGAT-1,3
CCAATTGAATGTTAAT-1,2
GCTAATACCGAATGCC-1,3
TTCAACGACCCGACCG-1,2
TTCCTCGAGGGTGTCT-1,5
CAACGACCCGTTTACA-1,3
CTTGTACTTGTTGACT-1,0
TCTCTAATAGCTGGTA-1,0
ATTATGCCATAGGGAG-1,3
GACAACGCAGCTTACG-1,7
AGATGACTCGCCCACG-1,4
GTGCGGGTCTCCAAAT-1,2
GTACGAGATTGCGACA-1,1
GTATAGGACTCAGTAG-1,7
TTGCACGGAGCAGCAC-1,4
CACAGCTAGGGAGTGA-1,7
ATACTAGCATGACCCT-1,1
CCAAGACTTCTGCGAA-1,4
ACATAATAAGGCGGTG-1,1
TAATACACAGTAGTAT-1,4
TCTTGGTAACACCAAA-1,4
AACTGGGTCCCGACGT-1,1
ATCACTTCATCCTCGC-1,4
TGGAAGGATAAAGATG-1,1
CATGATGCACAATTCT-1,1
TGCCTGATCAAACGAT-1,4
ATAGGGATATCCTTGA-1,5
CACCTAATCAGTTTAC-1,4
TGTGACTACGCCAGTC-1,4
CCCGACCATAGTCCGC-1,1
CGCGCCCGACTTAATA-1,4
TGCCACCTGGCGAAAC-1,1
CTGCCAAGGTTGGAAG-1,1
TCTCCAACGTAGGTTA-1,7
TTCTTGGAGTAATGAG-1,4
GTCTCGATCTGCTTTC-1,4
TACTCTCCGAACAAAT-1,7
ATCACATTAGAATATC-1,7
TACGGGATGCTAGCAG-1,1
AGCTGAAGTAAACCAA-1,7
CATGGGTCGGGTGTGG-1,7
CACCCACGAGGCAATT-1,7
TGCCATTACTAAAGAA-1,4
CCGTTACGTTAGAACA-1,2
GCCAGGAGTAACCGAT-1,4
GGAAAGTGCCCATGCC-1,7
TCTTACCGGAACTCGT-1,4
TATGTCAAGACCGACT-1,4
CCTAACTAAGGCTCTA-1,4
GCGGTGAACTGCGCTC-1,5
CCTCGCGCGATATAGG-1,4
ATCGGCAAGCAGTCCA-1,4
AGATCGTGCATAAGAT-1,7
ATTCAGGACCTATTTC-1,5
AGCTAGAAGCAGAAGT-1,7
TTCGCTATCTGACGTG-1,7
TTCCGCAGAGAAATAT-1,7
CAGTACATTCTCTAAA-1,7
GTGAAGATTTCAAGTG-1,7
AACGCATGATCTGGGT-1,7
CCCAGAGGAGGGCGTA-1,7
GGAAACCTTGTTGAAT-1,7
GTGAAGCCGTATAGTC-1,4
GAGCTGTCGTCTCGGA-1,7
TGTCATTTGTTGGGAA-1,7
ACCAACACCACACACT-1,4
AAATGATTCGATCAGC-1,5
CTGCTTTATGTCCGCG-1,5
GCGAGAGGCCATGTAA-1,7
ATTGACCGGCGATGAC-1,7
ACCCTGGTAACGCCCT-1,7
GTTGGACCGCATCAGG-1,4
CGTTTACAAGGCAGCT-1,7
CGGTCCATGAGACTCC-1,7
GTTCGTCTGGGTCCCT-1,7
TGTACTACTCTCACGG-1,7
AGTGAAGATGGTGTCC-1,7
GAGGGCCATAATATTA-1,7
ACTCCCGTAGACTAGG-1,7
CGTCAAATGGTCGCAG-1,7
AAGTCTAGTAGCTGCC-1,4
AAGAAATCACCAGATT-1,5
GAGTGCACGGACAACA-1,8
GTTCAAATCAGATGTC-1,1
CATGGCTCCCTATGTC-1,5
GGCCACACGAAAGCCT-1,4
GAAGCCGGGTAAGCTC-1,4
TTGCGCTCTCTCGCTT-1,1
TACATGACCTTATCCG-1,1
GTCCTTCTACAACCCA-1,4
TATATGCTGGGTTGCC-1,1
GTTTATGGGATTTAGA-1,1
GGAACCCGAACAAGAA-1,5
AACGTTATCAGCACCT-1,1
CATCGTCCGGTTACTA-1,7
AGACAGCTCAGAATCC-1,1
GCAGATCCTCGCAAAT-1,4
GGGTCATGCGTACCAT-1,1
CTGGTCATTCCAATCC-1,5
TCAGGGCGCAAACTCG-1,5
GATGCCAGCAGAAGGC-1,2
GTTATTAACGTGGGAG-1,2
AATACAATGTTTCAGG-1,7
TTGCTGCACCTATCCA-1,2
CCAGAGACAAAGCCGG-1,0
CCGAAGTATATTGTTC-1,2
GCTAAACCTGAGGTGA-1,2
TCATACTTACAGATCC-1,2
CGAGCACTTCAAGTTT-1,2
TAGCAACCTGTCACAA-1,0
TGGGAAATGCCTTTCC-1,2
AGACCATGGGATACAA-1,3
TAAATGAATCCGTTTC-1,3
ACAACGGTCCCTGCGA-1,0
GTCACTCTCCAAATCT-1,2
TTCTACTTGCGAGGGC-1,2
CGCAATTACTTTCGGT-1,0
CTGTTCATCTCACGGG-1,2
TTCTTGTAACCTAATG-1,2
GCTTGATGATAATCAG-1,3
TTGGCTCGCATGAGAC-1,0
GCCCAGTTGGTATGCC-1,3
ATTCCTCCGCCAGTGC-1,2
TCGTCCGCTGGCGTCT-1,2
GGAGAAGTCATTGGCA-1,2
TTGTTAGCAAATTCGA-1,2
TCTAGCATCTTCGATG-1,5
TTCTAGGCCAATTGTG-1,0
TCACGGTCATCGCACA-1,2
ATGAAGCCAAGGAGCC-1,0
AATGACTGTCAGCCGG-1,2
CCAAACAGAACCCTCG-1,0
TATCGATGATTAAACG-1,4
GAACACACATCAACCA-1,7
CCCGTCAGCGTCTGAC-1,0
AGCATCGTCGATAATT-1,0
GACTAAGATCATGCAC-1,7
TAGGGTGTTTCAAGAG-1,7
TGGTTCGTAGCAAAGG-1,7
CTGTTCACTGCCTGTG-1,5
ATGTGCATCCGACGCA-1,7
TTGTCGTTCAGTTACC-1,4
CGGGATCAATGTAAGA-1,4
TTATCTGTATCATAAC-1,5
ATCGACTCTTTCCGTT-1,1
CTCATTTGATGGGCGG-1,4
GTAAGCGGGCAGTCAG-1,1
TCTATCGGTCGCAACA-1,4
AACGCGGTCTCCAGCC-1,1
ATTAATACTACGCGGG-1,1
CTTTAACTTTCAAAGG-1,4
CGTACCTGATAGGCCT-1,4
GAATGTTGGGTAATCT-1,1
TGCGGAGTAAAGGTGC-1,4
CCTGAATATTTACATA-1,1
TTGCTCCCATACCGGA-1,4
CCTCTAATCTGCCAAG-1,1
AGGTTGAGGCACGCTT-1,1
TCCCGTCAGTCCCGCA-1,1
TCCGATGACTGAGCTC-1,4
CAGCCTCCTGCAGAGG-1,1
CTTAGCCTTCCACATG-1,1
ATTAATGAACCAGTCG-1,4
ACGATACATAGAACTA-1,7
AGCCACTCCCGTGCTT-1,5
ATACGGGTTTCGATTG-1,4
CTGTCAAATGGCTCGG-1,4
GCTCGGAATTTAAAGC-1,1
TAGGCATGTTACGCCA-1,1
TGGCAACTCGCGCGCC-1,7
ATCAGTAGGCAGGGAT-1,4
TATCGATCTATGCATA-1,7
CGACTCAGGATGTTAT-1,4
GCCATATTGCACACAG-1,4
AATTCATAAGGGATCT-1,7
CGGTAGAGGTGCAGGT-1,4
AATGATGATACGCTAT-1,7
CTTGTGCTCACCGATT-1,4
TTCCAATCAGAGCTAG-1,5
CGATGGACCCTACGCC-1,7
GGTCGGATAAACGGCG-1,7
TTAGCTAATACGATCT-1,7
CTCGATATTTGCGAGC-1,7
ATTACTTACTGGGCAT-1,4
CTAGCCGATGTTATGA-1,7
TACTGCAATCAATTAC-1,7
TAGTCTGTGACGTTGC-1,7
CTCGTTTCTAATGTTT-1,7
TTCGTTCAACGAAGTT-1,4
CTGAATTTATTGCCAG-1,7
TGGAATATCCTTGACC-1,7
CAGATCATTTAAAGTC-1,7
CTCCTTTACGCAAGTC-1,4
TCCCAAACAGACAACG-1,4
ATCGCTGCGTGCAGCA-1,7
TTAGTTCAAGTGTTCG-1,5
AAACTCGTGATATAAG-1,4
TTAACGAACAAGCAGT-1,7
GTTATATCAGGAGCCA-1,4
CAAATTGGATTATGCC-1,7
CGAGGAGCTTCCATAT-1,7
GGAGACCAATGTGCTT-1,2
CATTGATGAACACGCC-1,7
GTCAATGCTATAATTT-1,4
ACCACCCTCTCTTCTA-1,7
TGGAGGGAAACACCTC-1,7
CACGGACGTGGATGGC-1,2
AACTTTCTCGATCATG-1,7
CGTATTGTTTCCTAAT-1,7
CCTACTGCGGCGGCCA-1,5
CTTAGGTCCCAATCGT-1,8
CGCAATCGATCATTAG-1,4
TGGTTATGCTTGCGGT-1,4
GGCTTGGCTCTCACCT-1,1
ATTGGTAGGATCCGCT-1,1
TCAGGGCGACTTCCTT-1,4
TCTGCAGATTCGAGTC-1,4
CTCTCGCTGTACTATG-1,1
AATAGTCGCGAGTCGG-1,1
AGTTACCCTTAAGACT-1,1
CTTAAATAAGACCCAT-1,4
GGTTGTGCTCTTGTCC-1,1
GTGAGTCTAAGACGGA-1,1
CGCGACACTGCGCAGC-1,4
GCTCGCGGTTCCGCTC-1,1
TTAACTCACGCGTGGA-1,7
GGAACGGCCTGCAGCC-1,2
GTAGAAACGGGTGGAG-1,7
TAATGAAAGACCCTTG-1,7
AGGCTTGCTAGACACC-1,2
TTGCGTAGTTTGAGGA-1,2
CGCCCTTGAAGGCTGA-1,3
CCCGGTGGAAGAACCT-1,2
TTAACACCTCGAACAT-1,7
GATTCCTATACGGCGC-1,2
TTACCCTAACAGTCCT-1,0
ACCCACCTACATGCTC-1,2
AAAGGGCAGCTTGAAT-1,2
CACACAGGGATAGATT-1,2
AGAGCGTACAAGCTCG-1,3
TCTTACGGCATCCGAC-1,3
GCCTATTCCGATATAG-1,5
GAAAGTGACTAACTGC-1,0
CCGGAATGGTTTCAGT-1,2
AGTATAATACTAGGCA-1,3
TAACTATCGAAGGTCC-1,3
ATGAGGAGTGTTAATC-1,0
TGTGTCGCGAGTTGCA-1,2
ATCCAACGCAGTCATA-1,3
AAGGCGCGTAAAGCTT-1,3
AGTCGGCCCAAACGAC-1,2
AACGTCAGACTAGTGG-1,0
ACTACCAGCTCTCTGG-1,3
GCAAGTGCACAGAGAA-1,0
ACACCTTAAGTAGGGC-1,3
TTCGACGGGAAGGGCG-1,5
TTCGCACTCGCGTGCT-1,0
TATTTGTTACCCTTTA-1,3
CGCTGTGACGCCGCAC-1,2
GTTGCACGGAGTTTCG-1,0
GTTTCCTGGAGGGTGA-1,2
ACACCCAGCATGCAGC-1,7
TCAACCATGTTCGGGC-1,3
TTACAACTACGCATCC-1,2
TCCGATGGTGCGACAT-1,2
GGGCGTACATTTATAT-1,7
AGCGACCAACGATATT-1,4
ACACAAAGACGGGTGG-1,5
ATCGCACGCCGGGAGA-1,1
GCTCTAAACCCTGACG-1,1
AATGCAACCGGGTACC-1,4
TCAAACAACCGCGTCG-1,4
TATGCTCCCTACTTAC-1,4
AAAGGGATGTAGCAAG-1,5
ACGATCATACATAGAG-1,4
TTGTTCAGTGTGCTAC-1,1
ATGCATGATCCAGGAT-1,4
AGTCTTCTCCTCAAAT-1,4
GATTCCCTTGTCGCAG-1,1
CTCGCACCTATATAGT-1,1
ACTCAATAAAGGCACG-1,4
AACCGAGCTTGGTCAT-1,1
TAAGGCAACATAAGAT-1,4
CACGCACAGCGCAGCT-1,1
GGTTTACAATCTCAAT-1,1
TGCAGGATCGGCAAAG-1,5
ATAACGGAGTCCAACG-1,4
AACGATATGTCAACTG-1,7
GACAACGACCATTGAA-1,1
TTGACCATGTTCTCCG-1,1
AGTACGGGCACCTGGC-1,4
CGCCATCCGATTATGA-1,1
AAGGTATCCTAATATA-1,1
TGTTGTCAAGAAGTCT-1,1
CAGTGAATAAATGACT-1,1
CACCTTGCGAAACTCG-1,4
CATTTAGCGGACCATG-1,1
CCAGTCTAGACGGCGC-1,4
TCGCTTTAAACGTTTG-1,7
GTGAAACGGCGCCACC-1,4
GGGCTCATCGAACCCA-1,4
TTGATGTGTAGTCCCG-1,4
CAGTAGCCCACGCGGT-1,7
AGCGCGGGTGCCAATG-1,7
TAATCGATCCGTACGT-1,5
AGTGGCGGCAATTTGA-1,5
CCTTTCAATGAAGAAA-1,5
CTCAGTCACGACAAAT-1,5
ATAGGCTAGCTTCGCA-1,4
CGGTTCAAGTAGGTGT-1,7
CAGTCGAGGATGCAAT-1,4
TATCACCCAACCGACC-1,7
AATGATGCGACTCCTG-1,7
TGGAACCACTGACACA-1,4
GCCAATAGGGCATCTC-1,4
TTCTTTGGTCGCGACG-1,4
ATTAGATTCCTCAGCA-1,7
CCGTGGAACGATCCAA-1,7
GGGTCGTGGCAAGTGT-1,4
TCGCTCGGCACCAGCG-1,7
ACGCAATCACTACAGC-1,7
CTCTAATGCATTGATC-1,7
GTCTCGACTAAGTTTG-1,7
TGGTTTAAACGTGGGT-1,4
CGCAGATCTTCACCCG-1,5
TCCAGATGTACGCCAA-1,5
CATTGCGGGTCAATTC-1,4
GACGTTCGTAAATACA-1,2
TACACCGTCGTTAGTC-1,4
ACGGGCGTATGCGACA-1,7
GAAGGCTACCATTGTT-1,4
TAAATCTTTACACCTC-1,7
AGTTTATGTAAAGACA-1,7
AGGAGACATCCACAGT-1,7
CAACCTGAACCTGCCA-1,7
AGTCCCTCGCAGAAAG-1,7
TGTATACGGATGATGA-1,7
TTGTGGTATAGGTATG-1,7
TCTGCACCATTAGTAA-1,8
AAATGTATCTTATCCC-1,1
ACTCTAAACCTGGGAT-1,1
GCTGGCAGGTGCCGTG-1,1
CTCATTCGTGAACATC-1,1
TCGCCGGATGGGCAAG-1,1
GGACTAAGTCAGGAGT-1,1
TATCAAAGGTCTGTAA-1,1
TTCAGTTTGTGGCAGC-1,4
TGTTCATAAATGTGCT-1,1
CTTAGCCCGGATAGTG-1,1
GATGCGAATGGTATTA-1,1
TCTAACTGTATGTAAA-1,4
TTAAACCTGGTTCCTT-1,4
GCTAAGTAAAGGCGAT-1,1
AGTTACCGCACATGGT-1,5
GACTGCGGCACGTGTA-1,4
TGGTGATCGTATTTGT-1,7
TTATCGCCTGCGAAGC-1,5
TGGAATTAGACGCTTT-1,4
TCGTCACACTGTTAGC-1,2
TTATGTTTGCGATAGA-1,7
GGTGCTGATCACAAAG-1,4
CATAGCCGCCCGGGAT-1,4
GGTTAGTTACGGCGCC-1,4
ATTCCCACATAAACAA-1,2
ATTCAGTAGCAGGGTC-1,0
CAGTTCCGCGGGTCGA-1,3
AAGAGATGAATCGGTA-1,0
CGCAATTCTACAATAA-1,2
TAACGCTTTGAGAGCG-1,0
AGGCTATGGTTAGCTT-1,3
GAGGAATGGAGAGGTT-1,2
TCCTCTACGAGATGGC-1,5
TTGATTATGCAGATGA-1,0
TCAGTACTGACCCGCG-1,3
TTATGACAAACTGGAT-1,2
GTAAGTAGGGTATACC-1,2
CGCAAACACGAGTTAC-1,0
TGGCCGTATATTGACC-1,3
ACTGTAGCACTTTGGA-1,3
GCTCTATGTTACGTGC-1,2
TGCGCGATTAACGGAG-1,0
GAATCGACATGGTCAC-1,3
GACTAAGTAGGCTCAC-1,2
ATCTTGACCTGCAACG-1,2
ATGCACTACCGCATTG-1,5
CAGATACTAACATAGT-1,2
GATCGACACTATCTGA-1,3
ATAGAGTACTGGGACA-1,4
CCTACTGCTTACACTT-1,2
CCTGCTATTTGAGAAG-1,2
CGCGTTCATGAAATAC-1,7
CATTATGCTTGTTGTG-1,7
TATGGATGTGCTACGC-1,7
GTACTAAGATTTGGAG-1,1
AGACCCGCCCTCCTCG-1,1
CGCATTAGCTAATAGG-1,4
GCTCTCGGGTACCGAA-1,1
CACCGCCAGAAGGTTT-1,5
TCCCAAAGACGAAGGA-1,4
ATGGATTGACCAAACG-1,4
GTCATGGACATGACTA-1,4
CTACTGCCACCTGACC-1,4
TTATATTTGGCAATCC-1,5
AGCACCAGTACTCACG-1,1
CATGGTCTAGATACCG-1,4
TCTACCGTCCACAAGC-1,1
CTAGTTGGGCCCGGTA-1,1
TCCCGCGTACTCCTGG-1,1
CAGAGCATGAGCTTGC-1,1
ACACGGGAACTTAGGG-1,4
GGCTCTGCTCCAACGC-1,1
AGAACGTGGTACATTC-1,1
CAATAAACCTTGGCCC-1,5
ACTTCGCCATACGCAC-1,1
ATCTGGTTAAGACTGT-1,7
TCGTAAGACGACATTG-1,1
GTGTACCTTGGCTACG-1,1
GCCCGTAATACCTTCT-1,1
CGGTCAAGTGGGAACC-1,7
TTGTAAGGCCAGTTGG-1,4
GGAGCACCAAGAACTA-1,7
TAATAGTGACGACCAG-1,5
CTAAATCCTATTCCGG-1,1
CGAGTTCTGTCCCACC-1,7
AGGCAGATGCGTAAAC-1,4
AAGGATGAGGGACCTC-1,4
AGAGAACCGTCTAGGA-1,4
GAGGGCGCAGCTCTGC-1,7
AAGATTGGCGGAACGT-1,4
CCAGTAGTCTGATCCA-1,7
AAGGGACAGATTCTGT-1,5
ATAGAGTTATCAACTT-1,7
AAATTACCTATCGATG-1,7
GATCCTAAATCGGGAC-1,7
TTACAGACCTAAATGA-1,4
CCTCACCTTAGCATCG-1,7
CATGCGACCAGTTTAA-1,4
AACATATCAACTGGTG-1,7
CTATAAGAGCCAATCG-1,7
AATATCGAGGGTTCTC-1,7
GTACTCCTGGGTATGC-1,7
ATAAGTAGGATTCAGA-1,7
AGGTCGCGGAGTTACT-1,4
CTAATTCTCAGATATT-1,4
GCCAACCATTTCCGGA-1,7
TGATCCCAGCATTAGT-1,4
CGTTGTAAGATTGATT-1,5
GAAACCATGGTGCGCT-1,7
AATCTATGCCGGAGCC-1,7
GACTCCCAGAATAAGG-1,4
TATGATCCGGCACGCC-1,7
CCGCTTGCTGACATGG-1,7
TGGTTAAGGGCGCTGG-1,7
TTGATAGTCAATACAT-1,7
GGTTTAATTGAGCAGG-1,7
CATTACATAGATTGTG-1,7
GGTACACCAGATTTAT-1,7
GGCCCGTATACCATGC-1,7
ATCTTTCGTATAACCA-1,7
GAGATGACAATCCTTA-1,4
AAAGCTTGCCTACATA-1,4
GAACGATAAGTTAAAG-1,4
TAATAGCTAAATGATG-1,2
TATGGCTAGGCTAATT-1,7
AGGAGAGTCTGGCTAC-1,4
TGCTCTGCCGGTTCAC-1,8
CCAATAGATTTCATCT-1,4
GGGCACGAATTGGCCG-1,1
TCGTTGACAGGGTCCC-1,4
ATCGTATTCCGAGAAC-1,1
GGGAATTCTGTCCAGT-1,1
ACGCGTTTCTTAAGAG-1,1
GAGAGCGCAGTCCCTG-1,4
GTCCTATTGTTGTGGT-1,1
CATCTGCAGGATCATT-1,1
GAGTCGACAGACCCTC-1,4
AAGTGCAAAGGTAGAC-1,4
AGGGTGGATAGTGCAT-1,1
TGATAGCGGGATTCTA-1,1
GTCAGTTTGGTAGTCG-1,1
GCATTCGAAATGAACA-1,1
AAAGACTGGGCGCTTT-1,1
TAACAATATTTGTTGC-1,4
CCAGCTTCCGCCCGCA-1,5
GATATGGATTACGCGG-1,2
AGAGCAGTTATGAGAC-1,4
TCACATCTTATCTGAT-1,4
TATGAAGACAGGTGCG-1,2
TACCTGCTGCACTGTG-1,2
TAGGTCCAAGTAAGGA-1,7
GAAACTCGTGCGATGC-1,0
AACAATTACTCTACGC-1,4
CCGCACGTGACCTCGG-1,3
AACTTGCCCGTATGCA-1,4
GGGTATGTATGCACTT-1,0
TTCGTACTCCAGAACG-1,4
GAATTTCTCGCTGCAG-1,3
AACAGGATGGGCCGCG-1,0
GACGTGTAGGGATTAT-1,3
TAGGTGAGCCCTACTC-1,2
CTAATTCGCACGCGCT-1,0
GAAGCTTGCTGACCGC-1,0
GGTTAGGCTTGGAGAA-1,2
ACAAGGACAAGAGGTT-1,2
AGGCCACCCGTTATGA-1,0
GTGGGCTTAGACACAC-1,3
CGTGTCCCATTCGCGA-1,0
TGGAGTGATGCGATGA-1,2
AACAACTGGTAGTTGC-1,0
CCTGGCTAGACCCGCC-1,7
CGCAATTAGGGTAATA-1,3
TCGAAATTTAGGACCA-1,5
AGACTAGCCTTCCAGA-1,2
TTGATCTAACTTTGTC-1,5
AAGGAGCGGTTGGTGC-1,0
ACTTGGGACCCGGTGG-1,2
TGATCTCCGGCGCCAG-1,7
CAGTTCAAATTGACAC-1,4
GTCCGGCTGAATTGCG-1,4
CTGGAAATGGATGCTT-1,7
TGATCGGTTTGACCCT-1,4
TAGAGTCTAAGCGAAC-1,4
GAGACTGATGGGTAGA-1,1
TAGCTAAGTCCGGGAG-1,5
GGGCGATATGTGTGAA-1,1
CTCGAGGTCGAACAGT-1,1
GATCCCTTTATACTGC-1,4
GTCATGCACCTCCGTT-1,1
ACTTTCCTATAGCTTC-1,1
TCGCTCGATATATTCC-1,4
ATAGGTTGGGCAGATG-1,1
CAATTAAGGGTGATGA-1,4
ACCGACTGAGTCCCAC-1,4
CCTGTCACCCGGGCTC-1,4
GATCGGTGGCCATAAC-1,4
CCTATGGGTTACCGTC-1,4
TTGGGACACTGCCCGC-1,1
CGAGGCTAAATATGGC-1,7
TCAGGGTGTAACGTAA-1,1
CGAGAGATGTGAACCT-1,4
TCGCTGGGCGGATTGT-1,4
AGATCTCAGGTGTGAT-1,7
TGGCCAAACTGAAGTA-1,1
GCTTCCGTCCCTAGAC-1,4
CAGCAGCCCGTTCCTT-1,7
TGTATAACAGATCCTG-1,5
CGCGGGAATTAGGCAG-1,2
TGCATGTGGTAATCTA-1,4
ACAATTTGAGCAGTGG-1,4
GAGCTAAGGGCATATC-1,7
CCAGATAGTTGAGTGA-1,4
CCACAATGTACGTCTT-1,4
CAATGGATCTCTACCA-1,5
TGTGGCAAAGCGTATG-1,4
TAAAGCGTTAGGAGAA-1,4
TCCGTTTAGCCTTGAA-1,5
CAGCTCGACAAGTTAA-1,5
GCCTATAGTGTCAGGG-1,2
ATAGACAACGGGACCT-1,7
CTACTATCTTTCAGAG-1,7
GCGCTGCTTTGCATTT-1,4
GCGCATCCAGTCAGCA-1,7
GACTCGCGGGAATGAC-1,4
CTGGTAACGAGCTCTT-1,4
TCCGGCCTAGCGTACA-1,5
TCTAGGTGGCGACGCT-1,4
ACGCTAGTGATACACT-1,7
ATCTGCACCTCTGCGA-1,5
CCTCACCTGAGGGAGC-1,4
AGTGAGCCTCGCCGCC-1,7
ACGAGTACGGATGCCC-1,7
GGTACCATTAAGACGG-1,4
TTCTGCTAGACTCCAA-1,4
TAACTATTACGCCAAA-1,7
GCATTCAAGGCAACGC-1,7
AGTACATCATTTATCA-1,7
GTCGTGTCTGGTCATC-1,7
AGTCTAAAGTATACTC-1,7
CGGCCCAACCTGTAGT-1,4
AGGGAGACATACTTCG-1,7
TCCCTAGATCAATAGG-1,7
TCCCGTCGCGTCATAG-1,5
CGCATCCATCAGCCAG-1,7
CTGCACCTAGTCCACA-1,2
CGAGGATCGGGAACGA-1,4
CAATGAGGTTCGACTA-1,5
TCTGACGGGCTAACCC-1,5
TTCTATGCCTTTCGCA-1,7
AGAGTATAGTGTTACG-1,5
CCATTGTTTCCTCCAT-1,7
CTCATCACTTAGTGAT-1,4
CCGAAGGGCGTACCGC-1,7
TCAAGCTGCCTTGAAA-1,7
CTCATTAACGTTGCCC-1,8
GTCTTCCTCACCTAAG-1,4
GGTGATGAAGGAAGTG-1,4
TCAATACAATTGCTGC-1,1
GCAACCCAAGTTGTTT-1,1
ATGAAGTGGACCCAGC-1,1
GAGAATCTCACGATCA-1,1
TATATCATTGATCAGT-1,4
AACTTTACGGGAGCTT-1,1
TTCTTGTGTCCATCAG-1,1
ACAATTTAGGAGGCTC-1,1
ATACTTGTTCTCGAGC-1,1
CACGGGATTGAGGGTT-1,1
GTTAATGTCTATCTTA-1,1
GCGTTATATTTGGAAC-1,1
CGTCAAGGCTATAAAT-1,4
TTAGCTCTGTAATCCG-1,5
AATGGTCCACCGTTCA-1,4
GTCATTGCATTGACCC-1,1
TGTCCGTGGCGCCTTT-1,1
TCAACTAACGTATAAC-1,1
TCCTCTCCAGTTGTCC-1,1
TGTGTTCGTATCCAAG-1,4
CCGCGTAGGTAAGGGC-1,7
CTGCGGGTGAAATGTT-1,1
TATCTACAGAGGTAAT-1,7
CTACTCTAGGCCCGGC-1,7
ACAAGCAGTGCCTAGC-1,4
TACAAGTCTCGTGCAT-1,2
TCGGAATGCGCTCTGA-1,7
TCGCGTCCAGAAGGTC-1,7
TATGGCCCGGCCTCGC-1,2
GCTGGCATATTCACCT-1,0
GTCAGAATAGTCTATG-1,0
GGCGTCCTATCCGCTG-1,0
CGGAGTTTGAGAGACA-1,3
AGCACTTAAGGACGCC-1,0
TCCACAATGGTTTACG-1,3
CCAACGATGCACTGAT-1,0
ATTTACAGTTTACTGG-1,3
CCCTGAAATGAGTTGA-1,2
CAAACGGTCGCACTTT-1,7
TGATTCGTCTATCACT-1,0
TCAGGTTCTTTGAGAA-1,0
CACGCAGCGAGGCTTT-1,7
TTAAGCGCCTGACCCA-1,0
CTTACACGGTATTCCA-1,3
AAGGCTGTGCTCATCG-1,0
GACCAGAGCCCTGTAG-1,5
TCCCAGGCTTAGCTAA-1,5
ATTGAAGATCTTAGTG-1,4
AGTTCCTACAGAATTA-1,7
GGGCTGGTTAGTCGCG-1,2
GAAATGGCGGTGTTAG-1,1
TACGAACACGACTTCA-1,1
ACCACAAGTTTCTATC-1,4
ATATTTAACCCTCAAG-1,1
GATCATTCCAAACATT-1,7
TCCAGGCGAGTACGGT-1,7
GTTTGACCAAATCCTA-1,4
CACAGCACCCACGGCA-1,1
TGCAAGAATGACGTAA-1,4
GCGAAGCCATACCCGT-1,4
TCCTTTCTTACGCTTA-1,1
GCTGCTCTCCGGACAC-1,1
ACTGTCTTCTTTAGAA-1,1
TCAAACTTAGATTGTT-1,1
CTATGTCACTAGCCCA-1,5
TGCGCAAAGCATTTGG-1,5
TTAATGTAGACCAGGT-1,1
GGCGGTAGGATCATTG-1,7
GGCAATAGTCAATGAG-1,5
ACACGAGACTCCTTCT-1,7
GACACAAGGGAAGAAA-1,7
TCAGCAAATGCATCTC-1,7
GAGATCTGTCACTCCG-1,7
ATGCCGGTCTTGCATA-1,2
TTGGGCGGCGGTTGCC-1,7
TTGTTGTGTGTCAAGA-1,7
ACTGTACGATACACAT-1,5
TCCACTTTATCTAGGT-1,7
GGTCTGAGAATCTGGA-1,2
TAGAAAGGTGGCGCTA-1,7
TATGTCTCATTGTGCC-1,7
GGATTTCACTTCTATA-1,7
TGAGTGGTCCGTGACG-1,7
CGCTTTCTTGCATTCG-1,7
ACCCAACGCCCGTGGC-1,2
GAACGTCTCATGGTCG-1,2
AGGGTTCCCTTTGGTT-1,7
GTAGCTTCCTCTTGTT-1,7
GCATGAGGGACGCGGC-1,7
CTACCCTAAGGTCATA-1,5
TCACCGCTCGGCACTC-1,7
GGCTCGCGTTGAGGTA-1,4
CTAACGAAACTTGCTG-1,4
TTAAACTCGAATTCAT-1,2
TACTTTACTGAGCCGG-1,7
GCTTGGATCGATTAGG-1,4
CGGTTATCCAACAGTG-1,4
CAGACCTGTAAGTGTT-1,7
GACGGTCAATAGAAGC-1,7
CTGACTGCGCAGCTCG-1,4
CCATACCTTTACTTGT-1,5
GTAATAAAGGGCTCCC-1,7
GTGAACTCCCATTCGA-1,4
GTGGTTACTTCTTTCG-1,4
TCAGAACCTCCACAGG-1,7
TCCCACTCTCTTCCGG-1,7
ATCTTGACTTGTCCAA-1,7
TCGGGAACGTGCCTAG-1,4
GTTAGCCGTAAATCAA-1,7
ATTTACTAAGTCCATT-1,7
GGGTGCATATGAAAGC-1,7
TCCGAATGGTCCTGAG-1,2
TGATGGCTGTTTCTGA-1,4
AAATAAGGTAGTGCCC-1,4
CCACTATCCGGGTCAC-1,5
ACACCACATAATTAGC-1,7
CGCGGTAAGTCTAGCT-1,7
GCGGGCATTACGATGC-1,5
AGGATTGCTTACGACA-1,7
CTCGGGATAACACCTA-1,2
GTCGTCTGGTTGGCTA-1,5
GCAATTAGTCGCACCG-1,5
GTGACCTAAAGAATAA-1,7
CTGAGCGAGACTTATT-1,4
CAAGACTCAGAAGCGC-1,2
ACTTCGCTAGCGAGTG-1,8
CCATACTCGCCTCTCC-1,7
ACGATACCTATCCTGA-1,5
CTCACCAGTACAAGTG-1,1
CGAAGACGGTGAGTGC-1,4
AAATTAATAAGCGCGA-1,1
GGGCCCTTATCTATAC-1,4
CTGCCCACGAAGCGTT-1,1
GGACAAGTTGCAGTGA-1,1
GTCCGAGAGCAATCAT-1,1
ATGGCAGCCGAGAAAC-1,1
CCTCGGATGCTACCTG-1,1
ATACGGTGAAGATGCA-1,1
ACATCAGCTGGGACGC-1,1
GGTTGTGTAGCCTGGC-1,1
CCTGCGTTCTACGCTT-1,5
GAACGTTAGGAAGACG-1,1
CTGATAGTGTATCTCA-1,4
TTCTGCGAGCGCCCTT-1,1
CTTTGGCGCTTTATAC-1,1
TCCGAACTTGGCTTAC-1,1
TAGATTCCTGGTTATT-1,1
CCGACAAAGGGAGTGC-1,1
CCATGGCCCTTGTACC-1,1
GAAATATCACCATCAG-1,1
ACGAAATGGGCGGCAC-1,4
GTGAGCGTGCTGCACT-1,5
CCGCGGGTACGAAGAA-1,2
TCCCTGGCTCGCTGGA-1,4
CAGCTTAGTAGGTAGC-1,2
CACGAAAGTTAGTCCC-1,4
ACCTAATCGACTTCCT-1,7
AAGTAGTGACGCGAGG-1,2
TCCGATTACATTGCCG-1,0
CCTCCGACAATTCAAG-1,4
GTTCACAGGAGTCTAG-1,3
CGAAGTTGCTCTGTGT-1,7
GTCGGATATCTCAGAC-1,2
CGCTCTCCGTAGATTA-1,7
CAAGCAACGTCGGAGT-1,0
CCATTCCCTGCCCACA-1,0
CTTTGGCTTTAGTAAA-1,0
GGCTATTAAGTTGTAT-1,7
CCATTAGCGATAATCC-1,5
TGTTCTTCCATTGACT-1,2
AGATAACTTCAGGGCC-1,0
ATAGACGAAGAGAAAG-1,7
GGCGGAGTAATATTAG-1,7
TGACCCACGTTAGACA-1,7
TCACAGGTTATTGGGC-1,7
TCACGCATTGTAGATC-1,7
TTGAAGAATTCCCAGG-1,4
AAATGGTCAATGTGCC-1,7
TAGTGCCCTCCAGAGT-1,7
GGTATTGCCGAGTTTA-1,7
CGTATTAAGAGATCTA-1,4
ACTGTCCAGGATTATA-1,4
CGGGCAGCTAAACCGC-1,4
TTGCTGATCATGTTCG-1,1
TATGGGTACGTATCGT-1,1
CAGCTCACTGAGACAT-1,7
GGGACTGCATAGATAG-1,1
ACGCATTCGTGAGTAC-1,1
CTCTGGACGCCTGGTG-1,5
AGGGTTTAGTTCGGGA-1,7
GGGAGAACTCACAGTA-1,4
ATCAATCTGGGCTGCA-1,4
TCTTCGATACCAATAA-1,1
ACGTAGATTGCTGATG-1,7
TCTTGATGCGTAGCGA-1,7
GGGCTGCCTAGGGCGA-1,7
CTCTCACAATCGATGA-1,7
CCAAGCGTAACTCGTA-1,7
ACAACAGCATGAGCTA-1,7
GTCCCAACGTAAAGTA-1,7
TCGGAGTACATGAGTA-1,4
GGGAGTTAATGAGGCG-1,7
CCGGGCGGTCTCGTCA-1,7
CCGTAAGTTGGTCCCA-1,5
GGAGGGCTTGGTTGGC-1,4
TCGGACGCCCAGCCCA-1,5
TCTGTGCCATCATAGT-1,7
GTACTGGAGTTAGACC-1,2
GGAATGCGCTAGCGTG-1,4
GTGTGAATAACTTAGG-1,7
GGTCGGCCAGGAGCTT-1,2
TAGCCGGCGGTCAGCG-1,2
CGGGTGTACCCATTTA-1,4
AGTGATTCAAGCAGGA-1,3
GTTGGATTGAGAACAC-1,7
CACACGCGCTGTCTTA-1,7
TAGACGCCCGTACCGG-1,7
GGTTTCAATCGGTCAG-1,7
AATCTGCGTTGGGACG-1,7
TTACGGATGGTTCGAG-1,2
CGGCAGGGTCGGGTTG-1,5
GCTTTCAGAGGAGGTG-1,2
TCTTCCCATGGGCACA-1,7
TACCGCGGACTTGCAG-1,7
AGAATTATGGATTCGA-1,4
ATTGATGAGTCCTAAC-1,5
TAGGTCGCCGGAACTG-1,5
TAACCTACCGTCCGAG-1,7
CTTAGTAGGCCTACAG-1,7
CTAGATGTGAGTGTAA-1,7
ACTCCCGAATTCGTTT-1,4
GTTCATCGTTTGGCTG-1,7
ACTTTACCCTCATGAA-1,7
GCGAGAGTTGCGTCCA-1,7
GTTCGGGCGTACCATT-1,7
CGACTTTGTATAGCCT-1,7
GCCATCGATGCTGCAT-1,7
GCATTTCCAAGGCTCC-1,7
ATGTAAGGCTGCTCTT-1,7
ACGTTCGCAATCAATT-1,7
GTGACGAGGGTGACCC-1,2
ATTATAGCTACTTTAC-1,2
CGTGTGTTAAACCCTG-1,4
TTGGTATGGCTTGTGT-1,7
CATTCCCATTCCGTCG-1,2
TGCCGAAAGCGTATTC-1,7
CAACACATCTCCTGCC-1,4
CTGCCTCATATGCAAC-1,4
TCCCGCCTATGTGCGT-1,4
GGTTACCCGACACTTT-1,2
CCAGCGGGATCACCAG-1,2
ATGTTTCGGCCCGGAG-1,7
GCGTCTAACCTCCTAA-1,5
ATCAGGTAGCTGACAG-1,8
GGTATGAAAGAACTGA-1,7
GTGGCCTAATATCATT-1,5
CCTGTGAAACCGTAAC-1,1
GGCAGAGAGATCGGGA-1,7
TAGCGTCGAATATTGA-1,1
CGCCGACTATTCGCTA-1,1
TCTGGCGCAAGCCGGG-1,1
AGTGGTTGCGTATAGG-1,1
ATCGGTTACCTAGTAA-1,4
CCTGCCCGTTGTCTAG-1,1
GCACACGCCCATGGTC-1,1
AGTACGGCCCGTATCG-1,4
TATCTAGCCTAAAGGA-1,4
CACTCGGTTAGGAGGA-1,4
ATGTTCGTCGACCCAC-1,4
TTCCTCTGCCCGAATA-1,1
TTACTATCGGCTTCTC-1,1
GCCGCATTAGTCCGGC-1,1
TAAGGGCTGGGAGAGG-1,1
TAAGCAGGCGACACGC-1,1
AGCACTACCGGCCTGT-1,1
GAAAGCCCTTTGGACC-1,1
GACCGACTGAAGCGTC-1,1
CGGTGAAGACTAAAGT-1,1
CCCTGCGCTACGCATA-1,1
TACTGGACAGCTCGGC-1,1
TTAGTAGGGCGGCGGG-1,1
GAGGCTATCAAAGTCG-1,4
TTACCATTGATTACCC-1,1
ATACCACGGGCAACTT-1,1
TGTCCTAAGTCACCGC-1,7
AGGTAGGTACAAAGCT-1,4
GGCATACAGGTAGCGG-1,7
TGTAGTGATCTATAAT-1,5
TCCCGGGTGTGCTGCT-1,7
TACGATGTTGATCATC-1,4
CCTCTCTCCCATCTAG-1,4
GCAGGACTATAGAATA-1,5
CTAGTGAAGGACAGGA-1,7
TACGAGAACTTCACGT-1,7
CGTTGTTTCAATTCCC-1,5
GCAAATATTACGCTTT-1,7
CCAATAGTGCCGTCGA-1,7
ATTGCTGCTCCTCCAT-1,0
GAGATCTGCTTGGCAT-1,7
GCCGAAATTCCTACGT-1,2
GGCACTCCACTGGGCA-1,4
GGGTCACCGTGACGGT-1,2
CACTTAATCAGACGGA-1,4
CGTTTCGCTCATTACA-1,7
ATAAAGGCTCGGTCGT-1,5
CACTAAAGTTGCCTAT-1,5
GTGCTCAAGTACTGTC-1,4
CCATGCCTGTTTAGTA-1,2
TCTAGTTATCAGAAGA-1,7
TTGTAATCCGTACTCG-1,7
TCCCAGCTTTAGTCTG-1,4
CTACGCACGGAGTACC-1,7
AAATTAACGGGTAGCT-1,4
CGGCCACGCACAAAGT-1,7
GAAGCGTGAGGAATTT-1,7
ATATCTTAGGGCCTTC-1,7
ACGCGGGCCAAGGACA-1,7
GCGAGTTCTGCAAAGA-1,7
TATTCGTGCCAGAATA-1,7
AGGGCTGCAGTTACAG-1,7
CTAGCATAGTATAATG-1,7
TAGGTTCGAGTTCGTC-1,7
GAATTATAGTGAAAGG-1,4
CTATCGGGTCTCAACA-1,2
GCGCTAATTGAATAGA-1,4
ATGCGACAGTCCCATT-1,4
GGTAGTGCTCGCACCA-1,0
AAGCTCGTGCCAAGTC-1,4
TATTCAATTCTAATCC-1,7
TTCAAAGTCTCTAGCC-1,2
TTGAATATGGACTTTC-1,2
AAGAGCTCTTTATCGG-1,7
TTACTCCGGCCGGGAA-1,3
AAACGAGACGGTTGAT-1,2
GCTAAGTAGTTTCTCT-1,0
ATAACGCCGGAGGGTC-1,3
GGATCCGGAATATACT-1,0
TGAAAGGACCTGACTC-1,7
TCCGCGGCAGCATCTG-1,2
TGCATATGTCTGTCAC-1,7
TGTAGGAGAAATTTCC-1,2
AGTGAGACTTCCAGTA-1,7
CCCAAACATGCTGCTC-1,5
GCTTATGAAGCAGGAA-1,2
TTCTAACCGAAGCTTA-1,4
GGATGTCCTTACCGCA-1,7
AGGGTGCTCTCGAGGG-1,2
AACTCTCAATAGAGCG-1,4
TCTGAATTCCGTACAA-1,5
GCGTGGTACTGGGTTA-1,5
CGTCGGATAGTGTTGA-1,7
ATATGTCTCCCTAGCC-1,2
TCTTTAAGACTATGAA-1,4
TCATTTAAGTCTCCGA-1,4
GATATTGAGATTGGCG-1,4
TGACATCGAGCGGACC-1,4
GCGTAAATGGCCATAA-1,7
ATTGTACAACTCGGCT-1,4
TACGCTATAGAAACCT-1,4
CACCCAAATCTTATGT-1,4
AGATGATGGAGTCTGG-1,5
CCACGGTGCCCGGTAG-1,7
TCAAGAAATACTAGCT-1,7
AGGTATAATTGATAGT-1,4
CAAGGTCCTATAGGCT-1,5
CCGGCACGACCGTTTC-1,7
ACCTCCGTTATTCACC-1,7
GCAGCCTATATCACAT-1,7
GGTATAGTGACACATA-1,7
AAATTCCAGGTCCAAA-1,4
TCTTTAGCAGGCGAAC-1,4
TATTGACATTTCTGCC-1,7
TCTGATCGGGTGCTAG-1,2
GGCCCGGAGCATGTCT-1,2
GGGCGCAGCGTTACTC-1,2
TTGGCGATCCGAATAT-1,2
CCACGTAAATTAGACT-1,2
TCTGATTGGAAATGGA-1,7
ATGGCGGAATAGTCGC-1,7
ATCGCTTTACGTCTCA-1,2
TACGTGCAAGGTTCCT-1,2
CAGGACAGCTGCCCTT-1,8
CAAACCAGGTCTGCAT-1,4
TCGCCCACTGCGAGAG-1,2
TTAACGTTAAAGCCTG-1,4
CAGCGCCAACACGATA-1,4
ATCCAATGGTACCGAA-1,4
GTGCTGCAGATAAGGA-1,4
GGCCTTTGCAACTGGC-1,4
GTCGTACCTACGATTG-1,4
TAGAAATTCACGTATA-1,1
AGAATAAATCTTCAGG-1,7
CATTGCGAAATGGGCG-1,1
GTCTACTCAATTACAA-1,4
TGTAATGACCACAATA-1,4
AAAGTCGACCCTCAGT-1,1
TACTCGGCACGCCGGG-1,4
AGGTGTATCGCCATGA-1,1
TGTGCTTTACGTAAGA-1,1
AAACCTCATGAAGTTG-1,1
TATAGGGTACTCATGA-1,5
CCAGCTGATGGTACTT-1,4
AATATTGGAGTATTGA-1,4
GGCCCTCACCCACTTA-1,1
AACCAAGACTTCTCTG-1,1
TCGTATTACCCATTGC-1,1
ATTCGACGCCGGGCCT-1,1
GGCGCAGGACATCTTC-1,1
GTACTCCCTTATCGCT-1,1
TGGTCTGTTGGGCGTA-1,1
AATAACAACGCTCGGC-1,1
CATACCCGTACCCAGT-1,4
ACAATCCATTTAAACC-1,4
GTTACAATTGGTGACG-1,7
TTGCCCTGATCACGGG-1,4
CTAACCGCGCGCCCGT-1,4
CTAAAGAATGCCTACT-1,7
ACCCATCTTGAGGGTA-1,4
GATCTTTGCAGGGTAT-1,7
GGGTACTTCATGAACT-1,2
GCCGCTTGTGAGAAAC-1,4
CCTGTAAGACATGATA-1,4
CGACAGTTCGCGTTAT-1,7
ACGATGCATATGTTAT-1,4
TGTTCCGCTTCCATGA-1,4
GGATGACGCGAGTTTA-1,4
GAAGTTTCCACTCAAT-1,7
GCGAGGCCCGAGCAGA-1,7
CATACTATGTAATTGT-1,7
CCAATGTCACAGCAAG-1,4
GTTGGATTTGCGTTGG-1,7
GGGAGGATGCCCGAAA-1,5
GATCGCGGGCTCTCCA-1,4
GTTCGCCATAAGTGCC-1,7
AGATTATAGGACGTTT-1,7
TCGAGACCAACACCGT-1,7
TATGGGACCGAGCAGG-1,7
GATGCGTCCTGCATTC-1,5
TATGGTCTGAGTAACA-1,2
GCATAGAGCACTCAGG-1,7
CTTCATTGTCAGTGGA-1,7
GCAGATTAGGGATATC-1,2
CCTGTCGCCCGTAAAT-1,7
CAATTTCGTATAAGGG-1,7
GTACACTTACCTGAAG-1,5
CCAGCCTGGACCAATA-1,7
ATGGAGCAGGCCGTGA-1,2
GTCATTAGAGCGAACG-1,5
AAGACTGCAAGCTACT-1,0
CTAGTCACGTCTTAAG-1,2
ACTCTTGTATAGTAAC-1,3
ATTAGGCGATGCTTTC-1,3
TTCGGGACTAATCGCG-1,0
TGGACTGTTCGCTCAA-1,2
AACGTGCGAAAGTCTC-1,3
CCACCCAAGGAAAGTG-1,3
CCGCACAAAGACCAAC-1,2
GCGATTGTTAACGTTA-1,2
ACTCGTCAGTAATCCC-1,3
GGTGATAAGGAGCAGT-1,0
AAGAGGCATGGATCGC-1,2
CACGTTCGTGCTCTAG-1,3
CTATTTGGTTACGGAT-1,5
GTACAGAGGCAAGGGT-1,0
GGGCCGGCCGAAGTAC-1,3
CCTGAACGATATATTC-1,2
CCGGGCTGCTCCATAC-1,2
TACTTGTTAGTAGTCC-1,0
CCTAGGCGTAGCGATC-1,3
CTGGCGCACAGGTCTG-1,0
ACTTATACTTACCCGG-1,3
GAAGTCTCCCTAGCGA-1,5
ACCGATGGTAGCATCG-1,7
CGAGTTTATCGGACTG-1,2
CATAACGGACAGTCGT-1,7
TGACGATGCACTAGAA-1,2
TAGGGAGCTTGGGATG-1,4
AGGGTCGATGCGAACT-1,0
TATATCCCTGGGAGGA-1,4
CATCTTACACCACCTC-1,7
GTGCGACAGGGAGTGT-1,2
CCGATCTCAACCTTAT-1,4
ACGATCATCTTGTAAA-1,4
GAAAGAACAGCGTTAT-1,7
CTAGGTCTGAAGGAAT-1,7
ATATCAACCTACAGAG-1,7
AAATAGCTTAGACTTT-1,7
GCGACATGTAAACATC-1,7
ATAAGTAGGGCGACTC-1,4
GCGAGCGCATGCTCCC-1,7
AGGGACCGGCTGCGTT-1,4
CCTATGAAGTGGTGCC-1,5
GCTTACGTAGTTAGTA-1,4
CATACTTAGGCAATAC-1,7
CCTGTCCCTCACGTTA-1,4
CAATGTGCCAACCCTT-1,7
GTTAAGTTAGAGTGGG-1,5
CTGGGATACGCTACCC-1,7
AACCTGTCACGGAATT-1,7
ACTGCGGACACACCGT-1,4
CCGTGAGGCATTCATG-1,7
GCCCAGATGCTGGAGA-1,7
TCTGGCCGTTCAAGTT-1,7
ATACGAAGGCTTTCCA-1,4
GATCCGAATATAAGTG-1,7
GTGGAGCATGTCGGCC-1,7
ACTCTTCAGCTCCCGC-1,7
CCCGATAGCCTCGCCT-1,8
ACAGGTGTGTTGTTGC-1,5
TGAACTGCTATGACTT-1,7
TGACATATATGACGAT-1,7
AAGTCTTCTGTGGCCT-1,4
ACCAGACCATAACAAC-1,4
TGAGACGTACCTCTCA-1,4
GACCGTTACATGCGAC-1,4
GGTTCGGATTATACTA-1,1
CCTCCTGAGCCCACAT-1,5
CCGCGATTTGGTAGGT-1,4
AATCTCTACTGTGGTT-1,1
ACTTTGACTGCATCCT-1,1
CCCTGACTAACAAATT-1,1
ACGCTGTGAGGCGTAG-1,1
GCATACGAGGTCTTTA-1,1
TCGGGATTCAAACATA-1,1
GGGCCCTACGAAAGGG-1,1
CGCCAAGAAGCCGAGT-1,4
GGTACATCTGGGACGA-1,1
GGATGCTGGCGTTCCT-1,4
CCGATTCGAGGGACCC-1,5
CCACTGGTGGCTGGTT-1,1
GACAGGCACACACTAT-1,4
TCAACGCGACCGGCAG-1,1
CTACGACTAGCTATAA-1,1
CGGTTGACCTGGCATA-1,1
ATCCTGAATCGCTGCG-1,1
GTTTCATATCGTCGCT-1,4
ATAAATATTAGCAGCT-1,1
AAGAGGATGTACGCGA-1,4
TCCTGCGTTGATACTC-1,7
CGTGCATTGTCGACGC-1,7
CCGGGTTCGAGGTTAC-1,7
CCCAATTTCACAACTT-1,5
TGATTTATTAGCTGTG-1,4
TGGAAGAAGGGAACGT-1,1
GACGCTTGCTTCTAAA-1,1
GGGAACGGGAGGTTAG-1,4
GCGGCTCTGACGTACC-1,7
ACGTTAGATTTGCCCG-1,7
GAGAGGGCGCGAGGTT-1,4
GCGTCTCTGCATTGGG-1,4
GCAGCACACAGCCCAG-1,2
CAGGCCGTTTGGGTGT-1,5
AACTCAAGTTAATTGC-1,5
CTTCGTAGATAGGTGA-1,4
TGCAGAGTACCGAGCA-1,7
GAAGTGATTTATCGTG-1,4
CGCTACGGGACATTTA-1,4
CCACACTGAGATATTA-1,7
CGATCCGACCCAGTGC-1,7
CTGTACTTCTTAGCAT-1,7
ACTTATTAGGATCGGT-1,4
TAGTCCGCAGAGAATG-1,7
TTCACGAAAGGATCAC-1,7
TACATTTCTAACGTGC-1,4
ACCATATCCGCAATAA-1,7
CACTCAAGAGCTATGG-1,2
TGTACGAACAAATCCG-1,4
ATCATCCAATATTTGT-1,7
CGCTATTCTTAGGCTC-1,7
TGGCAGCAGTAATAGT-1,7
TCACGTGCCCGATTCA-1,7
CATACGGCGTCTGGGC-1,2
CACATGATTCAGCAAC-1,2
GCTAGTAGAGCTTGTA-1,5
TGCTGTTGAAGAACTC-1,2
CGGAGCATGGCGATCC-1,5
TAGCGTTGGGTCTTAC-1,3
GTAGCGGCTATACACT-1,7
TAACATACAATGTGGG-1,5
TCTTCGAATAGACGTT-1,7
GATCGTGACTGATATC-1,5
GATCCGGGAATTAACA-1,5
TTATATACGCTGTCAC-1,0
GTCGCGTAACCCGTTG-1,2
AGCTCTAGACGTTCCA-1,2
GTCAAGCGGACTCGGG-1,3
CGAGGGACTGCGGTCG-1,0
AATCGCCTCAGCGCCA-1,3
CTTGTTGCTGAGTCAA-1,3
GATATGAGACACTAAC-1,0
TTATGATCTTAACGAA-1,3
CGCCGCCCATGCCTGT-1,0
CTGGGATAAATAATGG-1,3
GTGCCCGTTCGGATTC-1,0
TTCAATACTCTGAATC-1,3
CGCACATGTCCACTAC-1,2
AGAAGAGCGCCGTTCC-1,3
GATAACTCGCACTGTG-1,0
AGTCGACGGTCTCAAG-1,5
GTGACCGCACACTACG-1,7
GTATGTGGGTCTAGTT-1,0
CTTGAGTTAGGGTAAT-1,7
TTAGCTGATTTGCCGT-1,7
GCTGTTGCTACCGAAC-1,2
TATTACCATCCTGCTT-1,2
TTGAATTCACGTGAGG-1,7
CCATCTCACCAGTGAA-1,2
CGCACGTGCGCTATCA-1,7
ACCCGGATGACGCATC-1,4
CGCTAGAGACCGCTGC-1,7
ATAGTTCCACCCACTC-1,7
GCAGACCCAGCACGTA-1,4
TAGACTACCTAGCGTT-1,7
GGTTCTACTCGTCTGA-1,7
GACTCACCCACGTGAG-1,7
AGCTCTTCGTAACCTT-1,7
ACTATCCAGGGCATGG-1,4
AAGGATCGATCGCTTG-1,7
ATATCGGTAGGGAGAT-1,5
TTCCAGACGAGATTTA-1,7
GACCGACGTGAAAGCA-1,4
CCTGGAAACGTTCTGC-1,5
CCGGTAATGGCTAGTC-1,2
GCCGTGGAAGAAATGT-1,4
GTCTTGAGGAGCAGTG-1,7
TCCCAAAGCCCTAAAT-1,7
TTGAGCGCCACGTGAT-1,7
TTGAGTCCCGCTGCTG-1,7
ATGGAACCTTTGCACA-1,4
GCTAGCACCTGGGCCA-1,7
CGCCGTCTACCCATCG-1,5
GATAGGTGTCCCGGGC-1,5
AGGTATGCGGACATTA-1,4
TTGGTTCGCTCAAAGG-1,4
TCTGGAGCGTAAGAGT-1,4
TGCCTAAATTTAATAG-1,8
TAATTTCCGTCCAGTA-1,4
TCCTTCAATCCCTACG-1,7
TACCTATCCCTAGAGG-1,7
GCATGGGTACTGACGC-1,2
GTCGGGAACATGGTAG-1,4
GCAAATGAGGACACTT-1,7
GAATGGGCTTATCGAC-1,4
TGGTCGTGCAAGGCAA-1,7
CACCACGCCACACAGA-1,4
GAACCTCGACCTACAC-1,5
CAATACGCTCTGAGGC-1,1
TGGTAAGCAGGATTGA-1,4
AGTGGCTCCGTCGGCC-1,1
GATCGGATAGAACCAT-1,7
GCTACAGTACGGACCG-1,1
TCTATTACTAGAGGAT-1,5
TTCAGGCGTCAAAGCC-1,7
AGACCGGGAAACCCTG-1,4
AGAGATCTCTAAAGCG-1,7
CCCTGCCCAATCCGCT-1,5
GTGGCGGTCCCAGCGT-1,4
GCATTGTAATTCATAT-1,4
CCGTTCCGAATCTCGG-1,7
AGCTTGATCTTAACTT-1,4
CCTGTACTCACGCCCA-1,4
AAGTGACGACCGAATT-1,7
CTCACTTGGCTGGTAA-1,5
CGCCTGGCCTACGTAA-1,2
CCCGTAAGTCTAGGCC-1,7
TTGGACATGTGGCTTA-1,7
ATTACGCGCTGGCAGG-1,4
ACGCGCTACACAGGGT-1,5
TACGTTTACCGGCAAT-1,4
CGAAACGCAATTCATG-1,4
TAGTCTAACAACGAGA-1,7
TTGCATGCTGATCACG-1,7
TCTGGGTAGCGCTCAT-1,4
ACATCGGTCAGCCGCG-1,7
AGATACCGGTGTTCAC-1,7
GATTACTGAATTTGGG-1,7
TCCAACTTTAAATTCT-1,7
TCCTAGCAAAGAAGCT-1,7
GTCTATCTGAGTTTCT-1,7
GATGTTCAATCCACGA-1,4
AGTTAAACACTTGCGA-1,4
AGCTCTTTACTCAGTT-1,7
ATCCAGGATTCGTGAA-1,4
AGTCAACACCACCATC-1,7
CGATACCTCGCGGACA-1,7
TACAACGCACAACTCA-1,7
AATTAAAGGTCGGCGT-1,7
TACGCAGTTCTTTCCT-1,7
GACCGTGCTGACGGTG-1,7
GGCAAATTACTTTACT-1,2
GGTACAAACATGCTAT-1,4
CGGGCCTTCTTTGTAA-1,0
CGTGAAGTTAATTCAC-1,2
ATAGTGAAGCGTTCTC-1,7
TACGCCATATTCTAAT-1,0
GCCGGGTTAGGGTCGC-1,2
TACATAGGCATACACC-1,3
GCCGATTGGCCAAGCT-1,3
CTGCCATGCATCACAT-1,2
TTATGAATGAAAGGGA-1,3
GCTGAGGCGTGAGTAT-1,3
GCGCCGTTCCACGATA-1,3
CGCATGGTGCGATGCT-1,0
AGGTTTCACACACCTT-1,3
CAAGGATCGCATGTTC-1,3
ACGTTAATGTCGAAGA-1,0
TCCAGAGCACCGGTTC-1,3
GATTCGACGGTTCACG-1,0
GTTTCTGCAGTCTCCC-1,0
GCTGCACGGTTTCTTA-1,0
CGTGCAGACTGGGACA-1,3
GTGTTACTATGCGTCC-1,2
TCCTCGGGCTGGGCTT-1,2
GTGAGGACACTTAAGG-1,0
ATACGCCGGCGAAACC-1,0
TCTGCCAGAAACTGCA-1,0
TTCTGCGGGTTAGCGG-1,2
CTCGGTACCACTGCTC-1,2
GTAAGTAACAGTCTGG-1,3
GTGCGTGTATATGAGC-1,2
ATTTGTCTTGGGAGCT-1,2
CCTCGGACCGGGATAG-1,2
TAGGTGCTCGCCTAGC-1,5
CTTTAGGAACACTGTT-1,2
TCGGGCCGTCGTGGTA-1,2
AGTGCTTGCACGAATA-1,3
TGCAGTTTCCTCCCAT-1,5
TGAGAGATTTACCACG-1,2
GAAACAGATGACCACC-1,3
AGCAACATATCTTATT-1,3
CAAGTGTGGTTGCAAA-1,5
GCCTCATCTGGAAATA-1,5
AACCCTACTGTCAATA-1,0
ACGTATTACTCCGATC-1,5
TCTGGGAACCTTTGAA-1,2
GCTCGCTCATGTCCAA-1,3
GCGCAAGAGCGCGCTG-1,3
TTGACGCTCCATGAGC-1,2
TATAGATGGTCGCAGT-1,2
TTACATGCCACAACTA-1,2
ACATGGCGCCAAAGTA-1,4
TATGGTTAGTGGGAGA-1,7
CATGACTTCGCTGAAT-1,7
ACCACCAATGTAACAA-1,4
TCTTAGAGCTCCAATT-1,2
CCACGAATTTAACCTC-1,4
TTCTTGCTAGCATCTC-1,0
ACACCTTACTACTTGC-1,7
AGTCGGTTGCGTGAGA-1,7
ACCTACAGTATGTGGT-1,7
GAGGATAAACAGTGCT-1,7
TTCCGGTATCTGTGTC-1,2
GGAGGCCGAAGTCGTC-1,7
TTCGCTAGGAAGTTGT-1,2
TAAAGACAACCCTTTA-1,5
GTTGCGCTAACATTAC-1,7
GCTGAACTCTCCAGGG-1,4
AGCCCTGTCGCACCGT-1,4
AGCGCTAGAGCGATGT-1,5
TGCGCCGTTAATAACG-1,5
TGACAACGCATGTCGC-1,4
CGTCTTGAGTGTGACG-1,2
GATAGGATTAATTACA-1,7
GATACCGTGTCGGAGT-1,8
TGTGTCGAAGTCGAGG-1,5
GGATCAGAGCCATCAG-1,4
GTCCCAATCATCCCGC-1,7
TGCCACACTAGAGGAA-1,5
TGAATTTCACTTGCCT-1,7
CTCAGATTGTGATAAG-1,4
CGGACGTTACTTGAAG-1,5
CCGCCTTGCGATGTCG-1,5
CCAGTCAAATCTCTTA-1,5
AAACAGCTTTCAGAAG-1,5
TAGCTGATGTGAAGCG-1,4
CTTATGCGCTCAGGGC-1,5
TGGCTCTTGTCGCGTA-1,4
TTGTGAGGCATGACGC-1,7
CATAAGCTCTCCGTCT-1,2
CCTTCTCAGCGTTCCT-1,7
TGCAGCTACGTACTTC-1,7
CTCTACACTGGCGATT-1,5
TGCAGATCGTCCTAGG-1,4
TGCCAAAGTCAGACTT-1,2
ACAATAGTCGTACGTT-1,7
CATGCCAACTCGCAAA-1,7
TGCAGAACTATATCGT-1,2
TCGTGTCACGCTGACA-1,0
TGATCAGGGAACTGCT-1,7
CTTGCAACCGCCTCCT-1,7
AGCCCATACATGTAAG-1,4
ATCCAATGGAGGGTCC-1,0
AAACCGGGTAGGTACC-1,7
GCAACCACGGCCGCGT-1,7
CGCTTATTCCCGGTCG-1,7
TTACTCTGGTACGTAC-1,2
GTGGTTTCCGCCTTTC-1,7
ATAGGCGGCTATAGAA-1,2
GTGCCATCACACGGTG-1,7
CCCAACATACGTCGCG-1,0
CGGTGCAGATAGAACG-1,4
GGGCGGGTTCCCTACG-1,5
TGAGCCATACAGTCTC-1,4
CTCCGCCCACATGAGG-1,4
GTTGAACCGGTTCCAT-1,7
TTGACTACCATATGGT-1,7
ACCATCGTATATGGTA-1,1
TGCGTAAGAACCTGAT-1,4
AGAAGGTTGCCGAATT-1,5
AGGACGACCCATTAGA-1,4
GGTGCTGGTACACATT-1,4
GCGCTATGCCGAGGCA-1,7
ACCCGGTTACACTTCC-1,7
TAACTCATCCGCGCGG-1,4
CACAATGAGCTGCTAT-1,7
GTTACTTTGGGCCTAG-1,4
GGGCCCGTCTTAAACA-1,7
GAAATTGTCTCTATAA-1,7
GGCGCATGAATTGATG-1,5
CATATAGGTACAGTCA-1,2
TCAACGAGGAGACAAA-1,5
TTGCACAATTCAGAAA-1,2
CATCGGACGGGTTAAT-1,7
ATTAAACATGCGGACC-1,0
TATCTACCACAGCGGG-1,2
CGAGACCCTAGAGTGT-1,2
ACATCGATCGTTTACC-1,3
ATCGACCCAATACAGA-1,5
GAATCTGAACATTCTC-1,3
AGTTCCTATTTATGTT-1,3
CAGTCTGTATACTGGG-1,0
GGAGACGACACCTTTG-1,0
CCTAAATTAACGGTTC-1,3
GCTACGACTTATTGGG-1,2
CTGTGCAGGGTAGGTC-1,3
ACGCCGCTAGACGACC-1,3
ACTTGACTCCCTCTTT-1,3
CGCCTCCCTCCTCTAT-1,0
CTAGATTTACGACGGC-1,0
GATGCTGTATTTCATC-1,2
TGCGTTTGTTGACACT-1,2
CGTGCCCTCCCGAAGA-1,0
ACTCTCTGACTTAGGT-1,3
CTGGGTAGGCAGTTAA-1,2
GTTTGGCCCAAGTTAT-1,3
GAATGTGGTCCGGATT-1,3
CCCAGTTAAGGCGCCG-1,2
CGGTACTAGAATCAAA-1,0
GCTTAATGTAACTAAC-1,2
AGGACAGTCGAATCCC-1,0
GACAGCCAGACCTGAC-1,0
GGCGAAATCTAACTTG-1,3
CTGGTAACACATAGAA-1,3
TAGCCATTTCAAAGTC-1,0
GGGATTTACCGCACCT-1,3
ATGCCATTTGCGACCA-1,0
GAATAGACGCGACCCA-1,3
TGTATGGCGCAGACAG-1,5
GGATGAAGATCGCTGA-1,0
CGACAATTTGATCTAA-1,3
AAAGTTGACTCCCGTA-1,2
CGCGGCTCAACTTGAA-1,0
CACGCGGAACTGTTGC-1,7
TCTTAGAGTGAACTCT-1,0
AGTCCATTGGCTGATG-1,2
TTAAGATAGGATTGAC-1,3
ACATCCTGGTAACTGT-1,3
CACCTTGGCGCCTTTG-1,3
GCTAGACCGTCTACTG-1,2
CGGCCCAGGTATATCC-1,3
GTCCATTACTGCTACG-1,0
GGGTTTAGGATAGGAT-1,2
TAATTAGGACATCCGT-1,7
GCTCCCAGTCGGTCCA-1,7
ATTCGTGCTATCTCTT-1,4
GTTAACTATGTTGTCA-1,3
GCTCCGCTCGCTTCAG-1,7
GCAACGGCTAGTTATG-1,5
AATCGCGCAGAGGACT-1,4
AGGTTACACCATGCCG-1,2
CGAGATTTCGCTCGGG-1,0
CGATAATACTCAGGTT-1,2
AAGGCAGGCTGTCTCC-1,2
GTAAGTCCACACTCTA-1,7
ATGAGGGCAGCGGCTA-1,7
GCCGCACTCCGTTTCA-1,0
GAGCACGGCGCCTCTT-1,4
ACAATTTGGCCATATT-1,2
CTGGTTCGCGAGCTAC-1,7
GACGGTCCTAGGGTGT-1,5
ACTCGCGATCTGACGC-1,7
GTGTACGAACCGTTCC-1,8
CTTTGACGTCGCTTCT-1,7
CGTTATCATACTTCCA-1,4
GCTATGCCAGCTTATG-1,7
CAGTCGGCCTAGATAT-1,2
CCCGTGAGGGCGGTGA-1,5
TCTCGTGTTACGAGGA-1,5
ACGTCTCGTTCCGGGA-1,4
CGAGAGCGCGTAGATA-1,7
GACAGATTTCTGGCTC-1,7
GGGCCTAAATGGGCTA-1,2
ACTTGTAGTCCCTTCA-1,4
CCCGAAGTTTCGCGAA-1,7
ACCATCCGCCAACTAG-1,2
TGCGAATATGGGATTT-1,7
TACATCCCTATCCCTG-1,2
GTGGGAAGACTGAATC-1,7
TCAACATCGACCGAGA-1,7
CTATGTGAGTCACGGC-1,2
CCGAACACTGGGCCTC-1,5
AAACTTGCAAACGTAT-1,5
AGGGCGAGCAGCTGAT-1,5
AACACGAGACGCGGCC-1,5
TGACGAATATTTCCCT-1,0
TCGGAGAGTATCGGGA-1,0
CAAATCTCTCACAAGG-1,7
AGGCCCTAGAACGCCA-1,7
TAGAGATCATGCAACT-1,0
TTGTTTCCATACAACT-1,2
GAGAGGTGCATTCTGG-1,5
GTGGACCAACCCGATT-1,7
CTGGGCCTGCTATATC-1,5
CATAGTCCACAAGAAC-1,2
TTGACATGAACGTGGA-1,2
GGTTACCACCCTCGGG-1,0
TACCGGTCGTTTCCAT-1,7
CGAGTACTAAAGAGGA-1,7
GCAAGAATTCCTTGGC-1,7
TCGCCGAAGTTGCGTC-1,5
TTGAGAGTACTGCTAA-1,5
GCCACAATTTAAGGAC-1,4
ATATTCAGTTAAACCT-1,4
TGAGTGCCTCTTAAAT-1,7
ATCAGACGGCACGCCG-1,7
GTGCGAAATCGAACAC-1,7
GTGCCGCTTCAAAGGT-1,4
GATACGATGGGAGTCA-1,7
GACACTGAGTTCAGTG-1,7
ATCCTGCGTGGAATGG-1,4
ATCCTACCTAAGCTCT-1,7
AGTGATATGAGTAGTT-1,7
ATGATGCAATGGTACA-1,2
GAAACCGAATTACCTT-1,0
AGTGACCTACTTTACG-1,7
CAAATGTCCTTCCGTG-1,7
TTACTGGGATATTTCA-1,5
CTTGCCCAGGCTCTAC-1,2
AAATCGTGTACCACAA-1,2
GTGATCATAGATCTGC-1,2
TGGCAGATTACGATCA-1,5
TCACCCTCTTAAGATT-1,0
CAGGATATATCGTTGT-1,5
CCTGACCACCGATGGT-1,0
CTAAAGGGAAATAGGA-1,0
CCGCTATCAGCACCAG-1,3
CTTTAGTGCTATTATT-1,0
CGGGAATTTATGTAAA-1,0
TACGACTGCCTCTTAG-1,0
AAACTGCTGGCTCCAA-1,3
GTACGTTTGCCCGTCA-1,2
GGCAAGGCGAAATAGC-1,2
GATCTTGGAGGGCATA-1,2
AGCGTGGTATTCTACT-1,0
CTAAGGGAATGATTGG-1,2
CATGGTAAGTAGCGTT-1,3
CGTTGAGCGACCGTCG-1,0
TGCCCGTACCGTTAAA-1,2
ACAAGGGCAGGCTCTG-1,3
GAGATCTTCCATGACA-1,3
AATGACGTAGGATGTC-1,3
GTGGTGGCCAAGTGAA-1,3
TCCCGTGTGCAATTTG-1,3
ACATCGTATGCAATGG-1,0
GCGAAACTTAACTGGA-1,5
AATTGAACGCTCTGGT-1,2
ACAAATGGTAGTGTTT-1,3
ATGGTCGCGTGGTTTC-1,0
TGTTATTGTATGTGGC-1,3
TTCCGGTTACCCACTT-1,0
GAGTGTGCGGTACCCA-1,2
CAAGATATTATAACGT-1,3
ACACACCAGGACCAGT-1,0
ATGGGCCTCGGCCTCT-1,3
AAGGTGATAAACCAGC-1,5
TCTTACTTATGCCTCT-1,3
AAAGTGTGATTTATCT-1,3
TGCTCCACAGTTCTTA-1,0
CTGGCTGATTCATCCT-1,2
TAAGGCTGAATCCCTC-1,2
TCTAGTGATATCGTGG-1,0
TCGAAGAACCGAGCAC-1,5
GACAAACATATGCAGG-1,3
AAGTCAATTGTCGTCA-1,3
AGTGAACAAACTTCTC-1,0
CATGATGGAAGTTAGC-1,2
AAGTGCCTTGACTGTA-1,5
ATCGCCAGTCAACATT-1,2
ACCGCGGTGGAAGTCG-1,2
TCTTCTATAACCCGCC-1,3
CACATTTCTTGTCAGA-1,3
TAGCGTCCCTCGATTG-1,2
GTTCGGATCGGGAACA-1,0
CAAACTCGCGACGCCG-1,5
GTCTTGTAGCTATTCA-1,3
TCTCGACGTATCGCCG-1,3
TTGCCAAGCAGAACCC-1,0
AAACCCGAACGAAATC-1,7
TTGAGCAGCCCACGGT-1,0
CGCCTTTAGCATGCTC-1,0
TGTGGCTCCCACCAAC-1,0
CCGCCGTTGAGGATAA-1,2
CAATACGAGAGTCTGA-1,2
CATCTAGTGAAGGGAA-1,7
GGTGGAGGTTGATACG-1,5
CCGCACACGAACGTGT-1,2
AGAACCCAGCGTGACA-1,7
GCGCTCGATCACCTGT-1,7
ATCATGGACTACCGAC-1,5
TACGCCGCCTCAGAAG-1,8
CGACCTACTAGACAAT-1,4
GAGTCTTGTAAAGGAC-1,4
AATATCCTAGCAAACT-1,7
CCCTAGGCAACAAGAG-1,2
ACAAAGAAGGTAGGCC-1,4
CCCTGGCTGTTCCTTC-1,2
TCGCCGCACCGCGTGA-1,7
TATAGCGCACGTTATC-1,7
TTATCTGACATTAGGA-1,7
AGTGGTGTTACCCGTG-1,7
GCCAAGAATACTTCTG-1,7
CCGGCGTGAGACTCTG-1,4
TTCCCGGCGCCAATAG-1,4
AAACAGGGTCTATATT-1,2
ACAGTAATACAACTTG-1,7
CGAACGGCCGGACAAC-1,2
GCAACACACTAGAACT-1,5
ACTCCCATTCCTAAAG-1,0
ACCTGCGTGTCATGTT-1,7
TACTTTCCGCACGCCA-1,2
AGGTCAGGTGAGAGTG-1,2
TCCTCCTAAGACATTC-1,2
ATGTGAAAGCCTAATG-1,2
AGTCGGCTCAACTTTA-1,2
CGATCTGTTGGAGGAC-1,4
ACGGGAGTGTCGGCCC-1,2
TTAACTTCAGGTAGGA-1,2
CCACGGAGCCATAAGA-1,2
CTTCTATGTTGAAGTA-1,2
CACCGTTGCGCGATAT-1,2
TCTAGCAATCTCCGCC-1,2
AGTTTGGCCAGACCTA-1,5
TTGTAAGGACCTAAGT-1,2
AAATTTGCGGGTGTGG-1,2
AAGTTCGGCCAACAGG-1,2
CCGCTTACCTCACTCT-1,0
ATCACGTGCTAATTAA-1,7
GGTGAAGTACAGGGAT-1,5
GCTGTATTACTGGCCC-1,2
AACGGCCATCTCCGGT-1,5
TAAGTAACATCTTGAC-1,5
TTCTTGAGCCGCGCTA-1,4
AGTGCGTAGCTCGTAA-1,7
GGGATGGTCGTAACCG-1,7
GTCTGGGCGGTCGAGA-1,4
CGGAACGTAAACATAG-1,4
TGCGACACCCTAGTGC-1,4
CAAACGAGTATCGCAG-1,7
TCAGTAGGGACTATAA-1,7
GCGGTTCCCTATCATG-1,2
GTGACTTCAGTAGTGC-1,7
CGTCACGTCCATTGGT-1,7
ATAAGTTACCGCGACG-1,7
CTGAATCCGAGACCTC-1,5
TACGACGCTTGCTGCG-1,2
GAATTCACCCGGGTGT-1,0
GGGTGACACCTTAACT-1,2
TGAGTAAATTAGCGTA-1,3
GAGTCCGCTTACCGGA-1,3
GGCGCGTTCGAGTTTA-1,2
ATTCATATACTGTCCA-1,3
ATAAACGGACCCGTAA-1,3
GTCGTACCATCTCGGG-1,2
ATAATAGCTGTTGAAT-1,3
TTCCGCGTGAGGCGAT-1,5
TACCGGCTCACTGCCC-1,2
GTATCTTTCATAACCA-1,3
GTTACCTACAACTTGC-1,2
TGACTATAATCCTTTC-1,2
AAATACCTATAAGCAT-1,0
TTATTAGAGCGTGTTC-1,5
ATGTGGACATCTTGAT-1,3
GTACGCTTCATTGCAC-1,3
CACATATTAGCAGGAT-1,2
CAAGAGGGCGGAGTAC-1,3
TCGCAAAGATGCATTT-1,2
GTCGTTATTCGCTTAT-1,3
TCGTGTACTATGGATG-1,0
GCGGAGAGGGAGAACG-1,3
TCACAGGGAATCGCAA-1,2
GACTGCACCAGCCCAG-1,0
TCCGCTGTCATCCCGG-1,3
AGATACTCAAGATCGA-1,0
ACTGAATGGCGAAAGT-1,3
TCCTACATCCACGGCC-1,5
TTCAGCCCTGGTCCAC-1,0
TTAGAGTTTAGAAGGA-1,0
GGTTAGCTATATGTCT-1,2
CTGGTTTCGAGCAAGA-1,3
TGGGCCCATACTAATT-1,3
ACTTATTTATGTGCCA-1,0
TTAGTTATTCGTGGCA-1,2
AACCGCTAAGGGATGC-1,3
ATACGTCCACTCCTGT-1,3
CGACACGCTCCGACAG-1,0
TCTGAACTCGTACCCG-1,3
AGGATATAGGGATTTA-1,0
GTGATCACTAACGCCT-1,3
ACCGGGCCTTTGTTGA-1,3
TTGACAGGAGCTCCCG-1,0
CTCTTCTATTGACTGG-1,0
CGTGGCCGAATATCTA-1,3
GGTTTAGCCTTTCTTG-1,0
TCAAGGTTACTACACC-1,5
TTGACTATTGTCCGGC-1,2
CGGGAATATAGTATAC-1,3
GCAACAGCAGTATGCG-1,3
ATCAAACACTGTTCCA-1,3
TGGGCAATAGTTGGGT-1,3
TGAATGTCAGCCGGCC-1,3
CGGCTCTAAAGCTGCA-1,5
GGACACAAGTTTACAC-1,0
CCGAGAAGTCGCATAA-1,5
AACTACCCGTTTGTCA-1,2
GCACAAACGAGGCGTG-1,2
CACACAGCTTGCGCTC-1,0
GTGCTTACATCAGCGC-1,5
GCAAACGTCGCCAGGT-1,3
GAATAGCATTTAGGGT-1,2
TACTGTTTCTCTGGTA-1,0
TCCTATCATAGGTAAC-1,7
TTCGGTGGAGACGCCC-1,2
TGTTGCCGTCGTCCCA-1,2
CCAACTTGATAGATCC-1,7
CAAAGGTCATCTGAAA-1,5
CTAGCTTAATGGTCCC-1,0
AGGCCACATTGGTTAC-1,4
TTAGGATGGGAGGGTA-1,8
TATGACCTTGCGCTGG-1,7
ATATACATGTATGGTA-1,4
TGTGTGACCATGAATC-1,2
GGGCAGACGTCACTGC-1,4
TCAAAGAGCTATCTGT-1,5
AGATGCATCCTGTGTC-1,4
GTGAAGTCACGACTCG-1,2
TGATTCAGGTCCCGCG-1,4
CGCCACAGGTCGCGAT-1,2
TTGAATCGTTGTATAA-1,5
TGGCCAATTTGGTACT-1,4
CGACCCTTAACGCCGG-1,7
TCGGCGTACTGCACAA-1,4
GAGTAAGGCCACGGGA-1,7
ATCAGCTCGTCCACTA-1,7
AGGATCACGCGATCTG-1,4
AAATGGCCCGTGCCCT-1,4
CAGTACCAGTTTACGT-1,7
GGTCGTAAGCTCGCAC-1,0
CGTTCATGGTGCGCGT-1,5
GACTACAAAGCGGTGG-1,7
CAGCTGGCGTAACCGT-1,0
ACTCGTAACCCGTCCT-1,7
CATATGTCAGGCTACG-1,3
GCCCGACTTCTTCCCG-1,2
CTGGCATCCGAATGAG-1,0
AAGTGCGTTAGAATCT-1,5
AGAAGTGATTCGTGAT-1,5
TACCTTAAGATTTCCC-1,3
AATGACAGCAATGTCT-1,2
TCAACGCAGGAAATAA-1,5
TATTCCTCCGCCCACT-1,3
ATCAAACGAAGGTTTG-1,3
TTGATTAGCTGTTTCT-1,2
CTGCTGAGGCCACGAA-1,2
CCGTGTTAAATTCCAT-1,3
CACGTCGGCAACCTCT-1,7
GTATTCTGAGAAACGA-1,0
CGGTGCGCGTTGGTCC-1,0
GTGATTCGCCGCTCAA-1,5
GCCCGCGCGTAAACGG-1,7
AACGTACTGTGGGTAC-1,2
GAGTATGCCCGCCTTG-1,5
TGATTCTGTCGCCGGT-1,2
GGGCGGCAAATGAATT-1,7
TTCCAATCTGGCTATC-1,7
GGAACCGTGTAAATTG-1,2
TTGGTCACACTCGTAA-1,3
CGAACCCGCATGCGTC-1,7
GGGCGTCACCACGTAA-1,7
TACCAGAAGTAGGTTC-1,0
TTGGATATCGTCTACG-1,3
TAGATATGGACTGGAA-1,3
GCGACGATAGTTGTAC-1,0
CTGGATTTACACTTGA-1,3
GTTATATTATCTCCCT-1,2
TATTCCACTCAGCTCG-1,3
CTGTTACCCAATCTAG-1,2
ACGCGAAGTCAGACGA-1,5
GATAGGTAACGTTGAC-1,0
TGTTCGTATTGCGGTG-1,2
GGTCAGTGGGTCCCAC-1,0
AATTCTAGAGTTAGGC-1,3
GTTTACGTTCCATCTG-1,0
AGACCCACCGCTGATC-1,2
TCTAGCATGCCCAGAA-1,3
CCCGCAGCGCGAACTA-1,2
CTCTATTTGGCTGCAG-1,3
TTCTGCCGCGCCTAGA-1,2
ACTCCCTAGAATAGTA-1,3
CCGAACCTTCCCGGCC-1,3
TCAGACGCTATAGAAG-1,2
CAGGCGCCATGCTAGG-1,5
CACTCGAGCTGAACAA-1,3
ACAAGGAAATCCGCCC-1,2
ACCACGTGCAGCTATA-1,3
ACGGCGACGATGGGAA-1,5
TTACTAAAGGACTTTA-1,3
GGCTGAAATAGCAAAG-1,3
TTAGACGAGTCACCTC-1,2
GTAGTCGCGGGAATCA-1,3
GCAAACCCTACATTAT-1,3
GTTAAAGTAGGACTGG-1,2
ACCCTCCCTTGCTATT-1,3
CATGTCTCATTTATGG-1,0
AATAGAATCTGTTTCA-1,0
TCTCATGAGATAGGGT-1,3
ATGACTATGCGACATT-1,3
CCTAACCCAAACAAGT-1,0
AGTCAAGATGACACTT-1,2
CGGGAGCTTCAGTGTA-1,2
CCACAGTACCCATCCT-1,3
GAGCGCGCACGAGTAG-1,5
ACCAGTGCGGGAGACG-1,3
TCCTTACGACGGTCCG-1,0
TAGTCGATCACGGGTT-1,2
AGACGAAGTGCCGGTC-1,5
CGCTGGTGACTACCCT-1,3
AGGCATTGTCGTAGGG-1,3
TGGTAGAATATATGGG-1,0
TTCTTATCCGCTGGGT-1,5
AGTTTGGCACGGGTTG-1,0
GCATCGGCCGTGTAGG-1,3
ATGCGAGTCCCACCAC-1,3
TCGGCGAACCCAAACC-1,3
AGAGTAAACTTCACTA-1,5
AAGCCGAAGCGGTTTA-1,0
CCCGAGTTTCTCCGTA-1,2
AATATCGAATCAATGC-1,3
GCGCCTCCCACTCCGA-1,2
CGTTAAACTAGTTAGG-1,2
TGAGTTAAAGACATTC-1,3
AACAGGTAGTATGGAT-1,2
GAACGCGGGTCACACG-1,5
TGTTTGAGATCGTCAG-1,0
ATCTCGTGAGCGAAAC-1,3
CTGAGAAAGTTCGGCG-1,3
ATTACCACACTGCCTG-1,3
CTGCTGTCTAACGAGC-1,5
CGTGGAAGCCTCGTAC-1,0
GGACTCACAAATTAGG-1,2
CTTTGCTGTCATGGAT-1,2
GGTGTTGGGCGTCTTA-1,2
TACCATGTATTGATTT-1,7
GGTCTCCAAGTAGTGC-1,5
ATCCTTCTGAAAGAAC-1,7
CCGGAAGTTATCAGTC-1,8
TTAGAGGGATATACAG-1,5
TTGTACACCTCGAACA-1,7
GTGGGTACTGAGCGTA-1,4
CTTAAGCAGCGAGCCG-1,7
GCATTGACTTGCGGAA-1,7
CCATAACCTGTGCAGT-1,4
GGGCTACTATTTCGTG-1,7
GGCGAGCGAAACGGCA-1,4
GGAGACCATCTACATA-1,1
AGACCAAACCACACCT-1,7
CGACGCATCCGTACCT-1,1
CCTAGGTAAAGGTAGC-1,4
AGCGGCGGTTAGCGGT-1,4
CTGGACGCAGTCCGGC-1,1
AGCCTAATACCCACGT-1,2
AATCTGGCTTTCTAGT-1,4
CACCCTTGGTGAGACC-1,4
GGATCTTGACTCAACC-1,4
ACGAGGATACCACTCT-1,7
GAGTTGATGGCAATTT-1,4
GTGGCAAACAGCGGCA-1,4
GATGTAACGAACCACC-1,7
AGCCGTGGCTAAATGT-1,4
CTCCCTCCTTTCGATC-1,7
TTGGAAGAATACAGTC-1,5
AGTTAAGTCAACCGCT-1,0
CTCATGGTAATTTGCG-1,0
AAAGTAGCATTGCTCA-1,3
TTGTGGTAGGAGGGAT-1,2
AGTCGTGGGCATTACG-1,2
ACCTAAGTACCTTTCA-1,0
GTAGAGGGAGACAAGT-1,5
GATCCTCGACACTGGC-1,5
CCTACATTCACAGACG-1,0
TTGACCGTGTTAATGA-1,2
TCTGTTACCCAGCATA-1,0
CTAACTGGTCCGGTTC-1,0
AGCGACAGGAACGGTC-1,3
TAATAGAACAGAGTTA-1,0
ACAGGTGGAGGTGAGG-1,7
TGCGAGAATATTACCC-1,0
TTGCGTCGGCCAACCG-1,0
AGGCTTCCCGAAGAAG-1,7
GCGGACCGCGTTGTGG-1,0
GTAATCTGATTCTTCG-1,0
CCGCGGAATGCGTCAC-1,0
TTCCACACAGATTTGA-1,0
CTTCTATTAATGCTAG-1,3
CATTTGAGTGGTACGT-1,3
TCACAGCAAACTCGAA-1,3
CAGACGAACCTGATAC-1,5
TAGCTAGAAGGCATGA-1,2
ATCCAGAGCAACAACC-1,3
TCCGGTTCGTCCGGTC-1,2
CGCGCATGTTTGATTG-1,3
TGGCGATCAAGTTATG-1,2
CCCTTTGACAGGTCTT-1,2
CAGAGACGGTCACCCA-1,3
TAGCTCGCCTGATAAC-1,2
TTGTGTTTCCCGAAAG-1,3
TATACACAGACGCCTT-1,0
ACATTAGTTTATATCC-1,3
CCATCGCAGTTAAACT-1,3
AATTAGCGCTGCAGCG-1,0
TCCGCTTATCCCATTA-1,0
GTTTGGGCTTGTGAGC-1,0
CTTGTCAACATTCGAG-1,2
GGACCAACAGGATAAC-1,0
AAGCTAGATCGAGTAA-1,2
TACCGTGCCTCGGACC-1,2
GTAGCCAAACATGGGA-1,3
TGCCAGTACGTGGAGA-1,2
ATAAGGTGGAGAACAT-1,3
CTTTAATATTGGTCGA-1,3
TGGTTCAACGGGTAAT-1,3
GCTGCTACTGCGTAGC-1,3
CTGCACAACTACATAT-1,3
ATATTCCACATAGTGA-1,0
TGGCAAACTAAATTAC-1,3
ACCGCAATAACTGCCT-1,3
TCGCACCAGGAGGCAG-1,3
ACTTCAGGCTGATCCC-1,2
ACAAATCGCACCGAAT-1,3
TCTGATGTATTCTGTC-1,2
CTTTACCGAATAGTAG-1,2
GCAGATCCATAAGACT-1,3
TTCCTCGGACTAACCA-1,2
TTATCCGGGATCTATA-1,2
CTGGAAGACACGGTGG-1,3
GTTCGTCTAAAGAACT-1,0
GTCTATTGGTTCCGGT-1,0
CTAGGCGCCCTATCAG-1,2
AACGGACGTACGTATA-1,2
AACACACGCTCGCCGC-1,2
GCTACTATAGTAGAGT-1,2
AGCATATCAATATGCT-1,0
CGAACAGTATGGGCGT-1,2
ACAATTGTGTCTCTTT-1,2
GATCGCTACCCGATTT-1,5
ATTGCGATCAGTAACT-1,3
CAGCAGTCCAGACTAT-1,3
AGAGGCTTCGGAAACC-1,2
AAACAAGTATCTCCCA-1,5
GGCAGCAAACCTATGC-1,3
ACTAGTTGCGATCGTC-1,0
TTGGACCATCTGGCAA-1,5
CCCTCCTCGCTCGTAT-1,0
GAGCGCAAATACTCCG-1,5
ATTACATGTCAGTCTT-1,0
TTGGGACGTAAGAGTT-1,3
CTTCGGCCAATTGTTT-1,2
AGACCGCTCCGCGGTT-1,0
GACCGCGTCTGACGTG-1,2
CCAAATAACAAGATTC-1,2
TCTTTAGAGTCTAACA-1,2
CTCCCAATGAGTCGCG-1,5
TAGTCTTTCCGAATTG-1,3
GAGTAAACCGGAAAGT-1,2
GATCTCGACGCTGTGG-1,3
CTGACATAGAAATAGA-1,2
TATACCGAGTGCCACA-1,5
TCCGAACGTTGCCGCT-1,3
GCAGAAGGTAATCTCC-1,5
GGTACTAAGTGCTTTG-1,3
CAGAATATTCGTTATC-1,2
TAATCAACCAAATGGG-1,0
TCTGCTTAGAACAAGC-1,2
AACTGAGTTATACTGA-1,8
CCTCAACGATCGCTGT-1,2
CGGTACGGCAAACCCA-1,7
CAGATGTTTGTCCCAA-1,4
GTTTGTTAGCCAAGTA-1,1
ACGTGACAAAGTAAGT-1,1
TTGTCACCGCGGTATC-1,4
GATCTAACCGTATTCA-1,1
ATGGAAATTTAAGGAG-1,1
ATTGATCACCACATTT-1,1
ACTGCTCGGAAGGATG-1,4
TCTAAAGAACAGTCTC-1,5
CTGGGTTGAGTTAAAG-1,1
CCCAGTAAACTTGGGA-1,1
AGATTCACAACCGATA-1,4
AGAAGGTACACTTCAC-1,7
GCAGGAACTTAGATCT-1,7
AATCTAGGTTTACTTG-1,5
CCCGGTGTATCGGAAT-1,5
TTATCCTCAAGGAATA-1,2
AGCATCATTTCGAAAG-1,7
CGCGAGTCTGCCGGGT-1,4
TGCGTCATGACTGAGC-1,7
GTATGAAATTTCACTC-1,7
TTGGTTGCGGTGCGCG-1,4
ACAGAACTGAGAACAA-1,7
CTACTATCATAGGTTT-1,5
CCTCTATCGATTAGCA-1,7
CCGTATCTCGTCGTAG-1,0
TCACGATGTCCGTGGA-1,7
TCAACAAAGATAATTC-1,2
ATGACGCGTTCTATCC-1,5
ATTTGCGCGAGTAGCT-1,2
TTCTTGGACGATCTGC-1,2
AGACGACGATGCCGCT-1,0
GGTCTCTGAATGGACT-1,0
GCTCAATCCGTTTATT-1,0
CCAGAAAGCAACTCAT-1,3
CACCGTTAGGGATCAC-1,0
AATAACACTAGAACAA-1,2
CACCCGGTTTGTGACT-1,2
CCACCAACTTTACTGT-1,2
AACTCTCAGTGTGCTC-1,2
AAACCGTTCGTCCAGG-1,2
CAGCGATTCCCTTCAA-1,2
GCTAGCTTGAATAGCT-1,3
TTGCGGCATCAGAAAG-1,0
AATAGAACAGAGTGGC-1,5
GCCATCGAGCTGCGTG-1,3
ACACTGATCAAGGTGT-1,0
ACCAACGCTTATTTAT-1,2
GACATCGATTTATAAC-1,2
CAGACACCGATCGCTG-1,0
CCAAGAAAGTGGGCGA-1,2
GGTAGACCGTTGGGCG-1,3
TCGTTAGGAGTCCCTA-1,3
ACGGCCAACATGGACT-1,5
GTGAGTGGTACAACGC-1,2
GAGACTTCGCGACCGA-1,3
GAAGTCAGTTGCACTA-1,3
GTTTGGTAGGGTCAAC-1,2
ACGGCACTTGCTTGGG-1,3
CCTCTGTACTATTCTA-1,2
CTATTCATGTGTCCCA-1,3
GCCCGATCTGTGGTCG-1,3
TTAGAAGAACATGACT-1,3
AGGATAAAGTCGGGAT-1,0
CGGCAAACATCGTGCG-1,2
CTAGTTACAACCCGGT-1,0
TTCGACAGAGCCCGTG-1,2
AAGCATACTCTCCTGA-1,3
GACGACGATCCGCGTT-1,3
GGTAGAAGACCGCCTG-1,5
GAGATGGGAGTCGACA-1,2
AACGATAATGCCGTAG-1,3
TGGTCCCACGCTACGG-1,2
CTGCTTGGCGATAGCT-1,3
ATCGGAGACAGACGGC-1,3
TAGCGTCCGGTGTGGT-1,3
GTTGAGTCCCGCCGGT-1,5
AAATAGGGTGCTATTG-1,0
AAGTGTTTGGAGACGG-1,3
AGCACTACCTCACCAG-1,0
TGCCTTGGCCAGGCAA-1,2
TCGTCTTAGGCGTTAA-1,2
TTCTGACCGGGCTCAA-1,0
CAGAACTTAGCCCTCT-1,5
AGCTCCTTCGCACATC-1,3
ACAGGCTTGCCCGACT-1,3
GCTATACGTCTCGGAC-1,3
GAGCCAGCTACCTGTG-1,3
TGCTAAGTGTCTATTT-1,0
GTCCTACGAATAGTCT-1,3
CAGTGTCGGCTGGCCC-1,0
CTATCGACGAAATACA-1,3
CATCATTACCCTGAGG-1,2
TAAGTTGCGACGTAGG-1,3
AGTGCACGCTTAAGAA-1,3
TGTGCCGGTGCCGGAA-1,3
AGGAGGCCTTCGCGCG-1,3
TCCGCGGCCCAATGAA-1,0
TCCGTTAAGCTAATAT-1,0
AAATCTAGCCCTGCTA-1,3
CGCAGGCGATCCAAAC-1,0
CCATATGGAAACTATA-1,3
CACCGTATCCCATCCG-1,3
GGTCAAGACTACTTCG-1,2
CCCGTTTCGCAGATGT-1,2
GTTATAATACGGTGAA-1,3
ACTTGTGGATGGAACG-1,3
GTTCGCTGAGACGTCT-1,5
GACACTGGAACCCGAT-1,3
CCCAGGTCTGAAGGCT-1,2
TCTCGAGGAGGTTCGC-1,5
ACTATCTGCCCGCGTA-1,2
CCTAAATTGTATCCTA-1,2
AGAAATTATGACTCGC-1,2
TCCAGCGCTATAAGCG-1,2
TCGTGTATTGGTCACG-1,3
CCACATACTGCACCCA-1,2
GTTGCGGACGGTCAGG-1,0
GTATTTAATGGCATAA-1,2
GTCGATAGGTGACTTT-1,0
AATAATCTTCGTATCG-1,3
ATTGTTCAACGATCCG-1,2
GTGCAGCGTAGAGTAG-1,2
TGTGGTAGGGTGCCTT-1,3
TGTGGACTATCTACGT-1,2
GGCGGGCTCTAAGAGT-1,8
TGTGCCAGAGGCAAAG-1,4
TGGCTTATGTATAATG-1,1
GCAAGCTGGAAACCGC-1,4
GATATCAAGCAGGAGC-1,1
CACCAATCATCCGTCT-1,4
CCACATGGCTCTTTAT-1,1
GTCCTACTCTACGGGC-1,5
CTCGAGACATACGATA-1,1
TATCAGTGGCGTAGTC-1,1
TGACAGGACAAGTCCA-1,1
TATTAACACCAAAGCA-1,1
TAGGCGATGAGGTCTC-1,1
CCGCCGGAACTTCTCG-1,4
GCCATTAGCCTCAAAC-1,1
GTTAGGCTACCCGTTT-1,1
GGGTATTCTAGCAAAC-1,5
GCCCTAGCCGTCGCGA-1,1
CAGATCCTGGTTTGAA-1,1
CTTCAGTGGTCGCCTA-1,5
GGGCAACCGCACGTGC-1,2
GACCCAATTATGATAC-1,5
GAAGCTCGGACCCGTC-1,4
CGTCGGGTCTAAGCGC-1,4
GAGGCCCGACTCCGCA-1,2
TTGCCATAGCCCGCTC-1,5
TAACATACACGCGATC-1,4
CCGACGGGCATGAGGT-1,5
AATGTGCCCGAGGTGT-1,5
AGCTGTAACCTCAATC-1,2
CGAGTGAAGGTACCAG-1,2
AGTCTCACAAGACTAC-1,7
AAATTGATAGTCCTTT-1,0
TAAGTCGCCGAGTATC-1,7
GCGGAGAAACTTCGCA-1,7
GGCAAAGGCGCCAATA-1,3
ATTTCCGGGTTCTGCG-1,2
TAAACCCAGGAGGGCA-1,0
TTCGGGCGCTAGTCTT-1,0
GTGGAGTCGGCGGTTG-1,3
GCACGCCTACTTAGAT-1,5
CAATATTCTTGACCTA-1,0
CGTTTGTGTAGAGGGT-1,3
CATAGCGTTGCCCACC-1,3
TGATACATTTAGCCGT-1,0
TTCCGGCCTTGAGGCT-1,3
CCTATACCGTCCTGTC-1,0
TCGTTGCTATCCGGTC-1,2
TGGCGACTGCTCCAAA-1,3
CAGAGGCGATGCATGA-1,2
TCACAGGAGAATAAGA-1,3
GGGTTAACATTTGAGT-1,3
GCGGGCGAGCCTTACC-1,2
TGCCAATGGGTACTCT-1,2
AGGGACTCTACGCGAC-1,2
GACGCCGTAAAGGCTA-1,0
AAAGGCTCTCGCGCCG-1,3
CTGGCTGGTTGTCAGT-1,0
ACATCCCGGCCATACG-1,0
CTCTTGTCCCGCTTGG-1,0
TACGCCTCCATTCCGA-1,3
CGGAGCAATTTAATCG-1,0
AACTAGGCTTGGGTGT-1,3
GCGTCGCCAGGGTGAT-1,3
GTTGGTCATGCTATCC-1,0
GCTGGCGGCGCATGCT-1,0
TGAGCGGAAAGTGTTC-1,2
CTTTCTGTGCGGGCTT-1,3
ATCTAATATCCTACGG-1,3
AACCTTTAAATACGGT-1,2
TTCACTCGAGCACCTA-1,3
CTGCACTCCAGTACAG-1,2
CCATTTCTACCTATTA-1,3
CAAGCGGCACATAATT-1,3
GTTAACATCACTTAAA-1,3
ATATAAATGTAGCTGC-1,3
GCCTCTATACATAGCA-1,2
GTGTCGTATAGCGTTC-1,2
ATACGTACTTAGCCAC-1,0
GCTATCATACTCATGG-1,3
TATCCAATTGGTTATC-1,2
TCTCCCTGGGCAGCGT-1,3
CCTATAATGAGTGCCC-1,0
CAATGCGAGAAGTATC-1,2
TACCAATAAAGTACCA-1,0
GCTAGGCACCACGGAG-1,5
GGTGGACTGCTCTGGC-1,2
TATTCCGAGCTGTTAT-1,3
TTGAGAAGTTTAGCAT-1,2
GTCCGGACCTGAAATT-1,0
CTGTGGTCGGGAGATA-1,3
CATGTAAGAGACATTT-1,2
CACGTTTCGTACACAC-1,5
CATCCTCTCAAAGATC-1,3
GATTAACCGAAAGCCC-1,5
AACGCTGTTGCTGAAA-1,0
TTCAGCTGGCGTGCCC-1,3
TAGAGGTTCTACTTGT-1,3
GTATCAAACGTTAGCT-1,0
AATCATGTAAAGACTC-1,3
AGTCACTAGCTCTCGA-1,2
GCGAAACGATCGGGAG-1,3
CATGGATTGTCTTCCG-1,0
ATTGGATTACAGCGTA-1,2
CACACACGCTAACGAG-1,2
CTATGGGAAGCGGAAT-1,0
TGCCTAATTGAAGATT-1,2
TGGCAATGGGACGGCG-1,3
ACCTCCGCCCTCGCTG-1,3
CGGCAATAAGATCGCC-1,0
CCTTGACCACTTTATT-1,0
TCATTTAGAAGTGTGA-1,0
CAGAATAACACACGGA-1,2
TCTGAGCAATTGACTG-1,3
CAACGTGGTGGAGTCT-1,0
CACAGTTCGCTTCCCA-1,3
TCTCTCGCCGCACATA-1,3
TGGGCAGGCCACCGCA-1,3
CTCCTGTTCAAGGCAG-1,3
TATTTGATTTGCACAG-1,3
GCCACTCCTTACGGTA-1,0
ACCGATATTTAATCAT-1,2
TTATTATCTGGAAGGC-1,0
TACATGCCGGAATTGT-1,5
GGCACTCAGCCGACCC-1,5
AAACCGGAAATGTTAA-1,2
AGACAGGCATCTCAGC-1,0
GTGGTGATGGTTTGTG-1,3
CCGATATGACGTAAGG-1,8
CATACACAAAGTCAGC-1,1
TGCCGTTCTTAATCGG-1,1
TCGAGTCTACGATTCG-1,5
ACTTCCAGTGGAAGCT-1,1
CAATTGGGCCGCACTC-1,1
AAATCGCGGAAGGAGT-1,5
ATATCAATTCCAGCCT-1,5
CTTTGTCGAATGCTCC-1,5
TGAGGCATGTACTGTG-1,1
TTCGCCGCTCGCGCTA-1,1
GACTCCTTCCAATTGA-1,4
ACCGAAGAGTCTGGTT-1,1
TGGCATGAAGTTTGGG-1,1
ACGAGGTTTACAACGT-1,1
AACCCATCCCATGATC-1,1
TCGACAACTGAACCCG-1,1
TATCTTGCAATACAAC-1,1
TATTATGTTTGCCTGC-1,1
GTCAAAGAAGTGGTGT-1,1
GGGACAGAGTTACTCC-1,1
AGCAACCGAAAGTAAT-1,5
CTCTCTAACTGCCTAG-1,1
ATACGGAACGTCGTTT-1,7
TCGGTCCCGACAATAG-1,5
CGCGCAAATGTCCAGA-1,2
TCTAATACTGCCTCAG-1,7
CTCGGTTGTCGGCCCT-1,5
GGTAACCGGGAGGATA-1,4
CAGGCGCACGGTGGTC-1,4
TCATCGATGGTCCCAA-1,4
CAAAGATTATTGGGCC-1,7
ACAATGAATACGGAGA-1,7
GCTCCTGACATACTGG-1,2
GATGACAAGTAGGGCA-1,1
TACGCCGAGGGTACCC-1,2
AAGCGTCCCTCATCGA-1,4
CACTCCTATGTAAGAT-1,2
TCGAGCCAGGCAGGCC-1,2
TCGTCAAGTACGCGCA-1,2
CCCGTAGCTGGGAAGA-1,5
ACCCTATGCCATATCG-1,3
GTGGTATAGTCTGCCG-1,2
CCGGTTTGTAATTGTG-1,3
GTCGCCGTTGTGTGTT-1,2
TACTGAACAGATTTAG-1,2
TATTAACCTGACCGCG-1,2
CTGTAGCCATCTCACT-1,0
TACTATGGTTCCTCAG-1,2
GAGTCAGACCAGAATC-1,3
TAAGGCATAACATCAA-1,2
CTTCCGCTCCGTGAAG-1,3
GGGCTATGATCGATGG-1,2
GGTCGGTCGTCCACAG-1,3
GGGACCCGTATATCTT-1,3
GAAAGCAGTGCACTTT-1,3
AGCGCATAATGAATCG-1,0
GCTGCTAAGTAGTCGA-1,2
AATAGTCCGTCCCGAC-1,3
AGCAGCCAGATGAATA-1,3
CCTCGCGCTGTGCGAT-1,3
TTGTGTATGCCACCAA-1,3
TGCTCGGCGAAACCCA-1,3
CGATTAAATATCTCCT-1,3
TGCCGTGGATCGTCCT-1,3
GTGGACGCATTTGTCC-1,3
ACCCGGAAACTCCCAG-1,3
CCGCATGTGGTACGAT-1,0
GCAAACCTTGGCCATA-1,0
ATTCACTGATGTTGGA-1,3
ACTCCCTAATGCTAAA-1,3
TCCTAAATTGGGAAGC-1,3
GAACAGATTACTAAAT-1,0
ATACAGGCCCTCCAAT-1,3
CGATTCGCCTGGCTGC-1,3
TCCGCCTGTCTACAAG-1,2
CACATCTCACCGACGA-1,0
CGTCGTCCTTCGCGAA-1,5
CGTTGAATACCGCGCT-1,0
ACCAATATGCAAGTTA-1,3
ACGGATGGTGCGGATA-1,2
CACCCTAACAAGATCT-1,2
AAGCTCTTTCATGGTG-1,3
CATGGGTATGCCTTAT-1,5
GCGCGTCATTGGTACA-1,2
TCTGAAGCACGTGGTC-1,0
AAGTTCACTCCAAGCT-1,0
TTGGACCTATAACAGT-1,0
ATCAGCCTCATGCTGC-1,3
AGTACTCTTATGCCCA-1,3
GCGCTTAAATAATTGG-1,3
TTGTGAACCTAATCCG-1,2
AGTCGTCGACCACCAA-1,0
TCCTTTAAATCCGCTT-1,0
ACTGAAACGCCGTTAG-1,3
GCACACACTGGTAGCC-1,3
TAAGGGCCTGTCCGAT-1,3
GCTAGAGTAGAGATGT-1,3
CACAGGGCCATATAGT-1,2
CCATGCCCTAGATTTC-1,3
TCGCGTAGCAGTGTCC-1,2
GACGAGGCTAATAAAC-1,0
CTACACTCGCAGATGG-1,0
ACGCATACGTTTACTA-1,3
GGAGCAACATTTCAAG-1,3
CGAGAGGGTAGCCGCG-1,3
TCGTGTTCGACCACAA-1,5
TCTACCCAATAGAGAG-1,2
ATAAACGTTGCACCAC-1,2
TCAACTGCAGAGTCAG-1,2
AGCTCCATATATGTTC-1,3
GTAACATCTAAGATAA-1,3
CCGACAATAGGCCGCC-1,2
ATGCTTAGGAGTTGAT-1,2
AACCCGAGCAGAATCG-1,2
CGGGTTTGTTAGGGCT-1,3
AGGCACGTGACTGTCC-1,0
GACAAGAGATGAGATT-1,3
AGCCCTTGGACATCCC-1,0
GCAGTTCGATCCGAGC-1,3
TCGAGGGCAACAGACG-1,0
ACTTTGTCGACGCACT-1,5
GAGTATCAAAGTTACA-1,2
CCAGGCTGGCGTCTGA-1,3
GGACTCTTCCGGTTGA-1,2
TCCCAGCACACGACAT-1,3
GCTCCATGAGTGCAGA-1,2
GCAGTGCGGGCGGATG-1,0
GCGTTCTGACTAAGCG-1,8
ATTTGGAGATTGCGGT-1,1
AAGGGTTTGATTTCAG-1,1
CCGGCCGCGAGCATAT-1,1
GAGTTCTGTGGGTGCT-1,4
AAACGAAGATGGAGTA-1,4
AATTACGAGACCCATC-1,1
CCTTTGAATTATGGCT-1,4
CATGGTATTAGTTTGT-1,1
AACGAAAGTCGTCCCA-1,4
ACATAAGTCGTGGTGA-1,1
GCACAACCTCGGGCGT-1,4
ATGCACGCGCTGTTCA-1,1
CGATGTTGTTATCTAC-1,1
GTCTCCTGCCAGTATG-1,5
GATGCCTTCTGCGGCA-1,5
ACCGGTCAGGTACACC-1,4
GTGGAGCGTTTACCGA-1,1
AGGCGGTTTGTCCCGC-1,4
TCCCTGGCGTATTAAC-1,1
AAACACCAATAACTGC-1,5
TGGACGCAATCCAGCC-1,4
GGAACCTTGACTCTGC-1,1
GTATCTCAGTCTTGAC-1,1
GCTGAATCTTCCAATC-1,4
AGATGCAAGACGTGCA-1,1
TTAAGGCCCGTACTTT-1,1
AGTATGCTGGAGACCA-1,5
GCGGCAAAGTATTGCC-1,4
GCGCAAATATATTCAA-1,4
GAAGAAACGATATTGT-1,1
GGACCTCTAGGCCGCC-1,5
AACAGCTGTGTGGCAA-1,7
TCGAATATCCCGCAGG-1,4
GCGACCCAACCATCTG-1,7
AGAGAAGGAGTACAAT-1,4
GGCTCCTCCACCTGTT-1,5
TCAGTGTATACGTCAT-1,3
ATTATTATGTCCGTCA-1,2
TTAGGTCATAACCGAC-1,3
AAGATGGCACCGGACC-1,0
CTACAAGAAATAACCC-1,3
ACTATTTCCGGGCCCA-1,2
TTGTTTCACATCCAGG-1,0
CGCTGTGTGGATGTTG-1,2
TCAACATAGCGCCCTA-1,2
GGCCGTTTGGGTTTCA-1,2
TACTCTTTCGTCTTCA-1,5
TTCGCGCGCCATACGA-1,3
CGGAAAGAATCAAACG-1,0
AGGCAGGGAGCGTACT-1,3
CCTTTAAGGGAGCACT-1,3
CGCCCAGCACGCCTAG-1,2
AGTATTTGGCACGACC-1,2
TATCCGCACCGTCGGG-1,2
ACCCGTGTCATCAGTA-1,3
CAACTGCTCATCCGAT-1,2
CCGGAGCGTACTTTCT-1,0
TACCGTAGGTTAACTA-1,3
TGAGGAGTGCCAGCTT-1,0
CCAGTCTTGTCATAGA-1,3
GGGCAGAGCAATCGTT-1,3
TACCAAATAGCCCAGA-1,2
TACCTACTCCCAGTAT-1,2
TGTGAGACTAGCCCAA-1,0
ATACCTAACCAAGAAA-1,2
GTCGGGAAGCAGAAAC-1,0
AATTAACGGATTTCCA-1,2
GAACCCTCTGTGTTCT-1,3
ATATAAAGCGCTCGTG-1,0
CCTGGTCGAATGTGGG-1,2
CTAGGTTCGGACGTGA-1,0
TCGGGAGACAGCGTAC-1,2
CATAAGAAGCTTGGCT-1,3
AAGCACCCTGCGTATC-1,2
AGTTTGCACCTGCCTC-1,2
GACTGCAAATCGAGCT-1,2
GTGTATATCAGCGGGC-1,3
CTTCAACTCCACTTGG-1,0
ACTTACGCATCCACGC-1,3
CATGAGATGCACTCTC-1,3
GAGCACCTGTGTCCAG-1,0
CGCGACCGCGACAGAT-1,0
GTCCCGCGACGTTATG-1,2
GCAGTGTGGCTATAGG-1,3
ATACTGCCTTACACCG-1,3
TACAGAAACGGTGGGC-1,2
GGCGCGGAGATCTTTC-1,2
CGTTAATGTCCCGACG-1,3
GCTAACTGAAGTCTGA-1,2
AGTGATAACCTGCGCG-1,0
TATGATCTTCTCTTTA-1,3
TGTACCTACACGAGGG-1,3
ATATCGTTCCTCGAAC-1,3
CGGCGCCATCAATCCC-1,0
CCTGTTTGAAGACACG-1,3
GCCACTCAGAGCGCGA-1,0
TCGGCTTGTATCGACG-1,3
TAGATGGTTCCTTACT-1,0
ATCGTTAGCTAGCGGA-1,3
ACAGCGACATTCTCAT-1,3
ATTCAACCATTTAAGG-1,2
CACTCTTCTGCTAGCC-1,2
CTAACTGATAATCGCC-1,3
TGATGTCAATTAAGTG-1,3
CGCCGTTCAGCATAGT-1,5
ATACTACCCGTACCAC-1,3
CCACTGTTTGGATTAA-1,3
CACTACGGGAGCTGCC-1,0
GACCAAACGTTGACTG-1,3
AAGAGGCCCTTTGGAA-1,2
ACACGTAGGCCACAAG-1,2
TACTCTTACTTTACTG-1,3
AGAGCCGCCGAGATTT-1,2
GGCCTGCTTCTCCCGA-1,0
TCAAGCGCGGACGGTA-1,2
ACACTGGGACAGTCGT-1,0
TGTGTAGTAGCACGTG-1,3
CTAGCCACAGGCGAGC-1,0
CTATCGCGTAGAGAAC-1,2
GTTCCCGTAAACATAT-1,0
TCTTTCCTTCGAGATA-1,3
ATATTGGAGAGGCCTT-1,2
AGGCGATAACTGGCGT-1,0
ACCCGGAGCACCACAA-1,3
TGAGCTCAACTGTATA-1,3
ACGACCCATGAGTTGC-1,2
CGGTCAGTCCATATTT-1,2
TCCGGCTGTCGGGTCG-1,8
ATTCCCGAAGGTACAG-1,4
CTAACAGCACAATAAC-1,4
TTGTGCGGAAGCGGAT-1,1
GGGCACTATTGACCAT-1,4
CCATAGAGGCTGCCAG-1,4
CCGAAGCATTGACCAA-1,1
TACTGAGGGAAGAAAG-1,1
TATGTAGAAACCCGGC-1,4
TGGTTAACTTACATTT-1,1
AGAACCCTCAATTGGG-1,1
CCTATATCGTGTCACG-1,1
ACGGCTGGATGTAGAA-1,4
CTCGCATTGCATAGCC-1,1
ACTTTGGTCGTGCTCC-1,1
GCTGGTTTAGGCCATA-1,1
TGTCGTTATCACATAT-1,1
ACACATGATCAAATCT-1,4
TATCCATCTCGGTTAG-1,1
CTCGTCGAGGGCTCAT-1,1
ATCAATGCCGTGGCTG-1,4
GAAACATAGGAAACAG-1,1
TAATAGGTCACCAGAA-1,1
CACCAGTCAGCATGCA-1,4
GAGCGCTGTTAGGTAA-1,1
CCCTATGTAGAGCAGA-1,1
GATCGCTATATCTCAG-1,1
AAGGGACTATGCATTC-1,5
CTCGGGTTCTCTGGCC-1,4
TATATATCGAGAAATG-1,4
ACCCGAGCGAAATTAC-1,1
TTGTTTCATTAGTCTA-1,7
ATGGGACCTGCTGAAC-1,1
TGCGACGGCCGAACGT-1,5
AGCTAACAAGCAATGT-1,5
CGTGTCTCGTTACGAC-1,0
CTAAATCCGGTGTACA-1,7
GAATAGTGCTCGATTA-1,0
AACAATACATTGTCGA-1,3
CACATCGTGCACGCGC-1,2
ACCGTGACCACGTGGG-1,3
CCCAATGAGATTTGCA-1,2
TCAGCAGTAGGCCCTG-1,3
CTACTCAAGGTATAGT-1,3
TAGTAGCTTATACCAG-1,3
ACGTTCGTTCAGGAAA-1,5
TTAGAATAAGGGTCGG-1,0
TTCTAGAAAGTCTTAT-1,0
CCTTCAGTTAAAGTGA-1,2
TAGCTAGTGATGATGG-1,0
AGCCCGGTAGCCTGTA-1,0
TACCTCAGTTGTCTGT-1,3
GACGGGTTGGCCCGTA-1,0
GAAACCTATACAAATG-1,5
TCCACCTCTAGCCTTT-1,2
AAGACCCAACTGAACA-1,2
CATACACGGTTCCCAC-1,3
ACTACGCGTTAGAATT-1,3
CTTGGCCAAGCTGGGA-1,3
TTACCCTAGGGATTGG-1,2
TTCGCACTGTACGACA-1,0
TAGGTGTTCCACAGAT-1,2
GAAGCCTGCACATTCC-1,0
GGCTTTCAATAAGGGT-1,2
TCCAGGGTATATACGA-1,3
CTCGCCGAATGTAGGG-1,0
AGGAAGCTGTCCGCCG-1,2
GTCTCAAGGCCCGGCT-1,0
ACCGACACATCTCCCA-1,3
TATACGCGTCATCACT-1,0
ATCTGGGCTGTTCTTG-1,5
TCAAATTTGAGACTCA-1,0
GTTAAGGGTGCGATGT-1,0
AGCAAAGGCCGCTAGT-1,0
TTATAGGTAATTGTCT-1,3
TTGTGCAGCCACGTCA-1,2
ACGGACTCTCAAAGCG-1,2
ATGCTCTGGCGCGGTA-1,3
ATAATCTTGGAGAACC-1,0
CTCATTGCTCTAACAA-1,0
TAGGTGACGATAACCT-1,0
CGGATCCTCAAGGACT-1,2
GGGCGTGGTTTCCCAG-1,0
TGGCTATGTGACATAC-1,3
CTTAGTGTAGTAGCAT-1,2
GGATTGCTGTGACTCC-1,3
ACTTCCATGCGGGACA-1,3
ACTCAAGTGCAAGGCT-1,3
ACAAGGATGCTTTAGG-1,3
TTGAACGACGTGCTGA-1,5
ATTCATCGTTGAGGCA-1,3
TGCAACCCATCTGCGG-1,3
AGTGCTAAACACAGCA-1,0
AACTCCAGAGCGTGTT-1,3
TCTCCACAAGTTGAAT-1,3
CTTTGCATCGCTCTTG-1,0
TCACAAACCGAGGTAC-1,0
CCGTAGGAAATCCCTG-1,0
AAACATTTCCCGGATT-1,2
GCCTCCGACAATTCAC-1,0
TCTGCATACCTTGCTT-1,0
ACCCATTTGTCCCTCT-1,0
CTGCAGAGAATCAGAG-1,2
GGAAACTAAATGGGCC-1,0
CAACCTACCGAGCAGT-1,3
CCGTAGGGTTGTTTAC-1,3
GGTTTGTGACCTGAGG-1,0
TAACCTAGGGAGTCCA-1,2
TTCCATCGACAGCGTG-1,5
ATCTCCCACGGAATAT-1,3
GTTTCAAACGAGTTGT-1,3
GGAACTTTGGCGATTA-1,0
CTGCAAGCACGTTCCG-1,3
CACAGTCCCGCTTCGC-1,5
TACGCTCGGTATTGGA-1,0
CTGGTAAAGTGTGGGC-1,2
CAACCAGTGGCCTACC-1,3
TCTTCGCGGTGAGAGG-1,2
TTCGGGTTGCCACGGG-1,2
ACCGATAGGCATAACC-1,2
CTTATAGATGGCTGTT-1,2
AGACGCCCACTTCGCC-1,0
AGGTCGCCTCCCAACA-1,2
CCTCACGTCAGCTAAT-1,0
CCACCTGTATGGAATA-1,0
GGACTCGAAGCTTTCA-1,0
AAGCCGGAGAGCAGGA-1,2
GCCTATCAGGTAAGAT-1,5
TCAGAGTGTGAGCATG-1,8
AAACATGGTGAGAGGA-1,1
ATCATTGTACCGCATT-1,1
TCAGCTTGAGCTTTCG-1,1
CCGCGCAAGATACCCA-1,1
CTATACTTAAAGCGAG-1,4
ACCGTCCACTGGGCCC-1,1
AAGACCAAATAACTCA-1,1
TGTTTCTGAAGCGTGC-1,1
TTCTCTTACAGGTGAT-1,1
AATTCATTGTCATGCA-1,1
GCCCGAGAGTCTAAAT-1,4
ATATAGAGTATTGGTC-1,4
TTGAAGGATGGGCGCC-1,4
TAGTACCACAACTTTC-1,1
ATCCCATCCACAGCGC-1,1
CTTAGGTATAGACCAG-1,4
TGACTCCGAATCATAC-1,4
ACTACATCCCGACAAG-1,1
TTGCCGCAGACCTACA-1,4
TAAGAGGGACAGGGAC-1,1
CGAATGAAGTCATTGC-1,1
AAGGGAACGACTGGCT-1,4
CGAATCTGCTCGACGC-1,1
ATCGTGGAAAGTCTGG-1,1
CCTATGGCTCCTAGTG-1,1
CGTCGCTTGGTTATAC-1,1
TGCTTAGAGAGAATGC-1,1
GATTGCTCCAGTTGCA-1,1
CGTGCTTCTACCTAAA-1,5
ACTCCAATATCATCAT-1,1
GCCGACCCACGACTGC-1,1
GAGGGTAGTAACAAAG-1,4
GGCCGAGACTCTGGTG-1,1
TATATAGGGCTTTACG-1,7
TGCCGGATGTACGAGC-1,4
AGGTAGATCGAGATAT-1,7
GATCAACATAAAGGGA-1,4
TAACAGCGTTTGTGCT-1,2
CTATAGGCGTTGATGT-1,0
GGTTTAATTACCATCG-1,0
CTCTTCTGGAAGTTAG-1,5
ATCTGACATGGAAGGA-1,2
TACGTACTAGTGCTGA-1,5
ATGACTATCAGCTGTG-1,2
CTTTGGGATTGTTGCA-1,3
AGACTGTTACCGGGTC-1,3
TCCTAACCGTCGGGCA-1,2
ACGCAAACTAATAGAT-1,2
AAGTGAGTCGGGTTTA-1,0
TAAAGCGGTATTTCCA-1,0
CTCCTCCAGCTCACAC-1,0
CGGTCCGTCGCAAGCC-1,3
CCTATATTTGTCCTGG-1,2
TCCAATAAAGGCTACC-1,3
AAAGGCTACGGACCAT-1,3
CGTGACCAGTCCTCTG-1,3
GATCTGCTATCTAAGG-1,0
CGAATGACGCATAATG-1,3
GCTCAATGTAATACCG-1,2
CTATGCCCGAATGCAA-1,5
CACAGGGCCGTTGTCA-1,3
TCAATACGCCGTCATG-1,3
AGCGGACACTTCGTAG-1,0
ATACGTTATGCACGGA-1,0
GAGTAGATACTAGTTG-1,5
CCAGCTCGAACGCATT-1,5
TGCTTCCCAAGCAGTA-1,2
GTAGACACGCCTGACT-1,2
CTCACATTTACTAAAT-1,2
GAATGCGAATCGGTTC-1,0
TAAGGCCCGTCACCCT-1,2
GAGTATGCGCGTGCAT-1,0
ATCCACATCGACAGAA-1,3
TAGACGAAACGCCAAT-1,0
CAGCAGTCTGTGCTGC-1,2
CTCACTGTGATACTTA-1,3
TTAATTGCTTTGGGTG-1,2
GTAGTCTACGATATTG-1,3
TTGCCGCTTTCTAGTA-1,3
GAACCTTTAACGATCC-1,0
TGGACCAATCTAAGAT-1,2
CTAGTAGAAAGGGATT-1,3
AACCTCGCTTTAGCCC-1,2
GAGTGTCAACCAGAAA-1,3
GTGATCCTTGTCATGA-1,3
CTCAACTAACCCGGAT-1,3
AGTGGCGTCTGAAGGT-1,2
GGGAAGGGCTTTCTCA-1,3
AGGCCTGAGAATCTCG-1,3
AGCCACAGGTTACCCG-1,3
TGCAATCTAACACGGT-1,2
GTTTGGGTTTCGCCCG-1,2
CCTATGTCCACTCCAC-1,3
CTGCCTTTCTAGTAAA-1,0
TTAGTAAACCTGCTCT-1,0
TTGTGGTGGTACTAAG-1,3
CCTCCTGTTGTGTCGT-1,3
ACAAAGCATGACCTAG-1,0
ATAGCAACTAGGGAAG-1,3
CCGCTCTTCCGAACTA-1,3
TAGAATAGCCGATGAA-1,0
GGTCTCCGTCCAGGTT-1,2
TAATTACGTCAGTAGA-1,0
TACGTAAAGCGGAGTG-1,3
GCTACAATCGAGGATA-1,2
TCAGCCAATCCGTAAA-1,3
ATCATAGCCCTATGTA-1,2
GAGGCCTGTTGATACA-1,3
ATATACGCTCGTGACG-1,2
CCCTTTAATGGAGTTC-1,3
TTACACGATCTGCGAC-1,2
TCGCATAAAGGGCGCA-1,0
TGTAGCCATCCCATTC-1,3
GGGTCTATCGCTTTCC-1,3
GGAGGGTCAAGTAAGA-1,2
TACGGCATGGACGCTA-1,3
CACGTCAATCAATGGA-1,2
CGCTTGGACGGATAGA-1,3
CGCGGTACGGTATACA-1,2
CCTACTCAACACGATT-1,5
CGTTTGGTGTTGTGGG-1,5
GTTGTTGCAAGATGGC-1,5
CATTCGTCGTAGCGGT-1,3
CAGCCTCGATAGCGGT-1,7
TCATAAGTCCAAGAAG-1,7
AAAGTGCCATCAATTA-1,7
GTTGCAGTCGACAACA-1,2
TAAATGGGCTACTGAG-1,8
GGACAAGCCATGATCG-1,7
TCCAATGCGTCGCCGC-1,1
AAAGAATGACCTTAGA-1,4
CCTATTATTCCGGCCG-1,1
CAGTAAGGGACGTCTC-1,4
GGGATGGACCCGCGTC-1,1
GACGCATACCCGTCGG-1,1
GGGCAGGATTTCTGTG-1,4
TATCTGAGCCGATATT-1,1
AATGTATGGCACTGTA-1,4
GCCTTTGTCAGTGGAC-1,4
AACCATAGGGTTGAAC-1,1
AAACTTAATTGCACGC-1,1
TAGGCGGCTGCAAAGA-1,1
TCCATCAATACTAATC-1,5
ACCTCGAACTTATGCT-1,4
ACAAACCATGCGTCCT-1,5
ACACCGGTCTGACCGC-1,5
ATGGCAGCATTACGAT-1,4
CTGGTGAATGGGCCTA-1,1
CACAGAGACGAGGACG-1,1
GCACAAACCCTAGATG-1,4
ACTATGTCCAGCTGCC-1,1
AAGCCGCCGTGAAATC-1,1
ATGGGTGTATACCTCC-1,1
TAAGCGCGAATCAAAT-1,1
AGCCCGGCATTAGAGG-1,5
GTGATCAAGCGTGCAC-1,4
CTGCCTTTAATACCTT-1,4
TACCTCCACACCAATG-1,1
GAGCATCAACAACTTG-1,1
CATACGAACTAGCTGG-1,5
GGGAACGGTTTCAGAT-1,4
AGGGTGCCGTTCTTTA-1,1
ACGACTGGTCATACTC-1,7
GGATCTTACTGCCCTT-1,4
TACTCCTCTAGTTGAC-1,2
GTAGCTCCGGGAGGCT-1,7
GGACTCGTGAGTGGTC-1,4
GTAGTTCGAAGGCGAA-1,5
CTCAAACCACTGCCCG-1,7
GAGGGAGTCAGATCGC-1,7
GCGTCCCTAAGACATA-1,2
TCTCTTACCGCGAACC-1,2
GGCTACTATACACTCC-1,3
CGTTGCCCGCGTGGGA-1,2
TATAGAGTCGCTTGAA-1,2
ATGTTGTAGTCTGTTT-1,2
AGTATACACAGCGACA-1,0
TGTGGTTGCTAAAGCT-1,2
TGATTCCCGGTTACCT-1,0
CACTGACGATTGTGGA-1,3
AACATTGTGACTCGAG-1,5
GTCCAATATTTAGCCT-1,2
GCTCTTTCCGCTAGTG-1,2
GGGTCAGGAGCTAGAT-1,3
AGGTGGTGACCTTCGC-1,2
CCCGGGTCGTTCAGGG-1,3
AGCCAAGCTTTGTGTC-1,2
TGTGGCGGGCTTCTGG-1,2
CGAGGGTATCCAGGTG-1,2
CGTTCAGACCCGCGAA-1,5
TCATATGAGCTTTGTT-1,0
AGTTGACGGTCCTTGC-1,3
ATAATTAGCTAAGTAG-1,2
GGTCTTGAGCGCTCTT-1,3
CGTTGTCGGCAATTGA-1,3
TCTTGCTCCCGATACT-1,2
AGCAGAAGGAGAAAGA-1,2
GAAGCCACTGATTATG-1,2
TGCTCTTGAGAGTTTG-1,2
GACATCCGTCGAACTG-1,0
AGATATAATACGACTA-1,2
TCGCTACTGGCTTTGA-1,5
GTGACAGCTTCCCACT-1,2
GTGACGCAGGTTTCAT-1,2
GGGAAGACGGTCTGTC-1,3
CGTCGCATGTGAGCCA-1,2
AGAAGGTTGTAGGTCG-1,0
GGCCGGCGTCTGCTAT-1,2
TTGACCAGGAACAACT-1,3
AGTCGTATAAAGCAGA-1,0
GGCGTAGGGAAAGCTG-1,2
AAACCTAAGCAGCCGG-1,0
ATTGCCTTTATGTTTG-1,0
CAGGCAGTCTTACCAG-1,0
AGCTAAGTACGCAGGC-1,0
AAATCCGATACACGCC-1,2
CGAGAGCTTTCACTAC-1,3
CGCCCAGCGTTTCACG-1,0
TTAAGTATTGTTATCC-1,3
AAACGGGCGTACGGGT-1,0
GTATCCTTTGGTAACC-1,0
CATAGTCAAATACATA-1,5
TCTATGCTATAACGAC-1,5
ACGTTCTGTACAAGTC-1,3
CGCGAAGTGGCATACT-1,2
ACCAACCGCACTCCAC-1,2
GTCATGCGCGAGGGCT-1,2
TAGGCTAAAGTGGCAC-1,2
TGGCTACACTCTACCT-1,3
TGTCCACGGCTCAACT-1,5
AATTGCAGCAATCGAC-1,3
GTCAACCAGGCCTATA-1,3
ATCTTATCGCACACCC-1,0
GTCTATTGCATGCTCG-1,3
GCACGTGGTTTACTTA-1,0
ATTCGCGCCTTGAGAG-1,2
AGCGATGCGCCTAATA-1,3
TCTATAGGTGGGTAAT-1,0
AGATACCAATAGAACC-1,3
CGTGTATGGGAGCTGA-1,0
ATGTACATGCGGTGAG-1,3
TTGGCTCAATATGTGT-1,2
GTTCGGAGCACTCAAC-1,2
TCCCTCTTCTCAAGGG-1,0
TTACGTATCTATGACA-1,2
CCCATATAGGTCGATT-1,3
GTCCACGTCGCATTCG-1,0
AATTGTGGTTGCCAAA-1,3
AGGAACGAACGACTTC-1,2
TAATTCCAATGCTTCA-1,0
AGGGCCCTAATGTTCT-1,2
AGGTGTTGCCGACCAC-1,2
CTGAGAGTAGAAATAC-1,2
TAGAAGAAGGGTTACA-1,2
GGTGACTGATAGAGAG-1,5
TACCCTCGGTAACCCT-1,8
TGTAAGACTGATAAGA-1,4
GTCACTCATGAGCGAT-1,5
CGGTTTACTGAACATT-1,1
GAGATCGATCTTACTC-1,5
TCTTTCATCCGTCCTT-1,4
TCGGATCTGGATGACC-1,4
GTCCTAGGATACCTTA-1,4
TGTACCCGACCCTAAT-1,1
AGGTTCTCCTTTCCGG-1,5
AATTGCGTGGATTACA-1,4
CGATAGCGATACAGTG-1,4
CGCCCTAATTGTTCAA-1,1
ATTATGAGACCCAATT-1,1
CCTCCTAGCTAGAGTC-1,4
CGAAGGGTTTCAGATT-1,4
CACAAGCTAAGAAAGG-1,1
CACCGGTAGAGACATT-1,1
ACTCATGGCAGCCTTC-1,1
CATCCAATATAGTTTG-1,4
CAGATATGAAGATGAC-1,1
GCAAAGGGCGTTAGCC-1,1
CTGTTGTTCAGTCGTA-1,4
AAAGGCCCTATAATAC-1,1
AACATTGAAGTTGATC-1,4
GCTAGCGATAGGTCTT-1,4
ATTGCCTATTAGACCG-1,1
GGGCGTTTACATTCAT-1,1
CCTCTACAAGGATTGG-1,1
AGTGACTGTGACACAA-1,5
AGCCCTCCCTGGTGGC-1,5
CGGTTGAGTATCCTTC-1,4
CATTATCCCATTAACG-1,4
AATGTGCTAATCTGAG-1,1
CTTAGTTGAGGAATCG-1,4
CTTCTGGGCGTACCTA-1,5
AGTCAAATGATGTGAT-1,1
TGAACAAGCAGGGACT-1,4
AATACCGGAGGGCTGT-1,2
GTTTGGTGATCGGTGC-1,4
GACTGCTGGTGAGAAA-1,1
CGATCCTCGCAACATA-1,4
CCAACCTTATGTAACT-1,7
CGTGGTACCCAAAGGC-1,0
AACCCGACAACCCGTG-1,2
TATGTAAAGTGCTTAA-1,2
GCAAGTGTAAAGCATG-1,4
GTAACTGCCCAAGGAG-1,3
GGTGCATAAATGATTA-1,2
TAGTCCCGGAGACCAC-1,0
CGGCCAGAGCGACCAT-1,2
TGAATGAGTGTTTCCC-1,2
TTCACTTCCTAGAACG-1,3
CGCTTAGTATTGATAC-1,2
AACGCGACCTTGGGCG-1,2
GTGCACCAGCTTCAAC-1,3
TTCTATTAAACGCAGC-1,0
TGGCAAGCACAAGTCG-1,0
ATCTGCTGTTATCGCC-1,2
AATTCCAAGCATGTAC-1,2
AAACGGTTGCGAACTG-1,0
GAAGGAGTCGAGTGCG-1,3
GGCAAGCCCATAGTGG-1,3
TGACCAAATCTTAAAC-1,2
TTCGGTACTGTAGAGG-1,3
ATGTACGATGACGTCG-1,3
ATCTAGCTTGTGAGGG-1,3
AGCGGGTCTGACACTC-1,0
GAGGTACGCGTGTCCC-1,2
GCACTGCCTACCTTTA-1,3
GGAGCGAGGCCTACTT-1,2
AAACTCGGTTCGCAAT-1,2
GGCGCTTCATTCCCTG-1,3
TGCTCGGTGGGTCACC-1,2
AAGCGCAGGGCTTTGA-1,3
GACCTTCCACGTCTAC-1,3
GTTAGCCCATGACATC-1,2
AATTCGATTCGAGGAT-1,3
AGTCTTTAAAGTGTCC-1,2
GACTAGGCCGTTAGGT-1,3
TCCAAGCCTAGACACA-1,2
GATTGGGAAAGGTTGT-1,2
GATGAGGAACCTTCGG-1,3
TGAATACCGACGCGTA-1,0
AATCGTGAGCCGAGCA-1,3
GCGAAGAATCTGACGG-1,3
GAACAACTGGGATGAA-1,2
TCGCCGACATATTCGC-1,3
CGTAGAGAGTAATTAT-1,5
CGATAGTCGTACTGCA-1,0
CGCATGCCGAATGCGT-1,3
CTCTAGCCCTCGGAAA-1,5
TCCAACTCAGCTATCT-1,3
GTCTAGTGAGCCGCTT-1,3
TACCGAATAATTGTAA-1,3
ATATAACACGGGCGCA-1,2
GCATGCTAATAACGAT-1,5
TCCGGGCTTGACGGGA-1,0
ATTATTCAGAGTCACT-1,3
TAGCAGTATGACTAAA-1,2
TATGAAGAATTAAGGT-1,2
CAAGGCCAGTGGTGCA-1,2
TGCGTACGGCTAATTG-1,3
CAGATAATGGGCGGGT-1,2
GAGAACGGTTCTGACT-1,0
CGCTTCGGTCTAAGAC-1,3
AGCATTACGAGGCAAG-1,2
AAGTTGTGATGTTATA-1,2
TTGCTCATAGTACGTG-1,3
TACTTAAACATGTACA-1,2
AGTGAGTCGAATTAAC-1,2
TAGGCCTATATAGTCT-1,2
ACTCGCCGTTCGATAA-1,2
GGTACGTTGCGGCCGG-1,3
TATTGCCGGGCTTGTA-1,3
GGTAAACTCTGCGCTG-1,2
TCCCTTGTCTGAAACT-1,2
CATGATCGCTTTGAGA-1,0
GGACGGGCGACCAACC-1,3
GAGAGGCCTATGTGTA-1,2
TCGTAACTCCCAAGAC-1,2
CGTATCTAGAACTAAG-1,5
GCACCTTCCCGAAGGT-1,0
TACCTCTTTACCATCC-1,0
TGACTCTAACTGGTAA-1,2
GAGAAACTGGATCCCA-1,7
ATCCGGACCAGCCTGA-1,7
TTATTTAGGTTCCTTA-1,0
CGAATTCCCGGTTCAA-1,8
TAGTTTGATCGGTCGC-1,2
AGTCGAAACGATTCAG-1,4
ACGTCGGGCAACTCGG-1,7
ACTTGCTCTATCTACC-1,4
ATTACGGGCTACGGTT-1,4
GCAAACGTAAGCGACC-1,1
TTCGGACTGGGCATGG-1,4
GGGCCATTCGTGCTGG-1,7
GAGTTGTCACCAGTCT-1,5
AGTAATTTGCAAGCGT-1,2
GTGGCCGGTTTCTCGG-1,7
ATCTTAGGGCATTAAT-1,1
CTACATATCGCGGGAC-1,4
ATGGTATTTACTGATT-1,5
CCGTCAACCTCTGGCG-1,1
GCTTCGACGTTCAATC-1,1
GACCGATTAAATATGT-1,1
GTCGAATTTGGGCGCT-1,1
TCACGGCCCAAGAGAG-1,1
CTACGATCCTATCCTA-1,1
TGCAGTGGTAGGGAAC-1,4
TTGCCTAATCCAAAGT-1,1
AGCGAGACGTGAAGGC-1,1
TTCTACCTCAATCGGT-1,1
TACGCTGCTGTGTTAA-1,1
TAGTCCTGCACTAAGC-1,1
AGCACACGTTTAGACT-1,5
GTTCGACAATTGTATA-1,1
CCATGTTCATCTATAT-1,1
CCCTCGATAATACACA-1,1
ACTGCCCGCCATTCTC-1,5
CTATATCCAGCCTGGC-1,1
CGCACGTCTGTTTATG-1,4
AATCAGGTTTCATTTA-1,1
AGAGAAACACCAGAAA-1,1
ACCCGATTGGTTCCGA-1,5
TACCAGGAATCCCGTC-1,1
AAGTGCTTCTCTATTG-1,1
TGCATGTGACCCATAG-1,4
TAGATTCAAAGTGCGG-1,1
GTGAGATAACCTTATA-1,1
GTGTCAGTGTACGTGG-1,7
CTGTAGTGAGGATCGA-1,5
GATAGTGCGAGTAAGT-1,4
AGGGTTCAGACGGTCC-1,7
GGACTCGACAGCGCAT-1,4
CACTCTCAAGCATCGA-1,7
GAGCGGAATGCGGTGT-1,7
CAGTTCGAGGACCCGA-1,2
CGTAACTTCGACACTT-1,4
TGATCACCACACTGAC-1,2
CATACTTCTTTCTCCG-1,5
CAAGTAAGTGATAGAC-1,7
AGCCCGCAACAAGCAG-1,2
GCTCCATGCAAAGCAA-1,0
TCGTACCGACGTCAAG-1,5
ATTATCGGAATGTACG-1,7
ACCTACTATAAATCTA-1,7
TATCCTATCAACTGGT-1,2
GCGCGGTCTAGTAACT-1,2
CCTTCGTATAGAATCC-1,3
TGGGCGATACAATAAG-1,2
TGACATGTAACGTGAC-1,5
TTGGGAAGACGAGCCG-1,3
GGTGTAAATCGATTGT-1,0
GAACTGTGGAGAGACA-1,2
TCCACATCGTATATTG-1,3
CCTATGGTCAAAGCTG-1,5
TCCTTGTCCTTTAATT-1,2
AAGTTTATGGGCCCAA-1,2
GTCCGGGTTCACATTA-1,0
ATGTAGCGCGCGTAGG-1,0
TACGGAAGCCAAACCA-1,2
GCCCTGAGGATGGGCT-1,5
CGGGCGATGGATCACG-1,2
TGCGGACTTGACTCCG-1,0
TAATACTAGAACAGAC-1,3
TCAAATTGTTGTGCCG-1,3
GGGCAGTCAACGCCAA-1,0
TCGCTGCCAATGCTGT-1,5
TACGTGGGCCCAGGGC-1,3
GCCTACGTTCTGTGCA-1,2
TTGCGTGTGTAGGCAT-1,3
TCCTAAAGATTCAGAC-1,2
TGGGTGCACAAGCCAT-1,3
GGGAGCGACCGTAGTG-1,0
CATAGAGGAGATACTA-1,3
CTTCGATTGCGCAAGC-1,3
GTGCCTGAGACCAAAC-1,0
TCATCCTCAGCTGCTT-1,0
TGCAACTACTGGTTGA-1,0
ATGTTGATTAGAGACT-1,2
GTTTCTAGAGGCGCGG-1,2
TACAAGGGCTTCTTTA-1,3
ACAGGCACGGATCCTT-1,0
CCCAAGTCATTACACT-1,2
ACTCTGACCTAATAGA-1,3
GGATGGCTTGAAGTAT-1,2
ACCCTCCCGTCAGGGC-1,5
AGCTTCTTCTCGAGCA-1,3
TTGCGCTTGATCAATA-1,2
TGGGTGTAATAGATTT-1,5
CATGGTTTATTAATCA-1,0
TTGCCTTCTCGCCGGG-1,5
TTAAAGTAAGTCGCCA-1,2
AGTTGGCAAGGCTAGA-1,2
CCGCACTTGCAATGAC-1,3
AATGTTGTCGTGAGAC-1,2
CCAAGGTTGCCCTTTC-1,3
TGTGACTAGAGTTTGC-1,0
TTGTGATCTGTTCAGT-1,3
GGAGTTGATTCTGTGT-1,3
GTAGTGAGCAACCTCA-1,5
AAGACATACGTGGTTT-1,0
CATCCCGAGATTCATA-1,2
GGCCGCAGGAACCGCA-1,5
CCAGAAACTGATGCGA-1,2
ACCCGTAGTCTAGTTG-1,0
AGGGTCTGGACGCAGT-1,5
TTGAAACCCTCATTCC-1,3
TCAATCCCGCGCCAAA-1,7
AGGACATCGGCACACT-1,0
GACAAGACGCCCGTGC-1,4
GAGTAAATTAAGAACC-1,0
TAAGTCGGTGAGCTAG-1,2
CTTACTGACTCCTCTG-1,2
TTAACTGATCGTTTGG-1,8
GGGCGATCCATAGGCC-1,4
CGTATTGTTTGGCGCC-1,4
CGCGTGGGCCTGTGTT-1,5
AAATCTGCCCGCGTCC-1,2
GCTGAAGGGTTCTTGG-1,7
TAATTGCGCTGATTAC-1,4
TCGCGCGTTTACATGA-1,2
TAACTGAAATACGCCT-1,7
CCTGTCGTGTATGAAG-1,4
CGGGAACGCCCTGCAT-1,2
AGTTGCGGTCCTCAAC-1,1
GGGTCCTTGGAAGAAG-1,7
CGGGAAGTACCGTGGC-1,1
ACGGTCACCGAGAACA-1,1
TAGACTCAGTTGGCCT-1,1
CCTTCCGCAACGCTGC-1,1
CAGTGTTAATCTCTCA-1,1
CAGGCCAGTACCACCT-1,4
GATCGCTGTGGTGCGT-1,1
GTATCTCGGGCGCTTT-1,1
CCGGGCTAAGAATTTC-1,1
CTTCACGCCCTGGTAC-1,1
CGGATGAATGCTGTGA-1,1
CTCTGCAGGCATTCTT-1,1
TCAAAGTCACGGCGTC-1,1
TGGGTTTCGGGCGTAC-1,1
TGCTATGGCAAAGGGA-1,1
TTCACGGTCGTCACGT-1,4
CGTAAAGCAAGAAATC-1,1
CTGATCCCTTTATGCA-1,1
GAGTATACCCTAATCA-1,4
CCACGGCAGGTGTAGG-1,1
ACGTACTTTGGCACGG-1,4
CCTGAGAATAAATGCA-1,1
TTGATGCCGCTCGTCG-1,4
GCCAGGAAAGAACACT-1,1
TCCGACCGCTAATCAA-1,1
TATATCAAAGTGATCT-1,4
CCTCGGTTTCCTTGCC-1,5
TAAATTTAGTAACACC-1,1
CTCGTTACGGCTACCA-1,4
GCCGTCGGTTTCGGGC-1,4
GTTCCGTCCGCCTGCA-1,7
CTAGGGATAGGGACAA-1,4
GTCCAGGCACGTGTGC-1,2
GAGGAATATCTCTTTG-1,7
CGTTCAAGGAAACGGA-1,2
GTGGGAACAAACCGGG-1,1
GGGCACGTAGTACTGT-1,2
ACTACAAAGAGAGGTG-1,5
GGTGTAGGTAAGTAAA-1,2
CCTGTTCAACCTCGGG-1,5
TGAGGTGTGTGGCGGA-1,5
ATTGTCTGTTTCATGT-1,4
GCCGGTCGTATCTCTC-1,7
ATATGGGATAGCAACT-1,5
GATAGAACCCGCTAGG-1,0
ATCCCATTTCCGTGGG-1,4
GATGCTACCTTCGATG-1,2
TGCAAAGTTCGTCTGT-1,5
GTTCAGTCGCCAAATG-1,3
GTCTCCGCCTCAATAC-1,4
AGTAGAAGGCGCCTCA-1,2
GTTGTAGATTTATGAG-1,7
CTATTTGCTTGGAGGA-1,3
AGCCATATAGTATGTG-1,5
TGTTCCGGCCTGAGCT-1,2
TGCCGTGGGACCCAAT-1,0
TTGCAAGAAGACTCCT-1,3
CCGCTCCAGGGCGATC-1,2
CAAACCCTCCGGCGGG-1,3
CGGACCTTTACGTCCC-1,2
ACGTAGGAGAGTCGCT-1,3
CTGCGACCTCGCCGAA-1,2
GGCCCAGCTGGTTTGC-1,0
GGATTAATCATGGACC-1,3
GAGATGGCTTTAATCA-1,2
AGTACAGAAGCTTATA-1,3
GCGGCTTTAGCAAGTT-1,2
ACCGAGTCTCCTTATT-1,3
GACCACACTTCCCTTT-1,0
TGTAGCCAATTCCGTT-1,2
CTCGTCTGTGCCTTCG-1,3
GGACTCTTTGACTAAG-1,3
TCATCGACGACCGTCG-1,3
TACTACGTGCAATGCG-1,3
CCCTACTTGAACAATG-1,0
GCAGCTGTCAACGCAT-1,3
ATCTACCATCTGCTCC-1,3
TCTCAAATCAATCGGG-1,2
ACTCCGGCCGACCACT-1,2
TACACCTCTTCGAATC-1,2
GTGGCTGTTTCTGTTC-1,2
ACGACTCTAGGGCCGA-1,0
TCGTTTACGCGACCCT-1,0
AGGATATCCGACTGCA-1,2
GACACTTCCAATTACC-1,5
ACGGTACAGTTCAATG-1,0
CTTGATGACCATCCAG-1,0
CTGGTAAAGACTTACA-1,2
CTTGCCCACCCACGCA-1,0
CATTACGCAGGAAGGG-1,5
GGACAACCATGAAGCC-1,0
GTTATCAAGCTATCGA-1,3
AGGTGCACGTCCACAT-1,0
AAAGAATGTGGACTAA-1,3
ACCAAGTCATCGGCAG-1,2
AGTAACTATAGCAGCC-1,2
GGGAAAGAATGCCAAC-1,2
AATCGGTATAGCCCTC-1,2
GGCACTGCGGTGGTTT-1,0
CGTCCTCATCGCGTGC-1,0
CTTAACTTACAGTATA-1,5
GTGAGTCGACTAATAG-1,2
TGTACTTCCGGGCATG-1,5
CACAAACCGCAGAACT-1,7
GCTTTACACAACTGGG-1,3
CACCGATGATGGGTAC-1,5
TCAATATACAGGAGGC-1,0
AACGACCTCCTAGCCG-1,7
GTTACCAAGGCGTACG-1,5
TAGCTCACTGTGTTTG-1,2
TCGGCAGGGTTAAGGG-1,7
TGTTAACAAAGTGACT-1,7
CAGAGCGATGGATGCT-1,0
CATAGTGGGCACGCCT-1,5
AAACGCTGGGCACGAC-1,5
TGTTCTCATACTATAG-1,8
TCCGCTGGGTCGATCG-1,4
TTAGCATCCCTCACGT-1,5
AGCCTTGTCACTGATA-1,7
GTTTCTTGTTAGAGCT-1,2
TCGGAGTCCTGGTTGC-1,2
ACGGGTTGTGACCTGT-1,7
TGACAGAAATCTTGCT-1,4
TAGCCATGATTGCCTA-1,4
CGAAGCCACAGCATGG-1,4
ACCCGTAGCAGAGAAT-1,2
AGCTTGATCAGGGTAG-1,2
CTATAAGTAGGGTTTG-1,4
TATAGTTAGGTGTACT-1,7
TACGCTGATAGTTGTA-1,4
TTCTCAATTGCTACAA-1,7
GTTGCCCTAACGGGTG-1,7
GACATTTCGCCCAGCC-1,4
GTAACTACGTAGACCT-1,5
CCAGTGTACAGACCGA-1,1
GCCCGATGCCCAGTTC-1,4
CGAACCTCTTTCCTAG-1,5
CATGCACATGAGAGGC-1,1
CCAAATCAAAGGGCAA-1,1
GTAGTTTAAGCACACG-1,5
TAAGTGAATAGTCTAC-1,1
GGTCCACGTCTATTTG-1,5
CCCTCAGATCGAGAAC-1,1
ACATTCGCGCGGAATA-1,1
CTATGAACACCTTGCC-1,5
CGAATGGTAGGTCGTC-1,1
TCGACATAGCGTAGCG-1,5
GACGTTGCTCGGCGGC-1,1
CTCGAGGCAAGTTTCA-1,5
GCTGGGAGCGCGTCAA-1,1
GACGATATCACTGGGT-1,4
CAGCTCTGGGCTCACT-1,1
TAGTCTGCGGCACATT-1,5
TGGTCGATATACCTCT-1,1
TTCAGTTCAAGAGGAG-1,1
GTCTGTAGGTTGAACA-1,1
GAGAGTCTCGGGAGAG-1,1
TTGTTTGTATTACACG-1,1
GCACAGCACGGGCCGA-1,5
AAACAGTGTTCCTGGG-1,1
TGGAGAATAATCGTCC-1,4
CGCCGCGTTCTGAACG-1,4
CATGCGTTGAGAGGAG-1,1
TACGCTCCTAGAACTG-1,4
CCTTGTGAACGTGGTT-1,1
TTAAAGGCGATGCTCG-1,1
TAAAGTGCACGTCTCG-1,7
TGTCCGCAAACAATTC-1,4
AGGCCTATCATACCAA-1,7
ACTGGGATGCCAGTGC-1,4
CGATCCACCATTGTTG-1,7
GGGCATGCATGTCGAG-1,1
TCCAGGCAGGACGATC-1,7
CAATGACCCTTAATTT-1,4
ATCAAGATCCCAGGAC-1,7
CTCAGAGCTAATGTCG-1,7
CTGCGATTTCGAGATT-1,2
ATGGTATTGGGAACCG-1,2
TAGGTTCTGCTGAGAA-1,7
GCCTGTCCCGGTGCAT-1,7
GGCCTGCTCTGATGTT-1,5
TAGAGGGAGTTTATCT-1,0
CTCTACATCCTGCGTG-1,5
ACACATTTCCGTAGAC-1,0
TGGGTGTTAAGTAGAA-1,2
GAGCTCAACATGAGCG-1,0
GCACACAGCTATTACC-1,0
GCGACGGTAGTCTCCT-1,2
GTATCAAGGTACTTCC-1,0
GGAAAGGGAATTGAGC-1,3
TACACAGCCGTGGTGC-1,0
CGGTTGGGCAGGGTCC-1,2
GCACGCCGATTCCCGC-1,2
CGCTTTCCGCCAAGGT-1,2
TGCCCGATAGTTAGAA-1,2
TCAGAACGGCGGTAAT-1,0
CCACTCAGATCCGCAA-1,2
GAAGGGTCATTAAGAC-1,2
GCGGTCTTGCTTTCAC-1,3
GGAAGGACACCGTATA-1,0
CGCGGGAATTCCTTTC-1,3
TCTATCCGATTGCACA-1,2
TACTCGTTTGAATCAA-1,2
GTCTGCCGACTCGACG-1,2
TACGGGTAATAACATA-1,0
CCAGTTCGGTAACTCA-1,2
CGTGCACACCACTGTA-1,0
CTTCAGTTGGACAACG-1,3
TGATCTATCACACTCT-1,5
TAGCAGATACTTAGGG-1,0
CACCGGGCATCACAAG-1,2
AGTGGCCCGCAAATGG-1,2
CTCGCTAGGTAAGCGA-1,3
GATAGATAGTACAGTC-1,2
CGAGACTACTGCTGCT-1,2
ACATTTGAAACCTAAC-1,3
GACACAGCCGGGACTG-1,2
ACGGAACACGAGTGCC-1,2
ACGCCAGTGCGTTTGC-1,3
GCACCTAGGCGAGTCC-1,3
TCACTATCCCTTCGGT-1,0
TGAGTGTAACAACGGG-1,3
ATTGGTTGTGCATTAC-1,0
CTGGCGATTTACATGT-1,3
TCCACCAAGACATAGG-1,2
GTCTCCCGAGTCCCGT-1,0
AGCCCGCACTACAATG-1,2
GGCACGCTGCTACAGT-1,0
GCTTGAGTGACCTCTG-1,5
ATAGCCATAACAGTCA-1,2
TAGGAGGCTCGAGAAC-1,7
GTCGGGTGAAGTACCG-1,7
CACCCGCGTTTGACAC-1,7
TCTCAGGCTACTCGCT-1,0
TAGATTCTCTAGCAAA-1,5
CCCATTATTGTATCCT-1,7
GTTAATAGCGTCATTA-1,4
TACTCATTGACGCATC-1,7
TAGTGACAAGCTCTAC-1,7
ATCGCCGTGGTTCATG-1,5
CTGCTCTCAACACACC-1,4
GCATGACACAAAGGAA-1,7
CAACGATCGATCCAAT-1,8
ATACAGCGTCCACTGA-1,2
TCACGATTAATACGTT-1,2
CGTGAACTGACCCGAT-1,7
TCGATGTTACGGCCGT-1,5
GACCGGTGATACTCTC-1,2
TCTGTTTAGATTGTTC-1,5
GCTACTCGGACGCAGA-1,5
AAGAAAGTTTGATGGG-1,2
CGCCAGTAGTACCTTG-1,2
CTCCCTTGTATCAAGG-1,2
ACTTTATACACCACTT-1,5
AGATCTGGAGAGGATA-1,2
TCATCCATCTGATCAC-1,5
AGAACACGGCGATGGT-1,2
CCGCTCCGGATAAGCT-1,2
TGGTCGGGTACAGGGC-1,4
ACGGACGCAGCGACAA-1,7
ACATGCTTACGGCAGC-1,4
CAGGGAGATAGGCCAG-1,4
TCGCCACCCGGATTAC-1,4
TCTTGGTCAATGATAC-1,4
CATAGGGACACTTGTG-1,4
CACGAGCAAACCAGAC-1,1
GGGATATTGATCGCCA-1,7
TAATGTCGGTTCATGG-1,1
CGATTTGTCATTAATG-1,1
TTAAGATACCCAGAGA-1,1
CGACCGTTGGTATTCG-1,4
ACTACCATCCGAGGGC-1,4
TCTACGCACGATCTCC-1,4
AAGCCACTTGCAGGTA-1,1
ACGTTGTCGTTGAAAG-1,1
ACCGCTAGTCATTGGT-1,4
CATGAGTCCATCACGG-1,4
ATGTCTTGTTTGACTC-1,4
TCCCAAACATCCTCTA-1,4
CAACGCGATGAGCCAA-1,1
GACACCCAAAGACGCG-1,1
ACGTTCACTATGCCGC-1,4
ATGGACTGCTTAGTTG-1,4
CCATGGCAAACGCTCA-1,4
TTGTCTCGGCAAGATG-1,1
TTCGAACGAAACATGC-1,1
GGAAAGTCTTGATTGT-1,1
ATCATAGATCGACGAG-1,1
GATTAGAAACAAGCGT-1,1
GCTGCGAAGAATTATT-1,1
TTCCAGTGGGTTTCGT-1,1
GCTCATTGATCATATC-1,1
ATACGAGGTTTGTAAG-1,5
GTCTATACACGCATGG-1,1
GATTTGCGCTAACACC-1,4
TGGTGCCCTGCCTTAC-1,1
TCGAATCGCAGGGTAG-1,4
GGTAGGCCAATATCAC-1,7
CGTAAATAACAAAGGG-1,1
GACTCTAGAGTTCCAA-1,5
ACTTGTTACCGGATCA-1,7
GGCATTGAACATCTCA-1,7
AACCCGCTGTATTCCA-1,1
TAACAGGTTCCCTTAG-1,4
GTTCTTGTAACTCAAT-1,2
GATTCTGTTAATGAGT-1,5
GGACACCTCGGTGTTG-1,4
CGATCGAGAAGCACCA-1,2
CTGCTCTGACGGCAAA-1,4
CCCAGGAAGAATTCGA-1,2
TGTCGTGGGTATAGGC-1,7
ATATGTCTAGAGCGTG-1,2
GCGGGCAGACGGGTGA-1,4
CGAAGATCAGTTTCAT-1,3
ACGCCACTCGAAACAG-1,7
CTTAGATGTTTCATCC-1,2
GCGAATGGACTAGCGA-1,2
TAAATTGTGGGTAAAG-1,2
ATTTATACTGGTAAAG-1,2
GCGTCGTAACATGGTC-1,3
CGGTATGGGCACTCTG-1,2
CTATCACAACGCTGGA-1,2
ACCACACGGTTGATGG-1,0
TCAGCGCACGCCGTTT-1,2
AATGTTAAGACCCTGA-1,2
CTTACATAGATTTCTT-1,2
AACATAGCGTGTATCG-1,3
AGCAGTCGAAGCATGC-1,5
GTACTACGGCCTCGTT-1,5
TTGGCCAAATTGTATC-1,0
TCAGAGGACGCGTTAG-1,0
AGTAATCTAAGGGTGG-1,3
AATTATACCCAGCAAG-1,2
CCCTACCCACACCCAG-1,0
CTCTGTCCATGCACCA-1,3
TCGCCTCCTTCGGCTC-1,3
CCTGATTCGCGAAGAA-1,2
GACTTCAACGCATCAA-1,2
GCTTCCCGTAAGCTCC-1,3
AGAACTGTACTTTGTA-1,2
CCTTAAGTACGCAATT-1,2
GGCCAATTGTATAGAC-1,2
AGAATACAGGCTATCC-1,0
AATACCTGATGTGAAC-1,3
TAGAGTGTTCCGGGTA-1,2
GCTTCCATGTAACCGC-1,0
GGTTCGCATTTGCCGT-1,2
TCAATCCGGGAAGTTT-1,0
CCGGAAGTGCAATATG-1,3
CTCATAAATGTGTATA-1,3
GACGGGCATCGAATTT-1,2
GCTAAGCCCAGTATGC-1,2
GCTATAAGGGCCAGGA-1,5
GCGGATTACTTGTTCT-1,2
TACAACAGCGCATACA-1,0
TCTAACCTAGCCTGCG-1,5
TCTACCCGCATCATTT-1,5
GTCTTACCACGCCAAG-1,3
AATAACGTCGCGCCCA-1,7
CGTTTCGGTTATATGC-1,5
TACGCTGCACGGTCGT-1,7
CGTTAAATACGACCAG-1,4
TCGACTGACGATGGCT-1,5
ACGCTACTGAATGGGC-1,7
AAGGGTTAGCCATGCG-1,1
ACGTTTCGGTGCACTT-1,4
TTAACCCGAGGCGTGT-1,7
GCCCGTCAAGCCCAAT-1,7
ATTCGTCCCGAGGTTA-1,7
TCAAATTATGTTCGAC-1,7
AACGTTCTACCATTGT-1,8
CTGTCCTGCGCACTAC-1,2
GCCCAGCGACACAAAG-1,5
TATAGCTATTATCTCT-1,5
AAGCTATGGATTGACC-1,5
CCGAAACACGACCTCT-1,2
ATCAGAAGCTGGTTGC-1,4
TGAACCTGAATGTGAG-1,2
TCAGAGCATGTCAACG-1,7
ATACCCTCCCGGCCAA-1,7
GCCACCTTATTCGCGA-1,7
CAACGAGCTTATTATG-1,5
TTGTGGAGACAGCCGG-1,4
AGATAATCACACCTAT-1,7
GGTTAGGGATGCTAAT-1,4
CCAGGCGAGATGGTCT-1,7
GTGCCAAACGTTTCGA-1,4
GCCTCAGGTACCGGTC-1,4
TTAGAGTATTGTCGAG-1,4
CTCCTAGTAATCGTGA-1,1
GGAAACAGAGCTTGGG-1,1
TTAGCCATAGGGCTCG-1,4
TTGTTGGCAATGACTG-1,1
GGTGGGATTAGGTCCC-1,5
AATAGGCACGACCCTT-1,4
GAGGTCCGTTCGCTGT-1,5
AGCTAAGCTCCGTCCG-1,4
CTAGCCCGGGAGACGA-1,1
CCCAGATTCCCGTGAC-1,7
GCCCGTTCACACAATT-1,1
ACAAACTCCATCAGAG-1,1
GGTTCCGTACGACTAA-1,4
TTGCGGAAAGCTGCCC-1,4
GGAACTCGTGAATACG-1,1
GGTTACCGCTCCCTAC-1,1
AGCGACTTTGAAGACA-1,4
CCGTTTCCTTTCCGTG-1,5
TGGATGGCATCTTGGA-1,4
CAAGTCGTTGAAATCT-1,1
TGCAAACGTACTAGTT-1,4
GGCTGTCCTACTGCGG-1,7
TACTGCATGATTAAAT-1,5
CGGACCTCTGTAGTTA-1,1
CCCTAGCTCTAAGGTC-1,1
GTAACAGGTTAACGGC-1,1
CCCGCAAATAATCATC-1,7
AATCCCGCTCAGAGCC-1,1
AACGTCATCCGGCTTG-1,1
CTCGTGGCACTGAAAG-1,4
CTTTATCCGACGCATG-1,1
AAATGACTGATCAAAC-1,4
TTCGTGCATGTTATAG-1,5
ATCAAAGAGCCGTGGT-1,7
ATGTCATAATAAACGA-1,2
CTTAATCGACTTAGTA-1,7
CTAAAGGATGAGATAC-1,4
GTGCTATCCAGCTGGA-1,2
GACAGAGGTCTTCAGT-1,7
TCGATTTACGAAACGA-1,7
AGGCTTAAGTTGCACA-1,3
TAGGATCTTAACCGCA-1,2
GACTTTCGAGCGGTTC-1,7
CCCTGGGAGGGATCCT-1,2
TAGTAGTTGCCGGACA-1,0
GCCCTAAGTGCAGGAT-1,2
ACTTGGGCTTTCGCCA-1,7
CATGATACGGTGAAAC-1,2
TCCTGCAGCCGCCAAT-1,0
GTCCGTTAGAGGGCCT-1,5
GCTTTATTAAGTTACC-1,0
AATCGAGGTCTCAAGG-1,0
GTGCTGTTAGAACATA-1,0
GGCTTCTCGTGGGTGG-1,2
CCTACAGTTGAGGGAG-1,3
TATCCCTCGATCTGCA-1,3
CTCTAACACCGGCAGC-1,3
GGCTGGCAATCCCACG-1,3
CATGTGGGCTCATCAC-1,0
GATTATCTTGCATTAT-1,0
TGTACTATCGCTCGTT-1,3
ACATACAATCAAGCGG-1,2
GCTAGCAACGCACCTA-1,5
TCCGGGCCACTAACGG-1,3
GGATTGAAGTAGCCTC-1,2
CCCGGCACGTGTCAGG-1,2
TTGCGCACAACCACGT-1,2
CTGGGCTACTGGAGAG-1,2
ATTCGTTTATCGTATT-1,4
AGTTATTCAGACTGTG-1,4
CGCAGTTCTATCTTTC-1,5
GACAGGTAATCCGTGT-1,7
CTGCAGGGTGACGCTC-1,4
ATGGCCCGAAAGGTTA-1,2
AGAGTCTTAATGAAAG-1,4
ATTGAATTCCCTGTAG-1,4
