barcode,annotation
GGTATCAAGCATAGAA-1,
GAAACCTATACAAATG-1,Tumor
ATTATACTTTGCTCGT-1,Stroma
TCTTTAAGACTATGAA-1,
GCTAGCACCTGGGCCA-1,Stroma
CAGAGCGATGGATGCT-1,Tumor
GTCATTAGAGCGAACG-1,Stroma
CGTTTCACTTCGGGCG-1,Stroma
ACTGAAACGCCGTTAG-1,
CGATAGTCGTACTGCA-1,Tumor
ATTTACTAAGTCCATT-1,
TATTTATACCGAGTAG-1,Stroma
TTACCCTAACAGTCCT-1,Tumor
CCAGTCTTGTCATAGA-1,Tumor
GGGTCCTTGGAAGAAG-1,Tumor
TCAGCTTGAGCTTTCG-1,Tumor
TATCAAAGGTCTGTAA-1,Tumor
CTGGCGACATAAGTCC-1,Stroma
TTGCCGCAGACCTACA-1,Tumor
ATATGTGCACAAACCA-1,Stroma
TCCAACTCAGCTATCT-1,Tumor
AAACGGGTTGGTATCC-1,Tumor
TAGGTGCTCGCCTAGC-1,Tumor
GACCTTCCACGTCTAC-1,Tumor
CAAGTAAGTGATAGAC-1,Tumor
GTCGGATATCTCAGAC-1,Tumor
TCCGATAATTGCCATA-1,
CCGATATGACGTAAGG-1,Tumor
GATACCGTGTCGGAGT-1,Stroma
TGCGCAAAGCATTTGG-1,Stroma
CTATGGGAAGCGGAAT-1,Stroma
ATATTCCCACAGGTCA-1,
TCAATACGCCGTCATG-1,Tumor
ACATAATAAGGCGGTG-1,
AGTACCTTCGAGTGCT-1,
CTCTGGACGCCTGGTG-1,Stroma
AACACGCGGCCGCGAA-1,Tumor
TTAGAGTTTAGAAGGA-1,Tumor
GACCCGTCGCCGGCTA-1,Stroma
TAAGATTTAGCGGGAG-1,Tumor
CTGTTGGCTCTTCTGA-1,Tumor
TCGTCCGCTGGCGTCT-1,Tumor
TTATCTGTATCATAAC-1,Tumor
GCGAGAAACGGGAGTT-1,Tumor
GCATTCGAAATGAACA-1,Tumor
CGCGCATGTTTGATTG-1,Tumor
TTACGTATCTATGACA-1,Tumor
GTCTGCCGACTCGACG-1,Tumor
CTCGCTAGGTAAGCGA-1,Tumor
CATCGTCCGGTTACTA-1,
ATAGTGAAGCGTTCTC-1,Stroma
AATGAGTTCGCATATG-1,Tumor
TGAGTTAAAGACATTC-1,Tumor
TGCCTAAATTTAATAG-1,Stroma
GGCTGAGCATCGTAAG-1,Stroma
CGAAACGCAATTCATG-1,Tumor
GATCATTCCAAACATT-1,Stroma
ACCTGCGTGTCATGTT-1,Tumor
GCTACAGTACGGACCG-1,Stroma
ATGACGCGTTCTATCC-1,Tumor
GTGCAGCGTAGAGTAG-1,Stroma
GGTTTGTGACCTGAGG-1,
ATATAGAGTATTGGTC-1,Tumor
TACCTCTTTACCATCC-1,Stroma
TATCCATATCATGCGA-1,Tumor
GTTAGAGTGTGCCGCT-1,Tumor
GCGCTAAGTATGCATG-1,Immune cells
TAGCTAAGTCCGGGAG-1,
ATCTGATAGTGTCTTA-1,Tumor
TAAGGGCCTGTCCGAT-1,Stroma
CCCGGTGGAAGAACCT-1,Tumor
AGATAACTTCAGGGCC-1,Tumor
GAATCTGAACATTCTC-1,Stroma
TCAGATGGAGACGTAG-1,Tumor
GTAGCCAAACATGGGA-1,Stroma
GTTGCAGTCGACAACA-1,Tumor
TATCACAGCACGGGCA-1,Stroma
GAGTCAGACCAGAATC-1,Tumor
CATAGCGTTGCCCACC-1,Tumor
CCTACAAGTCCGGAAT-1,Stroma
CACCCTTGGTGAGACC-1,Tumor
ACCGGGCCTTTGTTGA-1,Tumor
CATGGTTTATTAATCA-1,Tumor
TAGAAAGGTGGCGCTA-1,Stroma
CCATGCTCTGCAGGAA-1,Tumor
TTATGATCTTAACGAA-1,Tumor
CGTCATACCATATCCA-1,Tumor
TAGTCTGTGACGTTGC-1,Stroma
GACCGCGTCTGACGTG-1,Stroma
ACCAAACACCCAGCGA-1,Tumor
TTAGCGAATAGATAGG-1,Tumor
GAGGAGATCCTCATGC-1,Stroma
TAGCGTCGAATATTGA-1,Tumor
TCACTCGTGCAACGGC-1,Stroma
GACTCTAGAGTTCCAA-1,Tumor
CATGGCAGGAAGATCG-1,Tumor
CATGTAGGAGCGCCAA-1,Tumor
CGCGAGAGGGACTTGT-1,Tumor
GAATAGCCCTGCGGTC-1,Tumor
AGACCAAACCACACCT-1,Tumor
TTCGGGACTAATCGCG-1,Immune cells
TTCGGGACTAATCGCG-1,Stroma
AAGTTCGGCCAACAGG-1,Tumor
CTTAAATAAGACCCAT-1,Tumor
GGTAGTGCTCGCACCA-1,Stroma
GAAGCCACTGATTATG-1,Tumor
TGGAAGGATAAAGATG-1,
ACCAGGAGTGTGATCT-1,Stroma
GCTGGCAGGTGCCGTG-1,
ACCAACGCTTATTTAT-1,Tumor
ACCACGTGCAGCTATA-1,Tumor
TTACGTAGCGCGTGCT-1,Stroma
ATAGAGTACTGGGACA-1,Tumor
AGTGGGAGTATACACG-1,Tumor
AGTCGGTTGCGTGAGA-1,Tumor
TGCGAATATGGGATTT-1,Tumor
TAGTCTTTCCGAATTG-1,Stroma
CAACGTGGTGGAGTCT-1,Stroma
GAGCACCTGTGTCCAG-1,Tumor
TGCGGCATAGTTCAAC-1,Tumor
GAGCCACGGTAGTAGG-1,Immune cells
TCCTGCCAACTGGAGA-1,Stroma
ATACTAGCATGACCCT-1,Tumor
TGGCAGATTACGATCA-1,Stroma
GGGTTTAGGATAGGAT-1,Tumor
ACGGAATTTAGCAAAT-1,Tumor
TAGACGAAACGCCAAT-1,Tumor
TATGTAGAAACCCGGC-1,Tumor
CGTGTCTCGTTACGAC-1,Tumor
TTAGATAGGTCGATAC-1,Tumor
CCTAAAGGCTGACGCT-1,Stroma
GTCGGATGTAGCGCGC-1,Stroma
AGACGACGATGCCGCT-1,Tumor
CACTACTCAGTTCTGT-1,Tumor
ACAATGAATACGGAGA-1,Tumor
GTCCTACTCTACGGGC-1,Tumor
TTCAATTAGCCATAAT-1,Tumor
GGGTATTCTAGCAAAC-1,Tumor
AGGTGTTGCCGACCAC-1,Stroma
GTTGTAGATTTATGAG-1,Tumor
CTCCTAGTAATCGTGA-1,
TCCGCGGCCCAATGAA-1,Stroma
TTGTGGTGGTACTAAG-1,Tumor
ACCCGATTGGTTCCGA-1,Tumor
GCACTAGTCGCGCTAT-1,Tumor
ACGAGGTTTACAACGT-1,Tumor
CATGCATGGAGACCCT-1,Stroma
TTGGCCATCTTGCGCT-1,Tumor
AGTCAACACCACCATC-1,Tumor
CAGTGTTAATCTCTCA-1,Tumor
TCGAGTCTACGATTCG-1,Tumor
ACAATCCATTTAAACC-1,Tumor
ACAATCCATTTAAACC-1,Stroma
GCTAGTTTCATTGAGG-1,Tumor
TGTGTTCGTATCCAAG-1,Tumor
GTGCGGGACCATCGGC-1,Tumor
CAGCTGGCGTAACCGT-1,Tumor
GAGACTGATGGGTAGA-1,Tumor
CATTACGCAGGAAGGG-1,Tumor
GACACGAGTTAGAGGA-1,Tumor
CGTCGCTTGGTTATAC-1,Tumor
CGTCGCTTGGTTATAC-1,Stroma
TAGGAACAGCCTCCAG-1,Tumor
AGTCCCGCCTTTAATT-1,Stroma
CGACTTTGTATAGCCT-1,Immune cells
CCTGACAAACTCGCGC-1,Tumor
CAGCTCACTGAGACAT-1,Stroma
AAAGGCCCTATAATAC-1,Tumor
TCTATCCGATTGCACA-1,Tumor
CAGGCGCACGGTGGTC-1,Tumor
GTTCCAGTCTGACCAT-1,Tumor
TCACAGGGAATCGCAA-1,Tumor
GTTAGGCTACCCGTTT-1,Tumor
CGATTTGTCATTAATG-1,Tumor
AGGCCCTAGAACGCCA-1,Tumor
CCTCCTGTTGTGTCGT-1,Tumor
GATGCTACCTTCGATG-1,Tumor
GCTTTATTAAGTTACC-1,Stroma
TATACACGCAAAGTAT-1,Tumor
CCGTACCCAAGCGCCA-1,Tumor
ATTCAACCATTTAAGG-1,Stroma
AGTGGCTCCGTCGGCC-1,Stroma
ATATACATGTATGGTA-1,Tumor
AACCAGTATCACTCTT-1,Stroma
CCTACATTCACAGACG-1,Tumor
AAAGGGATGTAGCAAG-1,
TAACAATATTTGTTGC-1,Tumor
AATGTATGGCACTGTA-1,Tumor
AACGTAGTCTACCCAT-1,Tumor
ATGTTGATTAGAGACT-1,Tumor
CCGCACTTGCAATGAC-1,Tumor
GGCACTGCGGTGGTTT-1,Tumor
CTCATCACTTAGTGAT-1,
TATGTAAAGTGCTTAA-1,Tumor
TATGTAAAGTGCTTAA-1,Stroma
AGCCTTAAAGCGGAAG-1,Tumor
TTGTAATCCGTACTCG-1,Immune cells
TCCATTAGTTGGATAG-1,Stroma
ACTTGTAGTCCCTTCA-1,Tumor
TTCTAGAAAGTCTTAT-1,Tumor
AGTCAGCCACCGCCTG-1,Tumor
AGCATCGTCGATAATT-1,Tumor
TGATCACCACACTGAC-1,Tumor
GCTTTCAGAGGAGGTG-1,Stroma
CGAACGCCCAGTGCCG-1,Stroma
TACCGGTCGTTTCCAT-1,Tumor
CACCGTTGCGCGATAT-1,Tumor
GCGCTGATCCAGACTC-1,Stroma
AGCCCGGTAGCCTGTA-1,Tumor
GCCTACGTTCTGTGCA-1,Tumor
AATCCATGCAAGGGTG-1,Immune cells
CGTTTACAAGGCAGCT-1,Stroma
CAGATATGAAGATGAC-1,Tumor
CATTACGTCGGCCCGT-1,
CTCACACGCAAGCCTA-1,Tumor
CTACAAGAAATAACCC-1,Tumor
TTGCGGCATCAGAAAG-1,Tumor
GCTAACTGAAGTCTGA-1,Tumor
TCAGAGGACGCGTTAG-1,Tumor
CATATGTCAGGCTACG-1,Tumor
TGAACTGCTATGACTT-1,Stroma
AATTAACGGATTTCCA-1,Tumor
CGCCCTTGAAGGCTGA-1,Tumor
AGTGAGCCTCGCCGCC-1,
GCAGACCCAGCACGTA-1,Tumor
GATAGCGTACCACGCG-1,Tumor
GCTCGCTCATGTCCAA-1,Tumor
GATCGCTACCCGATTT-1,Tumor
ACAGAACTGAGAACAA-1,Tumor
TCCTTTAAATCCGCTT-1,Stroma
GGGTCAGGAGCTAGAT-1,Tumor
GAGCGAGGGAGTACCG-1,Tumor
AGTTTGGCACGGGTTG-1,Tumor
CGTGTATGGGAGCTGA-1,Tumor
TCATTCGTATAATTTG-1,Immune cells
TCATTCGTATAATTTG-1,Stroma
TGAATTTCACTTGCCT-1,Tumor
CAGTGTCGGCTGGCCC-1,Tumor
CTTTGGCGCTTTATAC-1,Stroma
GTAACATCTAAGATAA-1,Stroma
GAAACTCTAATGAAGG-1,Stroma
AAGATTGGCGGAACGT-1,
CTGAAACGGCCCTCAG-1,Stroma
TACACCGTCGTTAGTC-1,Tumor
CATACTATGTAATTGT-1,Stroma
GCATGGGTACTGACGC-1,Stroma
CATGGTAAGTAGCGTT-1,Tumor
ACAAAGAAGGTAGGCC-1,Tumor
AACTACCCGTTTGTCA-1,Tumor
TATTCCACTCAGCTCG-1,Tumor
CACGCAGCGAGGCTTT-1,Stroma
TGGTAGAATATATGGG-1,Tumor
TAGGTGAGCCCTACTC-1,Tumor
CGGATAAGCGGACATG-1,Tumor
GACTGATTGGTCACAA-1,Stroma
TCGTGTATTGGTCACG-1,Stroma
CCAGTGAGCTCCTTGT-1,Stroma
ATAGACGAAGAGAAAG-1,Tumor
ATGGCAGCCGAGAAAC-1,Tumor
GCATTGACTTGCGGAA-1,Tumor
ACAAGGATGCTTTAGG-1,Tumor
GTCCATTACTGCTACG-1,Tumor
AGTACGGCCCGTATCG-1,
CCAAGGAACAGAGAGG-1,Tumor
AGTATTTGGCACGACC-1,Tumor
GGGATGGACCCGCGTC-1,Tumor
GCTGGGAGCGCGTCAA-1,Tumor
GCCTATCAGGTAAGAT-1,Tumor
CGCTTCGGTCTAAGAC-1,Tumor
CTTATAGATGGCTGTT-1,Tumor
TTGGTGCGGTGTTGAA-1,Stroma
GGATGAAGATCGCTGA-1,Tumor
GTCGTACCTACGATTG-1,Stroma
TAGAGGTTCTACTTGT-1,Stroma
TTAATCAGTACGTCAG-1,Stroma
GTTGCGCTAACATTAC-1,Stroma
CTAGTATTCGGAATTA-1,Stroma
GTCTCGACTAAGTTTG-1,
GAAATATCACCATCAG-1,Tumor
GTCTACTCAATTACAA-1,Stroma
AATGTGCCCGAGGTGT-1,Tumor
GGGAGTAATGGCTGGC-1,Stroma
AAACTGCTGGCTCCAA-1,Stroma
GCCCAGTTGGTATGCC-1,Tumor
TCTTGGTAACACCAAA-1,
CCTCACCAATCTTGAC-1,Tumor
TGACCCAGCATTCCCG-1,
TTGGACATGTGGCTTA-1,Tumor
TGTGGCTCCCACCAAC-1,Tumor
GATATCAAGCAGGAGC-1,Tumor
GGTACATCTGGGACGA-1,Stroma
GGATGACGCGAGTTTA-1,Stroma
GGGAGCGACCGTAGTG-1,Tumor
CGATCCGACCCAGTGC-1,Immune cells
ATATGGGATAGCAACT-1,Tumor
GCCTTCAGCCCTACCG-1,Tumor
TCGATTTACGAAACGA-1,Tumor
TGGTTTAAACGTGGGT-1,Tumor
ATTCCTAAGACGTGGA-1,Tumor
AGGCAATACGGAGGAC-1,Tumor
GCCGGGTTAGGGTCGC-1,Stroma
ATGCTCTGGCGCGGTA-1,Tumor
CTTAGGTATAGACCAG-1,Tumor
AGACCGGGAAACCCTG-1,Stroma
ACCCGTAGTCTAGTTG-1,Tumor
GGACGGCTTGCGCAAC-1,Stroma
CCTCTGGCCTAGACGG-1,Stroma
TATGGAGTTTCTCGTT-1,Tumor
TGGAAACGGAGTGAAC-1,Immune cells
ACGATCATCTTGTAAA-1,Tumor
TGGGCAATAGTTGGGT-1,Tumor
GCTGCGCCTCCCACGT-1,Stroma
TTATCCGGGATCTATA-1,Tumor
CACCATGATCGCAAAG-1,Tumor
TGCCATTACTAAAGAA-1,Stroma
TTGCAGGTCATGAAGT-1,
GCGTTCTGACTAAGCG-1,Tumor
ATAAGTTACCGCGACG-1,Tumor
CTAACTGGTCCGGTTC-1,Tumor
GTGCTATCCAGCTGGA-1,Tumor
GTCCGGCTGAATTGCG-1,Tumor
GATGTAACGAACCACC-1,Tumor
ATCATCTGCCCAGTGT-1,Immune cells
GGGCTATGATCGATGG-1,Tumor
CTTATGCGCTCAGGGC-1,Tumor
GACTACAAAGCGGTGG-1,Tumor
ATACTACCCGTACCAC-1,Stroma
TACAGAAACGGTGGGC-1,Tumor
TACGAGAACTTCACGT-1,Stroma
CACATAAGGCGACCGT-1,Stroma
GGCCCGTATACCATGC-1,
GAAATATGCTTGAATG-1,Tumor
TAGATTCTCTAGCAAA-1,Tumor
TGGCTCTTGTCGCGTA-1,Tumor
TTACTATCGGCTTCTC-1,Stroma
CGAGGGTATCCAGGTG-1,Tumor
TGGACGTAGGCGAATC-1,
GGGAACGGTTTCAGAT-1,Tumor
GGGAACGGTTTCAGAT-1,Stroma
GTCCGTTAGAGGGCCT-1,Stroma
GGCCCGGAGCATGTCT-1,Stroma
GGATTCAGTACGGTGG-1,Tumor
GTCAGTTTGGTAGTCG-1,Stroma
TCTTAGAGCTCCAATT-1,Tumor
ATGTTTGTAAGATCAT-1,Stroma
TCAATATACAGGAGGC-1,Tumor
GTCGGGAACATGGTAG-1,Stroma
AACCCGCTGTATTCCA-1,Tumor
TGTTCTCTACTCCCTA-1,Tumor
CGCAAACACGAGTTAC-1,Stroma
GAGATGACAATCCTTA-1,Tumor
TACTCATTGACGCATC-1,Tumor
ATATCAATTCCAGCCT-1,Tumor
ATCTAATATCCTACGG-1,Tumor
GTAGACGTCGTTACAT-1,Tumor
TCTCTAATAGCTGGTA-1,Tumor
TATTGACATTTCTGCC-1,Stroma
CACTTCGCCACAGGCT-1,Tumor
CTCTCACAATCGATGA-1,Stroma
CTCCGGCTTGTAGACA-1,Tumor
CAAACGTGGTCTTGCG-1,Tumor
CCTCACCTTAGCATCG-1,
TGTTATTGTATGTGGC-1,Tumor
CACATTTCTTGTCAGA-1,Tumor
GCAGGAACTTAGATCT-1,Tumor
AACCTCGCTTTAGCCC-1,Tumor
TAGTTTGATCGGTCGC-1,Tumor
GGCTGGCTAGCTTAAA-1,Stroma
CTTCACGCCCTGGTAC-1,Tumor
GTATCAAGGTACTTCC-1,Tumor
ATCAGCCTCATGCTGC-1,Tumor
CATCTATCCCGTGTCT-1,Tumor
GGAGCACCAAGAACTA-1,
GAAATTGTCTCTATAA-1,Stroma
AGCTAAGTACGCAGGC-1,Tumor
GCCTATTCCGATATAG-1,
CCCTACCCACACCCAG-1,Tumor
CTGTACTTCTTAGCAT-1,Stroma
ATCGCACGATTGTTCA-1,Immune cells
ACCCTTTAGTTCTCCA-1,Tumor
GCCTATGCTGGGCCTT-1,Tumor
TGATCGGTTTGACCCT-1,Tumor
GTAATAAAGGGCTCCC-1,
TTCTTTGGTCGCGACG-1,Stroma
TAACTCATCCGCGCGG-1,Tumor
CCTCACGTCAGCTAAT-1,Tumor
GGTTCCGTACGACTAA-1,
CTGGTCCTAACTTGGC-1,Stroma
TCTCCAACGTAGGTTA-1,Stroma
ACATTAGTTTATATCC-1,Tumor
GCGGGAACCAGGCCCT-1,Tumor
TGGGAAATGCCTTTCC-1,Tumor
CAGATAATGGGCGGGT-1,Tumor
ATAGCAACTAGGGAAG-1,Tumor
GTTCGCCATAAGTGCC-1,Immune cells
TTGAGCGCCACGTGAT-1,
ATGATGCAATGGTACA-1,Tumor
AGGCCTGAGAATCTCG-1,Tumor
AAACTCGGTTCGCAAT-1,Tumor
TTAGTAGGGCGGCGGG-1,Tumor
TGATTCCCGGTTACCT-1,Tumor
AATAGAACAGAGTGGC-1,Tumor
AAGTCAATTGTCGTCA-1,Tumor
CACTCCTCTCGGTCGG-1,Stroma
CCTTAAGTACGCAATT-1,Tumor
AAGGAGAACTTATAAG-1,Stroma
GATACGATGGGAGTCA-1,Tumor
CCAACGATGCACTGAT-1,Tumor
AGCGACCAACGATATT-1,Tumor
TGCGCCGTTAATAACG-1,
TGATCTACGCTGATCT-1,Tumor
CTATCGACGAAATACA-1,Stroma
GATCGGCGATAAGTCG-1,Tumor
CAGCTCTGGGCTCACT-1,Tumor
ATAAACGTTGCACCAC-1,Stroma
CTAATTCGCACGCGCT-1,Tumor
AGTGCACGCTTAAGAA-1,Tumor
AACATTGTGACTCGAG-1,Tumor
AACATTGTGACTCGAG-1,Stroma
GCATACGAGGTCTTTA-1,Stroma
CCTAACCCAAACAAGT-1,Tumor
ACCAGACCATAACAAC-1,Tumor
ACCAGACCATAACAAC-1,Stroma
CGTCAATCTTTAACAT-1,Tumor
AAGACCCAACTGAACA-1,Tumor
ATCGTTAGCTAGCGGA-1,Stroma
TGGATGGCATCTTGGA-1,Tumor
CCATACCTTTACTTGT-1,
CGGCGCCATCAATCCC-1,Tumor
CTCTGTCCATGCACCA-1,Tumor
TCCGAGAAGGCTAAGC-1,Tumor
CTAGTTACAACCCGGT-1,Tumor
ATACTTGTTCTCGAGC-1,
TGGTTAACTTACATTT-1,Tumor
TACGCTCGGTATTGGA-1,Stroma
TGGGCACGTTCTATGG-1,Stroma
GGTGTTGGGCGTCTTA-1,Stroma
TGCCATGGCTTATAAG-1,Stroma
GACTACAATTGCTCGT-1,Tumor
TAATTAGATGGATATG-1,
TCGTATTACCCATTGC-1,Stroma
GATCTTGGAGGGCATA-1,Stroma
GGGCGTACATTTATAT-1,Tumor
GTATCTTTCATAACCA-1,Stroma
CGCAGGCGATCCAAAC-1,Tumor
ACGTTATTGGTCACTC-1,Tumor
CTGTGCAGGGTAGGTC-1,Stroma
GTGACAGCTTCCCACT-1,Tumor
AGATCTCAGGTGTGAT-1,
AGGTGGTGACCTTCGC-1,Tumor
TTATTAGAGCGTGTTC-1,Immune cells
TTATTAGAGCGTGTTC-1,Stroma
ATAATACCGTTAGCCG-1,Tumor
CGCTTGGACGGATAGA-1,Stroma
CTCTGCGAAGCAAGCA-1,Tumor
CCTACGCGACCTTACA-1,Stroma
GCCTATAGTGTCAGGG-1,
AGGCCTATCATACCAA-1,Tumor
TTGTACACCTCGAACA-1,Tumor
AGCTAGAAGCAGAAGT-1,Immune cells
AGCTAGAAGCAGAAGT-1,Stroma
TATGTCTCATTGTGCC-1,
GGAACCGTGTAAATTG-1,Tumor
AAGGGTTAGCCATGCG-1,Tumor
TGTACGCTATCAGCTT-1,Stroma
GGCTATTAAGTTGTAT-1,Tumor
AGACAGGCATCTCAGC-1,Tumor
CAAGACTCAGAAGCGC-1,Stroma
TCTAACTGTATGTAAA-1,Tumor
GTTTGGCCGCTCAGCG-1,Tumor
ACGCCTGACACGCGCT-1,Stroma
TTATAGTCCAAGGTGC-1,Stroma
TACAAATTGCGGAGGT-1,Immune cells
AACACGAGACGCGGCC-1,Tumor
ACAAACCGACAAGGCG-1,Stroma
CATCAAACTGGCGCCC-1,Tumor
TACGCCGAGGGTACCC-1,Tumor
ACGATGCATATGTTAT-1,Stroma
TGGCGATCAAGTTATG-1,Tumor
AGTGAACAAACTTCTC-1,Tumor
AACCCAGAGACGGAGA-1,Tumor
AGCCACAGGTTACCCG-1,Tumor
ACTCCCATTCCTAAAG-1,Tumor
ACTCAAGTGCAAGGCT-1,Tumor
TAGAGGGAGTTTATCT-1,Tumor
ACTGTATACGCGAGCA-1,Tumor
AAGTTCAGTCTGCGTA-1,Tumor
TCGGAATGACCATCAA-1,Tumor
TCAACATAGCGCCCTA-1,Tumor
GACCGTTACATGCGAC-1,Stroma
GATATTGAGATTGGCG-1,Tumor
CGAAGACTGCCCGGGA-1,Tumor
CTACGTGTTGCCACCA-1,Stroma
GCTAATACCGAATGCC-1,Tumor
GCTCGGAATTTAAAGC-1,
AATAACAACGCTCGGC-1,Stroma
AGGATATAGGGATTTA-1,Tumor
TGTACCTACACGAGGG-1,Tumor
CGCCCAGCGTTTCACG-1,Tumor
GTTGGATTTGCGTTGG-1,Immune cells
GATAGGTAACGTTGAC-1,Tumor
TTAATGCGAGGTAACT-1,Immune cells
TGGGCACAAACAGAAC-1,Stroma
CCGGTGCGAGTGATAG-1,Tumor
TAAGCCCTTACGACCA-1,Tumor
CGCTCGACATAATGAT-1,Tumor
TAATCAACCAAATGGG-1,Stroma
CCTGGTCGAATGTGGG-1,Tumor
ATGGCGGAATAGTCGC-1,Stroma
GTCGGGTGAAGTACCG-1,Tumor
TCAAAGAGCTATCTGT-1,Tumor
CTCGAATGGAACGTAT-1,Stroma
CCATCCATACCAAGTC-1,Tumor
CGGTTGGGCAGGGTCC-1,Tumor
CGGTGCAGATAGAACG-1,Tumor
ACGGGCGTATGCGACA-1,Tumor
TCAACGCGACCGGCAG-1,Stroma
GTGGTATAGTCTGCCG-1,Tumor
TATATATCGAGAAATG-1,Tumor
GCGCTGGCGGAAAGTC-1,Tumor
GTCGTACCATCTCGGG-1,Stroma
ACGGCACTTGCTTGGG-1,Tumor
TTAAGGATACGGAGGT-1,Tumor
CCAACGCTTGCCAGGG-1,Stroma
TTGATTATGCAGATGA-1,Tumor
GGAACTCGTGAATACG-1,
CGTAATAATTACGAGT-1,
GGTTACCCGACACTTT-1,Stroma
CTCTAATGCATTGATC-1,Tumor
TTAGCTAATACGATCT-1,Stroma
TCTATAGGTGGGTAAT-1,Tumor
TTCGCTAGGAAGTTGT-1,Tumor
ACACGGCACTATGCAT-1,Stroma
TACTGGACAGCTCGGC-1,Stroma
AACCCTGGTGGAACCA-1,Stroma
CATGCGTTGAGAGGAG-1,Tumor
GTCCGAGAGCAATCAT-1,Tumor
GGATACTCATGAATTG-1,Immune cells
GAATCGCCGGACACGG-1,Tumor
GGGTATGTATGCACTT-1,Tumor
GGGCAGGATTTCTGTG-1,Tumor
GTTATATTATCTCCCT-1,Tumor
TTCATAGGGTGTCCAT-1,Tumor
GCTTTCTATCTCAACT-1,Stroma
CCGACAAACACATGAG-1,Tumor
TGCGGAGTAAAGGTGC-1,
TAGTTAAGATAGGATA-1,Tumor
TCGGCGTACTGCACAA-1,Tumor
TCCTAACCGTCGGGCA-1,Tumor
ACTTCCAGTGGAAGCT-1,Tumor
TCGAGACCAACACCGT-1,Stroma
GAGGCCTGTTGATACA-1,Tumor
TGCAACTACTGGTTGA-1,Tumor
AGTTAAGTCAACCGCT-1,Tumor
CCCGTAAGTCTAGGCC-1,Tumor
CACCGATACACCGAGC-1,Tumor
GATAGAACCCGCTAGG-1,Tumor
GGTTGTATCGTGAAAT-1,Tumor
CATGAGTCCATCACGG-1,
TAAACCCAGGAGGGCA-1,Tumor
CGCTATTCAATGTATG-1,Tumor
TGCGAGAATATTACCC-1,Tumor
CTTGATGACCATCCAG-1,Tumor
CTGCCTTTAATACCTT-1,Tumor
CTGCCTTTAATACCTT-1,Stroma
ATGGGAACGGAAGCGG-1,Stroma
CCGACTCGCATAGTCT-1,Tumor
GCCTGCTACACTGAGA-1,Stroma
CTAGACTGCATTTCGT-1,Stroma
GCCCACTGGTCCACAA-1,Tumor
GTCAAGCGGACTCGGG-1,Stroma
GCCAGGAGTAACCGAT-1,Stroma
AGTGACCTACTTTACG-1,Tumor
AACATATCAACTGGTG-1,
GTGCAAATCACCAATA-1,Stroma
CCTTCTTGATCCAGTG-1,Stroma
GTGCAACAAATGTGGC-1,Tumor
GGTACCATTAAGACGG-1,
TCCTTTCTTACGCTTA-1,Stroma
AGCGCTAGAGCGATGT-1,Stroma
ATTCGTGTACCCATTC-1,Tumor
CATAGCCGCCCGGGAT-1,Tumor
CTTTGACGTCGCTTCT-1,Tumor
TCCGGCTGTCGGGTCG-1,Tumor
ATACGAAGGCTTTCCA-1,Stroma
TTGACGATTCAGCACG-1,Immune cells
TGTGGCAAAGCGTATG-1,
GGTCGTAAGCTCGCAC-1,Tumor
CTTTAATATTGGTCGA-1,Stroma
CGCCGCGTTCTGAACG-1,Tumor
TCATTTAAGTCTCCGA-1,Tumor
GAAGTCTCCCTAGCGA-1,Tumor
CGTTATCATACTTCCA-1,Tumor
GGCTGTCCTACTGCGG-1,Tumor
GACTGCGGCACGTGTA-1,Tumor
AACTCGATGGCGCAGT-1,Stroma
CGAGTTTATCGGACTG-1,Tumor
GCTGCGAAGAATTATT-1,Tumor
GTTTGGGCTTGTGAGC-1,Tumor
GATGCCAGCAGAAGGC-1,Stroma
CTCCTGTTCAAGGCAG-1,Stroma
AAGGTATCCTAATATA-1,
AGTTGCGGTCCTCAAC-1,Tumor
TCGTCAAGTACGCGCA-1,Tumor
TGACTCCGAATCATAC-1,Tumor
TGTACTGTGCCAAAGT-1,Tumor
ACTTCGCTAGCGAGTG-1,Stroma
CGAATTACATGGTGTT-1,Stroma
TGTAAGACTGATAAGA-1,Tumor
TTGTCGTTCAGTTACC-1,Tumor
ATTGCCTATTAGACCG-1,Tumor
CCCTCATCACAGAGTA-1,
AACTGGTGTGGGCCTT-1,Stroma
GTCACAAAGTTTCCAA-1,Stroma
AGAATGCGGGTTCGGA-1,Tumor
TCCCGCCTATGTGCGT-1,Stroma
TTCAGTTCAAGAGGAG-1,Tumor
AGTGCGTAGCTCGTAA-1,Tumor
CCGAGGGATGTTAGGC-1,Stroma
TATAAATCCACAAGCT-1,Tumor
GCCATTAGCCTCAAAC-1,Tumor
ATCATAGCCCTATGTA-1,Tumor
TAGTCCCGGAGACCAC-1,Tumor
TAGTCCCGGAGACCAC-1,Stroma
GGTGGAGGTTGATACG-1,Stroma
AATAGCTACCGCGTGC-1,Tumor
ACCGGTCAGGTACACC-1,Tumor
ACGACTCTAGGGCCGA-1,Tumor
ATCCTGCGTGGAATGG-1,Tumor
CGACTCGGTACACGGT-1,Tumor
GGAGACGACACCTTTG-1,Stroma
AGAGCCGCCGAGATTT-1,Stroma
GTTCGGTGTGGATTTA-1,Tumor
AATACCTGATGTGAAC-1,Tumor
GTCGTCTGGTTGGCTA-1,Stroma
AATTACGAGACCCATC-1,Tumor
CAGCCTCTCCTCAAGA-1,Stroma
GACTCCCAGAATAAGG-1,Stroma
TTAATTTCAGACGCGG-1,Stroma
GGGTGTTTCAGCTATG-1,Stroma
AATCGCCTCAGCGCCA-1,Stroma
TTGGAAGAATACAGTC-1,Tumor
GTTACGGCCCGACTGC-1,Tumor
AGATGCAAGACGTGCA-1,Tumor
GAGTAAATTAAGAACC-1,Tumor
TTGTAAGGACCTAAGT-1,Tumor
ATGCCGGTCTTGCATA-1,Stroma
CCATCATAAGAACAGG-1,
CGCTTCCACTGAAATC-1,Tumor
TACTCGGCACGCCGGG-1,Stroma
TCAACACATTGGGTAA-1,Tumor
AAGGATCGATCGCTTG-1,Tumor
CTGGGATAAATAATGG-1,Tumor
CTTTCTGTGCGGGCTT-1,Tumor
TTAACACCTCGAACAT-1,
TCACTATCGTGCAATC-1,Tumor
ATATTGGAGAGGCCTT-1,Tumor
GGTCTTGAGCGCTCTT-1,Tumor
ACAATCGATCTTTATA-1,Stroma
CACTACGGGAGCTGCC-1,Stroma
CATCTAGTGAAGGGAA-1,Tumor
GGGTTTCCGGCTTCCA-1,Stroma
TGTGCTTTACGTAAGA-1,Stroma
TGCAGTTTCCTCCCAT-1,Tumor
TCGGGAACGTGCCTAG-1,
ATTACCACACTGCCTG-1,Stroma
CCAAGAAAGTGGGCGA-1,Tumor
CTCGAGACATACGATA-1,Tumor
CAGTCTCTCGGCTAAT-1,Stroma
GTAAGTAACAGTCTGG-1,Tumor
GTCGGAAGGATACCAG-1,Tumor
GAGAGGTGCATTCTGG-1,Tumor
AAGCCGAAGCGGTTTA-1,Tumor
GTCCACGTCGCATTCG-1,Stroma
GTGGGAAGACTGAATC-1,Tumor
TAGAAACACAATAGTG-1,Stroma
CCTCGACCCACTGCCT-1,
ATTGAAGATCTTAGTG-1,Tumor
ACTCTGACCTAATAGA-1,Tumor
TGCCGTGGGACCCAAT-1,Tumor
TGCCGTGGGACCCAAT-1,Stroma
AGGCACGTGACTGTCC-1,Stroma
TTCGTGGGCTGGAAGC-1,Stroma
GGTATTGCCGAGTTTA-1,Stroma
TTCAAGCCGAGCTGAG-1,Stroma
GCTATCATACTCATGG-1,Stroma
GTGGGCTTAGACACAC-1,Stroma
CGGGTTGTAGCTTTGG-1,Tumor
CCAAAGTCCCGCTAAC-1,Tumor
GAATGTATGGCAGGTC-1,Stroma
GACGTTCGTAAATACA-1,Tumor
CGCGCAAATGTCCAGA-1,Tumor
CGGTTGGGTTCAAGTT-1,Stroma
CCAGAGACAAAGCCGG-1,Stroma
TTCTCTTACAGGTGAT-1,Tumor
AGAGCGTACAAGCTCG-1,Tumor
ACGTTAATGTCGAAGA-1,Stroma
TCGGAGTACATGAGTA-1,Stroma
GTGCACGAAAGTGACT-1,Stroma
TAGAGCTACGAAGAAC-1,Tumor
CAGACCTGTAAGTGTT-1,
ACTTCAGGCTGATCCC-1,Stroma
TGCTGGTTGGACAATT-1,Tumor
AATGACAGCAATGTCT-1,Tumor
GTACTGAGGTCGTAAC-1,Tumor
CATTACATAGATTGTG-1,Stroma
TGGCAACTCGCGCGCC-1,
CATCTACCCGAGAACG-1,Immune cells
CATCTACCCGAGAACG-1,Stroma
ACGCTTAGTGTCTCTC-1,Stroma
AGTCTGGACATCCTTG-1,Tumor
TTGAGCAGCCCACGGT-1,Tumor
CCGTCAACCTCTGGCG-1,Tumor
CCGTCAACCTCTGGCG-1,Stroma
ACGGAGCGCAAATTAC-1,Tumor
CGTCTGGAAGGGCCCG-1,Tumor
GGTCCTTCATACGACT-1,
CAGGATATATCGTTGT-1,Stroma
CAAACTCGCGACGCCG-1,Tumor
CTTCCTGCATATTTAC-1,Stroma
GCTATGCCAGCTTATG-1,Tumor
CCTATCTATATCGGAA-1,Stroma
GGCAGCGGTAATCCTA-1,Stroma
CAAATGCGGAGTGTTC-1,
TTGTGGCCCTGACAGT-1,Tumor
AAAGACATGAAGTTTA-1,Stroma
ACAACGGTCCCTGCGA-1,Tumor
CGCCGACTATTCGCTA-1,Tumor
TATTGCCGGGCTTGTA-1,Tumor
TAATTGGAATCGGGAA-1,Tumor
ACGGAACACGAGTGCC-1,Tumor
CAACTGCTCATCCGAT-1,Tumor
CCTCCCGACAATCCCT-1,Stroma
ACAATTGTGTCTCTTT-1,Tumor
CTCGGGATAACACCTA-1,Stroma
TGTGGCGGGCTTCTGG-1,Tumor
GTAGTTCGAAGGCGAA-1,Tumor
CGGGTTTGTTAGGGCT-1,Stroma
TAACTCCATGGAGGCT-1,Tumor
TTAAAGTAAGTCGCCA-1,Tumor
GTTTGACCAAATCCTA-1,Stroma
TTGGACCATCTGGCAA-1,Tumor
AAACGCCCGAGATCGG-1,Stroma
GTAGCTTCCTCTTGTT-1,Stroma
CCATGGCCCTTGTACC-1,Tumor
ACACCTTACTACTTGC-1,Tumor
CCGCCGTTGAGGATAA-1,Tumor
TAAGGGCTGGGAGAGG-1,Stroma
GTTTATGGGATTTAGA-1,Stroma
ACGAGGATACCACTCT-1,Tumor
TTAAGATACCCAGAGA-1,Tumor
GGGTACCCACGGTCCT-1,Tumor
CCGACGGGCATGAGGT-1,Tumor
TGGCTTATGTATAATG-1,Tumor
GAGTGCACGGACAACA-1,Tumor
ACTCGTAACCCGTCCT-1,Tumor
TGGAATATCCTTGACC-1,Tumor
AACTTTACGGGAGCTT-1,Tumor
ACCCTTGCCTGGGTCG-1,Tumor
TAATAAACAAGGAGAT-1,Stroma
GGAGACATTCACGGGC-1,Tumor
ATTGCTGCTCCTCCAT-1,Stroma
TACAACGCACAACTCA-1,Tumor
GGAGGCCGAAGTCGTC-1,
TGAGGCATGTACTGTG-1,Tumor
ACGTTCACTATGCCGC-1,
TCGCCTCCTTCGGCTC-1,Tumor
TCAAGGTTACTACACC-1,Tumor
GTGCGGGTCTCCAAAT-1,Tumor
TTGAGGCATTTAACTC-1,
CACCCACACGTCACCC-1,Tumor
CGCCTTTAGCATGCTC-1,Tumor
CATTGCGGGTCAATTC-1,Tumor
ACTCGCCGTTCGATAA-1,Tumor
ACATCGCAATATTCGG-1,
GTCTATCTGAGTTTCT-1,Tumor
TCGGGATTCAAACATA-1,Stroma
ACAGTAATACAACTTG-1,Tumor
GAGTTCTGTGGGTGCT-1,Tumor
TCGTTCGTTATTATGT-1,Stroma
GGTTAGTTACGGCGCC-1,Stroma
CTGGGATACGCTACCC-1,
TGGAAGAAGGGAACGT-1,Tumor
AACATCGATACGTCTA-1,Stroma
AATCGGGACACTACGA-1,Stroma
CCAAGCGTAACTCGTA-1,Stroma
CCTGGAAACGTTCTGC-1,Tumor
GAGGCCCGACTCCGCA-1,Tumor
ATACGTCCACTCCTGT-1,Tumor
GAATAGTGCTCGATTA-1,Tumor
GCAAACGTAAGCGACC-1,Tumor
CATCTTACACCACCTC-1,Tumor
CTATGAACACCTTGCC-1,Tumor
AGAGCTACGAAAGCAT-1,Stroma
GTACGTCACGTATTAA-1,Tumor
AACCCTACTGTCAATA-1,Tumor
GCTAGACCGTCTACTG-1,Tumor
GCGTCGTAACATGGTC-1,Tumor
GAACCTCGACCTACAC-1,Tumor
TACATAGGCATACACC-1,Tumor
TACATAGGCATACACC-1,Stroma
GGTGCTGATCACAAAG-1,Stroma
GTCGTTATTCGCTTAT-1,Tumor
GTTTGTTAGCCAAGTA-1,Tumor
CACTGACGATTGTGGA-1,Tumor
CACTGACGATTGTGGA-1,Stroma
AGATACCAATAGAACC-1,Tumor
ACAGCGCACCCGCAGC-1,Tumor
AAGGCAGGCTGTCTCC-1,Tumor
CTGGGCCTGCTATATC-1,Tumor
GCTCCTGACATACTGG-1,Tumor
AAGATGGCACCGGACC-1,Tumor
ACAGCGACATTCTCAT-1,Stroma
AGCCCGGCATTAGAGG-1,Tumor
AGCCCGGCATTAGAGG-1,Stroma
GTTCGTTGCGGACCAG-1,Tumor
TCCATCAATACTAATC-1,Tumor
GAAGTTTCCACTCAAT-1,Stroma
CCCTGAAATGAGTTGA-1,Stroma
TGATACATTTAGCCGT-1,Tumor
CTTAATCGACTTAGTA-1,Tumor
GGTTCGATGCTGAGTT-1,Stroma
ACTTGGGACCCGGTGG-1,Tumor
TCCACAATGGTTTACG-1,Tumor
TAGGTTCGAGTTCGTC-1,Stroma
CACCAATCATCCGTCT-1,Tumor
GGCGCGGAGATCTTTC-1,Tumor
TCCACATCGTATATTG-1,Tumor
ATAGAGTTATCAACTT-1,
TGCACGAGTCGGCAGC-1,
GACTAACACAGCACCT-1,Tumor
AGTACAGAAGCTTATA-1,Tumor
AAGAGGCATGGATCGC-1,Stroma
GAACAACTGGGATGAA-1,Tumor
ACTTGTTACCGGATCA-1,Tumor
CCCAATGAGATTTGCA-1,Tumor
CCTACAGTTGAGGGAG-1,Stroma
TCTTATGGGTAGTACC-1,Tumor
GGCACGCTGCTACAGT-1,Tumor
CAGCCGGGCCCTCTAT-1,Tumor
GCTGCTACTGCGTAGC-1,Stroma
CCGCTATCAGCACCAG-1,Stroma
CGCCCTTACATCCACC-1,Stroma
AACGTGATGAAGGACA-1,Tumor
AGTCTTTAAAGTGTCC-1,Tumor
ACCGATGGTAGCATCG-1,Tumor
CGAACCCGCATGCGTC-1,Tumor
AGTCACTAGCTCTCGA-1,Stroma
CCGTGGAACGATCCAA-1,Stroma
ATCACTTCATCCTCGC-1,
CTCCCTCCTTTCGATC-1,Tumor
CATCATCTACCCGGAC-1,Stroma
TCCCTGGCGTATTAAC-1,Tumor
GCCTAGCGATCTGACC-1,Tumor
GAGGGCGCAGCTCTGC-1,
CTGGGTAGGCAGTTAA-1,Tumor
TGCAAACCCACATCAA-1,Tumor
CGGTAACAAGATACAT-1,
ATGTGGACATCTTGAT-1,Immune cells
ATGTGGACATCTTGAT-1,Stroma
TATTCAATTCTAATCC-1,Stroma
ATCAATCTGGGCTGCA-1,Stroma
CAGCAGTCTGTGCTGC-1,Tumor
AGCCGCAAATTCAAAT-1,Tumor
TCCCGTCAGTCCCGCA-1,
CCTGTTCAACCTCGGG-1,Tumor
GTTAATGTCTATCTTA-1,Stroma
AAGTGCAAAGGTAGAC-1,Tumor
TTGGATCGACTTCTGG-1,Stroma
GATGTTTGTGCGAGAT-1,Tumor
CATACACAAAGTCAGC-1,Tumor
AAACGCTGGGCACGAC-1,Stroma
GCATGACACAAAGGAA-1,Stroma
GCCACTCCTTACGGTA-1,Tumor
ACAGGCACGGATCCTT-1,Tumor
AATCTGGCTTTCTAGT-1,Tumor
TCTAACCTAGCCTGCG-1,Tumor
GTATGTGGGTCTAGTT-1,Tumor
GTATGAAATTTCACTC-1,Tumor
CTAGCCGATGTTATGA-1,Stroma
CGGTACGGCAAACCCA-1,Tumor
TCATTTAGAAGTGTGA-1,Stroma
TAAAGCGTTAGGAGAA-1,
GTATCTCCCTAACTGT-1,Immune cells
CCGCATGTGGTACGAT-1,Tumor
CCTCTGTACTATTCTA-1,Tumor
GGAATAACCTCAAGAA-1,Stroma
TTGTGCGGAAGCGGAT-1,Tumor
GTGAAACGGCGCCACC-1,
AATCTAGGTTTACTTG-1,Tumor
GAAACATAGGAAACAG-1,Tumor
CGTCAAGGCTATAAAT-1,Tumor
TATGATAAATCTAACG-1,Tumor
CTCACCAGTACAAGTG-1,Tumor
AGATGCTATAACGAGC-1,Tumor
AGCCCTAAGCGAAGTT-1,Stroma
TGGACACCGTTGCTTG-1,Tumor
AGTCGGCTCAACTTTA-1,Tumor
TTGAGAGTACTGCTAA-1,Tumor
CTACGAACTAGGTCGA-1,Tumor
ACGATCATACATAGAG-1,
TCCCACTCTCTTCCGG-1,
CAAGGGAGTGTATTTG-1,Stroma
GTCCTTCTAGTGGGTT-1,Tumor
TTACAGACCTAAATGA-1,
ACGGCGACGATGGGAA-1,Stroma
TTGCAAGAAGACTCCT-1,Tumor
TCAATCCGGGAAGTTT-1,Tumor
TCAGGGCGCAAACTCG-1,Stroma
CACAATGAGCTGCTAT-1,Tumor
AACCTGTCACGGAATT-1,Stroma
GGACTCTTCCGGTTGA-1,Tumor
TGGACGCAATCCAGCC-1,Tumor
AATCGTGAGCCGAGCA-1,Tumor
ATCCACGCTAAATGTT-1,Tumor
ATCGGTTACCTAGTAA-1,Tumor
TGCCAGTACGTGGAGA-1,Stroma
TACGACTGCCTCTTAG-1,Stroma
CAGTAACTATTTATTG-1,Tumor
ATCAGGTAGCTGACAG-1,Stroma
GGCACTCCACTGGGCA-1,Stroma
AATAGCAAGCCTCCTG-1,Immune cells
AATAGCAAGCCTCCTG-1,Stroma
GAGAACGGTTCTGACT-1,Tumor
ACACCTTAAGTAGGGC-1,Tumor
GCGCTAATTGAATAGA-1,Stroma
ACTGCGGACACACCGT-1,Stroma
CTTGTGAGGACAGCGG-1,Tumor
AACCATAGGGTTGAAC-1,Tumor
GCACACAGCTATTACC-1,Tumor
CCTGCTACAACCATAC-1,Tumor
TAAGGCATAACATCAA-1,Tumor
TCGAAATTTAGGACCA-1,Tumor
ACCCGAGCGAAATTAC-1,Tumor
CTCCTAAGTTATGTCT-1,Tumor
AGCGGTTGAGATGTAC-1,Stroma
AAACTAACGTGGCGAC-1,Stroma
GATCGTGACTGATATC-1,Immune cells
GATCGTGACTGATATC-1,Stroma
TCAGCGCACGCCGTTT-1,Tumor
TACCTACTCCCAGTAT-1,Tumor
GATATGCGGTAGCCAA-1,Stroma
TTATTATCTGGAAGGC-1,Tumor
GTATCTCGGGCGCTTT-1,Tumor
CCATACTCGCCTCTCC-1,Tumor
GTTGGATTCAGTGGCT-1,Stroma
TCTCTTACCGCGAACC-1,Tumor
CGCCGGTGTCGCAGTA-1,Tumor
CTTTGCTGTCATGGAT-1,Stroma
ATGCCGGTTGATGGGA-1,Stroma
TGATTATGGCACGCAG-1,Tumor
AATATTGGAGTATTGA-1,Stroma
CCACATACTGCACCCA-1,Stroma
CGCGGTACGGTATACA-1,Stroma
TTAGTTATTCGTGGCA-1,Tumor
TTGGACCTATAACAGT-1,Tumor
CAGTAGCGAGGTAGTA-1,Tumor
GCGTCCAGCTCGTGGC-1,Tumor
ACTCAACGAATGTATT-1,Stroma
ATTACGCGCTGGCAGG-1,Tumor
CTACTATCTTTCAGAG-1,
GCTATACGTCTCGGAC-1,Tumor
AGGCCCATTGTACAGG-1,Tumor
GTTACGAAATCCACGC-1,Tumor
TAGATGGTTCCTTACT-1,Tumor
TATTCCGGCAGTCCTA-1,Stroma
GCACAGCACGGGCCGA-1,Tumor
GTGGCGTGCACCAGAG-1,Stroma
CTGATCCCTTTATGCA-1,Tumor
GGGAGAACTCACAGTA-1,Stroma
CGGAGTCCTAACCTGG-1,Stroma
AACTTGCCCGTATGCA-1,Tumor
CGTCAGCTATTTACTC-1,Tumor
GCACGTGGTTTACTTA-1,Tumor
CTGCGACCTCGCCGAA-1,Tumor
TATATAGGGCTTTACG-1,Tumor
AAGTGACGACCGAATT-1,Tumor
GGTGCATAAATGATTA-1,Tumor
TCGTTGACAGGGTCCC-1,Tumor
TCCAGGCGAGTACGGT-1,Stroma
CCACTGTTTGGATTAA-1,Stroma
CTTAGTTGAGGAATCG-1,Tumor
CGACGCATCCGTACCT-1,Tumor
AGCGACATCCCATTCA-1,Tumor
GGAAAGGGAATTGAGC-1,Tumor
ACACCGAGCGCTCTTT-1,Tumor
AGGGAGACATACTTCG-1,Stroma
GTTTGGCCCAAGTTAT-1,Tumor
CTAGGCGCCCTATCAG-1,Tumor
CTTCGTGCCCGCATCG-1,Tumor
GAGCATCATCCCTGGG-1,Tumor
AAGAAATCACCAGATT-1,Tumor
TACGCCTCCATTCCGA-1,Tumor
GGTCCCATAACATAGA-1,Stroma
GGCATACAGGTAGCGG-1,Tumor
GTGCGAAATCGAACAC-1,Tumor
GACTGCAAATCGAGCT-1,Tumor
GTGATCACTAACGCCT-1,Tumor
CTTAGCCTTCCACATG-1,
TCGGCAGGGTTAAGGG-1,Tumor
ATAAGTACCCGATTGT-1,Tumor
TGTAGCCAATTCCGTT-1,Tumor
GGAGGGTCAAGTAAGA-1,Stroma
GGAGGGTCAAGTAAGA-1,Stroma
TGCAAGAATGACGTAA-1,Stroma
GAACTGTGGAGAGACA-1,Tumor
ACCAGTGCCCGGTCAA-1,Stroma
TAGGCGGCTGCAAAGA-1,Tumor
CAGATGTTTGTCCCAA-1,Tumor
AATAGTCCGTCCCGAC-1,Tumor
CCAGCTTCCGCCCGCA-1,Stroma
CTCAGATTGTGATAAG-1,Tumor
TAGTAGCTTATACCAG-1,Tumor
GGGAGTTAATGAGGCG-1,Stroma
TTGTTTGTGTAAATTC-1,
CAAAGATTATTGGGCC-1,Tumor
TTACGGTGTCACCGAG-1,Tumor
CCACATGGCTCTTTAT-1,Tumor
GGCGTCCTATCCGCTG-1,Tumor
ACAAACTCCATCAGAG-1,
TTATTAGGGAAGCATC-1,Tumor
CGTTAGCTCACAACTG-1,Stroma
AACGCGGTCTCCAGCC-1,
TTCCAATCTGGCTATC-1,Tumor
GACTGCTGGTGAGAAA-1,Tumor
GGACAAGCCATGATCG-1,Tumor
CCTATGGGTTACCGTC-1,Stroma
TGCATGTGACCCATAG-1,Tumor
CTATACTTAAAGCGAG-1,Tumor
AGAATACAGGCTATCC-1,Tumor
TCGGCTTGTATCGACG-1,Stroma
TAATGAAAGACCCTTG-1,Tumor
TCAAGCTGCCTTGAAA-1,
TTGGGCGGCGGTTGCC-1,Stroma
CAAATTGGATTATGCC-1,Tumor
GTGACGCAGGTTTCAT-1,Tumor
CGGTCTATCAACCCGT-1,Stroma
ACATCGTATGCAATGG-1,Tumor
CCCGCGCAATGCACCC-1,Tumor
GCGTTATATTTGGAAC-1,Stroma
ATAGATTTGCAGTCGG-1,Stroma
CTCTACATCCTGCGTG-1,Tumor
GTTAATAGCGTCATTA-1,Tumor
AACAGCTGTGTGGCAA-1,Tumor
ATGGACTGCTTAGTTG-1,
TGCTAAGTGTCTATTT-1,Tumor
AATCGCGCAGAGGACT-1,Tumor
TGGTGATCGTATTTGT-1,Tumor
TCCAGGCAGGACGATC-1,Tumor
TTCCTCTGCCCGAATA-1,Stroma
ATTGTCTGTTTCATGT-1,Tumor
CCATGTTCATCTATAT-1,Tumor
TACCGATCCAACACTT-1,Stroma
CACAAGCTAAGAAAGG-1,Tumor
AACTCCTAATCCCATG-1,Stroma
TGTCGTTATCACATAT-1,Tumor
TTGCGTCGGCCAACCG-1,Tumor
AGCTGAAGTAAACCAA-1,Stroma
AAGCCACTTGCAGGTA-1,Tumor
GTTTCAAACGAGTTGT-1,Stroma
GATCGACACTATCTGA-1,Tumor
CCGCGATTTGGTAGGT-1,Stroma
CGTTTCGGTTATATGC-1,Tumor
TGGAATTAGACGCTTT-1,Tumor
TCTTGATGCGTAGCGA-1,Stroma
ACAAGGCCTACCAGCC-1,Stroma
TGAGACGTACCTCTCA-1,Stroma
ATAATAGCTGTTGAAT-1,Stroma
ACGTTCGTTCAGGAAA-1,Tumor
TAGGATCTTAACCGCA-1,Tumor
ATTTGGAGATTGCGGT-1,Tumor
CAACTGAGGGTATGAC-1,Tumor
TCCGGGCTTGACGGGA-1,Tumor
AGAGGGACAATTGTCC-1,Stroma
TCTGATCGGGTGCTAG-1,Stroma
TATCCAATTGGTTATC-1,Tumor
TATCTACAGAGGTAAT-1,Tumor
TCCCTCTTCTCAAGGG-1,Tumor
TGCTGCGTCAGAGTTA-1,Tumor
GGGCGTCCACTGGCTC-1,Stroma
CAAAGGTCATCTGAAA-1,Stroma
TCTCGAACGAGGTCAC-1,Stroma
GAAATTAGCACGGATA-1,Immune cells
GAAATTAGCACGGATA-1,Stroma
GAGAAACTGGATCCCA-1,Stroma
GGGCAGTCAACGCCAA-1,Tumor
TCCCTTAGATTACTCG-1,Stroma
TTGGGAAGACGAGCCG-1,Tumor
GACAGCCAGACCTGAC-1,Tumor
CGAACCTCTTTCCTAG-1,Tumor
AAGTGCGTTAGAATCT-1,Tumor
AGCACTACCTCACCAG-1,Stroma
GGTTAGGCTTGGAGAA-1,Tumor
CACGTTTCGTACACAC-1,Stroma
CTGCTCTGACGGCAAA-1,Tumor
GATTAACCGAAAGCCC-1,Stroma
ATGCCAATCGCTCTGC-1,Tumor
ACCTAAGTACCTTTCA-1,Tumor
ATCTATCGATGATCAA-1,Tumor
GCCGATTGGCCAAGCT-1,Stroma
TCACAAACCGAGGTAC-1,Tumor
TTAAACTCGAATTCAT-1,
ACACATTTCCGTAGAC-1,Tumor
CCTACTGCTTACACTT-1,Tumor
CCCAGTTAAGGCGCCG-1,Tumor
TCGACAACTGAACCCG-1,Tumor
TCGCACCAGGAGGCAG-1,Tumor
CCAAATAACAAGATTC-1,Stroma
TCGCTGTGCGTAAATC-1,Tumor
CTATGTCACTAGCCCA-1,Stroma
GAAACCGAATTACCTT-1,Tumor
GTTCCAAGACAGCGAC-1,
GTAGCTCCGGGAGGCT-1,Tumor
GTCCTAGGATACCTTA-1,Tumor
ACGTTCTGTACAAGTC-1,Tumor
ACACATTGACGCAACA-1,Stroma
CGCTTAGTATTGATAC-1,Tumor
GATATGGATTACGCGG-1,Tumor
TGAGCTCAACTGTATA-1,Tumor
AAGGGAACGACTGGCT-1,Tumor
ACTGTCTTCTTTAGAA-1,Stroma
CACCGATGATGGGTAC-1,Tumor
GAGCGCTATGTCAGGC-1,Tumor
GTTTGGTAGGGTCAAC-1,Tumor
GACACAGCCGGGACTG-1,Tumor
GTATGACGTGGGAAAC-1,Stroma
AACCGAGCTTGGTCAT-1,
AGCTAAGCTCCGTCCG-1,
ATCTAACGTCCCTATG-1,Tumor
TTGACCATGTTCTCCG-1,
GGTACGTTGCGGCCGG-1,Tumor
CAGGCCAGTACCACCT-1,Tumor
AGCCAAGCTTTGTGTC-1,Tumor
CGTAATATGGCCCTTG-1,Tumor
TTGTAACTTCATAGCG-1,
ACATCTCAACGCGTAA-1,Stroma
GCATGAGGGACGCGGC-1,
GTCTGGGCGGTCGAGA-1,Tumor
CATACTTCTTTCTCCG-1,Tumor
CGTTGTCGGCAATTGA-1,Tumor
TGATCAGGGAACTGCT-1,Tumor
GGGCCGGCCGAAGTAC-1,Tumor
GACGGTCCTAGGGTGT-1,
TGCCGTTCTTAATCGG-1,Tumor
TTACCCATTGCCGGGT-1,Stroma
CTAGTTGGGCCCGGTA-1,
CCGGCACGACCGTTTC-1,Immune cells
AGCTGTAACCTCAATC-1,Tumor
TTAACCCGAGGCGTGT-1,Tumor
AACCCGACAACCCGTG-1,Tumor
GGCCCAGTTATCAGCA-1,Tumor
CCCAAGACAGAGTATG-1,Tumor
CGAATGACGCATAATG-1,Tumor
CCGATTGGTCAATGAA-1,Stroma
ATCGCTTTACGTCTCA-1,Stroma
TTGATAGTCAATACAT-1,Stroma
TCGTTAGGAGTCCCTA-1,Tumor
CGCGTGGGCCTGTGTT-1,
CTAAGTACAGGGCTAC-1,Stroma
CCAGTTCGGTAACTCA-1,Tumor
TTGAAGTGCATCTACA-1,Tumor
GACTCGGTCGGCGGAT-1,Stroma
TATAAGTGAGGATAGC-1,Tumor
GATAGTGCGAGTAAGT-1,Tumor
AGTGGTGTTACCCGTG-1,Tumor
CCCTGATGTAACTCGT-1,Tumor
CAGTACATTCTCTAAA-1,Tumor
GAAGCTTGCTGACCGC-1,Tumor
GCCCTAAGTGCAGGAT-1,Tumor
GTGTGAATAACTTAGG-1,Stroma
CATTGCGAAATGGGCG-1,Stroma
ATAAGGTGGAGAACAT-1,Stroma
GGGCCTATTTAAGTAT-1,Tumor
GGGCCTATTTAAGTAT-1,Stroma
AGATTCACAACCGATA-1,Tumor
CCAATTACGGGTCGAG-1,Stroma
GGGCCCTTATCTATAC-1,Tumor
TAGGCGATGAGGTCTC-1,Tumor
AACGCGACCTTGGGCG-1,Tumor
CTCACTTGGCTGGTAA-1,Stroma
CGAGACCCTAGAGTGT-1,Stroma
CCAGAAAGCAACTCAT-1,Tumor
CAGAATAACACACGGA-1,Stroma
ACGAAATGGGCGGCAC-1,Tumor
TCACCGCTCGGCACTC-1,
ACCCTCCCGTCAGGGC-1,Tumor
GGTGTAGGTAAGTAAA-1,Tumor
TTCCAGTGGGTTTCGT-1,Tumor
TCCGGGCCACTAACGG-1,Tumor
GCTGGCATATTCACCT-1,Tumor
GAATTCACCCGGGTGT-1,Tumor
CAAATTGTCAGCAAGC-1,Stroma
AACACACGCTCGCCGC-1,Tumor
ATTCAGGATCGCCTCT-1,Stroma
AGTGGCCCGCAAATGG-1,Tumor
GCCGTGGAAGAAATGT-1,Stroma
ATTCATCGTTGAGGCA-1,Tumor
CAATATTGGACTAGTG-1,Tumor
GGGATCCCAATACAAA-1,Tumor
AAACCTAAGCAGCCGG-1,Tumor
GCCGCACTCCGTTTCA-1,Stroma
GGGTCTATCGCTTTCC-1,Tumor
AGCGGGTCTGACACTC-1,Tumor
TACATCTTGTTTCTTG-1,Tumor
AACTTGCGTTCTCGCG-1,Tumor
CGCTTTCATACCGGTG-1,Tumor
TCGAATCGCAGGGTAG-1,Tumor
CTTGTCGTACGTGTCA-1,Tumor
GGGTCATGCGTACCAT-1,Stroma
CAATGGATCTCTACCA-1,
CACCTCGATGGTGGAC-1,Stroma
ACGTGACAAAGTAAGT-1,Tumor
ACCATCGTATATGGTA-1,Tumor
ACAAGGAAATCCGCCC-1,Stroma
AAACGGTTGCGAACTG-1,Tumor
AGAATTATGGATTCGA-1,Stroma
TCGTAAGCTCCGAGGA-1,Tumor
ACTACATCCCGACAAG-1,Tumor
TTCAGTTTGTGGCAGC-1,Tumor
TAATAGCTAAATGATG-1,Tumor
TTCCAATCAGAGCTAG-1,Stroma
GTGACTTCAGTAGTGC-1,Tumor
TTCGGGCGCTAGTCTT-1,Tumor
TCTGTCATACAAGAGC-1,Stroma
GCTAGCAGGGAGTGGG-1,Tumor
CATCATTACCCTGAGG-1,Tumor
ATACGCCGGCGAAACC-1,Stroma
GTGAGTCTAAGACGGA-1,Tumor
CTGCGGTAGTCACGTG-1,Stroma
TTACAACTACGCATCC-1,Tumor
AAGAAGGATCAGTTAG-1,Tumor
TCCGCTTATCCCATTA-1,Tumor
ACCCTGGTAACGCCCT-1,Stroma
TCCCAGCACACGACAT-1,Tumor
TGGTACCGGCACAGCC-1,Stroma
TCATCCCAGAGGGTGG-1,Stroma
ACACCCGAGAAATCCG-1,Tumor
CCAGCGGGATCACCAG-1,Stroma
AGGGCGTGATCGGCTA-1,Tumor
GTTACTTTGGGCCTAG-1,Tumor
AAGACATACGTGGTTT-1,Tumor
GAGAGCGCAGTCCCTG-1,Stroma
TAGAGTGTTCCGGGTA-1,Tumor
TAACCTAGGGAGTCCA-1,Stroma
CGCTCTCCGTAGATTA-1,Tumor
TACGGCATGGACGCTA-1,Stroma
AGCTTCAATACTTTGA-1,Stroma
AGCCGCTTGATTAGCG-1,Tumor
GAAGCCGGGTAAGCTC-1,Stroma
CGCGTTCATGAAATAC-1,Tumor
GGAGCGAGGCCTACTT-1,Tumor
GATCCCTTTATACTGC-1,
AGTTAAACACTTGCGA-1,Tumor
TTCCCGACGCTTCACT-1,Stroma
ACATCAGCTGGGACGC-1,
AGAAGTGATTCGTGAT-1,Tumor
GTGTCAGTGTACGTGG-1,Tumor
CGTTGTTTCAATTCCC-1,Tumor
CCAAGGTTGCCCTTTC-1,Tumor
TCCTACATCCACGGCC-1,Tumor
ATCTACCATCTGCTCC-1,Tumor
TCTCAAATCAATCGGG-1,Tumor
GACTTTCGAGCGGTTC-1,Tumor
AGGTAGGTACAAAGCT-1,Tumor
ACTGTTTAGTGTAGGC-1,Stroma
AGTTGACGGTCCTTGC-1,Tumor
TTCGGTGGAGACGCCC-1,Stroma
CACGGACGTGGATGGC-1,
GGTACTAAGTGCTTTG-1,Stroma
CGACATGCGATCTTCT-1,Stroma
AAACGAAGAACATACC-1,Stroma
AGGGACAGCACGGCGG-1,Tumor
TATATCCCTGGGAGGA-1,Tumor
GACGGGTTGGCCCGTA-1,Tumor
TTGCGTGTGTAGGCAT-1,Tumor
GCTTCAGTGGGATTAC-1,Stroma
GTGCTGCAGATAAGGA-1,Tumor
TGGTCTGTTGGGCGTA-1,Stroma
TGCCGGATGTACGAGC-1,Tumor
GCGGGCATTACGATGC-1,Stroma
CCTCGAAGTGGACGGG-1,Stroma
TGTTGCCGTCGTCCCA-1,Stroma
TGGTCGTGCAAGGCAA-1,Tumor
CGTAGCGAATTGTCAG-1,Stroma
CCGTGCCCATGACGGC-1,Tumor
GCGGTCCCTAGACGCA-1,Tumor
CAGTAGCCCACGCGGT-1,
GATAACTCGCACTGTG-1,Tumor
AGTGAAGATGGTGTCC-1,Tumor
GTCGCGTAACCCGTTG-1,Stroma
GCAGCACACAGCCCAG-1,Stroma
CCTTGACCACTTTATT-1,Stroma
ACCGTGACCACGTGGG-1,Tumor
ATCTAGCTTGTGAGGG-1,Tumor
GCCGCTAGATACGCAG-1,Stroma
CTCTAGCCCTCGGAAA-1,Tumor
AACGAAAGTCGTCCCA-1,Tumor
TTAGAGGGATATACAG-1,Tumor
TACGACGCTTGCTGCG-1,Tumor
GACAGAGGTCTTCAGT-1,Tumor
AGCGGGAAGGGTCCAT-1,Tumor
ACGAGTCGCCGGCGTT-1,Tumor
TATGAAGACAGGTGCG-1,Tumor
CCATGCCTGTTTAGTA-1,Immune cells
TCACAGGAGAATAAGA-1,Tumor
ATTCCCGAAGGTACAG-1,Tumor
AAAGTGCCATCAATTA-1,Tumor
GGACTCGTGAGTGGTC-1,Tumor
AAGTTTATGGGCCCAA-1,Tumor
TCAAACAACCGCGTCG-1,
TCCTCGGGCTGGGCTT-1,Stroma
ACTACCAGCTCTCTGG-1,Tumor
CCTAGGCGTAGCGATC-1,Tumor
TGTAATGCCTTCGGAC-1,
GGCCGCAGGAACCGCA-1,Tumor
TAAGGAACTTGTGGGA-1,Tumor
CCTCTAATCTGCCAAG-1,
GATGACGATGATCGCG-1,Stroma
AGGATTGCTTACGACA-1,Stroma
ATCAAACGAAGGTTTG-1,Tumor
TCGGACGCCCAGCCCA-1,Stroma
AAACATTTCCCGGATT-1,Tumor
GTTATATCAGGAGCCA-1,Tumor
AAGACTGCAAGCTACT-1,Stroma
TATGGCTAGGCTAATT-1,Stroma
TTCTTGTAACCTAATG-1,Tumor
CACGAGCAAACCAGAC-1,Tumor
GTTGTTGCAAGATGGC-1,Tumor
GCAGTGTGGCTATAGG-1,Tumor
GGATGCTGGCGTTCCT-1,Stroma
ACACATGATCAAATCT-1,Tumor
TATCACCATGTAAAGT-1,Stroma
CAACTCCGTAACTTGC-1,Tumor
CTCACTGTGATACTTA-1,Tumor
TTCCACACAGATTTGA-1,Tumor
ATTATGCCATAGGGAG-1,Tumor
TCGGGAGACAGCGTAC-1,Tumor
CAGCTTAGTAGGTAGC-1,Tumor
AGCTCTAGACGTTCCA-1,Stroma
CTTCATTGTCAGTGGA-1,Stroma
GACTCACCCACGTGAG-1,Tumor
TGTAACTTGTCAACCT-1,Tumor
GATCCTCGACACTGGC-1,Tumor
TCGCGTAGCAGTGTCC-1,Stroma
TGCCCGTACCGTTAAA-1,Tumor
GGAACTTTGGCGATTA-1,Stroma
AACCGTTGTGTTTGCT-1,Stroma
CCCAATTTCACAACTT-1,Tumor
TTAAGATAGGATTGAC-1,Tumor
CGTTTAAGCGGAGCAC-1,Tumor
GAGATCTTCCATGACA-1,Tumor
GCTACACTGTCCGAAC-1,Tumor
CTAGATTTACGACGGC-1,Stroma
GTCCCAACGTAAAGTA-1,Stroma
TACGTGCAAGGTTCCT-1,Stroma
CGTTTGTGTAGAGGGT-1,Tumor
CTCATTAACGTTGCCC-1,Stroma
CTTTGGCAGACAGAGT-1,Immune cells
CTTTGGCAGACAGAGT-1,Stroma
ATATCAACCTACAGAG-1,Tumor
GCCTCTATACATAGCA-1,Tumor
TCAGAACGGCGGTAAT-1,Tumor
TGGAAGACGAACACCA-1,Tumor
AATGTTAAGACCCTGA-1,Tumor
AGCAGTCGAAGCATGC-1,Tumor
AGTGTATTGCGCATTG-1,Stroma
CCCAGATTCCCGTGAC-1,
CGTCGCGGCGGGATTT-1,Tumor
CTGGCGCACAGGTCTG-1,Tumor
TCGCTTAATTACGAAG-1,Tumor
TCCAGCGCTATAAGCG-1,Stroma
TACTTGTTAGTAGTCC-1,Tumor
AGAAGGTTGTAGGTCG-1,Tumor
GAGTATCAAAGTTACA-1,Tumor
GTATTAGGGTTCGCGT-1,Stroma
CGTGCACACCACTGTA-1,Tumor
GTAACTTGCGGCAGTC-1,Stroma
TTGCTGGCCGGGCTTC-1,Tumor
GCTCTCGGGTACCGAA-1,Tumor
TAAGGCCCGTCACCCT-1,Tumor
CACTGTCCAAGTGAGA-1,Tumor
CTGGTAACACATAGAA-1,Tumor
GTCACCTGTCTATGTC-1,Stroma
GTCACCTGTCTATGTC-1,Stroma
CCCTGTTGGCAAAGAC-1,Stroma
GATTTAGTGCGTACTG-1,Tumor
TACTGAGGGAAGAAAG-1,Tumor
GTTCATCGTTTGGCTG-1,Immune cells
ATCCCATTTCCGTGGG-1,Tumor
TCGCTCGGCACCAGCG-1,Stroma
TTAATGTGTTTGCAGG-1,Tumor
TGTTCTTCCATTGACT-1,Tumor
GAGTAAGGCCACGGGA-1,Tumor
TCTGGGAACCTTTGAA-1,Tumor
GTACTGCATGAAGCGT-1,Tumor
CTTCATAGCTCAAGAA-1,Tumor
ACTTACGCATCCACGC-1,Tumor
AATCAGACTGCAGGAC-1,Stroma
TACAAGTCTCGTGCAT-1,Tumor
AAGCCGGAGAGCAGGA-1,Tumor
AGCTGCATTTGAGGTG-1,
CACATGTTTGGACATG-1,Stroma
GGATTAATCATGGACC-1,Tumor
CCAGCTACGCCTCATA-1,Tumor
AGCAACCGAAAGTAAT-1,Tumor
TGCTTCCCAAGCAGTA-1,Tumor
GATCGGATAGAACCAT-1,Stroma
ATGACGCCGGCTCTAA-1,Tumor
GCGAATGGACTAGCGA-1,Tumor
TGACCAGCTTCAAAGT-1,Stroma
AAGACTAACCCGTTGT-1,Tumor
GAAGCGTGAGGAATTT-1,Stroma
CCGCCGGAACTTCTCG-1,Tumor
CATGACTTCGCTGAAT-1,Tumor
AGCAACATATCTTATT-1,Tumor
GTCCTATTGTTGTGGT-1,Tumor
ATGAGGGCAGCGGCTA-1,Stroma
TTCTATTAAACGCAGC-1,Tumor
CTCGTTTCTAATGTTT-1,Stroma
CATGAACCGACATTTG-1,Tumor
TGACTATAATCCTTTC-1,Immune cells
TGACTATAATCCTTTC-1,Stroma
GAGTTGTCACCAGTCT-1,Tumor
ATAGCTGCTCTTGTTA-1,Tumor
TTCAACGACCCGACCG-1,Tumor
TTATATACGCTGTCAC-1,Stroma
GAAGCCTGCACATTCC-1,Tumor
TCCTAAAGATTCAGAC-1,Tumor
ACCCGTGTCATCAGTA-1,Tumor
AGTGAGTCGAATTAAC-1,Tumor
GAATAGCATTTAGGGT-1,Tumor
CGATCGAGAAGCACCA-1,Tumor
TGAGAGATTTACCACG-1,Tumor
AGAATAAATCTTCAGG-1,Stroma
CGGGTTCGGCACGTAT-1,Stroma
AGTTTATGTAAAGACA-1,Tumor
ACTTTGGTCGTGCTCC-1,Tumor
CGCGGTAAGTCTAGCT-1,Stroma
AGCGTCTGAACCCGCA-1,Tumor
TATATTCGCGTCGATA-1,Stroma
GCTAGTAGAGCTTGTA-1,Tumor
GCTAGTAGAGCTTGTA-1,Stroma
TCCGTTTAGCCTTGAA-1,
TTACTGGGATATTTCA-1,Stroma
GATCCTCTTGCGCTTA-1,Tumor
GACCGACGTGAAAGCA-1,
CTTCGTAGATAGGTGA-1,Tumor
CGTTAAACTAGTTAGG-1,Tumor
TCTGACTGTAATGGTT-1,Stroma
GGACCTACGGTAACGT-1,Tumor
GGCAGAGAGATCGGGA-1,Tumor
CGCAGAAACATTTGCG-1,Stroma
AGCGTAGCGCTAGACC-1,Tumor
GGGCGTCACCACGTAA-1,Tumor
TTCCGGCCTTGAGGCT-1,Tumor
ATTCCTTCCAGGCGGT-1,Stroma
TCCTTACGACGGTCCG-1,Tumor
CGAGCTGGGCTTTAGG-1,
GCCCGACTTCTTCCCG-1,Tumor
TACTCACAACGTAGTA-1,Tumor
GTGAAGTCACGACTCG-1,Tumor
GTCGAATTTGGGCGCT-1,Tumor
AATGTGCTAATCTGAG-1,Tumor
GCCAGGCTTAGTGGTA-1,Stroma
GTACACTTACCTGAAG-1,Stroma
CTGGGTTGAGTTAAAG-1,Tumor
GCACAAGTGTCGGAAG-1,Stroma
GCGGACCGCGTTGTGG-1,Tumor
TATCCGCACCGTCGGG-1,Tumor
GAGATCTGTCACTCCG-1,Stroma
GATCCTAAATCGGGAC-1,
TCACCCTCTTAAGATT-1,Stroma
CATGCGTTAGACAGAA-1,Tumor
TCGTTGGCTCGTCAAT-1,Tumor
CTCATTTGATGGGCGG-1,
GTTCAAATCAGATGTC-1,Stroma
AGCATATCAATATGCT-1,Tumor
GCTGCTCTCCGGACAC-1,Stroma
CAAAGGTTAAATTCAG-1,Stroma
TAACCGTCCAGTTCAT-1,Stroma
ATGGAGCAGGCCGTGA-1,Stroma
TTGGATTGGGTACCAC-1,Tumor
GAGGATAAACAGTGCT-1,Tumor
ACCGAAGAGTCTGGTT-1,Tumor
TAAATTTAGTAACACC-1,Tumor
GGTAAACTCTGCGCTG-1,Tumor
CCGAAGCATTGACCAA-1,Tumor
CCTATTATTCCGGCCG-1,Tumor
AATCTGGGTAGACCCT-1,Stroma
GAGTATACCCTAATCA-1,Tumor
TGTTTCGGTACTTCTC-1,Tumor
TCCCTCCGAAATCGTT-1,Tumor
TGATTTCCTCCTGACG-1,Tumor
AATTCATTGTCATGCA-1,Tumor
CCCGTCAGCGTCTGAC-1,Tumor
CCGCCTTGCGATGTCG-1,Tumor
GAAGTCAGTTGCACTA-1,Tumor
CCAAAGCAGTTGGTTG-1,Tumor
TAAGGCAACATAAGAT-1,
TCCATTGTGACCTCGT-1,Tumor
GCTCATTACTGCATGT-1,Stroma
ACGGGTCATGTGACTT-1,Tumor
TCCAACTTTAAATTCT-1,Tumor
GACCGTGCTGACGGTG-1,Tumor
GCGAAGAATCTGACGG-1,Tumor
GGGACAGAGTTACTCC-1,Tumor
AAGGCGCGTAAAGCTT-1,Tumor
GGCCTGCTCTGATGTT-1,Tumor
GGCCTGCTCTGATGTT-1,Stroma
CCCTGGGAGGGATCCT-1,Tumor
CAGCTCGACAAGTTAA-1,
CCAGCTGATGGTACTT-1,Stroma
GTCCCGCGACGTTATG-1,Tumor
TATTTGTTACCCTTTA-1,Tumor
CACTCTCAAGCATCGA-1,Tumor
TACCTTAAGATTTCCC-1,Tumor
CATAGTCCACAAGAAC-1,Tumor
AAAGAATGACCTTAGA-1,Tumor
TACTCTTTCGTCTTCA-1,Tumor
ATCATTGTACCGCATT-1,Tumor
AGTTCACCGGTTGGAC-1,Tumor
TCTTGGTCAATGATAC-1,Tumor
CAGTCCAACGCCTTCT-1,Stroma
CGCTACGGGACATTTA-1,Immune cells
CCTAAACAGGGTCCGT-1,
CAGCCCTCACAGGCAG-1,Stroma
ACCTTTCCTTTAGAAG-1,Stroma
TATGGCAGACTTTCGA-1,Tumor
CTGACTGCGCAGCTCG-1,
GCAACCACCAGACCGG-1,Stroma
ACCTCAGCGAGGCGCA-1,Tumor
CCTCAACGATCGCTGT-1,Tumor
CAACATGGCCTGATAA-1,Stroma
GAGACCCTGCAACGCC-1,Tumor
TTACCGCCTTAGGGAA-1,Tumor
TCTGGGTAGCGCTCAT-1,Tumor
TACATCCCTATCCCTG-1,Tumor
GGACGGGCGACCAACC-1,Tumor
GCTTCCCGTAAGCTCC-1,Tumor
AGTGTGGTCTATTGTG-1,Tumor
AGCGCGGGTGCCAATG-1,
CTGAGAAAGTTCGGCG-1,Stroma
AATAATCTTCGTATCG-1,Stroma
GCTCAATGTAATACCG-1,Tumor
GGCATATCGGTTCTGC-1,Stroma
ATCCAATGGTACCGAA-1,Tumor
TCTAGCATGCCCAGAA-1,Stroma
CACCGGTAGAGACATT-1,Tumor
AATCTCTACTGTGGTT-1,Stroma
ATAGGCTAGCTTCGCA-1,
GTTTGGCGTCAGGCAC-1,Stroma
TTATTTCATCCCAAAC-1,Tumor
TTGTTAGCAAATTCGA-1,Tumor
ATAACGGAGTCCAACG-1,
TACATTTCTAACGTGC-1,Stroma
AAAGTTGACTCCCGTA-1,Tumor
TATACGCGTCATCACT-1,Tumor
GCGATTGTTAACGTTA-1,Stroma
TTAGCAACATGGATGT-1,Tumor
AGGTGTATCGCCATGA-1,Stroma
TAGTACCTTAGTGGTC-1,Tumor
AAATCCGATACACGCC-1,Tumor
ACGCGGGCCAAGGACA-1,Stroma
TCCTCTACGAGATGGC-1,Tumor
TGTCCCGACATAGCAC-1,Tumor
TCATACTTACAGATCC-1,Tumor
TACTATGGTTCCTCAG-1,Tumor
AGCTTATAGAGACCTG-1,Tumor
CCTTCAGTTAAAGTGA-1,Tumor
CGCGTGCTATCAACGA-1,Tumor
TCAAGAAATACTAGCT-1,Immune cells
CGAATGGTAGGTCGTC-1,Tumor
TGGAGAATAATCGTCC-1,Tumor
AGTCGAATTAGCGTAA-1,Tumor
CATAAGCTCTCCGTCT-1,Stroma
CCCTGGCTGTTCCTTC-1,Tumor
ACGACTGGTCATACTC-1,Tumor
GCCAACCATTTCCGGA-1,Stroma
TAAGTCGGTGAGCTAG-1,Stroma
GATAGGTGTCCCGGGC-1,Stroma
TTCACGGTCGTCACGT-1,Tumor
TGCTCCACAGTTCTTA-1,Tumor
ACAAATGGTAGTGTTT-1,Tumor
CGGGAAGTACCGTGGC-1,Tumor
GCGTGGTACTGGGTTA-1,Tumor
TCGATAGGCTAGTCGC-1,Immune cells
TATGCTCCCTACTTAC-1,
TATCGATCTATGCATA-1,Stroma
ACGATGGATCCGATGC-1,Immune cells
TAGTTTATTCTTGCTT-1,Tumor
TGACGAATATTTCCCT-1,Tumor
ATAATCTTGGAGAACC-1,Tumor
CTGCAGAGAATCAGAG-1,Tumor
TACCTCCACACCAATG-1,Tumor
TACCTCCACACCAATG-1,Stroma
GTTCCGTCCGCCTGCA-1,Tumor
GTTCCGTCCGCCTGCA-1,Stroma
GTGGGAACAAACCGGG-1,Tumor
CTAGATAAACTCCTCG-1,
TGCATGAGTAGATTCG-1,Stroma
TAGGCTAAAGTGGCAC-1,Tumor
CACAGTCCCGCTTCGC-1,Stroma
TGACACTTCTCTTTGC-1,Tumor
TGTATTTACCTAATGC-1,Stroma
CATGCTGGCTCCAATT-1,Tumor
GTGGCTGTTTCTGTTC-1,Tumor
TCACGTGCCCGATTCA-1,Tumor
TCACGTGCCCGATTCA-1,Stroma
ATTGATAGCAACGAGA-1,Tumor
TGTCCACGGCTCAACT-1,Tumor
GGTGATGAAGGAAGTG-1,Tumor
ATCATAGATCGACGAG-1,Tumor
TGAGCGGAAAGTGTTC-1,Tumor
TGATCTCCGGCGCCAG-1,Tumor
ATATTTAACCCTCAAG-1,Stroma
TAAATTGTGGGTAAAG-1,Tumor
CCTCACCTGAGGGAGC-1,
GCACTGTGCAAATGTA-1,Tumor
GGAAACTAAATGGGCC-1,Stroma
CTATGTGAGTCACGGC-1,Tumor
TTCGCGCGCCATACGA-1,Tumor
TTGCACGGAGCAGCAC-1,Tumor
CTCACATTTACTAAAT-1,Tumor
GTGCCCGTTCGGATTC-1,Tumor
TGCGTAAGAACCTGAT-1,Tumor
GGCTAATGATTGAAAT-1,Tumor
ACATGGCTCAATTTAG-1,Tumor
TGAGAATGCTTTACCG-1,Tumor
TGTGCCAGAGGCAAAG-1,Tumor
AGCGAGACGTGAAGGC-1,Tumor
CACCGGGCATCACAAG-1,Tumor
GATTACTGAATTTGGG-1,Tumor
AAACAAGTATCTCCCA-1,Tumor
AAACCACTACACAGAT-1,
CGAGGAGCTTCCATAT-1,Tumor
CCTATGGCTCCTAGTG-1,Tumor
GAATATTCGGAGTCCC-1,Stroma
TTGACCAGGAACAACT-1,Tumor
TGAATACCGACGCGTA-1,Tumor
GTCCGGGTTCACATTA-1,Tumor
GTCCGGGTTCACATTA-1,Stroma
CCGACAATAGGCCGCC-1,Stroma
CATCCCGAGATTCATA-1,Tumor
CTCCTCCAGCTCACAC-1,Tumor
CCGCTCCAGGGCGATC-1,Tumor
CCGCTCCAGGGCGATC-1,Stroma
GCGCATCCAGTCAGCA-1,
GTAGAAACGGGTGGAG-1,Tumor
TGGAGTGATGCGATGA-1,Stroma
GGCGGTTTGCCGGTGC-1,Tumor
AGACCCACCGCTGATC-1,
TATGGGTACGTATCGT-1,Stroma
CGCTTATTCCCGGTCG-1,Tumor
CGCCACAGGTCGCGAT-1,Tumor
GAGGAGTAATTCCTAC-1,Tumor
TCTTCGCGGTGAGAGG-1,Stroma
TAGTCCTGCACTAAGC-1,Tumor
ATTCGTCCCGAGGTTA-1,Stroma
CGTGGCCGAATATCTA-1,Tumor
GGCAGCAAACCTATGC-1,Tumor
GTCTATTGGTTCCGGT-1,Tumor
CTCTGTGCCTGCTATG-1,Tumor
GGTGGACCACGTGTTA-1,Stroma
ATTAACACCTGAGATA-1,Tumor
TAGACTACCTAGCGTT-1,Tumor
GCCGTCGGTTTCGGGC-1,Tumor
CCCAACATACGTCGCG-1,Tumor
ATCCAATGGAGGGTCC-1,Tumor
CTTTAGGAACACTGTT-1,Tumor
TCGCAAAGATGCATTT-1,Tumor
TATTTAGTCTAGATCG-1,Tumor
ATTACTTACTGGGCAT-1,Stroma
CTACGCACGGAGTACC-1,Stroma
ATCTCGTGAGCGAAAC-1,Stroma
TAGATTCCTGGTTATT-1,Tumor
TAGAAGAAGGGTTACA-1,Stroma
TGGGTGGGATGTCATT-1,Tumor
TAACATACAATGTGGG-1,Stroma
AGTATGCTGGAGACCA-1,Tumor
CCCTGACTAACAAATT-1,Stroma
GTGATTCGCCGCTCAA-1,Tumor
CTTCGATTGCGCAAGC-1,Tumor
TAGGCATGTTACGCCA-1,
GCCCGTTCACACAATT-1,
ACCATTAAGGGTGTCA-1,Tumor
GTAGGTGATCCGTGTA-1,Stroma
ATTCGCGCCTTGAGAG-1,Tumor
TTAACTGATCGTTTGG-1,Stroma
TAATGTCGGTTCATGG-1,Tumor
CGGACCTCTGTAGTTA-1,Tumor
GAAGCTCTTTGCTTAG-1,Tumor
CCATCTTGTTCACAAT-1,Tumor
GGAGACCATCTACATA-1,Tumor
CATGCACATGAGAGGC-1,Tumor
ACACAAAGACGGGTGG-1,Tumor
TCAGTGTATACGTCAT-1,Tumor
AGCTCCTTCGCACATC-1,Tumor
TAGTGTCAGAAACGGC-1,Tumor
TTAGCCATAGGGCTCG-1,
CTTGTTTATGTAGCCA-1,Tumor
CAGTCGAGGATGCAAT-1,Stroma
CGGGTGTACCCATTTA-1,Stroma
CCTGTGCGGATTGTAA-1,Stroma
TGTCGTGGGTATAGGC-1,Tumor
TCATCCTCAGCTGCTT-1,Tumor
AGATACCGGTGTTCAC-1,Tumor
GCTGGACCCAAAGTGG-1,Tumor
GGAAAGTGCCCATGCC-1,Stroma
TAGGTCGCCGGAACTG-1,
AGAAATTATGACTCGC-1,Stroma
AATTACTCGTACGCTC-1,Tumor
TTCGTAATCCCAGCGG-1,Tumor
TGATGTCAATTAAGTG-1,Stroma
CTCGTCTGTGCCTTCG-1,Tumor
TAGGCCTATATAGTCT-1,Tumor
GTAGTCTACGATATTG-1,Tumor
CCTAACTAAGGCTCTA-1,Stroma
ATGTAAGGCTGCTCTT-1,
ACGTGGTCGAATGTGC-1,Immune cells
TTACCATTGATTACCC-1,Tumor
CTGACATAGAAATAGA-1,Stroma
CCTTGTGAACGTGGTT-1,Tumor
ACCAACACCACACACT-1,Tumor
CGGGAATTTATGTAAA-1,Stroma
TACCAGCTAGGTTTAA-1,Stroma
CTGGATTTACACTTGA-1,Tumor
TCTTTCTCTTAAGGAG-1,Tumor
TTGTTTCATTAGTCTA-1,Tumor
GATATCAGTATGTATC-1,Tumor
CTGGACGCAGTCCGGC-1,Tumor
CACGCACAGCGCAGCT-1,
ACTTACCGGGCGCGCA-1,Stroma
ACGTTTAGTTGTGATC-1,Stroma
CCCTAGCTCTAAGGTC-1,Tumor
CGCGGTCACAAACCAA-1,Tumor
CTGCGTTACGATATAA-1,Stroma
CTCGCACCTATATAGT-1,
ATCGTATTCCGAGAAC-1,Tumor
GCGAGCGCATGCTCCC-1,
GAGACTTCGCGACCGA-1,Tumor
CATGCGACCAGTTTAA-1,
GCTAGCGATAGGTCTT-1,Tumor
TGTCATTTGTTGGGAA-1,Tumor
TCTGAATTCCGTACAA-1,Stroma
AGCCCTCCCTGGTGGC-1,Tumor
CGGCCAGAGCGACCAT-1,Tumor
TGCGTACGGCTAATTG-1,Tumor
GAGCACGGCGCCTCTT-1,Stroma
TGTCCGCAAACAATTC-1,Tumor
GGGATTATCTCACAAC-1,Tumor
GGGAAGGGCTTTCTCA-1,Tumor
GTTCAGTCGCCAAATG-1,Tumor
CACCCGCGTTTGACAC-1,Tumor
CAGGCCGTTTGGGTGT-1,Tumor
CAGTAAGGGACGTCTC-1,Tumor
TGAATATGCTATAAAC-1,Stroma
CTTGTCAACATTCGAG-1,Tumor
CCCGTTTCGCAGATGT-1,Stroma
GCTCCGCTCGCTTCAG-1,Tumor
CTGGCTGCTAACGTAA-1,Stroma
AAATTGATAGTCCTTT-1,Tumor
CGTCGGGTCTAAGCGC-1,Tumor
TCTGCGTCCGGTTTCT-1,Tumor
TGGGACCATTGGGAGT-1,Tumor
ATATTGCTGTCAAAGT-1,Tumor
CATACTTAGGCAATAC-1,Immune cells
GGCAAGGCGAAATAGC-1,Immune cells
GGCAAGGCGAAATAGC-1,Stroma
GCTCCCAGTCGGTCCA-1,Tumor
AGACGGGATTGGTATA-1,Immune cells
TGTTGTCAAGAAGTCT-1,
GCGCCGTTCCACGATA-1,Stroma
GGGATGGTCGTAACCG-1,Tumor
ACTTTGACTGCATCCT-1,Stroma
TAGGTGTTCCACAGAT-1,Tumor
GCTCTTTCCGCTAGTG-1,Tumor
CATTCACTGACAGCTA-1,Immune cells
TTCTTGAGCCGCGCTA-1,Tumor
GGTCTTGGTGTTAACT-1,Tumor
CGGTTTATGAAGGAAC-1,Stroma
GCGAAGCCATACCCGT-1,Stroma
CGTTTCGCTCATTACA-1,Stroma
GGGCTACTATTTCGTG-1,Tumor
AAACAATCTACTAGCA-1,Tumor
CTCAAACCACTGCCCG-1,Tumor
GCAAATGAGGACACTT-1,
TTGGTATGGCTTGTGT-1,Stroma
GGGCAGAGCAATCGTT-1,Tumor
AGACTGTTACCGGGTC-1,Tumor
GGCTACTATACACTCC-1,Tumor
TTGACATGAACGTGGA-1,Tumor
AGCGCATAATGAATCG-1,Tumor
CAACCTGAACCTGCCA-1,Tumor
GTTTGGTGATCGGTGC-1,Tumor
AATGCACCAAGCAATG-1,Stroma
ACGCAATCACTACAGC-1,Stroma
GTTGTTACATTGCGCT-1,Tumor
CCCAAGTCATTACACT-1,Tumor
GGGTCGTGGCAAGTGT-1,Stroma
TACCGTAGGTTAACTA-1,Tumor
ACGTAGGAGAGTCGCT-1,Tumor
ACGTAGGAGAGTCGCT-1,Stroma
GGGCCCTACGAAAGGG-1,Stroma
TGGTCGATATACCTCT-1,
TGCAAAGTTCGTCTGT-1,Tumor
ACCTCGAACTTATGCT-1,Tumor
TACGTGGGCCCAGGGC-1,Tumor
CAAGCGGCACATAATT-1,Tumor
GGGCTGCCTAGGGCGA-1,Stroma
AATAAGTCCTCGAGAC-1,Stroma
CTGGTCATTCCAATCC-1,Stroma
AGCAGCCAGATGAATA-1,Tumor
TAATAGTGACGACCAG-1,
CCGCACACGAACGTGT-1,Stroma
CTGGCGGGAATAAGTA-1,Tumor
ACTATTCGTCCGTGGT-1,Stroma
TTGATTAGCTGTTTCT-1,Tumor
ACGCCAGTGCGTTTGC-1,Tumor
GATCTGCTATCTAAGG-1,Tumor
GCCGGTTTGGGCGGAT-1,Tumor
CCCTCGATAATACACA-1,Tumor
TACCTCAGTTGTCTGT-1,Tumor
GCGACATGTAAACATC-1,Tumor
CTCATGGTAATTTGCG-1,Tumor
AGTCGAAACGATTCAG-1,
TTGACGCTCCATGAGC-1,Tumor
TTGATGTGTAGTCCCG-1,
ATTTCATTATTTCGCG-1,Stroma
CATGCCAACTCGCAAA-1,Tumor
CACATCTCACCGACGA-1,Tumor
ATCGCCAGTCAACATT-1,Tumor
TAGCTGATGTGAAGCG-1,Tumor
TCCTCTCCAGTTGTCC-1,Tumor
TACCGGCTCACTGCCC-1,Stroma
GCTTATGAAGCAGGAA-1,Stroma
TTCTTAGTGAACGGTG-1,Tumor
TTGTTTCCATACAACT-1,Tumor
CAGGCGCCATGCTAGG-1,Stroma
CGGCAAACATCGTGCG-1,Tumor
CAGTGTCCGCAGAATG-1,Tumor
CGCGTCATATTAAACC-1,Stroma
TGAAACCTCAACTCAC-1,Tumor
CCTAAATTGTATCCTA-1,Stroma
ATGCACGCGCTGTTCA-1,Tumor
GGCTTGGCTCTCACCT-1,Tumor
TTCAAAGTCTCTAGCC-1,Stroma
ATTACTAGCCTCTTGC-1,Tumor
CCACGGAGCCATAAGA-1,Tumor
GCAGAAGGTAATCTCC-1,Stroma
ACTCGATGTATTTCAT-1,Tumor
TGGCTTGTACAAGCTT-1,Tumor
GGTTACCACCCTCGGG-1,Tumor
ACGTTTCGGTGCACTT-1,Tumor
GCACTCCCACAGTCCC-1,Tumor
ACTCCCGTAGACTAGG-1,Tumor
TAGTCGGGATTCTTCG-1,Tumor
GACTAAGTAGGCTCAC-1,Tumor
AATCCAAGGGCCTGAG-1,Tumor
GCCCGTCAAGCCCAAT-1,
TCTTACAGAGGTACCG-1,Tumor
GTTATTAACGTGGGAG-1,Stroma
ACCGGTCTGAGTACGG-1,Stroma
GACACAAGGGAAGAAA-1,Stroma
ACTGCCCGCCATTCTC-1,Tumor
TGTTCTCATACTATAG-1,Stroma
AGCTACGAATGGTGGT-1,Tumor
ATTATTATGTCCGTCA-1,Tumor
AGGCAAAGAGGAATCA-1,Tumor
GTCTCAAGGCCCGGCT-1,Tumor
GGGAAGACGGTCTGTC-1,Tumor
TTAATTGCTTTGGGTG-1,Tumor
TCGCCCACTGCGAGAG-1,Tumor
GTGATCATAGATCTGC-1,Stroma
ATCGTTCACTTTCGCC-1,Stroma
GGTTTGAGTGCTGGAA-1,Tumor
CGGTGGGCTCCAGCCT-1,Stroma
GAGTAAACCGGAAAGT-1,Stroma
GCTCCATGAGTGCAGA-1,Tumor
TTCTGTTTCCTGTCGC-1,Tumor
ATGGTATTTACTGATT-1,Tumor
ATGGTATTTACTGATT-1,Stroma
CGCATTAGCTAATAGG-1,Tumor
GTCTTACCACGCCAAG-1,Tumor
GGAACCCGAACAAGAA-1,Stroma
ATCGCTGCGTGCAGCA-1,Tumor
TATGATTCTGCTTGGT-1,Tumor
ATACCAGCAAATTGCT-1,Stroma
CCGTAAGTTGGTCCCA-1,Stroma
AAGAGATGAATCGGTA-1,Stroma
CTGTAGCCATCTCACT-1,Tumor
TGTCGGCATGGTGGAA-1,Stroma
TCTATCGGTCGCAACA-1,
TACCTGCTGCACTGTG-1,
AGAAGAGCGCCGTTCC-1,Tumor
AGCTCTTCGTAACCTT-1,Tumor
ACGGTACAGTTCAATG-1,Tumor
CGAAGATCAGTTTCAT-1,Tumor
CCTGCGATAGAACTGT-1,Tumor
AGCACCAGTACTCACG-1,
CTAGCCACAGGCGAGC-1,Stroma
CTGCCTTTCTAGTAAA-1,Tumor
GGCCCTCACCCACTTA-1,Stroma
TCTGTTACCCAGCATA-1,Tumor
TAGAGATCATGCAACT-1,Tumor
GCCCGAGAGTCTAAAT-1,Tumor
GGACTCGACAGCGCAT-1,Tumor
TGGCTATGTGACATAC-1,Tumor
ATTAATTCGGTCACTC-1,Stroma
AACTTCTGCGTCTATC-1,Tumor
GGGAATTCTGTCCAGT-1,
CCTCGCCAGCAAATTA-1,Stroma
CGGATGAATGCTGTGA-1,Tumor
CTCAGCAGACTGCCGA-1,
ACTGCTCGGAAGGATG-1,Tumor
GATGCTACAAGCGCCT-1,Tumor
CGTATTAAGAGATCTA-1,Stroma
TTGTGAGGCATGACGC-1,Tumor
CTAAAGGATGAGATAC-1,Tumor
GAGGGCCGGCAGAGTC-1,Stroma
ATTCGTTTATCGTATT-1,Tumor
TGCGAGATGGCGGCCA-1,Tumor
GGCATCAACGAGCACG-1,Tumor
CCGATTCGAGGGACCC-1,Stroma
GTATCAAACGTTAGCT-1,Stroma
CGGCCCAGGTATATCC-1,Tumor
TTGACTATTGTCCGGC-1,Tumor
AGGTGCACGTCCACAT-1,Tumor
AAATGGTCAATGTGCC-1,Stroma
CCATCTCACCAGTGAA-1,Tumor
AAGTTGTGATGTTATA-1,Tumor
AATTCTAGAGTTAGGC-1,Tumor
CTAAAGGGAAATAGGA-1,Stroma
GCACTGCCTACCTTTA-1,Tumor
GCTGAGCAACGGTTCT-1,Tumor
AAGACCAAATAACTCA-1,Tumor
GAGGGCATCGCGTATC-1,Stroma
GGACACCTCGGTGTTG-1,Tumor
GTAACAGGTTAACGGC-1,Tumor
CGTTGAATACCGCGCT-1,Tumor
GGCAAGCCAGGGATAG-1,Tumor
CTAATTTCAACAACAC-1,Tumor
AGTGTGCTAAGATCGC-1,Tumor
CTGAAAGAGATCCGAC-1,
TTACATCGTGGCCTGG-1,Tumor
GTAGCGCTGTTGTAGT-1,
TGTTTGAGATCGTCAG-1,Stroma
CATACGAACTAGCTGG-1,Tumor
CATACGAACTAGCTGG-1,Stroma
ATTGGTTGTGCATTAC-1,Tumor
CGCCCGCTTCCGTACA-1,Stroma
GTGAGGACACTTAAGG-1,
CGGAGCTTATAACACC-1,Tumor
ATATGTCTAGAGCGTG-1,Tumor
CTTTGTCGAATGCTCC-1,Tumor
GGGCGCAGCGTTACTC-1,Stroma
GCTGGTTTAGGCCATA-1,Tumor
CAAAGTCAGGTTAGCT-1,Tumor
AAAGAATGTGGACTAA-1,Tumor
CTGCAGGGTGACGCTC-1,Tumor
CGTTCTTCGCACACCT-1,Tumor
ATATAAATGTAGCTGC-1,Stroma
CCTTTAAGGGAGCACT-1,Tumor
AACGACCTCCTAGCCG-1,Tumor
GGATTTCACTTCTATA-1,Stroma
TGTTAACAAAGTGACT-1,Tumor
CGTCAAATGGTCGCAG-1,Tumor
ATACTGCCTTACACCG-1,Tumor
ATGTAGCGCGCGTAGG-1,Tumor
TGCATGGATCGGATCT-1,
GGTCCACGTCTATTTG-1,Tumor
ACTCCGGCCGACCACT-1,Tumor
CGGTAGAGGTGCAGGT-1,Stroma
AAAGTAGCATTGCTCA-1,Tumor
GAATGCGAATCGGTTC-1,Tumor
CCGGTATCTGGCGACT-1,Stroma
TATGTCAAGACCGACT-1,Stroma
TTACTCCGGCCGGGAA-1,Stroma
GCTATCGCGGCGCAAC-1,Tumor
CCATCGCAGTTAAACT-1,Tumor
CCCTGGTATGGGCGGC-1,Stroma
ACGCGAAGTCAGACGA-1,Tumor
CTAGGCGGCAGAGAAT-1,Tumor
AGCTAACAAGCAATGT-1,Tumor
GTATATGTTACGGCGG-1,Immune cells
CCCTTTAATGGAGTTC-1,Tumor
CCATAGAGGCTGCCAG-1,Tumor
AATTGTGGTTGCCAAA-1,Tumor
CACGCGGAACTGTTGC-1,Tumor
AGTAATTTGCAAGCGT-1,Tumor
CGCATCATGGCTTCAG-1,Tumor
CTGGTAACGAGCTCTT-1,
TTAAGGCCCGTACTTT-1,Tumor
CAAGGCCAGTGGTGCA-1,Tumor
TTCTTCGCAATAGAGC-1,
TATCTTGCAATACAAC-1,Tumor
AGCAAAGGCCGCTAGT-1,Tumor
AGAGCAGTTATGAGAC-1,Stroma
ATGAAGCCAAGGAGCC-1,Tumor
AAACGTGTTCGCCCTA-1,Tumor
CCTTTCAATGAAGAAA-1,
GGCGCATGAATTGATG-1,Stroma
TATTCGTGCCAGAATA-1,Stroma
CTGCCAAGGTTGGAAG-1,
TCGCCGGATGGGCAAG-1,Tumor
AGAAGGTTGCCGAATT-1,Tumor
CTTTAGTGCTATTATT-1,Stroma
AGGCAGGGAGCGTACT-1,Tumor
CGTAAAGCAAGAAATC-1,Tumor
CTCGCATTGCATAGCC-1,Tumor
CGTTGTAAGATTGATT-1,Stroma
CAAACGGTCGCACTTT-1,Stroma
CTCAGTCACGACAAAT-1,Stroma
ATACCACGGGCAACTT-1,Tumor
CCGAACACTGGGCCTC-1,Tumor
CTTTGCATCGCTCTTG-1,Tumor
TATTCCGAGCTGTTAT-1,Stroma
CTCATAAATGTGTATA-1,Tumor
GCAAACCCTACATTAT-1,Tumor
ACGCAAACTAATAGAT-1,Tumor
GGTCTCCGTCCAGGTT-1,Tumor
TCGCCGGTCGATCCGT-1,Tumor
TCCCTTGTCTGAAACT-1,Tumor
GCCTGTCCCGGTGCAT-1,Tumor
GCCTGTCCCGGTGCAT-1,Stroma
CGTAAACGCTTGAGTG-1,Tumor
AAAGTCGACCCTCAGT-1,Stroma
TGACAACTTAAAGGTG-1,
ACGTTCCGCGCTCCGT-1,Stroma
GGGTTCAGACGAACAA-1,Tumor
GGAGGGCTTGGTTGGC-1,Stroma
GAGGCTATCAAAGTCG-1,Tumor
AAATGTATCTTATCCC-1,Stroma
TAACCGCCCGCAGTGC-1,Immune cells
ATAAGTAGGATTCAGA-1,
ATACGGAACGTCGTTT-1,Tumor
ATCTGGGCTGTTCTTG-1,Tumor
GGATTGCTGTGACTCC-1,Tumor
TACCAGGAATCCCGTC-1,Tumor
TACGGAAGCCAAACCA-1,Tumor
TACGGAAGCCAAACCA-1,Stroma
ATCGCCGTGGTTCATG-1,Tumor
AAGCGGAGTGCGCGCA-1,Tumor
CGTCAGTGCGCACAAG-1,Stroma
TGCCGTGGATCGTCCT-1,Tumor
CTGCCATGCATCACAT-1,Tumor
CTGCCATGCATCACAT-1,Stroma
CGCAATCGATCATTAG-1,Stroma
ATGCACTACCGCATTG-1,Tumor
ACTTATTTATGTGCCA-1,Tumor
TCGTGTCACGCTGACA-1,Tumor
TGTCCGTGGCGCCTTT-1,Stroma
AGGGTCGATGCGAACT-1,Tumor
CTCAGGACTCACCTGT-1,Tumor
AGTTGCTGACTGATAT-1,Tumor
TACTGTTTCTCTGGTA-1,
CTGGTTCGCGAGCTAC-1,Immune cells
GTATTCTGAGAAACGA-1,Tumor
GGGTCACCGTGACGGT-1,Stroma
GTGATGCACAACATCT-1,Stroma
AACAGGTAGTATGGAT-1,Tumor
TTCGGGTTGCCACGGG-1,Stroma
CCGCCGGTCAACACAC-1,Tumor
AAATTACACGACTCTG-1,Stroma
ATGTGAAAGCCTAATG-1,Tumor
TCGCCTCGACCTGTTG-1,Tumor
CCAGTCAAATCTCTTA-1,Tumor
CGAGATGTTGCCTATA-1,Tumor
ACAATGATTCTTCTAC-1,Stroma
CTATAAGAGCCAATCG-1,
GTAAGTCCACACTCTA-1,Tumor
TACTTTCCGCACGCCA-1,Tumor
TCGAATATCCCGCAGG-1,Tumor
GGTGTTCTGTTTCTAC-1,Stroma
CCCTGCCCAATCCGCT-1,Stroma
GTCTAGTGAGCCGCTT-1,Tumor
CTGGCTGGTTGTCAGT-1,Tumor
CCCAAGAATGCACGGT-1,Stroma
GAAATGGGATGTAAAC-1,Tumor
TACCGAATAATTGTAA-1,Tumor
CCAGTGTACAGACCGA-1,Tumor
GACGGGATGTCTTATG-1,Tumor
ACTCTCTGACTTAGGT-1,Tumor
TGCGGTGAAATTTCAT-1,Stroma
GAGTGTGCGGTACCCA-1,Tumor
CAGCGCCAACACGATA-1,Tumor
AACAGGAAATCGAATA-1,Stroma
CCCTACTTGAACAATG-1,Tumor
CCCATTATTGTATCCT-1,Tumor
GTGGGTACTGAGCGTA-1,Tumor
ATCTGCACCTCTGCGA-1,
AAGCTCTTTCATGGTG-1,Tumor
CTCCTTTACGCAAGTC-1,Tumor
TGACCCACGTTAGACA-1,Stroma
CTCGTCGAGGGCTCAT-1,Tumor
GGTCGGCCAGGAGCTT-1,Stroma
GGTTTGCGAACACGTA-1,Tumor
CAGTCGGCCTAGATAT-1,Tumor
TAGAATTAAGGGCAAC-1,Stroma
TATGGTTAGTGGGAGA-1,Tumor
TGACTCTAACTGGTAA-1,Stroma
TATCGATGATTAAACG-1,Tumor
ACAGGTGGAGGTGAGG-1,Tumor
GAAAGCAGTGCACTTT-1,Tumor
ATCGTGGAAAGTCTGG-1,Tumor
GATTAATCCTGGCTCA-1,Tumor
CCAATCGGTAGATCGA-1,Stroma
TAAATCTTTACACCTC-1,Tumor
GCGTGTATGTCGTATT-1,Stroma
ATACCTAACCAAGAAA-1,Tumor
ATACAGGCCCTCCAAT-1,Tumor
CGCAATTAGGGTAATA-1,Tumor
TCCGTAACCACAATCC-1,Tumor
CATTATAACAGGGTCC-1,Stroma
TCCGAAGTAGTCACCA-1,Tumor
ACTACGCGTTAGAATT-1,Tumor
TCACGATGTCCGTGGA-1,Tumor
TACGGGTAATAACATA-1,Tumor
AAGTAGAAGACCGGGT-1,Tumor
TATATCAAAGTGATCT-1,Tumor
TGAAAGGACCTGACTC-1,Stroma
TAGCCATTTCAAAGTC-1,Tumor
TGGGCAGGCCACCGCA-1,Stroma
TGTAGCCATCCCATTC-1,Stroma
TGTCCTAAGTCACCGC-1,Tumor
CCTGCTATTTGAGAAG-1,Tumor
ACCGAAAGGGCCCTGC-1,Immune cells
GTCTCGATCTGCTTTC-1,Stroma
CGCCAAGAAGCCGAGT-1,Stroma
CCTATATCGTGTCACG-1,Tumor
GAATGCCGAAATGACC-1,Tumor
AATTGCGTGGATTACA-1,Tumor
CCCAGGAAGAATTCGA-1,Tumor
GACGCCGTAAAGGCTA-1,Tumor
CACCCACGAGGCAATT-1,Stroma
GCCACAATTTAAGGAC-1,Tumor
TGTCTACAGTTTCTGT-1,Stroma
AGTCGGCCCAAACGAC-1,Tumor
CACTCTTCTGCTAGCC-1,Stroma
CAGTAATCCCTCCCAG-1,Tumor
CCCAAACATGCTGCTC-1,Stroma
CAATGCGAGAAGTATC-1,Stroma
GAATCTATACTCGGAC-1,Immune cells
TGTTTCTGAAGCGTGC-1,Tumor
GTGCGCAGCTTGCTCC-1,Tumor
ATTTCCGGGTTCTGCG-1,Tumor
GACCACACTTCCCTTT-1,Tumor
CCGTATCTCGTCGTAG-1,Tumor
TAGTAGTTGCCGGACA-1,
TTGGCTCGCATGAGAC-1,Tumor
ATCAGCTCGTCCACTA-1,Tumor
AGGGTGCTCTCGAGGG-1,Stroma
ATTAATACTACGCGGG-1,
GCGAGAGTTGCGTCCA-1,Immune cells
AGGCGATAACTGGCGT-1,Tumor
CAATCCATTATCCGTT-1,Stroma
CGTAAATAACAAAGGG-1,Tumor
GATGAGGAACCTTCGG-1,Tumor
CTCGAGATCCAAAGCA-1,Stroma
TGGGATGCACTCATTC-1,Stroma
AGGACGACCCATTAGA-1,Tumor
GAAACAGATGACCACC-1,Tumor
GTAGCTAGTAAGCGCG-1,Immune cells
TAGTGAGAAGTGGTTG-1,Tumor
GCAACGGCTAGTTATG-1,Tumor
GGTTAGCTATATGTCT-1,Tumor
TACTCGTTTGAATCAA-1,Tumor
TCTCCACAAGTTGAAT-1,Tumor
GCTCTATGTTACGTGC-1,Tumor
TCTGCCAGAAACTGCA-1,Tumor
TTAAACCTGGTTCCTT-1,Tumor
CTGCCTAGCCACCAAG-1,Tumor
ATTGCCTTTATGTTTG-1,Tumor
AAATTGGTGAGAAGCA-1,Tumor
TTAGACGAGTCACCTC-1,Stroma
ACATTCGCGCGGAATA-1,Tumor
GATCTTTGCAGGGTAT-1,Stroma
TGATTCTGTCGCCGGT-1,Tumor
TATCTAGCCTAAAGGA-1,Stroma
TCCCACGGAGGGAGCT-1,Stroma
GGCAAATTACTTTACT-1,Stroma
GTCATGCGCGAGGGCT-1,Tumor
CGCCGTCTACCCATCG-1,Stroma
CTTGCCCACCCACGCA-1,Tumor
CATACCCGTACCCAGT-1,Stroma
ATCGCACGCCGGGAGA-1,Tumor
CCTATGTCCACTCCAC-1,Tumor
ACTTGCTCTATCTACC-1,Tumor
ACATCCTGGTAACTGT-1,Tumor
GAAACTCGTGCGATGC-1,Tumor
TCAGCAAATGCATCTC-1,Stroma
CTAGATGTGAGTGTAA-1,Immune cells
ACTGTCCAGGATTATA-1,Stroma
ACGGCCAACATGGACT-1,Tumor
CAATGGAATCTACATA-1,Tumor
GGTTTCAATCGGTCAG-1,Stroma
TCCCAGGCTTAGCTAA-1,Tumor
ATAAAGGCTCGGTCGT-1,Stroma
TTGTGGTAGGAGGGAT-1,Tumor
GTGGCGGTCCCAGCGT-1,Stroma
CGTCCTCATCGCGTGC-1,Tumor
CGCGCCCGACTTAATA-1,
TAATATTGAAATTCGC-1,Tumor
AGCCATATAGTATGTG-1,Tumor
GAAATGGCGGTGTTAG-1,Tumor
GCAAATATTACGCTTT-1,Stroma
CGGAGCATGGCGATCC-1,Stroma
GCAAGTGCACAGAGAA-1,Tumor
GTGGAACCTACATGCG-1,Stroma
CTGCTCTCAACACACC-1,Stroma
TGCAGTGAGGCTCGGG-1,Tumor
AAGGTGATAAACCAGC-1,Tumor
TCTCGAGGAGGTTCGC-1,Stroma
GGGATACGGTAATAAT-1,Tumor
CCCTTTGACAGGTCTT-1,Tumor
GTCGCCGTTGTGTGTT-1,Tumor
AAAGGCTCTCGCGCCG-1,Tumor
GCTAGAGTAGAGATGT-1,Stroma
GCTGGGTCCGCTGTTA-1,Stroma
GCGCAAATATATTCAA-1,Tumor
CTGTTACCCAATCTAG-1,Tumor
ATGCATGATCCAGGAT-1,
CCACTATCCGGGTCAC-1,Stroma
ATCACGTGCTAATTAA-1,Tumor
GACTAGGCCGTTAGGT-1,Tumor
CGCTACCGCCCTATGA-1,Tumor
TTCGCATCCGGAAGCA-1,Tumor
CTACGCCATTTCCGAT-1,Tumor
CATCCTCTCAAAGATC-1,Stroma
GGGTACTTCATGAACT-1,Stroma
GTGAAGCCGTATAGTC-1,Tumor
GACGTGAGACTCCATG-1,
CTAGTCACGTCTTAAG-1,Stroma
TCTAAAGAACAGTCTC-1,Tumor
GCGCAAGAGCGCGCTG-1,Tumor
GTGGCAAACAGCGGCA-1,Tumor
CGATTCGCCTGGCTGC-1,Tumor
GTTACCAAGGCGTACG-1,Tumor
CGATAACCAATTTGAG-1,Stroma
ATGAAGTGGACCCAGC-1,Tumor
TCTGCTTAGAACAAGC-1,Stroma
GGGTCACGTGCTTATG-1,Stroma
TGTGTGACCATGAATC-1,Tumor
ATTGGGAGTTCTGTAA-1,Tumor
TCTATTACTAGAGGAT-1,Stroma
ACAGATTAGGTTAGTG-1,Stroma
ACTATCTGCCCGCGTA-1,Stroma
ATATGTCTCCCTAGCC-1,Tumor
CGGCACTCAAGAAAGT-1,Tumor
CGAGGCTAAATATGGC-1,Stroma
TAGACGCCCGTACCGG-1,Stroma
GAAGGCTACCATTGTT-1,Tumor
CTCTCTAACTGCCTAG-1,Tumor
ATCAGGTCGCCATTGC-1,Stroma
TTGCTGCACCTATCCA-1,Stroma
GTTGAACCGGTTCCAT-1,Tumor
AAATGACTGATCAAAC-1,Tumor
GCGTTCGGAGACCGGG-1,Tumor
CGAAGTTGCTCTGTGT-1,Tumor
AAACAACGAATAGTTC-1,Stroma
AGCGACAGGAACGGTC-1,Tumor
GGTATGAAAGAACTGA-1,Tumor
TCCACCAAGACATAGG-1,Tumor
GGCGTACCCTATATAA-1,Tumor
CGGTATAGGTATTAGC-1,Stroma
AGATACTCAAGATCGA-1,Tumor
GTCGGGAAGCAGAAAC-1,Tumor
ACCCGGAAACTCCCAG-1,Tumor
CACGTCAATCAATGGA-1,Stroma
CGAGAGATGTGAACCT-1,Stroma
TTGACAGGAGCTCCCG-1,Tumor
AACCAAGACTTCTCTG-1,Stroma
TCAACTAACGTATAAC-1,Tumor
GAGGTCCCAAAGATCT-1,Tumor
TATACCGAGTGCCACA-1,Stroma
GGCGAGCGAAACGGCA-1,Tumor
TCGGATCTGGATGACC-1,Tumor
TAGGTTCTGCTGAGAA-1,Tumor
TAGGTTCTGCTGAGAA-1,Stroma
TTCGCACTCGCGTGCT-1,Tumor
CCAATAGTGCCGTCGA-1,Stroma
TGCCCGATAGTTAGAA-1,Tumor
ACGTATTACTCCGATC-1,Tumor
CAGCCTCCTGCAGAGG-1,
GACGACTTTCCAAGAA-1,Stroma
AACTTTCTCGATCATG-1,Tumor
CTGCAAATGGGCTCCA-1,Stroma
AGCCCTTGGACATCCC-1,Stroma
CAGTTCGAGGACCCGA-1,Tumor
GTGTGAGCCGAGGTGC-1,Tumor
CTCTGTTTGAGGATTC-1,Stroma
GTGCGACAGGGAGTGT-1,Tumor
AAGACTCACGCCCACT-1,Stroma
TCAGCCAATCCGTAAA-1,Tumor
GATGCGAATGGTATTA-1,Tumor
TGAACAAGCAGGGACT-1,Tumor
TTGATGCCGCTCGTCG-1,Tumor
GGCCGGCGTCTGCTAT-1,Tumor
CGAAACATAGATGGCA-1,Stroma
GAATTTCTCGCTGCAG-1,Tumor
CGGTTCCGGCTTCTTG-1,Stroma
CTCGAGGTCGAACAGT-1,Stroma
AGCACTTAAGGACGCC-1,Tumor
ATTCGACGCCGGGCCT-1,Stroma
GCGGAGAGGGAGAACG-1,Tumor
CGCCGCCCATGCCTGT-1,Tumor
CAGATCCTGGTTTGAA-1,Tumor
CTCTAACACCGGCAGC-1,Tumor
GTACGACGGCGCTGCG-1,Tumor
CTCGGGTTCTCTGGCC-1,Tumor
CCTATGAAGTGGTGCC-1,Immune cells
GCCATCGAGCTGCGTG-1,Tumor
AGGCCACCCGTTATGA-1,Stroma
TTGGAGTCTCCCTTCT-1,Stroma
CGCCAATTATTGCGTT-1,Tumor
CACACAGCTTGCGCTC-1,Tumor
TCGAGCCAGGCAGGCC-1,Tumor
TTAGTTCAAGTGTTCG-1,Tumor
AGGTCGCCACTTCGGT-1,Tumor
TAGCCGGCGGTCAGCG-1,Stroma
AGCACTACCGGCCTGT-1,Stroma
ACTCCCTAGAATAGTA-1,Immune cells
ACTCCCTAGAATAGTA-1,Stroma
CGGGAACGCCCTGCAT-1,Tumor
GTATTTAATGGCATAA-1,Stroma
CGTCTTGAGTGTGACG-1,
GGTTTGACAAGAAGCT-1,Tumor
CACAAACCGCAGAACT-1,Tumor
CTTACATAGATTTCTT-1,Tumor
ACTGTAGCACTTTGGA-1,Tumor
ATATTCAGTTAAACCT-1,Tumor
CTGGGCGGCCAAATGT-1,Tumor
ATTCAGTAGCAGGGTC-1,
CATATTATTTGCCCTA-1,Tumor
TTGAATATGGACTTTC-1,Stroma
AATCAGGTTTCATTTA-1,Tumor
GTAGACAACCGATGAA-1,Stroma
TACTCCTCTAGTTGAC-1,Tumor
TCGGTCCCGACAATAG-1,Tumor
CAGTGGTTGCACATGA-1,Tumor
GCGCTATGCCGAGGCA-1,Tumor
TTAATGTAGACCAGGT-1,Stroma
CAGGGCTAACGAAACC-1,Stroma
CGCGAGTCTGCCGGGT-1,Tumor
AAACGAGACGGTTGAT-1,Stroma
CTGGCTGATTCATCCT-1,Tumor
CACGGGATTGAGGGTT-1,Tumor
GCGAGGGACTGCTAGA-1,Stroma
GGCTGGCAATCCCACG-1,Tumor
ACCTAATCGACTTCCT-1,Tumor
CGGAACGTAAACATAG-1,Tumor
CAACGGTTCTTGATAC-1,Tumor
ACTGAATGGCGAAAGT-1,Tumor
AGAGGCTTCGGAAACC-1,Tumor
CCAGGGACGTGGCCTC-1,Tumor
AACTGAGTTATACTGA-1,Stroma
AAACGAAGATGGAGTA-1,Tumor
TGACCAAATCTTAAAC-1,Tumor
TTATTTAGGTTCCTTA-1,Stroma
GCTCCATGCAAAGCAA-1,Tumor
TACGTGCACTATGCTG-1,Tumor
TTAACCAACCCTCCCT-1,Tumor
CCAGAAACTGATGCGA-1,Tumor
GCTAGCAACGCACCTA-1,Tumor
TATCCTGCATGGGAAT-1,Tumor
ATGCATTCCGTGATGG-1,Tumor
TCTTCCCATGGGCACA-1,Stroma
ATGGGACCTGCTGAAC-1,Tumor
GGTGCAGAGCCTATCG-1,Tumor
GCCATCGATGCTGCAT-1,
TTCGCTATCTGACGTG-1,Immune cells
TTCGCTATCTGACGTG-1,Stroma
GATGGTGAAATAACCC-1,Stroma
AACCTTTAAATACGGT-1,Tumor
GTCCTTTAATGACTTC-1,Stroma
TGTATGGCGCAGACAG-1,Tumor
CCATAACCTGTGCAGT-1,Tumor
GGACACAAGTTTACAC-1,Tumor
CGCGGGAATTCCTTTC-1,Tumor
TGCACTATGTGAGTGC-1,Tumor
GACGCATACCCGTCGG-1,Tumor
TTGTTCTAGATACGCT-1,Tumor
GGTCGGTAATTAGACA-1,Tumor
AGACATAGATCCTTCC-1,Stroma
GATGGCGCACACATTA-1,Tumor
GTCTTGTAGCTATTCA-1,Tumor
CACTCGAGCTGAACAA-1,Tumor
TCGCTGCCAATGCTGT-1,Tumor
TTCACTTCCTAGAACG-1,Tumor
TTCCTCGGACTAACCA-1,Tumor
GAGCGGAATGCGGTGT-1,Tumor
CGTGCTTCTACCTAAA-1,Tumor
CTAGGGATAGGGACAA-1,Tumor
GGATTGAAGTAGCCTC-1,Tumor
TTGCACAATTCAGAAA-1,Stroma
AGGGTGGATAGTGCAT-1,Stroma
GCTTAATGTAACTAAC-1,Tumor
GTTCGACAATTGTATA-1,Tumor
AGAGATCTCTAAAGCG-1,Stroma
TTCTGCCGCGCCTAGA-1,Stroma
TGACCCAACTCACATT-1,Stroma
ATACCCTGGCTCAAAT-1,Stroma
ACAAGCAGTGCCTAGC-1,Tumor
GTTGGACCGCATCAGG-1,Stroma
TTAAGACGAACGAACC-1,Stroma
AACCGCTAAGGGATGC-1,Tumor
GACGTTGCTCGGCGGC-1,Tumor
CACCCTTTCCTCGCTC-1,Stroma
TGATCTATCACACTCT-1,Tumor
GATCGCGGGCTCTCCA-1,Immune cells
CAATGAGGTTCGACTA-1,Stroma
CTTGTACTTGTTGACT-1,Tumor
ACTAATACGTCAGGCG-1,Stroma
ACTCGCGATCTGACGC-1,Immune cells
GACAAACATATGCAGG-1,Tumor
TGAATGAGTGTTTCCC-1,Tumor
TGAATGAGTGTTTCCC-1,Stroma
GACGAGGCTAATAAAC-1,Stroma
CCAGGCTGGCGTCTGA-1,Tumor
GCCTCCGACAATTCAC-1,Tumor
ATATACGCTCGTGACG-1,Tumor
GGAAGCTCGCTTACAG-1,Tumor
GGAGGCGAAGAACCGC-1,Stroma
GCCGGAAACACATCTT-1,Stroma
GTCAATTGTACTGAAG-1,Tumor
ACTACAAAGAGAGGTG-1,Tumor
ACCACACGGTTGATGG-1,Tumor
AATAGGCACGACCCTT-1,
AATTTGGTTCCAAAGA-1,Stroma
ACTCCCGAATTCGTTT-1,
CGTACCTGATAGGCCT-1,
GTTGGATTGAGAACAC-1,Stroma
AAGCTCGTGCCAAGTC-1,Immune cells
AAGCTCGTGCCAAGTC-1,Stroma
AAGTAAGCTTCCAAAC-1,Tumor
TCCGCTGTCATCCCGG-1,Tumor
TACACAGCCGTGGTGC-1,Tumor
ATTAGGCGATGCTTTC-1,Stroma
ATTGTGACTTCGCTGC-1,Tumor
TTGGGACGTAAGAGTT-1,Tumor
TCTACACGTTCATGCA-1,Stroma
CTGTTCATCTCACGGG-1,Tumor
AGCGACTTTGAAGACA-1,Tumor
ACTCAGACCTGCTTCT-1,
TCGTCCGGGTACACTC-1,Tumor
ACAAAGCATGACCTAG-1,Tumor
TCCTGCAGCCGCCAAT-1,Stroma
ACGCTGTGAGGCGTAG-1,Stroma
GAGTCTTGTAAAGGAC-1,Tumor
TTAACTCACGCGTGGA-1,Tumor
TGGCCGTATATTGACC-1,Tumor
AGGCCACATTGGTTAC-1,Stroma
TTATCGCCTGCGAAGC-1,Tumor
TTGCATGCTGATCACG-1,Tumor
CTAGCATAGTATAATG-1,Stroma
GTGTCCGATAAGGCAT-1,Stroma
AAGTCTAGTAGCTGCC-1,Tumor
GTGCCGCTTCAAAGGT-1,Tumor
AGTGGTTGCGTATAGG-1,Tumor
CACCAGTCAGCATGCA-1,Tumor
TGCCGAAAGCGTATTC-1,Stroma
TTCGGTACTGTAGAGG-1,Tumor
ACTAGTTGCGATCGTC-1,Tumor
GACAAGAGATGAGATT-1,Stroma
GAGCATCAACAACTTG-1,Tumor
GAGCATCAACAACTTG-1,Stroma
CGTGCAGACTGGGACA-1,Stroma
ACTGCCGTCGTAACTC-1,Stroma
AGTGGCGGCAATTTGA-1,
AGGGTTCAGACGGTCC-1,Tumor
TTCCGGTTACCCACTT-1,Tumor
GCCCACCAAGGCTGTC-1,Tumor
TGGAACCACTGACACA-1,Stroma
TCTTTAGAGTCTAACA-1,Stroma
ACAATTTAGGAGGCTC-1,Tumor
AATGATGCGACTCCTG-1,Stroma
GCTTGGATCGATTAGG-1,
CCGTTACGTTAGAACA-1,Stroma
CCACACTGAGATATTA-1,Stroma
TCCTATCATAGGTAAC-1,Tumor
GTTAGCCCATGACATC-1,Tumor
GAACTTGTGCACGGGA-1,Tumor
AGAGTTGCAGGCCTCC-1,Tumor
AGGTTGAGGCACGCTT-1,
CATGGTCTAGATACCG-1,
CAGATACTAACATAGT-1,Tumor
ATTTAACTCGTATTAC-1,Tumor
AATGGTCCACCGTTCA-1,Stroma
GGTGCTGGTACACATT-1,Tumor
CCAAGCTTGATCTCCT-1,Stroma
GACAGATTTCTGGCTC-1,Tumor
GCGTCGCCAGGGTGAT-1,Tumor
TGCGGGTATTGGGATC-1,Stroma
ACCGATATTTAATCAT-1,Stroma
ATGGCTGGAAATGGCC-1,Stroma
TCTCTCGCCGCACATA-1,Stroma
AATTCATAAGGGATCT-1,
TTCGTACTCCAGAACG-1,Tumor
CCGCGGAATGCGTCAC-1,Tumor
TCTCGGCTCCAGGACT-1,Tumor
CTCGTTACGGCTACCA-1,Tumor
CACCCTAACAAGATCT-1,Tumor
GTGTATATCAGCGGGC-1,Tumor
ACACACCAGGACCAGT-1,Tumor
GTGCTTACATCAGCGC-1,Tumor
CGGAGCAATTTAATCG-1,Tumor
TCCCAATATCGACGAC-1,Tumor
AACGCGAACGGCAACA-1,Stroma
GTTTCTAGAGGCGCGG-1,Tumor
CGCTGGTGACTACCCT-1,Tumor
CCGTAGGGTTGTTTAC-1,Stroma
TCGGTCCCTGACTCCA-1,Tumor
ACCCATCTTGAGGGTA-1,Stroma
GGCTTTCAATAAGGGT-1,Tumor
GGGAACGGGAGGTTAG-1,Tumor
AATGATGATACGCTAT-1,Stroma
GTGGACGCATTTGTCC-1,Tumor
TGCTATGGCAAAGGGA-1,Tumor
ACTCTTGTATAGTAAC-1,Stroma
ATTGTTCAACGATCCG-1,Tumor
GGCTCCTCCACCTGTT-1,Tumor
AGAGAACCGTCTAGGA-1,
ATCTCCCACGGAATAT-1,Stroma
GCAGCTGTCAACGCAT-1,Tumor
CGATCCTCGCAACATA-1,Tumor
TCCTGGCGCTGCCTGG-1,Tumor
TTGTGCAGCCACGTCA-1,Tumor
AAATTTACCGAAATCC-1,
GCCAATAGGGCATCTC-1,Stroma
GGTAAATGTGCGTTAC-1,Tumor
AAAGGTAAGCTGTACC-1,Stroma
ATTCTGAGTATGAACT-1,Tumor
TATACACAGACGCCTT-1,Tumor
GACCGACCGCTAATAT-1,Stroma
AGTAGGTAACATACAT-1,Tumor
ATACGGGTTTCGATTG-1,
CTTAGTGTAGTAGCAT-1,Tumor
GTAACTACGTAGACCT-1,Tumor
CAAGATATTATAACGT-1,Tumor
CAGCAGTCCAGACTAT-1,Tumor
GCACAAACCCTAGATG-1,Tumor
TACACCTCTTCGAATC-1,Tumor
GTCATGCACCTCCGTT-1,Stroma
CTATCGCGTAGAGAAC-1,Tumor
GTTAAGGGTGCGATGT-1,Tumor
ATGTACGATGACGTCG-1,Tumor
TACGAACACGACTTCA-1,Tumor
CATAGAGGAGATACTA-1,Tumor
CCGGCCGCGAGCATAT-1,Tumor
TAATTAGGACATCCGT-1,Tumor
CGACCGTTGGTATTCG-1,
GAATCGACATGGTCAC-1,Tumor
GGGAATGAGCCCTCAC-1,Tumor
AGACCATGGGATACAA-1,Tumor
GACTGGGCGCCGCAAC-1,Stroma
GATAAGGGACGATTAG-1,Stroma
CTTCAGTGGTCGCCTA-1,Tumor
TTAACTTCAGGTAGGA-1,Tumor
CATTTCTAGCAGACTA-1,Tumor
AAAGACCCAAGTCGCG-1,Stroma
GATGATTTGAAACTGG-1,Stroma
CTGGTTTCGAGCAAGA-1,Tumor
GTTCCCGTAAACATAT-1,Tumor
ATCCCATCCACAGCGC-1,Tumor
CTAGCAACTAATTTAC-1,Tumor
TTGGTCACACTCGTAA-1,Tumor
GGCTGGCAGCTTTATG-1,Tumor
TGATGGCTGTTTCTGA-1,Stroma
GGGCACTATTGACCAT-1,Tumor
GTGGCGGGCCGTAGCT-1,Stroma
ATGCGACAGTCCCATT-1,Immune cells
ATGCGACAGTCCCATT-1,Stroma
CTAGGTCTGAAGGAAT-1,Tumor
CTTGTTGCTGAGTCAA-1,
GTTTCTGCAGTCTCCC-1,Stroma
CCGGTAATGGCTAGTC-1,Stroma
CCCGTAGCTGGGAAGA-1,Tumor
CATCGGACGGGTTAAT-1,Stroma
ACACTCCAATGTCACT-1,Tumor
ATTCATATACTGTCCA-1,Stroma
GAGGTACATCCATCTT-1,Stroma
TCATCGATGGTCCCAA-1,Tumor
TCTGAAGCACGTGGTC-1,Tumor
ACGTTGTCGTTGAAAG-1,
ACAATTTGGCCATATT-1,Stroma
AGGAGGCCTTCGCGCG-1,
AACGTTCTACCATTGT-1,Stroma
GACGGGCATCGAATTT-1,Tumor
CTTCTTACGTCGTATA-1,Tumor
TCAAGCGCGGACGGTA-1,Stroma
TCCCAAAGCCCTAAAT-1,Stroma
GCCCGCGCGTAAACGG-1,Tumor
TATAGAGTCGCTTGAA-1,Tumor
AGAAGGTACACTTCAC-1,Tumor
GCAGGTAGAGTATGGT-1,Stroma
CGGTCCGTCGCAAGCC-1,Tumor
GGAACGGCCTGCAGCC-1,Tumor
TGAGGTTGATCCCAAG-1,Tumor
ATCCAACGCAGTCATA-1,Tumor
ATTGCGATCAGTAACT-1,Tumor
TTCTGCGGGTTAGCGG-1,Tumor
GCGGTTCCCTATCATG-1,Tumor
TTCTTAGTGGCTCAGA-1,Tumor
TCTTTCCTTCGAGATA-1,Tumor
TTGCGCTTGATCAATA-1,Tumor
TAGAAATTCACGTATA-1,
AGGCCCAGTGACTGGT-1,Tumor
TAAGTAAATGTGCCGC-1,Stroma
ATTCCCACATAAACAA-1,Tumor
ACATCGTTAACCTAGT-1,Stroma
CCTCATGCAGCTACGA-1,Stroma
GGTGGACTGCTCTGGC-1,Tumor
AGTATCCATAATAACG-1,Tumor
ATACGAGGTTTGTAAG-1,Tumor
AGTTCCTACAGAATTA-1,Tumor
AAGAGCTCTTTATCGG-1,Stroma
GTCACTCATGAGCGAT-1,Tumor
CCTGACCACCGATGGT-1,Stroma
ACACCGGTCTGACCGC-1,Tumor
TACGCCATATTCTAAT-1,Stroma
CCCGTGAGGGCGGTGA-1,Tumor
GGGACCCGTATATCTT-1,Tumor
GATGTCCGGATCACAT-1,Tumor
GCTGCTAAGTAGTCGA-1,Tumor
ATATCGTGCCAGACCC-1,Stroma
TCACTACGACCAATGC-1,Stroma
TTGGCTCAATATGTGT-1,Tumor
ATCTCATAAACCTACC-1,Stroma
TCTACCCGCATCATTT-1,Tumor
CCGGCGTGAGACTCTG-1,Tumor
GTTACCTACAACTTGC-1,Immune cells
GTTACCTACAACTTGC-1,Stroma
CTACGACTAGCTATAA-1,Stroma
TTCAGCCCTGGTCCAC-1,Tumor
ATTTGTTCCAGGGCTC-1,Stroma
CTGCAAGCACGTTCCG-1,Stroma
TGTACCCGACCCTAAT-1,Tumor
GCCAGGAAAGAACACT-1,Tumor
GATTTGCGCTAACACC-1,Tumor
ATAACGCCGGAGGGTC-1,Stroma
TAGCTAGAAGGCATGA-1,Tumor
ATTCGTGCTATCTCTT-1,Tumor
CTTGCAACCGCCTCCT-1,Tumor
CAACAGAATAACGCTA-1,Stroma
GGAAGATAAGACTGTA-1,Tumor
TATGATCCGGCACGCC-1,Stroma
AAGTGAGTCGGGTTTA-1,Tumor
GTCAATGCTATAATTT-1,Tumor
TCATGGAGGCCTTTGT-1,Tumor
CGGGCTACTTAAATTG-1,Stroma
CTAAATCCGGTGTACA-1,Tumor
ACGCGTTTCTTAAGAG-1,Tumor
ACAATTTGAGCAGTGG-1,
GCAAGAATTCCTTGGC-1,Tumor
ATTATCGGAATGTACG-1,Tumor
GACACCCAAAGACGCG-1,
CATGGGTCGGGTGTGG-1,Stroma
GCGAGAGGCCATGTAA-1,Tumor
GGTGATTTCATCTTGT-1,Stroma
TGCTGTTGAAGAACTC-1,Tumor
TGCTGTTGAAGAACTC-1,Stroma
AACGTCATCCGGCTTG-1,Tumor
AATTCCAAGCATGTAC-1,Tumor
TATGGCCCGGCCTCGC-1,Tumor
GCTTGATGATAATCAG-1,Tumor
TGGCAAGCACAAGTCG-1,Tumor
TGAGGTGTGTGGCGGA-1,Tumor
GGCCGTTTGGGTTTCA-1,Tumor
CGCCACCCGCATTAAC-1,Immune cells
TCAGAGTGTGAGCATG-1,Tumor
ACTGGGATGCCAGTGC-1,Tumor
CTATAGGCGTTGATGT-1,Tumor
GCCGAAATTCCTACGT-1,Stroma
TCGTACCGACGTCAAG-1,Tumor
AGAGTATAGTGTTACG-1,Stroma
GGTAACTATGTATCTG-1,Tumor
GGAAACCTTGTTGAAT-1,Tumor
GTATTAAGGCGTCTAA-1,Tumor
ACGTTCGCAATCAATT-1,
CCCGCAGGGCCCAAAG-1,Tumor
CGGTGTACTTGATCCC-1,Tumor
CAGCAGCCCGTTCCTT-1,
GTGCCTCAGTGTACGG-1,Stroma
AGAGTTAGAGACCGAT-1,Stroma
GATTCGACGGTTCACG-1,Stroma
GAGAGTCTCGGGAGAG-1,Tumor
ATTGATCACCACATTT-1,Tumor
CCGCACAAAGACCAAC-1,Stroma
AATGACTGTCAGCCGG-1,Tumor
CGGAAAGCAAATGTGC-1,Tumor
GTATCCTTTGGTAACC-1,Tumor
TGCCTGATCAAACGAT-1,
TCGCCGAAGTTGCGTC-1,Tumor
ACAAGGACAAGAGGTT-1,Stroma
TCCGCAGCCACCTAGC-1,Stroma
CTAAACGGGTGTAATC-1,Tumor
TCCGAACTTGGCTTAC-1,Stroma
GCACCTTCCCGAAGGT-1,Tumor
AATCGGTATAGCCCTC-1,Tumor
GCCCGATGCCCAGTTC-1,Tumor
CCGGGACCCGCAGAGA-1,Tumor
TAAGCAGGCGACACGC-1,Stroma
CGCTAGAGACCGCTGC-1,Tumor
GCCCGTAATACCTTCT-1,
ATGCCATTTGCGACCA-1,Tumor
GGATGTCCTTACCGCA-1,
CCACAATGTACGTCTT-1,
CATGCACGTGTTACTG-1,Stroma
ATAAGCAAACACCGAG-1,Tumor
TAGGGTGTTTCAAGAG-1,Tumor
TAGCGTCCCTCGATTG-1,Tumor
CTACACTCGCAGATGG-1,Stroma
GGAGGAGTGTGTTTAT-1,
ACGCCACTCGAAACAG-1,Tumor
AGTTGGCAAGGCTAGA-1,Tumor
GTGACCGCACACTACG-1,Tumor
GGCATTGAACATCTCA-1,Tumor
CGCCTCCCTCCTCTAT-1,Stroma
GGGAACCACCTGTTTC-1,Tumor
CCCAGAGGAGGGCGTA-1,Tumor
GGTTCGGATTATACTA-1,Stroma
AATAGAATCTGTTTCA-1,Tumor
TCGCTACTGGCTTTGA-1,Tumor
GAACCCTCTGTGTTCT-1,Tumor
AGCCACTCCCGTGCTT-1,
AACGTCAGACTAGTGG-1,Tumor
AGATACCAGCACTTCA-1,Tumor
CTCGAGGCAAGTTTCA-1,Tumor
AGAACTGTACTTTGTA-1,Tumor
CCACCAACTTTACTGT-1,Tumor
ATCGGAGACAGACGGC-1,Stroma
ATAAATATTAGCAGCT-1,Stroma
GACATCGATTTATAAC-1,Tumor
GATGTGTTGTCACAAG-1,Tumor
TCTGAGCAATTGACTG-1,Stroma
TTGTGGTATAGGTATG-1,Stroma
CTGCTGAGGCCACGAA-1,Tumor
ACCAAACTAGAAATCC-1,
TCAGGGCGACTTCCTT-1,Tumor
CCAATGTCACAGCAAG-1,Immune cells
TTAAGTATTGTTATCC-1,Tumor
CCCATATAGGTCGATT-1,Tumor
GGTTCGCATTTGCCGT-1,Tumor
CAATATTCTTGACCTA-1,Tumor
CGGCAGGGTCGGGTTG-1,Stroma
CGGGCCTTCTTTGTAA-1,Stroma
ACACAAATATTCCTAG-1,Tumor
CAAGAGGGCGGAGTAC-1,Tumor
CCCTATGTAGAGCAGA-1,Tumor
CAAACGAGTATCGCAG-1,Tumor
GTTCACAGGAGTCTAG-1,Tumor
CATCGAATGGATCTCT-1,Stroma
ATACGCCGATCTACCG-1,Stroma
CCTACTCAACACGATT-1,Stroma
CACGGCGCGCCAAAGG-1,Tumor
CACGAAAGTTAGTCCC-1,Tumor
GGCCACACGAAAGCCT-1,Stroma
TCCCAGCTTTAGTCTG-1,Stroma
GTGTTACTATGCGTCC-1,Stroma
AGGAAGCTGTCCGCCG-1,Tumor
CTGCAGGTGCTCGGCC-1,Tumor
TACGTAAAGCGGAGTG-1,Tumor
CCAGATAGTTGAGTGA-1,
GAGTTGATGGCAATTT-1,Tumor
AAACGGGCGTACGGGT-1,Tumor
GACGGACCGCGTTCCT-1,Stroma
TTGCGTGAACGCTTAG-1,Stroma
AAGTCTTCTGTGGCCT-1,Stroma
TTCTGCTAGACTCCAA-1,
TGCAGCTACGTACTTC-1,Tumor
CAAGCAACGTCGGAGT-1,Tumor
CACCACGCCACACAGA-1,Stroma
TGGGTAAGGTTCCCGC-1,Stroma
TCCAATAAAGGCTACC-1,Tumor
CACCCGGTTTGTGACT-1,Tumor
ACAAATCGCACCGAAT-1,Tumor
GTGATCAAGCGTGCAC-1,Tumor
GTGATCAAGCGTGCAC-1,Stroma
AACTGATATTAGGCCT-1,Stroma
ATCTTGACTTGTCCAA-1,
TTGGATATCGTCTACG-1,Tumor
CTTGTGAGTCTTTGAC-1,Tumor
CCACGGCAGGTGTAGG-1,Tumor
GCTTCCGTCCCTAGAC-1,
ACCAGTGCGGGAGACG-1,Tumor
TATTATGTTTGCCTGC-1,Tumor
AGCCTAATACCCACGT-1,Tumor
CTGGCGATTTACATGT-1,Tumor
ATTCAGGACCTATTTC-1,Immune cells
ATTCAGGACCTATTTC-1,Stroma
AGTGCTTGCACGAATA-1,Tumor
ATTACATGTCAGTCTT-1,Tumor
CTATTTGGTTACGGAT-1,Stroma
TCACATCTTATCTGAT-1,Stroma
GAAATCTGACCAAGTT-1,Tumor
ACTCTCTTATACACGA-1,Tumor
GACGCCTGTTGCAGGG-1,Stroma
ATTCGCAGAGGACACT-1,Tumor
CCGGAAGTTATCAGTC-1,Stroma
CGTTAATGTCCCGACG-1,Tumor
TAAGCGCGAATCAAAT-1,Tumor
TAAGCGCGAATCAAAT-1,Stroma
CGGGCCATAGCCGCAC-1,Tumor
AGATCGTGCATAAGAT-1,Stroma
TACATGCCGGAATTGT-1,Tumor
TCTAGTGATATCGTGG-1,Tumor
TTCTTGGACGATCTGC-1,Tumor
GCCAGGCGTTCGCATG-1,Tumor
CATGAGATGCACTCTC-1,Tumor
GAAGGAGTCGAGTGCG-1,Tumor
CGAGTGCTATAGTTCG-1,Stroma
CTATCGGGTCTCAACA-1,Stroma
TTGTGTATGCCACCAA-1,Tumor
CCCTAGGCAACAAGAG-1,Tumor
TGATGGGACTAAGTCA-1,Tumor
ACTTATCTGATCTATA-1,Stroma
TGCACAGTGAAGTTAT-1,Stroma
GGTTTACAATCTCAAT-1,
TTATAGGTAATTGTCT-1,Tumor
CCGCGCAAGATACCCA-1,Tumor
GAGGGAGTCAGATCGC-1,Tumor
CTCCGGCCTAATATGC-1,Tumor
ATGGCAGCATTACGAT-1,Tumor
CACAAGAAAGATATTA-1,Tumor
TCCAAGCCTAGACACA-1,Tumor
TATATGCTGGGTTGCC-1,Stroma
AACGATAATGCCGTAG-1,Stroma
ACAAACCATGCGTCCT-1,Tumor
CTAAAGAATGCCTACT-1,Stroma
TCTATGCTATAACGAC-1,Tumor
GGTGGGATTAGGTCCC-1,
AGTGACTGTGACACAA-1,Tumor
GAGTATGCCCGCCTTG-1,Tumor
ATAAGTAGGGCGACTC-1,Immune cells
GTGCGTGTATATGAGC-1,Tumor
ATGTTCCTGCCCACCT-1,Tumor
TCCCAAAGACGAAGGA-1,
CAAGCACCAAATGCCT-1,
CTCTTCTGGAAGTTAG-1,Tumor
AAATGCTCGTTACGTT-1,Tumor
TTGGGACACTGCCCGC-1,
CGGACGTTACTTGAAG-1,Tumor
TCGCCCAACTGACTCC-1,Stroma
TGCGCGATTAACGGAG-1,Tumor
TCTGTGATGGAGGTTG-1,Stroma
CTTCATCACCAGGGCT-1,Stroma
ACCACCCTCTCTTCTA-1,Stroma
ACCACAAGTTTCTATC-1,Tumor
GCTTGCAGCACAATTG-1,Tumor
CTTTGGCTTTAGTAAA-1,Tumor
TTCTTGCTAGCATCTC-1,Tumor
GGGCGGCAAATGAATT-1,Tumor
TGGTTGGAGGATCCTG-1,Stroma
CCTGGCTAGACCCGCC-1,Tumor
TGCTCGGCGAAACCCA-1,Tumor
ATGTCATTTCCCATTG-1,Tumor
TTGTCACCGCGGTATC-1,Tumor
CCAAGTTTCTACAGAT-1,Tumor
CGGGAATATAGTATAC-1,Tumor
GTGAGTGGTACAACGC-1,Tumor
CTAATGCGCCCAACAA-1,Tumor
CAGAACTTAGCCCTCT-1,Stroma
GTGTCGTATAGCGTTC-1,Stroma
TGGCATGAAGTTTGGG-1,Tumor
GATAAATCGGTGGATG-1,Tumor
ACAATAGTCGTACGTT-1,Tumor
ATACCAGGCTAATAGA-1,Stroma
TAACGCTTTGAGAGCG-1,
GAAAGTGACTAACTGC-1,Tumor
CCAAATCAAAGGGCAA-1,Tumor
CGAGGATCGGGAACGA-1,Stroma
TATGGATGTGCTACGC-1,Tumor
GATCTAACCGTATTCA-1,Tumor
GCTAAGCCCAGTATGC-1,Tumor
ATAAAGGTCAAGTACG-1,Tumor
GTATAGTGGCCCATGT-1,Stroma
AGTTCCTATTTATGTT-1,Stroma
TTAAGCGCCTGACCCA-1,Tumor
CGACCCTTAACGCCGG-1,Tumor
ATCAAGATCCCAGGAC-1,Tumor
CTTCGGCCAATTGTTT-1,Tumor
GTGGACGTGCTGAGAC-1,Tumor
TGAGATTAGGCCCTAA-1,Stroma
AGGATAAAGTCGGGAT-1,Tumor
CCACTCAGATCCGCAA-1,Tumor
CTACATATCGCGGGAC-1,Tumor
TGTGAGACTAGCCCAA-1,Tumor
GGCCGAGACTCTGGTG-1,Tumor
ATCAATGCCGTGGCTG-1,Tumor
AGCTTCTTCTCGAGCA-1,Tumor
AGTAGCTAGACGCCGA-1,Stroma
CTCCGCCCACATGAGG-1,Tumor
CGTGTGTTAAACCCTG-1,
ATGACTATCAGCTGTG-1,Tumor
AGTCGTATAAAGCAGA-1,Tumor
GTTCTTGTAACTCAAT-1,Tumor
CGACCTACTAGACAAT-1,Tumor
GTTAACATCACTTAAA-1,Tumor
TTCAGAGTAACCTGAC-1,Immune cells
CCTGTCCCTCACGTTA-1,
CTAAGGGAATGATTGG-1,Stroma
TGGACCAATCTAAGAT-1,Tumor
CTTTATCCGACGCATG-1,Tumor
AATTAAAGGTCGGCGT-1,Tumor
GGGATTTACCGCACCT-1,Tumor
CCAAACAGAACCCTCG-1,Tumor
TGGTTATGCTTGCGGT-1,Tumor
GCTGAAGGGTTCTTGG-1,
CACTTCGTCTTATCTC-1,Tumor
ACCAAGTCATCGGCAG-1,Tumor
CGACAGTTCGCGTTAT-1,Stroma
CATTCGTCGTAGCGGT-1,Tumor
TTCCACATTTCTCGTC-1,Stroma
GTCCAATATTTAGCCT-1,Tumor
GTCCAATATTTAGCCT-1,Stroma
AGCTCTTCCCAGTGCA-1,Stroma
ACGCTAGTGATACACT-1,
AGTACGGGCACCTGGC-1,
TGTGATTCCAGCGCTT-1,Stroma
TGGCACGAGCTCGAGT-1,Stroma
GGTCTGAGAATCTGGA-1,Stroma
AGATTATAGGACGTTT-1,Immune cells
ATGGTATTGGGAACCG-1,Tumor
ATGGTATTGGGAACCG-1,Stroma
TAGTCCGCAGAGAATG-1,Stroma
AACTAGCGTATCGCAC-1,Tumor
AGTTACTCTATCGTGG-1,Stroma
GTCCTACGAATAGTCT-1,Stroma
GCAGCCTATATCACAT-1,Immune cells
ATTCCTCCGCCAGTGC-1,Tumor
CGAGTACTAAAGAGGA-1,Tumor
CGTAGCGCCGACGTTG-1,Stroma
ATCAAAGAGCCGTGGT-1,Tumor
GTATCTCAGTCTTGAC-1,Tumor
CCCGACCATAGTCCGC-1,
GGAAACAGAGCTTGGG-1,
CAAGTGTGGTTGCAAA-1,Tumor
GTCATCTCCTACAGCT-1,Stroma
GGATCCGGAATATACT-1,Stroma
TTAACGTTAAAGCCTG-1,Tumor
ACTGGCGAACCTGCGT-1,Tumor
CTGCTTGGCGATAGCT-1,Stroma
TCTTACCGGAACTCGT-1,Stroma
ACAGTATACCGTGGGA-1,Tumor
TTGCCGCTTTCTAGTA-1,Tumor
TGCAGAACTATATCGT-1,Tumor
GAGCTCAACATGAGCG-1,Tumor
TTAAACAGAGTCCCGC-1,Stroma
ACGACCCATGAGTTGC-1,Tumor
GTCATGGACATGACTA-1,
GCTGTATTACTGGCCC-1,Tumor
TGCGTCATGACTGAGC-1,Tumor
GATTGACACTCTGCTC-1,Stroma
ACTTTCCTATAGCTTC-1,
CGGTTATCCAACAGTG-1,
TCACGCATTGTAGATC-1,Stroma
CAGACGAACCTGATAC-1,Tumor
AGCCCGCAACAAGCAG-1,Tumor
TAAGTGAATAGTCTAC-1,Tumor
TGCTCTGCCGGTTCAC-1,Stroma
CACCTAATAGAGTCGT-1,Tumor
TCCAATGCGTCGCCGC-1,Tumor
TTCTCAATTGCTACAA-1,Tumor
GACACTTCCAATTACC-1,Tumor
TCCTCTGGCCCATTAG-1,Tumor
ACTCTAAACCTGGGAT-1,Stroma
ATGTGTAGTTTAGTCA-1,Stroma
GTTCTTCCCTCGATGT-1,Tumor
ATCCAGAGCAACAACC-1,Tumor
TCCGATGACTGAGCTC-1,
TTAGAAGAACATGACT-1,Tumor
GGCTCGTGCCACCAGC-1,Tumor
ACTGTACGATACACAT-1,Stroma
TAGCTCACTGTGTTTG-1,Tumor
AGACCGCTCCGCGGTT-1,Stroma
ATATAACACGGGCGCA-1,Tumor
GAGCCAGCTACCTGTG-1,Stroma
GGTAACCGGGAGGATA-1,Tumor
GGCGCGTTCGAGTTTA-1,
ATCTTGACCTGCAACG-1,Tumor
AACAATACATTGTCGA-1,Tumor
TCTACCGTCCACAAGC-1,
TGACAACGCATGTCGC-1,Stroma
GACAGGCACACACTAT-1,Stroma
CACACGTTTCAATGGG-1,Stroma
GCAGTGCGGGCGGATG-1,Tumor
AAACATGGTGAGAGGA-1,Tumor
ACTATGTCCAGCTGCC-1,Tumor
GGCAAAGGCGCCAATA-1,Tumor
GTATTCTTACCGTGCT-1,Stroma
GAGCGCGCACGAGTAG-1,Tumor
ACTATTTCCGGGCCCA-1,Tumor
CTACTATCATAGGTTT-1,Tumor
TATCAGTGGCGTAGTC-1,Tumor
CCGATCTCAACCTTAT-1,Tumor
GGTCTCCAAGTAGTGC-1,Stroma
TTGCCATAGCCCGCTC-1,Tumor
CCGGGCGGTCTCGTCA-1,Stroma
CGCGTACATTCTGGAA-1,Stroma
ATCCAGGATTCGTGAA-1,Tumor
GCGCTCGATCACCTGT-1,Stroma
GGAATGCGCTAGCGTG-1,Stroma
GTCAGACAGCGTTGGA-1,Tumor
CGTTGCCCGCGTGGGA-1,Tumor
CGTTGCCCGCGTGGGA-1,Stroma
GATAAGGCAGATGCAA-1,Stroma
CCGACAAAGGGAGTGC-1,Tumor
TTACGGATGGTTCGAG-1,Stroma
CAATACGCTCTGAGGC-1,Stroma
AGTCCCTCGCAGAAAG-1,Tumor
AGTCCCTCGCAGAAAG-1,Stroma
TGCAGGATCGGCAAAG-1,
AGCATCATTTCGAAAG-1,Tumor
CGCCCTAATTGTTCAA-1,Tumor
CAAACCAGGTCTGCAT-1,Tumor
ATTGAATTCCCTGTAG-1,Tumor
ATGGTCGCGTGGTTTC-1,Tumor
AAAGGCTACGGACCAT-1,Tumor
CCTTCCGCAACGCTGC-1,Tumor
CTGTCACGCCAGGCGC-1,Stroma
ACGTCCTAAACGAGAT-1,Immune cells
ACGCCCAGCTGTCGAT-1,Immune cells
GCGAGTTCTGCAAAGA-1,Stroma
ATTAATGAACCAGTCG-1,
TGTATACGGATGATGA-1,Tumor
GAGTACGGGTATACAA-1,Tumor
TTGAATCGTTGTATAA-1,Tumor
GAGGGCCATAATATTA-1,Tumor
TACCAGAAGTAGGTTC-1,Tumor
GAAGCTCGGACCCGTC-1,Tumor
AGAGAAGGAGTACAAT-1,Tumor
CTCGCCGAATGTAGGG-1,Tumor
CCTCCTAGCTAGAGTC-1,Tumor
AGTTATTCAGACTGTG-1,Tumor
ATAGTCTTTGACGTGC-1,Immune cells
TAGCGTTGGGTCTTAC-1,Stroma
GAACGTTAGGAAGACG-1,Stroma
GGAGCAACATTTCAAG-1,Stroma
CTTGGCCAAGCTGGGA-1,Tumor
ATTACAACTACCGGCC-1,Tumor
GAGGTACGCGTGTCCC-1,Tumor
CTGTAGTGAGGATCGA-1,Tumor
CTGTAGTGAGGATCGA-1,Stroma
TAAAGGAGAAACTAGT-1,Stroma
TGGTTCGTAGCAAAGG-1,Tumor
GAACGACCGAATGATA-1,
TTACTGTCTAGAGCTC-1,Stroma
TTCGCCGCTCGCGCTA-1,Tumor
CTAGCTTAATGGTCCC-1,Stroma
GTTTACGTTCCATCTG-1,Stroma
GATCGGTGGCCATAAC-1,
TCTCGTGTTACGAGGA-1,Tumor
GGCCTTTGCAACTGGC-1,Tumor
AACACGACTGTACTGA-1,Stroma
CGAACAGTATGGGCGT-1,Tumor
GCCAAGAATACTTCTG-1,Tumor
CGGGAGCTTCAGTGTA-1,Tumor
TGACAGGACAAGTCCA-1,Tumor
GATCTTTGCTCAAAGA-1,Tumor
GCGCGGTCTAGTAACT-1,Tumor
TCCGACCGCTAATCAA-1,Tumor
TGATTCAGGTCCCGCG-1,Tumor
AGACGCCCACTTCGCC-1,Tumor
ATTTGCGCGAGTAGCT-1,Tumor
GGCAATAGTCAATGAG-1,Stroma
CATGGATTGTCTTCCG-1,Stroma
AGCGTTCCGATTTAAA-1,Stroma
TACCAAATAGCCCAGA-1,Tumor
TCTTTCGGCGGGACAC-1,Tumor
TGCCTAATTGAAGATT-1,Stroma
ACTTGGGCTTTCGCCA-1,Stroma
CCCAACCACACTAACA-1,
TTCAGCTGGCGTGCCC-1,Stroma
CAATTAAGGGTGATGA-1,Stroma
ACATTTGAAACCTAAC-1,Tumor
CGTCGTCCTTCGCGAA-1,Tumor
TAAATGCCGTCTCATG-1,Stroma
TCAATACAATTGCTGC-1,Tumor
TGAGGAGTGCCAGCTT-1,Tumor
TGGGTTTCGGGCGTAC-1,Tumor
TCGGGCACTTCTGGAT-1,Tumor
TAACAGGTTCCCTTAG-1,Tumor
CAGTTCAAATTGACAC-1,Tumor
TTACTAAAGGACTTTA-1,Tumor
CCGGTTTGTAATTGTG-1,Tumor
TAAGTTGCGACGTAGG-1,Stroma
TTGTGAACCTAATCCG-1,Tumor
CTGCACAACTACATAT-1,Stroma
GGATCTTACTGCCCTT-1,Tumor
CTGGTAAAGACTTACA-1,Tumor
GTGGGTCTTCTTTGCG-1,Stroma
CATGATGGAAGTTAGC-1,Tumor
GCGACGATAGTTGTAC-1,Tumor
CCAATTGAATGTTAAT-1,Tumor
AGTAATCTAAGGGTGG-1,Tumor
GTATCAGCTTGGGTTC-1,Tumor
GCTCGCGGTTCCGCTC-1,
AGCATTACGAGGCAAG-1,Tumor
CGGGATCAATGTAAGA-1,Tumor
TTGACCGTGTTAATGA-1,Tumor
GTTATTAAATACGACC-1,Stroma
TGCCAAAGTCAGACTT-1,Tumor
GAATAGACGCGACCCA-1,Tumor
GGGATATTGATCGCCA-1,Tumor
GACCAGAGCCCTGTAG-1,Tumor
CCTAAGTGTCTAACCG-1,Tumor
TTGACTACCATATGGT-1,Tumor
ACACTGGGACAGTCGT-1,Stroma
TTAGAGTATTGTCGAG-1,
GACTAAGATCATGCAC-1,Tumor
TTCTTCCCTTTGATAT-1,Tumor
CTGGTTCAACGCATCA-1,Stroma
TGATTCGTCTATCACT-1,Stroma
GGGACTGCATAGATAG-1,Stroma
TCGCATAAAGGGCGCA-1,Tumor
TGGAGGGAAACACCTC-1,Tumor
ACGCATTCGTGAGTAC-1,Stroma
CCGGGCTGCTCCATAC-1,Tumor
ATCCTACCTAAGCTCT-1,Tumor
CAATGACCCTTAATTT-1,Tumor
GTGCTGTTAGAACATA-1,Stroma
CACCTAATCAGTTTAC-1,
CCAGATGTAAATGGGT-1,Tumor
GATCTCGACGCTGTGG-1,Stroma
TTAAAGGCGATGCTCG-1,Tumor
TCGACTGACGATGGCT-1,Tumor
GGGCCTAAATGGGCTA-1,Tumor
TGCTTGAAACCATGCA-1,Tumor
CAATAAACCTTGGCCC-1,
AGTTGACATCGGCTGG-1,Stroma
GACCCAATTATGATAC-1,Tumor
CCTTCGTATAGAATCC-1,Tumor
CATACGGGTGCATGAT-1,Immune cells
CATAATGAGCGGGCGA-1,Tumor
GTACTACGGCCTCGTT-1,Tumor
TGTGGTAGGGTGCCTT-1,Tumor
GGAACCTTGACTCTGC-1,Tumor
CGATGTTGTTATCTAC-1,Tumor
CCGTATTAGCGCAGTT-1,
GGTGATAAGGAGCAGT-1,Stroma
GTGGACCAACCCGATT-1,Tumor
TGTTTAATACTTCATC-1,Tumor
GCCATATTGCACACAG-1,Stroma
CTAATTCTCAGATATT-1,
TGAGTGCCTCTTAAAT-1,Tumor
TGTGTCGAAGTCGAGG-1,Tumor
ACCGACTGAGTCCCAC-1,
CAGTTCCGCGGGTCGA-1,Stroma
CCAGTCTAGACGGCGC-1,
TATCCTATCAACTGGT-1,Tumor
TAGTGGAACTCATACA-1,Stroma
TTGAAGGATGGGCGCC-1,Tumor
AGCGTACGAGAGCTAG-1,Immune cells
GCATAAATTGAACGCC-1,Tumor
AGTAGGAAGGAAGTTG-1,Stroma
TCCTCCTAAGACATTC-1,Tumor
TCTAATACTGCCTCAG-1,Tumor
CCCGATAGCCTCGCCT-1,Stroma
ACATGGCGCCAAAGTA-1,Tumor
AGCGTGGTATTCTACT-1,Immune cells
AGCGTGGTATTCTACT-1,Stroma
GAAGCAAGGCAATGTT-1,Tumor
CTCTTGTCCCGCTTGG-1,Tumor
TACCGCGGACTTGCAG-1,Stroma
CGAGAGCTTTCACTAC-1,Tumor
TGTAATGACCACAATA-1,Stroma
CATTTAGCGGACCATG-1,
ATCAGACGGCACGCCG-1,Tumor
TCGGTTAGCCATGTAG-1,Stroma
TCAAATTGTTGTGCCG-1,Tumor
TCCGGCCTGCATCGAT-1,Immune cells
GGCGAGCATCGAGGAC-1,Tumor
CTAGTGAAGGACAGGA-1,Tumor
AGCGGACACTTCGTAG-1,Tumor
CCGGCGCATATTGGAT-1,Tumor
ACGCCGCTAGACGACC-1,Stroma
CAGTAGATGATGTCCG-1,
GGTTTAATTACCATCG-1,Tumor
ATTCAAAGTACCTGTT-1,Tumor
CGATCCACCATTGTTG-1,Tumor
GTTTCCTGGAGGGTGA-1,Tumor
CTATGTCTATTGAAAC-1,Tumor
CACATATTAGCAGGAT-1,Tumor
GCTACTATAGTAGAGT-1,Tumor
CGATAGCGATACAGTG-1,Tumor
GTTTGAGCGGTTATGT-1,Tumor
TGGCAGCAGTAATAGT-1,Tumor
TGGCAGCAGTAATAGT-1,Stroma
CCTAAATTAACGGTTC-1,Stroma
CGTGCCCTCCCGAAGA-1,Tumor
GAGTCCGCTTACCGGA-1,
GAATGAAGGTCTTCAG-1,Tumor
CGGCTCTTCGTCGAAC-1,Tumor
TAGTGCTTGAATCCTT-1,
CATAAGAAGCTTGGCT-1,Tumor
ACCCGGAGCACCACAA-1,Tumor
TTCATGGCGCAACAGG-1,Stroma
CAATGTGCCAACCCTT-1,
CGTGAAGTTAATTCAC-1,Stroma
CGAATGAAGTCATTGC-1,Tumor
ACTTGACTCCCTCTTT-1,Stroma
GGCCCAGCTGGTTTGC-1,Tumor
CCATATGGAAACTATA-1,Stroma
GCGCCTCCCACTCCGA-1,Tumor
TATCACTTCGAGTAAC-1,Immune cells
TATCACTTCGAGTAAC-1,Stroma
TAATAGAACAGAGTTA-1,Tumor
AGCTTGATCTTAACTT-1,Tumor
AGCTTGATCTTAACTT-1,Stroma
AAAGTCACTGATGTAA-1,Stroma
CTCATTGCTCTAACAA-1,Tumor
TGGCAAACTAAATTAC-1,Stroma
AGGTCAGGTGAGAGTG-1,Tumor
ATAGCCTCAGTACCCA-1,Tumor
TCGCTAAACCGCTATC-1,Stroma
TTAAGCCGACAACTTC-1,Stroma
TCCCGTGTGCAATTTG-1,Tumor
CCCTCATTCTGGAATT-1,Tumor
CAAACTATTGAGCTTC-1,Stroma
AGTTTCGCAGGTCGGA-1,
GGTGCGGATAAGTGGC-1,Tumor
GACCGACTGAAGCGTC-1,Stroma
TAAAGACAACCCTTTA-1,Stroma
ACTCTTCAGCTCCCGC-1,Stroma
ACCCTATGCCATATCG-1,Tumor
ATCTGTAATTGTACCC-1,Tumor
CCTACTGCGGCGGCCA-1,Tumor
GCGGGCAGACGGGTGA-1,Tumor
GGCGGGCTCTAAGAGT-1,Tumor
TGTTCCGCTTCCATGA-1,Stroma
ACGGACTCTCAAAGCG-1,Tumor
GCACAACCTCGGGCGT-1,Tumor
TTGAACGACGTGCTGA-1,Tumor
TGATAGCGGGATTCTA-1,Tumor
GTTTCATATCGTCGCT-1,Stroma
GCGGATTACTTGTTCT-1,Tumor
TACTACGTGCAATGCG-1,Tumor
AATTGAACGCTCTGGT-1,Tumor
GGTTCCACCCGCTTCT-1,Stroma
ACTTATTAGGATCGGT-1,
GATTCCTATACGGCGC-1,Tumor
TACTGCAATCAATTAC-1,Stroma
ATGCGAGTCCCACCAC-1,Tumor
CACATCGTGCACGCGC-1,Tumor
TGCAGAGTACCGAGCA-1,
CGGTGAAGACTAAAGT-1,Stroma
TCGCTCGATATATTCC-1,Stroma
CGCTATTCTTAGGCTC-1,Tumor
CGCTATTCTTAGGCTC-1,Stroma
TGCTCTTGAGAGTTTG-1,Tumor
CAACTTGTAGTGGGCA-1,Stroma
AGTAATGTCTTGCCGC-1,Tumor
TTGTGTTTCCCGAAAG-1,Tumor
TTGTTGTGTGTCAAGA-1,Stroma
TAGCAGTAAATACGCG-1,
CATAGTCAAATACATA-1,Tumor
GCGACCCAACCATCTG-1,Tumor
GAAAGCCCTTTGGACC-1,Stroma
ATAAACGGACCCGTAA-1,Stroma
CTTTGAAACATATTCC-1,Stroma
CATAGTACATTGAGAG-1,Stroma
TCTGCAGATTCGAGTC-1,Tumor
CACACAGGGATAGATT-1,Tumor
TGGTAAGCAGGATTGA-1,Tumor
AAACCGGAAATGTTAA-1,Tumor
GCGGCTCTGACGTACC-1,Stroma
GCCTTGTATATGCAGT-1,Tumor
AATCTGCGTTGGGACG-1,Stroma
CGGCTCTAAAGCTGCA-1,Tumor
CCATTTCTACCTATTA-1,Tumor
CATATACTACTGATAA-1,Tumor
TGTAGTGATCTATAAT-1,Tumor
CTAGCCCGGGAGACGA-1,
CAAATGTCCTTCCGTG-1,Tumor
TTCGACAGAGCCCGTG-1,Tumor
AAGCCGCTTTACCTTG-1,Tumor
TGTGGAGGAAGCTTAA-1,Stroma
CCGTAGGAAATCCCTG-1,Tumor
GCAGATTAGGGATATC-1,Tumor
GCAGATTAGGGATATC-1,Stroma
GAATGTGGTCCGGATT-1,Tumor
GAGATCTGCTTGGCAT-1,Stroma
ATTATAGCTACTTTAC-1,
CGCGGCTCAACTTGAA-1,Tumor
TACGCTGCTGTGTTAA-1,Tumor
CTGTTCACTGCCTGTG-1,Tumor
CGTTCAAGGAAACGGA-1,Tumor
GACAAGACGCCCGTGC-1,Tumor
CACTAAAGTTGCCTAT-1,Immune cells
ACGTCTCGTTCCGGGA-1,Tumor
GACTCGCGGGAATGAC-1,
TGACATGTAACGTGAC-1,Tumor
CCGGAAGTGCAATATG-1,Tumor
TCTACGCACGATCTCC-1,
TCTTTAGCAGGCGAAC-1,
TTATAGATGCACATTA-1,Stroma
AGGACATCGCACGTCG-1,Tumor
AAAGTGTGATTTATCT-1,Tumor
CTCAACTAACCCGGAT-1,Tumor
GATTGGGAAAGGTTGT-1,Tumor
CGGGCGATGGATCACG-1,Tumor
CGGGCGATGGATCACG-1,Stroma
CGTTAAATACGACCAG-1,Tumor
TTGGCCTAGAATTTCG-1,Stroma
TTCTAGGCCAATTGTG-1,Tumor
ATAATAGTGTAGGGAC-1,Tumor
AATTCCAACTTGGTGA-1,Stroma
AAATAAGGTAGTGCCC-1,
GATGTTCAATCCACGA-1,Tumor
TGTTCCGGCCTGAGCT-1,Tumor
GCATTCAAGGCAACGC-1,Stroma
GAACCTTTAACGATCC-1,Tumor
TAACATACACGCGATC-1,Tumor
CTGTTGTTCAGTCGTA-1,Tumor
TCCCGGTCAGGAATTT-1,Stroma
GGCTAAAGGGCGGGTC-1,Immune cells
GGCTAAAGGGCGGGTC-1,Stroma
GCTAGCTTGAATAGCT-1,Tumor
GCGTAAATGGCCATAA-1,
TTCAATACTCTGAATC-1,Tumor
CCAGTAGTCTGATCCA-1,
CCATATTGGATCATGA-1,
ATTATTCAGAGTCACT-1,Tumor
GGGCGGTCCTATTGTC-1,Tumor
TGGAGCTAAAGTTCCC-1,Immune cells
CACGTCGGGTTCTAGA-1,Stroma
AACCCGAGCAGAATCG-1,Stroma
ATGTTGTAGTCTGTTT-1,Tumor
ATGTTGTAGTCTGTTT-1,Stroma
GGACAACCATGAAGCC-1,Tumor
CGGATTCTGCCTTATG-1,
AGATGCATCCTGTGTC-1,Tumor
TAGCGTCCGGTGTGGT-1,Stroma
TCGCTTTAAACGTTTG-1,
GCGATTCTGGAAGCAG-1,Stroma
TCAACCATGTTCGGGC-1,Tumor
TAAAGTGCACGTCTCG-1,Tumor
AGTAACGTTCATCCTG-1,Stroma
CGCTGTGACGCCGCAC-1,Tumor
TTGTTGGCAATGACTG-1,
TCAAAGTCACGGCGTC-1,Tumor
AGTCGACGGTCTCAAG-1,Tumor
GTGGTCAGCGAAGTAT-1,Stroma
TTATGTTTGCGATAGA-1,Tumor
TGCATGTGGTAATCTA-1,
AGGACGCTCGATGTTG-1,Immune cells
AGGACGCTCGATGTTG-1,Stroma
TGTGCCGGTGCCGGAA-1,Stroma
AGGTTCTCCTTTCCGG-1,Tumor
GTAACTGCCCAAGGAG-1,Tumor
GTAACTGCCCAAGGAG-1,Stroma
TGCATCTCCGGATCTT-1,Stroma
CAACGCGATGAGCCAA-1,
AAATTACCTATCGATG-1,
ATTACGGGCTACGGTT-1,Tumor
TACAACAGCGCATACA-1,Tumor
GTTCGTCTGGGTCCCT-1,Tumor
ACGATACCTATCCTGA-1,Tumor
CCTCCGACAATTCAAG-1,Tumor
CAACTCCTTGATCCCG-1,Tumor
TGTGACTACGCCAGTC-1,
GTTGCACGGAGTTTCG-1,Tumor
ACAGGTGTGTTGTTGC-1,Tumor
CGACAATTTGATCTAA-1,Tumor
GAACGCGGGTCACACG-1,Tumor
AGGTCGCCTCCCAACA-1,Tumor
AGACCCGCCCTCCTCG-1,Tumor
AATGACGTAGGATGTC-1,Tumor
TTCTACCTCAATCGGT-1,Tumor
AAGCCGCCGTGAAATC-1,Tumor
AGTAACTATAGCAGCC-1,Tumor
CCGTTTCCTTTCCGTG-1,Tumor
TTAGGTGTGACTGGTC-1,Tumor
CTCCCAATGAGTCGCG-1,Stroma
GACAGGTAATCCGTGT-1,Tumor
CGAGCACTTCAAGTTT-1,Stroma
ATTAAAGCGGACGAGC-1,Stroma
CGGCTTTGTATGATAA-1,Stroma
GGTTTAGCCTTTCTTG-1,Tumor
CCACGGTGCCCGGTAG-1,Immune cells
CGTCACGTCCATTGGT-1,Tumor
CTGGGCACTAGTCGGA-1,Stroma
CCCGAAGTTTCGCGAA-1,Tumor
TGGGCCTTGCCTGCAT-1,Tumor
GTGAAACGTGCTCCAC-1,Tumor
GCTAGGCACCACGGAG-1,Stroma
AATTATACCCAGCAAG-1,Tumor
GCAACCACGGCCGCGT-1,Tumor
GGGAAAGAATGCCAAC-1,Tumor
AAGCGCAGGGCTTTGA-1,Tumor
GATTATCTTGCATTAT-1,Tumor
ATAATTAGCTAAGTAG-1,Tumor
ACATAAGTCGTGGTGA-1,Tumor
AAACTCGTGATATAAG-1,Tumor
AACCATGGGATCGCTA-1,Tumor
CGCAATTCTACAATAA-1,Stroma
GGACCTCTAGGCCGCC-1,Tumor
CAGGTTTAGTACTACA-1,Tumor
AGGCTTAAGTTGCACA-1,Tumor
CTAACCGCGCGCCCGT-1,Stroma
GTGCTCAAGTACTGTC-1,Stroma
TCTGCGAATCGTTCGC-1,Tumor
TTATCTGACATTAGGA-1,Tumor
CCTCGGTTTCCTTGCC-1,Tumor
CGTTGAGTAATTGCGT-1,Stroma
TACCATGTATTGATTT-1,Stroma
GGCAAGCCCATAGTGG-1,Tumor
TTGAAACCCTCATTCC-1,Tumor
TCTAGCATCTTCGATG-1,Tumor
AACCTTTACGACGTCT-1,Stroma
TATAGGGTACTCATGA-1,Stroma
AATAACACTAGAACAA-1,Tumor
GCACACACTGGTAGCC-1,Stroma
CGAGAGCGCGTAGATA-1,Tumor
AACCCGATAGGGCTTC-1,Stroma
GTAAGGATTTGTCGGA-1,
CGGCACCGTTAGCGCC-1,Tumor
GGCCTGCTTCTCCCGA-1,Stroma
TTAGAATAAGGGTCGG-1,Tumor
GCAAGTGTAAAGCATG-1,Tumor
AGAGAAACACCAGAAA-1,Tumor
TGCGGACTTGACTCCG-1,Tumor
TGGCCAATTTGGTACT-1,Tumor
TCACAGATCCTCAAAC-1,Tumor
TCACAGATCCTCAAAC-1,Stroma
ACACCCAGCATGCAGC-1,Tumor
TTATCCTCAAGGAATA-1,Tumor
CGTTTGGTGTTGTGGG-1,Tumor
CCCGGTGTATCGGAAT-1,Tumor
ATATTATCCCGTATTT-1,Tumor
TTGCGCACAACCACGT-1,Tumor
CTGCTGTCTAACGAGC-1,Stroma
GTTCGTCTAAAGAACT-1,Tumor
GGTACACCAGATTTAT-1,Tumor
CTGTCTGTGGCTGGCT-1,Tumor
GACACTGAGTTCAGTG-1,Tumor
GGGCGGGTTCCCTACG-1,Tumor
TTCTGCGAGCGCCCTT-1,Stroma
TAGAAACCACTAAGTA-1,Tumor
TATTAACCTGACCGCG-1,Tumor
GGCGTAGGGAAAGCTG-1,Tumor
TGCGTGATTGGGTGTC-1,Tumor
TCTGGCCGTTCAAGTT-1,Stroma
GTTGAGTCCCGCCGGT-1,Stroma
ATTAAACATGCGGACC-1,Stroma
TTGTGATCTGTTCAGT-1,Tumor
ATCGGCAAGCAGTCCA-1,Stroma
AGTCCATTGGCTGATG-1,Tumor
CTCACCGATCCAAACT-1,Tumor
AGGGTCAGTAACCCTA-1,Tumor
TGGCGACTGCTCCAAA-1,Tumor
TATCTGAGCCGATATT-1,Tumor
CGCGCAAGGAACTACA-1,Tumor
ACAGCATAGAGCCAGT-1,Stroma
TCGTCACACTGTTAGC-1,Tumor
ATCCACATCGACAGAA-1,Tumor
TGGGTGCACAAGCCAT-1,Tumor
GAAGACTTCAATGCCG-1,Stroma
AGTTAAGCGGTCCCGG-1,Stroma
GCTTACGTAGTTAGTA-1,Immune cells
CCAAGACTTCTGCGAA-1,Tumor
ATGGTTACGAAACATG-1,Stroma
CCTGTGCATAGGAGAC-1,Stroma
AACTCTCAATAGAGCG-1,
CCTGACGCAACCTTTA-1,Stroma
CCGCCTGCGAATTGGT-1,Stroma
GGGCGATATGTGTGAA-1,
AGGTTTCACACACCTT-1,Stroma
CACTCAGCTCTTGAGG-1,
CTGAATCCGAGACCTC-1,Tumor
CGGTGCGCGTTGGTCC-1,Tumor
CCCGCAGCGCGAACTA-1,Stroma
CCTGTTTGAAGACACG-1,Tumor
AGGGTCTGGACGCAGT-1,Tumor
CCCTCAGATCGAGAAC-1,Tumor
CCAATAGATTTCATCT-1,Tumor
CGCAGATCTTCACCCG-1,Tumor
GTACTAAGATTTGGAG-1,Tumor
CGTGTCCCATTCGCGA-1,
TGAATGTCAGCCGGCC-1,Tumor
TACCTCACCAATTGTA-1,Tumor
ACGCATACGTTTACTA-1,Stroma
GAGTGTCAACCAGAAA-1,Tumor
GGCTCTGCTCCAACGC-1,
TTCCGCGTGAGGCGAT-1,Stroma
GAAGTGCTGGATAGCT-1,Tumor
TTCCAGACGAGATTTA-1,Tumor
GTCTCCTGCCAGTATG-1,Tumor
AGTACTCTTATGCCCA-1,Tumor
TGCGACACCCTAGTGC-1,Tumor
TACAAGCTGTTCACTG-1,Stroma
GAACGATAAGTTAAAG-1,Stroma
ATATCTTAGGGCCTTC-1,Stroma
GGTCAAGACTACTTCG-1,Stroma
CATGAACCTCTTATCA-1,Immune cells
CATGATACGGTGAAAC-1,Stroma
TATTACCATCCTGCTT-1,Tumor
ATTACGACTCCACAGT-1,Tumor
CAAACCCTCCGGCGGG-1,Tumor
GCGCGTCATTGGTACA-1,Tumor
CACCGGAGATATCTCC-1,Stroma
TTCGGACTGATGCCTT-1,Stroma
TGCAAACGTACTAGTT-1,Tumor
GTCTCCGCCTCAATAC-1,Tumor
TTAGCTGATTTGCCGT-1,Tumor
ACTCATGGCAGCCTTC-1,Tumor
GGCGGTAGGATCATTG-1,Stroma
GGTAGAAGACCGCCTG-1,
GAGTCGACAGACCCTC-1,Stroma
GTAGCGGCTATACACT-1,Stroma
GACCTGGTCTGGGCGT-1,Stroma
CTTCTATGTTGAAGTA-1,Tumor
ATTTATACTGGTAAAG-1,Tumor
AATCGAGGTCTCAAGG-1,Stroma
TCTGAACTCGTACCCG-1,Tumor
TTGCTCCCATACCGGA-1,
TTGCTCATAGTACGTG-1,Tumor
ACCGAGTCTCCTTATT-1,Tumor
GCAAGCTGGAAACCGC-1,Tumor
CACAGCTAGGGAGTGA-1,Tumor
GGCGAAATCTAACTTG-1,Tumor
ATCACATTAGAATATC-1,Stroma
CTACTCTAGGCCCGGC-1,Tumor
GCTGTTGCTACCGAAC-1,Tumor
CCACAGTACCCATCCT-1,Tumor
CCACCTGTATGGAATA-1,Tumor
GCATCGGCCGTGTAGG-1,Tumor
CTGGCATCCGAATGAG-1,Tumor
TGGCTACACTCTACCT-1,Tumor
CTTACACGGTATTCCA-1,Stroma
CCTCGGACCGGGATAG-1,Tumor
CACCGCCGACCAGCGA-1,Immune cells
TTGCGGCGACTCATGC-1,Stroma
CCATTAGCGATAATCC-1,Tumor
ATGCACCTTCCTTAAT-1,Tumor
AGGGCGAGCAGCTGAT-1,Tumor
ATGATCGGGAATAGAC-1,Tumor
GTAACAACTGACCTTG-1,Tumor
ATTCACTGATGTTGGA-1,Tumor
AGTTTGGCCAGACCTA-1,Tumor
ACACGGGAACTTAGGG-1,
TGAACACCCGAAGCAG-1,Stroma
TCTATCATGCAGTTAC-1,Tumor
TTGATCTAACTTTGTC-1,Tumor
GGAGTACACATGAGCT-1,Stroma
AATTAGCGCTGCAGCG-1,Tumor
CTATTCATGTGTCCCA-1,Tumor
GGGCGTTTACATTCAT-1,Tumor
GGGCGTTTACATTCAT-1,Stroma
GAAACAGCCATGCAGT-1,Tumor
TGGTCTAGCTTACATG-1,Tumor
TAGTCTGCGGCACATT-1,Tumor
ATGCGACAATTGGTCC-1,Tumor
CTGCGATTTCGAGATT-1,Tumor
CTGCGATTTCGAGATT-1,Stroma
ATACGGTGAAGATGCA-1,Tumor
CTAGACATATATGTAG-1,Stroma
GCGGAGAAACTTCGCA-1,Tumor
TGCTCACACAACAACC-1,
TACTTAAACATGTACA-1,Tumor
TTCTTATCCGCTGGGT-1,Tumor
CCGAAGTATATTGTTC-1,Tumor
CACAGTTCGCTTCCCA-1,Stroma
CAAATCTCTCACAAGG-1,Tumor
ACTATCGCCGGCTAAA-1,Tumor
CACCATCGGAGGAGAC-1,Stroma
AAACCGGGTAGGTACC-1,Tumor
AATCATGTAAAGACTC-1,Stroma
TGAGTGTAACAACGGG-1,Tumor
ACGTACAGATTTCTCT-1,Stroma
AATAACGTCGCGCCCA-1,Tumor
GCAAACCTTGGCCATA-1,Tumor
GGCGGAGTAATATTAG-1,Tumor
CGGAAAGAATCAAACG-1,Tumor
TATGAAGAATTAAGGT-1,Tumor
CCATTCCCTGCCCACA-1,Tumor
CGGAAATTTCACATCC-1,
TGTGGACTATCTACGT-1,Stroma
TCCCGGGTGTGCTGCT-1,Tumor
GTCGTCAATTATAAGG-1,Tumor
TCACTATCCCTTCGGT-1,Tumor
AACGTCGCTGCACTTC-1,Tumor
GAGCTCTCGGACCTAA-1,Tumor
AGCTATTTAATCCAAC-1,Stroma
TGTACTATCGCTCGTT-1,Tumor
TTGCTGAAGGAACCAC-1,Tumor
TTACACGATCTGCGAC-1,
CGGCCCAACCTGTAGT-1,Stroma
GTGCCTAGCTATGCTT-1,Tumor
CCGCGGGTACGAAGAA-1,Tumor
TGGGCCCATACTAATT-1,Tumor
TCTGTGGCTACATTTC-1,Tumor
GCTAAGTAGTTTCTCT-1,Stroma
CTCGGTCCGTAGCCTG-1,Tumor
GCACAAGTGGATCATA-1,Tumor
AAGTGCCTTGACTGTA-1,Tumor
CCCGTGGGTTAATTGA-1,Tumor
AACGATAGAAGGGCCG-1,Tumor
AAACCCGAACGAAATC-1,Tumor
TGCCACCTGGCGAAAC-1,Stroma
TCATCACTCGAGCTCG-1,Tumor
TGCCTTGCCCTTACGG-1,Stroma
TCGGGTGAAACTGCTA-1,Stroma
ACCCAACGCCCGTGGC-1,
GCTTCCAGCTTAGATT-1,Tumor
GATAGGATTAATTACA-1,Stroma
CATTCCCATTCCGTCG-1,Stroma
CGCACGTCTGTTTATG-1,Tumor
CATACGGCGTCTGGGC-1,Tumor
CATACGGCGTCTGGGC-1,Stroma
GGATCAGAGCCATCAG-1,Tumor
CCTTCTCAGCGTTCCT-1,Tumor
ATCCACTTTCAGACTA-1,Stroma
GCTGAGGCGTGAGTAT-1,Tumor
GCTGAGGCGTGAGTAT-1,Stroma
ACTTCCATGCGGGACA-1,Tumor
GCTCATTGATCATATC-1,Tumor
GTGACGAGGGTGACCC-1,
TGGCGGTGTGCGATTG-1,Tumor
ATCATGGACTACCGAC-1,Immune cells
CCCTCAAGCTCTTAGT-1,Tumor
CACGTTCGTGCTCTAG-1,Stroma
TTCGACGGGAAGGGCG-1,Tumor
AAACAGTGTTCCTGGG-1,Tumor
ATCCTGAATCGCTGCG-1,Stroma
TCCATTCCCACTAGAG-1,Tumor
TAAACGTCGTCAATGA-1,Tumor
AGACGAAGTGCCGGTC-1,Tumor
TGACGATGCACTAGAA-1,Tumor
AGGCGTCTATGGACGG-1,Tumor
CCTGTCGTGTATGAAG-1,Tumor
CGGTATGGGCACTCTG-1,Tumor
CGCAGTTCTATCTTTC-1,Tumor
AAACAGCTTTCAGAAG-1,Tumor
GAATGGGCTTATCGAC-1,Stroma
CGCACATGTCCACTAC-1,Tumor
CCATAAACAACCCGAC-1,Stroma
ACGGCGGGTTGCCCTG-1,Tumor
GATCCGAATATAAGTG-1,Stroma
AAGCGTCCCTCATCGA-1,Tumor
GGTCACGTTAGATTCA-1,Tumor
GTGACCTAAAGAATAA-1,Stroma
TCTTTCATCCGTCCTT-1,Tumor
AAATAACCATACGGGA-1,Stroma
CTGGGATCGCCCAGAT-1,Stroma
CGCATGGTGCGATGCT-1,Stroma
GACTGCACCAGCCCAG-1,Tumor
TAGAATAGCCGATGAA-1,Tumor
TGTACTTCCGGGCATG-1,Tumor
TTAGCTCTGTAATCCG-1,Stroma
TCTAGGTGGCGACGCT-1,
ATCCTGCTGCAGATAG-1,Tumor
CCTGTGAAACCGTAAC-1,Tumor
GCTGAATCTTCCAATC-1,Tumor
TTCGAACGAAACATGC-1,Tumor
GTACGTTTGCCCGTCA-1,Stroma
CGTCGCATGTGAGCCA-1,Tumor
TAGCTCAGATCCTAGT-1,Tumor
GCGGTCTTGCTTTCAC-1,Tumor
AAACAGAGCGACTCCT-1,Stroma
GTACAGAGGCAAGGGT-1,Tumor
TCCAGAGCACCGGTTC-1,Stroma
CTCGATATTTGCGAGC-1,Stroma
ATCTGACATGGAAGGA-1,Tumor
CGGCAATAAGATCGCC-1,Stroma
ACCAATATGCAAGTTA-1,Tumor
CGTAACTTCGACACTT-1,Tumor
TAGTCGATCACGGGTT-1,Tumor
GTCCAGGCACGTGTGC-1,Tumor
ATTGTCGCAATACCTT-1,Stroma
AAGGGACAGATTCTGT-1,
GATAGATAGTACAGTC-1,Tumor
AGGAGCGTTTATTATC-1,Tumor
GACGCTTGCTTCTAAA-1,Stroma
TTAGACACGATCGTTG-1,Stroma
TCACAGGTTATTGGGC-1,Stroma
ACTATCCAGGGCATGG-1,Tumor
GCGTCCCTAAGACATA-1,Tumor
TAGCCAGAGGGTCCGG-1,Stroma
GCTAAGTAAAGGCGAT-1,Tumor
GGCGAACCGTTCTGAT-1,Tumor
CAATCCTGCCGTGGAG-1,Tumor
GTCTCGCCAACACGCC-1,Stroma
CCATGCCCTAGATTTC-1,Stroma
GTGTACCTTGGCTACG-1,
GCGAAACGATCGGGAG-1,Stroma
TATATCATTGATCAGT-1,Tumor
AGCCCTTCTAATCCGA-1,Tumor
TCTTCTATAACCCGCC-1,Tumor
CTTGACCCGAAAGATA-1,Stroma
GACGGTCAATAGAAGC-1,
TCGCCACCCGGATTAC-1,
CATGGTATTAGTTTGT-1,Tumor
CTGGGCTACTGGAGAG-1,Tumor
CGCCGTTCAGCATAGT-1,Stroma
TTAGGTCATAACCGAC-1,Tumor
TAATTACGTCAGTAGA-1,Tumor
ATTTACAGTTTACTGG-1,Stroma
TCACTCTTCGTCTGTC-1,Tumor
GAAGGACTAAATTGAA-1,Stroma
TTCCGCAGAGAAATAT-1,Stroma
CAGGACAGCTGCCCTT-1,Stroma
CTTAGCCCGGATAGTG-1,Tumor
TAATTTCCGTCCAGTA-1,Stroma
CGGATCCTCAAGGACT-1,Tumor
TCAACAAAGATAATTC-1,Tumor
GCTCCGGACGTTGATA-1,Stroma
GATATTTCCTACATGG-1,Stroma
TCAGGGTGCACGAAAC-1,Tumor
CTTTAACTTTCAAAGG-1,
GGGCCATTCGTGCTGG-1,Tumor
ACCCACCTACATGCTC-1,Tumor
TTCCGGTATCTGTGTC-1,Tumor
AAATCGCGGAAGGAGT-1,Tumor
AGAGTAAACTTCACTA-1,Tumor
TACATGACCTTATCCG-1,Stroma
AAATTAACGGGTAGCT-1,Stroma
TCAACTGCAGAGTCAG-1,Stroma
GGGCAGACGTCACTGC-1,Tumor
GAAATACCTGCTGGCT-1,Tumor
ATGGATTGACCAAACG-1,
CCCGAGTTTCTCCGTA-1,Tumor
CGCGGCAGTATTACGG-1,Tumor
TAGGTCCAAGTAAGGA-1,Tumor
TCAACATCGACCGAGA-1,Tumor
TCTTACTTATGCCTCT-1,Tumor
AGGAACGAACGACTTC-1,Stroma
GTGCCTGAGACCAAAC-1,Tumor
TCGTATTTCGTCCGGA-1,Tumor
AGAATTGTTTGACATA-1,Tumor
TCATAAGTCCAAGAAG-1,Tumor
GGACTAAGTCAGGAGT-1,
CCGAACCTTCCCGGCC-1,Stroma
GCTGCACGGTTTCTTA-1,Stroma
GGATCTACCGTTCGTC-1,
GTCTTGAGGAGCAGTG-1,Stroma
ATCTTTCGTATAACCA-1,Tumor
GTTGCGGACGGTCAGG-1,Stroma
CAGAGCATGAGCTTGC-1,
TCAAATTATGTTCGAC-1,Stroma
CGATGGACCCTACGCC-1,Stroma
CAACACATCTCCTGCC-1,Stroma
TCCTGCGTTGATACTC-1,Stroma
TGAGATCAAATACTCA-1,Stroma
GGTGAGATGCAGATAA-1,Tumor
GGGCCCGTCTTAAACA-1,Tumor
AGAACCCAGCGTGACA-1,Stroma
TGCGACGGCCGAACGT-1,Tumor
CAACCTACCGAGCAGT-1,Tumor
AAAGACTGGGCGCTTT-1,Stroma
AATTTGGGACATAGTA-1,Stroma
ACTTAGTACGACAAGA-1,Tumor
AGGTTACACCATGCCG-1,Tumor
AGTGATTCAAGCAGGA-1,Stroma
AAATTTGCGGGTGTGG-1,Tumor
GTGGAGCATGTCGGCC-1,Stroma
CCGATCTTAAGAGGCT-1,Tumor
ATTGGGAATATCTTGG-1,Tumor
CCGCTTGCTGACATGG-1,Stroma
ATGGAAATTTAAGGAG-1,Tumor
GAACAGATTACTAAAT-1,Tumor
TCCGGCCTAGCGTACA-1,
GATTCCGCGTTTCCGT-1,Stroma
CCTCTCTCCCATCTAG-1,Tumor
CGTACCGAAAGTCTAG-1,Tumor
TGATGCTCACGTAGTC-1,Stroma
ACCCATTTGTCCCTCT-1,Tumor
GTACTCCCTTATCGCT-1,Stroma
GTGAAGATTTCAAGTG-1,Stroma
AGAACCCTCAATTGGG-1,Tumor
GGCGCACAGTTTACCT-1,Tumor
GTAGTTTAAGCACACG-1,Tumor
GGCGCAGGACATCTTC-1,Stroma
ACGCGCTACACAGGGT-1,Tumor
AGGATATCCGACTGCA-1,Tumor
TTCTTGTGTCCATCAG-1,Tumor
AGTAAGGGACAGAATC-1,Tumor
AGTGATATGAGTAGTT-1,Tumor
ATTATCTCGACAGATC-1,Stroma
ACGTAGATTGCTGATG-1,Stroma
TGCGAGAAACGTTACG-1,Tumor
GGTCGGATAAACGGCG-1,Stroma
TAGAGTCTAAGCGAAC-1,Tumor
TTCGCACTGTACGACA-1,Tumor
ATCGTCCAATCGAGTC-1,Tumor
ATACGTTATGCACGGA-1,Tumor
GAGTCCACCAGGTTTA-1,Tumor
CAAGTGAACTTTGGTT-1,Stroma
ATTCTTCGTACTTATG-1,Tumor
GTTTGGGTTTCGCCCG-1,Tumor
TGTATCCTTATTCCAT-1,Stroma
GCAAACGTCGCCAGGT-1,Tumor
GTGGAGTCGGCGGTTG-1,Tumor
CTATTGTGTTTGGTCA-1,
AAGTTTACTAATGGCA-1,Stroma
AAATACCTATAAGCAT-1,Immune cells
AAATACCTATAAGCAT-1,Stroma
GCACAAACGAGGCGTG-1,Tumor
TAGCTCGCCTGATAAC-1,Tumor
CAATATGTAGATTTAC-1,Stroma
GCAACACACTAGAACT-1,Tumor
AAACAGGGTCTATATT-1,Tumor
CCCGCCATGCTCCCGT-1,Tumor
ACTAAGGACGCACACC-1,Tumor
CTTAAGCAGCGAGCCG-1,Tumor
CTACACTAGCTTGTTC-1,Tumor
CAAGGTCCTATAGGCT-1,Immune cells
GAGAGGGCGCGAGGTT-1,Stroma
ACAAGGGCAGGCTCTG-1,Tumor
AGCAGAAGGAGAAAGA-1,Tumor
GTCTATTGCATGCTCG-1,Tumor
CTTAGATGTTTCATCC-1,Tumor
CATTCCCTAAGTACAA-1,Tumor
GTGATCCTTGTCATGA-1,Tumor
TACAATGAAACCAGCA-1,Tumor
CCTGTCGCCCGTAAAT-1,Stroma
CAGCGATTCCCTTCAA-1,Tumor
ATACTCTCGCCACTCT-1,Stroma
ATTATGAGACCCAATT-1,Tumor
ACTTTGTCGACGCACT-1,Tumor
TGAAACTTATGCAAGC-1,Stroma
GCCCGCGCGTTTGACA-1,Tumor
GTGAGTCGACTAATAG-1,Tumor
CAGATCATTTAAAGTC-1,Tumor
ACTTGCCATATTGTAC-1,Stroma
CTCTCGCTGTACTATG-1,Tumor
ACGTTAGATTTGCCCG-1,Stroma
CTCGGGCATCGTCGGG-1,Stroma
TCATATGAGCTTTGTT-1,Tumor
AGATGAGGGTTGCGAT-1,Stroma
CATGTGGGCTCATCAC-1,Tumor
TGTACGAACAAATCCG-1,Tumor
TGTACGAACAAATCCG-1,Stroma
AGTCACTCCGCCTCAT-1,Stroma
GCGCGTTTAAATCGTA-1,Stroma
TTCCCGGCGCCAATAG-1,Tumor
CGTGGAAGCCTCGTAC-1,Stroma
GACGACGATCCGCGTT-1,Stroma
TGCCTGACATCGGTCA-1,Tumor
GCTTCGACGTTCAATC-1,Tumor
ACATACAATCAAGCGG-1,Tumor
GCTAAACCTGAGGTGA-1,Stroma
GGTTTAATTGAGCAGG-1,Tumor
AGTCAAGATGACACTT-1,Tumor
GGACTCGAAGCTTTCA-1,Tumor
ATCTTATCGCACACCC-1,Tumor
CACCGTATCCCATCCG-1,Stroma
CCACAGCTGAAATCAT-1,Stroma
TCCCGTCGCGTCATAG-1,Stroma
CCAACCTTATGTAACT-1,Tumor
AATATCGAATCAATGC-1,Tumor
GCTCTAAACCCTGACG-1,Tumor
TGGCAATGGGACGGCG-1,Stroma
CTACCCTAAGGTCATA-1,
ATTGTACAACTCGGCT-1,Tumor
TTGAATTCACGTGAGG-1,Tumor
TAGCAGTATGACTAAA-1,Tumor
TCCTTCAGTGGTCGAA-1,Stroma
ATCCGGACCAGCCTGA-1,Stroma
GGCCACAAGCGATGGC-1,Tumor
CGCATGCCGAATGCGT-1,Tumor
CTAAATCCTATTCCGG-1,
TGCGTTTGTTGACACT-1,Tumor
CCCGCTTGCCCTCGTC-1,Tumor
CGATCATTAGAGGCAC-1,Tumor
AAGCATACTCTCCTGA-1,Tumor
TTCCCAAAGTACTGAT-1,Tumor
GGCACTCAGCCGACCC-1,Tumor
TAATCGATCCGTACGT-1,
AGTCGTCGACCACCAA-1,Tumor
TGAGCAGTCGTGAAGT-1,Tumor
AGCCCGCACTACAATG-1,Tumor
TTGGGTTTATTCAGCG-1,Tumor
CAAGGATCGCATGTTC-1,Stroma
GCGGCTTTAGCAAGTT-1,Tumor
GTACTTGGGCACTTCT-1,Tumor
CTATCACAACGCTGGA-1,Tumor
TCACTCAGCGCATTAG-1,Tumor
GCCGCATTAGTCCGGC-1,Stroma
CTCTTCTATTGACTGG-1,Tumor
AGTCTAAAGTATACTC-1,Stroma
GCTACAATCGAGGATA-1,Tumor
AGATACGACTTCATAT-1,Tumor
TCGTAAGACGACATTG-1,
CATAGGGACACTTGTG-1,
AGAACGTGGTACATTC-1,
GCAATTAGTCGCACCG-1,Stroma
AGGGACTCTACGCGAC-1,Tumor
AAGAGGATGTACGCGA-1,Stroma
GGGCACGAATTGGCCG-1,Tumor
TAGCAGATACTTAGGG-1,Tumor
TGCTATACAAACGGAC-1,Stroma
TTATCCAATCGAACTC-1,Tumor
AGTAGCGTGAACGAAC-1,Tumor
CGTTCAGACCCGCGAA-1,Tumor
CCGGGCTAAGAATTTC-1,Tumor
AAACTTGCAAACGTAT-1,Tumor
TAACAAAGGGAGAAGC-1,Tumor
TCCCTAGATCAATAGG-1,Stroma
TCCTAAATTGGGAAGC-1,Tumor
GCATCCCTAACTTTGA-1,Tumor
ACCCTATAGGACTGAG-1,Tumor
CGCTTTCCGCCAAGGT-1,Tumor
GCATTGTAATTCATAT-1,Stroma
TTGGCGATCCGAATAT-1,Stroma
CATCCAATATAGTTTG-1,Tumor
TTGCGCTCTCTCGCTT-1,Stroma
TGGGTGTTAAGTAGAA-1,Tumor
TATTAACACCAAAGCA-1,Tumor
GGACTCTTTGACTAAG-1,Tumor
GCGAGGCCCGAGCAGA-1,Stroma
GTCAACCAGGCCTATA-1,Tumor
ACCGCAATAACTGCCT-1,Stroma
TCGCATTCAATGACTT-1,Tumor
GGAGAAGTCATTGGCA-1,Tumor
CCTATACCGTCCTGTC-1,Tumor
CGTGACCAGTCCTCTG-1,Tumor
AGCTCCATATATGTTC-1,Stroma
AGGACTTATAGGAGAA-1,Tumor
CCGAAGGGCGTACCGC-1,Stroma
GATATGAGACACTAAC-1,Tumor
CCCTCGGGAGCCTTGT-1,Stroma
TTGTTCAGTGTGCTAC-1,
TCCTAGCAAAGAAGCT-1,Tumor
TAAATGGGCTACTGAG-1,Tumor
CAATCCCTATACCAGC-1,Stroma
TGCCAATGGGTACTCT-1,Tumor
TCCTTGTCCTTTAATT-1,Tumor
ATGACTATGCGACATT-1,Tumor
GTCTATACACGCATGG-1,Tumor
GATGCTGTATTTCATC-1,Tumor
CTTAACTTCGAAGTAC-1,Stroma
CTTCTGGGCGTACCTA-1,Tumor
TCTTCGATACCAATAA-1,Stroma
CGGTTCAAGTAGGTGT-1,Stroma
ACCCTCCCTTGCTATT-1,Tumor
ACGAGATATTTGCTTA-1,Tumor
TCCCGCGTACTCCTGG-1,
TACGCCGCCTCAGAAG-1,Stroma
GTTCGGAGCACTCAAC-1,Tumor
ACACACTTTCTACACG-1,
CCGGAATGGTTTCAGT-1,Tumor
CGGTTGACCTGGCATA-1,Stroma
CCTCCTGAGCCCACAT-1,Stroma
GTGGCCTAATATCATT-1,Tumor
AACTAGGCTTGGGTGT-1,Tumor
CTGCACCTAGTCCACA-1,Stroma
TTGTATCACACAGAAT-1,Stroma
AACATTGGTCAGCCGT-1,Stroma
GAAGAACGGTGCAGGT-1,Tumor
ACTGATTTAGTGATTC-1,Tumor
TAGAACGCCAGTAACG-1,Tumor
ACGTACTTTGGCACGG-1,Tumor
TCAGCAGTAGGCCCTG-1,Tumor
CGTCCAGATGGCTCCA-1,Tumor
CACACACGCTAACGAG-1,Stroma
CCGCTTACCTCACTCT-1,Tumor
AGCTCTTTACTCAGTT-1,Tumor
GAAATCGCGCGCAACT-1,
GTAACATCAGCTCATC-1,
CACTCGGTTAGGAGGA-1,Stroma
TGTATAACAGATCCTG-1,
CTGCGGGTGAAATGTT-1,Tumor
GTTAACTATGTTGTCA-1,Tumor
GAACGTCTCATGGTCG-1,Stroma
TAGTGCCCTCCAGAGT-1,Stroma
CATTGCAAAGCATAAT-1,Immune cells
TTACTGTTTCTCTACG-1,Stroma
AGAGCGGGCTAATCAT-1,
CGACACGGATGCCCAC-1,Tumor
GGACTCACAAATTAGG-1,Stroma
GCGTCGAAATGTCGGT-1,Stroma
TTCCTCGAGGGTGTCT-1,Tumor
CCCGGGTCGTTCAGGG-1,Tumor
GATCGCTGTGGTGCGT-1,Tumor
GACATACTGTCGCAGA-1,Tumor
AATGCAACCGGGTACC-1,
ACCGATAGGCATAACC-1,Tumor
TGCAATTTGGGCACGG-1,Tumor
CGAAGGGTTTCAGATT-1,Tumor
AGTTACCGCACATGGT-1,Tumor
TACGATCCAAGCCACT-1,
GCTACGACTTATTGGG-1,Stroma
GTTCGGATCGGGAACA-1,Tumor
CGTGCCCGACATTTGT-1,Stroma
GATTCTGTTAATGAGT-1,Tumor
GCCCTGAGGATGGGCT-1,Tumor
GCCCTGAGGATGGGCT-1,Stroma
CTAACTGATAATCGCC-1,Stroma
CACGACCACAGACTTT-1,Stroma
TGAATGAGATACAGCA-1,Tumor
CGAGTTCTGTCCCACC-1,
CCCAGTAAACTTGGGA-1,Tumor
CCTTTGAATTATGGCT-1,Tumor
ATAGACAACGGGACCT-1,
GCGGCAAAGTATTGCC-1,Tumor
AGCGGTTGCCGCTCTG-1,Tumor
TTCGTGCATGTTATAG-1,Tumor
CGGGCAGCTAAACCGC-1,Stroma
CGGTCAGTCCATATTT-1,Tumor
CAACGACCCGTTTACA-1,Tumor
ATCGACCCAATACAGA-1,Stroma
TAGATATGGACTGGAA-1,Tumor
CGGCTGCAAGATTAAG-1,Immune cells
ACCACAACTCAGAACA-1,Tumor
GTGGTGATGGTTTGTG-1,Tumor
TCGTATAGTGCAATTA-1,Tumor
TGCGAGCCCTTCCGCG-1,Stroma
AAGTAGTGACGCGAGG-1,Tumor
CTTAACTTACAGTATA-1,Tumor
CATTGTGTGCTAGATC-1,Tumor
AACGTGCGAAAGTCTC-1,Immune cells
AACGTGCGAAAGTCTC-1,Stroma
AGGAGACATCCACAGT-1,Tumor
AATAGTCGCGAGTCGG-1,Tumor
TCTGCACCATTAGTAA-1,Stroma
GAGATCGATCTTACTC-1,Tumor
AACGGACGTACGTATA-1,Tumor
GGATCAAAGGACGAGG-1,Stroma
ACGATACATAGAACTA-1,
AATATCAAGGTCGGAT-1,Stroma
GGAGTGCCGCCCTGGA-1,Tumor
TAGATCCGAAGTCGCA-1,Stroma
CGAGGGACTGCGGTCG-1,Stroma
GAAGGGTCATTAAGAC-1,Tumor
TTACTCTGGTACGTAC-1,Tumor
GTATCGGGACGAGCTG-1,Stroma
CATGATGCACAATTCT-1,
CATTTATCGTTCAAGA-1,Tumor
CGAGGCCAGGCATTGG-1,Tumor
CCGGAGCGTACTTTCT-1,Tumor
AGGACATCGGCACACT-1,Tumor
TCGACATAGCGTAGCG-1,Tumor
CACGACGTAATAGTAA-1,Stroma
TGGACTGTTCGCTCAA-1,Immune cells
TGGACTGTTCGCTCAA-1,Stroma
TGAAGAGCGGTCCTAG-1,Tumor
GGGTGGTCCAGCCTGT-1,
GCAGATCCATAAGACT-1,Tumor
CAAGTCGTTGAAATCT-1,Tumor
CAACTCCAACGTTTAG-1,
GCGTCTCTGCATTGGG-1,
AGATTCAAGCGGGTCG-1,
TCAATCCCGCGCCAAA-1,Tumor
CGTGACATTGGGTCGT-1,Stroma
CAATTTCGTATAAGGG-1,Tumor
CAATTTCGTATAAGGG-1,Stroma
CCTGCGTTCTACGCTT-1,Stroma
GGGTTAACATTTGAGT-1,Tumor
ATAGGTTGGGCAGATG-1,
GGGTGCATATGAAAGC-1,
GGTTACCGCTCCCTAC-1,Tumor
TTGTCTCGGCAAGATG-1,Tumor
CACTTAATCAGACGGA-1,Stroma
AATATCGAGGGTTCTC-1,
ATACGTACTTAGCCAC-1,Tumor
ACCTACTATAAATCTA-1,Tumor
GATGCCTTCTGCGGCA-1,Tumor
CCTAGGTAAAGGTAGC-1,Tumor
ATTTGTCTTGGGAGCT-1,Tumor
GTCGTATTGGCGTACA-1,Stroma
TGGGTGTAATAGATTT-1,Tumor
TCATGCAGGTTCTCAT-1,Stroma
ATGGATCCGGCGTCCG-1,Stroma
TGGTTAAGGGCGCTGG-1,Tumor
CCAGCCTGGACCAATA-1,Tumor
CCAGCCTGGACCAATA-1,Stroma
TATAGCGCACGTTATC-1,Tumor
TGTGACTAGAGTTTGC-1,Tumor
TAAAGCTGCAATAGGG-1,Immune cells
TAAAGCTGCAATAGGG-1,Stroma
GAGCTAAGGGCATATC-1,
CGGCCACGCACAAAGT-1,Stroma
TGGCCAAACTGAAGTA-1,
ATCATCCAATATTTGT-1,Tumor
ATCATCCAATATTTGT-1,Stroma
TTATGACAAACTGGAT-1,Tumor
ATACCAGGTGAGCGAT-1,Stroma
ACTTCGCCATACGCAC-1,
GCGCGATGGGTCAAGT-1,Tumor
ATGAGGAGTGTTAATC-1,Tumor
CTCATTCGTGAACATC-1,Stroma
CCAGCTCGAACGCATT-1,Tumor
CGATACCTCGCGGACA-1,Tumor
TCTCGACGTATCGCCG-1,Tumor
AGGGTGCCGTTCTTTA-1,Tumor
TACTTTACTGAGCCGG-1,
GTACGAGATTGCGACA-1,Tumor
CCTGAGAATAAATGCA-1,Tumor
GGTTGTGTAGCCTGGC-1,Stroma
TCTGATGTATTCTGTC-1,Tumor
CGTCGGATAGTGTTGA-1,Stroma
AAGGGACTATGCATTC-1,Tumor
GTACTCCTGGGTATGC-1,
TCAGACGCTATAGAAG-1,Stroma
CTGAGAGTAGAAATAC-1,Stroma
AGGTCGCGGAGTTACT-1,Stroma
AGTCTCACAAGACTAC-1,Tumor
GTTCAATCTATGTCAA-1,Tumor
GTCTCCCGAGTCCCGT-1,Tumor
ACGCATAAATGACATG-1,Immune cells
ACGCATAAATGACATG-1,Stroma
ACCAGCCCGGTCTTTG-1,Stroma
CTAACGAAACTTGCTG-1,
CCCGTGACAGTGCCTT-1,Tumor
TCCCAAACAGACAACG-1,Tumor
AATACCGGAGGGCTGT-1,Tumor
GCCTCATCTGGAAATA-1,Tumor
TTCCGGCTCGACTTCT-1,Tumor
AGGTAGATCGAGATAT-1,Tumor
TTCGGCTAGAGATGGT-1,Tumor
AGGCATTGTCGTAGGG-1,Tumor
GGGCATGCATGTCGAG-1,Tumor
CGATCTGTTGGAGGAC-1,Tumor
GCAACCCAAGTTGTTT-1,Tumor
TCTGAACCGGTCGGCT-1,Tumor
AGACAGCTCAGAATCC-1,Stroma
GAACACACATCAACCA-1,Tumor
CCGGGTTCGAGGTTAC-1,Stroma
GTTATAATACGGTGAA-1,Stroma
CCCGCAAATAATCATC-1,Tumor
CCGTGAGGCATTCATG-1,Stroma
CGCTTTCTTGCATTCG-1,Stroma
TCGGTGACCGCTCCGG-1,Tumor
CTCATGGCTCACAATC-1,Tumor
CCGCGTAGGTAAGGGC-1,Tumor
AACATTGAAGTTGATC-1,Tumor
CTGCCCACGAAGCGTT-1,Tumor
CATTATCCCATTAACG-1,Tumor
GTGGTTTCCGCCTTTC-1,Tumor
TCGTTTACGCGACCCT-1,Tumor
GCGCTGCTTTGCATTT-1,
CAACTATATCGAATGC-1,Stroma
TGAGCCATACAGTCTC-1,Tumor
ACCATCCGCCAACTAG-1,Tumor
CCGGAGGTCTTATGGT-1,Tumor
CATGTCTCATTTATGG-1,Tumor
ATTGGATTACAGCGTA-1,Stroma
TGACATATATGACGAT-1,Tumor
GGGTACACTCTGGAGG-1,Tumor
AACGCTGTTGCTGAAA-1,Stroma
ACACCACATAATTAGC-1,Stroma
ATATCGGTAGGGAGAT-1,Tumor
CGTAGAGAGTAATTAT-1,Tumor
CTTCAACTCCACTTGG-1,Tumor
GGGCACGTAGTACTGT-1,Tumor
TGCAACCCATCTGCGG-1,Tumor
AGAGGTATCTCGGTCC-1,Tumor
GGACGTCCATAGTTGG-1,Stroma
ATGTTCGTCGACCCAC-1,Stroma
CATACACGGTTCCCAC-1,Tumor
ACGCTACTGAATGGGC-1,Tumor
ATGGGTGTATACCTCC-1,Tumor
ATGGGTGTATACCTCC-1,Stroma
CTTGCCCAGGCTCTAC-1,Tumor
AGGAAAGCCTCTGATG-1,Stroma
GAGCTGTCGTCTCGGA-1,Tumor
GTTGCCCTAACGGGTG-1,
AGAGTCTTAATGAAAG-1,Tumor
AACAACTGGTAGTTGC-1,Tumor
CGCCATCCGATTATGA-1,
ATTAGATTGATAGCGG-1,Tumor
CTCTCGATGTGCGCCT-1,Stroma
TCCGCCTGTCTACAAG-1,Tumor
TTGCCCTGATCACGGG-1,Stroma
AATGTTGTCGTGAGAC-1,Tumor
ATAAACCATTGGACGG-1,Tumor
GCTTCCATGTAACCGC-1,Tumor
AACCTAAAGCCGTCCG-1,Stroma
TGATTTATTAGCTGTG-1,Stroma
GTCCGGACCTGAAATT-1,Stroma
GAACGTTTGTATCCAC-1,Tumor
ACTGTGCTAGTAGATC-1,Tumor
CTTACACTGGGAAATA-1,Tumor
CTCAGAGCTAATGTCG-1,Tumor
CATTATGCTTGTTGTG-1,Tumor
AAGGAGCGGTTGGTGC-1,Tumor
AAATGATTCGATCAGC-1,Tumor
AGTAGAAGGCGCCTCA-1,Tumor
TGGTATCGCATCCCAA-1,Immune cells
AAAGCTTGCCTACATA-1,Tumor
AGCCGTGGCTAAATGT-1,Tumor
CCTCGTTACGCCTGTT-1,Stroma
GTCGTGTCTGGTCATC-1,Stroma
CTTATGTTGACTACCA-1,Tumor
TGCGGTCTACGAGTAA-1,Stroma
GTTAGCCGTAAATCAA-1,
TTCAGGCGTCAAAGCC-1,Stroma
TTGGTTGCGGTGCGCG-1,Tumor
AAATGGCATGTCTTGT-1,Stroma
TAATACACAGTAGTAT-1,
TTGAAGAATTCCCAGG-1,Stroma
CGACACCGCTTAAGGA-1,Stroma
CGGTCCATGAGACTCC-1,Tumor
TGGACCACGGCGTTGA-1,Stroma
GGATGGCTTGAAGTAT-1,Tumor
GTCCTACAGGCGGCTC-1,Tumor
CATGATCGCTTTGAGA-1,Tumor
GCCCAGATGCTGGAGA-1,Stroma
TTACATGCCACAACTA-1,Tumor
GCAGCTATGGACAGGT-1,Tumor
TTCACGAAAGGATCAC-1,Stroma
CAGTCTGTATACTGGG-1,Stroma
TGAGCTTTAATGACGC-1,Stroma
AGTACGTGGCCTGTCT-1,Tumor
AGGTAACCTCCTATTC-1,Tumor
GTTATCACCTTCTGAA-1,Stroma
GGACCAACAGGATAAC-1,Tumor
TAATACTAGAACAGAC-1,Tumor
AGGGCTGCAGTTACAG-1,Stroma
CTCGTGGCACTGAAAG-1,Tumor
TCCACCTCTAGCCTTT-1,Tumor
GGTCATTGTAGTCATA-1,Tumor
CAAACTACGATAGAGA-1,Tumor
GGATCTTGACTCAACC-1,Tumor
ATCTGCTGTTATCGCC-1,Tumor
GCGGGCGAGCCTTACC-1,Tumor
CGGACCTTTACGTCCC-1,Tumor
GATGACAAGTAGGGCA-1,Tumor
GGTGACTGATAGAGAG-1,Tumor
TTCCTTTCTGTGTTGC-1,Tumor
GCAGTTCGATCCGAGC-1,Tumor
GGTACAAACATGCTAT-1,Stroma
GTGTATGACTTTAAAG-1,Tumor
AGTTCTGCGTTGTATC-1,Tumor
TTGCGTAGTTTGAGGA-1,Tumor
ATCGACTCTTTCCGTT-1,
CCACGTAAATTAGACT-1,Stroma
TGGTATCGGTCTGTAT-1,Stroma
GCAGGACTATAGAATA-1,Stroma
GCACGCCTACTTAGAT-1,Tumor
CAATGGTCGGCCTGGG-1,Stroma
TCTGACGGGCTAACCC-1,Stroma
TCGGCGAACCCAAACC-1,Tumor
GCTCAATCCGTTTATT-1,Tumor
CCTGTACTCACGCCCA-1,Stroma
TAAAGCGGTATTTCCA-1,Tumor
ACACGAGACTCCTTCT-1,Stroma
TCTTAACTCGGATGTA-1,
ATCTCCCTGCAATCTA-1,Stroma
ATCTCCCTGCAATCTA-1,Stroma
GATGCCACACTACAGC-1,Tumor
TCGAAGAACCGAGCAC-1,Tumor
CCTGCCCGTTGTCTAG-1,Tumor
AGGGTCAGAGCACTCG-1,Tumor
TGAGTGGTCCGTGACG-1,
GGGCCTATACAACCGG-1,
TACGTTTACCGGCAAT-1,Tumor
AACGCATGATCTGGGT-1,Tumor
TAACTATCGAAGGTCC-1,Tumor
GGCGCTTCATTCCCTG-1,Tumor
TGAAGTAGCTTACGGA-1,Tumor
CTGATAGTGTATCTCA-1,Stroma
CTGGTGAATGGGCCTA-1,Tumor
CGATTAAATATCTCCT-1,Tumor
TCTGTGACTGACCGTT-1,Tumor
GTATAATCTCCCGGAT-1,Tumor
AAACACCAATAACTGC-1,Tumor
AAAGGGCAGCTTGAAT-1,Tumor
TAATAGGTCACCAGAA-1,Tumor
TACGCTATAGAAACCT-1,Immune cells
ATAGGAATCTAAGCTT-1,Stroma
ACAAGCTATATGGAAG-1,Tumor
ACCTCCGCCCTCGCTG-1,Stroma
TAATTCCAATGCTTCA-1,Stroma
TTGCCTTCTCGCCGGG-1,Tumor
CAGGGAGATAGGCCAG-1,Tumor
CTGTGGTCGGGAGATA-1,Stroma
ATCTTAGGGCATTAAT-1,Tumor
GCCACTCAGAGCGCGA-1,Tumor
CATTCAGGTCAGTGCG-1,Stroma
CCCTAGTGTCAGGTGT-1,Stroma
TGACATCGAGCGGACC-1,Tumor
AAGCGGCGTCATGGGT-1,Stroma
CAGTGAATAAATGACT-1,
CAGCTCGTGCTTGTGT-1,Tumor
TACCTATCCCTAGAGG-1,Stroma
TCAGGGTGTAACGTAA-1,
ACCGTCCACTGGGCCC-1,Tumor
CGGTACTAGAATCAAA-1,Tumor
CTGGAAATGGATGCTT-1,Tumor
CGCTGTGTGGATGTTG-1,Tumor
CGGTTGAGTATCCTTC-1,Tumor
GGAAGGACACCGTATA-1,Tumor
TTGAGTCCCGCTGCTG-1,
GTACTGGAGTTAGACC-1,Stroma
CACATGATTCAGCAAC-1,Tumor
CACATGATTCAGCAAC-1,Stroma
TACTGCATGATTAAAT-1,Tumor
TAACCTACCGTCCGAG-1,Immune cells
GGCGCTCCTCATCAAT-1,Tumor
ATTGACGTAACTCGGT-1,Stroma
GTGCGCTTACAAATGA-1,Tumor
ACTACCATCCGAGGGC-1,Tumor
TCTGCATACCTTGCTT-1,Tumor
GATGTCGGTCAACTGC-1,Stroma
GGCCCAATCTAGAGGG-1,Stroma
GAGAATCTCACGATCA-1,Tumor
TTCTGACCGGGCTCAA-1,
GACACTGGAACCCGAT-1,Stroma
GCATGCTAATAACGAT-1,Tumor
GCTGGTGACTCGTAGT-1,Tumor
ACCACCAATGTAACAA-1,Tumor
AATATCCTAGCAAACT-1,Tumor
AATTCGATTCGAGGAT-1,Tumor
CGCGACCGCGACAGAT-1,Tumor
TCGCCGCACCGCGTGA-1,Tumor
CGCACGTGCGCTATCA-1,Tumor
CTGCTTTATGTCCGCG-1,Tumor
CACCGCCAGAAGGTTT-1,
ACTCCCTAATGCTAAA-1,Tumor
TCTGATTGGAAATGGA-1,Stroma
GCGGTAACCCAAATGA-1,Immune cells
CCCAGGTCTGAAGGCT-1,Stroma
GCTTGAGTGACCTCTG-1,Tumor
TAACTATTACGCCAAA-1,
GCAGAAACGTAATCCA-1,Tumor
CATCTGCAGGATCATT-1,Stroma
CATGGGTATGCCTTAT-1,Tumor
TTATGCGTCCCGGTCC-1,Tumor
CGCGACACTGCGCAGC-1,Tumor
GCACGCCGATTCCCGC-1,Tumor
GTGTCGTATTCACCTT-1,Tumor
TCAGAACCTCCACAGG-1,
TCGTTGCTATCCGGTC-1,Tumor
GGTATAGTGACACATA-1,
GTAATCTGATTCTTCG-1,Tumor
TATTTGATTTGCACAG-1,Stroma
TAAATGAATCCGTTTC-1,Tumor
CGAGCGTTGATCAGCC-1,Tumor
GCATTTCCAAGGCTCC-1,
ACAGGAGGCGCAGCCG-1,Tumor
CTGTCAAATGGCTCGG-1,
ACCATATCCGCAATAA-1,Stroma
CAGGCAGTCTTACCAG-1,Tumor
ATAGCCATAACAGTCA-1,Tumor
CTAATTATGAAGCGTA-1,Tumor
CTACTCAAGGTATAGT-1,Tumor
AAGTGCTTCTCTATTG-1,Tumor
GCCCATGGGTGCAATG-1,Stroma
TCCCAAACATCCTCTA-1,
TCGGCTAACTTCCCTT-1,Stroma
TCTAGCAATCTCCGCC-1,Tumor
ATTTGCCTAGTTACGA-1,Stroma
GATATCTCATGCAATA-1,Tumor
CGAGACTACTGCTGCT-1,Tumor
CATTTGAGTGGTACGT-1,Tumor
AAGGCTGTGCTCATCG-1,Tumor
GCAAGATGTGTTCGCG-1,Stroma
AGTCGTGGGCATTACG-1,Tumor
ACGGATGGTGCGGATA-1,Tumor
AGGGCAGCGGCGTGGT-1,
TCCGCGGCAGCATCTG-1,Stroma
TTAACGAACAAGCAGT-1,Tumor
CCAACTTGATAGATCC-1,Stroma
TGCAATCTAACACGGT-1,Tumor
CATCGCCCGCGGCCAA-1,Tumor
AACTCAAGTTAATTGC-1,Tumor
CTGCACTCCAGTACAG-1,Tumor
GTCAGAATAGTCTATG-1,Tumor
CAACAGTGCCAAACGG-1,Stroma
GAAATACTAAACGTTT-1,Tumor
CCTCGCGCGATATAGG-1,Stroma
GTGGAGCGTTTACCGA-1,Tumor
GAATGTTGGGTAATCT-1,
TAGTGACAAGCTCTAC-1,Tumor
GCGGTGCGGAGCATCG-1,Tumor
CTTGAGGTTATCCCGA-1,Tumor
TTGCGGAAAGCTGCCC-1,Tumor
TCCGGTTCGTCCGGTC-1,Tumor
AAGCTAGATCGAGTAA-1,Stroma
CATCAACACCTACTAA-1,Tumor
ATGGTGCTCAAAGCCA-1,Stroma
GCCACCCATTCCACTT-1,Tumor
CCCGGCACGTGTCAGG-1,Tumor
GATGGTGCCCTAGGCA-1,Tumor
GACAACGCAGCTTACG-1,Tumor
CGTATTGTTTCCTAAT-1,Tumor
CCACGAGAAGAGAATC-1,Stroma
CACGTCGGCAACCTCT-1,Tumor
ACGGCTGGATGTAGAA-1,Tumor
GATCGCTATATCTCAG-1,Tumor
TAAGAGGGACAGGGAC-1,Tumor
TTCGGACTGGGCATGG-1,Tumor
GTTGTCGTGTTAGTTG-1,Tumor
AGGCTATGGTTAGCTT-1,Tumor
GTTCGGGCGTACCATT-1,
GGTCTCTGAATGGACT-1,Tumor
CATATAGGTACAGTCA-1,Stroma
AGGTATGCGGACATTA-1,Stroma
AGGTACGATATTGCCA-1,Stroma
GCGCTTAAATAATTGG-1,Tumor
ACCGCTAGTCATTGGT-1,Tumor
TCGCACTAACGTTTGT-1,Tumor
GATGCGTCCTGCATTC-1,Stroma
CCCTGCGCTACGCATA-1,Tumor
TTAACGTCGCAAGACC-1,Stroma
GGGCGAATTTCTCCAC-1,Tumor
TTATATTTGGCAATCC-1,
AACGTACTGTGGGTAC-1,Tumor
GGGCTGGTTAGTCGCG-1,Tumor
ACCTCCGTTATTCACC-1,
GAAAGAACAGCGTTAT-1,Tumor
GAGCGCTGTTAGGTAA-1,Tumor
CCTGAACGATATATTC-1,Tumor
TCGGAGAGTATCGGGA-1,Tumor
TAAAGAGCCCGAAACC-1,Stroma
ATTGGTAGGATCCGCT-1,Tumor
GCCGGTCGTATCTCTC-1,Tumor
CGTATCTAGAACTAAG-1,Tumor
GAGCGCAAATACTCCG-1,Tumor
GAACGGTGTAAAGCAG-1,Stroma
TTGAAAGGTGTAAAGG-1,Tumor
TCGGGCCGTCGTGGTA-1,Tumor
GCACACGCCCATGGTC-1,Tumor
CGTGGTACCCAAAGGC-1,Tumor
TCGTGTTCGACCACAA-1,Stroma
TCTTCGAATAGACGTT-1,Stroma
GGTAGACCGTTGGGCG-1,Tumor
GTCAAAGAAGTGGTGT-1,Tumor
TCCGGAGGAAGGGCTG-1,Tumor
TGTGTAGTAGCACGTG-1,Stroma
CTATTTGCTTGGAGGA-1,Tumor
CTCGGTTGTCGGCCCT-1,Tumor
GTAGAGGGAGACAAGT-1,Tumor
GAGGGTAGTAACAAAG-1,Tumor
GAGGGTAGTAACAAAG-1,Stroma
CGGTCAAGTGGGAACC-1,
CCGCTCTTCCGAACTA-1,Tumor
CTAGTAGAAAGGGATT-1,Tumor
TTCCATCATGCGGTGA-1,Stroma
GTAAGCGGGCAGTCAG-1,
TGCATATGTCTGTCAC-1,Stroma
TGTTGGCTGGCGGAAG-1,Stroma
GTAGACACGCCTGACT-1,Tumor
GTCTTAGTACAGCCGG-1,
CATAACGGACAGTCGT-1,Tumor
TCGCGCGTTTACATGA-1,Tumor
TTAAACCGGTAGCGAC-1,Immune cells
CAATACGAGAGTCTGA-1,Tumor
ACATCCCGGCCATACG-1,Tumor
CAGCCTCGATAGCGGT-1,Tumor
AATCTATGCCGGAGCC-1,Stroma
CAGAGACGGTCACCCA-1,Tumor
CGCGAAGTGGCATACT-1,Tumor
ATTGACCGGCGATGAC-1,Stroma
AGCACACGTTTAGACT-1,Tumor
GAACTTAGCGCCCGGT-1,Stroma
GAAGGGCATAACCATG-1,
GTGCCATCACACGGTG-1,Tumor
TCTAGTTATCAGAAGA-1,Immune cells
TCTAGTTATCAGAAGA-1,Stroma
CGGAGTTTGAGAGACA-1,Tumor
TAGCAACCTGTCACAA-1,Tumor
AGGCAGATGCGTAAAC-1,
CGAACGGCCGGACAAC-1,Tumor
GTGTGTCGACGTCGCT-1,Stroma
CACACGCGCTGTCTTA-1,Stroma
TTAGTAAACCTGCTCT-1,Tumor
GAAACCATGGTGCGCT-1,Stroma
AAGCACCCTGCGTATC-1,Tumor
CTGAGCGAGACTTATT-1,Stroma
CAGAGTGATTTAACGT-1,Immune cells
TCCAGGGTATATACGA-1,Tumor
CCTGAATATTTACATA-1,
ACGAGAACCCATCACG-1,Tumor
CACCTTGGCGCCTTTG-1,Tumor
CCCTCCTCGCTCGTAT-1,Tumor
GGTCGGTCGTCCACAG-1,Tumor
AACTGGGTCCCGACGT-1,
GAAATTCACATCGCTG-1,Tumor
GAGCCGAGCGTTTATT-1,Tumor
AGTATAATACTAGGCA-1,Stroma
ACGCCAGATGATTTCT-1,Stroma
AGTTTGCACCTGCCTC-1,Tumor
GAACATTAGTATGTTA-1,Tumor
GATCCGGGAATTAACA-1,Stroma
CCTGATTCGCGAAGAA-1,Tumor
TTCTACCTTTATGTTG-1,Tumor
AGTTATTGAAAGGTAA-1,Tumor
AAATTGCGGCGGTTCT-1,Stroma
ACCGTTCCCGCTCTGA-1,Stroma
GGTCAGTGGGTCCCAC-1,Tumor
CGAAGCTATAAATTCA-1,Tumor
GAGGAATGGAGAGGTT-1,Tumor
CTAGGTTCGGACGTGA-1,Tumor
CTGTATGGTGTAGAAA-1,Tumor
CTGGTAAAGTGTGGGC-1,Stroma
CGACACGCTCCGACAG-1,Tumor
AGGACAGTCGAATCCC-1,Tumor
TGTGTCGCGAGTTGCA-1,Tumor
ACTTATACTTACCCGG-1,Tumor
GCACCTAGGCGAGTCC-1,Tumor
TACTCTCCGAACAAAT-1,
CCCGCTAGAGGGTTAA-1,Stroma
TATCCCTCGATCTGCA-1,Tumor
CTTAGTAGGCCTACAG-1,
ATGGCCCGAAAGGTTA-1,Tumor
TCGCGTCCAGAAGGTC-1,Tumor
CACCGTTAGGGATCAC-1,Tumor
GTGTACGAACCGTTCC-1,Immune cells
ACCCGGATGACGCATC-1,Tumor
CACCTTGCGAAACTCG-1,
CCGCCACCACAATCCA-1,Immune cells
AGTGATAACCTGCGCG-1,Tumor
TTCCATCGACAGCGTG-1,Stroma
CCGAGCTGTGCTTGTC-1,Stroma
TCAGGTTCTTTGAGAA-1,Stroma
CGAGATTTCGCTCGGG-1,Tumor
TTCACTCGAGCACCTA-1,Tumor
TTGAACGAATCCTTTG-1,Tumor
CACGATTGGTCGTTAA-1,Tumor
GAAGTGATTTATCGTG-1,Tumor
TCTATTACGCTGGCGA-1,Tumor
TAGCTAGTGATGATGG-1,Tumor
ATGGGCCTCGGCCTCT-1,Tumor
CGCAATTACTTTCGGT-1,Tumor
AACTCCAGAGCGTGTT-1,Tumor
TGTATCAGACTGAAGC-1,Tumor
AAATGGCCCGTGCCCT-1,Tumor
CTAACAGCACAATAAC-1,Tumor
TGGATAGAGTAACAGA-1,Tumor
AGTATACACAGCGACA-1,Tumor
CTCTACACTGGCGATT-1,Tumor
ACCGACACATCTCCCA-1,Tumor
ATTAGATTCCTCAGCA-1,Stroma
GGGCGTGGTTTCCCAG-1,Tumor
GGTTGTGCTCTTGTCC-1,Stroma
TACCGTGCCTCGGACC-1,Stroma
CAAGAAACCCTAAACT-1,Stroma
CTACTGCCACCTGACC-1,
GATCAACATAAAGGGA-1,Tumor
TTGCTAGCTACCAATC-1,Stroma
TATGGTCTGAGTAACA-1,Stroma
TGGGCCACAAGAGCGC-1,Stroma
TATCACCCAACCGACC-1,Stroma
AGGAGAGTCTGGCTAC-1,Stroma
GTGGTTACTTCTTTCG-1,
CGCCTGGCCTACGTAA-1,Tumor
TGTTCGTATTGCGGTG-1,Tumor
GGTTCCCTAGTGTCTC-1,
GCAAAGGGCGTTAGCC-1,Tumor
GGCTTCTCGTGGGTGG-1,Tumor
AAACTTAATTGCACGC-1,Tumor
TGGTGTGACAGACGAT-1,Tumor
TTGCCGGTGATCCCTC-1,Stroma
ACGTGCGCCTCGTGCA-1,Tumor
GCTTAGGGAAGCGGTA-1,Tumor
CATGGAAATGGGACCA-1,Stroma
CCTCGGATGCTACCTG-1,Tumor
CAGTACCAGTTTACGT-1,Tumor
ATGCTCAGTGTTGCAT-1,Tumor
TCTCCCTGGGCAGCGT-1,Stroma
AAATGTGGGTGCTCCT-1,Stroma
CTATGCCCGAATGCAA-1,Tumor
GTGCACCAGCTTCAAC-1,Tumor
TTGTAAGGCCAGTTGG-1,
CATGGCTCCCTATGTC-1,Stroma
CGTTGAGCGACCGTCG-1,Tumor
AAACCTCATGAAGTTG-1,Stroma
TGGTCCCACGCTACGG-1,Stroma
TCGAGGGCAACAGACG-1,Tumor
CGGGAGTATACCGCCG-1,Tumor
ACTCAATAAAGGCACG-1,
ACAACAGCATGAGCTA-1,Stroma
ACTTTACCCTCATGAA-1,
AGGATCACGCGATCTG-1,Tumor
CGTCAGTTTATCGTCT-1,Stroma
GACCAGGTCATTCATA-1,
ATCTGGTTAAGACTGT-1,
TATTCCTCCGCCCACT-1,Tumor
TCTGGAGCGTAAGAGT-1,Stroma
TCTGTGCCATCATAGT-1,Stroma
AGGGACCGGCTGCGTT-1,Immune cells
TTGTTTCACATCCAGG-1,Tumor
GCCCTAGCCGTCGCGA-1,Tumor
TGCAGTGGTAGGGAAC-1,Tumor
GGCTCGCGTTGAGGTA-1,
TACGCAGTTCTTTCCT-1,Tumor
TAAGTAACATCTTGAC-1,Tumor
CACAGAGACGAGGACG-1,Tumor
GCTGTCTGTGATCGAC-1,Stroma
AACTCGATAAACACGT-1,Tumor
CTGAATTTATTGCCAG-1,Tumor
GAGTATGCGCGTGCAT-1,Tumor
TATAGTTAGGTGTACT-1,
AGTGAGGGTTTCTGAC-1,Tumor
TACGCTGCACGGTCGT-1,Tumor
ATAGGCGGCTATAGAA-1,Tumor
CCGTGTTAAATTCCAT-1,Tumor
CATTGATGAACACGCC-1,
TGCTTAGAGAGAATGC-1,Tumor
CCATGGCAAACGCTCA-1,
CCTATATTTGTCCTGG-1,Tumor
CTGAGCAAGTAACAAG-1,Tumor
GAGAGGCCTATGTGTA-1,Tumor
CCATTGTTTCCTCCAT-1,Stroma
CGTGCTGGCCTAGTCG-1,
GAGGCATTTGCAGCAG-1,Tumor
TGTAGGAGAAATTTCC-1,Stroma
GGCTGAAATAGCAAAG-1,Tumor
AAGAGGCCCTTTGGAA-1,Stroma
CCTCGCGCTGTGCGAT-1,Tumor
TGCAGATCGTCCTAGG-1,Tumor
CACAGGGCCATATAGT-1,Stroma
AGGGTTCCCTTTGGTT-1,
GAAGAAACGATATTGT-1,Tumor
AAATCTAGCCCTGCTA-1,Stroma
CGCGGGAATTAGGCAG-1,
CGTGCATTGTCGACGC-1,
CCTAGTTAGTCGCATG-1,Stroma
AACGGCCATCTCCGGT-1,Tumor
CTTTACCGAATAGTAG-1,Tumor
TCTGGCGCAAGCCGGG-1,Tumor
CACCCAAATCTTATGT-1,Immune cells
CCGCTGGTGCCATTCA-1,Tumor
GTCCCAATCATCCCGC-1,Tumor
TGGGTTCCCGGACGGA-1,Stroma
GAGGTCTTAGTGGGTC-1,Stroma
TAGTCTAACAACGAGA-1,Tumor
CTTCAGTTGGACAACG-1,Tumor
AACTGGGTTCGAGCCG-1,Stroma
TCCCTGGCTCGCTGGA-1,Tumor
CCCACTCCACGGTATC-1,Tumor
AGTGCTAAACACAGCA-1,Tumor
ATATCTCCCTCGTTAA-1,Stroma
GAGATGGGAGTCGACA-1,Stroma
GGACAAGTTGCAGTGA-1,Tumor
GTTAAAGTAGGACTGG-1,Tumor
GACATCCGTCGAACTG-1,Tumor
CTAAAGTCCGAAGCTA-1,Tumor
ATTCTCGTCTCTTTAG-1,Stroma
AGGCTTCCCGAAGAAG-1,Tumor
TTCGAGCCGGCGCTAC-1,Tumor
CAGACACCGATCGCTG-1,Tumor
GACCAAACGTTGACTG-1,Stroma
CACACTTGTATTGCGA-1,Tumor
CTGCCTCATATGCAAC-1,Stroma
CACCGCGTCCACTCTA-1,Tumor
AGCGCTTATGGGCAAG-1,Stroma
CTTGTGCTCACCGATT-1,Stroma
TAGATTCAAAGTGCGG-1,Tumor
ACGTCGGGCAACTCGG-1,Tumor
ACCAAGAACGCGTGTC-1,Tumor
CACTCCTATGTAAGAT-1,Tumor
TCAAATTTGAGACTCA-1,Tumor
ACCGCGGTGGAAGTCG-1,Tumor
GCCCGATCTGTGGTCG-1,Tumor
CCACTAAACTGAATCG-1,Stroma
GTTCGCTGAGACGTCT-1,Stroma
GCATAGAGCACTCAGG-1,Stroma
ATGTACATGCGGTGAG-1,Tumor
TTCATAGCCTTGTAAC-1,Tumor
TGCATGGCAGTCTTGC-1,
CGAAGACGGTGAGTGC-1,Tumor
CTACGATCCTATCCTA-1,Tumor
CTTACTGACTCCTCTG-1,Stroma
TACGTACTAGTGCTGA-1,Tumor
TCACGGTCATCGCACA-1,Tumor
ACTTGTGGATGGAACG-1,Stroma
CCGACGTAAACACAAC-1,Stroma
AGTCCAGCGGGTACGT-1,Stroma
CTTGAGTTAGGGTAAT-1,Tumor
AAGGGTTTGATTTCAG-1,Tumor
GCCGACCCACGACTGC-1,Tumor
CAACCAGTGGCCTACC-1,Stroma
AGATATAATACGACTA-1,Tumor
GGCCAATTGTATAGAC-1,Tumor
AGCCCTGTCGCACCGT-1,Stroma
AAATAGGGTGCTATTG-1,Stroma
TCAGTACTGACCCGCG-1,Tumor
GTAAGTAGGGTATACC-1,Stroma
CCCTTCTCGTACGCGA-1,Tumor
TGCCGATGTCATCAAT-1,Stroma
GTATAGGACTCAGTAG-1,Tumor
CGAGAGGGTAGCCGCG-1,Stroma
CCTATGGTCAAAGCTG-1,Tumor
GCCTTTGTCAGTGGAC-1,Tumor
ACACGTAGGCCACAAG-1,Stroma
ATGTCTTGTTTGACTC-1,
TCGCTGGGCGGATTGT-1,
AAGGATGAGGGACCTC-1,
GACAACGACCATTGAA-1,
ATCAGTAGGCAGGGAT-1,
AGGTATAATTGATAGT-1,Immune cells
TAGGAGGCTCGAGAAC-1,Tumor
CCACTTTCCTTCTAGG-1,Tumor
ATATCGTTCCTCGAAC-1,Tumor
GACGTGTAGGGATTAT-1,Tumor
CGAATCTGCTCGACGC-1,Tumor
ACTATATGCTGTGTTC-1,Tumor
GATTAGAAACAAGCGT-1,Tumor
TAGTCCGTATGCATAA-1,Tumor
TCGCCGACATATTCGC-1,Tumor
GATTCCCTTGTCGCAG-1,
CAACCGCACCTAGACA-1,Tumor
AACAATTACTCTACGC-1,Tumor
TCACAGCAAACTCGAA-1,Tumor
GCGAAACTTAACTGGA-1,Tumor
AGGCGGTTTGTCCCGC-1,Tumor
TGGGCGATACAATAAG-1,Tumor
CGACTCAGGATGTTAT-1,
TATACTCATGCGGCAA-1,Tumor
CACTCAAGAGCTATGG-1,Tumor
CACTCAAGAGCTATGG-1,Stroma
TCACGGCCCAAGAGAG-1,Tumor
TCCGTTAAGCTAATAT-1,Tumor
CCGCACGTGACCTCGG-1,Tumor
TTGGCCAAATTGTATC-1,Tumor
CATAGTGGGCACGCCT-1,Tumor
ACCACTGTTCAAGAAG-1,Tumor
CTGGAAGACACGGTGG-1,Tumor
GCCTATTTGCTACACA-1,Immune cells
CGTTCATGGTGCGCGT-1,Tumor
TACGGGATGCTAGCAG-1,Stroma
TGCCTTGGCCAGGCAA-1,Stroma
GACGATATCACTGGGT-1,Tumor
TTATGAATGAAAGGGA-1,Stroma
ACGGTCACCGAGAACA-1,Tumor
GTCCTTCTACAACCCA-1,Stroma
TCCGATTACATTGCCG-1,Tumor
TGAGTAAATTAGCGTA-1,Tumor
TTCTTGGAGTAATGAG-1,
CCACTGGTGGCTGGTT-1,Stroma
GGGAGGATGCCCGAAA-1,Immune cells
CCGAAAGTGGTGAGCA-1,Tumor
ATGCTTAGGAGTTGAT-1,Stroma
CTTTGGGATTGTTGCA-1,Tumor
CCGCTTCGCGGTTAAC-1,Tumor
ACTCCAATATCATCAT-1,Tumor
ACTCCAATATCATCAT-1,Stroma
ATGTTTCGGCCCGGAG-1,Stroma
TGATCCCAGCATTAGT-1,Stroma
GCTGGCGGCGCATGCT-1,Tumor
TATCTACCACAGCGGG-1,Stroma
GGGTGACACCTTAACT-1,Tumor
TCCACTTTATCTAGGT-1,Stroma
GGGTAATGCTGTGTTT-1,Stroma
TTCTACTTGCGAGGGC-1,Tumor
TACCCTCGGTAACCCT-1,Stroma
CGGTTTACTGAACATT-1,Tumor
ATGTTACGAGCAATAC-1,Tumor
GTACGCTTCATTGCAC-1,Tumor
TCGTAACTCCCAAGAC-1,Tumor
GTAGTGAGCAACCTCA-1,Tumor
GCAACAGCAGTATGCG-1,Tumor
AAACCGTTCGTCCAGG-1,Tumor
TCTTGCTCCCGATACT-1,Tumor
AAGTGTTTGGAGACGG-1,Stroma
TCGGAATGCGCTCTGA-1,Tumor
TCCGAACGTTGCCGCT-1,Stroma
CCTGTAAGACATGATA-1,Stroma
TGTGGTTGCTAAAGCT-1,Tumor
TGTGGTTGCTAAAGCT-1,Stroma
TTGTTTGTATTACACG-1,Tumor
CAGGAAGACTTTATAT-1,Stroma
CGCATCCATCAGCCAG-1,Stroma
GTGAGCGTGCTGCACT-1,Tumor
CACAGCACCCACGGCA-1,Stroma
TTCTAACCGAAGCTTA-1,Stroma
TAGGTGACGATAACCT-1,Tumor
AACAGGATGGGCCGCG-1,Tumor
AGGCTTGCTAGACACC-1,Tumor
TGGTCGTTTGATAGAT-1,
GAGTAGATACTAGTTG-1,Tumor
GGAGGATTGAAAGGAG-1,
GTCAAAGTTTACATAG-1,Tumor
TAACAGCGTTTGTGCT-1,Tumor
CGCCCAGCACGCCTAG-1,Tumor
CCAGTCCATTATTCGA-1,Stroma
AGTACATCATTTATCA-1,
TTCGGCAACCCGCTGA-1,Stroma
AAATTAATAAGCGCGA-1,Tumor
CCACCCAAGGAAAGTG-1,Stroma
TCAGTAGGGACTATAA-1,Tumor
GCATCCTCTCCTATTA-1,Stroma
CTGCACCTGGAACCGC-1,Tumor
TCAAACTTAGATTGTT-1,Stroma
GTGGTGGCCAAGTGAA-1,Tumor
CGATAATACTCAGGTT-1,Tumor
AACCCATCCCATGATC-1,Tumor
AGTCAAATGATGTGAT-1,Tumor
GCAGCGGTGGGCATTA-1,Stroma
CGAATTCCCGGTTCAA-1,Stroma
GACCGATTAAATATGT-1,Tumor
CGAACATAGTCAGAAA-1,Tumor
AGCTCGTTGATGGAAA-1,Tumor
AGTGGCGTCTGAAGGT-1,Tumor
TGCTCGGTGGGTCACC-1,Tumor
GTTACAATTGGTGACG-1,Stroma
CTTAGGTCCCAATCGT-1,Tumor
CCTCTACAAGGATTGG-1,Tumor
ATCCTTCTGAAAGAAC-1,Stroma
CCACGAATTTAACCTC-1,Tumor
TGGTGCCCTGCCTTAC-1,Tumor
AATCCCGCTCAGAGCC-1,Tumor
GCCGCTTGTGAGAAAC-1,Stroma
TTACCCTAGGGATTGG-1,Tumor
GAATTATAGTGAAAGG-1,Stroma
GGATTAAGCTAAGGTC-1,Tumor
CTGGGCTATCCTTTGG-1,Stroma
ACATCGATCGTTTACC-1,Stroma
TCGTGTACTATGGATG-1,Tumor
GACTTCAACGCATCAA-1,Tumor
CGAGTGAAGGTACCAG-1,Tumor
AACGTTATCAGCACCT-1,Stroma
GTCACTCTCCAAATCT-1,Tumor
TTCTATGCCTTTCGCA-1,Stroma
AGATGATGGAGTCTGG-1,Immune cells
CATCCGCAGGCCCGAA-1,Tumor
TACTGAACAGATTTAG-1,Tumor
TACCAATAAAGTACCA-1,Tumor
GTTAAGTTAGAGTGGG-1,
GTTATCAAGCTATCGA-1,Tumor
ACCTACAGTATGTGGT-1,Tumor
CAACGATCGATCCAAT-1,Stroma
CACGACTAAAGTTCTG-1,Tumor
TTAGGATGGGAGGGTA-1,Stroma
ACCCTTCATCTGCGAA-1,Stroma
AGACGGGCCGATTTAA-1,Stroma
TCGCATCCCTAAGTGT-1,Tumor
GACTCCTTCCAATTGA-1,Tumor
TCAACGAGGAGACAAA-1,Stroma
CTTCCGCTCCGTGAAG-1,Tumor
AAATTCCAGGTCCAAA-1,
TCGCCGGAGAGTCTTA-1,Tumor
GGTGAACGGGCTAGCC-1,
TGCCACACTAGAGGAA-1,Tumor
CGATATTAGCCGCAGG-1,Tumor
CGATATTAGCCGCAGG-1,Stroma
GGTGAAGTACAGGGAT-1,Tumor
AACATAGCGTGTATCG-1,Tumor
CTTCTATTAATGCTAG-1,Tumor
TAGACTCAGTTGGCCT-1,Tumor
TAGACTCAGTTGGCCT-1,Stroma
GCTATAAGGGCCAGGA-1,Tumor
TCGTCTTAGGCGTTAA-1,Stroma
ACATCGGTCAGCCGCG-1,Tumor
ATAACGTTACCTCCAC-1,Tumor
TGGCTTTGGGTAGACA-1,Tumor
ACCCGGTTACACTTCC-1,Tumor
TAGTACCACAACTTTC-1,Tumor
TGGTTCAACGGGTAAT-1,Stroma
TCCGAATGGTCCTGAG-1,
AACTCTCAGTGTGCTC-1,Tumor
GTCTTCCTCACCTAAG-1,Tumor
CAATTGGGCCGCACTC-1,Tumor
CAAACCATAAGCGTAT-1,Tumor
TCCAGATGTACGCCAA-1,Tumor
AGCCCATACATGTAAG-1,Tumor
AGCGGCGGTTAGCGGT-1,Tumor
CAGAATATTCGTTATC-1,Stroma
GGAGACCAATGTGCTT-1,Stroma
CGAGCCGAGCACTCGA-1,Tumor
GAACCATCTGGGAGAC-1,Stroma
GGGCTCATCGAACCCA-1,
CCCGGCTAGGTGAGAA-1,Stroma
ACGGGAGTGTCGGCCC-1,Tumor
TCTCATGAGATAGGGT-1,Tumor
TACTCTTACTTTACTG-1,Stroma
CACAGGGCCGTTGTCA-1,Tumor
AACTGAGGTCAGCGTC-1,Tumor
AACTGAGGTCAGCGTC-1,Stroma
CACATTCTTTCGATGG-1,Stroma
TCATCGACGACCGTCG-1,Tumor
ATACCGTCATCCATAA-1,Stroma
TCTACGGGCTCAGTTG-1,Tumor
GAGATGGCTTTAATCA-1,Tumor
GAGATGGCTTTAATCA-1,Stroma
GTGAACTCCCATTCGA-1,
CTATATCCAGCCTGGC-1,Tumor
GGGCAACCGCACGTGC-1,Tumor
GGAGTTGATTCTGTGT-1,Tumor
ATGTCATAATAAACGA-1,Tumor
AATTGCAGCAATCGAC-1,Tumor
CTGGCTCCTGCGGGAT-1,Stroma
GGTGAAACCGGGAATG-1,Tumor
ATTGATGAGTCCTAAC-1,Stroma
CACGTCTATGATGTGG-1,Stroma
TAAGGCTGAATCCCTC-1,Tumor
GACCGTCAGGTCGTGA-1,Stroma
GCGTCTAACCTCCTAA-1,Stroma
CAATTTGACCGGGAAG-1,Tumor
TGCGATGCTAATGGCT-1,Tumor
TACGATGTTGATCATC-1,Stroma
GCGGTCCCGGTGAAGG-1,Tumor
ACTCGTCAGTAATCCC-1,Stroma
TATCCATCTCGGTTAG-1,Tumor
GTGAGATAACCTTATA-1,Tumor
TACGCTCCTAGAACTG-1,Tumor
TTGCCAAGCAGAACCC-1,Tumor
AGGGCCCTAATGTTCT-1,Stroma
AACGATATGTCAACTG-1,
GTGGCCGGTTTCTCGG-1,Tumor
TTGCCTAATCCAAAGT-1,Tumor
GGTAGGCCAATATCAC-1,Tumor
TTCGTTCAACGAAGTT-1,Stroma
AAGTTCACTCCAAGCT-1,Tumor
TGTACTACTCTCACGG-1,Tumor
GGTAACCGGCAAAGGT-1,Tumor
GGAAAGTCTTGATTGT-1,Tumor
TCCGATGGTGCGACAT-1,Tumor
CCGTTCCGAATCTCGG-1,Stroma
CGCTATACCGCCCACT-1,Tumor
AGACTAGCCTTCCAGA-1,Tumor
TATGACCTTGCGCTGG-1,Tumor
GCTCAACCTCTTAGAG-1,Tumor
AGATGACTCGCCCACG-1,Tumor
GTTGGTCATGCTATCC-1,Tumor
GCGACGGTAGTCTCCT-1,Tumor
TCTTAGAGTGAACTCT-1,Tumor
TAGGGAGCTTGGGATG-1,Tumor
GGTGTAAATCGATTGT-1,Tumor
ACAAATTCAGATCTGA-1,Stroma
AAATAGCTTAGACTTT-1,Tumor
ATATAAAGCGCTCGTG-1,Tumor
GTCTGTAGGTTGAACA-1,
CTCTGCAGGCATTCTT-1,Tumor
CCATAGTCAGTAACCC-1,Tumor
CCTACGGCTCAGTCGA-1,Tumor
AATGGTTCTCACAAGC-1,Tumor
CAGAGGCGATGCATGA-1,Tumor
CATACAAAGCCGAACC-1,Tumor
AGGGTTTAGTTCGGGA-1,Stroma
ACAGGCTTGCCCGACT-1,Stroma
TCTCAGGCTACTCGCT-1,Tumor
GGCATTCCCTCCCTCG-1,Tumor
TTGGTTCGCTCAAAGG-1,Stroma
GTCAGTTGTGCTCGTT-1,Stroma
CCTATAATGAGTGCCC-1,Tumor
GACATTTCGCCCAGCC-1,Tumor
GTAGTCGCGGGAATCA-1,Tumor
AGTCTTCTCCTCAAAT-1,
TAAGTCGCCGAGTATC-1,Tumor
GATCTTCATTGTCCTC-1,Tumor
CGTTGTAAACGTCAGG-1,Tumor
ACGAGTACGGATGCCC-1,
CATGTAAGAGACATTT-1,Stroma
AGTGAGACTTCCAGTA-1,Stroma
CTCGGTACCACTGCTC-1,Tumor
GATTGCTCCAGTTGCA-1,Tumor
GATTGCTCCAGTTGCA-1,Stroma
TCAACGCAGGAAATAA-1,Tumor
CTCTATTTGGCTGCAG-1,Immune cells
CTCTATTTGGCTGCAG-1,Stroma
ACCAACCGCACTCCAC-1,Tumor
TACCTCACGCTTGTAC-1,Tumor
CCGAGAAGTCGCATAA-1,Tumor
GGATCATCCCGTACGC-1,Tumor
ATAGTTCCACCCACTC-1,Tumor
TATATTACAAATGTCG-1,Tumor
GAGGAATATCTCTTTG-1,Tumor
AATACAATGTTTCAGG-1,Stroma
TTGAGAAGTTTAGCAT-1,
CTCAAGACATTAGCGC-1,Tumor
TATGGGACCGAGCAGG-1,Stroma
GGATTCCGCTATACCC-1,Stroma
GTCATTGCATTGACCC-1,
AGTTACCCTTAAGACT-1,
CAGGATCCGCCCGACC-1,Tumor
GCGATGTCTGTGCTTG-1,Stroma
GTGAGGAGCGGTTGAG-1,Stroma
ATAGGGATATCCTTGA-1,
ATGTGCATCCGACGCA-1,Tumor
GTATCTTGTTGCTCAC-1,Stroma
CGCTGAGGACGTCCAA-1,Tumor
GGATCCCTACCAGCTA-1,Tumor
GGTTCTACTCGTCTGA-1,Tumor
GCTTTACACAACTGGG-1,Tumor
AGAGCGCTTGTAACGG-1,Tumor
ATGGAACCTTTGCACA-1,Stroma
TCTTACGGCATCCGAC-1,Tumor
TCCTTCAATCCCTACG-1,
GAGGTCCGTTCGCTGT-1,
GTCGATAGGTGACTTT-1,Stroma
TATGATCTTCTCTTTA-1,Tumor
CATAGTAGCATAGTAG-1,Tumor
CCTCTATCGATTAGCA-1,Tumor
TACAAGGGCTTCTTTA-1,Tumor
TCAGTTACGGAATGAT-1,Stroma
ATCAAACACTGTTCCA-1,Tumor
AGCGATGCGCCTAATA-1,Tumor
TCTACCCAATAGAGAG-1,Stroma
ACACTGATCAAGGTGT-1,Tumor
CCATAGGTTGGCGTGG-1,Tumor
GCTGAACTCTCCAGGG-1,
TTGCTGATCATGTTCG-1,Stroma
GCAGATCCTCGCAAAT-1,Tumor
GCGGTGAACTGCGCTC-1,Stroma
TTATCATACTCGCAAA-1,Tumor
AACTTTAGCTGCTGAG-1,Tumor
AAATCGTGTACCACAA-1,Stroma
TATAGATGGTCGCAGT-1,Tumor
AGGGAAACGAGGTACT-1,Stroma
ATATTCCACATAGTGA-1,Stroma
TGTTCATAAATGTGCT-1,Tumor
CCTGTCACCCGGGCTC-1,Stroma
