barcode,annotation
GGTATCAAGCATAGAA-1,Tumor
TCTTTAAGACTATGAA-1,
CGTTTCACTTCGGGCG-1,Stroma
GGGTCCTTGGAAGAAG-1,Tumor
TCAGCTTGAGCTTTCG-1,tumor necrosis and bleeding
TATCAAAGGTCTGTAA-1,tumor necrosis and bleeding
TTGCCGCAGACCTACA-1,tumor necrosis and bleeding
TCCAACTCAGCTATCT-1,Tumor
ATATGTGCACAAACCA-1,Tumor
TAGGTGCTCGCCTAGC-1,Tumor
GACCTTCCACGTCTAC-1,Tumor
GTCGGATATCTCAGAC-1,tumor necrosis and bleeding
CTGTTGGCTCTTCTGA-1,blood
TCGTCCGCTGGCGTCT-1,Tumor
TTATCTGTATCATAAC-1,Tumor
CGCGCATGTTTGATTG-1,Tumor
CTCGCTAGGTAAGCGA-1,Tumor
ATAGTGAAGCGTTCTC-1,Tumor
GATCATTCCAAACATT-1,Tumor
TACCTCTTTACCATCC-1,interstitial and infiltrating cancer cells
GTTAGAGTGTGCCGCT-1,Stroma
TAGCTAAGTCCGGGAG-1,Tumor
CTTCACGCCCTGGTAC-1,Tumor
CGAAGCCACAGCATGG-1,Tumor
TAAGGGCCTGTCCGAT-1,Tumor
TATCACAGCACGGGCA-1,Stroma
GAGTCAGACCAGAATC-1,Tumor
CATAGCGTTGCCCACC-1,Tumor
CCTACAAGTCCGGAAT-1,Tumor
GACCGCGTCTGACGTG-1,interstitial and infiltrating cancer cells
TTATGATCTTAACGAA-1,Tumor
ACCAGGAGTGTGATCT-1,Tumor
GCTGGCAGGTGCCGTG-1,tumor necrosis and bleeding
TAGTCTTTCCGAATTG-1,interstitial and infiltrating cancer cells
TAGACGAAACGCCAAT-1,Tumor
TTAGATAGGTCGATAC-1,Tumor
CCTAAAGGCTGACGCT-1,Stroma
CACTACTCAGTTCTGT-1,Stroma
GGGTATTCTAGCAAAC-1,Tumor
ACCCGATTGGTTCCGA-1,Tumor
GCACTAGTCGCGCTAT-1,Tumor
ACGAGGTTTACAACGT-1,Tumor
TTGGCCATCTTGCGCT-1,Tumor
TCGAGTCTACGATTCG-1,tumor necrosis and bleeding
CAGCTGGCGTAACCGT-1,Tumor
CGTCGCTTGGTTATAC-1,Tumor
AGTCCCGCCTTTAATT-1,Stroma
CGACTTTGTATAGCCT-1,Stroma
CAGCTCACTGAGACAT-1,Tumor
AAAGGCCCTATAATAC-1,Tumor
CGATTTGTCATTAATG-1,Tumor
CCTCCTGTTGTGTCGT-1,Tumor
GCTTTATTAAGTTACC-1,Tumor
AGGCCCTAGAACGCCA-1,Tumor
AAAGGGATGTAGCAAG-1,Tumor
AGCATCGTCGATAATT-1,Tumor
TACCGGTCGTTTCCAT-1,Tumor
GCGCTGATCCAGACTC-1,Stroma
CATTACGTCGGCCCGT-1,Tumor
TCAGAGGACGCGTTAG-1,Tumor
TGAACTGCTATGACTT-1,tumor necrosis and bleeding
AGTGAGCCTCGCCGCC-1,Stroma
GCAGACCCAGCACGTA-1,
ACAGAACTGAGAACAA-1,Tumor
TGAATTTCACTTGCCT-1,tumor necrosis and bleeding
GAAACTCTAATGAAGG-1,Tumor
GCATGGGTACTGACGC-1,tumor necrosis and bleeding
AAGATTGGCGGAACGT-1,
CATACTATGTAATTGT-1,Tumor
GACTGATTGGTCACAA-1,Tumor
ACAAGGATGCTTTAGG-1,Tumor
AGTATTTGGCACGACC-1,Tumor
GCTGGGAGCGCGTCAA-1,
TTAATCAGTACGTCAG-1,Tumor
GTTGCGCTAACATTAC-1,interstitial and infiltrating cancer cells
TCTTGGTAACACCAAA-1,Tumor
CCTCACCAATCTTGAC-1,Tumor
TGACCCAGCATTCCCG-1,Tumor
GGGAGCGACCGTAGTG-1,Tumor
TGGAAACGGAGTGAAC-1,Tumor
GCTGCGCCTCCCACGT-1,blood
CTTATGCGCTCAGGGC-1,tumor necrosis and bleeding
ATACTACCCGTACCAC-1,
TGGACGTAGGCGAATC-1,Tumor
GGATTCAGTACGGTGG-1,Tumor
TCAATATACAGGAGGC-1,interstitial and infiltrating cancer cells
AACCCGCTGTATTCCA-1,
CACTTCGCCACAGGCT-1,Tumor
TAGTTTGATCGGTCGC-1,Tumor
CAAACGTGGTCTTGCG-1,Tumor
AACCTCGCTTTAGCCC-1,Tumor
CTGTCCTGCGCACTAC-1,
GAAATTGTCTCTATAA-1,Tumor
AGCTAAGTACGCAGGC-1,Tumor
TTCTTTGGTCGCGACG-1,Stroma
ACATTAGTTTATATCC-1,Tumor
TGGGAAATGCCTTTCC-1,Tumor
AAGTCAATTGTCGTCA-1,Tumor
CCAACGATGCACTGAT-1,
TGCGCCGTTAATAACG-1,interstitial and infiltrating cancer cells
GATCGGCGATAAGTCG-1,
TAATTAGATGGATATG-1,Tumor
GATCTTGGAGGGCATA-1,Tumor
TCGTATTACCCATTGC-1,tumor necrosis and bleeding
AGGTGGTGACCTTCGC-1,Tumor
TTATTAGAGCGTGTTC-1,Tumor
AGGCCTATCATACCAA-1,Tumor
TGTACGCTATCAGCTT-1,Tumor
TCTAACTGTATGTAAA-1,tumor necrosis and bleeding
GTTTGGCCGCTCAGCG-1,Tumor
ACGCCTGACACGCGCT-1,Tumor
TTATAGTCCAAGGTGC-1,Tumor
AGTGAACAAACTTCTC-1,Tumor
ACTCAAGTGCAAGGCT-1,Tumor
CCGCTCCGGATAAGCT-1,Tumor
TCAACATAGCGCCCTA-1,Tumor
TGTACCTACACGAGGG-1,Tumor
CTACGTGTTGCCACCA-1,Tumor
GTTGGATTTGCGTTGG-1,Tumor
CCGGTGCGAGTGATAG-1,Tumor
CCTGGTCGAATGTGGG-1,Tumor
GTCGGGTGAAGTACCG-1,interstitial and infiltrating cancer cells
ATGGAACAGAATAAAC-1,Tumor
TATATATCGAGAAATG-1,Tumor
CCAACGCTTGCCAGGG-1,Tumor
TTGATTATGCAGATGA-1,tumor necrosis and bleeding
CGTAATAATTACGAGT-1,blood
GGTTACCCGACACTTT-1,
TCTATAGGTGGGTAAT-1,interstitial and infiltrating cancer cells
AACCCTGGTGGAACCA-1,Stroma
GGATACTCATGAATTG-1,Tumor
TCGAGACCAACACCGT-1,Tumor
CACCGATACACCGAGC-1,
CATGAGTCCATCACGG-1,tumor necrosis and bleeding
CGCTATTCAATGTATG-1,Tumor
TGCGAGAATATTACCC-1,Tumor
CCGACTCGCATAGTCT-1,Stroma
TCCTTTCTTACGCTTA-1,Tumor
GGTACCATTAAGACGG-1,Stroma
ACGCTAGTATCAGTGC-1,Tumor
CATAGCCGCCCGGGAT-1,
GTTTGGGCTTGTGAGC-1,Tumor
GATGCCAGCAGAAGGC-1,tumor necrosis and bleeding
CTCCTGTTCAAGGCAG-1,interstitial and infiltrating cancer cells
AGTTGCGGTCCTCAAC-1,Tumor
TGTAAGACTGATAAGA-1,
TGTACTGTGCCAAAGT-1,Tumor
AGTGCGTAGCTCGTAA-1,Tumor
TAGTCCCGGAGACCAC-1,Tumor
ATCCTGCGTGGAATGG-1,Tumor
GGAGACGACACCTTTG-1,Tumor
GTTCGGTGTGGATTTA-1,Tumor
GTCGTCTGGTTGGCTA-1,Tumor
AATTACGAGACCCATC-1,tumor necrosis and bleeding
AATCGCCTCAGCGCCA-1,Tumor
GTTACGGCCCGACTGC-1,Tumor
CCATCATAAGAACAGG-1,Tumor
TACTCGGCACGCCGGG-1,tumor necrosis and bleeding
TCAACACATTGGGTAA-1,Tumor
AAGGATCGATCGCTTG-1,interstitial and infiltrating cancer cells
TTAACACCTCGAACAT-1,Tumor
ACAATCGATCTTTATA-1,Stroma
GGGTTTCCGGCTTCCA-1,Tumor
GTAAGTAACAGTCTGG-1,Tumor
ACTCTGACCTAATAGA-1,Tumor
TAGAAACACAATAGTG-1,blood
CCTCGACCCACTGCCT-1,Stroma
CCAAAGTCCCGCTAAC-1,Tumor
CCAGAGACAAAGCCGG-1,Tumor
AATGACAGCAATGTCT-1,Tumor
CATTACATAGATTGTG-1,Tumor
CATCTACCCGAGAACG-1,Tumor
CGTCTGGAAGGGCCCG-1,Tumor
GGTCCTTCATACGACT-1,Tumor
CAAACTCGCGACGCCG-1,interstitial and infiltrating cancer cells
CTTCCTGCATATTTAC-1,Tumor
CCTATCTATATCGGAA-1,Tumor
ACAACGGTCCCTGCGA-1,Tumor
AAAGACATGAAGTTTA-1,Tumor
CTCGGGATAACACCTA-1,Tumor
GTAGTTCGAAGGCGAA-1,Tumor
AAACGCCCGAGATCGG-1,Tumor
GTAGCTTCCTCTTGTT-1,Tumor
TAAGGGCTGGGAGAGG-1,tumor necrosis and bleeding
GTTTATGGGATTTAGA-1,tumor necrosis and bleeding
GGGTACCCACGGTCCT-1,Tumor
TGGCTTATGTATAATG-1,tumor necrosis and bleeding
TACAACGCACAACTCA-1,Tumor
ACCCTTGCCTGGGTCG-1,Tumor
GGAGACATTCACGGGC-1,Tumor
TGAGGCATGTACTGTG-1,
TCAAGGTTACTACACC-1,Tumor
CACCCACACGTCACCC-1,Tumor
GTCTATCTGAGTTTCT-1,Tumor
GAGTTCTGTGGGTGCT-1,tumor necrosis and bleeding
AACATCGATACGTCTA-1,Tumor
GAGGCCCGACTCCGCA-1,Tumor
CTATGAACACCTTGCC-1,Tumor
GCAAACGTAAGCGACC-1,Tumor
GCTAGACCGTCTACTG-1,
GTCGTTATTCGCTTAT-1,Tumor
CACTGACGATTGTGGA-1,Tumor
GGTGCTGATCACAAAG-1,tumor necrosis and bleeding
GCTCCTGACATACTGG-1,Tumor
AAGATGGCACCGGACC-1,Tumor
GGCGCGGAGATCTTTC-1,Tumor
AAATCACTCCTAAACG-1,Tumor
CCTACAGTTGAGGGAG-1,Tumor
CCCAATGAGATTTGCA-1,Tumor
GGCACGCTGCTACAGT-1,interstitial and infiltrating cancer cells
AACGTGATGAAGGACA-1,Tumor
CATCATCTACCCGGAC-1,Tumor
TGCAAACCCACATCAA-1,Tumor
AGCCGCAAATTCAAAT-1,tumor necrosis and bleeding
TTGGATCGACTTCTGG-1,Tumor
ACAGGCACGGATCCTT-1,Tumor
GTATGAAATTTCACTC-1,Tumor
TAAAGCGTTAGGAGAA-1,Tumor
GTGAAACGGCGCCACC-1,
GAAACATAGGAAACAG-1,Tumor
AGCCCTAAGCGAAGTT-1,Tumor
AGTCGGCTCAACTTTA-1,Tumor
ACGATCATACATAGAG-1,Tumor
TTGCAAGAAGACTCCT-1,Tumor
TTACAGACCTAAATGA-1,Stroma
TCAATCCGGGAAGTTT-1,
TGGACGCAATCCAGCC-1,Tumor
AACCTGTCACGGAATT-1,Stroma
GTATCTCGGGCGCTTT-1,Tumor
ATGCCGGTTGATGGGA-1,
TATTCCGGCAGTCCTA-1,Tumor
ATACCCTCCCGGCCAA-1,Tumor
GCACAGCACGGGCCGA-1,tumor necrosis and bleeding
CGGAGTCCTAACCTGG-1,Tumor
CGTCAGCTATTTACTC-1,Tumor
GCACGTGGTTTACTTA-1,interstitial and infiltrating cancer cells
GTTTGGCCCAAGTTAT-1,Tumor
GAGCATCATCCCTGGG-1,Tumor
TACGCCTCCATTCCGA-1,Tumor
CTTAGCCTTCCACATG-1,Tumor
ATAAGTACCCGATTGT-1,Tumor
GGAGGGTCAAGTAAGA-1,interstitial and infiltrating cancer cells
AATAGTCCGTCCCGAC-1,Tumor
TTGTTTGTGTAAATTC-1,Tumor
TTACGGTGTCACCGAG-1,Tumor
TTATTAGGGAAGCATC-1,Tumor
CGTTAGCTCACAACTG-1,Stroma
TGCATGTGACCCATAG-1,Tumor
TAATGAAAGACCCTTG-1,tumor necrosis and bleeding
ATGGACTGCTTAGTTG-1,tumor necrosis and bleeding
CCATGTTCATCTATAT-1,Tumor
TGTCGTTATCACATAT-1,tumor necrosis and bleeding
TTGCGTCGGCCAACCG-1,Tumor
GTTTCAAACGAGTTGT-1,interstitial and infiltrating cancer cells
CGTTTCGGTTATATGC-1,interstitial and infiltrating cancer cells
ACAAGGCCTACCAGCC-1,Tumor
ATTTGGAGATTGCGGT-1,tumor necrosis and bleeding
CAACTGAGGGTATGAC-1,Tumor
TCCGGGCTTGACGGGA-1,Tumor
TCCCTCTTCTCAAGGG-1,interstitial and infiltrating cancer cells
CAAAGGTCATCTGAAA-1,interstitial and infiltrating cancer cells
GAAATTAGCACGGATA-1,Stroma
CGAACCTCTTTCCTAG-1,Tumor
CTGCTCTGACGGCAAA-1,Tumor
GGTTAGGCTTGGAGAA-1,Tumor
ATGCCAATCGCTCTGC-1,Tumor
ATCTATCGATGATCAA-1,Tumor
TCACAAACCGAGGTAC-1,Tumor
CCCAGTTAAGGCGCCG-1,Tumor
CTATGTCACTAGCCCA-1,Tumor
TGAGCTCAACTGTATA-1,interstitial and infiltrating cancer cells
AAGGGAACGACTGGCT-1,tumor necrosis and bleeding
GTATGACGTGGGAAAC-1,Tumor
AGCCAAGCTTTGTGTC-1,Tumor
TTGTAACTTCATAGCG-1,Tumor
GCATGAGGGACGCGGC-1,Tumor
CGTTGTCGGCAATTGA-1,Tumor
TGATCAGGGAACTGCT-1,tumor necrosis and bleeding
GACGGTCCTAGGGTGT-1,interstitial and infiltrating cancer cells
AACCCGACAACCCGTG-1,Tumor
GGCCCAGTTATCAGCA-1,Tumor
CCAGTTCGGTAACTCA-1,Tumor
TTGAAGTGCATCTACA-1,
TCCGGGCCACTAACGG-1,Tumor
GAATTCACCCGGGTGT-1,Tumor
CAATATTGGACTAGTG-1,Tumor
GGGTCTATCGCTTTCC-1,interstitial and infiltrating cancer cells
CTTGTCGTACGTGTCA-1,Tumor
TAATAGCTAAATGATG-1,Tumor
TTCGGGCGCTAGTCTT-1,Tumor
CATCATTACCCTGAGG-1,Tumor
GTTACTTTGGGCCTAG-1,Tumor
AGGGCGTGATCGGCTA-1,Tumor
GAGAGCGCAGTCCCTG-1,tumor necrosis and bleeding
TAGAGTGTTCCGGGTA-1,
TACGGCATGGACGCTA-1,interstitial and infiltrating cancer cells
GATCCCTTTATACTGC-1,Tumor
AGTTAAACACTTGCGA-1,Tumor
CCAAGGTTGCCCTTTC-1,interstitial and infiltrating cancer cells
TCCTACATCCACGGCC-1,Tumor
AGGTAGGTACAAAGCT-1,tumor necrosis and bleeding
AGTTGACGGTCCTTGC-1,Tumor
TATATCCCTGGGAGGA-1,
GACGGGTTGGCCCGTA-1,Tumor
GTGCTGCAGATAAGGA-1,tumor necrosis and bleeding
TGGTCTGTTGGGCGTA-1,tumor necrosis and bleeding
CAGTAGCCCACGCGGT-1,
ATCTAGCTTGTGAGGG-1,Tumor
GTCGCGTAACCCGTTG-1,Tumor
CTCTAGCCCTCGGAAA-1,Tumor
ACCGTGACCACGTGGG-1,Tumor
AGCTGCTGTGCCGAAT-1,Tumor
AGCGGGAAGGGTCCAT-1,Tumor
TATGAAGACAGGTGCG-1,tumor necrosis and bleeding
GGACTCGTGAGTGGTC-1,Tumor
AAGTTTATGGGCCCAA-1,Tumor
TCCTCGGGCTGGGCTT-1,Tumor
ACTACCAGCTCTCTGG-1,Tumor
GTTATATCAGGAGCCA-1,Tumor
AAGACTGCAAGCTACT-1,Tumor
CTCACTGTGATACTTA-1,Tumor
TATCACCATGTAAAGT-1,
TCATGAAGCGCTGCAT-1,
TTCCACACAGATTTGA-1,Tumor
ATTATGCCATAGGGAG-1,Tumor
CAGCTTAGTAGGTAGC-1,tumor necrosis and bleeding
CTTCATTGTCAGTGGA-1,Tumor
GACTCACCCACGTGAG-1,interstitial and infiltrating cancer cells
TCGCGTAGCAGTGTCC-1,Tumor
GGAACTTTGGCGATTA-1,interstitial and infiltrating cancer cells
TTAAGATAGGATTGAC-1,Tumor
GAGATCTTCCATGACA-1,Tumor
GCTACACTGTCCGAAC-1,Tumor
CGTTTGTGTAGAGGGT-1,Tumor
TCAGAACGGCGGTAAT-1,Tumor
CTTTGGCAGACAGAGT-1,Tumor
AGTGTATTGCGCATTG-1,Stroma
CTGGCGCACAGGTCTG-1,Tumor
GAGTATCAAAGTTACA-1,interstitial and infiltrating cancer cells
GTAACTTGCGGCAGTC-1,Tumor
CTGGTAACACATAGAA-1,Tumor
GTCACCTGTCTATGTC-1,Tumor
TACTGAGGGAAGAAAG-1,tumor necrosis and bleeding
GTTCATCGTTTGGCTG-1,
TGTTCTTCCATTGACT-1,tumor necrosis and bleeding
GTACTGCATGAAGCGT-1,Tumor
AGCTGCATTTGAGGTG-1,Tumor
CCAGCTACGCCTCATA-1,Tumor
AAGACTAACCCGTTGT-1,Tumor
ATGAGGGCAGCGGCTA-1,interstitial and infiltrating cancer cells
TGACTATAATCCTTTC-1,Tumor
TTATATACGCTGTCAC-1,Tumor
AGTGAGTCGAATTAAC-1,interstitial and infiltrating cancer cells
AGTTTATGTAAAGACA-1,Tumor
TTACTGGGATATTTCA-1,Tumor
GATCCTCTTGCGCTTA-1,Tumor
GACCGACGTGAAAGCA-1,interstitial and infiltrating cancer cells
CGTTAAACTAGTTAGG-1,interstitial and infiltrating cancer cells
GGACCTACGGTAACGT-1,Tumor
TCCTTACGACGGTCCG-1,Tumor
CGAGCTGGGCTTTAGG-1,Tumor
CTATAAGTAGGGTTTG-1,Tumor
GCACAAGTGTCGGAAG-1,Tumor
TATCCGCACCGTCGGG-1,Tumor
GAGATCTGTCACTCCG-1,Tumor
CATGCGTTAGACAGAA-1,Tumor
ATGGAGCAGGCCGTGA-1,Tumor
GAGGATAAACAGTGCT-1,interstitial and infiltrating cancer cells
TGATTTCCTCCTGACG-1,Tumor
CGTATTGTTTGGCGCC-1,Tumor
ACGGGTCATGTGACTT-1,Tumor
AAGGCGCGTAAAGCTT-1,Tumor
GGCCTGCTCTGATGTT-1,Tumor
CACTCTCAAGCATCGA-1,Tumor
AGTTCACCGGTTGGAC-1,Tumor
CGCTACGGGACATTTA-1,Tumor
GCAACCACCAGACCGG-1,Stroma
CCTCAACGATCGCTGT-1,tumor necrosis and bleeding
CAACATGGCCTGATAA-1,Tumor
GAGACCCTGCAACGCC-1,Tumor
GCTTCCCGTAAGCTCC-1,Tumor
AGCGCGGGTGCCAATG-1,Stroma
ATCCAATGGTACCGAA-1,tumor necrosis and bleeding
TCTAGCATGCCCAGAA-1,Tumor
CACCGGTAGAGACATT-1,Tumor
ATAGGCTAGCTTCGCA-1,Stroma
TTATTTCATCCCAAAC-1,Tumor
ATAACGGAGTCCAACG-1,Tumor
TACATTTCTAACGTGC-1,Tumor
TTAGCAACATGGATGT-1,Tumor
AAATCCGATACACGCC-1,Tumor
TCCTCTACGAGATGGC-1,tumor necrosis and bleeding
GTAGTTAGACAATATA-1,Tumor
TACTATGGTTCCTCAG-1,Tumor
CCTTCAGTTAAAGTGA-1,Tumor
CGAATGGTAGGTCGTC-1,Tumor
TCAAGAAATACTAGCT-1,Stroma
CATAAGCTCTCCGTCT-1,tumor necrosis and bleeding
TTCACGGTCGTCACGT-1,Tumor
TATGCTCCCTACTTAC-1,Tumor
TGCATGAGTAGATTCG-1,Tumor
CATGCTGGCTCCAATT-1,Tumor
TGTCCACGGCTCAACT-1,Tumor
TGAGCGGAAAGTGTTC-1,Tumor
CTATGTGAGTCACGGC-1,Tumor
TGTGCCAGAGGCAAAG-1,tumor necrosis and bleeding
CGAGGAGCTTCCATAT-1,Tumor
TGAATACCGACGCGTA-1,Tumor
GAATATTCGGAGTCCC-1,Stroma
TCTTCGCGGTGAGAGG-1,interstitial and infiltrating cancer cells
GAGGAGTAATTCCTAC-1,Tumor
TAGTCCTGCACTAAGC-1,Tumor
CCCAACATACGTCGCG-1,
ATCCAATGGAGGGTCC-1,tumor necrosis and bleeding
CTTTAGGAACACTGTT-1,Tumor
TATTTAGTCTAGATCG-1,Tumor
CTACGCACGGAGTACC-1,Tumor
TAGGCATGTTACGCCA-1,Tumor
GCCCGTTCACACAATT-1,tumor necrosis and bleeding
ACCATTAAGGGTGTCA-1,blood
GTAGGTGATCCGTGTA-1,Tumor
TAATGTCGGTTCATGG-1,Tumor
CATGCACATGAGAGGC-1,Tumor
AGCTCCTTCGCACATC-1,Tumor
CCTGTGCGGATTGTAA-1,Tumor
GGAAAGTGCCCATGCC-1,Stroma
AGAAATTATGACTCGC-1,interstitial and infiltrating cancer cells
ACATGCTTACGGCAGC-1,Tumor
TAGGCCTATATAGTCT-1,interstitial and infiltrating cancer cells
ATGTAAGGCTGCTCTT-1,Stroma
CCTTGTGAACGTGGTT-1,
ACGTGGTCGAATGTGC-1,Tumor
CGGGAATTTATGTAAA-1,Tumor
TTGTTTCATTAGTCTA-1,Tumor
CTGGACGCAGTCCGGC-1,
ACTTACCGGGCGCGCA-1,Stroma
ATCGTATTCCGAGAAC-1,tumor necrosis and bleeding
CATGCGACCAGTTTAA-1,Stroma
TGTCCGCAAACAATTC-1,Tumor
CACCCGCGTTTGACAC-1,interstitial and infiltrating cancer cells
GCTCCGCTCGCTTCAG-1,interstitial and infiltrating cancer cells
TGGGACCATTGGGAGT-1,Tumor
ATATTGCTGTCAAAGT-1,Tumor
GCTCCCAGTCGGTCCA-1,interstitial and infiltrating cancer cells
GCGCCGTTCCACGATA-1,Tumor
TAGGTGTTCCACAGAT-1,Tumor
TTCTTGAGCCGCGCTA-1,Tumor
GCGAAGCCATACCCGT-1,Tumor
GCAAATGAGGACACTT-1,tumor necrosis and bleeding
GGGCAGAGCAATCGTT-1,Tumor
TACCGTAGGTTAACTA-1,Tumor
TGGTCGATATACCTCT-1,tumor necrosis and bleeding
AGCAGCCAGATGAATA-1,Tumor
TTGATTAGCTGTTTCT-1,Tumor
GATCTGCTATCTAAGG-1,Tumor
CCCTCGATAATACACA-1,Tumor
AGTCGAAACGATTCAG-1,Tumor
CAGTGTCCGCAGAATG-1,Tumor
ATGCACGCGCTGTTCA-1,Tumor
ATTACTAGCCTCTTGC-1,Tumor
TGGCTTGTACAAGCTT-1,Tumor
GCACTCCCACAGTCCC-1,Tumor
AATCCAAGGGCCTGAG-1,Tumor
ACTGCCCGCCATTCTC-1,Tumor
ACCGGTCTGAGTACGG-1,Tumor
AGCTACGAATGGTGGT-1,interstitial and infiltrating cancer cells
AGGCAAAGAGGAATCA-1,Tumor
GGGAAGACGGTCTGTC-1,Tumor
ATGGTATTTACTGATT-1,Tumor
CGGTGGGCTCCAGCCT-1,
TTCTGTTTCCTGTCGC-1,Tumor
ATCGCTGCGTGCAGCA-1,Tumor
CCGTAAGTTGGTCCCA-1,Tumor
GGCCCTCACCCACTTA-1,tumor necrosis and bleeding
TGGCTATGTGACATAC-1,Tumor
CGTATTAAGAGATCTA-1,Tumor
GGCATCAACGAGCACG-1,Tumor
GTATCAAACGTTAGCT-1,Tumor
TTGACTATTGTCCGGC-1,Tumor
GGCAAGCCAGGGATAG-1,Tumor
AGTGTGCTAAGATCGC-1,Tumor
GTAGCGCTGTTGTAGT-1,Tumor
AAAGAATGTGGACTAA-1,interstitial and infiltrating cancer cells
AACGACCTCCTAGCCG-1,interstitial and infiltrating cancer cells
TGTTAACAAAGTGACT-1,interstitial and infiltrating cancer cells
ATACTGCCTTACACCG-1,Tumor
TTACTCCGGCCGGGAA-1,Tumor
CACGCGGAACTGTTGC-1,Tumor
TTAAGGCCCGTACTTT-1,Tumor
TATCTTGCAATACAAC-1,Tumor
AGAGCAGTTATGAGAC-1,tumor necrosis and bleeding
CTGCCAAGGTTGGAAG-1,Tumor
CGTTGTAAGATTGATT-1,Stroma
CAAACGGTCGCACTTT-1,Tumor
AAATGTATCTTATCCC-1,tumor necrosis and bleeding
ATACGGAACGTCGTTT-1,Tumor
ATCGCCGTGGTTCATG-1,interstitial and infiltrating cancer cells
CGTCAGTGCGCACAAG-1,Tumor
CTGGTTCGCGAGCTAC-1,interstitial and infiltrating cancer cells
GTGATGCACAACATCT-1,Stroma
AAATTACACGACTCTG-1,Stroma
CGAGATGTTGCCTATA-1,Tumor
ACAATGATTCTTCTAC-1,Tumor
CCAGTGTACAGACCGA-1,Tumor
CAGCGCCAACACGATA-1,tumor necrosis and bleeding
CCCTACTTGAACAATG-1,Tumor
TGACCCACGTTAGACA-1,Tumor
GGTCGGCCAGGAGCTT-1,Tumor
TATGGTTAGTGGGAGA-1,
ATCGTGGAAAGTCTGG-1,
ATACCTAACCAAGAAA-1,Tumor
ATACAGGCCCTCCAAT-1,Tumor
TCCGTAACCACAATCC-1,
TCCGAAGTAGTCACCA-1,Tumor
AAGTAGAAGACCGGGT-1,Tumor
TATATCAAAGTGATCT-1,
TGAAAGGACCTGACTC-1,Tumor
AATTGCGTGGATTACA-1,Tumor
GACGCCGTAAAGGCTA-1,Tumor
CAATGCGAGAAGTATC-1,Tumor
ATTTCCGGGTTCTGCG-1,Tumor
GCGAGAGTTGCGTCCA-1,Stroma
AGGCGATAACTGGCGT-1,interstitial and infiltrating cancer cells
CAATCCATTATCCGTT-1,Tumor
CGTAAATAACAAAGGG-1,
TGGGATGCACTCATTC-1,
TAGTGAGAAGTGGTTG-1,Tumor
GCTCTATGTTACGTGC-1,Tumor
TCTGCCAGAAACTGCA-1,Tumor
CTGCCTAGCCACCAAG-1,
ATTGCCTTTATGTTTG-1,Tumor
GTCATGCGCGAGGGCT-1,Tumor
CGCCGTCTACCCATCG-1,
ACATCCTGGTAACTGT-1,Tumor
GAAACTCGTGCGATGC-1,tumor necrosis and bleeding
TCCCAGGCTTAGCTAA-1,Tumor
GCAAATATTACGCTTT-1,tumor necrosis and bleeding
CTGCTCTCAACACACC-1,interstitial and infiltrating cancer cells
GCGCAAATATATTCAA-1,Tumor
CTAGTCACGTCTTAAG-1,Tumor
GCGCAAGAGCGCGCTG-1,Tumor
GGGTCACGTGCTTATG-1,Tumor
TGTGTGACCATGAATC-1,tumor necrosis and bleeding
ATTGGGAGTTCTGTAA-1,Tumor
TCTATTACTAGAGGAT-1,tumor necrosis and bleeding
ACAGATTAGGTTAGTG-1,Tumor
CGGCACTCAAGAAAGT-1,Tumor
TAGACGCCCGTACCGG-1,Tumor
GTTGAACCGGTTCCAT-1,Tumor
AAACAACGAATAGTTC-1,Tumor
GGTATGAAAGAACTGA-1,tumor necrosis and bleeding
GGCGTACCCTATATAA-1,Tumor
AGATACTCAAGATCGA-1,Tumor
GTCGGGAAGCAGAAAC-1,Tumor
ACCCGGAAACTCCCAG-1,Tumor
GGCGAGCGAAACGGCA-1,tumor necrosis and bleeding
GTGTGAGCCGAGGTGC-1,Tumor
ATTCGACGCCGGGCCT-1,tumor necrosis and bleeding
GCGGAGAGGGAGAACG-1,Tumor
CCTATGAAGTGGTGCC-1,interstitial and infiltrating cancer cells
TCGAGCCAGGCAGGCC-1,Tumor
CACACAGCTTGCGCTC-1,interstitial and infiltrating cancer cells
ACTCCCTAGAATAGTA-1,Tumor
CGTCTTGAGTGTGACG-1,interstitial and infiltrating cancer cells
GGTTTGACAAGAAGCT-1,Tumor
AATCAGGTTTCATTTA-1,Tumor
GCGCTATGCCGAGGCA-1,Tumor
ACTGAATGGCGAAAGT-1,Tumor
AACTGAGTTATACTGA-1,interstitial and infiltrating cancer cells
TACGTGCACTATGCTG-1,Tumor
CCAGAAACTGATGCGA-1,interstitial and infiltrating cancer cells
ATGGGACCTGCTGAAC-1,Tumor
GCCATCGATGCTGCAT-1,Stroma
AACCTTTAAATACGGT-1,Tumor
CCATAACCTGTGCAGT-1,tumor necrosis and bleeding
TGCACTATGTGAGTGC-1,Tumor
TTGTTCTAGATACGCT-1,
GAGCGGAATGCGGTGT-1,Tumor
CGTGCTTCTACCTAAA-1,Tumor
GGATTGAAGTAGCCTC-1,
ACAAGCAGTGCCTAGC-1,tumor necrosis and bleeding
CAATGAGGTTCGACTA-1,Tumor
ACTCGCGATCTGACGC-1,interstitial and infiltrating cancer cells
TGAATGAGTGTTTCCC-1,Tumor
GCCTCCGACAATTCAC-1,Tumor
AATAGGCACGACCCTT-1,tumor necrosis and bleeding
GTCAATTGTACTGAAG-1,Tumor
ACTACAAAGAGAGGTG-1,Tumor
AATTTGGTTCCAAAGA-1,Tumor
AAGTAAGCTTCCAAAC-1,Tumor
TACACAGCCGTGGTGC-1,Tumor
TTGGGACGTAAGAGTT-1,
AGCGACTTTGAAGACA-1,tumor necrosis and bleeding
ACTCAGACCTGCTTCT-1,Tumor
TCGTCCGGGTACACTC-1,Tumor
GAGTCTTGTAAAGGAC-1,tumor necrosis and bleeding
TGGCCGTATATTGACC-1,Tumor
AGGCCACATTGGTTAC-1,interstitial and infiltrating cancer cells
TTGCATGCTGATCACG-1,tumor necrosis and bleeding
AAGTCTAGTAGCTGCC-1,Tumor
ACTAGTTGCGATCGTC-1,Tumor
CGTGCAGACTGGGACA-1,Tumor
ACTGCCGTCGTAACTC-1,Tumor
CCACACTGAGATATTA-1,Tumor
CAGATACTAACATAGT-1,Tumor
TCTCTCGCCGCACATA-1,interstitial and infiltrating cancer cells
ATGGCTGGAAATGGCC-1,Tumor
AATTCATAAGGGATCT-1,Stroma
GTGTATATCAGCGGGC-1,Tumor
ACACACCAGGACCAGT-1,Tumor
ACCCATCTTGAGGGTA-1,tumor necrosis and bleeding
GTGGACGCATTTGTCC-1,Tumor
ATTGTTCAACGATCCG-1,interstitial and infiltrating cancer cells
GGCTCCTCCACCTGTT-1,Tumor
AGAGAACCGTCTAGGA-1,Tumor
AAATTTACCGAAATCC-1,Tumor
GCCAATAGGGCATCTC-1,Stroma
GGTAAATGTGCGTTAC-1,Stroma
GTTAAGGGTGCGATGT-1,Tumor
TAATTAGGACATCCGT-1,interstitial and infiltrating cancer cells
GGGAATGAGCCCTCAC-1,Tumor
CTAGCAACTAATTTAC-1,Tumor
TCTGAAGCACGTGGTC-1,Tumor
GAGGTACATCCATCTT-1,Tumor
TCGGCGGTATTAGATT-1,Tumor
GACGGGCATCGAATTT-1,interstitial and infiltrating cancer cells
TATAGAGTCGCTTGAA-1,Tumor
GCAGGTAGAGTATGGT-1,Stroma
CGGTCCGTCGCAAGCC-1,Tumor
GGAACGGCCTGCAGCC-1,tumor necrosis and bleeding
GCGGTTCCCTATCATG-1,Tumor
TTCTTAGTGGCTCAGA-1,Tumor
TCTTTCCTTCGAGATA-1,interstitial and infiltrating cancer cells
TAGAAATTCACGTATA-1,tumor necrosis and bleeding
GGTGGACTGCTCTGGC-1,Tumor
ATTCCCACATAAACAA-1,tumor necrosis and bleeding
CCTCATGCAGCTACGA-1,Tumor
AGTATCCATAATAACG-1,Tumor
AAGAGCTCTTTATCGG-1,Tumor
GTCACTCATGAGCGAT-1,Tumor
CCCGTGAGGGCGGTGA-1,tumor necrosis and bleeding
GGGACCCGTATATCTT-1,Tumor
GCTGCTAAGTAGTCGA-1,Tumor
GATTTGCGCTAACACC-1,
GGAAGATAAGACTGTA-1,Tumor
TCATGGAGGCCTTTGT-1,interstitial and infiltrating cancer cells
GTCAATGCTATAATTT-1,Tumor
ACGCGTTTCTTAAGAG-1,tumor necrosis and bleeding
CATGGGTCGGGTGTGG-1,
GCGAGAGGCCATGTAA-1,Tumor
TGGCAAGCACAAGTCG-1,Tumor
TGAGGTGTGTGGCGGA-1,Tumor
TCGTACCGACGTCAAG-1,Tumor
AGAGTATAGTGTTACG-1,Tumor
GGTAACTATGTATCTG-1,Tumor
GGAAACCTTGTTGAAT-1,Tumor
CCGCACAAAGACCAAC-1,Tumor
TGCCTGATCAAACGAT-1,Tumor
TCCGCAGCCACCTAGC-1,
TCCGAACTTGGCTTAC-1,tumor necrosis and bleeding
TAAGCAGGCGACACGC-1,tumor necrosis and bleeding
GCCCGTAATACCTTCT-1,Tumor
ATGCCATTTGCGACCA-1,Tumor
GGATGTCCTTACCGCA-1,Tumor
CATGCACGTGTTACTG-1,Tumor
ACGCCACTCGAAACAG-1,Tumor
GTGACCGCACACTACG-1,Tumor
GGGAACCACCTGTTTC-1,Tumor
GCTGCGAAGAATTATT-1,
CTCGAGGCAAGTTTCA-1,Tumor
ATAAATATTAGCAGCT-1,tumor necrosis and bleeding
CCAATGTCACAGCAAG-1,Tumor
CGGGCCTTCTTTGTAA-1,Tumor
CCCTATGTAGAGCAGA-1,Tumor
CACGAAAGTTAGTCCC-1,tumor necrosis and bleeding
TACGTAAAGCGGAGTG-1,
GAGTTGATGGCAATTT-1,Tumor
AAACGGGCGTACGGGT-1,Tumor
GACGGACCGCGTTCCT-1,Tumor
CACCACGCCACACAGA-1,tumor necrosis and bleeding
ATTCAGGACCTATTTC-1,Stroma
ATTCGCAGAGGACACT-1,Tumor
GACGCCTGTTGCAGGG-1,Tumor
CCGGAAGTTATCAGTC-1,interstitial and infiltrating cancer cells
CGGGCCATAGCCGCAC-1,Tumor
AGATCGTGCATAAGAT-1,Stroma
TCTAGTGATATCGTGG-1,Tumor
TTCTTGGACGATCTGC-1,Tumor
CTATCGGGTCTCAACA-1,Tumor
ACTTATCTGATCTATA-1,Tumor
TGCACAGTGAAGTTAT-1,Tumor
TTATAGGTAATTGTCT-1,Tumor
GAGGGAGTCAGATCGC-1,Tumor
CTCCGGCCTAATATGC-1,Tumor
ATGGCAGCATTACGAT-1,tumor necrosis and bleeding
GAGTATGCCCGCCTTG-1,Tumor
CAAGCACCAAATGCCT-1,Tumor
AAATGCTCGTTACGTT-1,Tumor
GCTTGCAGCACAATTG-1,Tumor
GGGCGGCAAATGAATT-1,Tumor
TGCTCGGCGAAACCCA-1,Tumor
ATACCAGGCTAATAGA-1,Tumor
GAAAGTGACTAACTGC-1,tumor necrosis and bleeding
GATCTAACCGTATTCA-1,tumor necrosis and bleeding
ATCAAGATCCCAGGAC-1,Tumor
CTACATATCGCGGGAC-1,Tumor
AGTAGCTAGACGCCGA-1,Tumor
CTCCGCCCACATGAGG-1,Tumor
ATGACTATCAGCTGTG-1,Tumor
GGGATTTACCGCACCT-1,Tumor
GTCCAATATTTAGCCT-1,Tumor
GGTCTGAGAATCTGGA-1,Tumor
TGGCACGAGCTCGAGT-1,Tumor
GGAAACAGAGCTTGGG-1,Tumor
GGATCCGGAATATACT-1,Tumor
TAAGTGAATAGTCTAC-1,Tumor
TCCAATGCGTCGCCGC-1,tumor necrosis and bleeding
TCCTCTGGCCCATTAG-1,Tumor
GGCTCGTGCCACCAGC-1,Tumor
AGACCGCTCCGCGGTT-1,interstitial and infiltrating cancer cells
ATATAACACGGGCGCA-1,Tumor
GCAGTGCGGGCGGATG-1,interstitial and infiltrating cancer cells
AAACATGGTGAGAGGA-1,tumor necrosis and bleeding
GGCAAAGGCGCCAATA-1,Tumor
GGAATGCGCTAGCGTG-1,Tumor
TTACGGATGGTTCGAG-1,Tumor
CGCCCTAATTGTTCAA-1,Tumor
ATTGAATTCCCTGTAG-1,
ATGGTCGCGTGGTTTC-1,Tumor
ACGTCCTAAACGAGAT-1,Stroma
ATTAATGAACCAGTCG-1,Tumor
GAAGCTCGGACCCGTC-1,Tumor
CTCGCCGAATGTAGGG-1,Tumor
ATAGTCTTTGACGTGC-1,
GAACGACCGAATGATA-1,Tumor
TTCGCCGCTCGCGCTA-1,
TCTCGTGTTACGAGGA-1,tumor necrosis and bleeding
AACACGACTGTACTGA-1,Tumor
GCGCGGTCTAGTAACT-1,Tumor
CATGGATTGTCTTCCG-1,Tumor
TGCCTAATTGAAGATT-1,Tumor
CAATTAAGGGTGATGA-1,Tumor
TCAATACAATTGCTGC-1,tumor necrosis and bleeding
TTGTGAACCTAATCCG-1,Tumor
GTATCAGCTTGGGTTC-1,Tumor
AGCATTACGAGGCAAG-1,interstitial and infiltrating cancer cells
ACACTGGGACAGTCGT-1,interstitial and infiltrating cancer cells
ACGCATTCGTGAGTAC-1,Tumor
GTGCTGTTAGAACATA-1,Tumor
CCAGATGTAAATGGGT-1,Tumor
GATCTCGACGCTGTGG-1,interstitial and infiltrating cancer cells
CAATAAACCTTGGCCC-1,Tumor
GGAACCTTGACTCTGC-1,Tumor
CCGTATTAGCGCAGTT-1,Tumor
TGTGTCGAAGTCGAGG-1,tumor necrosis and bleeding
CAGTTCCGCGGGTCGA-1,tumor necrosis and bleeding
CCAGTCTAGACGGCGC-1,Tumor
TCCTCCTAAGACATTC-1,Tumor
TGACAGAAATCTTGCT-1,Tumor
ACATGGCGCCAAAGTA-1,
TAACTGAAATACGCCT-1,Tumor
CGAGAGCTTTCACTAC-1,Tumor
TCCGGCCTGCATCGAT-1,Tumor
CAGTAGATGATGTCCG-1,blood
CTATGTCTATTGAAAC-1,Tumor
CGATAGCGATACAGTG-1,
CCTAAATTAACGGTTC-1,Tumor
CGTGCCCTCCCGAAGA-1,Tumor
TAGTGCTTGAATCCTT-1,
TTCATGGCGCAACAGG-1,Tumor
ACTTGACTCCCTCTTT-1,Tumor
CCATATGGAAACTATA-1,Tumor
TATCACTTCGAGTAAC-1,Stroma
TAATAGAACAGAGTTA-1,Tumor
ATAGCCTCAGTACCCA-1,Tumor
TCGCTAAACCGCTATC-1,Stroma
TCCCGTGTGCAATTTG-1,Tumor
CCCTCATTCTGGAATT-1,Tumor
GGTGCGGATAAGTGGC-1,Tumor
GACCGACTGAAGCGTC-1,tumor necrosis and bleeding
ACCCTATGCCATATCG-1,Tumor
AAGAAAGTTTGATGGG-1,Tumor
CGCTATTCTTAGGCTC-1,Tumor
CGGTGAAGACTAAAGT-1,tumor necrosis and bleeding
CAACTTGTAGTGGGCA-1,Tumor
TAGCAGTAAATACGCG-1,Tumor
CTTTGAAACATATTCC-1,Tumor
AAACCGGAAATGTTAA-1,interstitial and infiltrating cancer cells
AAGCCGCTTTACCTTG-1,Tumor
GAGATCTGCTTGGCAT-1,tumor necrosis and bleeding
TGACATGTAACGTGAC-1,Tumor
CGGGCGATGGATCACG-1,Tumor
CTCAACTAACCCGGAT-1,Tumor
TTGGCCTAGAATTTCG-1,
AATTCCAACTTGGTGA-1,Tumor
GGCTAAAGGGCGGGTC-1,Stroma
CCATATTGGATCATGA-1,Tumor
CGGATTCTGCCTTATG-1,tumor necrosis and bleeding
GGGCGGTCCTATTGTC-1,Tumor
ATGTTGTAGTCTGTTT-1,Tumor
TCAACCATGTTCGGGC-1,Tumor
AGTAACGTTCATCCTG-1,Tumor
TCAAAGTCACGGCGTC-1,Tumor
TGCATCTCCGGATCTT-1,Tumor
TACAACAGCGCATACA-1,interstitial and infiltrating cancer cells
GTTCGTCTGGGTCCCT-1,Tumor
AATGACGTAGGATGTC-1,Tumor
AGTAACTATAGCAGCC-1,interstitial and infiltrating cancer cells
GACAGGTAATCCGTGT-1,interstitial and infiltrating cancer cells
CTGGGCACTAGTCGGA-1,Tumor
GCTAGGCACCACGGAG-1,Tumor
GCAACCACGGCCGCGT-1,tumor necrosis and bleeding
ATAATTAGCTAAGTAG-1,Tumor
AGGCTTAAGTTGCACA-1,Tumor
CTAACCGCGCGCCCGT-1,tumor necrosis and bleeding
TCTGCGAATCGTTCGC-1,Tumor
TACCATGTATTGATTT-1,interstitial and infiltrating cancer cells
TCTAGCATCTTCGATG-1,Tumor
TATAGGGTACTCATGA-1,tumor necrosis and bleeding
GCACACACTGGTAGCC-1,Tumor
CGAGAGCGCGTAGATA-1,tumor necrosis and bleeding
GCAAGTGTAAAGCATG-1,Tumor
TTATCCTCAAGGAATA-1,Tumor
GTTCGTCTAAAGAACT-1,Tumor
GGGCGGGTTCCCTACG-1,Tumor
TTCTGCGAGCGCCCTT-1,tumor necrosis and bleeding
ATCGGCAAGCAGTCCA-1,Stroma
AGGGTCAGTAACCCTA-1,Tumor
TATCTGAGCCGATATT-1,tumor necrosis and bleeding
ACAGCATAGAGCCAGT-1,Tumor
ATCCACATCGACAGAA-1,Tumor
ATGGTTACGAAACATG-1,Tumor
CCCGCAGCGCGAACTA-1,Tumor
CGCAGATCTTCACCCG-1,Tumor
TTCCAGACGAGATTTA-1,interstitial and infiltrating cancer cells
GAACGATAAGTTAAAG-1,Tumor
CATGAACCTCTTATCA-1,Stroma
TATTACCATCCTGCTT-1,Tumor
GCGCGTCATTGGTACA-1,Tumor
CACCGGAGATATCTCC-1,Tumor
TTCGGACTGATGCCTT-1,
ACTCATGGCAGCCTTC-1,Tumor
ATTATGCTCAGTATTG-1,Tumor
TCTGAACTCGTACCCG-1,Tumor
TTGCTCATAGTACGTG-1,interstitial and infiltrating cancer cells
ACCGAGTCTCCTTATT-1,Tumor
CCTCGGACCGGGATAG-1,Tumor
AGGGCGAGCAGCTGAT-1,tumor necrosis and bleeding
ATGATCGGGAATAGAC-1,Tumor
ATACGACAGATGGGTA-1,Tumor
ACACGGGAACTTAGGG-1,Tumor
TCTATCATGCAGTTAC-1,Tumor
GGGTCACTGAGTAGTG-1,Tumor
TAGTCTGCGGCACATT-1,
CTAGACATATATGTAG-1,Tumor
GCGGAGAAACTTCGCA-1,Tumor
TTCTTATCCGCTGGGT-1,Tumor
CCGAAGTATATTGTTC-1,Tumor
ACTATCGCCGGCTAAA-1,blood
ACGTACAGATTTCTCT-1,Tumor
GCAAACCTTGGCCATA-1,Tumor
TATGAAGAATTAAGGT-1,Tumor
CGGAAAGAATCAAACG-1,Tumor
TGTGGACTATCTACGT-1,interstitial and infiltrating cancer cells
TTACACGATCTGCGAC-1,interstitial and infiltrating cancer cells
TGGGCCCATACTAATT-1,Tumor
TGCCTTGCCCTTACGG-1,Tumor
GATAGGATTAATTACA-1,interstitial and infiltrating cancer cells
ATCCACTTTCAGACTA-1,Tumor
GCTGAGGCGTGAGTAT-1,Tumor
TGGCGGTGTGCGATTG-1,Tumor
TTCGACGGGAAGGGCG-1,Tumor
TCCATTCCCACTAGAG-1,Tumor
TAAACGTCGTCAATGA-1,Tumor
AGACGAAGTGCCGGTC-1,Tumor
TCTTTCATCCGTCCTT-1,Tumor
GACTGCACCAGCCCAG-1,Tumor
TAGAATAGCCGATGAA-1,Tumor
TTCGAACGAAACATGC-1,tumor necrosis and bleeding
ACAAGTAATTGTAAGG-1,
CGTAACTTCGACACTT-1,Tumor
TTAGACACGATCGTTG-1,Stroma
TATATCATTGATCAGT-1,tumor necrosis and bleeding
TCTTCTATAACCCGCC-1,
CGCCGTTCAGCATAGT-1,Tumor
TTAGGTCATAACCGAC-1,Tumor
CTTAGCCCGGATAGTG-1,tumor necrosis and bleeding
GGGCCATTCGTGCTGG-1,Tumor
CTTTAACTTTCAAAGG-1,Tumor
GAAATACCTGCTGGCT-1,Tumor
TCAACATCGACCGAGA-1,
AGGAACGAACGACTTC-1,interstitial and infiltrating cancer cells
CCGAACCTTCCCGGCC-1,Tumor
GGATCTACCGTTCGTC-1,tumor necrosis and bleeding
GTCTTGAGGAGCAGTG-1,interstitial and infiltrating cancer cells
TCAAATTATGTTCGAC-1,interstitial and infiltrating cancer cells
CGATGGACCCTACGCC-1,Stroma
TGCGACGGCCGAACGT-1,Tumor
AAAGACTGGGCGCTTT-1,tumor necrosis and bleeding
ATGGAAATTTAAGGAG-1,tumor necrosis and bleeding
ATTGGGAATATCTTGG-1,Tumor
CCGCTTGCTGACATGG-1,Tumor
AGAACCCTCAATTGGG-1,tumor necrosis and bleeding
ACGCGCTACACAGGGT-1,tumor necrosis and bleeding
TAGAGTCTAAGCGAAC-1,Tumor
TTCGCACTGTACGACA-1,Tumor
GCAAACGTCGCCAGGT-1,interstitial and infiltrating cancer cells
ACTAAGGACGCACACC-1,Tumor
ACAAGGGCAGGCTCTG-1,Tumor
AGCAGAAGGAGAAAGA-1,Tumor
CTTAGATGTTTCATCC-1,Tumor
CCTGTCGCCCGTAAAT-1,Tumor
ATTATGAGACCCAATT-1,Tumor
TGAAACTTATGCAAGC-1,
AGATGAGGGTTGCGAT-1,
CATGTGGGCTCATCAC-1,Tumor
GCGCGTTTAAATCGTA-1,Tumor
TGCCTGACATCGGTCA-1,Tumor
ATCTTATCGCACACCC-1,
GGACTCGAAGCTTTCA-1,interstitial and infiltrating cancer cells
TGGCAATGGGACGGCG-1,Tumor
TTGAATTCACGTGAGG-1,Tumor
TGCGTTTGTTGACACT-1,Tumor
CCCGCTTGCCCTCGTC-1,Tumor
AGTCGTCGACCACCAA-1,Tumor
CAAGGATCGCATGTTC-1,Tumor
CTCTTCTATTGACTGG-1,Tumor
AGTCTAAAGTATACTC-1,Stroma
GCAATTAGTCGCACCG-1,Tumor
GGGCACGAATTGGCCG-1,tumor necrosis and bleeding
TAGCAGATACTTAGGG-1,Tumor
CGTTCAGACCCGCGAA-1,Tumor
CCGGGCTAAGAATTTC-1,Tumor
TAACAAAGGGAGAAGC-1,Tumor
GCATTGTAATTCATAT-1,tumor necrosis and bleeding
TCGCATTCAATGACTT-1,Tumor
GGAGAAGTCATTGGCA-1,Tumor
CGTGACCAGTCCTCTG-1,Tumor
GATATGAGACACTAAC-1,Tumor
TTGTTCAGTGTGCTAC-1,Tumor
TGCCAATGGGTACTCT-1,Tumor
TCCTTGTCCTTTAATT-1,Tumor
GTCTATACACGCATGG-1,
TCCCGCGTACTCCTGG-1,Tumor
TACGCCGCCTCAGAAG-1,interstitial and infiltrating cancer cells
TTGTATCACACAGAAT-1,
CACACACGCTAACGAG-1,Tumor
GTAACATCAGCTCATC-1,Tumor
GAACGTCTCATGGTCG-1,Tumor
GCTCGACCGAACTGAA-1,Tumor
AGAGCGGGCTAATCAT-1,Tumor
GACATACTGTCGCAGA-1,
CGTGCCCGACATTTGT-1,Stroma
CTAACTGATAATCGCC-1,Tumor
CACGACCACAGACTTT-1,Tumor
CGAGTTCTGTCCCACC-1,Tumor
AGCGGTTGCCGCTCTG-1,Tumor
ACCACAACTCAGAACA-1,Tumor
TCGTATAGTGCAATTA-1,Tumor
AACGGACGTACGTATA-1,Tumor
AGGCGGTTTGTCCCGC-1,Tumor
AATATCAAGGTCGGAT-1,Tumor
TTACTCTGGTACGTAC-1,tumor necrosis and bleeding
GTATCGGGACGAGCTG-1,Tumor
GAAGGGTCATTAAGAC-1,Tumor
CCGGAGCGTACTTTCT-1,Tumor
GCAGATCCATAAGACT-1,Tumor
TGGACTGTTCGCTCAA-1,Tumor
GGGTGGTCCAGCCTGT-1,Stroma
TCAATCCCGCGCCAAA-1,interstitial and infiltrating cancer cells
CGTGACATTGGGTCGT-1,Stroma
CCTGCGTTCTACGCTT-1,tumor necrosis and bleeding
GGGTGCATATGAAAGC-1,Stroma
TTGTCTCGGCAAGATG-1,tumor necrosis and bleeding
ACCTACTATAAATCTA-1,Tumor
GTCGTATTGGCGTACA-1,Stroma
TCATGCAGGTTCTCAT-1,
ATGGATCCGGCGTCCG-1,Tumor
TTATGACAAACTGGAT-1,
ATGAGGAGTGTTAATC-1,
CGATACCTCGCGGACA-1,Tumor
ATACAGCGTCCACTGA-1,Tumor
TACTTTACTGAGCCGG-1,
GTACGAGATTGCGACA-1,Tumor
GCCTCATCTGGAAATA-1,Tumor
CGATCTGTTGGAGGAC-1,Tumor
AGACAGCTCAGAATCC-1,tumor necrosis and bleeding
CCCGCAAATAATCATC-1,tumor necrosis and bleeding
CCGTGAGGCATTCATG-1,Stroma
TCGTTTACGCGACCCT-1,Tumor
AACATTGAAGTTGATC-1,Tumor
GTGGTTTCCGCCTTTC-1,tumor necrosis and bleeding
CCGGAGGTCTTATGGT-1,Tumor
ATTGGATTACAGCGTA-1,Tumor
AACGCTGTTGCTGAAA-1,Tumor
ACACCACATAATTAGC-1,Stroma
CATACACGGTTCCCAC-1,Tumor
ACGCTACTGAATGGGC-1,interstitial and infiltrating cancer cells
ATGGGTGTATACCTCC-1,Tumor
GTTGCCCTAACGGGTG-1,Tumor
CGCCATCCGATTATGA-1,Tumor
ATAAACCATTGGACGG-1,Tumor
TGATTTATTAGCTGTG-1,tumor necrosis and bleeding
GAACGTTTGTATCCAC-1,
CTCAGAGCTAATGTCG-1,Tumor
TGGTATCGCATCCCAA-1,
AAAGCTTGCCTACATA-1,Tumor
GTCGTGTCTGGTCATC-1,Stroma
GTTAGCCGTAAATCAA-1,Stroma
TGGACCACGGCGTTGA-1,Tumor
CATGATCGCTTTGAGA-1,interstitial and infiltrating cancer cells
GCCCAGATGCTGGAGA-1,
TAATACTAGAACAGAC-1,Tumor
AGGGCTGCAGTTACAG-1,Tumor
CTCGTGGCACTGAAAG-1,
GGTCATTGTAGTCATA-1,Tumor
CAAACTACGATAGAGA-1,Stroma
GCGGGCGAGCCTTACC-1,Tumor
GATGACAAGTAGGGCA-1,Tumor
TTCCTTTCTGTGTTGC-1,Tumor
GGTACAAACATGCTAT-1,Tumor
GCAGTTCGATCCGAGC-1,interstitial and infiltrating cancer cells
GCACGCCTACTTAGAT-1,Tumor
AAACATTTCCCGGATT-1,Tumor
TAAAGCGGTATTTCCA-1,Tumor
CCTGTACTCACGCCCA-1,tumor necrosis and bleeding
AGGGTCAGAGCACTCG-1,Tumor
GATGCCACACTACAGC-1,Tumor
TGAGTGGTCCGTGACG-1,Tumor
TAACTATCGAAGGTCC-1,tumor necrosis and bleeding
TTGCCTTCTCGCCGGG-1,interstitial and infiltrating cancer cells
ACAAGCTATATGGAAG-1,tumor necrosis and bleeding
ACCTCCGCCCTCGCTG-1,Tumor
CAGGGAGATAGGCCAG-1,Tumor
TACCTATCCCTAGAGG-1,tumor necrosis and bleeding
CAGTGAATAAATGACT-1,Tumor
GGAAGGACACCGTATA-1,Tumor
TAACCTACCGTCCGAG-1,interstitial and infiltrating cancer cells
GTGCGCTTACAAATGA-1,Tumor
TCTGCATACCTTGCTT-1,Tumor
GATGTCGGTCAACTGC-1,Stroma
GCATGCTAATAACGAT-1,Tumor
GCTGGTGACTCGTAGT-1,Tumor
CTGCTTTATGTCCGCG-1,Tumor
GCGGTAACCCAAATGA-1,Tumor
GCAGAAACGTAATCCA-1,Tumor
TTATGCGTCCCGGTCC-1,Tumor
GTGTCGTATTCACCTT-1,Tumor
TCGTTGCTATCCGGTC-1,Tumor
GTAATCTGATTCTTCG-1,Tumor
TATTTGATTTGCACAG-1,interstitial and infiltrating cancer cells
TCGGCTAACTTCCCTT-1,
AAGGCTGTGCTCATCG-1,Tumor
CCAACTTGATAGATCC-1,interstitial and infiltrating cancer cells
TTAACGAACAAGCAGT-1,Tumor
CAACAGTGCCAAACGG-1,Stroma
CTTGAGGTTATCCCGA-1,Tumor
TTGCGGAAAGCTGCCC-1,tumor necrosis and bleeding
TCCGGTTCGTCCGGTC-1,Tumor
CATCAACACCTACTAA-1,
CGTATTGTTTCCTAAT-1,Tumor
CCACGAGAAGAGAATC-1,Tumor
TAAGAGGGACAGGGAC-1,tumor necrosis and bleeding
ACCGCTAGTCATTGGT-1,
CCCTGCGCTACGCATA-1,tumor necrosis and bleeding
GCCGGTCGTATCTCTC-1,Tumor
TAAAGAGCCCGAAACC-1,Tumor
GAGCGCAAATACTCCG-1,Tumor
TTGAAAGGTGTAAAGG-1,Tumor
CGTGGTACCCAAAGGC-1,Tumor
TGTGTAGTAGCACGTG-1,interstitial and infiltrating cancer cells
CTATTTGCTTGGAGGA-1,Tumor
CTCGGTTGTCGGCCCT-1,Tumor
GAGGGTAGTAACAAAG-1,Tumor
GTAAGCGGGCAGTCAG-1,Tumor
TGTTGGCTGGCGGAAG-1,Tumor
TCGCGCGTTTACATGA-1,Tumor
GCCACCTTATTCGCGA-1,
CGCGAAGTGGCATACT-1,Tumor
GAAGGGCATAACCATG-1,Tumor
GTGCCATCACACGGTG-1,tumor necrosis and bleeding
CGAACGGCCGGACAAC-1,
CAGAGTGATTTAACGT-1,
GTTGCAGTCGACAACA-1,interstitial and infiltrating cancer cells
GGTCGGTCGTCCACAG-1,Tumor
GAAATTCACATCGCTG-1,Tumor
GATCCGGGAATTAACA-1,Tumor
TTCTACCTTTATGTTG-1,Tumor
CTGTATGGTGTAGAAA-1,Tumor
CTGGTAAAGTGTGGGC-1,interstitial and infiltrating cancer cells
AGGACAGTCGAATCCC-1,Tumor
CCCGCTAGAGGGTTAA-1,Tumor
CTTAGTAGGCCTACAG-1,interstitial and infiltrating cancer cells
ATGGCCCGAAAGGTTA-1,interstitial and infiltrating cancer cells
TCGCGTCCAGAAGGTC-1,tumor necrosis and bleeding
TTCACTCGAGCACCTA-1,Tumor
TCTATTACGCTGGCGA-1,Tumor
CGCAATTACTTTCGGT-1,
CTAACAGCACAATAAC-1,tumor necrosis and bleeding
TGGATAGAGTAACAGA-1,Tumor
CGCCTGGCCTACGTAA-1,tumor necrosis and bleeding
GCAAAGGGCGTTAGCC-1,Tumor
GGTTCCCTAGTGTCTC-1,Tumor
ACGTGCGCCTCGTGCA-1,Tumor
TCTCCCTGGGCAGCGT-1,Tumor
ATGCTCAGTGTTGCAT-1,Tumor
CTATGCCCGAATGCAA-1,Tumor
CGTTGAGCGACCGTCG-1,Tumor
TCGAGGGCAACAGACG-1,interstitial and infiltrating cancer cells
ACTCAATAAAGGCACG-1,Tumor
ACAACAGCATGAGCTA-1,Tumor
CGTCAGTTTATCGTCT-1,Stroma
ATCTGGTTAAGACTGT-1,Tumor
TCTGGAGCGTAAGAGT-1,Stroma
TGCTTAGAGAGAATGC-1,Tumor
CCTCGCGCTGTGCGAT-1,Tumor
GAAGAAACGATATTGT-1,Tumor
CGTGCATTGTCGACGC-1,tumor necrosis and bleeding
TGGGTTCCCGGACGGA-1,blood
AGTGCTAAACACAGCA-1,Tumor
ATATCTCCCTCGTTAA-1,Stroma
GGACAAGTTGCAGTGA-1,tumor necrosis and bleeding
TTCGAGCCGGCGCTAC-1,Tumor
CACACTTGTATTGCGA-1,Tumor
TAGATTCAAAGTGCGG-1,Tumor
ACGTCGGGCAACTCGG-1,Tumor
ACCGCGGTGGAAGTCG-1,
GCCCGATCTGTGGTCG-1,Tumor
CGAAGACGGTGAGTGC-1,tumor necrosis and bleeding
CTACGATCCTATCCTA-1,Tumor
CCGACGTAAACACAAC-1,Stroma
AAGGGTTTGATTTCAG-1,tumor necrosis and bleeding
GCCGACCCACGACTGC-1,Tumor
AGATATAATACGACTA-1,Tumor
AAATAGGGTGCTATTG-1,Tumor
CCCTTCTCGTACGCGA-1,Tumor
TGCCGATGTCATCAAT-1,Tumor
ACACGTAGGCCACAAG-1,interstitial and infiltrating cancer cells
TCGCTGGGCGGATTGT-1,Tumor
AGGTATAATTGATAGT-1,Stroma
GATTAGAAACAAGCGT-1,
TCGCCGACATATTCGC-1,Tumor
GCGAAACTTAACTGGA-1,Tumor
TATACTCATGCGGCAA-1,
ACCACTGTTCAAGAAG-1,Tumor
CGTTCATGGTGCGCGT-1,Tumor
TGCCTTGGCCAGGCAA-1,Tumor
TTATGAATGAAAGGGA-1,Tumor
GTCCTTCTACAACCCA-1,tumor necrosis and bleeding
TGAGTAAATTAGCGTA-1,Tumor
GGGAGGATGCCCGAAA-1,Tumor
CCGAAAGTGGTGAGCA-1,Tumor
GCTGGCGGCGCATGCT-1,Tumor
GGGTGACACCTTAACT-1,Tumor
TCCACTTTATCTAGGT-1,Tumor
ATGTTACGAGCAATAC-1,Tumor
GTACGCTTCATTGCAC-1,Tumor
GCAACAGCAGTATGCG-1,
TCGGAATGCGCTCTGA-1,tumor necrosis and bleeding
CGCATCCATCAGCCAG-1,Tumor
GAGTAGATACTAGTTG-1,Tumor
AACAGGATGGGCCGCG-1,tumor necrosis and bleeding
GGAGGATTGAAAGGAG-1,Stroma
AGTACATCATTTATCA-1,Stroma
AAATTAATAAGCGCGA-1,tumor necrosis and bleeding
AACCCATCCCATGATC-1,Tumor
TCAAACTTAGATTGTT-1,Tumor
GTGGTGGCCAAGTGAA-1,Tumor
GCATCCTCTCCTATTA-1,Tumor
CTGCACCTGGAACCGC-1,Tumor
GACCGATTAAATATGT-1,Tumor
GCAGCGGTGGGCATTA-1,Tumor
CTTAGGTCCCAATCGT-1,Tumor
ATCCTTCTGAAAGAAC-1,interstitial and infiltrating cancer cells
GAATTATAGTGAAAGG-1,Tumor
TACCAATAAAGTACCA-1,Tumor
CACGACTAAAGTTCTG-1,Tumor
TCGCCGGAGAGTCTTA-1,Tumor
CTTCTATTAATGCTAG-1,Tumor
TCGTCTTAGGCGTTAA-1,Tumor
ACATCGGTCAGCCGCG-1,
GTCTTCCTCACCTAAG-1,tumor necrosis and bleeding
CAAACCATAAGCGTAT-1,Tumor
CAGAATATTCGTTATC-1,interstitial and infiltrating cancer cells
TCTACGGGCTCAGTTG-1,Tumor
GTGAACTCCCATTCGA-1,Stroma
ATTGATGAGTCCTAAC-1,interstitial and infiltrating cancer cells
GTGAGATAACCTTATA-1,Tumor
GTGGCCGGTTTCTCGG-1,Tumor
TATGACCTTGCGCTGG-1,tumor necrosis and bleeding
GTTGGTCATGCTATCC-1,Tumor
GCTCAACCTCTTAGAG-1,Tumor
GGTGTAAATCGATTGT-1,Tumor
TAGGGAGCTTGGGATG-1,Tumor
AAATAGCTTAGACTTT-1,interstitial and infiltrating cancer cells
GTCTGTAGGTTGAACA-1,tumor necrosis and bleeding
CTCTGCAGGCATTCTT-1,Tumor
AATGGTTCTCACAAGC-1,Tumor
CATACAAAGCCGAACC-1,Tumor
TTGGTTCGCTCAAAGG-1,interstitial and infiltrating cancer cells
GTCAGTTGTGCTCGTT-1,
ACGAGTACGGATGCCC-1,Stroma
AGTGAGACTTCCAGTA-1,Tumor
GATTGCTCCAGTTGCA-1,Tumor
CTCTATTTGGCTGCAG-1,Tumor
ACCAACCGCACTCCAC-1,Tumor
TACCTCACGCTTGTAC-1,Tumor
CCGAGAAGTCGCATAA-1,interstitial and infiltrating cancer cells
TATGGGACCGAGCAGG-1,Tumor
GTCATTGCATTGACCC-1,tumor necrosis and bleeding
GTGAGGAGCGGTTGAG-1,Stroma
CGCTGAGGACGTCCAA-1,Tumor
GAGGTCCGTTCGCTGT-1,tumor necrosis and bleeding
ACAGTGCAGCGCATTT-1,Tumor
ATCAAACACTGTTCCA-1,
AGCGATGCGCCTAATA-1,interstitial and infiltrating cancer cells
TTGCTGATCATGTTCG-1,Tumor
GCAGATCCTCGCAAAT-1,tumor necrosis and bleeding
TAGGAACAGCCTCCAG-1,Tumor
ATTATACTTTGCTCGT-1,Tumor
CCAGTCTTGTCATAGA-1,Tumor
CTGGCGACATAAGTCC-1,
TGCGCAAAGCATTTGG-1,Tumor
CTATGGGAAGCGGAAT-1,Tumor
ACATAATAAGGCGGTG-1,Tumor
TAAGATTTAGCGGGAG-1,Tumor
ACCTGCGTGTCATGTT-1,Tumor
GCTACAGTACGGACCG-1,tumor necrosis and bleeding
GTGCAGCGTAGAGTAG-1,interstitial and infiltrating cancer cells
ATATAGAGTATTGGTC-1,tumor necrosis and bleeding
ATCTGATAGTGTCTTA-1,Tumor
CCCGGTGGAAGAACCT-1,Tumor
GAATCTGAACATTCTC-1,Tumor
TCAGATGGAGACGTAG-1,Tumor
GTAGCCAAACATGGGA-1,Tumor
ACCGGGCCTTTGTTGA-1,Tumor
CCATGCTCTGCAGGAA-1,Tumor
CGTCATACCATATCCA-1,Tumor
ACCAAACACCCAGCGA-1,Tumor
GAGGAGATCCTCATGC-1,Tumor
AGACCAAACCACACCT-1,tumor necrosis and bleeding
GAAGCCACTGATTATG-1,Tumor
ACCACGTGCAGCTATA-1,Tumor
ATAGAGTACTGGGACA-1,Tumor
TGCGGCATAGTTCAAC-1,Tumor
CGTGTCTCGTTACGAC-1,Tumor
AGACGACGATGCCGCT-1,Tumor
GTCCTACTCTACGGGC-1,tumor necrosis and bleeding
GTTGTAGATTTATGAG-1,Tumor
CAGTGTTAATCTCTCA-1,Tumor
ACAATCCATTTAAACC-1,tumor necrosis and bleeding
GCTAGTTTCATTGAGG-1,Tumor
TGTGTTCGTATCCAAG-1,tumor necrosis and bleeding
GTGCGGGACCATCGGC-1,Tumor
CCTGACAAACTCGCGC-1,blood
GTTCCAGTCTGACCAT-1,Tumor
TATACACGCAAAGTAT-1,Tumor
ATATACATGTATGGTA-1,tumor necrosis and bleeding
AACCAGTATCACTCTT-1,Tumor
ATGTTGATTAGAGACT-1,Tumor
CTCATCACTTAGTGAT-1,Tumor
TTGTAATCCGTACTCG-1,Tumor
TTCTAGAAAGTCTTAT-1,Tumor
AGTCAGCCACCGCCTG-1,Tumor
GCTTTCAGAGGAGGTG-1,
CTCACACGCAAGCCTA-1,Tumor
CATATGTCAGGCTACG-1,Tumor
CGCCCTTGAAGGCTGA-1,Tumor
GATAGCGTACCACGCG-1,blood
AGTTTGGCACGGGTTG-1,Tumor
TCATTCGTATAATTTG-1,Tumor
CAGTGTCGGCTGGCCC-1,Tumor
CTGAAACGGCCCTCAG-1,Tumor
AACTACCCGTTTGTCA-1,interstitial and infiltrating cancer cells
TGGTAGAATATATGGG-1,Tumor
GTCCATTACTGCTACG-1,interstitial and infiltrating cancer cells
AGTACGGCCCGTATCG-1,tumor necrosis and bleeding
CCAAGGAACAGAGAGG-1,Tumor
CGCTTCGGTCTAAGAC-1,
CTTATAGATGGCTGTT-1,interstitial and infiltrating cancer cells
TTGGTGCGGTGTTGAA-1,Tumor
GTCGTACCTACGATTG-1,tumor necrosis and bleeding
GTCTACTCAATTACAA-1,tumor necrosis and bleeding
AATGTGCCCGAGGTGT-1,Tumor
TTGGACATGTGGCTTA-1,tumor necrosis and bleeding
GAGTATACCCTAATCA-1,Tumor
GGATGACGCGAGTTTA-1,Tumor
TCGATTTACGAAACGA-1,Tumor
GCCTTCAGCCCTACCG-1,Tumor
ATTCCTAAGACGTGGA-1,Tumor
AGGCAATACGGAGGAC-1,Tumor
CCTCTGGCCTAGACGG-1,Tumor
TATGGAGTTTCTCGTT-1,Tumor
TTATCCGGGATCTATA-1,Tumor
TTGCAGGTCATGAAGT-1,Tumor
ATAAGTTACCGCGACG-1,Tumor
GTCCGGCTGAATTGCG-1,Tumor
CACATAAGGCGACCGT-1,Tumor
GGCCCGTATACCATGC-1,Tumor
CGAGGGTATCCAGGTG-1,Tumor
GTCCGTTAGAGGGCCT-1,Tumor
TGTTCTCTACTCCCTA-1,Tumor
CGCAAACACGAGTTAC-1,Tumor
GAGATGACAATCCTTA-1,Tumor
ATCTAATATCCTACGG-1,Tumor
CTCCGGCTTGTAGACA-1,Tumor
GCCTATTCCGATATAG-1,
ATCGCACGATTGTTCA-1,Tumor
ACCCTTTAGTTCTCCA-1,Tumor
CTGGTCCTAACTTGGC-1,Tumor
TCTCCAACGTAGGTTA-1,Tumor
CAGATAATGGGCGGGT-1,Tumor
AAACTCGGTTCGCAAT-1,Tumor
AGGCCTGAGAATCTCG-1,Tumor
TTAGTAGGGCGGCGGG-1,tumor necrosis and bleeding
TGATTCCCGGTTACCT-1,Tumor
CACTCCTCTCGGTCGG-1,Stroma
AAGGAGAACTTATAAG-1,
CTATCGACGAAATACA-1,Tumor
ATAAACGTTGCACCAC-1,
CTAATTCGCACGCGCT-1,
AACATTGTGACTCGAG-1,Tumor
AAGACCCAACTGAACA-1,Tumor
CGTCAATCTTTAACAT-1,Tumor
CCATACCTTTACTTGT-1,Stroma
CGGCGCCATCAATCCC-1,Tumor
TGGTTAACTTACATTT-1,tumor necrosis and bleeding
TGGGCACGTTCTATGG-1,Tumor
TGCCATGGCTTATAAG-1,Tumor
GACTACAATTGCTCGT-1,Tumor
GTATCTTTCATAACCA-1,Tumor
ACGTTATTGGTCACTC-1,Tumor
CTGTGCAGGGTAGGTC-1,Tumor
AGATCTCAGGTGTGAT-1,Tumor
ATAATACCGTTAGCCG-1,Tumor
CCTACGCGACCTTACA-1,Tumor
GGAACCGTGTAAATTG-1,Tumor
ACAAACCGACAAGGCG-1,Tumor
CATCAAACTGGCGCCC-1,Tumor
TACGCCGAGGGTACCC-1,Tumor
ACGATGCATATGTTAT-1,
ACTCCCATTCCTAAAG-1,Tumor
ACTGTATACGCGAGCA-1,Tumor
GACCGTTACATGCGAC-1,tumor necrosis and bleeding
GATATTGAGATTGGCG-1,interstitial and infiltrating cancer cells
GCTAATACCGAATGCC-1,Tumor
AATAACAACGCTCGGC-1,tumor necrosis and bleeding
CGCCCAGCGTTTCACG-1,Tumor
GATAGGTAACGTTGAC-1,Tumor
TAAGCCCTTACGACCA-1,Tumor
TCAAAGAGCTATCTGT-1,tumor necrosis and bleeding
CTCGAATGGAACGTAT-1,
TCTGTTTAGATTGTTC-1,Tumor
TTAAGGATACGGAGGT-1,Tumor
TTCGCTAGGAAGTTGT-1,interstitial and infiltrating cancer cells
GTCATCCCAAACTCAC-1,
ACACGGCACTATGCAT-1,Stroma
TACTGGACAGCTCGGC-1,tumor necrosis and bleeding
CATGCGTTGAGAGGAG-1,
TGCGGAGTAAAGGTGC-1,Tumor
TAGTTAAGATAGGATA-1,Stroma
GAGGCCTGTTGATACA-1,interstitial and infiltrating cancer cells
AGTTAAGTCAACCGCT-1,Tumor
GATAGAACCCGCTAGG-1,Tumor
TAAACCCAGGAGGGCA-1,Tumor
ATCAAAGAGCCGTGGT-1,Tumor
GCCTGCTACACTGAGA-1,Tumor
GCCAGGAGTAACCGAT-1,Stroma
CCTTCTTGATCCAGTG-1,Tumor
GTGCAACAAATGTGGC-1,Tumor
TTGACGATTCAGCACG-1,Tumor
TGTGGCAAAGCGTATG-1,Tumor
TCATTTAAGTCTCCGA-1,
GACTGCGGCACGTGTA-1,tumor necrosis and bleeding
AACTCGATGGCGCAGT-1,Tumor
CGAATTACATGGTGTT-1,Tumor
TTGTCGTTCAGTTACC-1,Tumor
ATTGCCTATTAGACCG-1,Tumor
GCCATTAGCCTCAAAC-1,Tumor
ACGACTCTAGGGCCGA-1,Tumor
ACCGGTCAGGTACACC-1,Tumor
AATAGCTACCGCGTGC-1,Tumor
AGAGCCGCCGAGATTT-1,interstitial and infiltrating cancer cells
AATACCTGATGTGAAC-1,
GGGTGTTTCAGCTATG-1,Tumor
TTGTAAGGACCTAAGT-1,Tumor
CTTTCTGTGCGGGCTT-1,Tumor
TCATCCATCTGATCAC-1,Tumor
GGTCTTGAGCGCTCTT-1,Tumor
CACTACGGGAGCTGCC-1,interstitial and infiltrating cancer cells
TGTGCTTTACGTAAGA-1,tumor necrosis and bleeding
TCGGGAACGTGCCTAG-1,Stroma
CCAAGAAAGTGGGCGA-1,Tumor
GTCGGAAGGATACCAG-1,Tumor
AAGCCGAAGCGGTTTA-1,
ATTGAAGATCTTAGTG-1,Tumor
TGCCGTGGGACCCAAT-1,Tumor
TTCGTGGGCTGGAAGC-1,Tumor
TTCAAGCCGAGCTGAG-1,Tumor
CGGGTTGTAGCTTTGG-1,Tumor
CGCGCAAATGTCCAGA-1,Tumor
ACTTCAGGCTGATCCC-1,Tumor
CTAGCGCCAATCCTAC-1,Tumor
AGTCTGGACATCCTTG-1,Tumor
TTGAGCAGCCCACGGT-1,interstitial and infiltrating cancer cells
ACGGAGCGCAAATTAC-1,Tumor
CGCCGACTATTCGCTA-1,tumor necrosis and bleeding
ACGGAACACGAGTGCC-1,
TGTGGCGGGCTTCTGG-1,Tumor
TAACTCCATGGAGGCT-1,Tumor
ACGAGGATACCACTCT-1,Tumor
CCGACGGGCATGAGGT-1,Tumor
GAGTGCACGGACAACA-1,Tumor
TGGAATATCCTTGACC-1,
AACTTTACGGGAGCTT-1,tumor necrosis and bleeding
ACGTTCACTATGCCGC-1,tumor necrosis and bleeding
GTGCGGGTCTCCAAAT-1,Tumor
CGCCTTTAGCATGCTC-1,interstitial and infiltrating cancer cells
CATTGCGGGTCAATTC-1,Tumor
ACTCGCCGTTCGATAA-1,interstitial and infiltrating cancer cells
ACATCGCAATATTCGG-1,
TCGGGATTCAAACATA-1,tumor necrosis and bleeding
GGTTAGTTACGGCGCC-1,tumor necrosis and bleeding
CTGGGATACGCTACCC-1,
AATCGGGACACTACGA-1,Tumor
CCAAGCGTAACTCGTA-1,Tumor
CCTGGAAACGTTCTGC-1,interstitial and infiltrating cancer cells
GAATAGTGCTCGATTA-1,Tumor
CATCTTACACCACCTC-1,
GTTTGTTAGCCAAGTA-1,tumor necrosis and bleeding
CTGGGCCTGCTATATC-1,
TCCATCAATACTAATC-1,tumor necrosis and bleeding
TAGGTTCGAGTTCGTC-1,Tumor
ATAGAGTTATCAACTT-1,
GACTAACACAGCACCT-1,Tumor
AAGAGGCATGGATCGC-1,Tumor
CCGCTATCAGCACCAG-1,Tumor
ACCGATGGTAGCATCG-1,Tumor
CCGTGGAACGATCCAA-1,Stroma
CTCCCTCCTTTCGATC-1,Tumor
CTATATCCAGCCTGGC-1,Tumor
GAGGGCGCAGCTCTGC-1,Tumor
ATGTGGACATCTTGAT-1,Tumor
GTTAATGTCTATCTTA-1,tumor necrosis and bleeding
CATACACAAAGTCAGC-1,tumor necrosis and bleeding
AATCTGGCTTTCTAGT-1,
TCTAACCTAGCCTGCG-1,interstitial and infiltrating cancer cells
GTATGTGGGTCTAGTT-1,Tumor
TCATTTAGAAGTGTGA-1,interstitial and infiltrating cancer cells
GTATCTCCCTAACTGT-1,
AATCTAGGTTTACTTG-1,
TATGATAAATCTAACG-1,Tumor
CAAGGGAGTGTATTTG-1,Tumor
CAGTAACTATTTATTG-1,Stroma
ATCAGGTAGCTGACAG-1,Tumor
GCACACAGCTATTACC-1,Tumor
CTTGTGAGGACAGCGG-1,Tumor
TCGAAATTTAGGACCA-1,Tumor
TCTCTTACCGCGAACC-1,Tumor
GTTGGATTCAGTGGCT-1,Stroma
CGCGGTACGGTATACA-1,interstitial and infiltrating cancer cells
TTAGTTATTCGTGGCA-1,Tumor
TTGGACCTATAACAGT-1,Tumor
CAGTAGCGAGGTAGTA-1,Tumor
GCGTCCAGCTCGTGGC-1,Tumor
GTGGCGTGCACCAGAG-1,Tumor
GGGAGAACTCACAGTA-1,Tumor
CTGCGACCTCGCCGAA-1,Tumor
TCGTTGACAGGGTCCC-1,tumor necrosis and bleeding
CCACTGTTTGGATTAA-1,
AGCGACATCCCATTCA-1,Tumor
ACACCGAGCGCTCTTT-1,blood
AGGGAGACATACTTCG-1,Stroma
CTTCGTGCCCGCATCG-1,Tumor
TCGGCAGGGTTAAGGG-1,interstitial and infiltrating cancer cells
TGTAGCCAATTCCGTT-1,Tumor
ACCAGTGCCCGGTCAA-1,Tumor
TAGTAGCTTATACCAG-1,Tumor
CCACATGGCTCTTTAT-1,tumor necrosis and bleeding
GGCGTCCTATCCGCTG-1,tumor necrosis and bleeding
TCGGCTTGTATCGACG-1,Tumor
GCGTTATATTTGGAAC-1,tumor necrosis and bleeding
CTCTACATCCTGCGTG-1,Tumor
GTTAATAGCGTCATTA-1,interstitial and infiltrating cancer cells
AACAGCTGTGTGGCAA-1,Tumor
TCCAGGCAGGACGATC-1,Tumor
TTCCTCTGCCCGAATA-1,tumor necrosis and bleeding
CACAAGCTAAGAAAGG-1,Tumor
AGCTGAAGTAAACCAA-1,
TAGGATCTTAACCGCA-1,Tumor
TATCCAATTGGTTATC-1,Tumor
GGGCGTCCACTGGCTC-1,Stroma
AGCTTGATCAGGGTAG-1,Tumor
GCCGATTGGCCAAGCT-1,Tumor
TTAAACTCGAATTCAT-1,
ACACATTTCCGTAGAC-1,Tumor
CCTACTGCTTACACTT-1,Tumor
CACCGATGATGGGTAC-1,interstitial and infiltrating cancer cells
GAGCGCTATGTCAGGC-1,Tumor
AACCGAGCTTGGTCAT-1,Tumor
AGCTAAGCTCCGTCCG-1,tumor necrosis and bleeding
CGTAATATGGCCCTTG-1,interstitial and infiltrating cancer cells
ACATCTCAACGCGTAA-1,Stroma
GGGCCGGCCGAAGTAC-1,Tumor
TGCCGTTCTTAATCGG-1,tumor necrosis and bleeding
TTACCCATTGCCGGGT-1,Stroma
CGAATGACGCATAATG-1,Tumor
ATCGCTTTACGTCTCA-1,Stroma
TTGATAGTCAATACAT-1,Tumor
CGCGTGGGCCTGTGTT-1,Tumor
GATAGTGCGAGTAAGT-1,Tumor
CAGTACATTCTCTAAA-1,Stroma
GTGTGAATAACTTAGG-1,Tumor
ATAAGGTGGAGAACAT-1,Tumor
AGATTCACAACCGATA-1,
CCAATTACGGGTCGAG-1,Stroma
TAGGCGATGAGGTCTC-1,Tumor
CAGAATAACACACGGA-1,interstitial and infiltrating cancer cells
ACGAAATGGGCGGCAC-1,tumor necrosis and bleeding
GGTGTAGGTAAGTAAA-1,Tumor
ATTCAGGATCGCCTCT-1,Tumor
GCCGTGGAAGAAATGT-1,interstitial and infiltrating cancer cells
GCCGCACTCCGTTTCA-1,interstitial and infiltrating cancer cells
AGCGGGTCTGACACTC-1,Tumor
ACGTGACAAAGTAAGT-1,tumor necrosis and bleeding
ACCATCGTATATGGTA-1,Tumor
AGAATTATGGATTCGA-1,interstitial and infiltrating cancer cells
TCGTAAGCTCCGAGGA-1,Tumor
TTCCAATCAGAGCTAG-1,Stroma
TCTGTCATACAAGAGC-1,Tumor
GCTAGCAGGGAGTGGG-1,Tumor
CTGCGGTAGTCACGTG-1,
ACCCTGGTAACGCCCT-1,Tumor
ACACCCGAGAAATCCG-1,Tumor
CCAGCGGGATCACCAG-1,Tumor
AAGACATACGTGGTTT-1,interstitial and infiltrating cancer cells
CGCTCTCCGTAGATTA-1,tumor necrosis and bleeding
AGCTTCAATACTTTGA-1,Tumor
TTCCCGACGCTTCACT-1,Tumor
ACATCAGCTGGGACGC-1,tumor necrosis and bleeding
AGAAGTGATTCGTGAT-1,Tumor
CACGGACGTGGATGGC-1,Tumor
GGTACTAAGTGCTTTG-1,interstitial and infiltrating cancer cells
AAACGAAGAACATACC-1,
TTGCGTGTGTAGGCAT-1,Tumor
GCTTCAGTGGGATTAC-1,Tumor
TGCCGGATGTACGAGC-1,Tumor
GCGGGCATTACGATGC-1,
GATAACTCGCACTGTG-1,Tumor
GCCGCTAGATACGCAG-1,Tumor
GTCTCCCGAGTCCCGT-1,interstitial and infiltrating cancer cells
AAAGTGCCATCAATTA-1,interstitial and infiltrating cancer cells
TCAAACAACCGCGTCG-1,Tumor
TGTAATGCCTTCGGAC-1,Tumor
GGCCGCAGGAACCGCA-1,interstitial and infiltrating cancer cells
TAAGGAACTTGTGGGA-1,Tumor
GATGACGATGATCGCG-1,Tumor
ATCAAACGAAGGTTTG-1,Tumor
TTCTTGTAACCTAATG-1,tumor necrosis and bleeding
GCAGTGTGGCTATAGG-1,Tumor
CAACTCCGTAACTTGC-1,Tumor
TGCCCGTACCGTTAAA-1,Tumor
AACCGTTGTGTTTGCT-1,Tumor
CGTGAACTGACCCGAT-1,Tumor
GTCCCAACGTAAAGTA-1,Tumor
TACGTGCAAGGTTCCT-1,
AGAACACGGCGATGGT-1,Tumor
CGTGCACACCACTGTA-1,Tumor
TTGCTGGCCGGGCTTC-1,Stroma
GCTCTCGGGTACCGAA-1,Tumor
TCGCTCGGCACCAGCG-1,
TTAATGTGTTTGCAGG-1,
GAGTAAGGCCACGGGA-1,
AATCAGACTGCAGGAC-1,Tumor
AAGCCGGAGAGCAGGA-1,interstitial and infiltrating cancer cells
GGATTAATCATGGACC-1,Tumor
AGCAACCGAAAGTAAT-1,Tumor
TGACCAGCTTCAAAGT-1,Tumor
AGCAACATATCTTATT-1,Tumor
CTCGTTTCTAATGTTT-1,Stroma
ATAGCTGCTCTTGTTA-1,Tumor
TTCAACGACCCGACCG-1,Tumor
ACTTTGGTCGTGCTCC-1,tumor necrosis and bleeding
AGCGTCTGAACCCGCA-1,Tumor
TATATTCGCGTCGATA-1,Tumor
TCCGTTTAGCCTTGAA-1,Tumor
CGCAGAAACATTTGCG-1,Tumor
TACTCACAACGTAGTA-1,Tumor
AATGTGCTAATCTGAG-1,Tumor
TAAATTTAGTAACACC-1,tumor necrosis and bleeding
GGGCGATCCATAGGCC-1,Tumor
CCGAAGCATTGACCAA-1,tumor necrosis and bleeding
AATCTGGGTAGACCCT-1,Tumor
TCCCTCCGAAATCGTT-1,Tumor
AATTCATTGTCATGCA-1,tumor necrosis and bleeding
CCGCCTTGCGATGTCG-1,tumor necrosis and bleeding
GAAGTCAGTTGCACTA-1,Tumor
GGGACAGAGTTACTCC-1,Tumor
CCAGCTGATGGTACTT-1,tumor necrosis and bleeding
CATAGTCCACAAGAAC-1,Tumor
TACTCTTTCGTCTTCA-1,Tumor
TCTTGGTCAATGATAC-1,Tumor
CAGCCCTCACAGGCAG-1,Stroma
TACATCCCTATCCCTG-1,Tumor
AGTGTGGTCTATTGTG-1,Tumor
GCTCAATGTAATACCG-1,Tumor
GGCATATCGGTTCTGC-1,
GCGATTGTTAACGTTA-1,Tumor
TCATACTTACAGATCC-1,Tumor
TGGAGAATAATCGTCC-1,tumor necrosis and bleeding
TATCGATCTATGCATA-1,
CTGCAGAGAATCAGAG-1,Tumor
TGACGAATATTTCCCT-1,tumor necrosis and bleeding
TACCTCCACACCAATG-1,Tumor
CTAGATAAACTCCTCG-1,Tumor
ATTGATAGCAACGAGA-1,Tumor
GGTGATGAAGGAAGTG-1,tumor necrosis and bleeding
ATATTTAACCCTCAAG-1,Tumor
TAAATTGTGGGTAAAG-1,Tumor
TTGCACGGAGCAGCAC-1,Tumor
CTCACATTTACTAAAT-1,Tumor
TGCGTAAGAACCTGAT-1,Tumor
GATTACTGAATTTGGG-1,
AAACAAGTATCTCCCA-1,Tumor
AAACCACTACACAGAT-1,Tumor
CCTATGGCTCCTAGTG-1,Tumor
GCGCATCCAGTCAGCA-1,
TATGGGTACGTATCGT-1,Tumor
CGCTTATTCCCGGTCG-1,tumor necrosis and bleeding
CGCCACAGGTCGCGAT-1,tumor necrosis and bleeding
ATTCGTCCCGAGGTTA-1,interstitial and infiltrating cancer cells
GGCAGCAAACCTATGC-1,Tumor
GTCTATTGGTTCCGGT-1,Tumor
CTCTGTGCCTGCTATG-1,Tumor
ATTAACACCTGAGATA-1,blood
TAGACTACCTAGCGTT-1,interstitial and infiltrating cancer cells
ATCTCGTGAGCGAAAC-1,interstitial and infiltrating cancer cells
TAACATACAATGTGGG-1,Tumor
TTAGCCATAGGGCTCG-1,
CTTGTTTATGTAGCCA-1,Tumor
CGGGTGTACCCATTTA-1,Tumor
TCATCCTCAGCTGCTT-1,Tumor
TAGGTCGCCGGAACTG-1,interstitial and infiltrating cancer cells
AATTACTCGTACGCTC-1,Tumor
CTCGTCTGTGCCTTCG-1,Tumor
CCTAACTAAGGCTCTA-1,Stroma
TCTTTCTCTTAAGGAG-1,
GATATCAGTATGTATC-1,Tumor
AGCCCTCCCTGGTGGC-1,Tumor
TCTGAATTCCGTACAA-1,Tumor
CGGCCAGAGCGACCAT-1,Tumor
GAGCACGGCGCCTCTT-1,interstitial and infiltrating cancer cells
GGGATTATCTCACAAC-1,Tumor
CAGGCCGTTTGGGTGT-1,Tumor
CTGGCTGCTAACGTAA-1,Tumor
GCTCTTTCCGCTAGTG-1,Tumor
TGTTGTCAAGAAGTCT-1,Tumor
CATTCACTGACAGCTA-1,Stroma
CGGTTTATGAAGGAAC-1,Tumor
CGTTTCGCTCATTACA-1,Tumor
CTCAAACCACTGCCCG-1,Tumor
TTGACATGAACGTGGA-1,Tumor
GTGCCAAACGTTTCGA-1,Tumor
CAACCTGAACCTGCCA-1,Tumor
GTTTGGTGATCGGTGC-1,Tumor
CCCAAGTCATTACACT-1,Tumor
GGGTCGTGGCAAGTGT-1,Stroma
GGGCCCTACGAAAGGG-1,tumor necrosis and bleeding
GAATTATGCAACCTAC-1,Tumor
ACCTCGAACTTATGCT-1,
CAAGCGGCACATAATT-1,Tumor
CTGGTCATTCCAATCC-1,tumor necrosis and bleeding
CCGCACACGAACGTGT-1,interstitial and infiltrating cancer cells
ACTATTCGTCCGTGGT-1,Tumor
TACCTCAGTTGTCTGT-1,Tumor
TTGACGCTCCATGAGC-1,Tumor
ATCGCCAGTCAACATT-1,
TGAAACCTCAACTCAC-1,Tumor
CCACGGAGCCATAAGA-1,Tumor
GCAGAAGGTAATCTCC-1,interstitial and infiltrating cancer cells
ACTCCCGTAGACTAGG-1,Tumor
TAGTCGGGATTCTTCG-1,blood
GACACAAGGGAAGAAA-1,Tumor
GAGTAAACCGGAAAGT-1,interstitial and infiltrating cancer cells
GTGATCATAGATCTGC-1,Tumor
GCTCCATGAGTGCAGA-1,interstitial and infiltrating cancer cells
GGAACCCGAACAAGAA-1,tumor necrosis and bleeding
TATGATTCTGCTTGGT-1,Tumor
TGACAACTTAAAGGTG-1,tumor necrosis and bleeding
CGAAGATCAGTTTCAT-1,Tumor
AGCCCGCACTACAATG-1,interstitial and infiltrating cancer cells
TGTCGGCATGGTGGAA-1,Tumor
TACCTGCTGCACTGTG-1,tumor necrosis and bleeding
AGCTCTTCGTAACCTT-1,interstitial and infiltrating cancer cells
CCTGCGATAGAACTGT-1,Tumor
TCTGTTACCCAGCATA-1,Tumor
TAGAGATCATGCAACT-1,tumor necrosis and bleeding
GCCCGAGAGTCTAAAT-1,tumor necrosis and bleeding
AACTTCTGCGTCTATC-1,Tumor
GGGAATTCTGTCCAGT-1,tumor necrosis and bleeding
CCTCGCCAGCAAATTA-1,Tumor
ACTGCTCGGAAGGATG-1,
TTGTGAGGCATGACGC-1,tumor necrosis and bleeding
CCGATTCGAGGGACCC-1,tumor necrosis and bleeding
GGACACCTCGGTGTTG-1,Tumor
ATTGGTTGTGCATTAC-1,interstitial and infiltrating cancer cells
CGGAGCTTATAACACC-1,Tumor
ATATGTCTAGAGCGTG-1,Tumor
GGGCGCAGCGTTACTC-1,Stroma
GCTGGTTTAGGCCATA-1,
ATATAAATGTAGCTGC-1,Tumor
GGATTTCACTTCTATA-1,Tumor
GGTCCACGTCTATTTG-1,Tumor
GAATGCGAATCGGTTC-1,Tumor
TATGTCAAGACCGACT-1,Stroma
CCATCGCAGTTAAACT-1,Tumor
CCCTTTAATGGAGTTC-1,interstitial and infiltrating cancer cells
AGTAATTTGCAAGCGT-1,Tumor
CGCATCATGGCTTCAG-1,Tumor
CTGGTAACGAGCTCTT-1,Stroma
AGCAAAGGCCGCTAGT-1,Tumor
CCTTTCAATGAAGAAA-1,Stroma
TATTCGTGCCAGAATA-1,Tumor
AGGCAGGGAGCGTACT-1,Tumor
ATACCACGGGCAACTT-1,tumor necrosis and bleeding
TATTCCGAGCTGTTAT-1,Tumor
GCAAACCCTACATTAT-1,Tumor
GGTCTCCGTCCAGGTT-1,Tumor
CGTAAACGCTTGAGTG-1,Tumor
ACGTTCCGCGCTCCGT-1,Tumor
GGGTTCAGACGAACAA-1,Tumor
GAGGCTATCAAAGTCG-1,tumor necrosis and bleeding
ATCTGGGCTGTTCTTG-1,Tumor
GGATTGCTGTGACTCC-1,Tumor
ATAAGTAGGATTCAGA-1,Stroma
TACGGAAGCCAAACCA-1,Tumor
TGCCGTGGATCGTCCT-1,Tumor
CGCAATCGATCATTAG-1,tumor necrosis and bleeding
ATGCACTACCGCATTG-1,Tumor
TCGTGTCACGCTGACA-1,tumor necrosis and bleeding
GTATTCTGAGAAACGA-1,Tumor
ATGTGAAAGCCTAATG-1,Tumor
GTAAGTCCACACTCTA-1,interstitial and infiltrating cancer cells
TACTTTCCGCACGCCA-1,Tumor
CTATAAGAGCCAATCG-1,Stroma
GTCTAGTGAGCCGCTT-1,Tumor
CCCAAGAATGCACGGT-1,Tumor
GAAATGGGATGTAAAC-1,Tumor
ACTCTCTGACTTAGGT-1,Tumor
GTGGGTACTGAGCGTA-1,tumor necrosis and bleeding
AAGCTCTTTCATGGTG-1,Tumor
GGTTTGCGAACACGTA-1,Tumor
TATCGATGATTAAACG-1,Tumor
GATTAATCCTGGCTCA-1,Tumor
CCAATCGGTAGATCGA-1,Stroma
GCGTGTATGTCGTATT-1,Stroma
ACTACGCGTTAGAATT-1,Tumor
TACGGGTAATAACATA-1,Tumor
TAGCCATTTCAAAGTC-1,Tumor
CCTGCTATTTGAGAAG-1,Tumor
CCCAGGAAGAATTCGA-1,Tumor
CACCCACGAGGCAATT-1,
GCCACAATTTAAGGAC-1,Tumor
TGTCTACAGTTTCTGT-1,Tumor
TGTTTCTGAAGCGTGC-1,tumor necrosis and bleeding
ATTAATACTACGCGGG-1,Tumor
GATGAGGAACCTTCGG-1,Tumor
CTCGAGATCCAAAGCA-1,Tumor
AGGACGACCCATTAGA-1,Tumor
GGTTAGCTATATGTCT-1,Tumor
TACTCGTTTGAATCAA-1,Tumor
ACATTCGCGCGGAATA-1,Tumor
ACTTGCTCTATCTACC-1,Tumor
CTAGATGTGAGTGTAA-1,interstitial and infiltrating cancer cells
ACGGCCAACATGGACT-1,Tumor
GGTTTCAATCGGTCAG-1,Tumor
ATAAAGGCTCGGTCGT-1,Tumor
CGCGCCCGACTTAATA-1,Tumor
TGCAGTGAGGCTCGGG-1,Tumor
CGCTATCGTGGCTTTA-1,Tumor
TCTCGAGGAGGTTCGC-1,interstitial and infiltrating cancer cells
GTCGCCGTTGTGTGTT-1,Tumor
GCTAGAGTAGAGATGT-1,Tumor
GCTGGGTCCGCTGTTA-1,Tumor
CTGTTACCCAATCTAG-1,Tumor
ATCACGTGCTAATTAA-1,Tumor
CGCTACCGCCCTATGA-1,Tumor
CATCCTCTCAAAGATC-1,Tumor
GGGTACTTCATGAACT-1,tumor necrosis and bleeding
GTGAAGCCGTATAGTC-1,Tumor
GACGTGAGACTCCATG-1,Tumor
CGATTCGCCTGGCTGC-1,Tumor
ACTATCTGCCCGCGTA-1,interstitial and infiltrating cancer cells
CGAGGCTAAATATGGC-1,Tumor
CTCTCTAACTGCCTAG-1,Tumor
ATCAGGTCGCCATTGC-1,Tumor
GCGTTCGGAGACCGGG-1,
AGCGACAGGAACGGTC-1,Tumor
CACGTCAATCAATGGA-1,interstitial and infiltrating cancer cells
TCAACTAACGTATAAC-1,tumor necrosis and bleeding
AGCCCTTGGACATCCC-1,interstitial and infiltrating cancer cells
TCAGCCAATCCGTAAA-1,
CGAAACATAGATGGCA-1,Stroma
CGCCGCCCATGCCTGT-1,Tumor
GTACGACGGCGCTGCG-1,Tumor
CGCCAATTATTGCGTT-1,Tumor
TTAGTTCAAGTGTTCG-1,Tumor
TAGCCGGCGGTCAGCG-1,Tumor
CACAAACCGCAGAACT-1,interstitial and infiltrating cancer cells
ATATTCAGTTAAACCT-1,Tumor
CTGGGCGGCCAAATGT-1,Tumor
ATTCAGTAGCAGGGTC-1,tumor necrosis and bleeding
GTAGACAACCGATGAA-1,Tumor
TTAATGTAGACCAGGT-1,Tumor
GCGAGGGACTGCTAGA-1,Tumor
GCTCCATGCAAAGCAA-1,Tumor
CCAGGGACGTGGCCTC-1,Tumor
TGACCAAATCTTAAAC-1,Tumor
GGACACAAGTTTACAC-1,interstitial and infiltrating cancer cells
GTTGGACCGCATCAGG-1,Tumor
TTAAGACGAACGAACC-1,Tumor
AACCGCTAAGGGATGC-1,Tumor
CACCCTTTCCTCGCTC-1,Tumor
CTTGTACTTGTTGACT-1,Tumor
ACTAATACGTCAGGCG-1,
GACAAACATATGCAGG-1,Tumor
GGAGGCGAAGAACCGC-1,Tumor
GCCGGAAACACATCTT-1,Tumor
ACCACACGGTTGATGG-1,Tumor
ACTCCCGAATTCGTTT-1,Stroma
AAGCTCGTGCCAAGTC-1,Tumor
ATTAGGCGATGCTTTC-1,Tumor
CTGTTCATCTCACGGG-1,
ACGCTGTGAGGCGTAG-1,tumor necrosis and bleeding
TTAACTCACGCGTGGA-1,tumor necrosis and bleeding
GTGCCGCTTCAAAGGT-1,Tumor
AGTGGTTGCGTATAGG-1,tumor necrosis and bleeding
TTCGGTACTGTAGAGG-1,Tumor
TGCCGAAAGCGTATTC-1,Stroma
AGTGGCGGCAATTTGA-1,Stroma
AGGGTTCAGACGGTCC-1,Tumor
ACAATTTAGGAGGCTC-1,tumor necrosis and bleeding
AATGATGCGACTCCTG-1,Stroma
TCCTATCATAGGTAAC-1,interstitial and infiltrating cancer cells
AGGTTGAGGCACGCTT-1,Tumor
AGAGTTGCAGGCCTCC-1,Tumor
CATGGTCTAGATACCG-1,Tumor
GGTGCTGGTACACATT-1,Tumor
CCAAGCTTGATCTCCT-1,Tumor
GCGTCGCCAGGGTGAT-1,Tumor
ACCGATATTTAATCAT-1,interstitial and infiltrating cancer cells
TTCGTACTCCAGAACG-1,tumor necrosis and bleeding
TCTCGGCTCCAGGACT-1,Tumor
GTTTCTAGAGGCGCGG-1,Tumor
CGCTGGTGACTACCCT-1,Tumor
GGCTTTCAATAAGGGT-1,Tumor
TGCTATGGCAAAGGGA-1,Tumor
TTGAGGGTCGAACGCG-1,Tumor
GCAGCTGTCAACGCAT-1,Tumor
CGATCCTCGCAACATA-1,Tumor
TCCTGGCGCTGCCTGG-1,Tumor
TTGTGCAGCCACGTCA-1,Tumor
GTAACTACGTAGACCT-1,Tumor
CGTAACGGAACGATCA-1,Tumor
GCACAAACCCTAGATG-1,Tumor
CTATCGCGTAGAGAAC-1,interstitial and infiltrating cancer cells
CCGGCCGCGAGCATAT-1,tumor necrosis and bleeding
GATAAGGGACGATTAG-1,Tumor
GATGATTTGAAACTGG-1,Tumor
GTTCCCGTAAACATAT-1,interstitial and infiltrating cancer cells
GGGCACTATTGACCAT-1,tumor necrosis and bleeding
GTTTCTGCAGTCTCCC-1,Tumor
CCGGTAATGGCTAGTC-1,interstitial and infiltrating cancer cells
ACAATTTGGCCATATT-1,interstitial and infiltrating cancer cells
CTTCTTACGTCGTATA-1,Tumor
TCCCAAAGCCCTAAAT-1,interstitial and infiltrating cancer cells
TTGCGCTTGATCAATA-1,
TACGCCATATTCTAAT-1,Tumor
TCACTACGACCAATGC-1,Stroma
TTGGCTCAATATGTGT-1,interstitial and infiltrating cancer cells
TCTACCCGCATCATTT-1,interstitial and infiltrating cancer cells
CTGCAAGCACGTTCCG-1,interstitial and infiltrating cancer cells
TTCAGCCCTGGTCCAC-1,Tumor
TGTACCCGACCCTAAT-1,Tumor
ATAACGCCGGAGGGTC-1,Tumor
CTTGCAACCGCCTCCT-1,tumor necrosis and bleeding
AAGTGAGTCGGGTTTA-1,Tumor
GCAAGAATTCCTTGGC-1,Tumor
GACACCCAAAGACGCG-1,tumor necrosis and bleeding
AACGTCATCCGGCTTG-1,
AATTCCAAGCATGTAC-1,Tumor
GCTTGATGATAATCAG-1,Tumor
ACTGGGATGCCAGTGC-1,Tumor
GCCGAAATTCCTACGT-1,
GTATTAAGGCGTCTAA-1,Tumor
GAGAGTCTCGGGAGAG-1,tumor necrosis and bleeding
CTAAACGGGTGTAATC-1,Tumor
AATCGGTATAGCCCTC-1,interstitial and infiltrating cancer cells
CGCTAGAGACCGCTGC-1,
TAGGGTGTTTCAAGAG-1,Tumor
AATAGAATCTGTTTCA-1,Tumor
TCGCTACTGGCTTTGA-1,Tumor
GAACCCTCTGTGTTCT-1,Tumor
GATGTGTTGTCACAAG-1,
TTAAGTATTGTTATCC-1,Tumor
GGTTCGCATTTGCCGT-1,
CATCGAATGGATCTCT-1,Tumor
ATACGCCGATCTACCG-1,Tumor
GGCCACACGAAAGCCT-1,
AGGAAGCTGTCCGCCG-1,Tumor
CCAGATAGTTGAGTGA-1,Tumor
TTCTGCTAGACTCCAA-1,Stroma
CACCCGGTTTGTGACT-1,Tumor
ACAAATCGCACCGAAT-1,Tumor
GTGATCAAGCGTGCAC-1,Tumor
GCTTCCGTCCCTAGAC-1,Tumor
AGCCTAATACCCACGT-1,tumor necrosis and bleeding
ATTACATGTCAGTCTT-1,
ACTCTCTTATACACGA-1,Tumor
CATGAGATGCACTCTC-1,Tumor
CGAGTGCTATAGTTCG-1,Tumor
TTGTGTATGCCACCAA-1,Tumor
GGTTTACAATCTCAAT-1,Tumor
CACAAGAAAGATATTA-1,Tumor
TCCAAGCCTAGACACA-1,Tumor
CGGCTGAAGGTTACGC-1,Tumor
TCTATGCTATAACGAC-1,Tumor
ATAAGTAGGGCGACTC-1,interstitial and infiltrating cancer cells
ATGTTCCTGCCCACCT-1,
TTGGGACACTGCCCGC-1,Tumor
CGGACGTTACTTGAAG-1,tumor necrosis and bleeding
TCTGTGATGGAGGTTG-1,Tumor
CTTCATCACCAGGGCT-1,Tumor
ATGTCATTTCCCATTG-1,blood
CGGGAATATAGTATAC-1,Tumor
GATAAATCGGTGGATG-1,Tumor
TAACGCTTTGAGAGCG-1,tumor necrosis and bleeding
GTATAGTGGCCCATGT-1,Tumor
TTAAGCGCCTGACCCA-1,Tumor
CTTCGGCCAATTGTTT-1,interstitial and infiltrating cancer cells
CCACTCAGATCCGCAA-1,Tumor
AGCTTCTTCTCGAGCA-1,Tumor
ATCAATGCCGTGGCTG-1,
CGTGTGTTAAACCCTG-1,Stroma
AGTCGTATAAAGCAGA-1,Tumor
TTCAGAGTAACCTGAC-1,Tumor
CCTGTCCCTCACGTTA-1,Stroma
CTAAGGGAATGATTGG-1,Tumor
CCAAACAGAACCCTCG-1,Tumor
TGGTTATGCTTGCGGT-1,tumor necrosis and bleeding
CACTTCGTCTTATCTC-1,Tumor
CGACAGTTCGCGTTAT-1,
TTCCACATTTCTCGTC-1,Tumor
AGCTCTTCCCAGTGCA-1,Stroma
AGTACGGGCACCTGGC-1,Tumor
TGTGATTCCAGCGCTT-1,Tumor
AGATTATAGGACGTTT-1,Tumor
ATGGTATTGGGAACCG-1,Tumor
TAGTCCGCAGAGAATG-1,Tumor
CGAGTACTAAAGAGGA-1,Tumor
CGTAGCGCCGACGTTG-1,Tumor
GTCATCTCCTACAGCT-1,Tumor
TCTTACCGGAACTCGT-1,Stroma
GTCATGGACATGACTA-1,Tumor
TGCGTCATGACTGAGC-1,Tumor
GATTGACACTCTGCTC-1,
TGCTCTGCCGGTTCAC-1,Tumor
TTCTCAATTGCTACAA-1,Tumor
ACTCTAAACCTGGGAT-1,tumor necrosis and bleeding
ATGTGTAGTTTAGTCA-1,Tumor
TTAGAAGAACATGACT-1,Tumor
TAGCTCACTGTGTTTG-1,interstitial and infiltrating cancer cells
ATCTTGACCTGCAACG-1,Tumor
AACAATACATTGTCGA-1,Tumor
TCTACCGTCCACAAGC-1,Tumor
GACAGGCACACACTAT-1,tumor necrosis and bleeding
ACTATGTCCAGCTGCC-1,tumor necrosis and bleeding
GTATTCTTACCGTGCT-1,Tumor
GAGCGCGCACGAGTAG-1,Tumor
ACTATTTCCGGGCCCA-1,Tumor
GCGCTCGATCACCTGT-1,interstitial and infiltrating cancer cells
CGTTGCCCGCGTGGGA-1,Tumor
GATAAGGCAGATGCAA-1,Tumor
AGTCCCTCGCAGAAAG-1,Tumor
CAAACCAGGTCTGCAT-1,tumor necrosis and bleeding
CTGTCACGCCAGGCGC-1,
TTGAATCGTTGTATAA-1,tumor necrosis and bleeding
AGTTATTCAGACTGTG-1,interstitial and infiltrating cancer cells
ACTTTATACACCACTT-1,Tumor
GATCTTAGTGAACGTG-1,Tumor
GAGGTACGCGTGTCCC-1,Tumor
CTTGGCCAAGCTGGGA-1,Tumor
GCCAAGAATACTTCTG-1,tumor necrosis and bleeding
CGGGAGCTTCAGTGTA-1,Tumor
AGACGCCCACTTCGCC-1,interstitial and infiltrating cancer cells
ACTTGGGCTTTCGCCA-1,Tumor
TTCAGCTGGCGTGCCC-1,Tumor
ACATTTGAAACCTAAC-1,Tumor
CGTCGTCCTTCGCGAA-1,Tumor
TAAATGCCGTCTCATG-1,Tumor
TTACTAAAGGACTTTA-1,Tumor
CCGGTTTGTAATTGTG-1,Tumor
TAAGTTGCGACGTAGG-1,Tumor
GCGACGATAGTTGTAC-1,Tumor
AGTAATCTAAGGGTGG-1,Tumor
TTGACCGTGTTAATGA-1,Tumor
GGGATATTGATCGCCA-1,Tumor
TTGACTACCATATGGT-1,Tumor
GACTAAGATCATGCAC-1,Tumor
GGGACTGCATAGATAG-1,Tumor
CCGGGCTGCTCCATAC-1,Tumor
TGCTTGAAACCATGCA-1,Tumor
GACCCAATTATGATAC-1,Tumor
CATACGGGTGCATGAT-1,Tumor
CGATGTTGTTATCTAC-1,Tumor
TGTTTAATACTTCATC-1,Stroma
GCCATATTGCACACAG-1,Stroma
TAGTGGAACTCATACA-1,Tumor
AGCGTACGAGAGCTAG-1,Tumor
GCATAAATTGAACGCC-1,Tumor
AGTAGGAAGGAAGTTG-1,Stroma
AGCGTGGTATTCTACT-1,Tumor
TACCGCGGACTTGCAG-1,
TCGGTTAGCCATGTAG-1,Tumor
TCAAATTGTTGTGCCG-1,Tumor
AGCGGACACTTCGTAG-1,Tumor
CCGGCGCATATTGGAT-1,Tumor
ACGCCGCTAGACGACC-1,Tumor
GGTTTAATTACCATCG-1,Tumor
ATTCAAAGTACCTGTT-1,Tumor
GCTACTATAGTAGAGT-1,Tumor
TGGCAGCAGTAATAGT-1,Tumor
CAATGTGCCAACCCTT-1,
CGTGAAGTTAATTCAC-1,Tumor
TAAAGACAACCCTTTA-1,interstitial and infiltrating cancer cells
ACTCTTCAGCTCCCGC-1,Stroma
ATCTGTAATTGTACCC-1,Tumor
GGCGGGCTCTAAGAGT-1,interstitial and infiltrating cancer cells
TTGAACGACGTGCTGA-1,Tumor
GATTCCTATACGGCGC-1,
CACATCGTGCACGCGC-1,Tumor
TGCAGAGTACCGAGCA-1,Tumor
TTGTTGTGTGTCAAGA-1,Tumor
TCTGCAGATTCGAGTC-1,tumor necrosis and bleeding
TGGTAAGCAGGATTGA-1,tumor necrosis and bleeding
GCCTTGTATATGCAGT-1,Tumor
CCATTTCTACCTATTA-1,Tumor
TGTAGTGATCTATAAT-1,tumor necrosis and bleeding
TGTGGAGGAAGCTTAA-1,
CGCGGCTCAACTTGAA-1,Tumor
GAATGTGGTCCGGATT-1,Tumor
CTGTTCACTGCCTGTG-1,Tumor
CGTTCAAGGAAACGGA-1,Tumor
CACTAAAGTTGCCTAT-1,Tumor
CCGGAAGTGCAATATG-1,interstitial and infiltrating cancer cells
TCTACGCACGATCTCC-1,Tumor
TCTTTAGCAGGCGAAC-1,Stroma
TGCTCAAAGGATGCAC-1,
GATTGGGAAAGGTTGT-1,Tumor
CGTTAAATACGACCAG-1,interstitial and infiltrating cancer cells
TTCTAGGCCAATTGTG-1,Tumor
TAACATACACGCGATC-1,Tumor
GCGTAAATGGCCATAA-1,interstitial and infiltrating cancer cells
GGACAACCATGAAGCC-1,interstitial and infiltrating cancer cells
AGATGCATCCTGTGTC-1,tumor necrosis and bleeding
TTGTTGGCAATGACTG-1,tumor necrosis and bleeding
TTATGTTTGCGATAGA-1,
TGCATGTGGTAATCTA-1,Tumor
AGGACGCTCGATGTTG-1,Stroma
CAACGCGATGAGCCAA-1,tumor necrosis and bleeding
AAATTACCTATCGATG-1,Stroma
ATTACGGGCTACGGTT-1,Tumor
CGACAATTTGATCTAA-1,Tumor
CAACTCCTTGATCCCG-1,Tumor
TGTGACTACGCCAGTC-1,Tumor
GAACGCGGGTCACACG-1,interstitial and infiltrating cancer cells
CCGTTTCCTTTCCGTG-1,tumor necrosis and bleeding
AGACCCGCCCTCCTCG-1,Tumor
TTAGGTGTGACTGGTC-1,Tumor
CTCCCAATGAGTCGCG-1,interstitial and infiltrating cancer cells
CGGCTTTGTATGATAA-1,Tumor
CCACGGTGCCCGGTAG-1,
CGTCACGTCCATTGGT-1,Tumor
TGGGCCTTGCCTGCAT-1,Tumor
GTGAAACGTGCTCCAC-1,Tumor
AATTATACCCAGCAAG-1,Tumor
GGGAAAGAATGCCAAC-1,interstitial and infiltrating cancer cells
AAGCGCAGGGCTTTGA-1,Tumor
ACATAAGTCGTGGTGA-1,
AACCATGGGATCGCTA-1,Tumor
CAGGTTTAGTACTACA-1,Tumor
CGTTGAGTAATTGCGT-1,Tumor
GGCAAGCCCATAGTGG-1,Tumor
TTGAAACCCTCATTCC-1,interstitial and infiltrating cancer cells
AACCTTTACGACGTCT-1,Stroma
CGGCACCGTTAGCGCC-1,Stroma
AGAGAAACACCAGAAA-1,Tumor
TGGCCAATTTGGTACT-1,tumor necrosis and bleeding
ACACCCAGCATGCAGC-1,Tumor
CCCGGTGTATCGGAAT-1,Tumor
TTGCGCACAACCACGT-1,interstitial and infiltrating cancer cells
GGCGTAGGGAAAGCTG-1,Tumor
TGCGTGATTGGGTGTC-1,Tumor
TTGTGATCTGTTCAGT-1,interstitial and infiltrating cancer cells
TGGCGACTGCTCCAAA-1,Tumor
CTCACCGATCCAAACT-1,Tumor
AGTTAAGCGGTCCCGG-1,
GCTTACGTAGTTAGTA-1,
AGGTTTCACACACCTT-1,Tumor
CCTGTTTGAAGACACG-1,Tumor
GGGCGATATGTGTGAA-1,Tumor
TGAATGTCAGCCGGCC-1,interstitial and infiltrating cancer cells
GAGTGTCAACCAGAAA-1,Tumor
GGCTCTGCTCCAACGC-1,Tumor
TTCCGCGTGAGGCGAT-1,Tumor
GTCTCCTGCCAGTATG-1,Tumor
TGCGACACCCTAGTGC-1,Tumor
ATATCTTAGGGCCTTC-1,Tumor
GGTCAAGACTACTTCG-1,Tumor
GAGTCGACAGACCCTC-1,tumor necrosis and bleeding
GTAGCGGCTATACACT-1,Tumor
ACTTCCTGTCGTGCGA-1,Tumor
GCAAGCTGGAAACCGC-1,tumor necrosis and bleeding
ATCACATTAGAATATC-1,Tumor
CCACCTGTATGGAATA-1,interstitial and infiltrating cancer cells
CCACAGTACCCATCCT-1,Tumor
CTTACACGGTATTCCA-1,Tumor
TGGCTACACTCTACCT-1,Tumor
CCATTAGCGATAATCC-1,
TTGATCTAACTTTGTC-1,Tumor
GAAACAGCCATGCAGT-1,Tumor
CAAATCTCTCACAAGG-1,tumor necrosis and bleeding
CACCATCGGAGGAGAC-1,Tumor
AATCATGTAAAGACTC-1,Tumor
GGCGGAGTAATATTAG-1,Tumor
CCATTCCCTGCCCACA-1,tumor necrosis and bleeding
TCACTATCCCTTCGGT-1,interstitial and infiltrating cancer cells
TGTACTATCGCTCGTT-1,Tumor
CGGCCCAACCTGTAGT-1,Stroma
GTGCCTAGCTATGCTT-1,Tumor
GCTAAGTAGTTTCTCT-1,Tumor
CTCGGTCCGTAGCCTG-1,Tumor
CCCGTGGGTTAATTGA-1,Tumor
TGCCACCTGGCGAAAC-1,Tumor
TCATCACTCGAGCTCG-1,Tumor
ACCCAACGCCCGTGGC-1,Tumor
GCTTCCAGCTTAGATT-1,Tumor
CGCACGTCTGTTTATG-1,Tumor
CATACGGCGTCTGGGC-1,Tumor
CCTTCTCAGCGTTCCT-1,tumor necrosis and bleeding
GTGACGAGGGTGACCC-1,Stroma
CACGTTCGTGCTCTAG-1,Tumor
AAACAGTGTTCCTGGG-1,tumor necrosis and bleeding
ATCCTGAATCGCTGCG-1,tumor necrosis and bleeding
CCTGTCGTGTATGAAG-1,Tumor
CGGTATGGGCACTCTG-1,Tumor
AAACAGCTTTCAGAAG-1,tumor necrosis and bleeding
CCATAAACAACCCGAC-1,Tumor
AAATAACCATACGGGA-1,Stroma
ATCCTGCTGCAGATAG-1,Tumor
GTACGTTTGCCCGTCA-1,Tumor
TCCAGAGCACCGGTTC-1,Tumor
ACCAATATGCAAGTTA-1,Tumor
TAGTCGATCACGGGTT-1,Tumor
TAGCCAGAGGGTCCGG-1,Tumor
GGCGAACCGTTCTGAT-1,Tumor
ATTCAGATGAATCCCT-1,Tumor
GCGAAACGATCGGGAG-1,Tumor
CTTGACCCGAAAGATA-1,Tumor
TCGCCACCCGGATTAC-1,Tumor
TAATTACGTCAGTAGA-1,Tumor
TTCCGCAGAGAAATAT-1,Stroma
CAGGACAGCTGCCCTT-1,
TCAACAAAGATAATTC-1,Tumor
GCTCCGGACGTTGATA-1,Tumor
GATATTTCCTACATGG-1,Stroma
ACCCACCTACATGCTC-1,
TTCCGGTATCTGTGTC-1,interstitial and infiltrating cancer cells
AAATCGCGGAAGGAGT-1,tumor necrosis and bleeding
TCAACTGCAGAGTCAG-1,
ATGGATTGACCAAACG-1,Tumor
CGCGGCAGTATTACGG-1,Tumor
TAGGTCCAAGTAAGGA-1,tumor necrosis and bleeding
AGAATTGTTTGACATA-1,Tumor
TCATAAGTCCAAGAAG-1,interstitial and infiltrating cancer cells
GCTGCACGGTTTCTTA-1,Tumor
TGAGATCAAATACTCA-1,Tumor
CAACGAGCTTATTATG-1,Tumor
AGGTTACACCATGCCG-1,interstitial and infiltrating cancer cells
AAATTTGCGGGTGTGG-1,Tumor
GTGGAGCATGTCGGCC-1,Stroma
TCCGGCCTAGCGTACA-1,Stroma
CCTCTCTCCCATCTAG-1,tumor necrosis and bleeding
TGATGCTCACGTAGTC-1,Tumor
GTACTCCCTTATCGCT-1,tumor necrosis and bleeding
GGCGCAGGACATCTTC-1,tumor necrosis and bleeding
TTCTTGTGTCCATCAG-1,tumor necrosis and bleeding
AGTGATATGAGTAGTT-1,Tumor
ACGTAGATTGCTGATG-1,Tumor
TGCGAGAAACGTTACG-1,Tumor
GGTCGGATAAACGGCG-1,Stroma
GAGTCCACCAGGTTTA-1,Tumor
ATCGTCCAATCGAGTC-1,Tumor
ATACGTTATGCACGGA-1,Tumor
TGTATCCTTATTCCAT-1,Tumor
GTGGAGTCGGCGGTTG-1,Tumor
CTATTGTGTTTGGTCA-1,Tumor
AAATACCTATAAGCAT-1,Tumor
CAATATGTAGATTTAC-1,Tumor
AAACAGGGTCTATATT-1,
CCCGCCATGCTCCCGT-1,Tumor
CTACACTAGCTTGTTC-1,Tumor
CAAGGTCCTATAGGCT-1,Stroma
GTGATCCTTGTCATGA-1,Tumor
CAGCGATTCCCTTCAA-1,Tumor
ATACTCTCGCCACTCT-1,Tumor
ACTTTGTCGACGCACT-1,interstitial and infiltrating cancer cells
CAGATCATTTAAAGTC-1,Tumor
TCATATGAGCTTTGTT-1,Tumor
CGTGGAAGCCTCGTAC-1,interstitial and infiltrating cancer cells
GTTTCTTGTTAGAGCT-1,Tumor
CACCGTATCCCATCCG-1,Tumor
CCAACCTTATGTAACT-1,Tumor
AATATCGAATCAATGC-1,interstitial and infiltrating cancer cells
ATCCGGACCAGCCTGA-1,interstitial and infiltrating cancer cells
CGCATGCCGAATGCGT-1,Tumor
AAGCATACTCTCCTGA-1,Tumor
TTCCCAAAGTACTGAT-1,interstitial and infiltrating cancer cells
TAATCGATCCGTACGT-1,Stroma
GTACTTGGGCACTTCT-1,Tumor
CTATCACAACGCTGGA-1,Tumor
GCTACAATCGAGGATA-1,
AGATACGACTTCATAT-1,Tumor
GCATCCCTAACTTTGA-1,Tumor
ACCCTATAGGACTGAG-1,Tumor
TGGGTGTTAAGTAGAA-1,Tumor
GCGAGGCCCGAGCAGA-1,Tumor
AGCTCCATATATGTTC-1,interstitial and infiltrating cancer cells
GATGCTGTATTTCATC-1,Tumor
CGGTTCAAGTAGGTGT-1,Stroma
GTTCGGAGCACTCAAC-1,interstitial and infiltrating cancer cells
CCTCCTGAGCCCACAT-1,tumor necrosis and bleeding
AACTAGGCTTGGGTGT-1,Tumor
TAGAACGCCAGTAACG-1,Tumor
TCAGCAGTAGGCCCTG-1,Tumor
CACTCGGTTAGGAGGA-1,tumor necrosis and bleeding
CGACACGGATGCCCAC-1,Tumor
GGACTCACAAATTAGG-1,interstitial and infiltrating cancer cells
AGTTACCGCACATGGT-1,tumor necrosis and bleeding
GTTCGGATCGGGAACA-1,interstitial and infiltrating cancer cells
TGAATGAGATACAGCA-1,Tumor
CCCAGTAAACTTGGGA-1,
CCTTTGAATTATGGCT-1,tumor necrosis and bleeding
GCGGCAAAGTATTGCC-1,Tumor
TAGATATGGACTGGAA-1,Tumor
AAGTAGTGACGCGAGG-1,tumor necrosis and bleeding
AATAGTCGCGAGTCGG-1,tumor necrosis and bleeding
GGATCAAAGGACGAGG-1,Tumor
TATAGCTATTATCTCT-1,
ACGATACATAGAACTA-1,Tumor
CATTTATCGTTCAAGA-1,
CGAGGCCAGGCATTGG-1,Tumor
AGGACATCGGCACACT-1,interstitial and infiltrating cancer cells
TCGACATAGCGTAGCG-1,Tumor
CACGACGTAATAGTAA-1,Tumor
GCGTCTCTGCATTGGG-1,
AGATTCAAGCGGGTCG-1,Tumor
ATAGGTTGGGCAGATG-1,Tumor
ATACGTACTTAGCCAC-1,Tumor
GATGCCTTCTGCGGCA-1,Tumor
CCTAGGTAAAGGTAGC-1,tumor necrosis and bleeding
TGGTTAAGGGCGCTGG-1,Tumor
TGTGACTAGAGTTTGC-1,interstitial and infiltrating cancer cells
ACTTCGCCATACGCAC-1,Tumor
GCGCGATGGGTCAAGT-1,Tumor
CTCATTCGTGAACATC-1,tumor necrosis and bleeding
TCTCGACGTATCGCCG-1,interstitial and infiltrating cancer cells
CCTGAGAATAAATGCA-1,Tumor
GGTTGTGTAGCCTGGC-1,tumor necrosis and bleeding
AGTCTCACAAGACTAC-1,Tumor
GTTCAATCTATGTCAA-1,Tumor
CTAACGAAACTTGCTG-1,
GGGCATGCATGTCGAG-1,Tumor
TTCGGCTAGAGATGGT-1,Tumor
TCTGAACCGGTCGGCT-1,Tumor
GTTATAATACGGTGAA-1,Tumor
CGCTTTCTTGCATTCG-1,Tumor
CATTATCCCATTAACG-1,Tumor
CCGCGTAGGTAAGGGC-1,tumor necrosis and bleeding
CTGCCCACGAAGCGTT-1,tumor necrosis and bleeding
GCGCTGCTTTGCATTT-1,
ACCATCCGCCAACTAG-1,Tumor
GGGTACACTCTGGAGG-1,Tumor
TGCAACCCATCTGCGG-1,Tumor
AGAGGTATCTCGGTCC-1,Tumor
CGACTTGCCGGGAAAT-1,
CTTGCCCAGGCTCTAC-1,Tumor
ATTAGATTGATAGCGG-1,Tumor
ACTGTGCTAGTAGATC-1,Tumor
AAATGATTCGATCAGC-1,Tumor
AGTAGAAGGCGCCTCA-1,Tumor
TGCGGTCTACGAGTAA-1,Tumor
AAATGGCATGTCTTGT-1,Tumor
TAATACACAGTAGTAT-1,Tumor
CGGTCCATGAGACTCC-1,Tumor
GTCCTACAGGCGGCTC-1,Tumor
AGTACGTGGCCTGTCT-1,Tumor
TGAGCTTTAATGACGC-1,
GTTATCACCTTCTGAA-1,Tumor
GGTGACTGATAGAGAG-1,interstitial and infiltrating cancer cells
GTGTATGACTTTAAAG-1,Tumor
CCACGTAAATTAGACT-1,Stroma
TCGGCGAACCCAAACC-1,Tumor
ACACGAGACTCCTTCT-1,Tumor
TCTTAACTCGGATGTA-1,blood
CCTGCCCGTTGTCTAG-1,tumor necrosis and bleeding
AACGCATGATCTGGGT-1,
CTGATAGTGTATCTCA-1,tumor necrosis and bleeding
AAACACCAATAACTGC-1,Tumor
AAAGGGCAGCTTGAAT-1,
TAATAGGTCACCAGAA-1,
ATAGGAATCTAAGCTT-1,
CTGTGGTCGGGAGATA-1,Tumor
CCCTAGTGTCAGGTGT-1,Tumor
TGACATCGAGCGGACC-1,interstitial and infiltrating cancer cells
CAGCTCGTGCTTGTGT-1,Tumor
TCAGGGTGTAACGTAA-1,Tumor
ACCGTCCACTGGGCCC-1,tumor necrosis and bleeding
TTGAGTCCCGCTGCTG-1,interstitial and infiltrating cancer cells
GGCGCTCCTCATCAAT-1,Tumor
GACACTGGAACCCGAT-1,interstitial and infiltrating cancer cells
CGCGACCGCGACAGAT-1,Tumor
CACCGCCAGAAGGTTT-1,Tumor
TAACTATTACGCCAAA-1,Stroma
TCAGAACCTCCACAGG-1,Stroma
GGTATAGTGACACATA-1,Stroma
TAAATGAATCCGTTTC-1,
CAGGCAGTCTTACCAG-1,Tumor
ATCAGAAGCTGGTTGC-1,
ATTTGCCTAGTTACGA-1,Stroma
GCAAGATGTGTTCGCG-1,Tumor
TCCGCGGCAGCATCTG-1,Tumor
GAATGTTGGGTAATCT-1,Tumor
GCGGTGCGGAGCATCG-1,
ATGGTGCTCAAAGCCA-1,Stroma
CACGTCGGCAACCTCT-1,Tumor
GATCGCTATATCTCAG-1,Tumor
CCCGGCACGTGTCAGG-1,
ACGGCTGGATGTAGAA-1,tumor necrosis and bleeding
AGGCTATGGTTAGCTT-1,tumor necrosis and bleeding
GTTCGGGCGTACCATT-1,Stroma
AGGTATGCGGACATTA-1,
GCGCTTAAATAATTGG-1,Tumor
TCGCACTAACGTTTGT-1,blood
GAGCGCTGTTAGGTAA-1,
GAAAGAACAGCGTTAT-1,interstitial and infiltrating cancer cells
CGTATCTAGAACTAAG-1,interstitial and infiltrating cancer cells
GTCAAAGAAGTGGTGT-1,Tumor
TCCGGAGGAAGGGCTG-1,Tumor
CGGTCAAGTGGGAACC-1,Tumor
TTCCATCATGCGGTGA-1,Tumor
GTCTTAGTACAGCCGG-1,Stroma
AATCTATGCCGGAGCC-1,
ATTGACCGGCGATGAC-1,Tumor
CGGAGTTTGAGAGACA-1,tumor necrosis and bleeding
TAGCAACCTGTCACAA-1,Tumor
GTGTGTCGACGTCGCT-1,blood
TTAGTAAACCTGCTCT-1,Tumor
GAAACCATGGTGCGCT-1,Stroma
AAGCACCCTGCGTATC-1,Tumor
AGTTTGCACCTGCCTC-1,Tumor
CCTGATTCGCGAAGAA-1,Tumor
GGTCAGTGGGTCCCAC-1,Tumor
ACCGTTCCCGCTCTGA-1,Stroma
TGTGTCGCGAGTTGCA-1,
GTGTACGAACCGTTCC-1,interstitial and infiltrating cancer cells
AGTGATAACCTGCGCG-1,Tumor
CCGAGCTGTGCTTGTC-1,Tumor
TCAGGTTCTTTGAGAA-1,Tumor
TTGAACGAATCCTTTG-1,Tumor
CACGATTGGTCGTTAA-1,Tumor
AGTATACACAGCGACA-1,Tumor
ATTAGATTCCTCAGCA-1,Stroma
GGTTGTGCTCTTGTCC-1,tumor necrosis and bleeding
CAAGAAACCCTAAACT-1,Tumor
TATGGTCTGAGTAACA-1,Tumor
TATCACCCAACCGACC-1,Stroma
AAACTTAATTGCACGC-1,tumor necrosis and bleeding
GCTTAGGGAAGCGGTA-1,Tumor
CAGTACCAGTTTACGT-1,Tumor
TTGTAAGGCCAGTTGG-1,Tumor
ACTTTACCCTCATGAA-1,Stroma
AGGATCACGCGATCTG-1,
AGGGACCGGCTGCGTT-1,
TACGCAGTTCTTTCCT-1,Tumor
TAAGTAACATCTTGAC-1,Tumor
GCTGTCTGTGATCGAC-1,Tumor
AACTCGATAAACACGT-1,Tumor
CTGAATTTATTGCCAG-1,
GAGTATGCGCGTGCAT-1,Tumor
CCGTGTTAAATTCCAT-1,Tumor
CCATGGCAAACGCTCA-1,tumor necrosis and bleeding
GAGGCATTTGCAGCAG-1,Tumor
AAGAGGCCCTTTGGAA-1,interstitial and infiltrating cancer cells
TGCAGATCGTCCTAGG-1,tumor necrosis and bleeding
AAATCTAGCCCTGCTA-1,Tumor
CTTTACCGAATAGTAG-1,Tumor
CACCCAAATCTTATGT-1,interstitial and infiltrating cancer cells
GAGGTCTTAGTGGGTC-1,Tumor
TAGTCTAACAACGAGA-1,tumor necrosis and bleeding
CCCACTCCACGGTATC-1,tumor necrosis and bleeding
CTTCAGTTGGACAACG-1,Tumor
ATTCTCGTCTCTTTAG-1,Tumor
AGGCTTCCCGAAGAAG-1,Tumor
CACCGCGTCCACTCTA-1,Tumor
AGCGCTTATGGGCAAG-1,Tumor
CTTGTGCTCACCGATT-1,Stroma
ACCAAGAACGCGTGTC-1,Tumor
CACTCCTATGTAAGAT-1,Tumor
CCACTAAACTGAATCG-1,Tumor
GCATAGAGCACTCAGG-1,Tumor
ATGTACATGCGGTGAG-1,interstitial and infiltrating cancer cells
TTCATAGCCTTGTAAC-1,Tumor
TCACGGTCATCGCACA-1,Tumor
ACTTGTGGATGGAACG-1,
AGTCCAGCGGGTACGT-1,Tumor
CTTGAGTTAGGGTAAT-1,Tumor
TCAGTACTGACCCGCG-1,
CCTATGGTCAAAGCTG-1,Tumor
GCCTTTGTCAGTGGAC-1,tumor necrosis and bleeding
AAGGATGAGGGACCTC-1,Tumor
ATATCGTTCCTCGAAC-1,Tumor
CGACTCAGGATGTTAT-1,
TCACGGCCCAAGAGAG-1,Tumor
CCGCACGTGACCTCGG-1,tumor necrosis and bleeding
GCCTATTTGCTACACA-1,Tumor
ACGGTCACCGAGAACA-1,Tumor
TTCTTGGAGTAATGAG-1,Tumor
ACTCCAATATCATCAT-1,Tumor
TGATCCCAGCATTAGT-1,Stroma
TATCTACCACAGCGGG-1,Tumor
GGGTAATGCTGTGTTT-1,Tumor
GTAGTGAGCAACCTCA-1,interstitial and infiltrating cancer cells
TACCCTCGGTAACCCT-1,interstitial and infiltrating cancer cells
TCTTGCTCCCGATACT-1,Tumor
AAGTGTTTGGAGACGG-1,Tumor
CCTGTAAGACATGATA-1,
TTGTTTGTATTACACG-1,tumor necrosis and bleeding
CAGGAAGACTTTATAT-1,Stroma
TTCTAACCGAAGCTTA-1,Tumor
TAGGTGACGATAACCT-1,Tumor
TAACAGCGTTTGTGCT-1,Tumor
CGCCCAGCACGCCTAG-1,Tumor
AGTCAAATGATGTGAT-1,Tumor
CGAACATAGTCAGAAA-1,Tumor
AGCTCGTTGATGGAAA-1,Tumor
TGGTGCCCTGCCTTAC-1,
GCCGCTTGTGAGAAAC-1,tumor necrosis and bleeding
GGATTAAGCTAAGGTC-1,Tumor
CTGGGCTATCCTTTGG-1,Tumor
TCGTGTACTATGGATG-1,Tumor
GTTAAGTTAGAGTGGG-1,Stroma
GTTATCAAGCTATCGA-1,interstitial and infiltrating cancer cells
TTAGGATGGGAGGGTA-1,interstitial and infiltrating cancer cells
ACCCTTCATCTGCGAA-1,Tumor
TCAACGAGGAGACAAA-1,Tumor
AAATTCCAGGTCCAAA-1,Stroma
GGTGAAGTACAGGGAT-1,Tumor
TAGACTCAGTTGGCCT-1,Tumor
TCCGAATGGTCCTGAG-1,Stroma
AGCGGCGGTTAGCGGT-1,tumor necrosis and bleeding
GGAGACCAATGTGCTT-1,Tumor
GAACCATCTGGGAGAC-1,Tumor
ACGGGAGTGTCGGCCC-1,Tumor
CCCGGCTAGGTGAGAA-1,
GGAGTTGATTCTGTGT-1,interstitial and infiltrating cancer cells
CTGGCTCCTGCGGGAT-1,Tumor
GGTGAAACCGGGAATG-1,Tumor
TAAGGCTGAATCCCTC-1,Tumor
CACGTCTATGATGTGG-1,Tumor
CAATTTGACCGGGAAG-1,Tumor
AACGATATGTCAACTG-1,Tumor
TTGCCTAATCCAAAGT-1,Tumor
GGTAGGCCAATATCAC-1,
TTCGTTCAACGAAGTT-1,Stroma
AAGTTCACTCCAAGCT-1,Tumor
GGAAAGTCTTGATTGT-1,tumor necrosis and bleeding
GGTAACCGGCAAAGGT-1,Tumor
AGACTAGCCTTCCAGA-1,Tumor
GCGACGGTAGTCTCCT-1,Tumor
ACAAATTCAGATCTGA-1,Tumor
CCATAGTCAGTAACCC-1,Tumor
CCTATAATGAGTGCCC-1,Tumor
TAAGTCGCCGAGTATC-1,Tumor
CGTTGTAAACGTCAGG-1,
ATAGTTCCACCCACTC-1,interstitial and infiltrating cancer cells
GGATTCCGCTATACCC-1,Tumor
ATAGGGATATCCTTGA-1,Tumor
GGTTCTACTCGTCTGA-1,interstitial and infiltrating cancer cells
ATGGAACCTTTGCACA-1,interstitial and infiltrating cancer cells
TACAAGGGCTTCTTTA-1,Tumor
GCGGTGAACTGCGCTC-1,Stroma
TTATCATACTCGCAAA-1,Tumor
TATAGATGGTCGCAGT-1,
GAAACCTATACAAATG-1,Tumor
GTCATTAGAGCGAACG-1,Tumor
ATTTACTAAGTCCATT-1,Stroma
CGATAGTCGTACTGCA-1,Tumor
TTACCCTAACAGTCCT-1,Tumor
GATACCGTGTCGGAGT-1,interstitial and infiltrating cancer cells
TCAATACGCCGTCATG-1,Tumor
AGTACCTTCGAGTGCT-1,Tumor
CTCTGGACGCCTGGTG-1,Tumor
TTAGAGTTTAGAAGGA-1,Tumor
GACCCGTCGCCGGCTA-1,Tumor
GTCTGCCGACTCGACG-1,Tumor
AATGAGTTCGCATATG-1,Tumor
GGCTGAGCATCGTAAG-1,Tumor
GGTTTGTGACCTGAGG-1,
ATGACGCGTTCTATCC-1,Tumor
AGATAACTTCAGGGCC-1,
TAGAAAGGTGGCGCTA-1,Tumor
TAGTCTGTGACGTTGC-1,Stroma
ACACCCGTAAATCTGT-1,Tumor
TAGCGTCGAATATTGA-1,tumor necrosis and bleeding
TCACTCGTGCAACGGC-1,Stroma
CATGGCAGGAAGATCG-1,Tumor
CATGTAGGAGCGCCAA-1,Tumor
CGCGAGAGGGACTTGT-1,Tumor
TTCGGGACTAATCGCG-1,Tumor
CTTAAATAAGACCCAT-1,tumor necrosis and bleeding
GGTAGTGCTCGCACCA-1,Tumor
TGGAAGGATAAAGATG-1,Tumor
ACCAACGCTTATTTAT-1,Tumor
TGCGAATATGGGATTT-1,
CAACGTGGTGGAGTCT-1,interstitial and infiltrating cancer cells
GAGCCACGGTAGTAGG-1,Tumor
ACGGAATTTAGCAAAT-1,Tumor
ACAATGAATACGGAGA-1,Tumor
TTCAATTAGCCATAAT-1,Stroma
AGGTGTTGCCGACCAC-1,interstitial and infiltrating cancer cells
TTGTGGTGGTACTAAG-1,Tumor
CATGCATGGAGACCCT-1,Stroma
AGTCAACACCACCATC-1,Tumor
GATGCTACCTTCGATG-1,Tumor
CCTACATTCACAGACG-1,Tumor
TAACAATATTTGTTGC-1,tumor necrosis and bleeding
AACGTAGTCTACCCAT-1,Tumor
AGCCTTAAAGCGGAAG-1,
TGATCACCACACTGAC-1,Tumor
CGAACGCCCAGTGCCG-1,Tumor
AGCCCGGTAGCCTGTA-1,Tumor
GCCTACGTTCTGTGCA-1,Tumor
AATCCATGCAAGGGTG-1,Tumor
CGTTTACAAGGCAGCT-1,Tumor
CAGATATGAAGATGAC-1,Tumor
CTACAAGAAATAACCC-1,Tumor
GATCGCTACCCGATTT-1,Tumor
CTTTGGCGCTTTATAC-1,tumor necrosis and bleeding
CATGGTAAGTAGCGTT-1,Tumor
TCGTGTATTGGTCACG-1,interstitial and infiltrating cancer cells
ATAGACGAAGAGAAAG-1,
GCATTGACTTGCGGAA-1,tumor necrosis and bleeding
ATGGCAGCCGAGAAAC-1,tumor necrosis and bleeding
GGGATGGACCCGCGTC-1,
GTCTCGACTAAGTTTG-1,Tumor
GGGAGTAATGGCTGGC-1,Tumor
AAACTGCTGGCTCCAA-1,Tumor
GCCCAGTTGGTATGCC-1,Tumor
TGTGGCTCCCACCAAC-1,interstitial and infiltrating cancer cells
GGTACATCTGGGACGA-1,tumor necrosis and bleeding
TGGTTTAAACGTGGGT-1,Tumor
GCCGGGTTAGGGTCGC-1,Tumor
ATGCTCTGGCGCGGTA-1,Tumor
AGACCGGGAAACCCTG-1,tumor necrosis and bleeding
ACGATCATCTTGTAAA-1,interstitial and infiltrating cancer cells
TGGGCAATAGTTGGGT-1,interstitial and infiltrating cancer cells
GTGCTATCCAGCTGGA-1,Tumor
ATCATCTGCCCAGTGT-1,Tumor
GGGCTATGATCGATGG-1,Tumor
GACTACAAAGCGGTGG-1,Tumor
TACGAGAACTTCACGT-1,tumor necrosis and bleeding
TAGATTCTCTAGCAAA-1,interstitial and infiltrating cancer cells
TGGCTCTTGTCGCGTA-1,tumor necrosis and bleeding
GGGAACGGTTTCAGAT-1,Tumor
GGCCCGGAGCATGTCT-1,Stroma
TCTTAGAGCTCCAATT-1,interstitial and infiltrating cancer cells
ATGTTTGTAAGATCAT-1,Tumor
GTCGGGAACATGGTAG-1,tumor necrosis and bleeding
TCTCTAATAGCTGGTA-1,Tumor
CTCTCACAATCGATGA-1,Tumor
CACATTTCTTGTCAGA-1,interstitial and infiltrating cancer cells
GGCTGGCTAGCTTAAA-1,Tumor
GTATCAAGGTACTTCC-1,Tumor
ATCAGCCTCATGCTGC-1,Tumor
GGAGCACCAAGAACTA-1,Tumor
CCCTACCCACACCCAG-1,Tumor
GCCTATGCTGGGCCTT-1,Tumor
GGTTCCGTACGACTAA-1,tumor necrosis and bleeding
GCGGGAACCAGGCCCT-1,Tumor
ATAGCAACTAGGGAAG-1,Tumor
ATGATGCAATGGTACA-1,Tumor
AATAGAACAGAGTGGC-1,Tumor
CCTTAAGTACGCAATT-1,Tumor
GATACGATGGGAGTCA-1,Tumor
AGCGACCAACGATATT-1,Tumor
TGATCTACGCTGATCT-1,
ATCGTTAGCTAGCGGA-1,Tumor
TGGATGGCATCTTGGA-1,tumor necrosis and bleeding
ATACTTGTTCTCGAGC-1,tumor necrosis and bleeding
TACGCTCGGTATTGGA-1,interstitial and infiltrating cancer cells
GGGCGTACATTTATAT-1,Tumor
AGCTAGAAGCAGAAGT-1,Stroma
AGACAGGCATCTCAGC-1,interstitial and infiltrating cancer cells
TACAAATTGCGGAGGT-1,Tumor
TGGCGATCAAGTTATG-1,Tumor
GCTCGGAATTTAAAGC-1,Tumor
AGGATATAGGGATTTA-1,Tumor
CGCTCGACATAATGAT-1,Tumor
TAATCAACCAAATGGG-1,interstitial and infiltrating cancer cells
ATGGCGGAATAGTCGC-1,Stroma
CCATCCATACCAAGTC-1,Tumor
CGGTTGGGCAGGGTCC-1,Tumor
CGGTGCAGATAGAACG-1,
TCAACGCGACCGGCAG-1,tumor necrosis and bleeding
GCGCTGGCGGAAAGTC-1,Tumor
GGAACTCGTGAATACG-1,tumor necrosis and bleeding
CTCTAATGCATTGATC-1,Tumor
TCGGCGTACTGCACAA-1,tumor necrosis and bleeding
TGCAACTACTGGTTGA-1,Tumor
CCCGTAAGTCTAGGCC-1,tumor necrosis and bleeding
CTGCCTTTAATACCTT-1,Tumor
ATGGGAACGGAAGCGG-1,Tumor
CTAGACTGCATTTCGT-1,Stroma
GTCAAGCGGACTCGGG-1,Tumor
AGTGACCTACTTTACG-1,Tumor
AACATATCAACTGGTG-1,Stroma
GTGCAAATCACCAATA-1,Tumor
ATTCGTGTACCCATTC-1,Tumor
AGCGCTAGAGCGATGT-1,interstitial and infiltrating cancer cells
CTTTGACGTCGCTTCT-1,tumor necrosis and bleeding
ATACGAAGGCTTTCCA-1,Stroma
GGTCGTAAGCTCGCAC-1,Tumor
GAAGTCTCCCTAGCGA-1,Tumor
TCGTCAAGTACGCGCA-1,Tumor
CCCTCATCACAGAGTA-1,
ACTTCGCTAGCGAGTG-1,Tumor
GTCACAAAGTTTCCAA-1,Tumor
CCGAGGGATGTTAGGC-1,Tumor
CAGCCTCTCCTCAAGA-1,Stroma
TTGGAAGAATACAGTC-1,Tumor
GAGTAAATTAAGAACC-1,interstitial and infiltrating cancer cells
ATTACCACACTGCCTG-1,interstitial and infiltrating cancer cells
CTCGAGACATACGATA-1,tumor necrosis and bleeding
GCTGAAGGGTTCTTGG-1,Tumor
GAGAGGTGCATTCTGG-1,tumor necrosis and bleeding
GGTATTGCCGAGTTTA-1,Tumor
GCTATCATACTCATGG-1,Tumor
GAATGTATGGCAGGTC-1,Stroma
GACGTTCGTAAATACA-1,Tumor
CGGTTGGGTTCAAGTT-1,Tumor
TTCTCTTACAGGTGAT-1,tumor necrosis and bleeding
AGAGCGTACAAGCTCG-1,
GTGCACGAAAGTGACT-1,Tumor
TAGAGCTACGAAGAAC-1,Tumor
TGCTGGTTGGACAATT-1,Tumor
GTACTGAGGTCGTAAC-1,Tumor
TTGTGGCCCTGACAGT-1,Tumor
TAATTGGAATCGGGAA-1,Tumor
CCTCCCGACAATCCCT-1,Tumor
CGGGTTTGTTAGGGCT-1,interstitial and infiltrating cancer cells
TTAAAGTAAGTCGCCA-1,interstitial and infiltrating cancer cells
GTTTGACCAAATCCTA-1,Tumor
TTGGACCATCTGGCAA-1,Tumor
TTAAGATACCCAGAGA-1,Tumor
ACTCGTAACCCGTCCT-1,Tumor
TAATAAACAAGGAGAT-1,Stroma
ACAGTAATACAACTTG-1,
AGAGCTACGAAAGCAT-1,Tumor
GTACGTCACGTATTAA-1,Tumor
AACCCTACTGTCAATA-1,Tumor
GCGTCGTAACATGGTC-1,Tumor
GAACCTCGACCTACAC-1,tumor necrosis and bleeding
AGATACCAATAGAACC-1,interstitial and infiltrating cancer cells
ACAGCGACATTCTCAT-1,Tumor
GTTCGTTGCGGACCAG-1,Tumor
CCCTGAAATGAGTTGA-1,
GGTTCGATGCTGAGTT-1,Tumor
ACTTGGGACCCGGTGG-1,Tumor
CACCAATCATCCGTCT-1,tumor necrosis and bleeding
TCCACATCGTATATTG-1,Tumor
AGTACAGAAGCTTATA-1,Tumor
GAACAACTGGGATGAA-1,Tumor
CAGCCGGGCCCTCTAT-1,
CGCCCTTACATCCACC-1,Tumor
AGTCACTAGCTCTCGA-1,Tumor
CTGGGTAGGCAGTTAA-1,Tumor
CGGTAACAAGATACAT-1,Tumor
TATTCAATTCTAATCC-1,Tumor
CAGCAGTCTGTGCTGC-1,Tumor
TCCCGTCAGTCCCGCA-1,Tumor
GATGTTTGTGCGAGAT-1,Tumor
AAACGCTGGGCACGAC-1,interstitial and infiltrating cancer cells
GCATGACACAAAGGAA-1,interstitial and infiltrating cancer cells
CCGCATGTGGTACGAT-1,Tumor
CCTCTGTACTATTCTA-1,Tumor
GGAATAACCTCAAGAA-1,Tumor
CTCACCAGTACAAGTG-1,tumor necrosis and bleeding
AGATGCTATAACGAGC-1,Tumor
TGGACACCGTTGCTTG-1,Tumor
GTCCTTCTAGTGGGTT-1,
CACAATGAGCTGCTAT-1,Tumor
AATCGTGAGCCGAGCA-1,Tumor
TGCCAGTACGTGGAGA-1,Tumor
ACACCTTAAGTAGGGC-1,Tumor
ACTGCGGACACACCGT-1,
GATCGTGACTGATATC-1,Tumor
TCAGCGCACGCCGTTT-1,Tumor
TACCTACTCCCAGTAT-1,Tumor
CGCCGGTGTCGCAGTA-1,Tumor
TGATTATGGCACGCAG-1,Tumor
AATATTGGAGTATTGA-1,tumor necrosis and bleeding
ACTCAACGAATGTATT-1,Tumor
GCTATACGTCTCGGAC-1,Tumor
GTTACGAAATCCACGC-1,Tumor
CTGATCCCTTTATGCA-1,Tumor
GGTGCATAAATGATTA-1,Tumor
TCCAGGCGAGTACGGT-1,Tumor
CGACGCATCCGTACCT-1,tumor necrosis and bleeding
CTAGGCGCCCTATCAG-1,Tumor
CCGAAACACGACCTCT-1,Tumor
GGCATACAGGTAGCGG-1,tumor necrosis and bleeding
GTGCGAAATCGAACAC-1,Tumor
CAGATGTTTGTCCCAA-1,tumor necrosis and bleeding
CCAGCTTCCGCCCGCA-1,tumor necrosis and bleeding
ACAAACTCCATCAGAG-1,tumor necrosis and bleeding
AACGCGGTCTCCAGCC-1,Tumor
TTCCAATCTGGCTATC-1,Tumor
GGACAAGCCATGATCG-1,tumor necrosis and bleeding
CCTATGGGTTACCGTC-1,Tumor
AGAATACAGGCTATCC-1,Tumor
TTGGGCGGCGGTTGCC-1,Tumor
CAAATTGGATTATGCC-1,Tumor
ACATCGTATGCAATGG-1,Tumor
CCCGCGCAATGCACCC-1,Tumor
TGCTAAGTGTCTATTT-1,Tumor
AATCGCGCAGAGGACT-1,interstitial and infiltrating cancer cells
AGAGTGAACAGACACC-1,Tumor
AAGCCACTTGCAGGTA-1,Tumor
CCGCGATTTGGTAGGT-1,tumor necrosis and bleeding
TCTTGATGCGTAGCGA-1,Tumor
TATCTACAGAGGTAAT-1,tumor necrosis and bleeding
GAGAAACTGGATCCCA-1,interstitial and infiltrating cancer cells
TCTCGAACGAGGTCAC-1,Stroma
GGGCAGTCAACGCCAA-1,Tumor
TCCCTTAGATTACTCG-1,Stroma
AAGTGCGTTAGAATCT-1,Tumor
AGCACTACCTCACCAG-1,Tumor
CACGTTTCGTACACAC-1,Tumor
GATTAACCGAAAGCCC-1,Tumor
TCGACAACTGAACCCG-1,Tumor
TCGCTGTGCGTAAATC-1,Tumor
GTCCTAGGATACCTTA-1,Tumor
GTTCCAAGACAGCGAC-1,Tumor
GTAGCTCCGGGAGGCT-1,Tumor
CGCTTAGTATTGATAC-1,Tumor
GATATGGATTACGCGG-1,tumor necrosis and bleeding
ATCTAACGTCCCTATG-1,
GGTACGTTGCGGCCGG-1,interstitial and infiltrating cancer cells
GTCTGGGCGGTCGAGA-1,Tumor
CCGGCACGACCGTTTC-1,Stroma
AGCTGTAACCTCAATC-1,Tumor
CCCAAGACAGAGTATG-1,Tumor
AGATAATCACACCTAT-1,
CCGATTGGTCAATGAA-1,Tumor
GACTCGGTCGGCGGAT-1,Tumor
AGTGGTGTTACCCGTG-1,tumor necrosis and bleeding
GAAGCTTGCTGACCGC-1,
GGGCCTATTTAAGTAT-1,Tumor
AACGCGACCTTGGGCG-1,Tumor
GGGCCCTTATCTATAC-1,tumor necrosis and bleeding
TACTGCATGATTAAAT-1,tumor necrosis and bleeding
CTCACTTGGCTGGTAA-1,tumor necrosis and bleeding
CCAGAAAGCAACTCAT-1,Tumor
ACCCTCCCGTCAGGGC-1,Tumor
TCACCGCTCGGCACTC-1,Tumor
GCTGGCATATTCACCT-1,tumor necrosis and bleeding
CAAATTGTCAGCAAGC-1,Tumor
AGTGGCCCGCAAATGG-1,Tumor
ATTCATCGTTGAGGCA-1,Tumor
GGGATCCCAATACAAA-1,Tumor
AAACCTAAGCAGCCGG-1,Tumor
TACATCTTGTTTCTTG-1,blood
CGCTTTCATACCGGTG-1,Tumor
CAATGGATCTCTACCA-1,Tumor
AAACGGTTGCGAACTG-1,Tumor
TTCAGTTTGTGGCAGC-1,tumor necrosis and bleeding
GTGAGTCTAAGACGGA-1,tumor necrosis and bleeding
AAGAAGGATCAGTTAG-1,Tumor
TGGTACCGGCACAGCC-1,Tumor
CGCGTTCATGAAATAC-1,Tumor
GGAGCGAGGCCTACTT-1,Tumor
TCTCAAATCAATCGGG-1,Tumor
GACTTTCGAGCGGTTC-1,Tumor
ACTGTTTAGTGTAGGC-1,
CGACATGCGATCTTCT-1,Tumor
CCTCGAAGTGGACGGG-1,Tumor
TGTTGCCGTCGTCCCA-1,interstitial and infiltrating cancer cells
TGGTCGTGCAAGGCAA-1,tumor necrosis and bleeding
CGTAGCGAATTGTCAG-1,Tumor
GCGGTCCCTAGACGCA-1,Tumor
AGTGAAGATGGTGTCC-1,Tumor
CCTTGACCACTTTATT-1,
AACGAAAGTCGTCCCA-1,
TTAGAGGGATATACAG-1,tumor necrosis and bleeding
TACGACGCTTGCTGCG-1,Tumor
TCACAGGAGAATAAGA-1,Tumor
AGGATTGCTTACGACA-1,Tumor
TCGGACGCCCAGCCCA-1,Tumor
CGTTTAAGCGGAGCAC-1,Tumor
CCCAGATTCCCGTGAC-1,tumor necrosis and bleeding
AGCAGTCGAAGCATGC-1,Tumor
TGGAAGACGAACACCA-1,Tumor
CGTCGCGGCGGGATTT-1,Tumor
TCCAGCGCTATAAGCG-1,interstitial and infiltrating cancer cells
TAAGGCCCGTCACCCT-1,Tumor
CACTGTCCAAGTGAGA-1,Tumor
ATCCCATTTCCGTGGG-1,Tumor
CACATGTTTGGACATG-1,Tumor
CCGCCGGAACTTCTCG-1,Tumor
CATGACTTCGCTGAAT-1,interstitial and infiltrating cancer cells
GTCCTATTGTTGTGGT-1,tumor necrosis and bleeding
GAAGCCTGCACATTCC-1,Tumor
ACCCGTGTCATCAGTA-1,Tumor
GAATAGCATTTAGGGT-1,interstitial and infiltrating cancer cells
TGAGAGATTTACCACG-1,Tumor
CTTCGTAGATAGGTGA-1,Tumor
TCTGACTGTAATGGTT-1,Tumor
GCCAGGCTTAGTGGTA-1,Tumor
GCGGACCGCGTTGTGG-1,Tumor
TCGTTGGCTCGTCAAT-1,Tumor
CTCATTTGATGGGCGG-1,Tumor
AGCATATCAATATGCT-1,Tumor
TAACCGTCCAGTTCAT-1,Tumor
TTGGATTGGGTACCAC-1,Tumor
ACCGAAGAGTCTGGTT-1,Tumor
GGTAAACTCTGCGCTG-1,interstitial and infiltrating cancer cells
TGTTTCGGTACTTCTC-1,Tumor
CCAAAGCAGTTGGTTG-1,Tumor
TAAGGCAACATAAGAT-1,Tumor
TCCATTGTGACCTCGT-1,Stroma
GCTCATTACTGCATGT-1,Stroma
GCGAAGAATCTGACGG-1,Tumor
CAGCTCGACAAGTTAA-1,Tumor
GTCCCGCGACGTTATG-1,Tumor
TACCTTAAGATTTCCC-1,Tumor
AAAGAATGACCTTAGA-1,tumor necrosis and bleeding
CAGTCCAACGCCTTCT-1,Tumor
TATGGCAGACTTTCGA-1,Tumor
CTGACTGCGCAGCTCG-1,Stroma
TTACCGCCTTAGGGAA-1,Tumor
AATAATCTTCGTATCG-1,interstitial and infiltrating cancer cells
AATCTCTACTGTGGTT-1,tumor necrosis and bleeding
GTTTGGCGTCAGGCAC-1,Tumor
AAAGTTGACTCCCGTA-1,Tumor
TATACGCGTCATCACT-1,Tumor
AGGTGTATCGCCATGA-1,tumor necrosis and bleeding
TAGTACCTTAGTGGTC-1,Tumor
GCCAACCATTTCCGGA-1,Stroma
GATAGGTGTCCCGGGC-1,interstitial and infiltrating cancer cells
TGCTCCACAGTTCTTA-1,Tumor
CGGGAAGTACCGTGGC-1,Tumor
GCGTGGTACTGGGTTA-1,Tumor
TCGATAGGCTAGTCGC-1,Tumor
ACGATGGATCCGATGC-1,Tumor
TAGTTTATTCTTGCTT-1,Tumor
TCACGTGCCCGATTCA-1,Tumor
ATCATAGATCGACGAG-1,tumor necrosis and bleeding
TGATCTCCGGCGCCAG-1,Tumor
TTCGCGCGCCATACGA-1,Tumor
TGAGAATGCTTTACCG-1,Tumor
CACCGGGCATCACAAG-1,Tumor
CATCCCGAGATTCATA-1,interstitial and infiltrating cancer cells
CCGACAATAGGCCGCC-1,interstitial and infiltrating cancer cells
CTCCTCCAGCTCACAC-1,Tumor
GTAGAAACGGGTGGAG-1,tumor necrosis and bleeding
TGGAGTGATGCGATGA-1,Tumor
ATTACTTACTGGGCAT-1,Stroma
TAGAAGAAGGGTTACA-1,interstitial and infiltrating cancer cells
TGGGTGGGATGTCATT-1,Tumor
ATTCGCGCCTTGAGAG-1,interstitial and infiltrating cancer cells
GAAGCTCTTTGCTTAG-1,blood
TAGTGTCAGAAACGGC-1,
CAGTCGAGGATGCAAT-1,Stroma
AGATACCGGTGTTCAC-1,
GCTGGACCCAAAGTGG-1,Tumor
CTGACATAGAAATAGA-1,interstitial and infiltrating cancer cells
ACGTTTAGTTGTGATC-1,Tumor
CGCGGTCACAAACCAA-1,Tumor
GCGAGCGCATGCTCCC-1,interstitial and infiltrating cancer cells
TGCGTACGGCTAATTG-1,Tumor
CAGTAAGGGACGTCTC-1,tumor necrosis and bleeding
CCCGTTTCGCAGATGT-1,Tumor
CTTGTCAACATTCGAG-1,Tumor
CGTCGGGTCTAAGCGC-1,Tumor
TCTGCGTCCGGTTTCT-1,Tumor
CATACTTAGGCAATAC-1,interstitial and infiltrating cancer cells
GGGATGGTCGTAACCG-1,Tumor
AGACGGGATTGGTATA-1,Tumor
GGGCTACTATTTCGTG-1,tumor necrosis and bleeding
AAACAATCTACTAGCA-1,Tumor
TTGGTATGGCTTGTGT-1,Stroma
AGACTGTTACCGGGTC-1,Tumor
AGCGCATAATGAATCG-1,Tumor
TGCAAAGTTCGTCTGT-1,Tumor
TACGTGGGCCCAGGGC-1,Tumor
TAATAGTGACGACCAG-1,Tumor
ACGCCAGTGCGTTTGC-1,
CTGGCGGGAATAAGTA-1,Tumor
GCCGGTTTGGGCGGAT-1,Tumor
TTGATGTGTAGTCCCG-1,
ATTTCATTATTTCGCG-1,
CACATCTCACCGACGA-1,Tumor
TCCTCTCCAGTTGTCC-1,tumor necrosis and bleeding
CGGCAAACATCGTGCG-1,Tumor
CGCGTCATATTAAACC-1,Stroma
CCTAAATTGTATCCTA-1,interstitial and infiltrating cancer cells
TTCAAAGTCTCTAGCC-1,Tumor
GGTTACCACCCTCGGG-1,Tumor
GCCCGTCAAGCCCAAT-1,interstitial and infiltrating cancer cells
GTTATTAACGTGGGAG-1,tumor necrosis and bleeding
TGTTCTCATACTATAG-1,interstitial and infiltrating cancer cells
GTCTTACCACGCCAAG-1,interstitial and infiltrating cancer cells
AAGAGATGAATCGGTA-1,tumor necrosis and bleeding
ACGGTACAGTTCAATG-1,Tumor
AGAAGAGCGCCGTTCC-1,Tumor
CTAGCCACAGGCGAGC-1,interstitial and infiltrating cancer cells
CTGCCTTTCTAGTAAA-1,Tumor
GGACTCGACAGCGCAT-1,Tumor
CTAAAGGATGAGATAC-1,Tumor
CCATCTCACCAGTGAA-1,Tumor
AAGTTGTGATGTTATA-1,interstitial and infiltrating cancer cells
GCACTGCCTACCTTTA-1,Tumor
CTAAAGGGAAATAGGA-1,Tumor
AAGACCAAATAACTCA-1,tumor necrosis and bleeding
CTAATTTCAACAACAC-1,Tumor
CTGAAAGAGATCCGAC-1,Tumor
CATACGAACTAGCTGG-1,Tumor
GTGAGGACACTTAAGG-1,Tumor
CAAAGTCAGGTTAGCT-1,Tumor
CGTTCTTCGCACACCT-1,Tumor
CCTTTAAGGGAGCACT-1,Tumor
CGTCAAATGGTCGCAG-1,Tumor
ATGTAGCGCGCGTAGG-1,Tumor
TGCATGGATCGGATCT-1,Tumor
ACTCCGGCCGACCACT-1,Tumor
AAAGTAGCATTGCTCA-1,Tumor
CCGGTATCTGGCGACT-1,Tumor
ACGCGAAGTCAGACGA-1,Tumor
AGCTAACAAGCAATGT-1,Tumor
GTATATGTTACGGCGG-1,Tumor
AATTGTGGTTGCCAAA-1,interstitial and infiltrating cancer cells
CCATAGAGGCTGCCAG-1,tumor necrosis and bleeding
CAAGGCCAGTGGTGCA-1,Tumor
TTCTTCGCAATAGAGC-1,Tumor
GGCGCATGAATTGATG-1,Tumor
AAACGTGTTCGCCCTA-1,Tumor
CTTTAGTGCTATTATT-1,Tumor
CGTAAAGCAAGAAATC-1,Tumor
CTCGCATTGCATAGCC-1,
CTTTGCATCGCTCTTG-1,Tumor
CTCATAAATGTGTATA-1,interstitial and infiltrating cancer cells
TCGCCGGTCGATCCGT-1,Tumor
TACCAGGAATCCCGTC-1,Tumor
AAGCGGAGTGCGCGCA-1,Tumor
ACTTATTTATGTGCCA-1,Tumor
AGGGTCGATGCGAACT-1,Tumor
CTCAGGACTCACCTGT-1,Tumor
AACAGGTAGTATGGAT-1,interstitial and infiltrating cancer cells
TTCGGGTTGCCACGGG-1,interstitial and infiltrating cancer cells
TCGCCTCGACCTGTTG-1,Tumor
CCAGTCAAATCTCTTA-1,tumor necrosis and bleeding
TCGAATATCCCGCAGG-1,Tumor
GGTGTTCTGTTTCTAC-1,Tumor
CCCTGCCCAATCCGCT-1,tumor necrosis and bleeding
TGTTGATCACTGTTTA-1,Tumor
CTCGTCGAGGGCTCAT-1,Tumor
TAGAATTAAGGGCAAC-1,Stroma
TGACTCTAACTGGTAA-1,interstitial and infiltrating cancer cells
GAAAGCAGTGCACTTT-1,Tumor
TAAATCTTTACACCTC-1,Tumor
TCACGATGTCCGTGGA-1,Tumor
TGTAGCCATCCCATTC-1,interstitial and infiltrating cancer cells
TGTCCTAAGTCACCGC-1,tumor necrosis and bleeding
ACCGAAAGGGCCCTGC-1,Tumor
GTCTCGATCTGCTTTC-1,Tumor
CCTATATCGTGTCACG-1,
CACTCTTCTGCTAGCC-1,Tumor
CAGTAATCCCTCCCAG-1,Tumor
CCCAAACATGCTGCTC-1,Tumor
GACCACACTTCCCTTT-1,Tumor
GTGCGCAGCTTGCTCC-1,Tumor
TTGGCTCGCATGAGAC-1,Tumor
GCAACGGCTAGTTATG-1,interstitial and infiltrating cancer cells
TCTCCACAAGTTGAAT-1,Tumor
TTAAACCTGGTTCCTT-1,tumor necrosis and bleeding
AAATTGGTGAGAAGCA-1,Tumor
GATCTTTGCAGGGTAT-1,tumor necrosis and bleeding
ACGGACGCAGCGACAA-1,Tumor
TCCCACGGAGGGAGCT-1,Tumor
GGCAAATTACTTTACT-1,Tumor
CATACCCGTACCCAGT-1,tumor necrosis and bleeding
ATCGCACGCCGGGAGA-1,Tumor
CGGAGCATGGCGATCC-1,Tumor
GCAAGTGCACAGAGAA-1,Tumor
GGGATACGGTAATAAT-1,
CCCTTTGACAGGTCTT-1,Tumor
ATGCATGATCCAGGAT-1,Tumor
TTCGCATCCGGAAGCA-1,Tumor
CTACGCCATTTCCGAT-1,Stroma
TCTAAAGAACAGTCTC-1,tumor necrosis and bleeding
GTGGCAAACAGCGGCA-1,Tumor
CGATAACCAATTTGAG-1,Tumor
ATGAAGTGGACCCAGC-1,tumor necrosis and bleeding
GAAGGCTACCATTGTT-1,Tumor
CGAAGTTGCTCTGTGT-1,tumor necrosis and bleeding
TCCACCAAGACATAGG-1,interstitial and infiltrating cancer cells
CGGTATAGGTATTAGC-1,Tumor
TCGGATCTGGATGACC-1,Tumor
CCAATAGTGCCGTCGA-1,tumor necrosis and bleeding
TGCCCGATAGTTAGAA-1,Tumor
CAGCCTCCTGCAGAGG-1,Tumor
GACGACTTTCCAAGAA-1,Tumor
AACTTTCTCGATCATG-1,Tumor
GTGCGACAGGGAGTGT-1,interstitial and infiltrating cancer cells
AAGACTCACGCCCACT-1,Tumor
TTGATGCCGCTCGTCG-1,Tumor
GATGCGAATGGTATTA-1,tumor necrosis and bleeding
CAGATCCTGGTTTGAA-1,Tumor
CGGTTCCGGCTTCTTG-1,Tumor
CTCTAACACCGGCAGC-1,Tumor
CTCGGGTTCTCTGGCC-1,Tumor
AGGCCACCCGTTATGA-1,Tumor
AGGTCGCCACTTCGGT-1,Tumor
GCTTTGCTGCCGGGTA-1,Tumor
AGCACTACCGGCCTGT-1,tumor necrosis and bleeding
CGGGAACGCCCTGCAT-1,Tumor
GTATTTAATGGCATAA-1,interstitial and infiltrating cancer cells
TACTCCTCTAGTTGAC-1,Tumor
ACGGGTTGTGACCTGT-1,Tumor
AAACGAGACGGTTGAT-1,Tumor
CTGGCTGATTCATCCT-1,Tumor
ACCTAATCGACTTCCT-1,tumor necrosis and bleeding
CGGAACGTAAACATAG-1,Tumor
AAACGAAGATGGAGTA-1,tumor necrosis and bleeding
TTAACCAACCCTCCCT-1,Tumor
GGTGCAGAGCCTATCG-1,Tumor
GTCCTTTAATGACTTC-1,Tumor
TGTATGGCGCAGACAG-1,Tumor
TCGCTGCCAATGCTGT-1,Tumor
TTCACTTCCTAGAACG-1,Tumor
CTAGGGATAGGGACAA-1,
TTGCACAATTCAGAAA-1,Tumor
AGGGTGGATAGTGCAT-1,tumor necrosis and bleeding
AGAGATCTCTAAAGCG-1,tumor necrosis and bleeding
TTCTGCCGCGCCTAGA-1,Tumor
TGACCCAACTCACATT-1,Tumor
AGGGTGTGCTACACGC-1,Tumor
GACGTTGCTCGGCGGC-1,Tumor
GGAAGCTCGCTTACAG-1,Stroma
CGTACCTGATAGGCCT-1,Tumor
TCCGCTGTCATCCCGG-1,Tumor
ATTGTGACTTCGCTGC-1,Tumor
TCTACACGTTCATGCA-1,Tumor
ACAAAGCATGACCTAG-1,Tumor
GTGTCCGATAAGGCAT-1,Tumor
CACCAGTCAGCATGCA-1,Tumor
TGGAACCACTGACACA-1,Stroma
GCTTGGATCGATTAGG-1,
CCGTTACGTTAGAACA-1,Stroma
GTTAGCCCATGACATC-1,Tumor
ATTTAACTCGTATTAC-1,Tumor
TGCGGGTATTGGGATC-1,Stroma
CACCCTAACAAGATCT-1,Tumor
GTGCTTACATCAGCGC-1,interstitial and infiltrating cancer cells
TCGGTCCCTGACTCCA-1,Tumor
GGGAACGGGAGGTTAG-1,tumor necrosis and bleeding
AATGATGATACGCTAT-1,Stroma
ATCTCCCACGGAATAT-1,interstitial and infiltrating cancer cells
AAAGGTAAGCTGTACC-1,Tumor
TATACACAGACGCCTT-1,Tumor
GACCGACCGCTAATAT-1,Tumor
CTTAGTGTAGTAGCAT-1,Tumor
CAAGATATTATAACGT-1,Tumor
CAGCAGTCCAGACTAT-1,Tumor
GTCATGCACCTCCGTT-1,Tumor
ATGTACGATGACGTCG-1,Tumor
TACGAACACGACTTCA-1,Tumor
CTTCAGTGGTCGCCTA-1,Tumor
AGACCATGGGATACAA-1,Tumor
GACTGGGCGCCGCAAC-1,Tumor
CTGGTTTCGAGCAAGA-1,Tumor
TGATGGCTGTTTCTGA-1,Stroma
TCATCGATGGTCCCAA-1,Tumor
AGGAGGCCTTCGCGCG-1,Tumor
GCCCGCGCGTAAACGG-1,Tumor
AGAAGGTACACTTCAC-1,
ACATCGTTAACCTAGT-1,Stroma
AGTTCCTACAGAATTA-1,Tumor
CCTGACCACCGATGGT-1,Tumor
ACACCGGTCTGACCGC-1,
ATCTCATAAACCTACC-1,Tumor
CCGGCGTGAGACTCTG-1,tumor necrosis and bleeding
CTACGACTAGCTATAA-1,tumor necrosis and bleeding
ATTTGTTCCAGGGCTC-1,Tumor
TAGCTAGAAGGCATGA-1,Tumor
CAACAGAATAACGCTA-1,Tumor
CGGGCTACTTAAATTG-1,Tumor
ACAATTTGAGCAGTGG-1,Tumor
ATTATCGGAATGTACG-1,Tumor
GGTGATTTCATCTTGT-1,Tumor
TCAGAGTGTGAGCATG-1,interstitial and infiltrating cancer cells
ACGTTCGCAATCAATT-1,Stroma
CCCGCAGGGCCCAAAG-1,Stroma
CGGTGTACTTGATCCC-1,Tumor
CAGCAGCCCGTTCCTT-1,Tumor
AGAGTTAGAGACCGAT-1,Tumor
ATTGATCACCACATTT-1,tumor necrosis and bleeding
CGGAAAGCAAATGTGC-1,
GTATCCTTTGGTAACC-1,Tumor
TCGCCGAAGTTGCGTC-1,Tumor
ACAAGGACAAGAGGTT-1,Tumor
GCCCGATGCCCAGTTC-1,Tumor
ATAAGCAAACACCGAG-1,Tumor
GGCATTGAACATCTCA-1,
AGTTGGCAAGGCTAGA-1,interstitial and infiltrating cancer cells
CGCCTCCCTCCTCTAT-1,Tumor
CCCAGAGGAGGGCGTA-1,
AGCCACTCCCGTGCTT-1,Tumor
AGATACCAGCACTTCA-1,Tumor
CCACCAACTTTACTGT-1,Tumor
TCAGGGCGACTTCCTT-1,tumor necrosis and bleeding
CAATATTCTTGACCTA-1,Tumor
CGGCAGGGTCGGGTTG-1,Tumor
GTTCACAGGAGTCTAG-1,tumor necrosis and bleeding
CCTACTCAACACGATT-1,interstitial and infiltrating cancer cells
CTGCAGGTGCTCGGCC-1,Tumor
TTGCGTGAACGCTTAG-1,Stroma
AAGTCTTCTGTGGCCT-1,tumor necrosis and bleeding
TGCAGCTACGTACTTC-1,tumor necrosis and bleeding
AACTGATATTAGGCCT-1,Tumor
ATCTTGACTTGTCCAA-1,Stroma
TTGGATATCGTCTACG-1,Tumor
CCACGGCAGGTGTAGG-1,Tumor
AGTGCTTGCACGAATA-1,Tumor
CTATTTGGTTACGGAT-1,Tumor
TCACATCTTATCTGAT-1,tumor necrosis and bleeding
GAAATCTGACCAAGTT-1,blood
CGTTAATGTCCCGACG-1,Tumor
TAAGCGCGAATCAAAT-1,Tumor
TACATGCCGGAATTGT-1,interstitial and infiltrating cancer cells
GAAGGAGTCGAGTGCG-1,Tumor
CCGCGCAAGATACCCA-1,tumor necrosis and bleeding
AACGATAATGCCGTAG-1,Tumor
GGTGGGATTAGGTCCC-1,tumor necrosis and bleeding
TCGCCCAACTGACTCC-1,Tumor
TGCGCGATTAACGGAG-1,Tumor
ACCACCCTCTCTTCTA-1,Tumor
ACCACAAGTTTCTATC-1,Tumor
TTCTTGCTAGCATCTC-1,interstitial and infiltrating cancer cells
TGGTTGGAGGATCCTG-1,Stroma
CCTGGCTAGACCCGCC-1,Tumor
CCAAGTTTCTACAGAT-1,
GTGAGTGGTACAACGC-1,Tumor
CAGAACTTAGCCCTCT-1,Tumor
GTGTCGTATAGCGTTC-1,Tumor
TGGCATGAAGTTTGGG-1,Tumor
GGTTAGGGATGCTAAT-1,Tumor
AGTTCCTATTTATGTT-1,Tumor
AGGATAAAGTCGGGAT-1,Tumor
TGTGAGACTAGCCCAA-1,Tumor
GGCCGAGACTCTGGTG-1,Tumor
TGGACCAATCTAAGAT-1,Tumor
CTTTATCCGACGCATG-1,
AATTAAAGGTCGGCGT-1,Tumor
ACCAAGTCATCGGCAG-1,interstitial and infiltrating cancer cells
CATTCGTCGTAGCGGT-1,interstitial and infiltrating cancer cells
AACTAGCGTATCGCAC-1,Tumor
AGTTACTCTATCGTGG-1,Stroma
ATTCCTCCGCCAGTGC-1,Tumor
CTGCTTGGCGATAGCT-1,Tumor
TTGCCGCTTTCTAGTA-1,Tumor
TGCAGAACTATATCGT-1,tumor necrosis and bleeding
TTAAACAGAGTCCCGC-1,Tumor
ACGACCCATGAGTTGC-1,interstitial and infiltrating cancer cells
GCTGTATTACTGGCCC-1,Tumor
ACTTTCCTATAGCTTC-1,Tumor
CACCTAATAGAGTCGT-1,Tumor
GTTCTTCCCTCGATGT-1,Tumor
ATCCAGAGCAACAACC-1,Tumor
ACTGTACGATACACAT-1,Tumor
GGTAACCGGGAGGATA-1,Tumor
GGCGCGTTCGAGTTTA-1,Tumor
CACACGTTTCAATGGG-1,Tumor
CTACTATCATAGGTTT-1,Tumor
TATCAGTGGCGTAGTC-1,
GGTCTCCAAGTAGTGC-1,interstitial and infiltrating cancer cells
CGCGTACATTCTGGAA-1,Tumor
CCGACAAAGGGAGTGC-1,tumor necrosis and bleeding
CAATACGCTCTGAGGC-1,tumor necrosis and bleeding
TGTATACGGATGATGA-1,Tumor
AGAGAAGGAGTACAAT-1,Tumor
TAGCGTTGGGTCTTAC-1,Tumor
GAACGTTAGGAAGACG-1,tumor necrosis and bleeding
ATTACAACTACCGGCC-1,
TAAAGGAGAAACTAGT-1,Tumor
CTAGCTTAATGGTCCC-1,interstitial and infiltrating cancer cells
GTTTACGTTCCATCTG-1,Tumor
GATCGGTGGCCATAAC-1,Tumor
CGAACAGTATGGGCGT-1,Tumor
GATCTTTGCTCAAAGA-1,Tumor
TGATTCAGGTCCCGCG-1,tumor necrosis and bleeding
GGCAATAGTCAATGAG-1,Tumor
TGAGGAGTGCCAGCTT-1,Tumor
TCGGGCACTTCTGGAT-1,Tumor
GGATCTTACTGCCCTT-1,Tumor
GTGGGTCTTCTTTGCG-1,Tumor
CCAATTGAATGTTAAT-1,Tumor
TGCCAAAGTCAGACTT-1,tumor necrosis and bleeding
GAATAGACGCGACCCA-1,Tumor
TTAGAGTATTGTCGAG-1,Tumor
TCGCATAAAGGGCGCA-1,interstitial and infiltrating cancer cells
TGGAGGGAAACACCTC-1,Tumor
CACCTAATCAGTTTAC-1,Tumor
TTAAAGGCGATGCTCG-1,
AGTTGACATCGGCTGG-1,Tumor
GTACTACGGCCTCGTT-1,Tumor
GTGGACCAACCCGATT-1,Tumor
CTAATTCTCAGATATT-1,Stroma
TGAGTGCCTCTTAAAT-1,Tumor
ACCGACTGAGTCCCAC-1,Tumor
CCCGATAGCCTCGCCT-1,Stroma
CTCTTGTCCCGCTTGG-1,Tumor
GAAGCAAGGCAATGTT-1,Tumor
GGCGAGCATCGAGGAC-1,Tumor
CTAGTGAAGGACAGGA-1,tumor necrosis and bleeding
CGATCCACCATTGTTG-1,Tumor
GTTTCCTGGAGGGTGA-1,Tumor
GTTTGAGCGGTTATGT-1,Tumor
GAGTCCGCTTACCGGA-1,Tumor
CGGCTCTTCGTCGAAC-1,Tumor
ACCCGGAGCACCACAA-1,interstitial and infiltrating cancer cells
CATAAGAAGCTTGGCT-1,Tumor
CGAATGAAGTCATTGC-1,tumor necrosis and bleeding
GCGCCTCCCACTCCGA-1,interstitial and infiltrating cancer cells
TTAAGCCGACAACTTC-1,
AGTTTCGCAGGTCGGA-1,Tumor
CCTACTGCGGCGGCCA-1,Tumor
TGTTCCGCTTCCATGA-1,
GCACAACCTCGGGCGT-1,Tumor
TGATAGCGGGATTCTA-1,tumor necrosis and bleeding
GTTTCATATCGTCGCT-1,tumor necrosis and bleeding
TACTACGTGCAATGCG-1,Tumor
AATTGAACGCTCTGGT-1,Tumor
ACTTATTAGGATCGGT-1,Tumor
ATGCGAGTCCCACCAC-1,Tumor
TGCTCTTGAGAGTTTG-1,Tumor
TCGCTCGATATATTCC-1,Tumor
CATAGTCAAATACATA-1,Tumor
CACACAGGGATAGATT-1,tumor necrosis and bleeding
GCGGCTCTGACGTACC-1,tumor necrosis and bleeding
CGGCTCTAAAGCTGCA-1,interstitial and infiltrating cancer cells
CCGTAGGAAATCCCTG-1,Tumor
GCAGATTAGGGATATC-1,Tumor
TACGCTGCTGTGTTAA-1,Tumor
GACTCGCGGGAATGAC-1,Stroma
TTATAGATGCACATTA-1,Tumor
AGGACATCGCACGTCG-1,Tumor
ATAATAGTGTAGGGAC-1,Tumor
GATGTTCAATCCACGA-1,Tumor
GCATTCAAGGCAACGC-1,Stroma
GAACCTTTAACGATCC-1,Tumor
GCTAGCTTGAATAGCT-1,Tumor
TTCAATACTCTGAATC-1,Tumor
CCAGTAGTCTGATCCA-1,
CACGTCGGGTTCTAGA-1,blood
TAGCGTCCGGTGTGGT-1,Tumor
TCGCTTTAAACGTTTG-1,Tumor
GCGATTCTGGAAGCAG-1,Stroma
CGCTGTGACGCCGCAC-1,Tumor
GTGGTCAGCGAAGTAT-1,Tumor
TGTGCCGGTGCCGGAA-1,Tumor
AGGTTCTCCTTTCCGG-1,Tumor
GTAACTGCCCAAGGAG-1,Tumor
ACGATACCTATCCTGA-1,tumor necrosis and bleeding
CCTCCGACAATTCAAG-1,tumor necrosis and bleeding
CGAGCACTTCAAGTTT-1,Tumor
ATTAAAGCGGACGAGC-1,Tumor
TAGCCATGATTGCCTA-1,Tumor
CGCAATTCTACAATAA-1,tumor necrosis and bleeding
GTGCTCAAGTACTGTC-1,Tumor
TTATCTGACATTAGGA-1,tumor necrosis and bleeding
AATAACACTAGAACAA-1,Tumor
GGCCTGCTTCTCCCGA-1,interstitial and infiltrating cancer cells
TTAGAATAAGGGTCGG-1,Tumor
ATATTATCCCGTATTT-1,
CTGCTGTCTAACGAGC-1,interstitial and infiltrating cancer cells
CTGTCTGTGGCTGGCT-1,
TAGAAACCACTAAGTA-1,Tumor
TATTAACCTGACCGCG-1,Tumor
TCTGGCCGTTCAAGTT-1,Stroma
ATTAAACATGCGGACC-1,Tumor
AGTCCATTGGCTGATG-1,Tumor
TGGGTGCACAAGCCAT-1,Tumor
CCAAGACTTCTGCGAA-1,Tumor
CCTGTGCATAGGAGAC-1,Tumor
AACTCTCAATAGAGCG-1,Tumor
CTGAATCCGAGACCTC-1,Tumor
CACTCAGCTCTTGAGG-1,Tumor
CGGTGCGCGTTGGTCC-1,Tumor
AGGGTCTGGACGCAGT-1,interstitial and infiltrating cancer cells
CCCTCAGATCGAGAAC-1,Tumor
CCAATAGATTTCATCT-1,tumor necrosis and bleeding
GAAGTGCTGGATAGCT-1,Tumor
TACAAGCTGTTCACTG-1,
CATGATACGGTGAAAC-1,Tumor
CAAACCCTCCGGCGGG-1,Tumor
ATTACGACTCCACAGT-1,Tumor
TGCAAACGTACTAGTT-1,tumor necrosis and bleeding
GGCGGTAGGATCATTG-1,Tumor
GCCTCAGGTACCGGTC-1,Tumor
GACCTGGTCTGGGCGT-1,blood
AATCGAGGTCTCAAGG-1,Tumor
GGCGAAATCTAACTTG-1,Tumor
CTACTCTAGGCCCGGC-1,tumor necrosis and bleeding
GCATCGGCCGTGTAGG-1,Tumor
CTGGCATCCGAATGAG-1,Tumor
CACCGCCGACCAGCGA-1,Tumor
AGTTTGGCCAGACCTA-1,Tumor
AATTAGCGCTGCAGCG-1,Tumor
GGGCGTTTACATTCAT-1,Tumor
ATGCGACAATTGGTCC-1,Tumor
TGCTCACACAACAACC-1,Tumor
CACAGTTCGCTTCCCA-1,interstitial and infiltrating cancer cells
AATAACGTCGCGCCCA-1,interstitial and infiltrating cancer cells
AAACCGGGTAGGTACC-1,tumor necrosis and bleeding
GTCGTCAATTATAAGG-1,Tumor
AGCTATTTAATCCAAC-1,Tumor
TTGCTGAAGGAACCAC-1,Tumor
TCTGTGGCTACATTTC-1,Tumor
AAGTGCCTTGACTGTA-1,Tumor
AACGATAGAAGGGCCG-1,Tumor
AAACCCGAACGAAATC-1,interstitial and infiltrating cancer cells
CATTCCCATTCCGTCG-1,Stroma
ATCATGGACTACCGAC-1,interstitial and infiltrating cancer cells
CCCTCAAGCTCTTAGT-1,
TGACGATGCACTAGAA-1,Tumor
CGCAGTTCTATCTTTC-1,interstitial and infiltrating cancer cells
CGCACATGTCCACTAC-1,Tumor
ACGGCGGGTTGCCCTG-1,Tumor
GATCCGAATATAAGTG-1,Stroma
GTGACCTAAAGAATAA-1,Tumor
TGTACTTCCGGGCATG-1,interstitial and infiltrating cancer cells
CCTGTGAAACCGTAAC-1,tumor necrosis and bleeding
TCTAGGTGGCGACGCT-1,Stroma
GCTGAATCTTCCAATC-1,Tumor
AAACAGAGCGACTCCT-1,Stroma
ATCTGACATGGAAGGA-1,Tumor
GTCCAGGCACGTGTGC-1,
AAGGGACAGATTCTGT-1,
GCGTCCCTAAGACATA-1,Tumor
GCTAAGTAAAGGCGAT-1,tumor necrosis and bleeding
CAATCCTGCCGTGGAG-1,Tumor
GTGTACCTTGGCTACG-1,Tumor
AGCCCTTCTAATCCGA-1,Tumor
GACGGTCAATAGAAGC-1,Stroma
CATGGTATTAGTTTGT-1,tumor necrosis and bleeding
ATTTACAGTTTACTGG-1,Tumor
GAAGGACTAAATTGAA-1,Tumor
TAATTTCCGTCCAGTA-1,tumor necrosis and bleeding
TACATGACCTTATCCG-1,tumor necrosis and bleeding
AAATTAACGGGTAGCT-1,Tumor
GGGCAGACGTCACTGC-1,tumor necrosis and bleeding
CCCGAGTTTCTCCGTA-1,
TCTTACTTATGCCTCT-1,Tumor
GTTGCGGACGGTCAGG-1,interstitial and infiltrating cancer cells
CAGAGCATGAGCTTGC-1,Tumor
CAACACATCTCCTGCC-1,
TCCTGCGTTGATACTC-1,tumor necrosis and bleeding
GGTGAGATGCAGATAA-1,Tumor
AGAACCCAGCGTGACA-1,interstitial and infiltrating cancer cells
CAACCTACCGAGCAGT-1,Tumor
AATTTGGGACATAGTA-1,Stroma
ACTTAGTACGACAAGA-1,Tumor
AGTGATTCAAGCAGGA-1,Tumor
CCGATCTTAAGAGGCT-1,Tumor
GAACAGATTACTAAAT-1,Tumor
ACCCATTTGTCCCTCT-1,Tumor
GTGAAGATTTCAAGTG-1,Stroma
GGCGCACAGTTTACCT-1,
ATTCTTCGTACTTATG-1,Tumor
AAGTTTACTAATGGCA-1,
TAGCTCGCCTGATAAC-1,Tumor
GTCTATTGCATGCTCG-1,
GCCCGCGCGTTTGACA-1,Tumor
GTGAGTCGACTAATAG-1,interstitial and infiltrating cancer cells
ACTTGCCATATTGTAC-1,Tumor
CTCTCGCTGTACTATG-1,tumor necrosis and bleeding
ACGTTAGATTTGCCCG-1,
CTCGGGCATCGTCGGG-1,Stroma
TGTACGAACAAATCCG-1,Tumor
AGTCACTCCGCCTCAT-1,Tumor
GGTTTAATTGAGCAGG-1,Tumor
AGTCAAGATGACACTT-1,Tumor
CCACAGCTGAAATCAT-1,Tumor
TCCCGTCGCGTCATAG-1,
TAGCAGTATGACTAAA-1,Tumor
CGATCATTAGAGGCAC-1,Tumor
GGCACTCAGCCGACCC-1,interstitial and infiltrating cancer cells
TTGGGTTTATTCAGCG-1,Tumor
GCGGCTTTAGCAAGTT-1,Tumor
TCACTCAGCGCATTAG-1,Tumor
TCGTAAGACGACATTG-1,Tumor
AGGGACTCTACGCGAC-1,Tumor
TCCCTAGATCAATAGG-1,Tumor
TCCTAAATTGGGAAGC-1,Tumor
CGCTTTCCGCCAAGGT-1,Tumor
TTGGCGATCCGAATAT-1,Stroma
TTGCGCTCTCTCGCTT-1,tumor necrosis and bleeding
GTCAACCAGGCCTATA-1,
AGGACTTATAGGAGAA-1,blood
CCGAAGGGCGTACCGC-1,Tumor
CAATCCCTATACCAGC-1,Stroma
ATGACTATGCGACATT-1,Tumor
CTTAACTTCGAAGTAC-1,Tumor
TCTTCGATACCAATAA-1,Tumor
CGGTTGACCTGGCATA-1,tumor necrosis and bleeding
CTGCACCTAGTCCACA-1,Tumor
GAAGAACGGTGCAGGT-1,Tumor
ACTGATTTAGTGATTC-1,Tumor
AGCTCTTTACTCAGTT-1,Tumor
GAAATCGCGCGCAACT-1,Tumor
GTTAACTATGTTGTCA-1,interstitial and infiltrating cancer cells
GCGTCGAAATGTCGGT-1,Tumor
TTCCTCGAGGGTGTCT-1,Tumor
GATCGCTGTGGTGCGT-1,Tumor
ACCGATAGGCATAACC-1,interstitial and infiltrating cancer cells
GCTACGACTTATTGGG-1,Tumor
GCCCTGAGGATGGGCT-1,Tumor
TGGTCGGGTACAGGGC-1,Tumor
CGGGCAGCTAAACCGC-1,Tumor
CGGTCAGTCCATATTT-1,interstitial and infiltrating cancer cells
CAACGACCCGTTTACA-1,Tumor
ATCGACCCAATACAGA-1,Tumor
TGCGAGCCCTTCCGCG-1,Tumor
AGGAGACATCCACAGT-1,Tumor
CGAGGGACTGCGGTCG-1,Tumor
CATGATGCACAATTCT-1,Tumor
CAAGTCGTTGAAATCT-1,tumor necrosis and bleeding
CAACTCCAACGTTTAG-1,Tumor
GGGTTAACATTTGAGT-1,Tumor
GGTTACCGCTCCCTAC-1,tumor necrosis and bleeding
CACTTAATCAGACGGA-1,Tumor
AATATCGAGGGTTCTC-1,Stroma
ATTTGTCTTGGGAGCT-1,Tumor
CCAGCCTGGACCAATA-1,Tumor
TAAAGCTGCAATAGGG-1,Stroma
GAGCTAAGGGCATATC-1,Tumor
ATCATCCAATATTTGT-1,Tumor
AGGGTGCCGTTCTTTA-1,Tumor
GTACTCCTGGGTATGC-1,Stroma
TCAGACGCTATAGAAG-1,Tumor
AGGTCGCGGAGTTACT-1,Stroma
CCCGTGACAGTGCCTT-1,Tumor
AATACCGGAGGGCTGT-1,Tumor
TTCCGGCTCGACTTCT-1,Tumor
AGGTAGATCGAGATAT-1,Tumor
TCGGTGACCGCTCCGG-1,Tumor
CTCATGGCTCACAATC-1,Tumor
TGAGCCATACAGTCTC-1,
TGACATATATGACGAT-1,tumor necrosis and bleeding
CTTCAACTCCACTTGG-1,Tumor
ATGTTCGTCGACCCAC-1,tumor necrosis and bleeding
AGGAAAGCCTCTGATG-1,Tumor
GAGCTGTCGTCTCGGA-1,Tumor
AGAGTCTTAATGAAAG-1,interstitial and infiltrating cancer cells
CTCTCGATGTGCGCCT-1,Stroma
TCCGCCTGTCTACAAG-1,Tumor
AACCTAAAGCCGTCCG-1,Tumor
CTTACACTGGGAAATA-1,Tumor
CATTATGCTTGTTGTG-1,Tumor
AAGGAGCGGTTGGTGC-1,Tumor
AGCCGTGGCTAAATGT-1,Tumor
CCTCGTTACGCCTGTT-1,Tumor
TTCAGGCGTCAAAGCC-1,tumor necrosis and bleeding
CGACACCGCTTAAGGA-1,Tumor
TTACATGCCACAACTA-1,
TTCACGAAAGGATCAC-1,Tumor
AGGTAACCTCCTATTC-1,Tumor
GGACCAACAGGATAAC-1,Tumor
TCCACCTCTAGCCTTT-1,Tumor
GGATCTTGACTCAACC-1,Tumor
ATCTGCTGTTATCGCC-1,Tumor
TTGCGTAGTTTGAGGA-1,
ATCGACTCTTTCCGTT-1,Tumor
GGGCACGTAGTACTGT-1,Tumor
TCGAAGAACCGAGCAC-1,Tumor
GGGCCTATACAACCGG-1,Tumor
TCTGTGACTGACCGTT-1,Tumor
TACGCTATAGAAACCT-1,interstitial and infiltrating cancer cells
TAATTCCAATGCTTCA-1,interstitial and infiltrating cancer cells
CGGTACTAGAATCAAA-1,Tumor
CGCTGTGTGGATGTTG-1,Tumor
CACATGATTCAGCAAC-1,Tumor
ACTACCATCCGAGGGC-1,Tumor
ACCACCAATGTAACAA-1,interstitial and infiltrating cancer cells
TCGCCGCACCGCGTGA-1,tumor necrosis and bleeding
CGCACGTGCGCTATCA-1,Tumor
ACTCCCTAATGCTAAA-1,Tumor
TCTGATTGGAAATGGA-1,Stroma
CCCAGGTCTGAAGGCT-1,interstitial and infiltrating cancer cells
GCTTGAGTGACCTCTG-1,interstitial and infiltrating cancer cells
CATCTGCAGGATCATT-1,tumor necrosis and bleeding
CATGGGTATGCCTTAT-1,Tumor
GCACGCCGATTCCCGC-1,Tumor
CGCGACACTGCGCAGC-1,tumor necrosis and bleeding
GCATTTCCAAGGCTCC-1,Stroma
ACCATATCCGCAATAA-1,Tumor
ACAGGAGGCGCAGCCG-1,Tumor
TCTAGCAATCTCCGCC-1,Tumor
GATATCTCATGCAATA-1,Tumor
CATTTGAGTGGTACGT-1,Tumor
ACGGATGGTGCGGATA-1,Tumor
GTCAGAATAGTCTATG-1,tumor necrosis and bleeding
GAAATACTAAACGTTT-1,Tumor
CCTCGCGCGATATAGG-1,Stroma
TAGTGACAAGCTCTAC-1,interstitial and infiltrating cancer cells
AAGCTAGATCGAGTAA-1,Tumor
GATGGTGCCCTAGGCA-1,Stroma
GACAACGCAGCTTACG-1,Tumor
TTCGGACTGGGCATGG-1,Tumor
GTTGTCGTGTTAGTTG-1,Tumor
AGGTACGATATTGCCA-1,
GATGCGTCCTGCATTC-1,Tumor
AACGTACTGTGGGTAC-1,Tumor
GGGCGAATTTCTCCAC-1,
CCTGAACGATATATTC-1,Tumor
ATTGGTAGGATCCGCT-1,tumor necrosis and bleeding
TCGGGCCGTCGTGGTA-1,Tumor
GCACACGCCCATGGTC-1,tumor necrosis and bleeding
TCGTGTTCGACCACAA-1,Tumor
GTAGAGGGAGACAAGT-1,Tumor
GTAGACACGCCTGACT-1,Tumor
TTAAACCGGTAGCGAC-1,Tumor
AAGCTATGGATTGACC-1,
ACATCCCGGCCATACG-1,Tumor
CAGAGACGGTCACCCA-1,Tumor
AGCACACGTTTAGACT-1,Tumor
GAACTTAGCGCCCGGT-1,
CTGAGCGAGACTTATT-1,Tumor
CCTGAATATTTACATA-1,Tumor
ACGAGAACCCATCACG-1,Tumor
GAGCCGAGCGTTTATT-1,Tumor
CTAGGTTCGGACGTGA-1,Tumor
CGAAGCTATAAATTCA-1,Tumor
GAGGAATGGAGAGGTT-1,tumor necrosis and bleeding
CGACACGCTCCGACAG-1,Tumor
GCACCTAGGCGAGTCC-1,
ACTTATACTTACCCGG-1,Tumor
TACTCTCCGAACAAAT-1,Tumor
TATCCCTCGATCTGCA-1,Tumor
ACCCGGATGACGCATC-1,
CACCTTGCGAAACTCG-1,Tumor
CCGCCACCACAATCCA-1,Stroma
TTCCATCGACAGCGTG-1,interstitial and infiltrating cancer cells
CGAGATTTCGCTCGGG-1,interstitial and infiltrating cancer cells
GAAGTGATTTATCGTG-1,Tumor
AACTCCAGAGCGTGTT-1,Tumor
TGTATCAGACTGAAGC-1,Tumor
AAATGGCCCGTGCCCT-1,Tumor
CTCTACACTGGCGATT-1,tumor necrosis and bleeding
ACCGACACATCTCCCA-1,Tumor
CTACTGCCACCTGACC-1,Tumor
TGGGCCACAAGAGCGC-1,Tumor
AGGAGAGTCTGGCTAC-1,Tumor
GTGGTTACTTCTTTCG-1,Stroma
GGCTTCTCGTGGGTGG-1,Tumor
TTGCCGGTGATCCCTC-1,Stroma
CCTCGGATGCTACCTG-1,tumor necrosis and bleeding
CATGGAAATGGGACCA-1,
AAATGTGGGTGCTCCT-1,Tumor
GTGCACCAGCTTCAAC-1,Tumor
CATGGCTCCCTATGTC-1,tumor necrosis and bleeding
TGGTCCCACGCTACGG-1,Tumor
AAACCTCATGAAGTTG-1,tumor necrosis and bleeding
TATTCCTCCGCCCACT-1,Tumor
TTGTTTCACATCCAGG-1,Tumor
TGCAGTGGTAGGGAAC-1,Tumor
GGCTCGCGTTGAGGTA-1,Tumor
TATAGTTAGGTGTACT-1,Tumor
CATTGATGAACACGCC-1,Tumor
CCTATATTTGTCCTGG-1,Tumor
GAGAGGCCTATGTGTA-1,interstitial and infiltrating cancer cells
CCATTGTTTCCTCCAT-1,Tumor
CACAGGGCCATATAGT-1,Tumor
AGGGTTCCCTTTGGTT-1,Tumor
CGCGGGAATTAGGCAG-1,Tumor
CCTAGTTAGTCGCATG-1,Tumor
AACGGCCATCTCCGGT-1,Tumor
TCTGGCGCAAGCCGGG-1,tumor necrosis and bleeding
GTCCCAATCATCCCGC-1,tumor necrosis and bleeding
GAGATGGGAGTCGACA-1,Tumor
CTAAAGTCCGAAGCTA-1,Tumor
CTGCCTCATATGCAAC-1,Stroma
TCAAATTTGAGACTCA-1,Tumor
GTTCGCTGAGACGTCT-1,
TGCATGGCAGTCTTGC-1,Tumor
AGCCCTGTCGCACCGT-1,interstitial and infiltrating cancer cells
GTATAGGACTCAGTAG-1,Tumor
ATCAGTAGGCAGGGAT-1,
CCACTTTCCTTCTAGG-1,interstitial and infiltrating cancer cells
TAGGAGGCTCGAGAAC-1,interstitial and infiltrating cancer cells
GACGTGTAGGGATTAT-1,tumor necrosis and bleeding
CGAATCTGCTCGACGC-1,tumor necrosis and bleeding
ACTATATGCTGTGTTC-1,Tumor
GATTCCCTTGTCGCAG-1,Tumor
CAACCGCACCTAGACA-1,
TCACAGCAAACTCGAA-1,Tumor
CACTCAAGAGCTATGG-1,Tumor
CTGGAAGACACGGTGG-1,Tumor
GACGATATCACTGGGT-1,
CCACTGGTGGCTGGTT-1,tumor necrosis and bleeding
ATGTTTCGGCCCGGAG-1,Tumor
TCGTAACTCCCAAGAC-1,interstitial and infiltrating cancer cells
AAACCGTTCGTCCAGG-1,Tumor
AGGCTTGCTAGACACC-1,
TGGTCGTTTGATAGAT-1,Tumor
CCAGTCCATTATTCGA-1,Tumor
CCACCCAAGGAAAGTG-1,Tumor
CGAATTCCCGGTTCAA-1,interstitial and infiltrating cancer cells
CGATAATACTCAGGTT-1,interstitial and infiltrating cancer cells
AGTGGCGTCTGAAGGT-1,Tumor
TGCTCGGTGGGTCACC-1,Tumor
GTTACAATTGGTGACG-1,tumor necrosis and bleeding
CCACGAATTTAACCTC-1,interstitial and infiltrating cancer cells
AATCCCGCTCAGAGCC-1,tumor necrosis and bleeding
TTACCCTAGGGATTGG-1,Tumor
ACATCGATCGTTTACC-1,Tumor
GACTTCAACGCATCAA-1,Tumor
CGAGTGAAGGTACCAG-1,Tumor
AACGTTATCAGCACCT-1,tumor necrosis and bleeding
GTCACTCTCCAAATCT-1,
TTCTATGCCTTTCGCA-1,Tumor
CAACGATCGATCCAAT-1,interstitial and infiltrating cancer cells
GACTCCTTCCAATTGA-1,Tumor
CTTCCGCTCCGTGAAG-1,Tumor
CGATATTAGCCGCAGG-1,Tumor
AACATAGCGTGTATCG-1,Tumor
ATAACGTTACCTCCAC-1,Tumor
ACCCGGTTACACTTCC-1,Tumor
AGCCCATACATGTAAG-1,tumor necrosis and bleeding
GGGCTCATCGAACCCA-1,
CACAGGGCCGTTGTCA-1,Tumor
CACATTCTTTCGATGG-1,Stroma
ATACCGTCATCCATAA-1,Tumor
GAGATGGCTTTAATCA-1,Tumor
GGGCAACCGCACGTGC-1,Tumor
ATGTCATAATAAACGA-1,Tumor
AATTGCAGCAATCGAC-1,Tumor
ATATAAAGCGCTCGTG-1,Tumor
GCGTCTAACCTCCTAA-1,Tumor
TACGATGTTGATCATC-1,tumor necrosis and bleeding
ACTCGTCAGTAATCCC-1,Tumor
TACGCTCCTAGAACTG-1,
TTGCCAAGCAGAACCC-1,interstitial and infiltrating cancer cells
TGTACTACTCTCACGG-1,Tumor
CCGTTCCGAATCTCGG-1,tumor necrosis and bleeding
AGATGACTCGCCCACG-1,Tumor
TCTTAGAGTGAACTCT-1,Tumor
CAGAGGCGATGCATGA-1,Tumor
AGGGTTTAGTTCGGGA-1,Tumor
ACAGGCTTGCCCGACT-1,Tumor
TCTCAGGCTACTCGCT-1,interstitial and infiltrating cancer cells
AGTCTTCTCCTCAAAT-1,Tumor
CATGTAAGAGACATTT-1,Tumor
TTGAGAAGTTTAGCAT-1,Tumor
GCGATGTCTGTGCTTG-1,blood
GTATCTTGTTGCTCAC-1,
GGATCCCTACCAGCTA-1,Tumor
GTCGATAGGTGACTTT-1,interstitial and infiltrating cancer cells
TATGATCTTCTCTTTA-1,Tumor
CCTCTATCGATTAGCA-1,Tumor
TCTACCCAATAGAGAG-1,Tumor
AACTTTAGCTGCTGAG-1,Tumor
TGTTCATAAATGTGCT-1,tumor necrosis and bleeding
CCTGTCACCCGGGCTC-1,Tumor
GCTAGCACCTGGGCCA-1,interstitial and infiltrating cancer cells
CAGAGCGATGGATGCT-1,interstitial and infiltrating cancer cells
ACTGAAACGCCGTTAG-1,Tumor
TATTTATACCGAGTAG-1,Tumor
AAACGGGTTGGTATCC-1,Tumor
CAAGTAAGTGATAGAC-1,Tumor
TCCGATAATTGCCATA-1,Tumor
CCGATATGACGTAAGG-1,interstitial and infiltrating cancer cells
AGATCTGGAGAGGATA-1,Tumor
ATATTCCCACAGGTCA-1,Tumor
AACACGCGGCCGCGAA-1,Tumor
GCGAGAAACGGGAGTT-1,Tumor
GCATTCGAAATGAACA-1,tumor necrosis and bleeding
TTACGTATCTATGACA-1,interstitial and infiltrating cancer cells
CATCGTCCGGTTACTA-1,tumor necrosis and bleeding
TGAGTTAAAGACATTC-1,interstitial and infiltrating cancer cells
TGCCTAAATTTAATAG-1,
CGAAACGCAATTCATG-1,tumor necrosis and bleeding
TATCCATATCATGCGA-1,Tumor
GCGCTAAGTATGCATG-1,Tumor
CATGGTTTATTAATCA-1,interstitial and infiltrating cancer cells
CACCCTTGGTGAGACC-1,
TTAGCGAATAGATAGG-1,Tumor
GACTCTAGAGTTCCAA-1,
GAATAGCCCTGCGGTC-1,Tumor
AAGTTCGGCCAACAGG-1,Tumor
TTACGTAGCGCGTGCT-1,Tumor
AGTCGGTTGCGTGAGA-1,interstitial and infiltrating cancer cells
AGTGGGAGTATACACG-1,
GAGCACCTGTGTCCAG-1,Tumor
ATACTAGCATGACCCT-1,Tumor
TCCTGCCAACTGGAGA-1,Stroma
TGGCAGATTACGATCA-1,Tumor
GGGTTTAGGATAGGAT-1,interstitial and infiltrating cancer cells
TATGTAGAAACCCGGC-1,tumor necrosis and bleeding
GTCGGATGTAGCGCGC-1,Tumor
CTCCTAGTAATCGTGA-1,Tumor
TCCGCGGCCCAATGAA-1,Tumor
CACCTCTACGAGTGTG-1,Tumor
CATTACGCAGGAAGGG-1,
GAGACTGATGGGTAGA-1,Tumor
GACACGAGTTAGAGGA-1,Tumor
TCTATCCGATTGCACA-1,Tumor
CAGGCGCACGGTGGTC-1,Tumor
TCACAGGGAATCGCAA-1,Tumor
GTTAGGCTACCCGTTT-1,Tumor
CCGTACCCAAGCGCCA-1,Tumor
ATTCAACCATTTAAGG-1,Tumor
AGTGGCTCCGTCGGCC-1,tumor necrosis and bleeding
AATGTATGGCACTGTA-1,
CCGCACTTGCAATGAC-1,interstitial and infiltrating cancer cells
GGCACTGCGGTGGTTT-1,interstitial and infiltrating cancer cells
TATGTAAAGTGCTTAA-1,Tumor
ACTTGTAGTCCCTTCA-1,
TCCATTAGTTGGATAG-1,Tumor
CACCGTTGCGCGATAT-1,Tumor
GCTAACTGAAGTCTGA-1,Tumor
TTGCGGCATCAGAAAG-1,Tumor
AATTAACGGATTTCCA-1,Tumor
GCTCGCTCATGTCCAA-1,Tumor
TCCTTTAAATCCGCTT-1,Tumor
GGGTCAGGAGCTAGAT-1,Tumor
GAGCGAGGGAGTACCG-1,Tumor
CGTGTATGGGAGCTGA-1,interstitial and infiltrating cancer cells
GTAACATCTAAGATAA-1,interstitial and infiltrating cancer cells
ACAAAGAAGGTAGGCC-1,tumor necrosis and bleeding
TACACCGTCGTTAGTC-1,Tumor
TATTCCACTCAGCTCG-1,Tumor
CACGCAGCGAGGCTTT-1,Tumor
TAGGTGAGCCCTACTC-1,tumor necrosis and bleeding
CGGATAAGCGGACATG-1,Tumor
CCAGTGAGCTCCTTGT-1,Tumor
GCCTATCAGGTAAGAT-1,interstitial and infiltrating cancer cells
GGATGAAGATCGCTGA-1,Tumor
TAGAGGTTCTACTTGT-1,Tumor
CTAGTATTCGGAATTA-1,
GAAATATCACCATCAG-1,tumor necrosis and bleeding
GATATCAAGCAGGAGC-1,tumor necrosis and bleeding
ATATGGGATAGCAACT-1,Tumor
TCAAACAATTAGGACA-1,Tumor
CGATCCGACCCAGTGC-1,Tumor
CTTAGGTATAGACCAG-1,tumor necrosis and bleeding
ACCCGTAGTCTAGTTG-1,interstitial and infiltrating cancer cells
GGACGGCTTGCGCAAC-1,Tumor
CACCATGATCGCAAAG-1,Tumor
TGCCATTACTAAAGAA-1,
GCGTTCTGACTAAGCG-1,interstitial and infiltrating cancer cells
CTAACTGGTCCGGTTC-1,Tumor
GATGTAACGAACCACC-1,Tumor
TACAGAAACGGTGGGC-1,Tumor
GAAATATGCTTGAATG-1,Tumor
TTACTATCGGCTTCTC-1,tumor necrosis and bleeding
GTCAGTTTGGTAGTCG-1,tumor necrosis and bleeding
TACTCATTGACGCATC-1,interstitial and infiltrating cancer cells
ATATCAATTCCAGCCT-1,tumor necrosis and bleeding
GTAGACGTCGTTACAT-1,Tumor
TGTTATTGTATGTGGC-1,Tumor
TATTGACATTTCTGCC-1,Stroma
GCAGGAACTTAGATCT-1,Tumor
CCTCACCTTAGCATCG-1,Stroma
CATCTATCCCGTGTCT-1,Stroma
CTGTACTTCTTAGCAT-1,Tumor
TGATCGGTTTGACCCT-1,Tumor
GTAATAAAGGGCTCCC-1,Stroma
TAACTCATCCGCGCGG-1,Tumor
CCTCACGTCAGCTAAT-1,interstitial and infiltrating cancer cells
GTTCGCCATAAGTGCC-1,Tumor
TTGAGCGCCACGTGAT-1,interstitial and infiltrating cancer cells
CAGCTCTGGGCTCACT-1,
AGTGCACGCTTAAGAA-1,Tumor
GCATACGAGGTCTTTA-1,tumor necrosis and bleeding
ACCAGACCATAACAAC-1,tumor necrosis and bleeding
CTCTGTCCATGCACCA-1,Tumor
TCCGAGAAGGCTAAGC-1,Tumor
CTAGTTACAACCCGGT-1,Tumor
GGTGTTGGGCGTCTTA-1,interstitial and infiltrating cancer cells
CGCAGGCGATCCAAAC-1,Tumor
GTGACAGCTTCCCACT-1,Tumor
CGCTTGGACGGATAGA-1,interstitial and infiltrating cancer cells
CTCTGCGAAGCAAGCA-1,Tumor
GCCTATAGTGTCAGGG-1,Tumor
TTGTACACCTCGAACA-1,tumor necrosis and bleeding
TATGTCTCATTGTGCC-1,Tumor
AAGGGTTAGCCATGCG-1,interstitial and infiltrating cancer cells
GGCTATTAAGTTGTAT-1,tumor necrosis and bleeding
CAAGACTCAGAAGCGC-1,Tumor
AACACGAGACGCGGCC-1,Tumor
AACCCAGAGACGGAGA-1,Tumor
AGCCACAGGTTACCCG-1,Tumor
TAGAGGGAGTTTATCT-1,Tumor
AAGTTCAGTCTGCGTA-1,Tumor
TCGGAATGACCATCAA-1,Stroma
CGAAGACTGCCCGGGA-1,Tumor
TGGGCACAAACAGAAC-1,Tumor
ACGGGCGTATGCGACA-1,Tumor
GTGGTATAGTCTGCCG-1,Tumor
GTCGTACCATCTCGGG-1,Tumor
ACGGCACTTGCTTGGG-1,Tumor
TTAGCTAATACGATCT-1,Stroma
GTCCGAGAGCAATCAT-1,tumor necrosis and bleeding
GAATCGCCGGACACGG-1,Tumor
GGGTATGTATGCACTT-1,tumor necrosis and bleeding
GGGCAGGATTTCTGTG-1,
GTTATATTATCTCCCT-1,Tumor
TTCATAGGGTGTCCAT-1,blood
GCTTTCTATCTCAACT-1,Tumor
CCGACAAACACATGAG-1,Tumor
TCCTAACCGTCGGGCA-1,Tumor
ACTTCCAGTGGAAGCT-1,tumor necrosis and bleeding
GGTTGTATCGTGAAAT-1,Tumor
CTTGATGACCATCCAG-1,Tumor
GTTACCTACAACTTGC-1,Tumor
GCCCACTGGTCCACAA-1,Tumor
TCCGGCTGTCGGGTCG-1,interstitial and infiltrating cancer cells
CGCCGCGTTCTGAACG-1,tumor necrosis and bleeding
CGTTATCATACTTCCA-1,tumor necrosis and bleeding
GGCTGTCCTACTGCGG-1,tumor necrosis and bleeding
CGAGTTTATCGGACTG-1,Tumor
AAGGTATCCTAATATA-1,Tumor
TGACTCCGAATCATAC-1,tumor necrosis and bleeding
AACTGGTGTGGGCCTT-1,Tumor
AGAATGCGGGTTCGGA-1,Tumor
TCCCGCCTATGTGCGT-1,
TTCAGTTCAAGAGGAG-1,tumor necrosis and bleeding
ATCATAGCCCTATGTA-1,interstitial and infiltrating cancer cells
TATAAATCCACAAGCT-1,Tumor
GGTGGAGGTTGATACG-1,interstitial and infiltrating cancer cells
CGACTCGGTACACGGT-1,Tumor
GATCCAACCTTTAAAC-1,
GACTCCCAGAATAAGG-1,
TTAATTTCAGACGCGG-1,Tumor
AGATGCAAGACGTGCA-1,Tumor
CGCTTCCACTGAAATC-1,Tumor
CTGGGATAAATAATGG-1,Tumor
TCACTATCGTGCAATC-1,Tumor
ATATTGGAGAGGCCTT-1,interstitial and infiltrating cancer cells
CATCTAGTGAAGGGAA-1,interstitial and infiltrating cancer cells
TGCAGTTTCCTCCCAT-1,Tumor
CAGTCTCTCGGCTAAT-1,Tumor
GTCCACGTCGCATTCG-1,interstitial and infiltrating cancer cells
GTGGGAAGACTGAATC-1,Tumor
AGGCACGTGACTGTCC-1,interstitial and infiltrating cancer cells
GTGGGCTTAGACACAC-1,Tumor
ACGTTAATGTCGAAGA-1,Tumor
CAGACCTGTAAGTGTT-1,Stroma
TGGCAACTCGCGCGCC-1,
CCGTCAACCTCTGGCG-1,Tumor
ACGCTTAGTGTCTCTC-1,Tumor
CAGGATATATCGTTGT-1,Tumor
GCTATGCCAGCTTATG-1,tumor necrosis and bleeding
GGCAGCGGTAATCCTA-1,Tumor
CAAATGCGGAGTGTTC-1,
TATTGCCGGGCTTGTA-1,interstitial and infiltrating cancer cells
CAACTGCTCATCCGAT-1,Tumor
ACAATTGTGTCTCTTT-1,Tumor
CCATGGCCCTTGTACC-1,tumor necrosis and bleeding
ACACCTTACTACTTGC-1,interstitial and infiltrating cancer cells
CCGCCGTTGAGGATAA-1,interstitial and infiltrating cancer cells
ATTGCTGCTCCTCCAT-1,tumor necrosis and bleeding
GGAGGCCGAAGTCGTC-1,interstitial and infiltrating cancer cells
TCGCCTCCTTCGGCTC-1,Tumor
TTGAGGCATTTAACTC-1,Tumor
TCGTTCGTTATTATGT-1,Tumor
TGGAAGAAGGGAACGT-1,tumor necrosis and bleeding
ATACGTCCACTCCTGT-1,Tumor
TACATAGGCATACACC-1,Tumor
ACAGCGCACCCGCAGC-1,Stroma
AAGGCAGGCTGTCTCC-1,interstitial and infiltrating cancer cells
AGCCCGGCATTAGAGG-1,Tumor
GAAGTTTCCACTCAAT-1,Tumor
CTTAATCGACTTAGTA-1,Tumor
TGATACATTTAGCCGT-1,Tumor
TCCACAATGGTTTACG-1,
TGCACGAGTCGGCAGC-1,Stroma
ACTTGTTACCGGATCA-1,tumor necrosis and bleeding
TCTTATGGGTAGTACC-1,
AGTCTTTAAAGTGTCC-1,Tumor
CGAACCCGCATGCGTC-1,Tumor
ATCACTTCATCCTCGC-1,Tumor
TCCCTGGCGTATTAAC-1,Tumor
GCCTAGCGATCTGACC-1,Tumor
CCTGTTCAACCTCGGG-1,Tumor
ATCAATCTGGGCTGCA-1,Tumor
AAGTGCAAAGGTAGAC-1,tumor necrosis and bleeding
GCCACTCCTTACGGTA-1,interstitial and infiltrating cancer cells
CTAGCCGATGTTATGA-1,Stroma
CGGTACGGCAAACCCA-1,tumor necrosis and bleeding
TTGTGCGGAAGCGGAT-1,tumor necrosis and bleeding
CGTCAAGGCTATAAAT-1,tumor necrosis and bleeding
TTGAGAGTACTGCTAA-1,Tumor
TCCCACTCTCTTCCGG-1,Stroma
TCAGGGCGCAAACTCG-1,tumor necrosis and bleeding
GGACTCTTCCGGTTGA-1,interstitial and infiltrating cancer cells
ATCCACGCTAAATGTT-1,Tumor
ATCGGTTACCTAGTAA-1,tumor necrosis and bleeding
TACGACTGCCTCTTAG-1,Tumor
GGCACTCCACTGGGCA-1,Tumor
GAGAACGGTTCTGACT-1,
AATAGCAAGCCTCCTG-1,Tumor
GCGCTAATTGAATAGA-1,Tumor
AACCATAGGGTTGAAC-1,tumor necrosis and bleeding
CCTGCTACAACCATAC-1,interstitial and infiltrating cancer cells
TAAGGCATAACATCAA-1,Tumor
TCGTATCACCAAGCTA-1,Tumor
ACCCGAGCGAAATTAC-1,Tumor
CTCCTAAGTTATGTCT-1,Tumor
AGCGGTTGAGATGTAC-1,Tumor
AAACTAACGTGGCGAC-1,Tumor
GATATGCGGTAGCCAA-1,Stroma
TTATTATCTGGAAGGC-1,interstitial and infiltrating cancer cells
CCATACTCGCCTCTCC-1,tumor necrosis and bleeding
CTTTGCTGTCATGGAT-1,interstitial and infiltrating cancer cells
CCACATACTGCACCCA-1,interstitial and infiltrating cancer cells
ATTACGCGCTGGCAGG-1,tumor necrosis and bleeding
CTACTATCTTTCAGAG-1,
AGGCCCATTGTACAGG-1,Tumor
TAGATGGTTCCTTACT-1,Tumor
AACTTGCCCGTATGCA-1,tumor necrosis and bleeding
TATATAGGGCTTTACG-1,Tumor
AAGTGACGACCGAATT-1,tumor necrosis and bleeding
CTTAGTTGAGGAATCG-1,Tumor
GGAAAGGGAATTGAGC-1,Tumor
AAGAAATCACCAGATT-1,Tumor
GGTCCCATAACATAGA-1,Tumor
GACTGCAAATCGAGCT-1,Tumor
GTGATCACTAACGCCT-1,Tumor
TGCAAGAATGACGTAA-1,Tumor
GAACTGTGGAGAGACA-1,Tumor
TAGGCGGCTGCAAAGA-1,
CTCAGATTGTGATAAG-1,tumor necrosis and bleeding
GGGAGTTAATGAGGCG-1,Tumor
CAAAGATTATTGGGCC-1,Tumor
GACTGCTGGTGAGAAA-1,Tumor
CTATACTTAAAGCGAG-1,tumor necrosis and bleeding
TCAAGCTGCCTTGAAA-1,Tumor
GTGACGCAGGTTTCAT-1,Tumor
CGGTCTATCAACCCGT-1,
TGGTGATCGTATTTGT-1,tumor necrosis and bleeding
ATTGTCTGTTTCATGT-1,Tumor
TACCGATCCAACACTT-1,Tumor
AACTCCTAATCCCATG-1,Stroma
GATCGACACTATCTGA-1,Tumor
TGGAATTAGACGCTTT-1,
TGAGACGTACCTCTCA-1,tumor necrosis and bleeding
ATAATAGCTGTTGAAT-1,Tumor
ACGTTCGTTCAGGAAA-1,Tumor
AGAGGGACAATTGTCC-1,Tumor
TCTGATCGGGTGCTAG-1,Stroma
TGCTGCGTCAGAGTTA-1,Tumor
TTGGGAAGACGAGCCG-1,Tumor
GACAGCCAGACCTGAC-1,Tumor
TAATCAGGAATGCTGC-1,Tumor
ACCTAAGTACCTTTCA-1,Tumor
CCAAATAACAAGATTC-1,interstitial and infiltrating cancer cells
GAAACCGAATTACCTT-1,Tumor
ACGTTCTGTACAAGTC-1,Tumor
ACACATTGACGCAACA-1,Tumor
ACTGTCTTCTTTAGAA-1,Tumor
GTTTGGTAGGGTCAAC-1,Tumor
GACACAGCCGGGACTG-1,
TTGACCATGTTCTCCG-1,Tumor
CAGGCCAGTACCACCT-1,Tumor
CATACTTCTTTCTCCG-1,Tumor
CTAGTTGGGCCCGGTA-1,Tumor
TTAACCCGAGGCGTGT-1,interstitial and infiltrating cancer cells
TCGTTAGGAGTCCCTA-1,Tumor
CTAAGTACAGGGCTAC-1,
TATAAGTGAGGATAGC-1,Tumor
CCCTGATGTAACTCGT-1,Tumor
GCCCTAAGTGCAGGAT-1,Tumor
CATTGCGAAATGGGCG-1,tumor necrosis and bleeding
CGAGACCCTAGAGTGT-1,Tumor
TTCCAGTGGGTTTCGT-1,
AACACACGCTCGCCGC-1,Tumor
AACTTGCGTTCTCGCG-1,Tumor
TCGAATCGCAGGGTAG-1,
GGGTCATGCGTACCAT-1,tumor necrosis and bleeding
CACCTCGATGGTGGAC-1,Tumor
ACTACATCCCGACAAG-1,tumor necrosis and bleeding
GTGACTTCAGTAGTGC-1,Tumor
ATACGCCGGCGAAACC-1,Tumor
TTACAACTACGCATCC-1,Tumor
TCCGCTTATCCCATTA-1,Tumor
TCCCAGCACACGACAT-1,interstitial and infiltrating cancer cells
GCTACTCGGACGCAGA-1,Tumor
TCATCCCAGAGGGTGG-1,Tumor
TAACCTAGGGAGTCCA-1,interstitial and infiltrating cancer cells
AGCCGCTTGATTAGCG-1,blood
GAAGCCGGGTAAGCTC-1,tumor necrosis and bleeding
GTGTCAGTGTACGTGG-1,Tumor
CGTTGTTTCAATTCCC-1,tumor necrosis and bleeding
ATCTACCATCTGCTCC-1,Tumor
TTCGGTGGAGACGCCC-1,interstitial and infiltrating cancer cells
AGGGACAGCACGGCGG-1,Tumor
CCGTGCCCATGACGGC-1,Tumor
GCAGCACACAGCCCAG-1,
GACAGAGGTCTTCAGT-1,Tumor
ACGAGTCGCCGGCGTT-1,Tumor
ATTCCCGAAGGTACAG-1,tumor necrosis and bleeding
CCATGCCTGTTTAGTA-1,Tumor
CCTAGGCGTAGCGATC-1,Tumor
CCTCTAATCTGCCAAG-1,Tumor
CACGAGCAAACCAGAC-1,Tumor
GTTGTTGCAAGATGGC-1,interstitial and infiltrating cancer cells
ACACATGATCAAATCT-1,
GGATGCTGGCGTTCCT-1,tumor necrosis and bleeding
TCGGGAGACAGCGTAC-1,Tumor
AGCTCTAGACGTTCCA-1,Tumor
TGTAACTTGTCAACCT-1,Tumor
GATCCTCGACACTGGC-1,Tumor
CCCAATTTCACAACTT-1,tumor necrosis and bleeding
CTAGATTTACGACGGC-1,Tumor
GTTCTTGTAACTCAAT-1,Tumor
GCCTCTATACATAGCA-1,Tumor
CGCCAGTAGTACCTTG-1,Tumor
CTCATTAACGTTGCCC-1,Tumor
AATGTTAAGACCCTGA-1,Tumor
ATATCAACCTACAGAG-1,interstitial and infiltrating cancer cells
TAATTGCGCTGATTAC-1,Tumor
TCGCTTAATTACGAAG-1,Tumor
TACTTGTTAGTAGTCC-1,Tumor
AGAAGGTTGTAGGTCG-1,Tumor
GTATTAGGGTTCGCGT-1,Tumor
CCCTGTTGGCAAAGAC-1,Tumor
GATTTAGTGCGTACTG-1,Tumor
TCTGGGAACCTTTGAA-1,Tumor
CTTCATAGCTCAAGAA-1,Tumor
ACTTACGCATCCACGC-1,Tumor
TACAAGTCTCGTGCAT-1,tumor necrosis and bleeding
TGCTTCCCAAGCAGTA-1,Tumor
GATCGGATAGAACCAT-1,tumor necrosis and bleeding
ATGACGCCGGCTCTAA-1,Tumor
GCGAATGGACTAGCGA-1,Tumor
GAAGCGTGAGGAATTT-1,Tumor
GCCCAGCGACACAAAG-1,
TTCTATTAAACGCAGC-1,Tumor
CATGAACCGACATTTG-1,Tumor
GAGTTGTCACCAGTCT-1,Tumor
CGATCGAGAAGCACCA-1,Tumor
AGAATAAATCTTCAGG-1,tumor necrosis and bleeding
CGGGTTCGGCACGTAT-1,Tumor
CGCGGTAAGTCTAGCT-1,
GCTAGTAGAGCTTGTA-1,Tumor
GGCAGAGAGATCGGGA-1,tumor necrosis and bleeding
AGCGTAGCGCTAGACC-1,Tumor
GGGCGTCACCACGTAA-1,Tumor
TTCCGGCCTTGAGGCT-1,Tumor
ATTCCTTCCAGGCGGT-1,Tumor
GCCCGACTTCTTCCCG-1,Tumor
GTGAAGTCACGACTCG-1,tumor necrosis and bleeding
GTCGAATTTGGGCGCT-1,Tumor
CTGGGTTGAGTTAAAG-1,
GTACACTTACCTGAAG-1,Tumor
GATCCTAAATCGGGAC-1,Stroma
TCACCCTCTTAAGATT-1,Tumor
GTTCAAATCAGATGTC-1,
GCTGCTCTCCGGACAC-1,Tumor
CAAAGGTTAAATTCAG-1,Tumor
CCTATTATTCCGGCCG-1,
CCCGTCAGCGTCTGAC-1,Tumor
TCCAACTTTAAATTCT-1,
GACCGTGCTGACGGTG-1,Tumor
TCGATGTTACGGCCGT-1,Tumor
CCCTGGGAGGGATCCT-1,Tumor
TATTTGTTACCCTTTA-1,Tumor
ATCATTGTACCGCATT-1,tumor necrosis and bleeding
CCTAAACAGGGTCCGT-1,
ACCTCAGCGAGGCGCA-1,Tumor
TCTGGGTAGCGCTCAT-1,tumor necrosis and bleeding
GGACGGGCGACCAACC-1,interstitial and infiltrating cancer cells
CTGAGAAAGTTCGGCG-1,interstitial and infiltrating cancer cells
ACGCGGGCCAAGGACA-1,Tumor
TGTCCCGACATAGCAC-1,Tumor
AGCTTATAGAGACCTG-1,Tumor
CGCGTGCTATCAACGA-1,Tumor
AGTCGAATTAGCGTAA-1,
CCCTGGCTGTTCCTTC-1,tumor necrosis and bleeding
ACGACTGGTCATACTC-1,Tumor
TAAGTCGGTGAGCTAG-1,interstitial and infiltrating cancer cells
TACGCTGATAGTTGTA-1,Tumor
ACAAATGGTAGTGTTT-1,Tumor
ATAATCTTGGAGAACC-1,Tumor
GTGGGAACAAACCGGG-1,
GTTCCGTCCGCCTGCA-1,
TAGGCTAAAGTGGCAC-1,Tumor
CACAGTCCCGCTTCGC-1,interstitial and infiltrating cancer cells
TGACACTTCTCTTTGC-1,Tumor
TGTATTTACCTAATGC-1,Tumor
GTGGCTGTTTCTGTTC-1,Tumor
CCTCACCTGAGGGAGC-1,Stroma
GCACTGTGCAAATGTA-1,Tumor
GGAAACTAAATGGGCC-1,Tumor
GTGCCCGTTCGGATTC-1,Tumor
GGCTAATGATTGAAAT-1,Tumor
ACATGGCTCAATTTAG-1,Tumor
AGCGAGACGTGAAGGC-1,Tumor
TTGACCAGGAACAACT-1,Tumor
GTCCGGGTTCACATTA-1,Tumor
CCGCTCCAGGGCGATC-1,Tumor
AGACCCACCGCTGATC-1,Tumor
GGCGGTTTGCCGGTGC-1,Tumor
CGTGGCCGAATATCTA-1,Tumor
GGTGGACCACGTGTTA-1,Tumor
GCCGTCGGTTTCGGGC-1,tumor necrosis and bleeding
TCGCAAAGATGCATTT-1,Tumor
TAGATTCCTGGTTATT-1,tumor necrosis and bleeding
AGTATGCTGGAGACCA-1,Tumor
CCCTGACTAACAAATT-1,tumor necrosis and bleeding
GTGATTCGCCGCTCAA-1,Tumor
CTTCGATTGCGCAAGC-1,Tumor
TTAACTGATCGTTTGG-1,interstitial and infiltrating cancer cells
CGGACCTCTGTAGTTA-1,tumor necrosis and bleeding
CCATCTTGTTCACAAT-1,Tumor
GGAGACCATCTACATA-1,tumor necrosis and bleeding
ACACAAAGACGGGTGG-1,Tumor
TCAGTGTATACGTCAT-1,Tumor
TGTCGTGGGTATAGGC-1,Tumor
TTCGTAATCCCAGCGG-1,Stroma
TGATGTCAATTAAGTG-1,Tumor
GTAGTCTACGATATTG-1,Tumor
TTACCATTGATTACCC-1,tumor necrosis and bleeding
ACCAACACCACACACT-1,Tumor
TACCAGCTAGGTTTAA-1,Tumor
CTGGATTTACACTTGA-1,Tumor
CACGCACAGCGCAGCT-1,Tumor
GCTAGCGATAGGTCTT-1,Tumor
GAGACTTCGCGACCGA-1,Tumor
CCCTAGCTCTAAGGTC-1,tumor necrosis and bleeding
CTGCGTTACGATATAA-1,Stroma
CTCGCACCTATATAGT-1,Tumor
TGTCATTTGTTGGGAA-1,Tumor
GGGAAGGGCTTTCTCA-1,Tumor
GTTCAGTCGCCAAATG-1,Tumor
TGAATATGCTATAAAC-1,Tumor
AAATTGATAGTCCTTT-1,Tumor
GGCAAGGCGAAATAGC-1,Tumor
ACTTTGACTGCATCCT-1,tumor necrosis and bleeding
GGTCTTGGTGTTAACT-1,Tumor
GGCTACTATACACTCC-1,Tumor
AATGCACCAAGCAATG-1,Stroma
ACGCAATCACTACAGC-1,
GTTGTTACATTGCGCT-1,Tumor
ACGTAGGAGAGTCGCT-1,Tumor
GGGCTGCCTAGGGCGA-1,Tumor
GCGACATGTAAACATC-1,interstitial and infiltrating cancer cells
CTCATGGTAATTTGCG-1,Tumor
CATGCCAACTCGCAAA-1,tumor necrosis and bleeding
TAGCTGATGTGAAGCG-1,tumor necrosis and bleeding
TACCGGCTCACTGCCC-1,Tumor
GCTTATGAAGCAGGAA-1,Tumor
TTCTTAGTGAACGGTG-1,Tumor
TTGTTTCCATACAACT-1,Tumor
CAGGCGCCATGCTAGG-1,Tumor
TCGGAGTCCTGGTTGC-1,Tumor
GGCTTGGCTCTCACCT-1,tumor necrosis and bleeding
ACTCGATGTATTTCAT-1,Tumor
ACGTTTCGGTGCACTT-1,interstitial and infiltrating cancer cells
GACTAAGTAGGCTCAC-1,Tumor
TCTTACAGAGGTACCG-1,Tumor
ATTATTATGTCCGTCA-1,Tumor
GTCTCAAGGCCCGGCT-1,Tumor
TCGCCCACTGCGAGAG-1,tumor necrosis and bleeding
ATCGTTCACTTTCGCC-1,Stroma
GGTTTGAGTGCTGGAA-1,Tumor
CGCATTAGCTAATAGG-1,Tumor
CTGTAGCCATCTCACT-1,Tumor
ATACCAGCAAATTGCT-1,
TCTATCGGTCGCAACA-1,Tumor
AGCACCAGTACTCACG-1,Tumor
ATTAATTCGGTCACTC-1,Tumor
CGGATGAATGCTGTGA-1,Tumor
CTCAGCAGACTGCCGA-1,Tumor
GATGCTACAAGCGCCT-1,Tumor
GAGGGCCGGCAGAGTC-1,Tumor
ATTCGTTTATCGTATT-1,interstitial and infiltrating cancer cells
TGCGAGATGGCGGCCA-1,Tumor
AATGGCCGCCAATGCG-1,Tumor
CGGCCCAGGTATATCC-1,
AGGTGCACGTCCACAT-1,interstitial and infiltrating cancer cells
AAATGGTCAATGTGCC-1,Tumor
AATTCTAGAGTTAGGC-1,Tumor
GCTGAGCAACGGTTCT-1,Tumor
GAGGGCATCGCGTATC-1,Tumor
GTAACAGGTTAACGGC-1,tumor necrosis and bleeding
CGTTGAATACCGCGCT-1,Tumor
TTACATCGTGGCCTGG-1,Tumor
TGTTTGAGATCGTCAG-1,interstitial and infiltrating cancer cells
CGCCCGCTTCCGTACA-1,Tumor
CTTTGTCGAATGCTCC-1,
CTGCAGGGTGACGCTC-1,interstitial and infiltrating cancer cells
TCCGCTGGGTCGATCG-1,Tumor
CGGTAGAGGTGCAGGT-1,Stroma
GCTATCGCGGCGCAAC-1,Tumor
CCCTGGTATGGGCGGC-1,Stroma
CTAGGCGGCAGAGAAT-1,Tumor
ATGAAGCCAAGGAGCC-1,Tumor
TCGCCGGATGGGCAAG-1,tumor necrosis and bleeding
AGAAGGTTGCCGAATT-1,Tumor
CTCAGTCACGACAAAT-1,Stroma
CCGAACACTGGGCCTC-1,tumor necrosis and bleeding
ACGCAAACTAATAGAT-1,Tumor
TCCCTTGTCTGAAACT-1,interstitial and infiltrating cancer cells
GCCTGTCCCGGTGCAT-1,Tumor
AAAGTCGACCCTCAGT-1,tumor necrosis and bleeding
GGAGGGCTTGGTTGGC-1,Tumor
TAACCGCCCGCAGTGC-1,Tumor
CTGCCATGCATCACAT-1,Tumor
TGTCCGTGGCGCCTTT-1,tumor necrosis and bleeding
AGCCTTGTCACTGATA-1,Tumor
AGTTGCTGACTGATAT-1,Tumor
TACTGTTTCTCTGGTA-1,interstitial and infiltrating cancer cells
GGGTCACCGTGACGGT-1,Tumor
CCGCCGGTCAACACAC-1,Tumor
CTGGCTGGTTGTCAGT-1,Tumor
TACCGAATAATTGTAA-1,Tumor
GACGGGATGTCTTATG-1,Tumor
TGCGGTGAAATTTCAT-1,Tumor
GAGTGTGCGGTACCCA-1,Tumor
AACAGGAAATCGAATA-1,Tumor
CCCATTATTGTATCCT-1,interstitial and infiltrating cancer cells
ATCTGCACCTCTGCGA-1,Stroma
CTCCTTTACGCAAGTC-1,Tumor
CAGTCGGCCTAGATAT-1,tumor necrosis and bleeding
ACAGGTGGAGGTGAGG-1,Tumor
CGCAATTAGGGTAATA-1,Tumor
TGGGCAGGCCACCGCA-1,interstitial and infiltrating cancer cells
CGCCAAGAAGCCGAGT-1,tumor necrosis and bleeding
GAATGCCGAAATGACC-1,tumor necrosis and bleeding
AGTCGGCCCAAACGAC-1,Tumor
GAATCTATACTCGGAC-1,Tumor
CCGTATCTCGTCGTAG-1,Tumor
TAGTAGTTGCCGGACA-1,Tumor
ATCAGCTCGTCCACTA-1,
AGGGTGCTCTCGAGGG-1,Tumor
GAAACAGATGACCACC-1,Tumor
GTAGCTAGTAAGCGCG-1,Tumor
TTAGACGAGTCACCTC-1,Tumor
TGATTCTGTCGCCGGT-1,Tumor
TATCTAGCCTAAAGGA-1,tumor necrosis and bleeding
CTTGCCCACCCACGCA-1,
CCTATGTCCACTCCAC-1,Tumor
ACTGTCCAGGATTATA-1,Tumor
CAATGGAATCTACATA-1,Tumor
TTGTGGTAGGAGGGAT-1,Tumor
GTGGCGGTCCCAGCGT-1,tumor necrosis and bleeding
CGTCCTCATCGCGTGC-1,interstitial and infiltrating cancer cells
TAATATTGAAATTCGC-1,Tumor
AGCCATATAGTATGTG-1,Tumor
GAAATGGCGGTGTTAG-1,Tumor
GTGGAACCTACATGCG-1,
AAGGTGATAAACCAGC-1,Tumor
AAAGGCTCTCGCGCCG-1,Tumor
CCACTATCCGGGTCAC-1,
GACTAGGCCGTTAGGT-1,Tumor
GTTACCAAGGCGTACG-1,interstitial and infiltrating cancer cells
TCTGCTTAGAACAAGC-1,interstitial and infiltrating cancer cells
ATATGTCTCCCTAGCC-1,
TTGCTGCACCTATCCA-1,
AAATGACTGATCAAAC-1,Tumor
CGAGAGATGTGAACCT-1,Tumor
TTGACAGGAGCTCCCG-1,Tumor
AACCAAGACTTCTCTG-1,tumor necrosis and bleeding
GAGGTCCCAAAGATCT-1,Tumor
TATACCGAGTGCCACA-1,interstitial and infiltrating cancer cells
TAGGTTCTGCTGAGAA-1,Tumor
TTCGCACTCGCGTGCT-1,Tumor
ACGTATTACTCCGATC-1,Tumor
CAGTTCGAGGACCCGA-1,Tumor
CTCTGTTTGAGGATTC-1,Tumor
TGAACAAGCAGGGACT-1,Tumor
GGCCGGCGTCTGCTAT-1,Tumor
CTCGAGGTCGAACAGT-1,Tumor
GAATTTCTCGCTGCAG-1,tumor necrosis and bleeding
AGCACTTAAGGACGCC-1,tumor necrosis and bleeding
GCCATCGAGCTGCGTG-1,Tumor
TTGGAGTCTCCCTTCT-1,Tumor
CTTACATAGATTTCTT-1,Tumor
ACTGTAGCACTTTGGA-1,Tumor
CATATTATTTGCCCTA-1,Stroma
TCGGTCCCGACAATAG-1,Tumor
CAGTGGTTGCACATGA-1,Tumor
CAGGGCTAACGAAACC-1,Tumor
CGCGAGTCTGCCGGGT-1,Tumor
AGAGGCTTCGGAAACC-1,Tumor
CACGGGATTGAGGGTT-1,tumor necrosis and bleeding
GGCTGGCAATCCCACG-1,Tumor
TTATTTAGGTTCCTTA-1,interstitial and infiltrating cancer cells
CAACGGTTCTTGATAC-1,Tumor
GCTAGCAACGCACCTA-1,Tumor
TATCCTGCATGGGAAT-1,Tumor
ATGCATTCCGTGATGG-1,Tumor
TCTTCCCATGGGCACA-1,
TTCGCTATCTGACGTG-1,Stroma
GATGGTGAAATAACCC-1,Tumor
CGCGGGAATTCCTTTC-1,Tumor
GACGCATACCCGTCGG-1,tumor necrosis and bleeding
GGTCGGTAATTAGACA-1,Tumor
AGACATAGATCCTTCC-1,Tumor
GATGGCGCACACATTA-1,Tumor
GTCTTGTAGCTATTCA-1,interstitial and infiltrating cancer cells
CACTCGAGCTGAACAA-1,Tumor
GCTTAATGTAACTAAC-1,Tumor
GTTCGACAATTGTATA-1,Tumor
ATACCCTGGCTCAAAT-1,Tumor
TGATCTATCACACTCT-1,Tumor
GATCGCGGGCTCTCCA-1,Tumor
GACGAGGCTAATAAAC-1,Tumor
CCAGGCTGGCGTCTGA-1,interstitial and infiltrating cancer cells
ATATACGCTCGTGACG-1,interstitial and infiltrating cancer cells
GTTGGATTGAGAACAC-1,Tumor
TCCTGCAGCCGCCAAT-1,Tumor
TTATCGCCTGCGAAGC-1,tumor necrosis and bleeding
CTAGCATAGTATAATG-1,Tumor
GACAAGAGATGAGATT-1,interstitial and infiltrating cancer cells
GAGCATCAACAACTTG-1,Tumor
TTCCGGTTACCCACTT-1,Tumor
GCCCACCAAGGCTGTC-1,Tumor
TCTTTAGAGTCTAACA-1,interstitial and infiltrating cancer cells
GAACTTGTGCACGGGA-1,Tumor
AATGGTCCACCGTTCA-1,tumor necrosis and bleeding
GACAGATTTCTGGCTC-1,tumor necrosis and bleeding
CCGCGGAATGCGTCAC-1,Tumor
CTCGTTACGGCTACCA-1,
TCCCAATATCGACGAC-1,Tumor
CGGAGCAATTTAATCG-1,Tumor
AACGCGAACGGCAACA-1,Tumor
CCGTAGGGTTGTTTAC-1,
ACTCTTGTATAGTAAC-1,Tumor
ATTCTGAGTATGAACT-1,Tumor
AGTAGGTAACATACAT-1,Tumor
ATACGGGTTTCGATTG-1,Tumor
TACACCTCTTCGAATC-1,Tumor
CATAGAGGAGATACTA-1,Tumor
CGACCGTTGGTATTCG-1,Tumor
GAATCGACATGGTCAC-1,Tumor
TTAACTTCAGGTAGGA-1,Tumor
CATTTCTAGCAGACTA-1,Tumor
AAAGACCCAAGTCGCG-1,Tumor
ATCCCATCCACAGCGC-1,tumor necrosis and bleeding
TTGGTCACACTCGTAA-1,Tumor
GGCTGGCAGCTTTATG-1,Tumor
GTGGCGGGCCGTAGCT-1,Stroma
ATGCGACAGTCCCATT-1,Tumor
CTAGGTCTGAAGGAAT-1,interstitial and infiltrating cancer cells
CTTGTTGCTGAGTCAA-1,Tumor
CCCGTAGCTGGGAAGA-1,Tumor
CATCGGACGGGTTAAT-1,Tumor
ACACTCCAATGTCACT-1,Tumor
ATTCATATACTGTCCA-1,Tumor
ACGTTGTCGTTGAAAG-1,
AACGTTCTACCATTGT-1,
TCAAGCGCGGACGGTA-1,interstitial and infiltrating cancer cells
TGAGGTTGATCCCAAG-1,Tumor
ATCCAACGCAGTCATA-1,Tumor
ATTGCGATCAGTAACT-1,Tumor
TTCTGCGGGTTAGCGG-1,Tumor
AGGCCCAGTGACTGGT-1,Tumor
TAAGTAAATGTGCCGC-1,Tumor
ATACGAGGTTTGTAAG-1,
GATGTCCGGATCACAT-1,Tumor
ATATCGTGCCAGACCC-1,Tumor
GCCAGGAAAGAACACT-1,Tumor
ATTCGTGCTATCTCTT-1,interstitial and infiltrating cancer cells
TATGATCCGGCACGCC-1,Tumor
CTAAATCCGGTGTACA-1,Tumor
TGCTGTTGAAGAACTC-1,Tumor
TATGGCCCGGCCTCGC-1,tumor necrosis and bleeding
GGCCGTTTGGGTTTCA-1,Tumor
CGCCACCCGCATTAAC-1,Tumor
CTATAGGCGTTGATGT-1,Tumor
GTGCCTCAGTGTACGG-1,Stroma
GATTCGACGGTTCACG-1,Tumor
AATGACTGTCAGCCGG-1,Tumor
GCACCTTCCCGAAGGT-1,interstitial and infiltrating cancer cells
AAACGACAGTCTTGCC-1,Tumor
CCGGGACCCGCAGAGA-1,Tumor
CCACAATGTACGTCTT-1,Tumor
CTACACTCGCAGATGG-1,Tumor
TAGCGTCCCTCGATTG-1,interstitial and infiltrating cancer cells
GGAGGAGTGTGTTTAT-1,Tumor
GGTTCGGATTATACTA-1,tumor necrosis and bleeding
AGAACTGTACTTTGTA-1,Tumor
AACGTCAGACTAGTGG-1,Tumor
ATCGGAGACAGACGGC-1,Tumor
GACATCGATTTATAAC-1,Tumor
TCTGAGCAATTGACTG-1,interstitial and infiltrating cancer cells
TTGTGGTATAGGTATG-1,Tumor
CTGCTGAGGCCACGAA-1,Tumor
CCCATATAGGTCGATT-1,interstitial and infiltrating cancer cells
CAAGAGGGCGGAGTAC-1,Tumor
ACACAAATATTCCTAG-1,Tumor
CAAACGAGTATCGCAG-1,Tumor
CACGGCGCGCCAAAGG-1,Tumor
GTGTTACTATGCGTCC-1,Tumor
TCCCAGCTTTAGTCTG-1,Tumor
CAAGCAACGTCGGAGT-1,
TGGGTAAGGTTCCCGC-1,Stroma
CTTGTGAGTCTTTGAC-1,Tumor
ACCAGTGCGGGAGACG-1,Tumor
TATTATGTTTGCCTGC-1,Tumor
CTGGCGATTTACATGT-1,interstitial and infiltrating cancer cells
GCCAGGCGTTCGCATG-1,Tumor
CCCTAGGCAACAAGAG-1,tumor necrosis and bleeding
TGATGGGACTAAGTCA-1,Tumor
TATATGCTGGGTTGCC-1,tumor necrosis and bleeding
ACAAACCATGCGTCCT-1,tumor necrosis and bleeding
CTAAAGAATGCCTACT-1,tumor necrosis and bleeding
AGTGACTGTGACACAA-1,Tumor
GTGCGTGTATATGAGC-1,Tumor
TCCCAAAGACGAAGGA-1,Tumor
CTCTTCTGGAAGTTAG-1,Tumor
CTTTGGCTTTAGTAAA-1,
TTGTCACCGCGGTATC-1,tumor necrosis and bleeding
CTAATGCGCCCAACAA-1,
ACAATAGTCGTACGTT-1,tumor necrosis and bleeding
CCAAATCAAAGGGCAA-1,Tumor
CGAGGATCGGGAACGA-1,Tumor
TATGGATGTGCTACGC-1,Tumor
GCTAAGCCCAGTATGC-1,interstitial and infiltrating cancer cells
ATAAAGGTCAAGTACG-1,Tumor
CGACCCTTAACGCCGG-1,tumor necrosis and bleeding
GTGGACGTGCTGAGAC-1,Tumor
TGAGATTAGGCCCTAA-1,Stroma
CGACCTACTAGACAAT-1,tumor necrosis and bleeding
GTTAACATCACTTAAA-1,Tumor
ACGCTAGTGATACACT-1,Stroma
GTCCTACGAATAGTCT-1,Tumor
GCAGCCTATATCACAT-1,Stroma
GTATCTCAGTCTTGAC-1,Tumor
CCCGACCATAGTCCGC-1,Tumor
CAAGTGTGGTTGCAAA-1,Tumor
TTAACGTTAAAGCCTG-1,tumor necrosis and bleeding
GAGCTCAACATGAGCG-1,Tumor
ACTGGCGAACCTGCGT-1,Tumor
ACAGTATACCGTGGGA-1,Tumor
CGGTTATCCAACAGTG-1,Stroma
TCACGCATTGTAGATC-1,Tumor
CAGACGAACCTGATAC-1,Tumor
AGCCCGCAACAAGCAG-1,Tumor
GACACTTCCAATTACC-1,Tumor
TCCGATGACTGAGCTC-1,Tumor
GAGCCAGCTACCTGTG-1,Tumor
TGACAACGCATGTCGC-1,interstitial and infiltrating cancer cells
CCGATCTCAACCTTAT-1,interstitial and infiltrating cancer cells
TTGCCATAGCCCGCTC-1,Tumor
ATCCAGGATTCGTGAA-1,Tumor
GTCAGACAGCGTTGGA-1,Tumor
TGCAGGATCGGCAAAG-1,Tumor
AGCATCATTTCGAAAG-1,Tumor
AAAGGCTACGGACCAT-1,Tumor
CCTTCCGCAACGCTGC-1,Tumor
GCGAGTTCTGCAAAGA-1,Tumor
TACCAGAAGTAGGTTC-1,Tumor
GAGTACGGGTATACAA-1,Tumor
CCTCCTAGCTAGAGTC-1,Tumor
GAGGGCCATAATATTA-1,Tumor
GGAGCAACATTTCAAG-1,Tumor
CTGTAGTGAGGATCGA-1,Tumor
TGGTTCGTAGCAAAGG-1,Tumor
TTACTGTCTAGAGCTC-1,Tumor
GGCCTTTGCAACTGGC-1,tumor necrosis and bleeding
TGACAGGACAAGTCCA-1,
TCCGACCGCTAATCAA-1,Tumor
ATTTGCGCGAGTAGCT-1,Tumor
AGCGTTCCGATTTAAA-1,Tumor
TACCAAATAGCCCAGA-1,Tumor
TCTTTCGGCGGGACAC-1,Tumor
CCCAACCACACTAACA-1,Tumor
TGGGTTTCGGGCGTAC-1,Tumor
TAACAGGTTCCCTTAG-1,Tumor
CAGTTCAAATTGACAC-1,Tumor
CTGGTAAAGACTTACA-1,Tumor
CATGATGGAAGTTAGC-1,Tumor
GCTCGCGGTTCCGCTC-1,tumor necrosis and bleeding
CGGGATCAATGTAAGA-1,Tumor
GTTATTAAATACGACC-1,Tumor
GACCAGAGCCCTGTAG-1,Tumor
CCTAAGTGTCTAACCG-1,Tumor
TGATTCGTCTATCACT-1,
CTGGTTCAACGCATCA-1,Tumor
CAATGACCCTTAATTT-1,Tumor
ATCCTACCTAAGCTCT-1,Tumor
TCGACTGACGATGGCT-1,interstitial and infiltrating cancer cells
GGGCCTAAATGGGCTA-1,tumor necrosis and bleeding
CCTTCGTATAGAATCC-1,Tumor
CATAATGAGCGGGCGA-1,Tumor
TGTGGTAGGGTGCCTT-1,interstitial and infiltrating cancer cells
GGTGATAAGGAGCAGT-1,Tumor
TATCCTATCAACTGGT-1,Tumor
TTGAAGGATGGGCGCC-1,tumor necrosis and bleeding
TCTAATACTGCCTCAG-1,Tumor
TGTAATGACCACAATA-1,tumor necrosis and bleeding
CATTTAGCGGACCATG-1,Tumor
ATCAGACGGCACGCCG-1,Tumor
CACATATTAGCAGGAT-1,Tumor
GAATGAAGGTCTTCAG-1,Tumor
GGCCCAGCTGGTTTGC-1,Tumor
AGCTTGATCTTAACTT-1,tumor necrosis and bleeding
AAAGTCACTGATGTAA-1,Tumor
CTCATTGCTCTAACAA-1,Tumor
AGGTCAGGTGAGAGTG-1,Tumor
CAAACTATTGAGCTTC-1,Stroma
GCGGGCAGACGGGTGA-1,Tumor
CTCCGAGTAAATCCGC-1,Tumor
ACGGACTCTCAAAGCG-1,Tumor
GCGGATTACTTGTTCT-1,interstitial and infiltrating cancer cells
GGTTCCACCCGCTTCT-1,Tumor
TACTGCAATCAATTAC-1,Stroma
AGTAATGTCTTGCCGC-1,Tumor
TTGTGTTTCCCGAAAG-1,Tumor
GCGACCCAACCATCTG-1,Tumor
TTAATTGCTTTGGGTG-1,Tumor
GAAAGCCCTTTGGACC-1,tumor necrosis and bleeding
ATAAACGGACCCGTAA-1,Tumor
CATAGTACATTGAGAG-1,Tumor
AATCTGCGTTGGGACG-1,Tumor
CATATACTACTGATAA-1,
CTAGCCCGGGAGACGA-1,tumor necrosis and bleeding
CAAATGTCCTTCCGTG-1,Tumor
TTCGACAGAGCCCGTG-1,Tumor
ATTATAGCTACTTTAC-1,Stroma
GACAAGACGCCCGTGC-1,interstitial and infiltrating cancer cells
ACGTCTCGTTCCGGGA-1,tumor necrosis and bleeding
AAAGTGTGATTTATCT-1,Tumor
AAATAAGGTAGTGCCC-1,Stroma
TGTTCCGGCCTGAGCT-1,Tumor
TTGTGGAGACAGCCGG-1,Tumor
CTGTTGTTCAGTCGTA-1,Tumor
TCCCGGTCAGGAATTT-1,Tumor
ATTATTCAGAGTCACT-1,Tumor
TGGAGCTAAAGTTCCC-1,Stroma
AACCCGAGCAGAATCG-1,interstitial and infiltrating cancer cells
TAAAGTGCACGTCTCG-1,Tumor
AGTCGACGGTCTCAAG-1,Tumor
AAATCTGCCCGCGTCC-1,Tumor
ACAGGTGTGTTGTTGC-1,tumor necrosis and bleeding
GTTGCACGGAGTTTCG-1,Tumor
AGGTCGCCTCCCAACA-1,interstitial and infiltrating cancer cells
TTCTACCTCAATCGGT-1,Tumor
AAGCCGCCGTGAAATC-1,Tumor
GGTTTAGCCTTTCTTG-1,Tumor
CCCGAAGTTTCGCGAA-1,
GATTATCTTGCATTAT-1,Tumor
AAACTCGTGATATAAG-1,Tumor
GGACCTCTAGGCCGCC-1,Tumor
CGTCTCTCGCCGAGGC-1,Tumor
CCTCGGTTTCCTTGCC-1,Tumor
AACCCGATAGGGCTTC-1,Tumor
GTAAGGATTTGTCGGA-1,Tumor
TGCGGACTTGACTCCG-1,Tumor
TCACAGATCCTCAAAC-1,Tumor
CGTTTGGTGTTGTGGG-1,interstitial and infiltrating cancer cells
GGTACACCAGATTTAT-1,Tumor
GACACTGAGTTCAGTG-1,Tumor
GTTGAGTCCCGCCGGT-1,Tumor
CGCGCAAGGAACTACA-1,Tumor
TCGTCACACTGTTAGC-1,tumor necrosis and bleeding
GACCGGTGATACTCTC-1,Tumor
GAAGACTTCAATGCCG-1,Stroma
CCTGACGCAACCTTTA-1,Tumor
CCGCCTGCGAATTGGT-1,Stroma
GTACTAAGATTTGGAG-1,Tumor
CGTGTCCCATTCGCGA-1,Tumor
TACCTCACCAATTGTA-1,
ACGCATACGTTTACTA-1,Tumor
AGTACTCTTATGCCCA-1,Tumor
GTCTCCGCCTCAATAC-1,Tumor
TTAGCTGATTTGCCGT-1,Tumor
GGTAGAAGACCGCCTG-1,Tumor
CTTCTATGTTGAAGTA-1,Tumor
ATTTATACTGGTAAAG-1,Tumor
TTGCTCCCATACCGGA-1,Tumor
CACAGCTAGGGAGTGA-1,Tumor
GCTGTTGCTACCGAAC-1,Tumor
ATGCACCTTCCTTAAT-1,
GTAACAACTGACCTTG-1,Tumor
ATTCACTGATGTTGGA-1,Tumor
TGAACACCCGAAGCAG-1,Tumor
CTATTCATGTGTCCCA-1,Tumor
GGAGTACACATGAGCT-1,blood
CTGCGATTTCGAGATT-1,Tumor
TGGTCTAGCTTACATG-1,
ATACGGTGAAGATGCA-1,tumor necrosis and bleeding
TACTTAAACATGTACA-1,interstitial and infiltrating cancer cells
TGAGTGTAACAACGGG-1,interstitial and infiltrating cancer cells
CGGAAATTTCACATCC-1,Tumor
AACGTCGCTGCACTTC-1,interstitial and infiltrating cancer cells
TCCCGGGTGTGCTGCT-1,tumor necrosis and bleeding
GAGCTCTCGGACCTAA-1,Tumor
CCGCGGGTACGAAGAA-1,tumor necrosis and bleeding
GCACAAGTGGATCATA-1,blood
TCGGGTGAAACTGCTA-1,Tumor
GGATCAGAGCCATCAG-1,tumor necrosis and bleeding
ACTTCCATGCGGGACA-1,Tumor
GCTCATTGATCATATC-1,
AGGCGTCTATGGACGG-1,Tumor
GAATGGGCTTATCGAC-1,tumor necrosis and bleeding
AAGCGTCCCTCATCGA-1,Tumor
TGAACCTGAATGTGAG-1,Tumor
GGTCACGTTAGATTCA-1,Tumor
CTGGGATCGCCCAGAT-1,Stroma
CGCATGGTGCGATGCT-1,Tumor
TTAGCTCTGTAATCCG-1,tumor necrosis and bleeding
CGTCGCATGTGAGCCA-1,Tumor
TAGCTCAGATCCTAGT-1,Tumor
GCGGTCTTGCTTTCAC-1,Tumor
GTACAGAGGCAAGGGT-1,Tumor
CTCGATATTTGCGAGC-1,Stroma
CGGCAATAAGATCGCC-1,
GATAGATAGTACAGTC-1,Tumor
AGGAGCGTTTATTATC-1,interstitial and infiltrating cancer cells
ATTGTCGCAATACCTT-1,Stroma
GACGCTTGCTTCTAAA-1,tumor necrosis and bleeding
TCACAGGTTATTGGGC-1,Tumor
ACTATCCAGGGCATGG-1,interstitial and infiltrating cancer cells
GTCTCGCCAACACGCC-1,Tumor
CCATGCCCTAGATTTC-1,Tumor
CTGGGCTACTGGAGAG-1,interstitial and infiltrating cancer cells
CTCCCTTGTATCAAGG-1,Tumor
TCACTCTTCGTCTGTC-1,Tumor
CGGATCCTCAAGGACT-1,Tumor
TCAGGGTGCACGAAAC-1,Tumor
AGAGTAAACTTCACTA-1,Tumor
GTGCCTGAGACCAAAC-1,Tumor
TCGTATTTCGTCCGGA-1,Tumor
GGACTAAGTCAGGAGT-1,tumor necrosis and bleeding
GGGCCCGTCTTAAACA-1,Tumor
GATTCCGCGTTTCCGT-1,Tumor
CGTACCGAAAGTCTAG-1,Tumor
GTAGTTTAAGCACACG-1,Tumor
AGGATATCCGACTGCA-1,Tumor
AGTAAGGGACAGAATC-1,interstitial and infiltrating cancer cells
ATTATCTCGACAGATC-1,Tumor
TTAGCATCCCTCACGT-1,Tumor
CAAGTGAACTTTGGTT-1,Tumor
GTTTGGGTTTCGCCCG-1,Tumor
GCACAAACGAGGCGTG-1,interstitial and infiltrating cancer cells
GCAACACACTAGAACT-1,Tumor
CTTAAGCAGCGAGCCG-1,tumor necrosis and bleeding
GAGAGGGCGCGAGGTT-1,
CATTCCCTAAGTACAA-1,Tumor
TACAATGAAACCAGCA-1,Tumor
TTCCCGGCGCCAATAG-1,
GACGACGATCCGCGTT-1,Tumor
GCTTCGACGTTCAATC-1,Tumor
ACATACAATCAAGCGG-1,Tumor
GCTAAACCTGAGGTGA-1,Tumor
GCTCTAAACCCTGACG-1,Tumor
CTACCCTAAGGTCATA-1,Tumor
ATTGTACAACTCGGCT-1,interstitial and infiltrating cancer cells
TCCTTCAGTGGTCGAA-1,Tumor
GGCCACAAGCGATGGC-1,Tumor
TGAGCAGTCGTGAAGT-1,Tumor
GCCGCATTAGTCCGGC-1,tumor necrosis and bleeding
CATAGGGACACTTGTG-1,Tumor
AGAACGTGGTACATTC-1,Tumor
AAGAGGATGTACGCGA-1,tumor necrosis and bleeding
TGCTATACAAACGGAC-1,Tumor
TTATCCAATCGAACTC-1,Tumor
AGTAGCGTGAACGAAC-1,Stroma
AAACTTGCAAACGTAT-1,Tumor
CATCCAATATAGTTTG-1,Tumor
TATTAACACCAAAGCA-1,
GGACTCTTTGACTAAG-1,Tumor
CCTATACCGTCCTGTC-1,Tumor
TCCTAGCAAAGAAGCT-1,Tumor
CCCTCGGGAGCCTTGT-1,Stroma
TAAATGGGCTACTGAG-1,interstitial and infiltrating cancer cells
CTTCTGGGCGTACCTA-1,Tumor
ACCCTCCCTTGCTATT-1,Tumor
ACGAGATATTTGCTTA-1,
GTCTAAGATGCCCAGC-1,Tumor
ACACACTTTCTACACG-1,Tumor
CCGGAATGGTTTCAGT-1,tumor necrosis and bleeding
GTGGCCTAATATCATT-1,tumor necrosis and bleeding
AACATTGGTCAGCCGT-1,Tumor
ACGTACTTTGGCACGG-1,Tumor
CGTCCAGATGGCTCCA-1,blood
CCGCTTACCTCACTCT-1,Tumor
TGTATAACAGATCCTG-1,Tumor
CTGCGGGTGAAATGTT-1,tumor necrosis and bleeding
TAGTGCCCTCCAGAGT-1,Tumor
CATTGCAAAGCATAAT-1,Tumor
CCCGGGTCGTTCAGGG-1,Tumor
TCAGAGCATGTCAACG-1,
AATGCAACCGGGTACC-1,Tumor
CGAAGGGTTTCAGATT-1,Tumor
TGCAATTTGGGCACGG-1,Tumor
TACGATCCAAGCCACT-1,Tumor
GATTCTGTTAATGAGT-1,Tumor
TTCGTGCATGTTATAG-1,Tumor
ATAGACAACGGGACCT-1,
CGGCTGCAAGATTAAG-1,Stroma
GTGGTGATGGTTTGTG-1,interstitial and infiltrating cancer cells
CTTAACTTACAGTATA-1,interstitial and infiltrating cancer cells
AACGTGCGAAAGTCTC-1,Tumor
CATTGTGTGCTAGATC-1,Tumor
TCTGCACCATTAGTAA-1,Tumor
GAGATCGATCTTACTC-1,Tumor
GGAGTGCCGCCCTGGA-1,Tumor
TAGATCCGAAGTCGCA-1,
TGAAGAGCGGTCCTAG-1,Tumor
CAATTTCGTATAAGGG-1,Tumor
TGGGTGTAATAGATTT-1,
TATAGCGCACGTTATC-1,tumor necrosis and bleeding
CGGCCACGCACAAAGT-1,Tumor
TGGCCAAACTGAAGTA-1,Tumor
ATACCAGGTGAGCGAT-1,
CCAGCTCGAACGCATT-1,Tumor
TCTGATGTATTCTGTC-1,Tumor
CGTCGGATAGTGTTGA-1,
AAGGGACTATGCATTC-1,Tumor
CTGAGAGTAGAAATAC-1,interstitial and infiltrating cancer cells
ACGCATAAATGACATG-1,Tumor
TCCCAAACAGACAACG-1,Tumor
AGGCATTGTCGTAGGG-1,Tumor
GCAACCCAAGTTGTTT-1,tumor necrosis and bleeding
GAACACACATCAACCA-1,Tumor
CCGGGTTCGAGGTTAC-1,tumor necrosis and bleeding
CCAGGCGAGATGGTCT-1,Tumor
CAACTATATCGAATGC-1,
ATATCGGTAGGGAGAT-1,interstitial and infiltrating cancer cells
GGACGTCCATAGTTGG-1,Tumor
AACAACTGGTAGTTGC-1,Tumor
TTGCCCTGATCACGGG-1,tumor necrosis and bleeding
AATGTTGTCGTGAGAC-1,interstitial and infiltrating cancer cells
GCTTCCATGTAACCGC-1,
GTCCGGACCTGAAATT-1,Tumor
CTTATGTTGACTACCA-1,Tumor
TTGGTTGCGGTGCGCG-1,Tumor
TTGAAGAATTCCCAGG-1,Tumor
GGATGGCTTGAAGTAT-1,Tumor
GCAGCTATGGACAGGT-1,Tumor
CAGTCTGTATACTGGG-1,Tumor
CGGACCTTTACGTCCC-1,Tumor
AGTTCTGCGTTGTATC-1,Tumor
TGGTATCGGTCTGTAT-1,Tumor
GCAGGACTATAGAATA-1,tumor necrosis and bleeding
CAATGGTCGGCCTGGG-1,Tumor
TCTGACGGGCTAACCC-1,Tumor
GCTCAATCCGTTTATT-1,Tumor
ATCTCCCTGCAATCTA-1,Tumor
TACGTTTACCGGCAAT-1,tumor necrosis and bleeding
GGCGCTTCATTCCCTG-1,Tumor
TGAAGTAGCTTACGGA-1,blood
CTGGTGAATGGGCCTA-1,
CGATTAAATATCTCCT-1,Tumor
GTATAATCTCCCGGAT-1,Tumor
ATCTTAGGGCATTAAT-1,Tumor
GCCACTCAGAGCGCGA-1,Tumor
CATTCAGGTCAGTGCG-1,Tumor
AAGCGGCGTCATGGGT-1,Stroma
CGGTTGAGTATCCTTC-1,Tumor
CTGGAAATGGATGCTT-1,Tumor
GTACTGGAGTTAGACC-1,Tumor
ATTGACGTAACTCGGT-1,Stroma
GGCCCAATCTAGAGGG-1,Tumor
GAGAATCTCACGATCA-1,tumor necrosis and bleeding
TTCTGACCGGGCTCAA-1,Tumor
AATATCCTAGCAAACT-1,tumor necrosis and bleeding
AATTCGATTCGAGGAT-1,Tumor
CGAGCGTTGATCAGCC-1,Tumor
CTGTCAAATGGCTCGG-1,Tumor
ATAGCCATAACAGTCA-1,interstitial and infiltrating cancer cells
CTAATTATGAAGCGTA-1,Tumor
CTACTCAAGGTATAGT-1,Tumor
AAGTGCTTCTCTATTG-1,Tumor
GCCCATGGGTGCAATG-1,Tumor
TCCCAAACATCCTCTA-1,tumor necrosis and bleeding
CGAGACTACTGCTGCT-1,Tumor
AGTCGTGGGCATTACG-1,Tumor
AGGGCAGCGGCGTGGT-1,Stroma
TGCAATCTAACACGGT-1,Tumor
CATCGCCCGCGGCCAA-1,Tumor
AACTCAAGTTAATTGC-1,Tumor
CTGCACTCCAGTACAG-1,Tumor
GTGGAGCGTTTACCGA-1,Tumor
GCCACCCATTCCACTT-1,Tumor
GGTCTCTGAATGGACT-1,Tumor
CATATAGGTACAGTCA-1,Tumor
TTAACGTCGCAAGACC-1,Tumor
TTATATTTGGCAATCC-1,Tumor
GGGCTGGTTAGTCGCG-1,Tumor
ACCTCCGTTATTCACC-1,Stroma
TCGGAGAGTATCGGGA-1,Tumor
GAACGGTGTAAAGCAG-1,Tumor
TCTTCGAATAGACGTT-1,Tumor
GGTAGACCGTTGGGCG-1,Tumor
CCGCTCTTCCGAACTA-1,Tumor
CTAGTAGAAAGGGATT-1,Tumor
TGCATATGTCTGTCAC-1,Tumor
CATAACGGACAGTCGT-1,Tumor
CAATACGAGAGTCTGA-1,interstitial and infiltrating cancer cells
TCACGATTAATACGTT-1,Tumor
CAGCCTCGATAGCGGT-1,interstitial and infiltrating cancer cells
TCTAGTTATCAGAAGA-1,Tumor
AGGCAGATGCGTAAAC-1,Tumor
CACACGCGCTGTCTTA-1,Tumor
CCCTCCTCGCTCGTAT-1,Tumor
TCCAGGGTATATACGA-1,Tumor
AAAGGTCAACGACATG-1,Tumor
CACCTTGGCGCCTTTG-1,Tumor
AACTGGGTCCCGACGT-1,Tumor
AGTATAATACTAGGCA-1,tumor necrosis and bleeding
ACGCCAGATGATTTCT-1,Tumor
GAACATTAGTATGTTA-1,Tumor
AGTTATTGAAAGGTAA-1,
AAATTGCGGCGGTTCT-1,Tumor
CACCGTTAGGGATCAC-1,Tumor
TAGCTAGTGATGATGG-1,Tumor
ATGGGCCTCGGCCTCT-1,Tumor
GGGCGTGGTTTCCCAG-1,Tumor
TACCGTGCCTCGGACC-1,Tumor
GATCAACATAAAGGGA-1,Tumor
TTGCTAGCTACCAATC-1,Tumor
TGTTCGTATTGCGGTG-1,Tumor
TGGTGTGACAGACGAT-1,Tumor
CGGGAGTATACCGCCG-1,Tumor
TCTGTGCCATCATAGT-1,Tumor
GCCCTAGCCGTCGCGA-1,Tumor
CACAGAGACGAGGACG-1,tumor necrosis and bleeding
AGTGAGGGTTTCTGAC-1,Tumor
TACGCTGCACGGTCGT-1,interstitial and infiltrating cancer cells
ATAGGCGGCTATAGAA-1,tumor necrosis and bleeding
CTGAGCAAGTAACAAG-1,Tumor
CGTGCTGGCCTAGTCG-1,Tumor
TGTAGGAGAAATTTCC-1,Tumor
AACTGGGTTCGAGCCG-1,Tumor
TCCCTGGCTCGCTGGA-1,tumor necrosis and bleeding
GACATCCGTCGAACTG-1,Tumor
GACCAAACGTTGACTG-1,interstitial and infiltrating cancer cells
CAGACACCGATCGCTG-1,Tumor
CTTACTGACTCCTCTG-1,interstitial and infiltrating cancer cells
TACGTACTAGTGCTGA-1,Tumor
CAACCAGTGGCCTACC-1,interstitial and infiltrating cancer cells
GGCCAATTGTATAGAC-1,Tumor
GTAAGTAGGGTATACC-1,Tumor
CGAGAGGGTAGCCGCG-1,Tumor
ATGTCTTGTTTGACTC-1,tumor necrosis and bleeding
GACAACGACCATTGAA-1,Tumor
TAGTCCGTATGCATAA-1,Tumor
AACAATTACTCTACGC-1,tumor necrosis and bleeding
TGGGCGATACAATAAG-1,Tumor
TCCGTTAAGCTAATAT-1,Tumor
TTGGCCAAATTGTATC-1,Tumor
CATAGTGGGCACGCCT-1,interstitial and infiltrating cancer cells
TACGGGATGCTAGCAG-1,Tumor
ACCCGTAGCAGAGAAT-1,Tumor
TCCGATTACATTGCCG-1,tumor necrosis and bleeding
CTTTGGGATTGTTGCA-1,Tumor
ATGCTTAGGAGTTGAT-1,interstitial and infiltrating cancer cells
CCGCTTCGCGGTTAAC-1,Tumor
TTCTACTTGCGAGGGC-1,
CGGTTTACTGAACATT-1,Tumor
TCCGAACGTTGCCGCT-1,interstitial and infiltrating cancer cells
TGTGGTTGCTAAAGCT-1,Tumor
GTGAGCGTGCTGCACT-1,tumor necrosis and bleeding
CACAGCACCCACGGCA-1,Tumor
GTCAAAGTTTACATAG-1,Tumor
TTCGGCAACCCGCTGA-1,Stroma
TCAGTAGGGACTATAA-1,Tumor
CCTCTACAAGGATTGG-1,Tumor
AGATGATGGAGTCTGG-1,
CATCCGCAGGCCCGAA-1,Tumor
TACTGAACAGATTTAG-1,Tumor
ACCTACAGTATGTGGT-1,interstitial and infiltrating cancer cells
AGACGGGCCGATTTAA-1,Tumor
TCGCATCCCTAAGTGT-1,Tumor
GGTGAACGGGCTAGCC-1,Tumor
TGCCACACTAGAGGAA-1,tumor necrosis and bleeding
GCTATAAGGGCCAGGA-1,interstitial and infiltrating cancer cells
TAGTACCACAACTTTC-1,tumor necrosis and bleeding
TGGCTTTGGGTAGACA-1,Tumor
AACTCTCAGTGTGCTC-1,Tumor
CAATTGGGCCGCACTC-1,tumor necrosis and bleeding
TCCAGATGTACGCCAA-1,Tumor
CGAGCCGAGCACTCGA-1,blood
TACTCTTACTTTACTG-1,interstitial and infiltrating cancer cells
AACTGAGGTCAGCGTC-1,Tumor
TCATCGACGACCGTCG-1,Tumor
GACCGTCAGGTCGTGA-1,Stroma
TATCCATCTCGGTTAG-1,tumor necrosis and bleeding
GCGGTCCCGGTGAAGG-1,Tumor
AGGGCCCTAATGTTCT-1,interstitial and infiltrating cancer cells
TCCGATGGTGCGACAT-1,Tumor
CGCTATACCGCCCACT-1,Tumor
CCTACGGCTCAGTCGA-1,Tumor
GGCATTCCCTCCCTCG-1,interstitial and infiltrating cancer cells
GACATTTCGCCCAGCC-1,Tumor
GATCTTCATTGTCCTC-1,Tumor
CTCGGTACCACTGCTC-1,Tumor
TCAACGCAGGAAATAA-1,Tumor
GGATCATCCCGTACGC-1,
TATATTACAAATGTCG-1,Tumor
GAGGAATATCTCTTTG-1,
AATACAATGTTTCAGG-1,
CTCAAGACATTAGCGC-1,Tumor
AGTTACCCTTAAGACT-1,tumor necrosis and bleeding
CAGGATCCGCCCGACC-1,Tumor
ATGTGCATCCGACGCA-1,Tumor
GCTTTACACAACTGGG-1,interstitial and infiltrating cancer cells
AGAGCGCTTGTAACGG-1,Tumor
TCCTTCAATCCCTACG-1,tumor necrosis and bleeding
TCTTACGGCATCCGAC-1,tumor necrosis and bleeding
CATAGTAGCATAGTAG-1,Tumor
TCAGTTACGGAATGAT-1,Stroma
ACACTGATCAAGGTGT-1,Tumor
CCATAGGTTGGCGTGG-1,Tumor
GCTGAACTCTCCAGGG-1,interstitial and infiltrating cancer cells
AAATCGTGTACCACAA-1,Tumor
AGGGAAACGAGGTACT-1,Stroma
ATCTTTCGTATAACCA-1,Tumor
