barcode,annotation
GAAACCTATACAAATG-1,Stroma
ATTATACTTTGCTCGT-1,Tumor
TCTTTAAGACTATGAA-1,
GCTAGCACCTGGGCCA-1,Tumor
GTCATTAGAGCGAACG-1,Tumor
CGTTTCACTTCGGGCG-1,Stroma
ACTGAAACGCCGTTAG-1,Tumor
CGATAGTCGTACTGCA-1,Tumor
ATTTACTAAGTCCATT-1,
TATTTATACCGAGTAG-1,Tumor
TTACCCTAACAGTCCT-1,Stroma
CCAGTCTTGTCATAGA-1,Stroma
GGGTCCTTGGAAGAAG-1,Tumor
TCAGCTTGAGCTTTCG-1,Tumor
TATCAAAGGTCTGTAA-1,Tumor
CTGGCGACATAAGTCC-1,Tumor
TTGCCGCAGACCTACA-1,Tumor
ATATGTGCACAAACCA-1,Tumor
TCCAACTCAGCTATCT-1,Tumor
TAGGTGCTCGCCTAGC-1,Tumor
GACCTTCCACGTCTAC-1,Tumor
CAAGTAAGTGATAGAC-1,Stroma
GTCGGATATCTCAGAC-1,
TCCGATAATTGCCATA-1,Tumor
TGCGCAAAGCATTTGG-1,Tumor
CTATGGGAAGCGGAAT-1,Tumor
ATATTCCCACAGGTCA-1,Tumor
TCAATACGCCGTCATG-1,Tumor
ACATAATAAGGCGGTG-1,Tumor
AGTACCTTCGAGTGCT-1,Tumor
CTCTGGACGCCTGGTG-1,Tumor
AACACGCGGCCGCGAA-1,Tumor
TTAGAGTTTAGAAGGA-1,Tumor
GACCCGTCGCCGGCTA-1,Tumor
CTGTTGGCTCTTCTGA-1,Tumor
TCGTCCGCTGGCGTCT-1,Tumor
GTCTGCCGACTCGACG-1,Tumor
TTATCTGTATCATAAC-1,Tumor
GCGAGAAACGGGAGTT-1,Tumor
GCATTCGAAATGAACA-1,Tumor
CGCGCATGTTTGATTG-1,Tumor
TTACGTATCTATGACA-1,Tumor
CTCGCTAGGTAAGCGA-1,Tumor
CATCGTCCGGTTACTA-1,Tumor
ATAGTGAAGCGTTCTC-1,Tumor
AATGAGTTCGCATATG-1,Tumor
TGAGTTAAAGACATTC-1,Tumor
GGCTGAGCATCGTAAG-1,Stroma
CGAAACGCAATTCATG-1,
GATCATTCCAAACATT-1,Tumor
ACCTGCGTGTCATGTT-1,Tumor
GCTACAGTACGGACCG-1,Stroma
ATGACGCGTTCTATCC-1,Stroma
GTGCAGCGTAGAGTAG-1,Tumor
GGTTTGTGACCTGAGG-1,Tumor
ATATAGAGTATTGGTC-1,Tumor
TATCCATATCATGCGA-1,Tumor
GTTAGAGTGTGCCGCT-1,Tumor
GCGCTAAGTATGCATG-1,Tumor
TAGCTAAGTCCGGGAG-1,Tumor
ATCTGATAGTGTCTTA-1,Tumor
TAAGGGCCTGTCCGAT-1,Tumor
CCCGGTGGAAGAACCT-1,Tumor
AGATAACTTCAGGGCC-1,Tumor
GAATCTGAACATTCTC-1,Tumor
GTAGCCAAACATGGGA-1,Tumor
CTTCACGCCCTGGTAC-1,Tumor
TATCACAGCACGGGCA-1,Tumor
GAGTCAGACCAGAATC-1,Stroma
CATGGTTTATTAATCA-1,Tumor
CCTACAAGTCCGGAAT-1,Tumor
CACCCTTGGTGAGACC-1,Tumor
ACCGGGCCTTTGTTGA-1,Tumor
CATAGCGTTGCCCACC-1,Stroma
TAGAAAGGTGGCGCTA-1,Tumor
CCATGCTCTGCAGGAA-1,Tumor
TTATGATCTTAACGAA-1,Tumor
CGTCATACCATATCCA-1,Tumor
TAGTCTGTGACGTTGC-1,Tumor
ACACCCGTAAATCTGT-1,
GACCGCGTCTGACGTG-1,Tumor
TTAGCGAATAGATAGG-1,Tumor
TAGCGTCGAATATTGA-1,Tumor
TCACTCGTGCAACGGC-1,Stroma
GACTCTAGAGTTCCAA-1,Stroma
CATGGCAGGAAGATCG-1,Tumor
CATGTAGGAGCGCCAA-1,Tumor
CGCGAGAGGGACTTGT-1,Tumor
GAATAGCCCTGCGGTC-1,Tumor
AGACCAAACCACACCT-1,Stroma
TTCGGGACTAATCGCG-1,Tumor
AAGTTCGGCCAACAGG-1,Stroma
CTTAAATAAGACCCAT-1,Tumor
GGTAGTGCTCGCACCA-1,Tumor
GAAGCCACTGATTATG-1,Tumor
TGGAAGGATAAAGATG-1,Tumor
ACCAGGAGTGTGATCT-1,Tumor
GCTGGCAGGTGCCGTG-1,Tumor
ACCAACGCTTATTTAT-1,Tumor
ACCACGTGCAGCTATA-1,Tumor
TTACGTAGCGCGTGCT-1,
ATAGAGTACTGGGACA-1,
AGTCGGTTGCGTGAGA-1,Tumor
TGCGAATATGGGATTT-1,
TAGTCTTTCCGAATTG-1,Tumor
CAACGTGGTGGAGTCT-1,Tumor
GAGCACCTGTGTCCAG-1,Tumor
TGCGGCATAGTTCAAC-1,Tumor
GAGCCACGGTAGTAGG-1,Tumor
TCCTGCCAACTGGAGA-1,Stroma
ATACTAGCATGACCCT-1,Tumor
TGGCAGATTACGATCA-1,Tumor
TAGACGAAACGCCAAT-1,Tumor
ACGGAATTTAGCAAAT-1,Tumor
TATGTAGAAACCCGGC-1,Tumor
CGTGTCTCGTTACGAC-1,Stroma
TTAGATAGGTCGATAC-1,Tumor
CCTAAAGGCTGACGCT-1,Tumor
GTCGGATGTAGCGCGC-1,Tumor
AGACGACGATGCCGCT-1,Stroma
CACTACTCAGTTCTGT-1,Tumor
ACAATGAATACGGAGA-1,Stroma
GTCCTACTCTACGGGC-1,Stroma
TTCAATTAGCCATAAT-1,Tumor
GGGTATTCTAGCAAAC-1,Tumor
GTTGTAGATTTATGAG-1,Tumor
TCCGCGGCCCAATGAA-1,Tumor
TTGTGGTGGTACTAAG-1,Tumor
CACCTCTACGAGTGTG-1,Tumor
GCACTAGTCGCGCTAT-1,Tumor
ACGAGGTTTACAACGT-1,Tumor
CATGCATGGAGACCCT-1,Tumor
TTGGCCATCTTGCGCT-1,Tumor
AGTCAACACCACCATC-1,Tumor
ACCCGATTGGTTCCGA-1,Stroma
CAGTGTTAATCTCTCA-1,Tumor
TCGAGTCTACGATTCG-1,Stroma
ACAATCCATTTAAACC-1,Tumor
GCTAGTTTCATTGAGG-1,Tumor
TGTGTTCGTATCCAAG-1,Tumor
GTGCGGGACCATCGGC-1,Tumor
CAGCTGGCGTAACCGT-1,Tumor
GAGACTGATGGGTAGA-1,Tumor
CATTACGCAGGAAGGG-1,Tumor
GACACGAGTTAGAGGA-1,Tumor
CGTCGCTTGGTTATAC-1,Tumor
TAGGAACAGCCTCCAG-1,Tumor
AGTCCCGCCTTTAATT-1,Stroma
CGACTTTGTATAGCCT-1,Tumor
CCTGACAAACTCGCGC-1,Tumor
CAGCTCACTGAGACAT-1,Tumor
AAAGGCCCTATAATAC-1,Tumor
TCTATCCGATTGCACA-1,Tumor
CAGGCGCACGGTGGTC-1,Stroma
GTTCCAGTCTGACCAT-1,Tumor
TCACAGGGAATCGCAA-1,Tumor
GTTAGGCTACCCGTTT-1,Tumor
CGATTTGTCATTAATG-1,Tumor
AGGCCCTAGAACGCCA-1,Stroma
CCTCCTGTTGTGTCGT-1,Tumor
GATGCTACCTTCGATG-1,Tumor
GCTTTATTAAGTTACC-1,
TATACACGCAAAGTAT-1,Tumor
CCGTACCCAAGCGCCA-1,Tumor
ATTCAACCATTTAAGG-1,Tumor
AGTGGCTCCGTCGGCC-1,Stroma
ATATACATGTATGGTA-1,Stroma
AACCAGTATCACTCTT-1,
CCTACATTCACAGACG-1,Stroma
AAAGGGATGTAGCAAG-1,
TAACAATATTTGTTGC-1,Tumor
AATGTATGGCACTGTA-1,Tumor
ATGTTGATTAGAGACT-1,Tumor
CCGCACTTGCAATGAC-1,Tumor
GGCACTGCGGTGGTTT-1,Tumor
TATGTAAAGTGCTTAA-1,Stroma
AGCCTTAAAGCGGAAG-1,Tumor
TTGTAATCCGTACTCG-1,Tumor
ACTTGTAGTCCCTTCA-1,Stroma
TTCTAGAAAGTCTTAT-1,Stroma
AGTCAGCCACCGCCTG-1,Tumor
AGCATCGTCGATAATT-1,Tumor
TGATCACCACACTGAC-1,Stroma
GCTTTCAGAGGAGGTG-1,
CGAACGCCCAGTGCCG-1,Tumor
TACCGGTCGTTTCCAT-1,Stroma
CACCGTTGCGCGATAT-1,Stroma
GCGCTGATCCAGACTC-1,Stroma
AGCCCGGTAGCCTGTA-1,Stroma
GCCTACGTTCTGTGCA-1,Tumor
AATCCATGCAAGGGTG-1,Tumor
CAGATATGAAGATGAC-1,Tumor
CATTACGTCGGCCCGT-1,Tumor
CTACAAGAAATAACCC-1,Stroma
GCTAACTGAAGTCTGA-1,Tumor
TTGCGGCATCAGAAAG-1,Tumor
TCAGAGGACGCGTTAG-1,Tumor
CATATGTCAGGCTACG-1,
TGAACTGCTATGACTT-1,Stroma
AATTAACGGATTTCCA-1,Stroma
CGCCCTTGAAGGCTGA-1,Tumor
GCAGACCCAGCACGTA-1,Tumor
GCTCGCTCATGTCCAA-1,Tumor
GATCGCTACCCGATTT-1,Tumor
ACAGAACTGAGAACAA-1,
TCCTTTAAATCCGCTT-1,Tumor
GGGTCAGGAGCTAGAT-1,Stroma
GAGCGAGGGAGTACCG-1,Tumor
AGTTTGGCACGGGTTG-1,Tumor
CGTGTATGGGAGCTGA-1,Tumor
TCATTCGTATAATTTG-1,Tumor
TGAATTTCACTTGCCT-1,Stroma
CAGTGTCGGCTGGCCC-1,Tumor
CTTTGGCGCTTTATAC-1,Tumor
GTAACATCTAAGATAA-1,Tumor
GAAACTCTAATGAAGG-1,Tumor
GCATGGGTACTGACGC-1,Stroma
CTGAAACGGCCCTCAG-1,Tumor
CATACTATGTAATTGT-1,Tumor
CATGGTAAGTAGCGTT-1,Tumor
ACAAAGAAGGTAGGCC-1,Stroma
AACTACCCGTTTGTCA-1,Tumor
TATTCCACTCAGCTCG-1,Tumor
CACGCAGCGAGGCTTT-1,
TGGTAGAATATATGGG-1,Tumor
TAGGTGAGCCCTACTC-1,Stroma
CGGATAAGCGGACATG-1,Tumor
GACTGATTGGTCACAA-1,
TCGTGTATTGGTCACG-1,Tumor
ATAGACGAAGAGAAAG-1,Tumor
GCATTGACTTGCGGAA-1,Stroma
ATGGCAGCCGAGAAAC-1,
ACAAGGATGCTTTAGG-1,Tumor
AGTACGGCCCGTATCG-1,
CCAAGGAACAGAGAGG-1,Tumor
AGTATTTGGCACGACC-1,Stroma
GGGATGGACCCGCGTC-1,Tumor
GCTGGGAGCGCGTCAA-1,
CGCTTCGGTCTAAGAC-1,Tumor
CTTATAGATGGCTGTT-1,Tumor
TTGGTGCGGTGTTGAA-1,Tumor
GTCGTACCTACGATTG-1,Stroma
TAGAGGTTCTACTTGT-1,Tumor
TTAATCAGTACGTCAG-1,Tumor
GTTGCGCTAACATTAC-1,Tumor
CTAGTATTCGGAATTA-1,Tumor
GAAATATCACCATCAG-1,Stroma
GTCTACTCAATTACAA-1,Stroma
AATGTGCCCGAGGTGT-1,Stroma
GGGAGTAATGGCTGGC-1,Tumor
AAACTGCTGGCTCCAA-1,Tumor
GCCCAGTTGGTATGCC-1,Tumor
TCTTGGTAACACCAAA-1,
CCTCACCAATCTTGAC-1,Tumor
TGACCCAGCATTCCCG-1,Tumor
TTGGACATGTGGCTTA-1,Stroma
TGTGGCTCCCACCAAC-1,Tumor
GATATCAAGCAGGAGC-1,Stroma
GGTACATCTGGGACGA-1,Stroma
GGATGACGCGAGTTTA-1,Tumor
TCAAACAATTAGGACA-1,Tumor
CGATCCGACCCAGTGC-1,Tumor
GGGAGCGACCGTAGTG-1,Tumor
GCCTTCAGCCCTACCG-1,Tumor
ATATGGGATAGCAACT-1,Stroma
TCGATTTACGAAACGA-1,Tumor
ATTCCTAAGACGTGGA-1,
GCCGGGTTAGGGTCGC-1,Tumor
ATGCTCTGGCGCGGTA-1,Tumor
CTTAGGTATAGACCAG-1,Tumor
AGACCGGGAAACCCTG-1,Stroma
GGACGGCTTGCGCAAC-1,
CCTCTGGCCTAGACGG-1,Tumor
TATGGAGTTTCTCGTT-1,Tumor
ACGATCATCTTGTAAA-1,
TGGGCAATAGTTGGGT-1,Tumor
TTATCCGGGATCTATA-1,Stroma
GCTGCGCCTCCCACGT-1,Tumor
CACCATGATCGCAAAG-1,Tumor
TGCCATTACTAAAGAA-1,Stroma
TTGCAGGTCATGAAGT-1,Tumor
ATAAGTTACCGCGACG-1,Tumor
CTAACTGGTCCGGTTC-1,Stroma
GTGCTATCCAGCTGGA-1,Tumor
GTCCGGCTGAATTGCG-1,
GATGTAACGAACCACC-1,Tumor
ATCATCTGCCCAGTGT-1,Tumor
GGGCTATGATCGATGG-1,Stroma
CTTATGCGCTCAGGGC-1,Stroma
GACTACAAAGCGGTGG-1,Tumor
ATACTACCCGTACCAC-1,Tumor
TACAGAAACGGTGGGC-1,Tumor
TACGAGAACTTCACGT-1,Tumor
GAAATATGCTTGAATG-1,Tumor
TGGCTCTTGTCGCGTA-1,Stroma
TTACTATCGGCTTCTC-1,Stroma
CGAGGGTATCCAGGTG-1,Tumor
GTCCGTTAGAGGGCCT-1,Tumor
GGGAACGGTTTCAGAT-1,Stroma
GGCCCGGAGCATGTCT-1,Tumor
GGATTCAGTACGGTGG-1,Tumor
GTCAGTTTGGTAGTCG-1,Tumor
TCTTAGAGCTCCAATT-1,Tumor
ATGTTTGTAAGATCAT-1,Tumor
GTCGGGAACATGGTAG-1,Stroma
AACCCGCTGTATTCCA-1,Stroma
TGTTCTCTACTCCCTA-1,Tumor
CGCAAACACGAGTTAC-1,Tumor
ATATCAATTCCAGCCT-1,Stroma
ATCTAATATCCTACGG-1,Tumor
GTAGACGTCGTTACAT-1,Tumor
TCTCTAATAGCTGGTA-1,Tumor
TATTGACATTTCTGCC-1,Tumor
CACTTCGCCACAGGCT-1,Tumor
CTCTCACAATCGATGA-1,Tumor
CTCCGGCTTGTAGACA-1,Tumor
CAAACGTGGTCTTGCG-1,Tumor
CCTCACCTTAGCATCG-1,Tumor
TGTTATTGTATGTGGC-1,Tumor
CACATTTCTTGTCAGA-1,Tumor
GCAGGAACTTAGATCT-1,Tumor
AACCTCGCTTTAGCCC-1,Tumor
TAGTTTGATCGGTCGC-1,Tumor
GGCTGGCTAGCTTAAA-1,Tumor
GTATCAAGGTACTTCC-1,Tumor
ATCAGCCTCATGCTGC-1,Tumor
CATCTATCCCGTGTCT-1,Stroma
GGAGCACCAAGAACTA-1,Tumor
GAAATTGTCTCTATAA-1,Tumor
AGCTAAGTACGCAGGC-1,Tumor
GCCTATTCCGATATAG-1,Tumor
CCCTACCCACACCCAG-1,Tumor
CTGTACTTCTTAGCAT-1,Tumor
ACCCTTTAGTTCTCCA-1,Tumor
GCCTATGCTGGGCCTT-1,Tumor
TGATCGGTTTGACCCT-1,Tumor
TAACTCATCCGCGCGG-1,Tumor
TTCTTTGGTCGCGACG-1,Tumor
CCTCACGTCAGCTAAT-1,Tumor
CTGGTCCTAACTTGGC-1,Tumor
TCTCCAACGTAGGTTA-1,Stroma
ACATTAGTTTATATCC-1,Tumor
GCGGGAACCAGGCCCT-1,Tumor
TGGGAAATGCCTTTCC-1,Stroma
CAGATAATGGGCGGGT-1,Tumor
ATAGCAACTAGGGAAG-1,Tumor
GTTCGCCATAAGTGCC-1,Tumor
TTGAGCGCCACGTGAT-1,Tumor
ATGATGCAATGGTACA-1,Tumor
AGGCCTGAGAATCTCG-1,Tumor
AAACTCGGTTCGCAAT-1,Tumor
TTAGTAGGGCGGCGGG-1,Stroma
TGATTCCCGGTTACCT-1,Stroma
AATAGAACAGAGTGGC-1,Tumor
AAGTCAATTGTCGTCA-1,Tumor
CACTCCTCTCGGTCGG-1,
CCTTAAGTACGCAATT-1,Tumor
AAGGAGAACTTATAAG-1,Tumor
GATACGATGGGAGTCA-1,Tumor
CCAACGATGCACTGAT-1,Stroma
AGCGACCAACGATATT-1,Stroma
TGCGCCGTTAATAACG-1,Tumor
TGATCTACGCTGATCT-1,Stroma
CTATCGACGAAATACA-1,Tumor
GATCGGCGATAAGTCG-1,Tumor
CAGCTCTGGGCTCACT-1,Stroma
ATAAACGTTGCACCAC-1,Tumor
CTAATTCGCACGCGCT-1,
AGTGCACGCTTAAGAA-1,Tumor
AACATTGTGACTCGAG-1,Stroma
GCATACGAGGTCTTTA-1,Stroma
CCTAACCCAAACAAGT-1,Stroma
ACCAGACCATAACAAC-1,
AAGACCCAACTGAACA-1,Stroma
ATCGTTAGCTAGCGGA-1,Tumor
TGGATGGCATCTTGGA-1,Stroma
CCATACCTTTACTTGT-1,
CGGCGCCATCAATCCC-1,Tumor
CTCTGTCCATGCACCA-1,Tumor
TCCGAGAAGGCTAAGC-1,Tumor
CTAGTTACAACCCGGT-1,Tumor
ATACTTGTTCTCGAGC-1,Tumor
TGGTTAACTTACATTT-1,Tumor
TACGCTCGGTATTGGA-1,Tumor
TGGGCACGTTCTATGG-1,Tumor
GGTGTTGGGCGTCTTA-1,Tumor
TGCCATGGCTTATAAG-1,Stroma
GACTACAATTGCTCGT-1,Tumor
TAATTAGATGGATATG-1,Tumor
TCGTATTACCCATTGC-1,Stroma
GATCTTGGAGGGCATA-1,Tumor
GGGCGTACATTTATAT-1,
GTATCTTTCATAACCA-1,Tumor
CGCAGGCGATCCAAAC-1,Tumor
ACGTTATTGGTCACTC-1,Tumor
CTGTGCAGGGTAGGTC-1,Tumor
GTGACAGCTTCCCACT-1,Tumor
AGATCTCAGGTGTGAT-1,Tumor
AGGTGGTGACCTTCGC-1,
TTATTAGAGCGTGTTC-1,Tumor
ATAATACCGTTAGCCG-1,Tumor
CGCTTGGACGGATAGA-1,Tumor
CTCTGCGAAGCAAGCA-1,Tumor
CCTACGCGACCTTACA-1,Tumor
GCCTATAGTGTCAGGG-1,
AGGCCTATCATACCAA-1,Stroma
TTGTACACCTCGAACA-1,Stroma
AGCTAGAAGCAGAAGT-1,Stroma
TATGTCTCATTGTGCC-1,Tumor
GGAACCGTGTAAATTG-1,Tumor
TGTACGCTATCAGCTT-1,Tumor
GGCTATTAAGTTGTAT-1,Tumor
AGACAGGCATCTCAGC-1,Tumor
TCTAACTGTATGTAAA-1,Tumor
GTTTGGCCGCTCAGCG-1,Tumor
TTATAGTCCAAGGTGC-1,Tumor
TACAAATTGCGGAGGT-1,Tumor
AACACGAGACGCGGCC-1,Tumor
ACAAACCGACAAGGCG-1,Tumor
CATCAAACTGGCGCCC-1,Tumor
TACGCCGAGGGTACCC-1,Stroma
ACGATGCATATGTTAT-1,Tumor
TGGCGATCAAGTTATG-1,Tumor
AACCCAGAGACGGAGA-1,Tumor
AGCCACAGGTTACCCG-1,Tumor
ACTCCCATTCCTAAAG-1,Tumor
ACTCAAGTGCAAGGCT-1,Tumor
TAGAGGGAGTTTATCT-1,Tumor
ACTGTATACGCGAGCA-1,Tumor
AAGTTCAGTCTGCGTA-1,Stroma
TCGGAATGACCATCAA-1,Tumor
TCAACATAGCGCCCTA-1,Stroma
GACCGTTACATGCGAC-1,Stroma
GATATTGAGATTGGCG-1,
TGTACCTACACGAGGG-1,Tumor
GCTAATACCGAATGCC-1,Tumor
GCTCGGAATTTAAAGC-1,Stroma
AATAACAACGCTCGGC-1,Tumor
CGCCCAGCGTTTCACG-1,Tumor
GTTGGATTTGCGTTGG-1,Tumor
GATAGGTAACGTTGAC-1,Tumor
TTAATGCGAGGTAACT-1,Tumor
TGGGCACAAACAGAAC-1,Tumor
TAAGCCCTTACGACCA-1,Tumor
CCTGGTCGAATGTGGG-1,
CGCTCGACATAATGAT-1,Tumor
TAATCAACCAAATGGG-1,Tumor
TCAAAGAGCTATCTGT-1,Stroma
ATGGAACAGAATAAAC-1,Tumor
CTCGAATGGAACGTAT-1,
CCATCCATACCAAGTC-1,Tumor
CGGTTGGGCAGGGTCC-1,Tumor
CGGTGCAGATAGAACG-1,Stroma
TCAACGCGACCGGCAG-1,Stroma
GTGGTATAGTCTGCCG-1,Stroma
TATATATCGAGAAATG-1,
GTCGTACCATCTCGGG-1,Tumor
ACGGCACTTGCTTGGG-1,Tumor
TTAAGGATACGGAGGT-1,Tumor
CCAACGCTTGCCAGGG-1,Stroma
TTGATTATGCAGATGA-1,Tumor
CTCTAATGCATTGATC-1,Tumor
TTAGCTAATACGATCT-1,
TCTATAGGTGGGTAAT-1,Tumor
TTCGCTAGGAAGTTGT-1,Tumor
ACACGGCACTATGCAT-1,Tumor
TACTGGACAGCTCGGC-1,Stroma
AACCCTGGTGGAACCA-1,Tumor
CATGCGTTGAGAGGAG-1,Stroma
GTCCGAGAGCAATCAT-1,Tumor
GGATACTCATGAATTG-1,Tumor
GAATCGCCGGACACGG-1,Tumor
GGGTATGTATGCACTT-1,Stroma
GGGCAGGATTTCTGTG-1,Tumor
GTTATATTATCTCCCT-1,Tumor
GCTTTCTATCTCAACT-1,Tumor
CCGACAAACACATGAG-1,Tumor
TGCGGAGTAAAGGTGC-1,Stroma
TAGTTAAGATAGGATA-1,Tumor
TCGGCGTACTGCACAA-1,Tumor
TCCTAACCGTCGGGCA-1,Stroma
ACTTCCAGTGGAAGCT-1,Stroma
TCGAGACCAACACCGT-1,Tumor
GAGGCCTGTTGATACA-1,Tumor
TGCAACTACTGGTTGA-1,Tumor
AGTTAAGTCAACCGCT-1,
CCCGTAAGTCTAGGCC-1,Stroma
CACCGATACACCGAGC-1,Tumor
GATAGAACCCGCTAGG-1,
TAAACCCAGGAGGGCA-1,Stroma
CGCTATTCAATGTATG-1,Tumor
TGCGAGAATATTACCC-1,
CTTGATGACCATCCAG-1,Tumor
CTGCCTTTAATACCTT-1,
ATGGGAACGGAAGCGG-1,Tumor
CCGACTCGCATAGTCT-1,Tumor
GCCTGCTACACTGAGA-1,Tumor
CTAGACTGCATTTCGT-1,Stroma
GCCCACTGGTCCACAA-1,Tumor
GTCAAGCGGACTCGGG-1,Tumor
GCCAGGAGTAACCGAT-1,Stroma
AGTGACCTACTTTACG-1,Tumor
AACATATCAACTGGTG-1,Tumor
TCCTTTCTTACGCTTA-1,Tumor
CCTTCTTGATCCAGTG-1,Tumor
GTGCAACAAATGTGGC-1,Tumor
AGCGCTAGAGCGATGT-1,Tumor
ATTCGTGTACCCATTC-1,Tumor
ACGCTAGTATCAGTGC-1,
CATAGCCGCCCGGGAT-1,Tumor
CTTTGACGTCGCTTCT-1,Stroma
CGCCGCGTTCTGAACG-1,Stroma
ATACGAAGGCTTTCCA-1,Tumor
TTGACGATTCAGCACG-1,Tumor
TGTGGCAAAGCGTATG-1,
GGTCGTAAGCTCGCAC-1,Tumor
CTTTAATATTGGTCGA-1,Tumor
TCATTTAAGTCTCCGA-1,
GAAGTCTCCCTAGCGA-1,
CGTTATCATACTTCCA-1,Stroma
GGCTGTCCTACTGCGG-1,Stroma
GACTGCGGCACGTGTA-1,Tumor
AACTCGATGGCGCAGT-1,Tumor
CGAGTTTATCGGACTG-1,
GTTTGGGCTTGTGAGC-1,Tumor
GATGCCAGCAGAAGGC-1,Tumor
CTCCTGTTCAAGGCAG-1,Tumor
AAGGTATCCTAATATA-1,Tumor
AGTTGCGGTCCTCAAC-1,Tumor
TCGTCAAGTACGCGCA-1,Stroma
TGACTCCGAATCATAC-1,Tumor
TGTACTGTGCCAAAGT-1,Tumor
TGTAAGACTGATAAGA-1,Tumor
CGAATTACATGGTGTT-1,Tumor
TTGTCGTTCAGTTACC-1,Tumor
ATTGCCTATTAGACCG-1,Tumor
AACTGGTGTGGGCCTT-1,Tumor
GTCACAAAGTTTCCAA-1,Tumor
AGAATGCGGGTTCGGA-1,Tumor
TTCAGTTCAAGAGGAG-1,Stroma
AGTGCGTAGCTCGTAA-1,Tumor
CCGAGGGATGTTAGGC-1,Tumor
TATAAATCCACAAGCT-1,Tumor
GCCATTAGCCTCAAAC-1,Tumor
ATCATAGCCCTATGTA-1,Tumor
TAGTCCCGGAGACCAC-1,Stroma
GGTGGAGGTTGATACG-1,Tumor
AATAGCTACCGCGTGC-1,Tumor
ACCGGTCAGGTACACC-1,Tumor
ACGACTCTAGGGCCGA-1,Tumor
ATCCTGCGTGGAATGG-1,Tumor
CGACTCGGTACACGGT-1,Tumor
GGAGACGACACCTTTG-1,Tumor
AGAGCCGCCGAGATTT-1,Tumor
AATACCTGATGTGAAC-1,Tumor
AATTACGAGACCCATC-1,Tumor
CAGCCTCTCCTCAAGA-1,Stroma
TTGGAAGAATACAGTC-1,Tumor
TTAATTTCAGACGCGG-1,Tumor
GGGTGTTTCAGCTATG-1,Tumor
AATCGCCTCAGCGCCA-1,Tumor
AGATGCAAGACGTGCA-1,
TTGTAAGGACCTAAGT-1,Stroma
ATGCCGGTCTTGCATA-1,Tumor
CCATCATAAGAACAGG-1,Tumor
CGCTTCCACTGAAATC-1,Tumor
TACTCGGCACGCCGGG-1,Stroma
TCAACACATTGGGTAA-1,Tumor
AAGGATCGATCGCTTG-1,Tumor
CTGGGATAAATAATGG-1,Tumor
CTTTCTGTGCGGGCTT-1,Tumor
TTAACACCTCGAACAT-1,Tumor
ATATTGGAGAGGCCTT-1,Tumor
GGTCTTGAGCGCTCTT-1,Tumor
ACAATCGATCTTTATA-1,Tumor
CACTACGGGAGCTGCC-1,Tumor
CATCTAGTGAAGGGAA-1,Tumor
TGCAGTTTCCTCCCAT-1,
TGTGCTTTACGTAAGA-1,Stroma
ATTACCACACTGCCTG-1,Tumor
CTCGAGACATACGATA-1,Stroma
CCAAGAAAGTGGGCGA-1,Tumor
GTAAGTAACAGTCTGG-1,Tumor
GAGAGGTGCATTCTGG-1,Stroma
GTCGGAAGGATACCAG-1,Tumor
AAGCCGAAGCGGTTTA-1,Tumor
GTCCACGTCGCATTCG-1,Tumor
ACTCTGACCTAATAGA-1,Tumor
GTGGGAAGACTGAATC-1,Tumor
GCTGAAGGGTTCTTGG-1,Tumor
CCTCGACCCACTGCCT-1,Tumor
ATTGAAGATCTTAGTG-1,Tumor
TGCCGTGGGACCCAAT-1,Tumor
AGGCACGTGACTGTCC-1,Tumor
TTCGTGGGCTGGAAGC-1,Tumor
GGTATTGCCGAGTTTA-1,Tumor
TTCAAGCCGAGCTGAG-1,Tumor
GCTATCATACTCATGG-1,Stroma
GTGGGCTTAGACACAC-1,Stroma
GAATGTATGGCAGGTC-1,Stroma
CGCGCAAATGTCCAGA-1,Stroma
CGGTTGGGTTCAAGTT-1,
CCAGAGACAAAGCCGG-1,Tumor
TTCTCTTACAGGTGAT-1,Tumor
AGAGCGTACAAGCTCG-1,
ACGTTAATGTCGAAGA-1,Tumor
TCGGAGTACATGAGTA-1,Tumor
GTGCACGAAAGTGACT-1,Tumor
TAGAGCTACGAAGAAC-1,Tumor
CAGACCTGTAAGTGTT-1,
CTAGCGCCAATCCTAC-1,Tumor
ACTTCAGGCTGATCCC-1,
TGCTGGTTGGACAATT-1,Tumor
AATGACAGCAATGTCT-1,Stroma
GTACTGAGGTCGTAAC-1,Tumor
TGGCAACTCGCGCGCC-1,Stroma
CATCTACCCGAGAACG-1,Tumor
ACGCTTAGTGTCTCTC-1,Tumor
AGTCTGGACATCCTTG-1,Tumor
TTGAGCAGCCCACGGT-1,Tumor
CCGTCAACCTCTGGCG-1,Tumor
ACGGAGCGCAAATTAC-1,Tumor
CGTCTGGAAGGGCCCG-1,Tumor
CAGGATATATCGTTGT-1,Tumor
CAAACTCGCGACGCCG-1,Tumor
CTTCCTGCATATTTAC-1,Tumor
GCTATGCCAGCTTATG-1,Stroma
CCTATCTATATCGGAA-1,Tumor
GGCAGCGGTAATCCTA-1,Stroma
CAAATGCGGAGTGTTC-1,Tumor
TTGTGGCCCTGACAGT-1,Tumor
AAAGACATGAAGTTTA-1,Tumor
ACAACGGTCCCTGCGA-1,Tumor
CGCCGACTATTCGCTA-1,Tumor
TATTGCCGGGCTTGTA-1,Tumor
TAATTGGAATCGGGAA-1,Stroma
ACGGAACACGAGTGCC-1,Tumor
CAACTGCTCATCCGAT-1,Stroma
CCTCCCGACAATCCCT-1,Tumor
ACAATTGTGTCTCTTT-1,Tumor
TGTGGCGGGCTTCTGG-1,Tumor
GTAGTTCGAAGGCGAA-1,Stroma
CGGGTTTGTTAGGGCT-1,Tumor
TAACTCCATGGAGGCT-1,Tumor
TTAAAGTAAGTCGCCA-1,Tumor
GTTTGACCAAATCCTA-1,Tumor
TTGGACCATCTGGCAA-1,Tumor
AAACGCCCGAGATCGG-1,Tumor
GTAGCTTCCTCTTGTT-1,
CCATGGCCCTTGTACC-1,Stroma
ACACCTTACTACTTGC-1,Tumor
CCGCCGTTGAGGATAA-1,Tumor
TAAGGGCTGGGAGAGG-1,Stroma
GTTTATGGGATTTAGA-1,Tumor
ACGAGGATACCACTCT-1,Tumor
TTAAGATACCCAGAGA-1,Tumor
GGGTACCCACGGTCCT-1,Tumor
CCGACGGGCATGAGGT-1,Stroma
TGGCTTATGTATAATG-1,Stroma
ACTCGTAACCCGTCCT-1,Tumor
TGGAATATCCTTGACC-1,Tumor
AACTTTACGGGAGCTT-1,Tumor
TACAACGCACAACTCA-1,Tumor
TAATAAACAAGGAGAT-1,Stroma
ATTGCTGCTCCTCCAT-1,Tumor
GGAGGCCGAAGTCGTC-1,Tumor
TGAGGCATGTACTGTG-1,Stroma
ACGTTCACTATGCCGC-1,Stroma
TCGCCTCCTTCGGCTC-1,Tumor
TCAAGGTTACTACACC-1,Tumor
GTGCGGGTCTCCAAAT-1,Tumor
TTGAGGCATTTAACTC-1,
CACCCACACGTCACCC-1,Tumor
CGCCTTTAGCATGCTC-1,Tumor
ACTCGCCGTTCGATAA-1,Tumor
GTCTATCTGAGTTTCT-1,Tumor
TCGGGATTCAAACATA-1,Stroma
ACAGTAATACAACTTG-1,Tumor
GAGTTCTGTGGGTGCT-1,
TCGTTCGTTATTATGT-1,Tumor
GGTTAGTTACGGCGCC-1,Tumor
CTGGGATACGCTACCC-1,Tumor
TGGAAGAAGGGAACGT-1,Tumor
AATCGGGACACTACGA-1,Tumor
CCAAGCGTAACTCGTA-1,Tumor
CCTGGAAACGTTCTGC-1,Tumor
GAGGCCCGACTCCGCA-1,
ATACGTCCACTCCTGT-1,Tumor
GAATAGTGCTCGATTA-1,Stroma
GCAAACGTAAGCGACC-1,Tumor
CATCTTACACCACCTC-1,
CTATGAACACCTTGCC-1,Tumor
GTACGTCACGTATTAA-1,Tumor
AACCCTACTGTCAATA-1,Tumor
GCGTCGTAACATGGTC-1,Tumor
GAACCTCGACCTACAC-1,Stroma
TACATAGGCATACACC-1,Tumor
GGTGCTGATCACAAAG-1,Tumor
GTCGTTATTCGCTTAT-1,Tumor
GTTTGTTAGCCAAGTA-1,Stroma
CACTGACGATTGTGGA-1,Stroma
AGATACCAATAGAACC-1,Tumor
ACAGCGCACCCGCAGC-1,Tumor
AAGGCAGGCTGTCTCC-1,Tumor
CTGGGCCTGCTATATC-1,Stroma
GCTCCTGACATACTGG-1,Stroma
AAGATGGCACCGGACC-1,Stroma
ACAGCGACATTCTCAT-1,Tumor
AGCCCGGCATTAGAGG-1,Tumor
TCCATCAATACTAATC-1,Tumor
GAAGTTTCCACTCAAT-1,Tumor
CCCTGAAATGAGTTGA-1,
TGATACATTTAGCCGT-1,Stroma
CTTAATCGACTTAGTA-1,
GGTTCGATGCTGAGTT-1,Tumor
ACTTGGGACCCGGTGG-1,
TCCACAATGGTTTACG-1,Stroma
TAGGTTCGAGTTCGTC-1,Tumor
CACCAATCATCCGTCT-1,Stroma
GGCGCGGAGATCTTTC-1,Tumor
TCCACATCGTATATTG-1,Tumor
TGCACGAGTCGGCAGC-1,Tumor
GACTAACACAGCACCT-1,
AGTACAGAAGCTTATA-1,Tumor
AAATCACTCCTAAACG-1,Tumor
AAGAGGCATGGATCGC-1,Tumor
GAACAACTGGGATGAA-1,Tumor
ACTTGTTACCGGATCA-1,Stroma
CCCAATGAGATTTGCA-1,Stroma
CCTACAGTTGAGGGAG-1,
GGCACGCTGCTACAGT-1,Tumor
CAGCCGGGCCCTCTAT-1,Tumor
GCTGCTACTGCGTAGC-1,Tumor
CCGCTATCAGCACCAG-1,Tumor
CGCCCTTACATCCACC-1,
AACGTGATGAAGGACA-1,Tumor
AGTCTTTAAAGTGTCC-1,Tumor
ACCGATGGTAGCATCG-1,
CGAACCCGCATGCGTC-1,Tumor
AGTCACTAGCTCTCGA-1,Tumor
CCGTGGAACGATCCAA-1,Tumor
ATCACTTCATCCTCGC-1,
CTCCCTCCTTTCGATC-1,Tumor
CATCATCTACCCGGAC-1,Tumor
TCCCTGGCGTATTAAC-1,Tumor
GCCTAGCGATCTGACC-1,Tumor
CTGGGTAGGCAGTTAA-1,Tumor
CTATATCCAGCCTGGC-1,
ATGTGGACATCTTGAT-1,Tumor
CCTGTTCAACCTCGGG-1,Stroma
TATTCAATTCTAATCC-1,Tumor
ATCAATCTGGGCTGCA-1,Tumor
CAGCAGTCTGTGCTGC-1,Tumor
AGCCGCAAATTCAAAT-1,
TCCCGTCAGTCCCGCA-1,
GTTAATGTCTATCTTA-1,Tumor
AAGTGCAAAGGTAGAC-1,Tumor
TTGGATCGACTTCTGG-1,Tumor
GATGTTTGTGCGAGAT-1,Tumor
CATACACAAAGTCAGC-1,Stroma
GCCACTCCTTACGGTA-1,Tumor
ACAGGCACGGATCCTT-1,Tumor
AATCTGGCTTTCTAGT-1,Tumor
GTATGTGGGTCTAGTT-1,
GTATGAAATTTCACTC-1,Tumor
CTAGCCGATGTTATGA-1,Tumor
CGGTACGGCAAACCCA-1,Stroma
TCATTTAGAAGTGTGA-1,Tumor
TAAAGCGTTAGGAGAA-1,
GTATCTCCCTAACTGT-1,Tumor
CCGCATGTGGTACGAT-1,
CCTCTGTACTATTCTA-1,Tumor
GGAATAACCTCAAGAA-1,Tumor
TTGTGCGGAAGCGGAT-1,Tumor
GTGAAACGGCGCCACC-1,Stroma
AATCTAGGTTTACTTG-1,Tumor
GAAACATAGGAAACAG-1,Tumor
CGTCAAGGCTATAAAT-1,Tumor
TATGATAAATCTAACG-1,Tumor
CTCACCAGTACAAGTG-1,Tumor
AGCCCTAAGCGAAGTT-1,Tumor
TGGACACCGTTGCTTG-1,Tumor
AGTCGGCTCAACTTTA-1,Tumor
TTGAGAGTACTGCTAA-1,
CTACGAACTAGGTCGA-1,Tumor
ACGATCATACATAGAG-1,Tumor
GTCCTTCTAGTGGGTT-1,Tumor
ACGGCGACGATGGGAA-1,Tumor
TTGCAAGAAGACTCCT-1,Tumor
TCAATCCGGGAAGTTT-1,Tumor
TCAGGGCGCAAACTCG-1,Tumor
CACAATGAGCTGCTAT-1,Tumor
AACCTGTCACGGAATT-1,Tumor
GGACTCTTCCGGTTGA-1,Tumor
TGGACGCAATCCAGCC-1,Tumor
AATCGTGAGCCGAGCA-1,Tumor
ATCCACGCTAAATGTT-1,Tumor
ATCGGTTACCTAGTAA-1,
TGCCAGTACGTGGAGA-1,Tumor
TACGACTGCCTCTTAG-1,Tumor
CAGTAACTATTTATTG-1,Stroma
GGCACTCCACTGGGCA-1,Tumor
GAGAACGGTTCTGACT-1,Tumor
AATAGCAAGCCTCCTG-1,Tumor
ACACCTTAAGTAGGGC-1,Tumor
GCGCTAATTGAATAGA-1,Tumor
ACTGCGGACACACCGT-1,Tumor
AACCATAGGGTTGAAC-1,Tumor
GCACACAGCTATTACC-1,Tumor
TAAGGCATAACATCAA-1,Stroma
TCGTATCACCAAGCTA-1,Tumor
TCGAAATTTAGGACCA-1,Stroma
ACCCGAGCGAAATTAC-1,
CTCCTAAGTTATGTCT-1,Tumor
AGCGGTTGAGATGTAC-1,Tumor
AAACTAACGTGGCGAC-1,Tumor
GATCGTGACTGATATC-1,Tumor
TCAGCGCACGCCGTTT-1,Tumor
TACCTACTCCCAGTAT-1,Stroma
GATATGCGGTAGCCAA-1,Stroma
TTATTATCTGGAAGGC-1,Tumor
GTATCTCGGGCGCTTT-1,Tumor
CCATACTCGCCTCTCC-1,Tumor
GTTGGATTCAGTGGCT-1,Stroma
TCTCTTACCGCGAACC-1,Stroma
CGCCGGTGTCGCAGTA-1,Tumor
CTTTGCTGTCATGGAT-1,Tumor
ATGCCGGTTGATGGGA-1,Stroma
TGATTATGGCACGCAG-1,Tumor
AATATTGGAGTATTGA-1,Stroma
CCACATACTGCACCCA-1,Tumor
CGCGGTACGGTATACA-1,Tumor
TTAGTTATTCGTGGCA-1,Stroma
TTGGACCTATAACAGT-1,Tumor
ACTCAACGAATGTATT-1,Tumor
ATTACGCGCTGGCAGG-1,Stroma
CTACTATCTTTCAGAG-1,Tumor
GCTATACGTCTCGGAC-1,
AGGCCCATTGTACAGG-1,Tumor
TAGATGGTTCCTTACT-1,Tumor
TATTCCGGCAGTCCTA-1,Tumor
GCACAGCACGGGCCGA-1,Stroma
GTGGCGTGCACCAGAG-1,Tumor
CTGATCCCTTTATGCA-1,Tumor
GGGAGAACTCACAGTA-1,Tumor
CGGAGTCCTAACCTGG-1,Tumor
AACTTGCCCGTATGCA-1,Stroma
CGTCAGCTATTTACTC-1,Tumor
GCACGTGGTTTACTTA-1,Tumor
CTGCGACCTCGCCGAA-1,Tumor
TATATAGGGCTTTACG-1,Stroma
AAGTGACGACCGAATT-1,Stroma
GGTGCATAAATGATTA-1,Stroma
TCGTTGACAGGGTCCC-1,Tumor
TCCAGGCGAGTACGGT-1,Tumor
CCACTGTTTGGATTAA-1,Tumor
CTTAGTTGAGGAATCG-1,Stroma
CGACGCATCCGTACCT-1,Stroma
AGCGACATCCCATTCA-1,Tumor
GGAAAGGGAATTGAGC-1,Tumor
GTTTGGCCCAAGTTAT-1,Tumor
CTAGGCGCCCTATCAG-1,Tumor
GAGCATCATCCCTGGG-1,Tumor
TACGCCTCCATTCCGA-1,Tumor
GGTCCCATAACATAGA-1,Tumor
GGCATACAGGTAGCGG-1,Tumor
GTGCGAAATCGAACAC-1,Tumor
GACTGCAAATCGAGCT-1,Tumor
GTGATCACTAACGCCT-1,Tumor
CTTAGCCTTCCACATG-1,Stroma
ATAAGTACCCGATTGT-1,Tumor
TGTAGCCAATTCCGTT-1,Tumor
GGAGGGTCAAGTAAGA-1,Tumor
TGCAAGAATGACGTAA-1,Tumor
GAACTGTGGAGAGACA-1,Tumor
ACCAGTGCCCGGTCAA-1,Tumor
TAGGCGGCTGCAAAGA-1,Tumor
CAGATGTTTGTCCCAA-1,Stroma
AATAGTCCGTCCCGAC-1,Stroma
CCAGCTTCCGCCCGCA-1,Tumor
CTCAGATTGTGATAAG-1,Stroma
TAGTAGCTTATACCAG-1,Stroma
GGGAGTTAATGAGGCG-1,Tumor
TTGTTTGTGTAAATTC-1,Tumor
CAAAGATTATTGGGCC-1,Stroma
TTACGGTGTCACCGAG-1,Tumor
CCACATGGCTCTTTAT-1,Stroma
GGCGTCCTATCCGCTG-1,Stroma
ACAAACTCCATCAGAG-1,Stroma
TTATTAGGGAAGCATC-1,Tumor
CGTTAGCTCACAACTG-1,Stroma
AACGCGGTCTCCAGCC-1,Stroma
TTCCAATCTGGCTATC-1,Tumor
GACTGCTGGTGAGAAA-1,Stroma
GGACAAGCCATGATCG-1,Tumor
CCTATGGGTTACCGTC-1,Tumor
TGCATGTGACCCATAG-1,Stroma
CTATACTTAAAGCGAG-1,Tumor
AGAATACAGGCTATCC-1,Tumor
TCGGCTTGTATCGACG-1,Tumor
TAATGAAAGACCCTTG-1,Tumor
TTGGGCGGCGGTTGCC-1,Tumor
GTGACGCAGGTTTCAT-1,Tumor
CGGTCTATCAACCCGT-1,Tumor
ACATCGTATGCAATGG-1,Tumor
CCCGCGCAATGCACCC-1,Tumor
GCGTTATATTTGGAAC-1,Tumor
ATAGATTTGCAGTCGG-1,Tumor
CTCTACATCCTGCGTG-1,Tumor
AACAGCTGTGTGGCAA-1,Stroma
ATGGACTGCTTAGTTG-1,Stroma
TGCTAAGTGTCTATTT-1,Tumor
AATCGCGCAGAGGACT-1,Tumor
TGGTGATCGTATTTGT-1,Tumor
TCCAGGCAGGACGATC-1,Stroma
TTCCTCTGCCCGAATA-1,
ATTGTCTGTTTCATGT-1,Stroma
CCATGTTCATCTATAT-1,Tumor
CACAAGCTAAGAAAGG-1,Tumor
AACTCCTAATCCCATG-1,Stroma
TGTCGTTATCACATAT-1,Tumor
TTGCGTCGGCCAACCG-1,
AGAGTGAACAGACACC-1,Tumor
AGCTGAAGTAAACCAA-1,Stroma
AAGCCACTTGCAGGTA-1,Tumor
GTTTCAAACGAGTTGT-1,Tumor
GATCGACACTATCTGA-1,Stroma
CCGCGATTTGGTAGGT-1,Stroma
TGGAATTAGACGCTTT-1,Tumor
TCTTGATGCGTAGCGA-1,Tumor
ACAAGGCCTACCAGCC-1,Tumor
TGAGACGTACCTCTCA-1,Stroma
ATAATAGCTGTTGAAT-1,Tumor
ACGTTCGTTCAGGAAA-1,Stroma
TAGGATCTTAACCGCA-1,Tumor
ATTTGGAGATTGCGGT-1,Stroma
CAACTGAGGGTATGAC-1,Tumor
TCCGGGCTTGACGGGA-1,Tumor
AGAGGGACAATTGTCC-1,Tumor
TCTGATCGGGTGCTAG-1,Tumor
TATCCAATTGGTTATC-1,
TATCTACAGAGGTAAT-1,
TCCCTCTTCTCAAGGG-1,Tumor
TGCTGCGTCAGAGTTA-1,Tumor
GGGCGTCCACTGGCTC-1,Tumor
CAAAGGTCATCTGAAA-1,Tumor
TCTCGAACGAGGTCAC-1,Stroma
GAAATTAGCACGGATA-1,Stroma
GGGCAGTCAACGCCAA-1,Tumor
TCCCTTAGATTACTCG-1,Stroma
TTGGGAAGACGAGCCG-1,Tumor
GACAGCCAGACCTGAC-1,Tumor
CGAACCTCTTTCCTAG-1,Tumor
AAGTGCGTTAGAATCT-1,Stroma
AGCACTACCTCACCAG-1,Stroma
GGTTAGGCTTGGAGAA-1,
CACGTTTCGTACACAC-1,Tumor
CTGCTCTGACGGCAAA-1,Tumor
GATTAACCGAAAGCCC-1,Tumor
ATGCCAATCGCTCTGC-1,
TAATCAGGAATGCTGC-1,Tumor
ACCTAAGTACCTTTCA-1,Stroma
GCCGATTGGCCAAGCT-1,Tumor
TCACAAACCGAGGTAC-1,Tumor
TTAAACTCGAATTCAT-1,Tumor
ACACATTTCCGTAGAC-1,Tumor
CCTACTGCTTACACTT-1,Stroma
CCCAGTTAAGGCGCCG-1,Tumor
TCGACAACTGAACCCG-1,Tumor
TCGCACCAGGAGGCAG-1,Tumor
CCAAATAACAAGATTC-1,Tumor
TCGCTGTGCGTAAATC-1,Tumor
CTATGTCACTAGCCCA-1,Tumor
GAAACCGAATTACCTT-1,Tumor
GTCCTAGGATACCTTA-1,Tumor
GTAGCTCCGGGAGGCT-1,Stroma
ACGTTCTGTACAAGTC-1,Tumor
CGCTTAGTATTGATAC-1,Stroma
GATATGGATTACGCGG-1,Tumor
TGAGCTCAACTGTATA-1,Tumor
AAGGGAACGACTGGCT-1,Tumor
ACTGTCTTCTTTAGAA-1,Tumor
GTTTGGTAGGGTCAAC-1,Tumor
GACACAGCCGGGACTG-1,Tumor
GTATGACGTGGGAAAC-1,Tumor
AACCGAGCTTGGTCAT-1,Tumor
AGCTAAGCTCCGTCCG-1,Stroma
TTGACCATGTTCTCCG-1,Tumor
GGTACGTTGCGGCCGG-1,Tumor
CAGGCCAGTACCACCT-1,Tumor
AGCCAAGCTTTGTGTC-1,
TTGTAACTTCATAGCG-1,Tumor
ACATCTCAACGCGTAA-1,Tumor
GCATGAGGGACGCGGC-1,
GTCTGGGCGGTCGAGA-1,Tumor
CATACTTCTTTCTCCG-1,Stroma
CGTTGTCGGCAATTGA-1,Tumor
TGATCAGGGAACTGCT-1,Stroma
GGGCCGGCCGAAGTAC-1,Tumor
GACGGTCCTAGGGTGT-1,Tumor
TGCCGTTCTTAATCGG-1,Stroma
TTACCCATTGCCGGGT-1,
CTAGTTGGGCCCGGTA-1,Tumor
CCGGCACGACCGTTTC-1,Tumor
AGCTGTAACCTCAATC-1,Stroma
AACCCGACAACCCGTG-1,Stroma
GGCCCAGTTATCAGCA-1,Tumor
CCCAAGACAGAGTATG-1,Tumor
CGAATGACGCATAATG-1,
CCGATTGGTCAATGAA-1,Stroma
TCGTTAGGAGTCCCTA-1,Tumor
CGCGTGGGCCTGTGTT-1,Tumor
CTAAGTACAGGGCTAC-1,Tumor
CCAGTTCGGTAACTCA-1,Tumor
GACTCGGTCGGCGGAT-1,Tumor
TATAAGTGAGGATAGC-1,Tumor
GATAGTGCGAGTAAGT-1,Stroma
AGTGGTGTTACCCGTG-1,Stroma
CCCTGATGTAACTCGT-1,Tumor
CAGTACATTCTCTAAA-1,
GAAGCTTGCTGACCGC-1,Stroma
GCCCTAAGTGCAGGAT-1,Tumor
GTGTGAATAACTTAGG-1,Tumor
CATTGCGAAATGGGCG-1,
ATAAGGTGGAGAACAT-1,Tumor
GGGCCTATTTAAGTAT-1,Tumor
AGATTCACAACCGATA-1,Tumor
CCAATTACGGGTCGAG-1,Stroma
GGGCCCTTATCTATAC-1,Tumor
TAGGCGATGAGGTCTC-1,
AACGCGACCTTGGGCG-1,Stroma
CTCACTTGGCTGGTAA-1,Stroma
CGAGACCCTAGAGTGT-1,Tumor
CCAGAAAGCAACTCAT-1,Stroma
CAGAATAACACACGGA-1,Tumor
ACGAAATGGGCGGCAC-1,Stroma
TCACCGCTCGGCACTC-1,
ACCCTCCCGTCAGGGC-1,Tumor
GGTGTAGGTAAGTAAA-1,Stroma
TTCCAGTGGGTTTCGT-1,Stroma
TCCGGGCCACTAACGG-1,Tumor
GCTGGCATATTCACCT-1,Stroma
GAATTCACCCGGGTGT-1,Tumor
CAAATTGTCAGCAAGC-1,Tumor
AACACACGCTCGCCGC-1,Tumor
ATTCAGGATCGCCTCT-1,Tumor
AGTGGCCCGCAAATGG-1,Tumor
GCCGTGGAAGAAATGT-1,Tumor
ATTCATCGTTGAGGCA-1,Tumor
AAACCTAAGCAGCCGG-1,Tumor
GCCGCACTCCGTTTCA-1,Tumor
GGGTCTATCGCTTTCC-1,Tumor
AGCGGGTCTGACACTC-1,Tumor
AACTTGCGTTCTCGCG-1,Tumor
CGCTTTCATACCGGTG-1,Tumor
TCGAATCGCAGGGTAG-1,Stroma
GGGTCATGCGTACCAT-1,Tumor
CAATGGATCTCTACCA-1,
CACCTCGATGGTGGAC-1,Tumor
ACGTGACAAAGTAAGT-1,Stroma
ACCATCGTATATGGTA-1,Tumor
ACAAGGAAATCCGCCC-1,Tumor
AAACGGTTGCGAACTG-1,Tumor
AGAATTATGGATTCGA-1,
TCGTAAGCTCCGAGGA-1,
ACTACATCCCGACAAG-1,Tumor
TTCAGTTTGTGGCAGC-1,Tumor
TTCCAATCAGAGCTAG-1,Stroma
GTGACTTCAGTAGTGC-1,Tumor
TTCGGGCGCTAGTCTT-1,Stroma
TCTGTCATACAAGAGC-1,Tumor
GCTAGCAGGGAGTGGG-1,Stroma
CATCATTACCCTGAGG-1,Tumor
ATACGCCGGCGAAACC-1,Tumor
GTGAGTCTAAGACGGA-1,Tumor
CTGCGGTAGTCACGTG-1,Stroma
TTACAACTACGCATCC-1,Tumor
AAGAAGGATCAGTTAG-1,Tumor
TCCGCTTATCCCATTA-1,Tumor
TCCCAGCACACGACAT-1,Tumor
TCATCCCAGAGGGTGG-1,Tumor
ACACCCGAGAAATCCG-1,Tumor
GTTACTTTGGGCCTAG-1,Tumor
AGGGCGTGATCGGCTA-1,Tumor
AAGACATACGTGGTTT-1,Tumor
GAGAGCGCAGTCCCTG-1,Tumor
TAGAGTGTTCCGGGTA-1,Tumor
TAACCTAGGGAGTCCA-1,Tumor
CGCTCTCCGTAGATTA-1,Tumor
TACGGCATGGACGCTA-1,Tumor
AGCTTCAATACTTTGA-1,Tumor
CGCGTTCATGAAATAC-1,Stroma
GAAGCCGGGTAAGCTC-1,Tumor
GGAGCGAGGCCTACTT-1,Tumor
GATCCCTTTATACTGC-1,Tumor
AGTTAAACACTTGCGA-1,Tumor
TTCCCGACGCTTCACT-1,Tumor
ACATCAGCTGGGACGC-1,Tumor
AGAAGTGATTCGTGAT-1,Stroma
GTGTCAGTGTACGTGG-1,Stroma
CGTTGTTTCAATTCCC-1,Tumor
CCAAGGTTGCCCTTTC-1,Tumor
TCCTACATCCACGGCC-1,Tumor
ATCTACCATCTGCTCC-1,Tumor
TCTCAAATCAATCGGG-1,Tumor
GACTTTCGAGCGGTTC-1,
AGGTAGGTACAAAGCT-1,Tumor
ACTGTTTAGTGTAGGC-1,Tumor
AGTTGACGGTCCTTGC-1,Tumor
TTCGGTGGAGACGCCC-1,Tumor
GGTACTAAGTGCTTTG-1,Tumor
CGACATGCGATCTTCT-1,Tumor
AAACGAAGAACATACC-1,Tumor
AGGGACAGCACGGCGG-1,Tumor
GACGGGTTGGCCCGTA-1,Stroma
TTGCGTGTGTAGGCAT-1,Tumor
TATATCCCTGGGAGGA-1,
GCTTCAGTGGGATTAC-1,Tumor
GTGCTGCAGATAAGGA-1,Stroma
TGGTCTGTTGGGCGTA-1,Stroma
TGCCGGATGTACGAGC-1,Stroma
CCTCGAAGTGGACGGG-1,Tumor
TGTTGCCGTCGTCCCA-1,Tumor
TGGTCGTGCAAGGCAA-1,Stroma
CGTAGCGAATTGTCAG-1,Tumor
CCGTGCCCATGACGGC-1,Tumor
GCGGTCCCTAGACGCA-1,Tumor
ATCTAGCTTGTGAGGG-1,Tumor
GATAACTCGCACTGTG-1,
CCTTGACCACTTTATT-1,Tumor
GTCGCGTAACCCGTTG-1,Tumor
GCAGCACACAGCCCAG-1,Tumor
CTCTAGCCCTCGGAAA-1,Tumor
ACCGTGACCACGTGGG-1,Stroma
GCCGCTAGATACGCAG-1,
AACGAAAGTCGTCCCA-1,Tumor
TTAGAGGGATATACAG-1,Stroma
AGCTGCTGTGCCGAAT-1,Tumor
TACGACGCTTGCTGCG-1,Tumor
GACAGAGGTCTTCAGT-1,
AGCGGGAAGGGTCCAT-1,Tumor
TATGAAGACAGGTGCG-1,Tumor
TCACAGGAGAATAAGA-1,
CCATGCCTGTTTAGTA-1,Tumor
ATTCCCGAAGGTACAG-1,
GGACTCGTGAGTGGTC-1,Stroma
AAGTTTATGGGCCCAA-1,Tumor
GTCTCCCGAGTCCCGT-1,Tumor
TCAAACAACCGCGTCG-1,Stroma
TCCTCGGGCTGGGCTT-1,Tumor
ACTACCAGCTCTCTGG-1,Tumor
CCTAGGCGTAGCGATC-1,
TGTAATGCCTTCGGAC-1,Tumor
GGCCGCAGGAACCGCA-1,Tumor
TAAGGAACTTGTGGGA-1,Tumor
CCTCTAATCTGCCAAG-1,
GATGACGATGATCGCG-1,Tumor
ATCAAACGAAGGTTTG-1,Stroma
TCGGACGCCCAGCCCA-1,Tumor
AAGACTGCAAGCTACT-1,Tumor
TTCTTGTAACCTAATG-1,Tumor
CACGAGCAAACCAGAC-1,Tumor
GCAGTGTGGCTATAGG-1,Tumor
GGATGCTGGCGTTCCT-1,Stroma
ACACATGATCAAATCT-1,Tumor
TATCACCATGTAAAGT-1,Stroma
CAACTCCGTAACTTGC-1,Tumor
CTCACTGTGATACTTA-1,Tumor
TTCCACACAGATTTGA-1,Tumor
ATTATGCCATAGGGAG-1,Tumor
TCGGGAGACAGCGTAC-1,Tumor
CAGCTTAGTAGGTAGC-1,Stroma
AGCTCTAGACGTTCCA-1,Tumor
CTTCATTGTCAGTGGA-1,Tumor
GACTCACCCACGTGAG-1,Tumor
TCGCGTAGCAGTGTCC-1,Tumor
GATCCTCGACACTGGC-1,Stroma
GGAACTTTGGCGATTA-1,Tumor
TGCCCGTACCGTTAAA-1,Tumor
AACCGTTGTGTTTGCT-1,Tumor
CCCAATTTCACAACTT-1,Tumor
CGTTTAAGCGGAGCAC-1,Tumor
GAGATCTTCCATGACA-1,Tumor
CTAGATTTACGACGGC-1,Tumor
GTTCTTGTAACTCAAT-1,
GTCCCAACGTAAAGTA-1,Tumor
GCCTCTATACATAGCA-1,Stroma
AATGTTAAGACCCTGA-1,Tumor
CCCAGATTCCCGTGAC-1,Stroma
ATATCAACCTACAGAG-1,Tumor
AGCAGTCGAAGCATGC-1,Tumor
CGTTTGTGTAGAGGGT-1,Stroma
TCAGAACGGCGGTAAT-1,Tumor
TGGAAGACGAACACCA-1,Tumor
CTTTGGCAGACAGAGT-1,Tumor
AGTGTATTGCGCATTG-1,Stroma
CGTCGCGGCGGGATTT-1,Tumor
CTGGCGCACAGGTCTG-1,
TCGCTTAATTACGAAG-1,Tumor
TCCAGCGCTATAAGCG-1,Tumor
TACTTGTTAGTAGTCC-1,
AGAAGGTTGTAGGTCG-1,Tumor
GAGTATCAAAGTTACA-1,Tumor
GTATTAGGGTTCGCGT-1,Tumor
CGTGCACACCACTGTA-1,Tumor
GTAACTTGCGGCAGTC-1,Tumor
TTGCTGGCCGGGCTTC-1,Tumor
GCTCTCGGGTACCGAA-1,
TAAGGCCCGTCACCCT-1,Tumor
CACTGTCCAAGTGAGA-1,Tumor
CTGGTAACACATAGAA-1,Tumor
GTCACCTGTCTATGTC-1,Stroma
TACTGAGGGAAGAAAG-1,Tumor
ATCCCATTTCCGTGGG-1,Tumor
TCGCTCGGCACCAGCG-1,Tumor
GAGTAAGGCCACGGGA-1,Tumor
TGTTCTTCCATTGACT-1,Tumor
TCTGGGAACCTTTGAA-1,Tumor
GTACTGCATGAAGCGT-1,Tumor
ACTTACGCATCCACGC-1,Tumor
CTTCATAGCTCAAGAA-1,Tumor
TACAAGTCTCGTGCAT-1,Stroma
AGCTGCATTTGAGGTG-1,Tumor
CACATGTTTGGACATG-1,Tumor
GGATTAATCATGGACC-1,Tumor
CCAGCTACGCCTCATA-1,Tumor
AGCAACCGAAAGTAAT-1,Tumor
TGCTTCCCAAGCAGTA-1,Tumor
GATCGGATAGAACCAT-1,Stroma
ATGACGCCGGCTCTAA-1,Tumor
GCGAATGGACTAGCGA-1,Tumor
TGACCAGCTTCAAAGT-1,Stroma
GAAGCGTGAGGAATTT-1,Tumor
CCGCCGGAACTTCTCG-1,Tumor
CATGACTTCGCTGAAT-1,Tumor
GTCCTATTGTTGTGGT-1,Tumor
ATGAGGGCAGCGGCTA-1,Tumor
TTCTATTAAACGCAGC-1,
CTCGTTTCTAATGTTT-1,Tumor
CATGAACCGACATTTG-1,Tumor
TGACTATAATCCTTTC-1,Tumor
GAGTTGTCACCAGTCT-1,Tumor
ATAGCTGCTCTTGTTA-1,Tumor
TTCAACGACCCGACCG-1,Tumor
TTATATACGCTGTCAC-1,Tumor
GAAGCCTGCACATTCC-1,
TCCTAAAGATTCAGAC-1,Tumor
ACCCGTGTCATCAGTA-1,Stroma
AGTGAGTCGAATTAAC-1,Tumor
GAATAGCATTTAGGGT-1,Tumor
CGATCGAGAAGCACCA-1,Tumor
TGAGAGATTTACCACG-1,
AGAATAAATCTTCAGG-1,Stroma
CGGGTTCGGCACGTAT-1,Tumor
ACTTTGGTCGTGCTCC-1,Tumor
AGCGTCTGAACCCGCA-1,Tumor
TATATTCGCGTCGATA-1,Tumor
GCTAGTAGAGCTTGTA-1,Tumor
TCCGTTTAGCCTTGAA-1,
TTACTGGGATATTTCA-1,Tumor
GATCCTCTTGCGCTTA-1,Tumor
GACCGACGTGAAAGCA-1,Tumor
CTTCGTAGATAGGTGA-1,Tumor
CGTTAAACTAGTTAGG-1,Tumor
GGACCTACGGTAACGT-1,Tumor
GGCAGAGAGATCGGGA-1,Tumor
CGCAGAAACATTTGCG-1,Tumor
GGGCGTCACCACGTAA-1,Tumor
TTCCGGCCTTGAGGCT-1,Stroma
ATTCCTTCCAGGCGGT-1,Tumor
TCCTTACGACGGTCCG-1,Tumor
CGAGCTGGGCTTTAGG-1,Tumor
GCCCGACTTCTTCCCG-1,
GTGAAGTCACGACTCG-1,Stroma
GTCGAATTTGGGCGCT-1,Tumor
AATGTGCTAATCTGAG-1,Stroma
CTGGGTTGAGTTAAAG-1,Tumor
GTACACTTACCTGAAG-1,Tumor
GCACAAGTGTCGGAAG-1,Tumor
GCGGACCGCGTTGTGG-1,Tumor
TATCCGCACCGTCGGG-1,Stroma
GAGATCTGTCACTCCG-1,Tumor
GATCCTAAATCGGGAC-1,Tumor
TCACCCTCTTAAGATT-1,Tumor
CATGCGTTAGACAGAA-1,Tumor
TCGTTGGCTCGTCAAT-1,Tumor
CTCATTTGATGGGCGG-1,
GTTCAAATCAGATGTC-1,Tumor
AGCATATCAATATGCT-1,Tumor
GCTGCTCTCCGGACAC-1,Tumor
CAAAGGTTAAATTCAG-1,Tumor
ATGGAGCAGGCCGTGA-1,Tumor
GAGGATAAACAGTGCT-1,Tumor
TTGGATTGGGTACCAC-1,Tumor
ACCGAAGAGTCTGGTT-1,Tumor
TAAATTTAGTAACACC-1,Stroma
GGTAAACTCTGCGCTG-1,Tumor
GGGCGATCCATAGGCC-1,Tumor
CCGAAGCATTGACCAA-1,Tumor
CCTATTATTCCGGCCG-1,Tumor
AATCTGGGTAGACCCT-1,Stroma
GAGTATACCCTAATCA-1,Tumor
TGTTTCGGTACTTCTC-1,Tumor
AATTCATTGTCATGCA-1,Tumor
TGATTTCCTCCTGACG-1,Tumor
CGTATTGTTTGGCGCC-1,Tumor
CCCGTCAGCGTCTGAC-1,Tumor
CCGCCTTGCGATGTCG-1,Stroma
GAAGTCAGTTGCACTA-1,Tumor
TAAGGCAACATAAGAT-1,Tumor
TCCATTGTGACCTCGT-1,Tumor
GCTCATTACTGCATGT-1,Stroma
TCCAACTTTAAATTCT-1,Tumor
GCGAAGAATCTGACGG-1,Tumor
GACCGTGCTGACGGTG-1,Tumor
GGGACAGAGTTACTCC-1,Tumor
AAGGCGCGTAAAGCTT-1,Tumor
GGCCTGCTCTGATGTT-1,Tumor
CCCTGGGAGGGATCCT-1,Tumor
CCAGCTGATGGTACTT-1,Stroma
GTCCCGCGACGTTATG-1,Tumor
CACTCTCAAGCATCGA-1,Stroma
TATTTGTTACCCTTTA-1,Tumor
TACCTTAAGATTTCCC-1,Stroma
CATAGTCCACAAGAAC-1,Stroma
AAAGAATGACCTTAGA-1,Tumor
TACTCTTTCGTCTTCA-1,Stroma
ATCATTGTACCGCATT-1,Tumor
AGTTCACCGGTTGGAC-1,Tumor
TCTTGGTCAATGATAC-1,Tumor
CAGTCCAACGCCTTCT-1,Tumor
CGCTACGGGACATTTA-1,Tumor
CCTAAACAGGGTCCGT-1,Tumor
CAGCCCTCACAGGCAG-1,Tumor
ACCTTTCCTTTAGAAG-1,Tumor
CTGACTGCGCAGCTCG-1,
GCAACCACCAGACCGG-1,Stroma
ACCTCAGCGAGGCGCA-1,
CCTCAACGATCGCTGT-1,Stroma
TCTGGGTAGCGCTCAT-1,Tumor
GAGACCCTGCAACGCC-1,Tumor
TTACCGCCTTAGGGAA-1,Tumor
TACATCCCTATCCCTG-1,
GCTTCCCGTAAGCTCC-1,Tumor
AGTGTGGTCTATTGTG-1,
AGCGCGGGTGCCAATG-1,
CTGAGAAAGTTCGGCG-1,Tumor
AATAATCTTCGTATCG-1,Tumor
GCTCAATGTAATACCG-1,
GGCATATCGGTTCTGC-1,Tumor
ATCCAATGGTACCGAA-1,
TCTAGCATGCCCAGAA-1,Tumor
CACCGGTAGAGACATT-1,Tumor
AATCTCTACTGTGGTT-1,Stroma
GTTTGGCGTCAGGCAC-1,Tumor
TTGTTAGCAAATTCGA-1,Tumor
ATAACGGAGTCCAACG-1,Tumor
TACATTTCTAACGTGC-1,Tumor
TATACGCGTCATCACT-1,Tumor
GCGATTGTTAACGTTA-1,Tumor
TTAGCAACATGGATGT-1,
AGGTGTATCGCCATGA-1,Stroma
TAGTACCTTAGTGGTC-1,Tumor
AAATCCGATACACGCC-1,Tumor
ACGCGGGCCAAGGACA-1,Tumor
TCCTCTACGAGATGGC-1,Tumor
GTAGTTAGACAATATA-1,Tumor
TGTCCCGACATAGCAC-1,Tumor
TCATACTTACAGATCC-1,Stroma
TACTATGGTTCCTCAG-1,Stroma
AGCTTATAGAGACCTG-1,Tumor
CCTTCAGTTAAAGTGA-1,Stroma
CGAATGGTAGGTCGTC-1,Tumor
TCAAGAAATACTAGCT-1,Tumor
TGGAGAATAATCGTCC-1,Stroma
CATAAGCTCTCCGTCT-1,Stroma
CCCTGGCTGTTCCTTC-1,Stroma
ACGACTGGTCATACTC-1,Stroma
GCCAACCATTTCCGGA-1,Tumor
GATAGGTGTCCCGGGC-1,Tumor
TTCACGGTCGTCACGT-1,Tumor
TGCTCCACAGTTCTTA-1,Tumor
ACAAATGGTAGTGTTT-1,Tumor
CGGGAAGTACCGTGGC-1,Tumor
GCGTGGTACTGGGTTA-1,
TCGATAGGCTAGTCGC-1,Tumor
TATGCTCCCTACTTAC-1,Tumor
TATCGATCTATGCATA-1,Stroma
ACGATGGATCCGATGC-1,Tumor
TAGTTTATTCTTGCTT-1,Tumor
TGACGAATATTTCCCT-1,Tumor
ATAATCTTGGAGAACC-1,Tumor
CTGCAGAGAATCAGAG-1,Tumor
TACCTCCACACCAATG-1,
GTTCCGTCCGCCTGCA-1,Stroma
GTGGGAACAAACCGGG-1,Stroma
TAGGCTAAAGTGGCAC-1,Tumor
CACAGTCCCGCTTCGC-1,Tumor
TGACACTTCTCTTTGC-1,Stroma
TGTATTTACCTAATGC-1,
CATGCTGGCTCCAATT-1,Tumor
GTGGCTGTTTCTGTTC-1,Tumor
TCACGTGCCCGATTCA-1,Tumor
ATTGATAGCAACGAGA-1,Tumor
TGTCCACGGCTCAACT-1,Tumor
GGTGATGAAGGAAGTG-1,Tumor
ATCATAGATCGACGAG-1,Stroma
TGAGCGGAAAGTGTTC-1,Tumor
TGATCTCCGGCGCCAG-1,
ATATTTAACCCTCAAG-1,Tumor
TAAATTGTGGGTAAAG-1,Tumor
CCTCACCTGAGGGAGC-1,Tumor
GCACTGTGCAAATGTA-1,Tumor
GGAAACTAAATGGGCC-1,Tumor
CTATGTGAGTCACGGC-1,Tumor
TTCGCGCGCCATACGA-1,Stroma
TTGCACGGAGCAGCAC-1,Tumor
CTCACATTTACTAAAT-1,Tumor
GTGCCCGTTCGGATTC-1,Tumor
TGCGTAAGAACCTGAT-1,Tumor
GGCTAATGATTGAAAT-1,Tumor
TGAGAATGCTTTACCG-1,Tumor
TGTGCCAGAGGCAAAG-1,Stroma
AGCGAGACGTGAAGGC-1,Tumor
CACCGGGCATCACAAG-1,Tumor
GATTACTGAATTTGGG-1,Tumor
AAACAAGTATCTCCCA-1,Tumor
AAACCACTACACAGAT-1,Tumor
TTGACCAGGAACAACT-1,Tumor
CCTATGGCTCCTAGTG-1,Tumor
GAATATTCGGAGTCCC-1,Tumor
TGAATACCGACGCGTA-1,Tumor
GTCCGGGTTCACATTA-1,Tumor
CATCCCGAGATTCATA-1,Tumor
CCGACAATAGGCCGCC-1,Tumor
CCGCTCCAGGGCGATC-1,Tumor
CTCCTCCAGCTCACAC-1,Stroma
GCGCATCCAGTCAGCA-1,Tumor
GTAGAAACGGGTGGAG-1,Tumor
TGGAGTGATGCGATGA-1,Stroma
AGACCCACCGCTGATC-1,Tumor
TATGGGTACGTATCGT-1,Tumor
CGCTTATTCCCGGTCG-1,Stroma
CGCCACAGGTCGCGAT-1,Stroma
GAGGAGTAATTCCTAC-1,Tumor
TCTTCGCGGTGAGAGG-1,Tumor
TAGTCCTGCACTAAGC-1,Tumor
CGTGGCCGAATATCTA-1,Tumor
GGCAGCAAACCTATGC-1,Tumor
GTCTATTGGTTCCGGT-1,Tumor
GGTGGACCACGTGTTA-1,Tumor
TAGACTACCTAGCGTT-1,Tumor
CCCAACATACGTCGCG-1,Stroma
ATCCAATGGAGGGTCC-1,Stroma
CTTTAGGAACACTGTT-1,Tumor
TCGCAAAGATGCATTT-1,Tumor
TATTTAGTCTAGATCG-1,Tumor
ATTACTTACTGGGCAT-1,
CTACGCACGGAGTACC-1,Tumor
ATCTCGTGAGCGAAAC-1,Tumor
TAGATTCCTGGTTATT-1,
GCCGTCGGTTTCGGGC-1,Stroma
TGGGTGGGATGTCATT-1,Tumor
TAACATACAATGTGGG-1,Tumor
AGTATGCTGGAGACCA-1,Stroma
CCCTGACTAACAAATT-1,Stroma
GTGATTCGCCGCTCAA-1,Tumor
CTTCGATTGCGCAAGC-1,Tumor
TAGGCATGTTACGCCA-1,
GTAGGTGATCCGTGTA-1,Tumor
ATTCGCGCCTTGAGAG-1,Tumor
TAATGTCGGTTCATGG-1,Tumor
CGGACCTCTGTAGTTA-1,Stroma
CCATCTTGTTCACAAT-1,Tumor
GGAGACCATCTACATA-1,Stroma
CATGCACATGAGAGGC-1,Tumor
ACACAAAGACGGGTGG-1,Stroma
TCAGTGTATACGTCAT-1,Stroma
AGCTCCTTCGCACATC-1,Stroma
TAGTGTCAGAAACGGC-1,Tumor
CTTGTTTATGTAGCCA-1,Tumor
CAGTCGAGGATGCAAT-1,Tumor
CGGGTGTACCCATTTA-1,
CCTGTGCGGATTGTAA-1,
TGTCGTGGGTATAGGC-1,Tumor
TCATCCTCAGCTGCTT-1,Tumor
AGATACCGGTGTTCAC-1,Tumor
GCTGGACCCAAAGTGG-1,
GGAAAGTGCCCATGCC-1,Stroma
TAGGTCGCCGGAACTG-1,
AGAAATTATGACTCGC-1,Tumor
TTCGTAATCCCAGCGG-1,Tumor
TGATGTCAATTAAGTG-1,Tumor
CTCGTCTGTGCCTTCG-1,Tumor
TAGGCCTATATAGTCT-1,Tumor
GTAGTCTACGATATTG-1,Tumor
CCTAACTAAGGCTCTA-1,Stroma
ATGTAAGGCTGCTCTT-1,Tumor
ACGTGGTCGAATGTGC-1,Tumor
TTACCATTGATTACCC-1,Tumor
CTGACATAGAAATAGA-1,Tumor
CCTTGTGAACGTGGTT-1,Stroma
ACCAACACCACACACT-1,Tumor
CGGGAATTTATGTAAA-1,Tumor
TACCAGCTAGGTTTAA-1,Tumor
CTGGATTTACACTTGA-1,Tumor
TCTTTCTCTTAAGGAG-1,Tumor
TTGTTTCATTAGTCTA-1,Stroma
CTGGACGCAGTCCGGC-1,Tumor
CACGCACAGCGCAGCT-1,Tumor
ACTTACCGGGCGCGCA-1,Stroma
ACGTTTAGTTGTGATC-1,Tumor
CCCTAGCTCTAAGGTC-1,Stroma
CGCGGTCACAAACCAA-1,
CTGCGTTACGATATAA-1,Stroma
CTCGCACCTATATAGT-1,Tumor
ATCGTATTCCGAGAAC-1,Tumor
GCGAGCGCATGCTCCC-1,Tumor
GAGACTTCGCGACCGA-1,Tumor
CATGCGACCAGTTTAA-1,Tumor
GCTAGCGATAGGTCTT-1,Tumor
TGTCATTTGTTGGGAA-1,Tumor
TCTGAATTCCGTACAA-1,
AGCCCTCCCTGGTGGC-1,
CGGCCAGAGCGACCAT-1,Stroma
TGCGTACGGCTAATTG-1,Tumor
GAGCACGGCGCCTCTT-1,Tumor
TGTCCGCAAACAATTC-1,Stroma
GGGAAGGGCTTTCTCA-1,Tumor
GTTCAGTCGCCAAATG-1,Tumor
CAGGCCGTTTGGGTGT-1,Tumor
CAGTAAGGGACGTCTC-1,Tumor
TGAATATGCTATAAAC-1,Tumor
CTTGTCAACATTCGAG-1,Tumor
CCCGTTTCGCAGATGT-1,Tumor
GCTCCGCTCGCTTCAG-1,Tumor
AAATTGATAGTCCTTT-1,Stroma
CGTCGGGTCTAAGCGC-1,Tumor
TCTGCGTCCGGTTTCT-1,Tumor
GGCAAGGCGAAATAGC-1,Tumor
ATATTGCTGTCAAAGT-1,Tumor
CATACTTAGGCAATAC-1,Tumor
GCTCCCAGTCGGTCCA-1,Tumor
AGACGGGATTGGTATA-1,Tumor
TGTTGTCAAGAAGTCT-1,Tumor
GCGCCGTTCCACGATA-1,Tumor
GGGATGGTCGTAACCG-1,Tumor
ACTTTGACTGCATCCT-1,Stroma
TAGGTGTTCCACAGAT-1,Stroma
GCTCTTTCCGCTAGTG-1,Stroma
CATTCACTGACAGCTA-1,Tumor
TTCTTGAGCCGCGCTA-1,Tumor
CGGTTTATGAAGGAAC-1,Tumor
GCGAAGCCATACCCGT-1,Tumor
CGTTTCGCTCATTACA-1,Tumor
GGGCTACTATTTCGTG-1,Stroma
AAACAATCTACTAGCA-1,Tumor
CTCAAACCACTGCCCG-1,Stroma
GCAAATGAGGACACTT-1,Stroma
TTGGTATGGCTTGTGT-1,Tumor
GGGCAGAGCAATCGTT-1,Stroma
AGACTGTTACCGGGTC-1,Stroma
GGCTACTATACACTCC-1,Stroma
TTGACATGAACGTGGA-1,Stroma
AGCGCATAATGAATCG-1,Stroma
GTTTGGTGATCGGTGC-1,Stroma
AATGCACCAAGCAATG-1,Stroma
ACGCAATCACTACAGC-1,Tumor
GTTGTTACATTGCGCT-1,Tumor
CCCAAGTCATTACACT-1,Tumor
GGGTCGTGGCAAGTGT-1,Tumor
TACCGTAGGTTAACTA-1,Stroma
ACGTAGGAGAGTCGCT-1,Tumor
GGGCCCTACGAAAGGG-1,Stroma
TGGTCGATATACCTCT-1,Stroma
TGCAAAGTTCGTCTGT-1,Tumor
GAATTATGCAACCTAC-1,Tumor
ACCTCGAACTTATGCT-1,Tumor
TACGTGGGCCCAGGGC-1,Tumor
CAAGCGGCACATAATT-1,Tumor
GGGCTGCCTAGGGCGA-1,Tumor
AATAAGTCCTCGAGAC-1,Tumor
CTGGTCATTCCAATCC-1,Tumor
AGCAGCCAGATGAATA-1,
TAATAGTGACGACCAG-1,Tumor
CCGCACACGAACGTGT-1,Tumor
CTGGCGGGAATAAGTA-1,Tumor
ACTATTCGTCCGTGGT-1,Tumor
TTGATTAGCTGTTTCT-1,Stroma
ACGCCAGTGCGTTTGC-1,Tumor
GATCTGCTATCTAAGG-1,Stroma
CCCTCGATAATACACA-1,Tumor
TACCTCAGTTGTCTGT-1,Stroma
GCGACATGTAAACATC-1,Tumor
CTCATGGTAATTTGCG-1,Stroma
AGTCGAAACGATTCAG-1,Tumor
TTGACGCTCCATGAGC-1,Tumor
TTGATGTGTAGTCCCG-1,Stroma
ATTTCATTATTTCGCG-1,Tumor
CATGCCAACTCGCAAA-1,Tumor
CACATCTCACCGACGA-1,Tumor
ATCGCCAGTCAACATT-1,Tumor
TAGCTGATGTGAAGCG-1,Stroma
TCCTCTCCAGTTGTCC-1,Tumor
TACCGGCTCACTGCCC-1,Tumor
GCTTATGAAGCAGGAA-1,
TTCTTAGTGAACGGTG-1,Tumor
TTGTTTCCATACAACT-1,Stroma
CAGGCGCCATGCTAGG-1,Tumor
CGGCAAACATCGTGCG-1,Tumor
CAGTGTCCGCAGAATG-1,Tumor
CGCGTCATATTAAACC-1,Tumor
ATGCACGCGCTGTTCA-1,Tumor
CCTAAATTGTATCCTA-1,Tumor
GGCTTGGCTCTCACCT-1,Tumor
TTCAAAGTCTCTAGCC-1,Tumor
ATTACTAGCCTCTTGC-1,Tumor
CCACGGAGCCATAAGA-1,Stroma
GCAGAAGGTAATCTCC-1,Tumor
ACTCGATGTATTTCAT-1,Tumor
GGTTACCACCCTCGGG-1,Stroma
GCACTCCCACAGTCCC-1,Tumor
GACTAAGTAGGCTCAC-1,
AATCCAAGGGCCTGAG-1,Tumor
TCTTACAGAGGTACCG-1,Tumor
GTTATTAACGTGGGAG-1,Tumor
ACCGGTCTGAGTACGG-1,
GACACAAGGGAAGAAA-1,Tumor
ACTGCCCGCCATTCTC-1,
ATTATTATGTCCGTCA-1,Stroma
GTCTCAAGGCCCGGCT-1,
GGGAAGACGGTCTGTC-1,Tumor
TTAATTGCTTTGGGTG-1,Tumor
TCGCCCACTGCGAGAG-1,Tumor
GTGATCATAGATCTGC-1,Tumor
ATCGTTCACTTTCGCC-1,Stroma
GGTTTGAGTGCTGGAA-1,Tumor
CGGTGGGCTCCAGCCT-1,Stroma
GAGTAAACCGGAAAGT-1,Tumor
GCTCCATGAGTGCAGA-1,Tumor
TTCTGTTTCCTGTCGC-1,Tumor
ATGGTATTTACTGATT-1,Tumor
CGCATTAGCTAATAGG-1,Tumor
GGAACCCGAACAAGAA-1,Tumor
CTGTAGCCATCTCACT-1,Stroma
ATACCAGCAAATTGCT-1,Tumor
CCGTAAGTTGGTCCCA-1,Tumor
AAGAGATGAATCGGTA-1,Stroma
ACGGTACAGTTCAATG-1,Tumor
TGTCGGCATGGTGGAA-1,Tumor
TCTATCGGTCGCAACA-1,Stroma
TACCTGCTGCACTGTG-1,Tumor
AGAAGAGCGCCGTTCC-1,
AGCTCTTCGTAACCTT-1,Tumor
CGAAGATCAGTTTCAT-1,Tumor
AGCACCAGTACTCACG-1,Tumor
CTAGCCACAGGCGAGC-1,Tumor
CTGCCTTTCTAGTAAA-1,Tumor
GGCCCTCACCCACTTA-1,Stroma
TCTGTTACCCAGCATA-1,Stroma
TAGAGATCATGCAACT-1,Stroma
GCCCGAGAGTCTAAAT-1,Tumor
GGACTCGACAGCGCAT-1,Stroma
TGGCTATGTGACATAC-1,Tumor
ATTAATTCGGTCACTC-1,Tumor
AACTTCTGCGTCTATC-1,Tumor
GGGAATTCTGTCCAGT-1,Tumor
CCTCGCCAGCAAATTA-1,Tumor
CGGATGAATGCTGTGA-1,Tumor
CTCAGCAGACTGCCGA-1,Tumor
ACTGCTCGGAAGGATG-1,Stroma
GATGCTACAAGCGCCT-1,Tumor
CGTATTAAGAGATCTA-1,Tumor
TTGTGAGGCATGACGC-1,Stroma
CTAAAGGATGAGATAC-1,
GAGGGCCGGCAGAGTC-1,Tumor
TGCGAGATGGCGGCCA-1,Tumor
GGCATCAACGAGCACG-1,Tumor
CCGATTCGAGGGACCC-1,Stroma
GTATCAAACGTTAGCT-1,Tumor
AATGGCCGCCAATGCG-1,Tumor
TTGACTATTGTCCGGC-1,Tumor
AGGTGCACGTCCACAT-1,Tumor
AAATGGTCAATGTGCC-1,Tumor
CCATCTCACCAGTGAA-1,
AAGTTGTGATGTTATA-1,Tumor
AATTCTAGAGTTAGGC-1,Tumor
CTAAAGGGAAATAGGA-1,Tumor
GCACTGCCTACCTTTA-1,Tumor
GCTGAGCAACGGTTCT-1,Tumor
AAGACCAAATAACTCA-1,Tumor
GAGGGCATCGCGTATC-1,Tumor
GGACACCTCGGTGTTG-1,Tumor
GTAACAGGTTAACGGC-1,Stroma
CGTTGAATACCGCGCT-1,Tumor
CTAATTTCAACAACAC-1,Stroma
AGTGTGCTAAGATCGC-1,Tumor
CTGAAAGAGATCCGAC-1,Tumor
TTACATCGTGGCCTGG-1,Tumor
GTAGCGCTGTTGTAGT-1,Tumor
TGTTTGAGATCGTCAG-1,Tumor
CATACGAACTAGCTGG-1,Stroma
ATTGGTTGTGCATTAC-1,Tumor
CGCCCGCTTCCGTACA-1,Tumor
GTGAGGACACTTAAGG-1,Tumor
CGGAGCTTATAACACC-1,Tumor
ATATGTCTAGAGCGTG-1,Tumor
CTTTGTCGAATGCTCC-1,
GGGCGCAGCGTTACTC-1,Tumor
GCTGGTTTAGGCCATA-1,Tumor
AAAGAATGTGGACTAA-1,Tumor
CGTTCTTCGCACACCT-1,Tumor
ATATAAATGTAGCTGC-1,
CCTTTAAGGGAGCACT-1,Stroma
GGATTTCACTTCTATA-1,Tumor
ATACTGCCTTACACCG-1,Tumor
ATGTAGCGCGCGTAGG-1,Tumor
TGCATGGATCGGATCT-1,Tumor
GGTCCACGTCTATTTG-1,Tumor
ACTCCGGCCGACCACT-1,Tumor
CGGTAGAGGTGCAGGT-1,Stroma
AAAGTAGCATTGCTCA-1,Stroma
GAATGCGAATCGGTTC-1,Tumor
CCGGTATCTGGCGACT-1,
TATGTCAAGACCGACT-1,Stroma
TTACTCCGGCCGGGAA-1,Tumor
GCTATCGCGGCGCAAC-1,
CCATCGCAGTTAAACT-1,Tumor
CCCTGGTATGGGCGGC-1,Tumor
ACGCGAAGTCAGACGA-1,Tumor
AGCTAACAAGCAATGT-1,Stroma
CCCTTTAATGGAGTTC-1,Tumor
CCATAGAGGCTGCCAG-1,Tumor
CACGCGGAACTGTTGC-1,Tumor
AGTAATTTGCAAGCGT-1,Tumor
CGCATCATGGCTTCAG-1,Tumor
CTGGTAACGAGCTCTT-1,Tumor
TTAAGGCCCGTACTTT-1,
CAAGGCCAGTGGTGCA-1,Tumor
TTCTTCGCAATAGAGC-1,Tumor
TATCTTGCAATACAAC-1,Tumor
AGCAAAGGCCGCTAGT-1,Tumor
AGAGCAGTTATGAGAC-1,Tumor
ATGAAGCCAAGGAGCC-1,Tumor
AAACGTGTTCGCCCTA-1,Tumor
GGCGCATGAATTGATG-1,Tumor
TATTCGTGCCAGAATA-1,Tumor
CTGCCAAGGTTGGAAG-1,Stroma
TCGCCGGATGGGCAAG-1,Tumor
AGAAGGTTGCCGAATT-1,Tumor
CTTTAGTGCTATTATT-1,Tumor
AGGCAGGGAGCGTACT-1,Stroma
CGTAAAGCAAGAAATC-1,Tumor
CTCGCATTGCATAGCC-1,Tumor
CAAACGGTCGCACTTT-1,Stroma
CTCAGTCACGACAAAT-1,
ATACCACGGGCAACTT-1,Tumor
CCGAACACTGGGCCTC-1,Tumor
CTTTGCATCGCTCTTG-1,Tumor
TATTCCGAGCTGTTAT-1,
CTCATAAATGTGTATA-1,Tumor
GCAAACCCTACATTAT-1,Tumor
ACGCAAACTAATAGAT-1,Stroma
GGTCTCCGTCCAGGTT-1,Tumor
TCGCCGGTCGATCCGT-1,Tumor
TCCCTTGTCTGAAACT-1,Tumor
GCCTGTCCCGGTGCAT-1,Tumor
CGTAAACGCTTGAGTG-1,Tumor
AAAGTCGACCCTCAGT-1,Stroma
ACGTTCCGCGCTCCGT-1,Tumor
GGGTTCAGACGAACAA-1,Tumor
GGAGGGCTTGGTTGGC-1,Tumor
GAGGCTATCAAAGTCG-1,Stroma
AAATGTATCTTATCCC-1,Tumor
TAACCGCCCGCAGTGC-1,Tumor
ATAAGTAGGATTCAGA-1,Tumor
ATACGGAACGTCGTTT-1,Tumor
ATCTGGGCTGTTCTTG-1,Tumor
GGATTGCTGTGACTCC-1,Tumor
TACCAGGAATCCCGTC-1,Stroma
TACGGAAGCCAAACCA-1,Tumor
CGTCAGTGCGCACAAG-1,Tumor
TGCCGTGGATCGTCCT-1,Stroma
CTGCCATGCATCACAT-1,Tumor
CGCAATCGATCATTAG-1,Tumor
ATGCACTACCGCATTG-1,Stroma
ACTTATTTATGTGCCA-1,Stroma
TCGTGTCACGCTGACA-1,
TGTCCGTGGCGCCTTT-1,Tumor
AGGGTCGATGCGAACT-1,
CTCAGGACTCACCTGT-1,Tumor
AGTTGCTGACTGATAT-1,Tumor
TACTGTTTCTCTGGTA-1,Tumor
CTGGTTCGCGAGCTAC-1,Tumor
GTATTCTGAGAAACGA-1,Stroma
GGGTCACCGTGACGGT-1,Tumor
GTGATGCACAACATCT-1,Stroma
AACAGGTAGTATGGAT-1,Tumor
TTCGGGTTGCCACGGG-1,Tumor
CCGCCGGTCAACACAC-1,Tumor
AAATTACACGACTCTG-1,Tumor
ATGTGAAAGCCTAATG-1,Tumor
CCAGTCAAATCTCTTA-1,Stroma
GTAAGTCCACACTCTA-1,Tumor
ACAATGATTCTTCTAC-1,Tumor
CTATAAGAGCCAATCG-1,Tumor
TACTTTCCGCACGCCA-1,Tumor
TCGAATATCCCGCAGG-1,Stroma
GGTGTTCTGTTTCTAC-1,Tumor
CCCTGCCCAATCCGCT-1,Stroma
GTCTAGTGAGCCGCTT-1,Tumor
CTGGCTGGTTGTCAGT-1,Tumor
CCCAAGAATGCACGGT-1,Tumor
GAAATGGGATGTAAAC-1,Tumor
TACCGAATAATTGTAA-1,Tumor
CCAGTGTACAGACCGA-1,Tumor
ACTCTCTGACTTAGGT-1,Tumor
TGCGGTGAAATTTCAT-1,Tumor
GAGTGTGCGGTACCCA-1,Tumor
CAGCGCCAACACGATA-1,
AACAGGAAATCGAATA-1,Tumor
CCCTACTTGAACAATG-1,Tumor
TGTTGATCACTGTTTA-1,Tumor
GTGGGTACTGAGCGTA-1,Stroma
AAGCTCTTTCATGGTG-1,Tumor
CTCCTTTACGCAAGTC-1,Tumor
TGACCCACGTTAGACA-1,Tumor
CTCGTCGAGGGCTCAT-1,Tumor
GGTCGGCCAGGAGCTT-1,Tumor
CAGTCGGCCTAGATAT-1,Stroma
TAGAATTAAGGGCAAC-1,Tumor
TATGGTTAGTGGGAGA-1,Tumor
TATCGATGATTAAACG-1,Tumor
ACAGGTGGAGGTGAGG-1,Stroma
GAAAGCAGTGCACTTT-1,Stroma
ATCGTGGAAAGTCTGG-1,Tumor
CCAATCGGTAGATCGA-1,Tumor
GCGTGTATGTCGTATT-1,Tumor
ATACCTAACCAAGAAA-1,Stroma
ATACAGGCCCTCCAAT-1,Stroma
CGCAATTAGGGTAATA-1,Stroma
TCCGTAACCACAATCC-1,Tumor
CATTATAACAGGGTCC-1,Tumor
TCCGAAGTAGTCACCA-1,Tumor
ACTACGCGTTAGAATT-1,Stroma
TCACGATGTCCGTGGA-1,Stroma
TACGGGTAATAACATA-1,Tumor
AAGTAGAAGACCGGGT-1,Tumor
TATATCAAAGTGATCT-1,Stroma
TGAAAGGACCTGACTC-1,Tumor
TAGCCATTTCAAAGTC-1,
TGGGCAGGCCACCGCA-1,Tumor
TGTAGCCATCCCATTC-1,Tumor
TGTCCTAAGTCACCGC-1,Tumor
CCTGCTATTTGAGAAG-1,Stroma
ACCGAAAGGGCCCTGC-1,Tumor
GTCTCGATCTGCTTTC-1,Stroma
CGCCAAGAAGCCGAGT-1,Stroma
CCTATATCGTGTCACG-1,Tumor
GAATGCCGAAATGACC-1,Tumor
AATTGCGTGGATTACA-1,Tumor
CCCAGGAAGAATTCGA-1,Tumor
GACGCCGTAAAGGCTA-1,Tumor
CACCCACGAGGCAATT-1,Stroma
GCCACAATTTAAGGAC-1,Tumor
TGTCTACAGTTTCTGT-1,Tumor
AGTCGGCCCAAACGAC-1,Tumor
CACTCTTCTGCTAGCC-1,Tumor
CAGTAATCCCTCCCAG-1,Stroma
CCCAAACATGCTGCTC-1,
CAATGCGAGAAGTATC-1,
GAATCTATACTCGGAC-1,Tumor
TGTTTCTGAAGCGTGC-1,Tumor
GTGCGCAGCTTGCTCC-1,
ATTTCCGGGTTCTGCG-1,Stroma
GACCACACTTCCCTTT-1,Tumor
CCGTATCTCGTCGTAG-1,Stroma
TAGTAGTTGCCGGACA-1,
TTGGCTCGCATGAGAC-1,Tumor
ATCAGCTCGTCCACTA-1,Tumor
AGGGTGCTCTCGAGGG-1,
ATTAATACTACGCGGG-1,Stroma
GCGAGAGTTGCGTCCA-1,
AGGCGATAACTGGCGT-1,Tumor
CAATCCATTATCCGTT-1,
CGTAAATAACAAAGGG-1,Stroma
GATGAGGAACCTTCGG-1,Tumor
AGGACGACCCATTAGA-1,Tumor
TGGGATGCACTCATTC-1,Stroma
GGTTAGCTATATGTCT-1,Tumor
GAAACAGATGACCACC-1,
GTAGCTAGTAAGCGCG-1,Tumor
GCAACGGCTAGTTATG-1,Tumor
TACTCGTTTGAATCAA-1,Tumor
TCTCCACAAGTTGAAT-1,Tumor
GCTCTATGTTACGTGC-1,Tumor
TCTGCCAGAAACTGCA-1,Tumor
TTAAACCTGGTTCCTT-1,Tumor
CTGCCTAGCCACCAAG-1,Tumor
ATTGCCTTTATGTTTG-1,Tumor
AAATTGGTGAGAAGCA-1,Tumor
TTAGACGAGTCACCTC-1,Tumor
ACATTCGCGCGGAATA-1,Tumor
GATCTTTGCAGGGTAT-1,Tumor
TGATTCTGTCGCCGGT-1,Tumor
TATCTAGCCTAAAGGA-1,
TCCCACGGAGGGAGCT-1,Tumor
GGCAAATTACTTTACT-1,Tumor
GTCATGCGCGAGGGCT-1,Tumor
CGCCGTCTACCCATCG-1,Tumor
CTTGCCCACCCACGCA-1,Tumor
CATACCCGTACCCAGT-1,Tumor
ATCGCACGCCGGGAGA-1,Stroma
CCTATGTCCACTCCAC-1,Tumor
ACTTGCTCTATCTACC-1,Tumor
GAAACTCGTGCGATGC-1,
TCAGCAAATGCATCTC-1,Tumor
ACTGTCCAGGATTATA-1,Tumor
ACGGCCAACATGGACT-1,Tumor
CAATGGAATCTACATA-1,Stroma
GGTTTCAATCGGTCAG-1,
TCCCAGGCTTAGCTAA-1,Tumor
ATAAAGGCTCGGTCGT-1,Tumor
TTGTGGTAGGAGGGAT-1,Stroma
GTGGCGGTCCCAGCGT-1,Stroma
CGTCCTCATCGCGTGC-1,Tumor
CGCGCCCGACTTAATA-1,Stroma
TAATATTGAAATTCGC-1,Tumor
AGCCATATAGTATGTG-1,Tumor
GAAATGGCGGTGTTAG-1,Tumor
GCAAATATTACGCTTT-1,Tumor
CGGAGCATGGCGATCC-1,Tumor
GCAAGTGCACAGAGAA-1,Tumor
GTGGAACCTACATGCG-1,Tumor
TGCAGTGAGGCTCGGG-1,Tumor
CGCTATCGTGGCTTTA-1,Tumor
AAGGTGATAAACCAGC-1,Stroma
TCTCGAGGAGGTTCGC-1,Tumor
GGGATACGGTAATAAT-1,Tumor
CCCTTTGACAGGTCTT-1,Tumor
GTCGCCGTTGTGTGTT-1,Stroma
AAAGGCTCTCGCGCCG-1,Tumor
GCTAGAGTAGAGATGT-1,Tumor
GCGCAAATATATTCAA-1,Stroma
CTGTTACCCAATCTAG-1,Tumor
ATGCATGATCCAGGAT-1,Tumor
ATCACGTGCTAATTAA-1,Stroma
GACTAGGCCGTTAGGT-1,Tumor
CGCTACCGCCCTATGA-1,
TTCGCATCCGGAAGCA-1,Tumor
CTACGCCATTTCCGAT-1,Tumor
CATCCTCTCAAAGATC-1,Tumor
GGGTACTTCATGAACT-1,Tumor
GTGAAGCCGTATAGTC-1,Tumor
GACGTGAGACTCCATG-1,Tumor
CTAGTCACGTCTTAAG-1,Tumor
TCTAAAGAACAGTCTC-1,Stroma
GCGCAAGAGCGCGCTG-1,Tumor
GTGGCAAACAGCGGCA-1,Tumor
CGATTCGCCTGGCTGC-1,Stroma
CGATAACCAATTTGAG-1,Tumor
ATGAAGTGGACCCAGC-1,Tumor
TCTGCTTAGAACAAGC-1,Tumor
GGGTCACGTGCTTATG-1,Tumor
TGTGTGACCATGAATC-1,Stroma
ATTGGGAGTTCTGTAA-1,Tumor
TCTATTACTAGAGGAT-1,Stroma
ACAGATTAGGTTAGTG-1,Tumor
ACTATCTGCCCGCGTA-1,Tumor
ATATGTCTCCCTAGCC-1,
CGGCACTCAAGAAAGT-1,Tumor
CGAGGCTAAATATGGC-1,Tumor
TAGACGCCCGTACCGG-1,
CTCTCTAACTGCCTAG-1,Tumor
ATCAGGTCGCCATTGC-1,Stroma
TTGCTGCACCTATCCA-1,Tumor
GTTGAACCGGTTCCAT-1,Tumor
AAATGACTGATCAAAC-1,Stroma
GCGTTCGGAGACCGGG-1,Stroma
CGAAGTTGCTCTGTGT-1,Tumor
AGCGACAGGAACGGTC-1,Stroma
GGTATGAAAGAACTGA-1,Tumor
TCCACCAAGACATAGG-1,Tumor
GGCGTACCCTATATAA-1,Tumor
CGGTATAGGTATTAGC-1,Stroma
AGATACTCAAGATCGA-1,Tumor
GTCGGGAAGCAGAAAC-1,Stroma
ACCCGGAAACTCCCAG-1,Stroma
CACGTCAATCAATGGA-1,Tumor
CGAGAGATGTGAACCT-1,Tumor
TTGACAGGAGCTCCCG-1,Tumor
AACCAAGACTTCTCTG-1,Stroma
TCAACTAACGTATAAC-1,Tumor
GAGGTCCCAAAGATCT-1,Tumor
TATACCGAGTGCCACA-1,Tumor
GGCGAGCGAAACGGCA-1,Stroma
TCGGATCTGGATGACC-1,Tumor
TAGGTTCTGCTGAGAA-1,Tumor
TTCGCACTCGCGTGCT-1,Tumor
CCAATAGTGCCGTCGA-1,Tumor
TGCCCGATAGTTAGAA-1,Tumor
CAGCCTCCTGCAGAGG-1,Tumor
CTGCAAATGGGCTCCA-1,Tumor
AGCCCTTGGACATCCC-1,Tumor
CAGTTCGAGGACCCGA-1,Stroma
CTCTGTTTGAGGATTC-1,Tumor
GTGCGACAGGGAGTGT-1,
AAGACTCACGCCCACT-1,Tumor
TCAGCCAATCCGTAAA-1,Tumor
GATGCGAATGGTATTA-1,Tumor
TGAACAAGCAGGGACT-1,Stroma
TTGATGCCGCTCGTCG-1,
GGCCGGCGTCTGCTAT-1,Tumor
CGAAACATAGATGGCA-1,Tumor
GAATTTCTCGCTGCAG-1,
CGGTTCCGGCTTCTTG-1,Tumor
CTCGAGGTCGAACAGT-1,Tumor
AGCACTTAAGGACGCC-1,Stroma
ATTCGACGCCGGGCCT-1,Stroma
GCGGAGAGGGAGAACG-1,Tumor
CGCCGCCCATGCCTGT-1,Tumor
CAGATCCTGGTTTGAA-1,Tumor
CTCTAACACCGGCAGC-1,Tumor
GTACGACGGCGCTGCG-1,Tumor
CTCGGGTTCTCTGGCC-1,Tumor
CCTATGAAGTGGTGCC-1,Tumor
GCCATCGAGCTGCGTG-1,Tumor
AGGCCACCCGTTATGA-1,
TTGGAGTCTCCCTTCT-1,Tumor
CACACAGCTTGCGCTC-1,Tumor
TCGAGCCAGGCAGGCC-1,Stroma
TAGCCGGCGGTCAGCG-1,
GCTTTGCTGCCGGGTA-1,Tumor
AGCACTACCGGCCTGT-1,Stroma
ACTCCCTAGAATAGTA-1,Tumor
CGGGAACGCCCTGCAT-1,Tumor
GTATTTAATGGCATAA-1,Tumor
CGTCTTGAGTGTGACG-1,Tumor
GGTTTGACAAGAAGCT-1,Tumor
CTTACATAGATTTCTT-1,Tumor
ACTGTAGCACTTTGGA-1,Tumor
ATATTCAGTTAAACCT-1,Tumor
CTGGGCGGCCAAATGT-1,Tumor
ATTCAGTAGCAGGGTC-1,Stroma
CATATTATTTGCCCTA-1,Tumor
TTGAATATGGACTTTC-1,Tumor
AATCAGGTTTCATTTA-1,
GTAGACAACCGATGAA-1,Tumor
TACTCCTCTAGTTGAC-1,Stroma
TCGGTCCCGACAATAG-1,
CAGTGGTTGCACATGA-1,Tumor
GCGCTATGCCGAGGCA-1,Tumor
TTAATGTAGACCAGGT-1,Tumor
CGCGAGTCTGCCGGGT-1,Tumor
AAACGAGACGGTTGAT-1,Tumor
CGGAACGTAAACATAG-1,Tumor
CACGGGATTGAGGGTT-1,Tumor
ACCTAATCGACTTCCT-1,Stroma
ACTGAATGGCGAAAGT-1,Tumor
AGAGGCTTCGGAAACC-1,Tumor
CAACGGTTCTTGATAC-1,Tumor
AACTGAGTTATACTGA-1,Tumor
AAACGAAGATGGAGTA-1,
CCAGGGACGTGGCCTC-1,
TGACCAAATCTTAAAC-1,Tumor
GCTCCATGCAAAGCAA-1,
GGCTGGCAATCCCACG-1,Tumor
TACGTGCACTATGCTG-1,Tumor
TTAACCAACCCTCCCT-1,Tumor
CCAGAAACTGATGCGA-1,
GCTAGCAACGCACCTA-1,Tumor
TATCCTGCATGGGAAT-1,Tumor
ATGCATTCCGTGATGG-1,Tumor
TCTTCCCATGGGCACA-1,
ATGGGACCTGCTGAAC-1,Stroma
GGTGCAGAGCCTATCG-1,
GCCATCGATGCTGCAT-1,Tumor
TTCGCTATCTGACGTG-1,Stroma
GATGGTGAAATAACCC-1,Tumor
AACCTTTAAATACGGT-1,Tumor
GTCCTTTAATGACTTC-1,Tumor
CCATAACCTGTGCAGT-1,Stroma
GGACACAAGTTTACAC-1,Tumor
CGCGGGAATTCCTTTC-1,Tumor
TGCACTATGTGAGTGC-1,Tumor
GACGCATACCCGTCGG-1,Tumor
TTGTTCTAGATACGCT-1,Tumor
GGTCGGTAATTAGACA-1,Tumor
AGACATAGATCCTTCC-1,Tumor
GATGGCGCACACATTA-1,Tumor
GTCTTGTAGCTATTCA-1,Tumor
CACTCGAGCTGAACAA-1,Tumor
TCGCTGCCAATGCTGT-1,Tumor
TTCACTTCCTAGAACG-1,Stroma
TTCCTCGGACTAACCA-1,Stroma
GAGCGGAATGCGGTGT-1,Stroma
CGTGCTTCTACCTAAA-1,
CTAGGGATAGGGACAA-1,Stroma
GGATTGAAGTAGCCTC-1,Tumor
TTGCACAATTCAGAAA-1,Tumor
AGGGTGGATAGTGCAT-1,Tumor
GCTTAATGTAACTAAC-1,Tumor
GTTCGACAATTGTATA-1,Tumor
AGAGATCTCTAAAGCG-1,Stroma
TTCTGCCGCGCCTAGA-1,Tumor
AGGGTGTGCTACACGC-1,Tumor
ACAAGCAGTGCCTAGC-1,Stroma
TTAAGACGAACGAACC-1,Stroma
AACCGCTAAGGGATGC-1,Stroma
GACGTTGCTCGGCGGC-1,Tumor
CACCCTTTCCTCGCTC-1,Tumor
TGATCTATCACACTCT-1,Tumor
GATCGCGGGCTCTCCA-1,Tumor
CTTGTACTTGTTGACT-1,Tumor
ACTAATACGTCAGGCG-1,Stroma
ACTCGCGATCTGACGC-1,Tumor
TGAATGAGTGTTTCCC-1,Stroma
GACGAGGCTAATAAAC-1,Tumor
CCAGGCTGGCGTCTGA-1,Tumor
GCCTCCGACAATTCAC-1,Tumor
ATATACGCTCGTGACG-1,Tumor
GGAAGCTCGCTTACAG-1,Tumor
GGAGGCGAAGAACCGC-1,
GCCGGAAACACATCTT-1,Tumor
GTCAATTGTACTGAAG-1,Tumor
ACTACAAAGAGAGGTG-1,Stroma
ACCACACGGTTGATGG-1,Tumor
AATTTGGTTCCAAAGA-1,Tumor
CGTACCTGATAGGCCT-1,Stroma
GTTGGATTGAGAACAC-1,
AAGCTCGTGCCAAGTC-1,Tumor
TCCGCTGTCATCCCGG-1,Tumor
TACACAGCCGTGGTGC-1,Tumor
ATTAGGCGATGCTTTC-1,Tumor
ATTGTGACTTCGCTGC-1,Tumor
TTGGGACGTAAGAGTT-1,Tumor
TCTACACGTTCATGCA-1,
CTGTTCATCTCACGGG-1,Tumor
AGCGACTTTGAAGACA-1,Stroma
ACTCAGACCTGCTTCT-1,Tumor
TCGTCCGGGTACACTC-1,Tumor
ACAAAGCATGACCTAG-1,Tumor
TCCTGCAGCCGCCAAT-1,
ACGCTGTGAGGCGTAG-1,Stroma
GAGTCTTGTAAAGGAC-1,Stroma
TTAACTCACGCGTGGA-1,Tumor
TGGCCGTATATTGACC-1,Tumor
AGGCCACATTGGTTAC-1,Tumor
TTATCGCCTGCGAAGC-1,Tumor
TTGCATGCTGATCACG-1,
CTAGCATAGTATAATG-1,Tumor
GTGTCCGATAAGGCAT-1,Stroma
GTGCCGCTTCAAAGGT-1,Tumor
CACCAGTCAGCATGCA-1,Tumor
AGTGGTTGCGTATAGG-1,
TTCGGTACTGTAGAGG-1,Tumor
TGCCGAAAGCGTATTC-1,Tumor
ACTAGTTGCGATCGTC-1,Tumor
GACAAGAGATGAGATT-1,Tumor
GAGCATCAACAACTTG-1,
CGTGCAGACTGGGACA-1,Tumor
ACTGCCGTCGTAACTC-1,Tumor
AGTGGCGGCAATTTGA-1,
AGGGTTCAGACGGTCC-1,Stroma
TTCCGGTTACCCACTT-1,Tumor
GCCCACCAAGGCTGTC-1,Tumor
TGGAACCACTGACACA-1,Tumor
TCTTTAGAGTCTAACA-1,Tumor
ACAATTTAGGAGGCTC-1,Tumor
AATGATGCGACTCCTG-1,Tumor
GCTTGGATCGATTAGG-1,
CCGTTACGTTAGAACA-1,Stroma
CCACACTGAGATATTA-1,Tumor
TCCTATCATAGGTAAC-1,Tumor
GTTAGCCCATGACATC-1,Tumor
AGGTTGAGGCACGCTT-1,Stroma
CATGGTCTAGATACCG-1,Tumor
CAGATACTAACATAGT-1,
ATTTAACTCGTATTAC-1,Tumor
AATGGTCCACCGTTCA-1,Tumor
GGTGCTGGTACACATT-1,Tumor
GACAGATTTCTGGCTC-1,Stroma
GCGTCGCCAGGGTGAT-1,Tumor
TGCGGGTATTGGGATC-1,Tumor
ACCGATATTTAATCAT-1,Tumor
ATGGCTGGAAATGGCC-1,Stroma
TCTCTCGCCGCACATA-1,Tumor
AATTCATAAGGGATCT-1,Stroma
TTCGTACTCCAGAACG-1,Stroma
CCGCGGAATGCGTCAC-1,Tumor
TCTCGGCTCCAGGACT-1,Tumor
CTCGTTACGGCTACCA-1,Stroma
CACCCTAACAAGATCT-1,Tumor
GTGTATATCAGCGGGC-1,Tumor
ACACACCAGGACCAGT-1,Stroma
GTGCTTACATCAGCGC-1,Tumor
CGGAGCAATTTAATCG-1,Tumor
GTTTCTAGAGGCGCGG-1,Tumor
CGCTGGTGACTACCCT-1,Tumor
CCGTAGGGTTGTTTAC-1,Tumor
TCGGTCCCTGACTCCA-1,Stroma
ACCCATCTTGAGGGTA-1,Tumor
GGCTTTCAATAAGGGT-1,
GGGAACGGGAGGTTAG-1,Tumor
AATGATGATACGCTAT-1,Stroma
GTGGACGCATTTGTCC-1,
TGCTATGGCAAAGGGA-1,Tumor
ACTCTTGTATAGTAAC-1,Tumor
ATTGTTCAACGATCCG-1,Tumor
GGCTCCTCCACCTGTT-1,Stroma
TTGAGGGTCGAACGCG-1,Tumor
AGAGAACCGTCTAGGA-1,
ATCTCCCACGGAATAT-1,Tumor
GCAGCTGTCAACGCAT-1,Tumor
CGATCCTCGCAACATA-1,Stroma
TCCTGGCGCTGCCTGG-1,Tumor
TTGTGCAGCCACGTCA-1,Tumor
AAATTTACCGAAATCC-1,Tumor
GCCAATAGGGCATCTC-1,Tumor
GGTAAATGTGCGTTAC-1,Tumor
AAAGGTAAGCTGTACC-1,Tumor
ATTCTGAGTATGAACT-1,Tumor
TATACACAGACGCCTT-1,Tumor
AGTAGGTAACATACAT-1,Tumor
ATACGGGTTTCGATTG-1,
CGTAACGGAACGATCA-1,Tumor
CTTAGTGTAGTAGCAT-1,Tumor
GTAACTACGTAGACCT-1,Tumor
CAAGATATTATAACGT-1,
CAGCAGTCCAGACTAT-1,Tumor
GCACAAACCCTAGATG-1,Tumor
TACACCTCTTCGAATC-1,Tumor
GTCATGCACCTCCGTT-1,Tumor
CTATCGCGTAGAGAAC-1,Tumor
GTTAAGGGTGCGATGT-1,Tumor
ATGTACGATGACGTCG-1,Tumor
TACGAACACGACTTCA-1,Tumor
CATAGAGGAGATACTA-1,Tumor
CCGGCCGCGAGCATAT-1,Stroma
TAATTAGGACATCCGT-1,Tumor
GAATCGACATGGTCAC-1,Tumor
GGGAATGAGCCCTCAC-1,Tumor
AGACCATGGGATACAA-1,
GACTGGGCGCCGCAAC-1,Stroma
CTTCAGTGGTCGCCTA-1,Tumor
TTAACTTCAGGTAGGA-1,Stroma
CATTTCTAGCAGACTA-1,Tumor
AAAGACCCAAGTCGCG-1,Tumor
CTGGTTTCGAGCAAGA-1,
ATCCCATCCACAGCGC-1,Tumor
TTGGTCACACTCGTAA-1,Tumor
GGGCACTATTGACCAT-1,Tumor
GTGGCGGGCCGTAGCT-1,Tumor
ATGCGACAGTCCCATT-1,Tumor
CTAGGTCTGAAGGAAT-1,
CTTGTTGCTGAGTCAA-1,Tumor
GTTTCTGCAGTCTCCC-1,Tumor
CCGGTAATGGCTAGTC-1,Tumor
CCCGTAGCTGGGAAGA-1,Stroma
CATCGGACGGGTTAAT-1,Tumor
ACACTCCAATGTCACT-1,Tumor
ATTCATATACTGTCCA-1,Tumor
GAGGTACATCCATCTT-1,Tumor
TCATCGATGGTCCCAA-1,Stroma
TCTGAAGCACGTGGTC-1,Tumor
ACAATTTGGCCATATT-1,Tumor
AGGAGGCCTTCGCGCG-1,Tumor
TCGGCGGTATTAGATT-1,Tumor
CTTCTTACGTCGTATA-1,Tumor
TCAAGCGCGGACGGTA-1,Tumor
TCCCAAAGCCCTAAAT-1,Tumor
GCCCGCGCGTAAACGG-1,Tumor
TATAGAGTCGCTTGAA-1,Stroma
AGAAGGTACACTTCAC-1,Tumor
GCAGGTAGAGTATGGT-1,Stroma
CGGTCCGTCGCAAGCC-1,Stroma
GGAACGGCCTGCAGCC-1,Tumor
ATCCAACGCAGTCATA-1,Tumor
ATTGCGATCAGTAACT-1,Tumor
TTCTGCGGGTTAGCGG-1,Tumor
GCGGTTCCCTATCATG-1,Tumor
TTCTTAGTGGCTCAGA-1,Tumor
TTGCGCTTGATCAATA-1,Tumor
TAGAAATTCACGTATA-1,
TAAGTAAATGTGCCGC-1,Stroma
ATTCCCACATAAACAA-1,
ACATCGTTAACCTAGT-1,Tumor
CCTCATGCAGCTACGA-1,Tumor
GGTGGACTGCTCTGGC-1,Tumor
ATACGAGGTTTGTAAG-1,Stroma
AGTTCCTACAGAATTA-1,Tumor
AAGAGCTCTTTATCGG-1,Tumor
GTCACTCATGAGCGAT-1,Tumor
CCTGACCACCGATGGT-1,Tumor
ACACCGGTCTGACCGC-1,Tumor
TACGCCATATTCTAAT-1,Tumor
CCCGTGAGGGCGGTGA-1,Stroma
GGGACCCGTATATCTT-1,Stroma
GATGTCCGGATCACAT-1,Tumor
GCTGCTAAGTAGTCGA-1,
ATATCGTGCCAGACCC-1,Tumor
TCACTACGACCAATGC-1,Stroma
TTGGCTCAATATGTGT-1,Tumor
ATCTCATAAACCTACC-1,Tumor
CCGGCGTGAGACTCTG-1,Stroma
GTTACCTACAACTTGC-1,Tumor
CTACGACTAGCTATAA-1,Stroma
TTCAGCCCTGGTCCAC-1,Tumor
ATTTGTTCCAGGGCTC-1,Tumor
CTGCAAGCACGTTCCG-1,Tumor
TGTACCCGACCCTAAT-1,Tumor
GCCAGGAAAGAACACT-1,Stroma
GATTTGCGCTAACACC-1,Stroma
ATAACGCCGGAGGGTC-1,Tumor
TAGCTAGAAGGCATGA-1,Tumor
ATTCGTGCTATCTCTT-1,Tumor
CTTGCAACCGCCTCCT-1,Stroma
CAACAGAATAACGCTA-1,Tumor
GGAAGATAAGACTGTA-1,Tumor
AAGTGAGTCGGGTTTA-1,Stroma
CGGGCTACTTAAATTG-1,Tumor
CTAAATCCGGTGTACA-1,Stroma
ACGCGTTTCTTAAGAG-1,Tumor
ACAATTTGAGCAGTGG-1,Tumor
GCAAGAATTCCTTGGC-1,
ATTATCGGAATGTACG-1,Tumor
GACACCCAAAGACGCG-1,Stroma
CATGGGTCGGGTGTGG-1,Stroma
TGCTGTTGAAGAACTC-1,Tumor
GGTGATTTCATCTTGT-1,Tumor
AACGTCATCCGGCTTG-1,Stroma
AATTCCAAGCATGTAC-1,Tumor
TATGGCCCGGCCTCGC-1,Stroma
GCTTGATGATAATCAG-1,Tumor
TGGCAAGCACAAGTCG-1,
TGAGGTGTGTGGCGGA-1,Stroma
GGCCGTTTGGGTTTCA-1,Stroma
ACTGGGATGCCAGTGC-1,Stroma
CTATAGGCGTTGATGT-1,Stroma
GCCGAAATTCCTACGT-1,Tumor
TCGTACCGACGTCAAG-1,Tumor
GGTAACTATGTATCTG-1,Tumor
GGAAACCTTGTTGAAT-1,Tumor
GTATTAAGGCGTCTAA-1,
ACGTTCGCAATCAATT-1,Tumor
CCCGCAGGGCCCAAAG-1,Tumor
CGGTGTACTTGATCCC-1,Tumor
CAGCAGCCCGTTCCTT-1,Tumor
GTGCCTCAGTGTACGG-1,Stroma
AGAGTTAGAGACCGAT-1,Stroma
GATTCGACGGTTCACG-1,Tumor
GAGAGTCTCGGGAGAG-1,Stroma
ATTGATCACCACATTT-1,Stroma
CCGCACAAAGACCAAC-1,Tumor
AATGACTGTCAGCCGG-1,Tumor
CGGAAAGCAAATGTGC-1,Tumor
GTATCCTTTGGTAACC-1,Tumor
TGCCTGATCAAACGAT-1,Tumor
TCGCCGAAGTTGCGTC-1,
ACAAGGACAAGAGGTT-1,Stroma
CTAAACGGGTGTAATC-1,Tumor
TCCGAACTTGGCTTAC-1,Stroma
AATCGGTATAGCCCTC-1,Tumor
AAACGACAGTCTTGCC-1,Tumor
GCCCGATGCCCAGTTC-1,Tumor
CCGGGACCCGCAGAGA-1,Tumor
TAAGCAGGCGACACGC-1,Stroma
CGCTAGAGACCGCTGC-1,Tumor
GCCCGTAATACCTTCT-1,Tumor
ATGCCATTTGCGACCA-1,Stroma
GGATGTCCTTACCGCA-1,
CCACAATGTACGTCTT-1,Tumor
CATGCACGTGTTACTG-1,Tumor
ATAAGCAAACACCGAG-1,Tumor
TAGGGTGTTTCAAGAG-1,Tumor
TAGCGTCCCTCGATTG-1,Tumor
CTACACTCGCAGATGG-1,Tumor
GGCATTGAACATCTCA-1,Stroma
AGTTGGCAAGGCTAGA-1,Tumor
GTGACCGCACACTACG-1,
ACGCCACTCGAAACAG-1,Tumor
CGCCTCCCTCCTCTAT-1,Tumor
GGTTCGGATTATACTA-1,Stroma
CCCAGAGGAGGGCGTA-1,Tumor
AATAGAATCTGTTTCA-1,
GCTGCGAAGAATTATT-1,Stroma
TCGCTACTGGCTTTGA-1,Tumor
GAACCCTCTGTGTTCT-1,
AGCCACTCCCGTGCTT-1,Tumor
AACGTCAGACTAGTGG-1,Tumor
AGATACCAGCACTTCA-1,Tumor
CTCGAGGCAAGTTTCA-1,Tumor
AGAACTGTACTTTGTA-1,Tumor
CCACCAACTTTACTGT-1,Stroma
ATCGGAGACAGACGGC-1,Tumor
ATAAATATTAGCAGCT-1,Stroma
GACATCGATTTATAAC-1,Tumor
GATGTGTTGTCACAAG-1,Tumor
TCTGAGCAATTGACTG-1,Tumor
CTGCTGAGGCCACGAA-1,Stroma
ACCAAACTAGAAATCC-1,Tumor
TCAGGGCGACTTCCTT-1,Tumor
CCAATGTCACAGCAAG-1,Tumor
TTAAGTATTGTTATCC-1,Tumor
CCCATATAGGTCGATT-1,Tumor
GGTTCGCATTTGCCGT-1,Tumor
CAATATTCTTGACCTA-1,Stroma
CGGCAGGGTCGGGTTG-1,
CGGGCCTTCTTTGTAA-1,Tumor
CAAGAGGGCGGAGTAC-1,Tumor
CCCTATGTAGAGCAGA-1,Tumor
CAAACGAGTATCGCAG-1,Tumor
GTTCACAGGAGTCTAG-1,
CACGGCGCGCCAAAGG-1,Stroma
CACGAAAGTTAGTCCC-1,Stroma
GGCCACACGAAAGCCT-1,Tumor
TCCCAGCTTTAGTCTG-1,Tumor
GTGTTACTATGCGTCC-1,Tumor
AGGAAGCTGTCCGCCG-1,Tumor
TACGTAAAGCGGAGTG-1,Tumor
CCAGATAGTTGAGTGA-1,Tumor
GAGTTGATGGCAATTT-1,Tumor
AAACGGGCGTACGGGT-1,Tumor
GACGGACCGCGTTCCT-1,Tumor
TTGCGTGAACGCTTAG-1,Stroma
AAGTCTTCTGTGGCCT-1,Stroma
TGCAGCTACGTACTTC-1,Stroma
CAAGCAACGTCGGAGT-1,
CACCACGCCACACAGA-1,Stroma
TGGGTAAGGTTCCCGC-1,Tumor
TCCAATAAAGGCTACC-1,Stroma
CACCCGGTTTGTGACT-1,Stroma
ACAAATCGCACCGAAT-1,
GTGATCAAGCGTGCAC-1,Tumor
AACTGATATTAGGCCT-1,Tumor
TTGGATATCGTCTACG-1,Tumor
CTTGTGAGTCTTTGAC-1,Tumor
CCACGGCAGGTGTAGG-1,Tumor
GCTTCCGTCCCTAGAC-1,Tumor
ACCAGTGCGGGAGACG-1,Tumor
TATTATGTTTGCCTGC-1,Tumor
AGCCTAATACCCACGT-1,Tumor
CTGGCGATTTACATGT-1,Tumor
ATTCAGGACCTATTTC-1,Stroma
AGTGCTTGCACGAATA-1,Tumor
ATTACATGTCAGTCTT-1,Tumor
CTATTTGGTTACGGAT-1,Tumor
TCACATCTTATCTGAT-1,Tumor
CGTTAATGTCCCGACG-1,Tumor
ACTCTCTTATACACGA-1,Tumor
GACGCCTGTTGCAGGG-1,Tumor
CCGGAAGTTATCAGTC-1,Tumor
TAAGCGCGAATCAAAT-1,Tumor
CGGGCCATAGCCGCAC-1,Tumor
AGATCGTGCATAAGAT-1,Stroma
TACATGCCGGAATTGT-1,Tumor
TTCTTGGACGATCTGC-1,Stroma
CATGAGATGCACTCTC-1,Tumor
GCCAGGCGTTCGCATG-1,
GAAGGAGTCGAGTGCG-1,Tumor
CGAGTGCTATAGTTCG-1,Tumor
CTATCGGGTCTCAACA-1,Tumor
TTGTGTATGCCACCAA-1,
CCCTAGGCAACAAGAG-1,Stroma
TGCACAGTGAAGTTAT-1,Stroma
GGTTTACAATCTCAAT-1,Tumor
TTATAGGTAATTGTCT-1,Tumor
CCGCGCAAGATACCCA-1,Tumor
GAGGGAGTCAGATCGC-1,Stroma
CTCCGGCCTAATATGC-1,Tumor
ATGGCAGCATTACGAT-1,Tumor
CACAAGAAAGATATTA-1,Tumor
TCCAAGCCTAGACACA-1,Tumor
TATATGCTGGGTTGCC-1,Tumor
AACGATAATGCCGTAG-1,Tumor
ACAAACCATGCGTCCT-1,Tumor
CGGCTGAAGGTTACGC-1,Tumor
CTAAAGAATGCCTACT-1,Tumor
TCTATGCTATAACGAC-1,Tumor
AGTGACTGTGACACAA-1,Tumor
GAGTATGCCCGCCTTG-1,Tumor
ATAAGTAGGGCGACTC-1,Tumor
GTGCGTGTATATGAGC-1,Tumor
ATGTTCCTGCCCACCT-1,Tumor
TCCCAAAGACGAAGGA-1,Tumor
CAAGCACCAAATGCCT-1,Tumor
CTCTTCTGGAAGTTAG-1,Stroma
AAATGCTCGTTACGTT-1,Tumor
TTGGGACACTGCCCGC-1,Tumor
CGGACGTTACTTGAAG-1,Stroma
TCGCCCAACTGACTCC-1,Tumor
TGCGCGATTAACGGAG-1,Tumor
TCTGTGATGGAGGTTG-1,Tumor
CTTCATCACCAGGGCT-1,
CTTTGGCTTTAGTAAA-1,Tumor
ACCACAAGTTTCTATC-1,Tumor
GGGCGGCAAATGAATT-1,Tumor
TTCTTGCTAGCATCTC-1,Tumor
TGGTTGGAGGATCCTG-1,Stroma
CCTGGCTAGACCCGCC-1,Stroma
TGCTCGGCGAAACCCA-1,Stroma
ATGTCATTTCCCATTG-1,Tumor
TTGTCACCGCGGTATC-1,Stroma
CGGGAATATAGTATAC-1,Tumor
GTGAGTGGTACAACGC-1,Tumor
CAGAACTTAGCCCTCT-1,
GTGTCGTATAGCGTTC-1,Stroma
TGGCATGAAGTTTGGG-1,
GATAAATCGGTGGATG-1,Tumor
ACAATAGTCGTACGTT-1,
ATACCAGGCTAATAGA-1,Tumor
TAACGCTTTGAGAGCG-1,Stroma
GAAAGTGACTAACTGC-1,Tumor
CCAAATCAAAGGGCAA-1,Tumor
TATGGATGTGCTACGC-1,Stroma
GATCTAACCGTATTCA-1,Stroma
ATAAAGGTCAAGTACG-1,Tumor
GTATAGTGGCCCATGT-1,Tumor
AGTTCCTATTTATGTT-1,Tumor
TTAAGCGCCTGACCCA-1,Stroma
CGACCCTTAACGCCGG-1,
ATCAAGATCCCAGGAC-1,Tumor
CTTCGGCCAATTGTTT-1,Tumor
GTGGACGTGCTGAGAC-1,Tumor
TGAGATTAGGCCCTAA-1,Stroma
AGGATAAAGTCGGGAT-1,Tumor
CCACTCAGATCCGCAA-1,Tumor
CTACATATCGCGGGAC-1,Tumor
TGTGAGACTAGCCCAA-1,Stroma
GGCCGAGACTCTGGTG-1,Stroma
ATCAATGCCGTGGCTG-1,Tumor
AGCTTCTTCTCGAGCA-1,Tumor
AGTAGCTAGACGCCGA-1,Tumor
CTCCGCCCACATGAGG-1,Tumor
CGTGTGTTAAACCCTG-1,Tumor
ATGACTATCAGCTGTG-1,Stroma
AGTCGTATAAAGCAGA-1,Tumor
CGACCTACTAGACAAT-1,Stroma
GTTAACATCACTTAAA-1,
CCTGTCCCTCACGTTA-1,Tumor
CTAAGGGAATGATTGG-1,Tumor
TGGACCAATCTAAGAT-1,Tumor
CTTTATCCGACGCATG-1,Stroma
AATTAAAGGTCGGCGT-1,Tumor
GGGATTTACCGCACCT-1,
CCAAACAGAACCCTCG-1,Tumor
TGGTTATGCTTGCGGT-1,Tumor
CACTTCGTCTTATCTC-1,Tumor
ACCAAGTCATCGGCAG-1,Tumor
CGACAGTTCGCGTTAT-1,Tumor
TTCCACATTTCTCGTC-1,Tumor
GTCCAATATTTAGCCT-1,Stroma
AGCTCTTCCCAGTGCA-1,Stroma
ACGCTAGTGATACACT-1,Tumor
AGTACGGGCACCTGGC-1,Tumor
TGTGATTCCAGCGCTT-1,Tumor
TGGCACGAGCTCGAGT-1,Stroma
GGTCTGAGAATCTGGA-1,Tumor
AGATTATAGGACGTTT-1,Tumor
ATGGTATTGGGAACCG-1,Tumor
TAGTCCGCAGAGAATG-1,Tumor
AACTAGCGTATCGCAC-1,Tumor
AGTTACTCTATCGTGG-1,Stroma
GTCCTACGAATAGTCT-1,Tumor
GCAGCCTATATCACAT-1,Tumor
ATTCCTCCGCCAGTGC-1,Tumor
CGAGTACTAAAGAGGA-1,Stroma
CGTAGCGCCGACGTTG-1,Tumor
ATCAAAGAGCCGTGGT-1,
GTATCTCAGTCTTGAC-1,Tumor
CCCGACCATAGTCCGC-1,
CAAGTGTGGTTGCAAA-1,Tumor
GGATCCGGAATATACT-1,Tumor
TTAACGTTAAAGCCTG-1,Tumor
CTGCTTGGCGATAGCT-1,
ACTGGCGAACCTGCGT-1,Tumor
GAGCTCAACATGAGCG-1,Tumor
TCTTACCGGAACTCGT-1,Stroma
TTGCCGCTTTCTAGTA-1,Tumor
TGCAGAACTATATCGT-1,
TTAAACAGAGTCCCGC-1,Tumor
GTCATGGACATGACTA-1,Tumor
GCTGTATTACTGGCCC-1,
TGCGTCATGACTGAGC-1,Tumor
GATTGACACTCTGCTC-1,Tumor
ACTTTCCTATAGCTTC-1,Tumor
CGGTTATCCAACAGTG-1,Tumor
TCACGCATTGTAGATC-1,Tumor
CAGACGAACCTGATAC-1,Tumor
AGCCCGCAACAAGCAG-1,Stroma
TCCAATGCGTCGCCGC-1,Tumor
CACCTAATAGAGTCGT-1,Tumor
TTCTCAATTGCTACAA-1,Tumor
TAAGTGAATAGTCTAC-1,Tumor
GACACTTCCAATTACC-1,Tumor
TCCTCTGGCCCATTAG-1,
ACTCTAAACCTGGGAT-1,Tumor
ATGTGTAGTTTAGTCA-1,Tumor
GTTCTTCCCTCGATGT-1,Tumor
ATCCAGAGCAACAACC-1,Tumor
TCCGATGACTGAGCTC-1,Stroma
TTAGAAGAACATGACT-1,Tumor
GGCTCGTGCCACCAGC-1,Tumor
ACTGTACGATACACAT-1,Tumor
AGACCGCTCCGCGGTT-1,Tumor
ATATAACACGGGCGCA-1,Tumor
GAGCCAGCTACCTGTG-1,Tumor
GGTAACCGGGAGGATA-1,Stroma
GGCGCGTTCGAGTTTA-1,Tumor
ATCTTGACCTGCAACG-1,Tumor
AACAATACATTGTCGA-1,Stroma
TCTACCGTCCACAAGC-1,Tumor
TGACAACGCATGTCGC-1,Tumor
GACAGGCACACACTAT-1,Stroma
CACACGTTTCAATGGG-1,Tumor
AAACATGGTGAGAGGA-1,
ACTATGTCCAGCTGCC-1,Tumor
GGCAAAGGCGCCAATA-1,Stroma
GAGCGCGCACGAGTAG-1,Tumor
ACTATTTCCGGGCCCA-1,Stroma
CTACTATCATAGGTTT-1,Stroma
TATCAGTGGCGTAGTC-1,Stroma
CCGATCTCAACCTTAT-1,
GGTCTCCAAGTAGTGC-1,Tumor
TTGCCATAGCCCGCTC-1,
CCGGGCGGTCTCGTCA-1,Tumor
CGCGTACATTCTGGAA-1,Tumor
ATCCAGGATTCGTGAA-1,Tumor
GCGCTCGATCACCTGT-1,Tumor
GGAATGCGCTAGCGTG-1,Tumor
CGTTGCCCGCGTGGGA-1,Stroma
GATAAGGCAGATGCAA-1,Tumor
CCGACAAAGGGAGTGC-1,Stroma
TTACGGATGGTTCGAG-1,
CAATACGCTCTGAGGC-1,Stroma
TGCAGGATCGGCAAAG-1,Tumor
AGCATCATTTCGAAAG-1,Tumor
CGCCCTAATTGTTCAA-1,Tumor
CAAACCAGGTCTGCAT-1,Tumor
ATGGTCGCGTGGTTTC-1,Tumor
AAAGGCTACGGACCAT-1,Stroma
CCTTCCGCAACGCTGC-1,Tumor
CTGTCACGCCAGGCGC-1,Stroma
ACGTCCTAAACGAGAT-1,Tumor
ACGCCCAGCTGTCGAT-1,Tumor
GCGAGTTCTGCAAAGA-1,Tumor
ATTAATGAACCAGTCG-1,Tumor
TACCAGAAGTAGGTTC-1,Tumor
GAGTACGGGTATACAA-1,Tumor
TTGAATCGTTGTATAA-1,Stroma
AGAGAAGGAGTACAAT-1,Stroma
CCTCCTAGCTAGAGTC-1,Tumor
GAAGCTCGGACCCGTC-1,Tumor
CTCGCCGAATGTAGGG-1,
ATAGTCTTTGACGTGC-1,Tumor
TAGCGTTGGGTCTTAC-1,Tumor
GATCTTAGTGAACGTG-1,Tumor
GAACGTTAGGAAGACG-1,
GGAGCAACATTTCAAG-1,Tumor
CTTGGCCAAGCTGGGA-1,Stroma
ATTACAACTACCGGCC-1,Tumor
GAGGTACGCGTGTCCC-1,Tumor
CTGTAGTGAGGATCGA-1,Stroma
TAAAGGAGAAACTAGT-1,Tumor
TGGTTCGTAGCAAAGG-1,Tumor
GAACGACCGAATGATA-1,Tumor
TTCGCCGCTCGCGCTA-1,Tumor
CTAGCTTAATGGTCCC-1,Tumor
GTTTACGTTCCATCTG-1,Tumor
GATCGGTGGCCATAAC-1,Tumor
TCTCGTGTTACGAGGA-1,Stroma
GGCCTTTGCAACTGGC-1,
AACACGACTGTACTGA-1,Tumor
CGAACAGTATGGGCGT-1,Tumor
GCCAAGAATACTTCTG-1,Stroma
CGGGAGCTTCAGTGTA-1,Tumor
TGACAGGACAAGTCCA-1,Stroma
GATCTTTGCTCAAAGA-1,Tumor
GCGCGGTCTAGTAACT-1,Tumor
TCCGACCGCTAATCAA-1,Stroma
TGATTCAGGTCCCGCG-1,Stroma
ATTTGCGCGAGTAGCT-1,Stroma
GGCAATAGTCAATGAG-1,Tumor
CATGGATTGTCTTCCG-1,Tumor
AGCGTTCCGATTTAAA-1,Tumor
TACCAAATAGCCCAGA-1,Stroma
TGCCTAATTGAAGATT-1,Tumor
ACTTGGGCTTTCGCCA-1,
CCCAACCACACTAACA-1,Tumor
TTCAGCTGGCGTGCCC-1,Tumor
CAATTAAGGGTGATGA-1,Tumor
ACATTTGAAACCTAAC-1,Tumor
CGTCGTCCTTCGCGAA-1,
TAAATGCCGTCTCATG-1,Tumor
TCAATACAATTGCTGC-1,Tumor
TGAGGAGTGCCAGCTT-1,Stroma
TGGGTTTCGGGCGTAC-1,Tumor
TAACAGGTTCCCTTAG-1,Tumor
CAGTTCAAATTGACAC-1,Tumor
TTACTAAAGGACTTTA-1,Tumor
CCGGTTTGTAATTGTG-1,Stroma
TAAGTTGCGACGTAGG-1,Tumor
TTGTGAACCTAATCCG-1,Tumor
CTGCACAACTACATAT-1,Tumor
GGATCTTACTGCCCTT-1,Stroma
CTGGTAAAGACTTACA-1,Tumor
CATGATGGAAGTTAGC-1,Tumor
GCGACGATAGTTGTAC-1,Tumor
CCAATTGAATGTTAAT-1,Tumor
AGTAATCTAAGGGTGG-1,Tumor
GTATCAGCTTGGGTTC-1,Tumor
GCTCGCGGTTCCGCTC-1,Tumor
AGCATTACGAGGCAAG-1,Tumor
CGGGATCAATGTAAGA-1,
TTGACCGTGTTAATGA-1,Stroma
GTTATTAAATACGACC-1,Tumor
TGCCAAAGTCAGACTT-1,Tumor
GGGATATTGATCGCCA-1,Tumor
GACCAGAGCCCTGTAG-1,Tumor
ACACTGGGACAGTCGT-1,Tumor
TTGACTACCATATGGT-1,Tumor
GACTAAGATCATGCAC-1,Tumor
TTCTTCCCTTTGATAT-1,Tumor
CTGGTTCAACGCATCA-1,Tumor
TGATTCGTCTATCACT-1,
GGGACTGCATAGATAG-1,Tumor
TCGCATAAAGGGCGCA-1,Tumor
ACGCATTCGTGAGTAC-1,Tumor
CCGGGCTGCTCCATAC-1,Tumor
ATCCTACCTAAGCTCT-1,Tumor
CAATGACCCTTAATTT-1,Stroma
GTGCTGTTAGAACATA-1,
CACCTAATCAGTTTAC-1,
GATCTCGACGCTGTGG-1,Tumor
TTAAAGGCGATGCTCG-1,Stroma
GGGCCTAAATGGGCTA-1,Stroma
CAATAAACCTTGGCCC-1,Tumor
GACCCAATTATGATAC-1,Tumor
AGTTGACATCGGCTGG-1,Tumor
CCTTCGTATAGAATCC-1,Tumor
GTACTACGGCCTCGTT-1,Tumor
CATAATGAGCGGGCGA-1,Tumor
TGTGGTAGGGTGCCTT-1,Tumor
GGAACCTTGACTCTGC-1,Tumor
CGATGTTGTTATCTAC-1,Tumor
CCGTATTAGCGCAGTT-1,Tumor
GGTGATAAGGAGCAGT-1,Tumor
GTGGACCAACCCGATT-1,Stroma
TGTTTAATACTTCATC-1,Tumor
GCCATATTGCACACAG-1,Stroma
CTAATTCTCAGATATT-1,Tumor
TGAGTGCCTCTTAAAT-1,Tumor
TGTGTCGAAGTCGAGG-1,Stroma
ACCGACTGAGTCCCAC-1,Tumor
CAGTTCCGCGGGTCGA-1,Stroma
CCAGTCTAGACGGCGC-1,Stroma
TATCCTATCAACTGGT-1,Tumor
TAGTGGAACTCATACA-1,Tumor
TTGAAGGATGGGCGCC-1,Tumor
AGCGTACGAGAGCTAG-1,Tumor
GCATAAATTGAACGCC-1,Tumor
AGTAGGAAGGAAGTTG-1,Stroma
TCCTCCTAAGACATTC-1,Tumor
TCTAATACTGCCTCAG-1,Stroma
TGACAGAAATCTTGCT-1,Tumor
AGCGTGGTATTCTACT-1,Tumor
CTCTTGTCCCGCTTGG-1,Tumor
TACCGCGGACTTGCAG-1,
CGAGAGCTTTCACTAC-1,Tumor
TGTAATGACCACAATA-1,Stroma
CATTTAGCGGACCATG-1,
ATCAGACGGCACGCCG-1,Tumor
TCGGTTAGCCATGTAG-1,Stroma
TCAAATTGTTGTGCCG-1,Tumor
TCCGGCCTGCATCGAT-1,Tumor
CTAGTGAAGGACAGGA-1,Tumor
AGCGGACACTTCGTAG-1,Tumor
CCGGCGCATATTGGAT-1,Tumor
ACGCCGCTAGACGACC-1,Tumor
GGTTTAATTACCATCG-1,Stroma
CGATCCACCATTGTTG-1,Stroma
GTTTCCTGGAGGGTGA-1,
CTATGTCTATTGAAAC-1,Tumor
CACATATTAGCAGGAT-1,Tumor
GCTACTATAGTAGAGT-1,Tumor
CGATAGCGATACAGTG-1,Tumor
TGGCAGCAGTAATAGT-1,Tumor
CCTAAATTAACGGTTC-1,Tumor
CGTGCCCTCCCGAAGA-1,Tumor
GAGTCCGCTTACCGGA-1,Tumor
CGGCTCTTCGTCGAAC-1,Tumor
ACCCGGAGCACCACAA-1,Tumor
CATAAGAAGCTTGGCT-1,
CGAATGAAGTCATTGC-1,Tumor
TTCATGGCGCAACAGG-1,Tumor
CAATGTGCCAACCCTT-1,Tumor
CGTGAAGTTAATTCAC-1,Tumor
GGCCCAGCTGGTTTGC-1,Tumor
ACTTGACTCCCTCTTT-1,Tumor
CCATATGGAAACTATA-1,Tumor
GCGCCTCCCACTCCGA-1,Tumor
TATCACTTCGAGTAAC-1,Stroma
TAATAGAACAGAGTTA-1,Stroma
AGCTTGATCTTAACTT-1,Stroma
AAAGTCACTGATGTAA-1,Tumor
CTCATTGCTCTAACAA-1,Tumor
TGGCAAACTAAATTAC-1,Tumor
AGGTCAGGTGAGAGTG-1,Tumor
ATAGCCTCAGTACCCA-1,Tumor
TCGCTAAACCGCTATC-1,Stroma
TTAAGCCGACAACTTC-1,Tumor
TCCCGTGTGCAATTTG-1,Tumor
CCCTCATTCTGGAATT-1,Tumor
CAAACTATTGAGCTTC-1,Tumor
AGTTTCGCAGGTCGGA-1,Tumor
GGTGCGGATAAGTGGC-1,Tumor
GACCGACTGAAGCGTC-1,Stroma
CTCCGAGTAAATCCGC-1,Tumor
TAAAGACAACCCTTTA-1,Tumor
ACCCTATGCCATATCG-1,Stroma
ATCTGTAATTGTACCC-1,Tumor
GCGGGCAGACGGGTGA-1,Tumor
ACGGACTCTCAAAGCG-1,Tumor
TGTTCCGCTTCCATGA-1,Tumor
GCACAACCTCGGGCGT-1,Tumor
TTGAACGACGTGCTGA-1,Tumor
TGATAGCGGGATTCTA-1,Tumor
GTTTCATATCGTCGCT-1,Stroma
GCGGATTACTTGTTCT-1,
TACTACGTGCAATGCG-1,Tumor
AATTGAACGCTCTGGT-1,Tumor
GGTTCCACCCGCTTCT-1,Tumor
ACTTATTAGGATCGGT-1,Tumor
GATTCCTATACGGCGC-1,
TACTGCAATCAATTAC-1,Tumor
ATGCGAGTCCCACCAC-1,Tumor
CACATCGTGCACGCGC-1,Stroma
TGCAGAGTACCGAGCA-1,Tumor
CGGTGAAGACTAAAGT-1,Stroma
TCGCTCGATATATTCC-1,Tumor
CGCTATTCTTAGGCTC-1,Tumor
TGCTCTTGAGAGTTTG-1,Tumor
CAACTTGTAGTGGGCA-1,Tumor
AGTAATGTCTTGCCGC-1,Tumor
TTGTGTTTCCCGAAAG-1,Tumor
TTGTTGTGTGTCAAGA-1,Tumor
TAGCAGTAAATACGCG-1,Tumor
CATAGTCAAATACATA-1,Tumor
GCGACCCAACCATCTG-1,Stroma
GAAAGCCCTTTGGACC-1,Stroma
ATAAACGGACCCGTAA-1,Tumor
CTTTGAAACATATTCC-1,
CATAGTACATTGAGAG-1,Tumor
TCTGCAGATTCGAGTC-1,Tumor
CACACAGGGATAGATT-1,Stroma
TGGTAAGCAGGATTGA-1,Stroma
AAACCGGAAATGTTAA-1,Tumor
GCGGCTCTGACGTACC-1,Tumor
GCCTTGTATATGCAGT-1,Tumor
AATCTGCGTTGGGACG-1,
CGGCTCTAAAGCTGCA-1,Tumor
CCATTTCTACCTATTA-1,Tumor
CATATACTACTGATAA-1,Stroma
TGTAGTGATCTATAAT-1,Tumor
CAAATGTCCTTCCGTG-1,Tumor
TTCGACAGAGCCCGTG-1,Tumor
TGTGGAGGAAGCTTAA-1,Tumor
CCGTAGGAAATCCCTG-1,Tumor
GCAGATTAGGGATATC-1,Tumor
GAATGTGGTCCGGATT-1,Tumor
GAGATCTGCTTGGCAT-1,Tumor
ATTATAGCTACTTTAC-1,Tumor
TACGCTGCTGTGTTAA-1,Tumor
CTGTTCACTGCCTGTG-1,Tumor
CGTTCAAGGAAACGGA-1,Stroma
CACTAAAGTTGCCTAT-1,Tumor
ACGTCTCGTTCCGGGA-1,Stroma
GACTCGCGGGAATGAC-1,Tumor
TGACATGTAACGTGAC-1,Tumor
TCTTTAGCAGGCGAAC-1,Tumor
TTATAGATGCACATTA-1,Tumor
AGGACATCGCACGTCG-1,Tumor
AAAGTGTGATTTATCT-1,Tumor
CTCAACTAACCCGGAT-1,Tumor
GATTGGGAAAGGTTGT-1,Tumor
CGGGCGATGGATCACG-1,Tumor
TTGGCCTAGAATTTCG-1,Tumor
TTCTAGGCCAATTGTG-1,Tumor
ATAATAGTGTAGGGAC-1,Tumor
AAATAAGGTAGTGCCC-1,
GATGTTCAATCCACGA-1,Tumor
TGTTCCGGCCTGAGCT-1,Tumor
GCATTCAAGGCAACGC-1,
GAACCTTTAACGATCC-1,Tumor
TAACATACACGCGATC-1,Stroma
CTGTTGTTCAGTCGTA-1,Tumor
TCCCGGTCAGGAATTT-1,Tumor
GGCTAAAGGGCGGGTC-1,Stroma
GCTAGCTTGAATAGCT-1,Tumor
GCGTAAATGGCCATAA-1,
TTCAATACTCTGAATC-1,Tumor
ATTATTCAGAGTCACT-1,Tumor
GGGCGGTCCTATTGTC-1,Tumor
TGGAGCTAAAGTTCCC-1,Tumor
AACCCGAGCAGAATCG-1,Tumor
ATGTTGTAGTCTGTTT-1,Stroma
GGACAACCATGAAGCC-1,Tumor
AGATGCATCCTGTGTC-1,Stroma
TAGCGTCCGGTGTGGT-1,Stroma
TCGCTTTAAACGTTTG-1,Stroma
GCGATTCTGGAAGCAG-1,Tumor
TCAACCATGTTCGGGC-1,Stroma
TAAAGTGCACGTCTCG-1,Stroma
AGTAACGTTCATCCTG-1,Tumor
CGCTGTGACGCCGCAC-1,Tumor
TCAAAGTCACGGCGTC-1,Tumor
AGTCGACGGTCTCAAG-1,
GTGGTCAGCGAAGTAT-1,Stroma
TTATGTTTGCGATAGA-1,Tumor
TGCATGTGGTAATCTA-1,Tumor
AGGACGCTCGATGTTG-1,Stroma
TGTGCCGGTGCCGGAA-1,Tumor
AGGTTCTCCTTTCCGG-1,Tumor
GTAACTGCCCAAGGAG-1,Stroma
TGCATCTCCGGATCTT-1,Tumor
CAACGCGATGAGCCAA-1,Stroma
ATTACGGGCTACGGTT-1,Tumor
ACGATACCTATCCTGA-1,Tumor
TACAACAGCGCATACA-1,
CCTCCGACAATTCAAG-1,Tumor
CAACTCCTTGATCCCG-1,Tumor
TGTGACTACGCCAGTC-1,Stroma
GTTGCACGGAGTTTCG-1,Tumor
ACAGGTGTGTTGTTGC-1,
GAACGCGGGTCACACG-1,Tumor
CCGTTTCCTTTCCGTG-1,Stroma
AGACCCGCCCTCCTCG-1,
AATGACGTAGGATGTC-1,Tumor
TTCTACCTCAATCGGT-1,Tumor
AAGCCGCCGTGAAATC-1,Tumor
AGTAACTATAGCAGCC-1,Tumor
CTCCCAATGAGTCGCG-1,Tumor
CGAGCACTTCAAGTTT-1,Stroma
CGGCTTTGTATGATAA-1,Tumor
GGTTTAGCCTTTCTTG-1,Tumor
CCACGGTGCCCGGTAG-1,Tumor
CGTCACGTCCATTGGT-1,Tumor
CTGGGCACTAGTCGGA-1,Stroma
CCCGAAGTTTCGCGAA-1,Stroma
GTGAAACGTGCTCCAC-1,Tumor
GCTAGGCACCACGGAG-1,
AATTATACCCAGCAAG-1,Tumor
GCAACCACGGCCGCGT-1,Stroma
GGGAAAGAATGCCAAC-1,Tumor
AAGCGCAGGGCTTTGA-1,Tumor
GATTATCTTGCATTAT-1,Tumor
ATAATTAGCTAAGTAG-1,Tumor
ACATAAGTCGTGGTGA-1,Tumor
AACCATGGGATCGCTA-1,Tumor
CGCAATTCTACAATAA-1,Stroma
GGACCTCTAGGCCGCC-1,Stroma
AGGCTTAAGTTGCACA-1,
CGTCTCTCGCCGAGGC-1,Tumor
GTGCTCAAGTACTGTC-1,Tumor
CTAACCGCGCGCCCGT-1,Tumor
TTATCTGACATTAGGA-1,Stroma
CCTCGGTTTCCTTGCC-1,Stroma
CGTTGAGTAATTGCGT-1,Stroma
TACCATGTATTGATTT-1,Tumor
GGCAAGCCCATAGTGG-1,Tumor
TCTAGCATCTTCGATG-1,Tumor
AACCTTTACGACGTCT-1,Stroma
TATAGGGTACTCATGA-1,Stroma
AATAACACTAGAACAA-1,Stroma
GCACACACTGGTAGCC-1,Tumor
CGAGAGCGCGTAGATA-1,Stroma
AACCCGATAGGGCTTC-1,Tumor
GTAAGGATTTGTCGGA-1,Tumor
CGGCACCGTTAGCGCC-1,Stroma
GGCCTGCTTCTCCCGA-1,Tumor
TTAGAATAAGGGTCGG-1,Stroma
GCAAGTGTAAAGCATG-1,Stroma
AGAGAAACACCAGAAA-1,Stroma
TGCGGACTTGACTCCG-1,Tumor
TGGCCAATTTGGTACT-1,Stroma
TTATCCTCAAGGAATA-1,Tumor
ACACCCAGCATGCAGC-1,Tumor
CCCGGTGTATCGGAAT-1,Tumor
CTGCTGTCTAACGAGC-1,Tumor
GTTCGTCTAAAGAACT-1,Tumor
GACACTGAGTTCAGTG-1,Tumor
GGGCGGGTTCCCTACG-1,
TTCTGCGAGCGCCCTT-1,
TAGAAACCACTAAGTA-1,Tumor
TATTAACCTGACCGCG-1,Stroma
GGCGTAGGGAAAGCTG-1,Tumor
TGCGTGATTGGGTGTC-1,Tumor
TCTGGCCGTTCAAGTT-1,Tumor
GTTGAGTCCCGCCGGT-1,
ATTAAACATGCGGACC-1,Tumor
TTGTGATCTGTTCAGT-1,Tumor
ATCGGCAAGCAGTCCA-1,Stroma
TGGCGACTGCTCCAAA-1,Stroma
CTCACCGATCCAAACT-1,Tumor
AGGGTCAGTAACCCTA-1,Tumor
TATCTGAGCCGATATT-1,Tumor
ACAGCATAGAGCCAGT-1,Tumor
TCGTCACACTGTTAGC-1,Tumor
ATCCACATCGACAGAA-1,Tumor
TGGGTGCACAAGCCAT-1,Tumor
GAAGACTTCAATGCCG-1,Tumor
AGTTAAGCGGTCCCGG-1,Tumor
GCTTACGTAGTTAGTA-1,Tumor
CCAAGACTTCTGCGAA-1,Tumor
ATGGTTACGAAACATG-1,Tumor
AGGTTTCACACACCTT-1,Tumor
AACTCTCAATAGAGCG-1,
CCTGACGCAACCTTTA-1,Tumor
CCGCCTGCGAATTGGT-1,Stroma
GGGCGATATGTGTGAA-1,Tumor
CTGAATCCGAGACCTC-1,Tumor
CACTCAGCTCTTGAGG-1,Tumor
CCCGCAGCGCGAACTA-1,Tumor
CGGTGCGCGTTGGTCC-1,
CCTGTTTGAAGACACG-1,Tumor
CCCTCAGATCGAGAAC-1,Tumor
CCAATAGATTTCATCT-1,Tumor
GTACTAAGATTTGGAG-1,
CGTGTCCCATTCGCGA-1,
TGAATGTCAGCCGGCC-1,Tumor
ACGCATACGTTTACTA-1,Tumor
GAGTGTCAACCAGAAA-1,Tumor
GGCTCTGCTCCAACGC-1,Tumor
TTCCGCGTGAGGCGAT-1,Tumor
GAAGTGCTGGATAGCT-1,Tumor
TTCCAGACGAGATTTA-1,Tumor
GTCTCCTGCCAGTATG-1,Tumor
AGTACTCTTATGCCCA-1,Tumor
TGCGACACCCTAGTGC-1,Tumor
TACAAGCTGTTCACTG-1,Tumor
ATATCTTAGGGCCTTC-1,Tumor
GGTCAAGACTACTTCG-1,Tumor
CATGAACCTCTTATCA-1,Tumor
CATGATACGGTGAAAC-1,Tumor
TATTACCATCCTGCTT-1,
CAAACCCTCCGGCGGG-1,Tumor
GCGCGTCATTGGTACA-1,Tumor
CACCGGAGATATCTCC-1,Stroma
TTCGGACTGATGCCTT-1,Stroma
TGCAAACGTACTAGTT-1,Stroma
GTCTCCGCCTCAATAC-1,Tumor
TTAGCTGATTTGCCGT-1,
ACTCATGGCAGCCTTC-1,Tumor
GGCGGTAGGATCATTG-1,Tumor
GGTAGAAGACCGCCTG-1,Tumor
ATTATGCTCAGTATTG-1,Tumor
GAGTCGACAGACCCTC-1,Tumor
GTAGCGGCTATACACT-1,Tumor
CTTCTATGTTGAAGTA-1,Stroma
ACTTCCTGTCGTGCGA-1,Tumor
ATTTATACTGGTAAAG-1,Tumor
AATCGAGGTCTCAAGG-1,Tumor
TCTGAACTCGTACCCG-1,Tumor
TTGCTCCCATACCGGA-1,Stroma
TTGCTCATAGTACGTG-1,Tumor
ACCGAGTCTCCTTATT-1,Tumor
GCAAGCTGGAAACCGC-1,Stroma
CACAGCTAGGGAGTGA-1,Tumor
GGCGAAATCTAACTTG-1,Tumor
ATCACATTAGAATATC-1,Stroma
CTACTCTAGGCCCGGC-1,Stroma
GCTGTTGCTACCGAAC-1,
CCACAGTACCCATCCT-1,Tumor
GCATCGGCCGTGTAGG-1,Tumor
CTGGCATCCGAATGAG-1,Stroma
TGGCTACACTCTACCT-1,Tumor
CTTACACGGTATTCCA-1,Tumor
CCTCGGACCGGGATAG-1,Tumor
CACCGCCGACCAGCGA-1,Tumor
TTGCGGCGACTCATGC-1,Tumor
CCATTAGCGATAATCC-1,Tumor
ATGCACCTTCCTTAAT-1,Tumor
AGGGCGAGCAGCTGAT-1,Tumor
ATGATCGGGAATAGAC-1,Tumor
ATACGACAGATGGGTA-1,Tumor
GTAACAACTGACCTTG-1,Tumor
AGTTTGGCCAGACCTA-1,Stroma
ACACGGGAACTTAGGG-1,Tumor
ATTCACTGATGTTGGA-1,
TTGATCTAACTTTGTC-1,
TCTATCATGCAGTTAC-1,Tumor
GGGTCACTGAGTAGTG-1,Tumor
AATTAGCGCTGCAGCG-1,Tumor
CTATTCATGTGTCCCA-1,Tumor
GGGCGTTTACATTCAT-1,Tumor
CTGCGATTTCGAGATT-1,Tumor
GAAACAGCCATGCAGT-1,Tumor
TGGTCTAGCTTACATG-1,Tumor
TAGTCTGCGGCACATT-1,Stroma
ATGCGACAATTGGTCC-1,Tumor
ATACGGTGAAGATGCA-1,
CTAGACATATATGTAG-1,Tumor
GCGGAGAAACTTCGCA-1,Stroma
TGCTCACACAACAACC-1,Tumor
TACTTAAACATGTACA-1,Tumor
TTCTTATCCGCTGGGT-1,Tumor
CCGAAGTATATTGTTC-1,Tumor
CACAGTTCGCTTCCCA-1,Tumor
CAAATCTCTCACAAGG-1,
TGAGTGTAACAACGGG-1,Tumor
CACCATCGGAGGAGAC-1,Tumor
AAACCGGGTAGGTACC-1,Stroma
AATCATGTAAAGACTC-1,Tumor
ACGTACAGATTTCTCT-1,Tumor
GCAAACCTTGGCCATA-1,Stroma
GGCGGAGTAATATTAG-1,Tumor
CGGAAAGAATCAAACG-1,Stroma
TATGAAGAATTAAGGT-1,Tumor
CCATTCCCTGCCCACA-1,Tumor
CGGAAATTTCACATCC-1,Tumor
TGTGGACTATCTACGT-1,Tumor
TCCCGGGTGTGCTGCT-1,Tumor
GTCGTCAATTATAAGG-1,Tumor
TCACTATCCCTTCGGT-1,Tumor
AACGTCGCTGCACTTC-1,Tumor
GAGCTCTCGGACCTAA-1,Tumor
AGCTATTTAATCCAAC-1,Tumor
TGTACTATCGCTCGTT-1,Tumor
TTGCTGAAGGAACCAC-1,Tumor
TTACACGATCTGCGAC-1,Tumor
CCGCGGGTACGAAGAA-1,Stroma
TGGGCCCATACTAATT-1,Stroma
TCTGTGGCTACATTTC-1,Tumor
GCTAAGTAGTTTCTCT-1,Tumor
CTCGGTCCGTAGCCTG-1,Tumor
GCACAAGTGGATCATA-1,Tumor
AACGATAGAAGGGCCG-1,Tumor
AAACCCGAACGAAATC-1,Tumor
TGCCACCTGGCGAAAC-1,
TCATCACTCGAGCTCG-1,Tumor
TCGGGTGAAACTGCTA-1,Tumor
ACCCAACGCCCGTGGC-1,
GATAGGATTAATTACA-1,
CATTCCCATTCCGTCG-1,Tumor
CGCACGTCTGTTTATG-1,
CATACGGCGTCTGGGC-1,Tumor
GGATCAGAGCCATCAG-1,Stroma
CCTTCTCAGCGTTCCT-1,Stroma
ATCCACTTTCAGACTA-1,Tumor
GCTGAGGCGTGAGTAT-1,Tumor
ACTTCCATGCGGGACA-1,Tumor
GCTCATTGATCATATC-1,Stroma
GTGACGAGGGTGACCC-1,Tumor
TGGCGGTGTGCGATTG-1,Tumor
ATCATGGACTACCGAC-1,Tumor
CCCTCAAGCTCTTAGT-1,Tumor
CACGTTCGTGCTCTAG-1,Tumor
TTCGACGGGAAGGGCG-1,Tumor
AAACAGTGTTCCTGGG-1,Stroma
ATCCTGAATCGCTGCG-1,Stroma
TAAACGTCGTCAATGA-1,Tumor
AGACGAAGTGCCGGTC-1,Tumor
TGACGATGCACTAGAA-1,
AGGCGTCTATGGACGG-1,Tumor
CCTGTCGTGTATGAAG-1,Tumor
CGGTATGGGCACTCTG-1,Tumor
AAACAGCTTTCAGAAG-1,Stroma
GAATGGGCTTATCGAC-1,Stroma
CGCACATGTCCACTAC-1,Tumor
CCATAAACAACCCGAC-1,Tumor
AAGCGTCCCTCATCGA-1,Stroma
GGTCACGTTAGATTCA-1,Tumor
TCTTTCATCCGTCCTT-1,Tumor
AAATAACCATACGGGA-1,Stroma
CTGGGATCGCCCAGAT-1,Tumor
CGCATGGTGCGATGCT-1,Tumor
GACTGCACCAGCCCAG-1,Tumor
TAGAATAGCCGATGAA-1,Tumor
TGTACTTCCGGGCATG-1,Tumor
TTAGCTCTGTAATCCG-1,Tumor
TCTAGGTGGCGACGCT-1,Tumor
ATCCTGCTGCAGATAG-1,Tumor
CCTGTGAAACCGTAAC-1,Tumor
GCTGAATCTTCCAATC-1,
TTCGAACGAAACATGC-1,Stroma
GTACGTTTGCCCGTCA-1,Tumor
CGTCGCATGTGAGCCA-1,Tumor
TAGCTCAGATCCTAGT-1,Tumor
GCGGTCTTGCTTTCAC-1,Tumor
AAACAGAGCGACTCCT-1,Stroma
GTACAGAGGCAAGGGT-1,Tumor
TCCAGAGCACCGGTTC-1,Tumor
CTCGATATTTGCGAGC-1,Tumor
ATCTGACATGGAAGGA-1,Stroma
CGGCAATAAGATCGCC-1,Tumor
ACCAATATGCAAGTTA-1,Tumor
CGTAACTTCGACACTT-1,Stroma
TAGTCGATCACGGGTT-1,Tumor
GTCCAGGCACGTGTGC-1,Stroma
ATTGTCGCAATACCTT-1,Tumor
GATAGATAGTACAGTC-1,Tumor
GACGCTTGCTTCTAAA-1,Tumor
TTAGACACGATCGTTG-1,
TCACAGGTTATTGGGC-1,Tumor
ACTATCCAGGGCATGG-1,Tumor
GCGTCCCTAAGACATA-1,Stroma
GCTAAGTAAAGGCGAT-1,Tumor
CAATCCTGCCGTGGAG-1,Tumor
GTCTCGCCAACACGCC-1,Tumor
ATTCAGATGAATCCCT-1,Tumor
CCATGCCCTAGATTTC-1,Tumor
GTGTACCTTGGCTACG-1,Tumor
GCGAAACGATCGGGAG-1,Tumor
TATATCATTGATCAGT-1,Tumor
AGCCCTTCTAATCCGA-1,Stroma
TCTTCTATAACCCGCC-1,Tumor
CTTGACCCGAAAGATA-1,Tumor
GACGGTCAATAGAAGC-1,Tumor
CATGGTATTAGTTTGT-1,Tumor
CGCCGTTCAGCATAGT-1,Tumor
TTAGGTCATAACCGAC-1,Stroma
TAATTACGTCAGTAGA-1,Tumor
ATTTACAGTTTACTGG-1,Stroma
TCACTCTTCGTCTGTC-1,Tumor
TTCCGCAGAGAAATAT-1,
CTTAGCCCGGATAGTG-1,Tumor
TAATTTCCGTCCAGTA-1,Stroma
CGGATCCTCAAGGACT-1,Tumor
TCAACAAAGATAATTC-1,Stroma
GCTCCGGACGTTGATA-1,Tumor
GATATTTCCTACATGG-1,Stroma
TCAGGGTGCACGAAAC-1,Tumor
CTTTAACTTTCAAAGG-1,
GGGCCATTCGTGCTGG-1,Tumor
ACCCACCTACATGCTC-1,Stroma
TTCCGGTATCTGTGTC-1,Tumor
AAATCGCGGAAGGAGT-1,Stroma
AGAGTAAACTTCACTA-1,Tumor
TACATGACCTTATCCG-1,Tumor
AAATTAACGGGTAGCT-1,Tumor
TCAACTGCAGAGTCAG-1,Tumor
GGGCAGACGTCACTGC-1,Stroma
GAAATACCTGCTGGCT-1,Tumor
ATGGATTGACCAAACG-1,Tumor
CCCGAGTTTCTCCGTA-1,Tumor
CGCGGCAGTATTACGG-1,Tumor
TAGGTCCAAGTAAGGA-1,Tumor
TCAACATCGACCGAGA-1,Tumor
TCTTACTTATGCCTCT-1,
GTGCCTGAGACCAAAC-1,Tumor
TCGTATTTCGTCCGGA-1,Tumor
AGAATTGTTTGACATA-1,Tumor
GGACTAAGTCAGGAGT-1,Tumor
CCGAACCTTCCCGGCC-1,Tumor
GCTGCACGGTTTCTTA-1,Tumor
GTCTTGAGGAGCAGTG-1,Tumor
GTTGCGGACGGTCAGG-1,Tumor
CAGAGCATGAGCTTGC-1,Tumor
CGATGGACCCTACGCC-1,Stroma
TCCTGCGTTGATACTC-1,
TGAGATCAAATACTCA-1,Tumor
GGTGAGATGCAGATAA-1,Tumor
GGGCCCGTCTTAAACA-1,Tumor
AGAACCCAGCGTGACA-1,Tumor
TGCGACGGCCGAACGT-1,Stroma
CAACCTACCGAGCAGT-1,Tumor
AAAGACTGGGCGCTTT-1,Tumor
AATTTGGGACATAGTA-1,Stroma
ACTTAGTACGACAAGA-1,Tumor
AGGTTACACCATGCCG-1,Tumor
AGTGATTCAAGCAGGA-1,
AAATTTGCGGGTGTGG-1,Stroma
ATGGAAATTTAAGGAG-1,Stroma
CCGATCTTAAGAGGCT-1,Tumor
ATTGGGAATATCTTGG-1,Tumor
GAACAGATTACTAAAT-1,Stroma
TCCGGCCTAGCGTACA-1,Tumor
GATTCCGCGTTTCCGT-1,Tumor
CCTCTCTCCCATCTAG-1,Tumor
TGATGCTCACGTAGTC-1,Tumor
ACCCATTTGTCCCTCT-1,Tumor
GTACTCCCTTATCGCT-1,Stroma
GTGAAGATTTCAAGTG-1,Tumor
AGAACCCTCAATTGGG-1,Tumor
GTAGTTTAAGCACACG-1,Tumor
GGCGCAGGACATCTTC-1,Stroma
ACGCGCTACACAGGGT-1,Stroma
AGGATATCCGACTGCA-1,Tumor
TTCTTGTGTCCATCAG-1,Tumor
AGTGATATGAGTAGTT-1,Tumor
ATTATCTCGACAGATC-1,Tumor
ACGTAGATTGCTGATG-1,Tumor
GGTCGGATAAACGGCG-1,
TAGAGTCTAAGCGAAC-1,Tumor
TTCGCACTGTACGACA-1,Stroma
ATACGTTATGCACGGA-1,Tumor
GAGTCCACCAGGTTTA-1,Tumor
CAAGTGAACTTTGGTT-1,Tumor
ATTCTTCGTACTTATG-1,Tumor
GTTTGGGTTTCGCCCG-1,Tumor
TGTATCCTTATTCCAT-1,Tumor
GCAAACGTCGCCAGGT-1,Tumor
GTGGAGTCGGCGGTTG-1,Stroma
CTATTGTGTTTGGTCA-1,Stroma
AAGTTTACTAATGGCA-1,Tumor
AAATACCTATAAGCAT-1,Tumor
GCACAAACGAGGCGTG-1,Tumor
TAGCTCGCCTGATAAC-1,Tumor
CAATATGTAGATTTAC-1,Tumor
GCAACACACTAGAACT-1,Tumor
AAACAGGGTCTATATT-1,Tumor
CCCGCCATGCTCCCGT-1,Tumor
CTTAAGCAGCGAGCCG-1,Stroma
CTACACTAGCTTGTTC-1,Tumor
CAAGGTCCTATAGGCT-1,Tumor
GAGAGGGCGCGAGGTT-1,Tumor
ACAAGGGCAGGCTCTG-1,Tumor
AGCAGAAGGAGAAAGA-1,Tumor
GTCTATTGCATGCTCG-1,Tumor
CTTAGATGTTTCATCC-1,Tumor
CATTCCCTAAGTACAA-1,Tumor
GTGATCCTTGTCATGA-1,Tumor
TACAATGAAACCAGCA-1,
CCTGTCGCCCGTAAAT-1,Tumor
CAGCGATTCCCTTCAA-1,Stroma
ATTATGAGACCCAATT-1,Tumor
ACTTTGTCGACGCACT-1,Tumor
TGAAACTTATGCAAGC-1,Tumor
GCCCGCGCGTTTGACA-1,Tumor
GTGAGTCGACTAATAG-1,Tumor
CAGATCATTTAAAGTC-1,Tumor
ACTTGCCATATTGTAC-1,Tumor
CTCTCGCTGTACTATG-1,Tumor
ACGTTAGATTTGCCCG-1,Tumor
CTCGGGCATCGTCGGG-1,Tumor
TCATATGAGCTTTGTT-1,Tumor
AGATGAGGGTTGCGAT-1,Stroma
CATGTGGGCTCATCAC-1,Tumor
TGTACGAACAAATCCG-1,Tumor
AGTCACTCCGCCTCAT-1,Tumor
TTCCCGGCGCCAATAG-1,
CGTGGAAGCCTCGTAC-1,Tumor
GACGACGATCCGCGTT-1,Tumor
TGCCTGACATCGGTCA-1,Tumor
GCTTCGACGTTCAATC-1,Tumor
ACATACAATCAAGCGG-1,Tumor
GCTAAACCTGAGGTGA-1,
ATCTTATCGCACACCC-1,Tumor
AGTCAAGATGACACTT-1,Stroma
CACCGTATCCCATCCG-1,Tumor
CCACAGCTGAAATCAT-1,Tumor
CCAACCTTATGTAACT-1,Stroma
AATATCGAATCAATGC-1,Tumor
GCTCTAAACCCTGACG-1,Stroma
TGGCAATGGGACGGCG-1,Tumor
CTACCCTAAGGTCATA-1,
ATTGTACAACTCGGCT-1,
TTGAATTCACGTGAGG-1,Tumor
TAGCAGTATGACTAAA-1,Tumor
TCCTTCAGTGGTCGAA-1,Tumor
GGCCACAAGCGATGGC-1,Tumor
CGCATGCCGAATGCGT-1,Tumor
CTAAATCCTATTCCGG-1,Tumor
TGCGTTTGTTGACACT-1,Tumor
AAGCATACTCTCCTGA-1,Tumor
GGCACTCAGCCGACCC-1,Tumor
AGTCGTCGACCACCAA-1,Tumor
TGAGCAGTCGTGAAGT-1,Tumor
AGCCCGCACTACAATG-1,Tumor
CAAGGATCGCATGTTC-1,Tumor
GCGGCTTTAGCAAGTT-1,Tumor
GTACTTGGGCACTTCT-1,Tumor
CTATCACAACGCTGGA-1,Tumor
GCCGCATTAGTCCGGC-1,Stroma
CTCTTCTATTGACTGG-1,Tumor
GCTACAATCGAGGATA-1,Tumor
AGATACGACTTCATAT-1,Tumor
TCGTAAGACGACATTG-1,Tumor
AGAACGTGGTACATTC-1,Tumor
AGGGACTCTACGCGAC-1,Tumor
AAGAGGATGTACGCGA-1,Stroma
GGGCACGAATTGGCCG-1,Tumor
TAGCAGATACTTAGGG-1,Tumor
TGCTATACAAACGGAC-1,Tumor
TTATCCAATCGAACTC-1,Tumor
AGTAGCGTGAACGAAC-1,Tumor
CGTTCAGACCCGCGAA-1,Tumor
CCGGGCTAAGAATTTC-1,Tumor
AAACTTGCAAACGTAT-1,Tumor
TAACAAAGGGAGAAGC-1,Tumor
TCCTAAATTGGGAAGC-1,Stroma
GCATCCCTAACTTTGA-1,Tumor
ACCCTATAGGACTGAG-1,Tumor
CGCTTTCCGCCAAGGT-1,Tumor
GCATTGTAATTCATAT-1,Stroma
TTGGCGATCCGAATAT-1,Tumor
CATCCAATATAGTTTG-1,Tumor
TTGCGCTCTCTCGCTT-1,Tumor
TGGGTGTTAAGTAGAA-1,Tumor
TATTAACACCAAAGCA-1,
GGACTCTTTGACTAAG-1,Tumor
GCGAGGCCCGAGCAGA-1,Tumor
GTCAACCAGGCCTATA-1,Tumor
ACCGCAATAACTGCCT-1,
TCGCATTCAATGACTT-1,Tumor
GGAGAAGTCATTGGCA-1,Tumor
CCTATACCGTCCTGTC-1,Stroma
CGTGACCAGTCCTCTG-1,Stroma
AGCTCCATATATGTTC-1,Tumor
GATATGAGACACTAAC-1,Tumor
CCCTCGGGAGCCTTGT-1,Tumor
TTGTTCAGTGTGCTAC-1,
TCCTAGCAAAGAAGCT-1,Tumor
CAATCCCTATACCAGC-1,
TGCCAATGGGTACTCT-1,Tumor
TCCTTGTCCTTTAATT-1,Tumor
ATGACTATGCGACATT-1,Stroma
GTCTATACACGCATGG-1,Stroma
GATGCTGTATTTCATC-1,Tumor
CTTAACTTCGAAGTAC-1,Tumor
CTTCTGGGCGTACCTA-1,Stroma
TCTTCGATACCAATAA-1,Tumor
ACCCTCCCTTGCTATT-1,Tumor
ACGAGATATTTGCTTA-1,Tumor
GTCTAAGATGCCCAGC-1,Tumor
TCCCGCGTACTCCTGG-1,Tumor
TACGCCGCCTCAGAAG-1,
GTTCGGAGCACTCAAC-1,Tumor
ACACACTTTCTACACG-1,Tumor
CCGGAATGGTTTCAGT-1,Tumor
CGGTTGACCTGGCATA-1,Stroma
CCTCCTGAGCCCACAT-1,Stroma
GTGGCCTAATATCATT-1,Tumor
AACTAGGCTTGGGTGT-1,Tumor
TTGTATCACACAGAAT-1,Tumor
GAAGAACGGTGCAGGT-1,Tumor
ACTGATTTAGTGATTC-1,Tumor
ACGTACTTTGGCACGG-1,
TCAGCAGTAGGCCCTG-1,Stroma
CACACACGCTAACGAG-1,Tumor
CCGCTTACCTCACTCT-1,Stroma
AGCTCTTTACTCAGTT-1,Tumor
GAAATCGCGCGCAACT-1,Tumor
GTAACATCAGCTCATC-1,Tumor
CACTCGGTTAGGAGGA-1,
TGTATAACAGATCCTG-1,Tumor
CTGCGGGTGAAATGTT-1,
GTTAACTATGTTGTCA-1,Tumor
GAACGTCTCATGGTCG-1,
TAGTGCCCTCCAGAGT-1,Tumor
CATTGCAAAGCATAAT-1,Tumor
GCTCGACCGAACTGAA-1,Tumor
TTACTGTTTCTCTACG-1,Tumor
AGAGCGGGCTAATCAT-1,Tumor
CGACACGGATGCCCAC-1,Tumor
GGACTCACAAATTAGG-1,Tumor
GCGTCGAAATGTCGGT-1,Tumor
TTCCTCGAGGGTGTCT-1,Tumor
CCCGGGTCGTTCAGGG-1,
GATCGCTGTGGTGCGT-1,Tumor
GACATACTGTCGCAGA-1,Tumor
AATGCAACCGGGTACC-1,
ACCGATAGGCATAACC-1,Tumor
TGCAATTTGGGCACGG-1,Stroma
CGAAGGGTTTCAGATT-1,Tumor
AGTTACCGCACATGGT-1,Tumor
TACGATCCAAGCCACT-1,Tumor
GCTACGACTTATTGGG-1,Tumor
GTTCGGATCGGGAACA-1,Tumor
CGTGCCCGACATTTGT-1,Tumor
GATTCTGTTAATGAGT-1,Tumor
GCCCTGAGGATGGGCT-1,Tumor
CTAACTGATAATCGCC-1,Tumor
CACGACCACAGACTTT-1,
CGAGTTCTGTCCCACC-1,Tumor
CCCAGTAAACTTGGGA-1,Tumor
CCTTTGAATTATGGCT-1,Tumor
ATAGACAACGGGACCT-1,Tumor
GCGGCAAAGTATTGCC-1,
AGCGGTTGCCGCTCTG-1,Tumor
TTCGTGCATGTTATAG-1,Stroma
CGGGCAGCTAAACCGC-1,Tumor
CAACGACCCGTTTACA-1,Tumor
ATCGACCCAATACAGA-1,Tumor
TAGATATGGACTGGAA-1,Tumor
CGGCTGCAAGATTAAG-1,Tumor
ACCACAACTCAGAACA-1,Tumor
GTGGTGATGGTTTGTG-1,Tumor
TCGTATAGTGCAATTA-1,Tumor
TGCGAGCCCTTCCGCG-1,Stroma
AAGTAGTGACGCGAGG-1,
CATTGTGTGCTAGATC-1,Tumor
AACGTGCGAAAGTCTC-1,Tumor
AACGGACGTACGTATA-1,Tumor
AATAGTCGCGAGTCGG-1,Tumor
AGGCGGTTTGTCCCGC-1,Tumor
CTTAACTTACAGTATA-1,Tumor
GAGATCGATCTTACTC-1,Tumor
GGATCAAAGGACGAGG-1,Tumor
ACGATACATAGAACTA-1,
AATATCAAGGTCGGAT-1,Tumor
GGAGTGCCGCCCTGGA-1,Tumor
TAGATCCGAAGTCGCA-1,Tumor
CGAGGGACTGCGGTCG-1,Tumor
TTACTCTGGTACGTAC-1,Stroma
CATGATGCACAATTCT-1,
CCGGAGCGTACTTTCT-1,Stroma
CATTTATCGTTCAAGA-1,Tumor
CGAGGCCAGGCATTGG-1,Tumor
TCGACATAGCGTAGCG-1,Tumor
GAAGGGTCATTAAGAC-1,Tumor
CACGACGTAATAGTAA-1,Tumor
TGGACTGTTCGCTCAA-1,Tumor
TGAAGAGCGGTCCTAG-1,Tumor
GGGTGGTCCAGCCTGT-1,Tumor
GCAGATCCATAAGACT-1,Stroma
CAAGTCGTTGAAATCT-1,Stroma
CAACTCCAACGTTTAG-1,Tumor
GCGTCTCTGCATTGGG-1,Tumor
AGATTCAAGCGGGTCG-1,Tumor
CGTGACATTGGGTCGT-1,Tumor
CAATTTCGTATAAGGG-1,Tumor
CCTGCGTTCTACGCTT-1,Tumor
GGGTTAACATTTGAGT-1,Tumor
ATAGGTTGGGCAGATG-1,Tumor
GGGTGCATATGAAAGC-1,
GGTTACCGCTCCCTAC-1,Stroma
TTGTCTCGGCAAGATG-1,Stroma
CACTTAATCAGACGGA-1,Tumor
AATATCGAGGGTTCTC-1,Tumor
ATACGTACTTAGCCAC-1,Stroma
ACCTACTATAAATCTA-1,Tumor
GATGCCTTCTGCGGCA-1,Tumor
CCTAGGTAAAGGTAGC-1,
ATTTGTCTTGGGAGCT-1,Tumor
GTCGTATTGGCGTACA-1,Stroma
TGGGTGTAATAGATTT-1,Tumor
TCATGCAGGTTCTCAT-1,
ATGGATCCGGCGTCCG-1,
CCAGCCTGGACCAATA-1,Tumor
TATAGCGCACGTTATC-1,Stroma
TGTGACTAGAGTTTGC-1,Tumor
TAAAGCTGCAATAGGG-1,Stroma
GAGCTAAGGGCATATC-1,Tumor
CGGCCACGCACAAAGT-1,Tumor
TGGCCAAACTGAAGTA-1,Tumor
ATCATCCAATATTTGT-1,Tumor
TTATGACAAACTGGAT-1,Tumor
ACTTCGCCATACGCAC-1,Tumor
GCGCGATGGGTCAAGT-1,Tumor
ATGAGGAGTGTTAATC-1,Tumor
CTCATTCGTGAACATC-1,Tumor
CCAGCTCGAACGCATT-1,Tumor
CGATACCTCGCGGACA-1,Tumor
TCTCGACGTATCGCCG-1,Tumor
AGGGTGCCGTTCTTTA-1,Stroma
TACTTTACTGAGCCGG-1,Tumor
GTACGAGATTGCGACA-1,Tumor
CCTGAGAATAAATGCA-1,
GGTTGTGTAGCCTGGC-1,
TCTGATGTATTCTGTC-1,Stroma
CGTCGGATAGTGTTGA-1,
AAGGGACTATGCATTC-1,
GTACTCCTGGGTATGC-1,Tumor
TCAGACGCTATAGAAG-1,Tumor
AGGTCGCGGAGTTACT-1,Tumor
AGTCTCACAAGACTAC-1,Stroma
GTTCAATCTATGTCAA-1,Tumor
ACGCATAAATGACATG-1,Tumor
ACCAGCCCGGTCTTTG-1,Tumor
CTAACGAAACTTGCTG-1,Tumor
CCCGTGACAGTGCCTT-1,
TCCCAAACAGACAACG-1,Tumor
AATACCGGAGGGCTGT-1,Stroma
TTCCGGCTCGACTTCT-1,Tumor
AGGTAGATCGAGATAT-1,Stroma
TTCGGCTAGAGATGGT-1,Tumor
AGGCATTGTCGTAGGG-1,Tumor
GGGCATGCATGTCGAG-1,Stroma
CGATCTGTTGGAGGAC-1,
GCAACCCAAGTTGTTT-1,Tumor
TCTGAACCGGTCGGCT-1,Tumor
AGACAGCTCAGAATCC-1,Tumor
GAACACACATCAACCA-1,Tumor
CCGGGTTCGAGGTTAC-1,Tumor
GTTATAATACGGTGAA-1,Tumor
CCCGCAAATAATCATC-1,Stroma
CCGTGAGGCATTCATG-1,Tumor
CGCTTTCTTGCATTCG-1,
TCGGTGACCGCTCCGG-1,Tumor
CTCATGGCTCACAATC-1,Tumor
CCGCGTAGGTAAGGGC-1,Tumor
AACATTGAAGTTGATC-1,Tumor
CTGCCCACGAAGCGTT-1,Tumor
CATTATCCCATTAACG-1,
GTGGTTTCCGCCTTTC-1,Stroma
TCGTTTACGCGACCCT-1,Tumor
GCGCTGCTTTGCATTT-1,Tumor
CAACTATATCGAATGC-1,Tumor
TGAGCCATACAGTCTC-1,
ACCATCCGCCAACTAG-1,Stroma
CATGTCTCATTTATGG-1,
ATTGGATTACAGCGTA-1,Tumor
TGACATATATGACGAT-1,
AACGCTGTTGCTGAAA-1,Tumor
ACACCACATAATTAGC-1,
ATATCGGTAGGGAGAT-1,Tumor
CGTAGAGAGTAATTAT-1,Tumor
CTTCAACTCCACTTGG-1,Tumor
TGCAACCCATCTGCGG-1,Tumor
AGAGGTATCTCGGTCC-1,Tumor
GGACGTCCATAGTTGG-1,Tumor
ATGTTCGTCGACCCAC-1,
CATACACGGTTCCCAC-1,Stroma
ATGGGTGTATACCTCC-1,Tumor
CTTGCCCAGGCTCTAC-1,Tumor
GTTGCCCTAACGGGTG-1,
GAGCTGTCGTCTCGGA-1,Tumor
AACAACTGGTAGTTGC-1,Stroma
CGCCATCCGATTATGA-1,Tumor
ATTAGATTGATAGCGG-1,Tumor
CTCTCGATGTGCGCCT-1,Tumor
TCCGCCTGTCTACAAG-1,Stroma
TTGCCCTGATCACGGG-1,Tumor
AATGTTGTCGTGAGAC-1,Tumor
ATAAACCATTGGACGG-1,Tumor
GCTTCCATGTAACCGC-1,Tumor
AACCTAAAGCCGTCCG-1,Tumor
TGATTTATTAGCTGTG-1,Tumor
GTCCGGACCTGAAATT-1,Tumor
ACTGTGCTAGTAGATC-1,Tumor
CTTACACTGGGAAATA-1,Tumor
CTCAGAGCTAATGTCG-1,Tumor
CATTATGCTTGTTGTG-1,Stroma
AAGGAGCGGTTGGTGC-1,Stroma
AAATGATTCGATCAGC-1,Tumor
AGTAGAAGGCGCCTCA-1,Tumor
TGGTATCGCATCCCAA-1,Tumor
AGCCGTGGCTAAATGT-1,Tumor
CCTCGTTACGCCTGTT-1,Tumor
CTTATGTTGACTACCA-1,Tumor
TGCGGTCTACGAGTAA-1,Tumor
TTCAGGCGTCAAAGCC-1,Stroma
TTGGTTGCGGTGCGCG-1,Tumor
AAATGGCATGTCTTGT-1,Tumor
TAATACACAGTAGTAT-1,Tumor
TTGAAGAATTCCCAGG-1,Tumor
CGACACCGCTTAAGGA-1,Tumor
GGATGGCTTGAAGTAT-1,Tumor
GTCCTACAGGCGGCTC-1,Tumor
CATGATCGCTTTGAGA-1,Tumor
GCCCAGATGCTGGAGA-1,Tumor
GCAGCTATGGACAGGT-1,Tumor
TTCACGAAAGGATCAC-1,Tumor
CAGTCTGTATACTGGG-1,Tumor
TGAGCTTTAATGACGC-1,Stroma
AGTACGTGGCCTGTCT-1,Tumor
AGGTAACCTCCTATTC-1,Tumor
GTTATCACCTTCTGAA-1,Tumor
GGACCAACAGGATAAC-1,Tumor
TAATACTAGAACAGAC-1,Tumor
AGGGCTGCAGTTACAG-1,Tumor
CTCGTGGCACTGAAAG-1,Stroma
TCCACCTCTAGCCTTT-1,Stroma
GGTCATTGTAGTCATA-1,Tumor
CAAACTACGATAGAGA-1,Tumor
GGATCTTGACTCAACC-1,Tumor
ATCTGCTGTTATCGCC-1,Tumor
GCGGGCGAGCCTTACC-1,
GATGACAAGTAGGGCA-1,Stroma
CGGACCTTTACGTCCC-1,Tumor
TTCCTTTCTGTGTTGC-1,Tumor
GGTACAAACATGCTAT-1,Tumor
GTGTATGACTTTAAAG-1,Tumor
AGTTCTGCGTTGTATC-1,Tumor
TTGCGTAGTTTGAGGA-1,Tumor
ATCGACTCTTTCCGTT-1,
GCACGCCTACTTAGAT-1,Stroma
TGGTATCGGTCTGTAT-1,Tumor
GCAGGACTATAGAATA-1,Tumor
GCAGTTCGATCCGAGC-1,Tumor
CAATGGTCGGCCTGGG-1,Tumor
TCGGCGAACCCAAACC-1,Tumor
AAACATTTCCCGGATT-1,Tumor
GCTCAATCCGTTTATT-1,Stroma
TAAAGCGGTATTTCCA-1,Stroma
CCTGTACTCACGCCCA-1,Stroma
GGGCACGTAGTACTGT-1,Stroma
ACACGAGACTCCTTCT-1,Tumor
ATCTCCCTGCAATCTA-1,Tumor
AGGGTCAGAGCACTCG-1,Stroma
CCTGCCCGTTGTCTAG-1,
TGAGTGGTCCGTGACG-1,Tumor
GGGCCTATACAACCGG-1,Tumor
TACGTTTACCGGCAAT-1,
AACGCATGATCTGGGT-1,Tumor
TAACTATCGAAGGTCC-1,Tumor
GGCGCTTCATTCCCTG-1,Tumor
TGAAGTAGCTTACGGA-1,Tumor
CTGATAGTGTATCTCA-1,Tumor
CTGGTGAATGGGCCTA-1,Tumor
CGATTAAATATCTCCT-1,
GTATAATCTCCCGGAT-1,Tumor
AAACACCAATAACTGC-1,Tumor
AAAGGGCAGCTTGAAT-1,Stroma
TAATAGGTCACCAGAA-1,Tumor
TACGCTATAGAAACCT-1,
ATAGGAATCTAAGCTT-1,Tumor
ACAAGCTATATGGAAG-1,Tumor
ACCTCCGCCCTCGCTG-1,Tumor
TTGCCTTCTCGCCGGG-1,Tumor
CTGTGGTCGGGAGATA-1,Tumor
ATCTTAGGGCATTAAT-1,Tumor
GCCACTCAGAGCGCGA-1,Tumor
CCCTAGTGTCAGGTGT-1,Tumor
TGACATCGAGCGGACC-1,
TACCTATCCCTAGAGG-1,Stroma
AAGCGGCGTCATGGGT-1,Stroma
CAGTGAATAAATGACT-1,Tumor
CAGCTCGTGCTTGTGT-1,Tumor
TCAGGGTGTAACGTAA-1,Tumor
ACCGTCCACTGGGCCC-1,Tumor
CGGTACTAGAATCAAA-1,Tumor
CTGGAAATGGATGCTT-1,Tumor
CGCTGTGTGGATGTTG-1,Stroma
CGGTTGAGTATCCTTC-1,
GGAAGGACACCGTATA-1,Tumor
TTGAGTCCCGCTGCTG-1,Tumor
GTACTGGAGTTAGACC-1,Tumor
CACATGATTCAGCAAC-1,Tumor
TACTGCATGATTAAAT-1,Stroma
TAACCTACCGTCCGAG-1,
GGCGCTCCTCATCAAT-1,Tumor
ATTGACGTAACTCGGT-1,Tumor
ACTACCATCCGAGGGC-1,Tumor
TCTGCATACCTTGCTT-1,Tumor
GATGTCGGTCAACTGC-1,Tumor
GGCCCAATCTAGAGGG-1,Tumor
GAGAATCTCACGATCA-1,Tumor
TTCTGACCGGGCTCAA-1,Stroma
GACACTGGAACCCGAT-1,Tumor
GCATGCTAATAACGAT-1,Tumor
GCTGGTGACTCGTAGT-1,Tumor
AATATCCTAGCAAACT-1,Stroma
AATTCGATTCGAGGAT-1,Tumor
CGCGACCGCGACAGAT-1,Tumor
TCGCCGCACCGCGTGA-1,Stroma
CGCACGTGCGCTATCA-1,Tumor
CTGCTTTATGTCCGCG-1,Tumor
CACCGCCAGAAGGTTT-1,Tumor
ACTCCCTAATGCTAAA-1,Stroma
TCTGATTGGAAATGGA-1,Tumor
CCCAGGTCTGAAGGCT-1,Tumor
GCAGAAACGTAATCCA-1,Tumor
CATCTGCAGGATCATT-1,Tumor
CATGGGTATGCCTTAT-1,Tumor
TTATGCGTCCCGGTCC-1,Tumor
CGCGACACTGCGCAGC-1,Tumor
GCACGCCGATTCCCGC-1,Tumor
GTGTCGTATTCACCTT-1,Tumor
TCGTTGCTATCCGGTC-1,Stroma
GGTATAGTGACACATA-1,Tumor
GTAATCTGATTCTTCG-1,Tumor
TATTTGATTTGCACAG-1,Tumor
TAAATGAATCCGTTTC-1,
CGAGCGTTGATCAGCC-1,Tumor
GCATTTCCAAGGCTCC-1,Tumor
ACCATATCCGCAATAA-1,Tumor
CTGTCAAATGGCTCGG-1,
CAGGCAGTCTTACCAG-1,Tumor
ATAGCCATAACAGTCA-1,
CTAATTATGAAGCGTA-1,Tumor
CTACTCAAGGTATAGT-1,Stroma
AAGTGCTTCTCTATTG-1,Stroma
GCCCATGGGTGCAATG-1,Tumor
TCCCAAACATCCTCTA-1,Stroma
TCGGCTAACTTCCCTT-1,Tumor
TCTAGCAATCTCCGCC-1,Stroma
ATTTGCCTAGTTACGA-1,Tumor
GATATCTCATGCAATA-1,Tumor
CGAGACTACTGCTGCT-1,Tumor
CATTTGAGTGGTACGT-1,Tumor
AAGGCTGTGCTCATCG-1,
GCAAGATGTGTTCGCG-1,Tumor
AGTCGTGGGCATTACG-1,Stroma
ACGGATGGTGCGGATA-1,Tumor
AGGGCAGCGGCGTGGT-1,Tumor
TCCGCGGCAGCATCTG-1,Tumor
CCAACTTGATAGATCC-1,Tumor
TGCAATCTAACACGGT-1,Tumor
CATCGCCCGCGGCCAA-1,Tumor
AACTCAAGTTAATTGC-1,Tumor
CTGCACTCCAGTACAG-1,Tumor
GTCAGAATAGTCTATG-1,Stroma
CAACAGTGCCAAACGG-1,Tumor
GAAATACTAAACGTTT-1,Tumor
CCTCGCGCGATATAGG-1,Stroma
GTGGAGCGTTTACCGA-1,Tumor
GAATGTTGGGTAATCT-1,
GCGGTGCGGAGCATCG-1,Tumor
CTTGAGGTTATCCCGA-1,Tumor
TTGCGGAAAGCTGCCC-1,Stroma
TCCGGTTCGTCCGGTC-1,Tumor
AAGCTAGATCGAGTAA-1,Tumor
CATCAACACCTACTAA-1,
ATGGTGCTCAAAGCCA-1,Tumor
CACGTCGGCAACCTCT-1,Stroma
GATGGTGCCCTAGGCA-1,Tumor
GACAACGCAGCTTACG-1,Tumor
GATCGCTATATCTCAG-1,Tumor
CCACGAGAAGAGAATC-1,Tumor
ACGGCTGGATGTAGAA-1,Tumor
TAAGAGGGACAGGGAC-1,Tumor
TTCGGACTGGGCATGG-1,Tumor
GTTGTCGTGTTAGTTG-1,Tumor
AGGCTATGGTTAGCTT-1,
GTTCGGGCGTACCATT-1,
GGTCTCTGAATGGACT-1,Stroma
CATATAGGTACAGTCA-1,Tumor
AGGTATGCGGACATTA-1,Tumor
AGGTACGATATTGCCA-1,Tumor
GCGCTTAAATAATTGG-1,Tumor
ACCGCTAGTCATTGGT-1,
GATGCGTCCTGCATTC-1,Tumor
CCCTGCGCTACGCATA-1,Stroma
TTAACGTCGCAAGACC-1,Tumor
GGGCGAATTTCTCCAC-1,Tumor
TTATATTTGGCAATCC-1,Tumor
AACGTACTGTGGGTAC-1,Tumor
GGGCTGGTTAGTCGCG-1,Tumor
ACCTCCGTTATTCACC-1,Tumor
GAAAGAACAGCGTTAT-1,
GAGCGCTGTTAGGTAA-1,Tumor
CCTGAACGATATATTC-1,Tumor
TCGGAGAGTATCGGGA-1,Tumor
TAAAGAGCCCGAAACC-1,Tumor
ATTGGTAGGATCCGCT-1,Tumor
GCCGGTCGTATCTCTC-1,Stroma
GAGCGCAAATACTCCG-1,Tumor
GAACGGTGTAAAGCAG-1,Tumor
TTGAAAGGTGTAAAGG-1,Stroma
TCGGGCCGTCGTGGTA-1,Tumor
GCACACGCCCATGGTC-1,
CGTGGTACCCAAAGGC-1,Stroma
TCGTGTTCGACCACAA-1,Tumor
TCTTCGAATAGACGTT-1,Tumor
GGTAGACCGTTGGGCG-1,Tumor
GTCAAAGAAGTGGTGT-1,Tumor
TCCGGAGGAAGGGCTG-1,Tumor
TGTGTAGTAGCACGTG-1,Tumor
CTATTTGCTTGGAGGA-1,Tumor
CTCGGTTGTCGGCCCT-1,Stroma
GTAGAGGGAGACAAGT-1,Stroma
GAGGGTAGTAACAAAG-1,Stroma
CGGTCAAGTGGGAACC-1,Tumor
CCGCTCTTCCGAACTA-1,Tumor
CTAGTAGAAAGGGATT-1,Tumor
TTCCATCATGCGGTGA-1,Stroma
GTAAGCGGGCAGTCAG-1,Stroma
TGCATATGTCTGTCAC-1,Tumor
GTAGACACGCCTGACT-1,Tumor
GTCTTAGTACAGCCGG-1,Tumor
CATAACGGACAGTCGT-1,
TCGCGCGTTTACATGA-1,Tumor
TTAAACCGGTAGCGAC-1,Tumor
CAATACGAGAGTCTGA-1,Tumor
ACATCCCGGCCATACG-1,Tumor
CAGAGACGGTCACCCA-1,Tumor
CGCGAAGTGGCATACT-1,Tumor
AGCACACGTTTAGACT-1,Tumor
GAACTTAGCGCCCGGT-1,
GTGCCATCACACGGTG-1,Stroma
TCTAGTTATCAGAAGA-1,Tumor
CGGAGTTTGAGAGACA-1,Stroma
TAGCAACCTGTCACAA-1,Stroma
CGAACGGCCGGACAAC-1,Tumor
CACACGCGCTGTCTTA-1,
TTAGTAAACCTGCTCT-1,Tumor
AAGCACCCTGCGTATC-1,Tumor
CAGAGTGATTTAACGT-1,Tumor
TCCAGGGTATATACGA-1,
AAAGGTCAACGACATG-1,Tumor
ACGAGAACCCATCACG-1,Tumor
CCTGAATATTTACATA-1,
CACCTTGGCGCCTTTG-1,Tumor
CCCTCCTCGCTCGTAT-1,Tumor
AACTGGGTCCCGACGT-1,Tumor
GAAATTCACATCGCTG-1,Tumor
GAGCCGAGCGTTTATT-1,Tumor
AGTATAATACTAGGCA-1,Tumor
ACGCCAGATGATTTCT-1,Tumor
GGTCGGTCGTCCACAG-1,Stroma
AGTTTGCACCTGCCTC-1,Tumor
GATCCGGGAATTAACA-1,Tumor
CCTGATTCGCGAAGAA-1,Tumor
TTCTACCTTTATGTTG-1,Tumor
AGTTATTGAAAGGTAA-1,Tumor
GGTCAGTGGGTCCCAC-1,Tumor
ACCGTTCCCGCTCTGA-1,Tumor
CTAGGTTCGGACGTGA-1,Stroma
CGAAGCTATAAATTCA-1,Tumor
GAGGAATGGAGAGGTT-1,Tumor
CTGTATGGTGTAGAAA-1,Tumor
CTGGTAAAGTGTGGGC-1,Tumor
GCACCTAGGCGAGTCC-1,Tumor
AGGACAGTCGAATCCC-1,Tumor
TGTGTCGCGAGTTGCA-1,Tumor
ACTTATACTTACCCGG-1,
TACTCTCCGAACAAAT-1,Stroma
CCCGCTAGAGGGTTAA-1,Tumor
TATCCCTCGATCTGCA-1,Tumor
TCGCGTCCAGAAGGTC-1,Stroma
CACCGTTAGGGATCAC-1,Stroma
GTGTACGAACCGTTCC-1,
ACCCGGATGACGCATC-1,
CACCTTGCGAAACTCG-1,Tumor
CCGCCACCACAATCCA-1,Tumor
AGTGATAACCTGCGCG-1,Tumor
TTCCATCGACAGCGTG-1,Tumor
CCGAGCTGTGCTTGTC-1,Tumor
TCAGGTTCTTTGAGAA-1,Stroma
CGAGATTTCGCTCGGG-1,Tumor
TTCACTCGAGCACCTA-1,Tumor
TTGAACGAATCCTTTG-1,Tumor
CACGATTGGTCGTTAA-1,
GAAGTGATTTATCGTG-1,Tumor
TCTATTACGCTGGCGA-1,Tumor
TAGCTAGTGATGATGG-1,Stroma
ATGGGCCTCGGCCTCT-1,Stroma
CGCAATTACTTTCGGT-1,Tumor
AACTCCAGAGCGTGTT-1,Tumor
TGTATCAGACTGAAGC-1,Tumor
AAATGGCCCGTGCCCT-1,Tumor
CTAACAGCACAATAAC-1,Tumor
AGTATACACAGCGACA-1,Stroma
CTCTACACTGGCGATT-1,Tumor
ACCGACACATCTCCCA-1,Tumor
ATTAGATTCCTCAGCA-1,Tumor
GGGCGTGGTTTCCCAG-1,Tumor
GGTTGTGCTCTTGTCC-1,Tumor
TACCGTGCCTCGGACC-1,Tumor
CAAGAAACCCTAAACT-1,Tumor
CTACTGCCACCTGACC-1,Tumor
GATCAACATAAAGGGA-1,Stroma
TATGGTCTGAGTAACA-1,Tumor
TGGGCCACAAGAGCGC-1,Tumor
TATCACCCAACCGACC-1,Tumor
CGCCTGGCCTACGTAA-1,Stroma
TGTTCGTATTGCGGTG-1,Tumor
GCAAAGGGCGTTAGCC-1,Tumor
GGCTTCTCGTGGGTGG-1,Tumor
GGTTCCCTAGTGTCTC-1,Tumor
AAACTTAATTGCACGC-1,Tumor
TTGCCGGTGATCCCTC-1,Stroma
ACGTGCGCCTCGTGCA-1,Tumor
CCTCGGATGCTACCTG-1,Tumor
CATGGAAATGGGACCA-1,Tumor
TCTCCCTGGGCAGCGT-1,Stroma
CAGTACCAGTTTACGT-1,Tumor
ATGCTCAGTGTTGCAT-1,Tumor
CTATGCCCGAATGCAA-1,
AAATGTGGGTGCTCCT-1,Tumor
GTGCACCAGCTTCAAC-1,Stroma
TTGTAAGGCCAGTTGG-1,Tumor
CATGGCTCCCTATGTC-1,Tumor
CGTTGAGCGACCGTCG-1,Tumor
AAACCTCATGAAGTTG-1,Stroma
TGGTCCCACGCTACGG-1,Tumor
TCGAGGGCAACAGACG-1,Tumor
CGGGAGTATACCGCCG-1,Tumor
ACTCAATAAAGGCACG-1,Tumor
ACAACAGCATGAGCTA-1,Tumor
ACTTTACCCTCATGAA-1,
AGGATCACGCGATCTG-1,Tumor
CGTCAGTTTATCGTCT-1,Tumor
GACCAGGTCATTCATA-1,Tumor
ATCTGGTTAAGACTGT-1,Tumor
TATTCCTCCGCCCACT-1,Stroma
TCTGGAGCGTAAGAGT-1,
TCTGTGCCATCATAGT-1,Tumor
AGGGACCGGCTGCGTT-1,Tumor
TTGTTTCACATCCAGG-1,Stroma
GCCCTAGCCGTCGCGA-1,Tumor
TGCAGTGGTAGGGAAC-1,Tumor
GGCTCGCGTTGAGGTA-1,
TACGCAGTTCTTTCCT-1,Tumor
TAAGTAACATCTTGAC-1,Tumor
CACAGAGACGAGGACG-1,Tumor
GCTGTCTGTGATCGAC-1,Tumor
CTGAATTTATTGCCAG-1,Tumor
TATAGTTAGGTGTACT-1,Tumor
GAGTATGCGCGTGCAT-1,Tumor
AGTGAGGGTTTCTGAC-1,Tumor
ATAGGCGGCTATAGAA-1,Stroma
CCGTGTTAAATTCCAT-1,Stroma
TGCTTAGAGAGAATGC-1,Tumor
CCATGGCAAACGCTCA-1,Stroma
CCTATATTTGTCCTGG-1,Stroma
CTGAGCAAGTAACAAG-1,Tumor
GAGGCATTTGCAGCAG-1,Tumor
TGTAGGAGAAATTTCC-1,
GGCTGAAATAGCAAAG-1,Tumor
AAGAGGCCCTTTGGAA-1,Tumor
CCTCGCGCTGTGCGAT-1,Stroma
TGCAGATCGTCCTAGG-1,
CACAGGGCCATATAGT-1,Tumor
AGGGTTCCCTTTGGTT-1,
GAAGAAACGATATTGT-1,Stroma
AAATCTAGCCCTGCTA-1,Tumor
CGCGGGAATTAGGCAG-1,Tumor
CGTGCATTGTCGACGC-1,
CCTAGTTAGTCGCATG-1,Tumor
AACGGCCATCTCCGGT-1,
CTTTACCGAATAGTAG-1,Stroma
TCTGGCGCAAGCCGGG-1,Tumor
CACCCAAATCTTATGT-1,
CCGCTGGTGCCATTCA-1,Tumor
GTCCCAATCATCCCGC-1,Stroma
GAGGTCTTAGTGGGTC-1,Stroma
TAGTCTAACAACGAGA-1,Tumor
AACTGGGTTCGAGCCG-1,Tumor
TCCCTGGCTCGCTGGA-1,Stroma
CCCACTCCACGGTATC-1,Stroma
AGTGCTAAACACAGCA-1,Tumor
ATATCTCCCTCGTTAA-1,Stroma
GAGATGGGAGTCGACA-1,Tumor
GGACAAGTTGCAGTGA-1,Tumor
GTTAAAGTAGGACTGG-1,
GACATCCGTCGAACTG-1,Tumor
CTTCAGTTGGACAACG-1,Tumor
ATTCTCGTCTCTTTAG-1,Tumor
AGGCTTCCCGAAGAAG-1,Tumor
TTCGAGCCGGCGCTAC-1,Tumor
CAGACACCGATCGCTG-1,Tumor
GACCAAACGTTGACTG-1,Tumor
CACACTTGTATTGCGA-1,Tumor
CTGCCTCATATGCAAC-1,Tumor
CACCGCGTCCACTCTA-1,Stroma
AGCGCTTATGGGCAAG-1,Stroma
CTTGTGCTCACCGATT-1,Stroma
TAGATTCAAAGTGCGG-1,Stroma
ACGTCGGGCAACTCGG-1,Tumor
ACCAAGAACGCGTGTC-1,Tumor
CACTCCTATGTAAGAT-1,Stroma
TCAAATTTGAGACTCA-1,Tumor
GCCCGATCTGTGGTCG-1,Tumor
GTTCGCTGAGACGTCT-1,Tumor
GCATAGAGCACTCAGG-1,Tumor
ATGTACATGCGGTGAG-1,Tumor
TGCATGGCAGTCTTGC-1,Tumor
CGAAGACGGTGAGTGC-1,Tumor
CTACGATCCTATCCTA-1,Tumor
TACGTACTAGTGCTGA-1,Stroma
TCACGGTCATCGCACA-1,Tumor
ACTTGTGGATGGAACG-1,Tumor
CCGACGTAAACACAAC-1,Stroma
CTTGAGTTAGGGTAAT-1,
AAGGGTTTGATTTCAG-1,
GCCGACCCACGACTGC-1,Stroma
CAACCAGTGGCCTACC-1,Tumor
AGATATAATACGACTA-1,Tumor
GGCCAATTGTATAGAC-1,Tumor
AGCCCTGTCGCACCGT-1,Tumor
AAATAGGGTGCTATTG-1,Stroma
TCAGTACTGACCCGCG-1,Tumor
GTAAGTAGGGTATACC-1,Tumor
GTATAGGACTCAGTAG-1,Tumor
CGAGAGGGTAGCCGCG-1,Tumor
CCTATGGTCAAAGCTG-1,Tumor
GCCTTTGTCAGTGGAC-1,Tumor
ACACGTAGGCCACAAG-1,Tumor
ATGTCTTGTTTGACTC-1,Stroma
TCGCTGGGCGGATTGT-1,Tumor
GACAACGACCATTGAA-1,Tumor
ATCAGTAGGCAGGGAT-1,Stroma
AGGTATAATTGATAGT-1,Tumor
ATATCGTTCCTCGAAC-1,Tumor
GACGTGTAGGGATTAT-1,
CGAATCTGCTCGACGC-1,Tumor
ACTATATGCTGTGTTC-1,
GATTAGAAACAAGCGT-1,Stroma
TAGTCCGTATGCATAA-1,Tumor
TCGCCGACATATTCGC-1,Tumor
GATTCCCTTGTCGCAG-1,Tumor
AACAATTACTCTACGC-1,Stroma
TCACAGCAAACTCGAA-1,Tumor
GCGAAACTTAACTGGA-1,Tumor
TGGGCGATACAATAAG-1,Tumor
CGACTCAGGATGTTAT-1,Stroma
TATACTCATGCGGCAA-1,Tumor
CACTCAAGAGCTATGG-1,Tumor
TCACGGCCCAAGAGAG-1,Tumor
TCCGTTAAGCTAATAT-1,Tumor
CCGCACGTGACCTCGG-1,Stroma
TTGGCCAAATTGTATC-1,Tumor
CTGGAAGACACGGTGG-1,Stroma
GCCTATTTGCTACACA-1,Tumor
CGTTCATGGTGCGCGT-1,Tumor
TACGGGATGCTAGCAG-1,Stroma
TGCCTTGGCCAGGCAA-1,Stroma
GACGATATCACTGGGT-1,
TTATGAATGAAAGGGA-1,Tumor
ACGGTCACCGAGAACA-1,Tumor
GTCCTTCTACAACCCA-1,Tumor
TCCGATTACATTGCCG-1,Stroma
TGAGTAAATTAGCGTA-1,Tumor
TTCTTGGAGTAATGAG-1,Stroma
CCACTGGTGGCTGGTT-1,Stroma
GGGAGGATGCCCGAAA-1,Tumor
CCGAAAGTGGTGAGCA-1,Tumor
ATGCTTAGGAGTTGAT-1,Tumor
CTTTGGGATTGTTGCA-1,Stroma
ACTCCAATATCATCAT-1,
TGATCCCAGCATTAGT-1,Tumor
GCTGGCGGCGCATGCT-1,Tumor
TATCTACCACAGCGGG-1,Tumor
GGGTGACACCTTAACT-1,Tumor
TCCACTTTATCTAGGT-1,Tumor
GGGTAATGCTGTGTTT-1,Tumor
TTCTACTTGCGAGGGC-1,Tumor
CGGTTTACTGAACATT-1,Tumor
GTAGTGAGCAACCTCA-1,Tumor
ATGTTACGAGCAATAC-1,Tumor
GTACGCTTCATTGCAC-1,Tumor
GCAACAGCAGTATGCG-1,Tumor
AAACCGTTCGTCCAGG-1,
TCTTGCTCCCGATACT-1,Tumor
AAGTGTTTGGAGACGG-1,Stroma
TCGGAATGCGCTCTGA-1,Stroma
TCCGAACGTTGCCGCT-1,Tumor
CCTGTAAGACATGATA-1,Tumor
TGTGGTTGCTAAAGCT-1,Stroma
CAGGAAGACTTTATAT-1,Tumor
TTCTAACCGAAGCTTA-1,
GTGAGCGTGCTGCACT-1,Stroma
CACAGCACCCACGGCA-1,Tumor
TAGGTGACGATAACCT-1,Tumor
GAGTAGATACTAGTTG-1,Tumor
AACAGGATGGGCCGCG-1,Stroma
AGGCTTGCTAGACACC-1,Tumor
TGGTCGTTTGATAGAT-1,Tumor
TTGTTTGTATTACACG-1,Stroma
GGAGGATTGAAAGGAG-1,Tumor
GTCAAAGTTTACATAG-1,Tumor
TAACAGCGTTTGTGCT-1,Stroma
CGCCCAGCACGCCTAG-1,Stroma
CCAGTCCATTATTCGA-1,Tumor
TTCGGCAACCCGCTGA-1,Stroma
AAATTAATAAGCGCGA-1,Tumor
CCACCCAAGGAAAGTG-1,Tumor
TCAGTAGGGACTATAA-1,Tumor
CTGCACCTGGAACCGC-1,Tumor
TCAAACTTAGATTGTT-1,Tumor
GTGGTGGCCAAGTGAA-1,Tumor
AACCCATCCCATGATC-1,Tumor
CGATAATACTCAGGTT-1,Tumor
AGTCAAATGATGTGAT-1,Stroma
GACCGATTAAATATGT-1,Tumor
GCAGCGGTGGGCATTA-1,Tumor
CGAACATAGTCAGAAA-1,Tumor
AGTGGCGTCTGAAGGT-1,Tumor
TGCTCGGTGGGTCACC-1,Tumor
GTTACAATTGGTGACG-1,Tumor
CCTCTACAAGGATTGG-1,Tumor
ATCCTTCTGAAAGAAC-1,Tumor
CCACGAATTTAACCTC-1,Tumor
TGGTGCCCTGCCTTAC-1,Stroma
AATCCCGCTCAGAGCC-1,Stroma
GCCGCTTGTGAGAAAC-1,Tumor
TTACCCTAGGGATTGG-1,Stroma
GAATTATAGTGAAAGG-1,Tumor
GGATTAAGCTAAGGTC-1,Tumor
CTGGGCTATCCTTTGG-1,Tumor
ACATCGATCGTTTACC-1,Tumor
TCGTGTACTATGGATG-1,Tumor
GACTTCAACGCATCAA-1,Tumor
CGAGTGAAGGTACCAG-1,Stroma
AACGTTATCAGCACCT-1,Tumor
GTCACTCTCCAAATCT-1,Tumor
AGATGATGGAGTCTGG-1,
CATCCGCAGGCCCGAA-1,Tumor
TACTGAACAGATTTAG-1,Stroma
TACCAATAAAGTACCA-1,Tumor
GTTAAGTTAGAGTGGG-1,Tumor
GTTATCAAGCTATCGA-1,Tumor
ACCTACAGTATGTGGT-1,Tumor
CACGACTAAAGTTCTG-1,Tumor
TTAGGATGGGAGGGTA-1,Tumor
ACCCTTCATCTGCGAA-1,Tumor
AGACGGGCCGATTTAA-1,Tumor
TCGCATCCCTAAGTGT-1,Tumor
GACTCCTTCCAATTGA-1,
TCAACGAGGAGACAAA-1,Tumor
CTTCCGCTCCGTGAAG-1,Stroma
AAATTCCAGGTCCAAA-1,Tumor
GGTGAACGGGCTAGCC-1,Tumor
TGCCACACTAGAGGAA-1,Stroma
CGATATTAGCCGCAGG-1,Tumor
GGTGAAGTACAGGGAT-1,Stroma
AACATAGCGTGTATCG-1,Tumor
CTTCTATTAATGCTAG-1,Tumor
TAGACTCAGTTGGCCT-1,Tumor
TCGTCTTAGGCGTTAA-1,Stroma
ACATCGGTCAGCCGCG-1,
ATAACGTTACCTCCAC-1,Tumor
TGGCTTTGGGTAGACA-1,Tumor
ACCCGGTTACACTTCC-1,Tumor
TAGTACCACAACTTTC-1,Tumor
TGGTTCAACGGGTAAT-1,Tumor
AACTCTCAGTGTGCTC-1,Stroma
GTCTTCCTCACCTAAG-1,Tumor
CAATTGGGCCGCACTC-1,Stroma
CAAACCATAAGCGTAT-1,
AGCGGCGGTTAGCGGT-1,
AGCCCATACATGTAAG-1,Stroma
CAGAATATTCGTTATC-1,Tumor
GAACCATCTGGGAGAC-1,Tumor
GGGCTCATCGAACCCA-1,
ACGGGAGTGTCGGCCC-1,
TCTCATGAGATAGGGT-1,Stroma
CACAGGGCCGTTGTCA-1,
TACTCTTACTTTACTG-1,Tumor
AACTGAGGTCAGCGTC-1,Tumor
CACATTCTTTCGATGG-1,Stroma
TCATCGACGACCGTCG-1,Tumor
ATACCGTCATCCATAA-1,Tumor
GAGATGGCTTTAATCA-1,Tumor
GGGCAACCGCACGTGC-1,Tumor
GGAGTTGATTCTGTGT-1,Tumor
ATGTCATAATAAACGA-1,Stroma
AATTGCAGCAATCGAC-1,Tumor
CTGGCTCCTGCGGGAT-1,Tumor
GGTGAAACCGGGAATG-1,Tumor
ATTGATGAGTCCTAAC-1,
CACGTCTATGATGTGG-1,Stroma
ATATAAAGCGCTCGTG-1,Stroma
GACCGTCAGGTCGTGA-1,Tumor
TACGATGTTGATCATC-1,Tumor
TGCGATGCTAATGGCT-1,Tumor
ACTCGTCAGTAATCCC-1,Tumor
TATCCATCTCGGTTAG-1,Tumor
TACGCTCCTAGAACTG-1,Stroma
GTGAGATAACCTTATA-1,Stroma
TTGCCAAGCAGAACCC-1,Tumor
AACGATATGTCAACTG-1,Tumor
GTGGCCGGTTTCTCGG-1,Tumor
TTGCCTAATCCAAAGT-1,Tumor
GGTAGGCCAATATCAC-1,Stroma
TTCGTTCAACGAAGTT-1,Tumor
AAGTTCACTCCAAGCT-1,Tumor
GGAAAGTCTTGATTGT-1,Stroma
TCCGATGGTGCGACAT-1,Stroma
CCGTTCCGAATCTCGG-1,Stroma
CGCTATACCGCCCACT-1,Tumor
AGACTAGCCTTCCAGA-1,Stroma
TATGACCTTGCGCTGG-1,Stroma
GCTCAACCTCTTAGAG-1,Tumor
AGATGACTCGCCCACG-1,Tumor
GTTGGTCATGCTATCC-1,Tumor
GCGACGGTAGTCTCCT-1,Tumor
GGTGTAAATCGATTGT-1,Tumor
TAGGGAGCTTGGGATG-1,
ACAAATTCAGATCTGA-1,Tumor
AAATAGCTTAGACTTT-1,Tumor
GTCTGTAGGTTGAACA-1,Stroma
CTCTGCAGGCATTCTT-1,Tumor
CCATAGTCAGTAACCC-1,Tumor
CCTACGGCTCAGTCGA-1,Tumor
AATGGTTCTCACAAGC-1,Tumor
CAGAGGCGATGCATGA-1,Tumor
CATACAAAGCCGAACC-1,Tumor
AGGGTTTAGTTCGGGA-1,Tumor
ACAGGCTTGCCCGACT-1,
TTGGTTCGCTCAAAGG-1,Tumor
GTCAGTTGTGCTCGTT-1,Tumor
CCTATAATGAGTGCCC-1,Tumor
GACATTTCGCCCAGCC-1,Tumor
GTAGTCGCGGGAATCA-1,Tumor
AGTCTTCTCCTCAAAT-1,Tumor
TAAGTCGCCGAGTATC-1,Stroma
GATCTTCATTGTCCTC-1,Tumor
CGTTGTAAACGTCAGG-1,Tumor
ACGAGTACGGATGCCC-1,Tumor
CATGTAAGAGACATTT-1,Tumor
AGTGAGACTTCCAGTA-1,
CTCGGTACCACTGCTC-1,Tumor
GATTGCTCCAGTTGCA-1,Tumor
TCAACGCAGGAAATAA-1,Stroma
CTCTATTTGGCTGCAG-1,Tumor
ACCAACCGCACTCCAC-1,Tumor
TACCTCACGCTTGTAC-1,Tumor
CCGAGAAGTCGCATAA-1,Tumor
GGATCATCCCGTACGC-1,Stroma
ATAGTTCCACCCACTC-1,Tumor
TATATTACAAATGTCG-1,
GAGGAATATCTCTTTG-1,Stroma
AATACAATGTTTCAGG-1,Tumor
TTGAGAAGTTTAGCAT-1,Tumor
CTCAAGACATTAGCGC-1,Stroma
TATGGGACCGAGCAGG-1,Tumor
GGATTCCGCTATACCC-1,
GTCATTGCATTGACCC-1,Tumor
AGTTACCCTTAAGACT-1,Tumor
CAGGATCCGCCCGACC-1,Tumor
GTGAGGAGCGGTTGAG-1,Tumor
ATAGGGATATCCTTGA-1,Stroma
ATGTGCATCCGACGCA-1,
GTATCTTGTTGCTCAC-1,
CGCTGAGGACGTCCAA-1,Tumor
GGTTCTACTCGTCTGA-1,Tumor
TCCTTCAATCCCTACG-1,Stroma
ATGGAACCTTTGCACA-1,Tumor
ACAGTGCAGCGCATTT-1,Tumor
TCTTACGGCATCCGAC-1,
GTCGATAGGTGACTTT-1,Tumor
TATGATCTTCTCTTTA-1,Tumor
CATAGTAGCATAGTAG-1,Tumor
CCTCTATCGATTAGCA-1,Stroma
TACAAGGGCTTCTTTA-1,Tumor
TCAGTTACGGAATGAT-1,Tumor
ATCAAACACTGTTCCA-1,Tumor
AGCGATGCGCCTAATA-1,Tumor
TCTACCCAATAGAGAG-1,Tumor
ACACTGATCAAGGTGT-1,Tumor
CCATAGGTTGGCGTGG-1,Tumor
GCTGAACTCTCCAGGG-1,Tumor
TTGCTGATCATGTTCG-1,Tumor
GCAGATCCTCGCAAAT-1,Tumor
GCGGTGAACTGCGCTC-1,Stroma
AACTTTAGCTGCTGAG-1,Tumor
AAATCGTGTACCACAA-1,Tumor
ATATTCCACATAGTGA-1,Tumor
AGGGAAACGAGGTACT-1,Stroma
TGTTCATAAATGTGCT-1,Tumor
CCTGTCACCCGGGCTC-1,Tumor
