barcode,cluster
AAACAACGAATAGTTC-1,6
AAACAAGTATCTCCCA-1,1
AAACAATCTACTAGCA-1,0
AAACACCAATAACTGC-1,1
AAACAGAGCGACTCCT-1,4
AAACAGCTTTCAGAAG-1,3
AAACAGGGTCTATATT-1,3
AAACAGTGTTCCTGGG-1,2
AAACATGGTGAGAGGA-1,2
AAACATTTCCCGGATT-1,5
AAACCACTACACAGAT-1,3
AAACCCGAACGAAATC-1,5
AAACCGGAAATGTTAA-1,7
AAACCGGGTAGGTACC-1,3
AAACCGTTCGTCCAGG-1,3
AAACCTAAGCAGCCGG-1,8
AAACCTCATGAAGTTG-1,2
AAACGAAGAACATACC-1,0
AAACGAAGATGGAGTA-1,2
AAACGACAGTCTTGCC-1,7
AAACGAGACGGTTGAT-1,3
AAACGCCCGAGATCGG-1,1
AAACGCTGGGCACGAC-1,7
AAACGGGCGTACGGGT-1,1
AAACGGGTTGGTATCC-1,1
AAACGGTTGCGAACTG-1,1
AAACGTGTTCGCCCTA-1,0
AAACTAACGTGGCGAC-1,0
AAACTCGGTTCGCAAT-1,8
AAACTCGTGATATAAG-1,1
AAACTGCTGGCTCCAA-1,0
AAACTTAATTGCACGC-1,2
AAACTTGCAAACGTAT-1,8
AAAGAATGACCTTAGA-1,5
AAAGAATGTGGACTAA-1,8
AAAGACATGAAGTTTA-1,6
AAAGACCCAAGTCGCG-1,8
AAAGACTGGGCGCTTT-1,0
AAAGCTTGCCTACATA-1,7
AAAGGCCCTATAATAC-1,2
AAAGGCTACGGACCAT-1,5
AAAGGCTCTCGCGCCG-1,4
AAAGGGATGTAGCAAG-1,4
AAAGGGCAGCTTGAAT-1,5
AAAGGTAAGCTGTACC-1,8
AAAGGTCAACGACATG-1,6
AAAGTAGCATTGCTCA-1,0
AAAGTCACTGATGTAA-1,1
AAAGTCGACCCTCAGT-1,2
AAAGTGCCATCAATTA-1,7
AAAGTGTGATTTATCT-1,1
AAAGTTGACTCCCGTA-1,8
AAATAACCATACGGGA-1,0
AAATAAGGTAGTGCCC-1,8
AAATACCTATAAGCAT-1,8
AAATAGCTTAGACTTT-1,1
AAATAGGGTGCTATTG-1,8
AAATCACTCCTAAACG-1,6
AAATCCGATACACGCC-1,1
AAATCGCGGAAGGAGT-1,2
AAATCGTGTACCACAA-1,1
AAATCTAGCCCTGCTA-1,5
AAATCTGCCCGCGTCC-1,8
AAATGACTGATCAAAC-1,4
AAATGATTCGATCAGC-1,8
AAATGCTCGTTACGTT-1,8
AAATGGCATGTCTTGT-1,4
AAATGGCCCGTGCCCT-1,3
AAATGGTCAATGTGCC-1,5
AAATGTATCTTATCCC-1,9
AAATGTGGGTGCTCCT-1,1
AAATTAACGGGTAGCT-1,4
AAATTAATAAGCGCGA-1,2
AAATTACACGACTCTG-1,1
AAATTACCTATCGATG-1,0
AAATTCCAGGTCCAAA-1,1
AAATTGATAGTCCTTT-1,3
AAATTGCGGCGGTTCT-1,5
AAATTGGTGAGAAGCA-1,4
AAATTTACCGAAATCC-1,1
AAATTTGCGGGTGTGG-1,3
AACAACTGGTAGTTGC-1,0
AACAATACATTGTCGA-1,1
AACAATTACTCTACGC-1,0
AACACACGCTCGCCGC-1,0
AACACGACTGTACTGA-1,1
AACACGAGACGCGGCC-1,8
AACACGCGGCCGCGAA-1,0
AACAGCTGTGTGGCAA-1,4
AACAGGAAATCGAATA-1,1
AACAGGATGGGCCGCG-1,3
AACAGGTAGTATGGAT-1,3
AACATAGCGTGTATCG-1,3
AACATATCAACTGGTG-1,8
AACATCGATACGTCTA-1,5
AACATTGAAGTTGATC-1,2
AACATTGGTCAGCCGT-1,3
AACATTGTGACTCGAG-1,5
AACCAAGACTTCTCTG-1,2
AACCAGTATCACTCTT-1,1
AACCATAGGGTTGAAC-1,2
AACCATGGGATCGCTA-1,5
AACCCAGAGACGGAGA-1,8
AACCCATCCCATGATC-1,2
AACCCGACAACCCGTG-1,5
AACCCGAGCAGAATCG-1,0
AACCCGATAGGGCTTC-1,7
AACCCGCTGTATTCCA-1,4
AACCCTACTGTCAATA-1,1
AACCCTGGTGGAACCA-1,8
AACCGAGCTTGGTCAT-1,5
AACCGCTAAGGGATGC-1,5
AACCGTTGTGTTTGCT-1,4
AACCTAAAGCCGTCCG-1,6
AACCTCGCTTTAGCCC-1,8
AACCTGTCACGGAATT-1,8
AACCTTTAAATACGGT-1,0
AACCTTTACGACGTCT-1,1
AACGAAAGTCGTCCCA-1,4
AACGACCTCCTAGCCG-1,0
AACGATAATGCCGTAG-1,5
AACGATAGAAGGGCCG-1,1
AACGATATGTCAACTG-1,1
AACGCATGATCTGGGT-1,5
AACGCGAACGGCAACA-1,1
AACGCGACCTTGGGCG-1,8
AACGCGGTCTCCAGCC-1,4
AACGCTGTTGCTGAAA-1,0
AACGGACGTACGTATA-1,1
AACGGCCATCTCCGGT-1,8
AACGTACTGTGGGTAC-1,4
AACGTAGTCTACCCAT-1,3
AACGTCAGACTAGTGG-1,1
AACGTCATCCGGCTTG-1,7
AACGTGATGAAGGACA-1,5
AACGTGCGAAAGTCTC-1,3
AACGTTATCAGCACCT-1,4
AACGTTCTACCATTGT-1,9
AACTACCCGTTTGTCA-1,5
AACTAGCGTATCGCAC-1,4
AACTAGGCTTGGGTGT-1,3
AACTCAAGTTAATTGC-1,3
AACTCCAGAGCGTGTT-1,5
AACTCCTAATCCCATG-1,1
AACTCGATAAACACGT-1,2
AACTCGATGGCGCAGT-1,5
AACTCTCAATAGAGCG-1,3
AACTCTCAGTGTGCTC-1,1
AACTGAGGTCAGCGTC-1,1
AACTGAGTTATACTGA-1,7
AACTGATATTAGGCCT-1,8
AACTGGGTCCCGACGT-1,0
AACTGGGTTCGAGCCG-1,8
AACTGGTGTGGGCCTT-1,1
AACTTCTGCGTCTATC-1,1
AACTTGCCCGTATGCA-1,8
AACTTGCGTTCTCGCG-1,5
AACTTTACGGGAGCTT-1,2
AACTTTAGCTGCTGAG-1,4
AACTTTCTCGATCATG-1,7
AAGAAAGTTTGATGGG-1,7
AAGAAATCACCAGATT-1,7
AAGAAGGATCAGTTAG-1,1
AAGACATACGTGGTTT-1,8
AAGACCAAATAACTCA-1,2
AAGACCCAACTGAACA-1,0
AAGACTAACCCGTTGT-1,1
AAGACTCACGCCCACT-1,1
AAGACTGCAAGCTACT-1,1
AAGAGATGAATCGGTA-1,1
AAGAGCTCTTTATCGG-1,4
AAGAGGATGTACGCGA-1,3
AAGAGGCATGGATCGC-1,4
AAGAGGCCCTTTGGAA-1,4
AAGATGGCACCGGACC-1,8
AAGATTGGCGGAACGT-1,4
AAGCACCCTGCGTATC-1,5
AAGCATACTCTCCTGA-1,3
AAGCCACTTGCAGGTA-1,4
AAGCCGAAGCGGTTTA-1,8
AAGCCGCCGTGAAATC-1,2
AAGCCGCTTTACCTTG-1,7
AAGCCGGAGAGCAGGA-1,7
AAGCGCAGGGCTTTGA-1,1
AAGCGGAGTGCGCGCA-1,7
AAGCGGCGTCATGGGT-1,5
AAGCGTCCCTCATCGA-1,4
AAGCTAGATCGAGTAA-1,1
AAGCTATGGATTGACC-1,7
AAGCTCGTGCCAAGTC-1,5
AAGCTCTTTCATGGTG-1,3
AAGGAGAACTTATAAG-1,3
AAGGAGCGGTTGGTGC-1,0
AAGGATCGATCGCTTG-1,1
AAGGATGAGGGACCTC-1,1
AAGGCAGGCTGTCTCC-1,8
AAGGCGCGTAAAGCTT-1,3
AAGGCTGTGCTCATCG-1,1
AAGGGAACGACTGGCT-1,4
AAGGGACAGATTCTGT-1,0
AAGGGACTATGCATTC-1,5
AAGGGTTAGCCATGCG-1,7
AAGGGTTTGATTTCAG-1,2
AAGGTATCCTAATATA-1,5
AAGGTGATAAACCAGC-1,3
AAGTAAGCTTCCAAAC-1,6
AAGTAGAAGACCGGGT-1,8
AAGTAGTGACGCGAGG-1,3
AAGTCAATTGTCGTCA-1,0
AAGTCTAGTAGCTGCC-1,7
AAGTCTTCTGTGGCCT-1,8
AAGTGACGACCGAATT-1,5
AAGTGAGTCGGGTTTA-1,1
AAGTGCAAAGGTAGAC-1,4
AAGTGCCTTGACTGTA-1,8
AAGTGCGTTAGAATCT-1,3
AAGTGCTTCTCTATTG-1,4
AAGTGTTTGGAGACGG-1,3
AAGTTCACTCCAAGCT-1,5
AAGTTCAGTCTGCGTA-1,5
AAGTTCGGCCAACAGG-1,8
AAGTTGTGATGTTATA-1,5
AAGTTTACTAATGGCA-1,0
AAGTTTATGGGCCCAA-1,5
AATAACAACGCTCGGC-1,2
AATAACACTAGAACAA-1,0
AATAACGTCGCGCCCA-1,7
AATAAGTCCTCGAGAC-1,5
AATAATCTTCGTATCG-1,7
AATACAATGTTTCAGG-1,0
AATACCGGAGGGCTGT-1,8
AATACCTGATGTGAAC-1,7
AATAGAACAGAGTGGC-1,5
AATAGAATCTGTTTCA-1,1
AATAGCAAGCCTCCTG-1,1
AATAGCTACCGCGTGC-1,4
AATAGGCACGACCCTT-1,6
AATAGTCCGTCCCGAC-1,0
AATAGTCGCGAGTCGG-1,4
AATATCAAGGTCGGAT-1,1
AATATCCTAGCAAACT-1,8
AATATCGAATCAATGC-1,5
AATATCGAGGGTTCTC-1,8
AATATTGGAGTATTGA-1,2
AATCAGACTGCAGGAC-1,5
AATCAGGTTTCATTTA-1,2
AATCATGTAAAGACTC-1,8
AATCCAAGGGCCTGAG-1,1
AATCCATGCAAGGGTG-1,8
AATCCCGCTCAGAGCC-1,4
AATCGAGGTCTCAAGG-1,7
AATCGCCTCAGCGCCA-1,1
AATCGCGCAGAGGACT-1,1
AATCGGGACACTACGA-1,1
AATCGGTATAGCCCTC-1,8
AATCGTGAGCCGAGCA-1,3
AATCTAGGTTTACTTG-1,5
AATCTATGCCGGAGCC-1,0
AATCTCTACTGTGGTT-1,2
AATCTGCGTTGGGACG-1,1
AATCTGGCTTTCTAGT-1,3
AATCTGGGTAGACCCT-1,3
AATGACAGCAATGTCT-1,4
AATGACGTAGGATGTC-1,3
AATGACTGTCAGCCGG-1,1
AATGAGTTCGCATATG-1,1
AATGATGATACGCTAT-1,1
AATGATGCGACTCCTG-1,8
AATGCAACCGGGTACC-1,4
AATGCACCAAGCAATG-1,4
AATGGCCGCCAATGCG-1,7
AATGGTCCACCGTTCA-1,2
AATGGTTCTCACAAGC-1,1
AATGTATGGCACTGTA-1,2
AATGTGCCCGAGGTGT-1,3
AATGTGCTAATCTGAG-1,4
AATGTTAAGACCCTGA-1,7
AATGTTGTCGTGAGAC-1,8
AATTAAAGGTCGGCGT-1,5
AATTAACGGATTTCCA-1,5
AATTACGAGACCCATC-1,2
AATTACTCGTACGCTC-1,4
AATTAGCGCTGCAGCG-1,0
AATTATACCCAGCAAG-1,0
AATTCATAAGGGATCT-1,5
AATTCATTGTCATGCA-1,2
AATTCCAACTTGGTGA-1,0
AATTCCAAGCATGTAC-1,1
AATTCGATTCGAGGAT-1,1
AATTCTAGAGTTAGGC-1,5
AATTGAACGCTCTGGT-1,8
AATTGCAGCAATCGAC-1,3
AATTGCGTGGATTACA-1,2
AATTGTGGTTGCCAAA-1,7
AATTTGGGACATAGTA-1,1
AATTTGGTTCCAAAGA-1,1
ACAAACCATGCGTCCT-1,2
ACAAACCGACAAGGCG-1,6
ACAAACTCCATCAGAG-1,4
ACAAAGAAGGTAGGCC-1,8
ACAAAGCATGACCTAG-1,0
ACAAATCGCACCGAAT-1,5
ACAAATGGTAGTGTTT-1,4
ACAAATTCAGATCTGA-1,1
ACAACAGCATGAGCTA-1,8
ACAACGGTCCCTGCGA-1,1
ACAAGCAGTGCCTAGC-1,3
ACAAGGAAATCCGCCC-1,5
ACAAGGACAAGAGGTT-1,5
ACAAGGATGCTTTAGG-1,0
ACAAGGCCTACCAGCC-1,1
ACAAGGGCAGGCTCTG-1,3
ACAATAGTCGTACGTT-1,8
ACAATCCATTTAAACC-1,2
ACAATCGATCTTTATA-1,0
ACAATGAATACGGAGA-1,4
ACAATGATTCTTCTAC-1,1
ACAATTGTGTCTCTTT-1,5
ACAATTTAGGAGGCTC-1,0
ACAATTTGAGCAGTGG-1,8
ACAATTTGGCCATATT-1,7
ACACAAAGACGGGTGG-1,4
ACACAAATATTCCTAG-1,7
ACACACCAGGACCAGT-1,8
ACACACTTTCTACACG-1,1
ACACATGATCAAATCT-1,0
ACACATTGACGCAACA-1,0
ACACATTTCCGTAGAC-1,8
ACACCACATAATTAGC-1,3
ACACCCAGCATGCAGC-1,3
ACACCCGAGAAATCCG-1,1
ACACCCGTAAATCTGT-1,6
ACACCGAGCGCTCTTT-1,3
ACACCGGTCTGACCGC-1,4
ACACCTTAAGTAGGGC-1,1
ACACCTTACTACTTGC-1,1
ACACGAGACTCCTTCT-1,8
ACACGGCACTATGCAT-1,1
ACACGGGAACTTAGGG-1,3
ACACGTAGGCCACAAG-1,3
ACACTCCAATGTCACT-1,0
ACACTGATCAAGGTGT-1,5
ACACTGGGACAGTCGT-1,8
ACAGAACTGAGAACAA-1,0
ACAGATTAGGTTAGTG-1,5
ACAGCATAGAGCCAGT-1,8
ACAGCGACATTCTCAT-1,5
ACAGCGCACCCGCAGC-1,4
ACAGGAGGCGCAGCCG-1,9
ACAGGCACGGATCCTT-1,8
ACAGGCTTGCCCGACT-1,3
ACAGGTGGAGGTGAGG-1,5
ACAGGTGTGTTGTTGC-1,9
ACAGTAATACAACTTG-1,8
ACAGTATACCGTGGGA-1,7
ACAGTGCAGCGCATTT-1,6
ACATAAGTCGTGGTGA-1,2
ACATAATAAGGCGGTG-1,1
ACATACAATCAAGCGG-1,9
ACATCAGCTGGGACGC-1,2
ACATCCCGGCCATACG-1,1
ACATCCTGGTAACTGT-1,5
ACATCGATCGTTTACC-1,8
ACATCGGTCAGCCGCG-1,1
ACATCGTATGCAATGG-1,3
ACATCGTTAACCTAGT-1,4
ACATCTCAACGCGTAA-1,4
ACATGCTTACGGCAGC-1,4
ACATGGCGCCAAAGTA-1,5
ACATGGCTCAATTTAG-1,1
ACATTAGTTTATATCC-1,0
ACATTCGCGCGGAATA-1,4
ACATTTGAAACCTAAC-1,1
ACCAAACACCCAGCGA-1,4
ACCAAACTAGAAATCC-1,3
ACCAACACCACACACT-1,5
ACCAACCGCACTCCAC-1,1
ACCAACGCTTATTTAT-1,1
ACCAAGAACGCGTGTC-1,1
ACCAAGTCATCGGCAG-1,8
ACCAATATGCAAGTTA-1,3
ACCACAACTCAGAACA-1,4
ACCACAAGTTTCTATC-1,2
ACCACACGGTTGATGG-1,5
ACCACCAATGTAACAA-1,5
ACCACCCTCTCTTCTA-1,7
ACCACGTGCAGCTATA-1,3
ACCACTGTTCAAGAAG-1,4
ACCAGACCATAACAAC-1,8
ACCAGCCCGGTCTTTG-1,1
ACCAGGAGTGTGATCT-1,1
ACCAGTGCCCGGTCAA-1,1
ACCAGTGCGGGAGACG-1,5
ACCATATCCGCAATAA-1,4
ACCATCCGCCAACTAG-1,3
ACCATCGTATATGGTA-1,2
ACCATTAAGGGTGTCA-1,4
ACCCAACGCCCGTGGC-1,8
ACCCACCTACATGCTC-1,0
ACCCATCTTGAGGGTA-1,2
ACCCATTTGTCCCTCT-1,0
ACCCGAGCGAAATTAC-1,2
ACCCGATTGGTTCCGA-1,2
ACCCGGAAACTCCCAG-1,5
ACCCGGAGCACCACAA-1,7
ACCCGGATGACGCATC-1,5
ACCCGGTTACACTTCC-1,0
ACCCGTAGCAGAGAAT-1,5
ACCCGTAGTCTAGTTG-1,7
ACCCGTGTCATCAGTA-1,8
ACCCTATAGGACTGAG-1,4
ACCCTATGCCATATCG-1,1
ACCCTCCCGTCAGGGC-1,3
ACCCTCCCTTGCTATT-1,5
ACCCTGGTAACGCCCT-1,3
ACCCTTCATCTGCGAA-1,1
ACCCTTGCCTGGGTCG-1,7
ACCCTTTAGTTCTCCA-1,4
ACCGAAAGGGCCCTGC-1,1
ACCGAAGAGTCTGGTT-1,0
ACCGACACATCTCCCA-1,1
ACCGACTGAGTCCCAC-1,0
ACCGAGTCTCCTTATT-1,8
ACCGATAGGCATAACC-1,0
ACCGATATTTAATCAT-1,7
ACCGATGGTAGCATCG-1,5
ACCGCAATAACTGCCT-1,1
ACCGCGGTGGAAGTCG-1,1
ACCGCTAGTCATTGGT-1,3
ACCGGGCCTTTGTTGA-1,5
ACCGGTCAGGTACACC-1,3
ACCGGTCTGAGTACGG-1,1
ACCGTCCACTGGGCCC-1,2
ACCGTGACCACGTGGG-1,1
ACCGTTCCCGCTCTGA-1,8
ACCTAAGTACCTTTCA-1,1
ACCTAATCGACTTCCT-1,8
ACCTACAGTATGTGGT-1,3
ACCTACTATAAATCTA-1,1
ACCTCCGCCCTCGCTG-1,3
ACCTCCGTTATTCACC-1,0
ACCTCGAACTTATGCT-1,4
ACCTGCGTGTCATGTT-1,8
ACCTTTCCTTTAGAAG-1,6
ACGAAATGGGCGGCAC-1,2
ACGACCCATGAGTTGC-1,7
ACGACTCTAGGGCCGA-1,0
ACGACTGGTCATACTC-1,4
ACGAGAACCCATCACG-1,0
ACGAGATATTTGCTTA-1,4
ACGAGGATACCACTCT-1,3
ACGAGGTTTACAACGT-1,3
ACGAGTACGGATGCCC-1,0
ACGAGTCGCCGGCGTT-1,2
ACGATACATAGAACTA-1,4
ACGATACCTATCCTGA-1,8
ACGATCATACATAGAG-1,4
ACGATCATCTTGTAAA-1,1
ACGATGCATATGTTAT-1,0
ACGATGGATCCGATGC-1,1
ACGCAAACTAATAGAT-1,0
ACGCAATCACTACAGC-1,0
ACGCATAAATGACATG-1,5
ACGCATACGTTTACTA-1,1
ACGCATTCGTGAGTAC-1,2
ACGCCACTCGAAACAG-1,0
ACGCCAGATGATTTCT-1,8
ACGCCAGTGCGTTTGC-1,0
ACGCCCAGCTGTCGAT-1,3
ACGCCGCTAGACGACC-1,0
ACGCCTGACACGCGCT-1,6
ACGCGAAGTCAGACGA-1,5
ACGCGCTACACAGGGT-1,3
ACGCGGGCCAAGGACA-1,2
ACGCGTTTCTTAAGAG-1,2
ACGCTACTGAATGGGC-1,7
ACGCTAGTATCAGTGC-1,6
ACGCTAGTGATACACT-1,5
ACGCTGTGAGGCGTAG-1,2
ACGCTTAGTGTCTCTC-1,4
ACGGAACACGAGTGCC-1,3
ACGGAATTTAGCAAAT-1,5
ACGGACGCAGCGACAA-1,0
ACGGACTCTCAAAGCG-1,3
ACGGAGCGCAAATTAC-1,1
ACGGATGGTGCGGATA-1,0
ACGGCACTTGCTTGGG-1,5
ACGGCCAACATGGACT-1,1
ACGGCGACGATGGGAA-1,3
ACGGCGGGTTGCCCTG-1,0
ACGGCTGGATGTAGAA-1,2
ACGGGAGTGTCGGCCC-1,0
ACGGGCGTATGCGACA-1,1
ACGGGTCATGTGACTT-1,1
ACGGGTTGTGACCTGT-1,4
ACGGTACAGTTCAATG-1,8
ACGGTCACCGAGAACA-1,4
ACGTACAGATTTCTCT-1,1
ACGTACTTTGGCACGG-1,2
ACGTAGATTGCTGATG-1,2
ACGTAGGAGAGTCGCT-1,1
ACGTATTACTCCGATC-1,5
ACGTCCTAAACGAGAT-1,6
ACGTCGGGCAACTCGG-1,1
ACGTCTCGTTCCGGGA-1,1
ACGTGACAAAGTAAGT-1,0
ACGTGCGCCTCGTGCA-1,8
ACGTGGTCGAATGTGC-1,0
ACGTTAATGTCGAAGA-1,3
ACGTTAGATTTGCCCG-1,1
ACGTTATTGGTCACTC-1,0
ACGTTCACTATGCCGC-1,4
ACGTTCCGCGCTCCGT-1,5
ACGTTCGCAATCAATT-1,1
ACGTTCGTTCAGGAAA-1,5
ACGTTCTGTACAAGTC-1,1
ACGTTGTCGTTGAAAG-1,2
ACGTTTAGTTGTGATC-1,4
ACGTTTCGGTGCACTT-1,7
ACTAAGGACGCACACC-1,7
ACTAATACGTCAGGCG-1,0
ACTACAAAGAGAGGTG-1,3
ACTACATCCCGACAAG-1,2
ACTACCAGCTCTCTGG-1,5
ACTACCATCCGAGGGC-1,4
ACTACGCGTTAGAATT-1,0
ACTAGTTGCGATCGTC-1,3
ACTATATGCTGTGTTC-1,1
ACTATCCAGGGCATGG-1,3
ACTATCGCCGGCTAAA-1,1
ACTATCTGCCCGCGTA-1,3
ACTATGTCCAGCTGCC-1,2
ACTATTCGTCCGTGGT-1,2
ACTATTTCCGGGCCCA-1,1
ACTCAACGAATGTATT-1,1
ACTCAAGTGCAAGGCT-1,8
ACTCAATAAAGGCACG-1,4
ACTCAGACCTGCTTCT-1,1
ACTCATGGCAGCCTTC-1,4
ACTCCAATATCATCAT-1,2
ACTCCCATTCCTAAAG-1,3
ACTCCCGAATTCGTTT-1,5
ACTCCCGTAGACTAGG-1,7
ACTCCCTAATGCTAAA-1,1
ACTCCCTAGAATAGTA-1,0
ACTCCGGCCGACCACT-1,1
ACTCGATGTATTTCAT-1,1
ACTCGCCGTTCGATAA-1,1
ACTCGCGATCTGACGC-1,7
ACTCGTAACCCGTCCT-1,8
ACTCGTCAGTAATCCC-1,4
ACTCTAAACCTGGGAT-1,2
ACTCTCTGACTTAGGT-1,8
ACTCTCTTATACACGA-1,4
ACTCTGACCTAATAGA-1,5
ACTCTTCAGCTCCCGC-1,7
ACTCTTGTATAGTAAC-1,1
ACTGAAACGCCGTTAG-1,5
ACTGAATGGCGAAAGT-1,3
ACTGATTTAGTGATTC-1,4
ACTGCCCGCCATTCTC-1,2
ACTGCCGTCGTAACTC-1,1
ACTGCGGACACACCGT-1,0
ACTGCTCGGAAGGATG-1,4
ACTGGCGAACCTGCGT-1,7
ACTGGGATGCCAGTGC-1,3
ACTGTACGATACACAT-1,8
ACTGTAGCACTTTGGA-1,8
ACTGTATACGCGAGCA-1,1
ACTGTCCAGGATTATA-1,4
ACTGTCTTCTTTAGAA-1,2
ACTGTGCTAGTAGATC-1,1
ACTGTTTAGTGTAGGC-1,1
ACTTACCGGGCGCGCA-1,0
ACTTACGCATCCACGC-1,1
ACTTAGTACGACAAGA-1,0
ACTTATACTTACCCGG-1,5
ACTTATCTGATCTATA-1,6
ACTTATTAGGATCGGT-1,3
ACTTATTTATGTGCCA-1,8
ACTTCAGGCTGATCCC-1,5
ACTTCCAGTGGAAGCT-1,2
ACTTCCATGCGGGACA-1,3
ACTTCCTGTCGTGCGA-1,6
ACTTCGCCATACGCAC-1,4
ACTTCGCTAGCGAGTG-1,7
ACTTGACTCCCTCTTT-1,8
ACTTGCCATATTGTAC-1,8
ACTTGCTCTATCTACC-1,5
ACTTGGGACCCGGTGG-1,8
ACTTGGGCTTTCGCCA-1,7
ACTTGTAGTCCCTTCA-1,3
ACTTGTGGATGGAACG-1,8
ACTTGTTACCGGATCA-1,4
ACTTTACCCTCATGAA-1,1
ACTTTATACACCACTT-1,5
ACTTTCCTATAGCTTC-1,4
ACTTTGACTGCATCCT-1,4
ACTTTGGTCGTGCTCC-1,2
ACTTTGTCGACGCACT-1,7
AGAAATTATGACTCGC-1,1
AGAACACGGCGATGGT-1,0
AGAACCCAGCGTGACA-1,7
AGAACCCTCAATTGGG-1,2
AGAACGTGGTACATTC-1,4
AGAACTGTACTTTGTA-1,7
AGAAGAGCGCCGTTCC-1,4
AGAAGGTACACTTCAC-1,4
AGAAGGTTGCCGAATT-1,1
AGAAGGTTGTAGGTCG-1,3
AGAAGTGATTCGTGAT-1,5
AGAATAAATCTTCAGG-1,2
AGAATACAGGCTATCC-1,7
AGAATGCGGGTTCGGA-1,1
AGAATTATGGATTCGA-1,3
AGAATTGTTTGACATA-1,1
AGACAGCTCAGAATCC-1,4
AGACAGGCATCTCAGC-1,7
AGACATAGATCCTTCC-1,1
AGACCAAACCACACCT-1,4
AGACCATGGGATACAA-1,0
AGACCCACCGCTGATC-1,0
AGACCCGCCCTCCTCG-1,4
AGACCGCTCCGCGGTT-1,5
AGACCGGGAAACCCTG-1,8
AGACGAAGTGCCGGTC-1,3
AGACGACGATGCCGCT-1,1
AGACGCCCACTTCGCC-1,3
AGACGGGATTGGTATA-1,5
AGACGGGCCGATTTAA-1,0
AGACTAGCCTTCCAGA-1,1
AGACTGTTACCGGGTC-1,0
AGAGAAACACCAGAAA-1,2
AGAGAACCGTCTAGGA-1,5
AGAGAAGGAGTACAAT-1,4
AGAGATCTCTAAAGCG-1,5
AGAGCAGTTATGAGAC-1,0
AGAGCCGCCGAGATTT-1,8
AGAGCGCTTGTAACGG-1,7
AGAGCGGGCTAATCAT-1,8
AGAGCGTACAAGCTCG-1,1
AGAGCTACGAAAGCAT-1,3
AGAGGCTTCGGAAACC-1,0
AGAGGGACAATTGTCC-1,1
AGAGGTATCTCGGTCC-1,4
AGAGTAAACTTCACTA-1,0
AGAGTATAGTGTTACG-1,7
AGAGTCTTAATGAAAG-1,9
AGAGTGAACAGACACC-1,7
AGAGTTAGAGACCGAT-1,1
AGAGTTGCAGGCCTCC-1,7
AGATAACTTCAGGGCC-1,1
AGATAATCACACCTAT-1,9
AGATACCAATAGAACC-1,4
AGATACCAGCACTTCA-1,4
AGATACCGGTGTTCAC-1,0
AGATACGACTTCATAT-1,1
AGATACTCAAGATCGA-1,0
AGATATAATACGACTA-1,1
AGATCGTGCATAAGAT-1,1
AGATCTCAGGTGTGAT-1,3
AGATCTGGAGAGGATA-1,0
AGATGACTCGCCCACG-1,8
AGATGAGGGTTGCGAT-1,0
AGATGATGGAGTCTGG-1,1
AGATGCAAGACGTGCA-1,4
AGATGCATCCTGTGTC-1,3
AGATGCTATAACGAGC-1,5
AGATTATAGGACGTTT-1,8
AGATTCAAGCGGGTCG-1,8
AGATTCACAACCGATA-1,4
AGCAAAGGCCGCTAGT-1,5
AGCAACATATCTTATT-1,8
AGCAACCGAAAGTAAT-1,3
AGCACACGTTTAGACT-1,4
AGCACCAGTACTCACG-1,1
AGCACTACCGGCCTGT-1,0
AGCACTACCTCACCAG-1,8
AGCACTTAAGGACGCC-1,8
AGCAGAAGGAGAAAGA-1,1
AGCAGCCAGATGAATA-1,1
AGCAGTCGAAGCATGC-1,5
AGCATATCAATATGCT-1,0
AGCATCATTTCGAAAG-1,1
AGCATCGTCGATAATT-1,1
AGCATTACGAGGCAAG-1,8
AGCCAAGCTTTGTGTC-1,1
AGCCACAGGTTACCCG-1,0
AGCCACTCCCGTGCTT-1,4
AGCCATATAGTATGTG-1,0
AGCCCATACATGTAAG-1,4
AGCCCGCAACAAGCAG-1,0
AGCCCGCACTACAATG-1,7
AGCCCGGCATTAGAGG-1,2
AGCCCGGTAGCCTGTA-1,8
AGCCCTAAGCGAAGTT-1,5
AGCCCTCCCTGGTGGC-1,2
AGCCCTGTCGCACCGT-1,7
AGCCCTTCTAATCCGA-1,0
AGCCCTTGGACATCCC-1,0
AGCCGCTTGATTAGCG-1,8
AGCCGTGGCTAAATGT-1,3
AGCCTAATACCCACGT-1,3
AGCCTTAAAGCGGAAG-1,8
AGCCTTGTCACTGATA-1,0
AGCGACAGGAACGGTC-1,5
AGCGACATCCCATTCA-1,0
AGCGACCAACGATATT-1,5
AGCGACTTTGAAGACA-1,7
AGCGAGACGTGAAGGC-1,2
AGCGATGCGCCTAATA-1,5
AGCGCATAATGAATCG-1,8
AGCGCGGGTGCCAATG-1,1
AGCGCTAGAGCGATGT-1,7
AGCGCTTATGGGCAAG-1,8
AGCGGACACTTCGTAG-1,8
AGCGGCGGTTAGCGGT-1,4
AGCGGGAAGGGTCCAT-1,1
AGCGGGTCTGACACTC-1,0
AGCGGTTGAGATGTAC-1,6
AGCGGTTGCCGCTCTG-1,4
AGCGTACGAGAGCTAG-1,3
AGCGTAGCGCTAGACC-1,0
AGCGTCTGAACCCGCA-1,5
AGCGTGGTATTCTACT-1,5
AGCGTTCCGATTTAAA-1,5
AGCTAACAAGCAATGT-1,0
AGCTAAGCTCCGTCCG-1,9
AGCTAAGTACGCAGGC-1,5
AGCTAGAAGCAGAAGT-1,8
AGCTATTTAATCCAAC-1,4
AGCTCCATATATGTTC-1,0
AGCTCCTTCGCACATC-1,0
AGCTCGTTGATGGAAA-1,7
AGCTCTAGACGTTCCA-1,3
AGCTCTTCCCAGTGCA-1,1
AGCTCTTCGTAACCTT-1,4
AGCTCTTTACTCAGTT-1,4
AGCTGAAGTAAACCAA-1,1
AGCTGCATTTGAGGTG-1,1
AGCTGCTGTGCCGAAT-1,5
AGCTGTAACCTCAATC-1,5
AGCTTATAGAGACCTG-1,4
AGCTTCAATACTTTGA-1,6
AGCTTCTTCTCGAGCA-1,1
AGCTTGATCAGGGTAG-1,1
AGCTTGATCTTAACTT-1,3
AGGAAAGCCTCTGATG-1,2
AGGAACGAACGACTTC-1,7
AGGAAGCTGTCCGCCG-1,5
AGGACAGTCGAATCCC-1,3
AGGACATCGCACGTCG-1,1
AGGACATCGGCACACT-1,7
AGGACGACCCATTAGA-1,4
AGGACGCTCGATGTTG-1,4
AGGACTTATAGGAGAA-1,1
AGGAGACATCCACAGT-1,7
AGGAGAGTCTGGCTAC-1,7
AGGAGGCCTTCGCGCG-1,3
AGGATAAAGTCGGGAT-1,8
AGGATATAGGGATTTA-1,0
AGGATATCCGACTGCA-1,1
AGGATCACGCGATCTG-1,0
AGGATTGCTTACGACA-1,7
AGGCAAAGAGGAATCA-1,1
AGGCAATACGGAGGAC-1,5
AGGCACGTGACTGTCC-1,0
AGGCAGATGCGTAAAC-1,1
AGGCAGGGAGCGTACT-1,8
AGGCATTGTCGTAGGG-1,8
AGGCCACATTGGTTAC-1,7
AGGCCACCCGTTATGA-1,8
AGGCCCAGTGACTGGT-1,3
AGGCCCATTGTACAGG-1,8
AGGCCCTAGAACGCCA-1,1
AGGCCTATCATACCAA-1,0
AGGCCTGAGAATCTCG-1,1
AGGCGATAACTGGCGT-1,7
AGGCGGTTTGTCCCGC-1,8
AGGCGTCTATGGACGG-1,5
AGGCTATGGTTAGCTT-1,4
AGGCTTAAGTTGCACA-1,7
AGGCTTCCCGAAGAAG-1,1
AGGCTTGCTAGACACC-1,1
AGGGAAACGAGGTACT-1,1
AGGGACAGCACGGCGG-1,4
AGGGACCGGCTGCGTT-1,8
AGGGACTCTACGCGAC-1,4
AGGGAGACATACTTCG-1,4
AGGGCAGCGGCGTGGT-1,1
AGGGCCCTAATGTTCT-1,7
AGGGCGAGCAGCTGAT-1,5
AGGGCGTGATCGGCTA-1,3
AGGGCTGCAGTTACAG-1,5
AGGGTCAGTAACCCTA-1,4
AGGGTCGATGCGAACT-1,0
AGGGTCTGGACGCAGT-1,7
AGGGTGCCGTTCTTTA-1,4
AGGGTGCTCTCGAGGG-1,0
AGGGTGGATAGTGCAT-1,4
AGGGTGTGCTACACGC-1,7
AGGGTTCAGACGGTCC-1,4
AGGGTTCCCTTTGGTT-1,5
AGGGTTTAGTTCGGGA-1,2
AGGTAACCTCCTATTC-1,1
AGGTACGATATTGCCA-1,2
AGGTAGATCGAGATAT-1,0
AGGTAGGTACAAAGCT-1,2
AGGTATAATTGATAGT-1,3
AGGTATGCGGACATTA-1,7
AGGTCAGGTGAGAGTG-1,8
AGGTCGCCACTTCGGT-1,3
AGGTCGCCTCCCAACA-1,7
AGGTCGCGGAGTTACT-1,0
AGGTGCACGTCCACAT-1,8
AGGTGGTGACCTTCGC-1,3
AGGTGTATCGCCATGA-1,2
AGGTGTTGCCGACCAC-1,7
AGGTTACACCATGCCG-1,5
AGGTTCTCCTTTCCGG-1,5
AGGTTGAGGCACGCTT-1,2
AGGTTTCACACACCTT-1,1
AGTAACGTTCATCCTG-1,0
AGTAACTATAGCAGCC-1,8
AGTAATCTAAGGGTGG-1,5
AGTAATGTCTTGCCGC-1,8
AGTAATTTGCAAGCGT-1,5
AGTACAGAAGCTTATA-1,8
AGTACATCATTTATCA-1,1
AGTACCTTCGAGTGCT-1,5
AGTACGGCCCGTATCG-1,2
AGTACGGGCACCTGGC-1,4
AGTACGTGGCCTGTCT-1,8
AGTACTCTTATGCCCA-1,3
AGTAGAAGGCGCCTCA-1,1
AGTAGCGTGAACGAAC-1,5
AGTAGCTAGACGCCGA-1,4
AGTAGGAAGGAAGTTG-1,3
AGTAGGTAACATACAT-1,1
AGTATAATACTAGGCA-1,1
AGTATACACAGCGACA-1,5
AGTATCCATAATAACG-1,1
AGTATGCTGGAGACCA-1,4
AGTATTTGGCACGACC-1,5
AGTCAAATGATGTGAT-1,4
AGTCAACACCACCATC-1,1
AGTCAAGATGACACTT-1,3
AGTCACTAGCTCTCGA-1,8
AGTCACTCCGCCTCAT-1,5
AGTCAGCCACCGCCTG-1,5
AGTCCAGCGGGTACGT-1,3
AGTCCATTGGCTGATG-1,8
AGTCCCGCCTTTAATT-1,1
AGTCCCTCGCAGAAAG-1,7
AGTCGAAACGATTCAG-1,3
AGTCGACGGTCTCAAG-1,1
AGTCGGCCCAAACGAC-1,8
AGTCGGCTCAACTTTA-1,1
AGTCGGTTGCGTGAGA-1,3
AGTCGTATAAAGCAGA-1,8
AGTCGTCGACCACCAA-1,0
AGTCGTGGGCATTACG-1,1
AGTCTAAAGTATACTC-1,4
AGTCTCACAAGACTAC-1,8
AGTCTGGACATCCTTG-1,1
AGTCTTCTCCTCAAAT-1,4
AGTCTTTAAAGTGTCC-1,1
AGTGAACAAACTTCTC-1,8
AGTGAAGATGGTGTCC-1,7
AGTGACCTACTTTACG-1,3
AGTGACTGTGACACAA-1,2
AGTGAGACTTCCAGTA-1,4
AGTGAGCCTCGCCGCC-1,8
AGTGAGGGTTTCTGAC-1,0
AGTGAGTCGAATTAAC-1,1
AGTGATAACCTGCGCG-1,8
AGTGATATGAGTAGTT-1,4
AGTGATTCAAGCAGGA-1,5
AGTGCACGCTTAAGAA-1,0
AGTGCGTAGCTCGTAA-1,4
AGTGCTAAACACAGCA-1,8
AGTGCTTGCACGAATA-1,8
AGTGGCCCGCAAATGG-1,5
AGTGGCGGCAATTTGA-1,1
AGTGGCGTCTGAAGGT-1,1
AGTGGCTCCGTCGGCC-1,5
AGTGGGAGTATACACG-1,9
AGTGGTGTTACCCGTG-1,8
AGTGGTTGCGTATAGG-1,4
AGTGTATTGCGCATTG-1,1
AGTGTGCTAAGATCGC-1,3
AGTGTGGTCTATTGTG-1,1
AGTTAAACACTTGCGA-1,5
AGTTAAGCGGTCCCGG-1,3
AGTTAAGTCAACCGCT-1,1
AGTTACCCTTAAGACT-1,5
AGTTACCGCACATGGT-1,4
AGTTACTCTATCGTGG-1,1
AGTTATTCAGACTGTG-1,9
AGTTATTGAAAGGTAA-1,4
AGTTCACCGGTTGGAC-1,4
AGTTCCTACAGAATTA-1,1
AGTTCCTATTTATGTT-1,0
AGTTCTGCGTTGTATC-1,1
AGTTGACATCGGCTGG-1,3
AGTTGACGGTCCTTGC-1,0
AGTTGCGGTCCTCAAC-1,4
AGTTGCTGACTGATAT-1,1
AGTTGGCAAGGCTAGA-1,0
AGTTTATGTAAAGACA-1,7
AGTTTCGCAGGTCGGA-1,5
AGTTTGCACCTGCCTC-1,1
AGTTTGGCACGGGTTG-1,0
AGTTTGGCCAGACCTA-1,1
ATAAACCATTGGACGG-1,8
ATAAACGGACCCGTAA-1,1
ATAAACGTTGCACCAC-1,4
ATAAAGGCTCGGTCGT-1,5
ATAAAGGTCAAGTACG-1,3
ATAAATATTAGCAGCT-1,2
ATAACGCCGGAGGGTC-1,1
ATAACGGAGTCCAACG-1,0
ATAACGTTACCTCCAC-1,1
ATAAGCAAACACCGAG-1,7
ATAAGGTGGAGAACAT-1,8
ATAAGTACCCGATTGT-1,5
ATAAGTAGGATTCAGA-1,1
ATAAGTAGGGCGACTC-1,8
ATAAGTTACCGCGACG-1,4
ATAATACCGTTAGCCG-1,3
ATAATAGCTGTTGAAT-1,1
ATAATAGTGTAGGGAC-1,1
ATAATCTTGGAGAACC-1,0
ATAATTAGCTAAGTAG-1,5
ATACAGCGTCCACTGA-1,9
ATACAGGCCCTCCAAT-1,1
ATACCACGGGCAACTT-1,2
ATACCAGCAAATTGCT-1,1
ATACCAGGCTAATAGA-1,8
ATACCAGGTGAGCGAT-1,3
ATACCCTCCCGGCCAA-1,7
ATACCCTGGCTCAAAT-1,3
ATACCGTCATCCATAA-1,4
ATACCTAACCAAGAAA-1,3
ATACGAAGGCTTTCCA-1,7
ATACGACAGATGGGTA-1,7
ATACGAGGTTTGTAAG-1,0
ATACGCCGATCTACCG-1,8
ATACGCCGGCGAAACC-1,5
ATACGGAACGTCGTTT-1,4
ATACGGGTTTCGATTG-1,0
ATACGGTGAAGATGCA-1,2
ATACGTACTTAGCCAC-1,3
ATACGTCCACTCCTGT-1,3
ATACGTTATGCACGGA-1,3
ATACTACCCGTACCAC-1,8
ATACTAGCATGACCCT-1,1
ATACTCTCGCCACTCT-1,3
ATACTGCCTTACACCG-1,8
ATACTTGTTCTCGAGC-1,4
ATAGACAACGGGACCT-1,0
ATAGACGAAGAGAAAG-1,1
ATAGAGTACTGGGACA-1,0
ATAGAGTTATCAACTT-1,4
ATAGATTTGCAGTCGG-1,1
ATAGCAACTAGGGAAG-1,0
ATAGCCATAACAGTCA-1,7
ATAGCCTCAGTACCCA-1,1
ATAGCTGCTCTTGTTA-1,1
ATAGGAATCTAAGCTT-1,8
ATAGGCGGCTATAGAA-1,8
ATAGGCTAGCTTCGCA-1,8
ATAGGGATATCCTTGA-1,2
ATAGGTTGGGCAGATG-1,2
ATAGTCTTTGACGTGC-1,3
ATAGTGAAGCGTTCTC-1,3
ATAGTTCCACCCACTC-1,5
ATATAAAGCGCTCGTG-1,1
ATATAAATGTAGCTGC-1,5
ATATAACACGGGCGCA-1,8
ATATACATGTATGGTA-1,8
ATATACGCTCGTGACG-1,1
ATATAGAGTATTGGTC-1,2
ATATCAACCTACAGAG-1,0
ATATCAATTCCAGCCT-1,2
ATATCGGTAGGGAGAT-1,3
ATATCGTGCCAGACCC-1,1
ATATCGTTCCTCGAAC-1,5
ATATCTCCCTCGTTAA-1,8
ATATCTTAGGGCCTTC-1,4
ATATGGGATAGCAACT-1,1
ATATGTCTAGAGCGTG-1,3
ATATGTCTCCCTAGCC-1,1
ATATGTGCACAAACCA-1,7
ATATTATCCCGTATTT-1,1
ATATTCAGTTAAACCT-1,4
ATATTCCACATAGTGA-1,8
ATATTCCCACAGGTCA-1,0
ATATTGCTGTCAAAGT-1,1
ATATTGGAGAGGCCTT-1,7
ATATTTAACCCTCAAG-1,4
ATCAAACACTGTTCCA-1,1
ATCAAACGAAGGTTTG-1,5
ATCAAAGAGCCGTGGT-1,4
ATCAAGATCCCAGGAC-1,4
ATCAATCTGGGCTGCA-1,4
ATCAATGCCGTGGCTG-1,4
ATCACATTAGAATATC-1,3
ATCACGTGCTAATTAA-1,0
ATCACTTCATCCTCGC-1,4
ATCAGAAGCTGGTTGC-1,7
ATCAGACGGCACGCCG-1,2
ATCAGCCTCATGCTGC-1,1
ATCAGCTCGTCCACTA-1,5
ATCAGGTAGCTGACAG-1,7
ATCAGGTCGCCATTGC-1,3
ATCAGTAGGCAGGGAT-1,0
ATCATAGATCGACGAG-1,4
ATCATAGCCCTATGTA-1,0
ATCATCCAATATTTGT-1,1
ATCATCTGCCCAGTGT-1,4
ATCATGGACTACCGAC-1,7
ATCATTGTACCGCATT-1,4
ATCCAACGCAGTCATA-1,8
ATCCAATGGAGGGTCC-1,5
ATCCAATGGTACCGAA-1,4
ATCCACATCGACAGAA-1,1
ATCCACGCTAAATGTT-1,0
ATCCACTTTCAGACTA-1,8
ATCCAGAGCAACAACC-1,8
ATCCAGGATTCGTGAA-1,4
ATCCCATCCACAGCGC-1,2
ATCCCATTTCCGTGGG-1,5
ATCCGGACCAGCCTGA-1,7
ATCCTACCTAAGCTCT-1,4
ATCCTGAATCGCTGCG-1,2
ATCCTGCGTGGAATGG-1,4
ATCCTGCTGCAGATAG-1,1
ATCCTTCTGAAAGAAC-1,7
ATCGACCCAATACAGA-1,0
ATCGACTCTTTCCGTT-1,1
ATCGCACGATTGTTCA-1,4
ATCGCACGCCGGGAGA-1,4
ATCGCCAGTCAACATT-1,1
ATCGCCGTGGTTCATG-1,7
ATCGCTGCGTGCAGCA-1,3
ATCGCTTTACGTCTCA-1,7
ATCGGAGACAGACGGC-1,3
ATCGGCAAGCAGTCCA-1,5
ATCGGTTACCTAGTAA-1,2
ATCGTATTCCGAGAAC-1,2
ATCGTCCAATCGAGTC-1,0
ATCGTGGAAAGTCTGG-1,2
ATCGTTAGCTAGCGGA-1,3
ATCGTTCACTTTCGCC-1,1
ATCTAACGTCCCTATG-1,5
ATCTAATATCCTACGG-1,1
ATCTACCATCTGCTCC-1,3
ATCTAGCTTGTGAGGG-1,5
ATCTATCGATGATCAA-1,3
ATCTCATAAACCTACC-1,6
ATCTCCCACGGAATAT-1,4
ATCTCCCTGCAATCTA-1,5
ATCTCGTGAGCGAAAC-1,0
ATCTGACATGGAAGGA-1,5
ATCTGATAGTGTCTTA-1,3
ATCTGCACCTCTGCGA-1,8
ATCTGCTGTTATCGCC-1,8
ATCTGGGCTGTTCTTG-1,5
ATCTGGTTAAGACTGT-1,4
ATCTGTAATTGTACCC-1,3
ATCTTAGGGCATTAAT-1,4
ATCTTATCGCACACCC-1,3
ATCTTGACCTGCAACG-1,0
ATCTTGACTTGTCCAA-1,1
ATCTTTCGTATAACCA-1,7
ATGAAGCCAAGGAGCC-1,3
ATGAAGTGGACCCAGC-1,2
ATGACGCCGGCTCTAA-1,3
ATGACGCGTTCTATCC-1,8
ATGACTATCAGCTGTG-1,0
ATGACTATGCGACATT-1,5
ATGAGGAGTGTTAATC-1,8
ATGAGGGCAGCGGCTA-1,0
ATGATCGGGAATAGAC-1,5
ATGATGCAATGGTACA-1,3
ATGCACCTTCCTTAAT-1,4
ATGCACGCGCTGTTCA-1,4
ATGCACTACCGCATTG-1,8
ATGCATGATCCAGGAT-1,4
ATGCATTCCGTGATGG-1,4
ATGCCAATCGCTCTGC-1,4
ATGCCATTTGCGACCA-1,5
ATGCCGGTCTTGCATA-1,8
ATGCCGGTTGATGGGA-1,8
ATGCGACAATTGGTCC-1,4
ATGCGACAGTCCCATT-1,4
ATGCGAGTCCCACCAC-1,4
ATGCTCAGTGTTGCAT-1,1
ATGCTCTGGCGCGGTA-1,0
ATGCTTAGGAGTTGAT-1,8
ATGGAAATTTAAGGAG-1,4
ATGGAACAGAATAAAC-1,8
ATGGAACCTTTGCACA-1,7
ATGGACTGCTTAGTTG-1,4
ATGGAGCAGGCCGTGA-1,8
ATGGATCCGGCGTCCG-1,2
ATGGATTGACCAAACG-1,4
ATGGCAGCATTACGAT-1,4
ATGGCAGCCGAGAAAC-1,2
ATGGCCCGAAAGGTTA-1,9
ATGGCGGAATAGTCGC-1,7
ATGGCTGGAAATGGCC-1,8
ATGGGAACGGAAGCGG-1,1
ATGGGACCTGCTGAAC-1,3
ATGGGCCTCGGCCTCT-1,8
ATGGGTGTATACCTCC-1,2
ATGGTATTGGGAACCG-1,2
ATGGTATTTACTGATT-1,5
ATGGTCGCGTGGTTTC-1,5
ATGGTGCTCAAAGCCA-1,8
ATGGTTACGAAACATG-1,1
ATGTAAGGCTGCTCTT-1,1
ATGTACATGCGGTGAG-1,3
ATGTACGATGACGTCG-1,1
ATGTAGCGCGCGTAGG-1,8
ATGTCATAATAAACGA-1,7
ATGTCATTTCCCATTG-1,0
ATGTCTTGTTTGACTC-1,5
ATGTGAAAGCCTAATG-1,0
ATGTGCATCCGACGCA-1,4
ATGTGGACATCTTGAT-1,8
ATGTGTAGTTTAGTCA-1,0
ATGTTACGAGCAATAC-1,0
ATGTTCCTGCCCACCT-1,1
ATGTTCGTCGACCCAC-1,2
ATGTTGATTAGAGACT-1,1
ATGTTGTAGTCTGTTT-1,1
ATGTTTCGGCCCGGAG-1,7
ATGTTTGTAAGATCAT-1,5
ATTAAACATGCGGACC-1,0
ATTAAAGCGGACGAGC-1,6
ATTAACACCTGAGATA-1,5
ATTAATACTACGCGGG-1,2
ATTAATGAACCAGTCG-1,5
ATTAATTCGGTCACTC-1,5
ATTACAACTACCGGCC-1,0
ATTACATGTCAGTCTT-1,8
ATTACCACACTGCCTG-1,0
ATTACGACTCCACAGT-1,7
ATTACGCGCTGGCAGG-1,5
ATTACGGGCTACGGTT-1,4
ATTACTAGCCTCTTGC-1,1
ATTACTTACTGGGCAT-1,8
ATTAGATTCCTCAGCA-1,1
ATTAGATTGATAGCGG-1,1
ATTAGGCGATGCTTTC-1,5
ATTATACTTTGCTCGT-1,4
ATTATAGCTACTTTAC-1,1
ATTATCGGAATGTACG-1,0
ATTATCTCGACAGATC-1,3
ATTATGAGACCCAATT-1,0
ATTATGCCATAGGGAG-1,3
ATTATGCTCAGTATTG-1,7
ATTATTATGTCCGTCA-1,1
ATTATTCAGAGTCACT-1,1
ATTCAAAGTACCTGTT-1,0
ATTCAACCATTTAAGG-1,8
ATTCACTGATGTTGGA-1,1
ATTCAGATGAATCCCT-1,1
ATTCAGGACCTATTTC-1,5
ATTCAGGATCGCCTCT-1,1
ATTCAGTAGCAGGGTC-1,8
ATTCATATACTGTCCA-1,1
ATTCATCGTTGAGGCA-1,3
ATTCCCACATAAACAA-1,5
ATTCCCGAAGGTACAG-1,9
ATTCCTAAGACGTGGA-1,5
ATTCCTCCGCCAGTGC-1,5
ATTCCTTCCAGGCGGT-1,1
ATTCGACGCCGGGCCT-1,2
ATTCGCAGAGGACACT-1,7
ATTCGCGCCTTGAGAG-1,3
ATTCGTCCCGAGGTTA-1,9
ATTCGTGCTATCTCTT-1,1
ATTCGTTTATCGTATT-1,9
ATTCTCGTCTCTTTAG-1,1
ATTCTGAGTATGAACT-1,3
ATTCTTCGTACTTATG-1,0
ATTGAAGATCTTAGTG-1,0
ATTGAATTCCCTGTAG-1,9
ATTGACCGGCGATGAC-1,5
ATTGACGTAACTCGGT-1,5
ATTGATAGCAACGAGA-1,4
ATTGATCACCACATTT-1,2
ATTGATGAGTCCTAAC-1,1
ATTGCCTATTAGACCG-1,2
ATTGCCTTTATGTTTG-1,1
ATTGCGATCAGTAACT-1,8
ATTGCTGCTCCTCCAT-1,1
ATTGGATTACAGCGTA-1,0
ATTGGGAATATCTTGG-1,1
ATTGGGAGTTCTGTAA-1,0
ATTGGTAGGATCCGCT-1,2
ATTGGTTGTGCATTAC-1,8
ATTGTACAACTCGGCT-1,1
ATTGTCGCAATACCTT-1,1
ATTGTCTGTTTCATGT-1,5
ATTGTGACTTCGCTGC-1,1
ATTGTTCAACGATCCG-1,7
ATTTAACTCGTATTAC-1,5
ATTTACAGTTTACTGG-1,8
ATTTACTAAGTCCATT-1,5
ATTTATACTGGTAAAG-1,5
ATTTCATTATTTCGCG-1,4
ATTTCCGGGTTCTGCG-1,4
ATTTGCCTAGTTACGA-1,8
ATTTGCGCGAGTAGCT-1,1
ATTTGGAGATTGCGGT-1,9
ATTTGTCTTGGGAGCT-1,5
ATTTGTTCCAGGGCTC-1,4
CAAACCAGGTCTGCAT-1,7
CAAACCCTCCGGCGGG-1,3
CAAACGAGTATCGCAG-1,4
CAAACGGTCGCACTTT-1,5
CAAACGTGGTCTTGCG-1,1
CAAACTACGATAGAGA-1,0
CAAACTATTGAGCTTC-1,2
CAAACTCGCGACGCCG-1,0
CAAAGATTATTGGGCC-1,5
CAAAGGTCATCTGAAA-1,7
CAAAGGTTAAATTCAG-1,5
CAAAGTCAGGTTAGCT-1,4
CAAATCTCTCACAAGG-1,1
CAAATGCGGAGTGTTC-1,6
CAAATGTCCTTCCGTG-1,0
CAAATTGGATTATGCC-1,3
CAAATTGTCAGCAAGC-1,4
CAACACATCTCCTGCC-1,7
CAACAGAATAACGCTA-1,1
CAACAGTGCCAAACGG-1,6
CAACATGGCCTGATAA-1,2
CAACCAGTGGCCTACC-1,8
CAACCGCACCTAGACA-1,3
CAACCTACCGAGCAGT-1,5
CAACCTGAACCTGCCA-1,7
CAACGACCCGTTTACA-1,5
CAACGAGCTTATTATG-1,9
CAACGATCGATCCAAT-1,7
CAACGCGATGAGCCAA-1,4
CAACGGTTCTTGATAC-1,1
CAACGTGGTGGAGTCT-1,8
CAACTATATCGAATGC-1,4
CAACTCCAACGTTTAG-1,1
CAACTCCGTAACTTGC-1,4
CAACTCCTTGATCCCG-1,8
CAACTGAGGGTATGAC-1,7
CAACTGCTCATCCGAT-1,8
CAACTTGTAGTGGGCA-1,1
CAAGAAACCCTAAACT-1,7
CAAGACTCAGAAGCGC-1,7
CAAGAGGGCGGAGTAC-1,5
CAAGATATTATAACGT-1,5
CAAGCAACGTCGGAGT-1,8
CAAGCACCAAATGCCT-1,8
CAAGCGGCACATAATT-1,5
CAAGGATCGCATGTTC-1,3
CAAGGCCAGTGGTGCA-1,0
CAAGGGAGTGTATTTG-1,1
CAAGGTCCTATAGGCT-1,8
CAAGTAAGTGATAGAC-1,5
CAAGTCGTTGAAATCT-1,4
CAAGTGAACTTTGGTT-1,5
CAAGTGTGGTTGCAAA-1,5
CAATAAACCTTGGCCC-1,0
CAATACGAGAGTCTGA-1,7
CAATACGCTCTGAGGC-1,5
CAATATGTAGATTTAC-1,8
CAATATTCTTGACCTA-1,5
CAATATTGGACTAGTG-1,1
CAATCCATTATCCGTT-1,6
CAATCCCTATACCAGC-1,3
CAATCCTGCCGTGGAG-1,1
CAATGACCCTTAATTT-1,4
CAATGAGGTTCGACTA-1,7
CAATGCGAGAAGTATC-1,0
CAATGGAATCTACATA-1,0
CAATGGATCTCTACCA-1,5
CAATGGTCGGCCTGGG-1,5
CAATGTGCCAACCCTT-1,8
CAATTAAGGGTGATGA-1,2
CAATTGGGCCGCACTC-1,4
CAATTTCGTATAAGGG-1,3
CAATTTGACCGGGAAG-1,4
CACAAACCGCAGAACT-1,7
CACAAGAAAGATATTA-1,0
CACAAGCTAAGAAAGG-1,3
CACAATGAGCTGCTAT-1,8
CACACACGCTAACGAG-1,1
CACACAGCTTGCGCTC-1,1
CACACAGGGATAGATT-1,5
CACACGCGCTGTCTTA-1,1
CACACGTTTCAATGGG-1,5
CACACTTGTATTGCGA-1,1
CACAGAGACGAGGACG-1,2
CACAGCACCCACGGCA-1,2
CACAGCTAGGGAGTGA-1,0
CACAGGGCCATATAGT-1,0
CACAGGGCCGTTGTCA-1,8
CACAGTCCCGCTTCGC-1,8
CACAGTTCGCTTCCCA-1,5
CACATAAGGCGACCGT-1,3
CACATATTAGCAGGAT-1,3
CACATCGTGCACGCGC-1,0
CACATCTCACCGACGA-1,0
CACATGATTCAGCAAC-1,3
CACATGTTTGGACATG-1,1
CACATTCTTTCGATGG-1,4
CACATTTCTTGTCAGA-1,8
CACCAATCATCCGTCT-1,4
CACCACGCCACACAGA-1,0
CACCAGTCAGCATGCA-1,4
CACCATCGGAGGAGAC-1,1
CACCATGATCGCAAAG-1,5
CACCCAAATCTTATGT-1,4
CACCCACACGTCACCC-1,1
CACCCACGAGGCAATT-1,1
CACCCGCGTTTGACAC-1,7
CACCCGGTTTGTGACT-1,3
CACCCTAACAAGATCT-1,8
CACCCTTGGTGAGACC-1,3
CACCCTTTCCTCGCTC-1,5
CACCGATACACCGAGC-1,4
CACCGATGATGGGTAC-1,7
CACCGCCAGAAGGTTT-1,8
CACCGCCGACCAGCGA-1,1
CACCGCGTCCACTCTA-1,8
CACCGGAGATATCTCC-1,1
CACCGGGCATCACAAG-1,5
CACCGGTAGAGACATT-1,5
CACCGTATCCCATCCG-1,0
CACCGTTAGGGATCAC-1,1
CACCGTTGCGCGATAT-1,5
CACCTAATAGAGTCGT-1,1
CACCTAATCAGTTTAC-1,2
CACCTCGATGGTGGAC-1,1
CACCTCTACGAGTGTG-1,6
CACCTTGCGAAACTCG-1,2
CACCTTGGCGCCTTTG-1,5
CACGAAAGTTAGTCCC-1,3
CACGACCACAGACTTT-1,4
CACGACGTAATAGTAA-1,3
CACGACTAAAGTTCTG-1,2
CACGAGCAAACCAGAC-1,4
CACGATTGGTCGTTAA-1,6
CACGCACAGCGCAGCT-1,2
CACGCAGCGAGGCTTT-1,1
CACGCGGAACTGTTGC-1,8
CACGGACGTGGATGGC-1,7
CACGGCGCGCCAAAGG-1,4
CACGGGATTGAGGGTT-1,4
CACGTCAATCAATGGA-1,3
CACGTCGGCAACCTCT-1,8
CACGTCGGGTTCTAGA-1,3
CACGTCTATGATGTGG-1,1
CACGTTCGTGCTCTAG-1,5
CACGTTTCGTACACAC-1,8
CACTAAAGTTGCCTAT-1,5
CACTACGGGAGCTGCC-1,4
CACTACTCAGTTCTGT-1,4
CACTCAAGAGCTATGG-1,0
CACTCAGCTCTTGAGG-1,5
CACTCCTATGTAAGAT-1,4
CACTCCTCTCGGTCGG-1,4
CACTCGAGCTGAACAA-1,8
CACTCGGTTAGGAGGA-1,2
CACTCTCAAGCATCGA-1,4
CACTCTTCTGCTAGCC-1,0
CACTGACGATTGTGGA-1,8
CACTGTCCAAGTGAGA-1,1
CACTTAATCAGACGGA-1,8
CACTTCGCCACAGGCT-1,1
CACTTCGTCTTATCTC-1,5
CAGAACTTAGCCCTCT-1,1
CAGAATAACACACGGA-1,8
CAGAATATTCGTTATC-1,7
CAGACACCGATCGCTG-1,3
CAGACCTGTAAGTGTT-1,5
CAGACGAACCTGATAC-1,3
CAGAGACGGTCACCCA-1,1
CAGAGCATGAGCTTGC-1,2
CAGAGCGATGGATGCT-1,7
CAGAGGCGATGCATGA-1,0
CAGAGTGATTTAACGT-1,3
CAGATAATGGGCGGGT-1,5
CAGATACTAACATAGT-1,1
CAGATATGAAGATGAC-1,2
CAGATCATTTAAAGTC-1,0
CAGATCCTGGTTTGAA-1,3
CAGATGTTTGTCCCAA-1,5
CAGCAGCCCGTTCCTT-1,1
CAGCAGTCCAGACTAT-1,8
CAGCAGTCTGTGCTGC-1,1
CAGCCCTCACAGGCAG-1,3
CAGCCGGGCCCTCTAT-1,0
CAGCCTCCTGCAGAGG-1,1
CAGCCTCGATAGCGGT-1,7
CAGCCTCTCCTCAAGA-1,4
CAGCGATTCCCTTCAA-1,1
CAGCGCCAACACGATA-1,3
CAGCTCACTGAGACAT-1,2
CAGCTCGACAAGTTAA-1,5
CAGCTCGTGCTTGTGT-1,1
CAGCTCTGGGCTCACT-1,3
CAGCTGGCGTAACCGT-1,5
CAGCTTAGTAGGTAGC-1,3
CAGGAAGACTTTATAT-1,1
CAGGACAGCTGCCCTT-1,7
CAGGATATATCGTTGT-1,5
CAGGATCCGCCCGACC-1,3
CAGGCAGTCTTACCAG-1,1
CAGGCCAGTACCACCT-1,2
CAGGCCGTTTGGGTGT-1,1
CAGGCGCACGGTGGTC-1,8
CAGGCGCCATGCTAGG-1,0
CAGGGAGATAGGCCAG-1,0
CAGGGCTAACGAAACC-1,8
CAGGTTTAGTACTACA-1,7
CAGTAACTATTTATTG-1,0
CAGTAAGGGACGTCTC-1,4
CAGTAATCCCTCCCAG-1,1
CAGTACATTCTCTAAA-1,5
CAGTACCAGTTTACGT-1,5
CAGTAGATGATGTCCG-1,5
CAGTAGCCCACGCGGT-1,4
CAGTAGCGAGGTAGTA-1,1
CAGTCCAACGCCTTCT-1,7
CAGTCGAGGATGCAAT-1,8
CAGTCGGCCTAGATAT-1,1
CAGTCTCTCGGCTAAT-1,1
CAGTCTGTATACTGGG-1,1
CAGTGAATAAATGACT-1,4
CAGTGGTTGCACATGA-1,1
CAGTGTCCGCAGAATG-1,8
CAGTGTCGGCTGGCCC-1,5
CAGTGTTAATCTCTCA-1,2
CAGTTCAAATTGACAC-1,0
CAGTTCCGCGGGTCGA-1,5
CAGTTCGAGGACCCGA-1,1
CATAACGGACAGTCGT-1,3
CATAAGAAGCTTGGCT-1,5
CATAAGCTCTCCGTCT-1,8
CATAATGAGCGGGCGA-1,5
CATACAAAGCCGAACC-1,8
CATACACAAAGTCAGC-1,1
CATACACGGTTCCCAC-1,5
CATACCCGTACCCAGT-1,2
CATACGAACTAGCTGG-1,2
CATACGGCGTCTGGGC-1,5
CATACGGGTGCATGAT-1,4
CATACTATGTAATTGT-1,4
CATACTTAGGCAATAC-1,8
CATACTTCTTTCTCCG-1,8
CATAGAGGAGATACTA-1,0
CATAGCCGCCCGGGAT-1,0
CATAGCGTTGCCCACC-1,1
CATAGGGACACTTGTG-1,4
CATAGTACATTGAGAG-1,4
CATAGTAGCATAGTAG-1,0
CATAGTCAAATACATA-1,1
CATAGTCCACAAGAAC-1,1
CATAGTGGGCACGCCT-1,7
CATATACTACTGATAA-1,5
CATATAGGTACAGTCA-1,8
CATATGTCAGGCTACG-1,8
CATATTATTTGCCCTA-1,2
CATCAAACTGGCGCCC-1,4
CATCAACACCTACTAA-1,8
CATCATCTACCCGGAC-1,1
CATCATTACCCTGAGG-1,5
CATCCAATATAGTTTG-1,2
CATCCCGAGATTCATA-1,8
CATCCGCAGGCCCGAA-1,1
CATCCTCTCAAAGATC-1,5
CATCGAATGGATCTCT-1,3
CATCGCCCGCGGCCAA-1,1
CATCGGACGGGTTAAT-1,8
CATCGTCCGGTTACTA-1,4
CATCTACCCGAGAACG-1,1
CATCTAGTGAAGGGAA-1,3
CATCTATCCCGTGTCT-1,4
CATCTGCAGGATCATT-1,2
CATCTTACACCACCTC-1,5
CATGAACCGACATTTG-1,1
CATGAACCTCTTATCA-1,1
CATGACTTCGCTGAAT-1,5
CATGAGATGCACTCTC-1,1
CATGAGTCCATCACGG-1,4
CATGATACGGTGAAAC-1,4
CATGATCGCTTTGAGA-1,8
CATGATGCACAATTCT-1,5
CATGATGGAAGTTAGC-1,0
CATGCACATGAGAGGC-1,4
CATGCACGTGTTACTG-1,8
CATGCATGGAGACCCT-1,8
CATGCCAACTCGCAAA-1,0
CATGCGACCAGTTTAA-1,3
CATGCGTTAGACAGAA-1,1
CATGCGTTGAGAGGAG-1,2
CATGCTGGCTCCAATT-1,5
CATGGAAATGGGACCA-1,8
CATGGATTGTCTTCCG-1,5
CATGGCAGGAAGATCG-1,0
CATGGCTCCCTATGTC-1,2
CATGGGTATGCCTTAT-1,8
CATGGGTCGGGTGTGG-1,3
CATGGTAAGTAGCGTT-1,8
CATGGTATTAGTTTGT-1,2
CATGGTCTAGATACCG-1,4
CATGGTTTATTAATCA-1,5
CATGTAAGAGACATTT-1,0
CATGTAGGAGCGCCAA-1,4
CATGTCTCATTTATGG-1,1
CATGTGGGCTCATCAC-1,9
CATTACATAGATTGTG-1,8
CATTACGCAGGAAGGG-1,4
CATTACGTCGGCCCGT-1,4
CATTATAACAGGGTCC-1,1
CATTATCCCATTAACG-1,2
CATTATGCTTGTTGTG-1,5
CATTCACTGACAGCTA-1,5
CATTCAGGTCAGTGCG-1,1
CATTCCCATTCCGTCG-1,7
CATTCCCTAAGTACAA-1,1
CATTCGTCGTAGCGGT-1,7
CATTGATGAACACGCC-1,7
CATTGCAAAGCATAAT-1,4
CATTGCGAAATGGGCG-1,2
CATTGCGGGTCAATTC-1,5
CATTGTGTGCTAGATC-1,1
CATTTAGCGGACCATG-1,4
CATTTATCGTTCAAGA-1,5
CATTTCTAGCAGACTA-1,1
CATTTGAGTGGTACGT-1,1
CCAAACAGAACCCTCG-1,8
CCAAAGCAGTTGGTTG-1,2
CCAAAGTCCCGCTAAC-1,5
CCAAATAACAAGATTC-1,5
CCAAATCAAAGGGCAA-1,4
CCAACCTTATGTAACT-1,9
CCAACGATGCACTGAT-1,5
CCAACGCTTGCCAGGG-1,8
CCAACTTGATAGATCC-1,7
CCAAGAAAGTGGGCGA-1,1
CCAAGACTTCTGCGAA-1,1
CCAAGCGTAACTCGTA-1,1
CCAAGCTTGATCTCCT-1,6
CCAAGGAACAGAGAGG-1,0
CCAAGGTTGCCCTTTC-1,1
CCAAGTTTCTACAGAT-1,0
CCAATAGATTTCATCT-1,9
CCAATAGTGCCGTCGA-1,1
CCAATCGGTAGATCGA-1,0
CCAATGTCACAGCAAG-1,0
CCAATTACGGGTCGAG-1,0
CCAATTGAATGTTAAT-1,8
CCACAATGTACGTCTT-1,3
CCACACTGAGATATTA-1,4
CCACAGCTGAAATCAT-1,1
CCACAGTACCCATCCT-1,8
CCACATACTGCACCCA-1,0
CCACATGGCTCTTTAT-1,4
CCACCAACTTTACTGT-1,5
CCACCCAAGGAAAGTG-1,5
CCACCTGTATGGAATA-1,7
CCACGAATTTAACCTC-1,4
CCACGAGAAGAGAATC-1,4
CCACGGAGCCATAAGA-1,8
CCACGGCAGGTGTAGG-1,2
CCACGGTGCCCGGTAG-1,1
CCACGTAAATTAGACT-1,7
CCACTAAACTGAATCG-1,2
CCACTATCCGGGTCAC-1,1
CCACTCAGATCCGCAA-1,5
CCACTGGTGGCTGGTT-1,4
CCACTGTTTGGATTAA-1,4
CCAGAAACTGATGCGA-1,8
CCAGAAAGCAACTCAT-1,0
CCAGAGACAAAGCCGG-1,5
CCAGATAGTTGAGTGA-1,5
CCAGATGTAAATGGGT-1,7
CCAGCCTGGACCAATA-1,5
CCAGCGGGATCACCAG-1,7
CCAGCTACGCCTCATA-1,1
CCAGCTCGAACGCATT-1,5
CCAGCTGATGGTACTT-1,2
CCAGCTTCCGCCCGCA-1,0
CCAGGCGAGATGGTCT-1,9
CCAGGCTGGCGTCTGA-1,7
CCAGTAGTCTGATCCA-1,4
CCAGTCAAATCTCTTA-1,4
CCAGTCCATTATTCGA-1,1
CCAGTCTAGACGGCGC-1,4
CCAGTCTTGTCATAGA-1,1
CCAGTGAGCTCCTTGT-1,6
CCAGTGTACAGACCGA-1,2
CCAGTTCGGTAACTCA-1,1
CCATAAACAACCCGAC-1,4
CCATAACCTGTGCAGT-1,4
CCATACCTTTACTTGT-1,1
CCATACTCGCCTCTCC-1,9
CCATAGAGGCTGCCAG-1,2
CCATAGGTTGGCGTGG-1,1
CCATAGTCAGTAACCC-1,1
CCATATGGAAACTATA-1,1
CCATATTGGATCATGA-1,4
CCATCATAAGAACAGG-1,5
CCATCCATACCAAGTC-1,1
CCATCGCAGTTAAACT-1,1
CCATCTCACCAGTGAA-1,8
CCATCTTGTTCACAAT-1,4
CCATGCCCTAGATTTC-1,1
CCATGCCTGTTTAGTA-1,4
CCATGCTCTGCAGGAA-1,1
CCATGGCAAACGCTCA-1,4
CCATGGCCCTTGTACC-1,4
CCATGTTCATCTATAT-1,2
CCATTAGCGATAATCC-1,0
CCATTCCCTGCCCACA-1,8
CCATTGTTTCCTCCAT-1,7
CCATTTCTACCTATTA-1,0
CCCAAACATGCTGCTC-1,0
CCCAACATACGTCGCG-1,0
CCCAACCACACTAACA-1,5
CCCAAGAATGCACGGT-1,0
CCCAAGACAGAGTATG-1,4
CCCAAGTCATTACACT-1,5
CCCAATGAGATTTGCA-1,0
CCCAATTTCACAACTT-1,4
CCCAGAGGAGGGCGTA-1,5
CCCAGATTCCCGTGAC-1,4
CCCAGGAAGAATTCGA-1,0
CCCAGGTCTGAAGGCT-1,1
CCCAGTAAACTTGGGA-1,2
CCCAGTTAAGGCGCCG-1,8
CCCATATAGGTCGATT-1,8
CCCATTATTGTATCCT-1,7
CCCGAAGTTTCGCGAA-1,8
CCCGACCATAGTCCGC-1,4
CCCGAGTTTCTCCGTA-1,0
CCCGATAGCCTCGCCT-1,7
CCCGCAAATAATCATC-1,7
CCCGCAGCGCGAACTA-1,5
CCCGCAGGGCCCAAAG-1,2
CCCGCCATGCTCCCGT-1,1
CCCGCGCAATGCACCC-1,3
CCCGCTAGAGGGTTAA-1,6
CCCGCTTGCCCTCGTC-1,1
CCCGGCACGTGTCAGG-1,9
CCCGGCTAGGTGAGAA-1,1
CCCGGGTCGTTCAGGG-1,8
CCCGGTGGAAGAACCT-1,0
CCCGGTGTATCGGAAT-1,8
CCCGTAAGTCTAGGCC-1,3
CCCGTAGCTGGGAAGA-1,5
CCCGTCAGCGTCTGAC-1,5
CCCGTGAGGGCGGTGA-1,3
CCCGTGGGTTAATTGA-1,3
CCCGTTTCGCAGATGT-1,8
CCCTACCCACACCCAG-1,1
CCCTACTTGAACAATG-1,5
CCCTAGCTCTAAGGTC-1,7
CCCTAGGCAACAAGAG-1,8
CCCTAGTGTCAGGTGT-1,1
CCCTATGTAGAGCAGA-1,4
CCCTCAAGCTCTTAGT-1,4
CCCTCAGATCGAGAAC-1,4
CCCTCATTCTGGAATT-1,1
CCCTCCTCGCTCGTAT-1,8
CCCTCGATAATACACA-1,2
CCCTCGGGAGCCTTGT-1,8
CCCTGAAATGAGTTGA-1,0
CCCTGACTAACAAATT-1,2
CCCTGATGTAACTCGT-1,1
CCCTGCCCAATCCGCT-1,8
CCCTGCGCTACGCATA-1,2
CCCTGGCTGTTCCTTC-1,4
CCCTGGGAGGGATCCT-1,4
CCCTGGTATGGGCGGC-1,1
CCCTGTTGGCAAAGAC-1,4
CCCTTCTCGTACGCGA-1,0
CCCTTTAATGGAGTTC-1,4
CCCTTTGACAGGTCTT-1,4
CCGAAACACGACCTCT-1,4
CCGAAAGTGGTGAGCA-1,1
CCGAACACTGGGCCTC-1,1
CCGAACCTTCCCGGCC-1,8
CCGAAGCATTGACCAA-1,2
CCGAAGGGCGTACCGC-1,7
CCGAAGTATATTGTTC-1,4
CCGACAAACACATGAG-1,1
CCGACAAAGGGAGTGC-1,2
CCGACAATAGGCCGCC-1,0
CCGACGGGCATGAGGT-1,8
CCGACGTAAACACAAC-1,1
CCGACTCGCATAGTCT-1,1
CCGAGAAGTCGCATAA-1,1
CCGAGCTGTGCTTGTC-1,3
CCGAGGGATGTTAGGC-1,5
CCGATATGACGTAAGG-1,7
CCGATCTCAACCTTAT-1,1
CCGATCTTAAGAGGCT-1,7
CCGATTCGAGGGACCC-1,4
CCGATTGGTCAATGAA-1,1
CCGCACAAAGACCAAC-1,5
CCGCACACGAACGTGT-1,7
CCGCACGTGACCTCGG-1,0
CCGCACTTGCAATGAC-1,5
CCGCATGTGGTACGAT-1,1
CCGCCACCACAATCCA-1,1
CCGCCGGAACTTCTCG-1,0
CCGCCGGTCAACACAC-1,3
CCGCCGTTGAGGATAA-1,0
CCGCCTGCGAATTGGT-1,1
CCGCCTTGCGATGTCG-1,4
CCGCGATTTGGTAGGT-1,4
CCGCGCAAGATACCCA-1,5
CCGCGGAATGCGTCAC-1,0
CCGCGGGTACGAAGAA-1,0
CCGCGTAGGTAAGGGC-1,2
CCGCTATCAGCACCAG-1,0
CCGCTCCAGGGCGATC-1,8
CCGCTCCGGATAAGCT-1,0
CCGCTCTTCCGAACTA-1,3
CCGCTGGTGCCATTCA-1,1
CCGCTTACCTCACTCT-1,8
CCGCTTCGCGGTTAAC-1,1
CCGCTTGCTGACATGG-1,3
CCGGAAGTGCAATATG-1,7
CCGGAAGTTATCAGTC-1,7
CCGGAATGGTTTCAGT-1,1
CCGGAGCGTACTTTCT-1,5
CCGGAGGTCTTATGGT-1,3
CCGGCACGACCGTTTC-1,8
CCGGCCGCGAGCATAT-1,4
CCGGCGCATATTGGAT-1,8
CCGGCGTGAGACTCTG-1,3
CCGGGACCCGCAGAGA-1,1
CCGGGCGGTCTCGTCA-1,8
CCGGGCTAAGAATTTC-1,2
CCGGGCTGCTCCATAC-1,1
CCGGGTTCGAGGTTAC-1,2
CCGGTAATGGCTAGTC-1,8
CCGGTGCGAGTGATAG-1,8
CCGGTTTGTAATTGTG-1,3
CCGTAAGTTGGTCCCA-1,8
CCGTACCCAAGCGCCA-1,5
CCGTAGGAAATCCCTG-1,8
CCGTAGGGTTGTTTAC-1,0
CCGTATCTCGTCGTAG-1,4
CCGTATTAGCGCAGTT-1,8
CCGTCAACCTCTGGCG-1,4
CCGTGAGGCATTCATG-1,7
CCGTGCCCATGACGGC-1,1
CCGTGGAACGATCCAA-1,1
CCGTGTTAAATTCCAT-1,8
CCGTTACGTTAGAACA-1,8
CCGTTCCGAATCTCGG-1,5
CCGTTTCCTTTCCGTG-1,4
CCTAAACAGGGTCCGT-1,6
CCTAAAGGCTGACGCT-1,0
CCTAAATTAACGGTTC-1,8
CCTAAATTGTATCCTA-1,8
CCTAACCCAAACAAGT-1,5
CCTAACTAAGGCTCTA-1,1
CCTAAGTGTCTAACCG-1,1
CCTACAAGTCCGGAAT-1,1
CCTACAGTTGAGGGAG-1,7
CCTACATTCACAGACG-1,1
CCTACGCGACCTTACA-1,1
CCTACGGCTCAGTCGA-1,1
CCTACTCAACACGATT-1,7
CCTACTGCGGCGGCCA-1,7
CCTACTGCTTACACTT-1,1
CCTAGGCGTAGCGATC-1,5
CCTAGGTAAAGGTAGC-1,2
CCTAGTTAGTCGCATG-1,4
CCTATAATGAGTGCCC-1,5
CCTATACCGTCCTGTC-1,3
CCTATATCGTGTCACG-1,0
CCTATATTTGTCCTGG-1,5
CCTATCTATATCGGAA-1,2
CCTATGAAGTGGTGCC-1,8
CCTATGGCTCCTAGTG-1,2
CCTATGGGTTACCGTC-1,0
CCTATGGTCAAAGCTG-1,0
CCTATGTCCACTCCAC-1,1
CCTATTATTCCGGCCG-1,8
CCTCAACGATCGCTGT-1,9
CCTCACCAATCTTGAC-1,1
CCTCACCTGAGGGAGC-1,5
CCTCACCTTAGCATCG-1,4
CCTCACGTCAGCTAAT-1,7
CCTCATGCAGCTACGA-1,1
CCTCCCGACAATCCCT-1,1
CCTCCGACAATTCAAG-1,8
CCTCCTAGCTAGAGTC-1,3
CCTCCTGAGCCCACAT-1,5
CCTCCTGTTGTGTCGT-1,8
CCTCGAAGTGGACGGG-1,1
CCTCGACCCACTGCCT-1,0
CCTCGCCAGCAAATTA-1,4
CCTCGCGCGATATAGG-1,3
CCTCGCGCTGTGCGAT-1,5
CCTCGGACCGGGATAG-1,8
CCTCGGATGCTACCTG-1,2
CCTCGGTTTCCTTGCC-1,2
CCTCGTTACGCCTGTT-1,8
CCTCTAATCTGCCAAG-1,2
CCTCTACAAGGATTGG-1,2
CCTCTATCGATTAGCA-1,5
CCTCTCTCCCATCTAG-1,0
CCTCTGGCCTAGACGG-1,4
CCTCTGTACTATTCTA-1,8
CCTGAACGATATATTC-1,5
CCTGAATATTTACATA-1,4
CCTGACAAACTCGCGC-1,1
CCTGACCACCGATGGT-1,1
CCTGACGCAACCTTTA-1,1
CCTGAGAATAAATGCA-1,2
CCTGATTCGCGAAGAA-1,0
CCTGCCCGTTGTCTAG-1,2
CCTGCGATAGAACTGT-1,1
CCTGCGTTCTACGCTT-1,2
CCTGCTATTTGAGAAG-1,3
CCTGGAAACGTTCTGC-1,8
CCTGGCTAGACCCGCC-1,0
CCTGGTCGAATGTGGG-1,1
CCTGTAAGACATGATA-1,0
CCTGTACTCACGCCCA-1,5
CCTGTCACCCGGGCTC-1,0
CCTGTCCCTCACGTTA-1,8
CCTGTCGCCCGTAAAT-1,4
CCTGTCGTGTATGAAG-1,8
CCTGTGAAACCGTAAC-1,8
CCTGTGCATAGGAGAC-1,1
CCTGTGCGGATTGTAA-1,1
CCTGTTCAACCTCGGG-1,8
CCTGTTTGAAGACACG-1,8
CCTTAAGTACGCAATT-1,7
CCTTCAGTTAAAGTGA-1,1
CCTTCCGCAACGCTGC-1,4
CCTTCGTATAGAATCC-1,0
CCTTCTCAGCGTTCCT-1,8
CCTTCTTGATCCAGTG-1,2
CCTTGACCACTTTATT-1,8
CCTTGTGAACGTGGTT-1,4
CCTTTAAGGGAGCACT-1,5
CCTTTCAATGAAGAAA-1,1
CCTTTGAATTATGGCT-1,2
CGAAACATAGATGGCA-1,2
CGAAACGCAATTCATG-1,8
CGAACAGTATGGGCGT-1,1
CGAACATAGTCAGAAA-1,1
CGAACCCGCATGCGTC-1,5
CGAACCTCTTTCCTAG-1,2
CGAACGCCCAGTGCCG-1,0
CGAACGGCCGGACAAC-1,1
CGAAGACGGTGAGTGC-1,5
CGAAGACTGCCCGGGA-1,6
CGAAGATCAGTTTCAT-1,0
CGAAGCCACAGCATGG-1,8
CGAAGCTATAAATTCA-1,5
CGAAGGGTTTCAGATT-1,5
CGAAGTTGCTCTGTGT-1,3
CGAATCTGCTCGACGC-1,2
CGAATGAAGTCATTGC-1,2
CGAATGACGCATAATG-1,8
CGAATGGTAGGTCGTC-1,4
CGAATTACATGGTGTT-1,5
CGAATTCCCGGTTCAA-1,7
CGACAATTTGATCTAA-1,0
CGACACCGCTTAAGGA-1,1
CGACACGCTCCGACAG-1,5
CGACACGGATGCCCAC-1,7
CGACAGTTCGCGTTAT-1,5
CGACATGCGATCTTCT-1,0
CGACCCTTAACGCCGG-1,5
CGACCGTTGGTATTCG-1,4
CGACCTACTAGACAAT-1,9
CGACGCATCCGTACCT-1,4
CGACTCAGGATGTTAT-1,3
CGACTCGGTACACGGT-1,7
CGACTTTGTATAGCCT-1,4
CGAGACCCTAGAGTGT-1,0
CGAGACTACTGCTGCT-1,1
CGAGAGATGTGAACCT-1,4
CGAGAGCGCGTAGATA-1,4
CGAGAGCTTTCACTAC-1,1
CGAGAGGGTAGCCGCG-1,3
CGAGATGTTGCCTATA-1,0
CGAGATTTCGCTCGGG-1,0
CGAGCACTTCAAGTTT-1,0
CGAGCCGAGCACTCGA-1,5
CGAGCGTTGATCAGCC-1,1
CGAGCTGGGCTTTAGG-1,5
CGAGGAGCTTCCATAT-1,0
CGAGGATCGGGAACGA-1,0
CGAGGCCAGGCATTGG-1,5
CGAGGCTAAATATGGC-1,4
CGAGGGACTGCGGTCG-1,3
CGAGGGTATCCAGGTG-1,3
CGAGTACTAAAGAGGA-1,8
CGAGTGAAGGTACCAG-1,8
CGAGTGCTATAGTTCG-1,3
CGAGTTCTGTCCCACC-1,1
CGAGTTTATCGGACTG-1,5
CGATAACCAATTTGAG-1,7
CGATAATACTCAGGTT-1,1
CGATACCTCGCGGACA-1,4
CGATAGCGATACAGTG-1,2
CGATAGTCGTACTGCA-1,1
CGATATTAGCCGCAGG-1,3
CGATCATTAGAGGCAC-1,7
CGATCCACCATTGTTG-1,0
CGATCCGACCCAGTGC-1,4
CGATCCTCGCAACATA-1,0
CGATCGAGAAGCACCA-1,4
CGATCTGTTGGAGGAC-1,8
CGATGGACCCTACGCC-1,0
CGATGTTGTTATCTAC-1,0
CGATTAAATATCTCCT-1,1
CGATTCGCCTGGCTGC-1,1
CGATTTGTCATTAATG-1,2
CGCAAACACGAGTTAC-1,8
CGCAATCGATCATTAG-1,9
CGCAATTACTTTCGGT-1,1
CGCAATTAGGGTAATA-1,5
CGCAATTCTACAATAA-1,0
CGCACATGTCCACTAC-1,8
CGCACGTCTGTTTATG-1,2
CGCACGTGCGCTATCA-1,1
CGCAGAAACATTTGCG-1,0
CGCAGATCTTCACCCG-1,1
CGCAGGCGATCCAAAC-1,0
CGCAGTTCTATCTTTC-1,9
CGCATCATGGCTTCAG-1,3
CGCATCCATCAGCCAG-1,8
CGCATGCCGAATGCGT-1,1
CGCATGGTGCGATGCT-1,1
CGCATTAGCTAATAGG-1,4
CGCCAAGAAGCCGAGT-1,2
CGCCAATTATTGCGTT-1,5
CGCCACAGGTCGCGAT-1,8
CGCCACCCGCATTAAC-1,4
CGCCAGTAGTACCTTG-1,0
CGCCATCCGATTATGA-1,2
CGCCCAGCACGCCTAG-1,8
CGCCCAGCGTTTCACG-1,5
CGCCCGCTTCCGTACA-1,3
CGCCCTAATTGTTCAA-1,2
CGCCCTTACATCCACC-1,6
CGCCCTTGAAGGCTGA-1,3
CGCCGACTATTCGCTA-1,4
CGCCGCCCATGCCTGT-1,8
CGCCGCGTTCTGAACG-1,2
CGCCGGTGTCGCAGTA-1,7
CGCCGTCTACCCATCG-1,7
CGCCGTTCAGCATAGT-1,5
CGCCTCCCTCCTCTAT-1,8
CGCCTGGCCTACGTAA-1,1
CGCCTTTAGCATGCTC-1,1
CGCGAAGTGGCATACT-1,5
CGCGACACTGCGCAGC-1,2
CGCGACCGCGACAGAT-1,1
CGCGAGAGGGACTTGT-1,3
CGCGAGTCTGCCGGGT-1,0
CGCGCAAATGTCCAGA-1,4
CGCGCAAGGAACTACA-1,0
CGCGCATGTTTGATTG-1,4
CGCGCCCGACTTAATA-1,2
CGCGGCAGTATTACGG-1,3
CGCGGCTCAACTTGAA-1,1
CGCGGGAATTAGGCAG-1,5
CGCGGGAATTCCTTTC-1,8
CGCGGTAAGTCTAGCT-1,3
CGCGGTACGGTATACA-1,8
CGCGGTCACAAACCAA-1,3
CGCGTACATTCTGGAA-1,7
CGCGTCATATTAAACC-1,8
CGCGTGCTATCAACGA-1,1
CGCGTGGGCCTGTGTT-1,3
CGCGTTCATGAAATAC-1,3
CGCTACCGCCCTATGA-1,1
CGCTACGGGACATTTA-1,3
CGCTAGAGACCGCTGC-1,0
CGCTATACCGCCCACT-1,1
CGCTATCGTGGCTTTA-1,7
CGCTATTCAATGTATG-1,1
CGCTATTCTTAGGCTC-1,0
CGCTCGACATAATGAT-1,8
CGCTCTCCGTAGATTA-1,8
CGCTGAGGACGTCCAA-1,3
CGCTGGTGACTACCCT-1,5
CGCTGTGACGCCGCAC-1,1
CGCTGTGTGGATGTTG-1,1
CGCTTAGTATTGATAC-1,5
CGCTTATTCCCGGTCG-1,8
CGCTTCCACTGAAATC-1,5
CGCTTCGGTCTAAGAC-1,5
CGCTTGGACGGATAGA-1,8
CGCTTTCATACCGGTG-1,1
CGCTTTCCGCCAAGGT-1,5
CGCTTTCTTGCATTCG-1,5
CGGAAAGAATCAAACG-1,1
CGGAAAGCAAATGTGC-1,1
CGGAAATTTCACATCC-1,4
CGGAACGTAAACATAG-1,2
CGGACCTCTGTAGTTA-1,3
CGGACCTTTACGTCCC-1,0
CGGACGTTACTTGAAG-1,4
CGGAGCAATTTAATCG-1,8
CGGAGCATGGCGATCC-1,0
CGGAGCTTATAACACC-1,4
CGGAGTCCTAACCTGG-1,6
CGGAGTTTGAGAGACA-1,5
CGGATAAGCGGACATG-1,1
CGGATCCTCAAGGACT-1,0
CGGATGAATGCTGTGA-1,2
CGGCAAACATCGTGCG-1,8
CGGCAATAAGATCGCC-1,8
CGGCACCGTTAGCGCC-1,8
CGGCACTCAAGAAAGT-1,1
CGGCAGGGTCGGGTTG-1,1
CGGCCACGCACAAAGT-1,4
CGGCCAGAGCGACCAT-1,8
CGGCCCAACCTGTAGT-1,0
CGGCCCAGGTATATCC-1,5
CGGCGCCATCAATCCC-1,8
CGGCTCTAAAGCTGCA-1,0
CGGCTCTTCGTCGAAC-1,1
CGGCTGAAGGTTACGC-1,7
CGGCTGCAAGATTAAG-1,8
CGGCTTTGTATGATAA-1,5
CGGGAACGCCCTGCAT-1,1
CGGGAAGTACCGTGGC-1,3
CGGGAATATAGTATAC-1,8
CGGGAATTTATGTAAA-1,1
CGGGAGCTTCAGTGTA-1,0
CGGGAGTATACCGCCG-1,1
CGGGATCAATGTAAGA-1,4
CGGGCAGCTAAACCGC-1,0
CGGGCCATAGCCGCAC-1,5
CGGGCCTTCTTTGTAA-1,1
CGGGCGATGGATCACG-1,3
CGGGCTACTTAAATTG-1,7
CGGGTGTACCCATTTA-1,3
CGGGTTCGGCACGTAT-1,8
CGGGTTGTAGCTTTGG-1,1
CGGGTTTGTTAGGGCT-1,8
CGGTAACAAGATACAT-1,8
CGGTACGGCAAACCCA-1,8
CGGTACTAGAATCAAA-1,8
CGGTAGAGGTGCAGGT-1,1
CGGTATAGGTATTAGC-1,0
CGGTATGGGCACTCTG-1,0
CGGTCAAGTGGGAACC-1,3
CGGTCAGTCCATATTT-1,7
CGGTCCATGAGACTCC-1,7
CGGTCCGTCGCAAGCC-1,0
CGGTCTATCAACCCGT-1,8
CGGTGAAGACTAAAGT-1,2
CGGTGCAGATAGAACG-1,8
CGGTGCGCGTTGGTCC-1,8
CGGTGGGCTCCAGCCT-1,4
CGGTGTACTTGATCCC-1,1
CGGTTATCCAACAGTG-1,4
CGGTTCAAGTAGGTGT-1,8
CGGTTCCGGCTTCTTG-1,1
CGGTTGACCTGGCATA-1,2
CGGTTGAGTATCCTTC-1,2
CGGTTGGGCAGGGTCC-1,8
CGGTTGGGTTCAAGTT-1,8
CGGTTTACTGAACATT-1,0
CGGTTTATGAAGGAAC-1,1
CGTAAACGCTTGAGTG-1,4
CGTAAAGCAAGAAATC-1,2
CGTAAATAACAAAGGG-1,5
CGTAACGGAACGATCA-1,7
CGTAACTTCGACACTT-1,3
CGTAATAATTACGAGT-1,5
CGTACCGAAAGTCTAG-1,2
CGTACCTGATAGGCCT-1,0
CGTAGAGAGTAATTAT-1,8
CGTAGCGAATTGTCAG-1,0
CGTAGCGCCGACGTTG-1,3
CGTATCTAGAACTAAG-1,7
CGTATTAAGAGATCTA-1,2
CGTATTGTTTCCTAAT-1,7
CGTATTGTTTGGCGCC-1,8
CGTCAAATGGTCGCAG-1,7
CGTCAAGGCTATAAAT-1,2
CGTCAATCTTTAACAT-1,4
CGTCACGTCCATTGGT-1,5
CGTCAGCTATTTACTC-1,1
CGTCAGTGCGCACAAG-1,1
CGTCAGTTTATCGTCT-1,1
CGTCATACCATATCCA-1,1
CGTCCAGATGGCTCCA-1,9
CGTCCTCATCGCGTGC-1,0
CGTCGCATGTGAGCCA-1,1
CGTCGCGGCGGGATTT-1,5
CGTCGCTTGGTTATAC-1,2
CGTCGGATAGTGTTGA-1,0
CGTCGGGTCTAAGCGC-1,5
CGTCGTCCTTCGCGAA-1,1
CGTCTCTCGCCGAGGC-1,7
CGTCTGGAAGGGCCCG-1,8
CGTCTTGAGTGTGACG-1,7
CGTGAACTGACCCGAT-1,0
CGTGAAGTTAATTCAC-1,1
CGTGACATTGGGTCGT-1,4
CGTGACCAGTCCTCTG-1,8
CGTGCACACCACTGTA-1,1
CGTGCAGACTGGGACA-1,0
CGTGCATTGTCGACGC-1,5
CGTGCCCGACATTTGT-1,8
CGTGCCCTCCCGAAGA-1,3
CGTGCTGGCCTAGTCG-1,1
CGTGCTTCTACCTAAA-1,2
CGTGGAAGCCTCGTAC-1,7
CGTGGCCGAATATCTA-1,1
CGTGGTACCCAAAGGC-1,0
CGTGTATGGGAGCTGA-1,5
CGTGTCCCATTCGCGA-1,8
CGTGTCTCGTTACGAC-1,8
CGTGTGTTAAACCCTG-1,1
CGTTAAACTAGTTAGG-1,3
CGTTAAATACGACCAG-1,7
CGTTAATGTCCCGACG-1,3
CGTTAGCTCACAACTG-1,5
CGTTATCATACTTCCA-1,8
CGTTCAAGGAAACGGA-1,1
CGTTCAGACCCGCGAA-1,8
CGTTCATGGTGCGCGT-1,8
CGTTCTTCGCACACCT-1,4
CGTTGAATACCGCGCT-1,0
CGTTGAGCGACCGTCG-1,3
CGTTGAGTAATTGCGT-1,0
CGTTGCCCGCGTGGGA-1,0
CGTTGTAAACGTCAGG-1,3
CGTTGTAAGATTGATT-1,5
CGTTGTCGGCAATTGA-1,1
CGTTGTTTCAATTCCC-1,5
CGTTTAAGCGGAGCAC-1,5
CGTTTACAAGGCAGCT-1,8
CGTTTCACTTCGGGCG-1,1
CGTTTCGCTCATTACA-1,3
CGTTTCGGTTATATGC-1,7
CGTTTGGTGTTGTGGG-1,7
CGTTTGTGTAGAGGGT-1,3
CTAAACGGGTGTAATC-1,1
CTAAAGAATGCCTACT-1,1
CTAAAGGATGAGATAC-1,7
CTAAAGGGAAATAGGA-1,1
CTAAAGTCCGAAGCTA-1,1
CTAAATCCGGTGTACA-1,3
CTAAATCCTATTCCGG-1,4
CTAACAGCACAATAAC-1,2
CTAACCGCGCGCCCGT-1,2
CTAACGAAACTTGCTG-1,1
CTAACTGATAATCGCC-1,5
CTAACTGGTCCGGTTC-1,8
CTAAGGGAATGATTGG-1,8
CTAAGTACAGGGCTAC-1,8
CTAATGCGCCCAACAA-1,9
CTAATTATGAAGCGTA-1,7
CTAATTCGCACGCGCT-1,1
CTAATTCTCAGATATT-1,3
CTAATTTCAACAACAC-1,1
CTACAAGAAATAACCC-1,3
CTACACTAGCTTGTTC-1,1
CTACACTCGCAGATGG-1,1
CTACATATCGCGGGAC-1,4
CTACCCTAAGGTCATA-1,0
CTACGAACTAGGTCGA-1,1
CTACGACTAGCTATAA-1,2
CTACGATCCTATCCTA-1,2
CTACGCACGGAGTACC-1,4
CTACGCCATTTCCGAT-1,4
CTACGTGTTGCCACCA-1,1
CTACTATCATAGGTTT-1,4
CTACTATCTTTCAGAG-1,1
CTACTCAAGGTATAGT-1,1
CTACTCTAGGCCCGGC-1,4
CTACTGCCACCTGACC-1,1
CTAGACATATATGTAG-1,0
CTAGACTGCATTTCGT-1,3
CTAGATAAACTCCTCG-1,1
CTAGATGTGAGTGTAA-1,1
CTAGATTTACGACGGC-1,8
CTAGCAACTAATTTAC-1,1
CTAGCATAGTATAATG-1,5
CTAGCCACAGGCGAGC-1,1
CTAGCCCGGGAGACGA-1,6
CTAGCCGATGTTATGA-1,8
CTAGCGCCAATCCTAC-1,6
CTAGCTTAATGGTCCC-1,7
CTAGGCGCCCTATCAG-1,0
CTAGGCGGCAGAGAAT-1,8
CTAGGGATAGGGACAA-1,4
CTAGGTCTGAAGGAAT-1,8
CTAGGTTCGGACGTGA-1,3
CTAGTAGAAAGGGATT-1,8
CTAGTATTCGGAATTA-1,0
CTAGTCACGTCTTAAG-1,0
CTAGTGAAGGACAGGA-1,8
CTAGTTACAACCCGGT-1,1
CTAGTTGGGCCCGGTA-1,4
CTATAAGAGCCAATCG-1,8
CTATAAGTAGGGTTTG-1,3
CTATACTTAAAGCGAG-1,2
CTATAGGCGTTGATGT-1,5
CTATATCCAGCCTGGC-1,2
CTATCACAACGCTGGA-1,1
CTATCGACGAAATACA-1,3
CTATCGCGTAGAGAAC-1,3
CTATCGGGTCTCAACA-1,4
CTATGAACACCTTGCC-1,0
CTATGCCCGAATGCAA-1,3
CTATGGGAAGCGGAAT-1,0
CTATGTCACTAGCCCA-1,4
CTATGTCTATTGAAAC-1,0
CTATGTGAGTCACGGC-1,8
CTATTCATGTGTCCCA-1,8
CTATTGTGTTTGGTCA-1,8
CTATTTGCTTGGAGGA-1,3
CTATTTGGTTACGGAT-1,1
CTCAAACCACTGCCCG-1,8
CTCAACTAACCCGGAT-1,0
CTCAAGACATTAGCGC-1,1
CTCACACGCAAGCCTA-1,7
CTCACATTTACTAAAT-1,3
CTCACCAGTACAAGTG-1,8
CTCACCGATCCAAACT-1,1
CTCACTGTGATACTTA-1,5
CTCACTTGGCTGGTAA-1,4
CTCAGAGCTAATGTCG-1,2
CTCAGATTGTGATAAG-1,5
CTCAGCAGACTGCCGA-1,5
CTCAGGACTCACCTGT-1,1
CTCAGTCACGACAAAT-1,3
CTCATAAATGTGTATA-1,0
CTCATCACTTAGTGAT-1,7
CTCATGGCTCACAATC-1,1
CTCATGGTAATTTGCG-1,5
CTCATTAACGTTGCCC-1,7
CTCATTCGTGAACATC-1,2
CTCATTGCTCTAACAA-1,0
CTCATTTGATGGGCGG-1,1
CTCCCAATGAGTCGCG-1,8
CTCCCTCCTTTCGATC-1,1
CTCCCTTGTATCAAGG-1,0
CTCCGAGTAAATCCGC-1,7
CTCCGCCCACATGAGG-1,5
CTCCGGCCTAATATGC-1,3
CTCCGGCTTGTAGACA-1,3
CTCCTAAGTTATGTCT-1,1
CTCCTAGTAATCGTGA-1,9
CTCCTCCAGCTCACAC-1,8
CTCCTGTTCAAGGCAG-1,5
CTCCTTTACGCAAGTC-1,0
CTCGAATGGAACGTAT-1,1
CTCGAGACATACGATA-1,2
CTCGAGATCCAAAGCA-1,2
CTCGAGGCAAGTTTCA-1,4
CTCGAGGTCGAACAGT-1,2
CTCGATATTTGCGAGC-1,8
CTCGCACCTATATAGT-1,4
CTCGCATTGCATAGCC-1,2
CTCGCCGAATGTAGGG-1,1
CTCGCTAGGTAAGCGA-1,3
CTCGGGATAACACCTA-1,7
CTCGGGCATCGTCGGG-1,6
CTCGGGTTCTCTGGCC-1,2
CTCGGTACCACTGCTC-1,8
CTCGGTCCGTAGCCTG-1,1
CTCGGTTGTCGGCCCT-1,3
CTCGTCGAGGGCTCAT-1,0
CTCGTCTGTGCCTTCG-1,3
CTCGTGGCACTGAAAG-1,4
CTCGTTACGGCTACCA-1,2
CTCGTTTCTAATGTTT-1,8
CTCTAACACCGGCAGC-1,9
CTCTAATGCATTGATC-1,5
CTCTACACTGGCGATT-1,5
CTCTACATCCTGCGTG-1,1
CTCTAGCCCTCGGAAA-1,5
CTCTATTTGGCTGCAG-1,0
CTCTCACAATCGATGA-1,3
CTCTCGATGTGCGCCT-1,1
CTCTCGCTGTACTATG-1,8
CTCTCTAACTGCCTAG-1,2
CTCTGCAGGCATTCTT-1,4
CTCTGCGAAGCAAGCA-1,1
CTCTGGACGCCTGGTG-1,2
CTCTGTCCATGCACCA-1,0
CTCTGTGCCTGCTATG-1,4
CTCTGTTTGAGGATTC-1,2
CTCTTCTATTGACTGG-1,5
CTCTTCTGGAAGTTAG-1,1
CTCTTGTCCCGCTTGG-1,8
CTGAAACGGCCCTCAG-1,7
CTGAAAGAGATCCGAC-1,4
CTGAATCCGAGACCTC-1,1
CTGAATTTATTGCCAG-1,5
CTGACATAGAAATAGA-1,8
CTGACTGCGCAGCTCG-1,5
CTGAGAAAGTTCGGCG-1,5
CTGAGAGTAGAAATAC-1,7
CTGAGCAAGTAACAAG-1,8
CTGAGCGAGACTTATT-1,7
CTGATAGTGTATCTCA-1,2
CTGATCCCTTTATGCA-1,5
CTGCAAATGGGCTCCA-1,6
CTGCAAGCACGTTCCG-1,3
CTGCACAACTACATAT-1,1
CTGCACCTAGTCCACA-1,8
CTGCACCTGGAACCGC-1,1
CTGCACTCCAGTACAG-1,1
CTGCAGAGAATCAGAG-1,5
CTGCAGGGTGACGCTC-1,9
CTGCAGGTGCTCGGCC-1,5
CTGCCAAGGTTGGAAG-1,4
CTGCCATGCATCACAT-1,3
CTGCCCACGAAGCGTT-1,2
CTGCCTAGCCACCAAG-1,2
CTGCCTCATATGCAAC-1,7
CTGCCTTTAATACCTT-1,2
CTGCCTTTCTAGTAAA-1,0
CTGCGACCTCGCCGAA-1,1
CTGCGATTTCGAGATT-1,4
CTGCGGGTGAAATGTT-1,4
CTGCGGTAGTCACGTG-1,3
CTGCGTTACGATATAA-1,1
CTGCTCTCAACACACC-1,7
CTGCTCTGACGGCAAA-1,4
CTGCTGAGGCCACGAA-1,8
CTGCTGTCTAACGAGC-1,7
CTGCTTGGCGATAGCT-1,1
CTGCTTTATGTCCGCG-1,5
CTGGAAATGGATGCTT-1,1
CTGGAAGACACGGTGG-1,3
CTGGACGCAGTCCGGC-1,4
CTGGATTTACACTTGA-1,0
CTGGCATCCGAATGAG-1,8
CTGGCGACATAAGTCC-1,8
CTGGCGATTTACATGT-1,8
CTGGCGCACAGGTCTG-1,3
CTGGCGGGAATAAGTA-1,1
CTGGCTCCTGCGGGAT-1,1
CTGGCTGATTCATCCT-1,1
CTGGCTGCTAACGTAA-1,4
CTGGCTGGTTGTCAGT-1,0
CTGGGATAAATAATGG-1,5
CTGGGATACGCTACCC-1,0
CTGGGATCGCCCAGAT-1,1
CTGGGCACTAGTCGGA-1,1
CTGGGCCTGCTATATC-1,3
CTGGGCGGCCAAATGT-1,1
CTGGGCTACTGGAGAG-1,9
CTGGGCTATCCTTTGG-1,8
CTGGGTAGGCAGTTAA-1,8
CTGGGTTGAGTTAAAG-1,4
CTGGTAAAGACTTACA-1,1
CTGGTAAAGTGTGGGC-1,0
CTGGTAACACATAGAA-1,1
CTGGTAACGAGCTCTT-1,1
CTGGTCATTCCAATCC-1,3
CTGGTCCTAACTTGGC-1,1
CTGGTGAATGGGCCTA-1,2
CTGGTTCAACGCATCA-1,1
CTGGTTCGCGAGCTAC-1,7
CTGGTTTCGAGCAAGA-1,3
CTGTACTTCTTAGCAT-1,4
CTGTAGCCATCTCACT-1,1
CTGTAGTGAGGATCGA-1,5
CTGTATGGTGTAGAAA-1,1
CTGTCAAATGGCTCGG-1,2
CTGTCACGCCAGGCGC-1,8
CTGTCCTGCGCACTAC-1,4
CTGTCTGTGGCTGGCT-1,9
CTGTGCAGGGTAGGTC-1,0
CTGTGGTCGGGAGATA-1,5
CTGTTACCCAATCTAG-1,5
CTGTTCACTGCCTGTG-1,1
CTGTTCATCTCACGGG-1,1
CTGTTGGCTCTTCTGA-1,0
CTGTTGTTCAGTCGTA-1,2
CTTAAATAAGACCCAT-1,2
CTTAACTTACAGTATA-1,8
CTTAACTTCGAAGTAC-1,4
CTTAAGCAGCGAGCCG-1,1
CTTAATCGACTTAGTA-1,4
CTTACACGGTATTCCA-1,0
CTTACACTGGGAAATA-1,0
CTTACATAGATTTCTT-1,1
CTTACTGACTCCTCTG-1,7
CTTAGATGTTTCATCC-1,0
CTTAGCCCGGATAGTG-1,2
CTTAGCCTTCCACATG-1,0
CTTAGGTATAGACCAG-1,2
CTTAGGTCCCAATCGT-1,7
CTTAGTAGGCCTACAG-1,5
CTTAGTGTAGTAGCAT-1,8
CTTAGTTGAGGAATCG-1,2
CTTATAGATGGCTGTT-1,5
CTTATGCGCTCAGGGC-1,8
CTTATGTTGACTACCA-1,1
CTTCAACTCCACTTGG-1,1
CTTCACGCCCTGGTAC-1,2
CTTCAGTGGTCGCCTA-1,8
CTTCAGTTGGACAACG-1,1
CTTCATAGCTCAAGAA-1,0
CTTCATTGTCAGTGGA-1,1
CTTCCGCTCCGTGAAG-1,1
CTTCCTGCATATTTAC-1,3
CTTCGATTGCGCAAGC-1,8
CTTCGGCCAATTGTTT-1,5
CTTCGTAGATAGGTGA-1,0
CTTCGTGCCCGCATCG-1,6
CTTCTATGTTGAAGTA-1,0
CTTCTATTAATGCTAG-1,1
CTTCTGGGCGTACCTA-1,2
CTTCTTACGTCGTATA-1,0
CTTGACCCGAAAGATA-1,5
CTTGAGGTTATCCCGA-1,1
CTTGAGTTAGGGTAAT-1,8
CTTGATGACCATCCAG-1,5
CTTGCAACCGCCTCCT-1,1
CTTGCCCACCCACGCA-1,3
CTTGCCCAGGCTCTAC-1,1
CTTGGCCAAGCTGGGA-1,1
CTTGTACTTGTTGACT-1,5
CTTGTCAACATTCGAG-1,1
CTTGTCGTACGTGTCA-1,1
CTTGTGAGGACAGCGG-1,2
CTTGTGAGTCTTTGAC-1,1
CTTGTGCTCACCGATT-1,4
CTTGTTGCTGAGTCAA-1,3
CTTGTTTATGTAGCCA-1,1
CTTTAACTTTCAAAGG-1,2
CTTTAATATTGGTCGA-1,0
CTTTACCGAATAGTAG-1,1
CTTTAGGAACACTGTT-1,8
CTTTAGTGCTATTATT-1,1
CTTTATCCGACGCATG-1,7
CTTTCTGTGCGGGCTT-1,1
CTTTGAAACATATTCC-1,6
CTTTGACGTCGCTTCT-1,8
CTTTGCATCGCTCTTG-1,0
CTTTGCTGTCATGGAT-1,7
CTTTGGCAGACAGAGT-1,0
CTTTGGCGCTTTATAC-1,2
CTTTGGCTTTAGTAAA-1,0
CTTTGGGATTGTTGCA-1,1
CTTTGTCGAATGCTCC-1,4
GAAACAGATGACCACC-1,0
GAAACAGCCATGCAGT-1,0
GAAACATAGGAAACAG-1,5
GAAACCATGGTGCGCT-1,5
GAAACCGAATTACCTT-1,1
GAAACCTATACAAATG-1,0
GAAACTCGTGCGATGC-1,0
GAAACTCTAATGAAGG-1,2
GAAAGAACAGCGTTAT-1,0
GAAAGCAGTGCACTTT-1,1
GAAAGCCCTTTGGACC-1,2
GAAAGTGACTAACTGC-1,4
GAAATACCTGCTGGCT-1,1
GAAATACTAAACGTTT-1,3
GAAATATCACCATCAG-1,2
GAAATATGCTTGAATG-1,8
GAAATCGCGCGCAACT-1,8
GAAATCTGACCAAGTT-1,1
GAAATGGCGGTGTTAG-1,3
GAAATGGGATGTAAAC-1,1
GAAATTAGCACGGATA-1,4
GAAATTCACATCGCTG-1,8
GAAATTGTCTCTATAA-1,8
GAACAACTGGGATGAA-1,8
GAACACACATCAACCA-1,0
GAACAGATTACTAAAT-1,5
GAACATTAGTATGTTA-1,0
GAACCATCTGGGAGAC-1,3
GAACCCTCTGTGTTCT-1,1
GAACCTCGACCTACAC-1,3
GAACCTTTAACGATCC-1,8
GAACGACCGAATGATA-1,4
GAACGATAAGTTAAAG-1,7
GAACGCGGGTCACACG-1,5
GAACGGTGTAAAGCAG-1,3
GAACGTCTCATGGTCG-1,0
GAACGTTAGGAAGACG-1,2
GAACTGTGGAGAGACA-1,5
GAACTTAGCGCCCGGT-1,5
GAACTTGTGCACGGGA-1,7
GAAGAAACGATATTGT-1,2
GAAGAACGGTGCAGGT-1,0
GAAGACTTCAATGCCG-1,0
GAAGCAAGGCAATGTT-1,5
GAAGCCACTGATTATG-1,8
GAAGCCGGGTAAGCTC-1,4
GAAGCCTGCACATTCC-1,5
GAAGCGTGAGGAATTT-1,4
GAAGCTCGGACCCGTC-1,0
GAAGCTCTTTGCTTAG-1,8
GAAGCTTGCTGACCGC-1,3
GAAGGACTAAATTGAA-1,4
GAAGGAGTCGAGTGCG-1,0
GAAGGCTACCATTGTT-1,0
GAAGGGCATAACCATG-1,2
GAAGGGTCATTAAGAC-1,8
GAAGTCAGTTGCACTA-1,3
GAAGTCTCCCTAGCGA-1,8
GAAGTGATTTATCGTG-1,4
GAAGTGCTGGATAGCT-1,8
GAAGTTTCCACTCAAT-1,1
GAATAGACGCGACCCA-1,0
GAATAGCATTTAGGGT-1,5
GAATAGCCCTGCGGTC-1,3
GAATAGTGCTCGATTA-1,8
GAATATTCGGAGTCCC-1,4
GAATCGACATGGTCAC-1,0
GAATCGCCGGACACGG-1,0
GAATCTATACTCGGAC-1,0
GAATCTGAACATTCTC-1,1
GAATGAAGGTCTTCAG-1,4
GAATGCCGAAATGACC-1,8
GAATGCGAATCGGTTC-1,0
GAATGGGCTTATCGAC-1,1
GAATGTATGGCAGGTC-1,5
GAATGTGGTCCGGATT-1,0
GAATGTTGGGTAATCT-1,4
GAATTATAGTGAAAGG-1,4
GAATTATGCAACCTAC-1,7
GAATTCACCCGGGTGT-1,3
GAATTTCTCGCTGCAG-1,0
GACAAACATATGCAGG-1,1
GACAACGACCATTGAA-1,4
GACAACGCAGCTTACG-1,5
GACAAGACGCCCGTGC-1,7
GACAAGAGATGAGATT-1,8
GACACAAGGGAAGAAA-1,4
GACACAGCCGGGACTG-1,5
GACACCCAAAGACGCG-1,4
GACACGAGTTAGAGGA-1,1
GACACTGAGTTCAGTG-1,4
GACACTGGAACCCGAT-1,8
GACACTTCCAATTACC-1,3
GACAGAGGTCTTCAGT-1,7
GACAGATTTCTGGCTC-1,4
GACAGCCAGACCTGAC-1,8
GACAGGCACACACTAT-1,2
GACAGGTAATCCGTGT-1,9
GACATACTGTCGCAGA-1,4
GACATCCGTCGAACTG-1,8
GACATCGATTTATAAC-1,1
GACATTTCGCCCAGCC-1,4
GACCAAACGTTGACTG-1,4
GACCACACTTCCCTTT-1,1
GACCAGAGCCCTGTAG-1,8
GACCAGGTCATTCATA-1,3
GACCCAATTATGATAC-1,8
GACCCGTCGCCGGCTA-1,5
GACCGACCGCTAATAT-1,0
GACCGACGTGAAAGCA-1,8
GACCGACTGAAGCGTC-1,2
GACCGATTAAATATGT-1,2
GACCGCGTCTGACGTG-1,1
GACCGGTGATACTCTC-1,4
GACCGTCAGGTCGTGA-1,5
GACCGTGCTGACGGTG-1,5
GACCGTTACATGCGAC-1,8
GACCTGGTCTGGGCGT-1,9
GACCTTCCACGTCTAC-1,1
GACGACGATCCGCGTT-1,8
GACGACTTTCCAAGAA-1,8
GACGAGGCTAATAAAC-1,3
GACGATATCACTGGGT-1,4
GACGCATACCCGTCGG-1,4
GACGCCGTAAAGGCTA-1,0
GACGCCTGTTGCAGGG-1,0
GACGCTTGCTTCTAAA-1,4
GACGGACCGCGTTCCT-1,1
GACGGGATGTCTTATG-1,1
GACGGGCATCGAATTT-1,7
GACGGGTTGGCCCGTA-1,5
GACGGTCAATAGAAGC-1,3
GACGGTCCTAGGGTGT-1,7
GACGTGAGACTCCATG-1,5
GACGTGTAGGGATTAT-1,5
GACGTTCGTAAATACA-1,1
GACGTTGCTCGGCGGC-1,4
GACTAACACAGCACCT-1,3
GACTAAGATCATGCAC-1,0
GACTAAGTAGGCTCAC-1,5
GACTACAAAGCGGTGG-1,8
GACTACAATTGCTCGT-1,4
GACTAGGCCGTTAGGT-1,1
GACTCACCCACGTGAG-1,1
GACTCCCAGAATAAGG-1,4
GACTCCTTCCAATTGA-1,4
GACTCGCGGGAATGAC-1,0
GACTCGGTCGGCGGAT-1,8
GACTCTAGAGTTCCAA-1,4
GACTGATTGGTCACAA-1,1
GACTGCAAATCGAGCT-1,1
GACTGCACCAGCCCAG-1,5
GACTGCGGCACGTGTA-1,4
GACTGCTGGTGAGAAA-1,3
GACTGGGCGCCGCAAC-1,3
GACTTCAACGCATCAA-1,7
GACTTTCGAGCGGTTC-1,7
GAGAAACTGGATCCCA-1,7
GAGAACGGTTCTGACT-1,8
GAGAATCTCACGATCA-1,2
GAGACCCTGCAACGCC-1,0
GAGACTGATGGGTAGA-1,2
GAGACTTCGCGACCGA-1,5
GAGAGCGCAGTCCCTG-1,2
GAGAGGCCTATGTGTA-1,8
GAGAGGGCGCGAGGTT-1,1
GAGAGGTGCATTCTGG-1,1
GAGAGTCTCGGGAGAG-1,2
GAGATCGATCTTACTC-1,4
GAGATCTGCTTGGCAT-1,5
GAGATCTGTCACTCCG-1,5
GAGATCTTCCATGACA-1,3
GAGATGACAATCCTTA-1,7
GAGATGGCTTTAATCA-1,1
GAGATGGGAGTCGACA-1,5
GAGCACCTGTGTCCAG-1,5
GAGCACGGCGCCTCTT-1,7
GAGCATCAACAACTTG-1,3
GAGCATCATCCCTGGG-1,1
GAGCCACGGTAGTAGG-1,8
GAGCCAGCTACCTGTG-1,8
GAGCCGAGCGTTTATT-1,5
GAGCGAGGGAGTACCG-1,8
GAGCGCAAATACTCCG-1,1
GAGCGCGCACGAGTAG-1,0
GAGCGCTATGTCAGGC-1,6
GAGCGCTGTTAGGTAA-1,2
GAGCGGAATGCGGTGT-1,0
GAGCTAAGGGCATATC-1,8
GAGCTCAACATGAGCG-1,3
GAGCTCTCGGACCTAA-1,1
GAGCTGTCGTCTCGGA-1,5
GAGGAATATCTCTTTG-1,0
GAGGAATGGAGAGGTT-1,1
GAGGAGATCCTCATGC-1,5
GAGGAGTAATTCCTAC-1,0
GAGGATAAACAGTGCT-1,8
GAGGCATTTGCAGCAG-1,7
GAGGCCCGACTCCGCA-1,4
GAGGCCTGTTGATACA-1,5
GAGGCTATCAAAGTCG-1,2
GAGGGAGTCAGATCGC-1,5
GAGGGCATCGCGTATC-1,0
GAGGGCCATAATATTA-1,7
GAGGGCCGGCAGAGTC-1,7
GAGGGCGCAGCTCTGC-1,1
GAGGGTAGTAACAAAG-1,0
GAGGTACATCCATCTT-1,1
GAGGTACGCGTGTCCC-1,3
GAGGTCCCAAAGATCT-1,1
GAGGTCCGTTCGCTGT-1,4
GAGGTCTTAGTGGGTC-1,5
GAGTAAACCGGAAAGT-1,8
GAGTAAATTAAGAACC-1,7
GAGTAAGGCCACGGGA-1,0
GAGTACGGGTATACAA-1,1
GAGTAGATACTAGTTG-1,8
GAGTATACCCTAATCA-1,2
GAGTATCAAAGTTACA-1,7
GAGTATGCCCGCCTTG-1,5
GAGTATGCGCGTGCAT-1,0
GAGTCAGACCAGAATC-1,3
GAGTCCGCTTACCGGA-1,1
GAGTCGACAGACCCTC-1,4
GAGTCTTGTAAAGGAC-1,8
GAGTGCACGGACAACA-1,7
GAGTGTCAACCAGAAA-1,0
GAGTGTGCGGTACCCA-1,3
GAGTTCTGTGGGTGCT-1,2
GAGTTGATGGCAATTT-1,0
GAGTTGTCACCAGTCT-1,2
GATAAATCGGTGGATG-1,1
GATAACTCGCACTGTG-1,1
GATAAGGCAGATGCAA-1,1
GATAAGGGACGATTAG-1,5
GATACCGTGTCGGAGT-1,7
GATACGATGGGAGTCA-1,4
GATAGAACCCGCTAGG-1,5
GATAGATAGTACAGTC-1,1
GATAGCGTACCACGCG-1,3
GATAGGATTAATTACA-1,7
GATAGGTAACGTTGAC-1,4
GATAGGTGTCCCGGGC-1,7
GATAGTGCGAGTAAGT-1,0
GATATCAAGCAGGAGC-1,4
GATATCAGTATGTATC-1,4
GATATCTCATGCAATA-1,1
GATATGAGACACTAAC-1,0
GATATGCGGTAGCCAA-1,8
GATATGGATTACGCGG-1,3
GATATTGAGATTGGCG-1,0
GATATTTCCTACATGG-1,0
GATCAACATAAAGGGA-1,8
GATCATTCCAAACATT-1,2
GATCCCTTTATACTGC-1,4
GATCCGAATATAAGTG-1,7
GATCCGGGAATTAACA-1,1
GATCCTAAATCGGGAC-1,4
GATCCTCGACACTGGC-1,8
GATCCTCTTGCGCTTA-1,3
GATCGACACTATCTGA-1,5
GATCGCGGGCTCTCCA-1,4
GATCGCTACCCGATTT-1,8
GATCGCTATATCTCAG-1,4
GATCGCTGTGGTGCGT-1,2
GATCGGATAGAACCAT-1,5
GATCGGCGATAAGTCG-1,8
GATCGGTGGCCATAAC-1,5
GATCGTGACTGATATC-1,3
GATCTAACCGTATTCA-1,4
GATCTCGACGCTGTGG-1,8
GATCTGCTATCTAAGG-1,1
GATCTTAGTGAACGTG-1,7
GATCTTCATTGTCCTC-1,1
GATCTTGGAGGGCATA-1,3
GATCTTTGCAGGGTAT-1,3
GATCTTTGCTCAAAGA-1,7
GATGACAAGTAGGGCA-1,4
GATGACGATGATCGCG-1,1
GATGAGGAACCTTCGG-1,1
GATGATTTGAAACTGG-1,6
GATGCCACACTACAGC-1,6
GATGCCAGCAGAAGGC-1,0
GATGCCTTCTGCGGCA-1,3
GATGCGAATGGTATTA-1,2
GATGCGTCCTGCATTC-1,1
GATGCTACAAGCGCCT-1,1
GATGCTACCTTCGATG-1,1
GATGCTGTATTTCATC-1,5
GATGGCGCACACATTA-1,8
GATGGTGAAATAACCC-1,3
GATGGTGCCCTAGGCA-1,2
GATGTAACGAACCACC-1,5
GATGTCCGGATCACAT-1,1
GATGTCGGTCAACTGC-1,0
GATGTGTTGTCACAAG-1,4
GATGTTCAATCCACGA-1,3
GATGTTTGTGCGAGAT-1,5
GATTAACCGAAAGCCC-1,1
GATTAATCCTGGCTCA-1,1
GATTACTGAATTTGGG-1,3
GATTAGAAACAAGCGT-1,4
GATTATCTTGCATTAT-1,9
GATTCCCTTGTCGCAG-1,4
GATTCCGCGTTTCCGT-1,4
GATTCCTATACGGCGC-1,8
GATTCGACGGTTCACG-1,5
GATTCTGTTAATGAGT-1,4
GATTGACACTCTGCTC-1,3
GATTGCTCCAGTTGCA-1,2
GATTGGGAAAGGTTGT-1,0
GATTTAGTGCGTACTG-1,7
GATTTGCGCTAACACC-1,4
GCAAACCCTACATTAT-1,8
GCAAACCTTGGCCATA-1,0
GCAAACGTAAGCGACC-1,4
GCAAACGTCGCCAGGT-1,1
GCAAAGGGCGTTAGCC-1,2
GCAAATATTACGCTTT-1,1
GCAAATGAGGACACTT-1,8
GCAACACACTAGAACT-1,0
GCAACAGCAGTATGCG-1,1
GCAACCACCAGACCGG-1,0
GCAACCACGGCCGCGT-1,0
GCAACCCAAGTTGTTT-1,4
GCAACGGCTAGTTATG-1,0
GCAAGAATTCCTTGGC-1,8
GCAAGATGTGTTCGCG-1,0
GCAAGCTGGAAACCGC-1,8
GCAAGTGCACAGAGAA-1,0
GCAAGTGTAAAGCATG-1,1
GCAATTAGTCGCACCG-1,7
GCACAAACCCTAGATG-1,2
GCACAAACGAGGCGTG-1,0
GCACAACCTCGGGCGT-1,2
GCACAAGTGGATCATA-1,1
GCACAAGTGTCGGAAG-1,1
GCACACACTGGTAGCC-1,1
GCACACAGCTATTACC-1,8
GCACACGCCCATGGTC-1,2
GCACAGCACGGGCCGA-1,2
GCACCTAGGCGAGTCC-1,1
GCACCTTCCCGAAGGT-1,7
GCACGCCGATTCCCGC-1,8
GCACGCCTACTTAGAT-1,8
GCACGTGGTTTACTTA-1,1
GCACTAGTCGCGCTAT-1,3
GCACTCCCACAGTCCC-1,4
GCACTGCCTACCTTTA-1,8
GCACTGTGCAAATGTA-1,1
GCAGAAACGTAATCCA-1,7
GCAGAAGGTAATCTCC-1,7
GCAGACCCAGCACGTA-1,5
GCAGATCCATAAGACT-1,5
GCAGATCCTCGCAAAT-1,0
GCAGATTAGGGATATC-1,1
GCAGCACACAGCCCAG-1,5
GCAGCCTATATCACAT-1,8
GCAGCGGTGGGCATTA-1,1
GCAGCTATGGACAGGT-1,1
GCAGCTGTCAACGCAT-1,1
GCAGGAACTTAGATCT-1,3
GCAGGACTATAGAATA-1,3
GCAGGTAGAGTATGGT-1,1
GCAGTGCGGGCGGATG-1,7
GCAGTGTGGCTATAGG-1,3
GCAGTTCGATCCGAGC-1,7
GCATAAATTGAACGCC-1,7
GCATACGAGGTCTTTA-1,2
GCATAGAGCACTCAGG-1,5
GCATCCCTAACTTTGA-1,1
GCATCCTCTCCTATTA-1,6
GCATCGGCCGTGTAGG-1,5
GCATGACACAAAGGAA-1,7
GCATGAGGGACGCGGC-1,8
GCATGCTAATAACGAT-1,8
GCATGGGTACTGACGC-1,3
GCATTCAAGGCAACGC-1,1
GCATTCGAAATGAACA-1,0
GCATTGACTTGCGGAA-1,5
GCATTGTAATTCATAT-1,8
GCATTTCCAAGGCTCC-1,1
GCCAACCATTTCCGGA-1,8
GCCAAGAATACTTCTG-1,3
GCCAATAGGGCATCTC-1,0
GCCACAATTTAAGGAC-1,8
GCCACCCATTCCACTT-1,5
GCCACCTTATTCGCGA-1,7
GCCACTCAGAGCGCGA-1,5
GCCACTCCTTACGGTA-1,7
GCCAGGAAAGAACACT-1,2
GCCAGGAGTAACCGAT-1,8
GCCAGGCGTTCGCATG-1,3
GCCAGGCTTAGTGGTA-1,4
GCCATATTGCACACAG-1,0
GCCATCGAGCTGCGTG-1,3
GCCATCGATGCTGCAT-1,1
GCCATTAGCCTCAAAC-1,2
GCCCACCAAGGCTGTC-1,1
GCCCACTGGTCCACAA-1,7
GCCCAGATGCTGGAGA-1,7
GCCCAGCGACACAAAG-1,7
GCCCAGTTGGTATGCC-1,1
GCCCATGGGTGCAATG-1,6
GCCCGACTTCTTCCCG-1,8
GCCCGAGAGTCTAAAT-1,1
GCCCGATCTGTGGTCG-1,8
GCCCGATGCCCAGTTC-1,4
GCCCGCGCGTAAACGG-1,5
GCCCGCGCGTTTGACA-1,8
GCCCGTAATACCTTCT-1,4
GCCCGTCAAGCCCAAT-1,7
GCCCGTTCACACAATT-1,7
GCCCTAAGTGCAGGAT-1,3
GCCCTAGCCGTCGCGA-1,8
GCCCTGAGGATGGGCT-1,1
GCCGAAATTCCTACGT-1,1
GCCGACCCACGACTGC-1,4
GCCGATTGGCCAAGCT-1,1
GCCGCACTCCGTTTCA-1,7
GCCGCATTAGTCCGGC-1,2
GCCGCTAGATACGCAG-1,0
GCCGCTTGTGAGAAAC-1,8
GCCGGAAACACATCTT-1,3
GCCGGGTTAGGGTCGC-1,3
GCCGGTCGTATCTCTC-1,8
GCCGGTTTGGGCGGAT-1,1
GCCGTCGGTTTCGGGC-1,2
GCCGTGGAAGAAATGT-1,0
GCCTACGTTCTGTGCA-1,8
GCCTAGCGATCTGACC-1,1
GCCTATAGTGTCAGGG-1,5
GCCTATCAGGTAAGAT-1,7
GCCTATGCTGGGCCTT-1,5
GCCTATTCCGATATAG-1,1
GCCTATTTGCTACACA-1,1
GCCTCAGGTACCGGTC-1,9
GCCTCATCTGGAAATA-1,8
GCCTCCGACAATTCAC-1,0
GCCTCTATACATAGCA-1,3
GCCTGCTACACTGAGA-1,0
GCCTGTCCCGGTGCAT-1,4
GCCTTCAGCCCTACCG-1,1
GCCTTGTATATGCAGT-1,1
GCCTTTGTCAGTGGAC-1,4
GCGAAACGATCGGGAG-1,0
GCGAAACTTAACTGGA-1,1
GCGAAGAATCTGACGG-1,8
GCGAAGCCATACCCGT-1,2
GCGAATGGACTAGCGA-1,4
GCGACATGTAAACATC-1,3
GCGACCCAACCATCTG-1,4
GCGACGATAGTTGTAC-1,1
GCGACGGTAGTCTCCT-1,8
GCGAGAAACGGGAGTT-1,3
GCGAGAGGCCATGTAA-1,8
GCGAGAGTTGCGTCCA-1,4
GCGAGCGCATGCTCCC-1,8
GCGAGGCCCGAGCAGA-1,0
GCGAGGGACTGCTAGA-1,8
GCGAGTTCTGCAAAGA-1,4
GCGATGTCTGTGCTTG-1,9
GCGATTCTGGAAGCAG-1,4
GCGATTGTTAACGTTA-1,5
GCGCAAATATATTCAA-1,4
GCGCAAGAGCGCGCTG-1,5
GCGCATCCAGTCAGCA-1,1
GCGCCGTTCCACGATA-1,8
GCGCCTCCCACTCCGA-1,0
GCGCGATGGGTCAAGT-1,8
GCGCGGTCTAGTAACT-1,1
GCGCGTCATTGGTACA-1,8
GCGCGTTTAAATCGTA-1,3
GCGCTAAGTATGCATG-1,1
GCGCTAATTGAATAGA-1,4
GCGCTATGCCGAGGCA-1,0
GCGCTCGATCACCTGT-1,7
GCGCTGATCCAGACTC-1,8
GCGCTGCTTTGCATTT-1,5
GCGCTGGCGGAAAGTC-1,0
GCGCTTAAATAATTGG-1,5
GCGGACCGCGTTGTGG-1,8
GCGGAGAAACTTCGCA-1,0
GCGGAGAGGGAGAACG-1,0
GCGGATTACTTGTTCT-1,7
GCGGCAAAGTATTGCC-1,2
GCGGCTCTGACGTACC-1,4
GCGGCTTTAGCAAGTT-1,1
GCGGGAACCAGGCCCT-1,8
GCGGGCAGACGGGTGA-1,0
GCGGGCATTACGATGC-1,0
GCGGGCGAGCCTTACC-1,5
GCGGTAACCCAAATGA-1,1
GCGGTCCCGGTGAAGG-1,5
GCGGTCCCTAGACGCA-1,1
GCGGTCTTGCTTTCAC-1,5
GCGGTGAACTGCGCTC-1,1
GCGGTGCGGAGCATCG-1,4
GCGGTTCCCTATCATG-1,4
GCGTAAATGGCCATAA-1,1
GCGTCCAGCTCGTGGC-1,5
GCGTCCCTAAGACATA-1,8
GCGTCGAAATGTCGGT-1,8
GCGTCGCCAGGGTGAT-1,5
GCGTCGTAACATGGTC-1,4
GCGTCTAACCTCCTAA-1,7
GCGTCTCTGCATTGGG-1,5
GCGTGGTACTGGGTTA-1,5
GCGTGTATGTCGTATT-1,5
GCGTTATATTTGGAAC-1,2
GCGTTCGGAGACCGGG-1,1
GCGTTCTGACTAAGCG-1,7
GCTAAACCTGAGGTGA-1,0
GCTAACTGAAGTCTGA-1,3
GCTAAGCCCAGTATGC-1,7
GCTAAGTAAAGGCGAT-1,4
GCTAAGTAGTTTCTCT-1,5
GCTAATACCGAATGCC-1,8
GCTACAATCGAGGATA-1,1
GCTACACTGTCCGAAC-1,1
GCTACAGTACGGACCG-1,5
GCTACGACTTATTGGG-1,8
GCTACTATAGTAGAGT-1,1
GCTACTCGGACGCAGA-1,8
GCTAGACCGTCTACTG-1,1
GCTAGAGTAGAGATGT-1,5
GCTAGCAACGCACCTA-1,9
GCTAGCACCTGGGCCA-1,7
GCTAGCAGGGAGTGGG-1,1
GCTAGCGATAGGTCTT-1,2
GCTAGCTTGAATAGCT-1,1
GCTAGGCACCACGGAG-1,0
GCTAGTAGAGCTTGTA-1,1
GCTAGTTTCATTGAGG-1,5
GCTATAAGGGCCAGGA-1,0
GCTATACGTCTCGGAC-1,3
GCTATCATACTCATGG-1,5
GCTATCGCGGCGCAAC-1,0
GCTATGCCAGCTTATG-1,8
GCTCAACCTCTTAGAG-1,5
GCTCAATCCGTTTATT-1,1
GCTCAATGTAATACCG-1,5
GCTCATTACTGCATGT-1,5
GCTCATTGATCATATC-1,2
GCTCCATGAGTGCAGA-1,7
GCTCCATGCAAAGCAA-1,5
GCTCCCAGTCGGTCCA-1,5
GCTCCGCTCGCTTCAG-1,5
GCTCCGGACGTTGATA-1,3
GCTCCTGACATACTGG-1,1
GCTCGACCGAACTGAA-1,1
GCTCGCGGTTCCGCTC-1,4
GCTCGCTCATGTCCAA-1,1
GCTCGGAATTTAAAGC-1,4
GCTCTAAACCCTGACG-1,4
GCTCTATGTTACGTGC-1,0
GCTCTCGGGTACCGAA-1,4
GCTCTTTCCGCTAGTG-1,8
GCTGAACTCTCCAGGG-1,7
GCTGAAGGGTTCTTGG-1,4
GCTGAATCTTCCAATC-1,2
GCTGAGCAACGGTTCT-1,4
GCTGAGGCGTGAGTAT-1,8
GCTGCACGGTTTCTTA-1,5
GCTGCGAAGAATTATT-1,2
GCTGCGCCTCCCACGT-1,1
GCTGCTAAGTAGTCGA-1,3
GCTGCTACTGCGTAGC-1,3
GCTGCTCTCCGGACAC-1,2
GCTGGACCCAAAGTGG-1,0
GCTGGCAGGTGCCGTG-1,2
GCTGGCATATTCACCT-1,8
GCTGGCGGCGCATGCT-1,8
GCTGGGAGCGCGTCAA-1,4
GCTGGGTCCGCTGTTA-1,4
GCTGGTGACTCGTAGT-1,8
GCTGGTTTAGGCCATA-1,4
GCTGTATTACTGGCCC-1,0
GCTGTCTGTGATCGAC-1,1
GCTGTTGCTACCGAAC-1,1
GCTTAATGTAACTAAC-1,3
GCTTACGTAGTTAGTA-1,8
GCTTAGGGAAGCGGTA-1,7
GCTTATGAAGCAGGAA-1,3
GCTTCAGTGGGATTAC-1,3
GCTTCCAGCTTAGATT-1,5
GCTTCCATGTAACCGC-1,0
GCTTCCCGTAAGCTCC-1,0
GCTTCCGTCCCTAGAC-1,5
GCTTCGACGTTCAATC-1,2
GCTTGAGTGACCTCTG-1,7
GCTTGATGATAATCAG-1,1
GCTTGCAGCACAATTG-1,3
GCTTGGATCGATTAGG-1,4
GCTTTACACAACTGGG-1,1
GCTTTATTAAGTTACC-1,7
GCTTTCAGAGGAGGTG-1,4
GCTTTCTATCTCAACT-1,5
GCTTTGCTGCCGGGTA-1,7
GGAAACAGAGCTTGGG-1,9
GGAAACCTTGTTGAAT-1,1
GGAAACTAAATGGGCC-1,0
GGAAAGGGAATTGAGC-1,8
GGAAAGTCTTGATTGT-1,4
GGAAAGTGCCCATGCC-1,8
GGAACCCGAACAAGAA-1,4
GGAACCGTGTAAATTG-1,0
GGAACCTTGACTCTGC-1,2
GGAACGGCCTGCAGCC-1,0
GGAACTCGTGAATACG-1,7
GGAACTTTGGCGATTA-1,0
GGAAGATAAGACTGTA-1,7
GGAAGCTCGCTTACAG-1,4
GGAAGGACACCGTATA-1,3
GGAATAACCTCAAGAA-1,1
GGAATGCGCTAGCGTG-1,5
GGACAACCATGAAGCC-1,3
GGACAAGCCATGATCG-1,9
GGACAAGTTGCAGTGA-1,2
GGACACAAGTTTACAC-1,8
GGACACCTCGGTGTTG-1,4
GGACCAACAGGATAAC-1,0
GGACCTACGGTAACGT-1,0
GGACCTCTAGGCCGCC-1,2
GGACGGCTTGCGCAAC-1,1
GGACGGGCGACCAACC-1,8
GGACGTCCATAGTTGG-1,0
GGACTAAGTCAGGAGT-1,2
GGACTCACAAATTAGG-1,7
GGACTCGAAGCTTTCA-1,7
GGACTCGACAGCGCAT-1,2
GGACTCGTGAGTGGTC-1,1
GGACTCTTCCGGTTGA-1,7
GGACTCTTTGACTAAG-1,1
GGAGAAGTCATTGGCA-1,8
GGAGACATTCACGGGC-1,0
GGAGACCAATGTGCTT-1,7
GGAGACCATCTACATA-1,8
GGAGACGACACCTTTG-1,8
GGAGCAACATTTCAAG-1,5
GGAGCACCAAGAACTA-1,5
GGAGCGAGGCCTACTT-1,3
GGAGGAGTGTGTTTAT-1,8
GGAGGATTGAAAGGAG-1,4
GGAGGCCGAAGTCGTC-1,8
GGAGGCGAAGAACCGC-1,1
GGAGGGCTTGGTTGGC-1,8
GGAGGGTCAAGTAAGA-1,0
GGAGTACACATGAGCT-1,3
GGAGTGCCGCCCTGGA-1,0
GGAGTTGATTCTGTGT-1,8
GGATACTCATGAATTG-1,3
GGATCAAAGGACGAGG-1,4
GGATCAGAGCCATCAG-1,8
GGATCATCCCGTACGC-1,0
GGATCCCTACCAGCTA-1,4
GGATCCGGAATATACT-1,0
GGATCTTACTGCCCTT-1,4
GGATCTTGACTCAACC-1,8
GGATGAAGATCGCTGA-1,5
GGATGACGCGAGTTTA-1,0
GGATGCTGGCGTTCCT-1,4
GGATGGCTTGAAGTAT-1,5
GGATGTCCTTACCGCA-1,5
GGATTAAGCTAAGGTC-1,3
GGATTAATCATGGACC-1,5
GGATTCAGTACGGTGG-1,1
GGATTCCGCTATACCC-1,3
GGATTGAAGTAGCCTC-1,9
GGATTGCTGTGACTCC-1,8
GGATTTCACTTCTATA-1,5
GGCAAAGGCGCCAATA-1,8
GGCAAATTACTTTACT-1,1
GGCAAGCCAGGGATAG-1,7
GGCAAGCCCATAGTGG-1,3
GGCAAGGCGAAATAGC-1,1
GGCAATAGTCAATGAG-1,4
GGCACGCTGCTACAGT-1,8
GGCACTCAGCCGACCC-1,7
GGCACTCCACTGGGCA-1,3
GGCACTGCGGTGGTTT-1,3
GGCAGAGAGATCGGGA-1,8
GGCAGCAAACCTATGC-1,8
GGCAGCGGTAATCCTA-1,0
GGCATACAGGTAGCGG-1,0
GGCATATCGGTTCTGC-1,8
GGCATCAACGAGCACG-1,4
GGCATTGAACATCTCA-1,2
GGCCAATTGTATAGAC-1,0
GGCCACAAGCGATGGC-1,3
GGCCACACGAAAGCCT-1,2
GGCCCAATCTAGAGGG-1,1
GGCCCAGCTGGTTTGC-1,1
GGCCCAGTTATCAGCA-1,8
GGCCCGGAGCATGTCT-1,7
GGCCCGTATACCATGC-1,7
GGCCCTCACCCACTTA-1,2
GGCCGAGACTCTGGTG-1,1
GGCCGCAGGAACCGCA-1,0
GGCCGGCGTCTGCTAT-1,0
GGCCGTTTGGGTTTCA-1,8
GGCCTGCTCTGATGTT-1,0
GGCCTGCTTCTCCCGA-1,8
GGCCTTTGCAACTGGC-1,4
GGCGAAATCTAACTTG-1,8
GGCGAACCGTTCTGAT-1,7
GGCGAGCATCGAGGAC-1,6
GGCGAGCGAAACGGCA-1,0
GGCGCAGGACATCTTC-1,2
GGCGCATGAATTGATG-1,8
GGCGCGGAGATCTTTC-1,0
GGCGCGTTCGAGTTTA-1,1
GGCGCTCCTCATCAAT-1,1
GGCGCTTCATTCCCTG-1,1
GGCGGAGTAATATTAG-1,3
GGCGGGCTCTAAGAGT-1,7
GGCGGTAGGATCATTG-1,5
GGCGGTTTGCCGGTGC-1,0
GGCGTACCCTATATAA-1,4
GGCGTAGGGAAAGCTG-1,8
GGCGTCCTATCCGCTG-1,0
GGCTAAAGGGCGGGTC-1,4
GGCTAATGATTGAAAT-1,8
GGCTACTATACACTCC-1,5
GGCTATTAAGTTGTAT-1,1
GGCTCCTCCACCTGTT-1,1
GGCTCGCGTTGAGGTA-1,0
GGCTCGTGCCACCAGC-1,1
GGCTCTGCTCCAACGC-1,4
GGCTGAAATAGCAAAG-1,8
GGCTGAGCATCGTAAG-1,1
GGCTGGCAATCCCACG-1,9
GGCTGGCAGCTTTATG-1,0
GGCTGGCTAGCTTAAA-1,1
GGCTGTCCTACTGCGG-1,4
GGCTTCTCGTGGGTGG-1,3
GGCTTGGCTCTCACCT-1,2
GGCTTTCAATAAGGGT-1,0
GGGAAAGAATGCCAAC-1,8
GGGAACCACCTGTTTC-1,1
GGGAACGGGAGGTTAG-1,1
GGGAACGGTTTCAGAT-1,4
GGGAAGACGGTCTGTC-1,1
GGGAAGGGCTTTCTCA-1,1
GGGAATGAGCCCTCAC-1,4
GGGAATTCTGTCCAGT-1,2
GGGACAGAGTTACTCC-1,4
GGGACCCGTATATCTT-1,3
GGGACTGCATAGATAG-1,2
GGGAGAACTCACAGTA-1,2
GGGAGCGACCGTAGTG-1,0
GGGAGGATGCCCGAAA-1,4
GGGAGTAATGGCTGGC-1,3
GGGAGTTAATGAGGCG-1,8
GGGATACGGTAATAAT-1,4
GGGATATTGATCGCCA-1,4
GGGATCCCAATACAAA-1,7
GGGATGGACCCGCGTC-1,8
GGGATGGTCGTAACCG-1,4
GGGATTATCTCACAAC-1,4
GGGATTTACCGCACCT-1,0
GGGCAACCGCACGTGC-1,3
GGGCACGAATTGGCCG-1,4
GGGCACGTAGTACTGT-1,5
GGGCACTATTGACCAT-1,2
GGGCAGACGTCACTGC-1,6
GGGCAGAGCAATCGTT-1,3
GGGCAGGATTTCTGTG-1,5
GGGCAGTCAACGCCAA-1,0
GGGCATGCATGTCGAG-1,5
GGGCCATTCGTGCTGG-1,5
GGGCCCGTCTTAAACA-1,8
GGGCCCTACGAAAGGG-1,2
GGGCCCTTATCTATAC-1,2
GGGCCGGCCGAAGTAC-1,5
GGGCCTAAATGGGCTA-1,8
GGGCCTATACAACCGG-1,3
GGGCCTATTTAAGTAT-1,1
GGGCGAATTTCTCCAC-1,0
GGGCGATATGTGTGAA-1,0
GGGCGATCCATAGGCC-1,1
GGGCGCAGCGTTACTC-1,7
GGGCGGCAAATGAATT-1,1
GGGCGGGTTCCCTACG-1,8
GGGCGGTCCTATTGTC-1,1
GGGCGTACATTTATAT-1,1
GGGCGTCACCACGTAA-1,0
GGGCGTCCACTGGCTC-1,8
GGGCGTGGTTTCCCAG-1,8
GGGCGTTTACATTCAT-1,2
GGGCTACTATTTCGTG-1,3
GGGCTATGATCGATGG-1,0
GGGCTCATCGAACCCA-1,4
GGGCTGCCTAGGGCGA-1,4
GGGCTGGTTAGTCGCG-1,5
GGGTAATGCTGTGTTT-1,1
GGGTACACTCTGGAGG-1,5
GGGTACCCACGGTCCT-1,8
GGGTACTTCATGAACT-1,0
GGGTATGTATGCACTT-1,5
GGGTATTCTAGCAAAC-1,0
GGGTCACCGTGACGGT-1,3
GGGTCACGTGCTTATG-1,3
GGGTCACTGAGTAGTG-1,7
GGGTCAGGAGCTAGAT-1,8
GGGTCATGCGTACCAT-1,8
GGGTCCTTGGAAGAAG-1,1
GGGTCGTGGCAAGTGT-1,0
GGGTCTATCGCTTTCC-1,5
GGGTGACACCTTAACT-1,3
GGGTGCATATGAAAGC-1,1
GGGTGGTCCAGCCTGT-1,3
GGGTGTTTCAGCTATG-1,1
GGGTTAACATTTGAGT-1,5
GGGTTCAGACGAACAA-1,8
GGGTTTAGGATAGGAT-1,1
GGGTTTCCGGCTTCCA-1,6
GGTAAACTCTGCGCTG-1,8
GGTAAATGTGCGTTAC-1,4
GGTAACCGGCAAAGGT-1,4
GGTAACCGGGAGGATA-1,0
GGTAACTATGTATCTG-1,5
GGTACAAACATGCTAT-1,5
GGTACACCAGATTTAT-1,5
GGTACATCTGGGACGA-1,2
GGTACCATTAAGACGG-1,5
GGTACGTTGCGGCCGG-1,5
GGTACTAAGTGCTTTG-1,7
GGTAGAAGACCGCCTG-1,8
GGTAGACCGTTGGGCG-1,1
GGTAGGCCAATATCAC-1,0
GGTAGTGCTCGCACCA-1,0
GGTATAGTGACACATA-1,0
GGTATCAAGCATAGAA-1,4
GGTATGAAAGAACTGA-1,9
GGTATTGCCGAGTTTA-1,2
GGTCAAGACTACTTCG-1,3
GGTCACGTTAGATTCA-1,5
GGTCAGTGGGTCCCAC-1,0
GGTCATTGTAGTCATA-1,0
GGTCCACGTCTATTTG-1,4
GGTCCCATAACATAGA-1,1
GGTCCTTCATACGACT-1,1
GGTCGGATAAACGGCG-1,5
GGTCGGCCAGGAGCTT-1,3
GGTCGGTAATTAGACA-1,1
GGTCGGTCGTCCACAG-1,5
GGTCGTAAGCTCGCAC-1,8
GGTCTCCAAGTAGTGC-1,7
GGTCTCCGTCCAGGTT-1,8
GGTCTCTGAATGGACT-1,0
GGTCTGAGAATCTGGA-1,8
GGTCTTGAGCGCTCTT-1,8
GGTCTTGGTGTTAACT-1,1
GGTGAAACCGGGAATG-1,5
GGTGAACGGGCTAGCC-1,0
GGTGAAGTACAGGGAT-1,8
GGTGACTGATAGAGAG-1,7
GGTGAGATGCAGATAA-1,1
GGTGATAAGGAGCAGT-1,5
GGTGATGAAGGAAGTG-1,5
GGTGATTTCATCTTGT-1,5
GGTGCAGAGCCTATCG-1,5
GGTGCATAAATGATTA-1,5
GGTGCGGATAAGTGGC-1,1
GGTGCTGATCACAAAG-1,3
GGTGCTGGTACACATT-1,4
GGTGGACCACGTGTTA-1,3
GGTGGACTGCTCTGGC-1,1
GGTGGAGGTTGATACG-1,7
GGTGGGATTAGGTCCC-1,4
GGTGTAAATCGATTGT-1,8
GGTGTAGGTAAGTAAA-1,8
GGTGTTCTGTTTCTAC-1,8
GGTGTTGGGCGTCTTA-1,7
GGTTACCACCCTCGGG-1,1
GGTTACCCGACACTTT-1,7
GGTTACCGCTCCCTAC-1,4
GGTTAGCTATATGTCT-1,3
GGTTAGGCTTGGAGAA-1,8
GGTTAGGGATGCTAAT-1,4
GGTTAGTTACGGCGCC-1,8
GGTTCCACCCGCTTCT-1,3
GGTTCCCTAGTGTCTC-1,7
GGTTCCGTACGACTAA-1,7
GGTTCGATGCTGAGTT-1,1
GGTTCGCATTTGCCGT-1,7
GGTTCGGATTATACTA-1,8
GGTTCTACTCGTCTGA-1,4
GGTTGTATCGTGAAAT-1,1
GGTTGTGCTCTTGTCC-1,4
GGTTGTGTAGCCTGGC-1,2
GGTTTAATTACCATCG-1,4
GGTTTAATTGAGCAGG-1,8
GGTTTACAATCTCAAT-1,4
GGTTTAGCCTTTCTTG-1,1
GGTTTCAATCGGTCAG-1,3
GGTTTGACAAGAAGCT-1,8
GGTTTGAGTGCTGGAA-1,1
GGTTTGCGAACACGTA-1,7
GGTTTGTGACCTGAGG-1,1
GTAACAACTGACCTTG-1,7
GTAACAGGTTAACGGC-1,4
GTAACATCAGCTCATC-1,0
GTAACATCTAAGATAA-1,1
GTAACTACGTAGACCT-1,5
GTAACTGCCCAAGGAG-1,1
GTAACTTGCGGCAGTC-1,1
GTAAGCGGGCAGTCAG-1,2
GTAAGGATTTGTCGGA-1,1
GTAAGTAACAGTCTGG-1,5
GTAAGTAGGGTATACC-1,8
GTAAGTCCACACTCTA-1,7
GTAATAAAGGGCTCCC-1,1
GTAATCTGATTCTTCG-1,8
GTACACTTACCTGAAG-1,3
GTACAGAGGCAAGGGT-1,1
GTACGACGGCGCTGCG-1,3
GTACGAGATTGCGACA-1,8
GTACGCTTCATTGCAC-1,8
GTACGTCACGTATTAA-1,0
GTACGTTTGCCCGTCA-1,8
GTACTAAGATTTGGAG-1,4
GTACTACGGCCTCGTT-1,1
GTACTCCCTTATCGCT-1,2
GTACTCCTGGGTATGC-1,0
GTACTGAGGTCGTAAC-1,0
GTACTGCATGAAGCGT-1,0
GTACTGGAGTTAGACC-1,8
GTACTTGGGCACTTCT-1,1
GTAGAAACGGGTGGAG-1,3
GTAGACAACCGATGAA-1,1
GTAGACACGCCTGACT-1,0
GTAGACGTCGTTACAT-1,1
GTAGAGGGAGACAAGT-1,8
GTAGCCAAACATGGGA-1,3
GTAGCGCTGTTGTAGT-1,4
GTAGCGGCTATACACT-1,8
GTAGCTAGTAAGCGCG-1,5
GTAGCTCCGGGAGGCT-1,1
GTAGCTTCCTCTTGTT-1,5
GTAGGTGATCCGTGTA-1,5
GTAGTCGCGGGAATCA-1,8
GTAGTCTACGATATTG-1,5
GTAGTGAGCAACCTCA-1,8
GTAGTTAGACAATATA-1,7
GTAGTTCGAAGGCGAA-1,0
GTAGTTTAAGCACACG-1,4
GTATAATCTCCCGGAT-1,1
GTATAGGACTCAGTAG-1,5
GTATAGTGGCCCATGT-1,8
GTATATGTTACGGCGG-1,1
GTATCAAACGTTAGCT-1,3
GTATCAAGGTACTTCC-1,1
GTATCAGCTTGGGTTC-1,1
GTATCCTTTGGTAACC-1,1
GTATCGGGACGAGCTG-1,4
GTATCTCAGTCTTGAC-1,0
GTATCTCCCTAACTGT-1,6
GTATCTCGGGCGCTTT-1,2
GTATCTTGTTGCTCAC-1,6
GTATCTTTCATAACCA-1,0
GTATGAAATTTCACTC-1,5
GTATGACGTGGGAAAC-1,1
GTATGTGGGTCTAGTT-1,8
GTATTAAGGCGTCTAA-1,0
GTATTAGGGTTCGCGT-1,3
GTATTCTGAGAAACGA-1,8
GTATTCTTACCGTGCT-1,1
GTATTTAATGGCATAA-1,7
GTCAAAGAAGTGGTGT-1,1
GTCAAAGTTTACATAG-1,1
GTCAACCAGGCCTATA-1,3
GTCAAGCGGACTCGGG-1,8
GTCAATGCTATAATTT-1,7
GTCAATTGTACTGAAG-1,5
GTCACAAAGTTTCCAA-1,4
GTCACCTGTCTATGTC-1,1
GTCACTCATGAGCGAT-1,4
GTCACTCTCCAAATCT-1,0
GTCAGAATAGTCTATG-1,1
GTCAGACAGCGTTGGA-1,0
GTCAGTTGTGCTCGTT-1,3
GTCAGTTTGGTAGTCG-1,0
GTCATCTCCTACAGCT-1,5
GTCATGCACCTCCGTT-1,4
GTCATGCGCGAGGGCT-1,1
GTCATGGACATGACTA-1,4
GTCATTAGAGCGAACG-1,5
GTCATTGCATTGACCC-1,2
GTCCAATATTTAGCCT-1,3
GTCCACGTCGCATTCG-1,8
GTCCAGGCACGTGTGC-1,1
GTCCATTACTGCTACG-1,0
GTCCCAACGTAAAGTA-1,3
GTCCCAATCATCCCGC-1,8
GTCCCGCGACGTTATG-1,1
GTCCGAGAGCAATCAT-1,2
GTCCGGACCTGAAATT-1,8
GTCCGGCTGAATTGCG-1,0
GTCCGGGTTCACATTA-1,8
GTCCGTTAGAGGGCCT-1,4
GTCCTACAGGCGGCTC-1,1
GTCCTACGAATAGTCT-1,8
GTCCTACTCTACGGGC-1,0
GTCCTAGGATACCTTA-1,0
GTCCTATTGTTGTGGT-1,2
GTCCTTCTACAACCCA-1,2
GTCCTTCTAGTGGGTT-1,3
GTCCTTTAATGACTTC-1,0
GTCGAATTTGGGCGCT-1,2
GTCGATAGGTGACTTT-1,7
GTCGCCGTTGTGTGTT-1,8
GTCGCGTAACCCGTTG-1,8
GTCGGAAGGATACCAG-1,1
GTCGGATATCTCAGAC-1,8
GTCGGATGTAGCGCGC-1,4
GTCGGGAACATGGTAG-1,8
GTCGGGAAGCAGAAAC-1,1
GTCGGGTGAAGTACCG-1,7
GTCGTACCATCTCGGG-1,1
GTCGTACCTACGATTG-1,2
GTCGTATTGGCGTACA-1,1
GTCGTCAATTATAAGG-1,0
GTCGTCTGGTTGGCTA-1,7
GTCGTGTCTGGTCATC-1,5
GTCGTTATTCGCTTAT-1,5
GTCTAAGATGCCCAGC-1,7
GTCTACTCAATTACAA-1,2
GTCTAGTGAGCCGCTT-1,0
GTCTATACACGCATGG-1,5
GTCTATCTGAGTTTCT-1,0
GTCTATTGCATGCTCG-1,8
GTCTATTGGTTCCGGT-1,1
GTCTCAAGGCCCGGCT-1,0
GTCTCCCGAGTCCCGT-1,9
GTCTCCGCCTCAATAC-1,0
GTCTCCTGCCAGTATG-1,4
GTCTCGACTAAGTTTG-1,5
GTCTCGATCTGCTTTC-1,4
GTCTCGCCAACACGCC-1,6
GTCTGCCGACTCGACG-1,4
GTCTGGGCGGTCGAGA-1,4
GTCTGTAGGTTGAACA-1,4
GTCTTACCACGCCAAG-1,7
GTCTTAGTACAGCCGG-1,2
GTCTTCCTCACCTAAG-1,8
GTCTTGAGGAGCAGTG-1,1
GTCTTGTAGCTATTCA-1,4
GTGAAACGGCGCCACC-1,4
GTGAAACGTGCTCCAC-1,1
GTGAACTCCCATTCGA-1,3
GTGAAGATTTCAAGTG-1,8
GTGAAGCCGTATAGTC-1,3
GTGAAGTCACGACTCG-1,3
GTGACAGCTTCCCACT-1,1
GTGACCGCACACTACG-1,1
GTGACCTAAAGAATAA-1,7
GTGACGAGGGTGACCC-1,3
GTGACGCAGGTTTCAT-1,1
GTGACTTCAGTAGTGC-1,4
GTGAGATAACCTTATA-1,3
GTGAGCGTGCTGCACT-1,2
GTGAGGACACTTAAGG-1,3
GTGAGGAGCGGTTGAG-1,1
GTGAGTCGACTAATAG-1,8
GTGAGTCTAAGACGGA-1,2
GTGAGTGGTACAACGC-1,0
GTGATCAAGCGTGCAC-1,2
GTGATCACTAACGCCT-1,3
GTGATCATAGATCTGC-1,8
GTGATCCTTGTCATGA-1,5
GTGATGCACAACATCT-1,1
GTGATTCGCCGCTCAA-1,5
GTGCAAATCACCAATA-1,6
GTGCAACAAATGTGGC-1,5
GTGCACCAGCTTCAAC-1,8
GTGCACGAAAGTGACT-1,0
GTGCAGCGTAGAGTAG-1,7
GTGCCAAACGTTTCGA-1,9
GTGCCATCACACGGTG-1,8
GTGCCCGTTCGGATTC-1,3
GTGCCGCTTCAAAGGT-1,4
GTGCCTAGCTATGCTT-1,1
GTGCCTCAGTGTACGG-1,1
GTGCCTGAGACCAAAC-1,8
GTGCGAAATCGAACAC-1,4
GTGCGACAGGGAGTGT-1,1
GTGCGCAGCTTGCTCC-1,5
GTGCGCTTACAAATGA-1,6
GTGCGGGACCATCGGC-1,0
GTGCGGGTCTCCAAAT-1,5
GTGCGTGTATATGAGC-1,8
GTGCTATCCAGCTGGA-1,4
GTGCTCAAGTACTGTC-1,2
GTGCTGCAGATAAGGA-1,8
GTGCTGTTAGAACATA-1,7
GTGCTTACATCAGCGC-1,1
GTGGAACCTACATGCG-1,1
GTGGACCAACCCGATT-1,8
GTGGACGCATTTGTCC-1,1
GTGGACGTGCTGAGAC-1,0
GTGGAGCATGTCGGCC-1,7
GTGGAGCGTTTACCGA-1,8
GTGGAGTCGGCGGTTG-1,4
GTGGCAAACAGCGGCA-1,8
GTGGCCGGTTTCTCGG-1,2
GTGGCCTAATATCATT-1,3
GTGGCGGGCCGTAGCT-1,3
GTGGCGGTCCCAGCGT-1,8
GTGGCGTGCACCAGAG-1,4
GTGGCTGTTTCTGTTC-1,3
GTGGGAACAAACCGGG-1,4
GTGGGAAGACTGAATC-1,8
GTGGGCTTAGACACAC-1,8
GTGGGTACTGAGCGTA-1,3
GTGGGTCTTCTTTGCG-1,1
GTGGTATAGTCTGCCG-1,8
GTGGTCAGCGAAGTAT-1,0
GTGGTGATGGTTTGTG-1,7
GTGGTGGCCAAGTGAA-1,0
GTGGTTACTTCTTTCG-1,5
GTGGTTTCCGCCTTTC-1,3
GTGTACCTTGGCTACG-1,4
GTGTACGAACCGTTCC-1,7
GTGTATATCAGCGGGC-1,1
GTGTATGACTTTAAAG-1,1
GTGTCAGTGTACGTGG-1,8
GTGTCCGATAAGGCAT-1,1
GTGTCGTATAGCGTTC-1,5
GTGTCGTATTCACCTT-1,1
GTGTGAATAACTTAGG-1,5
GTGTGAGCCGAGGTGC-1,1
GTGTGTCGACGTCGCT-1,3
GTGTTACTATGCGTCC-1,1
GTTAAAGTAGGACTGG-1,0
GTTAACATCACTTAAA-1,0
GTTAACTATGTTGTCA-1,5
GTTAAGGGTGCGATGT-1,3
GTTAAGTTAGAGTGGG-1,8
GTTAATAGCGTCATTA-1,7
GTTAATGTCTATCTTA-1,2
GTTACAATTGGTGACG-1,2
GTTACCAAGGCGTACG-1,7
GTTACCTACAACTTGC-1,3
GTTACGAAATCCACGC-1,5
GTTACGGCCCGACTGC-1,1
GTTACTTTGGGCCTAG-1,8
GTTAGAGTGTGCCGCT-1,4
GTTAGCCCATGACATC-1,1
GTTAGCCGTAAATCAA-1,1
GTTAGGCTACCCGTTT-1,4
GTTATAATACGGTGAA-1,8
GTTATATCAGGAGCCA-1,1
GTTATATTATCTCCCT-1,1
GTTATCAAGCTATCGA-1,8
GTTATCACCTTCTGAA-1,1
GTTATTAAATACGACC-1,1
GTTATTAACGTGGGAG-1,8
GTTCAAATCAGATGTC-1,9
GTTCAATCTATGTCAA-1,1
GTTCACAGGAGTCTAG-1,8
GTTCAGTCGCCAAATG-1,1
GTTCATCGTTTGGCTG-1,1
GTTCCAAGACAGCGAC-1,1
GTTCCAGTCTGACCAT-1,8
GTTCCCGTAAACATAT-1,7
GTTCCGTCCGCCTGCA-1,3
GTTCGACAATTGTATA-1,2
GTTCGCCATAAGTGCC-1,1
GTTCGCTGAGACGTCT-1,3
GTTCGGAGCACTCAAC-1,3
GTTCGGATCGGGAACA-1,5
GTTCGGGCGTACCATT-1,0
GTTCGGTGTGGATTTA-1,8
GTTCGTCTAAAGAACT-1,5
GTTCGTCTGGGTCCCT-1,7
GTTCGTTGCGGACCAG-1,6
GTTCTTCCCTCGATGT-1,1
GTTCTTGTAACTCAAT-1,4
GTTGAACCGGTTCCAT-1,5
GTTGAGTCCCGCCGGT-1,8
GTTGCACGGAGTTTCG-1,3
GTTGCAGTCGACAACA-1,7
GTTGCCCTAACGGGTG-1,5
GTTGCGCTAACATTAC-1,7
GTTGCGGACGGTCAGG-1,3
GTTGGACCGCATCAGG-1,5
GTTGGATTCAGTGGCT-1,4
GTTGGATTGAGAACAC-1,3
GTTGGATTTGCGTTGG-1,1
GTTGGTCATGCTATCC-1,0
GTTGTAGATTTATGAG-1,1
GTTGTCGTGTTAGTTG-1,5
GTTGTTACATTGCGCT-1,8
GTTGTTGCAAGATGGC-1,7
GTTTACGTTCCATCTG-1,1
GTTTATGGGATTTAGA-1,2
GTTTCAAACGAGTTGT-1,4
GTTTCATATCGTCGCT-1,4
GTTTCCTGGAGGGTGA-1,8
GTTTCTAGAGGCGCGG-1,1
GTTTCTGCAGTCTCCC-1,0
GTTTCTTGTTAGAGCT-1,8
GTTTGACCAAATCCTA-1,2
GTTTGAGCGGTTATGT-1,6
GTTTGGCCCAAGTTAT-1,3
GTTTGGCCGCTCAGCG-1,3
GTTTGGCGTCAGGCAC-1,1
GTTTGGGCTTGTGAGC-1,5
GTTTGGGTTTCGCCCG-1,0
GTTTGGTAGGGTCAAC-1,8
GTTTGGTGATCGGTGC-1,1
GTTTGTTAGCCAAGTA-1,5
TAAACCCAGGAGGGCA-1,4
TAAACGTCGTCAATGA-1,3
TAAAGACAACCCTTTA-1,8
TAAAGAGCCCGAAACC-1,8
TAAAGCGGTATTTCCA-1,0
TAAAGCGTTAGGAGAA-1,5
TAAAGCTGCAATAGGG-1,0
TAAAGGAGAAACTAGT-1,6
TAAAGTGCACGTCTCG-1,0
TAAATCTTTACACCTC-1,7
TAAATGAATCCGTTTC-1,0
TAAATGCCGTCTCATG-1,1
TAAATGGGCTACTGAG-1,7
TAAATTGTGGGTAAAG-1,0
TAAATTTAGTAACACC-1,2
TAACAAAGGGAGAAGC-1,3
TAACAATATTTGTTGC-1,4
TAACAGCGTTTGTGCT-1,0
TAACAGGTTCCCTTAG-1,4
TAACATACAATGTGGG-1,3
TAACATACACGCGATC-1,0
TAACCGCCCGCAGTGC-1,8
TAACCGTCCAGTTCAT-1,1
TAACCTACCGTCCGAG-1,3
TAACCTAGGGAGTCCA-1,5
TAACGCTTTGAGAGCG-1,5
TAACTATCGAAGGTCC-1,1
TAACTATTACGCCAAA-1,1
TAACTCATCCGCGCGG-1,3
TAACTCCATGGAGGCT-1,1
TAACTGAAATACGCCT-1,8
TAAGAGGGACAGGGAC-1,4
TAAGATTTAGCGGGAG-1,1
TAAGCAGGCGACACGC-1,4
TAAGCCCTTACGACCA-1,0
TAAGCGCGAATCAAAT-1,2
TAAGGAACTTGTGGGA-1,8
TAAGGCAACATAAGAT-1,2
TAAGGCATAACATCAA-1,5
TAAGGCCCGTCACCCT-1,8
TAAGGCTGAATCCCTC-1,8
TAAGGGCCTGTCCGAT-1,8
TAAGGGCTGGGAGAGG-1,4
TAAGTAAATGTGCCGC-1,5
TAAGTAACATCTTGAC-1,5
TAAGTCGCCGAGTATC-1,8
TAAGTCGGTGAGCTAG-1,7
TAAGTGAATAGTCTAC-1,4
TAAGTTGCGACGTAGG-1,5
TAATAAACAAGGAGAT-1,0
TAATACACAGTAGTAT-1,4
TAATACTAGAACAGAC-1,0
TAATAGAACAGAGTTA-1,8
TAATAGCTAAATGATG-1,7
TAATAGGTCACCAGAA-1,2
TAATAGTGACGACCAG-1,5
TAATATTGAAATTCGC-1,5
TAATCAACCAAATGGG-1,7
TAATCAGGAATGCTGC-1,6
TAATCGATCCGTACGT-1,5
TAATGAAAGACCCTTG-1,0
TAATGTCGGTTCATGG-1,4
TAATTACGTCAGTAGA-1,8
TAATTAGATGGATATG-1,1
TAATTAGGACATCCGT-1,1
TAATTCCAATGCTTCA-1,7
TAATTGCGCTGATTAC-1,8
TAATTGGAATCGGGAA-1,0
TAATTTCCGTCCAGTA-1,9
TACAAATTGCGGAGGT-1,4
TACAACAGCGCATACA-1,7
TACAACGCACAACTCA-1,1
TACAAGCTGTTCACTG-1,1
TACAAGGGCTTCTTTA-1,0
TACAAGTCTCGTGCAT-1,3
TACAATGAAACCAGCA-1,4
TACACAGCCGTGGTGC-1,8
TACACCGTCGTTAGTC-1,0
TACACCTCTTCGAATC-1,1
TACAGAAACGGTGGGC-1,1
TACATAGGCATACACC-1,1
TACATCCCTATCCCTG-1,8
TACATCTTGTTTCTTG-1,0
TACATGACCTTATCCG-1,4
TACATGCCGGAATTGT-1,7
TACATTTCTAACGTGC-1,1
TACCAAATAGCCCAGA-1,1
TACCAATAAAGTACCA-1,5
TACCAGAAGTAGGTTC-1,5
TACCAGCTAGGTTTAA-1,0
TACCAGGAATCCCGTC-1,4
TACCATGTATTGATTT-1,5
TACCCTCGGTAACCCT-1,7
TACCGAATAATTGTAA-1,1
TACCGATCCAACACTT-1,8
TACCGCGGACTTGCAG-1,4
TACCGGCTCACTGCCC-1,1
TACCGGTCGTTTCCAT-1,5
TACCGTAGGTTAACTA-1,1
TACCGTGCCTCGGACC-1,8
TACCTACTCCCAGTAT-1,1
TACCTATCCCTAGAGG-1,1
TACCTCACGCTTGTAC-1,1
TACCTCAGTTGTCTGT-1,0
TACCTCCACACCAATG-1,2
TACCTCTTTACCATCC-1,7
TACCTGCTGCACTGTG-1,5
TACCTTAAGATTTCCC-1,5
TACGAACACGACTTCA-1,4
TACGACGCTTGCTGCG-1,3
TACGACTGCCTCTTAG-1,1
TACGAGAACTTCACGT-1,3
TACGATCCAAGCCACT-1,8
TACGATGTTGATCATC-1,3
TACGCAGTTCTTTCCT-1,3
TACGCCATATTCTAAT-1,1
TACGCCGAGGGTACCC-1,4
TACGCCGCCTCAGAAG-1,7
TACGCCTCCATTCCGA-1,0
TACGCTATAGAAACCT-1,0
TACGCTCCTAGAACTG-1,2
TACGCTCGGTATTGGA-1,8
TACGCTGATAGTTGTA-1,5
TACGCTGCACGGTCGT-1,7
TACGCTGCTGTGTTAA-1,2
TACGGAAGCCAAACCA-1,0
TACGGCATGGACGCTA-1,5
TACGGGATGCTAGCAG-1,5
TACGGGTAATAACATA-1,0
TACGTAAAGCGGAGTG-1,8
TACGTACTAGTGCTGA-1,3
TACGTGCAAGGTTCCT-1,7
TACGTGCACTATGCTG-1,1
TACGTGGGCCCAGGGC-1,8
TACGTTTACCGGCAAT-1,5
TACTACGTGCAATGCG-1,0
TACTATGGTTCCTCAG-1,4
TACTCACAACGTAGTA-1,3
TACTCATTGACGCATC-1,7
TACTCCTCTAGTTGAC-1,3
TACTCGGCACGCCGGG-1,2
TACTCGTTTGAATCAA-1,5
TACTCTCCGAACAAAT-1,1
TACTCTTACTTTACTG-1,3
TACTCTTTCGTCTTCA-1,5
TACTGAACAGATTTAG-1,1
TACTGAGGGAAGAAAG-1,2
TACTGCAATCAATTAC-1,8
TACTGCATGATTAAAT-1,7
TACTGGACAGCTCGGC-1,2
TACTGTTTCTCTGGTA-1,1
TACTTAAACATGTACA-1,0
TACTTGTTAGTAGTCC-1,0
TACTTTACTGAGCCGG-1,1
TACTTTCCGCACGCCA-1,3
TAGAAACACAATAGTG-1,1
TAGAAACCACTAAGTA-1,4
TAGAAAGGTGGCGCTA-1,3
TAGAAATTCACGTATA-1,2
TAGAACGCCAGTAACG-1,2
TAGAAGAAGGGTTACA-1,7
TAGAATAGCCGATGAA-1,8
TAGAATTAAGGGCAAC-1,2
TAGACGAAACGCCAAT-1,1
TAGACGCCCGTACCGG-1,1
TAGACTACCTAGCGTT-1,4
TAGACTCAGTTGGCCT-1,2
TAGAGATCATGCAACT-1,5
TAGAGCTACGAAGAAC-1,1
TAGAGGGAGTTTATCT-1,3
TAGAGGTTCTACTTGT-1,5
TAGAGTCTAAGCGAAC-1,2
TAGAGTGTTCCGGGTA-1,7
TAGATATGGACTGGAA-1,5
TAGATCCGAAGTCGCA-1,4
TAGATGGTTCCTTACT-1,1
TAGATTCAAAGTGCGG-1,0
TAGATTCCTGGTTATT-1,2
TAGATTCTCTAGCAAA-1,7
TAGCAACCTGTCACAA-1,1
TAGCAGATACTTAGGG-1,8
TAGCAGTAAATACGCG-1,7
TAGCAGTATGACTAAA-1,5
TAGCCAGAGGGTCCGG-1,4
TAGCCATGATTGCCTA-1,3
TAGCCATTTCAAAGTC-1,8
TAGCCGGCGGTCAGCG-1,1
TAGCGTCCCTCGATTG-1,8
TAGCGTCCGGTGTGGT-1,8
TAGCGTCGAATATTGA-1,5
TAGCGTTGGGTCTTAC-1,8
TAGCTAAGTCCGGGAG-1,2
TAGCTAGAAGGCATGA-1,0
TAGCTAGTGATGATGG-1,0
TAGCTCACTGTGTTTG-1,7
TAGCTCAGATCCTAGT-1,8
TAGCTCGCCTGATAAC-1,8
TAGCTGATGTGAAGCG-1,3
TAGGAACAGCCTCCAG-1,8
TAGGAGGCTCGAGAAC-1,7
TAGGATCTTAACCGCA-1,4
TAGGCATGTTACGCCA-1,4
TAGGCCTATATAGTCT-1,5
TAGGCGATGAGGTCTC-1,4
TAGGCGGCTGCAAAGA-1,5
TAGGCTAAAGTGGCAC-1,0
TAGGGAGCTTGGGATG-1,8
TAGGGTGTTTCAAGAG-1,0
TAGGTCCAAGTAAGGA-1,0
TAGGTCGCCGGAACTG-1,1
TAGGTGACGATAACCT-1,1
TAGGTGAGCCCTACTC-1,0
TAGGTGCTCGCCTAGC-1,5
TAGGTGTTCCACAGAT-1,5
TAGGTTCGAGTTCGTC-1,5
TAGGTTCTGCTGAGAA-1,0
TAGTACCACAACTTTC-1,2
TAGTACCTTAGTGGTC-1,1
TAGTAGCTTATACCAG-1,3
TAGTAGTTGCCGGACA-1,7
TAGTCCCGGAGACCAC-1,0
TAGTCCGCAGAGAATG-1,5
TAGTCCGTATGCATAA-1,8
TAGTCCTGCACTAAGC-1,4
TAGTCGATCACGGGTT-1,8
TAGTCGGGATTCTTCG-1,5
TAGTCTAACAACGAGA-1,5
TAGTCTGCGGCACATT-1,4
TAGTCTGTGACGTTGC-1,8
TAGTCTTTCCGAATTG-1,1
TAGTGACAAGCTCTAC-1,7
TAGTGAGAAGTGGTTG-1,1
TAGTGCCCTCCAGAGT-1,5
TAGTGCTTGAATCCTT-1,1
TAGTGGAACTCATACA-1,4
TAGTGTCAGAAACGGC-1,1
TAGTTAAGATAGGATA-1,4
TAGTTTATTCTTGCTT-1,8
TAGTTTGATCGGTCGC-1,9
TATAAATCCACAAGCT-1,0
TATAAGTGAGGATAGC-1,3
TATACACAGACGCCTT-1,3
TATACACGCAAAGTAT-1,1
TATACCGAGTGCCACA-1,7
TATACGCGTCATCACT-1,0
TATACTCATGCGGCAA-1,8
TATAGAGTCGCTTGAA-1,5
TATAGATGGTCGCAGT-1,1
TATAGCGCACGTTATC-1,3
TATAGCTATTATCTCT-1,4
TATAGGGTACTCATGA-1,2
TATAGTTAGGTGTACT-1,5
TATATAGGGCTTTACG-1,0
TATATATCGAGAAATG-1,2
TATATCAAAGTGATCT-1,2
TATATCATTGATCAGT-1,2
TATATCCCTGGGAGGA-1,1
TATATGCTGGGTTGCC-1,5
TATATTACAAATGTCG-1,8
TATATTCGCGTCGATA-1,0
TATCAAAGGTCTGTAA-1,2
TATCACAGCACGGGCA-1,1
TATCACCATGTAAAGT-1,3
TATCACCCAACCGACC-1,8
TATCACTTCGAGTAAC-1,0
TATCAGTGGCGTAGTC-1,2
TATCCAATTGGTTATC-1,8
TATCCATATCATGCGA-1,3
TATCCATCTCGGTTAG-1,2
TATCCCTCGATCTGCA-1,7
TATCCGCACCGTCGGG-1,8
TATCCTATCAACTGGT-1,1
TATCCTGCATGGGAAT-1,8
TATCGATCTATGCATA-1,0
TATCGATGATTAAACG-1,5
TATCTACAGAGGTAAT-1,4
TATCTACCACAGCGGG-1,8
TATCTAGCCTAAAGGA-1,2
TATCTGAGCCGATATT-1,2
TATCTTGCAATACAAC-1,4
TATGAAGAATTAAGGT-1,1
TATGAAGACAGGTGCG-1,3
TATGACCTTGCGCTGG-1,9
TATGATAAATCTAACG-1,4
TATGATCCGGCACGCC-1,3
TATGATCTTCTCTTTA-1,5
TATGATTCTGCTTGGT-1,5
TATGCTCCCTACTTAC-1,4
TATGGAGTTTCTCGTT-1,3
TATGGATGTGCTACGC-1,9
TATGGCAGACTTTCGA-1,3
TATGGCCCGGCCTCGC-1,8
TATGGCTAGGCTAATT-1,7
TATGGGACCGAGCAGG-1,4
TATGGGTACGTATCGT-1,4
TATGGTCTGAGTAACA-1,1
TATGGTTAGTGGGAGA-1,1
TATGTAAAGTGCTTAA-1,5
TATGTAGAAACCCGGC-1,2
TATGTCAAGACCGACT-1,1
TATGTCTCATTGTGCC-1,8
TATTAACACCAAAGCA-1,4
TATTAACCTGACCGCG-1,5
TATTACCATCCTGCTT-1,5
TATTATGTTTGCCTGC-1,5
TATTCAATTCTAATCC-1,0
TATTCCACTCAGCTCG-1,0
TATTCCGAGCTGTTAT-1,1
TATTCCGGCAGTCCTA-1,0
TATTCCTCCGCCCACT-1,0
TATTCGTGCCAGAATA-1,4
TATTGACATTTCTGCC-1,3
TATTGCCGGGCTTGTA-1,3
TATTTAGTCTAGATCG-1,5
TATTTATACCGAGTAG-1,4
TATTTGATTTGCACAG-1,7
TATTTGTTACCCTTTA-1,1
TCAAACAACCGCGTCG-1,4
TCAAACAATTAGGACA-1,8
TCAAACTTAGATTGTT-1,2
TCAAAGAGCTATCTGT-1,3
TCAAAGTCACGGCGTC-1,2
TCAAATTATGTTCGAC-1,7
TCAAATTGTTGTGCCG-1,0
TCAAATTTGAGACTCA-1,1
TCAACAAAGATAATTC-1,3
TCAACACATTGGGTAA-1,1
TCAACATAGCGCCCTA-1,1
TCAACATCGACCGAGA-1,8
TCAACCATGTTCGGGC-1,1
TCAACGAGGAGACAAA-1,8
TCAACGCAGGAAATAA-1,5
TCAACGCGACCGGCAG-1,2
TCAACTAACGTATAAC-1,4
TCAACTGCAGAGTCAG-1,4
TCAAGAAATACTAGCT-1,5
TCAAGCGCGGACGGTA-1,8
TCAAGCTGCCTTGAAA-1,7
TCAAGGTTACTACACC-1,8
TCAATACAATTGCTGC-1,5
TCAATACGCCGTCATG-1,8
TCAATATACAGGAGGC-1,7
TCAATCCCGCGCCAAA-1,7
TCAATCCGGGAAGTTT-1,0
TCACAAACCGAGGTAC-1,5
TCACAGATCCTCAAAC-1,5
TCACAGCAAACTCGAA-1,5
TCACAGGAGAATAAGA-1,8
TCACAGGGAATCGCAA-1,3
TCACAGGTTATTGGGC-1,1
TCACATCTTATCTGAT-1,8
TCACCCTCTTAAGATT-1,5
TCACCGCTCGGCACTC-1,5
TCACGATGTCCGTGGA-1,3
TCACGATTAATACGTT-1,4
TCACGCATTGTAGATC-1,8
TCACGGCCCAAGAGAG-1,2
TCACGGTCATCGCACA-1,1
TCACGTGCCCGATTCA-1,8
TCACTACGACCAATGC-1,1
TCACTATCCCTTCGGT-1,0
TCACTATCGTGCAATC-1,3
TCACTCAGCGCATTAG-1,6
TCACTCGTGCAACGGC-1,5
TCACTCTTCGTCTGTC-1,3
TCAGAACCTCCACAGG-1,1
TCAGAACGGCGGTAAT-1,3
TCAGACGCTATAGAAG-1,5
TCAGAGCATGTCAACG-1,7
TCAGAGGACGCGTTAG-1,0
TCAGAGTGTGAGCATG-1,7
TCAGATGGAGACGTAG-1,7
TCAGCAAATGCATCTC-1,8
TCAGCAGTAGGCCCTG-1,1
TCAGCCAATCCGTAAA-1,5
TCAGCGCACGCCGTTT-1,0
TCAGCTTGAGCTTTCG-1,2
TCAGGGCGACTTCCTT-1,4
TCAGGGCGCAAACTCG-1,1
TCAGGGTGCACGAAAC-1,8
TCAGGGTGTAACGTAA-1,2
TCAGGTTCTTTGAGAA-1,3
TCAGTACTGACCCGCG-1,0
TCAGTAGGGACTATAA-1,4
TCAGTGTATACGTCAT-1,1
TCAGTTACGGAATGAT-1,4
TCATAAGTCCAAGAAG-1,7
TCATACTTACAGATCC-1,1
TCATATGAGCTTTGTT-1,1
TCATCACTCGAGCTCG-1,1
TCATCCATCTGATCAC-1,0
TCATCCCAGAGGGTGG-1,1
TCATCCTCAGCTGCTT-1,5
TCATCGACGACCGTCG-1,1
TCATCGATGGTCCCAA-1,4
TCATGCAGGTTCTCAT-1,8
TCATTCGTATAATTTG-1,5
TCATTTAAGTCTCCGA-1,1
TCATTTAGAAGTGTGA-1,0
TCCAACTCAGCTATCT-1,1
TCCAACTTTAAATTCT-1,0
TCCAAGCCTAGACACA-1,5
TCCAATAAAGGCTACC-1,3
TCCAATGCGTCGCCGC-1,8
TCCACAATGGTTTACG-1,3
TCCACATCGTATATTG-1,8
TCCACCAAGACATAGG-1,8
TCCACCTCTAGCCTTT-1,3
TCCACTTTATCTAGGT-1,8
TCCAGAGCACCGGTTC-1,5
TCCAGATGTACGCCAA-1,3
TCCAGCGCTATAAGCG-1,0
TCCAGGCAGGACGATC-1,0
TCCAGGCGAGTACGGT-1,5
TCCAGGGTATATACGA-1,1
TCCATCAATACTAATC-1,2
TCCATTAGTTGGATAG-1,1
TCCATTCCCACTAGAG-1,7
TCCATTGTGACCTCGT-1,4
TCCCAAACAGACAACG-1,8
TCCCAAACATCCTCTA-1,4
TCCCAAAGACGAAGGA-1,5
TCCCAAAGCCCTAAAT-1,8
TCCCACGGAGGGAGCT-1,1
TCCCACTCTCTTCCGG-1,1
TCCCAGCACACGACAT-1,7
TCCCAGCTTTAGTCTG-1,4
TCCCAGGCTTAGCTAA-1,3
TCCCGCCTATGTGCGT-1,7
TCCCGCGTACTCCTGG-1,4
TCCCGGGTGTGCTGCT-1,0
TCCCGGTCAGGAATTT-1,5
TCCCGTCAGTCCCGCA-1,4
TCCCGTCGCGTCATAG-1,1
TCCCGTGTGCAATTTG-1,1
TCCCTAGATCAATAGG-1,0
TCCCTCCGAAATCGTT-1,8
TCCCTCTTCTCAAGGG-1,0
TCCCTGGCGTATTAAC-1,5
TCCCTGGCTCGCTGGA-1,4
TCCCTTAGATTACTCG-1,1
TCCCTTGTCTGAAACT-1,8
TCCGAACGTTGCCGCT-1,7
TCCGAACTTGGCTTAC-1,2
TCCGAAGTAGTCACCA-1,1
TCCGAATGGTCCTGAG-1,0
TCCGACCGCTAATCAA-1,2
TCCGAGAAGGCTAAGC-1,0
TCCGATAATTGCCATA-1,8
TCCGATGACTGAGCTC-1,4
TCCGATGGTGCGACAT-1,0
TCCGATTACATTGCCG-1,8
TCCGCAGCCACCTAGC-1,3
TCCGCCTGTCTACAAG-1,5
TCCGCGGCAGCATCTG-1,4
TCCGCGGCCCAATGAA-1,8
TCCGCTGGGTCGATCG-1,9
TCCGCTGTCATCCCGG-1,1
TCCGCTTATCCCATTA-1,5
TCCGGAGGAAGGGCTG-1,4
TCCGGCCTAGCGTACA-1,5
TCCGGCCTGCATCGAT-1,4
TCCGGCTGTCGGGTCG-1,7
TCCGGGCCACTAACGG-1,9
TCCGGGCTTGACGGGA-1,5
TCCGGTTCGTCCGGTC-1,5
TCCGTAACCACAATCC-1,5
TCCGTTAAGCTAATAT-1,8
TCCGTTTAGCCTTGAA-1,3
TCCTAAAGATTCAGAC-1,0
TCCTAAATTGGGAAGC-1,1
TCCTAACCGTCGGGCA-1,5
TCCTACATCCACGGCC-1,8
TCCTAGCAAAGAAGCT-1,4
TCCTATCATAGGTAAC-1,7
TCCTCCTAAGACATTC-1,5
TCCTCGGGCTGGGCTT-1,3
TCCTCTACGAGATGGC-1,8
TCCTCTCCAGTTGTCC-1,3
TCCTCTGGCCCATTAG-1,4
TCCTGCAGCCGCCAAT-1,7
TCCTGCCAACTGGAGA-1,8
TCCTGCGTTGATACTC-1,4
TCCTGGCGCTGCCTGG-1,5
TCCTTACGACGGTCCG-1,0
TCCTTCAATCCCTACG-1,5
TCCTTCAGTGGTCGAA-1,1
TCCTTGTCCTTTAATT-1,8
TCCTTTAAATCCGCTT-1,1
TCCTTTCTTACGCTTA-1,2
TCGAAATTTAGGACCA-1,1
TCGAAGAACCGAGCAC-1,5
TCGAATATCCCGCAGG-1,4
TCGAATCGCAGGGTAG-1,1
TCGACAACTGAACCCG-1,8
TCGACATAGCGTAGCG-1,4
TCGACTGACGATGGCT-1,7
TCGAGACCAACACCGT-1,4
TCGAGCCAGGCAGGCC-1,3
TCGAGGGCAACAGACG-1,7
TCGAGTCTACGATTCG-1,4
TCGATAGGCTAGTCGC-1,5
TCGATGTTACGGCCGT-1,0
TCGATTTACGAAACGA-1,4
TCGCAAAGATGCATTT-1,8
TCGCACCAGGAGGCAG-1,8
TCGCACTAACGTTTGT-1,9
TCGCATAAAGGGCGCA-1,0
TCGCATCCCTAAGTGT-1,1
TCGCATTCAATGACTT-1,1
TCGCCACCCGGATTAC-1,0
TCGCCCAACTGACTCC-1,8
TCGCCCACTGCGAGAG-1,9
TCGCCGAAGTTGCGTC-1,3
TCGCCGACATATTCGC-1,8
TCGCCGCACCGCGTGA-1,4
TCGCCGGAGAGTCTTA-1,0
TCGCCGGATGGGCAAG-1,2
TCGCCGGTCGATCCGT-1,1
TCGCCTCCTTCGGCTC-1,0
TCGCCTCGACCTGTTG-1,2
TCGCGCGTTTACATGA-1,3
TCGCGTAGCAGTGTCC-1,5
TCGCGTCCAGAAGGTC-1,8
TCGCTAAACCGCTATC-1,5
TCGCTACTGGCTTTGA-1,1
TCGCTCGATATATTCC-1,2
TCGCTCGGCACCAGCG-1,1
TCGCTGCCAATGCTGT-1,8
TCGCTGGGCGGATTGT-1,2
TCGCTGTGCGTAAATC-1,1
TCGCTTAATTACGAAG-1,7
TCGCTTTAAACGTTTG-1,4
TCGGAATGACCATCAA-1,0
TCGGAATGCGCTCTGA-1,1
TCGGACGCCCAGCCCA-1,8
TCGGAGAGTATCGGGA-1,5
TCGGAGTACATGAGTA-1,3
TCGGAGTCCTGGTTGC-1,0
TCGGATCTGGATGACC-1,4
TCGGCAGGGTTAAGGG-1,7
TCGGCGAACCCAAACC-1,5
TCGGCGGTATTAGATT-1,7
TCGGCGTACTGCACAA-1,4
TCGGCTAACTTCCCTT-1,1
TCGGCTTGTATCGACG-1,5
TCGGGAACGTGCCTAG-1,5
TCGGGAGACAGCGTAC-1,8
TCGGGATTCAAACATA-1,2
TCGGGCACTTCTGGAT-1,5
TCGGGCCGTCGTGGTA-1,1
TCGGGTGAAACTGCTA-1,8
TCGGTCCCGACAATAG-1,4
TCGGTCCCTGACTCCA-1,1
TCGGTGACCGCTCCGG-1,5
TCGGTTAGCCATGTAG-1,3
TCGTAACTCCCAAGAC-1,7
TCGTAAGACGACATTG-1,1
TCGTAAGCTCCGAGGA-1,8
TCGTACCGACGTCAAG-1,1
TCGTATAGTGCAATTA-1,5
TCGTATCACCAAGCTA-1,6
TCGTATTACCCATTGC-1,2
TCGTATTTCGTCCGGA-1,4
TCGTCAAGTACGCGCA-1,3
TCGTCACACTGTTAGC-1,1
TCGTCCGCTGGCGTCT-1,3
TCGTCCGGGTACACTC-1,7
TCGTCTTAGGCGTTAA-1,3
TCGTGTACTATGGATG-1,4
TCGTGTATTGGTCACG-1,5
TCGTGTCACGCTGACA-1,5
TCGTGTTCGACCACAA-1,5
TCGTTAGGAGTCCCTA-1,0
TCGTTCGTTATTATGT-1,1
TCGTTGACAGGGTCCC-1,2
TCGTTGCTATCCGGTC-1,5
TCGTTGGCTCGTCAAT-1,5
TCGTTTACGCGACCCT-1,8
TCTAAAGAACAGTCTC-1,2
TCTAACCTAGCCTGCG-1,3
TCTAACTGTATGTAAA-1,2
TCTAATACTGCCTCAG-1,4
TCTACACGTTCATGCA-1,1
TCTACCCAATAGAGAG-1,4
TCTACCCGCATCATTT-1,0
TCTACCGTCCACAAGC-1,8
TCTACGCACGATCTCC-1,4
TCTACGGGCTCAGTTG-1,7
TCTAGCAATCTCCGCC-1,0
TCTAGCATCTTCGATG-1,8
TCTAGCATGCCCAGAA-1,5
TCTAGGTGGCGACGCT-1,3
TCTAGTGATATCGTGG-1,8
TCTAGTTATCAGAAGA-1,4
TCTATAGGTGGGTAAT-1,8
TCTATCATGCAGTTAC-1,1
TCTATCCGATTGCACA-1,1
TCTATCGGTCGCAACA-1,4
TCTATGCTATAACGAC-1,8
TCTATTACGCTGGCGA-1,0
TCTATTACTAGAGGAT-1,8
TCTCAAATCAATCGGG-1,0
TCTCAGGCTACTCGCT-1,7
TCTCATGAGATAGGGT-1,1
TCTCCAACGTAGGTTA-1,2
TCTCCACAAGTTGAAT-1,5
TCTCCCTGGGCAGCGT-1,1
TCTCGAACGAGGTCAC-1,3
TCTCGACGTATCGCCG-1,5
TCTCGAGGAGGTTCGC-1,8
TCTCGGCTCCAGGACT-1,1
TCTCGTGTTACGAGGA-1,5
TCTCTAATAGCTGGTA-1,0
TCTCTCGCCGCACATA-1,1
TCTCTTACCGCGAACC-1,0
TCTGAACCGGTCGGCT-1,1
TCTGAACTCGTACCCG-1,8
TCTGAAGCACGTGGTC-1,1
TCTGAATTCCGTACAA-1,0
TCTGACGGGCTAACCC-1,7
TCTGACTGTAATGGTT-1,4
TCTGAGCAATTGACTG-1,5
TCTGATCGGGTGCTAG-1,7
TCTGATGTATTCTGTC-1,5
TCTGATTGGAAATGGA-1,7
TCTGCACCATTAGTAA-1,7
TCTGCAGATTCGAGTC-1,4
TCTGCATACCTTGCTT-1,1
TCTGCCAGAAACTGCA-1,8
TCTGCGAATCGTTCGC-1,7
TCTGCGTCCGGTTTCT-1,3
TCTGCTTAGAACAAGC-1,7
TCTGGAGCGTAAGAGT-1,7
TCTGGCCGTTCAAGTT-1,7
TCTGGCGCAAGCCGGG-1,2
TCTGGGAACCTTTGAA-1,1
TCTGGGTAGCGCTCAT-1,1
TCTGTCATACAAGAGC-1,1
TCTGTGACTGACCGTT-1,1
TCTGTGATGGAGGTTG-1,8
TCTGTGCCATCATAGT-1,5
TCTGTGGCTACATTTC-1,5
TCTGTTACCCAGCATA-1,8
TCTGTTTAGATTGTTC-1,3
TCTTAACTCGGATGTA-1,1
TCTTACAGAGGTACCG-1,1
TCTTACCGGAACTCGT-1,8
TCTTACGGCATCCGAC-1,5
TCTTACTTATGCCTCT-1,5
TCTTAGAGCTCCAATT-1,0
TCTTAGAGTGAACTCT-1,8
TCTTATGGGTAGTACC-1,6
TCTTCCCATGGGCACA-1,1
TCTTCGAATAGACGTT-1,0
TCTTCGATACCAATAA-1,2
TCTTCGCGGTGAGAGG-1,5
TCTTCTATAACCCGCC-1,5
TCTTGATGCGTAGCGA-1,4
TCTTGCTCCCGATACT-1,8
TCTTGGTAACACCAAA-1,4
TCTTGGTCAATGATAC-1,1
TCTTTAAGACTATGAA-1,0
TCTTTAGAGTCTAACA-1,1
TCTTTAGCAGGCGAAC-1,3
TCTTTCATCCGTCCTT-1,4
TCTTTCCTTCGAGATA-1,7
TCTTTCGGCGGGACAC-1,8
TCTTTCTCTTAAGGAG-1,4
TGAAACCTCAACTCAC-1,6
TGAAACTTATGCAAGC-1,4
TGAAAGGACCTGACTC-1,5
TGAACAAGCAGGGACT-1,3
TGAACACCCGAAGCAG-1,2
TGAACCTGAATGTGAG-1,7
TGAACTGCTATGACTT-1,8
TGAAGAGCGGTCCTAG-1,4
TGAAGTAGCTTACGGA-1,0
TGAATACCGACGCGTA-1,0
TGAATATGCTATAAAC-1,4
TGAATGAGATACAGCA-1,7
TGAATGAGTGTTTCCC-1,5
TGAATGTCAGCCGGCC-1,5
TGAATTTCACTTGCCT-1,8
TGACAACGCATGTCGC-1,7
TGACACTTCTCTTTGC-1,8
TGACAGAAATCTTGCT-1,3
TGACAGGACAAGTCCA-1,4
TGACATATATGACGAT-1,8
TGACATCGAGCGGACC-1,3
TGACATGTAACGTGAC-1,3
TGACCAAATCTTAAAC-1,5
TGACCAGCTTCAAAGT-1,1
TGACCCAACTCACATT-1,6
TGACCCACGTTAGACA-1,5
TGACCCAGCATTCCCG-1,0
TGACGAATATTTCCCT-1,5
TGACGATGCACTAGAA-1,5
TGACTATAATCCTTTC-1,8
TGACTCCGAATCATAC-1,2
TGACTCTAACTGGTAA-1,7
TGAGAATGCTTTACCG-1,8
TGAGACGTACCTCTCA-1,8
TGAGAGATTTACCACG-1,5
TGAGATCAAATACTCA-1,1
TGAGATTAGGCCCTAA-1,4
TGAGCAGTCGTGAAGT-1,4
TGAGCCATACAGTCTC-1,8
TGAGCGGAAAGTGTTC-1,8
TGAGCTCAACTGTATA-1,7
TGAGCTTTAATGACGC-1,5
TGAGGAGTGCCAGCTT-1,1
TGAGGCATGTACTGTG-1,2
TGAGGTGTGTGGCGGA-1,3
TGAGGTTGATCCCAAG-1,1
TGAGTAAATTAGCGTA-1,1
TGAGTGCCTCTTAAAT-1,4
TGAGTGGTCCGTGACG-1,1
TGAGTGTAACAACGGG-1,3
TGAGTTAAAGACATTC-1,5
TGATACATTTAGCCGT-1,5
TGATAGCGGGATTCTA-1,4
TGATCACCACACTGAC-1,3
TGATCAGGGAACTGCT-1,4
TGATCCCAGCATTAGT-1,1
TGATCGGTTTGACCCT-1,5
TGATCTACGCTGATCT-1,8
TGATCTATCACACTCT-1,1
TGATCTCCGGCGCCAG-1,5
TGATGCTCACGTAGTC-1,7
TGATGGCTGTTTCTGA-1,3
TGATGGGACTAAGTCA-1,2
TGATGTCAATTAAGTG-1,8
TGATTATGGCACGCAG-1,0
TGATTCAGGTCCCGCG-1,8
TGATTCCCGGTTACCT-1,8
TGATTCGTCTATCACT-1,5
TGATTCTGTCGCCGGT-1,4
TGATTTATTAGCTGTG-1,2
TGATTTCCTCCTGACG-1,1
TGCAAACCCACATCAA-1,6
TGCAAACGTACTAGTT-1,7
TGCAAAGTTCGTCTGT-1,4
TGCAACCCATCTGCGG-1,8
TGCAACTACTGGTTGA-1,1
TGCAAGAATGACGTAA-1,2
TGCAATCTAACACGGT-1,5
TGCAATTTGGGCACGG-1,0
TGCACAGTGAAGTTAT-1,1
TGCACGAGTCGGCAGC-1,3
TGCACTATGTGAGTGC-1,8
TGCAGAACTATATCGT-1,0
TGCAGAGTACCGAGCA-1,5
TGCAGATCGTCCTAGG-1,3
TGCAGCTACGTACTTC-1,8
TGCAGGATCGGCAAAG-1,2
TGCAGTGAGGCTCGGG-1,7
TGCAGTGGTAGGGAAC-1,2
TGCAGTTTCCTCCCAT-1,5
TGCATATGTCTGTCAC-1,4
TGCATCTCCGGATCTT-1,3
TGCATGAGTAGATTCG-1,4
TGCATGGATCGGATCT-1,0
TGCATGGCAGTCTTGC-1,3
TGCATGTGACCCATAG-1,4
TGCATGTGGTAATCTA-1,8
TGCCAAAGTCAGACTT-1,0
TGCCAATGGGTACTCT-1,0
TGCCACACTAGAGGAA-1,8
TGCCACCTGGCGAAAC-1,4
TGCCAGTACGTGGAGA-1,0
TGCCATGGCTTATAAG-1,5
TGCCATTACTAAAGAA-1,8
TGCCCGATAGTTAGAA-1,0
TGCCCGTACCGTTAAA-1,5
TGCCGAAAGCGTATTC-1,7
TGCCGATGTCATCAAT-1,5
TGCCGGATGTACGAGC-1,8
TGCCGTGGATCGTCCT-1,3
TGCCGTGGGACCCAAT-1,0
TGCCGTTCTTAATCGG-1,4
TGCCTAAATTTAATAG-1,7
TGCCTAATTGAAGATT-1,3
TGCCTGACATCGGTCA-1,1
TGCCTGATCAAACGAT-1,4
TGCCTTGCCCTTACGG-1,6
TGCCTTGGCCAGGCAA-1,8
TGCGAATATGGGATTT-1,8
TGCGACACCCTAGTGC-1,4
TGCGACGGCCGAACGT-1,5
TGCGAGAAACGTTACG-1,2
TGCGAGAATATTACCC-1,1
TGCGAGATGGCGGCCA-1,1
TGCGAGCCCTTCCGCG-1,1
TGCGATGCTAATGGCT-1,4
TGCGCAAAGCATTTGG-1,4
TGCGCCGTTAATAACG-1,7
TGCGCGATTAACGGAG-1,1
TGCGGACTTGACTCCG-1,5
TGCGGAGTAAAGGTGC-1,5
TGCGGCATAGTTCAAC-1,1
TGCGGGTATTGGGATC-1,1
TGCGGTCTACGAGTAA-1,6
TGCGGTGAAATTTCAT-1,3
TGCGTAAGAACCTGAT-1,0
TGCGTACGGCTAATTG-1,3
TGCGTCATGACTGAGC-1,3
TGCGTGATTGGGTGTC-1,8
TGCGTTTGTTGACACT-1,8
TGCTAAGTGTCTATTT-1,5
TGCTATACAAACGGAC-1,0
TGCTATGGCAAAGGGA-1,2
TGCTCACACAACAACC-1,5
TGCTCCACAGTTCTTA-1,1
TGCTCGGCGAAACCCA-1,5
TGCTCGGTGGGTCACC-1,0
TGCTCTGCCGGTTCAC-1,7
TGCTCTTGAGAGTTTG-1,1
TGCTGCGTCAGAGTTA-1,7
TGCTGGTTGGACAATT-1,1
TGCTGTTGAAGAACTC-1,8
TGCTTAGAGAGAATGC-1,2
TGCTTCCCAAGCAGTA-1,1
TGCTTGAAACCATGCA-1,5
TGGAAACGGAGTGAAC-1,5
TGGAACCACTGACACA-1,8
TGGAAGAAGGGAACGT-1,4
TGGAAGACGAACACCA-1,5
TGGAAGGATAAAGATG-1,4
TGGAATATCCTTGACC-1,0
TGGAATTAGACGCTTT-1,8
TGGACACCGTTGCTTG-1,4
TGGACCAATCTAAGAT-1,8
TGGACCACGGCGTTGA-1,1
TGGACGCAATCCAGCC-1,4
TGGACGTAGGCGAATC-1,4
TGGACTGTTCGCTCAA-1,5
TGGAGAATAATCGTCC-1,2
TGGAGCTAAAGTTCCC-1,1
TGGAGGGAAACACCTC-1,7
TGGAGTGATGCGATGA-1,1
TGGATAGAGTAACAGA-1,3
TGGATGGCATCTTGGA-1,7
TGGCAAACTAAATTAC-1,3
TGGCAACTCGCGCGCC-1,0
TGGCAAGCACAAGTCG-1,0
TGGCAATGGGACGGCG-1,8
TGGCACGAGCTCGAGT-1,1
TGGCAGATTACGATCA-1,1
TGGCAGCAGTAATAGT-1,0
TGGCATGAAGTTTGGG-1,4
TGGCCAAACTGAAGTA-1,5
TGGCCAATTTGGTACT-1,0
TGGCCGTATATTGACC-1,8
TGGCGACTGCTCCAAA-1,8
TGGCGATCAAGTTATG-1,8
TGGCGGTGTGCGATTG-1,4
TGGCTACACTCTACCT-1,3
TGGCTATGTGACATAC-1,8
TGGCTCTTGTCGCGTA-1,8
TGGCTTATGTATAATG-1,0
TGGCTTGTACAAGCTT-1,4
TGGCTTTGGGTAGACA-1,1
TGGGAAATGCCTTTCC-1,5
TGGGACCATTGGGAGT-1,8
TGGGATGCACTCATTC-1,1
TGGGCAATAGTTGGGT-1,0
TGGGCACAAACAGAAC-1,3
TGGGCACGTTCTATGG-1,4
TGGGCAGGCCACCGCA-1,3
TGGGCCACAAGAGCGC-1,3
TGGGCCCATACTAATT-1,3
TGGGCCTTGCCTGCAT-1,4
TGGGCGATACAATAAG-1,3
TGGGTAAGGTTCCCGC-1,2
TGGGTGCACAAGCCAT-1,1
TGGGTGGGATGTCATT-1,5
TGGGTGTAATAGATTT-1,8
TGGGTGTTAAGTAGAA-1,8
TGGGTTCCCGGACGGA-1,9
TGGGTTTCGGGCGTAC-1,2
TGGTAAGCAGGATTGA-1,8
TGGTACCGGCACAGCC-1,6
TGGTAGAATATATGGG-1,8
TGGTATCGCATCCCAA-1,3
TGGTATCGGTCTGTAT-1,1
TGGTCCCACGCTACGG-1,1
TGGTCGATATACCTCT-1,4
TGGTCGGGTACAGGGC-1,4
TGGTCGTGCAAGGCAA-1,0
TGGTCGTTTGATAGAT-1,0
TGGTCTAGCTTACATG-1,4
TGGTCTGTTGGGCGTA-1,2
TGGTGATCGTATTTGT-1,4
TGGTGCCCTGCCTTAC-1,4
TGGTGTGACAGACGAT-1,3
TGGTTAACTTACATTT-1,2
TGGTTAAGGGCGCTGG-1,5
TGGTTATGCTTGCGGT-1,2
TGGTTCAACGGGTAAT-1,1
TGGTTCGTAGCAAAGG-1,0
TGGTTGGAGGATCCTG-1,8
TGGTTTAAACGTGGGT-1,1
TGTAACTTGTCAACCT-1,5
TGTAAGACTGATAAGA-1,9
TGTAATGACCACAATA-1,2
TGTAATGCCTTCGGAC-1,0
TGTACCCGACCCTAAT-1,3
TGTACCTACACGAGGG-1,3
TGTACGAACAAATCCG-1,8
TGTACGCTATCAGCTT-1,6
TGTACTACTCTCACGG-1,7
TGTACTATCGCTCGTT-1,9
TGTACTGTGCCAAAGT-1,0
TGTACTTCCGGGCATG-1,3
TGTAGCCAATTCCGTT-1,4
TGTAGCCATCCCATTC-1,0
TGTAGGAGAAATTTCC-1,0
TGTAGTGATCTATAAT-1,2
TGTATAACAGATCCTG-1,3
TGTATACGGATGATGA-1,7
TGTATCAGACTGAAGC-1,1
TGTATCCTTATTCCAT-1,4
TGTATGGCGCAGACAG-1,0
TGTATTTACCTAATGC-1,8
TGTCATTTGTTGGGAA-1,5
TGTCCACGGCTCAACT-1,1
TGTCCCGACATAGCAC-1,0
TGTCCGCAAACAATTC-1,2
TGTCCGTGGCGCCTTT-1,4
TGTCCTAAGTCACCGC-1,2
TGTCGGCATGGTGGAA-1,1
TGTCGTGGGTATAGGC-1,4
TGTCGTTATCACATAT-1,4
TGTCTACAGTTTCTGT-1,0
TGTGACTACGCCAGTC-1,2
TGTGACTAGAGTTTGC-1,5
TGTGAGACTAGCCCAA-1,1
TGTGATTCCAGCGCTT-1,6
TGTGCCAGAGGCAAAG-1,9
TGTGCCGGTGCCGGAA-1,1
TGTGCTTTACGTAAGA-1,2
TGTGGACTATCTACGT-1,7
TGTGGAGGAAGCTTAA-1,1
TGTGGCAAAGCGTATG-1,8
TGTGGCGGGCTTCTGG-1,3
TGTGGCTCCCACCAAC-1,3
TGTGGTAGGGTGCCTT-1,7
TGTGGTTGCTAAAGCT-1,1
TGTGTAGTAGCACGTG-1,5
TGTGTCGAAGTCGAGG-1,9
TGTGTCGCGAGTTGCA-1,1
TGTGTGACCATGAATC-1,8
TGTGTTCGTATCCAAG-1,0
TGTTAACAAAGTGACT-1,7
TGTTATTGTATGTGGC-1,4
TGTTCATAAATGTGCT-1,4
TGTTCCGCTTCCATGA-1,1
TGTTCCGGCCTGAGCT-1,8
TGTTCGTATTGCGGTG-1,5
TGTTCTCATACTATAG-1,7
TGTTCTCTACTCCCTA-1,7
TGTTCTTCCATTGACT-1,3
TGTTGATCACTGTTTA-1,5
TGTTGCCGTCGTCCCA-1,3
TGTTGGCTGGCGGAAG-1,8
TGTTGTCAAGAAGTCT-1,2
TGTTTAATACTTCATC-1,4
TGTTTCGGTACTTCTC-1,8
TGTTTCTGAAGCGTGC-1,2
TGTTTGAGATCGTCAG-1,3
TTAAACAGAGTCCCGC-1,1
TTAAACCGGTAGCGAC-1,1
TTAAACCTGGTTCCTT-1,4
TTAAACTCGAATTCAT-1,0
TTAAAGGCGATGCTCG-1,2
TTAAAGTAAGTCGCCA-1,1
TTAACACCTCGAACAT-1,1
TTAACCAACCCTCCCT-1,0
TTAACCCGAGGCGTGT-1,7
TTAACGAACAAGCAGT-1,1
TTAACGTCGCAAGACC-1,8
TTAACGTTAAAGCCTG-1,9
TTAACTCACGCGTGGA-1,1
TTAACTGATCGTTTGG-1,7
TTAACTTCAGGTAGGA-1,1
TTAAGACGAACGAACC-1,3
TTAAGATACCCAGAGA-1,4
TTAAGATAGGATTGAC-1,3
TTAAGCCGACAACTTC-1,4
TTAAGCGCCTGACCCA-1,1
TTAAGGATACGGAGGT-1,5
TTAAGGCCCGTACTTT-1,4
TTAAGTATTGTTATCC-1,1
TTAATCAGTACGTCAG-1,2
TTAATGCGAGGTAACT-1,8
TTAATGTAGACCAGGT-1,4
TTAATGTGTTTGCAGG-1,3
TTAATTGCTTTGGGTG-1,3
TTAATTTCAGACGCGG-1,5
TTACAACTACGCATCC-1,1
TTACACGATCTGCGAC-1,4
TTACAGACCTAAATGA-1,0
TTACATCGTGGCCTGG-1,5
TTACATGCCACAACTA-1,1
TTACCATTGATTACCC-1,2
TTACCCATTGCCGGGT-1,0
TTACCCTAACAGTCCT-1,1
TTACCCTAGGGATTGG-1,3
TTACCGCCTTAGGGAA-1,0
TTACGGATGGTTCGAG-1,4
TTACGGTGTCACCGAG-1,0
TTACGTAGCGCGTGCT-1,5
TTACGTATCTATGACA-1,8
TTACTAAAGGACTTTA-1,8
TTACTATCGGCTTCTC-1,2
TTACTCCGGCCGGGAA-1,0
TTACTCTGGTACGTAC-1,5
TTACTGGGATATTTCA-1,1
TTACTGTCTAGAGCTC-1,4
TTACTGTTTCTCTACG-1,5
TTAGAAGAACATGACT-1,5
TTAGAATAAGGGTCGG-1,1
TTAGACACGATCGTTG-1,5
TTAGACGAGTCACCTC-1,5
TTAGAGGGATATACAG-1,8
TTAGAGTATTGTCGAG-1,9
TTAGAGTTTAGAAGGA-1,0
TTAGATAGGTCGATAC-1,4
TTAGCAACATGGATGT-1,0
TTAGCATCCCTCACGT-1,8
TTAGCCATAGGGCTCG-1,9
TTAGCTAATACGATCT-1,3
TTAGCTCTGTAATCCG-1,2
TTAGCTGATTTGCCGT-1,8
TTAGGATGGGAGGGTA-1,7
TTAGGTCATAACCGAC-1,1
TTAGGTGTGACTGGTC-1,0
TTAGTAAACCTGCTCT-1,8
TTAGTAGGGCGGCGGG-1,2
TTAGTTATTCGTGGCA-1,3
TTAGTTCAAGTGTTCG-1,8
TTATAGATGCACATTA-1,4
TTATAGGTAATTGTCT-1,0
TTATAGTCCAAGGTGC-1,5
TTATATACGCTGTCAC-1,3
TTATATTTGGCAATCC-1,5
TTATCATACTCGCAAA-1,3
TTATCCAATCGAACTC-1,8
TTATCCGGGATCTATA-1,5
TTATCCTCAAGGAATA-1,1
TTATCGCCTGCGAAGC-1,3
TTATCTGACATTAGGA-1,8
TTATCTGTATCATAAC-1,4
TTATGAATGAAAGGGA-1,8
TTATGACAAACTGGAT-1,3
TTATGATCTTAACGAA-1,8
TTATGCGTCCCGGTCC-1,1
TTATGTTTGCGATAGA-1,1
TTATTAGAGCGTGTTC-1,0
TTATTAGGGAAGCATC-1,1
TTATTATCTGGAAGGC-1,7
TTATTTAGGTTCCTTA-1,7
TTATTTCATCCCAAAC-1,1
TTCAAAGTCTCTAGCC-1,5
TTCAACGACCCGACCG-1,8
TTCAAGCCGAGCTGAG-1,2
TTCAATACTCTGAATC-1,5
TTCAATTAGCCATAAT-1,4
TTCACGAAAGGATCAC-1,4
TTCACGGTCGTCACGT-1,4
TTCACTCGAGCACCTA-1,5
TTCACTTCCTAGAACG-1,5
TTCAGAGTAACCTGAC-1,3
TTCAGCCCTGGTCCAC-1,1
TTCAGCTGGCGTGCCC-1,1
TTCAGGCGTCAAAGCC-1,5
TTCAGTTCAAGAGGAG-1,2
TTCAGTTTGTGGCAGC-1,4
TTCATAGCCTTGTAAC-1,1
TTCATAGGGTGTCCAT-1,1
TTCATGGCGCAACAGG-1,4
TTCCAATCAGAGCTAG-1,1
TTCCAATCTGGCTATC-1,3
TTCCACACAGATTTGA-1,4
TTCCACATTTCTCGTC-1,1
TTCCAGACGAGATTTA-1,3
TTCCAGTGGGTTTCGT-1,4
TTCCATCATGCGGTGA-1,8
TTCCATCGACAGCGTG-1,4
TTCCCGACGCTTCACT-1,1
TTCCCGGCGCCAATAG-1,8
TTCCGCAGAGAAATAT-1,8
TTCCGCGTGAGGCGAT-1,1
TTCCGGCCTTGAGGCT-1,5
TTCCGGCTCGACTTCT-1,1
TTCCGGTATCTGTGTC-1,8
TTCCGGTTACCCACTT-1,1
TTCCTCGAGGGTGTCT-1,8
TTCCTCGGACTAACCA-1,1
TTCCTCTGCCCGAATA-1,2
TTCCTTTCTGTGTTGC-1,1
TTCGAACGAAACATGC-1,8
TTCGACAGAGCCCGTG-1,8
TTCGACGGGAAGGGCG-1,1
TTCGAGCCGGCGCTAC-1,7
TTCGCACTCGCGTGCT-1,1
TTCGCACTGTACGACA-1,3
TTCGCATCCGGAAGCA-1,0
TTCGCCGCTCGCGCTA-1,5
TTCGCGCGCCATACGA-1,1
TTCGCTAGGAAGTTGT-1,8
TTCGCTATCTGACGTG-1,5
TTCGGACTGATGCCTT-1,1
TTCGGACTGGGCATGG-1,4
TTCGGCAACCCGCTGA-1,0
TTCGGCTAGAGATGGT-1,1
TTCGGGACTAATCGCG-1,8
TTCGGGCGCTAGTCTT-1,4
TTCGGGTTGCCACGGG-1,8
TTCGGTACTGTAGAGG-1,8
TTCGGTGGAGACGCCC-1,7
TTCGTAATCCCAGCGG-1,1
TTCGTACTCCAGAACG-1,8
TTCGTGCATGTTATAG-1,7
TTCGTGGGCTGGAAGC-1,1
TTCGTTCAACGAAGTT-1,1
TTCTAACCGAAGCTTA-1,5
TTCTACCTCAATCGGT-1,2
TTCTACCTTTATGTTG-1,1
TTCTACTTGCGAGGGC-1,5
TTCTAGAAAGTCTTAT-1,1
TTCTAGGCCAATTGTG-1,0
TTCTATGCCTTTCGCA-1,7
TTCTATTAAACGCAGC-1,8
TTCTCAATTGCTACAA-1,4
TTCTCTTACAGGTGAT-1,2
TTCTGACCGGGCTCAA-1,8
TTCTGCCGCGCCTAGA-1,5
TTCTGCGAGCGCCCTT-1,2
TTCTGCGGGTTAGCGG-1,5
TTCTGCTAGACTCCAA-1,0
TTCTGTTTCCTGTCGC-1,0
TTCTTAGTGAACGGTG-1,1
TTCTTAGTGGCTCAGA-1,0
TTCTTATCCGCTGGGT-1,5
TTCTTCCCTTTGATAT-1,5
TTCTTCGCAATAGAGC-1,1
TTCTTGAGCCGCGCTA-1,2
TTCTTGCTAGCATCTC-1,0
TTCTTGGACGATCTGC-1,1
TTCTTGGAGTAATGAG-1,4
TTCTTGTAACCTAATG-1,1
TTCTTGTGTCCATCAG-1,2
TTCTTTGGTCGCGACG-1,5
TTGAAACCCTCATTCC-1,7
TTGAAAGGTGTAAAGG-1,1
TTGAACGAATCCTTTG-1,1
TTGAACGACGTGCTGA-1,0
TTGAAGAATTCCCAGG-1,1
TTGAAGGATGGGCGCC-1,2
TTGAATATGGACTTTC-1,0
TTGAATCGTTGTATAA-1,0
TTGAATTCACGTGAGG-1,8
TTGACAGGAGCTCCCG-1,1
TTGACATGAACGTGGA-1,3
TTGACCAGGAACAACT-1,8
TTGACCATGTTCTCCG-1,4
TTGACCGTGTTAATGA-1,3
TTGACGATTCAGCACG-1,0
TTGACGCTCCATGAGC-1,1
TTGACTACCATATGGT-1,2
TTGACTATTGTCCGGC-1,1
TTGAGAAGTTTAGCAT-1,3
TTGAGAGTACTGCTAA-1,8
TTGAGCAGCCCACGGT-1,8
TTGAGCGCCACGTGAT-1,1
TTGAGGCATTTAACTC-1,1
TTGAGGGTCGAACGCG-1,7
TTGAGTCCCGCTGCTG-1,0
TTGATAGTCAATACAT-1,8
TTGATCTAACTTTGTC-1,0
TTGATGCCGCTCGTCG-1,2
TTGATGTGTAGTCCCG-1,1
TTGATTAGCTGTTTCT-1,1
TTGATTATGCAGATGA-1,0
TTGCAAGAAGACTCCT-1,8
TTGCACAATTCAGAAA-1,0
TTGCACGGAGCAGCAC-1,4
TTGCAGGTCATGAAGT-1,6
TTGCATGCTGATCACG-1,5
TTGCCAAGCAGAACCC-1,3
TTGCCATAGCCCGCTC-1,1
TTGCCCTGATCACGGG-1,2
TTGCCGCAGACCTACA-1,2
TTGCCGCTTTCTAGTA-1,1
TTGCCGGTGATCCCTC-1,1
TTGCCTAATCCAAAGT-1,2
TTGCCTTCTCGCCGGG-1,1
TTGCGCACAACCACGT-1,9
TTGCGCTCTCTCGCTT-1,4
TTGCGCTTGATCAATA-1,0
TTGCGGAAAGCTGCCC-1,4
TTGCGGCATCAGAAAG-1,1
TTGCGGCGACTCATGC-1,8
TTGCGTAGTTTGAGGA-1,1
TTGCGTCGGCCAACCG-1,3
TTGCGTGAACGCTTAG-1,1
TTGCGTGTGTAGGCAT-1,5
TTGCTAGCTACCAATC-1,1
TTGCTCATAGTACGTG-1,1
TTGCTCCCATACCGGA-1,2
TTGCTGAAGGAACCAC-1,8
TTGCTGATCATGTTCG-1,4
TTGCTGCACCTATCCA-1,8
TTGCTGGCCGGGCTTC-1,4
TTGGAAGAATACAGTC-1,0
TTGGACATGTGGCTTA-1,3
TTGGACCATCTGGCAA-1,8
TTGGACCTATAACAGT-1,5
TTGGAGTCTCCCTTCT-1,0
TTGGATATCGTCTACG-1,0
TTGGATCGACTTCTGG-1,5
TTGGATTGGGTACCAC-1,5
TTGGCCAAATTGTATC-1,1
TTGGCCATCTTGCGCT-1,1
TTGGCCTAGAATTTCG-1,8
TTGGCGATCCGAATAT-1,7
TTGGCTCAATATGTGT-1,0
TTGGCTCGCATGAGAC-1,5
TTGGGAAGACGAGCCG-1,8
TTGGGACACTGCCCGC-1,5
TTGGGACGTAAGAGTT-1,5
TTGGGCGGCGGTTGCC-1,8
TTGGGTTTATTCAGCG-1,7
TTGGTATGGCTTGTGT-1,8
TTGGTCACACTCGTAA-1,8
TTGGTGCGGTGTTGAA-1,7
TTGGTTCGCTCAAAGG-1,7
TTGGTTGCGGTGCGCG-1,2
TTGTAACTTCATAGCG-1,5
TTGTAAGGACCTAAGT-1,3
TTGTAAGGCCAGTTGG-1,8
TTGTAATCCGTACTCG-1,4
TTGTACACCTCGAACA-1,0
TTGTATCACACAGAAT-1,4
TTGTCACCGCGGTATC-1,4
TTGTCGTTCAGTTACC-1,4
TTGTCTCGGCAAGATG-1,0
TTGTGAACCTAATCCG-1,8
TTGTGAGGCATGACGC-1,5
TTGTGATCTGTTCAGT-1,5
TTGTGCAGCCACGTCA-1,8
TTGTGCGGAAGCGGAT-1,2
TTGTGGAGACAGCCGG-1,9
TTGTGGCCCTGACAGT-1,3
TTGTGGTAGGAGGGAT-1,1
TTGTGGTATAGGTATG-1,7
TTGTGGTGGTACTAAG-1,8
TTGTGTATGCCACCAA-1,3
TTGTGTTTCCCGAAAG-1,5
TTGTTAGCAAATTCGA-1,8
TTGTTCAGTGTGCTAC-1,4
TTGTTCTAGATACGCT-1,4
TTGTTGGCAATGACTG-1,9
TTGTTGTGTGTCAAGA-1,0
TTGTTTCACATCCAGG-1,0
TTGTTTCATTAGTCTA-1,2
TTGTTTCCATACAACT-1,3
TTGTTTGTATTACACG-1,2
TTGTTTGTGTAAATTC-1,5
