barcode,cluster
AAACAACGAATAGTTC-1,7
AAACAAGTATCTCCCA-1,3
AAACAATCTACTAGCA-1,0
AAACACCAATAACTGC-1,8
AAACAGAGCGACTCCT-1,4
AAACAGCTTTCAGAAG-1,0
AAACAGGGTCTATATT-1,4
AAACAGTGTTCCTGGG-1,8
AAACATGGTGAGAGGA-1,8
AAACATTTCCCGGATT-1,3
AAACCACTACACAGAT-1,3
AAACCCGAACGAAATC-1,4
AAACCGGAAATGTTAA-1,6
AAACCGGGTAGGTACC-1,0
AAACCGTTCGTCCAGG-1,0
AAACCTAAGCAGCCGG-1,3
AAACCTCATGAAGTTG-1,8
AAACGAAGAACATACC-1,0
AAACGAAGATGGAGTA-1,8
AAACGACAGTCTTGCC-1,6
AAACGAGACGGTTGAT-1,0
AAACGCCCGAGATCGG-1,2
AAACGCTGGGCACGAC-1,6
AAACGGGCGTACGGGT-1,4
AAACGGGTTGGTATCC-1,4
AAACGGTTGCGAACTG-1,4
AAACGTGTTCGCCCTA-1,2
AAACTAACGTGGCGAC-1,0
AAACTCGGTTCGCAAT-1,4
AAACTCGTGATATAAG-1,3
AAACTGCTGGCTCCAA-1,0
AAACTTAATTGCACGC-1,8
AAACTTGCAAACGTAT-1,4
AAAGAATGACCTTAGA-1,3
AAAGAATGTGGACTAA-1,4
AAAGACATGAAGTTTA-1,7
AAAGACCCAAGTCGCG-1,3
AAAGACTGGGCGCTTT-1,2
AAAGCTTGCCTACATA-1,6
AAAGGCCCTATAATAC-1,8
AAAGGCTACGGACCAT-1,3
AAAGGCTCTCGCGCCG-1,4
AAAGGGATGTAGCAAG-1,8
AAAGGGCAGCTTGAAT-1,4
AAAGGTAAGCTGTACC-1,3
AAAGGTCAACGACATG-1,7
AAAGTAGCATTGCTCA-1,4
AAAGTCACTGATGTAA-1,4
AAAGTCGACCCTCAGT-1,8
AAAGTGCCATCAATTA-1,6
AAAGTGTGATTTATCT-1,3
AAAGTTGACTCCCGTA-1,3
AAATAACCATACGGGA-1,0
AAATAAGGTAGTGCCC-1,3
AAATACCTATAAGCAT-1,3
AAATAGCTTAGACTTT-1,4
AAATAGGGTGCTATTG-1,3
AAATCACTCCTAAACG-1,7
AAATCCGATACACGCC-1,3
AAATCGCGGAAGGAGT-1,8
AAATCGTGTACCACAA-1,0
AAATCTAGCCCTGCTA-1,4
AAATCTGCCCGCGTCC-1,4
AAATGACTGATCAAAC-1,4
AAATGATTCGATCAGC-1,3
AAATGCTCGTTACGTT-1,9
AAATGGCATGTCTTGT-1,4
AAATGGCCCGTGCCCT-1,3
AAATGGTCAATGTGCC-1,3
AAATGTATCTTATCCC-1,5
AAATGTGGGTGCTCCT-1,4
AAATTAACGGGTAGCT-1,8
AAATTAATAAGCGCGA-1,8
AAATTACACGACTCTG-1,4
AAATTACCTATCGATG-1,0
AAATTCCAGGTCCAAA-1,4
AAATTGATAGTCCTTT-1,0
AAATTGCGGCGGTTCT-1,4
AAATTGGTGAGAAGCA-1,2
AAATTTACCGAAATCC-1,4
AAATTTGCGGGTGTGG-1,4
AACAACTGGTAGTTGC-1,0
AACAATACATTGTCGA-1,4
AACAATTACTCTACGC-1,0
AACACACGCTCGCCGC-1,2
AACACGACTGTACTGA-1,9
AACACGAGACGCGGCC-1,3
AACACGCGGCCGCGAA-1,9
AACAGCTGTGTGGCAA-1,8
AACAGGAAATCGAATA-1,4
AACAGGATGGGCCGCG-1,0
AACAGGTAGTATGGAT-1,0
AACATAGCGTGTATCG-1,0
AACATATCAACTGGTG-1,4
AACATCGATACGTCTA-1,3
AACATTGAAGTTGATC-1,8
AACATTGGTCAGCCGT-1,4
AACATTGTGACTCGAG-1,4
AACCAAGACTTCTCTG-1,8
AACCAGTATCACTCTT-1,4
AACCATAGGGTTGAAC-1,8
AACCATGGGATCGCTA-1,3
AACCCAGAGACGGAGA-1,4
AACCCATCCCATGATC-1,8
AACCCGACAACCCGTG-1,4
AACCCGAGCAGAATCG-1,0
AACCCGATAGGGCTTC-1,6
AACCCGCTGTATTCCA-1,4
AACCCTACTGTCAATA-1,9
AACCCTGGTGGAACCA-1,4
AACCGAGCTTGGTCAT-1,3
AACCGCTAAGGGATGC-1,3
AACCGTTGTGTTTGCT-1,4
AACCTAAAGCCGTCCG-1,7
AACCTCGCTTTAGCCC-1,3
AACCTGTCACGGAATT-1,6
AACCTTTAAATACGGT-1,0
AACCTTTACGACGTCT-1,9
AACGAAAGTCGTCCCA-1,8
AACGACCTCCTAGCCG-1,0
AACGATAATGCCGTAG-1,4
AACGATAGAAGGGCCG-1,3
AACGATATGTCAACTG-1,4
AACGCATGATCTGGGT-1,3
AACGCGAACGGCAACA-1,4
AACGCGACCTTGGGCG-1,3
AACGCGGTCTCCAGCC-1,8
AACGCTGTTGCTGAAA-1,3
AACGGACGTACGTATA-1,2
AACGGCCATCTCCGGT-1,3
AACGTACTGTGGGTAC-1,8
AACGTAGTCTACCCAT-1,3
AACGTCAGACTAGTGG-1,4
AACGTCATCCGGCTTG-1,1
AACGTGATGAAGGACA-1,4
AACGTGCGAAAGTCTC-1,0
AACGTTATCAGCACCT-1,8
AACGTTCTACCATTGT-1,5
AACTACCCGTTTGTCA-1,4
AACTAGCGTATCGCAC-1,2
AACTAGGCTTGGGTGT-1,0
AACTCAAGTTAATTGC-1,0
AACTCCAGAGCGTGTT-1,3
AACTCCTAATCCCATG-1,4
AACTCGATAAACACGT-1,4
AACTCGATGGCGCAGT-1,9
AACTCTCAATAGAGCG-1,0
AACTCTCAGTGTGCTC-1,3
AACTGAGGTCAGCGTC-1,4
AACTGAGTTATACTGA-1,6
AACTGATATTAGGCCT-1,9
AACTGGGTCCCGACGT-1,2
AACTGGGTTCGAGCCG-1,4
AACTGGTGTGGGCCTT-1,2
AACTTCTGCGTCTATC-1,4
AACTTGCCCGTATGCA-1,3
AACTTGCGTTCTCGCG-1,4
AACTTTACGGGAGCTT-1,8
AACTTTAGCTGCTGAG-1,8
AACTTTCTCGATCATG-1,6
AAGAAAGTTTGATGGG-1,6
AAGAAATCACCAGATT-1,6
AAGAAGGATCAGTTAG-1,4
AAGACATACGTGGTTT-1,4
AAGACCAAATAACTCA-1,8
AAGACCCAACTGAACA-1,0
AAGACTAACCCGTTGT-1,4
AAGACTCACGCCCACT-1,9
AAGACTGCAAGCTACT-1,2
AAGAGATGAATCGGTA-1,4
AAGAGCTCTTTATCGG-1,4
AAGAGGATGTACGCGA-1,8
AAGAGGCATGGATCGC-1,4
AAGAGGCCCTTTGGAA-1,4
AAGATGGCACCGGACC-1,4
AAGATTGGCGGAACGT-1,2
AAGCACCCTGCGTATC-1,3
AAGCATACTCTCCTGA-1,3
AAGCCACTTGCAGGTA-1,4
AAGCCGAAGCGGTTTA-1,3
AAGCCGCCGTGAAATC-1,8
AAGCCGCTTTACCTTG-1,1
AAGCCGGAGAGCAGGA-1,6
AAGCGCAGGGCTTTGA-1,3
AAGCGGAGTGCGCGCA-1,6
AAGCGGCGTCATGGGT-1,3
AAGCGTCCCTCATCGA-1,4
AAGCTAGATCGAGTAA-1,4
AAGCTATGGATTGACC-1,6
AAGCTCGTGCCAAGTC-1,3
AAGCTCTTTCATGGTG-1,0
AAGGAGAACTTATAAG-1,0
AAGGAGCGGTTGGTGC-1,0
AAGGATCGATCGCTTG-1,3
AAGGATGAGGGACCTC-1,8
AAGGCAGGCTGTCTCC-1,6
AAGGCGCGTAAAGCTT-1,3
AAGGCTGTGCTCATCG-1,4
AAGGGAACGACTGGCT-1,8
AAGGGACAGATTCTGT-1,2
AAGGGACTATGCATTC-1,8
AAGGGTTAGCCATGCG-1,1
AAGGGTTTGATTTCAG-1,8
AAGGTATCCTAATATA-1,2
AAGGTGATAAACCAGC-1,3
AAGTAAGCTTCCAAAC-1,7
AAGTAGAAGACCGGGT-1,9
AAGTAGTGACGCGAGG-1,4
AAGTCAATTGTCGTCA-1,9
AAGTCTAGTAGCTGCC-1,6
AAGTCTTCTGTGGCCT-1,3
AAGTGACGACCGAATT-1,4
AAGTGAGTCGGGTTTA-1,3
AAGTGCAAAGGTAGAC-1,2
AAGTGCCTTGACTGTA-1,3
AAGTGCGTTAGAATCT-1,0
AAGTGCTTCTCTATTG-1,9
AAGTGTTTGGAGACGG-1,3
AAGTTCACTCCAAGCT-1,3
AAGTTCAGTCTGCGTA-1,3
AAGTTCGGCCAACAGG-1,9
AAGTTGTGATGTTATA-1,3
AAGTTTACTAATGGCA-1,3
AAGTTTATGGGCCCAA-1,3
AATAACAACGCTCGGC-1,8
AATAACACTAGAACAA-1,0
AATAACGTCGCGCCCA-1,6
AATAAGTCCTCGAGAC-1,4
AATAATCTTCGTATCG-1,6
AATACAATGTTTCAGG-1,0
AATACCGGAGGGCTGT-1,4
AATACCTGATGTGAAC-1,4
AATAGAACAGAGTGGC-1,4
AATAGAATCTGTTTCA-1,3
AATAGCAAGCCTCCTG-1,2
AATAGCTACCGCGTGC-1,8
AATAGGCACGACCCTT-1,5
AATAGTCCGTCCCGAC-1,2
AATAGTCGCGAGTCGG-1,0
AATATCAAGGTCGGAT-1,4
AATATCCTAGCAAACT-1,3
AATATCGAATCAATGC-1,3
AATATCGAGGGTTCTC-1,4
AATATTGGAGTATTGA-1,8
AATCAGACTGCAGGAC-1,4
AATCAGGTTTCATTTA-1,8
AATCATGTAAAGACTC-1,3
AATCCAAGGGCCTGAG-1,4
AATCCATGCAAGGGTG-1,9
AATCCCGCTCAGAGCC-1,2
AATCGAGGTCTCAAGG-1,4
AATCGCCTCAGCGCCA-1,4
AATCGCGCAGAGGACT-1,2
AATCGGGACACTACGA-1,4
AATCGGTATAGCCCTC-1,4
AATCGTGAGCCGAGCA-1,0
AATCTAGGTTTACTTG-1,3
AATCTATGCCGGAGCC-1,0
AATCTCTACTGTGGTT-1,8
AATCTGCGTTGGGACG-1,3
AATCTGGCTTTCTAGT-1,0
AATCTGGGTAGACCCT-1,3
AATGACAGCAATGTCT-1,2
AATGACGTAGGATGTC-1,3
AATGACTGTCAGCCGG-1,3
AATGAGTTCGCATATG-1,9
AATGATGATACGCTAT-1,2
AATGATGCGACTCCTG-1,3
AATGCAACCGGGTACC-1,2
AATGCACCAAGCAATG-1,8
AATGGCCGCCAATGCG-1,6
AATGGTCCACCGTTCA-1,8
AATGGTTCTCACAAGC-1,3
AATGTATGGCACTGTA-1,8
AATGTGCCCGAGGTGT-1,9
AATGTGCTAATCTGAG-1,8
AATGTTAAGACCCTGA-1,4
AATGTTGTCGTGAGAC-1,3
AATTAAAGGTCGGCGT-1,2
AATTAACGGATTTCCA-1,4
AATTACGAGACCCATC-1,8
AATTACTCGTACGCTC-1,4
AATTAGCGCTGCAGCG-1,3
AATTATACCCAGCAAG-1,0
AATTCATAAGGGATCT-1,4
AATTCATTGTCATGCA-1,8
AATTCCAACTTGGTGA-1,0
AATTCCAAGCATGTAC-1,3
AATTCGATTCGAGGAT-1,4
AATTCTAGAGTTAGGC-1,4
AATTGAACGCTCTGGT-1,3
AATTGCAGCAATCGAC-1,3
AATTGCGTGGATTACA-1,4
AATTGTGGTTGCCAAA-1,3
AATTTGGGACATAGTA-1,4
AATTTGGTTCCAAAGA-1,4
ACAAACCATGCGTCCT-1,8
ACAAACCGACAAGGCG-1,7
ACAAACTCCATCAGAG-1,1
ACAAAGAAGGTAGGCC-1,3
ACAAAGCATGACCTAG-1,0
ACAAATCGCACCGAAT-1,3
ACAAATGGTAGTGTTT-1,4
ACAAATTCAGATCTGA-1,3
ACAACAGCATGAGCTA-1,4
ACAACGGTCCCTGCGA-1,4
ACAAGCAGTGCCTAGC-1,0
ACAAGGAAATCCGCCC-1,4
ACAAGGACAAGAGGTT-1,4
ACAAGGATGCTTTAGG-1,0
ACAAGGCCTACCAGCC-1,3
ACAAGGGCAGGCTCTG-1,3
ACAATAGTCGTACGTT-1,4
ACAATCCATTTAAACC-1,8
ACAATCGATCTTTATA-1,0
ACAATGAATACGGAGA-1,0
ACAATGATTCTTCTAC-1,4
ACAATTGTGTCTCTTT-1,3
ACAATTTAGGAGGCTC-1,2
ACAATTTGAGCAGTGG-1,2
ACAATTTGGCCATATT-1,6
ACACAAAGACGGGTGG-1,4
ACACAAATATTCCTAG-1,1
ACACACCAGGACCAGT-1,3
ACACACTTTCTACACG-1,4
ACACATGATCAAATCT-1,0
ACACATTGACGCAACA-1,0
ACACATTTCCGTAGAC-1,3
ACACCACATAATTAGC-1,0
ACACCCAGCATGCAGC-1,3
ACACCCGAGAAATCCG-1,3
ACACCCGTAAATCTGT-1,7
ACACCGAGCGCTCTTT-1,0
ACACCGGTCTGACCGC-1,8
ACACCTTAAGTAGGGC-1,4
ACACCTTACTACTTGC-1,4
ACACGAGACTCCTTCT-1,3
ACACGGCACTATGCAT-1,4
ACACGGGAACTTAGGG-1,4
ACACGTAGGCCACAAG-1,0
ACACTCCAATGTCACT-1,0
ACACTGATCAAGGTGT-1,3
ACACTGGGACAGTCGT-1,3
ACAGAACTGAGAACAA-1,2
ACAGATTAGGTTAGTG-1,3
ACAGCATAGAGCCAGT-1,9
ACAGCGACATTCTCAT-1,3
ACAGCGCACCCGCAGC-1,8
ACAGGAGGCGCAGCCG-1,5
ACAGGCACGGATCCTT-1,3
ACAGGCTTGCCCGACT-1,3
ACAGGTGGAGGTGAGG-1,4
ACAGGTGTGTTGTTGC-1,5
ACAGTAATACAACTTG-1,9
ACAGTATACCGTGGGA-1,6
ACAGTGCAGCGCATTT-1,7
ACATAAGTCGTGGTGA-1,8
ACATAATAAGGCGGTG-1,4
ACATACAATCAAGCGG-1,5
ACATCAGCTGGGACGC-1,8
ACATCCCGGCCATACG-1,4
ACATCCTGGTAACTGT-1,3
ACATCGATCGTTTACC-1,4
ACATCGGTCAGCCGCG-1,2
ACATCGTATGCAATGG-1,0
ACATCGTTAACCTAGT-1,8
ACATCTCAACGCGTAA-1,8
ACATGCTTACGGCAGC-1,4
ACATGGCGCCAAAGTA-1,3
ACATGGCTCAATTTAG-1,3
ACATTAGTTTATATCC-1,0
ACATTCGCGCGGAATA-1,2
ACATTTGAAACCTAAC-1,4
ACCAAACACCCAGCGA-1,2
ACCAAACTAGAAATCC-1,4
ACCAACACCACACACT-1,2
ACCAACCGCACTCCAC-1,2
ACCAACGCTTATTTAT-1,4
ACCAAGAACGCGTGTC-1,4
ACCAAGTCATCGGCAG-1,2
ACCAATATGCAAGTTA-1,3
ACCACAACTCAGAACA-1,8
ACCACAAGTTTCTATC-1,2
ACCACACGGTTGATGG-1,4
ACCACCAATGTAACAA-1,2
ACCACCCTCTCTTCTA-1,6
ACCACGTGCAGCTATA-1,0
ACCACTGTTCAAGAAG-1,4
ACCAGACCATAACAAC-1,3
ACCAGCCCGGTCTTTG-1,4
ACCAGGAGTGTGATCT-1,4
ACCAGTGCCCGGTCAA-1,4
ACCAGTGCGGGAGACG-1,3
ACCATATCCGCAATAA-1,2
ACCATCCGCCAACTAG-1,0
ACCATCGTATATGGTA-1,8
ACCATTAAGGGTGTCA-1,4
ACCCAACGCCCGTGGC-1,3
ACCCACCTACATGCTC-1,0
ACCCATCTTGAGGGTA-1,8
ACCCATTTGTCCCTCT-1,9
ACCCGAGCGAAATTAC-1,8
ACCCGATTGGTTCCGA-1,2
ACCCGGAAACTCCCAG-1,3
ACCCGGAGCACCACAA-1,6
ACCCGGATGACGCATC-1,3
ACCCGGTTACACTTCC-1,0
ACCCGTAGCAGAGAAT-1,4
ACCCGTAGTCTAGTTG-1,6
ACCCGTGTCATCAGTA-1,3
ACCCTATAGGACTGAG-1,3
ACCCTATGCCATATCG-1,4
ACCCTCCCGTCAGGGC-1,0
ACCCTCCCTTGCTATT-1,3
ACCCTGGTAACGCCCT-1,0
ACCCTTCATCTGCGAA-1,4
ACCCTTGCCTGGGTCG-1,6
ACCCTTTAGTTCTCCA-1,8
ACCGAAAGGGCCCTGC-1,3
ACCGAAGAGTCTGGTT-1,9
ACCGACACATCTCCCA-1,4
ACCGACTGAGTCCCAC-1,2
ACCGAGTCTCCTTATT-1,4
ACCGATAGGCATAACC-1,6
ACCGATATTTAATCAT-1,6
ACCGATGGTAGCATCG-1,4
ACCGCAATAACTGCCT-1,4
ACCGCGGTGGAAGTCG-1,3
ACCGCTAGTCATTGGT-1,0
ACCGGGCCTTTGTTGA-1,4
ACCGGTCAGGTACACC-1,4
ACCGGTCTGAGTACGG-1,3
ACCGTCCACTGGGCCC-1,8
ACCGTGACCACGTGGG-1,4
ACCGTTCCCGCTCTGA-1,4
ACCTAAGTACCTTTCA-1,4
ACCTAATCGACTTCCT-1,3
ACCTACAGTATGTGGT-1,0
ACCTACTATAAATCTA-1,3
ACCTCCGCCCTCGCTG-1,0
ACCTCCGTTATTCACC-1,3
ACCTCGAACTTATGCT-1,4
ACCTGCGTGTCATGTT-1,9
ACCTTTCCTTTAGAAG-1,7
ACGAAATGGGCGGCAC-1,4
ACGACCCATGAGTTGC-1,6
ACGACTCTAGGGCCGA-1,0
ACGACTGGTCATACTC-1,0
ACGAGAACCCATCACG-1,0
ACGAGATATTTGCTTA-1,3
ACGAGGATACCACTCT-1,3
ACGAGGTTTACAACGT-1,3
ACGAGTACGGATGCCC-1,3
ACGAGTCGCCGGCGTT-1,9
ACGATACATAGAACTA-1,8
ACGATACCTATCCTGA-1,3
ACGATCATACATAGAG-1,2
ACGATCATCTTGTAAA-1,2
ACGATGCATATGTTAT-1,0
ACGATGGATCCGATGC-1,4
ACGCAAACTAATAGAT-1,0
ACGCAATCACTACAGC-1,0
ACGCATAAATGACATG-1,4
ACGCATACGTTTACTA-1,4
ACGCATTCGTGAGTAC-1,8
ACGCCACTCGAAACAG-1,0
ACGCCAGATGATTTCT-1,3
ACGCCAGTGCGTTTGC-1,0
ACGCCCAGCTGTCGAT-1,0
ACGCCGCTAGACGACC-1,3
ACGCCTGACACGCGCT-1,7
ACGCGAAGTCAGACGA-1,4
ACGCGCTACACAGGGT-1,3
ACGCGGGCCAAGGACA-1,8
ACGCGTTTCTTAAGAG-1,8
ACGCTACTGAATGGGC-1,1
ACGCTAGTATCAGTGC-1,7
ACGCTAGTGATACACT-1,4
ACGCTGTGAGGCGTAG-1,8
ACGCTTAGTGTCTCTC-1,8
ACGGAACACGAGTGCC-1,0
ACGGAATTTAGCAAAT-1,4
ACGGACGCAGCGACAA-1,0
ACGGACTCTCAAAGCG-1,3
ACGGAGCGCAAATTAC-1,2
ACGGATGGTGCGGATA-1,0
ACGGCACTTGCTTGGG-1,4
ACGGCCAACATGGACT-1,4
ACGGCGACGATGGGAA-1,3
ACGGCGGGTTGCCCTG-1,0
ACGGCTGGATGTAGAA-1,8
ACGGGAGTGTCGGCCC-1,0
ACGGGCGTATGCGACA-1,4
ACGGGTCATGTGACTT-1,4
ACGGGTTGTGACCTGT-1,4
ACGGTACAGTTCAATG-1,3
ACGGTCACCGAGAACA-1,4
ACGTACAGATTTCTCT-1,4
ACGTACTTTGGCACGG-1,8
ACGTAGATTGCTGATG-1,8
ACGTAGGAGAGTCGCT-1,9
ACGTATTACTCCGATC-1,3
ACGTCCTAAACGAGAT-1,7
ACGTCGGGCAACTCGG-1,9
ACGTCTCGTTCCGGGA-1,2
ACGTGACAAAGTAAGT-1,0
ACGTGCGCCTCGTGCA-1,9
ACGTGGTCGAATGTGC-1,0
ACGTTAATGTCGAAGA-1,9
ACGTTAGATTTGCCCG-1,3
ACGTTATTGGTCACTC-1,3
ACGTTCACTATGCCGC-1,2
ACGTTCCGCGCTCCGT-1,9
ACGTTCGCAATCAATT-1,4
ACGTTCGTTCAGGAAA-1,9
ACGTTCTGTACAAGTC-1,3
ACGTTGTCGTTGAAAG-1,4
ACGTTTAGTTGTGATC-1,4
ACGTTTCGGTGCACTT-1,1
ACTAAGGACGCACACC-1,1
ACTAATACGTCAGGCG-1,9
ACTACAAAGAGAGGTG-1,0
ACTACATCCCGACAAG-1,8
ACTACCAGCTCTCTGG-1,4
ACTACCATCCGAGGGC-1,8
ACTACGCGTTAGAATT-1,0
ACTAGTTGCGATCGTC-1,3
ACTATATGCTGTGTTC-1,4
ACTATCCAGGGCATGG-1,3
ACTATCGCCGGCTAAA-1,4
ACTATCTGCCCGCGTA-1,3
ACTATGTCCAGCTGCC-1,8
ACTATTCGTCCGTGGT-1,8
ACTATTTCCGGGCCCA-1,9
ACTCAACGAATGTATT-1,4
ACTCAAGTGCAAGGCT-1,3
ACTCAATAAAGGCACG-1,8
ACTCAGACCTGCTTCT-1,4
ACTCATGGCAGCCTTC-1,8
ACTCCAATATCATCAT-1,8
ACTCCCATTCCTAAAG-1,3
ACTCCCGAATTCGTTT-1,3
ACTCCCGTAGACTAGG-1,6
ACTCCCTAATGCTAAA-1,3
ACTCCCTAGAATAGTA-1,0
ACTCCGGCCGACCACT-1,4
ACTCGATGTATTTCAT-1,9
ACTCGCCGTTCGATAA-1,3
ACTCGCGATCTGACGC-1,1
ACTCGTAACCCGTCCT-1,9
ACTCGTCAGTAATCCC-1,4
ACTCTAAACCTGGGAT-1,8
ACTCTCTGACTTAGGT-1,3
ACTCTCTTATACACGA-1,4
ACTCTGACCTAATAGA-1,3
ACTCTTCAGCTCCCGC-1,6
ACTCTTGTATAGTAAC-1,2
ACTGAAACGCCGTTAG-1,3
ACTGAATGGCGAAAGT-1,3
ACTGATTTAGTGATTC-1,2
ACTGCCCGCCATTCTC-1,8
ACTGCCGTCGTAACTC-1,4
ACTGCGGACACACCGT-1,0
ACTGCTCGGAAGGATG-1,8
ACTGGCGAACCTGCGT-1,1
ACTGGGATGCCAGTGC-1,9
ACTGTACGATACACAT-1,3
ACTGTAGCACTTTGGA-1,9
ACTGTATACGCGAGCA-1,4
ACTGTCCAGGATTATA-1,2
ACTGTCTTCTTTAGAA-1,8
ACTGTGCTAGTAGATC-1,9
ACTGTTTAGTGTAGGC-1,4
ACTTACCGGGCGCGCA-1,4
ACTTACGCATCCACGC-1,3
ACTTAGTACGACAAGA-1,9
ACTTATACTTACCCGG-1,3
ACTTATCTGATCTATA-1,7
ACTTATTAGGATCGGT-1,0
ACTTATTTATGTGCCA-1,3
ACTTCAGGCTGATCCC-1,4
ACTTCCAGTGGAAGCT-1,8
ACTTCCATGCGGGACA-1,3
ACTTCCTGTCGTGCGA-1,7
ACTTCGCCATACGCAC-1,8
ACTTCGCTAGCGAGTG-1,6
ACTTGACTCCCTCTTT-1,3
ACTTGCCATATTGTAC-1,3
ACTTGCTCTATCTACC-1,3
ACTTGGGACCCGGTGG-1,3
ACTTGGGCTTTCGCCA-1,1
ACTTGTAGTCCCTTCA-1,3
ACTTGTGGATGGAACG-1,3
ACTTGTTACCGGATCA-1,8
ACTTTACCCTCATGAA-1,4
ACTTTATACACCACTT-1,4
ACTTTCCTATAGCTTC-1,8
ACTTTGACTGCATCCT-1,8
ACTTTGGTCGTGCTCC-1,8
ACTTTGTCGACGCACT-1,6
AGAAATTATGACTCGC-1,9
AGAACACGGCGATGGT-1,0
AGAACCCAGCGTGACA-1,6
AGAACCCTCAATTGGG-1,8
AGAACGTGGTACATTC-1,8
AGAACTGTACTTTGTA-1,6
AGAAGAGCGCCGTTCC-1,4
AGAAGGTACACTTCAC-1,8
AGAAGGTTGCCGAATT-1,3
AGAAGGTTGTAGGTCG-1,0
AGAAGTGATTCGTGAT-1,4
AGAATAAATCTTCAGG-1,8
AGAATACAGGCTATCC-1,9
AGAATGCGGGTTCGGA-1,9
AGAATTATGGATTCGA-1,0
AGAATTGTTTGACATA-1,4
AGACAGCTCAGAATCC-1,2
AGACAGGCATCTCAGC-1,6
AGACATAGATCCTTCC-1,3
AGACCAAACCACACCT-1,0
AGACCATGGGATACAA-1,0
AGACCCACCGCTGATC-1,0
AGACCCGCCCTCCTCG-1,2
AGACCGCTCCGCGGTT-1,4
AGACCGGGAAACCCTG-1,3
AGACGAAGTGCCGGTC-1,0
AGACGACGATGCCGCT-1,4
AGACGCCCACTTCGCC-1,6
AGACGGGATTGGTATA-1,2
AGACGGGCCGATTTAA-1,0
AGACTAGCCTTCCAGA-1,4
AGACTGTTACCGGGTC-1,0
AGAGAAACACCAGAAA-1,2
AGAGAACCGTCTAGGA-1,2
AGAGAAGGAGTACAAT-1,2
AGAGATCTCTAAAGCG-1,2
AGAGCAGTTATGAGAC-1,0
AGAGCCGCCGAGATTT-1,3
AGAGCGCTTGTAACGG-1,6
AGAGCGGGCTAATCAT-1,9
AGAGCGTACAAGCTCG-1,9
AGAGCTACGAAAGCAT-1,9
AGAGGCTTCGGAAACC-1,0
AGAGGGACAATTGTCC-1,3
AGAGGTATCTCGGTCC-1,2
AGAGTAAACTTCACTA-1,0
AGAGTATAGTGTTACG-1,6
AGAGTCTTAATGAAAG-1,5
AGAGTGAACAGACACC-1,6
AGAGTTAGAGACCGAT-1,4
AGAGTTGCAGGCCTCC-1,6
AGATAACTTCAGGGCC-1,4
AGATAATCACACCTAT-1,5
AGATACCAATAGAACC-1,4
AGATACCAGCACTTCA-1,8
AGATACCGGTGTTCAC-1,2
AGATACGACTTCATAT-1,4
AGATACTCAAGATCGA-1,0
AGATATAATACGACTA-1,3
AGATCGTGCATAAGAT-1,3
AGATCTCAGGTGTGAT-1,2
AGATCTGGAGAGGATA-1,0
AGATGACTCGCCCACG-1,3
AGATGAGGGTTGCGAT-1,0
AGATGATGGAGTCTGG-1,3
AGATGCAAGACGTGCA-1,0
AGATGCATCCTGTGTC-1,0
AGATGCTATAACGAGC-1,4
AGATTATAGGACGTTT-1,2
AGATTCAAGCGGGTCG-1,3
AGATTCACAACCGATA-1,8
AGCAAAGGCCGCTAGT-1,4
AGCAACATATCTTATT-1,3
AGCAACCGAAAGTAAT-1,9
AGCACACGTTTAGACT-1,8
AGCACCAGTACTCACG-1,8
AGCACTACCGGCCTGT-1,2
AGCACTACCTCACCAG-1,3
AGCACTTAAGGACGCC-1,4
AGCAGAAGGAGAAAGA-1,3
AGCAGCCAGATGAATA-1,4
AGCAGTCGAAGCATGC-1,4
AGCATATCAATATGCT-1,3
AGCATCATTTCGAAAG-1,3
AGCATCGTCGATAATT-1,4
AGCATTACGAGGCAAG-1,3
AGCCAAGCTTTGTGTC-1,4
AGCCACAGGTTACCCG-1,0
AGCCACTCCCGTGCTT-1,2
AGCCATATAGTATGTG-1,0
AGCCCATACATGTAAG-1,4
AGCCCGCAACAAGCAG-1,0
AGCCCGCACTACAATG-1,6
AGCCCGGCATTAGAGG-1,8
AGCCCGGTAGCCTGTA-1,4
AGCCCTAAGCGAAGTT-1,4
AGCCCTCCCTGGTGGC-1,8
AGCCCTGTCGCACCGT-1,6
AGCCCTTCTAATCCGA-1,0
AGCCCTTGGACATCCC-1,3
AGCCGCTTGATTAGCG-1,4
AGCCGTGGCTAAATGT-1,4
AGCCTAATACCCACGT-1,3
AGCCTTAAAGCGGAAG-1,3
AGCCTTGTCACTGATA-1,2
AGCGACAGGAACGGTC-1,9
AGCGACATCCCATTCA-1,0
AGCGACCAACGATATT-1,2
AGCGACTTTGAAGACA-1,1
AGCGAGACGTGAAGGC-1,8
AGCGATGCGCCTAATA-1,3
AGCGCATAATGAATCG-1,4
AGCGCGGGTGCCAATG-1,3
AGCGCTAGAGCGATGT-1,6
AGCGCTTATGGGCAAG-1,3
AGCGGACACTTCGTAG-1,4
AGCGGCGGTTAGCGGT-1,8
AGCGGGAAGGGTCCAT-1,9
AGCGGGTCTGACACTC-1,0
AGCGGTTGAGATGTAC-1,7
AGCGGTTGCCGCTCTG-1,2
AGCGTACGAGAGCTAG-1,4
AGCGTAGCGCTAGACC-1,0
AGCGTCTGAACCCGCA-1,9
AGCGTGGTATTCTACT-1,3
AGCGTTCCGATTTAAA-1,3
AGCTAACAAGCAATGT-1,0
AGCTAAGCTCCGTCCG-1,5
AGCTAAGTACGCAGGC-1,4
AGCTAGAAGCAGAAGT-1,3
AGCTATTTAATCCAAC-1,8
AGCTCCATATATGTTC-1,0
AGCTCCTTCGCACATC-1,3
AGCTCGTTGATGGAAA-1,6
AGCTCTAGACGTTCCA-1,3
AGCTCTTCCCAGTGCA-1,4
AGCTCTTCGTAACCTT-1,0
AGCTCTTTACTCAGTT-1,4
AGCTGAAGTAAACCAA-1,4
AGCTGCATTTGAGGTG-1,4
AGCTGCTGTGCCGAAT-1,8
AGCTGTAACCTCAATC-1,3
AGCTTATAGAGACCTG-1,2
AGCTTCAATACTTTGA-1,7
AGCTTCTTCTCGAGCA-1,4
AGCTTGATCAGGGTAG-1,9
AGCTTGATCTTAACTT-1,0
AGGAAAGCCTCTGATG-1,4
AGGAACGAACGACTTC-1,6
AGGAAGCTGTCCGCCG-1,4
AGGACAGTCGAATCCC-1,3
AGGACATCGCACGTCG-1,9
AGGACATCGGCACACT-1,6
AGGACGACCCATTAGA-1,2
AGGACGCTCGATGTTG-1,8
AGGACTTATAGGAGAA-1,3
AGGAGACATCCACAGT-1,6
AGGAGAGTCTGGCTAC-1,6
AGGAGGCCTTCGCGCG-1,0
AGGATAAAGTCGGGAT-1,3
AGGATATAGGGATTTA-1,0
AGGATATCCGACTGCA-1,4
AGGATCACGCGATCTG-1,2
AGGATTGCTTACGACA-1,6
AGGCAAAGAGGAATCA-1,3
AGGCAATACGGAGGAC-1,9
AGGCACGTGACTGTCC-1,0
AGGCAGATGCGTAAAC-1,2
AGGCAGGGAGCGTACT-1,9
AGGCATTGTCGTAGGG-1,4
AGGCCACATTGGTTAC-1,1
AGGCCACCCGTTATGA-1,9
AGGCCCAGTGACTGGT-1,9
AGGCCCATTGTACAGG-1,4
AGGCCCTAGAACGCCA-1,4
AGGCCTATCATACCAA-1,0
AGGCCTGAGAATCTCG-1,4
AGGCGATAACTGGCGT-1,6
AGGCGGTTTGTCCCGC-1,4
AGGCGTCTATGGACGG-1,2
AGGCTATGGTTAGCTT-1,4
AGGCTTAAGTTGCACA-1,1
AGGCTTCCCGAAGAAG-1,3
AGGCTTGCTAGACACC-1,4
AGGGAAACGAGGTACT-1,3
AGGGACAGCACGGCGG-1,2
AGGGACCGGCTGCGTT-1,3
AGGGACTCTACGCGAC-1,4
AGGGAGACATACTTCG-1,2
AGGGCAGCGGCGTGGT-1,9
AGGGCCCTAATGTTCT-1,6
AGGGCGAGCAGCTGAT-1,4
AGGGCGTGATCGGCTA-1,4
AGGGCTGCAGTTACAG-1,3
AGGGTCAGTAACCCTA-1,4
AGGGTCGATGCGAACT-1,0
AGGGTCTGGACGCAGT-1,2
AGGGTGCCGTTCTTTA-1,8
AGGGTGCTCTCGAGGG-1,0
AGGGTGGATAGTGCAT-1,8
AGGGTGTGCTACACGC-1,6
AGGGTTCAGACGGTCC-1,4
AGGGTTCCCTTTGGTT-1,3
AGGGTTTAGTTCGGGA-1,8
AGGTAACCTCCTATTC-1,2
AGGTACGATATTGCCA-1,8
AGGTAGATCGAGATAT-1,0
AGGTAGGTACAAAGCT-1,8
AGGTATAATTGATAGT-1,3
AGGTATGCGGACATTA-1,1
AGGTCAGGTGAGAGTG-1,3
AGGTCGCCACTTCGGT-1,4
AGGTCGCCTCCCAACA-1,6
AGGTCGCGGAGTTACT-1,4
AGGTGCACGTCCACAT-1,4
AGGTGGTGACCTTCGC-1,0
AGGTGTATCGCCATGA-1,8
AGGTGTTGCCGACCAC-1,6
AGGTTACACCATGCCG-1,3
AGGTTCTCCTTTCCGG-1,3
AGGTTGAGGCACGCTT-1,8
AGGTTTCACACACCTT-1,4
AGTAACGTTCATCCTG-1,0
AGTAACTATAGCAGCC-1,3
AGTAATCTAAGGGTGG-1,4
AGTAATGTCTTGCCGC-1,9
AGTAATTTGCAAGCGT-1,4
AGTACAGAAGCTTATA-1,9
AGTACATCATTTATCA-1,4
AGTACCTTCGAGTGCT-1,4
AGTACGGCCCGTATCG-1,8
AGTACGGGCACCTGGC-1,8
AGTACGTGGCCTGTCT-1,3
AGTACTCTTATGCCCA-1,3
AGTAGAAGGCGCCTCA-1,4
AGTAGCGTGAACGAAC-1,4
AGTAGCTAGACGCCGA-1,3
AGTAGGAAGGAAGTTG-1,4
AGTAGGTAACATACAT-1,9
AGTATAATACTAGGCA-1,4
AGTATACACAGCGACA-1,4
AGTATCCATAATAACG-1,4
AGTATGCTGGAGACCA-1,2
AGTATTTGGCACGACC-1,4
AGTCAAATGATGTGAT-1,4
AGTCAACACCACCATC-1,8
AGTCAAGATGACACTT-1,3
AGTCACTAGCTCTCGA-1,3
AGTCACTCCGCCTCAT-1,4
AGTCAGCCACCGCCTG-1,9
AGTCCAGCGGGTACGT-1,4
AGTCCATTGGCTGATG-1,3
AGTCCCGCCTTTAATT-1,3
AGTCCCTCGCAGAAAG-1,6
AGTCGAAACGATTCAG-1,9
AGTCGACGGTCTCAAG-1,4
AGTCGGCCCAAACGAC-1,3
AGTCGGCTCAACTTTA-1,4
AGTCGGTTGCGTGAGA-1,0
AGTCGTATAAAGCAGA-1,3
AGTCGTCGACCACCAA-1,0
AGTCGTGGGCATTACG-1,4
AGTCTAAAGTATACTC-1,2
AGTCTCACAAGACTAC-1,3
AGTCTGGACATCCTTG-1,4
AGTCTTCTCCTCAAAT-1,8
AGTCTTTAAAGTGTCC-1,4
AGTGAACAAACTTCTC-1,3
AGTGAAGATGGTGTCC-1,6
AGTGACCTACTTTACG-1,3
AGTGACTGTGACACAA-1,8
AGTGAGACTTCCAGTA-1,2
AGTGAGCCTCGCCGCC-1,3
AGTGAGGGTTTCTGAC-1,0
AGTGAGTCGAATTAAC-1,3
AGTGATAACCTGCGCG-1,9
AGTGATATGAGTAGTT-1,0
AGTGATTCAAGCAGGA-1,4
AGTGCACGCTTAAGAA-1,3
AGTGCGTAGCTCGTAA-1,8
AGTGCTAAACACAGCA-1,3
AGTGCTTGCACGAATA-1,3
AGTGGCCCGCAAATGG-1,4
AGTGGCGGCAATTTGA-1,3
AGTGGCGTCTGAAGGT-1,3
AGTGGCTCCGTCGGCC-1,1
AGTGGGAGTATACACG-1,5
AGTGGTGTTACCCGTG-1,3
AGTGGTTGCGTATAGG-1,8
AGTGTATTGCGCATTG-1,9
AGTGTGCTAAGATCGC-1,3
AGTGTGGTCTATTGTG-1,4
AGTTAAACACTTGCGA-1,2
AGTTAAGCGGTCCCGG-1,0
AGTTAAGTCAACCGCT-1,4
AGTTACCCTTAAGACT-1,8
AGTTACCGCACATGGT-1,2
AGTTACTCTATCGTGG-1,4
AGTTATTCAGACTGTG-1,5
AGTTATTGAAAGGTAA-1,2
AGTTCACCGGTTGGAC-1,2
AGTTCCTACAGAATTA-1,4
AGTTCCTATTTATGTT-1,0
AGTTCTGCGTTGTATC-1,3
AGTTGACATCGGCTGG-1,9
AGTTGACGGTCCTTGC-1,0
AGTTGCGGTCCTCAAC-1,4
AGTTGCTGACTGATAT-1,4
AGTTGGCAAGGCTAGA-1,3
AGTTTATGTAAAGACA-1,6
AGTTTCGCAGGTCGGA-1,4
AGTTTGCACCTGCCTC-1,9
AGTTTGGCACGGGTTG-1,4
AGTTTGGCCAGACCTA-1,9
ATAAACCATTGGACGG-1,3
ATAAACGGACCCGTAA-1,4
ATAAACGTTGCACCAC-1,4
ATAAAGGCTCGGTCGT-1,4
ATAAAGGTCAAGTACG-1,0
ATAAATATTAGCAGCT-1,8
ATAACGCCGGAGGGTC-1,3
ATAACGGAGTCCAACG-1,0
ATAACGTTACCTCCAC-1,9
ATAAGCAAACACCGAG-1,6
ATAAGGTGGAGAACAT-1,3
ATAAGTACCCGATTGT-1,4
ATAAGTAGGATTCAGA-1,4
ATAAGTAGGGCGACTC-1,3
ATAAGTTACCGCGACG-1,4
ATAATACCGTTAGCCG-1,4
ATAATAGCTGTTGAAT-1,4
ATAATAGTGTAGGGAC-1,2
ATAATCTTGGAGAACC-1,0
ATAATTAGCTAAGTAG-1,3
ATACAGCGTCCACTGA-1,5
ATACAGGCCCTCCAAT-1,4
ATACCACGGGCAACTT-1,8
ATACCAGCAAATTGCT-1,4
ATACCAGGCTAATAGA-1,3
ATACCAGGTGAGCGAT-1,3
ATACCCTCCCGGCCAA-1,6
ATACCCTGGCTCAAAT-1,4
ATACCGTCATCCATAA-1,2
ATACCTAACCAAGAAA-1,0
ATACGAAGGCTTTCCA-1,6
ATACGACAGATGGGTA-1,3
ATACGAGGTTTGTAAG-1,0
ATACGCCGATCTACCG-1,3
ATACGCCGGCGAAACC-1,4
ATACGGAACGTCGTTT-1,4
ATACGGGTTTCGATTG-1,0
ATACGGTGAAGATGCA-1,8
ATACGTACTTAGCCAC-1,3
ATACGTCCACTCCTGT-1,3
ATACGTTATGCACGGA-1,3
ATACTACCCGTACCAC-1,3
ATACTAGCATGACCCT-1,4
ATACTCTCGCCACTCT-1,9
ATACTGCCTTACACCG-1,3
ATACTTGTTCTCGAGC-1,8
ATAGACAACGGGACCT-1,0
ATAGACGAAGAGAAAG-1,4
ATAGAGTACTGGGACA-1,0
ATAGAGTTATCAACTT-1,8
ATAGATTTGCAGTCGG-1,4
ATAGCAACTAGGGAAG-1,0
ATAGCCATAACAGTCA-1,3
ATAGCCTCAGTACCCA-1,4
ATAGCTGCTCTTGTTA-1,4
ATAGGAATCTAAGCTT-1,9
ATAGGCGGCTATAGAA-1,4
ATAGGCTAGCTTCGCA-1,0
ATAGGGATATCCTTGA-1,8
ATAGGTTGGGCAGATG-1,8
ATAGTCTTTGACGTGC-1,4
ATAGTGAAGCGTTCTC-1,4
ATAGTTCCACCCACTC-1,2
ATATAAAGCGCTCGTG-1,3
ATATAAATGTAGCTGC-1,3
ATATAACACGGGCGCA-1,9
ATATACATGTATGGTA-1,9
ATATACGCTCGTGACG-1,4
ATATAGAGTATTGGTC-1,2
ATATCAACCTACAGAG-1,0
ATATCAATTCCAGCCT-1,8
ATATCGGTAGGGAGAT-1,3
ATATCGTGCCAGACCC-1,2
ATATCGTTCCTCGAAC-1,4
ATATCTCCCTCGTTAA-1,4
ATATCTTAGGGCCTTC-1,8
ATATGGGATAGCAACT-1,9
ATATGTCTAGAGCGTG-1,4
ATATGTCTCCCTAGCC-1,4
ATATGTGCACAAACCA-1,2
ATATTATCCCGTATTT-1,4
ATATTCAGTTAAACCT-1,2
ATATTCCACATAGTGA-1,3
ATATTCCCACAGGTCA-1,0
ATATTGCTGTCAAAGT-1,9
ATATTGGAGAGGCCTT-1,6
ATATTTAACCCTCAAG-1,2
ATCAAACACTGTTCCA-1,4
ATCAAACGAAGGTTTG-1,4
ATCAAAGAGCCGTGGT-1,1
ATCAAGATCCCAGGAC-1,8
ATCAATCTGGGCTGCA-1,8
ATCAATGCCGTGGCTG-1,0
ATCACATTAGAATATC-1,0
ATCACGTGCTAATTAA-1,0
ATCACTTCATCCTCGC-1,2
ATCAGAAGCTGGTTGC-1,1
ATCAGACGGCACGCCG-1,8
ATCAGCCTCATGCTGC-1,4
ATCAGCTCGTCCACTA-1,3
ATCAGGTAGCTGACAG-1,6
ATCAGGTCGCCATTGC-1,3
ATCAGTAGGCAGGGAT-1,2
ATCATAGATCGACGAG-1,8
ATCATAGCCCTATGTA-1,0
ATCATCCAATATTTGT-1,4
ATCATCTGCCCAGTGT-1,8
ATCATGGACTACCGAC-1,6
ATCATTGTACCGCATT-1,2
ATCCAACGCAGTCATA-1,3
ATCCAATGGAGGGTCC-1,4
ATCCAATGGTACCGAA-1,8
ATCCACATCGACAGAA-1,3
ATCCACGCTAAATGTT-1,0
ATCCACTTTCAGACTA-1,4
ATCCAGAGCAACAACC-1,4
ATCCAGGATTCGTGAA-1,2
ATCCCATCCACAGCGC-1,8
ATCCCATTTCCGTGGG-1,4
ATCCGGACCAGCCTGA-1,6
ATCCTACCTAAGCTCT-1,2
ATCCTGAATCGCTGCG-1,8
ATCCTGCGTGGAATGG-1,2
ATCCTGCTGCAGATAG-1,9
ATCCTTCTGAAAGAAC-1,1
ATCGACCCAATACAGA-1,4
ATCGACTCTTTCCGTT-1,2
ATCGCACGATTGTTCA-1,9
ATCGCACGCCGGGAGA-1,2
ATCGCCAGTCAACATT-1,3
ATCGCCGTGGTTCATG-1,6
ATCGCTGCGTGCAGCA-1,0
ATCGCTTTACGTCTCA-1,6
ATCGGAGACAGACGGC-1,3
ATCGGCAAGCAGTCCA-1,3
ATCGGTTACCTAGTAA-1,8
ATCGTATTCCGAGAAC-1,8
ATCGTCCAATCGAGTC-1,0
ATCGTGGAAAGTCTGG-1,8
ATCGTTAGCTAGCGGA-1,0
ATCGTTCACTTTCGCC-1,9
ATCTAACGTCCCTATG-1,3
ATCTAATATCCTACGG-1,9
ATCTACCATCTGCTCC-1,3
ATCTAGCTTGTGAGGG-1,4
ATCTATCGATGATCAA-1,9
ATCTCATAAACCTACC-1,7
ATCTCCCACGGAATAT-1,4
ATCTCCCTGCAATCTA-1,2
ATCTCGTGAGCGAAAC-1,3
ATCTGACATGGAAGGA-1,4
ATCTGATAGTGTCTTA-1,2
ATCTGCACCTCTGCGA-1,3
ATCTGCTGTTATCGCC-1,9
ATCTGGGCTGTTCTTG-1,4
ATCTGGTTAAGACTGT-1,8
ATCTGTAATTGTACCC-1,9
ATCTTAGGGCATTAAT-1,4
ATCTTATCGCACACCC-1,3
ATCTTGACCTGCAACG-1,0
ATCTTGACTTGTCCAA-1,4
ATCTTTCGTATAACCA-1,6
ATGAAGCCAAGGAGCC-1,0
ATGAAGTGGACCCAGC-1,8
ATGACGCCGGCTCTAA-1,4
ATGACGCGTTCTATCC-1,4
ATGACTATCAGCTGTG-1,0
ATGACTATGCGACATT-1,3
ATGAGGAGTGTTAATC-1,3
ATGAGGGCAGCGGCTA-1,6
ATGATCGGGAATAGAC-1,4
ATGATGCAATGGTACA-1,3
ATGCACCTTCCTTAAT-1,8
ATGCACGCGCTGTTCA-1,8
ATGCACTACCGCATTG-1,3
ATGCATGATCCAGGAT-1,0
ATGCATTCCGTGATGG-1,2
ATGCCAATCGCTCTGC-1,4
ATGCCATTTGCGACCA-1,3
ATGCCGGTCTTGCATA-1,0
ATGCCGGTTGATGGGA-1,4
ATGCGACAATTGGTCC-1,4
ATGCGACAGTCCCATT-1,2
ATGCGAGTCCCACCAC-1,0
ATGCTCAGTGTTGCAT-1,9
ATGCTCTGGCGCGGTA-1,0
ATGCTTAGGAGTTGAT-1,3
ATGGAAATTTAAGGAG-1,8
ATGGAACAGAATAAAC-1,4
ATGGAACCTTTGCACA-1,3
ATGGACTGCTTAGTTG-1,2
ATGGAGCAGGCCGTGA-1,3
ATGGATCCGGCGTCCG-1,8
ATGGATTGACCAAACG-1,2
ATGGCAGCATTACGAT-1,8
ATGGCAGCCGAGAAAC-1,8
ATGGCCCGAAAGGTTA-1,5
ATGGCGGAATAGTCGC-1,6
ATGGCTGGAAATGGCC-1,3
ATGGGAACGGAAGCGG-1,4
ATGGGACCTGCTGAAC-1,0
ATGGGCCTCGGCCTCT-1,3
ATGGGTGTATACCTCC-1,8
ATGGTATTGGGAACCG-1,8
ATGGTATTTACTGATT-1,4
ATGGTCGCGTGGTTTC-1,3
ATGGTGCTCAAAGCCA-1,4
ATGGTTACGAAACATG-1,4
ATGTAAGGCTGCTCTT-1,3
ATGTACATGCGGTGAG-1,4
ATGTACGATGACGTCG-1,3
ATGTAGCGCGCGTAGG-1,3
ATGTCATAATAAACGA-1,1
ATGTCATTTCCCATTG-1,0
ATGTCTTGTTTGACTC-1,6
ATGTGAAAGCCTAATG-1,0
ATGTGCATCCGACGCA-1,2
ATGTGGACATCTTGAT-1,3
ATGTGTAGTTTAGTCA-1,0
ATGTTACGAGCAATAC-1,0
ATGTTCCTGCCCACCT-1,4
ATGTTCGTCGACCCAC-1,8
ATGTTGATTAGAGACT-1,4
ATGTTGTAGTCTGTTT-1,3
ATGTTTCGGCCCGGAG-1,6
ATGTTTGTAAGATCAT-1,3
ATTAAACATGCGGACC-1,4
ATTAAAGCGGACGAGC-1,7
ATTAACACCTGAGATA-1,2
ATTAATACTACGCGGG-1,8
ATTAATGAACCAGTCG-1,2
ATTAATTCGGTCACTC-1,4
ATTACAACTACCGGCC-1,4
ATTACATGTCAGTCTT-1,3
ATTACCACACTGCCTG-1,0
ATTACGACTCCACAGT-1,6
ATTACGCGCTGGCAGG-1,3
ATTACGGGCTACGGTT-1,4
ATTACTAGCCTCTTGC-1,4
ATTACTTACTGGGCAT-1,0
ATTAGATTCCTCAGCA-1,4
ATTAGATTGATAGCGG-1,9
ATTAGGCGATGCTTTC-1,9
ATTATACTTTGCTCGT-1,8
ATTATAGCTACTTTAC-1,3
ATTATCGGAATGTACG-1,0
ATTATCTCGACAGATC-1,0
ATTATGAGACCCAATT-1,9
ATTATGCCATAGGGAG-1,0
ATTATGCTCAGTATTG-1,6
ATTATTATGTCCGTCA-1,4
ATTATTCAGAGTCACT-1,4
ATTCAAAGTACCTGTT-1,4
ATTCAACCATTTAAGG-1,3
ATTCACTGATGTTGGA-1,4
ATTCAGATGAATCCCT-1,3
ATTCAGGACCTATTTC-1,2
ATTCAGGATCGCCTCT-1,2
ATTCAGTAGCAGGGTC-1,9
ATTCATATACTGTCCA-1,4
ATTCATCGTTGAGGCA-1,3
ATTCCCACATAAACAA-1,9
ATTCCCGAAGGTACAG-1,5
ATTCCTAAGACGTGGA-1,4
ATTCCTCCGCCAGTGC-1,3
ATTCCTTCCAGGCGGT-1,9
ATTCGACGCCGGGCCT-1,8
ATTCGCAGAGGACACT-1,1
ATTCGCGCCTTGAGAG-1,3
ATTCGTCCCGAGGTTA-1,1
ATTCGTGCTATCTCTT-1,2
ATTCGTTTATCGTATT-1,5
ATTCTCGTCTCTTTAG-1,4
ATTCTGAGTATGAACT-1,4
ATTCTTCGTACTTATG-1,4
ATTGAAGATCTTAGTG-1,0
ATTGAATTCCCTGTAG-1,5
ATTGACCGGCGATGAC-1,4
ATTGACGTAACTCGGT-1,4
ATTGATAGCAACGAGA-1,4
ATTGATCACCACATTT-1,4
ATTGATGAGTCCTAAC-1,4
ATTGCCTATTAGACCG-1,8
ATTGCCTTTATGTTTG-1,3
ATTGCGATCAGTAACT-1,3
ATTGCTGCTCCTCCAT-1,4
ATTGGATTACAGCGTA-1,0
ATTGGGAATATCTTGG-1,4
ATTGGGAGTTCTGTAA-1,0
ATTGGTAGGATCCGCT-1,8
ATTGGTTGTGCATTAC-1,3
ATTGTACAACTCGGCT-1,3
ATTGTCGCAATACCTT-1,4
ATTGTCTGTTTCATGT-1,4
ATTGTGACTTCGCTGC-1,4
ATTGTTCAACGATCCG-1,6
ATTTAACTCGTATTAC-1,4
ATTTACAGTTTACTGG-1,9
ATTTACTAAGTCCATT-1,2
ATTTATACTGGTAAAG-1,4
ATTTCATTATTTCGCG-1,8
ATTTCCGGGTTCTGCG-1,4
ATTTGCCTAGTTACGA-1,3
ATTTGCGCGAGTAGCT-1,9
ATTTGGAGATTGCGGT-1,5
ATTTGTCTTGGGAGCT-1,4
ATTTGTTCCAGGGCTC-1,8
CAAACCAGGTCTGCAT-1,6
CAAACCCTCCGGCGGG-1,0
CAAACGAGTATCGCAG-1,8
CAAACGGTCGCACTTT-1,4
CAAACGTGGTCTTGCG-1,4
CAAACTACGATAGAGA-1,4
CAAACTATTGAGCTTC-1,8
CAAACTCGCGACGCCG-1,0
CAAAGATTATTGGGCC-1,9
CAAAGGTCATCTGAAA-1,6
CAAAGGTTAAATTCAG-1,3
CAAAGTCAGGTTAGCT-1,4
CAAATCTCTCACAAGG-1,4
CAAATGCGGAGTGTTC-1,7
CAAATGTCCTTCCGTG-1,0
CAAATTGGATTATGCC-1,3
CAAATTGTCAGCAAGC-1,4
CAACACATCTCCTGCC-1,6
CAACAGAATAACGCTA-1,2
CAACAGTGCCAAACGG-1,7
CAACATGGCCTGATAA-1,4
CAACCAGTGGCCTACC-1,3
CAACCGCACCTAGACA-1,4
CAACCTACCGAGCAGT-1,9
CAACCTGAACCTGCCA-1,6
CAACGACCCGTTTACA-1,4
CAACGAGCTTATTATG-1,5
CAACGATCGATCCAAT-1,1
CAACGCGATGAGCCAA-1,8
CAACGGTTCTTGATAC-1,3
CAACGTGGTGGAGTCT-1,3
CAACTATATCGAATGC-1,8
CAACTCCAACGTTTAG-1,4
CAACTCCGTAACTTGC-1,0
CAACTCCTTGATCCCG-1,4
CAACTGAGGGTATGAC-1,6
CAACTGCTCATCCGAT-1,3
CAACTTGTAGTGGGCA-1,4
CAAGAAACCCTAAACT-1,1
CAAGACTCAGAAGCGC-1,6
CAAGAGGGCGGAGTAC-1,3
CAAGATATTATAACGT-1,3
CAAGCAACGTCGGAGT-1,9
CAAGCACCAAATGCCT-1,9
CAAGCGGCACATAATT-1,4
CAAGGATCGCATGTTC-1,4
CAAGGCCAGTGGTGCA-1,0
CAAGGGAGTGTATTTG-1,4
CAAGGTCCTATAGGCT-1,3
CAAGTAAGTGATAGAC-1,4
CAAGTCGTTGAAATCT-1,1
CAAGTGAACTTTGGTT-1,3
CAAGTGTGGTTGCAAA-1,3
CAATAAACCTTGGCCC-1,0
CAATACGAGAGTCTGA-1,6
CAATACGCTCTGAGGC-1,2
CAATATGTAGATTTAC-1,3
CAATATTCTTGACCTA-1,4
CAATATTGGACTAGTG-1,0
CAATCCATTATCCGTT-1,7
CAATCCCTATACCAGC-1,9
CAATCCTGCCGTGGAG-1,4
CAATGACCCTTAATTT-1,8
CAATGAGGTTCGACTA-1,6
CAATGCGAGAAGTATC-1,0
CAATGGAATCTACATA-1,0
CAATGGATCTCTACCA-1,4
CAATGGTCGGCCTGGG-1,4
CAATGTGCCAACCCTT-1,3
CAATTAAGGGTGATGA-1,8
CAATTGGGCCGCACTC-1,8
CAATTTCGTATAAGGG-1,3
CAATTTGACCGGGAAG-1,2
CACAAACCGCAGAACT-1,3
CACAAGAAAGATATTA-1,0
CACAAGCTAAGAAAGG-1,9
CACAATGAGCTGCTAT-1,3
CACACACGCTAACGAG-1,3
CACACAGCTTGCGCTC-1,3
CACACAGGGATAGATT-1,4
CACACGCGCTGTCTTA-1,2
CACACGTTTCAATGGG-1,4
CACACTTGTATTGCGA-1,4
CACAGAGACGAGGACG-1,8
CACAGCACCCACGGCA-1,8
CACAGCTAGGGAGTGA-1,2
CACAGGGCCATATAGT-1,0
CACAGGGCCGTTGTCA-1,3
CACAGTCCCGCTTCGC-1,0
CACAGTTCGCTTCCCA-1,3
CACATAAGGCGACCGT-1,0
CACATATTAGCAGGAT-1,3
CACATCGTGCACGCGC-1,0
CACATCTCACCGACGA-1,0
CACATGATTCAGCAAC-1,0
CACATGTTTGGACATG-1,4
CACATTCTTTCGATGG-1,4
CACATTTCTTGTCAGA-1,4
CACCAATCATCCGTCT-1,2
CACCACGCCACACAGA-1,0
CACCAGTCAGCATGCA-1,8
CACCATCGGAGGAGAC-1,4
CACCATGATCGCAAAG-1,3
CACCCAAATCTTATGT-1,0
CACCCACACGTCACCC-1,4
CACCCACGAGGCAATT-1,4
CACCCGCGTTTGACAC-1,6
CACCCGGTTTGTGACT-1,0
CACCCTAACAAGATCT-1,3
CACCCTTGGTGAGACC-1,4
CACCCTTTCCTCGCTC-1,4
CACCGATACACCGAGC-1,9
CACCGATGATGGGTAC-1,6
CACCGCCAGAAGGTTT-1,2
CACCGCCGACCAGCGA-1,4
CACCGCGTCCACTCTA-1,3
CACCGGAGATATCTCC-1,4
CACCGGGCATCACAAG-1,4
CACCGGTAGAGACATT-1,3
CACCGTATCCCATCCG-1,0
CACCGTTAGGGATCAC-1,3
CACCGTTGCGCGATAT-1,9
CACCTAATAGAGTCGT-1,4
CACCTAATCAGTTTAC-1,8
CACCTCGATGGTGGAC-1,4
CACCTCTACGAGTGTG-1,7
CACCTTGCGAAACTCG-1,2
CACCTTGGCGCCTTTG-1,2
CACGAAAGTTAGTCCC-1,0
CACGACCACAGACTTT-1,2
CACGACGTAATAGTAA-1,4
CACGACTAAAGTTCTG-1,8
CACGAGCAAACCAGAC-1,0
CACGATTGGTCGTTAA-1,7
CACGCACAGCGCAGCT-1,8
CACGCAGCGAGGCTTT-1,9
CACGCGGAACTGTTGC-1,4
CACGGACGTGGATGGC-1,6
CACGGCGCGCCAAAGG-1,4
CACGGGATTGAGGGTT-1,8
CACGTCAATCAATGGA-1,3
CACGTCGGCAACCTCT-1,4
CACGTCGGGTTCTAGA-1,4
CACGTCTATGATGTGG-1,4
CACGTTCGTGCTCTAG-1,3
CACGTTTCGTACACAC-1,3
CACTAAAGTTGCCTAT-1,4
CACTACGGGAGCTGCC-1,4
CACTACTCAGTTCTGT-1,8
CACTCAAGAGCTATGG-1,0
CACTCAGCTCTTGAGG-1,8
CACTCCTATGTAAGAT-1,8
CACTCCTCTCGGTCGG-1,4
CACTCGAGCTGAACAA-1,3
CACTCGGTTAGGAGGA-1,8
CACTCTCAAGCATCGA-1,0
CACTCTTCTGCTAGCC-1,3
CACTGACGATTGTGGA-1,3
CACTGTCCAAGTGAGA-1,4
CACTTAATCAGACGGA-1,3
CACTTCGCCACAGGCT-1,4
CACTTCGTCTTATCTC-1,4
CAGAACTTAGCCCTCT-1,3
CAGAATAACACACGGA-1,4
CAGAATATTCGTTATC-1,6
CAGACACCGATCGCTG-1,4
CAGACCTGTAAGTGTT-1,4
CAGACGAACCTGATAC-1,3
CAGAGACGGTCACCCA-1,4
CAGAGCATGAGCTTGC-1,8
CAGAGCGATGGATGCT-1,6
CAGAGGCGATGCATGA-1,0
CAGAGTGATTTAACGT-1,0
CAGATAATGGGCGGGT-1,4
CAGATACTAACATAGT-1,4
CAGATATGAAGATGAC-1,8
CAGATCATTTAAAGTC-1,0
CAGATCCTGGTTTGAA-1,0
CAGATGTTTGTCCCAA-1,3
CAGCAGCCCGTTCCTT-1,8
CAGCAGTCCAGACTAT-1,3
CAGCAGTCTGTGCTGC-1,3
CAGCCCTCACAGGCAG-1,0
CAGCCGGGCCCTCTAT-1,0
CAGCCTCCTGCAGAGG-1,8
CAGCCTCGATAGCGGT-1,6
CAGCCTCTCCTCAAGA-1,4
CAGCGATTCCCTTCAA-1,4
CAGCGCCAACACGATA-1,0
CAGCTCACTGAGACAT-1,8
CAGCTCGACAAGTTAA-1,4
CAGCTCGTGCTTGTGT-1,3
CAGCTCTGGGCTCACT-1,2
CAGCTGGCGTAACCGT-1,4
CAGCTTAGTAGGTAGC-1,0
CAGGAAGACTTTATAT-1,4
CAGGACAGCTGCCCTT-1,6
CAGGATATATCGTTGT-1,4
CAGGATCCGCCCGACC-1,4
CAGGCAGTCTTACCAG-1,4
CAGGCCAGTACCACCT-1,8
CAGGCCGTTTGGGTGT-1,3
CAGGCGCACGGTGGTC-1,9
CAGGCGCCATGCTAGG-1,0
CAGGGAGATAGGCCAG-1,0
CAGGGCTAACGAAACC-1,9
CAGGTTTAGTACTACA-1,1
CAGTAACTATTTATTG-1,2
CAGTAAGGGACGTCTC-1,8
CAGTAATCCCTCCCAG-1,4
CAGTACATTCTCTAAA-1,2
CAGTACCAGTTTACGT-1,9
CAGTAGATGATGTCCG-1,4
CAGTAGCCCACGCGGT-1,2
CAGTAGCGAGGTAGTA-1,4
CAGTCCAACGCCTTCT-1,6
CAGTCGAGGATGCAAT-1,3
CAGTCGGCCTAGATAT-1,3
CAGTCTCTCGGCTAAT-1,4
CAGTCTGTATACTGGG-1,4
CAGTGAATAAATGACT-1,8
CAGTGGTTGCACATGA-1,4
CAGTGTCCGCAGAATG-1,4
CAGTGTCGGCTGGCCC-1,3
CAGTGTTAATCTCTCA-1,8
CAGTTCAAATTGACAC-1,0
CAGTTCCGCGGGTCGA-1,9
CAGTTCGAGGACCCGA-1,3
CATAACGGACAGTCGT-1,4
CATAAGAAGCTTGGCT-1,9
CATAAGCTCTCCGTCT-1,9
CATAATGAGCGGGCGA-1,8
CATACAAAGCCGAACC-1,4
CATACACAAAGTCAGC-1,3
CATACACGGTTCCCAC-1,4
CATACCCGTACCCAGT-1,8
CATACGAACTAGCTGG-1,8
CATACGGCGTCTGGGC-1,4
CATACGGGTGCATGAT-1,4
CATACTATGTAATTGT-1,4
CATACTTAGGCAATAC-1,3
CATACTTCTTTCTCCG-1,3
CATAGAGGAGATACTA-1,0
CATAGCCGCCCGGGAT-1,0
CATAGCGTTGCCCACC-1,0
CATAGGGACACTTGTG-1,4
CATAGTACATTGAGAG-1,8
CATAGTAGCATAGTAG-1,9
CATAGTCAAATACATA-1,4
CATAGTCCACAAGAAC-1,4
CATAGTGGGCACGCCT-1,6
CATATACTACTGATAA-1,3
CATATAGGTACAGTCA-1,9
CATATGTCAGGCTACG-1,9
CATATTATTTGCCCTA-1,8
CATCAAACTGGCGCCC-1,2
CATCAACACCTACTAA-1,3
CATCATCTACCCGGAC-1,4
CATCATTACCCTGAGG-1,3
CATCCAATATAGTTTG-1,8
CATCCCGAGATTCATA-1,4
CATCCGCAGGCCCGAA-1,3
CATCCTCTCAAAGATC-1,3
CATCGAATGGATCTCT-1,4
CATCGCCCGCGGCCAA-1,4
CATCGGACGGGTTAAT-1,4
CATCGTCCGGTTACTA-1,2
CATCTACCCGAGAACG-1,4
CATCTAGTGAAGGGAA-1,6
CATCTATCCCGTGTCT-1,8
CATCTGCAGGATCATT-1,8
CATCTTACACCACCTC-1,3
CATGAACCGACATTTG-1,4
CATGAACCTCTTATCA-1,4
CATGACTTCGCTGAAT-1,8
CATGAGATGCACTCTC-1,3
CATGAGTCCATCACGG-1,0
CATGATACGGTGAAAC-1,4
CATGATCGCTTTGAGA-1,9
CATGATGCACAATTCT-1,2
CATGATGGAAGTTAGC-1,0
CATGCACATGAGAGGC-1,8
CATGCACGTGTTACTG-1,3
CATGCATGGAGACCCT-1,3
CATGCCAACTCGCAAA-1,0
CATGCGACCAGTTTAA-1,0
CATGCGTTAGACAGAA-1,4
CATGCGTTGAGAGGAG-1,8
CATGCTGGCTCCAATT-1,4
CATGGAAATGGGACCA-1,3
CATGGATTGTCTTCCG-1,3
CATGGCAGGAAGATCG-1,0
CATGGCTCCCTATGTC-1,8
CATGGGTATGCCTTAT-1,3
CATGGGTCGGGTGTGG-1,9
CATGGTAAGTAGCGTT-1,3
CATGGTATTAGTTTGT-1,8
CATGGTCTAGATACCG-1,8
CATGGTTTATTAATCA-1,3
CATGTAAGAGACATTT-1,3
CATGTAGGAGCGCCAA-1,4
CATGTCTCATTTATGG-1,3
CATGTGGGCTCATCAC-1,5
CATTACATAGATTGTG-1,4
CATTACGCAGGAAGGG-1,4
CATTACGTCGGCCCGT-1,9
CATTATAACAGGGTCC-1,3
CATTATCCCATTAACG-1,8
CATTATGCTTGTTGTG-1,3
CATTCACTGACAGCTA-1,4
CATTCAGGTCAGTGCG-1,4
CATTCCCATTCCGTCG-1,3
CATTCCCTAAGTACAA-1,4
CATTCGTCGTAGCGGT-1,6
CATTGATGAACACGCC-1,0
CATTGCAAAGCATAAT-1,8
CATTGCGAAATGGGCG-1,8
CATTGCGGGTCAATTC-1,3
CATTGTGTGCTAGATC-1,4
CATTTAGCGGACCATG-1,8
CATTTATCGTTCAAGA-1,8
CATTTCTAGCAGACTA-1,4
CATTTGAGTGGTACGT-1,9
CCAAACAGAACCCTCG-1,4
CCAAAGCAGTTGGTTG-1,4
CCAAAGTCCCGCTAAC-1,4
CCAAATAACAAGATTC-1,4
CCAAATCAAAGGGCAA-1,2
CCAACCTTATGTAACT-1,5
CCAACGATGCACTGAT-1,4
CCAACGCTTGCCAGGG-1,4
CCAACTTGATAGATCC-1,6
CCAAGAAAGTGGGCGA-1,4
CCAAGACTTCTGCGAA-1,4
CCAAGCGTAACTCGTA-1,8
CCAAGCTTGATCTCCT-1,7
CCAAGGAACAGAGAGG-1,0
CCAAGGTTGCCCTTTC-1,2
CCAAGTTTCTACAGAT-1,9
CCAATAGATTTCATCT-1,5
CCAATAGTGCCGTCGA-1,4
CCAATCGGTAGATCGA-1,0
CCAATGTCACAGCAAG-1,0
CCAATTACGGGTCGAG-1,0
CCAATTGAATGTTAAT-1,9
CCACAATGTACGTCTT-1,0
CCACACTGAGATATTA-1,3
CCACAGCTGAAATCAT-1,4
CCACAGTACCCATCCT-1,3
CCACATACTGCACCCA-1,0
CCACATGGCTCTTTAT-1,4
CCACCAACTTTACTGT-1,3
CCACCCAAGGAAAGTG-1,4
CCACCTGTATGGAATA-1,3
CCACGAATTTAACCTC-1,2
CCACGAGAAGAGAATC-1,8
CCACGGAGCCATAAGA-1,9
CCACGGCAGGTGTAGG-1,8
CCACGGTGCCCGGTAG-1,3
CCACGTAAATTAGACT-1,6
CCACTAAACTGAATCG-1,4
CCACTATCCGGGTCAC-1,4
CCACTCAGATCCGCAA-1,4
CCACTGGTGGCTGGTT-1,8
CCACTGTTTGGATTAA-1,4
CCAGAAACTGATGCGA-1,3
CCAGAAAGCAACTCAT-1,9
CCAGAGACAAAGCCGG-1,9
CCAGATAGTTGAGTGA-1,4
CCAGATGTAAATGGGT-1,1
CCAGCCTGGACCAATA-1,4
CCAGCGGGATCACCAG-1,6
CCAGCTACGCCTCATA-1,3
CCAGCTCGAACGCATT-1,4
CCAGCTGATGGTACTT-1,8
CCAGCTTCCGCCCGCA-1,2
CCAGGCGAGATGGTCT-1,5
CCAGGCTGGCGTCTGA-1,6
CCAGTAGTCTGATCCA-1,2
CCAGTCAAATCTCTTA-1,2
CCAGTCCATTATTCGA-1,3
CCAGTCTAGACGGCGC-1,2
CCAGTCTTGTCATAGA-1,4
CCAGTGAGCTCCTTGT-1,7
CCAGTGTACAGACCGA-1,8
CCAGTTCGGTAACTCA-1,4
CCATAAACAACCCGAC-1,2
CCATAACCTGTGCAGT-1,0
CCATACCTTTACTTGT-1,4
CCATACTCGCCTCTCC-1,5
CCATAGAGGCTGCCAG-1,8
CCATAGGTTGGCGTGG-1,9
CCATAGTCAGTAACCC-1,3
CCATATGGAAACTATA-1,4
CCATATTGGATCATGA-1,4
CCATCATAAGAACAGG-1,3
CCATCCATACCAAGTC-1,4
CCATCGCAGTTAAACT-1,9
CCATCTCACCAGTGAA-1,3
CCATCTTGTTCACAAT-1,4
CCATGCCCTAGATTTC-1,4
CCATGCCTGTTTAGTA-1,8
CCATGCTCTGCAGGAA-1,4
CCATGGCAAACGCTCA-1,2
CCATGGCCCTTGTACC-1,8
CCATGTTCATCTATAT-1,8
CCATTAGCGATAATCC-1,4
CCATTCCCTGCCCACA-1,4
CCATTGTTTCCTCCAT-1,6
CCATTTCTACCTATTA-1,3
CCCAAACATGCTGCTC-1,0
CCCAACATACGTCGCG-1,0
CCCAACCACACTAACA-1,4
CCCAAGAATGCACGGT-1,0
CCCAAGACAGAGTATG-1,8
CCCAAGTCATTACACT-1,3
CCCAATGAGATTTGCA-1,0
CCCAATTTCACAACTT-1,2
CCCAGAGGAGGGCGTA-1,3
CCCAGATTCCCGTGAC-1,1
CCCAGGAAGAATTCGA-1,0
CCCAGGTCTGAAGGCT-1,3
CCCAGTAAACTTGGGA-1,8
CCCAGTTAAGGCGCCG-1,3
CCCATATAGGTCGATT-1,3
CCCATTATTGTATCCT-1,6
CCCGAAGTTTCGCGAA-1,3
CCCGACCATAGTCCGC-1,8
CCCGAGTTTCTCCGTA-1,0
CCCGATAGCCTCGCCT-1,6
CCCGCAAATAATCATC-1,1
CCCGCAGCGCGAACTA-1,4
CCCGCAGGGCCCAAAG-1,8
CCCGCCATGCTCCCGT-1,3
CCCGCGCAATGCACCC-1,4
CCCGCTAGAGGGTTAA-1,7
CCCGCTTGCCCTCGTC-1,4
CCCGGCACGTGTCAGG-1,5
CCCGGCTAGGTGAGAA-1,9
CCCGGGTCGTTCAGGG-1,3
CCCGGTGGAAGAACCT-1,4
CCCGGTGTATCGGAAT-1,3
CCCGTAAGTCTAGGCC-1,0
CCCGTAGCTGGGAAGA-1,4
CCCGTCAGCGTCTGAC-1,3
CCCGTGAGGGCGGTGA-1,3
CCCGTGGGTTAATTGA-1,0
CCCGTTTCGCAGATGT-1,3
CCCTACCCACACCCAG-1,4
CCCTACTTGAACAATG-1,3
CCCTAGCTCTAAGGTC-1,1
CCCTAGGCAACAAGAG-1,4
CCCTAGTGTCAGGTGT-1,9
CCCTATGTAGAGCAGA-1,8
CCCTCAAGCTCTTAGT-1,8
CCCTCAGATCGAGAAC-1,8
CCCTCATTCTGGAATT-1,3
CCCTCCTCGCTCGTAT-1,3
CCCTCGATAATACACA-1,8
CCCTCGGGAGCCTTGT-1,3
CCCTGAAATGAGTTGA-1,0
CCCTGACTAACAAATT-1,8
CCCTGATGTAACTCGT-1,4
CCCTGCCCAATCCGCT-1,3
CCCTGCGCTACGCATA-1,8
CCCTGGCTGTTCCTTC-1,2
CCCTGGGAGGGATCCT-1,2
CCCTGGTATGGGCGGC-1,4
CCCTGTTGGCAAAGAC-1,4
CCCTTCTCGTACGCGA-1,0
CCCTTTAATGGAGTTC-1,4
CCCTTTGACAGGTCTT-1,4
CCGAAACACGACCTCT-1,2
CCGAAAGTGGTGAGCA-1,9
CCGAACACTGGGCCTC-1,4
CCGAACCTTCCCGGCC-1,3
CCGAAGCATTGACCAA-1,8
CCGAAGGGCGTACCGC-1,6
CCGAAGTATATTGTTC-1,4
CCGACAAACACATGAG-1,3
CCGACAAAGGGAGTGC-1,8
CCGACAATAGGCCGCC-1,0
CCGACGGGCATGAGGT-1,0
CCGACGTAAACACAAC-1,4
CCGACTCGCATAGTCT-1,8
CCGAGAAGTCGCATAA-1,3
CCGAGCTGTGCTTGTC-1,4
CCGAGGGATGTTAGGC-1,9
CCGATATGACGTAAGG-1,6
CCGATCTCAACCTTAT-1,3
CCGATCTTAAGAGGCT-1,6
CCGATTCGAGGGACCC-1,8
CCGATTGGTCAATGAA-1,9
CCGCACAAAGACCAAC-1,4
CCGCACACGAACGTGT-1,6
CCGCACGTGACCTCGG-1,0
CCGCACTTGCAATGAC-1,3
CCGCATGTGGTACGAT-1,4
CCGCCACCACAATCCA-1,4
CCGCCGGAACTTCTCG-1,0
CCGCCGGTCAACACAC-1,0
CCGCCGTTGAGGATAA-1,0
CCGCCTGCGAATTGGT-1,8
CCGCCTTGCGATGTCG-1,2
CCGCGATTTGGTAGGT-1,8
CCGCGCAAGATACCCA-1,2
CCGCGGAATGCGTCAC-1,0
CCGCGGGTACGAAGAA-1,0
CCGCGTAGGTAAGGGC-1,4
CCGCTATCAGCACCAG-1,4
CCGCTCCAGGGCGATC-1,3
CCGCTCCGGATAAGCT-1,0
CCGCTCTTCCGAACTA-1,3
CCGCTGGTGCCATTCA-1,8
CCGCTTACCTCACTCT-1,3
CCGCTTCGCGGTTAAC-1,4
CCGCTTGCTGACATGG-1,2
CCGGAAGTGCAATATG-1,6
CCGGAAGTTATCAGTC-1,1
CCGGAATGGTTTCAGT-1,4
CCGGAGCGTACTTTCT-1,4
CCGGAGGTCTTATGGT-1,2
CCGGCACGACCGTTTC-1,4
CCGGCCGCGAGCATAT-1,8
CCGGCGCATATTGGAT-1,4
CCGGCGTGAGACTCTG-1,3
CCGGGACCCGCAGAGA-1,4
CCGGGCGGTCTCGTCA-1,3
CCGGGCTAAGAATTTC-1,8
CCGGGCTGCTCCATAC-1,8
CCGGGTTCGAGGTTAC-1,8
CCGGTAATGGCTAGTC-1,3
CCGGTGCGAGTGATAG-1,4
CCGGTTTGTAATTGTG-1,4
CCGTAAGTTGGTCCCA-1,9
CCGTACCCAAGCGCCA-1,4
CCGTAGGAAATCCCTG-1,3
CCGTAGGGTTGTTTAC-1,0
CCGTATCTCGTCGTAG-1,4
CCGTATTAGCGCAGTT-1,3
CCGTCAACCTCTGGCG-1,8
CCGTGAGGCATTCATG-1,6
CCGTGCCCATGACGGC-1,4
CCGTGGAACGATCCAA-1,3
CCGTGTTAAATTCCAT-1,3
CCGTTACGTTAGAACA-1,4
CCGTTCCGAATCTCGG-1,2
CCGTTTCCTTTCCGTG-1,8
CCTAAACAGGGTCCGT-1,7
CCTAAAGGCTGACGCT-1,0
CCTAAATTAACGGTTC-1,3
CCTAAATTGTATCCTA-1,3
CCTAACCCAAACAAGT-1,3
CCTAACTAAGGCTCTA-1,4
CCTAAGTGTCTAACCG-1,4
CCTACAAGTCCGGAAT-1,4
CCTACAGTTGAGGGAG-1,6
CCTACATTCACAGACG-1,4
CCTACGCGACCTTACA-1,4
CCTACGGCTCAGTCGA-1,9
CCTACTCAACACGATT-1,3
CCTACTGCGGCGGCCA-1,6
CCTACTGCTTACACTT-1,3
CCTAGGCGTAGCGATC-1,2
CCTAGGTAAAGGTAGC-1,8
CCTAGTTAGTCGCATG-1,8
CCTATAATGAGTGCCC-1,4
CCTATACCGTCCTGTC-1,0
CCTATATCGTGTCACG-1,0
CCTATATTTGTCCTGG-1,3
CCTATCTATATCGGAA-1,8
CCTATGAAGTGGTGCC-1,3
CCTATGGCTCCTAGTG-1,8
CCTATGGGTTACCGTC-1,2
CCTATGGTCAAAGCTG-1,0
CCTATGTCCACTCCAC-1,4
CCTATTATTCCGGCCG-1,9
CCTCAACGATCGCTGT-1,5
CCTCACCAATCTTGAC-1,4
CCTCACCTGAGGGAGC-1,3
CCTCACCTTAGCATCG-1,3
CCTCACGTCAGCTAAT-1,6
CCTCATGCAGCTACGA-1,9
CCTCCCGACAATCCCT-1,9
CCTCCGACAATTCAAG-1,3
CCTCCTAGCTAGAGTC-1,9
CCTCCTGAGCCCACAT-1,2
CCTCCTGTTGTGTCGT-1,3
CCTCGAAGTGGACGGG-1,4
CCTCGACCCACTGCCT-1,0
CCTCGCCAGCAAATTA-1,8
CCTCGCGCGATATAGG-1,0
CCTCGCGCTGTGCGAT-1,4
CCTCGGACCGGGATAG-1,3
CCTCGGATGCTACCTG-1,8
CCTCGGTTTCCTTGCC-1,8
CCTCGTTACGCCTGTT-1,3
CCTCTAATCTGCCAAG-1,8
CCTCTACAAGGATTGG-1,8
CCTCTATCGATTAGCA-1,4
CCTCTCTCCCATCTAG-1,0
CCTCTGGCCTAGACGG-1,8
CCTCTGTACTATTCTA-1,9
CCTGAACGATATATTC-1,3
CCTGAATATTTACATA-1,8
CCTGACAAACTCGCGC-1,8
CCTGACCACCGATGGT-1,4
CCTGACGCAACCTTTA-1,4
CCTGAGAATAAATGCA-1,8
CCTGATTCGCGAAGAA-1,0
CCTGCCCGTTGTCTAG-1,8
CCTGCGATAGAACTGT-1,4
CCTGCGTTCTACGCTT-1,8
CCTGCTATTTGAGAAG-1,3
CCTGGAAACGTTCTGC-1,3
CCTGGCTAGACCCGCC-1,0
CCTGGTCGAATGTGGG-1,3
CCTGTAAGACATGATA-1,0
CCTGTACTCACGCCCA-1,2
CCTGTCACCCGGGCTC-1,0
CCTGTCCCTCACGTTA-1,3
CCTGTCGCCCGTAAAT-1,8
CCTGTCGTGTATGAAG-1,4
CCTGTGAAACCGTAAC-1,3
CCTGTGCATAGGAGAC-1,4
CCTGTGCGGATTGTAA-1,9
CCTGTTCAACCTCGGG-1,3
CCTGTTTGAAGACACG-1,3
CCTTAAGTACGCAATT-1,6
CCTTCAGTTAAAGTGA-1,4
CCTTCCGCAACGCTGC-1,8
CCTTCGTATAGAATCC-1,0
CCTTCTCAGCGTTCCT-1,9
CCTTCTTGATCCAGTG-1,8
CCTTGACCACTTTATT-1,3
CCTTGTGAACGTGGTT-1,0
CCTTTAAGGGAGCACT-1,4
CCTTTCAATGAAGAAA-1,4
CCTTTGAATTATGGCT-1,8
CGAAACATAGATGGCA-1,8
CGAAACGCAATTCATG-1,3
CGAACAGTATGGGCGT-1,3
CGAACATAGTCAGAAA-1,3
CGAACCCGCATGCGTC-1,4
CGAACCTCTTTCCTAG-1,8
CGAACGCCCAGTGCCG-1,0
CGAACGGCCGGACAAC-1,3
CGAAGACGGTGAGTGC-1,1
CGAAGACTGCCCGGGA-1,7
CGAAGATCAGTTTCAT-1,9
CGAAGCCACAGCATGG-1,6
CGAAGCTATAAATTCA-1,2
CGAAGGGTTTCAGATT-1,9
CGAAGTTGCTCTGTGT-1,9
CGAATCTGCTCGACGC-1,8
CGAATGAAGTCATTGC-1,8
CGAATGACGCATAATG-1,3
CGAATGGTAGGTCGTC-1,2
CGAATTACATGGTGTT-1,2
CGAATTCCCGGTTCAA-1,6
CGACAATTTGATCTAA-1,3
CGACACCGCTTAAGGA-1,3
CGACACGCTCCGACAG-1,3
CGACACGGATGCCCAC-1,6
CGACAGTTCGCGTTAT-1,4
CGACATGCGATCTTCT-1,9
CGACCCTTAACGCCGG-1,3
CGACCGTTGGTATTCG-1,0
CGACCTACTAGACAAT-1,5
CGACGCATCCGTACCT-1,8
CGACTCAGGATGTTAT-1,0
CGACTCGGTACACGGT-1,6
CGACTTTGTATAGCCT-1,2
CGAGACCCTAGAGTGT-1,0
CGAGACTACTGCTGCT-1,4
CGAGAGATGTGAACCT-1,8
CGAGAGCGCGTAGATA-1,8
CGAGAGCTTTCACTAC-1,4
CGAGAGGGTAGCCGCG-1,4
CGAGATGTTGCCTATA-1,0
CGAGATTTCGCTCGGG-1,0
CGAGCACTTCAAGTTT-1,4
CGAGCCGAGCACTCGA-1,3
CGAGCGTTGATCAGCC-1,4
CGAGCTGGGCTTTAGG-1,9
CGAGGAGCTTCCATAT-1,4
CGAGGATCGGGAACGA-1,4
CGAGGCCAGGCATTGG-1,4
CGAGGCTAAATATGGC-1,8
CGAGGGACTGCGGTCG-1,3
CGAGGGTATCCAGGTG-1,4
CGAGTACTAAAGAGGA-1,0
CGAGTGAAGGTACCAG-1,9
CGAGTGCTATAGTTCG-1,0
CGAGTTCTGTCCCACC-1,8
CGAGTTTATCGGACTG-1,3
CGATAACCAATTTGAG-1,1
CGATAATACTCAGGTT-1,3
CGATACCTCGCGGACA-1,2
CGATAGCGATACAGTG-1,8
CGATAGTCGTACTGCA-1,3
CGATATTAGCCGCAGG-1,9
CGATCATTAGAGGCAC-1,6
CGATCCACCATTGTTG-1,0
CGATCCGACCCAGTGC-1,8
CGATCCTCGCAACATA-1,0
CGATCGAGAAGCACCA-1,2
CGATCTGTTGGAGGAC-1,3
CGATGGACCCTACGCC-1,0
CGATGTTGTTATCTAC-1,9
CGATTAAATATCTCCT-1,3
CGATTCGCCTGGCTGC-1,9
CGATTTGTCATTAATG-1,9
CGCAAACACGAGTTAC-1,9
CGCAATCGATCATTAG-1,8
CGCAATTACTTTCGGT-1,4
CGCAATTAGGGTAATA-1,4
CGCAATTCTACAATAA-1,0
CGCACATGTCCACTAC-1,3
CGCACGTCTGTTTATG-1,8
CGCACGTGCGCTATCA-1,3
CGCAGAAACATTTGCG-1,0
CGCAGATCTTCACCCG-1,3
CGCAGGCGATCCAAAC-1,0
CGCAGTTCTATCTTTC-1,5
CGCATCATGGCTTCAG-1,4
CGCATCCATCAGCCAG-1,4
CGCATGCCGAATGCGT-1,4
CGCATGGTGCGATGCT-1,4
CGCATTAGCTAATAGG-1,2
CGCCAAGAAGCCGAGT-1,2
CGCCAATTATTGCGTT-1,3
CGCCACAGGTCGCGAT-1,3
CGCCACCCGCATTAAC-1,9
CGCCAGTAGTACCTTG-1,0
CGCCATCCGATTATGA-1,8
CGCCCAGCACGCCTAG-1,4
CGCCCAGCGTTTCACG-1,3
CGCCCGCTTCCGTACA-1,4
CGCCCTAATTGTTCAA-1,8
CGCCCTTACATCCACC-1,7
CGCCCTTGAAGGCTGA-1,8
CGCCGACTATTCGCTA-1,8
CGCCGCCCATGCCTGT-1,3
CGCCGCGTTCTGAACG-1,8
CGCCGGTGTCGCAGTA-1,1
CGCCGTCTACCCATCG-1,6
CGCCGTTCAGCATAGT-1,4
CGCCTCCCTCCTCTAT-1,3
CGCCTGGCCTACGTAA-1,4
CGCCTTTAGCATGCTC-1,4
CGCGAAGTGGCATACT-1,4
CGCGACACTGCGCAGC-1,2
CGCGACCGCGACAGAT-1,3
CGCGAGAGGGACTTGT-1,0
CGCGAGTCTGCCGGGT-1,0
CGCGCAAATGTCCAGA-1,4
CGCGCAAGGAACTACA-1,4
CGCGCATGTTTGATTG-1,4
CGCGCCCGACTTAATA-1,8
CGCGGCAGTATTACGG-1,4
CGCGGCTCAACTTGAA-1,4
CGCGGGAATTAGGCAG-1,3
CGCGGGAATTCCTTTC-1,3
CGCGGTAAGTCTAGCT-1,6
CGCGGTACGGTATACA-1,3
CGCGGTCACAAACCAA-1,0
CGCGTACATTCTGGAA-1,6
CGCGTCATATTAAACC-1,3
CGCGTGCTATCAACGA-1,4
CGCGTGGGCCTGTGTT-1,9
CGCGTTCATGAAATAC-1,9
CGCTACCGCCCTATGA-1,9
CGCTACGGGACATTTA-1,0
CGCTAGAGACCGCTGC-1,0
CGCTATACCGCCCACT-1,4
CGCTATCGTGGCTTTA-1,6
CGCTATTCAATGTATG-1,4
CGCTATTCTTAGGCTC-1,0
CGCTCGACATAATGAT-1,9
CGCTCTCCGTAGATTA-1,3
CGCTGAGGACGTCCAA-1,4
CGCTGGTGACTACCCT-1,3
CGCTGTGACGCCGCAC-1,9
CGCTGTGTGGATGTTG-1,4
CGCTTAGTATTGATAC-1,3
CGCTTATTCCCGGTCG-1,3
CGCTTCCACTGAAATC-1,4
CGCTTCGGTCTAAGAC-1,4
CGCTTGGACGGATAGA-1,0
CGCTTTCATACCGGTG-1,4
CGCTTTCCGCCAAGGT-1,3
CGCTTTCTTGCATTCG-1,4
CGGAAAGAATCAAACG-1,4
CGGAAAGCAAATGTGC-1,4
CGGAAATTTCACATCC-1,2
CGGAACGTAAACATAG-1,8
CGGACCTCTGTAGTTA-1,1
CGGACCTTTACGTCCC-1,0
CGGACGTTACTTGAAG-1,2
CGGAGCAATTTAATCG-1,3
CGGAGCATGGCGATCC-1,0
CGGAGCTTATAACACC-1,4
CGGAGTCCTAACCTGG-1,7
CGGAGTTTGAGAGACA-1,4
CGGATAAGCGGACATG-1,4
CGGATCCTCAAGGACT-1,3
CGGATGAATGCTGTGA-1,8
CGGCAAACATCGTGCG-1,3
CGGCAATAAGATCGCC-1,4
CGGCACCGTTAGCGCC-1,3
CGGCACTCAAGAAAGT-1,9
CGGCAGGGTCGGGTTG-1,4
CGGCCACGCACAAAGT-1,2
CGGCCAGAGCGACCAT-1,3
CGGCCCAACCTGTAGT-1,0
CGGCCCAGGTATATCC-1,2
CGGCGCCATCAATCCC-1,3
CGGCTCTAAAGCTGCA-1,0
CGGCTCTTCGTCGAAC-1,4
CGGCTGAAGGTTACGC-1,6
CGGCTGCAAGATTAAG-1,9
CGGCTTTGTATGATAA-1,9
CGGGAACGCCCTGCAT-1,4
CGGGAAGTACCGTGGC-1,9
CGGGAATATAGTATAC-1,3
CGGGAATTTATGTAAA-1,4
CGGGAGCTTCAGTGTA-1,0
CGGGAGTATACCGCCG-1,3
CGGGATCAATGTAAGA-1,2
CGGGCAGCTAAACCGC-1,2
CGGGCCATAGCCGCAC-1,4
CGGGCCTTCTTTGTAA-1,4
CGGGCGATGGATCACG-1,0
CGGGCTACTTAAATTG-1,6
CGGGTGTACCCATTTA-1,3
CGGGTTCGGCACGTAT-1,3
CGGGTTGTAGCTTTGG-1,4
CGGGTTTGTTAGGGCT-1,3
CGGTAACAAGATACAT-1,3
CGGTACGGCAAACCCA-1,3
CGGTACTAGAATCAAA-1,3
CGGTAGAGGTGCAGGT-1,2
CGGTATAGGTATTAGC-1,0
CGGTATGGGCACTCTG-1,0
CGGTCAAGTGGGAACC-1,0
CGGTCAGTCCATATTT-1,6
CGGTCCATGAGACTCC-1,4
CGGTCCGTCGCAAGCC-1,0
CGGTCTATCAACCCGT-1,9
CGGTGAAGACTAAAGT-1,8
CGGTGCAGATAGAACG-1,3
CGGTGCGCGTTGGTCC-1,4
CGGTGGGCTCCAGCCT-1,4
CGGTGTACTTGATCCC-1,4
CGGTTATCCAACAGTG-1,4
CGGTTCAAGTAGGTGT-1,3
CGGTTCCGGCTTCTTG-1,4
CGGTTGACCTGGCATA-1,8
CGGTTGAGTATCCTTC-1,8
CGGTTGGGCAGGGTCC-1,3
CGGTTGGGTTCAAGTT-1,4
CGGTTTACTGAACATT-1,0
CGGTTTATGAAGGAAC-1,4
CGTAAACGCTTGAGTG-1,4
CGTAAAGCAAGAAATC-1,8
CGTAAATAACAAAGGG-1,1
CGTAACGGAACGATCA-1,6
CGTAACTTCGACACTT-1,0
CGTAATAATTACGAGT-1,3
CGTACCGAAAGTCTAG-1,4
CGTACCTGATAGGCCT-1,0
CGTAGAGAGTAATTAT-1,3
CGTAGCGAATTGTCAG-1,0
CGTAGCGCCGACGTTG-1,2
CGTATCTAGAACTAAG-1,6
CGTATTAAGAGATCTA-1,2
CGTATTGTTTCCTAAT-1,6
CGTATTGTTTGGCGCC-1,3
CGTCAAATGGTCGCAG-1,1
CGTCAAGGCTATAAAT-1,8
CGTCAATCTTTAACAT-1,4
CGTCACGTCCATTGGT-1,4
CGTCAGCTATTTACTC-1,9
CGTCAGTGCGCACAAG-1,4
CGTCAGTTTATCGTCT-1,3
CGTCATACCATATCCA-1,3
CGTCCAGATGGCTCCA-1,5
CGTCCTCATCGCGTGC-1,3
CGTCGCATGTGAGCCA-1,3
CGTCGCGGCGGGATTT-1,9
CGTCGCTTGGTTATAC-1,8
CGTCGGATAGTGTTGA-1,0
CGTCGGGTCTAAGCGC-1,3
CGTCGTCCTTCGCGAA-1,3
CGTCTCTCGCCGAGGC-1,6
CGTCTGGAAGGGCCCG-1,9
CGTCTTGAGTGTGACG-1,1
CGTGAACTGACCCGAT-1,0
CGTGAAGTTAATTCAC-1,4
CGTGACATTGGGTCGT-1,4
CGTGACCAGTCCTCTG-1,3
CGTGCACACCACTGTA-1,4
CGTGCAGACTGGGACA-1,0
CGTGCATTGTCGACGC-1,2
CGTGCCCGACATTTGT-1,3
CGTGCCCTCCCGAAGA-1,3
CGTGCTGGCCTAGTCG-1,9
CGTGCTTCTACCTAAA-1,8
CGTGGAAGCCTCGTAC-1,6
CGTGGCCGAATATCTA-1,4
CGTGGTACCCAAAGGC-1,0
CGTGTATGGGAGCTGA-1,0
CGTGTCCCATTCGCGA-1,3
CGTGTCTCGTTACGAC-1,3
CGTGTGTTAAACCCTG-1,3
CGTTAAACTAGTTAGG-1,0
CGTTAAATACGACCAG-1,6
CGTTAATGTCCCGACG-1,0
CGTTAGCTCACAACTG-1,4
CGTTATCATACTTCCA-1,3
CGTTCAAGGAAACGGA-1,4
CGTTCAGACCCGCGAA-1,3
CGTTCATGGTGCGCGT-1,4
CGTTCTTCGCACACCT-1,2
CGTTGAATACCGCGCT-1,0
CGTTGAGCGACCGTCG-1,3
CGTTGAGTAATTGCGT-1,0
CGTTGCCCGCGTGGGA-1,0
CGTTGTAAACGTCAGG-1,4
CGTTGTAAGATTGATT-1,2
CGTTGTCGGCAATTGA-1,4
CGTTGTTTCAATTCCC-1,4
CGTTTAAGCGGAGCAC-1,4
CGTTTACAAGGCAGCT-1,4
CGTTTCACTTCGGGCG-1,4
CGTTTCGCTCATTACA-1,0
CGTTTCGGTTATATGC-1,3
CGTTTGGTGTTGTGGG-1,6
CGTTTGTGTAGAGGGT-1,3
CTAAACGGGTGTAATC-1,4
CTAAAGAATGCCTACT-1,4
CTAAAGGATGAGATAC-1,1
CTAAAGGGAAATAGGA-1,4
CTAAAGTCCGAAGCTA-1,4
CTAAATCCGGTGTACA-1,9
CTAAATCCTATTCCGG-1,2
CTAACAGCACAATAAC-1,8
CTAACCGCGCGCCCGT-1,8
CTAACGAAACTTGCTG-1,3
CTAACTGATAATCGCC-1,4
CTAACTGGTCCGGTTC-1,4
CTAAGGGAATGATTGG-1,3
CTAAGTACAGGGCTAC-1,3
CTAATGCGCCCAACAA-1,5
CTAATTATGAAGCGTA-1,6
CTAATTCGCACGCGCT-1,4
CTAATTCTCAGATATT-1,4
CTAATTTCAACAACAC-1,4
CTACAAGAAATAACCC-1,9
CTACACTAGCTTGTTC-1,9
CTACACTCGCAGATGG-1,3
CTACATATCGCGGGAC-1,8
CTACCCTAAGGTCATA-1,0
CTACGAACTAGGTCGA-1,4
CTACGACTAGCTATAA-1,8
CTACGATCCTATCCTA-1,8
CTACGCACGGAGTACC-1,8
CTACGCCATTTCCGAT-1,8
CTACGTGTTGCCACCA-1,9
CTACTATCATAGGTTT-1,4
CTACTATCTTTCAGAG-1,2
CTACTCAAGGTATAGT-1,4
CTACTCTAGGCCCGGC-1,9
CTACTGCCACCTGACC-1,3
CTAGACATATATGTAG-1,0
CTAGACTGCATTTCGT-1,9
CTAGATAAACTCCTCG-1,4
CTAGATGTGAGTGTAA-1,4
CTAGATTTACGACGGC-1,3
CTAGCAACTAATTTAC-1,9
CTAGCATAGTATAATG-1,2
CTAGCCACAGGCGAGC-1,3
CTAGCCCGGGAGACGA-1,5
CTAGCCGATGTTATGA-1,4
CTAGCGCCAATCCTAC-1,7
CTAGCTTAATGGTCCC-1,6
CTAGGCGCCCTATCAG-1,0
CTAGGCGGCAGAGAAT-1,3
CTAGGGATAGGGACAA-1,2
CTAGGTCTGAAGGAAT-1,2
CTAGGTTCGGACGTGA-1,0
CTAGTAGAAAGGGATT-1,3
CTAGTATTCGGAATTA-1,0
CTAGTCACGTCTTAAG-1,0
CTAGTGAAGGACAGGA-1,3
CTAGTTACAACCCGGT-1,3
CTAGTTGGGCCCGGTA-1,8
CTATAAGAGCCAATCG-1,3
CTATAAGTAGGGTTTG-1,4
CTATACTTAAAGCGAG-1,8
CTATAGGCGTTGATGT-1,9
CTATATCCAGCCTGGC-1,8
CTATCACAACGCTGGA-1,4
CTATCGACGAAATACA-1,3
CTATCGCGTAGAGAAC-1,3
CTATCGGGTCTCAACA-1,8
CTATGAACACCTTGCC-1,0
CTATGCCCGAATGCAA-1,0
CTATGGGAAGCGGAAT-1,0
CTATGTCACTAGCCCA-1,8
CTATGTCTATTGAAAC-1,0
CTATGTGAGTCACGGC-1,4
CTATTCATGTGTCCCA-1,3
CTATTGTGTTTGGTCA-1,3
CTATTTGCTTGGAGGA-1,0
CTATTTGGTTACGGAT-1,2
CTCAAACCACTGCCCG-1,9
CTCAACTAACCCGGAT-1,0
CTCAAGACATTAGCGC-1,4
CTCACACGCAAGCCTA-1,6
CTCACATTTACTAAAT-1,9
CTCACCAGTACAAGTG-1,3
CTCACCGATCCAAACT-1,3
CTCACTGTGATACTTA-1,2
CTCACTTGGCTGGTAA-1,8
CTCAGAGCTAATGTCG-1,8
CTCAGATTGTGATAAG-1,4
CTCAGCAGACTGCCGA-1,4
CTCAGGACTCACCTGT-1,4
CTCAGTCACGACAAAT-1,2
CTCATAAATGTGTATA-1,6
CTCATCACTTAGTGAT-1,6
CTCATGGCTCACAATC-1,9
CTCATGGTAATTTGCG-1,9
CTCATTAACGTTGCCC-1,1
CTCATTCGTGAACATC-1,8
CTCATTGCTCTAACAA-1,3
CTCATTTGATGGGCGG-1,3
CTCCCAATGAGTCGCG-1,3
CTCCCTCCTTTCGATC-1,4
CTCCCTTGTATCAAGG-1,0
CTCCGAGTAAATCCGC-1,6
CTCCGCCCACATGAGG-1,2
CTCCGGCCTAATATGC-1,8
CTCCGGCTTGTAGACA-1,9
CTCCTAAGTTATGTCT-1,3
CTCCTAGTAATCGTGA-1,5
CTCCTCCAGCTCACAC-1,3
CTCCTGTTCAAGGCAG-1,3
CTCCTTTACGCAAGTC-1,0
CTCGAATGGAACGTAT-1,2
CTCGAGACATACGATA-1,8
CTCGAGATCCAAAGCA-1,4
CTCGAGGCAAGTTTCA-1,2
CTCGAGGTCGAACAGT-1,2
CTCGATATTTGCGAGC-1,3
CTCGCACCTATATAGT-1,8
CTCGCATTGCATAGCC-1,8
CTCGCCGAATGTAGGG-1,4
CTCGCTAGGTAAGCGA-1,0
CTCGGGATAACACCTA-1,6
CTCGGGCATCGTCGGG-1,7
CTCGGGTTCTCTGGCC-1,8
CTCGGTACCACTGCTC-1,3
CTCGGTCCGTAGCCTG-1,9
CTCGGTTGTCGGCCCT-1,9
CTCGTCGAGGGCTCAT-1,0
CTCGTCTGTGCCTTCG-1,0
CTCGTGGCACTGAAAG-1,1
CTCGTTACGGCTACCA-1,9
CTCGTTTCTAATGTTT-1,4
CTCTAACACCGGCAGC-1,5
CTCTAATGCATTGATC-1,2
CTCTACACTGGCGATT-1,4
CTCTACATCCTGCGTG-1,4
CTCTAGCCCTCGGAAA-1,4
CTCTATTTGGCTGCAG-1,0
CTCTCACAATCGATGA-1,0
CTCTCGATGTGCGCCT-1,4
CTCTCGCTGTACTATG-1,8
CTCTCTAACTGCCTAG-1,4
CTCTGCAGGCATTCTT-1,8
CTCTGCGAAGCAAGCA-1,9
CTCTGGACGCCTGGTG-1,8
CTCTGTCCATGCACCA-1,0
CTCTGTGCCTGCTATG-1,2
CTCTGTTTGAGGATTC-1,8
CTCTTCTATTGACTGG-1,4
CTCTTCTGGAAGTTAG-1,4
CTCTTGTCCCGCTTGG-1,4
CTGAAACGGCCCTCAG-1,6
CTGAAAGAGATCCGAC-1,4
CTGAATCCGAGACCTC-1,4
CTGAATTTATTGCCAG-1,2
CTGACATAGAAATAGA-1,6
CTGACTGCGCAGCTCG-1,2
CTGAGAAAGTTCGGCG-1,3
CTGAGAGTAGAAATAC-1,6
CTGAGCAAGTAACAAG-1,9
CTGAGCGAGACTTATT-1,6
CTGATAGTGTATCTCA-1,8
CTGATCCCTTTATGCA-1,8
CTGCAAATGGGCTCCA-1,7
CTGCAAGCACGTTCCG-1,3
CTGCACAACTACATAT-1,4
CTGCACCTAGTCCACA-1,4
CTGCACCTGGAACCGC-1,9
CTGCACTCCAGTACAG-1,3
CTGCAGAGAATCAGAG-1,3
CTGCAGGGTGACGCTC-1,5
CTGCAGGTGCTCGGCC-1,3
CTGCCAAGGTTGGAAG-1,8
CTGCCATGCATCACAT-1,9
CTGCCCACGAAGCGTT-1,8
CTGCCTAGCCACCAAG-1,8
CTGCCTCATATGCAAC-1,6
CTGCCTTTAATACCTT-1,8
CTGCCTTTCTAGTAAA-1,0
CTGCGACCTCGCCGAA-1,4
CTGCGATTTCGAGATT-1,8
CTGCGGGTGAAATGTT-1,4
CTGCGGTAGTCACGTG-1,4
CTGCGTTACGATATAA-1,4
CTGCTCTCAACACACC-1,1
CTGCTCTGACGGCAAA-1,2
CTGCTGAGGCCACGAA-1,4
CTGCTGTCTAACGAGC-1,4
CTGCTTGGCGATAGCT-1,3
CTGCTTTATGTCCGCG-1,8
CTGGAAATGGATGCTT-1,3
CTGGAAGACACGGTGG-1,3
CTGGACGCAGTCCGGC-1,8
CTGGATTTACACTTGA-1,0
CTGGCATCCGAATGAG-1,4
CTGGCGACATAAGTCC-1,4
CTGGCGATTTACATGT-1,6
CTGGCGCACAGGTCTG-1,0
CTGGCGGGAATAAGTA-1,4
CTGGCTCCTGCGGGAT-1,4
CTGGCTGATTCATCCT-1,3
CTGGCTGCTAACGTAA-1,9
CTGGCTGGTTGTCAGT-1,0
CTGGGATAAATAATGG-1,4
CTGGGATACGCTACCC-1,0
CTGGGATCGCCCAGAT-1,4
CTGGGCACTAGTCGGA-1,9
CTGGGCCTGCTATATC-1,9
CTGGGCGGCCAAATGT-1,4
CTGGGCTACTGGAGAG-1,5
CTGGGCTATCCTTTGG-1,3
CTGGGTAGGCAGTTAA-1,3
CTGGGTTGAGTTAAAG-1,8
CTGGTAAAGACTTACA-1,4
CTGGTAAAGTGTGGGC-1,0
CTGGTAACACATAGAA-1,3
CTGGTAACGAGCTCTT-1,2
CTGGTCATTCCAATCC-1,3
CTGGTCCTAACTTGGC-1,3
CTGGTGAATGGGCCTA-1,8
CTGGTTCAACGCATCA-1,4
CTGGTTCGCGAGCTAC-1,6
CTGGTTTCGAGCAAGA-1,0
CTGTACTTCTTAGCAT-1,2
CTGTAGCCATCTCACT-1,4
CTGTAGTGAGGATCGA-1,4
CTGTATGGTGTAGAAA-1,4
CTGTCAAATGGCTCGG-1,8
CTGTCACGCCAGGCGC-1,9
CTGTCCTGCGCACTAC-1,1
CTGTCTGTGGCTGGCT-1,5
CTGTGCAGGGTAGGTC-1,0
CTGTGGTCGGGAGATA-1,3
CTGTTACCCAATCTAG-1,4
CTGTTCACTGCCTGTG-1,3
CTGTTCATCTCACGGG-1,4
CTGTTGGCTCTTCTGA-1,2
CTGTTGTTCAGTCGTA-1,8
CTTAAATAAGACCCAT-1,8
CTTAACTTACAGTATA-1,4
CTTAACTTCGAAGTAC-1,0
CTTAAGCAGCGAGCCG-1,3
CTTAATCGACTTAGTA-1,8
CTTACACGGTATTCCA-1,0
CTTACACTGGGAAATA-1,0
CTTACATAGATTTCTT-1,3
CTTACTGACTCCTCTG-1,6
CTTAGATGTTTCATCC-1,0
CTTAGCCCGGATAGTG-1,8
CTTAGCCTTCCACATG-1,8
CTTAGGTATAGACCAG-1,8
CTTAGGTCCCAATCGT-1,6
CTTAGTAGGCCTACAG-1,2
CTTAGTGTAGTAGCAT-1,4
CTTAGTTGAGGAATCG-1,8
CTTATAGATGGCTGTT-1,6
CTTATGCGCTCAGGGC-1,0
CTTATGTTGACTACCA-1,9
CTTCAACTCCACTTGG-1,3
CTTCACGCCCTGGTAC-1,8
CTTCAGTGGTCGCCTA-1,9
CTTCAGTTGGACAACG-1,9
CTTCATAGCTCAAGAA-1,3
CTTCATTGTCAGTGGA-1,2
CTTCCGCTCCGTGAAG-1,4
CTTCCTGCATATTTAC-1,3
CTTCGATTGCGCAAGC-1,3
CTTCGGCCAATTGTTT-1,3
CTTCGTAGATAGGTGA-1,0
CTTCGTGCCCGCATCG-1,7
CTTCTATGTTGAAGTA-1,9
CTTCTATTAATGCTAG-1,9
CTTCTGGGCGTACCTA-1,8
CTTCTTACGTCGTATA-1,9
CTTGACCCGAAAGATA-1,4
CTTGAGGTTATCCCGA-1,4
CTTGAGTTAGGGTAAT-1,9
CTTGATGACCATCCAG-1,4
CTTGCAACCGCCTCCT-1,4
CTTGCCCACCCACGCA-1,0
CTTGCCCAGGCTCTAC-1,4
CTTGGCCAAGCTGGGA-1,4
CTTGTACTTGTTGACT-1,3
CTTGTCAACATTCGAG-1,4
CTTGTCGTACGTGTCA-1,4
CTTGTGAGGACAGCGG-1,4
CTTGTGAGTCTTTGAC-1,4
CTTGTGCTCACCGATT-1,4
CTTGTTGCTGAGTCAA-1,3
CTTGTTTATGTAGCCA-1,4
CTTTAACTTTCAAAGG-1,8
CTTTAATATTGGTCGA-1,0
CTTTACCGAATAGTAG-1,3
CTTTAGGAACACTGTT-1,4
CTTTAGTGCTATTATT-1,4
CTTTATCCGACGCATG-1,1
CTTTCTGTGCGGGCTT-1,3
CTTTGAAACATATTCC-1,7
CTTTGACGTCGCTTCT-1,3
CTTTGCATCGCTCTTG-1,0
CTTTGCTGTCATGGAT-1,6
CTTTGGCAGACAGAGT-1,0
CTTTGGCGCTTTATAC-1,8
CTTTGGCTTTAGTAAA-1,4
CTTTGGGATTGTTGCA-1,9
CTTTGTCGAATGCTCC-1,8
GAAACAGATGACCACC-1,0
GAAACAGCCATGCAGT-1,0
GAAACATAGGAAACAG-1,9
GAAACCATGGTGCGCT-1,2
GAAACCGAATTACCTT-1,4
GAAACCTATACAAATG-1,0
GAAACTCGTGCGATGC-1,0
GAAACTCTAATGAAGG-1,8
GAAAGAACAGCGTTAT-1,0
GAAAGCAGTGCACTTT-1,4
GAAAGCCCTTTGGACC-1,8
GAAAGTGACTAACTGC-1,9
GAAATACCTGCTGGCT-1,4
GAAATACTAAACGTTT-1,0
GAAATATCACCATCAG-1,8
GAAATATGCTTGAATG-1,4
GAAATCGCGCGCAACT-1,4
GAAATCTGACCAAGTT-1,2
GAAATGGCGGTGTTAG-1,4
GAAATGGGATGTAAAC-1,2
GAAATTAGCACGGATA-1,8
GAAATTCACATCGCTG-1,9
GAAATTGTCTCTATAA-1,9
GAACAACTGGGATGAA-1,3
GAACACACATCAACCA-1,0
GAACAGATTACTAAAT-1,9
GAACATTAGTATGTTA-1,1
GAACCATCTGGGAGAC-1,9
GAACCCTCTGTGTTCT-1,3
GAACCTCGACCTACAC-1,0
GAACCTTTAACGATCC-1,3
GAACGACCGAATGATA-1,9
GAACGATAAGTTAAAG-1,6
GAACGCGGGTCACACG-1,3
GAACGGTGTAAAGCAG-1,3
GAACGTCTCATGGTCG-1,0
GAACGTTAGGAAGACG-1,8
GAACTGTGGAGAGACA-1,4
GAACTTAGCGCCCGGT-1,2
GAACTTGTGCACGGGA-1,6
GAAGAAACGATATTGT-1,8
GAAGAACGGTGCAGGT-1,0
GAAGACTTCAATGCCG-1,0
GAAGCAAGGCAATGTT-1,2
GAAGCCACTGATTATG-1,3
GAAGCCGGGTAAGCTC-1,8
GAAGCCTGCACATTCC-1,3
GAAGCGTGAGGAATTT-1,8
GAAGCTCGGACCCGTC-1,3
GAAGCTCTTTGCTTAG-1,4
GAAGCTTGCTGACCGC-1,4
GAAGGACTAAATTGAA-1,2
GAAGGAGTCGAGTGCG-1,0
GAAGGCTACCATTGTT-1,0
GAAGGGCATAACCATG-1,8
GAAGGGTCATTAAGAC-1,4
GAAGTCAGTTGCACTA-1,4
GAAGTCTCCCTAGCGA-1,3
GAAGTGATTTATCGTG-1,8
GAAGTGCTGGATAGCT-1,3
GAAGTTTCCACTCAAT-1,4
GAATAGACGCGACCCA-1,3
GAATAGCATTTAGGGT-1,3
GAATAGCCCTGCGGTC-1,0
GAATAGTGCTCGATTA-1,4
GAATATTCGGAGTCCC-1,4
GAATCGACATGGTCAC-1,3
GAATCGCCGGACACGG-1,4
GAATCTATACTCGGAC-1,0
GAATCTGAACATTCTC-1,4
GAATGAAGGTCTTCAG-1,2
GAATGCCGAAATGACC-1,3
GAATGCGAATCGGTTC-1,0
GAATGGGCTTATCGAC-1,4
GAATGTATGGCAGGTC-1,4
GAATGTGGTCCGGATT-1,3
GAATGTTGGGTAATCT-1,8
GAATTATAGTGAAAGG-1,8
GAATTATGCAACCTAC-1,6
GAATTCACCCGGGTGT-1,4
GAATTTCTCGCTGCAG-1,0
GACAAACATATGCAGG-1,3
GACAACGACCATTGAA-1,8
GACAACGCAGCTTACG-1,9
GACAAGACGCCCGTGC-1,6
GACAAGAGATGAGATT-1,3
GACACAAGGGAAGAAA-1,2
GACACAGCCGGGACTG-1,4
GACACCCAAAGACGCG-1,2
GACACGAGTTAGAGGA-1,4
GACACTGAGTTCAGTG-1,8
GACACTGGAACCCGAT-1,4
GACACTTCCAATTACC-1,3
GACAGAGGTCTTCAGT-1,1
GACAGATTTCTGGCTC-1,2
GACAGCCAGACCTGAC-1,3
GACAGGCACACACTAT-1,8
GACAGGTAATCCGTGT-1,5
GACATACTGTCGCAGA-1,2
GACATCCGTCGAACTG-1,4
GACATCGATTTATAAC-1,4
GACATTTCGCCCAGCC-1,8
GACCAAACGTTGACTG-1,4
GACCACACTTCCCTTT-1,3
GACCAGAGCCCTGTAG-1,4
GACCAGGTCATTCATA-1,9
GACCCAATTATGATAC-1,9
GACCCGTCGCCGGCTA-1,4
GACCGACCGCTAATAT-1,0
GACCGACGTGAAAGCA-1,3
GACCGACTGAAGCGTC-1,8
GACCGATTAAATATGT-1,8
GACCGCGTCTGACGTG-1,3
GACCGGTGATACTCTC-1,0
GACCGTCAGGTCGTGA-1,4
GACCGTGCTGACGGTG-1,4
GACCGTTACATGCGAC-1,3
GACCTGGTCTGGGCGT-1,5
GACCTTCCACGTCTAC-1,3
GACGACGATCCGCGTT-1,3
GACGACTTTCCAAGAA-1,9
GACGAGGCTAATAAAC-1,3
GACGATATCACTGGGT-1,8
GACGCATACCCGTCGG-1,8
GACGCCGTAAAGGCTA-1,0
GACGCCTGTTGCAGGG-1,9
GACGCTTGCTTCTAAA-1,2
GACGGACCGCGTTCCT-1,3
GACGGGATGTCTTATG-1,3
GACGGGCATCGAATTT-1,6
GACGGGTTGGCCCGTA-1,4
GACGGTCAATAGAAGC-1,2
GACGGTCCTAGGGTGT-1,1
GACGTGAGACTCCATG-1,4
GACGTGTAGGGATTAT-1,3
GACGTTCGTAAATACA-1,4
GACGTTGCTCGGCGGC-1,2
GACTAACACAGCACCT-1,0
GACTAAGATCATGCAC-1,0
GACTAAGTAGGCTCAC-1,4
GACTACAAAGCGGTGG-1,4
GACTACAATTGCTCGT-1,0
GACTAGGCCGTTAGGT-1,3
GACTCACCCACGTGAG-1,3
GACTCCCAGAATAAGG-1,2
GACTCCTTCCAATTGA-1,8
GACTCGCGGGAATGAC-1,0
GACTCGGTCGGCGGAT-1,4
GACTCTAGAGTTCCAA-1,2
GACTGATTGGTCACAA-1,4
GACTGCAAATCGAGCT-1,3
GACTGCACCAGCCCAG-1,3
GACTGCGGCACGTGTA-1,2
GACTGCTGGTGAGAAA-1,3
GACTGGGCGCCGCAAC-1,4
GACTTCAACGCATCAA-1,6
GACTTTCGAGCGGTTC-1,1
GAGAAACTGGATCCCA-1,6
GAGAACGGTTCTGACT-1,3
GAGAATCTCACGATCA-1,8
GAGACCCTGCAACGCC-1,9
GAGACTGATGGGTAGA-1,2
GAGACTTCGCGACCGA-1,4
GAGAGCGCAGTCCCTG-1,8
GAGAGGCCTATGTGTA-1,6
GAGAGGGCGCGAGGTT-1,3
GAGAGGTGCATTCTGG-1,4
GAGAGTCTCGGGAGAG-1,8
GAGATCGATCTTACTC-1,8
GAGATCTGCTTGGCAT-1,4
GAGATCTGTCACTCCG-1,2
GAGATCTTCCATGACA-1,4
GAGATGACAATCCTTA-1,6
GAGATGGCTTTAATCA-1,3
GAGATGGGAGTCGACA-1,4
GAGCACCTGTGTCCAG-1,4
GAGCACGGCGCCTCTT-1,6
GAGCATCAACAACTTG-1,8
GAGCATCATCCCTGGG-1,4
GAGCCACGGTAGTAGG-1,3
GAGCCAGCTACCTGTG-1,3
GAGCCGAGCGTTTATT-1,4
GAGCGAGGGAGTACCG-1,9
GAGCGCAAATACTCCG-1,3
GAGCGCGCACGAGTAG-1,3
GAGCGCTATGTCAGGC-1,7
GAGCGCTGTTAGGTAA-1,8
GAGCGGAATGCGGTGT-1,0
GAGCTAAGGGCATATC-1,3
GAGCTCAACATGAGCG-1,0
GAGCTCTCGGACCTAA-1,9
GAGCTGTCGTCTCGGA-1,2
GAGGAATATCTCTTTG-1,0
GAGGAATGGAGAGGTT-1,4
GAGGAGATCCTCATGC-1,4
GAGGAGTAATTCCTAC-1,0
GAGGATAAACAGTGCT-1,3
GAGGCATTTGCAGCAG-1,2
GAGGCCCGACTCCGCA-1,9
GAGGCCTGTTGATACA-1,4
GAGGCTATCAAAGTCG-1,8
GAGGGAGTCAGATCGC-1,4
GAGGGCATCGCGTATC-1,4
GAGGGCCATAATATTA-1,6
GAGGGCCGGCAGAGTC-1,6
GAGGGCGCAGCTCTGC-1,2
GAGGGTAGTAACAAAG-1,0
GAGGTACATCCATCTT-1,4
GAGGTACGCGTGTCCC-1,9
GAGGTCCCAAAGATCT-1,4
GAGGTCCGTTCGCTGT-1,1
GAGGTCTTAGTGGGTC-1,3
GAGTAAACCGGAAAGT-1,3
GAGTAAATTAAGAACC-1,6
GAGTAAGGCCACGGGA-1,2
GAGTACGGGTATACAA-1,4
GAGTAGATACTAGTTG-1,4
GAGTATACCCTAATCA-1,8
GAGTATCAAAGTTACA-1,6
GAGTATGCCCGCCTTG-1,2
GAGTATGCGCGTGCAT-1,0
GAGTCAGACCAGAATC-1,9
GAGTCCGCTTACCGGA-1,4
GAGTCGACAGACCCTC-1,8
GAGTCTTGTAAAGGAC-1,3
GAGTGCACGGACAACA-1,6
GAGTGTCAACCAGAAA-1,0
GAGTGTGCGGTACCCA-1,3
GAGTTCTGTGGGTGCT-1,8
GAGTTGATGGCAATTT-1,0
GAGTTGTCACCAGTCT-1,4
GATAAATCGGTGGATG-1,3
GATAACTCGCACTGTG-1,4
GATAAGGCAGATGCAA-1,9
GATAAGGGACGATTAG-1,3
GATACCGTGTCGGAGT-1,1
GATACGATGGGAGTCA-1,2
GATAGAACCCGCTAGG-1,4
GATAGATAGTACAGTC-1,3
GATAGCGTACCACGCG-1,0
GATAGGATTAATTACA-1,1
GATAGGTAACGTTGAC-1,4
GATAGGTGTCCCGGGC-1,6
GATAGTGCGAGTAAGT-1,0
GATATCAAGCAGGAGC-1,2
GATATCAGTATGTATC-1,4
GATATCTCATGCAATA-1,9
GATATGAGACACTAAC-1,0
GATATGCGGTAGCCAA-1,9
GATATGGATTACGCGG-1,4
GATATTGAGATTGGCG-1,0
GATATTTCCTACATGG-1,4
GATCAACATAAAGGGA-1,9
GATCATTCCAAACATT-1,2
GATCCCTTTATACTGC-1,2
GATCCGAATATAAGTG-1,6
GATCCGGGAATTAACA-1,4
GATCCTAAATCGGGAC-1,2
GATCCTCGACACTGGC-1,4
GATCCTCTTGCGCTTA-1,9
GATCGACACTATCTGA-1,4
GATCGCGGGCTCTCCA-1,8
GATCGCTACCCGATTT-1,3
GATCGCTATATCTCAG-1,8
GATCGCTGTGGTGCGT-1,8
GATCGGATAGAACCAT-1,2
GATCGGCGATAAGTCG-1,3
GATCGGTGGCCATAAC-1,8
GATCGTGACTGATATC-1,0
GATCTAACCGTATTCA-1,4
GATCTCGACGCTGTGG-1,3
GATCTGCTATCTAAGG-1,3
GATCTTAGTGAACGTG-1,6
GATCTTCATTGTCCTC-1,4
GATCTTGGAGGGCATA-1,3
GATCTTTGCAGGGTAT-1,9
GATCTTTGCTCAAAGA-1,6
GATGACAAGTAGGGCA-1,0
GATGACGATGATCGCG-1,8
GATGAGGAACCTTCGG-1,4
GATGATTTGAAACTGG-1,7
GATGCCACACTACAGC-1,7
GATGCCAGCAGAAGGC-1,0
GATGCCTTCTGCGGCA-1,0
GATGCGAATGGTATTA-1,8
GATGCGTCCTGCATTC-1,2
GATGCTACAAGCGCCT-1,3
GATGCTACCTTCGATG-1,2
GATGCTGTATTTCATC-1,3
GATGGCGCACACATTA-1,3
GATGGTGAAATAACCC-1,4
GATGGTGCCCTAGGCA-1,8
GATGTAACGAACCACC-1,3
GATGTCCGGATCACAT-1,4
GATGTCGGTCAACTGC-1,0
GATGTGTTGTCACAAG-1,4
GATGTTCAATCCACGA-1,0
GATGTTTGTGCGAGAT-1,4
GATTAACCGAAAGCCC-1,4
GATTAATCCTGGCTCA-1,4
GATTACTGAATTTGGG-1,3
GATTAGAAACAAGCGT-1,8
GATTATCTTGCATTAT-1,5
GATTCCCTTGTCGCAG-1,8
GATTCCGCGTTTCCGT-1,8
GATTCCTATACGGCGC-1,4
GATTCGACGGTTCACG-1,3
GATTCTGTTAATGAGT-1,8
GATTGACACTCTGCTC-1,3
GATTGCTCCAGTTGCA-1,8
GATTGGGAAAGGTTGT-1,0
GATTTAGTGCGTACTG-1,1
GATTTGCGCTAACACC-1,1
GCAAACCCTACATTAT-1,3
GCAAACCTTGGCCATA-1,0
GCAAACGTAAGCGACC-1,4
GCAAACGTCGCCAGGT-1,4
GCAAAGGGCGTTAGCC-1,8
GCAAATATTACGCTTT-1,4
GCAAATGAGGACACTT-1,4
GCAACACACTAGAACT-1,0
GCAACAGCAGTATGCG-1,3
GCAACCACCAGACCGG-1,0
GCAACCACGGCCGCGT-1,0
GCAACCCAAGTTGTTT-1,8
GCAACGGCTAGTTATG-1,0
GCAAGAATTCCTTGGC-1,4
GCAAGATGTGTTCGCG-1,0
GCAAGCTGGAAACCGC-1,3
GCAAGTGCACAGAGAA-1,9
GCAAGTGTAAAGCATG-1,4
GCAATTAGTCGCACCG-1,6
GCACAAACCCTAGATG-1,8
GCACAAACGAGGCGTG-1,0
GCACAACCTCGGGCGT-1,8
GCACAAGTGGATCATA-1,3
GCACAAGTGTCGGAAG-1,4
GCACACACTGGTAGCC-1,3
GCACACAGCTATTACC-1,4
GCACACGCCCATGGTC-1,8
GCACAGCACGGGCCGA-1,8
GCACCTAGGCGAGTCC-1,4
GCACCTTCCCGAAGGT-1,6
GCACGCCGATTCCCGC-1,3
GCACGCCTACTTAGAT-1,3
GCACGTGGTTTACTTA-1,3
GCACTAGTCGCGCTAT-1,0
GCACTCCCACAGTCCC-1,2
GCACTGCCTACCTTTA-1,9
GCACTGTGCAAATGTA-1,4
GCAGAAACGTAATCCA-1,6
GCAGAAGGTAATCTCC-1,6
GCAGACCCAGCACGTA-1,2
GCAGATCCATAAGACT-1,3
GCAGATCCTCGCAAAT-1,0
GCAGATTAGGGATATC-1,0
GCAGCACACAGCCCAG-1,3
GCAGCCTATATCACAT-1,4
GCAGCGGTGGGCATTA-1,4
GCAGCTATGGACAGGT-1,9
GCAGCTGTCAACGCAT-1,4
GCAGGAACTTAGATCT-1,3
GCAGGACTATAGAATA-1,9
GCAGGTAGAGTATGGT-1,3
GCAGTGCGGGCGGATG-1,6
GCAGTGTGGCTATAGG-1,3
GCAGTTCGATCCGAGC-1,3
GCATAAATTGAACGCC-1,1
GCATACGAGGTCTTTA-1,8
GCATAGAGCACTCAGG-1,4
GCATCCCTAACTTTGA-1,3
GCATCCTCTCCTATTA-1,7
GCATCGGCCGTGTAGG-1,4
GCATGACACAAAGGAA-1,1
GCATGAGGGACGCGGC-1,4
GCATGCTAATAACGAT-1,9
GCATGGGTACTGACGC-1,0
GCATTCAAGGCAACGC-1,3
GCATTCGAAATGAACA-1,2
GCATTGACTTGCGGAA-1,4
GCATTGTAATTCATAT-1,3
GCATTTCCAAGGCTCC-1,2
GCCAACCATTTCCGGA-1,9
GCCAAGAATACTTCTG-1,0
GCCAATAGGGCATCTC-1,0
GCCACAATTTAAGGAC-1,3
GCCACCCATTCCACTT-1,3
GCCACCTTATTCGCGA-1,6
GCCACTCAGAGCGCGA-1,3
GCCACTCCTTACGGTA-1,6
GCCAGGAAAGAACACT-1,8
GCCAGGAGTAACCGAT-1,3
GCCAGGCGTTCGCATG-1,9
GCCAGGCTTAGTGGTA-1,4
GCCATATTGCACACAG-1,0
GCCATCGAGCTGCGTG-1,3
GCCATCGATGCTGCAT-1,2
GCCATTAGCCTCAAAC-1,8
GCCCACCAAGGCTGTC-1,9
GCCCACTGGTCCACAA-1,1
GCCCAGATGCTGGAGA-1,6
GCCCAGCGACACAAAG-1,6
GCCCAGTTGGTATGCC-1,4
GCCCATGGGTGCAATG-1,7
GCCCGACTTCTTCCCG-1,9
GCCCGAGAGTCTAAAT-1,8
GCCCGATCTGTGGTCG-1,4
GCCCGATGCCCAGTTC-1,8
GCCCGCGCGTAAACGG-1,8
GCCCGCGCGTTTGACA-1,3
GCCCGTAATACCTTCT-1,8
GCCCGTCAAGCCCAAT-1,1
GCCCGTTCACACAATT-1,6
GCCCTAAGTGCAGGAT-1,0
GCCCTAGCCGTCGCGA-1,3
GCCCTGAGGATGGGCT-1,3
GCCGAAATTCCTACGT-1,9
GCCGACCCACGACTGC-1,8
GCCGATTGGCCAAGCT-1,9
GCCGCACTCCGTTTCA-1,6
GCCGCATTAGTCCGGC-1,8
GCCGCTAGATACGCAG-1,9
GCCGCTTGTGAGAAAC-1,4
GCCGGAAACACATCTT-1,0
GCCGGGTTAGGGTCGC-1,9
GCCGGTCGTATCTCTC-1,3
GCCGGTTTGGGCGGAT-1,4
GCCGTCGGTTTCGGGC-1,2
GCCGTGGAAGAAATGT-1,0
GCCTACGTTCTGTGCA-1,3
GCCTAGCGATCTGACC-1,3
GCCTATAGTGTCAGGG-1,9
GCCTATCAGGTAAGAT-1,6
GCCTATGCTGGGCCTT-1,2
GCCTATTCCGATATAG-1,9
GCCTATTTGCTACACA-1,9
GCCTCAGGTACCGGTC-1,5
GCCTCATCTGGAAATA-1,9
GCCTCCGACAATTCAC-1,0
GCCTCTATACATAGCA-1,3
GCCTGCTACACTGAGA-1,4
GCCTGTCCCGGTGCAT-1,4
GCCTTCAGCCCTACCG-1,4
GCCTTGTATATGCAGT-1,3
GCCTTTGTCAGTGGAC-1,9
GCGAAACGATCGGGAG-1,3
GCGAAACTTAACTGGA-1,3
GCGAAGAATCTGACGG-1,3
GCGAAGCCATACCCGT-1,8
GCGAATGGACTAGCGA-1,4
GCGACATGTAAACATC-1,0
GCGACCCAACCATCTG-1,8
GCGACGATAGTTGTAC-1,4
GCGACGGTAGTCTCCT-1,3
GCGAGAAACGGGAGTT-1,0
GCGAGAGGCCATGTAA-1,4
GCGAGAGTTGCGTCCA-1,2
GCGAGCGCATGCTCCC-1,3
GCGAGGCCCGAGCAGA-1,0
GCGAGGGACTGCTAGA-1,3
GCGAGTTCTGCAAAGA-1,8
GCGATGTCTGTGCTTG-1,5
GCGATTCTGGAAGCAG-1,8
GCGATTGTTAACGTTA-1,3
GCGCAAATATATTCAA-1,0
GCGCAAGAGCGCGCTG-1,3
GCGCATCCAGTCAGCA-1,2
GCGCCGTTCCACGATA-1,4
GCGCCTCCCACTCCGA-1,0
GCGCGATGGGTCAAGT-1,3
GCGCGGTCTAGTAACT-1,4
GCGCGTCATTGGTACA-1,3
GCGCGTTTAAATCGTA-1,3
GCGCTAAGTATGCATG-1,3
GCGCTAATTGAATAGA-1,8
GCGCTATGCCGAGGCA-1,2
GCGCTCGATCACCTGT-1,1
GCGCTGATCCAGACTC-1,9
GCGCTGCTTTGCATTT-1,3
GCGCTGGCGGAAAGTC-1,0
GCGCTTAAATAATTGG-1,3
GCGGACCGCGTTGTGG-1,3
GCGGAGAAACTTCGCA-1,0
GCGGAGAGGGAGAACG-1,0
GCGGATTACTTGTTCT-1,6
GCGGCAAAGTATTGCC-1,8
GCGGCTCTGACGTACC-1,2
GCGGCTTTAGCAAGTT-1,3
GCGGGAACCAGGCCCT-1,4
GCGGGCAGACGGGTGA-1,0
GCGGGCATTACGATGC-1,6
GCGGGCGAGCCTTACC-1,4
GCGGTAACCCAAATGA-1,4
GCGGTCCCGGTGAAGG-1,2
GCGGTCCCTAGACGCA-1,4
GCGGTCTTGCTTTCAC-1,4
GCGGTGAACTGCGCTC-1,3
GCGGTGCGGAGCATCG-1,2
GCGGTTCCCTATCATG-1,8
GCGTAAATGGCCATAA-1,3
GCGTCCAGCTCGTGGC-1,4
GCGTCCCTAAGACATA-1,4
GCGTCGAAATGTCGGT-1,9
GCGTCGCCAGGGTGAT-1,3
GCGTCGTAACATGGTC-1,0
GCGTCTAACCTCCTAA-1,6
GCGTCTCTGCATTGGG-1,3
GCGTGGTACTGGGTTA-1,3
GCGTGTATGTCGTATT-1,3
GCGTTATATTTGGAAC-1,8
GCGTTCGGAGACCGGG-1,3
GCGTTCTGACTAAGCG-1,6
GCTAAACCTGAGGTGA-1,4
GCTAACTGAAGTCTGA-1,2
GCTAAGCCCAGTATGC-1,6
GCTAAGTAAAGGCGAT-1,8
GCTAAGTAGTTTCTCT-1,3
GCTAATACCGAATGCC-1,9
GCTACAATCGAGGATA-1,3
GCTACACTGTCCGAAC-1,4
GCTACAGTACGGACCG-1,8
GCTACGACTTATTGGG-1,4
GCTACTATAGTAGAGT-1,3
GCTACTCGGACGCAGA-1,4
GCTAGACCGTCTACTG-1,2
GCTAGAGTAGAGATGT-1,4
GCTAGCAACGCACCTA-1,5
GCTAGCACCTGGGCCA-1,6
GCTAGCAGGGAGTGGG-1,4
GCTAGCGATAGGTCTT-1,8
GCTAGCTTGAATAGCT-1,3
GCTAGGCACCACGGAG-1,0
GCTAGTAGAGCTTGTA-1,4
GCTAGTTTCATTGAGG-1,9
GCTATAAGGGCCAGGA-1,0
GCTATACGTCTCGGAC-1,3
GCTATCATACTCATGG-1,3
GCTATCGCGGCGCAAC-1,4
GCTATGCCAGCTTATG-1,3
GCTCAACCTCTTAGAG-1,4
GCTCAATCCGTTTATT-1,4
GCTCAATGTAATACCG-1,9
GCTCATTACTGCATGT-1,4
GCTCATTGATCATATC-1,8
GCTCCATGAGTGCAGA-1,6
GCTCCATGCAAAGCAA-1,9
GCTCCCAGTCGGTCCA-1,3
GCTCCGCTCGCTTCAG-1,2
GCTCCGGACGTTGATA-1,3
GCTCCTGACATACTGG-1,4
GCTCGACCGAACTGAA-1,3
GCTCGCGGTTCCGCTC-1,2
GCTCGCTCATGTCCAA-1,3
GCTCGGAATTTAAAGC-1,2
GCTCTAAACCCTGACG-1,2
GCTCTATGTTACGTGC-1,0
GCTCTCGGGTACCGAA-1,2
GCTCTTTCCGCTAGTG-1,3
GCTGAACTCTCCAGGG-1,6
GCTGAAGGGTTCTTGG-1,4
GCTGAATCTTCCAATC-1,8
GCTGAGCAACGGTTCT-1,8
GCTGAGGCGTGAGTAT-1,9
GCTGCACGGTTTCTTA-1,2
GCTGCGAAGAATTATT-1,8
GCTGCGCCTCCCACGT-1,8
GCTGCTAAGTAGTCGA-1,0
GCTGCTACTGCGTAGC-1,0
GCTGCTCTCCGGACAC-1,8
GCTGGACCCAAAGTGG-1,0
GCTGGCAGGTGCCGTG-1,8
GCTGGCATATTCACCT-1,4
GCTGGCGGCGCATGCT-1,3
GCTGGGAGCGCGTCAA-1,2
GCTGGGTCCGCTGTTA-1,4
GCTGGTGACTCGTAGT-1,9
GCTGGTTTAGGCCATA-1,2
GCTGTATTACTGGCCC-1,0
GCTGTCTGTGATCGAC-1,3
GCTGTTGCTACCGAAC-1,2
GCTTAATGTAACTAAC-1,0
GCTTACGTAGTTAGTA-1,3
GCTTAGGGAAGCGGTA-1,6
GCTTATGAAGCAGGAA-1,2
GCTTCAGTGGGATTAC-1,3
GCTTCCAGCTTAGATT-1,3
GCTTCCATGTAACCGC-1,6
GCTTCCCGTAAGCTCC-1,0
GCTTCCGTCCCTAGAC-1,2
GCTTCGACGTTCAATC-1,8
GCTTGAGTGACCTCTG-1,6
GCTTGATGATAATCAG-1,4
GCTTGCAGCACAATTG-1,3
GCTTGGATCGATTAGG-1,4
GCTTTACACAACTGGG-1,3
GCTTTATTAAGTTACC-1,6
GCTTTCAGAGGAGGTG-1,4
GCTTTCTATCTCAACT-1,4
GCTTTGCTGCCGGGTA-1,6
GGAAACAGAGCTTGGG-1,5
GGAAACCTTGTTGAAT-1,2
GGAAACTAAATGGGCC-1,0
GGAAAGGGAATTGAGC-1,3
GGAAAGTCTTGATTGT-1,2
GGAAAGTGCCCATGCC-1,9
GGAACCCGAACAAGAA-1,2
GGAACCGTGTAAATTG-1,0
GGAACCTTGACTCTGC-1,8
GGAACGGCCTGCAGCC-1,0
GGAACTCGTGAATACG-1,1
GGAACTTTGGCGATTA-1,0
GGAAGATAAGACTGTA-1,6
GGAAGCTCGCTTACAG-1,4
GGAAGGACACCGTATA-1,0
GGAATAACCTCAAGAA-1,4
GGAATGCGCTAGCGTG-1,4
GGACAACCATGAAGCC-1,3
GGACAAGCCATGATCG-1,5
GGACAAGTTGCAGTGA-1,8
GGACACAAGTTTACAC-1,2
GGACACCTCGGTGTTG-1,2
GGACCAACAGGATAAC-1,0
GGACCTACGGTAACGT-1,0
GGACCTCTAGGCCGCC-1,8
GGACGGCTTGCGCAAC-1,4
GGACGGGCGACCAACC-1,3
GGACGTCCATAGTTGG-1,0
GGACTAAGTCAGGAGT-1,8
GGACTCACAAATTAGG-1,6
GGACTCGAAGCTTTCA-1,6
GGACTCGACAGCGCAT-1,4
GGACTCGTGAGTGGTC-1,4
GGACTCTTCCGGTTGA-1,6
GGACTCTTTGACTAAG-1,0
GGAGAAGTCATTGGCA-1,0
GGAGACATTCACGGGC-1,0
GGAGACCAATGTGCTT-1,4
GGAGACCATCTACATA-1,3
GGAGACGACACCTTTG-1,4
GGAGCAACATTTCAAG-1,4
GGAGCACCAAGAACTA-1,8
GGAGCGAGGCCTACTT-1,9
GGAGGAGTGTGTTTAT-1,3
GGAGGATTGAAAGGAG-1,8
GGAGGCCGAAGTCGTC-1,3
GGAGGCGAAGAACCGC-1,8
GGAGGGCTTGGTTGGC-1,4
GGAGGGTCAAGTAAGA-1,4
GGAGTACACATGAGCT-1,9
GGAGTGCCGCCCTGGA-1,9
GGAGTTGATTCTGTGT-1,4
GGATACTCATGAATTG-1,4
GGATCAAAGGACGAGG-1,2
GGATCAGAGCCATCAG-1,3
GGATCATCCCGTACGC-1,0
GGATCCCTACCAGCTA-1,4
GGATCCGGAATATACT-1,0
GGATCTTACTGCCCTT-1,0
GGATCTTGACTCAACC-1,4
GGATGAAGATCGCTGA-1,3
GGATGACGCGAGTTTA-1,0
GGATGCTGGCGTTCCT-1,8
GGATGGCTTGAAGTAT-1,4
GGATGTCCTTACCGCA-1,2
GGATTAAGCTAAGGTC-1,3
GGATTAATCATGGACC-1,9
GGATTCAGTACGGTGG-1,4
GGATTCCGCTATACCC-1,0
GGATTGAAGTAGCCTC-1,5
GGATTGCTGTGACTCC-1,3
GGATTTCACTTCTATA-1,9
GGCAAAGGCGCCAATA-1,4
GGCAAATTACTTTACT-1,9
GGCAAGCCAGGGATAG-1,1
GGCAAGCCCATAGTGG-1,3
GGCAAGGCGAAATAGC-1,4
GGCAATAGTCAATGAG-1,0
GGCACGCTGCTACAGT-1,4
GGCACTCAGCCGACCC-1,6
GGCACTCCACTGGGCA-1,0
GGCACTGCGGTGGTTT-1,0
GGCAGAGAGATCGGGA-1,3
GGCAGCAAACCTATGC-1,3
GGCAGCGGTAATCCTA-1,0
GGCATACAGGTAGCGG-1,0
GGCATATCGGTTCTGC-1,4
GGCATCAACGAGCACG-1,2
GGCATTGAACATCTCA-1,8
GGCCAATTGTATAGAC-1,0
GGCCACAAGCGATGGC-1,9
GGCCACACGAAAGCCT-1,8
GGCCCAATCTAGAGGG-1,3
GGCCCAGCTGGTTTGC-1,4
GGCCCAGTTATCAGCA-1,9
GGCCCGGAGCATGTCT-1,6
GGCCCGTATACCATGC-1,6
GGCCCTCACCCACTTA-1,8
GGCCGAGACTCTGGTG-1,3
GGCCGCAGGAACCGCA-1,3
GGCCGGCGTCTGCTAT-1,0
GGCCGTTTGGGTTTCA-1,4
GGCCTGCTCTGATGTT-1,0
GGCCTGCTTCTCCCGA-1,3
GGCCTTTGCAACTGGC-1,8
GGCGAAATCTAACTTG-1,3
GGCGAACCGTTCTGAT-1,6
GGCGAGCATCGAGGAC-1,7
GGCGAGCGAAACGGCA-1,0
GGCGCAGGACATCTTC-1,8
GGCGCATGAATTGATG-1,3
GGCGCGGAGATCTTTC-1,3
GGCGCGTTCGAGTTTA-1,4
GGCGCTCCTCATCAAT-1,3
GGCGCTTCATTCCCTG-1,3
GGCGGAGTAATATTAG-1,9
GGCGGGCTCTAAGAGT-1,6
GGCGGTAGGATCATTG-1,2
GGCGGTTTGCCGGTGC-1,0
GGCGTACCCTATATAA-1,0
GGCGTAGGGAAAGCTG-1,4
GGCGTCCTATCCGCTG-1,0
GGCTAAAGGGCGGGTC-1,2
GGCTAATGATTGAAAT-1,4
GGCTACTATACACTCC-1,4
GGCTATTAAGTTGTAT-1,4
GGCTCCTCCACCTGTT-1,4
GGCTCGCGTTGAGGTA-1,0
GGCTCGTGCCACCAGC-1,8
GGCTCTGCTCCAACGC-1,8
GGCTGAAATAGCAAAG-1,3
GGCTGAGCATCGTAAG-1,4
GGCTGGCAATCCCACG-1,5
GGCTGGCAGCTTTATG-1,0
GGCTGGCTAGCTTAAA-1,9
GGCTGTCCTACTGCGG-1,1
GGCTTCTCGTGGGTGG-1,0
GGCTTGGCTCTCACCT-1,8
GGCTTTCAATAAGGGT-1,4
GGGAAAGAATGCCAAC-1,3
GGGAACCACCTGTTTC-1,4
GGGAACGGGAGGTTAG-1,3
GGGAACGGTTTCAGAT-1,2
GGGAAGACGGTCTGTC-1,4
GGGAAGGGCTTTCTCA-1,4
GGGAATGAGCCCTCAC-1,2
GGGAATTCTGTCCAGT-1,8
GGGACAGAGTTACTCC-1,8
GGGACCCGTATATCTT-1,0
GGGACTGCATAGATAG-1,8
GGGAGAACTCACAGTA-1,8
GGGAGCGACCGTAGTG-1,2
GGGAGGATGCCCGAAA-1,8
GGGAGTAATGGCTGGC-1,3
GGGAGTTAATGAGGCG-1,3
GGGATACGGTAATAAT-1,2
GGGATATTGATCGCCA-1,9
GGGATCCCAATACAAA-1,6
GGGATGGACCCGCGTC-1,9
GGGATGGTCGTAACCG-1,2
GGGATTATCTCACAAC-1,4
GGGATTTACCGCACCT-1,3
GGGCAACCGCACGTGC-1,9
GGGCACGAATTGGCCG-1,8
GGGCACGTAGTACTGT-1,3
GGGCACTATTGACCAT-1,8
GGGCAGACGTCACTGC-1,5
GGGCAGAGCAATCGTT-1,0
GGGCAGGATTTCTGTG-1,8
GGGCAGTCAACGCCAA-1,0
GGGCATGCATGTCGAG-1,3
GGGCCATTCGTGCTGG-1,4
GGGCCCGTCTTAAACA-1,3
GGGCCCTACGAAAGGG-1,8
GGGCCCTTATCTATAC-1,8
GGGCCGGCCGAAGTAC-1,2
GGGCCTAAATGGGCTA-1,3
GGGCCTATACAACCGG-1,0
GGGCCTATTTAAGTAT-1,4
GGGCGAATTTCTCCAC-1,0
GGGCGATATGTGTGAA-1,2
GGGCGATCCATAGGCC-1,9
GGGCGCAGCGTTACTC-1,3
GGGCGGCAAATGAATT-1,0
GGGCGGGTTCCCTACG-1,4
GGGCGGTCCTATTGTC-1,9
GGGCGTACATTTATAT-1,4
GGGCGTCACCACGTAA-1,0
GGGCGTCCACTGGCTC-1,4
GGGCGTGGTTTCCCAG-1,3
GGGCGTTTACATTCAT-1,8
GGGCTACTATTTCGTG-1,3
GGGCTATGATCGATGG-1,0
GGGCTCATCGAACCCA-1,2
GGGCTGCCTAGGGCGA-1,8
GGGCTGGTTAGTCGCG-1,3
GGGTAATGCTGTGTTT-1,4
GGGTACACTCTGGAGG-1,4
GGGTACCCACGGTCCT-1,3
GGGTACTTCATGAACT-1,0
GGGTATGTATGCACTT-1,4
GGGTATTCTAGCAAAC-1,0
GGGTCACCGTGACGGT-1,0
GGGTCACGTGCTTATG-1,3
GGGTCACTGAGTAGTG-1,6
GGGTCAGGAGCTAGAT-1,3
GGGTCATGCGTACCAT-1,4
GGGTCCTTGGAAGAAG-1,4
GGGTCGTGGCAAGTGT-1,0
GGGTCTATCGCTTTCC-1,3
GGGTGACACCTTAACT-1,0
GGGTGCATATGAAAGC-1,2
GGGTGGTCCAGCCTGT-1,3
GGGTGTTTCAGCTATG-1,4
GGGTTAACATTTGAGT-1,4
GGGTTCAGACGAACAA-1,4
GGGTTTAGGATAGGAT-1,3
GGGTTTCCGGCTTCCA-1,7
GGTAAACTCTGCGCTG-1,3
GGTAAATGTGCGTTAC-1,2
GGTAACCGGCAAAGGT-1,8
GGTAACCGGGAGGATA-1,0
GGTAACTATGTATCTG-1,4
GGTACAAACATGCTAT-1,4
GGTACACCAGATTTAT-1,4
GGTACATCTGGGACGA-1,8
GGTACCATTAAGACGG-1,3
GGTACGTTGCGGCCGG-1,3
GGTACTAAGTGCTTTG-1,6
GGTAGAAGACCGCCTG-1,3
GGTAGACCGTTGGGCG-1,4
GGTAGGCCAATATCAC-1,0
GGTAGTGCTCGCACCA-1,0
GGTATAGTGACACATA-1,3
GGTATCAAGCATAGAA-1,0
GGTATGAAAGAACTGA-1,5
GGTATTGCCGAGTTTA-1,2
GGTCAAGACTACTTCG-1,3
GGTCACGTTAGATTCA-1,4
GGTCAGTGGGTCCCAC-1,4
GGTCATTGTAGTCATA-1,0
GGTCCACGTCTATTTG-1,8
GGTCCCATAACATAGA-1,2
GGTCCTTCATACGACT-1,4
GGTCGGATAAACGGCG-1,3
GGTCGGCCAGGAGCTT-1,0
GGTCGGTAATTAGACA-1,4
GGTCGGTCGTCCACAG-1,4
GGTCGTAAGCTCGCAC-1,3
GGTCTCCAAGTAGTGC-1,1
GGTCTCCGTCCAGGTT-1,3
GGTCTCTGAATGGACT-1,0
GGTCTGAGAATCTGGA-1,3
GGTCTTGAGCGCTCTT-1,4
GGTCTTGGTGTTAACT-1,3
GGTGAAACCGGGAATG-1,2
GGTGAACGGGCTAGCC-1,0
GGTGAAGTACAGGGAT-1,4
GGTGACTGATAGAGAG-1,1
GGTGAGATGCAGATAA-1,4
GGTGATAAGGAGCAGT-1,3
GGTGATGAAGGAAGTG-1,2
GGTGATTTCATCTTGT-1,4
GGTGCAGAGCCTATCG-1,4
GGTGCATAAATGATTA-1,4
GGTGCGGATAAGTGGC-1,4
GGTGCTGATCACAAAG-1,4
GGTGCTGGTACACATT-1,3
GGTGGACCACGTGTTA-1,4
GGTGGACTGCTCTGGC-1,3
GGTGGAGGTTGATACG-1,6
GGTGGGATTAGGTCCC-1,5
GGTGTAAATCGATTGT-1,3
GGTGTAGGTAAGTAAA-1,4
GGTGTTCTGTTTCTAC-1,3
GGTGTTGGGCGTCTTA-1,6
GGTTACCACCCTCGGG-1,9
GGTTACCCGACACTTT-1,6
GGTTACCGCTCCCTAC-1,1
GGTTAGCTATATGTCT-1,4
GGTTAGGCTTGGAGAA-1,9
GGTTAGGGATGCTAAT-1,5
GGTTAGTTACGGCGCC-1,4
GGTTCCACCCGCTTCT-1,3
GGTTCCCTAGTGTCTC-1,1
GGTTCCGTACGACTAA-1,1
GGTTCGATGCTGAGTT-1,4
GGTTCGCATTTGCCGT-1,6
GGTTCGGATTATACTA-1,3
GGTTCTACTCGTCTGA-1,2
GGTTGTATCGTGAAAT-1,4
GGTTGTGCTCTTGTCC-1,8
GGTTGTGTAGCCTGGC-1,8
GGTTTAATTACCATCG-1,9
GGTTTAATTGAGCAGG-1,3
GGTTTACAATCTCAAT-1,8
GGTTTAGCCTTTCTTG-1,3
GGTTTCAATCGGTCAG-1,4
GGTTTGACAAGAAGCT-1,3
GGTTTGAGTGCTGGAA-1,3
GGTTTGCGAACACGTA-1,1
GGTTTGTGACCTGAGG-1,4
GTAACAACTGACCTTG-1,6
GTAACAGGTTAACGGC-1,2
GTAACATCAGCTCATC-1,0
GTAACATCTAAGATAA-1,4
GTAACTACGTAGACCT-1,3
GTAACTGCCCAAGGAG-1,4
GTAACTTGCGGCAGTC-1,4
GTAAGCGGGCAGTCAG-1,8
GTAAGGATTTGTCGGA-1,4
GTAAGTAACAGTCTGG-1,3
GTAAGTAGGGTATACC-1,3
GTAAGTCCACACTCTA-1,3
GTAATAAAGGGCTCCC-1,2
GTAATCTGATTCTTCG-1,3
GTACACTTACCTGAAG-1,2
GTACAGAGGCAAGGGT-1,2
GTACGACGGCGCTGCG-1,3
GTACGAGATTGCGACA-1,3
GTACGCTTCATTGCAC-1,3
GTACGTCACGTATTAA-1,0
GTACGTTTGCCCGTCA-1,3
GTACTAAGATTTGGAG-1,2
GTACTACGGCCTCGTT-1,3
GTACTCCCTTATCGCT-1,8
GTACTCCTGGGTATGC-1,4
GTACTGAGGTCGTAAC-1,0
GTACTGCATGAAGCGT-1,9
GTACTGGAGTTAGACC-1,3
GTACTTGGGCACTTCT-1,4
GTAGAAACGGGTGGAG-1,3
GTAGACAACCGATGAA-1,3
GTAGACACGCCTGACT-1,0
GTAGACGTCGTTACAT-1,4
GTAGAGGGAGACAAGT-1,4
GTAGCCAAACATGGGA-1,9
GTAGCGCTGTTGTAGT-1,8
GTAGCGGCTATACACT-1,4
GTAGCTAGTAAGCGCG-1,2
GTAGCTCCGGGAGGCT-1,4
GTAGCTTCCTCTTGTT-1,4
GTAGGTGATCCGTGTA-1,4
GTAGTCGCGGGAATCA-1,3
GTAGTCTACGATATTG-1,2
GTAGTGAGCAACCTCA-1,4
GTAGTTAGACAATATA-1,6
GTAGTTCGAAGGCGAA-1,0
GTAGTTTAAGCACACG-1,9
GTATAATCTCCCGGAT-1,3
GTATAGGACTCAGTAG-1,2
GTATAGTGGCCCATGT-1,3
GTATATGTTACGGCGG-1,9
GTATCAAACGTTAGCT-1,3
GTATCAAGGTACTTCC-1,9
GTATCAGCTTGGGTTC-1,3
GTATCCTTTGGTAACC-1,3
GTATCGGGACGAGCTG-1,0
GTATCTCAGTCTTGAC-1,8
GTATCTCCCTAACTGT-1,7
GTATCTCGGGCGCTTT-1,8
GTATCTTGTTGCTCAC-1,7
GTATCTTTCATAACCA-1,0
GTATGAAATTTCACTC-1,3
GTATGACGTGGGAAAC-1,4
GTATGTGGGTCTAGTT-1,4
GTATTAAGGCGTCTAA-1,0
GTATTAGGGTTCGCGT-1,4
GTATTCTGAGAAACGA-1,0
GTATTCTTACCGTGCT-1,9
GTATTTAATGGCATAA-1,3
GTCAAAGAAGTGGTGT-1,4
GTCAAAGTTTACATAG-1,9
GTCAACCAGGCCTATA-1,3
GTCAAGCGGACTCGGG-1,4
GTCAATGCTATAATTT-1,4
GTCAATTGTACTGAAG-1,9
GTCACAAAGTTTCCAA-1,4
GTCACCTGTCTATGTC-1,9
GTCACTCATGAGCGAT-1,4
GTCACTCTCCAAATCT-1,9
GTCAGAATAGTCTATG-1,3
GTCAGACAGCGTTGGA-1,0
GTCAGTTGTGCTCGTT-1,0
GTCAGTTTGGTAGTCG-1,8
GTCATCTCCTACAGCT-1,4
GTCATGCACCTCCGTT-1,8
GTCATGCGCGAGGGCT-1,4
GTCATGGACATGACTA-1,2
GTCATTAGAGCGAACG-1,4
GTCATTGCATTGACCC-1,8
GTCCAATATTTAGCCT-1,3
GTCCACGTCGCATTCG-1,3
GTCCAGGCACGTGTGC-1,4
GTCCATTACTGCTACG-1,0
GTCCCAACGTAAAGTA-1,3
GTCCCAATCATCCCGC-1,4
GTCCCGCGACGTTATG-1,4
GTCCGAGAGCAATCAT-1,8
GTCCGGACCTGAAATT-1,3
GTCCGGCTGAATTGCG-1,0
GTCCGGGTTCACATTA-1,3
GTCCGTTAGAGGGCCT-1,2
GTCCTACAGGCGGCTC-1,3
GTCCTACGAATAGTCT-1,3
GTCCTACTCTACGGGC-1,0
GTCCTAGGATACCTTA-1,9
GTCCTATTGTTGTGGT-1,8
GTCCTTCTACAACCCA-1,8
GTCCTTCTAGTGGGTT-1,0
GTCCTTTAATGACTTC-1,0
GTCGAATTTGGGCGCT-1,8
GTCGATAGGTGACTTT-1,6
GTCGCCGTTGTGTGTT-1,3
GTCGCGTAACCCGTTG-1,4
GTCGGAAGGATACCAG-1,3
GTCGGATATCTCAGAC-1,3
GTCGGATGTAGCGCGC-1,8
GTCGGGAACATGGTAG-1,3
GTCGGGAAGCAGAAAC-1,3
GTCGGGTGAAGTACCG-1,3
GTCGTACCATCTCGGG-1,4
GTCGTACCTACGATTG-1,8
GTCGTATTGGCGTACA-1,2
GTCGTCAATTATAAGG-1,0
GTCGTCTGGTTGGCTA-1,6
GTCGTGTCTGGTCATC-1,2
GTCGTTATTCGCTTAT-1,3
GTCTAAGATGCCCAGC-1,6
GTCTACTCAATTACAA-1,8
GTCTAGTGAGCCGCTT-1,0
GTCTATACACGCATGG-1,8
GTCTATCTGAGTTTCT-1,3
GTCTATTGCATGCTCG-1,3
GTCTATTGGTTCCGGT-1,3
GTCTCAAGGCCCGGCT-1,0
GTCTCCCGAGTCCCGT-1,5
GTCTCCGCCTCAATAC-1,2
GTCTCCTGCCAGTATG-1,2
GTCTCGACTAAGTTTG-1,2
GTCTCGATCTGCTTTC-1,8
GTCTCGCCAACACGCC-1,7
GTCTGCCGACTCGACG-1,2
GTCTGGGCGGTCGAGA-1,2
GTCTGTAGGTTGAACA-1,8
GTCTTACCACGCCAAG-1,3
GTCTTAGTACAGCCGG-1,8
GTCTTCCTCACCTAAG-1,6
GTCTTGAGGAGCAGTG-1,4
GTCTTGTAGCTATTCA-1,8
GTGAAACGGCGCCACC-1,2
GTGAAACGTGCTCCAC-1,9
GTGAACTCCCATTCGA-1,3
GTGAAGATTTCAAGTG-1,3
GTGAAGCCGTATAGTC-1,2
GTGAAGTCACGACTCG-1,3
GTGACAGCTTCCCACT-1,4
GTGACCGCACACTACG-1,4
GTGACCTAAAGAATAA-1,6
GTGACGAGGGTGACCC-1,3
GTGACGCAGGTTTCAT-1,2
GTGACTTCAGTAGTGC-1,0
GTGAGATAACCTTATA-1,9
GTGAGCGTGCTGCACT-1,8
GTGAGGACACTTAAGG-1,4
GTGAGGAGCGGTTGAG-1,4
GTGAGTCGACTAATAG-1,3
GTGAGTCTAAGACGGA-1,8
GTGAGTGGTACAACGC-1,9
GTGATCAAGCGTGCAC-1,8
GTGATCACTAACGCCT-1,3
GTGATCATAGATCTGC-1,4
GTGATCCTTGTCATGA-1,3
GTGATGCACAACATCT-1,4
GTGATTCGCCGCTCAA-1,4
GTGCAAATCACCAATA-1,7
GTGCAACAAATGTGGC-1,3
GTGCACCAGCTTCAAC-1,0
GTGCACGAAAGTGACT-1,0
GTGCAGCGTAGAGTAG-1,1
GTGCCAAACGTTTCGA-1,5
GTGCCATCACACGGTG-1,4
GTGCCCGTTCGGATTC-1,0
GTGCCGCTTCAAAGGT-1,8
GTGCCTAGCTATGCTT-1,4
GTGCCTCAGTGTACGG-1,4
GTGCCTGAGACCAAAC-1,3
GTGCGAAATCGAACAC-1,2
GTGCGACAGGGAGTGT-1,3
GTGCGCAGCTTGCTCC-1,4
GTGCGCTTACAAATGA-1,7
GTGCGGGACCATCGGC-1,0
GTGCGGGTCTCCAAAT-1,4
GTGCGTGTATATGAGC-1,3
GTGCTATCCAGCTGGA-1,2
GTGCTCAAGTACTGTC-1,8
GTGCTGCAGATAAGGA-1,3
GTGCTGTTAGAACATA-1,6
GTGCTTACATCAGCGC-1,4
GTGGAACCTACATGCG-1,4
GTGGACCAACCCGATT-1,9
GTGGACGCATTTGTCC-1,4
GTGGACGTGCTGAGAC-1,0
GTGGAGCATGTCGGCC-1,1
GTGGAGCGTTTACCGA-1,4
GTGGAGTCGGCGGTTG-1,2
GTGGCAAACAGCGGCA-1,3
GTGGCCGGTTTCTCGG-1,4
GTGGCCTAATATCATT-1,6
GTGGCGGGCCGTAGCT-1,0
GTGGCGGTCCCAGCGT-1,3
GTGGCGTGCACCAGAG-1,2
GTGGCTGTTTCTGTTC-1,4
GTGGGAACAAACCGGG-1,0
GTGGGAAGACTGAATC-1,4
GTGGGCTTAGACACAC-1,4
GTGGGTACTGAGCGTA-1,3
GTGGGTCTTCTTTGCG-1,4
GTGGTATAGTCTGCCG-1,9
GTGGTCAGCGAAGTAT-1,0
GTGGTGATGGTTTGTG-1,6
GTGGTGGCCAAGTGAA-1,0
GTGGTTACTTCTTTCG-1,4
GTGGTTTCCGCCTTTC-1,0
GTGTACCTTGGCTACG-1,8
GTGTACGAACCGTTCC-1,1
GTGTATATCAGCGGGC-1,3
GTGTATGACTTTAAAG-1,4
GTGTCAGTGTACGTGG-1,3
GTGTCCGATAAGGCAT-1,2
GTGTCGTATAGCGTTC-1,3
GTGTCGTATTCACCTT-1,2
GTGTGAATAACTTAGG-1,3
GTGTGAGCCGAGGTGC-1,4
GTGTGTCGACGTCGCT-1,0
GTGTTACTATGCGTCC-1,3
GTTAAAGTAGGACTGG-1,3
GTTAACATCACTTAAA-1,0
GTTAACTATGTTGTCA-1,3
GTTAAGGGTGCGATGT-1,9
GTTAAGTTAGAGTGGG-1,6
GTTAATAGCGTCATTA-1,6
GTTAATGTCTATCTTA-1,8
GTTACAATTGGTGACG-1,8
GTTACCAAGGCGTACG-1,6
GTTACCTACAACTTGC-1,3
GTTACGAAATCCACGC-1,4
GTTACGGCCCGACTGC-1,4
GTTACTTTGGGCCTAG-1,3
GTTAGAGTGTGCCGCT-1,8
GTTAGCCCATGACATC-1,3
GTTAGCCGTAAATCAA-1,3
GTTAGGCTACCCGTTT-1,8
GTTATAATACGGTGAA-1,3
GTTATATCAGGAGCCA-1,4
GTTATATTATCTCCCT-1,4
GTTATCAAGCTATCGA-1,4
GTTATCACCTTCTGAA-1,4
GTTATTAAATACGACC-1,2
GTTATTAACGTGGGAG-1,9
GTTCAAATCAGATGTC-1,5
GTTCAATCTATGTCAA-1,2
GTTCACAGGAGTCTAG-1,4
GTTCAGTCGCCAAATG-1,4
GTTCATCGTTTGGCTG-1,4
GTTCCAAGACAGCGAC-1,4
GTTCCAGTCTGACCAT-1,9
GTTCCCGTAAACATAT-1,6
GTTCCGTCCGCCTGCA-1,0
GTTCGACAATTGTATA-1,8
GTTCGCCATAAGTGCC-1,3
GTTCGCTGAGACGTCT-1,4
GTTCGGAGCACTCAAC-1,3
GTTCGGATCGGGAACA-1,3
GTTCGGGCGTACCATT-1,0
GTTCGGTGTGGATTTA-1,3
GTTCGTCTAAAGAACT-1,3
GTTCGTCTGGGTCCCT-1,6
GTTCGTTGCGGACCAG-1,7
GTTCTTCCCTCGATGT-1,4
GTTCTTGTAACTCAAT-1,8
GTTGAACCGGTTCCAT-1,2
GTTGAGTCCCGCCGGT-1,3
GTTGCACGGAGTTTCG-1,3
GTTGCAGTCGACAACA-1,6
GTTGCCCTAACGGGTG-1,4
GTTGCGCTAACATTAC-1,6
GTTGCGGACGGTCAGG-1,0
GTTGGACCGCATCAGG-1,4
GTTGGATTCAGTGGCT-1,4
GTTGGATTGAGAACAC-1,0
GTTGGATTTGCGTTGG-1,4
GTTGGTCATGCTATCC-1,0
GTTGTAGATTTATGAG-1,4
GTTGTCGTGTTAGTTG-1,3
GTTGTTACATTGCGCT-1,6
GTTGTTGCAAGATGGC-1,6
GTTTACGTTCCATCTG-1,4
GTTTATGGGATTTAGA-1,2
GTTTCAAACGAGTTGT-1,4
GTTTCATATCGTCGCT-1,8
GTTTCCTGGAGGGTGA-1,4
GTTTCTAGAGGCGCGG-1,4
GTTTCTGCAGTCTCCC-1,0
GTTTCTTGTTAGAGCT-1,3
GTTTGACCAAATCCTA-1,2
GTTTGAGCGGTTATGT-1,7
GTTTGGCCCAAGTTAT-1,3
GTTTGGCCGCTCAGCG-1,9
GTTTGGCGTCAGGCAC-1,9
GTTTGGGCTTGTGAGC-1,4
GTTTGGGTTTCGCCCG-1,0
GTTTGGTAGGGTCAAC-1,3
GTTTGGTGATCGGTGC-1,4
GTTTGTTAGCCAAGTA-1,3
TAAACCCAGGAGGGCA-1,0
TAAACGTCGTCAATGA-1,9
TAAAGACAACCCTTTA-1,3
TAAAGAGCCCGAAACC-1,3
TAAAGCGGTATTTCCA-1,0
TAAAGCGTTAGGAGAA-1,3
TAAAGCTGCAATAGGG-1,0
TAAAGGAGAAACTAGT-1,7
TAAAGTGCACGTCTCG-1,0
TAAATCTTTACACCTC-1,6
TAAATGAATCCGTTTC-1,4
TAAATGCCGTCTCATG-1,4
TAAATGGGCTACTGAG-1,1
TAAATTGTGGGTAAAG-1,0
TAAATTTAGTAACACC-1,8
TAACAAAGGGAGAAGC-1,3
TAACAATATTTGTTGC-1,2
TAACAGCGTTTGTGCT-1,0
TAACAGGTTCCCTTAG-1,8
TAACATACAATGTGGG-1,0
TAACATACACGCGATC-1,9
TAACCGCCCGCAGTGC-1,9
TAACCGTCCAGTTCAT-1,4
TAACCTACCGTCCGAG-1,4
TAACCTAGGGAGTCCA-1,4
TAACGCTTTGAGAGCG-1,4
TAACTATCGAAGGTCC-1,4
TAACTATTACGCCAAA-1,4
TAACTCATCCGCGCGG-1,0
TAACTCCATGGAGGCT-1,9
TAACTGAAATACGCCT-1,0
TAAGAGGGACAGGGAC-1,8
TAAGATTTAGCGGGAG-1,9
TAAGCAGGCGACACGC-1,8
TAAGCCCTTACGACCA-1,0
TAAGCGCGAATCAAAT-1,8
TAAGGAACTTGTGGGA-1,9
TAAGGCAACATAAGAT-1,8
TAAGGCATAACATCAA-1,4
TAAGGCCCGTCACCCT-1,3
TAAGGCTGAATCCCTC-1,3
TAAGGGCCTGTCCGAT-1,0
TAAGGGCTGGGAGAGG-1,8
TAAGTAAATGTGCCGC-1,4
TAAGTAACATCTTGAC-1,2
TAAGTCGCCGAGTATC-1,4
TAAGTCGGTGAGCTAG-1,6
TAAGTGAATAGTCTAC-1,8
TAAGTTGCGACGTAGG-1,3
TAATAAACAAGGAGAT-1,0
TAATACACAGTAGTAT-1,4
TAATACTAGAACAGAC-1,0
TAATAGAACAGAGTTA-1,4
TAATAGCTAAATGATG-1,6
TAATAGGTCACCAGAA-1,8
TAATAGTGACGACCAG-1,2
TAATATTGAAATTCGC-1,4
TAATCAACCAAATGGG-1,6
TAATCAGGAATGCTGC-1,7
TAATCGATCCGTACGT-1,4
TAATGAAAGACCCTTG-1,9
TAATGTCGGTTCATGG-1,4
TAATTACGTCAGTAGA-1,3
TAATTAGATGGATATG-1,9
TAATTAGGACATCCGT-1,2
TAATTCCAATGCTTCA-1,6
TAATTGCGCTGATTAC-1,4
TAATTGGAATCGGGAA-1,0
TAATTTCCGTCCAGTA-1,5
TACAAATTGCGGAGGT-1,8
TACAACAGCGCATACA-1,6
TACAACGCACAACTCA-1,3
TACAAGCTGTTCACTG-1,4
TACAAGGGCTTCTTTA-1,2
TACAAGTCTCGTGCAT-1,0
TACAATGAAACCAGCA-1,2
TACACAGCCGTGGTGC-1,3
TACACCGTCGTTAGTC-1,4
TACACCTCTTCGAATC-1,4
TACAGAAACGGTGGGC-1,3
TACATAGGCATACACC-1,9
TACATCCCTATCCCTG-1,9
TACATCTTGTTTCTTG-1,0
TACATGACCTTATCCG-1,8
TACATGCCGGAATTGT-1,6
TACATTTCTAACGTGC-1,8
TACCAAATAGCCCAGA-1,4
TACCAATAAAGTACCA-1,3
TACCAGAAGTAGGTTC-1,9
TACCAGCTAGGTTTAA-1,0
TACCAGGAATCCCGTC-1,0
TACCATGTATTGATTT-1,6
TACCCTCGGTAACCCT-1,1
TACCGAATAATTGTAA-1,4
TACCGATCCAACACTT-1,9
TACCGCGGACTTGCAG-1,4
TACCGGCTCACTGCCC-1,4
TACCGGTCGTTTCCAT-1,4
TACCGTAGGTTAACTA-1,4
TACCGTGCCTCGGACC-1,4
TACCTACTCCCAGTAT-1,4
TACCTATCCCTAGAGG-1,4
TACCTCACGCTTGTAC-1,4
TACCTCAGTTGTCTGT-1,0
TACCTCCACACCAATG-1,8
TACCTCTTTACCATCC-1,6
TACCTGCTGCACTGTG-1,4
TACCTTAAGATTTCCC-1,4
TACGAACACGACTTCA-1,2
TACGACGCTTGCTGCG-1,4
TACGACTGCCTCTTAG-1,3
TACGAGAACTTCACGT-1,0
TACGATCCAAGCCACT-1,3
TACGATGTTGATCATC-1,0
TACGCAGTTCTTTCCT-1,4
TACGCCATATTCTAAT-1,4
TACGCCGAGGGTACCC-1,4
TACGCCGCCTCAGAAG-1,1
TACGCCTCCATTCCGA-1,0
TACGCTATAGAAACCT-1,0
TACGCTCCTAGAACTG-1,8
TACGCTCGGTATTGGA-1,4
TACGCTGATAGTTGTA-1,4
TACGCTGCACGGTCGT-1,6
TACGCTGCTGTGTTAA-1,8
TACGGAAGCCAAACCA-1,0
TACGGCATGGACGCTA-1,3
TACGGGATGCTAGCAG-1,4
TACGGGTAATAACATA-1,0
TACGTAAAGCGGAGTG-1,3
TACGTACTAGTGCTGA-1,0
TACGTGCAAGGTTCCT-1,6
TACGTGCACTATGCTG-1,4
TACGTGGGCCCAGGGC-1,3
TACGTTTACCGGCAAT-1,2
TACTACGTGCAATGCG-1,0
TACTATGGTTCCTCAG-1,4
TACTCACAACGTAGTA-1,9
TACTCATTGACGCATC-1,6
TACTCCTCTAGTTGAC-1,4
TACTCGGCACGCCGGG-1,8
TACTCGTTTGAATCAA-1,3
TACTCTCCGAACAAAT-1,8
TACTCTTACTTTACTG-1,0
TACTCTTTCGTCTTCA-1,4
TACTGAACAGATTTAG-1,3
TACTGAGGGAAGAAAG-1,8
TACTGCAATCAATTAC-1,4
TACTGCATGATTAAAT-1,1
TACTGGACAGCTCGGC-1,8
TACTGTTTCTCTGGTA-1,3
TACTTAAACATGTACA-1,0
TACTTGTTAGTAGTCC-1,3
TACTTTACTGAGCCGG-1,2
TACTTTCCGCACGCCA-1,9
TAGAAACACAATAGTG-1,4
TAGAAACCACTAAGTA-1,2
TAGAAAGGTGGCGCTA-1,9
TAGAAATTCACGTATA-1,8
TAGAACGCCAGTAACG-1,2
TAGAAGAAGGGTTACA-1,1
TAGAATAGCCGATGAA-1,4
TAGAATTAAGGGCAAC-1,4
TAGACGAAACGCCAAT-1,4
TAGACGCCCGTACCGG-1,4
TAGACTACCTAGCGTT-1,2
TAGACTCAGTTGGCCT-1,8
TAGAGATCATGCAACT-1,4
TAGAGCTACGAAGAAC-1,4
TAGAGGGAGTTTATCT-1,4
TAGAGGTTCTACTTGT-1,3
TAGAGTCTAAGCGAAC-1,2
TAGAGTGTTCCGGGTA-1,6
TAGATATGGACTGGAA-1,9
TAGATCCGAAGTCGCA-1,8
TAGATGGTTCCTTACT-1,3
TAGATTCAAAGTGCGG-1,9
TAGATTCCTGGTTATT-1,8
TAGATTCTCTAGCAAA-1,6
TAGCAACCTGTCACAA-1,0
TAGCAGATACTTAGGG-1,3
TAGCAGTAAATACGCG-1,6
TAGCAGTATGACTAAA-1,4
TAGCCAGAGGGTCCGG-1,4
TAGCCATGATTGCCTA-1,2
TAGCCATTTCAAAGTC-1,4
TAGCCGGCGGTCAGCG-1,3
TAGCGTCCCTCGATTG-1,3
TAGCGTCCGGTGTGGT-1,3
TAGCGTCGAATATTGA-1,8
TAGCGTTGGGTCTTAC-1,4
TAGCTAAGTCCGGGAG-1,2
TAGCTAGAAGGCATGA-1,4
TAGCTAGTGATGATGG-1,0
TAGCTCACTGTGTTTG-1,6
TAGCTCAGATCCTAGT-1,4
TAGCTCGCCTGATAAC-1,4
TAGCTGATGTGAAGCG-1,0
TAGGAACAGCCTCCAG-1,9
TAGGAGGCTCGAGAAC-1,3
TAGGATCTTAACCGCA-1,2
TAGGCATGTTACGCCA-1,2
TAGGCCTATATAGTCT-1,3
TAGGCGATGAGGTCTC-1,8
TAGGCGGCTGCAAAGA-1,3
TAGGCTAAAGTGGCAC-1,0
TAGGGAGCTTGGGATG-1,9
TAGGGTGTTTCAAGAG-1,0
TAGGTCCAAGTAAGGA-1,9
TAGGTCGCCGGAACTG-1,3
TAGGTGACGATAACCT-1,4
TAGGTGAGCCCTACTC-1,3
TAGGTGCTCGCCTAGC-1,9
TAGGTGTTCCACAGAT-1,3
TAGGTTCGAGTTCGTC-1,2
TAGGTTCTGCTGAGAA-1,0
TAGTACCACAACTTTC-1,8
TAGTACCTTAGTGGTC-1,3
TAGTAGCTTATACCAG-1,9
TAGTAGTTGCCGGACA-1,1
TAGTCCCGGAGACCAC-1,0
TAGTCCGCAGAGAATG-1,3
TAGTCCGTATGCATAA-1,3
TAGTCCTGCACTAAGC-1,0
TAGTCGATCACGGGTT-1,3
TAGTCGGGATTCTTCG-1,4
TAGTCTAACAACGAGA-1,4
TAGTCTGCGGCACATT-1,8
TAGTCTGTGACGTTGC-1,4
TAGTCTTTCCGAATTG-1,4
TAGTGACAAGCTCTAC-1,1
TAGTGAGAAGTGGTTG-1,3
TAGTGCCCTCCAGAGT-1,2
TAGTGCTTGAATCCTT-1,4
TAGTGGAACTCATACA-1,8
TAGTGTCAGAAACGGC-1,9
TAGTTAAGATAGGATA-1,2
TAGTTTATTCTTGCTT-1,4
TAGTTTGATCGGTCGC-1,5
TATAAATCCACAAGCT-1,0
TATAAGTGAGGATAGC-1,4
TATACACAGACGCCTT-1,4
TATACACGCAAAGTAT-1,4
TATACCGAGTGCCACA-1,6
TATACGCGTCATCACT-1,0
TATACTCATGCGGCAA-1,4
TATAGAGTCGCTTGAA-1,4
TATAGATGGTCGCAGT-1,3
TATAGCGCACGTTATC-1,2
TATAGCTATTATCTCT-1,1
TATAGGGTACTCATGA-1,8
TATAGTTAGGTGTACT-1,4
TATATAGGGCTTTACG-1,0
TATATATCGAGAAATG-1,8
TATATCAAAGTGATCT-1,8
TATATCATTGATCAGT-1,8
TATATCCCTGGGAGGA-1,2
TATATGCTGGGTTGCC-1,8
TATATTACAAATGTCG-1,4
TATATTCGCGTCGATA-1,9
TATCAAAGGTCTGTAA-1,8
TATCACAGCACGGGCA-1,4
TATCACCATGTAAAGT-1,9
TATCACCCAACCGACC-1,4
TATCACTTCGAGTAAC-1,0
TATCAGTGGCGTAGTC-1,8
TATCCAATTGGTTATC-1,3
TATCCATATCATGCGA-1,9
TATCCATCTCGGTTAG-1,8
TATCCCTCGATCTGCA-1,6
TATCCGCACCGTCGGG-1,4
TATCCTATCAACTGGT-1,4
TATCCTGCATGGGAAT-1,4
TATCGATCTATGCATA-1,0
TATCGATGATTAAACG-1,4
TATCTACAGAGGTAAT-1,4
TATCTACCACAGCGGG-1,4
TATCTAGCCTAAAGGA-1,8
TATCTGAGCCGATATT-1,8
TATCTTGCAATACAAC-1,8
TATGAAGAATTAAGGT-1,4
TATGAAGACAGGTGCG-1,0
TATGACCTTGCGCTGG-1,5
TATGATAAATCTAACG-1,2
TATGATCCGGCACGCC-1,3
TATGATCTTCTCTTTA-1,4
TATGATTCTGCTTGGT-1,4
TATGCTCCCTACTTAC-1,2
TATGGAGTTTCTCGTT-1,9
TATGGATGTGCTACGC-1,5
TATGGCAGACTTTCGA-1,4
TATGGCCCGGCCTCGC-1,4
TATGGCTAGGCTAATT-1,6
TATGGGACCGAGCAGG-1,2
TATGGGTACGTATCGT-1,8
TATGGTCTGAGTAACA-1,8
TATGGTTAGTGGGAGA-1,2
TATGTAAAGTGCTTAA-1,4
TATGTAGAAACCCGGC-1,8
TATGTCAAGACCGACT-1,8
TATGTCTCATTGTGCC-1,3
TATTAACACCAAAGCA-1,8
TATTAACCTGACCGCG-1,9
TATTACCATCCTGCTT-1,3
TATTATGTTTGCCTGC-1,2
TATTCAATTCTAATCC-1,0
TATTCCACTCAGCTCG-1,4
TATTCCGAGCTGTTAT-1,3
TATTCCGGCAGTCCTA-1,0
TATTCCTCCGCCCACT-1,0
TATTCGTGCCAGAATA-1,2
TATTGACATTTCTGCC-1,4
TATTGCCGGGCTTGTA-1,4
TATTTAGTCTAGATCG-1,4
TATTTATACCGAGTAG-1,8
TATTTGATTTGCACAG-1,6
TATTTGTTACCCTTTA-1,9
TCAAACAACCGCGTCG-1,2
TCAAACAATTAGGACA-1,4
TCAAACTTAGATTGTT-1,8
TCAAAGAGCTATCTGT-1,3
TCAAAGTCACGGCGTC-1,8
TCAAATTATGTTCGAC-1,1
TCAAATTGTTGTGCCG-1,0
TCAAATTTGAGACTCA-1,4
TCAACAAAGATAATTC-1,4
TCAACACATTGGGTAA-1,4
TCAACATAGCGCCCTA-1,4
TCAACATCGACCGAGA-1,9
TCAACCATGTTCGGGC-1,4
TCAACGAGGAGACAAA-1,9
TCAACGCAGGAAATAA-1,4
TCAACGCGACCGGCAG-1,8
TCAACTAACGTATAAC-1,2
TCAACTGCAGAGTCAG-1,4
TCAAGAAATACTAGCT-1,2
TCAAGCGCGGACGGTA-1,3
TCAAGCTGCCTTGAAA-1,6
TCAAGGTTACTACACC-1,3
TCAATACAATTGCTGC-1,2
TCAATACGCCGTCATG-1,9
TCAATATACAGGAGGC-1,6
TCAATCCCGCGCCAAA-1,6
TCAATCCGGGAAGTTT-1,0
TCACAAACCGAGGTAC-1,4
TCACAGATCCTCAAAC-1,4
TCACAGCAAACTCGAA-1,3
TCACAGGAGAATAAGA-1,9
TCACAGGGAATCGCAA-1,3
TCACAGGTTATTGGGC-1,0
TCACATCTTATCTGAT-1,4
TCACCCTCTTAAGATT-1,4
TCACCGCTCGGCACTC-1,4
TCACGATGTCCGTGGA-1,4
TCACGATTAATACGTT-1,4
TCACGCATTGTAGATC-1,3
TCACGGCCCAAGAGAG-1,8
TCACGGTCATCGCACA-1,4
TCACGTGCCCGATTCA-1,4
TCACTACGACCAATGC-1,4
TCACTATCCCTTCGGT-1,3
TCACTATCGTGCAATC-1,4
TCACTCAGCGCATTAG-1,7
TCACTCGTGCAACGGC-1,4
TCACTCTTCGTCTGTC-1,0
TCAGAACCTCCACAGG-1,4
TCAGAACGGCGGTAAT-1,3
TCAGACGCTATAGAAG-1,4
TCAGAGCATGTCAACG-1,1
TCAGAGGACGCGTTAG-1,0
TCAGAGTGTGAGCATG-1,6
TCAGATGGAGACGTAG-1,6
TCAGCAAATGCATCTC-1,4
TCAGCAGTAGGCCCTG-1,4
TCAGCCAATCCGTAAA-1,3
TCAGCGCACGCCGTTT-1,0
TCAGCTTGAGCTTTCG-1,8
TCAGGGCGACTTCCTT-1,8
TCAGGGCGCAAACTCG-1,9
TCAGGGTGCACGAAAC-1,4
TCAGGGTGTAACGTAA-1,8
TCAGGTTCTTTGAGAA-1,4
TCAGTACTGACCCGCG-1,0
TCAGTAGGGACTATAA-1,2
TCAGTGTATACGTCAT-1,4
TCAGTTACGGAATGAT-1,8
TCATAAGTCCAAGAAG-1,6
TCATACTTACAGATCC-1,4
TCATATGAGCTTTGTT-1,3
TCATCACTCGAGCTCG-1,9
TCATCCATCTGATCAC-1,0
TCATCCCAGAGGGTGG-1,4
TCATCCTCAGCTGCTT-1,3
TCATCGACGACCGTCG-1,2
TCATCGATGGTCCCAA-1,4
TCATGCAGGTTCTCAT-1,4
TCATTCGTATAATTTG-1,3
TCATTTAAGTCTCCGA-1,2
TCATTTAGAAGTGTGA-1,0
TCCAACTCAGCTATCT-1,4
TCCAACTTTAAATTCT-1,0
TCCAAGCCTAGACACA-1,4
TCCAATAAAGGCTACC-1,0
TCCAATGCGTCGCCGC-1,9
TCCACAATGGTTTACG-1,9
TCCACATCGTATATTG-1,3
TCCACCAAGACATAGG-1,3
TCCACCTCTAGCCTTT-1,9
TCCACTTTATCTAGGT-1,4
TCCAGAGCACCGGTTC-1,9
TCCAGATGTACGCCAA-1,9
TCCAGCGCTATAAGCG-1,0
TCCAGGCAGGACGATC-1,0
TCCAGGCGAGTACGGT-1,2
TCCAGGGTATATACGA-1,4
TCCATCAATACTAATC-1,8
TCCATTAGTTGGATAG-1,9
TCCATTCCCACTAGAG-1,6
TCCATTGTGACCTCGT-1,0
TCCCAAACAGACAACG-1,4
TCCCAAACATCCTCTA-1,0
TCCCAAAGACGAAGGA-1,2
TCCCAAAGCCCTAAAT-1,6
TCCCACGGAGGGAGCT-1,2
TCCCACTCTCTTCCGG-1,4
TCCCAGCACACGACAT-1,6
TCCCAGCTTTAGTCTG-1,2
TCCCAGGCTTAGCTAA-1,0
TCCCGCCTATGTGCGT-1,6
TCCCGCGTACTCCTGG-1,8
TCCCGGGTGTGCTGCT-1,8
TCCCGGTCAGGAATTT-1,4
TCCCGTCAGTCCCGCA-1,8
TCCCGTCGCGTCATAG-1,3
TCCCGTGTGCAATTTG-1,3
TCCCTAGATCAATAGG-1,0
TCCCTCCGAAATCGTT-1,4
TCCCTCTTCTCAAGGG-1,3
TCCCTGGCGTATTAAC-1,8
TCCCTGGCTCGCTGGA-1,2
TCCCTTAGATTACTCG-1,4
TCCCTTGTCTGAAACT-1,3
TCCGAACGTTGCCGCT-1,6
TCCGAACTTGGCTTAC-1,8
TCCGAAGTAGTCACCA-1,4
TCCGAATGGTCCTGAG-1,2
TCCGACCGCTAATCAA-1,8
TCCGAGAAGGCTAAGC-1,4
TCCGATAATTGCCATA-1,9
TCCGATGACTGAGCTC-1,8
TCCGATGGTGCGACAT-1,0
TCCGATTACATTGCCG-1,4
TCCGCAGCCACCTAGC-1,9
TCCGCCTGTCTACAAG-1,3
TCCGCGGCAGCATCTG-1,4
TCCGCGGCCCAATGAA-1,3
TCCGCTGGGTCGATCG-1,5
TCCGCTGTCATCCCGG-1,4
TCCGCTTATCCCATTA-1,9
TCCGGAGGAAGGGCTG-1,4
TCCGGCCTAGCGTACA-1,4
TCCGGCCTGCATCGAT-1,2
TCCGGCTGTCGGGTCG-1,6
TCCGGGCCACTAACGG-1,5
TCCGGGCTTGACGGGA-1,4
TCCGGTTCGTCCGGTC-1,4
TCCGTAACCACAATCC-1,3
TCCGTTAAGCTAATAT-1,4
TCCGTTTAGCCTTGAA-1,3
TCCTAAAGATTCAGAC-1,0
TCCTAAATTGGGAAGC-1,4
TCCTAACCGTCGGGCA-1,3
TCCTACATCCACGGCC-1,3
TCCTAGCAAAGAAGCT-1,4
TCCTATCATAGGTAAC-1,6
TCCTCCTAAGACATTC-1,3
TCCTCGGGCTGGGCTT-1,3
TCCTCTACGAGATGGC-1,3
TCCTCTCCAGTTGTCC-1,0
TCCTCTGGCCCATTAG-1,4
TCCTGCAGCCGCCAAT-1,1
TCCTGCCAACTGGAGA-1,4
TCCTGCGTTGATACTC-1,8
TCCTGGCGCTGCCTGG-1,4
TCCTTACGACGGTCCG-1,3
TCCTTCAATCCCTACG-1,4
TCCTTCAGTGGTCGAA-1,4
TCCTTGTCCTTTAATT-1,3
TCCTTTAAATCCGCTT-1,3
TCCTTTCTTACGCTTA-1,8
TCGAAATTTAGGACCA-1,3
TCGAAGAACCGAGCAC-1,3
TCGAATATCCCGCAGG-1,8
TCGAATCGCAGGGTAG-1,2
TCGACAACTGAACCCG-1,4
TCGACATAGCGTAGCG-1,8
TCGACTGACGATGGCT-1,6
TCGAGACCAACACCGT-1,2
TCGAGCCAGGCAGGCC-1,4
TCGAGGGCAACAGACG-1,3
TCGAGTCTACGATTCG-1,4
TCGATAGGCTAGTCGC-1,4
TCGATGTTACGGCCGT-1,0
TCGATTTACGAAACGA-1,2
TCGCAAAGATGCATTT-1,3
TCGCACCAGGAGGCAG-1,3
TCGCACTAACGTTTGT-1,5
TCGCATAAAGGGCGCA-1,0
TCGCATCCCTAAGTGT-1,2
TCGCATTCAATGACTT-1,4
TCGCCACCCGGATTAC-1,0
TCGCCCAACTGACTCC-1,3
TCGCCCACTGCGAGAG-1,5
TCGCCGAAGTTGCGTC-1,3
TCGCCGACATATTCGC-1,4
TCGCCGCACCGCGTGA-1,2
TCGCCGGAGAGTCTTA-1,3
TCGCCGGATGGGCAAG-1,8
TCGCCGGTCGATCCGT-1,4
TCGCCTCCTTCGGCTC-1,0
TCGCCTCGACCTGTTG-1,4
TCGCGCGTTTACATGA-1,9
TCGCGTAGCAGTGTCC-1,3
TCGCGTCCAGAAGGTC-1,3
TCGCTAAACCGCTATC-1,4
TCGCTACTGGCTTTGA-1,3
TCGCTCGATATATTCC-1,8
TCGCTCGGCACCAGCG-1,3
TCGCTGCCAATGCTGT-1,3
TCGCTGGGCGGATTGT-1,8
TCGCTGTGCGTAAATC-1,0
TCGCTTAATTACGAAG-1,6
TCGCTTTAAACGTTTG-1,2
TCGGAATGACCATCAA-1,0
TCGGAATGCGCTCTGA-1,4
TCGGACGCCCAGCCCA-1,4
TCGGAGAGTATCGGGA-1,4
TCGGAGTACATGAGTA-1,0
TCGGAGTCCTGGTTGC-1,0
TCGGATCTGGATGACC-1,8
TCGGCAGGGTTAAGGG-1,6
TCGGCGAACCCAAACC-1,3
TCGGCGGTATTAGATT-1,6
TCGGCGTACTGCACAA-1,8
TCGGCTAACTTCCCTT-1,2
TCGGCTTGTATCGACG-1,9
TCGGGAACGTGCCTAG-1,4
TCGGGAGACAGCGTAC-1,3
TCGGGATTCAAACATA-1,8
TCGGGCACTTCTGGAT-1,2
TCGGGCCGTCGTGGTA-1,4
TCGGGTGAAACTGCTA-1,4
TCGGTCCCGACAATAG-1,2
TCGGTCCCTGACTCCA-1,4
TCGGTGACCGCTCCGG-1,4
TCGGTTAGCCATGTAG-1,4
TCGTAACTCCCAAGAC-1,3
TCGTAAGACGACATTG-1,8
TCGTAAGCTCCGAGGA-1,4
TCGTACCGACGTCAAG-1,9
TCGTATAGTGCAATTA-1,4
TCGTATCACCAAGCTA-1,7
TCGTATTACCCATTGC-1,8
TCGTATTTCGTCCGGA-1,2
TCGTCAAGTACGCGCA-1,9
TCGTCACACTGTTAGC-1,4
TCGTCCGCTGGCGTCT-1,0
TCGTCCGGGTACACTC-1,6
TCGTCTTAGGCGTTAA-1,3
TCGTGTACTATGGATG-1,2
TCGTGTATTGGTCACG-1,3
TCGTGTCACGCTGACA-1,4
TCGTGTTCGACCACAA-1,4
TCGTTAGGAGTCCCTA-1,9
TCGTTCGTTATTATGT-1,9
TCGTTGACAGGGTCCC-1,8
TCGTTGCTATCCGGTC-1,9
TCGTTGGCTCGTCAAT-1,4
TCGTTTACGCGACCCT-1,3
TCTAAAGAACAGTCTC-1,8
TCTAACCTAGCCTGCG-1,0
TCTAACTGTATGTAAA-1,8
TCTAATACTGCCTCAG-1,0
TCTACACGTTCATGCA-1,4
TCTACCCAATAGAGAG-1,4
TCTACCCGCATCATTT-1,6
TCTACCGTCCACAAGC-1,8
TCTACGCACGATCTCC-1,8
TCTACGGGCTCAGTTG-1,2
TCTAGCAATCTCCGCC-1,0
TCTAGCATCTTCGATG-1,9
TCTAGCATGCCCAGAA-1,4
TCTAGGTGGCGACGCT-1,3
TCTAGTGATATCGTGG-1,3
TCTAGTTATCAGAAGA-1,2
TCTATAGGTGGGTAAT-1,3
TCTATCATGCAGTTAC-1,3
TCTATCCGATTGCACA-1,4
TCTATCGGTCGCAACA-1,8
TCTATGCTATAACGAC-1,3
TCTATTACGCTGGCGA-1,9
TCTATTACTAGAGGAT-1,3
TCTCAAATCAATCGGG-1,0
TCTCAGGCTACTCGCT-1,6
TCTCATGAGATAGGGT-1,3
TCTCCAACGTAGGTTA-1,8
TCTCCACAAGTTGAAT-1,4
TCTCCCTGGGCAGCGT-1,2
TCTCGAACGAGGTCAC-1,0
TCTCGACGTATCGCCG-1,3
TCTCGAGGAGGTTCGC-1,3
TCTCGGCTCCAGGACT-1,4
TCTCGTGTTACGAGGA-1,3
TCTCTAATAGCTGGTA-1,0
TCTCTCGCCGCACATA-1,4
TCTCTTACCGCGAACC-1,0
TCTGAACCGGTCGGCT-1,3
TCTGAACTCGTACCCG-1,3
TCTGAAGCACGTGGTC-1,3
TCTGAATTCCGTACAA-1,0
TCTGACGGGCTAACCC-1,6
TCTGACTGTAATGGTT-1,2
TCTGAGCAATTGACTG-1,4
TCTGATCGGGTGCTAG-1,3
TCTGATGTATTCTGTC-1,4
TCTGATTGGAAATGGA-1,6
TCTGCACCATTAGTAA-1,6
TCTGCAGATTCGAGTC-1,8
TCTGCATACCTTGCTT-1,3
TCTGCCAGAAACTGCA-1,3
TCTGCGAATCGTTCGC-1,1
TCTGCGTCCGGTTTCT-1,9
TCTGCTTAGAACAAGC-1,1
TCTGGAGCGTAAGAGT-1,1
TCTGGCCGTTCAAGTT-1,6
TCTGGCGCAAGCCGGG-1,8
TCTGGGAACCTTTGAA-1,4
TCTGGGTAGCGCTCAT-1,2
TCTGTCATACAAGAGC-1,4
TCTGTGACTGACCGTT-1,4
TCTGTGATGGAGGTTG-1,4
TCTGTGCCATCATAGT-1,4
TCTGTGGCTACATTTC-1,2
TCTGTTACCCAGCATA-1,4
TCTGTTTAGATTGTTC-1,2
TCTTAACTCGGATGTA-1,4
TCTTACAGAGGTACCG-1,4
TCTTACCGGAACTCGT-1,4
TCTTACGGCATCCGAC-1,4
TCTTACTTATGCCTCT-1,4
TCTTAGAGCTCCAATT-1,0
TCTTAGAGTGAACTCT-1,3
TCTTATGGGTAGTACC-1,7
TCTTCCCATGGGCACA-1,3
TCTTCGAATAGACGTT-1,4
TCTTCGATACCAATAA-1,8
TCTTCGCGGTGAGAGG-1,3
TCTTCTATAACCCGCC-1,3
TCTTGATGCGTAGCGA-1,2
TCTTGCTCCCGATACT-1,3
TCTTGGTAACACCAAA-1,2
TCTTGGTCAATGATAC-1,9
TCTTTAAGACTATGAA-1,0
TCTTTAGAGTCTAACA-1,3
TCTTTAGCAGGCGAAC-1,4
TCTTTCATCCGTCCTT-1,8
TCTTTCCTTCGAGATA-1,6
TCTTTCGGCGGGACAC-1,3
TCTTTCTCTTAAGGAG-1,4
TGAAACCTCAACTCAC-1,7
TGAAACTTATGCAAGC-1,8
TGAAAGGACCTGACTC-1,4
TGAACAAGCAGGGACT-1,0
TGAACACCCGAAGCAG-1,4
TGAACCTGAATGTGAG-1,6
TGAACTGCTATGACTT-1,3
TGAAGAGCGGTCCTAG-1,4
TGAAGTAGCTTACGGA-1,0
TGAATACCGACGCGTA-1,0
TGAATATGCTATAAAC-1,2
TGAATGAGATACAGCA-1,6
TGAATGAGTGTTTCCC-1,3
TGAATGTCAGCCGGCC-1,4
TGAATTTCACTTGCCT-1,3
TGACAACGCATGTCGC-1,1
TGACACTTCTCTTTGC-1,4
TGACAGAAATCTTGCT-1,0
TGACAGGACAAGTCCA-1,8
TGACATATATGACGAT-1,6
TGACATCGAGCGGACC-1,3
TGACATGTAACGTGAC-1,0
TGACCAAATCTTAAAC-1,3
TGACCAGCTTCAAAGT-1,4
TGACCCAACTCACATT-1,7
TGACCCACGTTAGACA-1,4
TGACCCAGCATTCCCG-1,3
TGACGAATATTTCCCT-1,4
TGACGATGCACTAGAA-1,3
TGACTATAATCCTTTC-1,9
TGACTCCGAATCATAC-1,8
TGACTCTAACTGGTAA-1,6
TGAGAATGCTTTACCG-1,4
TGAGACGTACCTCTCA-1,6
TGAGAGATTTACCACG-1,4
TGAGATCAAATACTCA-1,9
TGAGATTAGGCCCTAA-1,4
TGAGCAGTCGTGAAGT-1,4
TGAGCCATACAGTCTC-1,4
TGAGCGGAAAGTGTTC-1,3
TGAGCTCAACTGTATA-1,6
TGAGCTTTAATGACGC-1,3
TGAGGAGTGCCAGCTT-1,4
TGAGGCATGTACTGTG-1,8
TGAGGTGTGTGGCGGA-1,0
TGAGGTTGATCCCAAG-1,9
TGAGTAAATTAGCGTA-1,4
TGAGTGCCTCTTAAAT-1,2
TGAGTGGTCCGTGACG-1,4
TGAGTGTAACAACGGG-1,3
TGAGTTAAAGACATTC-1,0
TGATACATTTAGCCGT-1,4
TGATAGCGGGATTCTA-1,8
TGATCACCACACTGAC-1,0
TGATCAGGGAACTGCT-1,4
TGATCCCAGCATTAGT-1,3
TGATCGGTTTGACCCT-1,2
TGATCTACGCTGATCT-1,4
TGATCTATCACACTCT-1,4
TGATCTCCGGCGCCAG-1,4
TGATGCTCACGTAGTC-1,6
TGATGGCTGTTTCTGA-1,3
TGATGGGACTAAGTCA-1,4
TGATGTCAATTAAGTG-1,4
TGATTATGGCACGCAG-1,9
TGATTCAGGTCCCGCG-1,0
TGATTCCCGGTTACCT-1,3
TGATTCGTCTATCACT-1,4
TGATTCTGTCGCCGGT-1,2
TGATTTATTAGCTGTG-1,2
TGATTTCCTCCTGACG-1,3
TGCAAACCCACATCAA-1,7
TGCAAACGTACTAGTT-1,1
TGCAAAGTTCGTCTGT-1,8
TGCAACCCATCTGCGG-1,3
TGCAACTACTGGTTGA-1,3
TGCAAGAATGACGTAA-1,8
TGCAATCTAACACGGT-1,3
TGCAATTTGGGCACGG-1,0
TGCACAGTGAAGTTAT-1,4
TGCACGAGTCGGCAGC-1,3
TGCACTATGTGAGTGC-1,3
TGCAGAACTATATCGT-1,0
TGCAGAGTACCGAGCA-1,3
TGCAGATCGTCCTAGG-1,4
TGCAGCTACGTACTTC-1,4
TGCAGGATCGGCAAAG-1,8
TGCAGTGAGGCTCGGG-1,1
TGCAGTGGTAGGGAAC-1,8
TGCAGTTTCCTCCCAT-1,4
TGCATATGTCTGTCAC-1,2
TGCATCTCCGGATCTT-1,6
TGCATGAGTAGATTCG-1,4
TGCATGGATCGGATCT-1,9
TGCATGGCAGTCTTGC-1,0
TGCATGTGACCCATAG-1,4
TGCATGTGGTAATCTA-1,3
TGCCAAAGTCAGACTT-1,0
TGCCAATGGGTACTCT-1,0
TGCCACACTAGAGGAA-1,3
TGCCACCTGGCGAAAC-1,8
TGCCAGTACGTGGAGA-1,3
TGCCATGGCTTATAAG-1,3
TGCCATTACTAAAGAA-1,9
TGCCCGATAGTTAGAA-1,0
TGCCCGTACCGTTAAA-1,3
TGCCGAAAGCGTATTC-1,4
TGCCGATGTCATCAAT-1,4
TGCCGGATGTACGAGC-1,4
TGCCGTGGATCGTCCT-1,0
TGCCGTGGGACCCAAT-1,0
TGCCGTTCTTAATCGG-1,2
TGCCTAAATTTAATAG-1,1
TGCCTAATTGAAGATT-1,0
TGCCTGACATCGGTCA-1,3
TGCCTGATCAAACGAT-1,2
TGCCTTGCCCTTACGG-1,7
TGCCTTGGCCAGGCAA-1,3
TGCGAATATGGGATTT-1,4
TGCGACACCCTAGTGC-1,2
TGCGACGGCCGAACGT-1,2
TGCGAGAAACGTTACG-1,4
TGCGAGAATATTACCC-1,3
TGCGAGATGGCGGCCA-1,9
TGCGAGCCCTTCCGCG-1,4
TGCGATGCTAATGGCT-1,2
TGCGCAAAGCATTTGG-1,8
TGCGCCGTTAATAACG-1,6
TGCGCGATTAACGGAG-1,4
TGCGGACTTGACTCCG-1,4
TGCGGAGTAAAGGTGC-1,2
TGCGGCATAGTTCAAC-1,4
TGCGGGTATTGGGATC-1,4
TGCGGTCTACGAGTAA-1,7
TGCGGTGAAATTTCAT-1,0
TGCGTAAGAACCTGAT-1,2
TGCGTACGGCTAATTG-1,0
TGCGTCATGACTGAGC-1,3
TGCGTGATTGGGTGTC-1,3
TGCGTTTGTTGACACT-1,3
TGCTAAGTGTCTATTT-1,3
TGCTATACAAACGGAC-1,0
TGCTATGGCAAAGGGA-1,8
TGCTCACACAACAACC-1,3
TGCTCCACAGTTCTTA-1,4
TGCTCGGCGAAACCCA-1,3
TGCTCGGTGGGTCACC-1,0
TGCTCTGCCGGTTCAC-1,1
TGCTCTTGAGAGTTTG-1,3
TGCTGCGTCAGAGTTA-1,6
TGCTGGTTGGACAATT-1,3
TGCTGTTGAAGAACTC-1,9
TGCTTAGAGAGAATGC-1,8
TGCTTCCCAAGCAGTA-1,4
TGCTTGAAACCATGCA-1,3
TGGAAACGGAGTGAAC-1,3
TGGAACCACTGACACA-1,3
TGGAAGAAGGGAACGT-1,8
TGGAAGACGAACACCA-1,4
TGGAAGGATAAAGATG-1,2
TGGAATATCCTTGACC-1,3
TGGAATTAGACGCTTT-1,4
TGGACACCGTTGCTTG-1,2
TGGACCAATCTAAGAT-1,3
TGGACCACGGCGTTGA-1,3
TGGACGCAATCCAGCC-1,8
TGGACGTAGGCGAATC-1,4
TGGACTGTTCGCTCAA-1,4
TGGAGAATAATCGTCC-1,8
TGGAGCTAAAGTTCCC-1,3
TGGAGGGAAACACCTC-1,4
TGGAGTGATGCGATGA-1,4
TGGATAGAGTAACAGA-1,3
TGGATGGCATCTTGGA-1,1
TGGCAAACTAAATTAC-1,3
TGGCAACTCGCGCGCC-1,0
TGGCAAGCACAAGTCG-1,9
TGGCAATGGGACGGCG-1,3
TGGCACGAGCTCGAGT-1,9
TGGCAGATTACGATCA-1,4
TGGCAGCAGTAATAGT-1,4
TGGCATGAAGTTTGGG-1,8
TGGCCAAACTGAAGTA-1,2
TGGCCAATTTGGTACT-1,0
TGGCCGTATATTGACC-1,4
TGGCGACTGCTCCAAA-1,9
TGGCGATCAAGTTATG-1,9
TGGCGGTGTGCGATTG-1,4
TGGCTACACTCTACCT-1,3
TGGCTATGTGACATAC-1,3
TGGCTCTTGTCGCGTA-1,0
TGGCTTATGTATAATG-1,0
TGGCTTGTACAAGCTT-1,2
TGGCTTTGGGTAGACA-1,4
TGGGAAATGCCTTTCC-1,4
TGGGACCATTGGGAGT-1,4
TGGGATGCACTCATTC-1,4
TGGGCAATAGTTGGGT-1,0
TGGGCACAAACAGAAC-1,4
TGGGCACGTTCTATGG-1,8
TGGGCAGGCCACCGCA-1,0
TGGGCCACAAGAGCGC-1,0
TGGGCCCATACTAATT-1,3
TGGGCCTTGCCTGCAT-1,4
TGGGCGATACAATAAG-1,9
TGGGTAAGGTTCCCGC-1,8
TGGGTGCACAAGCCAT-1,8
TGGGTGGGATGTCATT-1,4
TGGGTGTAATAGATTT-1,3
TGGGTGTTAAGTAGAA-1,4
TGGGTTCCCGGACGGA-1,5
TGGGTTTCGGGCGTAC-1,8
TGGTAAGCAGGATTGA-1,3
TGGTACCGGCACAGCC-1,7
TGGTAGAATATATGGG-1,4
TGGTATCGCATCCCAA-1,4
TGGTATCGGTCTGTAT-1,4
TGGTCCCACGCTACGG-1,3
TGGTCGATATACCTCT-1,8
TGGTCGGGTACAGGGC-1,4
TGGTCGTGCAAGGCAA-1,0
TGGTCGTTTGATAGAT-1,0
TGGTCTAGCTTACATG-1,2
TGGTCTGTTGGGCGTA-1,8
TGGTGATCGTATTTGT-1,4
TGGTGCCCTGCCTTAC-1,8
TGGTGTGACAGACGAT-1,0
TGGTTAACTTACATTT-1,8
TGGTTAAGGGCGCTGG-1,3
TGGTTATGCTTGCGGT-1,8
TGGTTCAACGGGTAAT-1,3
TGGTTCGTAGCAAAGG-1,0
TGGTTGGAGGATCCTG-1,4
TGGTTTAAACGTGGGT-1,4
TGTAACTTGTCAACCT-1,3
TGTAAGACTGATAAGA-1,5
TGTAATGACCACAATA-1,8
TGTAATGCCTTCGGAC-1,3
TGTACCCGACCCTAAT-1,9
TGTACCTACACGAGGG-1,3
TGTACGAACAAATCCG-1,3
TGTACGCTATCAGCTT-1,7
TGTACTACTCTCACGG-1,6
TGTACTATCGCTCGTT-1,5
TGTACTGTGCCAAAGT-1,0
TGTACTTCCGGGCATG-1,3
TGTAGCCAATTCCGTT-1,4
TGTAGCCATCCCATTC-1,0
TGTAGGAGAAATTTCC-1,0
TGTAGTGATCTATAAT-1,8
TGTATAACAGATCCTG-1,0
TGTATACGGATGATGA-1,6
TGTATCAGACTGAAGC-1,4
TGTATCCTTATTCCAT-1,4
TGTATGGCGCAGACAG-1,0
TGTATTTACCTAATGC-1,4
TGTCATTTGTTGGGAA-1,2
TGTCCACGGCTCAACT-1,3
TGTCCCGACATAGCAC-1,0
TGTCCGCAAACAATTC-1,8
TGTCCGTGGCGCCTTT-1,2
TGTCCTAAGTCACCGC-1,2
TGTCGGCATGGTGGAA-1,4
TGTCGTGGGTATAGGC-1,4
TGTCGTTATCACATAT-1,0
TGTCTACAGTTTCTGT-1,0
TGTGACTACGCCAGTC-1,8
TGTGACTAGAGTTTGC-1,4
TGTGAGACTAGCCCAA-1,4
TGTGATTCCAGCGCTT-1,7
TGTGCCAGAGGCAAAG-1,5
TGTGCCGGTGCCGGAA-1,3
TGTGCTTTACGTAAGA-1,8
TGTGGACTATCTACGT-1,1
TGTGGAGGAAGCTTAA-1,4
TGTGGCAAAGCGTATG-1,3
TGTGGCGGGCTTCTGG-1,0
TGTGGCTCCCACCAAC-1,0
TGTGGTAGGGTGCCTT-1,6
TGTGGTTGCTAAAGCT-1,4
TGTGTAGTAGCACGTG-1,3
TGTGTCGAAGTCGAGG-1,5
TGTGTCGCGAGTTGCA-1,4
TGTGTGACCATGAATC-1,3
TGTGTTCGTATCCAAG-1,2
TGTTAACAAAGTGACT-1,6
TGTTATTGTATGTGGC-1,0
TGTTCATAAATGTGCT-1,2
TGTTCCGCTTCCATGA-1,4
TGTTCCGGCCTGAGCT-1,3
TGTTCGTATTGCGGTG-1,4
TGTTCTCATACTATAG-1,1
TGTTCTCTACTCCCTA-1,6
TGTTCTTCCATTGACT-1,4
TGTTGATCACTGTTTA-1,6
TGTTGCCGTCGTCCCA-1,0
TGTTGGCTGGCGGAAG-1,6
TGTTGTCAAGAAGTCT-1,8
TGTTTAATACTTCATC-1,8
TGTTTCGGTACTTCTC-1,4
TGTTTCTGAAGCGTGC-1,8
TGTTTGAGATCGTCAG-1,0
TTAAACAGAGTCCCGC-1,4
TTAAACCGGTAGCGAC-1,4
TTAAACCTGGTTCCTT-1,2
TTAAACTCGAATTCAT-1,0
TTAAAGGCGATGCTCG-1,8
TTAAAGTAAGTCGCCA-1,3
TTAACACCTCGAACAT-1,4
TTAACCAACCCTCCCT-1,0
TTAACCCGAGGCGTGT-1,1
TTAACGAACAAGCAGT-1,2
TTAACGTCGCAAGACC-1,9
TTAACGTTAAAGCCTG-1,5
TTAACTCACGCGTGGA-1,4
TTAACTGATCGTTTGG-1,6
TTAACTTCAGGTAGGA-1,4
TTAAGACGAACGAACC-1,0
TTAAGATACCCAGAGA-1,8
TTAAGATAGGATTGAC-1,0
TTAAGCCGACAACTTC-1,8
TTAAGCGCCTGACCCA-1,2
TTAAGGATACGGAGGT-1,4
TTAAGGCCCGTACTTT-1,8
TTAAGTATTGTTATCC-1,4
TTAATCAGTACGTCAG-1,8
TTAATGCGAGGTAACT-1,4
TTAATGTAGACCAGGT-1,8
TTAATGTGTTTGCAGG-1,9
TTAATTGCTTTGGGTG-1,0
TTAATTTCAGACGCGG-1,4
TTACAACTACGCATCC-1,4
TTACACGATCTGCGAC-1,4
TTACAGACCTAAATGA-1,0
TTACATCGTGGCCTGG-1,3
TTACATGCCACAACTA-1,3
TTACCATTGATTACCC-1,8
TTACCCATTGCCGGGT-1,0
TTACCCTAACAGTCCT-1,4
TTACCCTAGGGATTGG-1,9
TTACCGCCTTAGGGAA-1,0
TTACGGATGGTTCGAG-1,2
TTACGGTGTCACCGAG-1,0
TTACGTAGCGCGTGCT-1,9
TTACGTATCTATGACA-1,4
TTACTAAAGGACTTTA-1,3
TTACTATCGGCTTCTC-1,8
TTACTCCGGCCGGGAA-1,2
TTACTCTGGTACGTAC-1,9
TTACTGGGATATTTCA-1,4
TTACTGTCTAGAGCTC-1,2
TTACTGTTTCTCTACG-1,9
TTAGAAGAACATGACT-1,3
TTAGAATAAGGGTCGG-1,4
TTAGACACGATCGTTG-1,4
TTAGACGAGTCACCTC-1,3
TTAGAGGGATATACAG-1,4
TTAGAGTATTGTCGAG-1,5
TTAGAGTTTAGAAGGA-1,3
TTAGATAGGTCGATAC-1,4
TTAGCAACATGGATGT-1,0
TTAGCATCCCTCACGT-1,3
TTAGCCATAGGGCTCG-1,5
TTAGCTAATACGATCT-1,4
TTAGCTCTGTAATCCG-1,8
TTAGCTGATTTGCCGT-1,9
TTAGGATGGGAGGGTA-1,1
TTAGGTCATAACCGAC-1,4
TTAGGTGTGACTGGTC-1,0
TTAGTAAACCTGCTCT-1,3
TTAGTAGGGCGGCGGG-1,8
TTAGTTATTCGTGGCA-1,3
TTAGTTCAAGTGTTCG-1,3
TTATAGATGCACATTA-1,8
TTATAGGTAATTGTCT-1,0
TTATAGTCCAAGGTGC-1,3
TTATATACGCTGTCAC-1,0
TTATATTTGGCAATCC-1,2
TTATCATACTCGCAAA-1,0
TTATCCAATCGAACTC-1,4
TTATCCGGGATCTATA-1,4
TTATCCTCAAGGAATA-1,4
TTATCGCCTGCGAAGC-1,0
TTATCTGACATTAGGA-1,3
TTATCTGTATCATAAC-1,2
TTATGAATGAAAGGGA-1,9
TTATGACAAACTGGAT-1,9
TTATGATCTTAACGAA-1,3
TTATGCGTCCCGGTCC-1,3
TTATGTTTGCGATAGA-1,4
TTATTAGAGCGTGTTC-1,3
TTATTAGGGAAGCATC-1,9
TTATTATCTGGAAGGC-1,6
TTATTTAGGTTCCTTA-1,1
TTATTTCATCCCAAAC-1,4
TTCAAAGTCTCTAGCC-1,3
TTCAACGACCCGACCG-1,9
TTCAAGCCGAGCTGAG-1,8
TTCAATACTCTGAATC-1,4
TTCAATTAGCCATAAT-1,4
TTCACGAAAGGATCAC-1,8
TTCACGGTCGTCACGT-1,8
TTCACTCGAGCACCTA-1,4
TTCACTTCCTAGAACG-1,3
TTCAGAGTAACCTGAC-1,9
TTCAGCCCTGGTCCAC-1,3
TTCAGCTGGCGTGCCC-1,4
TTCAGGCGTCAAAGCC-1,2
TTCAGTTCAAGAGGAG-1,8
TTCAGTTTGTGGCAGC-1,8
TTCATAGCCTTGTAAC-1,9
TTCATAGGGTGTCCAT-1,3
TTCATGGCGCAACAGG-1,8
TTCCAATCAGAGCTAG-1,4
TTCCAATCTGGCTATC-1,0
TTCCACACAGATTTGA-1,4
TTCCACATTTCTCGTC-1,4
TTCCAGACGAGATTTA-1,0
TTCCAGTGGGTTTCGT-1,8
TTCCATCATGCGGTGA-1,3
TTCCATCGACAGCGTG-1,4
TTCCCGACGCTTCACT-1,4
TTCCCGGCGCCAATAG-1,3
TTCCGCAGAGAAATAT-1,3
TTCCGCGTGAGGCGAT-1,4
TTCCGGCCTTGAGGCT-1,3
TTCCGGCTCGACTTCT-1,3
TTCCGGTATCTGTGTC-1,3
TTCCGGTTACCCACTT-1,3
TTCCTCGAGGGTGTCT-1,4
TTCCTCGGACTAACCA-1,3
TTCCTCTGCCCGAATA-1,2
TTCCTTTCTGTGTTGC-1,4
TTCGAACGAAACATGC-1,2
TTCGACAGAGCCCGTG-1,3
TTCGACGGGAAGGGCG-1,4
TTCGAGCCGGCGCTAC-1,6
TTCGCACTCGCGTGCT-1,4
TTCGCACTGTACGACA-1,3
TTCGCATCCGGAAGCA-1,0
TTCGCCGCTCGCGCTA-1,2
TTCGCGCGCCATACGA-1,4
TTCGCTAGGAAGTTGT-1,3
TTCGCTATCTGACGTG-1,2
TTCGGACTGATGCCTT-1,4
TTCGGACTGGGCATGG-1,4
TTCGGCAACCCGCTGA-1,4
TTCGGCTAGAGATGGT-1,4
TTCGGGACTAATCGCG-1,4
TTCGGGCGCTAGTCTT-1,8
TTCGGGTTGCCACGGG-1,3
TTCGGTACTGTAGAGG-1,3
TTCGGTGGAGACGCCC-1,6
TTCGTAATCCCAGCGG-1,4
TTCGTACTCCAGAACG-1,4
TTCGTGCATGTTATAG-1,1
TTCGTGGGCTGGAAGC-1,4
TTCGTTCAACGAAGTT-1,4
TTCTAACCGAAGCTTA-1,3
TTCTACCTCAATCGGT-1,8
TTCTACCTTTATGTTG-1,9
TTCTACTTGCGAGGGC-1,4
TTCTAGAAAGTCTTAT-1,9
TTCTAGGCCAATTGTG-1,9
TTCTATGCCTTTCGCA-1,6
TTCTATTAAACGCAGC-1,3
TTCTCAATTGCTACAA-1,4
TTCTCTTACAGGTGAT-1,8
TTCTGACCGGGCTCAA-1,3
TTCTGCCGCGCCTAGA-1,4
TTCTGCGAGCGCCCTT-1,8
TTCTGCGGGTTAGCGG-1,3
TTCTGCTAGACTCCAA-1,0
TTCTGTTTCCTGTCGC-1,0
TTCTTAGTGAACGGTG-1,4
TTCTTAGTGGCTCAGA-1,9
TTCTTATCCGCTGGGT-1,4
TTCTTCCCTTTGATAT-1,3
TTCTTCGCAATAGAGC-1,8
TTCTTGAGCCGCGCTA-1,8
TTCTTGCTAGCATCTC-1,0
TTCTTGGACGATCTGC-1,4
TTCTTGGAGTAATGAG-1,8
TTCTTGTAACCTAATG-1,3
TTCTTGTGTCCATCAG-1,8
TTCTTTGGTCGCGACG-1,4
TTGAAACCCTCATTCC-1,3
TTGAAAGGTGTAAAGG-1,4
TTGAACGAATCCTTTG-1,4
TTGAACGACGTGCTGA-1,0
TTGAAGAATTCCCAGG-1,3
TTGAAGGATGGGCGCC-1,8
TTGAATATGGACTTTC-1,0
TTGAATCGTTGTATAA-1,0
TTGAATTCACGTGAGG-1,3
TTGACAGGAGCTCCCG-1,4
TTGACATGAACGTGGA-1,9
TTGACCAGGAACAACT-1,3
TTGACCATGTTCTCCG-1,0
TTGACCGTGTTAATGA-1,0
TTGACGATTCAGCACG-1,2
TTGACGCTCCATGAGC-1,3
TTGACTACCATATGGT-1,8
TTGACTATTGTCCGGC-1,4
TTGAGAAGTTTAGCAT-1,2
TTGAGAGTACTGCTAA-1,3
TTGAGCAGCCCACGGT-1,3
TTGAGCGCCACGTGAT-1,3
TTGAGGCATTTAACTC-1,4
TTGAGGGTCGAACGCG-1,6
TTGAGTCCCGCTGCTG-1,0
TTGATAGTCAATACAT-1,4
TTGATCTAACTTTGTC-1,9
TTGATGCCGCTCGTCG-1,8
TTGATGTGTAGTCCCG-1,3
TTGATTAGCTGTTTCT-1,4
TTGATTATGCAGATGA-1,0
TTGCAAGAAGACTCCT-1,3
TTGCACAATTCAGAAA-1,9
TTGCACGGAGCAGCAC-1,2
TTGCAGGTCATGAAGT-1,7
TTGCATGCTGATCACG-1,3
TTGCCAAGCAGAACCC-1,0
TTGCCATAGCCCGCTC-1,4
TTGCCCTGATCACGGG-1,8
TTGCCGCAGACCTACA-1,8
TTGCCGCTTTCTAGTA-1,4
TTGCCGGTGATCCCTC-1,4
TTGCCTAATCCAAAGT-1,8
TTGCCTTCTCGCCGGG-1,4
TTGCGCACAACCACGT-1,5
TTGCGCTCTCTCGCTT-1,8
TTGCGCTTGATCAATA-1,0
TTGCGGAAAGCTGCCC-1,1
TTGCGGCATCAGAAAG-1,4
TTGCGGCGACTCATGC-1,4
TTGCGTAGTTTGAGGA-1,9
TTGCGTCGGCCAACCG-1,0
TTGCGTGAACGCTTAG-1,4
TTGCGTGTGTAGGCAT-1,3
TTGCTAGCTACCAATC-1,4
TTGCTCATAGTACGTG-1,4
TTGCTCCCATACCGGA-1,8
TTGCTGAAGGAACCAC-1,0
TTGCTGATCATGTTCG-1,2
TTGCTGCACCTATCCA-1,9
TTGCTGGCCGGGCTTC-1,0
TTGGAAGAATACAGTC-1,0
TTGGACATGTGGCTTA-1,0
TTGGACCATCTGGCAA-1,3
TTGGACCTATAACAGT-1,3
TTGGAGTCTCCCTTCT-1,0
TTGGATATCGTCTACG-1,4
TTGGATCGACTTCTGG-1,9
TTGGATTGGGTACCAC-1,4
TTGGCCAAATTGTATC-1,3
TTGGCCATCTTGCGCT-1,2
TTGGCCTAGAATTTCG-1,4
TTGGCGATCCGAATAT-1,6
TTGGCTCAATATGTGT-1,2
TTGGCTCGCATGAGAC-1,9
TTGGGAAGACGAGCCG-1,4
TTGGGACACTGCCCGC-1,2
TTGGGACGTAAGAGTT-1,3
TTGGGCGGCGGTTGCC-1,2
TTGGGTTTATTCAGCG-1,1
TTGGTATGGCTTGTGT-1,3
TTGGTCACACTCGTAA-1,3
TTGGTGCGGTGTTGAA-1,6
TTGGTTCGCTCAAAGG-1,1
TTGGTTGCGGTGCGCG-1,4
TTGTAACTTCATAGCG-1,4
TTGTAAGGACCTAAGT-1,9
TTGTAAGGCCAGTTGG-1,3
TTGTAATCCGTACTCG-1,2
TTGTACACCTCGAACA-1,0
TTGTATCACACAGAAT-1,8
TTGTCACCGCGGTATC-1,8
TTGTCGTTCAGTTACC-1,2
TTGTCTCGGCAAGATG-1,0
TTGTGAACCTAATCCG-1,3
TTGTGAGGCATGACGC-1,4
TTGTGATCTGTTCAGT-1,4
TTGTGCAGCCACGTCA-1,4
TTGTGCGGAAGCGGAT-1,8
TTGTGGAGACAGCCGG-1,5
TTGTGGCCCTGACAGT-1,0
TTGTGGTAGGAGGGAT-1,9
TTGTGGTATAGGTATG-1,6
TTGTGGTGGTACTAAG-1,3
TTGTGTATGCCACCAA-1,4
TTGTGTTTCCCGAAAG-1,4
TTGTTAGCAAATTCGA-1,3
TTGTTCAGTGTGCTAC-1,2
TTGTTCTAGATACGCT-1,8
TTGTTGGCAATGACTG-1,5
TTGTTGTGTGTCAAGA-1,0
TTGTTTCACATCCAGG-1,9
TTGTTTCATTAGTCTA-1,8
TTGTTTCCATACAACT-1,4
TTGTTTGTATTACACG-1,8
TTGTTTGTGTAAATTC-1,2
