barcode,cluster
AAACAACGAATAGTTC-1,6
AAACAAGTATCTCCCA-1,1
AAACAATCTACTAGCA-1,3
AAACACCAATAACTGC-1,8
AAACAGAGCGACTCCT-1,6
AAACAGCTTTCAGAAG-1,5
AAACAGGGTCTATATT-1,1
AAACAGTGTTCCTGGG-1,4
AAACATGGTGAGAGGA-1,4
AAACATTTCCCGGATT-1,0
AAACCACTACACAGAT-1,5
AAACCCGAACGAAATC-1,1
AAACCGGAAATGTTAA-1,7
AAACCGGGTAGGTACC-1,9
AAACCGTTCGTCCAGG-1,1
AAACCTAAGCAGCCGG-1,0
AAACCTCATGAAGTTG-1,4
AAACGAAGAACATACC-1,9
AAACGAAGATGGAGTA-1,0
AAACGACAGTCTTGCC-1,1
AAACGAGACGGTTGAT-1,7
AAACGCCCGAGATCGG-1,3
AAACGCTGGGCACGAC-1,7
AAACGGGCGTACGGGT-1,9
AAACGGGTTGGTATCC-1,1
AAACGGTTGCGAACTG-1,6
AAACGTGTTCGCCCTA-1,0
AAACTAACGTGGCGAC-1,9
AAACTCGGTTCGCAAT-1,1
AAACTCGTGATATAAG-1,7
AAACTGCTGGCTCCAA-1,7
AAACTTAATTGCACGC-1,7
AAACTTGCAAACGTAT-1,1
AAAGAATGACCTTAGA-1,4
AAAGAATGTGGACTAA-1,6
AAAGACATGAAGTTTA-1,9
AAAGACCCAAGTCGCG-1,8
AAAGACTGGGCGCTTT-1,0
AAAGCTTGCCTACATA-1,1
AAAGGCCCTATAATAC-1,8
AAAGGCTACGGACCAT-1,1
AAAGGCTCTCGCGCCG-1,6
AAAGGGATGTAGCAAG-1,4
AAAGGGCAGCTTGAAT-1,6
AAAGGTAAGCTGTACC-1,0
AAAGGTCAACGACATG-1,8
AAAGTAGCATTGCTCA-1,6
AAAGTCACTGATGTAA-1,1
AAAGTCGACCCTCAGT-1,4
AAAGTGCCATCAATTA-1,5
AAAGTGTGATTTATCT-1,0
AAAGTTGACTCCCGTA-1,5
AAATAACCATACGGGA-1,6
AAATAAGGTAGTGCCC-1,0
AAATACCTATAAGCAT-1,7
AAATAGCTTAGACTTT-1,1
AAATAGGGTGCTATTG-1,0
AAATCACTCCTAAACG-1,6
AAATCCGATACACGCC-1,0
AAATCGCGGAAGGAGT-1,8
AAATCGTGTACCACAA-1,5
AAATCTAGCCCTGCTA-1,1
AAATCTGCCCGCGTCC-1,6
AAATGACTGATCAAAC-1,6
AAATGATTCGATCAGC-1,8
AAATGCTCGTTACGTT-1,9
AAATGGCATGTCTTGT-1,1
AAATGGCCCGTGCCCT-1,3
AAATGGTCAATGTGCC-1,0
AAATGTATCTTATCCC-1,4
AAATGTGGGTGCTCCT-1,6
AAATTAACGGGTAGCT-1,4
AAATTAATAAGCGCGA-1,8
AAATTACACGACTCTG-1,1
AAATTACCTATCGATG-1,1
AAATTCCAGGTCCAAA-1,1
AAATTGATAGTCCTTT-1,1
AAATTGCGGCGGTTCT-1,6
AAATTGGTGAGAAGCA-1,4
AAATTTACCGAAATCC-1,1
AAATTTGCGGGTGTGG-1,6
AACAACTGGTAGTTGC-1,1
AACAATACATTGTCGA-1,1
AACAATTACTCTACGC-1,7
AACACACGCTCGCCGC-1,3
AACACGACTGTACTGA-1,2
AACACGAGACGCGGCC-1,1
AACACGCGGCCGCGAA-1,9
AACAGCTGTGTGGCAA-1,4
AACAGGAAATCGAATA-1,6
AACAGGATGGGCCGCG-1,8
AACAGGTAGTATGGAT-1,1
AACATAGCGTGTATCG-1,1
AACATATCAACTGGTG-1,5
AACATCGATACGTCTA-1,0
AACATTGAAGTTGATC-1,4
AACATTGGTCAGCCGT-1,6
AACATTGTGACTCGAG-1,1
AACCAAGACTTCTCTG-1,4
AACCAGTATCACTCTT-1,1
AACCATAGGGTTGAAC-1,8
AACCATGGGATCGCTA-1,3
AACCCAGAGACGGAGA-1,6
AACCCATCCCATGATC-1,4
AACCCGACAACCCGTG-1,6
AACCCGAGCAGAATCG-1,5
AACCCGATAGGGCTTC-1,9
AACCCGCTGTATTCCA-1,0
AACCCTACTGTCAATA-1,6
AACCCTGGTGGAACCA-1,1
AACCGAGCTTGGTCAT-1,0
AACCGCTAAGGGATGC-1,7
AACCGTTGTGTTTGCT-1,7
AACCTAAAGCCGTCCG-1,8
AACCTCGCTTTAGCCC-1,9
AACCTGTCACGGAATT-1,1
AACCTTTAAATACGGT-1,7
AACCTTTACGACGTCT-1,9
AACGAAAGTCGTCCCA-1,8
AACGACCTCCTAGCCG-1,5
AACGATAATGCCGTAG-1,1
AACGATAGAAGGGCCG-1,0
AACGATATGTCAACTG-1,1
AACGCATGATCTGGGT-1,0
AACGCGAACGGCAACA-1,1
AACGCGACCTTGGGCG-1,5
AACGCGGTCTCCAGCC-1,4
AACGCTGTTGCTGAAA-1,3
AACGGACGTACGTATA-1,3
AACGGCCATCTCCGGT-1,7
AACGTACTGTGGGTAC-1,8
AACGTAGTCTACCCAT-1,8
AACGTCAGACTAGTGG-1,7
AACGTCATCCGGCTTG-1,8
AACGTGATGAAGGACA-1,1
AACGTGCGAAAGTCTC-1,1
AACGTTATCAGCACCT-1,4
AACGTTCTACCATTGT-1,8
AACTACCCGTTTGTCA-1,9
AACTAGCGTATCGCAC-1,3
AACTAGGCTTGGGTGT-1,9
AACTCAAGTTAATTGC-1,1
AACTCCAGAGCGTGTT-1,1
AACTCCTAATCCCATG-1,1
AACTCGATAAACACGT-1,6
AACTCGATGGCGCAGT-1,2
AACTCTCAATAGAGCG-1,0
AACTCTCAGTGTGCTC-1,1
AACTGAGGTCAGCGTC-1,1
AACTGAGTTATACTGA-1,7
AACTGATATTAGGCCT-1,2
AACTGGGTCCCGACGT-1,0
AACTGGGTTCGAGCCG-1,6
AACTGGTGTGGGCCTT-1,4
AACTTCTGCGTCTATC-1,1
AACTTGCCCGTATGCA-1,5
AACTTGCGTTCTCGCG-1,7
AACTTTACGGGAGCTT-1,4
AACTTTAGCTGCTGAG-1,4
AACTTTCTCGATCATG-1,6
AAGAAAGTTTGATGGG-1,5
AAGAAATCACCAGATT-1,2
AAGAAGGATCAGTTAG-1,1
AAGACATACGTGGTTT-1,1
AAGACCAAATAACTCA-1,8
AAGACCCAACTGAACA-1,9
AAGACTAACCCGTTGT-1,1
AAGACTCACGCCCACT-1,2
AAGACTGCAAGCTACT-1,4
AAGAGATGAATCGGTA-1,6
AAGAGCTCTTTATCGG-1,6
AAGAGGATGTACGCGA-1,4
AAGAGGCATGGATCGC-1,6
AAGAGGCCCTTTGGAA-1,6
AAGATGGCACCGGACC-1,1
AAGATTGGCGGAACGT-1,4
AAGCACCCTGCGTATC-1,3
AAGCATACTCTCCTGA-1,9
AAGCCACTTGCAGGTA-1,9
AAGCCGAAGCGGTTTA-1,5
AAGCCGCCGTGAAATC-1,8
AAGCCGCTTTACCTTG-1,8
AAGCCGGAGAGCAGGA-1,0
AAGCGCAGGGCTTTGA-1,1
AAGCGGAGTGCGCGCA-1,9
AAGCGGCGTCATGGGT-1,1
AAGCGTCCCTCATCGA-1,1
AAGCTAGATCGAGTAA-1,9
AAGCTATGGATTGACC-1,6
AAGCTCGTGCCAAGTC-1,7
AAGCTCTTTCATGGTG-1,1
AAGGAGAACTTATAAG-1,9
AAGGAGCGGTTGGTGC-1,5
AAGGATCGATCGCTTG-1,0
AAGGATGAGGGACCTC-1,8
AAGGCAGGCTGTCTCC-1,1
AAGGCGCGTAAAGCTT-1,0
AAGGCTGTGCTCATCG-1,9
AAGGGAACGACTGGCT-1,8
AAGGGACAGATTCTGT-1,4
AAGGGACTATGCATTC-1,8
AAGGGTTAGCCATGCG-1,4
AAGGGTTTGATTTCAG-1,8
AAGGTATCCTAATATA-1,4
AAGGTGATAAACCAGC-1,0
AAGTAAGCTTCCAAAC-1,9
AAGTAGAAGACCGGGT-1,2
AAGTAGTGACGCGAGG-1,1
AAGTCAATTGTCGTCA-1,9
AAGTCTAGTAGCTGCC-1,7
AAGTCTTCTGTGGCCT-1,5
AAGTGACGACCGAATT-1,9
AAGTGAGTCGGGTTTA-1,9
AAGTGCAAAGGTAGAC-1,3
AAGTGCCTTGACTGTA-1,0
AAGTGCGTTAGAATCT-1,1
AAGTGCTTCTCTATTG-1,6
AAGTGTTTGGAGACGG-1,5
AAGTTCACTCCAAGCT-1,8
AAGTTCAGTCTGCGTA-1,0
AAGTTCGGCCAACAGG-1,6
AAGTTGTGATGTTATA-1,0
AAGTTTACTAATGGCA-1,7
AAGTTTATGGGCCCAA-1,7
AATAACAACGCTCGGC-1,4
AATAACACTAGAACAA-1,7
AATAACGTCGCGCCCA-1,1
AATAAGTCCTCGAGAC-1,6
AATAATCTTCGTATCG-1,0
AATACAATGTTTCAGG-1,8
AATACCGGAGGGCTGT-1,9
AATACCTGATGTGAAC-1,1
AATAGAACAGAGTGGC-1,9
AATAGAATCTGTTTCA-1,0
AATAGCAAGCCTCCTG-1,3
AATAGCTACCGCGTGC-1,8
AATAGGCACGACCCTT-1,5
AATAGTCCGTCCCGAC-1,3
AATAGTCGCGAGTCGG-1,0
AATATCAAGGTCGGAT-1,6
AATATCCTAGCAAACT-1,7
AATATCGAATCAATGC-1,0
AATATCGAGGGTTCTC-1,6
AATATTGGAGTATTGA-1,4
AATCAGACTGCAGGAC-1,6
AATCAGGTTTCATTTA-1,8
AATCATGTAAAGACTC-1,9
AATCCAAGGGCCTGAG-1,1
AATCCATGCAAGGGTG-1,6
AATCCCGCTCAGAGCC-1,0
AATCGAGGTCTCAAGG-1,1
AATCGCCTCAGCGCCA-1,6
AATCGCGCAGAGGACT-1,3
AATCGGGACACTACGA-1,6
AATCGGTATAGCCCTC-1,1
AATCGTGAGCCGAGCA-1,1
AATCTAGGTTTACTTG-1,5
AATCTATGCCGGAGCC-1,0
AATCTCTACTGTGGTT-1,8
AATCTGCGTTGGGACG-1,7
AATCTGGCTTTCTAGT-1,1
AATCTGGGTAGACCCT-1,5
AATGACAGCAATGTCT-1,0
AATGACGTAGGATGTC-1,7
AATGACTGTCAGCCGG-1,7
AATGAGTTCGCATATG-1,6
AATGATGATACGCTAT-1,0
AATGATGCGACTCCTG-1,7
AATGCAACCGGGTACC-1,3
AATGCACCAAGCAATG-1,8
AATGGCCGCCAATGCG-1,1
AATGGTCCACCGTTCA-1,4
AATGGTTCTCACAAGC-1,0
AATGTATGGCACTGTA-1,8
AATGTGCCCGAGGTGT-1,2
AATGTGCTAATCTGAG-1,8
AATGTTAAGACCCTGA-1,1
AATGTTGTCGTGAGAC-1,0
AATTAAAGGTCGGCGT-1,4
AATTAACGGATTTCCA-1,6
AATTACGAGACCCATC-1,0
AATTACTCGTACGCTC-1,6
AATTAGCGCTGCAGCG-1,3
AATTATACCCAGCAAG-1,1
AATTCATAAGGGATCT-1,1
AATTCATTGTCATGCA-1,0
AATTCCAACTTGGTGA-1,0
AATTCCAAGCATGTAC-1,7
AATTCGATTCGAGGAT-1,1
AATTCTAGAGTTAGGC-1,7
AATTGAACGCTCTGGT-1,9
AATTGCAGCAATCGAC-1,3
AATTGCGTGGATTACA-1,1
AATTGTGGTTGCCAAA-1,0
AATTTGGGACATAGTA-1,1
AATTTGGTTCCAAAGA-1,6
ACAAACCATGCGTCCT-1,8
ACAAACCGACAAGGCG-1,7
ACAAACTCCATCAGAG-1,8
ACAAAGAAGGTAGGCC-1,5
ACAAAGCATGACCTAG-1,0
ACAAATCGCACCGAAT-1,0
ACAAATGGTAGTGTTT-1,9
ACAAATTCAGATCTGA-1,7
ACAACAGCATGAGCTA-1,1
ACAACGGTCCCTGCGA-1,1
ACAAGCAGTGCCTAGC-1,1
ACAAGGAAATCCGCCC-1,7
ACAAGGACAAGAGGTT-1,6
ACAAGGATGCTTTAGG-1,5
ACAAGGCCTACCAGCC-1,0
ACAAGGGCAGGCTCTG-1,0
ACAATAGTCGTACGTT-1,6
ACAATCCATTTAAACC-1,4
ACAATCGATCTTTATA-1,9
ACAATGAATACGGAGA-1,5
ACAATGATTCTTCTAC-1,6
ACAATTGTGTCTCTTT-1,7
ACAATTTAGGAGGCTC-1,3
ACAATTTGAGCAGTGG-1,3
ACAATTTGGCCATATT-1,1
ACACAAAGACGGGTGG-1,9
ACACAAATATTCCTAG-1,4
ACACACCAGGACCAGT-1,0
ACACACTTTCTACACG-1,1
ACACATGATCAAATCT-1,5
ACACATTGACGCAACA-1,1
ACACATTTCCGTAGAC-1,0
ACACCACATAATTAGC-1,1
ACACCCAGCATGCAGC-1,0
ACACCCGAGAAATCCG-1,0
ACACCCGTAAATCTGT-1,2
ACACCGAGCGCTCTTT-1,5
ACACCGGTCTGACCGC-1,1
ACACCTTAAGTAGGGC-1,1
ACACCTTACTACTTGC-1,1
ACACGAGACTCCTTCT-1,7
ACACGGCACTATGCAT-1,9
ACACGGGAACTTAGGG-1,1
ACACGTAGGCCACAAG-1,6
ACACTCCAATGTCACT-1,8
ACACTGATCAAGGTGT-1,0
ACACTGGGACAGTCGT-1,7
ACAGAACTGAGAACAA-1,3
ACAGATTAGGTTAGTG-1,0
ACAGCATAGAGCCAGT-1,7
ACAGCGACATTCTCAT-1,0
ACAGCGCACCCGCAGC-1,8
ACAGGAGGCGCAGCCG-1,6
ACAGGCACGGATCCTT-1,7
ACAGGCTTGCCCGACT-1,5
ACAGGTGGAGGTGAGG-1,6
ACAGGTGTGTTGTTGC-1,1
ACAGTAATACAACTTG-1,9
ACAGTATACCGTGGGA-1,9
ACAGTGCAGCGCATTT-1,4
ACATAAGTCGTGGTGA-1,3
ACATAATAAGGCGGTG-1,0
ACATACAATCAAGCGG-1,6
ACATCAGCTGGGACGC-1,4
ACATCCCGGCCATACG-1,6
ACATCCTGGTAACTGT-1,5
ACATCGATCGTTTACC-1,6
ACATCGGTCAGCCGCG-1,0
ACATCGTATGCAATGG-1,0
ACATCGTTAACCTAGT-1,8
ACATCTCAACGCGTAA-1,8
ACATGCTTACGGCAGC-1,6
ACATGGCGCCAAAGTA-1,0
ACATGGCTCAATTTAG-1,9
ACATTAGTTTATATCC-1,1
ACATTCGCGCGGAATA-1,0
ACATTTGAAACCTAAC-1,9
ACCAAACACCCAGCGA-1,4
ACCAAACTAGAAATCC-1,6
ACCAACACCACACACT-1,3
ACCAACCGCACTCCAC-1,3
ACCAACGCTTATTTAT-1,9
ACCAAGAACGCGTGTC-1,7
ACCAAGTCATCGGCAG-1,3
ACCAATATGCAAGTTA-1,0
ACCACAACTCAGAACA-1,8
ACCACAAGTTTCTATC-1,3
ACCACACGGTTGATGG-1,1
ACCACCAATGTAACAA-1,4
ACCACCCTCTCTTCTA-1,6
ACCACGTGCAGCTATA-1,7
ACCACTGTTCAAGAAG-1,1
ACCAGACCATAACAAC-1,7
ACCAGCCCGGTCTTTG-1,7
ACCAGGAGTGTGATCT-1,1
ACCAGTGCCCGGTCAA-1,1
ACCAGTGCGGGAGACG-1,5
ACCATATCCGCAATAA-1,4
ACCATCCGCCAACTAG-1,9
ACCATCGTATATGGTA-1,4
ACCATTAAGGGTGTCA-1,9
ACCCAACGCCCGTGGC-1,0
ACCCACCTACATGCTC-1,6
ACCCATCTTGAGGGTA-1,5
ACCCATTTGTCCCTCT-1,9
ACCCGAGCGAAATTAC-1,4
ACCCGATTGGTTCCGA-1,4
ACCCGGAAACTCCCAG-1,0
ACCCGGAGCACCACAA-1,1
ACCCGGATGACGCATC-1,1
ACCCGGTTACACTTCC-1,9
ACCCGTAGCAGAGAAT-1,6
ACCCGTAGTCTAGTTG-1,5
ACCCGTGTCATCAGTA-1,5
ACCCTATAGGACTGAG-1,0
ACCCTATGCCATATCG-1,9
ACCCTCCCGTCAGGGC-1,1
ACCCTCCCTTGCTATT-1,0
ACCCTGGTAACGCCCT-1,1
ACCCTTCATCTGCGAA-1,1
ACCCTTGCCTGGGTCG-1,6
ACCCTTTAGTTCTCCA-1,8
ACCGAAAGGGCCCTGC-1,7
ACCGAAGAGTCTGGTT-1,2
ACCGACACATCTCCCA-1,1
ACCGACTGAGTCCCAC-1,4
ACCGAGTCTCCTTATT-1,1
ACCGATAGGCATAACC-1,7
ACCGATATTTAATCAT-1,9
ACCGATGGTAGCATCG-1,1
ACCGCAATAACTGCCT-1,1
ACCGCGGTGGAAGTCG-1,0
ACCGCTAGTCATTGGT-1,1
ACCGGGCCTTTGTTGA-1,1
ACCGGTCAGGTACACC-1,1
ACCGGTCTGAGTACGG-1,5
ACCGTCCACTGGGCCC-1,4
ACCGTGACCACGTGGG-1,6
ACCGTTCCCGCTCTGA-1,7
ACCTAAGTACCTTTCA-1,7
ACCTAATCGACTTCCT-1,5
ACCTACAGTATGTGGT-1,0
ACCTACTATAAATCTA-1,5
ACCTCCGCCCTCGCTG-1,7
ACCTCCGTTATTCACC-1,0
ACCTCGAACTTATGCT-1,1
ACCTGCGTGTCATGTT-1,9
ACCTTTCCTTTAGAAG-1,5
ACGAAATGGGCGGCAC-1,1
ACGACCCATGAGTTGC-1,5
ACGACTCTAGGGCCGA-1,9
ACGACTGGTCATACTC-1,1
ACGAGAACCCATCACG-1,1
ACGAGATATTTGCTTA-1,5
ACGAGGATACCACTCT-1,0
ACGAGGTTTACAACGT-1,5
ACGAGTACGGATGCCC-1,0
ACGAGTCGCCGGCGTT-1,9
ACGATACATAGAACTA-1,4
ACGATACCTATCCTGA-1,0
ACGATCATACATAGAG-1,4
ACGATCATCTTGTAAA-1,3
ACGATGCATATGTTAT-1,9
ACGATGGATCCGATGC-1,1
ACGCAAACTAATAGAT-1,1
ACGCAATCACTACAGC-1,9
ACGCATAAATGACATG-1,6
ACGCATACGTTTACTA-1,7
ACGCATTCGTGAGTAC-1,4
ACGCCACTCGAAACAG-1,1
ACGCCAGATGATTTCT-1,0
ACGCCAGTGCGTTTGC-1,0
ACGCCCAGCTGTCGAT-1,9
ACGCCGCTAGACGACC-1,5
ACGCCTGACACGCGCT-1,9
ACGCGAAGTCAGACGA-1,6
ACGCGCTACACAGGGT-1,5
ACGCGGGCCAAGGACA-1,4
ACGCGTTTCTTAAGAG-1,4
ACGCTACTGAATGGGC-1,4
ACGCTAGTATCAGTGC-1,6
ACGCTAGTGATACACT-1,1
ACGCTGTGAGGCGTAG-1,4
ACGCTTAGTGTCTCTC-1,8
ACGGAACACGAGTGCC-1,1
ACGGAATTTAGCAAAT-1,6
ACGGACGCAGCGACAA-1,7
ACGGACTCTCAAAGCG-1,0
ACGGAGCGCAAATTAC-1,0
ACGGATGGTGCGGATA-1,0
ACGGCACTTGCTTGGG-1,1
ACGGCCAACATGGACT-1,6
ACGGCGACGATGGGAA-1,3
ACGGCGGGTTGCCCTG-1,1
ACGGCTGGATGTAGAA-1,8
ACGGGAGTGTCGGCCC-1,1
ACGGGCGTATGCGACA-1,6
ACGGGTCATGTGACTT-1,7
ACGGGTTGTGACCTGT-1,6
ACGGTACAGTTCAATG-1,8
ACGGTCACCGAGAACA-1,6
ACGTACAGATTTCTCT-1,1
ACGTACTTTGGCACGG-1,8
ACGTAGATTGCTGATG-1,4
ACGTAGGAGAGTCGCT-1,9
ACGTATTACTCCGATC-1,5
ACGTCCTAAACGAGAT-1,0
ACGTCGGGCAACTCGG-1,5
ACGTCTCGTTCCGGGA-1,0
ACGTGACAAAGTAAGT-1,8
ACGTGCGCCTCGTGCA-1,2
ACGTGGTCGAATGTGC-1,9
ACGTTAATGTCGAAGA-1,9
ACGTTAGATTTGCCCG-1,0
ACGTTATTGGTCACTC-1,5
ACGTTCACTATGCCGC-1,3
ACGTTCCGCGCTCCGT-1,9
ACGTTCGCAATCAATT-1,1
ACGTTCGTTCAGGAAA-1,9
ACGTTCTGTACAAGTC-1,0
ACGTTGTCGTTGAAAG-1,7
ACGTTTAGTTGTGATC-1,6
ACGTTTCGGTGCACTT-1,4
ACTAAGGACGCACACC-1,9
ACTAATACGTCAGGCG-1,6
ACTACAAAGAGAGGTG-1,7
ACTACATCCCGACAAG-1,4
ACTACCAGCTCTCTGG-1,1
ACTACCATCCGAGGGC-1,5
ACTACGCGTTAGAATT-1,9
ACTAGTTGCGATCGTC-1,1
ACTATATGCTGTGTTC-1,6
ACTATCCAGGGCATGG-1,5
ACTATCGCCGGCTAAA-1,1
ACTATCTGCCCGCGTA-1,0
ACTATGTCCAGCTGCC-1,8
ACTATTCGTCCGTGGT-1,8
ACTATTTCCGGGCCCA-1,9
ACTCAACGAATGTATT-1,6
ACTCAAGTGCAAGGCT-1,1
ACTCAATAAAGGCACG-1,8
ACTCAGACCTGCTTCT-1,6
ACTCATGGCAGCCTTC-1,0
ACTCCAATATCATCAT-1,8
ACTCCCATTCCTAAAG-1,3
ACTCCCGAATTCGTTT-1,0
ACTCCCGTAGACTAGG-1,9
ACTCCCTAATGCTAAA-1,0
ACTCCCTAGAATAGTA-1,0
ACTCCGGCCGACCACT-1,1
ACTCGATGTATTTCAT-1,8
ACTCGCCGTTCGATAA-1,0
ACTCGCGATCTGACGC-1,8
ACTCGTAACCCGTCCT-1,9
ACTCGTCAGTAATCCC-1,1
ACTCTAAACCTGGGAT-1,4
ACTCTCTGACTTAGGT-1,9
ACTCTCTTATACACGA-1,1
ACTCTGACCTAATAGA-1,5
ACTCTTCAGCTCCCGC-1,7
ACTCTTGTATAGTAAC-1,4
ACTGAAACGCCGTTAG-1,0
ACTGAATGGCGAAAGT-1,9
ACTGATTTAGTGATTC-1,3
ACTGCCCGCCATTCTC-1,8
ACTGCCGTCGTAACTC-1,1
ACTGCGGACACACCGT-1,0
ACTGCTCGGAAGGATG-1,4
ACTGGCGAACCTGCGT-1,8
ACTGGGATGCCAGTGC-1,9
ACTGTACGATACACAT-1,0
ACTGTAGCACTTTGGA-1,2
ACTGTATACGCGAGCA-1,1
ACTGTCCAGGATTATA-1,3
ACTGTCTTCTTTAGAA-1,8
ACTGTGCTAGTAGATC-1,5
ACTGTTTAGTGTAGGC-1,1
ACTTACCGGGCGCGCA-1,6
ACTTACGCATCCACGC-1,0
ACTTAGTACGACAAGA-1,7
ACTTATACTTACCCGG-1,0
ACTTATCTGATCTATA-1,9
ACTTATTAGGATCGGT-1,0
ACTTATTTATGTGCCA-1,0
ACTTCAGGCTGATCCC-1,1
ACTTCCAGTGGAAGCT-1,4
ACTTCCATGCGGGACA-1,0
ACTTCCTGTCGTGCGA-1,8
ACTTCGCCATACGCAC-1,0
ACTTCGCTAGCGAGTG-1,7
ACTTGACTCCCTCTTT-1,9
ACTTGCCATATTGTAC-1,9
ACTTGCTCTATCTACC-1,1
ACTTGGGACCCGGTGG-1,5
ACTTGGGCTTTCGCCA-1,2
ACTTGTAGTCCCTTCA-1,5
ACTTGTGGATGGAACG-1,0
ACTTGTTACCGGATCA-1,8
ACTTTACCCTCATGAA-1,1
ACTTTATACACCACTT-1,1
ACTTTCCTATAGCTTC-1,4
ACTTTGACTGCATCCT-1,8
ACTTTGGTCGTGCTCC-1,4
ACTTTGTCGACGCACT-1,7
AGAAATTATGACTCGC-1,9
AGAACACGGCGATGGT-1,7
AGAACCCAGCGTGACA-1,1
AGAACCCTCAATTGGG-1,4
AGAACGTGGTACATTC-1,4
AGAACTGTACTTTGTA-1,1
AGAAGAGCGCCGTTCC-1,6
AGAAGGTACACTTCAC-1,4
AGAAGGTTGCCGAATT-1,0
AGAAGGTTGTAGGTCG-1,1
AGAAGTGATTCGTGAT-1,6
AGAATAAATCTTCAGG-1,4
AGAATACAGGCTATCC-1,6
AGAATGCGGGTTCGGA-1,6
AGAATTATGGATTCGA-1,0
AGAATTGTTTGACATA-1,5
AGACAGCTCAGAATCC-1,3
AGACAGGCATCTCAGC-1,8
AGACATAGATCCTTCC-1,5
AGACCAAACCACACCT-1,9
AGACCATGGGATACAA-1,1
AGACCCACCGCTGATC-1,7
AGACCCGCCCTCCTCG-1,3
AGACCGCTCCGCGGTT-1,6
AGACCGGGAAACCCTG-1,8
AGACGAAGTGCCGGTC-1,9
AGACGACGATGCCGCT-1,6
AGACGCCCACTTCGCC-1,7
AGACGGGATTGGTATA-1,3
AGACGGGCCGATTTAA-1,7
AGACTAGCCTTCCAGA-1,7
AGACTGTTACCGGGTC-1,5
AGAGAAACACCAGAAA-1,3
AGAGAACCGTCTAGGA-1,3
AGAGAAGGAGTACAAT-1,4
AGAGATCTCTAAAGCG-1,3
AGAGCAGTTATGAGAC-1,1
AGAGCCGCCGAGATTT-1,7
AGAGCGCTTGTAACGG-1,8
AGAGCGGGCTAATCAT-1,2
AGAGCGTACAAGCTCG-1,9
AGAGCTACGAAAGCAT-1,7
AGAGGCTTCGGAAACC-1,7
AGAGGGACAATTGTCC-1,0
AGAGGTATCTCGGTCC-1,3
AGAGTAAACTTCACTA-1,9
AGAGTATAGTGTTACG-1,9
AGAGTCTTAATGAAAG-1,8
AGAGTGAACAGACACC-1,6
AGAGTTAGAGACCGAT-1,1
AGAGTTGCAGGCCTCC-1,6
AGATAACTTCAGGGCC-1,9
AGATAATCACACCTAT-1,5
AGATACCAATAGAACC-1,1
AGATACCAGCACTTCA-1,4
AGATACCGGTGTTCAC-1,3
AGATACGACTTCATAT-1,1
AGATACTCAAGATCGA-1,0
AGATATAATACGACTA-1,1
AGATCGTGCATAAGAT-1,0
AGATCTCAGGTGTGAT-1,4
AGATCTGGAGAGGATA-1,7
AGATGACTCGCCCACG-1,7
AGATGAGGGTTGCGAT-1,6
AGATGATGGAGTCTGG-1,0
AGATGCAAGACGTGCA-1,7
AGATGCATCCTGTGTC-1,9
AGATGCTATAACGAGC-1,1
AGATTATAGGACGTTT-1,3
AGATTCAAGCGGGTCG-1,0
AGATTCACAACCGATA-1,8
AGCAAAGGCCGCTAGT-1,1
AGCAACATATCTTATT-1,3
AGCAACCGAAAGTAAT-1,6
AGCACACGTTTAGACT-1,4
AGCACCAGTACTCACG-1,4
AGCACTACCGGCCTGT-1,0
AGCACTACCTCACCAG-1,5
AGCACTTAAGGACGCC-1,6
AGCAGAAGGAGAAAGA-1,9
AGCAGCCAGATGAATA-1,6
AGCAGTCGAAGCATGC-1,1
AGCATATCAATATGCT-1,0
AGCATCATTTCGAAAG-1,0
AGCATCGTCGATAATT-1,1
AGCATTACGAGGCAAG-1,5
AGCCAAGCTTTGTGTC-1,1
AGCCACAGGTTACCCG-1,1
AGCCACTCCCGTGCTT-1,0
AGCCATATAGTATGTG-1,1
AGCCCATACATGTAAG-1,1
AGCCCGCAACAAGCAG-1,9
AGCCCGCACTACAATG-1,1
AGCCCGGCATTAGAGG-1,3
AGCCCGGTAGCCTGTA-1,1
AGCCCTAAGCGAAGTT-1,6
AGCCCTCCCTGGTGGC-1,4
AGCCCTGTCGCACCGT-1,9
AGCCCTTCTAATCCGA-1,0
AGCCCTTGGACATCCC-1,5
AGCCGCTTGATTAGCG-1,6
AGCCGTGGCTAAATGT-1,1
AGCCTAATACCCACGT-1,0
AGCCTTAAAGCGGAAG-1,5
AGCCTTGTCACTGATA-1,4
AGCGACAGGAACGGTC-1,6
AGCGACATCCCATTCA-1,5
AGCGACCAACGATATT-1,3
AGCGACTTTGAAGACA-1,2
AGCGAGACGTGAAGGC-1,8
AGCGATGCGCCTAATA-1,5
AGCGCATAATGAATCG-1,1
AGCGCGGGTGCCAATG-1,5
AGCGCTAGAGCGATGT-1,1
AGCGCTTATGGGCAAG-1,1
AGCGGACACTTCGTAG-1,9
AGCGGCGGTTAGCGGT-1,8
AGCGGGAAGGGTCCAT-1,6
AGCGGGTCTGACACTC-1,9
AGCGGTTGAGATGTAC-1,9
AGCGGTTGCCGCTCTG-1,3
AGCGTACGAGAGCTAG-1,6
AGCGTAGCGCTAGACC-1,0
AGCGTCTGAACCCGCA-1,6
AGCGTGGTATTCTACT-1,5
AGCGTTCCGATTTAAA-1,5
AGCTAACAAGCAATGT-1,1
AGCTAAGCTCCGTCCG-1,6
AGCTAAGTACGCAGGC-1,1
AGCTAGAAGCAGAAGT-1,0
AGCTATTTAATCCAAC-1,4
AGCTCCATATATGTTC-1,6
AGCTCCTTCGCACATC-1,0
AGCTCGTTGATGGAAA-1,9
AGCTCTAGACGTTCCA-1,9
AGCTCTTCCCAGTGCA-1,1
AGCTCTTCGTAACCTT-1,0
AGCTCTTTACTCAGTT-1,0
AGCTGAAGTAAACCAA-1,6
AGCTGCATTTGAGGTG-1,6
AGCTGCTGTGCCGAAT-1,8
AGCTGTAACCTCAATC-1,5
AGCTTATAGAGACCTG-1,4
AGCTTCAATACTTTGA-1,7
AGCTTCTTCTCGAGCA-1,1
AGCTTGATCAGGGTAG-1,9
AGCTTGATCTTAACTT-1,0
AGGAAAGCCTCTGATG-1,5
AGGAACGAACGACTTC-1,1
AGGAAGCTGTCCGCCG-1,1
AGGACAGTCGAATCCC-1,0
AGGACATCGCACGTCG-1,9
AGGACATCGGCACACT-1,0
AGGACGACCCATTAGA-1,0
AGGACGCTCGATGTTG-1,4
AGGACTTATAGGAGAA-1,1
AGGAGACATCCACAGT-1,1
AGGAGAGTCTGGCTAC-1,9
AGGAGGCCTTCGCGCG-1,5
AGGATAAAGTCGGGAT-1,1
AGGATATAGGGATTTA-1,0
AGGATATCCGACTGCA-1,7
AGGATCACGCGATCTG-1,3
AGGATTGCTTACGACA-1,9
AGGCAAAGAGGAATCA-1,5
AGGCAATACGGAGGAC-1,6
AGGCACGTGACTGTCC-1,7
AGGCAGATGCGTAAAC-1,3
AGGCAGGGAGCGTACT-1,6
AGGCATTGTCGTAGGG-1,1
AGGCCACATTGGTTAC-1,8
AGGCCACCCGTTATGA-1,2
AGGCCCAGTGACTGGT-1,9
AGGCCCATTGTACAGG-1,6
AGGCCCTAGAACGCCA-1,9
AGGCCTATCATACCAA-1,1
AGGCCTGAGAATCTCG-1,7
AGGCGATAACTGGCGT-1,7
AGGCGGTTTGTCCCGC-1,1
AGGCGTCTATGGACGG-1,3
AGGCTATGGTTAGCTT-1,7
AGGCTTAAGTTGCACA-1,2
AGGCTTCCCGAAGAAG-1,8
AGGCTTGCTAGACACC-1,7
AGGGAAACGAGGTACT-1,0
AGGGACAGCACGGCGG-1,3
AGGGACCGGCTGCGTT-1,9
AGGGACTCTACGCGAC-1,7
AGGGAGACATACTTCG-1,4
AGGGCAGCGGCGTGGT-1,6
AGGGCCCTAATGTTCT-1,5
AGGGCGAGCAGCTGAT-1,1
AGGGCGTGATCGGCTA-1,1
AGGGCTGCAGTTACAG-1,5
AGGGTCAGTAACCCTA-1,0
AGGGTCGATGCGAACT-1,0
AGGGTCTGGACGCAGT-1,0
AGGGTGCCGTTCTTTA-1,4
AGGGTGCTCTCGAGGG-1,6
AGGGTGGATAGTGCAT-1,4
AGGGTGTGCTACACGC-1,1
AGGGTTCAGACGGTCC-1,1
AGGGTTCCCTTTGGTT-1,0
AGGGTTTAGTTCGGGA-1,8
AGGTAACCTCCTATTC-1,3
AGGTACGATATTGCCA-1,8
AGGTAGATCGAGATAT-1,1
AGGTAGGTACAAAGCT-1,4
AGGTATAATTGATAGT-1,0
AGGTATGCGGACATTA-1,8
AGGTCAGGTGAGAGTG-1,9
AGGTCGCCACTTCGGT-1,6
AGGTCGCCTCCCAACA-1,0
AGGTCGCGGAGTTACT-1,1
AGGTGCACGTCCACAT-1,1
AGGTGGTGACCTTCGC-1,9
AGGTGTATCGCCATGA-1,4
AGGTGTTGCCGACCAC-1,5
AGGTTACACCATGCCG-1,8
AGGTTCTCCTTTCCGG-1,0
AGGTTGAGGCACGCTT-1,8
AGGTTTCACACACCTT-1,7
AGTAACGTTCATCCTG-1,1
AGTAACTATAGCAGCC-1,7
AGTAATCTAAGGGTGG-1,1
AGTAATGTCTTGCCGC-1,6
AGTAATTTGCAAGCGT-1,1
AGTACAGAAGCTTATA-1,9
AGTACATCATTTATCA-1,7
AGTACCTTCGAGTGCT-1,1
AGTACGGCCCGTATCG-1,4
AGTACGGGCACCTGGC-1,8
AGTACGTGGCCTGTCT-1,0
AGTACTCTTATGCCCA-1,0
AGTAGAAGGCGCCTCA-1,9
AGTAGCGTGAACGAAC-1,6
AGTAGCTAGACGCCGA-1,7
AGTAGGAAGGAAGTTG-1,7
AGTAGGTAACATACAT-1,9
AGTATAATACTAGGCA-1,1
AGTATACACAGCGACA-1,1
AGTATCCATAATAACG-1,6
AGTATGCTGGAGACCA-1,4
AGTATTTGGCACGACC-1,1
AGTCAAATGATGTGAT-1,0
AGTCAACACCACCATC-1,8
AGTCAAGATGACACTT-1,0
AGTCACTAGCTCTCGA-1,0
AGTCACTCCGCCTCAT-1,6
AGTCAGCCACCGCCTG-1,6
AGTCCAGCGGGTACGT-1,6
AGTCCATTGGCTGATG-1,5
AGTCCCGCCTTTAATT-1,9
AGTCCCTCGCAGAAAG-1,6
AGTCGAAACGATTCAG-1,7
AGTCGACGGTCTCAAG-1,9
AGTCGGCCCAAACGAC-1,5
AGTCGGCTCAACTTTA-1,1
AGTCGGTTGCGTGAGA-1,0
AGTCGTATAAAGCAGA-1,0
AGTCGTCGACCACCAA-1,8
AGTCGTGGGCATTACG-1,6
AGTCTAAAGTATACTC-1,3
AGTCTCACAAGACTAC-1,0
AGTCTGGACATCCTTG-1,1
AGTCTTCTCCTCAAAT-1,4
AGTCTTTAAAGTGTCC-1,1
AGTGAACAAACTTCTC-1,0
AGTGAAGATGGTGTCC-1,6
AGTGACCTACTTTACG-1,9
AGTGACTGTGACACAA-1,4
AGTGAGACTTCCAGTA-1,0
AGTGAGCCTCGCCGCC-1,0
AGTGAGGGTTTCTGAC-1,1
AGTGAGTCGAATTAAC-1,0
AGTGATAACCTGCGCG-1,9
AGTGATATGAGTAGTT-1,8
AGTGATTCAAGCAGGA-1,5
AGTGCACGCTTAAGAA-1,0
AGTGCGTAGCTCGTAA-1,4
AGTGCTAAACACAGCA-1,5
AGTGCTTGCACGAATA-1,0
AGTGGCCCGCAAATGG-1,1
AGTGGCGGCAATTTGA-1,0
AGTGGCGTCTGAAGGT-1,5
AGTGGCTCCGTCGGCC-1,8
AGTGGGAGTATACACG-1,0
AGTGGTGTTACCCGTG-1,9
AGTGGTTGCGTATAGG-1,4
AGTGTATTGCGCATTG-1,9
AGTGTGCTAAGATCGC-1,0
AGTGTGGTCTATTGTG-1,1
AGTTAAACACTTGCGA-1,8
AGTTAAGCGGTCCCGG-1,0
AGTTAAGTCAACCGCT-1,1
AGTTACCCTTAAGACT-1,4
AGTTACCGCACATGGT-1,3
AGTTACTCTATCGTGG-1,1
AGTTATTCAGACTGTG-1,6
AGTTATTGAAAGGTAA-1,0
AGTTCACCGGTTGGAC-1,5
AGTTCCTACAGAATTA-1,9
AGTTCCTATTTATGTT-1,1
AGTTCTGCGTTGTATC-1,9
AGTTGACATCGGCTGG-1,2
AGTTGACGGTCCTTGC-1,1
AGTTGCGGTCCTCAAC-1,1
AGTTGCTGACTGATAT-1,9
AGTTGGCAAGGCTAGA-1,0
AGTTTATGTAAAGACA-1,6
AGTTTCGCAGGTCGGA-1,1
AGTTTGCACCTGCCTC-1,8
AGTTTGGCACGGGTTG-1,6
AGTTTGGCCAGACCTA-1,9
ATAAACCATTGGACGG-1,7
ATAAACGGACCCGTAA-1,6
ATAAACGTTGCACCAC-1,1
ATAAAGGCTCGGTCGT-1,1
ATAAAGGTCAAGTACG-1,7
ATAAATATTAGCAGCT-1,4
ATAACGCCGGAGGGTC-1,0
ATAACGGAGTCCAACG-1,0
ATAACGTTACCTCCAC-1,9
ATAAGCAAACACCGAG-1,9
ATAAGGTGGAGAACAT-1,7
ATAAGTACCCGATTGT-1,1
ATAAGTAGGATTCAGA-1,9
ATAAGTAGGGCGACTC-1,0
ATAAGTTACCGCGACG-1,5
ATAATACCGTTAGCCG-1,1
ATAATAGCTGTTGAAT-1,1
ATAATAGTGTAGGGAC-1,3
ATAATCTTGGAGAACC-1,7
ATAATTAGCTAAGTAG-1,7
ATACAGCGTCCACTGA-1,8
ATACAGGCCCTCCAAT-1,9
ATACCACGGGCAACTT-1,8
ATACCAGCAAATTGCT-1,1
ATACCAGGCTAATAGA-1,9
ATACCAGGTGAGCGAT-1,0
ATACCCTCCCGGCCAA-1,1
ATACCCTGGCTCAAAT-1,1
ATACCGTCATCCATAA-1,3
ATACCTAACCAAGAAA-1,1
ATACGAAGGCTTTCCA-1,1
ATACGACAGATGGGTA-1,0
ATACGAGGTTTGTAAG-1,0
ATACGCCGATCTACCG-1,8
ATACGCCGGCGAAACC-1,1
ATACGGAACGTCGTTT-1,6
ATACGGGTTTCGATTG-1,0
ATACGGTGAAGATGCA-1,4
ATACGTACTTAGCCAC-1,0
ATACGTCCACTCCTGT-1,0
ATACGTTATGCACGGA-1,5
ATACTACCCGTACCAC-1,5
ATACTAGCATGACCCT-1,7
ATACTCTCGCCACTCT-1,6
ATACTGCCTTACACCG-1,8
ATACTTGTTCTCGAGC-1,4
ATAGACAACGGGACCT-1,0
ATAGACGAAGAGAAAG-1,9
ATAGAGTACTGGGACA-1,7
ATAGAGTTATCAACTT-1,8
ATAGATTTGCAGTCGG-1,1
ATAGCAACTAGGGAAG-1,0
ATAGCCATAACAGTCA-1,0
ATAGCCTCAGTACCCA-1,9
ATAGCTGCTCTTGTTA-1,6
ATAGGAATCTAAGCTT-1,9
ATAGGCGGCTATAGAA-1,6
ATAGGCTAGCTTCGCA-1,1
ATAGGGATATCCTTGA-1,8
ATAGGTTGGGCAGATG-1,8
ATAGTCTTTGACGTGC-1,1
ATAGTGAAGCGTTCTC-1,6
ATAGTTCCACCCACTC-1,3
ATATAAAGCGCTCGTG-1,0
ATATAAATGTAGCTGC-1,0
ATATAACACGGGCGCA-1,9
ATATACATGTATGGTA-1,9
ATATACGCTCGTGACG-1,1
ATATAGAGTATTGGTC-1,3
ATATCAACCTACAGAG-1,1
ATATCAATTCCAGCCT-1,8
ATATCGGTAGGGAGAT-1,1
ATATCGTGCCAGACCC-1,3
ATATCGTTCCTCGAAC-1,1
ATATCTCCCTCGTTAA-1,6
ATATCTTAGGGCCTTC-1,8
ATATGGGATAGCAACT-1,9
ATATGTCTAGAGCGTG-1,6
ATATGTCTCCCTAGCC-1,5
ATATGTGCACAAACCA-1,4
ATATTATCCCGTATTT-1,1
ATATTCAGTTAAACCT-1,3
ATATTCCACATAGTGA-1,0
ATATTCCCACAGGTCA-1,8
ATATTGCTGTCAAAGT-1,9
ATATTGGAGAGGCCTT-1,6
ATATTTAACCCTCAAG-1,3
ATCAAACACTGTTCCA-1,6
ATCAAACGAAGGTTTG-1,6
ATCAAAGAGCCGTGGT-1,0
ATCAAGATCCCAGGAC-1,8
ATCAATCTGGGCTGCA-1,4
ATCAATGCCGTGGCTG-1,0
ATCACATTAGAATATC-1,1
ATCACGTGCTAATTAA-1,9
ATCACTTCATCCTCGC-1,4
ATCAGAAGCTGGTTGC-1,2
ATCAGACGGCACGCCG-1,4
ATCAGCCTCATGCTGC-1,9
ATCAGCTCGTCCACTA-1,7
ATCAGGTAGCTGACAG-1,9
ATCAGGTCGCCATTGC-1,9
ATCAGTAGGCAGGGAT-1,0
ATCATAGATCGACGAG-1,8
ATCATAGCCCTATGTA-1,1
ATCATCCAATATTTGT-1,6
ATCATCTGCCCAGTGT-1,4
ATCATGGACTACCGAC-1,9
ATCATTGTACCGCATT-1,4
ATCCAACGCAGTCATA-1,1
ATCCAATGGAGGGTCC-1,1
ATCCAATGGTACCGAA-1,4
ATCCACATCGACAGAA-1,1
ATCCACGCTAAATGTT-1,7
ATCCACTTTCAGACTA-1,7
ATCCAGAGCAACAACC-1,6
ATCCAGGATTCGTGAA-1,0
ATCCCATCCACAGCGC-1,4
ATCCCATTTCCGTGGG-1,6
ATCCGGACCAGCCTGA-1,8
ATCCTACCTAAGCTCT-1,3
ATCCTGAATCGCTGCG-1,4
ATCCTGCGTGGAATGG-1,0
ATCCTGCTGCAGATAG-1,9
ATCCTTCTGAAAGAAC-1,8
ATCGACCCAATACAGA-1,1
ATCGACTCTTTCCGTT-1,3
ATCGCACGATTGTTCA-1,7
ATCGCACGCCGGGAGA-1,3
ATCGCCAGTCAACATT-1,0
ATCGCCGTGGTTCATG-1,7
ATCGCTGCGTGCAGCA-1,1
ATCGCTTTACGTCTCA-1,7
ATCGGAGACAGACGGC-1,0
ATCGGCAAGCAGTCCA-1,8
ATCGGTTACCTAGTAA-1,4
ATCGTATTCCGAGAAC-1,8
ATCGTCCAATCGAGTC-1,9
ATCGTGGAAAGTCTGG-1,4
ATCGTTAGCTAGCGGA-1,7
ATCGTTCACTTTCGCC-1,9
ATCTAACGTCCCTATG-1,9
ATCTAATATCCTACGG-1,9
ATCTACCATCTGCTCC-1,0
ATCTAGCTTGTGAGGG-1,1
ATCTATCGATGATCAA-1,9
ATCTCATAAACCTACC-1,0
ATCTCCCACGGAATAT-1,6
ATCTCCCTGCAATCTA-1,4
ATCTCGTGAGCGAAAC-1,5
ATCTGACATGGAAGGA-1,6
ATCTGATAGTGTCTTA-1,3
ATCTGCACCTCTGCGA-1,0
ATCTGCTGTTATCGCC-1,9
ATCTGGGCTGTTCTTG-1,9
ATCTGGTTAAGACTGT-1,0
ATCTGTAATTGTACCC-1,7
ATCTTAGGGCATTAAT-1,1
ATCTTATCGCACACCC-1,0
ATCTTGACCTGCAACG-1,1
ATCTTGACTTGTCCAA-1,9
ATCTTTCGTATAACCA-1,1
ATGAAGCCAAGGAGCC-1,5
ATGAAGTGGACCCAGC-1,4
ATGACGCCGGCTCTAA-1,6
ATGACGCGTTCTATCC-1,6
ATGACTATCAGCTGTG-1,1
ATGACTATGCGACATT-1,5
ATGAGGAGTGTTAATC-1,1
ATGAGGGCAGCGGCTA-1,5
ATGATCGGGAATAGAC-1,1
ATGATGCAATGGTACA-1,3
ATGCACCTTCCTTAAT-1,8
ATGCACGCGCTGTTCA-1,8
ATGCACTACCGCATTG-1,9
ATGCATGATCCAGGAT-1,0
ATGCATTCCGTGATGG-1,9
ATGCCAATCGCTCTGC-1,1
ATGCCATTTGCGACCA-1,7
ATGCCGGTCTTGCATA-1,7
ATGCCGGTTGATGGGA-1,6
ATGCGACAATTGGTCC-1,1
ATGCGACAGTCCCATT-1,4
ATGCGAGTCCCACCAC-1,0
ATGCTCAGTGTTGCAT-1,9
ATGCTCTGGCGCGGTA-1,0
ATGCTTAGGAGTTGAT-1,0
ATGGAAATTTAAGGAG-1,9
ATGGAACAGAATAAAC-1,1
ATGGAACCTTTGCACA-1,5
ATGGACTGCTTAGTTG-1,0
ATGGAGCAGGCCGTGA-1,1
ATGGATCCGGCGTCCG-1,4
ATGGATTGACCAAACG-1,3
ATGGCAGCATTACGAT-1,0
ATGGCAGCCGAGAAAC-1,4
ATGGCCCGAAAGGTTA-1,8
ATGGCGGAATAGTCGC-1,1
ATGGCTGGAAATGGCC-1,7
ATGGGAACGGAAGCGG-1,6
ATGGGACCTGCTGAAC-1,5
ATGGGCCTCGGCCTCT-1,0
ATGGGTGTATACCTCC-1,8
ATGGTATTGGGAACCG-1,8
ATGGTATTTACTGATT-1,6
ATGGTCGCGTGGTTTC-1,0
ATGGTGCTCAAAGCCA-1,1
ATGGTTACGAAACATG-1,1
ATGTAAGGCTGCTCTT-1,0
ATGTACATGCGGTGAG-1,1
ATGTACGATGACGTCG-1,0
ATGTAGCGCGCGTAGG-1,7
ATGTCATAATAAACGA-1,8
ATGTCATTTCCCATTG-1,7
ATGTCTTGTTTGACTC-1,7
ATGTGAAAGCCTAATG-1,9
ATGTGCATCCGACGCA-1,3
ATGTGGACATCTTGAT-1,0
ATGTGTAGTTTAGTCA-1,7
ATGTTACGAGCAATAC-1,7
ATGTTCCTGCCCACCT-1,6
ATGTTCGTCGACCCAC-1,4
ATGTTGATTAGAGACT-1,1
ATGTTGTAGTCTGTTT-1,7
ATGTTTCGGCCCGGAG-1,8
ATGTTTGTAAGATCAT-1,5
ATTAAACATGCGGACC-1,6
ATTAAAGCGGACGAGC-1,8
ATTAACACCTGAGATA-1,4
ATTAATACTACGCGGG-1,4
ATTAATGAACCAGTCG-1,4
ATTAATTCGGTCACTC-1,6
ATTACAACTACCGGCC-1,6
ATTACATGTCAGTCTT-1,0
ATTACCACACTGCCTG-1,5
ATTACGACTCCACAGT-1,9
ATTACGCGCTGGCAGG-1,7
ATTACGGGCTACGGTT-1,0
ATTACTAGCCTCTTGC-1,6
ATTACTTACTGGGCAT-1,1
ATTAGATTCCTCAGCA-1,1
ATTAGATTGATAGCGG-1,9
ATTAGGCGATGCTTTC-1,6
ATTATACTTTGCTCGT-1,8
ATTATAGCTACTTTAC-1,7
ATTATCGGAATGTACG-1,0
ATTATCTCGACAGATC-1,9
ATTATGAGACCCAATT-1,2
ATTATGCCATAGGGAG-1,9
ATTATGCTCAGTATTG-1,7
ATTATTATGTCCGTCA-1,6
ATTATTCAGAGTCACT-1,1
ATTCAAAGTACCTGTT-1,6
ATTCAACCATTTAAGG-1,9
ATTCACTGATGTTGGA-1,9
ATTCAGATGAATCCCT-1,0
ATTCAGGACCTATTTC-1,4
ATTCAGGATCGCCTCT-1,4
ATTCAGTAGCAGGGTC-1,9
ATTCATATACTGTCCA-1,6
ATTCATCGTTGAGGCA-1,3
ATTCCCACATAAACAA-1,6
ATTCCCGAAGGTACAG-1,9
ATTCCTAAGACGTGGA-1,1
ATTCCTCCGCCAGTGC-1,5
ATTCCTTCCAGGCGGT-1,2
ATTCGACGCCGGGCCT-1,4
ATTCGCAGAGGACACT-1,8
ATTCGCGCCTTGAGAG-1,0
ATTCGTCCCGAGGTTA-1,8
ATTCGTGCTATCTCTT-1,3
ATTCGTTTATCGTATT-1,6
ATTCTCGTCTCTTTAG-1,1
ATTCTGAGTATGAACT-1,1
ATTCTTCGTACTTATG-1,6
ATTGAAGATCTTAGTG-1,7
ATTGAATTCCCTGTAG-1,2
ATTGACCGGCGATGAC-1,9
ATTGACGTAACTCGGT-1,1
ATTGATAGCAACGAGA-1,1
ATTGATCACCACATTT-1,6
ATTGATGAGTCCTAAC-1,1
ATTGCCTATTAGACCG-1,8
ATTGCCTTTATGTTTG-1,0
ATTGCGATCAGTAACT-1,0
ATTGCTGCTCCTCCAT-1,1
ATTGGATTACAGCGTA-1,5
ATTGGGAATATCTTGG-1,6
ATTGGGAGTTCTGTAA-1,1
ATTGGTAGGATCCGCT-1,4
ATTGGTTGTGCATTAC-1,0
ATTGTACAACTCGGCT-1,0
ATTGTCGCAATACCTT-1,9
ATTGTCTGTTTCATGT-1,1
ATTGTGACTTCGCTGC-1,1
ATTGTTCAACGATCCG-1,6
ATTTAACTCGTATTAC-1,1
ATTTACAGTTTACTGG-1,9
ATTTACTAAGTCCATT-1,4
ATTTATACTGGTAAAG-1,1
ATTTCATTATTTCGCG-1,4
ATTTCCGGGTTCTGCG-1,1
ATTTGCCTAGTTACGA-1,8
ATTTGCGCGAGTAGCT-1,6
ATTTGGAGATTGCGGT-1,7
ATTTGTCTTGGGAGCT-1,9
ATTTGTTCCAGGGCTC-1,4
CAAACCAGGTCTGCAT-1,1
CAAACCCTCCGGCGGG-1,9
CAAACGAGTATCGCAG-1,4
CAAACGGTCGCACTTT-1,6
CAAACGTGGTCTTGCG-1,9
CAAACTACGATAGAGA-1,6
CAAACTATTGAGCTTC-1,4
CAAACTCGCGACGCCG-1,9
CAAAGATTATTGGGCC-1,2
CAAAGGTCATCTGAAA-1,9
CAAAGGTTAAATTCAG-1,5
CAAAGTCAGGTTAGCT-1,1
CAAATCTCTCACAAGG-1,6
CAAATGCGGAGTGTTC-1,7
CAAATGTCCTTCCGTG-1,1
CAAATTGGATTATGCC-1,9
CAAATTGTCAGCAAGC-1,1
CAACACATCTCCTGCC-1,7
CAACAGAATAACGCTA-1,3
CAACAGTGCCAAACGG-1,7
CAACATGGCCTGATAA-1,1
CAACCAGTGGCCTACC-1,1
CAACCGCACCTAGACA-1,6
CAACCTACCGAGCAGT-1,6
CAACCTGAACCTGCCA-1,9
CAACGACCCGTTTACA-1,9
CAACGAGCTTATTATG-1,9
CAACGATCGATCCAAT-1,8
CAACGCGATGAGCCAA-1,4
CAACGGTTCTTGATAC-1,5
CAACGTGGTGGAGTCT-1,1
CAACTATATCGAATGC-1,4
CAACTCCAACGTTTAG-1,9
CAACTCCGTAACTTGC-1,5
CAACTCCTTGATCCCG-1,9
CAACTGAGGGTATGAC-1,7
CAACTGCTCATCCGAT-1,3
CAACTTGTAGTGGGCA-1,6
CAAGAAACCCTAAACT-1,8
CAAGACTCAGAAGCGC-1,6
CAAGAGGGCGGAGTAC-1,7
CAAGATATTATAACGT-1,1
CAAGCAACGTCGGAGT-1,7
CAAGCACCAAATGCCT-1,2
CAAGCGGCACATAATT-1,1
CAAGGATCGCATGTTC-1,6
CAAGGCCAGTGGTGCA-1,7
CAAGGGAGTGTATTTG-1,1
CAAGGTCCTATAGGCT-1,0
CAAGTAAGTGATAGAC-1,1
CAAGTCGTTGAAATCT-1,8
CAAGTGAACTTTGGTT-1,5
CAAGTGTGGTTGCAAA-1,7
CAATAAACCTTGGCCC-1,0
CAATACGAGAGTCTGA-1,7
CAATACGCTCTGAGGC-1,4
CAATATGTAGATTTAC-1,9
CAATATTCTTGACCTA-1,1
CAATATTGGACTAGTG-1,9
CAATCCATTATCCGTT-1,3
CAATCCCTATACCAGC-1,6
CAATCCTGCCGTGGAG-1,6
CAATGACCCTTAATTT-1,8
CAATGAGGTTCGACTA-1,5
CAATGCGAGAAGTATC-1,0
CAATGGAATCTACATA-1,1
CAATGGATCTCTACCA-1,6
CAATGGTCGGCCTGGG-1,1
CAATGTGCCAACCCTT-1,1
CAATTAAGGGTGATGA-1,4
CAATTGGGCCGCACTC-1,0
CAATTTCGTATAAGGG-1,5
CAATTTGACCGGGAAG-1,0
CACAAACCGCAGAACT-1,0
CACAAGAAAGATATTA-1,6
CACAAGCTAAGAAAGG-1,2
CACAATGAGCTGCTAT-1,0
CACACACGCTAACGAG-1,1
CACACAGCTTGCGCTC-1,0
CACACAGGGATAGATT-1,6
CACACGCGCTGTCTTA-1,3
CACACGTTTCAATGGG-1,1
CACACTTGTATTGCGA-1,9
CACAGAGACGAGGACG-1,0
CACAGCACCCACGGCA-1,8
CACAGCTAGGGAGTGA-1,4
CACAGGGCCATATAGT-1,0
CACAGGGCCGTTGTCA-1,9
CACAGTCCCGCTTCGC-1,1
CACAGTTCGCTTCCCA-1,7
CACATAAGGCGACCGT-1,7
CACATATTAGCAGGAT-1,9
CACATCGTGCACGCGC-1,1
CACATCTCACCGACGA-1,9
CACATGATTCAGCAAC-1,1
CACATGTTTGGACATG-1,6
CACATTCTTTCGATGG-1,6
CACATTTCTTGTCAGA-1,1
CACCAATCATCCGTCT-1,3
CACCACGCCACACAGA-1,0
CACCAGTCAGCATGCA-1,8
CACCATCGGAGGAGAC-1,1
CACCATGATCGCAAAG-1,9
CACCCAAATCTTATGT-1,5
CACCCACACGTCACCC-1,1
CACCCACGAGGCAATT-1,6
CACCCGCGTTTGACAC-1,7
CACCCGGTTTGTGACT-1,5
CACCCTAACAAGATCT-1,7
CACCCTTGGTGAGACC-1,1
CACCCTTTCCTCGCTC-1,6
CACCGATACACCGAGC-1,6
CACCGATGATGGGTAC-1,9
CACCGCCAGAAGGTTT-1,3
CACCGCCGACCAGCGA-1,1
CACCGCGTCCACTCTA-1,9
CACCGGAGATATCTCC-1,6
CACCGGGCATCACAAG-1,6
CACCGGTAGAGACATT-1,0
CACCGTATCCCATCCG-1,1
CACCGTTAGGGATCAC-1,9
CACCGTTGCGCGATAT-1,2
CACCTAATAGAGTCGT-1,6
CACCTAATCAGTTTAC-1,4
CACCTCGATGGTGGAC-1,1
CACCTCTACGAGTGTG-1,4
CACCTTGCGAAACTCG-1,3
CACCTTGGCGCCTTTG-1,3
CACGAAAGTTAGTCCC-1,7
CACGACCACAGACTTT-1,3
CACGACGTAATAGTAA-1,1
CACGACTAAAGTTCTG-1,4
CACGAGCAAACCAGAC-1,7
CACGATTGGTCGTTAA-1,6
CACGCACAGCGCAGCT-1,4
CACGCAGCGAGGCTTT-1,6
CACGCGGAACTGTTGC-1,1
CACGGACGTGGATGGC-1,1
CACGGCGCGCCAAAGG-1,1
CACGGGATTGAGGGTT-1,4
CACGTCAATCAATGGA-1,0
CACGTCGGCAACCTCT-1,1
CACGTCGGGTTCTAGA-1,1
CACGTCTATGATGTGG-1,6
CACGTTCGTGCTCTAG-1,0
CACGTTTCGTACACAC-1,7
CACTAAAGTTGCCTAT-1,9
CACTACGGGAGCTGCC-1,6
CACTACTCAGTTCTGT-1,8
CACTCAAGAGCTATGG-1,6
CACTCAGCTCTTGAGG-1,8
CACTCCTATGTAAGAT-1,8
CACTCCTCTCGGTCGG-1,1
CACTCGAGCTGAACAA-1,0
CACTCGGTTAGGAGGA-1,4
CACTCTCAAGCATCGA-1,7
CACTCTTCTGCTAGCC-1,5
CACTGACGATTGTGGA-1,5
CACTGTCCAAGTGAGA-1,1
CACTTAATCAGACGGA-1,7
CACTTCGCCACAGGCT-1,6
CACTTCGTCTTATCTC-1,1
CAGAACTTAGCCCTCT-1,5
CAGAATAACACACGGA-1,1
CAGAATATTCGTTATC-1,7
CAGACACCGATCGCTG-1,1
CAGACCTGTAAGTGTT-1,9
CAGACGAACCTGATAC-1,7
CAGAGACGGTCACCCA-1,6
CAGAGCATGAGCTTGC-1,8
CAGAGCGATGGATGCT-1,9
CAGAGGCGATGCATGA-1,9
CAGAGTGATTTAACGT-1,9
CAGATAATGGGCGGGT-1,9
CAGATACTAACATAGT-1,7
CAGATATGAAGATGAC-1,8
CAGATCATTTAAAGTC-1,9
CAGATCCTGGTTTGAA-1,1
CAGATGTTTGTCCCAA-1,5
CAGCAGCCCGTTCCTT-1,4
CAGCAGTCCAGACTAT-1,0
CAGCAGTCTGTGCTGC-1,9
CAGCCCTCACAGGCAG-1,7
CAGCCGGGCCCTCTAT-1,5
CAGCCTCCTGCAGAGG-1,8
CAGCCTCGATAGCGGT-1,9
CAGCCTCTCCTCAAGA-1,7
CAGCGATTCCCTTCAA-1,9
CAGCGCCAACACGATA-1,7
CAGCTCACTGAGACAT-1,8
CAGCTCGACAAGTTAA-1,7
CAGCTCGTGCTTGTGT-1,0
CAGCTCTGGGCTCACT-1,4
CAGCTGGCGTAACCGT-1,1
CAGCTTAGTAGGTAGC-1,9
CAGGAAGACTTTATAT-1,1
CAGGACAGCTGCCCTT-1,7
CAGGATATATCGTTGT-1,6
CAGGATCCGCCCGACC-1,6
CAGGCAGTCTTACCAG-1,1
CAGGCCAGTACCACCT-1,4
CAGGCCGTTTGGGTGT-1,0
CAGGCGCACGGTGGTC-1,2
CAGGCGCCATGCTAGG-1,9
CAGGGAGATAGGCCAG-1,7
CAGGGCTAACGAAACC-1,9
CAGGTTTAGTACTACA-1,8
CAGTAACTATTTATTG-1,3
CAGTAAGGGACGTCTC-1,4
CAGTAATCCCTCCCAG-1,6
CAGTACATTCTCTAAA-1,3
CAGTACCAGTTTACGT-1,5
CAGTAGATGATGTCCG-1,1
CAGTAGCCCACGCGGT-1,3
CAGTAGCGAGGTAGTA-1,1
CAGTCCAACGCCTTCT-1,8
CAGTCGAGGATGCAAT-1,7
CAGTCGGCCTAGATAT-1,7
CAGTCTCTCGGCTAAT-1,1
CAGTCTGTATACTGGG-1,7
CAGTGAATAAATGACT-1,4
CAGTGGTTGCACATGA-1,7
CAGTGTCCGCAGAATG-1,1
CAGTGTCGGCTGGCCC-1,7
CAGTGTTAATCTCTCA-1,4
CAGTTCAAATTGACAC-1,7
CAGTTCCGCGGGTCGA-1,7
CAGTTCGAGGACCCGA-1,7
CATAACGGACAGTCGT-1,1
CATAAGAAGCTTGGCT-1,9
CATAAGCTCTCCGTCT-1,2
CATAATGAGCGGGCGA-1,4
CATACAAAGCCGAACC-1,1
CATACACAAAGTCAGC-1,5
CATACACGGTTCCCAC-1,9
CATACCCGTACCCAGT-1,4
CATACGAACTAGCTGG-1,8
CATACGGCGTCTGGGC-1,6
CATACGGGTGCATGAT-1,9
CATACTATGTAATTGT-1,1
CATACTTAGGCAATAC-1,5
CATACTTCTTTCTCCG-1,7
CATAGAGGAGATACTA-1,8
CATAGCCGCCCGGGAT-1,9
CATAGCGTTGCCCACC-1,5
CATAGGGACACTTGTG-1,6
CATAGTACATTGAGAG-1,8
CATAGTAGCATAGTAG-1,7
CATAGTCAAATACATA-1,1
CATAGTCCACAAGAAC-1,6
CATAGTGGGCACGCCT-1,9
CATATACTACTGATAA-1,0
CATATAGGTACAGTCA-1,2
CATATGTCAGGCTACG-1,6
CATATTATTTGCCCTA-1,0
CATCAAACTGGCGCCC-1,3
CATCAACACCTACTAA-1,5
CATCATCTACCCGGAC-1,1
CATCATTACCCTGAGG-1,9
CATCCAATATAGTTTG-1,5
CATCCCGAGATTCATA-1,1
CATCCGCAGGCCCGAA-1,1
CATCCTCTCAAAGATC-1,7
CATCGAATGGATCTCT-1,6
CATCGCCCGCGGCCAA-1,1
CATCGGACGGGTTAAT-1,6
CATCGTCCGGTTACTA-1,4
CATCTACCCGAGAACG-1,7
CATCTAGTGAAGGGAA-1,1
CATCTATCCCGTGTCT-1,8
CATCTGCAGGATCATT-1,4
CATCTTACACCACCTC-1,0
CATGAACCGACATTTG-1,6
CATGAACCTCTTATCA-1,9
CATGACTTCGCTGAAT-1,8
CATGAGATGCACTCTC-1,0
CATGAGTCCATCACGG-1,1
CATGATACGGTGAAAC-1,6
CATGATCGCTTTGAGA-1,9
CATGATGCACAATTCT-1,3
CATGATGGAAGTTAGC-1,1
CATGCACATGAGAGGC-1,8
CATGCACGTGTTACTG-1,7
CATGCATGGAGACCCT-1,1
CATGCCAACTCGCAAA-1,1
CATGCGACCAGTTTAA-1,1
CATGCGTTAGACAGAA-1,9
CATGCGTTGAGAGGAG-1,4
CATGCTGGCTCCAATT-1,6
CATGGAAATGGGACCA-1,5
CATGGATTGTCTTCCG-1,5
CATGGCAGGAAGATCG-1,6
CATGGCTCCCTATGTC-1,4
CATGGGTATGCCTTAT-1,5
CATGGGTCGGGTGTGG-1,6
CATGGTAAGTAGCGTT-1,8
CATGGTATTAGTTTGT-1,3
CATGGTCTAGATACCG-1,4
CATGGTTTATTAATCA-1,0
CATGTAAGAGACATTT-1,5
CATGTAGGAGCGCCAA-1,1
CATGTCTCATTTATGG-1,0
CATGTGGGCTCATCAC-1,1
CATTACATAGATTGTG-1,6
CATTACGCAGGAAGGG-1,1
CATTACGTCGGCCCGT-1,9
CATTATAACAGGGTCC-1,5
CATTATCCCATTAACG-1,8
CATTATGCTTGTTGTG-1,1
CATTCACTGACAGCTA-1,6
CATTCAGGTCAGTGCG-1,6
CATTCCCATTCCGTCG-1,5
CATTCCCTAAGTACAA-1,1
CATTCGTCGTAGCGGT-1,7
CATTGATGAACACGCC-1,6
CATTGCAAAGCATAAT-1,8
CATTGCGAAATGGGCG-1,4
CATTGCGGGTCAATTC-1,0
CATTGTGTGCTAGATC-1,5
CATTTAGCGGACCATG-1,4
CATTTATCGTTCAAGA-1,8
CATTTCTAGCAGACTA-1,6
CATTTGAGTGGTACGT-1,7
CCAAACAGAACCCTCG-1,5
CCAAAGCAGTTGGTTG-1,6
CCAAAGTCCCGCTAAC-1,1
CCAAATAACAAGATTC-1,1
CCAAATCAAAGGGCAA-1,3
CCAACCTTATGTAACT-1,7
CCAACGATGCACTGAT-1,6
CCAACGCTTGCCAGGG-1,6
CCAACTTGATAGATCC-1,9
CCAAGAAAGTGGGCGA-1,1
CCAAGACTTCTGCGAA-1,1
CCAAGCGTAACTCGTA-1,4
CCAAGCTTGATCTCCT-1,7
CCAAGGAACAGAGAGG-1,1
CCAAGGTTGCCCTTTC-1,3
CCAAGTTTCTACAGAT-1,6
CCAATAGATTTCATCT-1,4
CCAATAGTGCCGTCGA-1,1
CCAATCGGTAGATCGA-1,1
CCAATGTCACAGCAAG-1,7
CCAATTACGGGTCGAG-1,9
CCAATTGAATGTTAAT-1,2
CCACAATGTACGTCTT-1,5
CCACACTGAGATATTA-1,0
CCACAGCTGAAATCAT-1,6
CCACAGTACCCATCCT-1,7
CCACATACTGCACCCA-1,0
CCACATGGCTCTTTAT-1,1
CCACCAACTTTACTGT-1,9
CCACCCAAGGAAAGTG-1,1
CCACCTGTATGGAATA-1,3
CCACGAATTTAACCTC-1,3
CCACGAGAAGAGAATC-1,4
CCACGGAGCCATAAGA-1,6
CCACGGCAGGTGTAGG-1,4
CCACGGTGCCCGGTAG-1,0
CCACGTAAATTAGACT-1,7
CCACTAAACTGAATCG-1,6
CCACTATCCGGGTCAC-1,1
CCACTCAGATCCGCAA-1,6
CCACTGGTGGCTGGTT-1,4
CCACTGTTTGGATTAA-1,1
CCAGAAACTGATGCGA-1,0
CCAGAAAGCAACTCAT-1,9
CCAGAGACAAAGCCGG-1,5
CCAGATAGTTGAGTGA-1,6
CCAGATGTAAATGGGT-1,8
CCAGCCTGGACCAATA-1,1
CCAGCGGGATCACCAG-1,1
CCAGCTACGCCTCATA-1,0
CCAGCTCGAACGCATT-1,1
CCAGCTGATGGTACTT-1,4
CCAGCTTCCGCCCGCA-1,0
CCAGGCGAGATGGTCT-1,6
CCAGGCTGGCGTCTGA-1,7
CCAGTAGTCTGATCCA-1,4
CCAGTCAAATCTCTTA-1,0
CCAGTCCATTATTCGA-1,0
CCAGTCTAGACGGCGC-1,3
CCAGTCTTGTCATAGA-1,1
CCAGTGAGCTCCTTGT-1,8
CCAGTGTACAGACCGA-1,4
CCAGTTCGGTAACTCA-1,9
CCATAAACAACCCGAC-1,0
CCATAACCTGTGCAGT-1,1
CCATACCTTTACTTGT-1,1
CCATACTCGCCTCTCC-1,0
CCATAGAGGCTGCCAG-1,9
CCATAGGTTGGCGTGG-1,2
CCATAGTCAGTAACCC-1,9
CCATATGGAAACTATA-1,1
CCATATTGGATCATGA-1,6
CCATCATAAGAACAGG-1,5
CCATCCATACCAAGTC-1,9
CCATCGCAGTTAAACT-1,9
CCATCTCACCAGTGAA-1,1
CCATCTTGTTCACAAT-1,6
CCATGCCCTAGATTTC-1,9
CCATGCCTGTTTAGTA-1,4
CCATGCTCTGCAGGAA-1,1
CCATGGCAAACGCTCA-1,0
CCATGGCCCTTGTACC-1,4
CCATGTTCATCTATAT-1,8
CCATTAGCGATAATCC-1,6
CCATTCCCTGCCCACA-1,6
CCATTGTTTCCTCCAT-1,9
CCATTTCTACCTATTA-1,3
CCCAAACATGCTGCTC-1,0
CCCAACATACGTCGCG-1,7
CCCAACCACACTAACA-1,9
CCCAAGAATGCACGGT-1,1
CCCAAGACAGAGTATG-1,8
CCCAAGTCATTACACT-1,7
CCCAATGAGATTTGCA-1,1
CCCAATTTCACAACTT-1,3
CCCAGAGGAGGGCGTA-1,7
CCCAGATTCCCGTGAC-1,8
CCCAGGAAGAATTCGA-1,1
CCCAGGTCTGAAGGCT-1,0
CCCAGTAAACTTGGGA-1,8
CCCAGTTAAGGCGCCG-1,5
CCCATATAGGTCGATT-1,0
CCCATTATTGTATCCT-1,0
CCCGAAGTTTCGCGAA-1,0
CCCGACCATAGTCCGC-1,8
CCCGAGTTTCTCCGTA-1,9
CCCGATAGCCTCGCCT-1,6
CCCGCAAATAATCATC-1,8
CCCGCAGCGCGAACTA-1,1
CCCGCAGGGCCCAAAG-1,8
CCCGCCATGCTCCCGT-1,0
CCCGCGCAATGCACCC-1,6
CCCGCTAGAGGGTTAA-1,8
CCCGCTTGCCCTCGTC-1,6
CCCGGCACGTGTCAGG-1,6
CCCGGCTAGGTGAGAA-1,7
CCCGGGTCGTTCAGGG-1,7
CCCGGTGGAAGAACCT-1,6
CCCGGTGTATCGGAAT-1,1
CCCGTAAGTCTAGGCC-1,9
CCCGTAGCTGGGAAGA-1,6
CCCGTCAGCGTCTGAC-1,9
CCCGTGAGGGCGGTGA-1,9
CCCGTGGGTTAATTGA-1,7
CCCGTTTCGCAGATGT-1,1
CCCTACCCACACCCAG-1,1
CCCTACTTGAACAATG-1,0
CCCTAGCTCTAAGGTC-1,2
CCCTAGGCAACAAGAG-1,1
CCCTAGTGTCAGGTGT-1,9
CCCTATGTAGAGCAGA-1,0
CCCTCAAGCTCTTAGT-1,4
CCCTCAGATCGAGAAC-1,5
CCCTCATTCTGGAATT-1,5
CCCTCCTCGCTCGTAT-1,0
CCCTCGATAATACACA-1,4
CCCTCGGGAGCCTTGT-1,9
CCCTGAAATGAGTTGA-1,6
CCCTGACTAACAAATT-1,4
CCCTGATGTAACTCGT-1,1
CCCTGCCCAATCCGCT-1,5
CCCTGCGCTACGCATA-1,4
CCCTGGCTGTTCCTTC-1,4
CCCTGGGAGGGATCCT-1,0
CCCTGGTATGGGCGGC-1,9
CCCTGTTGGCAAAGAC-1,6
CCCTTCTCGTACGCGA-1,0
CCCTTTAATGGAGTTC-1,5
CCCTTTGACAGGTCTT-1,6
CCGAAACACGACCTCT-1,4
CCGAAAGTGGTGAGCA-1,6
CCGAACACTGGGCCTC-1,6
CCGAACCTTCCCGGCC-1,5
CCGAAGCATTGACCAA-1,8
CCGAAGGGCGTACCGC-1,9
CCGAAGTATATTGTTC-1,1
CCGACAAACACATGAG-1,7
CCGACAAAGGGAGTGC-1,4
CCGACAATAGGCCGCC-1,9
CCGACGGGCATGAGGT-1,1
CCGACGTAAACACAAC-1,6
CCGACTCGCATAGTCT-1,4
CCGAGAAGTCGCATAA-1,7
CCGAGCTGTGCTTGTC-1,9
CCGAGGGATGTTAGGC-1,9
CCGATATGACGTAAGG-1,0
CCGATCTCAACCTTAT-1,0
CCGATCTTAAGAGGCT-1,9
CCGATTCGAGGGACCC-1,4
CCGATTGGTCAATGAA-1,2
CCGCACAAAGACCAAC-1,1
CCGCACACGAACGTGT-1,5
CCGCACGTGACCTCGG-1,1
CCGCACTTGCAATGAC-1,5
CCGCATGTGGTACGAT-1,1
CCGCCACCACAATCCA-1,1
CCGCCGGAACTTCTCG-1,9
CCGCCGGTCAACACAC-1,1
CCGCCGTTGAGGATAA-1,1
CCGCCTGCGAATTGGT-1,8
CCGCCTTGCGATGTCG-1,3
CCGCGATTTGGTAGGT-1,4
CCGCGCAAGATACCCA-1,4
CCGCGGAATGCGTCAC-1,5
CCGCGGGTACGAAGAA-1,7
CCGCGTAGGTAAGGGC-1,7
CCGCTATCAGCACCAG-1,1
CCGCTCCAGGGCGATC-1,0
CCGCTCCGGATAAGCT-1,6
CCGCTCTTCCGAACTA-1,1
CCGCTGGTGCCATTCA-1,8
CCGCTTACCTCACTCT-1,9
CCGCTTCGCGGTTAAC-1,1
CCGCTTGCTGACATGG-1,3
CCGGAAGTGCAATATG-1,7
CCGGAAGTTATCAGTC-1,8
CCGGAATGGTTTCAGT-1,6
CCGGAGCGTACTTTCT-1,6
CCGGAGGTCTTATGGT-1,4
CCGGCACGACCGTTTC-1,1
CCGGCCGCGAGCATAT-1,8
CCGGCGCATATTGGAT-1,1
CCGGCGTGAGACTCTG-1,7
CCGGGACCCGCAGAGA-1,9
CCGGGCGGTCTCGTCA-1,7
CCGGGCTAAGAATTTC-1,4
CCGGGCTGCTCCATAC-1,8
CCGGGTTCGAGGTTAC-1,8
CCGGTAATGGCTAGTC-1,5
CCGGTGCGAGTGATAG-1,6
CCGGTTTGTAATTGTG-1,6
CCGTAAGTTGGTCCCA-1,9
CCGTACCCAAGCGCCA-1,1
CCGTAGGAAATCCCTG-1,0
CCGTAGGGTTGTTTAC-1,6
CCGTATCTCGTCGTAG-1,6
CCGTATTAGCGCAGTT-1,0
CCGTCAACCTCTGGCG-1,8
CCGTGAGGCATTCATG-1,1
CCGTGCCCATGACGGC-1,1
CCGTGGAACGATCCAA-1,9
CCGTGTTAAATTCCAT-1,9
CCGTTACGTTAGAACA-1,6
CCGTTCCGAATCTCGG-1,0
CCGTTTCCTTTCCGTG-1,8
CCTAAACAGGGTCCGT-1,5
CCTAAAGGCTGACGCT-1,6
CCTAAATTAACGGTTC-1,7
CCTAAATTGTATCCTA-1,3
CCTAACCCAAACAAGT-1,0
CCTAACTAAGGCTCTA-1,1
CCTAAGTGTCTAACCG-1,6
CCTACAAGTCCGGAAT-1,6
CCTACAGTTGAGGGAG-1,5
CCTACATTCACAGACG-1,7
CCTACGCGACCTTACA-1,7
CCTACGGCTCAGTCGA-1,6
CCTACTCAACACGATT-1,0
CCTACTGCGGCGGCCA-1,9
CCTACTGCTTACACTT-1,7
CCTAGGCGTAGCGATC-1,4
CCTAGGTAAAGGTAGC-1,8
CCTAGTTAGTCGCATG-1,8
CCTATAATGAGTGCCC-1,1
CCTATACCGTCCTGTC-1,5
CCTATATCGTGTCACG-1,0
CCTATATTTGTCCTGG-1,0
CCTATCTATATCGGAA-1,8
CCTATGAAGTGGTGCC-1,7
CCTATGGCTCCTAGTG-1,8
CCTATGGGTTACCGTC-1,4
CCTATGGTCAAAGCTG-1,5
CCTATGTCCACTCCAC-1,9
CCTATTATTCCGGCCG-1,6
CCTCAACGATCGCTGT-1,7
CCTCACCAATCTTGAC-1,1
CCTCACCTGAGGGAGC-1,5
CCTCACCTTAGCATCG-1,7
CCTCACGTCAGCTAAT-1,9
CCTCATGCAGCTACGA-1,6
CCTCCCGACAATCCCT-1,2
CCTCCGACAATTCAAG-1,5
CCTCCTAGCTAGAGTC-1,2
CCTCCTGAGCCCACAT-1,3
CCTCCTGTTGTGTCGT-1,5
CCTCGAAGTGGACGGG-1,6
CCTCGACCCACTGCCT-1,7
CCTCGCCAGCAAATTA-1,4
CCTCGCGCGATATAGG-1,9
CCTCGCGCTGTGCGAT-1,1
CCTCGGACCGGGATAG-1,1
CCTCGGATGCTACCTG-1,4
CCTCGGTTTCCTTGCC-1,5
CCTCGTTACGCCTGTT-1,7
CCTCTAATCTGCCAAG-1,4
CCTCTACAAGGATTGG-1,4
CCTCTATCGATTAGCA-1,9
CCTCTCTCCCATCTAG-1,0
CCTCTGGCCTAGACGG-1,8
CCTCTGTACTATTCTA-1,9
CCTGAACGATATATTC-1,0
CCTGAATATTTACATA-1,8
CCTGACAAACTCGCGC-1,4
CCTGACCACCGATGGT-1,6
CCTGACGCAACCTTTA-1,9
CCTGAGAATAAATGCA-1,8
CCTGATTCGCGAAGAA-1,7
CCTGCCCGTTGTCTAG-1,8
CCTGCGATAGAACTGT-1,9
CCTGCGTTCTACGCTT-1,4
CCTGCTATTTGAGAAG-1,5
CCTGGAAACGTTCTGC-1,0
CCTGGCTAGACCCGCC-1,1
CCTGGTCGAATGTGGG-1,0
CCTGTAAGACATGATA-1,9
CCTGTACTCACGCCCA-1,4
CCTGTCACCCGGGCTC-1,0
CCTGTCCCTCACGTTA-1,7
CCTGTCGCCCGTAAAT-1,4
CCTGTCGTGTATGAAG-1,6
CCTGTGAAACCGTAAC-1,0
CCTGTGCATAGGAGAC-1,6
CCTGTGCGGATTGTAA-1,2
CCTGTTCAACCTCGGG-1,7
CCTGTTTGAAGACACG-1,7
CCTTAAGTACGCAATT-1,7
CCTTCAGTTAAAGTGA-1,1
CCTTCCGCAACGCTGC-1,0
CCTTCGTATAGAATCC-1,5
CCTTCTCAGCGTTCCT-1,9
CCTTCTTGATCCAGTG-1,4
CCTTGACCACTTTATT-1,5
CCTTGTGAACGTGGTT-1,7
CCTTTAAGGGAGCACT-1,1
CCTTTCAATGAAGAAA-1,9
CCTTTGAATTATGGCT-1,8
CGAAACATAGATGGCA-1,8
CGAAACGCAATTCATG-1,0
CGAACAGTATGGGCGT-1,0
CGAACATAGTCAGAAA-1,5
CGAACCCGCATGCGTC-1,6
CGAACCTCTTTCCTAG-1,8
CGAACGCCCAGTGCCG-1,1
CGAACGGCCGGACAAC-1,9
CGAAGACGGTGAGTGC-1,8
CGAAGACTGCCCGGGA-1,5
CGAAGATCAGTTTCAT-1,2
CGAAGCCACAGCATGG-1,5
CGAAGCTATAAATTCA-1,3
CGAAGGGTTTCAGATT-1,7
CGAAGTTGCTCTGTGT-1,9
CGAATCTGCTCGACGC-1,8
CGAATGAAGTCATTGC-1,0
CGAATGACGCATAATG-1,0
CGAATGGTAGGTCGTC-1,0
CGAATTACATGGTGTT-1,8
CGAATTCCCGGTTCAA-1,7
CGACAATTTGATCTAA-1,0
CGACACCGCTTAAGGA-1,8
CGACACGCTCCGACAG-1,7
CGACACGGATGCCCAC-1,0
CGACAGTTCGCGTTAT-1,1
CGACATGCGATCTTCT-1,2
CGACCCTTAACGCCGG-1,7
CGACCGTTGGTATTCG-1,7
CGACCTACTAGACAAT-1,9
CGACGCATCCGTACCT-1,9
CGACTCAGGATGTTAT-1,1
CGACTCGGTACACGGT-1,6
CGACTTTGTATAGCCT-1,0
CGAGACCCTAGAGTGT-1,6
CGAGACTACTGCTGCT-1,6
CGAGAGATGTGAACCT-1,4
CGAGAGCGCGTAGATA-1,8
CGAGAGCTTTCACTAC-1,1
CGAGAGGGTAGCCGCG-1,1
CGAGATGTTGCCTATA-1,8
CGAGATTTCGCTCGGG-1,1
CGAGCACTTCAAGTTT-1,1
CGAGCCGAGCACTCGA-1,0
CGAGCGTTGATCAGCC-1,6
CGAGCTGGGCTTTAGG-1,6
CGAGGAGCTTCCATAT-1,6
CGAGGATCGGGAACGA-1,1
CGAGGCCAGGCATTGG-1,9
CGAGGCTAAATATGGC-1,4
CGAGGGACTGCGGTCG-1,5
CGAGGGTATCCAGGTG-1,6
CGAGTACTAAAGAGGA-1,1
CGAGTGAAGGTACCAG-1,2
CGAGTGCTATAGTTCG-1,1
CGAGTTCTGTCCCACC-1,4
CGAGTTTATCGGACTG-1,1
CGATAACCAATTTGAG-1,8
CGATAATACTCAGGTT-1,0
CGATACCTCGCGGACA-1,0
CGATAGCGATACAGTG-1,8
CGATAGTCGTACTGCA-1,0
CGATATTAGCCGCAGG-1,8
CGATCATTAGAGGCAC-1,6
CGATCCACCATTGTTG-1,0
CGATCCGACCCAGTGC-1,8
CGATCCTCGCAACATA-1,0
CGATCGAGAAGCACCA-1,5
CGATCTGTTGGAGGAC-1,0
CGATGGACCCTACGCC-1,1
CGATGTTGTTATCTAC-1,5
CGATTAAATATCTCCT-1,5
CGATTCGCCTGGCTGC-1,2
CGATTTGTCATTAATG-1,2
CGCAAACACGAGTTAC-1,2
CGCAATCGATCATTAG-1,4
CGCAATTACTTTCGGT-1,6
CGCAATTAGGGTAATA-1,9
CGCAATTCTACAATAA-1,1
CGCACATGTCCACTAC-1,7
CGCACGTCTGTTTATG-1,0
CGCACGTGCGCTATCA-1,0
CGCAGAAACATTTGCG-1,0
CGCAGATCTTCACCCG-1,0
CGCAGGCGATCCAAAC-1,1
CGCAGTTCTATCTTTC-1,6
CGCATCATGGCTTCAG-1,6
CGCATCCATCAGCCAG-1,1
CGCATGCCGAATGCGT-1,9
CGCATGGTGCGATGCT-1,6
CGCATTAGCTAATAGG-1,3
CGCCAAGAAGCCGAGT-1,3
CGCCAATTATTGCGTT-1,5
CGCCACAGGTCGCGAT-1,7
CGCCACCCGCATTAAC-1,8
CGCCAGTAGTACCTTG-1,1
CGCCATCCGATTATGA-1,4
CGCCCAGCACGCCTAG-1,6
CGCCCAGCGTTTCACG-1,0
CGCCCGCTTCCGTACA-1,6
CGCCCTAATTGTTCAA-1,8
CGCCCTTACATCCACC-1,0
CGCCCTTGAAGGCTGA-1,8
CGCCGACTATTCGCTA-1,4
CGCCGCCCATGCCTGT-1,9
CGCCGCGTTCTGAACG-1,8
CGCCGGTGTCGCAGTA-1,8
CGCCGTCTACCCATCG-1,9
CGCCGTTCAGCATAGT-1,1
CGCCTCCCTCCTCTAT-1,5
CGCCTGGCCTACGTAA-1,7
CGCCTTTAGCATGCTC-1,1
CGCGAAGTGGCATACT-1,1
CGCGACACTGCGCAGC-1,4
CGCGACCGCGACAGAT-1,5
CGCGAGAGGGACTTGT-1,7
CGCGAGTCTGCCGGGT-1,5
CGCGCAAATGTCCAGA-1,6
CGCGCAAGGAACTACA-1,6
CGCGCATGTTTGATTG-1,6
CGCGCCCGACTTAATA-1,8
CGCGGCAGTATTACGG-1,9
CGCGGCTCAACTTGAA-1,1
CGCGGGAATTAGGCAG-1,0
CGCGGGAATTCCTTTC-1,0
CGCGGTAAGTCTAGCT-1,9
CGCGGTACGGTATACA-1,0
CGCGGTCACAAACCAA-1,1
CGCGTACATTCTGGAA-1,7
CGCGTCATATTAAACC-1,7
CGCGTGCTATCAACGA-1,9
CGCGTGGGCCTGTGTT-1,6
CGCGTTCATGAAATAC-1,7
CGCTACCGCCCTATGA-1,9
CGCTACGGGACATTTA-1,5
CGCTAGAGACCGCTGC-1,1
CGCTATACCGCCCACT-1,1
CGCTATCGTGGCTTTA-1,6
CGCTATTCAATGTATG-1,6
CGCTATTCTTAGGCTC-1,5
CGCTCGACATAATGAT-1,2
CGCTCTCCGTAGATTA-1,5
CGCTGAGGACGTCCAA-1,1
CGCTGGTGACTACCCT-1,1
CGCTGTGACGCCGCAC-1,9
CGCTGTGTGGATGTTG-1,9
CGCTTAGTATTGATAC-1,1
CGCTTATTCCCGGTCG-1,7
CGCTTCCACTGAAATC-1,1
CGCTTCGGTCTAAGAC-1,1
CGCTTGGACGGATAGA-1,1
CGCTTTCATACCGGTG-1,6
CGCTTTCCGCCAAGGT-1,7
CGCTTTCTTGCATTCG-1,1
CGGAAAGAATCAAACG-1,1
CGGAAAGCAAATGTGC-1,7
CGGAAATTTCACATCC-1,0
CGGAACGTAAACATAG-1,8
CGGACCTCTGTAGTTA-1,4
CGGACCTTTACGTCCC-1,1
CGGACGTTACTTGAAG-1,4
CGGAGCAATTTAATCG-1,7
CGGAGCATGGCGATCC-1,6
CGGAGCTTATAACACC-1,6
CGGAGTCCTAACCTGG-1,3
CGGAGTTTGAGAGACA-1,1
CGGATAAGCGGACATG-1,1
CGGATCCTCAAGGACT-1,0
CGGATGAATGCTGTGA-1,4
CGGCAAACATCGTGCG-1,0
CGGCAATAAGATCGCC-1,9
CGGCACCGTTAGCGCC-1,0
CGGCACTCAAGAAAGT-1,2
CGGCAGGGTCGGGTTG-1,6
CGGCCACGCACAAAGT-1,4
CGGCCAGAGCGACCAT-1,5
CGGCCCAACCTGTAGT-1,0
CGGCCCAGGTATATCC-1,3
CGGCGCCATCAATCCC-1,0
CGGCTCTAAAGCTGCA-1,7
CGGCTCTTCGTCGAAC-1,6
CGGCTGAAGGTTACGC-1,7
CGGCTGCAAGATTAAG-1,9
CGGCTTTGTATGATAA-1,7
CGGGAACGCCCTGCAT-1,6
CGGGAAGTACCGTGGC-1,6
CGGGAATATAGTATAC-1,0
CGGGAATTTATGTAAA-1,1
CGGGAGCTTCAGTGTA-1,0
CGGGAGTATACCGCCG-1,7
CGGGATCAATGTAAGA-1,3
CGGGCAGCTAAACCGC-1,3
CGGGCCATAGCCGCAC-1,1
CGGGCCTTCTTTGTAA-1,1
CGGGCGATGGATCACG-1,9
CGGGCTACTTAAATTG-1,1
CGGGTGTACCCATTTA-1,0
CGGGTTCGGCACGTAT-1,5
CGGGTTGTAGCTTTGG-1,6
CGGGTTTGTTAGGGCT-1,5
CGGTAACAAGATACAT-1,9
CGGTACGGCAAACCCA-1,3
CGGTACTAGAATCAAA-1,5
CGGTAGAGGTGCAGGT-1,3
CGGTATAGGTATTAGC-1,6
CGGTATGGGCACTCTG-1,1
CGGTCAAGTGGGAACC-1,0
CGGTCAGTCCATATTT-1,8
CGGTCCATGAGACTCC-1,6
CGGTCCGTCGCAAGCC-1,1
CGGTCTATCAACCCGT-1,6
CGGTGAAGACTAAAGT-1,4
CGGTGCAGATAGAACG-1,5
CGGTGCGCGTTGGTCC-1,1
CGGTGGGCTCCAGCCT-1,1
CGGTGTACTTGATCCC-1,6
CGGTTATCCAACAGTG-1,9
CGGTTCAAGTAGGTGT-1,7
CGGTTCCGGCTTCTTG-1,6
CGGTTGACCTGGCATA-1,4
CGGTTGAGTATCCTTC-1,4
CGGTTGGGCAGGGTCC-1,0
CGGTTGGGTTCAAGTT-1,6
CGGTTTACTGAACATT-1,1
CGGTTTATGAAGGAAC-1,6
CGTAAACGCTTGAGTG-1,1
CGTAAAGCAAGAAATC-1,4
CGTAAATAACAAAGGG-1,8
CGTAACGGAACGATCA-1,5
CGTAACTTCGACACTT-1,9
CGTAATAATTACGAGT-1,7
CGTACCGAAAGTCTAG-1,6
CGTACCTGATAGGCCT-1,5
CGTAGAGAGTAATTAT-1,7
CGTAGCGAATTGTCAG-1,7
CGTAGCGCCGACGTTG-1,4
CGTATCTAGAACTAAG-1,1
CGTATTAAGAGATCTA-1,3
CGTATTGTTTCCTAAT-1,9
CGTATTGTTTGGCGCC-1,5
CGTCAAATGGTCGCAG-1,8
CGTCAAGGCTATAAAT-1,8
CGTCAATCTTTAACAT-1,1
CGTCACGTCCATTGGT-1,7
CGTCAGCTATTTACTC-1,6
CGTCAGTGCGCACAAG-1,1
CGTCAGTTTATCGTCT-1,7
CGTCATACCATATCCA-1,0
CGTCCAGATGGCTCCA-1,1
CGTCCTCATCGCGTGC-1,0
CGTCGCATGTGAGCCA-1,7
CGTCGCGGCGGGATTT-1,6
CGTCGCTTGGTTATAC-1,3
CGTCGGATAGTGTTGA-1,1
CGTCGGGTCTAAGCGC-1,0
CGTCGTCCTTCGCGAA-1,9
CGTCTCTCGCCGAGGC-1,9
CGTCTGGAAGGGCCCG-1,2
CGTCTTGAGTGTGACG-1,8
CGTGAACTGACCCGAT-1,9
CGTGAAGTTAATTCAC-1,1
CGTGACATTGGGTCGT-1,1
CGTGACCAGTCCTCTG-1,7
CGTGCACACCACTGTA-1,1
CGTGCAGACTGGGACA-1,0
CGTGCATTGTCGACGC-1,3
CGTGCCCGACATTTGT-1,5
CGTGCCCTCCCGAAGA-1,9
CGTGCTGGCCTAGTCG-1,9
CGTGCTTCTACCTAAA-1,8
CGTGGAAGCCTCGTAC-1,1
CGTGGCCGAATATCTA-1,7
CGTGGTACCCAAAGGC-1,1
CGTGTATGGGAGCTGA-1,0
CGTGTCCCATTCGCGA-1,7
CGTGTCTCGTTACGAC-1,0
CGTGTGTTAAACCCTG-1,5
CGTTAAACTAGTTAGG-1,1
CGTTAAATACGACCAG-1,1
CGTTAATGTCCCGACG-1,9
CGTTAGCTCACAACTG-1,1
CGTTATCATACTTCCA-1,0
CGTTCAAGGAAACGGA-1,1
CGTTCAGACCCGCGAA-1,1
CGTTCATGGTGCGCGT-1,9
CGTTCTTCGCACACCT-1,3
CGTTGAATACCGCGCT-1,7
CGTTGAGCGACCGTCG-1,0
CGTTGAGTAATTGCGT-1,6
CGTTGCCCGCGTGGGA-1,1
CGTTGTAAACGTCAGG-1,6
CGTTGTAAGATTGATT-1,4
CGTTGTCGGCAATTGA-1,1
CGTTGTTTCAATTCCC-1,1
CGTTTAAGCGGAGCAC-1,9
CGTTTACAAGGCAGCT-1,6
CGTTTCACTTCGGGCG-1,9
CGTTTCGCTCATTACA-1,6
CGTTTCGGTTATATGC-1,5
CGTTTGGTGTTGTGGG-1,5
CGTTTGTGTAGAGGGT-1,7
CTAAACGGGTGTAATC-1,5
CTAAAGAATGCCTACT-1,6
CTAAAGGATGAGATAC-1,8
CTAAAGGGAAATAGGA-1,1
CTAAAGTCCGAAGCTA-1,6
CTAAATCCGGTGTACA-1,9
CTAAATCCTATTCCGG-1,3
CTAACAGCACAATAAC-1,8
CTAACCGCGCGCCCGT-1,4
CTAACGAAACTTGCTG-1,0
CTAACTGATAATCGCC-1,1
CTAACTGGTCCGGTTC-1,1
CTAAGGGAATGATTGG-1,5
CTAAGTACAGGGCTAC-1,0
CTAATGCGCCCAACAA-1,9
CTAATTATGAAGCGTA-1,9
CTAATTCGCACGCGCT-1,1
CTAATTCTCAGATATT-1,1
CTAATTTCAACAACAC-1,6
CTACAAGAAATAACCC-1,7
CTACACTAGCTTGTTC-1,9
CTACACTCGCAGATGG-1,5
CTACATATCGCGGGAC-1,9
CTACCCTAAGGTCATA-1,9
CTACGAACTAGGTCGA-1,6
CTACGACTAGCTATAA-1,4
CTACGATCCTATCCTA-1,3
CTACGCACGGAGTACC-1,0
CTACGCCATTTCCGAT-1,4
CTACGTGTTGCCACCA-1,6
CTACTATCATAGGTTT-1,1
CTACTATCTTTCAGAG-1,3
CTACTCAAGGTATAGT-1,1
CTACTCTAGGCCCGGC-1,6
CTACTGCCACCTGACC-1,0
CTAGACATATATGTAG-1,7
CTAGACTGCATTTCGT-1,9
CTAGATAAACTCCTCG-1,6
CTAGATGTGAGTGTAA-1,9
CTAGATTTACGACGGC-1,0
CTAGCAACTAATTTAC-1,9
CTAGCATAGTATAATG-1,8
CTAGCCACAGGCGAGC-1,7
CTAGCCCGGGAGACGA-1,5
CTAGCCGATGTTATGA-1,1
CTAGCGCCAATCCTAC-1,8
CTAGCTTAATGGTCCC-1,0
CTAGGCGCCCTATCAG-1,0
CTAGGCGGCAGAGAAT-1,0
CTAGGGATAGGGACAA-1,4
CTAGGTCTGAAGGAAT-1,3
CTAGGTTCGGACGTGA-1,0
CTAGTAGAAAGGGATT-1,0
CTAGTATTCGGAATTA-1,9
CTAGTCACGTCTTAAG-1,7
CTAGTGAAGGACAGGA-1,0
CTAGTTACAACCCGGT-1,7
CTAGTTGGGCCCGGTA-1,4
CTATAAGAGCCAATCG-1,7
CTATAAGTAGGGTTTG-1,5
CTATACTTAAAGCGAG-1,8
CTATAGGCGTTGATGT-1,6
CTATATCCAGCCTGGC-1,8
CTATCACAACGCTGGA-1,1
CTATCGACGAAATACA-1,0
CTATCGCGTAGAGAAC-1,0
CTATCGGGTCTCAACA-1,4
CTATGAACACCTTGCC-1,9
CTATGCCCGAATGCAA-1,9
CTATGGGAAGCGGAAT-1,1
CTATGTCACTAGCCCA-1,4
CTATGTCTATTGAAAC-1,1
CTATGTGAGTCACGGC-1,1
CTATTCATGTGTCCCA-1,0
CTATTGTGTTTGGTCA-1,7
CTATTTGCTTGGAGGA-1,5
CTATTTGGTTACGGAT-1,3
CTCAAACCACTGCCCG-1,9
CTCAACTAACCCGGAT-1,7
CTCAAGACATTAGCGC-1,6
CTCACACGCAAGCCTA-1,5
CTCACATTTACTAAAT-1,5
CTCACCAGTACAAGTG-1,0
CTCACCGATCCAAACT-1,0
CTCACTGTGATACTTA-1,0
CTCACTTGGCTGGTAA-1,4
CTCAGAGCTAATGTCG-1,8
CTCAGATTGTGATAAG-1,7
CTCAGCAGACTGCCGA-1,7
CTCAGGACTCACCTGT-1,1
CTCAGTCACGACAAAT-1,0
CTCATAAATGTGTATA-1,9
CTCATCACTTAGTGAT-1,9
CTCATGGCTCACAATC-1,9
CTCATGGTAATTTGCG-1,6
CTCATTAACGTTGCCC-1,8
CTCATTCGTGAACATC-1,4
CTCATTGCTCTAACAA-1,3
CTCATTTGATGGGCGG-1,0
CTCCCAATGAGTCGCG-1,5
CTCCCTCCTTTCGATC-1,5
CTCCCTTGTATCAAGG-1,8
CTCCGAGTAAATCCGC-1,9
CTCCGCCCACATGAGG-1,3
CTCCGGCCTAATATGC-1,8
CTCCGGCTTGTAGACA-1,9
CTCCTAAGTTATGTCT-1,5
CTCCTAGTAATCGTGA-1,6
CTCCTCCAGCTCACAC-1,0
CTCCTGTTCAAGGCAG-1,9
CTCCTTTACGCAAGTC-1,6
CTCGAATGGAACGTAT-1,4
CTCGAGACATACGATA-1,9
CTCGAGATCCAAAGCA-1,9
CTCGAGGCAAGTTTCA-1,4
CTCGAGGTCGAACAGT-1,3
CTCGATATTTGCGAGC-1,1
CTCGCACCTATATAGT-1,4
CTCGCATTGCATAGCC-1,4
CTCGCCGAATGTAGGG-1,1
CTCGCTAGGTAAGCGA-1,0
CTCGGGATAACACCTA-1,7
CTCGGGCATCGTCGGG-1,7
CTCGGGTTCTCTGGCC-1,8
CTCGGTACCACTGCTC-1,8
CTCGGTCCGTAGCCTG-1,7
CTCGGTTGTCGGCCCT-1,2
CTCGTCGAGGGCTCAT-1,6
CTCGTCTGTGCCTTCG-1,0
CTCGTGGCACTGAAAG-1,1
CTCGTTACGGCTACCA-1,2
CTCGTTTCTAATGTTT-1,1
CTCTAACACCGGCAGC-1,0
CTCTAATGCATTGATC-1,5
CTCTACACTGGCGATT-1,1
CTCTACATCCTGCGTG-1,1
CTCTAGCCCTCGGAAA-1,7
CTCTATTTGGCTGCAG-1,5
CTCTCACAATCGATGA-1,0
CTCTCGATGTGCGCCT-1,6
CTCTCGCTGTACTATG-1,4
CTCTCTAACTGCCTAG-1,9
CTCTGCAGGCATTCTT-1,0
CTCTGCGAAGCAAGCA-1,6
CTCTGGACGCCTGGTG-1,8
CTCTGTCCATGCACCA-1,1
CTCTGTGCCTGCTATG-1,3
CTCTGTTTGAGGATTC-1,8
CTCTTCTATTGACTGG-1,7
CTCTTCTGGAAGTTAG-1,6
CTCTTGTCCCGCTTGG-1,1
CTGAAACGGCCCTCAG-1,1
CTGAAAGAGATCCGAC-1,6
CTGAATCCGAGACCTC-1,6
CTGAATTTATTGCCAG-1,3
CTGACATAGAAATAGA-1,1
CTGACTGCGCAGCTCG-1,0
CTGAGAAAGTTCGGCG-1,7
CTGAGAGTAGAAATAC-1,0
CTGAGCAAGTAACAAG-1,9
CTGAGCGAGACTTATT-1,6
CTGATAGTGTATCTCA-1,4
CTGATCCCTTTATGCA-1,4
CTGCAAATGGGCTCCA-1,1
CTGCAAGCACGTTCCG-1,0
CTGCACAACTACATAT-1,6
CTGCACCTAGTCCACA-1,9
CTGCACCTGGAACCGC-1,6
CTGCACTCCAGTACAG-1,9
CTGCAGAGAATCAGAG-1,0
CTGCAGGGTGACGCTC-1,9
CTGCAGGTGCTCGGCC-1,7
CTGCCAAGGTTGGAAG-1,8
CTGCCATGCATCACAT-1,9
CTGCCCACGAAGCGTT-1,4
CTGCCTAGCCACCAAG-1,8
CTGCCTCATATGCAAC-1,9
CTGCCTTTAATACCTT-1,4
CTGCCTTTCTAGTAAA-1,1
CTGCGACCTCGCCGAA-1,1
CTGCGATTTCGAGATT-1,8
CTGCGGGTGAAATGTT-1,6
CTGCGGTAGTCACGTG-1,1
CTGCGTTACGATATAA-1,1
CTGCTCTCAACACACC-1,8
CTGCTCTGACGGCAAA-1,3
CTGCTGAGGCCACGAA-1,1
CTGCTGTCTAACGAGC-1,1
CTGCTTGGCGATAGCT-1,0
CTGCTTTATGTCCGCG-1,8
CTGGAAATGGATGCTT-1,5
CTGGAAGACACGGTGG-1,3
CTGGACGCAGTCCGGC-1,8
CTGGATTTACACTTGA-1,1
CTGGCATCCGAATGAG-1,1
CTGGCGACATAAGTCC-1,6
CTGGCGATTTACATGT-1,9
CTGGCGCACAGGTCTG-1,3
CTGGCGGGAATAAGTA-1,6
CTGGCTCCTGCGGGAT-1,1
CTGGCTGATTCATCCT-1,0
CTGGCTGCTAACGTAA-1,6
CTGGCTGGTTGTCAGT-1,1
CTGGGATAAATAATGG-1,1
CTGGGATACGCTACCC-1,7
CTGGGATCGCCCAGAT-1,9
CTGGGCACTAGTCGGA-1,2
CTGGGCCTGCTATATC-1,2
CTGGGCGGCCAAATGT-1,7
CTGGGCTACTGGAGAG-1,6
CTGGGCTATCCTTTGG-1,7
CTGGGTAGGCAGTTAA-1,7
CTGGGTTGAGTTAAAG-1,8
CTGGTAAAGACTTACA-1,1
CTGGTAAAGTGTGGGC-1,1
CTGGTAACACATAGAA-1,1
CTGGTAACGAGCTCTT-1,0
CTGGTCATTCCAATCC-1,0
CTGGTCCTAACTTGGC-1,0
CTGGTGAATGGGCCTA-1,8
CTGGTTCAACGCATCA-1,6
CTGGTTCGCGAGCTAC-1,9
CTGGTTTCGAGCAAGA-1,9
CTGTACTTCTTAGCAT-1,4
CTGTAGCCATCTCACT-1,6
CTGTAGTGAGGATCGA-1,7
CTGTATGGTGTAGAAA-1,9
CTGTCAAATGGCTCGG-1,0
CTGTCACGCCAGGCGC-1,6
CTGTCCTGCGCACTAC-1,9
CTGTCTGTGGCTGGCT-1,1
CTGTGCAGGGTAGGTC-1,9
CTGTGGTCGGGAGATA-1,9
CTGTTACCCAATCTAG-1,6
CTGTTCACTGCCTGTG-1,7
CTGTTCATCTCACGGG-1,6
CTGTTGGCTCTTCTGA-1,4
CTGTTGTTCAGTCGTA-1,4
CTTAAATAAGACCCAT-1,4
CTTAACTTACAGTATA-1,1
CTTAACTTCGAAGTAC-1,0
CTTAAGCAGCGAGCCG-1,0
CTTAATCGACTTAGTA-1,8
CTTACACGGTATTCCA-1,6
CTTACACTGGGAAATA-1,9
CTTACATAGATTTCTT-1,0
CTTACTGACTCCTCTG-1,7
CTTAGATGTTTCATCC-1,9
CTTAGCCCGGATAGTG-1,4
CTTAGCCTTCCACATG-1,8
CTTAGGTATAGACCAG-1,8
CTTAGGTCCCAATCGT-1,7
CTTAGTAGGCCTACAG-1,4
CTTAGTGTAGTAGCAT-1,1
CTTAGTTGAGGAATCG-1,0
CTTATAGATGGCTGTT-1,5
CTTATGCGCTCAGGGC-1,5
CTTATGTTGACTACCA-1,2
CTTCAACTCCACTTGG-1,0
CTTCACGCCCTGGTAC-1,3
CTTCAGTGGTCGCCTA-1,2
CTTCAGTTGGACAACG-1,6
CTTCATAGCTCAAGAA-1,5
CTTCATTGTCAGTGGA-1,4
CTTCCGCTCCGTGAAG-1,6
CTTCCTGCATATTTAC-1,7
CTTCGATTGCGCAAGC-1,9
CTTCGGCCAATTGTTT-1,0
CTTCGTAGATAGGTGA-1,1
CTTCGTGCCCGCATCG-1,7
CTTCTATGTTGAAGTA-1,6
CTTCTATTAATGCTAG-1,9
CTTCTGGGCGTACCTA-1,5
CTTCTTACGTCGTATA-1,9
CTTGACCCGAAAGATA-1,6
CTTGAGGTTATCCCGA-1,1
CTTGAGTTAGGGTAAT-1,9
CTTGATGACCATCCAG-1,6
CTTGCAACCGCCTCCT-1,1
CTTGCCCACCCACGCA-1,1
CTTGCCCAGGCTCTAC-1,6
CTTGGCCAAGCTGGGA-1,1
CTTGTACTTGTTGACT-1,0
CTTGTCAACATTCGAG-1,1
CTTGTCGTACGTGTCA-1,1
CTTGTGAGGACAGCGG-1,7
CTTGTGAGTCTTTGAC-1,6
CTTGTGCTCACCGATT-1,1
CTTGTTGCTGAGTCAA-1,3
CTTGTTTATGTAGCCA-1,6
CTTTAACTTTCAAAGG-1,4
CTTTAATATTGGTCGA-1,1
CTTTACCGAATAGTAG-1,0
CTTTAGGAACACTGTT-1,1
CTTTAGTGCTATTATT-1,1
CTTTATCCGACGCATG-1,8
CTTTCTGTGCGGGCTT-1,0
CTTTGAAACATATTCC-1,0
CTTTGACGTCGCTTCT-1,1
CTTTGCATCGCTCTTG-1,0
CTTTGCTGTCATGGAT-1,1
CTTTGGCAGACAGAGT-1,7
CTTTGGCGCTTTATAC-1,4
CTTTGGCTTTAGTAAA-1,6
CTTTGGGATTGTTGCA-1,9
CTTTGTCGAATGCTCC-1,9
GAAACAGATGACCACC-1,6
GAAACAGCCATGCAGT-1,6
GAAACATAGGAAACAG-1,8
GAAACCATGGTGCGCT-1,0
GAAACCGAATTACCTT-1,9
GAAACCTATACAAATG-1,9
GAAACTCGTGCGATGC-1,5
GAAACTCTAATGAAGG-1,9
GAAAGAACAGCGTTAT-1,8
GAAAGCAGTGCACTTT-1,6
GAAAGCCCTTTGGACC-1,4
GAAAGTGACTAACTGC-1,6
GAAATACCTGCTGGCT-1,6
GAAATACTAAACGTTT-1,5
GAAATATCACCATCAG-1,0
GAAATATGCTTGAATG-1,1
GAAATCGCGCGCAACT-1,1
GAAATCTGACCAAGTT-1,8
GAAATGGCGGTGTTAG-1,1
GAAATGGGATGTAAAC-1,0
GAAATTAGCACGGATA-1,4
GAAATTCACATCGCTG-1,9
GAAATTGTCTCTATAA-1,6
GAACAACTGGGATGAA-1,0
GAACACACATCAACCA-1,0
GAACAGATTACTAAAT-1,9
GAACATTAGTATGTTA-1,8
GAACCATCTGGGAGAC-1,6
GAACCCTCTGTGTTCT-1,0
GAACCTCGACCTACAC-1,5
GAACCTTTAACGATCC-1,7
GAACGACCGAATGATA-1,9
GAACGATAAGTTAAAG-1,0
GAACGCGGGTCACACG-1,1
GAACGGTGTAAAGCAG-1,0
GAACGTCTCATGGTCG-1,5
GAACGTTAGGAAGACG-1,4
GAACTGTGGAGAGACA-1,1
GAACTTAGCGCCCGGT-1,8
GAACTTGTGCACGGGA-1,4
GAAGAAACGATATTGT-1,8
GAAGAACGGTGCAGGT-1,1
GAAGACTTCAATGCCG-1,9
GAAGCAAGGCAATGTT-1,4
GAAGCCACTGATTATG-1,9
GAAGCCGGGTAAGCTC-1,4
GAAGCCTGCACATTCC-1,5
GAAGCGTGAGGAATTT-1,4
GAAGCTCGGACCCGTC-1,5
GAAGCTCTTTGCTTAG-1,6
GAAGCTTGCTGACCGC-1,6
GAAGGACTAAATTGAA-1,5
GAAGGAGTCGAGTGCG-1,7
GAAGGCTACCATTGTT-1,9
GAAGGGCATAACCATG-1,5
GAAGGGTCATTAAGAC-1,1
GAAGTCAGTTGCACTA-1,1
GAAGTCTCCCTAGCGA-1,9
GAAGTGATTTATCGTG-1,8
GAAGTGCTGGATAGCT-1,9
GAAGTTTCCACTCAAT-1,1
GAATAGACGCGACCCA-1,5
GAATAGCATTTAGGGT-1,0
GAATAGCCCTGCGGTC-1,5
GAATAGTGCTCGATTA-1,6
GAATATTCGGAGTCCC-1,1
GAATCGACATGGTCAC-1,0
GAATCGCCGGACACGG-1,6
GAATCTATACTCGGAC-1,6
GAATCTGAACATTCTC-1,6
GAATGAAGGTCTTCAG-1,4
GAATGCCGAAATGACC-1,1
GAATGCGAATCGGTTC-1,7
GAATGGGCTTATCGAC-1,1
GAATGTATGGCAGGTC-1,1
GAATGTGGTCCGGATT-1,0
GAATGTTGGGTAATCT-1,4
GAATTATAGTGAAAGG-1,4
GAATTATGCAACCTAC-1,6
GAATTCACCCGGGTGT-1,6
GAATTTCTCGCTGCAG-1,5
GACAAACATATGCAGG-1,0
GACAACGACCATTGAA-1,8
GACAACGCAGCTTACG-1,9
GACAAGACGCCCGTGC-1,5
GACAAGAGATGAGATT-1,8
GACACAAGGGAAGAAA-1,0
GACACAGCCGGGACTG-1,1
GACACCCAAAGACGCG-1,0
GACACGAGTTAGAGGA-1,1
GACACTGAGTTCAGTG-1,4
GACACTGGAACCCGAT-1,1
GACACTTCCAATTACC-1,9
GACAGAGGTCTTCAGT-1,2
GACAGATTTCTGGCTC-1,4
GACAGCCAGACCTGAC-1,0
GACAGGCACACACTAT-1,4
GACAGGTAATCCGTGT-1,6
GACATACTGTCGCAGA-1,0
GACATCCGTCGAACTG-1,1
GACATCGATTTATAAC-1,6
GACATTTCGCCCAGCC-1,8
GACCAAACGTTGACTG-1,6
GACCACACTTCCCTTT-1,9
GACCAGAGCCCTGTAG-1,1
GACCAGGTCATTCATA-1,6
GACCCAATTATGATAC-1,2
GACCCGTCGCCGGCTA-1,1
GACCGACCGCTAATAT-1,9
GACCGACGTGAAAGCA-1,7
GACCGACTGAAGCGTC-1,4
GACCGATTAAATATGT-1,4
GACCGCGTCTGACGTG-1,5
GACCGGTGATACTCTC-1,7
GACCGTCAGGTCGTGA-1,7
GACCGTGCTGACGGTG-1,7
GACCGTTACATGCGAC-1,5
GACCTGGTCTGGGCGT-1,7
GACCTTCCACGTCTAC-1,7
GACGACGATCCGCGTT-1,0
GACGACTTTCCAAGAA-1,9
GACGAGGCTAATAAAC-1,0
GACGATATCACTGGGT-1,4
GACGCATACCCGTCGG-1,4
GACGCCGTAAAGGCTA-1,1
GACGCCTGTTGCAGGG-1,2
GACGCTTGCTTCTAAA-1,3
GACGGACCGCGTTCCT-1,1
GACGGGATGTCTTATG-1,8
GACGGGCATCGAATTT-1,9
GACGGGTTGGCCCGTA-1,1
GACGGTCAATAGAAGC-1,8
GACGGTCCTAGGGTGT-1,8
GACGTGAGACTCCATG-1,6
GACGTGTAGGGATTAT-1,5
GACGTTCGTAAATACA-1,7
GACGTTGCTCGGCGGC-1,4
GACTAACACAGCACCT-1,1
GACTAAGATCATGCAC-1,9
GACTAAGTAGGCTCAC-1,1
GACTACAAAGCGGTGG-1,6
GACTACAATTGCTCGT-1,0
GACTAGGCCGTTAGGT-1,5
GACTCACCCACGTGAG-1,0
GACTCCCAGAATAAGG-1,4
GACTCCTTCCAATTGA-1,8
GACTCGCGGGAATGAC-1,5
GACTCGGTCGGCGGAT-1,6
GACTCTAGAGTTCCAA-1,3
GACTGATTGGTCACAA-1,1
GACTGCAAATCGAGCT-1,7
GACTGCACCAGCCCAG-1,1
GACTGCGGCACGTGTA-1,5
GACTGCTGGTGAGAAA-1,0
GACTGGGCGCCGCAAC-1,1
GACTTCAACGCATCAA-1,7
GACTTTCGAGCGGTTC-1,2
GAGAAACTGGATCCCA-1,7
GAGAACGGTTCTGACT-1,0
GAGAATCTCACGATCA-1,4
GAGACCCTGCAACGCC-1,6
GAGACTGATGGGTAGA-1,3
GAGACTTCGCGACCGA-1,6
GAGAGCGCAGTCCCTG-1,4
GAGAGGCCTATGTGTA-1,5
GAGAGGGCGCGAGGTT-1,0
GAGAGGTGCATTCTGG-1,6
GAGAGTCTCGGGAGAG-1,4
GAGATCGATCTTACTC-1,8
GAGATCTGCTTGGCAT-1,1
GAGATCTGTCACTCCG-1,4
GAGATCTTCCATGACA-1,7
GAGATGACAATCCTTA-1,0
GAGATGGCTTTAATCA-1,0
GAGATGGGAGTCGACA-1,1
GAGCACCTGTGTCCAG-1,1
GAGCACGGCGCCTCTT-1,5
GAGCATCAACAACTTG-1,8
GAGCATCATCCCTGGG-1,6
GAGCCACGGTAGTAGG-1,8
GAGCCAGCTACCTGTG-1,5
GAGCCGAGCGTTTATT-1,1
GAGCGAGGGAGTACCG-1,9
GAGCGCAAATACTCCG-1,7
GAGCGCGCACGAGTAG-1,7
GAGCGCTATGTCAGGC-1,6
GAGCGCTGTTAGGTAA-1,8
GAGCGGAATGCGGTGT-1,1
GAGCTAAGGGCATATC-1,0
GAGCTCAACATGAGCG-1,5
GAGCTCTCGGACCTAA-1,6
GAGCTGTCGTCTCGGA-1,3
GAGGAATATCTCTTTG-1,0
GAGGAATGGAGAGGTT-1,6
GAGGAGATCCTCATGC-1,9
GAGGAGTAATTCCTAC-1,5
GAGGATAAACAGTGCT-1,0
GAGGCATTTGCAGCAG-1,4
GAGGCCCGACTCCGCA-1,2
GAGGCCTGTTGATACA-1,6
GAGGCTATCAAAGTCG-1,4
GAGGGAGTCAGATCGC-1,1
GAGGGCATCGCGTATC-1,6
GAGGGCCATAATATTA-1,6
GAGGGCCGGCAGAGTC-1,6
GAGGGCGCAGCTCTGC-1,3
GAGGGTAGTAACAAAG-1,0
GAGGTACATCCATCTT-1,6
GAGGTACGCGTGTCCC-1,9
GAGGTCCCAAAGATCT-1,6
GAGGTCCGTTCGCTGT-1,7
GAGGTCTTAGTGGGTC-1,8
GAGTAAACCGGAAAGT-1,0
GAGTAAATTAAGAACC-1,0
GAGTAAGGCCACGGGA-1,3
GAGTACGGGTATACAA-1,9
GAGTAGATACTAGTTG-1,6
GAGTATACCCTAATCA-1,4
GAGTATCAAAGTTACA-1,9
GAGTATGCCCGCCTTG-1,4
GAGTATGCGCGTGCAT-1,1
GAGTCAGACCAGAATC-1,6
GAGTCCGCTTACCGGA-1,6
GAGTCGACAGACCCTC-1,4
GAGTCTTGTAAAGGAC-1,7
GAGTGCACGGACAACA-1,9
GAGTGTCAACCAGAAA-1,0
GAGTGTGCGGTACCCA-1,5
GAGTTCTGTGGGTGCT-1,4
GAGTTGATGGCAATTT-1,5
GAGTTGTCACCAGTCT-1,1
GATAAATCGGTGGATG-1,0
GATAACTCGCACTGTG-1,1
GATAAGGCAGATGCAA-1,6
GATAAGGGACGATTAG-1,0
GATACCGTGTCGGAGT-1,8
GATACGATGGGAGTCA-1,5
GATAGAACCCGCTAGG-1,1
GATAGATAGTACAGTC-1,1
GATAGCGTACCACGCG-1,1
GATAGGATTAATTACA-1,8
GATAGGTAACGTTGAC-1,6
GATAGGTGTCCCGGGC-1,1
GATAGTGCGAGTAAGT-1,1
GATATCAAGCAGGAGC-1,0
GATATCAGTATGTATC-1,1
GATATCTCATGCAATA-1,9
GATATGAGACACTAAC-1,1
GATATGCGGTAGCCAA-1,2
GATATGGATTACGCGG-1,1
GATATTGAGATTGGCG-1,0
GATATTTCCTACATGG-1,1
GATCAACATAAAGGGA-1,6
GATCATTCCAAACATT-1,3
GATCCCTTTATACTGC-1,3
GATCCGAATATAAGTG-1,5
GATCCGGGAATTAACA-1,1
GATCCTAAATCGGGAC-1,5
GATCCTCGACACTGGC-1,9
GATCCTCTTGCGCTTA-1,9
GATCGACACTATCTGA-1,1
GATCGCGGGCTCTCCA-1,4
GATCGCTACCCGATTT-1,5
GATCGCTATATCTCAG-1,8
GATCGCTGTGGTGCGT-1,3
GATCGGATAGAACCAT-1,3
GATCGGCGATAAGTCG-1,0
GATCGGTGGCCATAAC-1,4
GATCGTGACTGATATC-1,1
GATCTAACCGTATTCA-1,6
GATCTCGACGCTGTGG-1,7
GATCTGCTATCTAAGG-1,5
GATCTTAGTGAACGTG-1,6
GATCTTCATTGTCCTC-1,1
GATCTTGGAGGGCATA-1,3
GATCTTTGCAGGGTAT-1,9
GATCTTTGCTCAAAGA-1,6
GATGACAAGTAGGGCA-1,9
GATGACGATGATCGCG-1,8
GATGAGGAACCTTCGG-1,6
GATGATTTGAAACTGG-1,9
GATGCCACACTACAGC-1,8
GATGCCAGCAGAAGGC-1,7
GATGCCTTCTGCGGCA-1,6
GATGCGAATGGTATTA-1,4
GATGCGTCCTGCATTC-1,4
GATGCTACAAGCGCCT-1,5
GATGCTACCTTCGATG-1,0
GATGCTGTATTTCATC-1,0
GATGGCGCACACATTA-1,7
GATGGTGAAATAACCC-1,1
GATGGTGCCCTAGGCA-1,4
GATGTAACGAACCACC-1,7
GATGTCCGGATCACAT-1,6
GATGTCGGTCAACTGC-1,9
GATGTGTTGTCACAAG-1,1
GATGTTCAATCCACGA-1,6
GATGTTTGTGCGAGAT-1,7
GATTAACCGAAAGCCC-1,1
GATTAATCCTGGCTCA-1,1
GATTACTGAATTTGGG-1,1
GATTAGAAACAAGCGT-1,4
GATTATCTTGCATTAT-1,6
GATTCCCTTGTCGCAG-1,4
GATTCCGCGTTTCCGT-1,8
GATTCCTATACGGCGC-1,1
GATTCGACGGTTCACG-1,0
GATTCTGTTAATGAGT-1,8
GATTGACACTCTGCTC-1,5
GATTGCTCCAGTTGCA-1,8
GATTGGGAAAGGTTGT-1,0
GATTTAGTGCGTACTG-1,8
GATTTGCGCTAACACC-1,0
GCAAACCCTACATTAT-1,5
GCAAACCTTGGCCATA-1,5
GCAAACGTAAGCGACC-1,6
GCAAACGTCGCCAGGT-1,1
GCAAAGGGCGTTAGCC-1,9
GCAAATATTACGCTTT-1,1
GCAAATGAGGACACTT-1,1
GCAACACACTAGAACT-1,9
GCAACAGCAGTATGCG-1,0
GCAACCACCAGACCGG-1,6
GCAACCACGGCCGCGT-1,6
GCAACCCAAGTTGTTT-1,4
GCAACGGCTAGTTATG-1,0
GCAAGAATTCCTTGGC-1,1
GCAAGATGTGTTCGCG-1,1
GCAAGCTGGAAACCGC-1,0
GCAAGTGCACAGAGAA-1,9
GCAAGTGTAAAGCATG-1,1
GCAATTAGTCGCACCG-1,7
GCACAAACCCTAGATG-1,8
GCACAAACGAGGCGTG-1,0
GCACAACCTCGGGCGT-1,8
GCACAAGTGGATCATA-1,7
GCACAAGTGTCGGAAG-1,9
GCACACACTGGTAGCC-1,1
GCACACAGCTATTACC-1,1
GCACACGCCCATGGTC-1,4
GCACAGCACGGGCCGA-1,4
GCACCTAGGCGAGTCC-1,1
GCACCTTCCCGAAGGT-1,0
GCACGCCGATTCCCGC-1,4
GCACGCCTACTTAGAT-1,9
GCACGTGGTTTACTTA-1,5
GCACTAGTCGCGCTAT-1,9
GCACTCCCACAGTCCC-1,3
GCACTGCCTACCTTTA-1,9
GCACTGTGCAAATGTA-1,1
GCAGAAACGTAATCCA-1,5
GCAGAAGGTAATCTCC-1,1
GCAGACCCAGCACGTA-1,8
GCAGATCCATAAGACT-1,5
GCAGATCCTCGCAAAT-1,0
GCAGATTAGGGATATC-1,9
GCAGCACACAGCCCAG-1,8
GCAGCCTATATCACAT-1,7
GCAGCGGTGGGCATTA-1,1
GCAGCTATGGACAGGT-1,2
GCAGCTGTCAACGCAT-1,7
GCAGGAACTTAGATCT-1,0
GCAGGACTATAGAATA-1,9
GCAGGTAGAGTATGGT-1,5
GCAGTGCGGGCGGATG-1,9
GCAGTGTGGCTATAGG-1,5
GCAGTTCGATCCGAGC-1,8
GCATAAATTGAACGCC-1,8
GCATACGAGGTCTTTA-1,4
GCATAGAGCACTCAGG-1,7
GCATCCCTAACTTTGA-1,0
GCATCCTCTCCTATTA-1,6
GCATCGGCCGTGTAGG-1,1
GCATGACACAAAGGAA-1,8
GCATGAGGGACGCGGC-1,7
GCATGCTAATAACGAT-1,9
GCATGGGTACTGACGC-1,7
GCATTCAAGGCAACGC-1,0
GCATTCGAAATGAACA-1,4
GCATTGACTTGCGGAA-1,9
GCATTGTAATTCATAT-1,9
GCATTTCCAAGGCTCC-1,4
GCCAACCATTTCCGGA-1,9
GCCAAGAATACTTCTG-1,9
GCCAATAGGGCATCTC-1,0
GCCACAATTTAAGGAC-1,0
GCCACCCATTCCACTT-1,8
GCCACCTTATTCGCGA-1,9
GCCACTCAGAGCGCGA-1,0
GCCACTCCTTACGGTA-1,5
GCCAGGAAAGAACACT-1,8
GCCAGGAGTAACCGAT-1,5
GCCAGGCGTTCGCATG-1,7
GCCAGGCTTAGTGGTA-1,1
GCCATATTGCACACAG-1,1
GCCATCGAGCTGCGTG-1,5
GCCATCGATGCTGCAT-1,0
GCCATTAGCCTCAAAC-1,4
GCCCACCAAGGCTGTC-1,6
GCCCACTGGTCCACAA-1,4
GCCCAGATGCTGGAGA-1,7
GCCCAGCGACACAAAG-1,2
GCCCAGTTGGTATGCC-1,1
GCCCATGGGTGCAATG-1,8
GCCCGACTTCTTCCCG-1,9
GCCCGAGAGTCTAAAT-1,4
GCCCGATCTGTGGTCG-1,1
GCCCGATGCCCAGTTC-1,0
GCCCGCGCGTAAACGG-1,8
GCCCGCGCGTTTGACA-1,0
GCCCGTAATACCTTCT-1,4
GCCCGTCAAGCCCAAT-1,8
GCCCGTTCACACAATT-1,2
GCCCTAAGTGCAGGAT-1,7
GCCCTAGCCGTCGCGA-1,0
GCCCTGAGGATGGGCT-1,0
GCCGAAATTCCTACGT-1,9
GCCGACCCACGACTGC-1,8
GCCGATTGGCCAAGCT-1,7
GCCGCACTCCGTTTCA-1,7
GCCGCATTAGTCCGGC-1,4
GCCGCTAGATACGCAG-1,2
GCCGCTTGTGAGAAAC-1,1
GCCGGAAACACATCTT-1,1
GCCGGGTTAGGGTCGC-1,9
GCCGGTCGTATCTCTC-1,9
GCCGGTTTGGGCGGAT-1,9
GCCGTCGGTTTCGGGC-1,3
GCCGTGGAAGAAATGT-1,1
GCCTACGTTCTGTGCA-1,0
GCCTAGCGATCTGACC-1,1
GCCTATAGTGTCAGGG-1,6
GCCTATCAGGTAAGAT-1,5
GCCTATGCTGGGCCTT-1,4
GCCTATTCCGATATAG-1,2
GCCTATTTGCTACACA-1,9
GCCTCAGGTACCGGTC-1,6
GCCTCATCTGGAAATA-1,9
GCCTCCGACAATTCAC-1,9
GCCTCTATACATAGCA-1,5
GCCTGCTACACTGAGA-1,1
GCCTGTCCCGGTGCAT-1,9
GCCTTCAGCCCTACCG-1,1
GCCTTGTATATGCAGT-1,0
GCCTTTGTCAGTGGAC-1,6
GCGAAACGATCGGGAG-1,3
GCGAAACTTAACTGGA-1,0
GCGAAGAATCTGACGG-1,1
GCGAAGCCATACCCGT-1,8
GCGAATGGACTAGCGA-1,1
GCGACATGTAAACATC-1,0
GCGACCCAACCATCTG-1,4
GCGACGATAGTTGTAC-1,6
GCGACGGTAGTCTCCT-1,0
GCGAGAAACGGGAGTT-1,9
GCGAGAGGCCATGTAA-1,1
GCGAGAGTTGCGTCCA-1,0
GCGAGCGCATGCTCCC-1,5
GCGAGGCCCGAGCAGA-1,7
GCGAGGGACTGCTAGA-1,9
GCGAGTTCTGCAAAGA-1,4
GCGATGTCTGTGCTTG-1,4
GCGATTCTGGAAGCAG-1,8
GCGATTGTTAACGTTA-1,9
GCGCAAATATATTCAA-1,0
GCGCAAGAGCGCGCTG-1,5
GCGCATCCAGTCAGCA-1,0
GCGCCGTTCCACGATA-1,1
GCGCCTCCCACTCCGA-1,5
GCGCGATGGGTCAAGT-1,7
GCGCGGTCTAGTAACT-1,1
GCGCGTCATTGGTACA-1,5
GCGCGTTTAAATCGTA-1,8
GCGCTAAGTATGCATG-1,0
GCGCTAATTGAATAGA-1,8
GCGCTATGCCGAGGCA-1,3
GCGCTCGATCACCTGT-1,8
GCGCTGATCCAGACTC-1,6
GCGCTGCTTTGCATTT-1,0
GCGCTGGCGGAAAGTC-1,5
GCGCTTAAATAATTGG-1,9
GCGGACCGCGTTGTGG-1,0
GCGGAGAAACTTCGCA-1,1
GCGGAGAGGGAGAACG-1,1
GCGGATTACTTGTTCT-1,1
GCGGCAAAGTATTGCC-1,8
GCGGCTCTGACGTACC-1,3
GCGGCTTTAGCAAGTT-1,0
GCGGGAACCAGGCCCT-1,6
GCGGGCAGACGGGTGA-1,5
GCGGGCATTACGATGC-1,7
GCGGGCGAGCCTTACC-1,7
GCGGTAACCCAAATGA-1,5
GCGGTCCCGGTGAAGG-1,3
GCGGTCCCTAGACGCA-1,6
GCGGTCTTGCTTTCAC-1,1
GCGGTGAACTGCGCTC-1,0
GCGGTGCGGAGCATCG-1,4
GCGGTTCCCTATCATG-1,4
GCGTAAATGGCCATAA-1,1
GCGTCCAGCTCGTGGC-1,6
GCGTCCCTAAGACATA-1,9
GCGTCGAAATGTCGGT-1,2
GCGTCGCCAGGGTGAT-1,5
GCGTCGTAACATGGTC-1,1
GCGTCTAACCTCCTAA-1,7
GCGTCTCTGCATTGGG-1,5
GCGTGGTACTGGGTTA-1,7
GCGTGTATGTCGTATT-1,0
GCGTTATATTTGGAAC-1,4
GCGTTCGGAGACCGGG-1,0
GCGTTCTGACTAAGCG-1,1
GCTAAACCTGAGGTGA-1,1
GCTAACTGAAGTCTGA-1,3
GCTAAGCCCAGTATGC-1,2
GCTAAGTAAAGGCGAT-1,4
GCTAAGTAGTTTCTCT-1,9
GCTAATACCGAATGCC-1,2
GCTACAATCGAGGATA-1,0
GCTACACTGTCCGAAC-1,6
GCTACAGTACGGACCG-1,8
GCTACGACTTATTGGG-1,1
GCTACTATAGTAGAGT-1,5
GCTACTCGGACGCAGA-1,1
GCTAGACCGTCTACTG-1,4
GCTAGAGTAGAGATGT-1,1
GCTAGCAACGCACCTA-1,6
GCTAGCACCTGGGCCA-1,7
GCTAGCAGGGAGTGGG-1,9
GCTAGCGATAGGTCTT-1,8
GCTAGCTTGAATAGCT-1,5
GCTAGGCACCACGGAG-1,0
GCTAGTAGAGCTTGTA-1,6
GCTAGTTTCATTGAGG-1,7
GCTATAAGGGCCAGGA-1,6
GCTATACGTCTCGGAC-1,9
GCTATCATACTCATGG-1,5
GCTATCGCGGCGCAAC-1,6
GCTATGCCAGCTTATG-1,8
GCTCAACCTCTTAGAG-1,1
GCTCAATCCGTTTATT-1,6
GCTCAATGTAATACCG-1,6
GCTCATTACTGCATGT-1,9
GCTCATTGATCATATC-1,4
GCTCCATGAGTGCAGA-1,9
GCTCCATGCAAAGCAA-1,9
GCTCCCAGTCGGTCCA-1,0
GCTCCGCTCGCTTCAG-1,0
GCTCCGGACGTTGATA-1,0
GCTCCTGACATACTGG-1,6
GCTCGACCGAACTGAA-1,7
GCTCGCGGTTCCGCTC-1,3
GCTCGCTCATGTCCAA-1,7
GCTCGGAATTTAAAGC-1,0
GCTCTAAACCCTGACG-1,4
GCTCTATGTTACGTGC-1,1
GCTCTCGGGTACCGAA-1,3
GCTCTTTCCGCTAGTG-1,5
GCTGAACTCTCCAGGG-1,1
GCTGAAGGGTTCTTGG-1,6
GCTGAATCTTCCAATC-1,8
GCTGAGCAACGGTTCT-1,4
GCTGAGGCGTGAGTAT-1,9
GCTGCACGGTTTCTTA-1,3
GCTGCGAAGAATTATT-1,4
GCTGCGCCTCCCACGT-1,4
GCTGCTAAGTAGTCGA-1,1
GCTGCTACTGCGTAGC-1,5
GCTGCTCTCCGGACAC-1,4
GCTGGACCCAAAGTGG-1,6
GCTGGCAGGTGCCGTG-1,4
GCTGGCATATTCACCT-1,6
GCTGGCGGCGCATGCT-1,9
GCTGGGAGCGCGTCAA-1,4
GCTGGGTCCGCTGTTA-1,6
GCTGGTGACTCGTAGT-1,6
GCTGGTTTAGGCCATA-1,3
GCTGTATTACTGGCCC-1,7
GCTGTCTGTGATCGAC-1,5
GCTGTTGCTACCGAAC-1,3
GCTTAATGTAACTAAC-1,0
GCTTACGTAGTTAGTA-1,7
GCTTAGGGAAGCGGTA-1,9
GCTTATGAAGCAGGAA-1,3
GCTTCAGTGGGATTAC-1,0
GCTTCCAGCTTAGATT-1,9
GCTTCCATGTAACCGC-1,9
GCTTCCCGTAAGCTCC-1,1
GCTTCCGTCCCTAGAC-1,4
GCTTCGACGTTCAATC-1,4
GCTTGAGTGACCTCTG-1,1
GCTTGATGATAATCAG-1,9
GCTTGCAGCACAATTG-1,7
GCTTGGATCGATTAGG-1,6
GCTTTACACAACTGGG-1,0
GCTTTATTAAGTTACC-1,6
GCTTTCAGAGGAGGTG-1,1
GCTTTCTATCTCAACT-1,7
GCTTTGCTGCCGGGTA-1,9
GGAAACAGAGCTTGGG-1,9
GGAAACCTTGTTGAAT-1,3
GGAAACTAAATGGGCC-1,5
GGAAAGGGAATTGAGC-1,9
GGAAAGTCTTGATTGT-1,4
GGAAAGTGCCCATGCC-1,2
GGAACCCGAACAAGAA-1,3
GGAACCGTGTAAATTG-1,7
GGAACCTTGACTCTGC-1,8
GGAACGGCCTGCAGCC-1,1
GGAACTCGTGAATACG-1,2
GGAACTTTGGCGATTA-1,6
GGAAGATAAGACTGTA-1,6
GGAAGCTCGCTTACAG-1,0
GGAAGGACACCGTATA-1,1
GGAATAACCTCAAGAA-1,6
GGAATGCGCTAGCGTG-1,1
GGACAACCATGAAGCC-1,9
GGACAAGCCATGATCG-1,4
GGACAAGTTGCAGTGA-1,4
GGACACAAGTTTACAC-1,3
GGACACCTCGGTGTTG-1,4
GGACCAACAGGATAAC-1,0
GGACCTACGGTAACGT-1,1
GGACCTCTAGGCCGCC-1,4
GGACGGCTTGCGCAAC-1,7
GGACGGGCGACCAACC-1,5
GGACGTCCATAGTTGG-1,0
GGACTAAGTCAGGAGT-1,4
GGACTCACAAATTAGG-1,1
GGACTCGAAGCTTTCA-1,0
GGACTCGACAGCGCAT-1,9
GGACTCGTGAGTGGTC-1,1
GGACTCTTCCGGTTGA-1,7
GGACTCTTTGACTAAG-1,1
GGAGAAGTCATTGGCA-1,9
GGAGACATTCACGGGC-1,9
GGAGACCAATGTGCTT-1,6
GGAGACCATCTACATA-1,1
GGAGACGACACCTTTG-1,1
GGAGCAACATTTCAAG-1,6
GGAGCACCAAGAACTA-1,8
GGAGCGAGGCCTACTT-1,9
GGAGGAGTGTGTTTAT-1,8
GGAGGATTGAAAGGAG-1,8
GGAGGCCGAAGTCGTC-1,5
GGAGGCGAAGAACCGC-1,8
GGAGGGCTTGGTTGGC-1,6
GGAGGGTCAAGTAAGA-1,1
GGAGTACACATGAGCT-1,6
GGAGTGCCGCCCTGGA-1,9
GGAGTTGATTCTGTGT-1,1
GGATACTCATGAATTG-1,1
GGATCAAAGGACGAGG-1,3
GGATCAGAGCCATCAG-1,1
GGATCATCCCGTACGC-1,1
GGATCCCTACCAGCTA-1,9
GGATCCGGAATATACT-1,7
GGATCTTACTGCCCTT-1,1
GGATCTTGACTCAACC-1,1
GGATGAAGATCGCTGA-1,5
GGATGACGCGAGTTTA-1,0
GGATGCTGGCGTTCCT-1,0
GGATGGCTTGAAGTAT-1,6
GGATGTCCTTACCGCA-1,0
GGATTAAGCTAAGGTC-1,9
GGATTAATCATGGACC-1,6
GGATTCAGTACGGTGG-1,9
GGATTCCGCTATACCC-1,1
GGATTGAAGTAGCCTC-1,6
GGATTGCTGTGACTCC-1,0
GGATTTCACTTCTATA-1,7
GGCAAAGGCGCCAATA-1,9
GGCAAATTACTTTACT-1,2
GGCAAGCCAGGGATAG-1,4
GGCAAGCCCATAGTGG-1,3
GGCAAGGCGAAATAGC-1,7
GGCAATAGTCAATGAG-1,0
GGCACGCTGCTACAGT-1,1
GGCACTCAGCCGACCC-1,6
GGCACTCCACTGGGCA-1,0
GGCACTGCGGTGGTTT-1,1
GGCAGAGAGATCGGGA-1,0
GGCAGCAAACCTATGC-1,1
GGCAGCGGTAATCCTA-1,9
GGCATACAGGTAGCGG-1,9
GGCATATCGGTTCTGC-1,6
GGCATCAACGAGCACG-1,4
GGCATTGAACATCTCA-1,4
GGCCAATTGTATAGAC-1,9
GGCCACAAGCGATGGC-1,7
GGCCACACGAAAGCCT-1,4
GGCCCAATCTAGAGGG-1,0
GGCCCAGCTGGTTTGC-1,1
GGCCCAGTTATCAGCA-1,9
GGCCCGGAGCATGTCT-1,7
GGCCCGTATACCATGC-1,1
GGCCCTCACCCACTTA-1,8
GGCCGAGACTCTGGTG-1,0
GGCCGCAGGAACCGCA-1,0
GGCCGGCGTCTGCTAT-1,7
GGCCGTTTGGGTTTCA-1,9
GGCCTGCTCTGATGTT-1,1
GGCCTGCTTCTCCCGA-1,1
GGCCTTTGCAACTGGC-1,8
GGCGAAATCTAACTTG-1,7
GGCGAACCGTTCTGAT-1,8
GGCGAGCATCGAGGAC-1,9
GGCGAGCGAAACGGCA-1,7
GGCGCAGGACATCTTC-1,4
GGCGCATGAATTGATG-1,5
GGCGCGGAGATCTTTC-1,9
GGCGCGTTCGAGTTTA-1,6
GGCGCTCCTCATCAAT-1,0
GGCGCTTCATTCCCTG-1,0
GGCGGAGTAATATTAG-1,7
GGCGGGCTCTAAGAGT-1,9
GGCGGTAGGATCATTG-1,4
GGCGGTTTGCCGGTGC-1,1
GGCGTACCCTATATAA-1,9
GGCGTAGGGAAAGCTG-1,9
GGCGTCCTATCCGCTG-1,9
GGCTAAAGGGCGGGTC-1,4
GGCTAATGATTGAAAT-1,6
GGCTACTATACACTCC-1,6
GGCTATTAAGTTGTAT-1,6
GGCTCCTCCACCTGTT-1,1
GGCTCGCGTTGAGGTA-1,1
GGCTCGTGCCACCAGC-1,8
GGCTCTGCTCCAACGC-1,8
GGCTGAAATAGCAAAG-1,5
GGCTGAGCATCGTAAG-1,6
GGCTGGCAATCCCACG-1,2
GGCTGGCAGCTTTATG-1,0
GGCTGGCTAGCTTAAA-1,2
GGCTGTCCTACTGCGG-1,8
GGCTTCTCGTGGGTGG-1,1
GGCTTGGCTCTCACCT-1,4
GGCTTTCAATAAGGGT-1,6
GGGAAAGAATGCCAAC-1,3
GGGAACCACCTGTTTC-1,1
GGGAACGGGAGGTTAG-1,0
GGGAACGGTTTCAGAT-1,0
GGGAAGACGGTCTGTC-1,1
GGGAAGGGCTTTCTCA-1,7
GGGAATGAGCCCTCAC-1,4
GGGAATTCTGTCCAGT-1,4
GGGACAGAGTTACTCC-1,9
GGGACCCGTATATCTT-1,1
GGGACTGCATAGATAG-1,8
GGGAGAACTCACAGTA-1,4
GGGAGCGACCGTAGTG-1,8
GGGAGGATGCCCGAAA-1,8
GGGAGTAATGGCTGGC-1,8
GGGAGTTAATGAGGCG-1,7
GGGATACGGTAATAAT-1,4
GGGATATTGATCGCCA-1,9
GGGATCCCAATACAAA-1,0
GGGATGGACCCGCGTC-1,2
GGGATGGTCGTAACCG-1,4
GGGATTATCTCACAAC-1,7
GGGATTTACCGCACCT-1,7
GGGCAACCGCACGTGC-1,6
GGGCACGAATTGGCCG-1,4
GGGCACGTAGTACTGT-1,0
GGGCACTATTGACCAT-1,0
GGGCAGACGTCACTGC-1,3
GGGCAGAGCAATCGTT-1,1
GGGCAGGATTTCTGTG-1,8
GGGCAGTCAACGCCAA-1,9
GGGCATGCATGTCGAG-1,0
GGGCCATTCGTGCTGG-1,6
GGGCCCGTCTTAAACA-1,3
GGGCCCTACGAAAGGG-1,4
GGGCCCTTATCTATAC-1,8
GGGCCGGCCGAAGTAC-1,8
GGGCCTAAATGGGCTA-1,0
GGGCCTATACAACCGG-1,9
GGGCCTATTTAAGTAT-1,0
GGGCGAATTTCTCCAC-1,5
GGGCGATATGTGTGAA-1,3
GGGCGATCCATAGGCC-1,6
GGGCGCAGCGTTACTC-1,5
GGGCGGCAAATGAATT-1,0
GGGCGGGTTCCCTACG-1,1
GGGCGGTCCTATTGTC-1,6
GGGCGTACATTTATAT-1,7
GGGCGTCACCACGTAA-1,6
GGGCGTCCACTGGCTC-1,6
GGGCGTGGTTTCCCAG-1,7
GGGCGTTTACATTCAT-1,4
GGGCTACTATTTCGTG-1,0
GGGCTATGATCGATGG-1,6
GGGCTCATCGAACCCA-1,3
GGGCTGCCTAGGGCGA-1,4
GGGCTGGTTAGTCGCG-1,7
GGGTAATGCTGTGTTT-1,9
GGGTACACTCTGGAGG-1,1
GGGTACCCACGGTCCT-1,1
GGGTACTTCATGAACT-1,7
GGGTATGTATGCACTT-1,1
GGGTATTCTAGCAAAC-1,5
GGGTCACCGTGACGGT-1,0
GGGTCACGTGCTTATG-1,3
GGGTCACTGAGTAGTG-1,6
GGGTCAGGAGCTAGAT-1,9
GGGTCATGCGTACCAT-1,6
GGGTCCTTGGAAGAAG-1,1
GGGTCGTGGCAAGTGT-1,6
GGGTCTATCGCTTTCC-1,0
GGGTGACACCTTAACT-1,6
GGGTGCATATGAAAGC-1,3
GGGTGGTCCAGCCTGT-1,1
GGGTGTTTCAGCTATG-1,6
GGGTTAACATTTGAGT-1,1
GGGTTCAGACGAACAA-1,1
GGGTTTAGGATAGGAT-1,0
GGGTTTCCGGCTTCCA-1,6
GGTAAACTCTGCGCTG-1,5
GGTAAATGTGCGTTAC-1,0
GGTAACCGGCAAAGGT-1,9
GGTAACCGGGAGGATA-1,1
GGTAACTATGTATCTG-1,1
GGTACAAACATGCTAT-1,9
GGTACACCAGATTTAT-1,6
GGTACATCTGGGACGA-1,4
GGTACCATTAAGACGG-1,0
GGTACGTTGCGGCCGG-1,7
GGTACTAAGTGCTTTG-1,5
GGTAGAAGACCGCCTG-1,7
GGTAGACCGTTGGGCG-1,6
GGTAGGCCAATATCAC-1,0
GGTAGTGCTCGCACCA-1,0
GGTATAGTGACACATA-1,0
GGTATCAAGCATAGAA-1,7
GGTATGAAAGAACTGA-1,0
GGTATTGCCGAGTTTA-1,3
GGTCAAGACTACTTCG-1,1
GGTCACGTTAGATTCA-1,6
GGTCAGTGGGTCCCAC-1,6
GGTCATTGTAGTCATA-1,9
GGTCCACGTCTATTTG-1,8
GGTCCCATAACATAGA-1,3
GGTCCTTCATACGACT-1,7
GGTCGGATAAACGGCG-1,5
GGTCGGCCAGGAGCTT-1,7
GGTCGGTAATTAGACA-1,1
GGTCGGTCGTCCACAG-1,9
GGTCGTAAGCTCGCAC-1,1
GGTCTCCAAGTAGTGC-1,8
GGTCTCCGTCCAGGTT-1,0
GGTCTCTGAATGGACT-1,1
GGTCTGAGAATCTGGA-1,7
GGTCTTGAGCGCTCTT-1,1
GGTCTTGGTGTTAACT-1,0
GGTGAAACCGGGAATG-1,4
GGTGAACGGGCTAGCC-1,1
GGTGAAGTACAGGGAT-1,1
GGTGACTGATAGAGAG-1,8
GGTGAGATGCAGATAA-1,9
GGTGATAAGGAGCAGT-1,0
GGTGATGAAGGAAGTG-1,0
GGTGATTTCATCTTGT-1,6
GGTGCAGAGCCTATCG-1,1
GGTGCATAAATGATTA-1,1
GGTGCGGATAAGTGGC-1,1
GGTGCTGATCACAAAG-1,6
GGTGCTGGTACACATT-1,5
GGTGGACCACGTGTTA-1,9
GGTGGACTGCTCTGGC-1,0
GGTGGAGGTTGATACG-1,0
GGTGGGATTAGGTCCC-1,6
GGTGTAAATCGATTGT-1,0
GGTGTAGGTAAGTAAA-1,9
GGTGTTCTGTTTCTAC-1,3
GGTGTTGGGCGTCTTA-1,5
GGTTACCACCCTCGGG-1,6
GGTTACCCGACACTTT-1,5
GGTTACCGCTCCCTAC-1,8
GGTTAGCTATATGTCT-1,1
GGTTAGGCTTGGAGAA-1,2
GGTTAGGGATGCTAAT-1,6
GGTTAGTTACGGCGCC-1,1
GGTTCCACCCGCTTCT-1,5
GGTTCCCTAGTGTCTC-1,8
GGTTCCGTACGACTAA-1,2
GGTTCGATGCTGAGTT-1,1
GGTTCGCATTTGCCGT-1,6
GGTTCGGATTATACTA-1,5
GGTTCTACTCGTCTGA-1,4
GGTTGTATCGTGAAAT-1,1
GGTTGTGCTCTTGTCC-1,4
GGTTGTGTAGCCTGGC-1,4
GGTTTAATTACCATCG-1,7
GGTTTAATTGAGCAGG-1,1
GGTTTACAATCTCAAT-1,4
GGTTTAGCCTTTCTTG-1,8
GGTTTCAATCGGTCAG-1,9
GGTTTGACAAGAAGCT-1,8
GGTTTGAGTGCTGGAA-1,5
GGTTTGCGAACACGTA-1,4
GGTTTGTGACCTGAGG-1,7
GTAACAACTGACCTTG-1,5
GTAACAGGTTAACGGC-1,0
GTAACATCAGCTCATC-1,0
GTAACATCTAAGATAA-1,1
GTAACTACGTAGACCT-1,0
GTAACTGCCCAAGGAG-1,6
GTAACTTGCGGCAGTC-1,1
GTAAGCGGGCAGTCAG-1,4
GTAAGGATTTGTCGGA-1,6
GTAAGTAACAGTCTGG-1,5
GTAAGTAGGGTATACC-1,7
GTAAGTCCACACTCTA-1,0
GTAATAAAGGGCTCCC-1,0
GTAATCTGATTCTTCG-1,9
GTACACTTACCTGAAG-1,4
GTACAGAGGCAAGGGT-1,0
GTACGACGGCGCTGCG-1,0
GTACGAGATTGCGACA-1,0
GTACGCTTCATTGCAC-1,8
GTACGTCACGTATTAA-1,1
GTACGTTTGCCCGTCA-1,0
GTACTAAGATTTGGAG-1,0
GTACTACGGCCTCGTT-1,0
GTACTCCCTTATCGCT-1,8
GTACTCCTGGGTATGC-1,1
GTACTGAGGTCGTAAC-1,9
GTACTGCATGAAGCGT-1,2
GTACTGGAGTTAGACC-1,5
GTACTTGGGCACTTCT-1,9
GTAGAAACGGGTGGAG-1,0
GTAGACAACCGATGAA-1,8
GTAGACACGCCTGACT-1,9
GTAGACGTCGTTACAT-1,1
GTAGAGGGAGACAAGT-1,6
GTAGCCAAACATGGGA-1,9
GTAGCGCTGTTGTAGT-1,4
GTAGCGGCTATACACT-1,1
GTAGCTAGTAAGCGCG-1,0
GTAGCTCCGGGAGGCT-1,1
GTAGCTTCCTCTTGTT-1,1
GTAGGTGATCCGTGTA-1,1
GTAGTCGCGGGAATCA-1,0
GTAGTCTACGATATTG-1,0
GTAGTGAGCAACCTCA-1,1
GTAGTTAGACAATATA-1,7
GTAGTTCGAAGGCGAA-1,9
GTAGTTTAAGCACACG-1,2
GTATAATCTCCCGGAT-1,0
GTATAGGACTCAGTAG-1,4
GTATAGTGGCCCATGT-1,5
GTATATGTTACGGCGG-1,9
GTATCAAACGTTAGCT-1,0
GTATCAAGGTACTTCC-1,9
GTATCAGCTTGGGTTC-1,9
GTATCCTTTGGTAACC-1,7
GTATCGGGACGAGCTG-1,5
GTATCTCAGTCTTGAC-1,8
GTATCTCCCTAACTGT-1,9
GTATCTCGGGCGCTTT-1,8
GTATCTTGTTGCTCAC-1,7
GTATCTTTCATAACCA-1,6
GTATGAAATTTCACTC-1,0
GTATGACGTGGGAAAC-1,1
GTATGTGGGTCTAGTT-1,6
GTATTAAGGCGTCTAA-1,6
GTATTAGGGTTCGCGT-1,6
GTATTCTGAGAAACGA-1,9
GTATTCTTACCGTGCT-1,9
GTATTTAATGGCATAA-1,0
GTCAAAGAAGTGGTGT-1,6
GTCAAAGTTTACATAG-1,2
GTCAACCAGGCCTATA-1,7
GTCAAGCGGACTCGGG-1,1
GTCAATGCTATAATTT-1,6
GTCAATTGTACTGAAG-1,9
GTCACAAAGTTTCCAA-1,6
GTCACCTGTCTATGTC-1,9
GTCACTCATGAGCGAT-1,9
GTCACTCTCCAAATCT-1,6
GTCAGAATAGTCTATG-1,7
GTCAGACAGCGTTGGA-1,1
GTCAGTTGTGCTCGTT-1,6
GTCAGTTTGGTAGTCG-1,4
GTCATCTCCTACAGCT-1,1
GTCATGCACCTCCGTT-1,4
GTCATGCGCGAGGGCT-1,1
GTCATGGACATGACTA-1,3
GTCATTAGAGCGAACG-1,6
GTCATTGCATTGACCC-1,4
GTCCAATATTTAGCCT-1,5
GTCCACGTCGCATTCG-1,7
GTCCAGGCACGTGTGC-1,6
GTCCATTACTGCTACG-1,0
GTCCCAACGTAAAGTA-1,0
GTCCCAATCATCCCGC-1,1
GTCCCGCGACGTTATG-1,1
GTCCGAGAGCAATCAT-1,4
GTCCGGACCTGAAATT-1,0
GTCCGGCTGAATTGCG-1,1
GTCCGGGTTCACATTA-1,9
GTCCGTTAGAGGGCCT-1,0
GTCCTACAGGCGGCTC-1,0
GTCCTACGAATAGTCT-1,5
GTCCTACTCTACGGGC-1,9
GTCCTAGGATACCTTA-1,2
GTCCTATTGTTGTGGT-1,4
GTCCTTCTACAACCCA-1,4
GTCCTTCTAGTGGGTT-1,0
GTCCTTTAATGACTTC-1,5
GTCGAATTTGGGCGCT-1,4
GTCGATAGGTGACTTT-1,0
GTCGCCGTTGTGTGTT-1,9
GTCGCGTAACCCGTTG-1,7
GTCGGAAGGATACCAG-1,5
GTCGGATATCTCAGAC-1,7
GTCGGATGTAGCGCGC-1,8
GTCGGGAACATGGTAG-1,0
GTCGGGAAGCAGAAAC-1,8
GTCGGGTGAAGTACCG-1,0
GTCGTACCATCTCGGG-1,6
GTCGTACCTACGATTG-1,8
GTCGTATTGGCGTACA-1,0
GTCGTCAATTATAAGG-1,1
GTCGTCTGGTTGGCTA-1,7
GTCGTGTCTGGTCATC-1,3
GTCGTTATTCGCTTAT-1,5
GTCTAAGATGCCCAGC-1,3
GTCTACTCAATTACAA-1,4
GTCTAGTGAGCCGCTT-1,1
GTCTATACACGCATGG-1,8
GTCTATCTGAGTTTCT-1,0
GTCTATTGCATGCTCG-1,9
GTCTATTGGTTCCGGT-1,0
GTCTCAAGGCCCGGCT-1,9
GTCTCCCGAGTCCCGT-1,1
GTCTCCGCCTCAATAC-1,5
GTCTCCTGCCAGTATG-1,3
GTCTCGACTAAGTTTG-1,3
GTCTCGATCTGCTTTC-1,0
GTCTCGCCAACACGCC-1,6
GTCTGCCGACTCGACG-1,0
GTCTGGGCGGTCGAGA-1,3
GTCTGTAGGTTGAACA-1,8
GTCTTACCACGCCAAG-1,0
GTCTTAGTACAGCCGG-1,4
GTCTTCCTCACCTAAG-1,7
GTCTTGAGGAGCAGTG-1,1
GTCTTGTAGCTATTCA-1,8
GTGAAACGGCGCCACC-1,3
GTGAAACGTGCTCCAC-1,6
GTGAACTCCCATTCGA-1,0
GTGAAGATTTCAAGTG-1,1
GTGAAGCCGTATAGTC-1,3
GTGAAGTCACGACTCG-1,1
GTGACAGCTTCCCACT-1,1
GTGACCGCACACTACG-1,1
GTGACCTAAAGAATAA-1,7
GTGACGAGGGTGACCC-1,1
GTGACGCAGGTTTCAT-1,3
GTGACTTCAGTAGTGC-1,9
GTGAGATAACCTTATA-1,9
GTGAGCGTGCTGCACT-1,0
GTGAGGACACTTAAGG-1,6
GTGAGGAGCGGTTGAG-1,1
GTGAGTCGACTAATAG-1,0
GTGAGTCTAAGACGGA-1,4
GTGAGTGGTACAACGC-1,6
GTGATCAAGCGTGCAC-1,4
GTGATCACTAACGCCT-1,3
GTGATCATAGATCTGC-1,1
GTGATCCTTGTCATGA-1,0
GTGATGCACAACATCT-1,7
GTGATTCGCCGCTCAA-1,8
GTGCAAATCACCAATA-1,5
GTGCAACAAATGTGGC-1,9
GTGCACCAGCTTCAAC-1,5
GTGCACGAAAGTGACT-1,6
GTGCAGCGTAGAGTAG-1,3
GTGCCAAACGTTTCGA-1,6
GTGCCATCACACGGTG-1,6
GTGCCCGTTCGGATTC-1,7
GTGCCGCTTCAAAGGT-1,4
GTGCCTAGCTATGCTT-1,1
GTGCCTCAGTGTACGG-1,1
GTGCCTGAGACCAAAC-1,0
GTGCGAAATCGAACAC-1,0
GTGCGACAGGGAGTGT-1,5
GTGCGCAGCTTGCTCC-1,7
GTGCGCTTACAAATGA-1,3
GTGCGGGACCATCGGC-1,0
GTGCGGGTCTCCAAAT-1,9
GTGCGTGTATATGAGC-1,0
GTGCTATCCAGCTGGA-1,3
GTGCTCAAGTACTGTC-1,4
GTGCTGCAGATAAGGA-1,0
GTGCTGTTAGAACATA-1,6
GTGCTTACATCAGCGC-1,1
GTGGAACCTACATGCG-1,6
GTGGACCAACCCGATT-1,6
GTGGACGCATTTGTCC-1,1
GTGGACGTGCTGAGAC-1,7
GTGGAGCATGTCGGCC-1,8
GTGGAGCGTTTACCGA-1,6
GTGGAGTCGGCGGTTG-1,3
GTGGCAAACAGCGGCA-1,0
GTGGCCGGTTTCTCGG-1,6
GTGGCCTAATATCATT-1,5
GTGGCGGGCCGTAGCT-1,9
GTGGCGGTCCCAGCGT-1,7
GTGGCGTGCACCAGAG-1,3
GTGGCTGTTTCTGTTC-1,9
GTGGGAACAAACCGGG-1,0
GTGGGAAGACTGAATC-1,1
GTGGGCTTAGACACAC-1,1
GTGGGTACTGAGCGTA-1,8
GTGGGTCTTCTTTGCG-1,6
GTGGTATAGTCTGCCG-1,2
GTGGTCAGCGAAGTAT-1,5
GTGGTGATGGTTTGTG-1,5
GTGGTGGCCAAGTGAA-1,7
GTGGTTACTTCTTTCG-1,6
GTGGTTTCCGCCTTTC-1,6
GTGTACCTTGGCTACG-1,8
GTGTACGAACCGTTCC-1,8
GTGTATATCAGCGGGC-1,0
GTGTATGACTTTAAAG-1,1
GTGTCAGTGTACGTGG-1,0
GTGTCCGATAAGGCAT-1,8
GTGTCGTATAGCGTTC-1,0
GTGTCGTATTCACCTT-1,4
GTGTGAATAACTTAGG-1,1
GTGTGAGCCGAGGTGC-1,9
GTGTGTCGACGTCGCT-1,9
GTGTTACTATGCGTCC-1,5
GTTAAAGTAGGACTGG-1,0
GTTAACATCACTTAAA-1,9
GTTAACTATGTTGTCA-1,9
GTTAAGGGTGCGATGT-1,9
GTTAAGTTAGAGTGGG-1,7
GTTAATAGCGTCATTA-1,5
GTTAATGTCTATCTTA-1,4
GTTACAATTGGTGACG-1,8
GTTACCAAGGCGTACG-1,0
GTTACCTACAACTTGC-1,3
GTTACGAAATCCACGC-1,1
GTTACGGCCCGACTGC-1,1
GTTACTTTGGGCCTAG-1,5
GTTAGAGTGTGCCGCT-1,4
GTTAGCCCATGACATC-1,0
GTTAGCCGTAAATCAA-1,0
GTTAGGCTACCCGTTT-1,8
GTTATAATACGGTGAA-1,5
GTTATATCAGGAGCCA-1,1
GTTATATTATCTCCCT-1,6
GTTATCAAGCTATCGA-1,1
GTTATCACCTTCTGAA-1,0
GTTATTAAATACGACC-1,0
GTTATTAACGTGGGAG-1,6
GTTCAAATCAGATGTC-1,4
GTTCAATCTATGTCAA-1,3
GTTCACAGGAGTCTAG-1,7
GTTCAGTCGCCAAATG-1,9
GTTCATCGTTTGGCTG-1,1
GTTCCAAGACAGCGAC-1,9
GTTCCAGTCTGACCAT-1,2
GTTCCCGTAAACATAT-1,9
GTTCCGTCCGCCTGCA-1,5
GTTCGACAATTGTATA-1,4
GTTCGCCATAAGTGCC-1,0
GTTCGCTGAGACGTCT-1,1
GTTCGGAGCACTCAAC-1,0
GTTCGGATCGGGAACA-1,0
GTTCGGGCGTACCATT-1,1
GTTCGGTGTGGATTTA-1,7
GTTCGTCTAAAGAACT-1,0
GTTCGTCTGGGTCCCT-1,9
GTTCGTTGCGGACCAG-1,9
GTTCTTCCCTCGATGT-1,6
GTTCTTGTAACTCAAT-1,7
GTTGAACCGGTTCCAT-1,4
GTTGAGTCCCGCCGGT-1,0
GTTGCACGGAGTTTCG-1,7
GTTGCAGTCGACAACA-1,0
GTTGCCCTAACGGGTG-1,1
GTTGCGCTAACATTAC-1,0
GTTGCGGACGGTCAGG-1,1
GTTGGACCGCATCAGG-1,1
GTTGGATTCAGTGGCT-1,9
GTTGGATTGAGAACAC-1,7
GTTGGATTTGCGTTGG-1,9
GTTGGTCATGCTATCC-1,0
GTTGTAGATTTATGAG-1,1
GTTGTCGTGTTAGTTG-1,9
GTTGTTACATTGCGCT-1,1
GTTGTTGCAAGATGGC-1,6
GTTTACGTTCCATCTG-1,1
GTTTATGGGATTTAGA-1,3
GTTTCAAACGAGTTGT-1,1
GTTTCATATCGTCGCT-1,8
GTTTCCTGGAGGGTGA-1,1
GTTTCTAGAGGCGCGG-1,1
GTTTCTGCAGTCTCCC-1,5
GTTTCTTGTTAGAGCT-1,5
GTTTGACCAAATCCTA-1,3
GTTTGAGCGGTTATGT-1,4
GTTTGGCCCAAGTTAT-1,7
GTTTGGCCGCTCAGCG-1,6
GTTTGGCGTCAGGCAC-1,9
GTTTGGGCTTGTGAGC-1,1
GTTTGGGTTTCGCCCG-1,1
GTTTGGTAGGGTCAAC-1,5
GTTTGGTGATCGGTGC-1,1
GTTTGTTAGCCAAGTA-1,9
TAAACCCAGGAGGGCA-1,1
TAAACGTCGTCAATGA-1,5
TAAAGACAACCCTTTA-1,5
TAAAGAGCCCGAAACC-1,8
TAAAGCGGTATTTCCA-1,1
TAAAGCGTTAGGAGAA-1,9
TAAAGCTGCAATAGGG-1,9
TAAAGGAGAAACTAGT-1,9
TAAAGTGCACGTCTCG-1,5
TAAATCTTTACACCTC-1,1
TAAATGAATCCGTTTC-1,1
TAAATGCCGTCTCATG-1,6
TAAATGGGCTACTGAG-1,8
TAAATTGTGGGTAAAG-1,9
TAAATTTAGTAACACC-1,4
TAACAAAGGGAGAAGC-1,7
TAACAATATTTGTTGC-1,5
TAACAGCGTTTGTGCT-1,8
TAACAGGTTCCCTTAG-1,8
TAACATACAATGTGGG-1,9
TAACATACACGCGATC-1,2
TAACCGCCCGCAGTGC-1,9
TAACCGTCCAGTTCAT-1,6
TAACCTACCGTCCGAG-1,1
TAACCTAGGGAGTCCA-1,7
TAACGCTTTGAGAGCG-1,1
TAACTATCGAAGGTCC-1,6
TAACTATTACGCCAAA-1,1
TAACTCATCCGCGCGG-1,1
TAACTCCATGGAGGCT-1,6
TAACTGAAATACGCCT-1,1
TAAGAGGGACAGGGAC-1,1
TAAGATTTAGCGGGAG-1,9
TAAGCAGGCGACACGC-1,4
TAAGCCCTTACGACCA-1,7
TAAGCGCGAATCAAAT-1,8
TAAGGAACTTGTGGGA-1,9
TAAGGCAACATAAGAT-1,4
TAAGGCATAACATCAA-1,9
TAAGGCCCGTCACCCT-1,7
TAAGGCTGAATCCCTC-1,0
TAAGGGCCTGTCCGAT-1,1
TAAGGGCTGGGAGAGG-1,4
TAAGTAAATGTGCCGC-1,1
TAAGTAACATCTTGAC-1,4
TAAGTCGCCGAGTATC-1,1
TAAGTCGGTGAGCTAG-1,9
TAAGTGAATAGTCTAC-1,4
TAAGTTGCGACGTAGG-1,0
TAATAAACAAGGAGAT-1,1
TAATACACAGTAGTAT-1,1
TAATACTAGAACAGAC-1,0
TAATAGAACAGAGTTA-1,6
TAATAGCTAAATGATG-1,6
TAATAGGTCACCAGAA-1,4
TAATAGTGACGACCAG-1,3
TAATATTGAAATTCGC-1,1
TAATCAACCAAATGGG-1,5
TAATCAGGAATGCTGC-1,6
TAATCGATCCGTACGT-1,7
TAATGAAAGACCCTTG-1,6
TAATGTCGGTTCATGG-1,7
TAATTACGTCAGTAGA-1,0
TAATTAGATGGATATG-1,9
TAATTAGGACATCCGT-1,0
TAATTCCAATGCTTCA-1,1
TAATTGCGCTGATTAC-1,1
TAATTGGAATCGGGAA-1,9
TAATTTCCGTCCAGTA-1,1
TACAAATTGCGGAGGT-1,8
TACAACAGCGCATACA-1,1
TACAACGCACAACTCA-1,8
TACAAGCTGTTCACTG-1,6
TACAAGGGCTTCTTTA-1,3
TACAAGTCTCGTGCAT-1,7
TACAATGAAACCAGCA-1,3
TACACAGCCGTGGTGC-1,0
TACACCGTCGTTAGTC-1,6
TACACCTCTTCGAATC-1,6
TACAGAAACGGTGGGC-1,7
TACATAGGCATACACC-1,6
TACATCCCTATCCCTG-1,8
TACATCTTGTTTCTTG-1,7
TACATGACCTTATCCG-1,4
TACATGCCGGAATTGT-1,9
TACATTTCTAACGTGC-1,8
TACCAAATAGCCCAGA-1,1
TACCAATAAAGTACCA-1,0
TACCAGAAGTAGGTTC-1,9
TACCAGCTAGGTTTAA-1,9
TACCAGGAATCCCGTC-1,5
TACCATGTATTGATTT-1,0
TACCCTCGGTAACCCT-1,8
TACCGAATAATTGTAA-1,1
TACCGATCCAACACTT-1,6
TACCGCGGACTTGCAG-1,6
TACCGGCTCACTGCCC-1,1
TACCGGTCGTTTCCAT-1,6
TACCGTAGGTTAACTA-1,6
TACCGTGCCTCGGACC-1,1
TACCTACTCCCAGTAT-1,6
TACCTATCCCTAGAGG-1,7
TACCTCACGCTTGTAC-1,1
TACCTCAGTTGTCTGT-1,1
TACCTCCACACCAATG-1,4
TACCTCTTTACCATCC-1,9
TACCTGCTGCACTGTG-1,6
TACCTTAAGATTTCCC-1,6
TACGAACACGACTTCA-1,3
TACGACGCTTGCTGCG-1,6
TACGACTGCCTCTTAG-1,9
TACGAGAACTTCACGT-1,1
TACGATCCAAGCCACT-1,3
TACGATGTTGATCATC-1,5
TACGCAGTTCTTTCCT-1,9
TACGCCATATTCTAAT-1,6
TACGCCGAGGGTACCC-1,6
TACGCCGCCTCAGAAG-1,9
TACGCCTCCATTCCGA-1,1
TACGCTATAGAAACCT-1,0
TACGCTCCTAGAACTG-1,8
TACGCTCGGTATTGGA-1,1
TACGCTGATAGTTGTA-1,6
TACGCTGCACGGTCGT-1,0
TACGCTGCTGTGTTAA-1,5
TACGGAAGCCAAACCA-1,9
TACGGCATGGACGCTA-1,1
TACGGGATGCTAGCAG-1,1
TACGGGTAATAACATA-1,8
TACGTAAAGCGGAGTG-1,7
TACGTACTAGTGCTGA-1,9
TACGTGCAAGGTTCCT-1,5
TACGTGCACTATGCTG-1,1
TACGTGGGCCCAGGGC-1,0
TACGTTTACCGGCAAT-1,8
TACTACGTGCAATGCG-1,1
TACTATGGTTCCTCAG-1,9
TACTCACAACGTAGTA-1,7
TACTCATTGACGCATC-1,7
TACTCCTCTAGTTGAC-1,1
TACTCGGCACGCCGGG-1,4
TACTCGTTTGAATCAA-1,0
TACTCTCCGAACAAAT-1,8
TACTCTTACTTTACTG-1,0
TACTCTTTCGTCTTCA-1,7
TACTGAACAGATTTAG-1,9
TACTGAGGGAAGAAAG-1,8
TACTGCAATCAATTAC-1,1
TACTGCATGATTAAAT-1,2
TACTGGACAGCTCGGC-1,4
TACTGTTTCTCTGGTA-1,0
TACTTAAACATGTACA-1,7
TACTTGTTAGTAGTCC-1,5
TACTTTACTGAGCCGG-1,3
TACTTTCCGCACGCCA-1,9
TAGAAACACAATAGTG-1,5
TAGAAACCACTAAGTA-1,0
TAGAAAGGTGGCGCTA-1,9
TAGAAATTCACGTATA-1,4
TAGAACGCCAGTAACG-1,0
TAGAAGAAGGGTTACA-1,8
TAGAATAGCCGATGAA-1,1
TAGAATTAAGGGCAAC-1,1
TAGACGAAACGCCAAT-1,1
TAGACGCCCGTACCGG-1,6
TAGACTACCTAGCGTT-1,3
TAGACTCAGTTGGCCT-1,4
TAGAGATCATGCAACT-1,1
TAGAGCTACGAAGAAC-1,1
TAGAGGGAGTTTATCT-1,1
TAGAGGTTCTACTTGT-1,7
TAGAGTCTAAGCGAAC-1,3
TAGAGTGTTCCGGGTA-1,7
TAGATATGGACTGGAA-1,6
TAGATCCGAAGTCGCA-1,8
TAGATGGTTCCTTACT-1,5
TAGATTCAAAGTGCGG-1,2
TAGATTCCTGGTTATT-1,4
TAGATTCTCTAGCAAA-1,0
TAGCAACCTGTCACAA-1,9
TAGCAGATACTTAGGG-1,0
TAGCAGTAAATACGCG-1,9
TAGCAGTATGACTAAA-1,6
TAGCCAGAGGGTCCGG-1,1
TAGCCATGATTGCCTA-1,3
TAGCCATTTCAAAGTC-1,1
TAGCCGGCGGTCAGCG-1,0
TAGCGTCCCTCGATTG-1,7
TAGCGTCCGGTGTGGT-1,4
TAGCGTCGAATATTGA-1,4
TAGCGTTGGGTCTTAC-1,6
TAGCTAAGTCCGGGAG-1,3
TAGCTAGAAGGCATGA-1,7
TAGCTAGTGATGATGG-1,1
TAGCTCACTGTGTTTG-1,6
TAGCTCAGATCCTAGT-1,9
TAGCTCGCCTGATAAC-1,6
TAGCTGATGTGAAGCG-1,7
TAGGAACAGCCTCCAG-1,6
TAGGAGGCTCGAGAAC-1,3
TAGGATCTTAACCGCA-1,0
TAGGCATGTTACGCCA-1,3
TAGGCCTATATAGTCT-1,5
TAGGCGATGAGGTCTC-1,8
TAGGCGGCTGCAAAGA-1,8
TAGGCTAAAGTGGCAC-1,0
TAGGGAGCTTGGGATG-1,9
TAGGGTGTTTCAAGAG-1,0
TAGGTCCAAGTAAGGA-1,6
TAGGTCGCCGGAACTG-1,0
TAGGTGACGATAACCT-1,1
TAGGTGAGCCCTACTC-1,7
TAGGTGCTCGCCTAGC-1,9
TAGGTGTTCCACAGAT-1,9
TAGGTTCGAGTTCGTC-1,4
TAGGTTCTGCTGAGAA-1,1
TAGTACCACAACTTTC-1,8
TAGTACCTTAGTGGTC-1,0
TAGTAGCTTATACCAG-1,9
TAGTAGTTGCCGGACA-1,2
TAGTCCCGGAGACCAC-1,1
TAGTCCGCAGAGAATG-1,8
TAGTCCGTATGCATAA-1,5
TAGTCCTGCACTAAGC-1,9
TAGTCGATCACGGGTT-1,0
TAGTCGGGATTCTTCG-1,1
TAGTCTAACAACGAGA-1,9
TAGTCTGCGGCACATT-1,8
TAGTCTGTGACGTTGC-1,6
TAGTCTTTCCGAATTG-1,7
TAGTGACAAGCTCTAC-1,4
TAGTGAGAAGTGGTTG-1,7
TAGTGCCCTCCAGAGT-1,0
TAGTGCTTGAATCCTT-1,5
TAGTGGAACTCATACA-1,4
TAGTGTCAGAAACGGC-1,6
TAGTTAAGATAGGATA-1,3
TAGTTTATTCTTGCTT-1,1
TAGTTTGATCGGTCGC-1,7
TATAAATCCACAAGCT-1,1
TATAAGTGAGGATAGC-1,1
TATACACAGACGCCTT-1,1
TATACACGCAAAGTAT-1,1
TATACCGAGTGCCACA-1,1
TATACGCGTCATCACT-1,9
TATACTCATGCGGCAA-1,9
TATAGAGTCGCTTGAA-1,7
TATAGATGGTCGCAGT-1,0
TATAGCGCACGTTATC-1,4
TATAGCTATTATCTCT-1,9
TATAGGGTACTCATGA-1,4
TATAGTTAGGTGTACT-1,6
TATATAGGGCTTTACG-1,0
TATATATCGAGAAATG-1,8
TATATCAAAGTGATCT-1,4
TATATCATTGATCAGT-1,4
TATATCCCTGGGAGGA-1,4
TATATGCTGGGTTGCC-1,4
TATATTACAAATGTCG-1,1
TATATTCGCGTCGATA-1,2
TATCAAAGGTCTGTAA-1,0
TATCACAGCACGGGCA-1,7
TATCACCATGTAAAGT-1,9
TATCACCCAACCGACC-1,1
TATCACTTCGAGTAAC-1,5
TATCAGTGGCGTAGTC-1,8
TATCCAATTGGTTATC-1,0
TATCCATATCATGCGA-1,2
TATCCATCTCGGTTAG-1,5
TATCCCTCGATCTGCA-1,9
TATCCGCACCGTCGGG-1,1
TATCCTATCAACTGGT-1,1
TATCCTGCATGGGAAT-1,1
TATCGATCTATGCATA-1,1
TATCGATGATTAAACG-1,1
TATCTACAGAGGTAAT-1,1
TATCTACCACAGCGGG-1,6
TATCTAGCCTAAAGGA-1,4
TATCTGAGCCGATATT-1,8
TATCTTGCAATACAAC-1,8
TATGAAGAATTAAGGT-1,1
TATGAAGACAGGTGCG-1,6
TATGACCTTGCGCTGG-1,1
TATGATAAATCTAACG-1,4
TATGATCCGGCACGCC-1,0
TATGATCTTCTCTTTA-1,9
TATGATTCTGCTTGGT-1,6
TATGCTCCCTACTTAC-1,3
TATGGAGTTTCTCGTT-1,9
TATGGATGTGCTACGC-1,0
TATGGCAGACTTTCGA-1,1
TATGGCCCGGCCTCGC-1,9
TATGGCTAGGCTAATT-1,9
TATGGGACCGAGCAGG-1,3
TATGGGTACGTATCGT-1,8
TATGGTCTGAGTAACA-1,4
TATGGTTAGTGGGAGA-1,4
TATGTAAAGTGCTTAA-1,6
TATGTAGAAACCCGGC-1,4
TATGTCAAGACCGACT-1,8
TATGTCTCATTGTGCC-1,7
TATTAACACCAAAGCA-1,8
TATTAACCTGACCGCG-1,9
TATTACCATCCTGCTT-1,7
TATTATGTTTGCCTGC-1,4
TATTCAATTCTAATCC-1,5
TATTCCACTCAGCTCG-1,6
TATTCCGAGCTGTTAT-1,0
TATTCCGGCAGTCCTA-1,6
TATTCCTCCGCCCACT-1,9
TATTCGTGCCAGAATA-1,3
TATTGACATTTCTGCC-1,1
TATTGCCGGGCTTGTA-1,1
TATTTAGTCTAGATCG-1,7
TATTTATACCGAGTAG-1,8
TATTTGATTTGCACAG-1,9
TATTTGTTACCCTTTA-1,9
TCAAACAACCGCGTCG-1,3
TCAAACAATTAGGACA-1,1
TCAAACTTAGATTGTT-1,4
TCAAAGAGCTATCTGT-1,8
TCAAAGTCACGGCGTC-1,8
TCAAATTATGTTCGAC-1,8
TCAAATTGTTGTGCCG-1,1
TCAAATTTGAGACTCA-1,1
TCAACAAAGATAATTC-1,6
TCAACACATTGGGTAA-1,9
TCAACATAGCGCCCTA-1,1
TCAACATCGACCGAGA-1,6
TCAACCATGTTCGGGC-1,1
TCAACGAGGAGACAAA-1,2
TCAACGCAGGAAATAA-1,5
TCAACGCGACCGGCAG-1,4
TCAACTAACGTATAAC-1,3
TCAACTGCAGAGTCAG-1,1
TCAAGAAATACTAGCT-1,3
TCAAGCGCGGACGGTA-1,9
TCAAGCTGCCTTGAAA-1,1
TCAAGGTTACTACACC-1,9
TCAATACAATTGCTGC-1,4
TCAATACGCCGTCATG-1,7
TCAATATACAGGAGGC-1,7
TCAATCCCGCGCCAAA-1,5
TCAATCCGGGAAGTTT-1,9
TCACAAACCGAGGTAC-1,9
TCACAGATCCTCAAAC-1,1
TCACAGCAAACTCGAA-1,9
TCACAGGAGAATAAGA-1,9
TCACAGGGAATCGCAA-1,9
TCACAGGTTATTGGGC-1,5
TCACATCTTATCTGAT-1,6
TCACCCTCTTAAGATT-1,6
TCACCGCTCGGCACTC-1,6
TCACGATGTCCGTGGA-1,6
TCACGATTAATACGTT-1,7
TCACGCATTGTAGATC-1,3
TCACGGCCCAAGAGAG-1,3
TCACGGTCATCGCACA-1,9
TCACGTGCCCGATTCA-1,1
TCACTACGACCAATGC-1,6
TCACTATCCCTTCGGT-1,0
TCACTATCGTGCAATC-1,1
TCACTCAGCGCATTAG-1,4
TCACTCGTGCAACGGC-1,6
TCACTCTTCGTCTGTC-1,9
TCAGAACCTCCACAGG-1,1
TCAGAACGGCGGTAAT-1,9
TCAGACGCTATAGAAG-1,6
TCAGAGCATGTCAACG-1,2
TCAGAGGACGCGTTAG-1,1
TCAGAGTGTGAGCATG-1,8
TCAGATGGAGACGTAG-1,9
TCAGCAAATGCATCTC-1,6
TCAGCAGTAGGCCCTG-1,7
TCAGCCAATCCGTAAA-1,7
TCAGCGCACGCCGTTT-1,1
TCAGCTTGAGCTTTCG-1,4
TCAGGGCGACTTCCTT-1,4
TCAGGGCGCAAACTCG-1,9
TCAGGGTGCACGAAAC-1,1
TCAGGGTGTAACGTAA-1,4
TCAGGTTCTTTGAGAA-1,1
TCAGTACTGACCCGCG-1,1
TCAGTAGGGACTATAA-1,4
TCAGTGTATACGTCAT-1,1
TCAGTTACGGAATGAT-1,8
TCATAAGTCCAAGAAG-1,7
TCATACTTACAGATCC-1,1
TCATATGAGCTTTGTT-1,5
TCATCACTCGAGCTCG-1,6
TCATCCATCTGATCAC-1,1
TCATCCCAGAGGGTGG-1,6
TCATCCTCAGCTGCTT-1,1
TCATCGACGACCGTCG-1,4
TCATCGATGGTCCCAA-1,6
TCATGCAGGTTCTCAT-1,1
TCATTCGTATAATTTG-1,5
TCATTTAAGTCTCCGA-1,4
TCATTTAGAAGTGTGA-1,7
TCCAACTCAGCTATCT-1,6
TCCAACTTTAAATTCT-1,0
TCCAAGCCTAGACACA-1,1
TCCAATAAAGGCTACC-1,9
TCCAATGCGTCGCCGC-1,2
TCCACAATGGTTTACG-1,2
TCCACATCGTATATTG-1,5
TCCACCAAGACATAGG-1,5
TCCACCTCTAGCCTTT-1,5
TCCACTTTATCTAGGT-1,6
TCCAGAGCACCGGTTC-1,9
TCCAGATGTACGCCAA-1,6
TCCAGCGCTATAAGCG-1,1
TCCAGGCAGGACGATC-1,1
TCCAGGCGAGTACGGT-1,3
TCCAGGGTATATACGA-1,1
TCCATCAATACTAATC-1,0
TCCATTAGTTGGATAG-1,2
TCCATTCCCACTAGAG-1,9
TCCATTGTGACCTCGT-1,9
TCCCAAACAGACAACG-1,1
TCCCAAACATCCTCTA-1,1
TCCCAAAGACGAAGGA-1,3
TCCCAAAGCCCTAAAT-1,1
TCCCACGGAGGGAGCT-1,4
TCCCACTCTCTTCCGG-1,1
TCCCAGCACACGACAT-1,7
TCCCAGCTTTAGTCTG-1,0
TCCCAGGCTTAGCTAA-1,7
TCCCGCCTATGTGCGT-1,7
TCCCGCGTACTCCTGG-1,8
TCCCGGGTGTGCTGCT-1,8
TCCCGGTCAGGAATTT-1,1
TCCCGTCAGTCCCGCA-1,8
TCCCGTCGCGTCATAG-1,9
TCCCGTGTGCAATTTG-1,0
TCCCTAGATCAATAGG-1,1
TCCCTCCGAAATCGTT-1,1
TCCCTCTTCTCAAGGG-1,0
TCCCTGGCGTATTAAC-1,8
TCCCTGGCTCGCTGGA-1,0
TCCCTTAGATTACTCG-1,6
TCCCTTGTCTGAAACT-1,0
TCCGAACGTTGCCGCT-1,0
TCCGAACTTGGCTTAC-1,8
TCCGAAGTAGTCACCA-1,9
TCCGAATGGTCCTGAG-1,4
TCCGACCGCTAATCAA-1,3
TCCGAGAAGGCTAAGC-1,1
TCCGATAATTGCCATA-1,2
TCCGATGACTGAGCTC-1,8
TCCGATGGTGCGACAT-1,7
TCCGATTACATTGCCG-1,6
TCCGCAGCCACCTAGC-1,9
TCCGCCTGTCTACAAG-1,0
TCCGCGGCAGCATCTG-1,1
TCCGCGGCCCAATGAA-1,0
TCCGCTGGGTCGATCG-1,0
TCCGCTGTCATCCCGG-1,1
TCCGCTTATCCCATTA-1,6
TCCGGAGGAAGGGCTG-1,1
TCCGGCCTAGCGTACA-1,7
TCCGGCCTGCATCGAT-1,4
TCCGGCTGTCGGGTCG-1,1
TCCGGGCCACTAACGG-1,6
TCCGGGCTTGACGGGA-1,1
TCCGGTTCGTCCGGTC-1,1
TCCGTAACCACAATCC-1,1
TCCGTTAAGCTAATAT-1,1
TCCGTTTAGCCTTGAA-1,0
TCCTAAAGATTCAGAC-1,9
TCCTAAATTGGGAAGC-1,1
TCCTAACCGTCGGGCA-1,9
TCCTACATCCACGGCC-1,3
TCCTAGCAAAGAAGCT-1,6
TCCTATCATAGGTAAC-1,0
TCCTCCTAAGACATTC-1,5
TCCTCGGGCTGGGCTT-1,5
TCCTCTACGAGATGGC-1,9
TCCTCTCCAGTTGTCC-1,5
TCCTCTGGCCCATTAG-1,6
TCCTGCAGCCGCCAAT-1,2
TCCTGCCAACTGGAGA-1,1
TCCTGCGTTGATACTC-1,4
TCCTGGCGCTGCCTGG-1,1
TCCTTACGACGGTCCG-1,0
TCCTTCAATCCCTACG-1,1
TCCTTCAGTGGTCGAA-1,6
TCCTTGTCCTTTAATT-1,7
TCCTTTAAATCCGCTT-1,0
TCCTTTCTTACGCTTA-1,8
TCGAAATTTAGGACCA-1,5
TCGAAGAACCGAGCAC-1,5
TCGAATATCCCGCAGG-1,4
TCGAATCGCAGGGTAG-1,4
TCGACAACTGAACCCG-1,6
TCGACATAGCGTAGCG-1,4
TCGACTGACGATGGCT-1,0
TCGAGACCAACACCGT-1,0
TCGAGCCAGGCAGGCC-1,6
TCGAGGGCAACAGACG-1,0
TCGAGTCTACGATTCG-1,1
TCGATAGGCTAGTCGC-1,1
TCGATGTTACGGCCGT-1,7
TCGATTTACGAAACGA-1,0
TCGCAAAGATGCATTT-1,9
TCGCACCAGGAGGCAG-1,3
TCGCACTAACGTTTGT-1,9
TCGCATAAAGGGCGCA-1,1
TCGCATCCCTAAGTGT-1,3
TCGCATTCAATGACTT-1,1
TCGCCACCCGGATTAC-1,9
TCGCCCAACTGACTCC-1,0
TCGCCCACTGCGAGAG-1,0
TCGCCGAAGTTGCGTC-1,5
TCGCCGACATATTCGC-1,1
TCGCCGCACCGCGTGA-1,4
TCGCCGGAGAGTCTTA-1,3
TCGCCGGATGGGCAAG-1,4
TCGCCGGTCGATCCGT-1,1
TCGCCTCCTTCGGCTC-1,9
TCGCCTCGACCTGTTG-1,1
TCGCGCGTTTACATGA-1,6
TCGCGTAGCAGTGTCC-1,0
TCGCGTCCAGAAGGTC-1,9
TCGCTAAACCGCTATC-1,9
TCGCTACTGGCTTTGA-1,0
TCGCTCGATATATTCC-1,8
TCGCTCGGCACCAGCG-1,0
TCGCTGCCAATGCTGT-1,1
TCGCTGGGCGGATTGT-1,8
TCGCTGTGCGTAAATC-1,1
TCGCTTAATTACGAAG-1,1
TCGCTTTAAACGTTTG-1,4
TCGGAATGACCATCAA-1,0
TCGGAATGCGCTCTGA-1,1
TCGGACGCCCAGCCCA-1,1
TCGGAGAGTATCGGGA-1,6
TCGGAGTACATGAGTA-1,7
TCGGAGTCCTGGTTGC-1,5
TCGGATCTGGATGACC-1,5
TCGGCAGGGTTAAGGG-1,0
TCGGCGAACCCAAACC-1,7
TCGGCGGTATTAGATT-1,6
TCGGCGTACTGCACAA-1,0
TCGGCTAACTTCCCTT-1,8
TCGGCTTGTATCGACG-1,9
TCGGGAACGTGCCTAG-1,1
TCGGGAGACAGCGTAC-1,0
TCGGGATTCAAACATA-1,4
TCGGGCACTTCTGGAT-1,4
TCGGGCCGTCGTGGTA-1,1
TCGGGTGAAACTGCTA-1,7
TCGGTCCCGACAATAG-1,0
TCGGTCCCTGACTCCA-1,1
TCGGTGACCGCTCCGG-1,9
TCGGTTAGCCATGTAG-1,1
TCGTAACTCCCAAGAC-1,5
TCGTAAGACGACATTG-1,8
TCGTAAGCTCCGAGGA-1,6
TCGTACCGACGTCAAG-1,9
TCGTATAGTGCAATTA-1,6
TCGTATCACCAAGCTA-1,6
TCGTATTACCCATTGC-1,8
TCGTATTTCGTCCGGA-1,4
TCGTCAAGTACGCGCA-1,9
TCGTCACACTGTTAGC-1,6
TCGTCCGCTGGCGTCT-1,7
TCGTCCGGGTACACTC-1,7
TCGTCTTAGGCGTTAA-1,0
TCGTGTACTATGGATG-1,5
TCGTGTATTGGTCACG-1,5
TCGTGTCACGCTGACA-1,6
TCGTGTTCGACCACAA-1,6
TCGTTAGGAGTCCCTA-1,9
TCGTTCGTTATTATGT-1,2
TCGTTGACAGGGTCCC-1,4
TCGTTGCTATCCGGTC-1,9
TCGTTGGCTCGTCAAT-1,6
TCGTTTACGCGACCCT-1,0
TCTAAAGAACAGTCTC-1,8
TCTAACCTAGCCTGCG-1,0
TCTAACTGTATGTAAA-1,4
TCTAATACTGCCTCAG-1,1
TCTACACGTTCATGCA-1,7
TCTACCCAATAGAGAG-1,1
TCTACCCGCATCATTT-1,5
TCTACCGTCCACAAGC-1,4
TCTACGCACGATCTCC-1,8
TCTACGGGCTCAGTTG-1,3
TCTAGCAATCTCCGCC-1,1
TCTAGCATCTTCGATG-1,2
TCTAGCATGCCCAGAA-1,6
TCTAGGTGGCGACGCT-1,5
TCTAGTGATATCGTGG-1,1
TCTAGTTATCAGAAGA-1,3
TCTATAGGTGGGTAAT-1,7
TCTATCATGCAGTTAC-1,9
TCTATCCGATTGCACA-1,1
TCTATCGGTCGCAACA-1,4
TCTATGCTATAACGAC-1,0
TCTATTACGCTGGCGA-1,6
TCTATTACTAGAGGAT-1,4
TCTCAAATCAATCGGG-1,7
TCTCAGGCTACTCGCT-1,1
TCTCATGAGATAGGGT-1,0
TCTCCAACGTAGGTTA-1,8
TCTCCACAAGTTGAAT-1,6
TCTCCCTGGGCAGCGT-1,0
TCTCGAACGAGGTCAC-1,1
TCTCGACGTATCGCCG-1,5
TCTCGAGGAGGTTCGC-1,5
TCTCGGCTCCAGGACT-1,1
TCTCGTGTTACGAGGA-1,0
TCTCTAATAGCTGGTA-1,9
TCTCTCGCCGCACATA-1,1
TCTCTTACCGCGAACC-1,1
TCTGAACCGGTCGGCT-1,7
TCTGAACTCGTACCCG-1,1
TCTGAAGCACGTGGTC-1,9
TCTGAATTCCGTACAA-1,0
TCTGACGGGCTAACCC-1,1
TCTGACTGTAATGGTT-1,0
TCTGAGCAATTGACTG-1,1
TCTGATCGGGTGCTAG-1,7
TCTGATGTATTCTGTC-1,9
TCTGATTGGAAATGGA-1,6
TCTGCACCATTAGTAA-1,6
TCTGCAGATTCGAGTC-1,4
TCTGCATACCTTGCTT-1,9
TCTGCCAGAAACTGCA-1,9
TCTGCGAATCGTTCGC-1,8
TCTGCGTCCGGTTTCT-1,2
TCTGCTTAGAACAAGC-1,7
TCTGGAGCGTAAGAGT-1,8
TCTGGCCGTTCAAGTT-1,6
TCTGGCGCAAGCCGGG-1,4
TCTGGGAACCTTTGAA-1,9
TCTGGGTAGCGCTCAT-1,3
TCTGTCATACAAGAGC-1,9
TCTGTGACTGACCGTT-1,9
TCTGTGATGGAGGTTG-1,1
TCTGTGCCATCATAGT-1,1
TCTGTGGCTACATTTC-1,3
TCTGTTACCCAGCATA-1,1
TCTGTTTAGATTGTTC-1,3
TCTTAACTCGGATGTA-1,7
TCTTACAGAGGTACCG-1,6
TCTTACCGGAACTCGT-1,1
TCTTACGGCATCCGAC-1,1
TCTTACTTATGCCTCT-1,1
TCTTAGAGCTCCAATT-1,7
TCTTAGAGTGAACTCT-1,5
TCTTATGGGTAGTACC-1,7
TCTTCCCATGGGCACA-1,5
TCTTCGAATAGACGTT-1,6
TCTTCGATACCAATAA-1,4
TCTTCGCGGTGAGAGG-1,1
TCTTCTATAACCCGCC-1,5
TCTTGATGCGTAGCGA-1,3
TCTTGCTCCCGATACT-1,8
TCTTGGTAACACCAAA-1,4
TCTTGGTCAATGATAC-1,6
TCTTTAAGACTATGAA-1,0
TCTTTAGAGTCTAACA-1,0
TCTTTAGCAGGCGAAC-1,1
TCTTTCATCCGTCCTT-1,5
TCTTTCCTTCGAGATA-1,6
TCTTTCGGCGGGACAC-1,9
TCTTTCTCTTAAGGAG-1,7
TGAAACCTCAACTCAC-1,1
TGAAACTTATGCAAGC-1,8
TGAAAGGACCTGACTC-1,1
TGAACAAGCAGGGACT-1,1
TGAACACCCGAAGCAG-1,6
TGAACCTGAATGTGAG-1,7
TGAACTGCTATGACTT-1,5
TGAAGAGCGGTCCTAG-1,1
TGAAGTAGCTTACGGA-1,6
TGAATACCGACGCGTA-1,1
TGAATATGCTATAAAC-1,3
TGAATGAGATACAGCA-1,7
TGAATGAGTGTTTCCC-1,9
TGAATGTCAGCCGGCC-1,6
TGAATTTCACTTGCCT-1,5
TGACAACGCATGTCGC-1,8
TGACACTTCTCTTTGC-1,9
TGACAGAAATCTTGCT-1,6
TGACAGGACAAGTCCA-1,8
TGACATATATGACGAT-1,7
TGACATCGAGCGGACC-1,0
TGACATGTAACGTGAC-1,9
TGACCAAATCTTAAAC-1,7
TGACCAGCTTCAAAGT-1,6
TGACCCAACTCACATT-1,8
TGACCCACGTTAGACA-1,5
TGACCCAGCATTCCCG-1,7
TGACGAATATTTCCCT-1,6
TGACGATGCACTAGAA-1,1
TGACTATAATCCTTTC-1,9
TGACTCCGAATCATAC-1,0
TGACTCTAACTGGTAA-1,8
TGAGAATGCTTTACCG-1,1
TGAGACGTACCTCTCA-1,7
TGAGAGATTTACCACG-1,1
TGAGATCAAATACTCA-1,9
TGAGATTAGGCCCTAA-1,1
TGAGCAGTCGTGAAGT-1,5
TGAGCCATACAGTCTC-1,1
TGAGCGGAAAGTGTTC-1,5
TGAGCTCAACTGTATA-1,8
TGAGCTTTAATGACGC-1,0
TGAGGAGTGCCAGCTT-1,1
TGAGGCATGTACTGTG-1,4
TGAGGTGTGTGGCGGA-1,1
TGAGGTTGATCCCAAG-1,9
TGAGTAAATTAGCGTA-1,1
TGAGTGCCTCTTAAAT-1,3
TGAGTGGTCCGTGACG-1,9
TGAGTGTAACAACGGG-1,0
TGAGTTAAAGACATTC-1,1
TGATACATTTAGCCGT-1,1
TGATAGCGGGATTCTA-1,4
TGATCACCACACTGAC-1,0
TGATCAGGGAACTGCT-1,1
TGATCCCAGCATTAGT-1,0
TGATCGGTTTGACCCT-1,3
TGATCTACGCTGATCT-1,6
TGATCTATCACACTCT-1,1
TGATCTCCGGCGCCAG-1,6
TGATGCTCACGTAGTC-1,5
TGATGGCTGTTTCTGA-1,0
TGATGGGACTAAGTCA-1,5
TGATGTCAATTAAGTG-1,6
TGATTATGGCACGCAG-1,2
TGATTCAGGTCCCGCG-1,7
TGATTCCCGGTTACCT-1,5
TGATTCGTCTATCACT-1,6
TGATTCTGTCGCCGGT-1,4
TGATTTATTAGCTGTG-1,3
TGATTTCCTCCTGACG-1,0
TGCAAACCCACATCAA-1,9
TGCAAACGTACTAGTT-1,2
TGCAAAGTTCGTCTGT-1,8
TGCAACCCATCTGCGG-1,1
TGCAACTACTGGTTGA-1,0
TGCAAGAATGACGTAA-1,4
TGCAATCTAACACGGT-1,7
TGCAATTTGGGCACGG-1,1
TGCACAGTGAAGTTAT-1,6
TGCACGAGTCGGCAGC-1,5
TGCACTATGTGAGTGC-1,3
TGCAGAACTATATCGT-1,9
TGCAGAGTACCGAGCA-1,7
TGCAGATCGTCCTAGG-1,6
TGCAGCTACGTACTTC-1,6
TGCAGGATCGGCAAAG-1,4
TGCAGTGAGGCTCGGG-1,4
TGCAGTGGTAGGGAAC-1,4
TGCAGTTTCCTCCCAT-1,1
TGCATATGTCTGTCAC-1,0
TGCATCTCCGGATCTT-1,7
TGCATGAGTAGATTCG-1,1
TGCATGGATCGGATCT-1,6
TGCATGGCAGTCTTGC-1,1
TGCATGTGACCCATAG-1,9
TGCATGTGGTAATCTA-1,9
TGCCAAAGTCAGACTT-1,6
TGCCAATGGGTACTCT-1,1
TGCCACACTAGAGGAA-1,7
TGCCACCTGGCGAAAC-1,4
TGCCAGTACGTGGAGA-1,5
TGCCATGGCTTATAAG-1,8
TGCCATTACTAAAGAA-1,9
TGCCCGATAGTTAGAA-1,1
TGCCCGTACCGTTAAA-1,5
TGCCGAAAGCGTATTC-1,1
TGCCGATGTCATCAAT-1,1
TGCCGGATGTACGAGC-1,1
TGCCGTGGATCGTCCT-1,1
TGCCGTGGGACCCAAT-1,0
TGCCGTTCTTAATCGG-1,3
TGCCTAAATTTAATAG-1,8
TGCCTAATTGAAGATT-1,1
TGCCTGACATCGGTCA-1,0
TGCCTGATCAAACGAT-1,3
TGCCTTGCCCTTACGG-1,8
TGCCTTGGCCAGGCAA-1,7
TGCGAATATGGGATTT-1,1
TGCGACACCCTAGTGC-1,3
TGCGACGGCCGAACGT-1,0
TGCGAGAAACGTTACG-1,1
TGCGAGAATATTACCC-1,5
TGCGAGATGGCGGCCA-1,2
TGCGAGCCCTTCCGCG-1,1
TGCGATGCTAATGGCT-1,3
TGCGCAAAGCATTTGG-1,4
TGCGCCGTTAATAACG-1,0
TGCGCGATTAACGGAG-1,1
TGCGGACTTGACTCCG-1,1
TGCGGAGTAAAGGTGC-1,4
TGCGGCATAGTTCAAC-1,1
TGCGGGTATTGGGATC-1,7
TGCGGTCTACGAGTAA-1,0
TGCGGTGAAATTTCAT-1,1
TGCGTAAGAACCTGAT-1,4
TGCGTACGGCTAATTG-1,1
TGCGTCATGACTGAGC-1,0
TGCGTGATTGGGTGTC-1,0
TGCGTTTGTTGACACT-1,5
TGCTAAGTGTCTATTT-1,7
TGCTATACAAACGGAC-1,1
TGCTATGGCAAAGGGA-1,4
TGCTCACACAACAACC-1,5
TGCTCCACAGTTCTTA-1,1
TGCTCGGCGAAACCCA-1,5
TGCTCGGTGGGTCACC-1,1
TGCTCTGCCGGTTCAC-1,8
TGCTCTTGAGAGTTTG-1,0
TGCTGCGTCAGAGTTA-1,6
TGCTGGTTGGACAATT-1,5
TGCTGTTGAAGAACTC-1,6
TGCTTAGAGAGAATGC-1,8
TGCTTCCCAAGCAGTA-1,1
TGCTTGAAACCATGCA-1,8
TGGAAACGGAGTGAAC-1,9
TGGAACCACTGACACA-1,1
TGGAAGAAGGGAACGT-1,4
TGGAAGACGAACACCA-1,1
TGGAAGGATAAAGATG-1,3
TGGAATATCCTTGACC-1,8
TGGAATTAGACGCTTT-1,1
TGGACACCGTTGCTTG-1,0
TGGACCAATCTAAGAT-1,7
TGGACCACGGCGTTGA-1,5
TGGACGCAATCCAGCC-1,8
TGGACGTAGGCGAATC-1,6
TGGACTGTTCGCTCAA-1,1
TGGAGAATAATCGTCC-1,4
TGGAGCTAAAGTTCCC-1,9
TGGAGGGAAACACCTC-1,6
TGGAGTGATGCGATGA-1,1
TGGATAGAGTAACAGA-1,9
TGGATGGCATCTTGGA-1,2
TGGCAAACTAAATTAC-1,8
TGGCAACTCGCGCGCC-1,1
TGGCAAGCACAAGTCG-1,9
TGGCAATGGGACGGCG-1,9
TGGCACGAGCTCGAGT-1,8
TGGCAGATTACGATCA-1,6
TGGCAGCAGTAATAGT-1,6
TGGCATGAAGTTTGGG-1,4
TGGCCAAACTGAAGTA-1,4
TGGCCAATTTGGTACT-1,0
TGGCCGTATATTGACC-1,6
TGGCGACTGCTCCAAA-1,6
TGGCGATCAAGTTATG-1,6
TGGCGGTGTGCGATTG-1,6
TGGCTACACTCTACCT-1,1
TGGCTATGTGACATAC-1,5
TGGCTCTTGTCGCGTA-1,5
TGGCTTATGTATAATG-1,0
TGGCTTGTACAAGCTT-1,3
TGGCTTTGGGTAGACA-1,1
TGGGAAATGCCTTTCC-1,1
TGGGACCATTGGGAGT-1,6
TGGGATGCACTCATTC-1,1
TGGGCAATAGTTGGGT-1,7
TGGGCACAAACAGAAC-1,1
TGGGCACGTTCTATGG-1,8
TGGGCAGGCCACCGCA-1,9
TGGGCCACAAGAGCGC-1,9
TGGGCCCATACTAATT-1,0
TGGGCCTTGCCTGCAT-1,1
TGGGCGATACAATAAG-1,9
TGGGTAAGGTTCCCGC-1,8
TGGGTGCACAAGCCAT-1,8
TGGGTGGGATGTCATT-1,6
TGGGTGTAATAGATTT-1,1
TGGGTGTTAAGTAGAA-1,1
TGGGTTCCCGGACGGA-1,9
TGGGTTTCGGGCGTAC-1,4
TGGTAAGCAGGATTGA-1,7
TGGTACCGGCACAGCC-1,9
TGGTAGAATATATGGG-1,1
TGGTATCGCATCCCAA-1,1
TGGTATCGGTCTGTAT-1,5
TGGTCCCACGCTACGG-1,0
TGGTCGATATACCTCT-1,8
TGGTCGGGTACAGGGC-1,6
TGGTCGTGCAAGGCAA-1,0
TGGTCGTTTGATAGAT-1,5
TGGTCTAGCTTACATG-1,3
TGGTCTGTTGGGCGTA-1,4
TGGTGATCGTATTTGT-1,1
TGGTGCCCTGCCTTAC-1,4
TGGTGTGACAGACGAT-1,7
TGGTTAACTTACATTT-1,4
TGGTTAAGGGCGCTGG-1,0
TGGTTATGCTTGCGGT-1,4
TGGTTCAACGGGTAAT-1,5
TGGTTCGTAGCAAAGG-1,1
TGGTTGGAGGATCCTG-1,7
TGGTTTAAACGTGGGT-1,9
TGTAACTTGTCAACCT-1,9
TGTAAGACTGATAAGA-1,1
TGTAATGACCACAATA-1,4
TGTAATGCCTTCGGAC-1,0
TGTACCCGACCCTAAT-1,6
TGTACCTACACGAGGG-1,5
TGTACGAACAAATCCG-1,0
TGTACGCTATCAGCTT-1,8
TGTACTACTCTCACGG-1,8
TGTACTATCGCTCGTT-1,6
TGTACTGTGCCAAAGT-1,1
TGTACTTCCGGGCATG-1,1
TGTAGCCAATTCCGTT-1,1
TGTAGCCATCCCATTC-1,5
TGTAGGAGAAATTTCC-1,1
TGTAGTGATCTATAAT-1,0
TGTATAACAGATCCTG-1,0
TGTATACGGATGATGA-1,6
TGTATCAGACTGAAGC-1,1
TGTATCCTTATTCCAT-1,7
TGTATGGCGCAGACAG-1,0
TGTATTTACCTAATGC-1,6
TGTCATTTGTTGGGAA-1,3
TGTCCACGGCTCAACT-1,8
TGTCCCGACATAGCAC-1,1
TGTCCGCAAACAATTC-1,8
TGTCCGTGGCGCCTTT-1,0
TGTCCTAAGTCACCGC-1,3
TGTCGGCATGGTGGAA-1,1
TGTCGTGGGTATAGGC-1,6
TGTCGTTATCACATAT-1,7
TGTCTACAGTTTCTGT-1,1
TGTGACTACGCCAGTC-1,4
TGTGACTAGAGTTTGC-1,1
TGTGAGACTAGCCCAA-1,9
TGTGATTCCAGCGCTT-1,8
TGTGCCAGAGGCAAAG-1,0
TGTGCCGGTGCCGGAA-1,7
TGTGCTTTACGTAAGA-1,4
TGTGGACTATCTACGT-1,8
TGTGGAGGAAGCTTAA-1,1
TGTGGCAAAGCGTATG-1,9
TGTGGCGGGCTTCTGG-1,7
TGTGGCTCCCACCAAC-1,9
TGTGGTAGGGTGCCTT-1,7
TGTGGTTGCTAAAGCT-1,1
TGTGTAGTAGCACGTG-1,0
TGTGTCGAAGTCGAGG-1,0
TGTGTCGCGAGTTGCA-1,1
TGTGTGACCATGAATC-1,3
TGTGTTCGTATCCAAG-1,3
TGTTAACAAAGTGACT-1,0
TGTTATTGTATGTGGC-1,9
TGTTCATAAATGTGCT-1,0
TGTTCCGCTTCCATGA-1,6
TGTTCCGGCCTGAGCT-1,1
TGTTCGTATTGCGGTG-1,6
TGTTCTCATACTATAG-1,8
TGTTCTCTACTCCCTA-1,9
TGTTCTTCCATTGACT-1,6
TGTTGATCACTGTTTA-1,5
TGTTGCCGTCGTCCCA-1,1
TGTTGGCTGGCGGAAG-1,9
TGTTGTCAAGAAGTCT-1,4
TGTTTAATACTTCATC-1,1
TGTTTCGGTACTTCTC-1,1
TGTTTCTGAAGCGTGC-1,4
TGTTTGAGATCGTCAG-1,9
TTAAACAGAGTCCCGC-1,6
TTAAACCGGTAGCGAC-1,9
TTAAACCTGGTTCCTT-1,0
TTAAACTCGAATTCAT-1,7
TTAAAGGCGATGCTCG-1,8
TTAAAGTAAGTCGCCA-1,7
TTAACACCTCGAACAT-1,6
TTAACCAACCCTCCCT-1,7
TTAACCCGAGGCGTGT-1,4
TTAACGAACAAGCAGT-1,3
TTAACGTCGCAAGACC-1,2
TTAACGTTAAAGCCTG-1,1
TTAACTCACGCGTGGA-1,1
TTAACTGATCGTTTGG-1,7
TTAACTTCAGGTAGGA-1,7
TTAAGACGAACGAACC-1,1
TTAAGATACCCAGAGA-1,8
TTAAGATAGGATTGAC-1,5
TTAAGCCGACAACTTC-1,4
TTAAGCGCCTGACCCA-1,4
TTAAGGATACGGAGGT-1,6
TTAAGGCCCGTACTTT-1,0
TTAAGTATTGTTATCC-1,1
TTAATCAGTACGTCAG-1,0
TTAATGCGAGGTAACT-1,1
TTAATGTAGACCAGGT-1,0
TTAATGTGTTTGCAGG-1,6
TTAATTGCTTTGGGTG-1,1
TTAATTTCAGACGCGG-1,1
TTACAACTACGCATCC-1,6
TTACACGATCTGCGAC-1,1
TTACAGACCTAAATGA-1,6
TTACATCGTGGCCTGG-1,0
TTACATGCCACAACTA-1,0
TTACCATTGATTACCC-1,4
TTACCCATTGCCGGGT-1,1
TTACCCTAACAGTCCT-1,6
TTACCCTAGGGATTGG-1,9
TTACCGCCTTAGGGAA-1,9
TTACGGATGGTTCGAG-1,0
TTACGGTGTCACCGAG-1,6
TTACGTAGCGCGTGCT-1,2
TTACGTATCTATGACA-1,1
TTACTAAAGGACTTTA-1,5
TTACTATCGGCTTCTC-1,4
TTACTCCGGCCGGGAA-1,7
TTACTCTGGTACGTAC-1,2
TTACTGGGATATTTCA-1,1
TTACTGTCTAGAGCTC-1,3
TTACTGTTTCTCTACG-1,6
TTAGAAGAACATGACT-1,0
TTAGAATAAGGGTCGG-1,7
TTAGACACGATCGTTG-1,6
TTAGACGAGTCACCTC-1,0
TTAGAGGGATATACAG-1,1
TTAGAGTATTGTCGAG-1,6
TTAGAGTTTAGAAGGA-1,5
TTAGATAGGTCGATAC-1,9
TTAGCAACATGGATGT-1,9
TTAGCATCCCTCACGT-1,0
TTAGCCATAGGGCTCG-1,6
TTAGCTAATACGATCT-1,6
TTAGCTCTGTAATCCG-1,4
TTAGCTGATTTGCCGT-1,9
TTAGGATGGGAGGGTA-1,8
TTAGGTCATAACCGAC-1,6
TTAGGTGTGACTGGTC-1,5
TTAGTAAACCTGCTCT-1,9
TTAGTAGGGCGGCGGG-1,4
TTAGTTATTCGTGGCA-1,3
TTAGTTCAAGTGTTCG-1,0
TTATAGATGCACATTA-1,8
TTATAGGTAATTGTCT-1,9
TTATAGTCCAAGGTGC-1,0
TTATATACGCTGTCAC-1,6
TTATATTTGGCAATCC-1,4
TTATCATACTCGCAAA-1,0
TTATCCAATCGAACTC-1,1
TTATCCGGGATCTATA-1,1
TTATCCTCAAGGAATA-1,1
TTATCGCCTGCGAAGC-1,7
TTATCTGACATTAGGA-1,9
TTATCTGTATCATAAC-1,4
TTATGAATGAAAGGGA-1,9
TTATGACAAACTGGAT-1,6
TTATGATCTTAACGAA-1,1
TTATGCGTCCCGGTCC-1,7
TTATGTTTGCGATAGA-1,6
TTATTAGAGCGTGTTC-1,7
TTATTAGGGAAGCATC-1,6
TTATTATCTGGAAGGC-1,5
TTATTTAGGTTCCTTA-1,8
TTATTTCATCCCAAAC-1,6
TTCAAAGTCTCTAGCC-1,8
TTCAACGACCCGACCG-1,9
TTCAAGCCGAGCTGAG-1,8
TTCAATACTCTGAATC-1,1
TTCAATTAGCCATAAT-1,1
TTCACGAAAGGATCAC-1,0
TTCACGGTCGTCACGT-1,8
TTCACTCGAGCACCTA-1,1
TTCACTTCCTAGAACG-1,9
TTCAGAGTAACCTGAC-1,9
TTCAGCCCTGGTCCAC-1,7
TTCAGCTGGCGTGCCC-1,1
TTCAGGCGTCAAAGCC-1,3
TTCAGTTCAAGAGGAG-1,4
TTCAGTTTGTGGCAGC-1,4
TTCATAGCCTTGTAAC-1,9
TTCATAGGGTGTCCAT-1,9
TTCATGGCGCAACAGG-1,4
TTCCAATCAGAGCTAG-1,1
TTCCAATCTGGCTATC-1,7
TTCCACACAGATTTGA-1,9
TTCCACATTTCTCGTC-1,9
TTCCAGACGAGATTTA-1,5
TTCCAGTGGGTTTCGT-1,8
TTCCATCATGCGGTGA-1,9
TTCCATCGACAGCGTG-1,6
TTCCCGACGCTTCACT-1,7
TTCCCGGCGCCAATAG-1,0
TTCCGCAGAGAAATAT-1,0
TTCCGCGTGAGGCGAT-1,1
TTCCGGCCTTGAGGCT-1,9
TTCCGGCTCGACTTCT-1,0
TTCCGGTATCTGTGTC-1,0
TTCCGGTTACCCACTT-1,5
TTCCTCGAGGGTGTCT-1,9
TTCCTCGGACTAACCA-1,9
TTCCTCTGCCCGAATA-1,3
TTCCTTTCTGTGTTGC-1,1
TTCGAACGAAACATGC-1,4
TTCGACAGAGCCCGTG-1,9
TTCGACGGGAAGGGCG-1,7
TTCGAGCCGGCGCTAC-1,6
TTCGCACTCGCGTGCT-1,1
TTCGCACTGTACGACA-1,7
TTCGCATCCGGAAGCA-1,5
TTCGCCGCTCGCGCTA-1,3
TTCGCGCGCCATACGA-1,9
TTCGCTAGGAAGTTGT-1,7
TTCGCTATCTGACGTG-1,0
TTCGGACTGATGCCTT-1,0
TTCGGACTGGGCATGG-1,1
TTCGGCAACCCGCTGA-1,6
TTCGGCTAGAGATGGT-1,1
TTCGGGACTAATCGCG-1,5
TTCGGGCGCTAGTCTT-1,8
TTCGGGTTGCCACGGG-1,9
TTCGGTACTGTAGAGG-1,9
TTCGGTGGAGACGCCC-1,1
TTCGTAATCCCAGCGG-1,6
TTCGTACTCCAGAACG-1,1
TTCGTGCATGTTATAG-1,2
TTCGTGGGCTGGAAGC-1,1
TTCGTTCAACGAAGTT-1,6
TTCTAACCGAAGCTTA-1,0
TTCTACCTCAATCGGT-1,4
TTCTACCTTTATGTTG-1,7
TTCTACTTGCGAGGGC-1,1
TTCTAGAAAGTCTTAT-1,9
TTCTAGGCCAATTGTG-1,2
TTCTATGCCTTTCGCA-1,9
TTCTATTAAACGCAGC-1,7
TTCTCAATTGCTACAA-1,0
TTCTCTTACAGGTGAT-1,0
TTCTGACCGGGCTCAA-1,3
TTCTGCCGCGCCTAGA-1,1
TTCTGCGAGCGCCCTT-1,8
TTCTGCGGGTTAGCGG-1,0
TTCTGCTAGACTCCAA-1,7
TTCTGTTTCCTGTCGC-1,0
TTCTTAGTGAACGGTG-1,6
TTCTTAGTGGCTCAGA-1,2
TTCTTATCCGCTGGGT-1,6
TTCTTCCCTTTGATAT-1,5
TTCTTCGCAATAGAGC-1,8
TTCTTGAGCCGCGCTA-1,8
TTCTTGCTAGCATCTC-1,0
TTCTTGGACGATCTGC-1,1
TTCTTGGAGTAATGAG-1,4
TTCTTGTAACCTAATG-1,0
TTCTTGTGTCCATCAG-1,4
TTCTTTGGTCGCGACG-1,1
TTGAAACCCTCATTCC-1,5
TTGAAAGGTGTAAAGG-1,1
TTGAACGAATCCTTTG-1,1
TTGAACGACGTGCTGA-1,7
TTGAAGAATTCCCAGG-1,0
TTGAAGGATGGGCGCC-1,4
TTGAATATGGACTTTC-1,2
TTGAATCGTTGTATAA-1,5
TTGAATTCACGTGAGG-1,7
TTGACAGGAGCTCCCG-1,1
TTGACATGAACGTGGA-1,6
TTGACCAGGAACAACT-1,0
TTGACCATGTTCTCCG-1,0
TTGACCGTGTTAATGA-1,0
TTGACGATTCAGCACG-1,8
TTGACGCTCCATGAGC-1,0
TTGACTACCATATGGT-1,4
TTGACTATTGTCCGGC-1,7
TTGAGAAGTTTAGCAT-1,3
TTGAGAGTACTGCTAA-1,1
TTGAGCAGCCCACGGT-1,1
TTGAGCGCCACGTGAT-1,0
TTGAGGCATTTAACTC-1,6
TTGAGGGTCGAACGCG-1,9
TTGAGTCCCGCTGCTG-1,1
TTGATAGTCAATACAT-1,1
TTGATCTAACTTTGTC-1,9
TTGATGCCGCTCGTCG-1,8
TTGATGTGTAGTCCCG-1,9
TTGATTAGCTGTTTCT-1,7
TTGATTATGCAGATGA-1,7
TTGCAAGAAGACTCCT-1,9
TTGCACAATTCAGAAA-1,6
TTGCACGGAGCAGCAC-1,4
TTGCAGGTCATGAAGT-1,1
TTGCATGCTGATCACG-1,9
TTGCCAAGCAGAACCC-1,1
TTGCCATAGCCCGCTC-1,6
TTGCCCTGATCACGGG-1,4
TTGCCGCAGACCTACA-1,0
TTGCCGCTTTCTAGTA-1,1
TTGCCGGTGATCCCTC-1,1
TTGCCTAATCCAAAGT-1,4
TTGCCTTCTCGCCGGG-1,9
TTGCGCACAACCACGT-1,6
TTGCGCTCTCTCGCTT-1,4
TTGCGCTTGATCAATA-1,6
TTGCGGAAAGCTGCCC-1,8
TTGCGGCATCAGAAAG-1,9
TTGCGGCGACTCATGC-1,1
TTGCGTAGTTTGAGGA-1,6
TTGCGTCGGCCAACCG-1,0
TTGCGTGAACGCTTAG-1,5
TTGCGTGTGTAGGCAT-1,8
TTGCTAGCTACCAATC-1,7
TTGCTCATAGTACGTG-1,7
TTGCTCCCATACCGGA-1,8
TTGCTGAAGGAACCAC-1,7
TTGCTGATCATGTTCG-1,4
TTGCTGCACCTATCCA-1,6
TTGCTGGCCGGGCTTC-1,1
TTGGAAGAATACAGTC-1,9
TTGGACATGTGGCTTA-1,9
TTGGACCATCTGGCAA-1,0
TTGGACCTATAACAGT-1,5
TTGGAGTCTCCCTTCT-1,1
TTGGATATCGTCTACG-1,1
TTGGATCGACTTCTGG-1,9
TTGGATTGGGTACCAC-1,1
TTGGCCAAATTGTATC-1,5
TTGGCCATCTTGCGCT-1,3
TTGGCCTAGAATTTCG-1,6
TTGGCGATCCGAATAT-1,5
TTGGCTCAATATGTGT-1,3
TTGGCTCGCATGAGAC-1,9
TTGGGAAGACGAGCCG-1,1
TTGGGACACTGCCCGC-1,4
TTGGGACGTAAGAGTT-1,5
TTGGGCGGCGGTTGCC-1,3
TTGGGTTTATTCAGCG-1,4
TTGGTATGGCTTGTGT-1,7
TTGGTCACACTCGTAA-1,8
TTGGTGCGGTGTTGAA-1,9
TTGGTTCGCTCAAAGG-1,8
TTGGTTGCGGTGCGCG-1,6
TTGTAACTTCATAGCG-1,9
TTGTAAGGACCTAAGT-1,9
TTGTAAGGCCAGTTGG-1,0
TTGTAATCCGTACTCG-1,3
TTGTACACCTCGAACA-1,0
TTGTATCACACAGAAT-1,8
TTGTCACCGCGGTATC-1,0
TTGTCGTTCAGTTACC-1,3
TTGTCTCGGCAAGATG-1,0
TTGTGAACCTAATCCG-1,0
TTGTGAGGCATGACGC-1,6
TTGTGATCTGTTCAGT-1,1
TTGTGCAGCCACGTCA-1,1
TTGTGCGGAAGCGGAT-1,9
TTGTGGAGACAGCCGG-1,6
TTGTGGCCCTGACAGT-1,7
TTGTGGTAGGAGGGAT-1,9
TTGTGGTATAGGTATG-1,9
TTGTGGTGGTACTAAG-1,1
TTGTGTATGCCACCAA-1,1
TTGTGTTTCCCGAAAG-1,1
TTGTTAGCAAATTCGA-1,0
TTGTTCAGTGTGCTAC-1,4
TTGTTCTAGATACGCT-1,4
TTGTTGGCAATGACTG-1,6
TTGTTGTGTGTCAAGA-1,7
TTGTTTCACATCCAGG-1,2
TTGTTTCATTAGTCTA-1,8
TTGTTTCCATACAACT-1,6
TTGTTTGTATTACACG-1,4
TTGTTTGTGTAAATTC-1,3
