barcode,cluster
AAACAACGAATAGTTC-1,23
AAACAAGTATCTCCCA-1,15
AAACAATCTACTAGCA-1,27
AAACACCAATAACTGC-1,0
AAACAGAGCGACTCCT-1,9
AAACAGCTTTCAGAAG-1,14
AAACAGGGTCTATATT-1,5
AAACAGTGTTCCTGGG-1,15
AAACATTTCCCGGATT-1,2
AAACCACTACACAGAT-1,5
AAACCCGAACGAAATC-1,27
AAACCGGAAATGTTAA-1,0
AAACCGTTCGTCCAGG-1,2
AAACCTAAGCAGCCGG-1,9
AAACCTCATGAAGTTG-1,2
AAACGAAGAACATACC-1,16
AAACGAAGATGGAGTA-1,30
AAACGACAGTCTTGCC-1,30
AAACGAGACGGTTGAT-1,26
AAACGCCCGAGATCGG-1,12
AAACGCTGGGCACGAC-1,6
AAACGGGCGTACGGGT-1,9
AAACGGGTTGGTATCC-1,0
AAACGGTTGCGAACTG-1,9
AAACGTGTTCGCCCTA-1,10
AAACTAACGTGGCGAC-1,12
AAACTCGGTTCGCAAT-1,27
AAACTCGTGATATAAG-1,16
AAACTGCTGGCTCCAA-1,25
AAACTTAATTGCACGC-1,13
AAACTTGCAAACGTAT-1,32
AAAGAATGTGGACTAA-1,32
AAAGACATGAAGTTTA-1,14
AAAGACCCAAGTCGCG-1,2
AAAGACTGGGCGCTTT-1,12
AAAGGCCCTATAATAC-1,25
AAAGGCTACGGACCAT-1,10
AAAGGCTCTCGCGCCG-1,21
AAAGGGATGTAGCAAG-1,17
AAAGGTAAGCTGTACC-1,12
AAAGGTCAACGACATG-1,0
AAAGTAGCATTGCTCA-1,0
AAAGTCACTGATGTAA-1,16
AAAGTCGACCCTCAGT-1,19
AAAGTGCCATCAATTA-1,6
AAAGTGTGATTTATCT-1,17
AAAGTTGACTCCCGTA-1,9
AAATAACCATACGGGA-1,3
AAATAAGGTAGTGCCC-1,4
AAATACCTATAAGCAT-1,30
AAATAGCTTAGACTTT-1,25
AAATAGGGTGCTATTG-1,26
AAATCACTCCTAAACG-1,23
AAATCCGATACACGCC-1,9
AAATCGCGGAAGGAGT-1,23
AAATCGTGTACCACAA-1,30
AAATCTAGCCCTGCTA-1,7
AAATGACTGATCAAAC-1,17
AAATGATTCGATCAGC-1,16
AAATGCTCGTTACGTT-1,8
AAATGGCATGTCTTGT-1,7
AAATGGCCCGTGCCCT-1,11
AAATGGTCAATGTGCC-1,5
AAATGTATCTTATCCC-1,4
AAATGTGGGTGCTCCT-1,8
AAATTAACGGGTAGCT-1,26
AAATTAATAAGCGCGA-1,8
AAATTACACGACTCTG-1,9
AAATTACCTATCGATG-1,9
AAATTCCAGGTCCAAA-1,9
AAATTGATAGTCCTTT-1,8
AAATTGCGGCGGTTCT-1,12
AAATTGGTGAGAAGCA-1,23
AAATTTACCGAAATCC-1,28
AAATTTGCGGGTGTGG-1,9
AACAACTGGTAGTTGC-1,23
AACAATACATTGTCGA-1,22
AACAATTACTCTACGC-1,0
AACACACGCTCGCCGC-1,1
AACACGACTGTACTGA-1,14
AACACGAGACGCGGCC-1,5
AACACGCGGCCGCGAA-1,0
AACAGCTGTGTGGCAA-1,8
AACAGGAAATCGAATA-1,4
AACAGGATGGGCCGCG-1,30
AACAGGTAGTATGGAT-1,17
AACATAGCGTGTATCG-1,13
AACATATCAACTGGTG-1,5
AACATCGATACGTCTA-1,9
AACATTGAAGTTGATC-1,7
AACATTGGTCAGCCGT-1,16
AACATTGTGACTCGAG-1,15
AACCAAGACTTCTCTG-1,8
AACCAGTATCACTCTT-1,19
AACCATAGGGTTGAAC-1,15
AACCATGGGATCGCTA-1,1
AACCCAGAGACGGAGA-1,4
AACCCATCCCATGATC-1,30
AACCCGACAACCCGTG-1,18
AACCCGAGCAGAATCG-1,25
AACCCGATAGGGCTTC-1,27
AACCCGCTGTATTCCA-1,4
AACCCTACTGTCAATA-1,1
AACCCTGGTGGAACCA-1,4
AACCGAGCTTGGTCAT-1,21
AACCGCTAAGGGATGC-1,26
AACCGTTGTGTTTGCT-1,22
AACCTAAAGCCGTCCG-1,4
AACCTCGCTTTAGCCC-1,13
AACCTGTCACGGAATT-1,16
AACCTTTAAATACGGT-1,19
AACCTTTACGACGTCT-1,16
AACGAAAGTCGTCCCA-1,21
AACGATAATGCCGTAG-1,25
AACGATAGAAGGGCCG-1,23
AACGATATGTCAACTG-1,15
AACGCATGATCTGGGT-1,5
AACGCGAACGGCAACA-1,11
AACGCGACCTTGGGCG-1,18
AACGCGGTCTCCAGCC-1,2
AACGCTGTTGCTGAAA-1,0
AACGGACGTACGTATA-1,9
AACGGCCATCTCCGGT-1,25
AACGTACTGTGGGTAC-1,5
AACGTAGTCTACCCAT-1,14
AACGTCAGACTAGTGG-1,15
AACGTCATCCGGCTTG-1,4
AACGTCGCTGCACTTC-1,23
AACGTGATGAAGGACA-1,19
AACGTGCGAAAGTCTC-1,7
AACGTTATCAGCACCT-1,7
AACTACCCGTTTGTCA-1,33
AACTAGCGTATCGCAC-1,1
AACTAGGCTTGGGTGT-1,24
AACTCAAGTTAATTGC-1,2
AACTCCAGAGCGTGTT-1,8
AACTCCTAATCCCATG-1,28
AACTCGATAAACACGT-1,23
AACTCGATGGCGCAGT-1,30
AACTCTCAATAGAGCG-1,8
AACTCTCAGTGTGCTC-1,4
AACTGAGGTCAGCGTC-1,0
AACTGAGTTATACTGA-1,13
AACTGATATTAGGCCT-1,5
AACTGGGTCCCGACGT-1,4
AACTGGGTTCGAGCCG-1,3
AACTGGTGTGGGCCTT-1,0
AACTTCTGCGTCTATC-1,1
AACTTGCCCGTATGCA-1,24
AACTTGCGTTCTCGCG-1,12
AACTTTACGGGAGCTT-1,12
AACTTTAGCTGCTGAG-1,15
AACTTTCTCGATCATG-1,1
AAGAAATCACCAGATT-1,5
AAGAAGGATCAGTTAG-1,4
AAGACATACGTGGTTT-1,17
AAGACCCAACTGAACA-1,9
AAGACTAACCCGTTGT-1,31
AAGACTCACGCCCACT-1,5
AAGACTGCAAGCTACT-1,35
AAGAGATGAATCGGTA-1,31
AAGAGCTCTTTATCGG-1,18
AAGAGGATGTACGCGA-1,13
AAGAGGCATGGATCGC-1,25
AAGAGGCCCTTTGGAA-1,10
AAGATGGCACCGGACC-1,3
AAGATTGGCGGAACGT-1,23
AAGCACCCTGCGTATC-1,22
AAGCATACTCTCCTGA-1,5
AAGCCACTTGCAGGTA-1,22
AAGCCGAAGCGGTTTA-1,30
AAGCCGCCGTGAAATC-1,6
AAGCCGCTTTACCTTG-1,1
AAGCCGGAGAGCAGGA-1,25
AAGCGCAGGGCTTTGA-1,5
AAGCGGAGTGCGCGCA-1,28
AAGCGGCGTCATGGGT-1,5
AAGCGTCCCTCATCGA-1,8
AAGCTAGATCGAGTAA-1,2
AAGCTCGTGCCAAGTC-1,16
AAGCTCTTTCATGGTG-1,13
AAGGAGAACTTATAAG-1,5
AAGGAGCGGTTGGTGC-1,33
AAGGATCGATCGCTTG-1,12
AAGGATGAGGGACCTC-1,2
AAGGCAGGCTGTCTCC-1,9
AAGGCGCGTAAAGCTT-1,2
AAGGCTGTGCTCATCG-1,5
AAGGGAACGACTGGCT-1,1
AAGGGACAGATTCTGT-1,12
AAGGGACTATGCATTC-1,2
AAGGGTTAGCCATGCG-1,21
AAGGGTTTGATTTCAG-1,1
AAGGTATCCTAATATA-1,1
AAGGTGATAAACCAGC-1,0
AAGTAAGCTTCCAAAC-1,13
AAGTAGAAGACCGGGT-1,2
AAGTAGTGACGCGAGG-1,16
AAGTCAATTGTCGTCA-1,9
AAGTCTAGTAGCTGCC-1,21
AAGTCTTCTGTGGCCT-1,8
AAGTGAGTCGGGTTTA-1,15
AAGTGCAAAGGTAGAC-1,3
AAGTGCCTTGACTGTA-1,25
AAGTGCGTTAGAATCT-1,11
AAGTGCTTCTCTATTG-1,3
AAGTGTTTGGAGACGG-1,3
AAGTTCACTCCAAGCT-1,8
AAGTTCAGTCTGCGTA-1,12
AAGTTCGGCCAACAGG-1,5
AAGTTGTGATGTTATA-1,17
AAGTTTACTAATGGCA-1,4
AAGTTTATGGGCCCAA-1,2
AATAACAACGCTCGGC-1,13
AATAACACTAGAACAA-1,14
AATAACGTCGCGCCCA-1,30
AATAAGTCCTCGAGAC-1,16
AATAATCTTCGTATCG-1,0
AATACAATGTTTCAGG-1,0
AATACCGGAGGGCTGT-1,0
AATACCTGATGTGAAC-1,17
AATAGAACAGAGTGGC-1,13
AATAGAATCTGTTTCA-1,6
AATAGCAAGCCTCCTG-1,18
AATAGCTACCGCGTGC-1,7
AATAGTCCGTCCCGAC-1,3
AATAGTCGCGAGTCGG-1,1
AATATCAAGGTCGGAT-1,14
AATATCCTAGCAAACT-1,23
AATATCGAATCAATGC-1,19
AATATCGAGGGTTCTC-1,5
AATATTGGAGTATTGA-1,4
AATCAGACTGCAGGAC-1,1
AATCAGGTTTCATTTA-1,16
AATCATGTAAAGACTC-1,1
AATCCAAGGGCCTGAG-1,18
AATCCATGCAAGGGTG-1,1
AATCCCGCTCAGAGCC-1,10
AATCGAGGTCTCAAGG-1,24
AATCGCCTCAGCGCCA-1,24
AATCGCGCAGAGGACT-1,32
AATCGGGACACTACGA-1,15
AATCGGTATAGCCCTC-1,17
AATCGTGAGCCGAGCA-1,20
AATCTAGGTTTACTTG-1,5
AATCTATGCCGGAGCC-1,8
AATCTCTACTGTGGTT-1,25
AATCTGCGTTGGGACG-1,8
AATCTGGCTTTCTAGT-1,27
AATCTGGGTAGACCCT-1,5
AATGACAGCAATGTCT-1,11
AATGACGTAGGATGTC-1,16
AATGACTGTCAGCCGG-1,28
AATGAGTTCGCATATG-1,26
AATGATGATACGCTAT-1,22
AATGATGCGACTCCTG-1,20
AATGCAACCGGGTACC-1,13
AATGCACCAAGCAATG-1,23
AATGGCCGCCAATGCG-1,11
AATGGTCCACCGTTCA-1,29
AATGGTTCTCACAAGC-1,2
AATGTGCCCGAGGTGT-1,10
AATGTGCTAATCTGAG-1,7
AATGTTAAGACCCTGA-1,3
AATGTTGTCGTGAGAC-1,25
AATTAAAGGTCGGCGT-1,13
AATTAACGGATTTCCA-1,1
AATTACGAGACCCATC-1,0
AATTACTCGTACGCTC-1,23
AATTAGCGCTGCAGCG-1,1
AATTATACCCAGCAAG-1,3
AATTCATAAGGGATCT-1,17
AATTCATTGTCATGCA-1,1
AATTCCAACTTGGTGA-1,29
AATTCCAAGCATGTAC-1,25
AATTCGATTCGAGGAT-1,32
AATTCTAGAGTTAGGC-1,9
AATTGAACGCTCTGGT-1,4
AATTGCAGCAATCGAC-1,3
AATTGTGGTTGCCAAA-1,23
AATTTGGGACATAGTA-1,14
AATTTGGTTCCAAAGA-1,28
ACAAACCATGCGTCCT-1,23
ACAAACCGACAAGGCG-1,29
ACAAAGAAGGTAGGCC-1,33
ACAAAGCATGACCTAG-1,0
ACAAATCGCACCGAAT-1,3
ACAAATGGTAGTGTTT-1,32
ACAAATTCAGATCTGA-1,5
ACAACAGCATGAGCTA-1,9
ACAAGCAGTGCCTAGC-1,11
ACAAGCTATATGGAAG-1,3
ACAAGGAAATCCGCCC-1,14
ACAAGGACAAGAGGTT-1,9
ACAAGGATGCTTTAGG-1,7
ACAAGGCCTACCAGCC-1,1
ACAAGGGCAGGCTCTG-1,12
ACAATAGTCGTACGTT-1,23
ACAATCCATTTAAACC-1,4
ACAATCGATCTTTATA-1,24
ACAATGAATACGGAGA-1,28
ACAATGATTCTTCTAC-1,16
ACAATTGTGTCTCTTT-1,4
ACAATTTAGGAGGCTC-1,22
ACAATTTGAGCAGTGG-1,11
ACAATTTGGCCATATT-1,24
ACACAAAGACGGGTGG-1,9
ACACAAATATTCCTAG-1,12
ACACACCAGGACCAGT-1,5
ACACACTTTCTACACG-1,12
ACACATGATCAAATCT-1,17
ACACATTGACGCAACA-1,29
ACACATTTCCGTAGAC-1,13
ACACCACATAATTAGC-1,17
ACACCCAGCATGCAGC-1,1
ACACCCGAGAAATCCG-1,12
ACACCCGTAAATCTGT-1,10
ACACCGAGCGCTCTTT-1,12
ACACCGGTCTGACCGC-1,28
ACACCTTAAGTAGGGC-1,1
ACACCTTACTACTTGC-1,26
ACACGAGACTCCTTCT-1,9
ACACGGCACTATGCAT-1,17
ACACGGGAACTTAGGG-1,7
ACACGTAGGCCACAAG-1,10
ACACTCCAATGTCACT-1,28
ACACTGATCAAGGTGT-1,21
ACACTGGGACAGTCGT-1,2
ACAGAACTGAGAACAA-1,1
ACAGATTAGGTTAGTG-1,6
ACAGCATAGAGCCAGT-1,2
ACAGCGACATTCTCAT-1,13
ACAGCGCACCCGCAGC-1,18
ACAGGAGGCGCAGCCG-1,4
ACAGGCACGGATCCTT-1,25
ACAGGCTTGCCCGACT-1,18
ACAGGTGGAGGTGAGG-1,21
ACAGGTGTGTTGTTGC-1,0
ACAGTAATACAACTTG-1,23
ACAGTATACCGTGGGA-1,0
ACAGTGCAGCGCATTT-1,2
ACATAAGTCGTGGTGA-1,23
ACATAATAAGGCGGTG-1,8
ACATACAATCAAGCGG-1,27
ACATCAGCTGGGACGC-1,4
ACATCCCGGCCATACG-1,5
ACATCCTGGTAACTGT-1,27
ACATCGATCGTTTACC-1,13
ACATCGGTCAGCCGCG-1,14
ACATCGTATGCAATGG-1,13
ACATCGTTAACCTAGT-1,12
ACATCTCAACGCGTAA-1,2
ACATGGCGCCAAAGTA-1,5
ACATGGCTCAATTTAG-1,22
ACATTAGTTTATATCC-1,9
ACATTCGCGCGGAATA-1,7
ACATTTGAAACCTAAC-1,17
ACCAAACACCCAGCGA-1,0
ACCAAACTAGAAATCC-1,8
ACCAACACCACACACT-1,1
ACCAACCGCACTCCAC-1,13
ACCAACGCTTATTTAT-1,2
ACCAAGAACGCGTGTC-1,30
ACCAAGTCATCGGCAG-1,25
ACCACAACTCAGAACA-1,20
ACCACAAGTTTCTATC-1,6
ACCACACGGTTGATGG-1,34
ACCACCAATGTAACAA-1,2
ACCACGTGCAGCTATA-1,21
ACCACTGTTCAAGAAG-1,8
ACCAGACCATAACAAC-1,13
ACCAGCCCGGTCTTTG-1,3
ACCAGGAGTGTGATCT-1,4
ACCAGTGCCCGGTCAA-1,8
ACCAGTGCGGGAGACG-1,1
ACCATATCCGCAATAA-1,7
ACCATCCGCCAACTAG-1,31
ACCATCGTATATGGTA-1,2
ACCATTAAGGGTGTCA-1,16
ACCCAACGCCCGTGGC-1,0
ACCCATCTTGAGGGTA-1,16
ACCCATTTGTCCCTCT-1,1
ACCCGAGCGAAATTAC-1,29
ACCCGATTGGTTCCGA-1,3
ACCCGGAAACTCCCAG-1,14
ACCCGGAGCACCACAA-1,4
ACCCGGATGACGCATC-1,24
ACCCGGTTACACTTCC-1,1
ACCCGTAGTCTAGTTG-1,5
ACCCGTGTCATCAGTA-1,14
ACCCTATAGGACTGAG-1,25
ACCCTATGCCATATCG-1,6
ACCCTCCCGTCAGGGC-1,14
ACCCTCCCTTGCTATT-1,1
ACCCTGGTAACGCCCT-1,30
ACCCTTCATCTGCGAA-1,8
ACCCTTGCCTGGGTCG-1,25
ACCCTTTAGTTCTCCA-1,8
ACCGAAAGGGCCCTGC-1,18
ACCGAAGAGTCTGGTT-1,2
ACCGACACATCTCCCA-1,7
ACCGACTGAGTCCCAC-1,16
ACCGAGTCTCCTTATT-1,31
ACCGATAGGCATAACC-1,6
ACCGATATTTAATCAT-1,17
ACCGATGGTAGCATCG-1,5
ACCGCAATAACTGCCT-1,10
ACCGCGGTGGAAGTCG-1,3
ACCGCTAGTCATTGGT-1,18
ACCGGGCCTTTGTTGA-1,5
ACCGGTCAGGTACACC-1,17
ACCGGTCTGAGTACGG-1,3
ACCGTCCACTGGGCCC-1,1
ACCGTGACCACGTGGG-1,7
ACCGTTCCCGCTCTGA-1,4
ACCTAAGTACCTTTCA-1,12
ACCTAATCGACTTCCT-1,3
ACCTACAGTATGTGGT-1,11
ACCTACTATAAATCTA-1,11
ACCTCAGCGAGGCGCA-1,17
ACCTCCGCCCTCGCTG-1,24
ACCTCCGTTATTCACC-1,1
ACCTCGAACTTATGCT-1,33
ACCTGCGTGTCATGTT-1,7
ACCTTTCCTTTAGAAG-1,3
ACGAAATGGGCGGCAC-1,10
ACGACCCATGAGTTGC-1,29
ACGACTCTAGGGCCGA-1,2
ACGACTGGTCATACTC-1,7
ACGAGAACCCATCACG-1,9
ACGAGATATTTGCTTA-1,27
ACGAGGATACCACTCT-1,30
ACGAGGTTTACAACGT-1,6
ACGAGTACGGATGCCC-1,11
ACGAGTCGCCGGCGTT-1,0
ACGATACATAGAACTA-1,18
ACGATACCTATCCTGA-1,8
ACGATCATACATAGAG-1,6
ACGATCATCTTGTAAA-1,6
ACGATGCATATGTTAT-1,24
ACGATGGATCCGATGC-1,0
ACGCAAACTAATAGAT-1,16
ACGCAATCACTACAGC-1,4
ACGCATAAATGACATG-1,19
ACGCATACGTTTACTA-1,10
ACGCATTCGTGAGTAC-1,25
ACGCCACTCGAAACAG-1,13
ACGCCAGATGATTTCT-1,7
ACGCCAGTGCGTTTGC-1,17
ACGCCCAGCTGTCGAT-1,12
ACGCCGCTAGACGACC-1,16
ACGCCTGACACGCGCT-1,6
ACGCGAAGTCAGACGA-1,21
ACGCGCTACACAGGGT-1,9
ACGCGGGCCAAGGACA-1,1
ACGCGTTTCTTAAGAG-1,8
ACGCTAGTATCAGTGC-1,23
ACGCTAGTGATACACT-1,3
ACGCTGTGAGGCGTAG-1,9
ACGCTTAGTGTCTCTC-1,4
ACGGAACACGAGTGCC-1,21
ACGGAATTTAGCAAAT-1,15
ACGGACGCAGCGACAA-1,1
ACGGACTCTCAAAGCG-1,1
ACGGAGCGCAAATTAC-1,3
ACGGATGGTGCGGATA-1,2
ACGGCACTTGCTTGGG-1,1
ACGGCCAACATGGACT-1,1
ACGGCGACGATGGGAA-1,6
ACGGCGGGTTGCCCTG-1,25
ACGGCTGGATGTAGAA-1,30
ACGGGAGTGTCGGCCC-1,14
ACGGGCGTATGCGACA-1,16
ACGGGTCATGTGACTT-1,1
ACGGTACAGTTCAATG-1,11
ACGGTCACCGAGAACA-1,1
ACGTACAGATTTCTCT-1,3
ACGTACTTTGGCACGG-1,22
ACGTAGATTGCTGATG-1,1
ACGTAGGAGAGTCGCT-1,17
ACGTATTACTCCGATC-1,23
ACGTCCTAAACGAGAT-1,20
ACGTCTCGTTCCGGGA-1,12
ACGTGACAAAGTAAGT-1,30
ACGTGCGCCTCGTGCA-1,12
ACGTGGTCGAATGTGC-1,7
ACGTTAATGTCGAAGA-1,9
ACGTTAGATTTGCCCG-1,2
ACGTTATTGGTCACTC-1,12
ACGTTCACTATGCCGC-1,3
ACGTTCCGCGCTCCGT-1,8
ACGTTCGCAATCAATT-1,31
ACGTTCGTTCAGGAAA-1,32
ACGTTCTGTACAAGTC-1,15
ACGTTGTCGTTGAAAG-1,7
ACGTTTAGTTGTGATC-1,3
ACGTTTCGGTGCACTT-1,10
ACTAAGGACGCACACC-1,30
ACTAATACGTCAGGCG-1,32
ACTACAAAGAGAGGTG-1,10
ACTACATCCCGACAAG-1,10
ACTACCAGCTCTCTGG-1,22
ACTACCATCCGAGGGC-1,7
ACTACGCGTTAGAATT-1,24
ACTAGTTGCGATCGTC-1,18
ACTATATGCTGTGTTC-1,22
ACTATCCAGGGCATGG-1,14
ACTATCGCCGGCTAAA-1,12
ACTATCTGCCCGCGTA-1,10
ACTATGTCCAGCTGCC-1,18
ACTATTCGTCCGTGGT-1,22
ACTATTTCCGGGCCCA-1,7
ACTCAACGAATGTATT-1,14
ACTCAAGTGCAAGGCT-1,33
ACTCAATAAAGGCACG-1,5
ACTCAGACCTGCTTCT-1,7
ACTCATGGCAGCCTTC-1,19
ACTCCAATATCATCAT-1,20
ACTCCCATTCCTAAAG-1,27
ACTCCCGAATTCGTTT-1,2
ACTCCCGTAGACTAGG-1,5
ACTCCCTAATGCTAAA-1,8
ACTCCCTAGAATAGTA-1,7
ACTCCGGCCGACCACT-1,26
ACTCGATGTATTTCAT-1,28
ACTCGCCGTTCGATAA-1,19
ACTCGCGATCTGACGC-1,4
ACTCGTAACCCGTCCT-1,2
ACTCGTCAGTAATCCC-1,7
ACTCTAAACCTGGGAT-1,7
ACTCTCTGACTTAGGT-1,20
ACTCTCTTATACACGA-1,6
ACTCTGACCTAATAGA-1,10
ACTCTTCAGCTCCCGC-1,15
ACTCTTGTATAGTAAC-1,8
ACTGAAACGCCGTTAG-1,15
ACTGAATGGCGAAAGT-1,23
ACTGATTTAGTGATTC-1,29
ACTGCCCGCCATTCTC-1,4
ACTGCCGTCGTAACTC-1,2
ACTGCGGACACACCGT-1,26
ACTGCTCGGAAGGATG-1,6
ACTGGCGAACCTGCGT-1,14
ACTGGGATGCCAGTGC-1,21
ACTGTACGATACACAT-1,4
ACTGTAGCACTTTGGA-1,25
ACTGTATACGCGAGCA-1,18
ACTGTCCAGGATTATA-1,26
ACTGTCTTCTTTAGAA-1,0
ACTGTGCTAGTAGATC-1,10
ACTGTTTAGTGTAGGC-1,23
ACTTACCGGGCGCGCA-1,4
ACTTACGCATCCACGC-1,26
ACTTAGTACGACAAGA-1,20
ACTTATACTTACCCGG-1,2
ACTTATCTGATCTATA-1,26
ACTTATTAGGATCGGT-1,5
ACTTATTTATGTGCCA-1,30
ACTTCAGGCTGATCCC-1,20
ACTTCCATGCGGGACA-1,0
ACTTCCTGTCGTGCGA-1,30
ACTTCGCCATACGCAC-1,0
ACTTGACTCCCTCTTT-1,16
ACTTGCCATATTGTAC-1,16
ACTTGGGACCCGGTGG-1,23
ACTTGGGCTTTCGCCA-1,9
ACTTGTAGTCCCTTCA-1,26
ACTTGTGGATGGAACG-1,15
ACTTGTTACCGGATCA-1,13
ACTTTACCCTCATGAA-1,20
ACTTTCCTATAGCTTC-1,15
ACTTTGACTGCATCCT-1,9
ACTTTGGTCGTGCTCC-1,5
ACTTTGTCGACGCACT-1,11
AGAAATTATGACTCGC-1,1
AGAACCCAGCGTGACA-1,23
AGAACCCTCAATTGGG-1,0
AGAACGTGGTACATTC-1,21
AGAACTGTACTTTGTA-1,33
AGAAGAGCGCCGTTCC-1,0
AGAAGGTACACTTCAC-1,28
AGAAGGTTGCCGAATT-1,4
AGAAGGTTGTAGGTCG-1,32
AGAAGTGATTCGTGAT-1,28
AGAATAAATCTTCAGG-1,6
AGAATACAGGCTATCC-1,17
AGAATGCGGGTTCGGA-1,8
AGAATTATGGATTCGA-1,20
AGAATTGTTTGACATA-1,21
AGACAGCTCAGAATCC-1,22
AGACAGGCATCTCAGC-1,17
AGACATAGATCCTTCC-1,7
AGACCAAACCACACCT-1,21
AGACCCACCGCTGATC-1,26
AGACCCGCCCTCCTCG-1,6
AGACCGCTCCGCGGTT-1,8
AGACCGGGAAACCCTG-1,21
AGACGAAGTGCCGGTC-1,16
AGACGACGATGCCGCT-1,0
AGACGCCCACTTCGCC-1,13
AGACGGGATTGGTATA-1,29
AGACGGGCCGATTTAA-1,9
AGACTAGCCTTCCAGA-1,33
AGACTGTTACCGGGTC-1,1
AGAGAAACACCAGAAA-1,7
AGAGAACCGTCTAGGA-1,28
AGAGAAGGAGTACAAT-1,4
AGAGATCTCTAAAGCG-1,10
AGAGCAGTTATGAGAC-1,12
AGAGCCGCCGAGATTT-1,15
AGAGCGCTTGTAACGG-1,8
AGAGCGGGCTAATCAT-1,4
AGAGCGTACAAGCTCG-1,10
AGAGCTACGAAAGCAT-1,4
AGAGGCTTCGGAAACC-1,2
AGAGGGACAATTGTCC-1,27
AGAGGTATCTCGGTCC-1,4
AGAGTAAACTTCACTA-1,5
AGAGTGAACAGACACC-1,2
AGAGTTAGAGACCGAT-1,16
AGAGTTGCAGGCCTCC-1,5
AGATAACTTCAGGGCC-1,0
AGATACCAATAGAACC-1,21
AGATACCAGCACTTCA-1,1
AGATACCGGTGTTCAC-1,2
AGATACGACTTCATAT-1,3
AGATACTCAAGATCGA-1,33
AGATATAATACGACTA-1,0
AGATCGTGCATAAGAT-1,12
AGATCTCAGGTGTGAT-1,12
AGATGACTCGCCCACG-1,17
AGATGAGGGTTGCGAT-1,16
AGATGATGGAGTCTGG-1,20
AGATGCAAGACGTGCA-1,1
AGATGCATCCTGTGTC-1,5
AGATGCTATAACGAGC-1,1
AGATTATAGGACGTTT-1,0
AGATTCAAGCGGGTCG-1,20
AGATTCACAACCGATA-1,3
AGCAAAGGCCGCTAGT-1,11
AGCAACATATCTTATT-1,27
AGCAACCGAAAGTAAT-1,27
AGCACACGTTTAGACT-1,22
AGCACCAGTACTCACG-1,21
AGCACTACCGGCCTGT-1,22
AGCACTACCTCACCAG-1,14
AGCACTTAAGGACGCC-1,31
AGCAGAAGGAGAAAGA-1,32
AGCAGCCAGATGAATA-1,13
AGCAGTCGAAGCATGC-1,9
AGCATATCAATATGCT-1,12
AGCATCATTTCGAAAG-1,21
AGCATCGTCGATAATT-1,13
AGCATTACGAGGCAAG-1,10
AGCCAAGCTTTGTGTC-1,15
AGCCACAGGTTACCCG-1,25
AGCCACTCCCGTGCTT-1,18
AGCCATATAGTATGTG-1,26
AGCCCGCAACAAGCAG-1,9
AGCCCGCACTACAATG-1,33
AGCCCGGCATTAGAGG-1,3
AGCCCGGTAGCCTGTA-1,0
AGCCCTAAGCGAAGTT-1,29
AGCCCTCCCTGGTGGC-1,7
AGCCCTGTCGCACCGT-1,6
AGCCCTTCTAATCCGA-1,16
AGCCCTTGGACATCCC-1,0
AGCCGCAAATTCAAAT-1,16
AGCCGCTTGATTAGCG-1,19
AGCCGTGGCTAAATGT-1,28
AGCCTAATACCCACGT-1,5
AGCCTTAAAGCGGAAG-1,12
AGCGACAGGAACGGTC-1,6
AGCGACATCCCATTCA-1,2
AGCGACCAACGATATT-1,9
AGCGAGACGTGAAGGC-1,14
AGCGATGCGCCTAATA-1,28
AGCGCATAATGAATCG-1,4
AGCGCGGGTGCCAATG-1,7
AGCGCTAGAGCGATGT-1,13
AGCGCTTATGGGCAAG-1,2
AGCGGACACTTCGTAG-1,0
AGCGGCGGTTAGCGGT-1,19
AGCGGGAAGGGTCCAT-1,20
AGCGGGTCTGACACTC-1,2
AGCGGTTGAGATGTAC-1,5
AGCGGTTGCCGCTCTG-1,24
AGCGTACGAGAGCTAG-1,8
AGCGTAGCGCTAGACC-1,26
AGCGTCTGAACCCGCA-1,27
AGCGTGGTATTCTACT-1,15
AGCGTTCCGATTTAAA-1,12
AGCTAACAAGCAATGT-1,7
AGCTAAGTACGCAGGC-1,0
AGCTACGAATGGTGGT-1,19
AGCTAGAAGCAGAAGT-1,5
AGCTATTTAATCCAAC-1,4
AGCTCCATATATGTTC-1,0
AGCTCCTTCGCACATC-1,13
AGCTCGTTGATGGAAA-1,3
AGCTCTAGACGTTCCA-1,25
AGCTCTTCCCAGTGCA-1,4
AGCTCTTCGTAACCTT-1,7
AGCTCTTTACTCAGTT-1,0
AGCTGAAGTAAACCAA-1,8
AGCTGCATTTGAGGTG-1,30
AGCTGCTGTGCCGAAT-1,12
AGCTGTAACCTCAATC-1,18
AGCTTATAGAGACCTG-1,8
AGCTTCAATACTTTGA-1,4
AGCTTCTTCTCGAGCA-1,1
AGCTTGATCTTAACTT-1,15
AGGAAAGCCTCTGATG-1,29
AGGAACGAACGACTTC-1,17
AGGAAGCTGTCCGCCG-1,26
AGGACAGTCGAATCCC-1,2
AGGACATCGCACGTCG-1,5
AGGACATCGGCACACT-1,5
AGGACGACCCATTAGA-1,3
AGGACGCTCGATGTTG-1,1
AGGACTTATAGGAGAA-1,20
AGGAGACATCCACAGT-1,20
AGGAGAGTCTGGCTAC-1,0
AGGAGGCCTTCGCGCG-1,15
AGGATAAAGTCGGGAT-1,2
AGGATATAGGGATTTA-1,24
AGGATATCCGACTGCA-1,25
AGGATCACGCGATCTG-1,17
AGGATTGCTTACGACA-1,25
AGGCAAAGAGGAATCA-1,1
AGGCAATACGGAGGAC-1,19
AGGCACGTGACTGTCC-1,25
AGGCAGATGCGTAAAC-1,24
AGGCAGGGAGCGTACT-1,7
AGGCATTGTCGTAGGG-1,6
AGGCCACATTGGTTAC-1,7
AGGCCACCCGTTATGA-1,2
AGGCCCAGTGACTGGT-1,15
AGGCCCATTGTACAGG-1,18
AGGCCCTAGAACGCCA-1,1
AGGCCTATCATACCAA-1,10
AGGCCTGAGAATCTCG-1,9
AGGCGATAACTGGCGT-1,21
AGGCGGTTTGTCCCGC-1,16
AGGCGTCTATGGACGG-1,17
AGGCTATGGTTAGCTT-1,7
AGGCTTAAGTTGCACA-1,6
AGGCTTCCCGAAGAAG-1,7
AGGCTTGCTAGACACC-1,22
AGGGAAACGAGGTACT-1,12
AGGGACAGCACGGCGG-1,4
AGGGACCGGCTGCGTT-1,14
AGGGACTCTACGCGAC-1,5
AGGGAGACATACTTCG-1,13
AGGGCAGCGGCGTGGT-1,10
AGGGCCCTAATGTTCT-1,32
AGGGCGAGCAGCTGAT-1,6
AGGGCGTGATCGGCTA-1,23
AGGGCTGCAGTTACAG-1,9
AGGGTCAGAGCACTCG-1,20
AGGGTCAGTAACCCTA-1,12
AGGGTCGATGCGAACT-1,16
AGGGTCTGGACGCAGT-1,17
AGGGTGCCGTTCTTTA-1,6
AGGGTGCTCTCGAGGG-1,29
AGGGTGGATAGTGCAT-1,22
AGGGTGTGCTACACGC-1,32
AGGGTTCAGACGGTCC-1,16
AGGGTTCCCTTTGGTT-1,1
AGGGTTTAGTTCGGGA-1,8
AGGTAACCTCCTATTC-1,8
AGGTACGATATTGCCA-1,18
AGGTAGATCGAGATAT-1,18
AGGTAGGTACAAAGCT-1,14
AGGTATAATTGATAGT-1,11
AGGTATGCGGACATTA-1,4
AGGTCAGGTGAGAGTG-1,17
AGGTCGCCACTTCGGT-1,27
AGGTCGCCTCCCAACA-1,10
AGGTCGCGGAGTTACT-1,15
AGGTGCACGTCCACAT-1,17
AGGTGGTGACCTTCGC-1,10
AGGTGTATCGCCATGA-1,26
AGGTGTTGCCGACCAC-1,17
AGGTTACACCATGCCG-1,17
AGGTTGAGGCACGCTT-1,22
AGGTTTCACACACCTT-1,15
AGTAACGTTCATCCTG-1,27
AGTAACTATAGCAGCC-1,11
AGTAAGGGACAGAATC-1,21
AGTAATCTAAGGGTGG-1,2
AGTAATGTCTTGCCGC-1,12
AGTAATTTGCAAGCGT-1,4
AGTACAGAAGCTTATA-1,24
AGTACATCATTTATCA-1,6
AGTACCTTCGAGTGCT-1,1
AGTACGGCCCGTATCG-1,28
AGTACGGGCACCTGGC-1,15
AGTACGTGGCCTGTCT-1,32
AGTACTCTTATGCCCA-1,18
AGTAGAAGGCGCCTCA-1,13
AGTAGCGTGAACGAAC-1,9
AGTAGCTAGACGCCGA-1,15
AGTAGGAAGGAAGTTG-1,4
AGTAGGTAACATACAT-1,3
AGTATAATACTAGGCA-1,13
AGTATACACAGCGACA-1,14
AGTATCCATAATAACG-1,14
AGTATGCTGGAGACCA-1,10
AGTATTTGGCACGACC-1,11
AGTCAAATGATGTGAT-1,21
AGTCAACACCACCATC-1,6
AGTCAAGATGACACTT-1,11
AGTCACTAGCTCTCGA-1,11
AGTCACTCCGCCTCAT-1,16
AGTCAGCCACCGCCTG-1,8
AGTCCAGCGGGTACGT-1,7
AGTCCATTGGCTGATG-1,1
AGTCCCGCCTTTAATT-1,29
AGTCCCTCGCAGAAAG-1,0
AGTCGACGGTCTCAAG-1,5
AGTCGGCCCAAACGAC-1,9
AGTCGGCTCAACTTTA-1,4
AGTCGGTTGCGTGAGA-1,8
AGTCGTATAAAGCAGA-1,25
AGTCGTCGACCACCAA-1,22
AGTCGTGGGCATTACG-1,10
AGTCTAAAGTATACTC-1,7
AGTCTCACAAGACTAC-1,22
AGTCTGGACATCCTTG-1,26
AGTCTTCTCCTCAAAT-1,6
AGTCTTTAAAGTGTCC-1,0
AGTGAACAAACTTCTC-1,26
AGTGAAGATGGTGTCC-1,1
AGTGACCTACTTTACG-1,4
AGTGACTGTGACACAA-1,12
AGTGAGACTTCCAGTA-1,19
AGTGAGCCTCGCCGCC-1,27
AGTGAGGGTTTCTGAC-1,7
AGTGAGTCGAATTAAC-1,30
AGTGATAACCTGCGCG-1,23
AGTGATATGAGTAGTT-1,7
AGTGATTCAAGCAGGA-1,13
AGTGCACGCTTAAGAA-1,7
AGTGCGTAGCTCGTAA-1,16
AGTGCTAAACACAGCA-1,31
AGTGCTTGCACGAATA-1,28
AGTGGCCCGCAAATGG-1,24
AGTGGCGGCAATTTGA-1,16
AGTGGCGTCTGAAGGT-1,18
AGTGGCTCCGTCGGCC-1,11
AGTGGGAGTATACACG-1,2
AGTGGTGTTACCCGTG-1,24
AGTGGTTGCGTATAGG-1,2
AGTGTATTGCGCATTG-1,2
AGTGTGCTAAGATCGC-1,18
AGTGTGGTCTATTGTG-1,9
AGTTAAACACTTGCGA-1,5
AGTTAAGCGGTCCCGG-1,29
AGTTAAGTCAACCGCT-1,0
AGTTACCCTTAAGACT-1,21
AGTTACCGCACATGGT-1,7
AGTTACTCTATCGTGG-1,26
AGTTATTCAGACTGTG-1,7
AGTTATTGAAAGGTAA-1,3
AGTTCACCGGTTGGAC-1,1
AGTTCCTACAGAATTA-1,0
AGTTCCTATTTATGTT-1,6
AGTTCTGCGTTGTATC-1,13
AGTTGACATCGGCTGG-1,0
AGTTGACGGTCCTTGC-1,11
AGTTGCGGTCCTCAAC-1,13
AGTTGCTGACTGATAT-1,28
AGTTGGCAAGGCTAGA-1,1
AGTTTCGCAGGTCGGA-1,4
AGTTTGCACCTGCCTC-1,21
AGTTTGGCACGGGTTG-1,17
AGTTTGGCCAGACCTA-1,5
ATAAACCATTGGACGG-1,6
ATAAACGGACCCGTAA-1,8
ATAAACGTTGCACCAC-1,6
ATAAAGGCTCGGTCGT-1,32
ATAAAGGTCAAGTACG-1,14
ATAAATATTAGCAGCT-1,15
ATAACGCCGGAGGGTC-1,10
ATAACGGAGTCCAACG-1,17
ATAACGTTACCTCCAC-1,21
ATAAGCAAACACCGAG-1,30
ATAAGGTGGAGAACAT-1,11
ATAAGTACCCGATTGT-1,8
ATAAGTAGGATTCAGA-1,18
ATAAGTAGGGCGACTC-1,16
ATAAGTTACCGCGACG-1,14
ATAATACCGTTAGCCG-1,5
ATAATAGCTGTTGAAT-1,2
ATAATAGTGTAGGGAC-1,8
ATAATCTTGGAGAACC-1,15
ATAATTAGCTAAGTAG-1,6
ATACAGGCCCTCCAAT-1,11
ATACCACGGGCAACTT-1,27
ATACCAGCAAATTGCT-1,17
ATACCAGGCTAATAGA-1,11
ATACCAGGTGAGCGAT-1,32
ATACCCTGGCTCAAAT-1,18
ATACCGTCATCCATAA-1,2
ATACCTAACCAAGAAA-1,20
ATACGAAGGCTTTCCA-1,1
ATACGACAGATGGGTA-1,5
ATACGAGGTTTGTAAG-1,4
ATACGCCGATCTACCG-1,11
ATACGCCGGCGAAACC-1,9
ATACGGAACGTCGTTT-1,14
ATACGGGTTTCGATTG-1,20
ATACGGTGAAGATGCA-1,16
ATACGTACTTAGCCAC-1,20
ATACGTCCACTCCTGT-1,2
ATACGTTATGCACGGA-1,8
ATACTACCCGTACCAC-1,7
ATACTAGCATGACCCT-1,21
ATACTCTCGCCACTCT-1,9
ATACTGCCTTACACCG-1,31
ATACTTGTTCTCGAGC-1,19
ATAGACAACGGGACCT-1,15
ATAGACGAAGAGAAAG-1,0
ATAGAGTACTGGGACA-1,23
ATAGAGTTATCAACTT-1,18
ATAGATTTGCAGTCGG-1,28
ATAGCAACTAGGGAAG-1,3
ATAGCCATAACAGTCA-1,33
ATAGCCTCAGTACCCA-1,14
ATAGCTGCTCTTGTTA-1,15
ATAGGAATCTAAGCTT-1,32
ATAGGCGGCTATAGAA-1,1
ATAGGCTAGCTTCGCA-1,19
ATAGGGATATCCTTGA-1,22
ATAGGTTGGGCAGATG-1,6
ATAGTCTTTGACGTGC-1,11
ATAGTGAAGCGTTCTC-1,13
ATAGTTCCACCCACTC-1,2
ATATAAAGCGCTCGTG-1,3
ATATAAATGTAGCTGC-1,2
ATATAACACGGGCGCA-1,1
ATATACATGTATGGTA-1,28
ATATACGCTCGTGACG-1,8
ATATCAACCTACAGAG-1,18
ATATCAATTCCAGCCT-1,2
ATATCGGTAGGGAGAT-1,22
ATATCGTGCCAGACCC-1,32
ATATCGTTCCTCGAAC-1,25
ATATCTCCCTCGTTAA-1,4
ATATCTTAGGGCCTTC-1,13
ATATGGGATAGCAACT-1,15
ATATGTCTAGAGCGTG-1,3
ATATGTCTCCCTAGCC-1,20
ATATGTGCACAAACCA-1,30
ATATTATCCCGTATTT-1,1
ATATTCAGTTAAACCT-1,3
ATATTCCACATAGTGA-1,31
ATATTCCCACAGGTCA-1,1
ATATTGCTGTCAAAGT-1,6
ATATTGGAGAGGCCTT-1,32
ATATTTAACCCTCAAG-1,6
ATCAAACACTGTTCCA-1,17
ATCAAACGAAGGTTTG-1,13
ATCAAAGAGCCGTGGT-1,1
ATCAAGATCCCAGGAC-1,3
ATCAATCTGGGCTGCA-1,16
ATCAATGCCGTGGCTG-1,28
ATCACATTAGAATATC-1,18
ATCACGTGCTAATTAA-1,20
ATCACTTCATCCTCGC-1,29
ATCAGACGGCACGCCG-1,12
ATCAGCCTCATGCTGC-1,22
ATCAGCTCGTCCACTA-1,5
ATCAGGTCGCCATTGC-1,33
ATCAGTAGGCAGGGAT-1,30
ATCATAGATCGACGAG-1,22
ATCATAGCCCTATGTA-1,3
ATCATCCAATATTTGT-1,19
ATCATCTGCCCAGTGT-1,30
ATCATGGACTACCGAC-1,21
ATCCAACGCAGTCATA-1,32
ATCCAATGGTACCGAA-1,8
ATCCACATCGACAGAA-1,5
ATCCACGCTAAATGTT-1,16
ATCCACTTTCAGACTA-1,1
ATCCAGAGCAACAACC-1,10
ATCCAGGATTCGTGAA-1,6
ATCCCATCCACAGCGC-1,24
ATCCCATTTCCGTGGG-1,3
ATCCGGACCAGCCTGA-1,28
ATCCTACCTAAGCTCT-1,15
ATCCTGAATCGCTGCG-1,4
ATCCTGCGTGGAATGG-1,0
ATCCTGCTGCAGATAG-1,7
ATCCTTCTGAAAGAAC-1,11
ATCGACCCAATACAGA-1,23
ATCGACTCTTTCCGTT-1,6
ATCGCACGATTGTTCA-1,16
ATCGCACGCCGGGAGA-1,11
ATCGCCAGTCAACATT-1,23
ATCGCTGCGTGCAGCA-1,12
ATCGCTTTACGTCTCA-1,11
ATCGGAGACAGACGGC-1,14
ATCGGCAAGCAGTCCA-1,27
ATCGGTTACCTAGTAA-1,28
ATCGTATTCCGAGAAC-1,4
ATCGTCCAATCGAGTC-1,25
ATCGTGGAAAGTCTGG-1,5
ATCGTTAGCTAGCGGA-1,20
ATCGTTCACTTTCGCC-1,2
ATCTAACGTCCCTATG-1,9
ATCTAATATCCTACGG-1,15
ATCTACCATCTGCTCC-1,6
ATCTAGCTTGTGAGGG-1,31
ATCTATCGATGATCAA-1,8
ATCTCATAAACCTACC-1,11
ATCTCCCACGGAATAT-1,21
ATCTCCCTGCAATCTA-1,9
ATCTCGTGAGCGAAAC-1,11
ATCTGACATGGAAGGA-1,6
ATCTGATAGTGTCTTA-1,9
ATCTGCACCTCTGCGA-1,0
ATCTGCTGTTATCGCC-1,32
ATCTGGGCTGTTCTTG-1,1
ATCTGGTTAAGACTGT-1,4
ATCTGTAATTGTACCC-1,2
ATCTTAGGGCATTAAT-1,1
ATCTTATCGCACACCC-1,20
ATCTTGACCTGCAACG-1,27
ATCTTGACTTGTCCAA-1,7
ATCTTTCGTATAACCA-1,29
ATGAAGCCAAGGAGCC-1,30
ATGAAGTGGACCCAGC-1,3
ATGACGCCGGCTCTAA-1,4
ATGACGCGTTCTATCC-1,4
ATGACTATCAGCTGTG-1,2
ATGACTATGCGACATT-1,0
ATGAGGAGTGTTAATC-1,31
ATGAGGGCAGCGGCTA-1,10
ATGATCGGGAATAGAC-1,4
ATGATGCAATGGTACA-1,10
ATGCACCTTCCTTAAT-1,32
ATGCACGCGCTGTTCA-1,33
ATGCACTACCGCATTG-1,27
ATGCATGATCCAGGAT-1,32
ATGCATTCCGTGATGG-1,8
ATGCCAATCGCTCTGC-1,15
ATGCCATTTGCGACCA-1,30
ATGCCGGTCTTGCATA-1,12
ATGCCGGTTGATGGGA-1,4
ATGCGACAATTGGTCC-1,16
ATGCGACAGTCCCATT-1,3
ATGCGAGTCCCACCAC-1,23
ATGCTCTGGCGCGGTA-1,27
ATGCTTAGGAGTTGAT-1,17
ATGGAAATTTAAGGAG-1,2
ATGGAACAGAATAAAC-1,20
ATGGAACCTTTGCACA-1,21
ATGGACTGCTTAGTTG-1,18
ATGGAGCAGGCCGTGA-1,24
ATGGATCCGGCGTCCG-1,12
ATGGATTGACCAAACG-1,0
ATGGCAGCATTACGAT-1,0
ATGGCAGCCGAGAAAC-1,4
ATGGCCCGAAAGGTTA-1,30
ATGGCGGAATAGTCGC-1,21
ATGGCTGGAAATGGCC-1,17
ATGGGAACGGAAGCGG-1,2
ATGGGACCTGCTGAAC-1,22
ATGGGCCTCGGCCTCT-1,3
ATGGGTGTATACCTCC-1,19
ATGGTATTGGGAACCG-1,3
ATGGTATTTACTGATT-1,2
ATGGTCGCGTGGTTTC-1,3
ATGGTGCTCAAAGCCA-1,18
ATGGTTACGAAACATG-1,0
ATGTAAGGCTGCTCTT-1,0
ATGTACATGCGGTGAG-1,28
ATGTACGATGACGTCG-1,5
ATGTAGCGCGCGTAGG-1,6
ATGTCATAATAAACGA-1,13
ATGTCATTTCCCATTG-1,4
ATGTCTTGTTTGACTC-1,26
ATGTGAAAGCCTAATG-1,5
ATGTGCATCCGACGCA-1,13
ATGTGGACATCTTGAT-1,11
ATGTGTAGTTTAGTCA-1,18
ATGTTACGAGCAATAC-1,20
ATGTTCCTGCCCACCT-1,20
ATGTTCGTCGACCCAC-1,12
ATGTTGATTAGAGACT-1,20
ATGTTGTAGTCTGTTT-1,10
ATGTTTCGGCCCGGAG-1,6
ATGTTTGTAAGATCAT-1,2
ATTAAACATGCGGACC-1,23
ATTAAAGCGGACGAGC-1,20
ATTAACACCTGAGATA-1,16
ATTAATACTACGCGGG-1,15
ATTAATGAACCAGTCG-1,20
ATTAATTCGGTCACTC-1,16
ATTACAACTACCGGCC-1,4
ATTACATGTCAGTCTT-1,5
ATTACCACACTGCCTG-1,17
ATTACGACTCCACAGT-1,6
ATTACGCGCTGGCAGG-1,1
ATTACTAGCCTCTTGC-1,6
ATTACTTACTGGGCAT-1,29
ATTAGATTCCTCAGCA-1,9
ATTAGATTGATAGCGG-1,8
ATTAGGCGATGCTTTC-1,20
ATTATACTTTGCTCGT-1,5
ATTATAGCTACTTTAC-1,31
ATTATCGGAATGTACG-1,20
ATTATCTCGACAGATC-1,18
ATTATGAGACCCAATT-1,27
ATTATGCCATAGGGAG-1,5
ATTATTATGTCCGTCA-1,11
ATTATTCAGAGTCACT-1,22
ATTCAAAGTACCTGTT-1,4
ATTCAACCATTTAAGG-1,9
ATTCACTGATGTTGGA-1,14
ATTCAGATGAATCCCT-1,18
ATTCAGGACCTATTTC-1,3
ATTCAGGATCGCCTCT-1,27
ATTCAGTAGCAGGGTC-1,17
ATTCATATACTGTCCA-1,15
ATTCATCGTTGAGGCA-1,4
ATTCCTAAGACGTGGA-1,20
ATTCCTCCGCCAGTGC-1,0
ATTCCTTCCAGGCGGT-1,19
ATTCGACGCCGGGCCT-1,7
ATTCGCAGAGGACACT-1,15
ATTCGCGCCTTGAGAG-1,31
ATTCGTGCTATCTCTT-1,27
ATTCGTGTACCCATTC-1,31
ATTCGTTTATCGTATT-1,33
ATTCTCGTCTCTTTAG-1,12
ATTCTGAGTATGAACT-1,18
ATTCTTCGTACTTATG-1,9
ATTGAAGATCTTAGTG-1,19
ATTGACCGGCGATGAC-1,20
ATTGACGTAACTCGGT-1,3
ATTGATAGCAACGAGA-1,12
ATTGATCACCACATTT-1,6
ATTGATGAGTCCTAAC-1,8
ATTGCCTATTAGACCG-1,16
ATTGCCTTTATGTTTG-1,6
ATTGCGATCAGTAACT-1,1
ATTGCTGCTCCTCCAT-1,5
ATTGGATTACAGCGTA-1,1
ATTGGGAATATCTTGG-1,19
ATTGGGAGTTCTGTAA-1,20
ATTGGTAGGATCCGCT-1,19
ATTGGTTGTGCATTAC-1,11
ATTGTCGCAATACCTT-1,7
ATTGTCTGTTTCATGT-1,15
ATTGTGACTTCGCTGC-1,4
ATTGTTCAACGATCCG-1,11
ATTTAACTCGTATTAC-1,22
ATTTACAGTTTACTGG-1,11
ATTTACTAAGTCCATT-1,9
ATTTATACTGGTAAAG-1,13
ATTTCATTATTTCGCG-1,22
ATTTCCGGGTTCTGCG-1,29
ATTTGCCTAGTTACGA-1,1
ATTTGCGCGAGTAGCT-1,26
ATTTGTCTTGGGAGCT-1,21
ATTTGTTCCAGGGCTC-1,7
CAAACCAGGTCTGCAT-1,16
CAAACCATAAGCGTAT-1,17
CAAACCCTCCGGCGGG-1,13
CAAACGAGTATCGCAG-1,16
CAAACGGTCGCACTTT-1,13
CAAACGTGGTCTTGCG-1,28
CAAACTACGATAGAGA-1,29
CAAACTATTGAGCTTC-1,7
CAAACTCGCGACGCCG-1,2
CAAAGATTATTGGGCC-1,4
CAAAGGTCATCTGAAA-1,29
CAAAGGTTAAATTCAG-1,26
CAAAGTCAGGTTAGCT-1,9
CAAATCTCTCACAAGG-1,26
CAAATGCGGAGTGTTC-1,7
CAAATGTCCTTCCGTG-1,25
CAAATTGGATTATGCC-1,20
CAAATTGTCAGCAAGC-1,7
CAACACATCTCCTGCC-1,2
CAACAGAATAACGCTA-1,4
CAACAGTGCCAAACGG-1,27
CAACATGGCCTGATAA-1,5
CAACCAGTGGCCTACC-1,3
CAACCGCACCTAGACA-1,22
CAACCTACCGAGCAGT-1,2
CAACGACCCGTTTACA-1,24
CAACGCGATGAGCCAA-1,1
CAACGGTTCTTGATAC-1,28
CAACGTGGTGGAGTCT-1,10
CAACTATATCGAATGC-1,29
CAACTCCAACGTTTAG-1,22
CAACTCCGTAACTTGC-1,17
CAACTCCTTGATCCCG-1,2
CAACTGAGGGTATGAC-1,33
CAACTGCTCATCCGAT-1,26
CAACTTGTAGTGGGCA-1,24
CAAGAAACCCTAAACT-1,30
CAAGAGGGCGGAGTAC-1,24
CAAGATATTATAACGT-1,21
CAAGCAACGTCGGAGT-1,5
CAAGCACCAAATGCCT-1,19
CAAGCGGCACATAATT-1,27
CAAGGATCGCATGTTC-1,19
CAAGGCCAGTGGTGCA-1,8
CAAGGGAGTGTATTTG-1,26
CAAGGTCCTATAGGCT-1,17
CAAGTAAGTGATAGAC-1,7
CAAGTCGTTGAAATCT-1,23
CAAGTGAACTTTGGTT-1,2
CAAGTGTGGTTGCAAA-1,24
CAATAAACCTTGGCCC-1,9
CAATACGAGAGTCTGA-1,0
CAATACGCTCTGAGGC-1,6
CAATATGTAGATTTAC-1,6
CAATATTCTTGACCTA-1,2
CAATATTGGACTAGTG-1,1
CAATCCATTATCCGTT-1,3
CAATCCCTATACCAGC-1,4
CAATCCTGCCGTGGAG-1,12
CAATGACCCTTAATTT-1,7
CAATGAGGTTCGACTA-1,23
CAATGCGAGAAGTATC-1,1
CAATGGAATCTACATA-1,7
CAATGGATCTCTACCA-1,9
CAATGGTCGGCCTGGG-1,20
CAATGTGCCAACCCTT-1,24
CAATTAAGGGTGATGA-1,17
CAATTGGGCCGCACTC-1,24
CAATTTCGTATAAGGG-1,4
CAATTTGACCGGGAAG-1,16
CACAAACCGCAGAACT-1,17
CACAAGAAAGATATTA-1,1
CACAAGCTAAGAAAGG-1,25
CACAATGAGCTGCTAT-1,22
CACACACGCTAACGAG-1,24
CACACAGCTTGCGCTC-1,2
CACACAGGGATAGATT-1,19
CACACGCGCTGTCTTA-1,27
CACACGTTTCAATGGG-1,5
CACACTTGTATTGCGA-1,15
CACAGAGACGAGGACG-1,15
CACAGCACCCACGGCA-1,17
CACAGCTAGGGAGTGA-1,4
CACAGGGCCATATAGT-1,18
CACAGGGCCGTTGTCA-1,3
CACAGTCCCGCTTCGC-1,14
CACAGTTCGCTTCCCA-1,21
CACATAAGGCGACCGT-1,5
CACATATTAGCAGGAT-1,3
CACATCGTGCACGCGC-1,22
CACATCTCACCGACGA-1,19
CACATGATTCAGCAAC-1,16
CACATGTTTGGACATG-1,15
CACATTCTTTCGATGG-1,8
CACATTTCTTGTCAGA-1,5
CACCAATCATCCGTCT-1,23
CACCACGCCACACAGA-1,1
CACCAGTCAGCATGCA-1,9
CACCATCGGAGGAGAC-1,20
CACCATGATCGCAAAG-1,1
CACCCAAATCTTATGT-1,26
CACCCACACGTCACCC-1,5
CACCCACGAGGCAATT-1,20
CACCCGGTTTGTGACT-1,5
CACCCTAACAAGATCT-1,25
CACCCTTGGTGAGACC-1,23
CACCCTTTCCTCGCTC-1,14
CACCGATACACCGAGC-1,29
CACCGCCAGAAGGTTT-1,3
CACCGCCGACCAGCGA-1,27
CACCGCGTCCACTCTA-1,16
CACCGGAGATATCTCC-1,7
CACCGGGCATCACAAG-1,13
CACCGGTAGAGACATT-1,27
CACCGTATCCCATCCG-1,0
CACCGTTAGGGATCAC-1,24
CACCGTTGCGCGATAT-1,28
CACCTAATAGAGTCGT-1,4
CACCTAATCAGTTTAC-1,16
CACCTCGATGGTGGAC-1,7
CACCTCTACGAGTGTG-1,1
CACCTTGCGAAACTCG-1,11
CACCTTGGCGCCTTTG-1,28
CACGAAAGTTAGTCCC-1,10
CACGACCACAGACTTT-1,16
CACGACGTAATAGTAA-1,14
CACGACTAAAGTTCTG-1,8
CACGATTGGTCGTTAA-1,0
CACGCACAGCGCAGCT-1,2
CACGCAGCGAGGCTTT-1,0
CACGCGGAACTGTTGC-1,15
CACGGACGTGGATGGC-1,31
CACGGCGCGCCAAAGG-1,22
CACGGGATTGAGGGTT-1,4
CACGTCAATCAATGGA-1,26
CACGTCGGCAACCTCT-1,6
CACGTCGGGTTCTAGA-1,12
CACGTCTATGATGTGG-1,4
CACGTTCGTGCTCTAG-1,1
CACGTTTCGTACACAC-1,13
CACTAAAGTTGCCTAT-1,5
CACTACGGGAGCTGCC-1,30
CACTACTCAGTTCTGT-1,4
CACTCAAGAGCTATGG-1,31
CACTCAGCTCTTGAGG-1,28
CACTCCTATGTAAGAT-1,17
CACTCCTCTCGGTCGG-1,22
CACTCGAGCTGAACAA-1,4
CACTCGGTTAGGAGGA-1,28
CACTCTCAAGCATCGA-1,1
CACTCTTCTGCTAGCC-1,4
CACTGACGATTGTGGA-1,1
CACTGTCCAAGTGAGA-1,23
CACTTAATCAGACGGA-1,26
CACTTCGTCTTATCTC-1,9
CAGAACTTAGCCCTCT-1,15
CAGAATAACACACGGA-1,17
CAGAATATTCGTTATC-1,2
CAGACACCGATCGCTG-1,5
CAGACCTGTAAGTGTT-1,9
CAGACGAACCTGATAC-1,15
CAGAGACGGTCACCCA-1,14
CAGAGCATGAGCTTGC-1,26
CAGAGCGATGGATGCT-1,32
CAGAGGCGATGCATGA-1,9
CAGAGTGATTTAACGT-1,7
CAGATAATGGGCGGGT-1,0
CAGATACTAACATAGT-1,33
CAGATATGAAGATGAC-1,1
CAGATCATTTAAAGTC-1,20
CAGATCCTGGTTTGAA-1,11
CAGATGTTTGTCCCAA-1,14
CAGCAGCCCGTTCCTT-1,3
CAGCAGTCCAGACTAT-1,11
CAGCAGTCTGTGCTGC-1,7
CAGCCCTCACAGGCAG-1,6
CAGCCGGGCCCTCTAT-1,29
CAGCCTCCTGCAGAGG-1,22
CAGCCTCGATAGCGGT-1,32
CAGCCTCTCCTCAAGA-1,7
CAGCGATTCCCTTCAA-1,6
CAGCGCCAACACGATA-1,4
CAGCTCACTGAGACAT-1,0
CAGCTCGACAAGTTAA-1,25
CAGCTCGTGCTTGTGT-1,13
CAGCTCTGGGCTCACT-1,18
CAGCTGGCGTAACCGT-1,2
CAGCTTAGTAGGTAGC-1,16
CAGGAAGACTTTATAT-1,7
CAGGACAGCTGCCCTT-1,27
CAGGATATATCGTTGT-1,3
CAGGATCCGCCCGACC-1,28
CAGGCAGTCTTACCAG-1,29
CAGGCCAGTACCACCT-1,0
CAGGCCGTTTGGGTGT-1,0
CAGGCGCACGGTGGTC-1,6
CAGGCGCCATGCTAGG-1,1
CAGGGCTAACGAAACC-1,20
CAGGTTTAGTACTACA-1,23
CAGTAACTATTTATTG-1,4
CAGTAAGGGACGTCTC-1,19
CAGTACATTCTCTAAA-1,29
CAGTACCAGTTTACGT-1,27
CAGTAGATGATGTCCG-1,19
CAGTAGCCCACGCGGT-1,7
CAGTAGCGAGGTAGTA-1,32
CAGTCCAACGCCTTCT-1,19
CAGTCGAGGATGCAAT-1,30
CAGTCGGCCTAGATAT-1,6
CAGTCTCTCGGCTAAT-1,25
CAGTCTGTATACTGGG-1,7
CAGTGAATAAATGACT-1,27
CAGTGGTTGCACATGA-1,19
CAGTGTCCGCAGAATG-1,10
CAGTGTCGGCTGGCCC-1,5
CAGTGTTAATCTCTCA-1,28
CAGTTCAAATTGACAC-1,30
CAGTTCCGCGGGTCGA-1,5
CAGTTCGAGGACCCGA-1,6
CATAACGGACAGTCGT-1,8
CATAAGAAGCTTGGCT-1,8
CATAAGCTCTCCGTCT-1,13
CATAATGAGCGGGCGA-1,14
CATACAAAGCCGAACC-1,18
CATACACGGTTCCCAC-1,21
CATACCCGTACCCAGT-1,4
CATACGAACTAGCTGG-1,22
CATACGGCGTCTGGGC-1,10
CATACGGGTGCATGAT-1,6
CATACTATGTAATTGT-1,5
CATACTTAGGCAATAC-1,27
CATACTTCTTTCTCCG-1,15
CATAGAGGAGATACTA-1,6
CATAGCGTTGCCCACC-1,10
CATAGTACATTGAGAG-1,3
CATAGTAGCATAGTAG-1,9
CATAGTCAAATACATA-1,24
CATAGTCCACAAGAAC-1,25
CATAGTGGGCACGCCT-1,19
CATATACTACTGATAA-1,20
CATATAGGTACAGTCA-1,19
CATATGTCAGGCTACG-1,7
CATATTATTTGCCCTA-1,7
CATCAAACTGGCGCCC-1,23
CATCAACACCTACTAA-1,1
CATCATCTACCCGGAC-1,5
CATCATTACCCTGAGG-1,0
CATCCAATATAGTTTG-1,9
CATCCCGAGATTCATA-1,11
CATCCGCAGGCCCGAA-1,25
CATCCTCTCAAAGATC-1,7
CATCGAATGGATCTCT-1,15
CATCGCCCGCGGCCAA-1,15
CATCGGACGGGTTAAT-1,17
CATCGTCCGGTTACTA-1,20
CATCTACCCGAGAACG-1,4
CATCTAGTGAAGGGAA-1,4
CATCTATCCCGTGTCT-1,0
CATCTGCAGGATCATT-1,22
CATCTTACACCACCTC-1,1
CATGAACCGACATTTG-1,25
CATGAACCTCTTATCA-1,19
CATGACTTCGCTGAAT-1,13
CATGAGATGCACTCTC-1,27
CATGATACGGTGAAAC-1,14
CATGATCGCTTTGAGA-1,17
CATGATGCACAATTCT-1,22
CATGATGGAAGTTAGC-1,23
CATGCACATGAGAGGC-1,27
CATGCACGTGTTACTG-1,28
CATGCATGGAGACCCT-1,22
CATGCCAACTCGCAAA-1,24
CATGCGACCAGTTTAA-1,31
CATGCGTTAGACAGAA-1,19
CATGCGTTGAGAGGAG-1,28
CATGCTGGCTCCAATT-1,6
CATGGAAATGGGACCA-1,16
CATGGATTGTCTTCCG-1,31
CATGGCAGGAAGATCG-1,1
CATGGCTCCCTATGTC-1,7
CATGGGTATGCCTTAT-1,1
CATGGGTCGGGTGTGG-1,0
CATGGTAAGTAGCGTT-1,16
CATGGTATTAGTTTGT-1,17
CATGGTCTAGATACCG-1,17
CATGGTTTATTAATCA-1,27
CATGTAAGAGACATTT-1,14
CATGTAGGAGCGCCAA-1,13
CATGTCTCATTTATGG-1,17
CATGTGGGCTCATCAC-1,21
CATTACATAGATTGTG-1,19
CATTACGCAGGAAGGG-1,0
CATTACGTCGGCCCGT-1,3
CATTATAACAGGGTCC-1,12
CATTATCCCATTAACG-1,8
CATTATGCTTGTTGTG-1,5
CATTCACTGACAGCTA-1,4
CATTCAGGTCAGTGCG-1,3
CATTCCCATTCCGTCG-1,3
CATTCCCTAAGTACAA-1,7
CATTCGTCGTAGCGGT-1,3
CATTGCAAAGCATAAT-1,17
CATTGCGAAATGGGCG-1,23
CATTGCGGGTCAATTC-1,25
CATTGTGTGCTAGATC-1,14
CATTTAGCGGACCATG-1,26
CATTTATCGTTCAAGA-1,1
CATTTCTAGCAGACTA-1,10
CATTTGAGTGGTACGT-1,24
CCAAACAGAACCCTCG-1,2
CCAAAGCAGTTGGTTG-1,0
CCAAAGTCCCGCTAAC-1,10
CCAAATAACAAGATTC-1,10
CCAAATCAAAGGGCAA-1,6
CCAACCTTATGTAACT-1,15
CCAACGATGCACTGAT-1,24
CCAACGCTTGCCAGGG-1,2
CCAACTTGATAGATCC-1,4
CCAAGAAAGTGGGCGA-1,0
CCAAGACTTCTGCGAA-1,19
CCAAGCGTAACTCGTA-1,26
CCAAGCTTGATCTCCT-1,20
CCAAGGAACAGAGAGG-1,28
CCAAGGTTGCCCTTTC-1,33
CCAAGTTTCTACAGAT-1,22
CCAATAGATTTCATCT-1,4
CCAATAGTGCCGTCGA-1,23
CCAATCGGTAGATCGA-1,7
CCAATGTCACAGCAAG-1,2
CCAATTACGGGTCGAG-1,26
CCAATTGAATGTTAAT-1,31
CCACAATGTACGTCTT-1,1
CCACACTGAGATATTA-1,17
CCACAGCTGAAATCAT-1,15
CCACAGTACCCATCCT-1,15
CCACATACTGCACCCA-1,10
CCACATGGCTCTTTAT-1,2
CCACCAACTTTACTGT-1,24
CCACCCAAGGAAAGTG-1,16
CCACCTGTATGGAATA-1,9
CCACGAATTTAACCTC-1,14
CCACGAGAAGAGAATC-1,3
CCACGGAGCCATAAGA-1,5
CCACGGCAGGTGTAGG-1,13
CCACGGTGCCCGGTAG-1,18
CCACGTAAATTAGACT-1,30
CCACTAAACTGAATCG-1,20
CCACTATCCGGGTCAC-1,21
CCACTCAGATCCGCAA-1,17
CCACTGGTGGCTGGTT-1,11
CCACTGTTTGGATTAA-1,12
CCACTTTCCTTCTAGG-1,4
CCAGAAACTGATGCGA-1,17
CCAGAAAGCAACTCAT-1,21
CCAGATAGTTGAGTGA-1,7
CCAGATGTAAATGGGT-1,20
CCAGCCTGGACCAATA-1,2
CCAGCGGGATCACCAG-1,25
CCAGCTACGCCTCATA-1,8
CCAGCTCGAACGCATT-1,15
CCAGCTGATGGTACTT-1,20
CCAGCTTCCGCCCGCA-1,7
CCAGGCTGGCGTCTGA-1,7
CCAGGGACGTGGCCTC-1,0
CCAGTAGTCTGATCCA-1,16
CCAGTCAAATCTCTTA-1,5
CCAGTCCATTATTCGA-1,21
CCAGTCTAGACGGCGC-1,33
CCAGTCTTGTCATAGA-1,2
CCAGTGAGCTCCTTGT-1,3
CCAGTGTACAGACCGA-1,0
CCAGTTCGGTAACTCA-1,10
CCATAAACAACCCGAC-1,0
CCATAACCTGTGCAGT-1,14
CCATACCTTTACTTGT-1,26
CCATACTCGCCTCTCC-1,3
CCATAGAGGCTGCCAG-1,31
CCATAGGTTGGCGTGG-1,3
CCATAGTCAGTAACCC-1,18
CCATATGGAAACTATA-1,2
CCATATTGGATCATGA-1,14
CCATCATAAGAACAGG-1,0
CCATCCATACCAAGTC-1,9
CCATCGCAGTTAAACT-1,3
CCATCTCACCAGTGAA-1,6
CCATCTTGTTCACAAT-1,15
CCATGCCCTAGATTTC-1,10
CCATGCCTGTTTAGTA-1,5
CCATGCTCTGCAGGAA-1,5
CCATGGCAAACGCTCA-1,4
CCATGGCCCTTGTACC-1,18
CCATGTTCATCTATAT-1,13
CCATTAGCGATAATCC-1,9
CCATTCCCTGCCCACA-1,6
CCATTTCTACCTATTA-1,18
CCCAAACATGCTGCTC-1,19
CCCAACATACGTCGCG-1,5
CCCAACCACACTAACA-1,19
CCCAAGAATGCACGGT-1,7
CCCAAGACAGAGTATG-1,7
CCCAAGTCATTACACT-1,18
CCCAATGAGATTTGCA-1,11
CCCAATTTCACAACTT-1,13
CCCACTCCACGGTATC-1,33
CCCAGAGGAGGGCGTA-1,0
CCCAGGAAGAATTCGA-1,1
CCCAGGTCTGAAGGCT-1,3
CCCAGTAAACTTGGGA-1,4
CCCAGTTAAGGCGCCG-1,30
CCCATATAGGTCGATT-1,23
CCCATTATTGTATCCT-1,32
CCCGAAGTTTCGCGAA-1,5
CCCGACCATAGTCCGC-1,4
CCCGAGTTTCTCCGTA-1,24
CCCGATAGCCTCGCCT-1,26
CCCGCAAATAATCATC-1,26
CCCGCAGCGCGAACTA-1,26
CCCGCAGGGCCCAAAG-1,2
CCCGCCATGCTCCCGT-1,19
CCCGCGCAATGCACCC-1,18
CCCGCTAGAGGGTTAA-1,29
CCCGCTTGCCCTCGTC-1,14
CCCGGCACGTGTCAGG-1,21
CCCGGCTAGGTGAGAA-1,13
CCCGGGTCGTTCAGGG-1,14
CCCGGTGGAAGAACCT-1,24
CCCGGTGTATCGGAAT-1,19
CCCGTAAGTCTAGGCC-1,15
CCCGTAGCTGGGAAGA-1,3
CCCGTCAGCGTCTGAC-1,13
CCCGTGACAGTGCCTT-1,32
CCCGTGAGGGCGGTGA-1,25
CCCGTGGGTTAATTGA-1,11
CCCGTTTCGCAGATGT-1,14
CCCTACCCACACCCAG-1,11
CCCTACTTGAACAATG-1,18
CCCTAGCTCTAAGGTC-1,10
CCCTAGGCAACAAGAG-1,30
CCCTAGTGTCAGGTGT-1,7
CCCTATGTAGAGCAGA-1,13
CCCTCAAGCTCTTAGT-1,28
CCCTCAGATCGAGAAC-1,24
CCCTCATTCTGGAATT-1,5
CCCTCCTCGCTCGTAT-1,26
CCCTCGATAATACACA-1,6
CCCTCGGGAGCCTTGT-1,26
CCCTGAAATGAGTTGA-1,27
CCCTGACTAACAAATT-1,23
CCCTGATGTAACTCGT-1,1
CCCTGCCCAATCCGCT-1,10
CCCTGCGCTACGCATA-1,6
CCCTGGCTGTTCCTTC-1,30
CCCTGGGAGGGATCCT-1,11
CCCTGGTATGGGCGGC-1,19
CCCTGTTGGCAAAGAC-1,4
CCCTTCTCGTACGCGA-1,0
CCCTTTAATGGAGTTC-1,23
CCCTTTGACAGGTCTT-1,10
CCGAAAGTGGTGAGCA-1,12
CCGAACACTGGGCCTC-1,24
CCGAACCTTCCCGGCC-1,9
CCGACAAACACATGAG-1,15
CCGACAAAGGGAGTGC-1,3
CCGACAATAGGCCGCC-1,31
CCGACGGGCATGAGGT-1,0
CCGACGTAAACACAAC-1,4
CCGACTCGCATAGTCT-1,12
CCGAGAAGTCGCATAA-1,10
CCGAGCTGTGCTTGTC-1,14
CCGAGGGATGTTAGGC-1,22
CCGATATGACGTAAGG-1,1
CCGATCTCAACCTTAT-1,10
CCGATCTTAAGAGGCT-1,23
CCGATTCGAGGGACCC-1,22
CCGATTGGTCAATGAA-1,23
CCGCACAAAGACCAAC-1,16
CCGCACACGAACGTGT-1,12
CCGCACGTGACCTCGG-1,14
CCGCACTTGCAATGAC-1,1
CCGCATGTGGTACGAT-1,0
CCGCCACCACAATCCA-1,29
CCGCCGGAACTTCTCG-1,28
CCGCCGGTCAACACAC-1,7
CCGCCGTTGAGGATAA-1,1
CCGCCTGCGAATTGGT-1,29
CCGCCTTGCGATGTCG-1,1
CCGCGATTTGGTAGGT-1,24
CCGCGCAAGATACCCA-1,27
CCGCGGAATGCGTCAC-1,4
CCGCGGGTACGAAGAA-1,14
CCGCGTAGGTAAGGGC-1,21
CCGCTATCAGCACCAG-1,4
CCGCTCCAGGGCGATC-1,17
CCGCTCTTCCGAACTA-1,24
CCGCTGGTGCCATTCA-1,2
CCGCTTACCTCACTCT-1,2
CCGCTTCGCGGTTAAC-1,26
CCGCTTGCTGACATGG-1,8
CCGGAAGTGCAATATG-1,35
CCGGAAGTTATCAGTC-1,2
CCGGAATGGTTTCAGT-1,7
CCGGAGCGTACTTTCT-1,25
CCGGAGGTCTTATGGT-1,0
CCGGCACGACCGTTTC-1,11
CCGGCCGCGAGCATAT-1,1
CCGGCGCATATTGGAT-1,3
CCGGCGTGAGACTCTG-1,6
CCGGGACCCGCAGAGA-1,18
CCGGGCGGTCTCGTCA-1,10
CCGGGCTAAGAATTTC-1,21
CCGGGCTGCTCCATAC-1,18
CCGGGTTCGAGGTTAC-1,6
CCGGTAATGGCTAGTC-1,25
CCGGTATCTGGCGACT-1,17
CCGGTGCGAGTGATAG-1,9
CCGGTTTGTAATTGTG-1,8
CCGTAAGTTGGTCCCA-1,14
CCGTACCCAAGCGCCA-1,15
CCGTAGGAAATCCCTG-1,11
CCGTAGGGTTGTTTAC-1,7
CCGTATCTCGTCGTAG-1,6
CCGTATTAGCGCAGTT-1,15
CCGTCAACCTCTGGCG-1,15
CCGTGAGGCATTCATG-1,25
CCGTGCCCATGACGGC-1,20
CCGTGGAACGATCCAA-1,1
CCGTGTTAAATTCCAT-1,0
CCGTTACGTTAGAACA-1,20
CCGTTCCGAATCTCGG-1,18
CCGTTTCCTTTCCGTG-1,22
CCTAAACAGGGTCCGT-1,9
CCTAAAGGCTGACGCT-1,0
CCTAAATTAACGGTTC-1,22
CCTAAATTGTATCCTA-1,21
CCTAACCCAAACAAGT-1,11
CCTAACTAAGGCTCTA-1,8
CCTAAGTGTCTAACCG-1,6
CCTACAAGTCCGGAAT-1,3
CCTACAGTTGAGGGAG-1,17
CCTACATTCACAGACG-1,6
CCTACGCGACCTTACA-1,26
CCTACGGCTCAGTCGA-1,22
CCTACTCAACACGATT-1,13
CCTACTGCGGCGGCCA-1,8
CCTACTGCTTACACTT-1,30
CCTAGGCGTAGCGATC-1,10
CCTAGGTAAAGGTAGC-1,10
CCTAGTTAGTCGCATG-1,29
CCTATAATGAGTGCCC-1,8
CCTATACCGTCCTGTC-1,32
CCTATATCGTGTCACG-1,0
CCTATATTTGTCCTGG-1,10
CCTATCTATATCGGAA-1,24
CCTATGAAGTGGTGCC-1,20
CCTATGGCTCCTAGTG-1,24
CCTATGGGTTACCGTC-1,11
CCTATGGTCAAAGCTG-1,24
CCTATGTCCACTCCAC-1,6
CCTCAACGATCGCTGT-1,30
CCTCACCAATCTTGAC-1,33
CCTCACCTGAGGGAGC-1,10
CCTCACCTTAGCATCG-1,21
CCTCACGTCAGCTAAT-1,29
CCTCATGCAGCTACGA-1,14
CCTCCCGACAATCCCT-1,29
CCTCCGACAATTCAAG-1,27
CCTCCTAGCTAGAGTC-1,23
CCTCCTGAGCCCACAT-1,23
CCTCCTGTTGTGTCGT-1,10
CCTCGAAGTGGACGGG-1,7
CCTCGACCCACTGCCT-1,3
CCTCGCCAGCAAATTA-1,18
CCTCGCGCGATATAGG-1,7
CCTCGCGCTGTGCGAT-1,1
CCTCGGACCGGGATAG-1,10
CCTCGGATGCTACCTG-1,20
CCTCGGTTTCCTTGCC-1,3
CCTCGTTACGCCTGTT-1,17
CCTCTAATCTGCCAAG-1,12
CCTCTACAAGGATTGG-1,18
CCTCTATCGATTAGCA-1,9
CCTCTCTCCCATCTAG-1,27
CCTCTGGCCTAGACGG-1,0
CCTCTGTACTATTCTA-1,31
CCTGAACGATATATTC-1,11
CCTGAATATTTACATA-1,28
CCTGACAAACTCGCGC-1,8
CCTGACCACCGATGGT-1,14
CCTGACGCAACCTTTA-1,2
CCTGAGAATAAATGCA-1,7
CCTGATTCGCGAAGAA-1,19
CCTGCCCGTTGTCTAG-1,23
CCTGCGATAGAACTGT-1,3
CCTGCGTTCTACGCTT-1,7
CCTGCTACAACCATAC-1,11
CCTGCTATTTGAGAAG-1,5
CCTGGAAACGTTCTGC-1,0
CCTGGCTAGACCCGCC-1,27
CCTGGTCGAATGTGGG-1,9
CCTGTAAGACATGATA-1,27
CCTGTCACCCGGGCTC-1,19
CCTGTCCCTCACGTTA-1,20
CCTGTCGCCCGTAAAT-1,19
CCTGTCGTGTATGAAG-1,20
CCTGTGAAACCGTAAC-1,22
CCTGTGCATAGGAGAC-1,3
CCTGTGCGGATTGTAA-1,16
CCTGTTCAACCTCGGG-1,10
CCTGTTTGAAGACACG-1,22
CCTTAAGTACGCAATT-1,2
CCTTCAGTTAAAGTGA-1,2
CCTTCCGCAACGCTGC-1,9
CCTTCGTATAGAATCC-1,6
CCTTCTCAGCGTTCCT-1,4
CCTTCTTGATCCAGTG-1,12
CCTTGACCACTTTATT-1,13
CCTTGTGAACGTGGTT-1,13
CCTTTAAGGGAGCACT-1,10
CCTTTCAATGAAGAAA-1,31
CCTTTGAATTATGGCT-1,4
CGAAACATAGATGGCA-1,15
CGAAACGCAATTCATG-1,19
CGAACAGTATGGGCGT-1,9
CGAACATAGTCAGAAA-1,15
CGAACCCGCATGCGTC-1,6
CGAACCTCTTTCCTAG-1,28
CGAACGCCCAGTGCCG-1,22
CGAACGGCCGGACAAC-1,33
CGAAGACGGTGAGTGC-1,4
CGAAGACTGCCCGGGA-1,26
CGAAGATCAGTTTCAT-1,29
CGAAGCTATAAATTCA-1,13
CGAAGGGTTTCAGATT-1,33
CGAAGTTGCTCTGTGT-1,5
CGAATCTGCTCGACGC-1,0
CGAATGAAGTCATTGC-1,10
CGAATGACGCATAATG-1,6
CGAATGGTAGGTCGTC-1,8
CGAATTACATGGTGTT-1,24
CGAATTCCCGGTTCAA-1,18
CGACAATTTGATCTAA-1,32
CGACACCGCTTAAGGA-1,29
CGACACGCTCCGACAG-1,0
CGACACGGATGCCCAC-1,29
CGACAGTTCGCGTTAT-1,14
CGACATGCGATCTTCT-1,6
CGACCCTTAACGCCGG-1,32
CGACCTACTAGACAAT-1,17
CGACGCATCCGTACCT-1,21
CGACTCAGGATGTTAT-1,33
CGACTCGGTACACGGT-1,2
CGACTTTGTATAGCCT-1,15
CGAGACCCTAGAGTGT-1,3
CGAGACTACTGCTGCT-1,17
CGAGAGATGTGAACCT-1,18
CGAGAGCGCGTAGATA-1,28
CGAGAGCTTTCACTAC-1,13
CGAGAGGGTAGCCGCG-1,1
CGAGATGTTGCCTATA-1,15
CGAGATTTCGCTCGGG-1,14
CGAGCCGAGCACTCGA-1,2
CGAGCGTTGATCAGCC-1,11
CGAGCTGGGCTTTAGG-1,3
CGAGGAGCTTCCATAT-1,10
CGAGGATCGGGAACGA-1,27
CGAGGCCAGGCATTGG-1,24
CGAGGCTAAATATGGC-1,2
CGAGGGACTGCGGTCG-1,16
CGAGGGTATCCAGGTG-1,25
CGAGTACTAAAGAGGA-1,20
CGAGTGAAGGTACCAG-1,18
CGAGTGCTATAGTTCG-1,15
CGAGTTCTGTCCCACC-1,26
CGAGTTTATCGGACTG-1,7
CGATAACCAATTTGAG-1,0
CGATAATACTCAGGTT-1,13
CGATACCTCGCGGACA-1,0
CGATAGTCGTACTGCA-1,6
CGATATTAGCCGCAGG-1,31
CGATCATTAGAGGCAC-1,30
CGATCCACCATTGTTG-1,14
CGATCCGACCCAGTGC-1,31
CGATCCTCGCAACATA-1,15
CGATCGAGAAGCACCA-1,1
CGATCTGTTGGAGGAC-1,8
CGATGGACCCTACGCC-1,22
CGATGTTGTTATCTAC-1,28
CGATTAAATATCTCCT-1,3
CGATTCGCCTGGCTGC-1,2
CGCAAACACGAGTTAC-1,24
CGCAATCGATCATTAG-1,19
CGCAATTACTTTCGGT-1,31
CGCAATTAGGGTAATA-1,2
CGCAATTCTACAATAA-1,26
CGCACATGTCCACTAC-1,2
CGCACGTCTGTTTATG-1,22
CGCACGTGCGCTATCA-1,20
CGCAGAAACATTTGCG-1,15
CGCAGATCTTCACCCG-1,33
CGCAGGCGATCCAAAC-1,16
CGCATCATGGCTTCAG-1,4
CGCATCCATCAGCCAG-1,16
CGCATGCCGAATGCGT-1,1
CGCATGGTGCGATGCT-1,4
CGCATTAGCTAATAGG-1,6
CGCCAAGAAGCCGAGT-1,14
CGCCAATTATTGCGTT-1,12
CGCCACAGGTCGCGAT-1,27
CGCCACCCGCATTAAC-1,18
CGCCATCCGATTATGA-1,18
CGCCCAGCACGCCTAG-1,21
CGCCCAGCGTTTCACG-1,14
CGCCCGCTTCCGTACA-1,29
CGCCCTAATTGTTCAA-1,10
CGCCCTTACATCCACC-1,18
CGCCCTTGAAGGCTGA-1,11
CGCCGACTATTCGCTA-1,26
CGCCGCCCATGCCTGT-1,2
CGCCGCGTTCTGAACG-1,6
CGCCGGTGTCGCAGTA-1,33
CGCCGTCTACCCATCG-1,26
CGCCGTTCAGCATAGT-1,13
CGCCTCCCTCCTCTAT-1,15
CGCCTTTAGCATGCTC-1,4
CGCGAAGTGGCATACT-1,11
CGCGACACTGCGCAGC-1,3
CGCGACCGCGACAGAT-1,27
CGCGAGAGGGACTTGT-1,15
CGCGAGTCTGCCGGGT-1,19
CGCGCAAATGTCCAGA-1,9
CGCGCAAGGAACTACA-1,14
CGCGCATGTTTGATTG-1,9
CGCGCCCGACTTAATA-1,12
CGCGGCAGTATTACGG-1,9
CGCGGCTCAACTTGAA-1,30
CGCGGGAATTAGGCAG-1,5
CGCGGGAATTCCTTTC-1,2
CGCGGTAAGTCTAGCT-1,30
CGCGGTACGGTATACA-1,2
CGCGGTCACAAACCAA-1,22
CGCGTACATTCTGGAA-1,23
CGCGTCATATTAAACC-1,15
CGCGTGCTATCAACGA-1,3
CGCGTTCATGAAATAC-1,19
CGCTACCGCCCTATGA-1,1
CGCTACGGGACATTTA-1,0
CGCTAGAGACCGCTGC-1,10
CGCTATACCGCCCACT-1,18
CGCTATCGTGGCTTTA-1,6
CGCTATTCAATGTATG-1,7
CGCTATTCTTAGGCTC-1,16
CGCTCGACATAATGAT-1,5
CGCTCTCCGTAGATTA-1,23
CGCTGAGGACGTCCAA-1,9
CGCTGGTGACTACCCT-1,10
CGCTGTGACGCCGCAC-1,33
CGCTGTGTGGATGTTG-1,14
CGCTTAGTATTGATAC-1,21
CGCTTATTCCCGGTCG-1,18
CGCTTCCACTGAAATC-1,33
CGCTTCGGTCTAAGAC-1,26
CGCTTGGACGGATAGA-1,4
CGCTTTCATACCGGTG-1,12
CGCTTTCCGCCAAGGT-1,24
CGCTTTCTTGCATTCG-1,10
CGGAAAGAATCAAACG-1,21
CGGAAAGCAAATGTGC-1,23
CGGAAATTTCACATCC-1,0
CGGAACGTAAACATAG-1,11
CGGACCTCTGTAGTTA-1,14
CGGACCTTTACGTCCC-1,25
CGGACGTTACTTGAAG-1,11
CGGAGCAATTTAATCG-1,19
CGGAGCATGGCGATCC-1,15
CGGAGCTTATAACACC-1,3
CGGAGTCCTAACCTGG-1,0
CGGAGTTTGAGAGACA-1,2
CGGATAAGCGGACATG-1,9
CGGATCCTCAAGGACT-1,28
CGGATGAATGCTGTGA-1,21
CGGCAAACATCGTGCG-1,11
CGGCAATAAGATCGCC-1,17
CGGCACCGTTAGCGCC-1,19
CGGCACTCAAGAAAGT-1,12
CGGCAGGGTCGGGTTG-1,11
CGGCCACGCACAAAGT-1,18
CGGCCAGAGCGACCAT-1,14
CGGCCCAACCTGTAGT-1,4
CGGCCCAGGTATATCC-1,27
CGGCGCCATCAATCCC-1,31
CGGCTCTAAAGCTGCA-1,18
CGGCTCTTCGTCGAAC-1,13
CGGCTGAAGGTTACGC-1,30
CGGCTGCAAGATTAAG-1,3
CGGCTTTGTATGATAA-1,20
CGGGAAGTACCGTGGC-1,28
CGGGAATATAGTATAC-1,24
CGGGAATTTATGTAAA-1,10
CGGGAGCTTCAGTGTA-1,1
CGGGAGTATACCGCCG-1,12
CGGGATCAATGTAAGA-1,2
CGGGCAGCTAAACCGC-1,6
CGGGCCATAGCCGCAC-1,1
CGGGCCTTCTTTGTAA-1,26
CGGGCGATGGATCACG-1,6
CGGGCTACTTAAATTG-1,20
CGGGTGTACCCATTTA-1,13
CGGGTTCGGCACGTAT-1,12
CGGGTTGTAGCTTTGG-1,18
CGGGTTTGTTAGGGCT-1,4
CGGTAACAAGATACAT-1,13
CGGTACGGCAAACCCA-1,13
CGGTACTAGAATCAAA-1,21
CGGTAGAGGTGCAGGT-1,0
CGGTATAGGTATTAGC-1,5
CGGTATGGGCACTCTG-1,0
CGGTCAAGTGGGAACC-1,21
CGGTCAGTCCATATTT-1,24
CGGTCCATGAGACTCC-1,6
CGGTCCGTCGCAAGCC-1,31
CGGTCTATCAACCCGT-1,15
CGGTGAAGACTAAAGT-1,8
CGGTGCAGATAGAACG-1,0
CGGTGCGCGTTGGTCC-1,3
CGGTGGGCTCCAGCCT-1,2
CGGTGTACTTGATCCC-1,22
CGGTTATCCAACAGTG-1,16
CGGTTCAAGTAGGTGT-1,2
CGGTTCCGGCTTCTTG-1,15
CGGTTGACCTGGCATA-1,4
CGGTTGAGTATCCTTC-1,3
CGGTTGGGCAGGGTCC-1,13
CGGTTGGGTTCAAGTT-1,29
CGGTTTATGAAGGAAC-1,22
CGTAAACGCTTGAGTG-1,15
CGTAAAGCAAGAAATC-1,16
CGTAAATAACAAAGGG-1,17
CGTAACGGAACGATCA-1,2
CGTAACTTCGACACTT-1,24
CGTAATAATTACGAGT-1,3
CGTAATATGGCCCTTG-1,5
CGTACCGAAAGTCTAG-1,29
CGTACCTGATAGGCCT-1,28
CGTAGAGAGTAATTAT-1,10
CGTAGCGAATTGTCAG-1,22
CGTAGCGCCGACGTTG-1,20
CGTATCTAGAACTAAG-1,13
CGTATTAAGAGATCTA-1,32
CGTCAAATGGTCGCAG-1,9
CGTCAAGGCTATAAAT-1,22
CGTCAATCTTTAACAT-1,1
CGTCACGTCCATTGGT-1,18
CGTCAGCTATTTACTC-1,29
CGTCAGTGCGCACAAG-1,18
CGTCAGTTTATCGTCT-1,14
CGTCATACCATATCCA-1,16
CGTCCAGATGGCTCCA-1,2
CGTCCTCATCGCGTGC-1,2
CGTCGCATGTGAGCCA-1,13
CGTCGCGGCGGGATTT-1,7
CGTCGCTTGGTTATAC-1,1
CGTCGGATAGTGTTGA-1,18
CGTCGGGTCTAAGCGC-1,28
CGTCGTCCTTCGCGAA-1,6
CGTCTCTCGCCGAGGC-1,16
CGTCTGGAAGGGCCCG-1,7
CGTCTTGAGTGTGACG-1,11
CGTGAAGTTAATTCAC-1,4
CGTGACATTGGGTCGT-1,7
CGTGACCAGTCCTCTG-1,11
CGTGCACACCACTGTA-1,14
CGTGCAGACTGGGACA-1,7
CGTGCATTGTCGACGC-1,0
CGTGCCCGACATTTGT-1,21
CGTGCCCTCCCGAAGA-1,10
CGTGCTGGCCTAGTCG-1,7
CGTGCTTCTACCTAAA-1,10
CGTGGAAGCCTCGTAC-1,25
CGTGGCCGAATATCTA-1,5
CGTGGTACCCAAAGGC-1,8
CGTGTATGGGAGCTGA-1,6
CGTGTCCCATTCGCGA-1,21
CGTGTCTCGTTACGAC-1,3
CGTGTGTTAAACCCTG-1,0
CGTTAAACTAGTTAGG-1,28
CGTTAATGTCCCGACG-1,33
CGTTAGCTCACAACTG-1,3
CGTTATCATACTTCCA-1,9
CGTTCAAGGAAACGGA-1,11
CGTTCAGACCCGCGAA-1,6
CGTTCATGGTGCGCGT-1,9
CGTTCTTCGCACACCT-1,10
CGTTGAATACCGCGCT-1,14
CGTTGAGCGACCGTCG-1,19
CGTTGAGTAATTGCGT-1,12
CGTTGCCCGCGTGGGA-1,19
CGTTGTAAACGTCAGG-1,27
CGTTGTAAGATTGATT-1,12
CGTTGTCGGCAATTGA-1,28
CGTTGTTTCAATTCCC-1,10
CGTTTAAGCGGAGCAC-1,20
CGTTTACAAGGCAGCT-1,29
CGTTTCACTTCGGGCG-1,13
CGTTTCGCTCATTACA-1,11
CGTTTCGGTTATATGC-1,17
CGTTTGGTGTTGTGGG-1,32
CGTTTGTGTAGAGGGT-1,31
CTAAACGGGTGTAATC-1,9
CTAAAGAATGCCTACT-1,16
CTAAAGGATGAGATAC-1,11
CTAAAGGGAAATAGGA-1,17
CTAAAGTCCGAAGCTA-1,12
CTAAATCCGGTGTACA-1,28
CTAAATCCTATTCCGG-1,30
CTAACCGCGCGCCCGT-1,20
CTAACGAAACTTGCTG-1,3
CTAACTGATAATCGCC-1,6
CTAACTGGTCCGGTTC-1,26
CTAAGGGAATGATTGG-1,9
CTAAGTACAGGGCTAC-1,11
CTAATGCGCCCAACAA-1,4
CTAATTATGAAGCGTA-1,17
CTAATTCGCACGCGCT-1,1
CTAATTCTCAGATATT-1,3
CTACAAGAAATAACCC-1,8
CTACACTAGCTTGTTC-1,16
CTACACTCGCAGATGG-1,2
CTACATATCGCGGGAC-1,14
CTACCCTAAGGTCATA-1,14
CTACGAACTAGGTCGA-1,19
CTACGACTAGCTATAA-1,20
CTACGATCCTATCCTA-1,31
CTACGCACGGAGTACC-1,12
CTACGCCATTTCCGAT-1,19
CTACGTGTTGCCACCA-1,16
CTACTATCATAGGTTT-1,11
CTACTATCTTTCAGAG-1,0
CTACTCAAGGTATAGT-1,10
CTACTCTAGGCCCGGC-1,9
CTACTGCCACCTGACC-1,11
CTAGACATATATGTAG-1,1
CTAGACTGCATTTCGT-1,28
CTAGATAAACTCCTCG-1,10
CTAGATGTGAGTGTAA-1,3
CTAGATTTACGACGGC-1,23
CTAGCAACTAATTTAC-1,15
CTAGCATAGTATAATG-1,6
CTAGCCACAGGCGAGC-1,30
CTAGCCGATGTTATGA-1,27
CTAGCGCCAATCCTAC-1,23
CTAGCTTAATGGTCCC-1,0
CTAGGCGCCCTATCAG-1,18
CTAGGCGGCAGAGAAT-1,1
CTAGGGATAGGGACAA-1,8
CTAGGTCTGAAGGAAT-1,18
CTAGGTTCGGACGTGA-1,5
CTAGTAGAAAGGGATT-1,1
CTAGTATTCGGAATTA-1,5
CTAGTCACGTCTTAAG-1,20
CTAGTGAAGGACAGGA-1,25
CTAGTTACAACCCGGT-1,10
CTAGTTGGGCCCGGTA-1,2
CTATAAGAGCCAATCG-1,7
CTATACTTAAAGCGAG-1,28
CTATAGGCGTTGATGT-1,3
CTATATCCAGCCTGGC-1,3
CTATCACAACGCTGGA-1,9
CTATCGACGAAATACA-1,3
CTATCGCGTAGAGAAC-1,25
CTATCGGGTCTCAACA-1,8
CTATGAACACCTTGCC-1,29
CTATGCCCGAATGCAA-1,21
CTATGGGAAGCGGAAT-1,10
CTATGTCACTAGCCCA-1,9
CTATGTCTATTGAAAC-1,1
CTATGTGAGTCACGGC-1,24
CTATTCATGTGTCCCA-1,11
CTATTGTGTTTGGTCA-1,4
CTATTTGCTTGGAGGA-1,3
CTATTTGGTTACGGAT-1,9
CTCAAACCACTGCCCG-1,2
CTCAACTAACCCGGAT-1,0
CTCAAGACATTAGCGC-1,19
CTCACACGCAAGCCTA-1,23
CTCACATTTACTAAAT-1,25
CTCACCAGTACAAGTG-1,3
CTCACCGATCCAAACT-1,30
CTCACTGTGATACTTA-1,1
CTCACTTGGCTGGTAA-1,8
CTCAGAGCTAATGTCG-1,8
CTCAGATTGTGATAAG-1,8
CTCAGCAGACTGCCGA-1,18
CTCAGGACTCACCTGT-1,22
CTCAGTCACGACAAAT-1,10
CTCATAAATGTGTATA-1,25
CTCATCACTTAGTGAT-1,26
CTCATGGCTCACAATC-1,20
CTCATGGTAATTTGCG-1,0
CTCATTCGTGAACATC-1,3
CTCATTGCTCTAACAA-1,18
CTCATTTGATGGGCGG-1,7
CTCCCAATGAGTCGCG-1,21
CTCCCTCCTTTCGATC-1,3
CTCCGAGTAAATCCGC-1,6
CTCCGCCCACATGAGG-1,16
CTCCGGCCTAATATGC-1,22
CTCCGGCTTGTAGACA-1,15
CTCCTAAGTTATGTCT-1,8
CTCCTCCAGCTCACAC-1,1
CTCCTGTTCAAGGCAG-1,21
CTCCTTTACGCAAGTC-1,13
CTCGAATGGAACGTAT-1,7
CTCGAGACATACGATA-1,31
CTCGAGATCCAAAGCA-1,7
CTCGAGGCAAGTTTCA-1,4
CTCGAGGTCGAACAGT-1,6
CTCGATATTTGCGAGC-1,8
CTCGCACCTATATAGT-1,28
CTCGCATTGCATAGCC-1,11
CTCGCCGAATGTAGGG-1,22
CTCGCTAGGTAAGCGA-1,2
CTCGGGCATCGTCGGG-1,20
CTCGGGTTCTCTGGCC-1,29
CTCGGTACCACTGCTC-1,30
CTCGGTCCGTAGCCTG-1,14
CTCGGTTGTCGGCCCT-1,15
CTCGTCGAGGGCTCAT-1,23
CTCGTCTGTGCCTTCG-1,11
CTCGTGGCACTGAAAG-1,17
CTCGTTACGGCTACCA-1,8
CTCGTTTCTAATGTTT-1,20
CTCTAACACCGGCAGC-1,0
CTCTAATGCATTGATC-1,21
CTCTACACTGGCGATT-1,27
CTCTACATCCTGCGTG-1,31
CTCTAGCCCTCGGAAA-1,0
CTCTATTTGGCTGCAG-1,5
CTCTCACAATCGATGA-1,22
CTCTCGATGTGCGCCT-1,10
CTCTCGCTGTACTATG-1,12
CTCTCTAACTGCCTAG-1,1
CTCTGCAGGCATTCTT-1,4
CTCTGCGAAGCAAGCA-1,29
CTCTGGACGCCTGGTG-1,16
CTCTGTCCATGCACCA-1,21
CTCTGTGCCTGCTATG-1,21
CTCTGTTTGAGGATTC-1,35
CTCTTCTATTGACTGG-1,17
CTCTTCTGGAAGTTAG-1,20
CTCTTGTCCCGCTTGG-1,2
CTGAAACGGCCCTCAG-1,23
CTGAAAGAGATCCGAC-1,7
CTGAATCCGAGACCTC-1,9
CTGAATTTATTGCCAG-1,20
CTGACATAGAAATAGA-1,7
CTGACTGCGCAGCTCG-1,5
CTGAGAAAGTTCGGCG-1,24
CTGAGAGTAGAAATAC-1,23
CTGAGCAAGTAACAAG-1,19
CTGAGCGAGACTTATT-1,6
CTGATAGTGTATCTCA-1,0
CTGATCCCTTTATGCA-1,22
CTGCAAATGGGCTCCA-1,16
CTGCAAGCACGTTCCG-1,16
CTGCACAACTACATAT-1,3
CTGCACCTAGTCCACA-1,27
CTGCACCTGGAACCGC-1,1
CTGCACTCCAGTACAG-1,19
CTGCAGAGAATCAGAG-1,11
CTGCAGGGTGACGCTC-1,5
CTGCAGGTGCTCGGCC-1,0
CTGCCAAGGTTGGAAG-1,12
CTGCCATGCATCACAT-1,6
CTGCCCACGAAGCGTT-1,3
CTGCCTAGCCACCAAG-1,29
CTGCCTCATATGCAAC-1,19
CTGCCTTTAATACCTT-1,3
CTGCCTTTCTAGTAAA-1,9
CTGCGACCTCGCCGAA-1,32
CTGCGATTTCGAGATT-1,6
CTGCGGGTGAAATGTT-1,6
CTGCGGTAGTCACGTG-1,5
CTGCGTTACGATATAA-1,0
CTGCTCTGACGGCAAA-1,0
CTGCTGAGGCCACGAA-1,17
CTGCTGTCTAACGAGC-1,17
CTGCTTGGCGATAGCT-1,1
CTGCTTTATGTCCGCG-1,13
CTGGAAATGGATGCTT-1,0
CTGGAAGACACGGTGG-1,3
CTGGACGCAGTCCGGC-1,27
CTGGATTTACACTTGA-1,15
CTGGCATCCGAATGAG-1,2
CTGGCGACATAAGTCC-1,8
CTGGCGATTTACATGT-1,17
CTGGCGCACAGGTCTG-1,21
CTGGCGGGAATAAGTA-1,18
CTGGCTCCTGCGGGAT-1,1
CTGGCTGATTCATCCT-1,9
CTGGCTGCTAACGTAA-1,9
CTGGCTGGTTGTCAGT-1,27
CTGGGATAAATAATGG-1,26
CTGGGATACGCTACCC-1,10
CTGGGATCGCCCAGAT-1,26
CTGGGCACTAGTCGGA-1,4
CTGGGCGGCCAAATGT-1,19
CTGGGCTACTGGAGAG-1,5
CTGGGCTATCCTTTGG-1,21
CTGGGTAGGCAGTTAA-1,31
CTGGGTTGAGTTAAAG-1,2
CTGGTAAAGACTTACA-1,21
CTGGTAAAGTGTGGGC-1,7
CTGGTAACACATAGAA-1,10
CTGGTAACGAGCTCTT-1,3
CTGGTCATTCCAATCC-1,20
CTGGTCCTAACTTGGC-1,7
CTGGTGAATGGGCCTA-1,9
CTGGTTCAACGCATCA-1,9
CTGGTTCGCGAGCTAC-1,9
CTGGTTTCGAGCAAGA-1,19
CTGTACTTCTTAGCAT-1,6
CTGTAGCCATCTCACT-1,18
CTGTAGTGAGGATCGA-1,22
CTGTATGGTGTAGAAA-1,13
CTGTCAAATGGCTCGG-1,17
CTGTCACGCCAGGCGC-1,19
CTGTCTGTGGCTGGCT-1,12
CTGTGCAGGGTAGGTC-1,1
CTGTGGTCGGGAGATA-1,26
CTGTTACCCAATCTAG-1,28
CTGTTCACTGCCTGTG-1,10
CTGTTCATCTCACGGG-1,3
CTGTTGGCTCTTCTGA-1,18
CTGTTGTTCAGTCGTA-1,13
CTTAAATAAGACCCAT-1,4
CTTAACTTACAGTATA-1,5
CTTAACTTCGAAGTAC-1,8
CTTAAGCAGCGAGCCG-1,23
CTTAATCGACTTAGTA-1,13
CTTACACGGTATTCCA-1,10
CTTACACTGGGAAATA-1,17
CTTACATAGATTTCTT-1,0
CTTACTGACTCCTCTG-1,2
CTTAGATGTTTCATCC-1,4
CTTAGCCCGGATAGTG-1,25
CTTAGCCTTCCACATG-1,20
CTTAGGTATAGACCAG-1,30
CTTAGGTCCCAATCGT-1,18
CTTAGTAGGCCTACAG-1,0
CTTAGTGTAGTAGCAT-1,3
CTTAGTTGAGGAATCG-1,18
CTTATAGATGGCTGTT-1,13
CTTATGCGCTCAGGGC-1,5
CTTATGTTGACTACCA-1,6
CTTCAACTCCACTTGG-1,9
CTTCACGCCCTGGTAC-1,26
CTTCAGTGGTCGCCTA-1,1
CTTCAGTTGGACAACG-1,24
CTTCATAGCTCAAGAA-1,28
CTTCATCACCAGGGCT-1,5
CTTCATTGTCAGTGGA-1,6
CTTCCGCTCCGTGAAG-1,3
CTTCCTGCATATTTAC-1,15
CTTCGATTGCGCAAGC-1,3
CTTCGGCCAATTGTTT-1,32
CTTCGTAGATAGGTGA-1,0
CTTCGTGCCCGCATCG-1,25
CTTCTATGTTGAAGTA-1,19
CTTCTATTAATGCTAG-1,0
CTTCTGGGCGTACCTA-1,18
CTTCTTACGTCGTATA-1,16
CTTGACCCGAAAGATA-1,12
CTTGAGGTTATCCCGA-1,1
CTTGAGTTAGGGTAAT-1,14
CTTGATGACCATCCAG-1,16
CTTGCCCACCCACGCA-1,11
CTTGCCCAGGCTCTAC-1,9
CTTGGCCAAGCTGGGA-1,1
CTTGTACTTGTTGACT-1,5
CTTGTCAACATTCGAG-1,30
CTTGTCGTACGTGTCA-1,18
CTTGTGAGGACAGCGG-1,27
CTTGTGAGTCTTTGAC-1,18
CTTGTGCTCACCGATT-1,8
CTTGTTGCTGAGTCAA-1,16
CTTGTTTATGTAGCCA-1,12
CTTTAACTTTCAAAGG-1,20
CTTTAATATTGGTCGA-1,18
CTTTACCGAATAGTAG-1,21
CTTTAGGAACACTGTT-1,2
CTTTAGTGCTATTATT-1,28
CTTTATCCGACGCATG-1,0
CTTTCTGTGCGGGCTT-1,23
CTTTGAAACATATTCC-1,2
CTTTGCATCGCTCTTG-1,31
CTTTGCTGTCATGGAT-1,0
CTTTGGCAGACAGAGT-1,6
CTTTGGCGCTTTATAC-1,4
CTTTGGCTTTAGTAAA-1,6
CTTTGGGATTGTTGCA-1,16
CTTTGTCGAATGCTCC-1,9
GAAACAGATGACCACC-1,0
GAAACAGCCATGCAGT-1,18
GAAACATAGGAAACAG-1,10
GAAACCATGGTGCGCT-1,8
GAAACCGAATTACCTT-1,23
GAAACCTATACAAATG-1,10
GAAACTCGTGCGATGC-1,14
GAAACTCTAATGAAGG-1,3
GAAAGAACAGCGTTAT-1,6
GAAAGCAGTGCACTTT-1,19
GAAAGCCCTTTGGACC-1,4
GAAAGTGACTAACTGC-1,2
GAAATACCTGCTGGCT-1,7
GAAATACTAAACGTTT-1,18
GAAATATCACCATCAG-1,10
GAAATATGCTTGAATG-1,8
GAAATCGCGCGCAACT-1,8
GAAATCTGACCAAGTT-1,19
GAAATGGCGGTGTTAG-1,0
GAAATGGGATGTAAAC-1,20
GAAATTAGCACGGATA-1,2
GAAATTCACATCGCTG-1,18
GAAATTGTCTCTATAA-1,18
GAACAACTGGGATGAA-1,1
GAACACACATCAACCA-1,24
GAACAGATTACTAAAT-1,16
GAACATTAGTATGTTA-1,0
GAACCATCTGGGAGAC-1,7
GAACCCTCTGTGTTCT-1,0
GAACCTCGACCTACAC-1,5
GAACCTTTAACGATCC-1,17
GAACGACCGAATGATA-1,29
GAACGATAAGTTAAAG-1,27
GAACGCGGGTCACACG-1,0
GAACGGTGTAAAGCAG-1,18
GAACGTCTCATGGTCG-1,3
GAACGTTAGGAAGACG-1,0
GAACTGTGGAGAGACA-1,13
GAACTTAGCGCCCGGT-1,27
GAACTTGTGCACGGGA-1,23
GAAGAAACGATATTGT-1,14
GAAGAACGGTGCAGGT-1,13
GAAGACTTCAATGCCG-1,16
GAAGCAAGGCAATGTT-1,1
GAAGCCACTGATTATG-1,2
GAAGCCGGGTAAGCTC-1,7
GAAGCCTGCACATTCC-1,5
GAAGCGTGAGGAATTT-1,0
GAAGCTCGGACCCGTC-1,2
GAAGCTCTTTGCTTAG-1,1
GAAGCTTGCTGACCGC-1,10
GAAGGACTAAATTGAA-1,12
GAAGGAGTCGAGTGCG-1,11
GAAGGCTACCATTGTT-1,31
GAAGGGCATAACCATG-1,7
GAAGGGTCATTAAGAC-1,6
GAAGTCAGTTGCACTA-1,11
GAAGTCTCCCTAGCGA-1,16
GAAGTGATTTATCGTG-1,17
GAAGTGCTGGATAGCT-1,12
GAAGTTTCCACTCAAT-1,5
GAATAGACGCGACCCA-1,8
GAATAGCATTTAGGGT-1,19
GAATAGCCCTGCGGTC-1,8
GAATAGTGCTCGATTA-1,2
GAATATTCGGAGTCCC-1,0
GAATCGACATGGTCAC-1,16
GAATCGCCGGACACGG-1,11
GAATCTATACTCGGAC-1,28
GAATCTGAACATTCTC-1,7
GAATGAAGGTCTTCAG-1,1
GAATGCCGAAATGACC-1,22
GAATGCGAATCGGTTC-1,31
GAATGGGCTTATCGAC-1,24
GAATGTATGGCAGGTC-1,6
GAATGTGGTCCGGATT-1,19
GAATGTTGGGTAATCT-1,4
GAATTATAGTGAAAGG-1,18
GAATTATGCAACCTAC-1,23
GAATTCACCCGGGTGT-1,0
GAATTTCTCGCTGCAG-1,20
GACAAACATATGCAGG-1,9
GACAACGACCATTGAA-1,2
GACAACGCAGCTTACG-1,17
GACAAGACGCCCGTGC-1,30
GACAAGAGATGAGATT-1,2
GACACAAGGGAAGAAA-1,3
GACACAGCCGGGACTG-1,17
GACACCCAAAGACGCG-1,18
GACACGAGTTAGAGGA-1,4
GACACTGAGTTCAGTG-1,10
GACACTGGAACCCGAT-1,18
GACACTTCCAATTACC-1,13
GACAGAGGTCTTCAGT-1,26
GACAGATTTCTGGCTC-1,3
GACAGCCAGACCTGAC-1,2
GACAGGCACACACTAT-1,20
GACATACTGTCGCAGA-1,13
GACATCCGTCGAACTG-1,6
GACATCGATTTATAAC-1,13
GACATTTCGCCCAGCC-1,10
GACCAAACGTTGACTG-1,21
GACCACACTTCCCTTT-1,2
GACCAGAGCCCTGTAG-1,17
GACCAGGTCATTCATA-1,12
GACCCAATTATGATAC-1,27
GACCCGTCGCCGGCTA-1,20
GACCGACCGCTAATAT-1,10
GACCGACGTGAAAGCA-1,1
GACCGACTGAAGCGTC-1,23
GACCGATTAAATATGT-1,24
GACCGCGTCTGACGTG-1,17
GACCGTCAGGTCGTGA-1,4
GACCGTGCTGACGGTG-1,6
GACCGTTACATGCGAC-1,3
GACCTGGTCTGGGCGT-1,8
GACCTTCCACGTCTAC-1,11
GACGACGATCCGCGTT-1,11
GACGACTTTCCAAGAA-1,20
GACGAGGCTAATAAAC-1,0
GACGATATCACTGGGT-1,13
GACGCCGTAAAGGCTA-1,19
GACGCCTGTTGCAGGG-1,9
GACGCTTGCTTCTAAA-1,16
GACGGACCGCGTTCCT-1,22
GACGGGATGTCTTATG-1,0
GACGGGCATCGAATTT-1,27
GACGGGTTGGCCCGTA-1,12
GACGGTCAATAGAAGC-1,1
GACGGTCCTAGGGTGT-1,23
GACGTGAGACTCCATG-1,14
GACGTGTAGGGATTAT-1,0
GACGTTCGTAAATACA-1,2
GACGTTGCTCGGCGGC-1,7
GACTAACACAGCACCT-1,5
GACTAAGATCATGCAC-1,16
GACTAAGTAGGCTCAC-1,30
GACTACAAAGCGGTGG-1,13
GACTACAATTGCTCGT-1,17
GACTAGGCCGTTAGGT-1,31
GACTCACCCACGTGAG-1,1
GACTCCCAGAATAAGG-1,13
GACTCCTTCCAATTGA-1,23
GACTCGCGGGAATGAC-1,12
GACTCGGTCGGCGGAT-1,24
GACTCTAGAGTTCCAA-1,26
GACTGATTGGTCACAA-1,29
GACTGCAAATCGAGCT-1,31
GACTGCACCAGCCCAG-1,21
GACTGCGGCACGTGTA-1,22
GACTGCTGGTGAGAAA-1,14
GACTGGGCGCCGCAAC-1,7
GACTTCAACGCATCAA-1,11
GACTTTCGAGCGGTTC-1,6
GAGAAACTGGATCCCA-1,13
GAGAACGGTTCTGACT-1,4
GAGAATCTCACGATCA-1,13
GAGACCCTGCAACGCC-1,25
GAGACTGATGGGTAGA-1,0
GAGACTTCGCGACCGA-1,9
GAGAGCGCAGTCCCTG-1,4
GAGAGGCCTATGTGTA-1,28
GAGAGGGCGCGAGGTT-1,11
GAGAGTCTCGGGAGAG-1,0
GAGATCTGCTTGGCAT-1,13
GAGATCTGTCACTCCG-1,14
GAGATCTTCCATGACA-1,4
GAGATGACAATCCTTA-1,33
GAGATGGCTTTAATCA-1,0
GAGATGGGAGTCGACA-1,8
GAGCACCTGTGTCCAG-1,31
GAGCACGGCGCCTCTT-1,14
GAGCATCAACAACTTG-1,2
GAGCATCATCCCTGGG-1,9
GAGCCACGGTAGTAGG-1,25
GAGCCAGCTACCTGTG-1,18
GAGCCGAGCGTTTATT-1,22
GAGCGAGGGAGTACCG-1,16
GAGCGCAAATACTCCG-1,14
GAGCGCGCACGAGTAG-1,15
GAGCGCTATGTCAGGC-1,14
GAGCGCTGTTAGGTAA-1,5
GAGCGGAATGCGGTGT-1,6
GAGCTAAGGGCATATC-1,2
GAGCTCAACATGAGCG-1,2
GAGCTCTCGGACCTAA-1,11
GAGCTGTCGTCTCGGA-1,28
GAGGAATATCTCTTTG-1,19
GAGGAATGGAGAGGTT-1,0
GAGGAGATCCTCATGC-1,20
GAGGAGTAATTCCTAC-1,0
GAGGATAAACAGTGCT-1,11
GAGGCATTTGCAGCAG-1,23
GAGGCCCGACTCCGCA-1,28
GAGGCCTGTTGATACA-1,28
GAGGCTATCAAAGTCG-1,1
GAGGGAGTCAGATCGC-1,7
GAGGGCATCGCGTATC-1,18
GAGGGCCATAATATTA-1,1
GAGGGCCGGCAGAGTC-1,23
GAGGGCGCAGCTCTGC-1,2
GAGGGTAGTAACAAAG-1,12
GAGGTACATCCATCTT-1,8
GAGGTACGCGTGTCCC-1,30
GAGGTCCCAAAGATCT-1,7
GAGGTCTTAGTGGGTC-1,2
GAGTAAACCGGAAAGT-1,6
GAGTAAATTAAGAACC-1,6
GAGTAAGGCCACGGGA-1,17
GAGTACGGGTATACAA-1,23
GAGTAGATACTAGTTG-1,2
GAGTATACCCTAATCA-1,24
GAGTATCAAAGTTACA-1,3
GAGTATGCCCGCCTTG-1,31
GAGTATGCGCGTGCAT-1,11
GAGTCAGACCAGAATC-1,0
GAGTCCACCAGGTTTA-1,4
GAGTCCGCTTACCGGA-1,7
GAGTCGACAGACCCTC-1,22
GAGTCTTGTAAAGGAC-1,32
GAGTGCACGGACAACA-1,5
GAGTGTCAACCAGAAA-1,25
GAGTGTGCGGTACCCA-1,22
GAGTTCTGTGGGTGCT-1,27
GAGTTGATGGCAATTT-1,19
GATAAATCGGTGGATG-1,32
GATAACTCGCACTGTG-1,24
GATAAGGCAGATGCAA-1,6
GATAAGGGACGATTAG-1,20
GATACCGTGTCGGAGT-1,13
GATACGATGGGAGTCA-1,7
GATAGAACCCGCTAGG-1,15
GATAGATAGTACAGTC-1,22
GATAGCGTACCACGCG-1,14
GATAGGATTAATTACA-1,13
GATAGGTAACGTTGAC-1,8
GATAGGTGTCCCGGGC-1,13
GATAGTGCGAGTAAGT-1,18
GATATCAGTATGTATC-1,23
GATATCTCATGCAATA-1,20
GATATGAGACACTAAC-1,13
GATATGCGGTAGCCAA-1,12
GATATGGATTACGCGG-1,4
GATATTGAGATTGGCG-1,11
GATATTTCCTACATGG-1,12
GATCAACATAAAGGGA-1,22
GATCATTCCAAACATT-1,17
GATCCCTTTATACTGC-1,25
GATCCGAATATAAGTG-1,25
GATCCGGGAATTAACA-1,8
GATCCTAAATCGGGAC-1,21
GATCCTCGACACTGGC-1,2
GATCCTCTTGCGCTTA-1,4
GATCGACACTATCTGA-1,33
GATCGCGGGCTCTCCA-1,19
GATCGCTACCCGATTT-1,15
GATCGCTATATCTCAG-1,6
GATCGCTGTGGTGCGT-1,7
GATCGGATAGAACCAT-1,1
GATCGGCGATAAGTCG-1,8
GATCGGTGGCCATAAC-1,16
GATCGTGACTGATATC-1,20
GATCTAACCGTATTCA-1,14
GATCTCGACGCTGTGG-1,0
GATCTGCTATCTAAGG-1,15
GATCTTAGTGAACGTG-1,30
GATCTTCATTGTCCTC-1,7
GATCTTGGAGGGCATA-1,7
GATCTTTGCAGGGTAT-1,26
GATCTTTGCTCAAAGA-1,30
GATGACAAGTAGGGCA-1,2
GATGACGATGATCGCG-1,2
GATGAGGAACCTTCGG-1,31
GATGATTTGAAACTGG-1,26
GATGCCACACTACAGC-1,0
GATGCCAGCAGAAGGC-1,13
GATGCCTTCTGCGGCA-1,10
GATGCGAATGGTATTA-1,8
GATGCGTCCTGCATTC-1,18
GATGCTACAAGCGCCT-1,6
GATGCTACCTTCGATG-1,10
GATGCTGTATTTCATC-1,20
GATGGCGCACACATTA-1,5
GATGGTGAAATAACCC-1,0
GATGGTGCCCTAGGCA-1,12
GATGTAACGAACCACC-1,4
GATGTCCGGATCACAT-1,1
GATGTCGGTCAACTGC-1,29
GATGTGTTGTCACAAG-1,16
GATGTTCAATCCACGA-1,6
GATTAACCGAAAGCCC-1,25
GATTAATCCTGGCTCA-1,11
GATTACTGAATTTGGG-1,5
GATTAGAAACAAGCGT-1,2
GATTATCTTGCATTAT-1,23
GATTCCCTTGTCGCAG-1,2
GATTCCGCGTTTCCGT-1,3
GATTCGACGGTTCACG-1,22
GATTCTGTTAATGAGT-1,10
GATTGACACTCTGCTC-1,29
GATTGCTCCAGTTGCA-1,21
GATTGGGAAAGGTTGT-1,11
GATTTAGTGCGTACTG-1,1
GATTTGCGCTAACACC-1,23
GCAAACCCTACATTAT-1,32
GCAAACCTTGGCCATA-1,7
GCAAACGTCGCCAGGT-1,17
GCAAAGGGCGTTAGCC-1,11
GCAAATATTACGCTTT-1,30
GCAAATGAGGACACTT-1,24
GCAACACACTAGAACT-1,6
GCAACAGCAGTATGCG-1,2
GCAACCACCAGACCGG-1,6
GCAACCCAAGTTGTTT-1,8
GCAACGGCTAGTTATG-1,27
GCAAGAATTCCTTGGC-1,13
GCAAGATGTGTTCGCG-1,12
GCAAGCTGGAAACCGC-1,30
GCAAGTGCACAGAGAA-1,10
GCAAGTGTAAAGCATG-1,14
GCAATTAGTCGCACCG-1,11
GCACAAACCCTAGATG-1,6
GCACAAACGAGGCGTG-1,15
GCACAACCTCGGGCGT-1,33
GCACAAGTGGATCATA-1,1
GCACAAGTGTCGGAAG-1,22
GCACACACTGGTAGCC-1,1
GCACACAGCTATTACC-1,0
GCACACGCCCATGGTC-1,19
GCACAGCACGGGCCGA-1,22
GCACCTAGGCGAGTCC-1,17
GCACCTTCCCGAAGGT-1,5
GCACGCCGATTCCCGC-1,6
GCACGCCTACTTAGAT-1,22
GCACGTGGTTTACTTA-1,17
GCACTAGTCGCGCTAT-1,16
GCACTCCCACAGTCCC-1,16
GCACTGCCTACCTTTA-1,0
GCACTGTGCAAATGTA-1,10
GCAGAAACGTAATCCA-1,20
GCAGAAGGTAATCTCC-1,2
GCAGACCCAGCACGTA-1,19
GCAGATCCATAAGACT-1,21
GCAGATCCTCGCAAAT-1,3
GCAGATTAGGGATATC-1,35
GCAGCACACAGCCCAG-1,26
GCAGCCTATATCACAT-1,15
GCAGCGGTGGGCATTA-1,31
GCAGCTATGGACAGGT-1,4
GCAGCTGTCAACGCAT-1,20
GCAGGAACTTAGATCT-1,28
GCAGGACTATAGAATA-1,21
GCAGGTAGAGTATGGT-1,12
GCAGTGCGGGCGGATG-1,13
GCAGTGTGGCTATAGG-1,29
GCAGTTCGATCCGAGC-1,5
GCATAAATTGAACGCC-1,5
GCATACGAGGTCTTTA-1,1
GCATAGAGCACTCAGG-1,11
GCATCCCTAACTTTGA-1,17
GCATCCTCTCCTATTA-1,23
GCATCGGCCGTGTAGG-1,8
GCATGACACAAAGGAA-1,32
GCATGAGGGACGCGGC-1,15
GCATGCTAATAACGAT-1,4
GCATGGGTACTGACGC-1,0
GCATTCAAGGCAACGC-1,8
GCATTCGAAATGAACA-1,2
GCATTGACTTGCGGAA-1,23
GCATTGTAATTCATAT-1,11
GCATTTCCAAGGCTCC-1,25
GCCAACCATTTCCGGA-1,2
GCCAAGAATACTTCTG-1,13
GCCAATAGGGCATCTC-1,15
GCCACAATTTAAGGAC-1,13
GCCACCCATTCCACTT-1,19
GCCACTCAGAGCGCGA-1,7
GCCACTCCTTACGGTA-1,5
GCCAGGAAAGAACACT-1,3
GCCAGGAGTAACCGAT-1,8
GCCAGGCGTTCGCATG-1,5
GCCAGGCTTAGTGGTA-1,20
GCCATATTGCACACAG-1,13
GCCATCGAGCTGCGTG-1,7
GCCATCGATGCTGCAT-1,4
GCCATTAGCCTCAAAC-1,21
GCCCACCAAGGCTGTC-1,12
GCCCACTGGTCCACAA-1,2
GCCCAGATGCTGGAGA-1,2
GCCCAGTTGGTATGCC-1,13
GCCCATGGGTGCAATG-1,28
GCCCGACTTCTTCCCG-1,2
GCCCGAGAGTCTAAAT-1,9
GCCCGATCTGTGGTCG-1,32
GCCCGCGCGTAAACGG-1,11
GCCCGCGCGTTTGACA-1,19
GCCCGTAATACCTTCT-1,28
GCCCTAAGTGCAGGAT-1,17
GCCCTAGCCGTCGCGA-1,1
GCCCTGAGGATGGGCT-1,9
GCCGAAATTCCTACGT-1,28
GCCGACCCACGACTGC-1,8
GCCGATTGGCCAAGCT-1,2
GCCGCACTCCGTTTCA-1,21
GCCGCATTAGTCCGGC-1,22
GCCGCTAGATACGCAG-1,9
GCCGCTTGTGAGAAAC-1,2
GCCGGAAACACATCTT-1,18
GCCGGGTTAGGGTCGC-1,29
GCCGGTCGTATCTCTC-1,11
GCCGGTTTGGGCGGAT-1,7
GCCGTCGGTTTCGGGC-1,4
GCCGTGGAAGAAATGT-1,13
GCCTACGTTCTGTGCA-1,25
GCCTAGCGATCTGACC-1,30
GCCTATAGTGTCAGGG-1,0
GCCTATCAGGTAAGAT-1,26
GCCTATGCTGGGCCTT-1,9
GCCTATTCCGATATAG-1,27
GCCTATTTGCTACACA-1,3
GCCTCATCTGGAAATA-1,10
GCCTCCGACAATTCAC-1,0
GCCTCTATACATAGCA-1,1
GCCTGCTACACTGAGA-1,7
GCCTGTCCCGGTGCAT-1,5
GCCTTCAGCCCTACCG-1,12
GCCTTGTATATGCAGT-1,4
GCGAAACGATCGGGAG-1,9
GCGAAACTTAACTGGA-1,30
GCGAAGAATCTGACGG-1,11
GCGAAGCCATACCCGT-1,11
GCGAATGGACTAGCGA-1,31
GCGACATGTAAACATC-1,10
GCGACCCAACCATCTG-1,22
GCGACGATAGTTGTAC-1,25
GCGACGGTAGTCTCCT-1,24
GCGAGAAACGGGAGTT-1,1
GCGAGAGGCCATGTAA-1,0
GCGAGAGTTGCGTCCA-1,11
GCGAGCGCATGCTCCC-1,14
GCGAGGCCCGAGCAGA-1,2
GCGAGGGACTGCTAGA-1,18
GCGAGTTCTGCAAAGA-1,8
GCGATGTCTGTGCTTG-1,15
GCGATTCTGGAAGCAG-1,7
GCGATTGTTAACGTTA-1,12
GCGCAAATATATTCAA-1,8
GCGCAAGAGCGCGCTG-1,11
GCGCATCCAGTCAGCA-1,16
GCGCCGTTCCACGATA-1,32
GCGCCTCCCACTCCGA-1,11
GCGCGATGGGTCAAGT-1,15
GCGCGGTCTAGTAACT-1,24
GCGCGTCATTGGTACA-1,20
GCGCGTTTAAATCGTA-1,20
GCGCTAAGTATGCATG-1,5
GCGCTAATTGAATAGA-1,10
GCGCTATGCCGAGGCA-1,15
GCGCTCGATCACCTGT-1,3
GCGCTGATCCAGACTC-1,7
GCGCTGCTTTGCATTT-1,19
GCGCTGGCGGAAAGTC-1,22
GCGCTTAAATAATTGG-1,25
GCGGACCGCGTTGTGG-1,22
GCGGAGAAACTTCGCA-1,10
GCGGAGAGGGAGAACG-1,2
GCGGATTACTTGTTCT-1,23
GCGGCAAAGTATTGCC-1,3
GCGGCTCTGACGTACC-1,19
GCGGCTTTAGCAAGTT-1,14
GCGGGAACCAGGCCCT-1,27
GCGGGCAGACGGGTGA-1,24
GCGGGCATTACGATGC-1,11
GCGGGCGAGCCTTACC-1,2
GCGGTAACCCAAATGA-1,11
GCGGTCCCGGTGAAGG-1,9
GCGGTCCCTAGACGCA-1,20
GCGGTCTTGCTTTCAC-1,13
GCGGTGAACTGCGCTC-1,29
GCGGTGCGGAGCATCG-1,28
GCGGTTCCCTATCATG-1,8
GCGTAAATGGCCATAA-1,17
GCGTCCAGCTCGTGGC-1,24
GCGTCCCTAAGACATA-1,13
GCGTCGAAATGTCGGT-1,3
GCGTCGCCAGGGTGAT-1,13
GCGTCGTAACATGGTC-1,6
GCGTCTAACCTCCTAA-1,27
GCGTCTCTGCATTGGG-1,0
GCGTGGTACTGGGTTA-1,22
GCGTGTATGTCGTATT-1,5
GCGTTATATTTGGAAC-1,3
GCGTTCGGAGACCGGG-1,1
GCGTTCTGACTAAGCG-1,13
GCTAACTGAAGTCTGA-1,27
GCTAAGCCCAGTATGC-1,5
GCTAAGTAAAGGCGAT-1,22
GCTAAGTAGTTTCTCT-1,4
GCTAATACCGAATGCC-1,27
GCTACAATCGAGGATA-1,0
GCTACACTGTCCGAAC-1,3
GCTACAGTACGGACCG-1,15
GCTACGACTTATTGGG-1,23
GCTACTATAGTAGAGT-1,21
GCTAGACCGTCTACTG-1,23
GCTAGAGTAGAGATGT-1,21
GCTAGCAACGCACCTA-1,23
GCTAGCACCTGGGCCA-1,21
GCTAGCAGGGAGTGGG-1,21
GCTAGCGATAGGTCTT-1,26
GCTAGCTTGAATAGCT-1,5
GCTAGGCACCACGGAG-1,1
GCTAGTAGAGCTTGTA-1,13
GCTAGTTTCATTGAGG-1,33
GCTATAAGGGCCAGGA-1,33
GCTATACGTCTCGGAC-1,18
GCTATCATACTCATGG-1,31
GCTATCGCGGCGCAAC-1,27
GCTATGCCAGCTTATG-1,24
GCTCAACCTCTTAGAG-1,23
GCTCAATCCGTTTATT-1,5
GCTCAATGTAATACCG-1,3
GCTCATTACTGCATGT-1,12
GCTCATTGATCATATC-1,12
GCTCCATGAGTGCAGA-1,17
GCTCCATGCAAAGCAA-1,3
GCTCCCAGTCGGTCCA-1,12
GCTCCGCTCGCTTCAG-1,5
GCTCCGGACGTTGATA-1,18
GCTCCTGACATACTGG-1,29
GCTCGACCGAACTGAA-1,12
GCTCGCGGTTCCGCTC-1,3
GCTCGCTCATGTCCAA-1,30
GCTCGGAATTTAAAGC-1,3
GCTCTAAACCCTGACG-1,14
GCTCTATGTTACGTGC-1,8
GCTCTCGGGTACCGAA-1,3
GCTCTTTCCGCTAGTG-1,13
GCTGAACTCTCCAGGG-1,34
GCTGAATCTTCCAATC-1,6
GCTGAGCAACGGTTCT-1,1
GCTGAGGCGTGAGTAT-1,4
GCTGCACGGTTTCTTA-1,18
GCTGCGAAGAATTATT-1,8
GCTGCGCCTCCCACGT-1,7
GCTGCTAAGTAGTCGA-1,16
GCTGCTACTGCGTAGC-1,8
GCTGCTCTCCGGACAC-1,26
GCTGGACCCAAAGTGG-1,15
GCTGGCAGGTGCCGTG-1,22
GCTGGCATATTCACCT-1,9
GCTGGCGGCGCATGCT-1,25
GCTGGGAGCGCGTCAA-1,8
GCTGGGTCCGCTGTTA-1,10
GCTGGTGACTCGTAGT-1,1
GCTGGTTTAGGCCATA-1,27
GCTGTATTACTGGCCC-1,10
GCTGTCTGTGATCGAC-1,16
GCTGTTGCTACCGAAC-1,2
GCTTAATGTAACTAAC-1,21
GCTTACGTAGTTAGTA-1,4
GCTTAGGGAAGCGGTA-1,10
GCTTATGAAGCAGGAA-1,8
GCTTCAGTGGGATTAC-1,12
GCTTCCAGCTTAGATT-1,15
GCTTCCATGTAACCGC-1,21
GCTTCCCGTAAGCTCC-1,32
GCTTCCGTCCCTAGAC-1,22
GCTTCGACGTTCAATC-1,31
GCTTGAGTGACCTCTG-1,2
GCTTGATGATAATCAG-1,32
GCTTGCAGCACAATTG-1,0
GCTTGGATCGATTAGG-1,20
GCTTTATTAAGTTACC-1,5
GCTTTCAGAGGAGGTG-1,15
GCTTTCTATCTCAACT-1,27
GCTTTGCTGCCGGGTA-1,1
GGAAACCTTGTTGAAT-1,5
GGAAACTAAATGGGCC-1,26
GGAAAGGGAATTGAGC-1,25
GGAAAGTCTTGATTGT-1,28
GGAAAGTGCCCATGCC-1,9
GGAACCCGAACAAGAA-1,3
GGAACCGTGTAAATTG-1,9
GGAACCTTGACTCTGC-1,14
GGAACGGCCTGCAGCC-1,22
GGAACTTTGGCGATTA-1,2
GGAAGATAAGACTGTA-1,30
GGAAGCTCGCTTACAG-1,23
GGAAGGACACCGTATA-1,24
GGAATAACCTCAAGAA-1,0
GGAATGCGCTAGCGTG-1,24
GGACAACCATGAAGCC-1,24
GGACAAGTTGCAGTGA-1,22
GGACACAAGTTTACAC-1,17
GGACACCTCGGTGTTG-1,14
GGACCAACAGGATAAC-1,1
GGACCTACGGTAACGT-1,6
GGACCTCTAGGCCGCC-1,8
GGACGGCTTGCGCAAC-1,26
GGACGGGCGACCAACC-1,21
GGACGTCCATAGTTGG-1,23
GGACTAAGTCAGGAGT-1,7
GGACTCACAAATTAGG-1,2
GGACTCGAAGCTTTCA-1,7
GGACTCGACAGCGCAT-1,10
GGACTCGTGAGTGGTC-1,2
GGACTCTTCCGGTTGA-1,16
GGACTCTTTGACTAAG-1,11
GGAGAAGTCATTGGCA-1,27
GGAGACATTCACGGGC-1,9
GGAGACCAATGTGCTT-1,6
GGAGACCATCTACATA-1,24
GGAGACGACACCTTTG-1,13
GGAGCAACATTTCAAG-1,29
GGAGCACCAAGAACTA-1,2
GGAGCGAGGCCTACTT-1,2
GGAGGAGTGTGTTTAT-1,3
GGAGGATTGAAAGGAG-1,4
GGAGGCCGAAGTCGTC-1,29
GGAGGCGAAGAACCGC-1,29
GGAGGGCTTGGTTGGC-1,10
GGAGGGTCAAGTAAGA-1,0
GGAGTACACATGAGCT-1,15
GGAGTGCCGCCCTGGA-1,25
GGAGTTGATTCTGTGT-1,27
GGATACTCATGAATTG-1,16
GGATCAAAGGACGAGG-1,19
GGATCATCCCGTACGC-1,18
GGATCCCTACCAGCTA-1,20
GGATCCGGAATATACT-1,6
GGATCTTACTGCCCTT-1,24
GGATCTTGACTCAACC-1,17
GGATGAAGATCGCTGA-1,11
GGATGACGCGAGTTTA-1,4
GGATGCTGGCGTTCCT-1,5
GGATGGCTTGAAGTAT-1,1
GGATGTCCTTACCGCA-1,4
GGATTAAGCTAAGGTC-1,2
GGATTAATCATGGACC-1,11
GGATTCAGTACGGTGG-1,8
GGATTCCGCTATACCC-1,8
GGATTGAAGTAGCCTC-1,17
GGATTGCTGTGACTCC-1,9
GGATTTCACTTCTATA-1,6
GGCAAAGGCGCCAATA-1,16
GGCAAATTACTTTACT-1,2
GGCAAGCCAGGGATAG-1,30
GGCAAGCCCATAGTGG-1,14
GGCAAGGCGAAATAGC-1,32
GGCAATAGTCAATGAG-1,4
GGCACGCTGCTACAGT-1,33
GGCACTCAGCCGACCC-1,13
GGCACTCCACTGGGCA-1,9
GGCACTGCGGTGGTTT-1,34
GGCAGAGAGATCGGGA-1,8
GGCAGCAAACCTATGC-1,11
GGCAGCGGTAATCCTA-1,7
GGCATACAGGTAGCGG-1,9
GGCATATCGGTTCTGC-1,4
GGCATCAACGAGCACG-1,26
GGCATTCCCTCCCTCG-1,9
GGCATTGAACATCTCA-1,16
GGCCAATTGTATAGAC-1,33
GGCCACAAGCGATGGC-1,34
GGCCACACGAAAGCCT-1,14
GGCCCAATCTAGAGGG-1,19
GGCCCAGCTGGTTTGC-1,11
GGCCCAGTTATCAGCA-1,4
GGCCCGGAGCATGTCT-1,2
GGCCCGTATACCATGC-1,30
GGCCCTCACCCACTTA-1,12
GGCCGAGACTCTGGTG-1,4
GGCCGCAGGAACCGCA-1,25
GGCCGGCGTCTGCTAT-1,15
GGCCGTTTGGGTTTCA-1,6
GGCCTGCTCTGATGTT-1,10
GGCCTGCTTCTCCCGA-1,2
GGCCTTTGCAACTGGC-1,33
GGCGAAATCTAACTTG-1,7
GGCGAACCGTTCTGAT-1,30
GGCGAGCATCGAGGAC-1,3
GGCGAGCGAAACGGCA-1,19
GGCGCACAGTTTACCT-1,32
GGCGCAGGACATCTTC-1,31
GGCGCATGAATTGATG-1,16
GGCGCGGAGATCTTTC-1,0
GGCGCGTTCGAGTTTA-1,4
GGCGCTCCTCATCAAT-1,35
GGCGCTTCATTCCCTG-1,21
GGCGGAGTAATATTAG-1,30
GGCGGGCTCTAAGAGT-1,24
GGCGGTAGGATCATTG-1,15
GGCGGTTTGCCGGTGC-1,8
GGCGTACCCTATATAA-1,8
GGCGTAGGGAAAGCTG-1,0
GGCGTCCTATCCGCTG-1,12
GGCTAAAGGGCGGGTC-1,32
GGCTAATGATTGAAAT-1,17
GGCTACTATACACTCC-1,14
GGCTATTAAGTTGTAT-1,5
GGCTCCTCCACCTGTT-1,2
GGCTCGCGTTGAGGTA-1,14
GGCTCGTGCCACCAGC-1,33
GGCTCTGCTCCAACGC-1,1
GGCTGAAATAGCAAAG-1,27
GGCTGAGCATCGTAAG-1,5
GGCTGGCAATCCCACG-1,17
GGCTGGCAGCTTTATG-1,29
GGCTGGCTAGCTTAAA-1,9
GGCTGTCCTACTGCGG-1,3
GGCTTCTCGTGGGTGG-1,24
GGCTTGGCTCTCACCT-1,8
GGCTTTCAATAAGGGT-1,1
GGGAAAGAATGCCAAC-1,32
GGGAACCACCTGTTTC-1,10
GGGAACGGGAGGTTAG-1,26
GGGAACGGTTTCAGAT-1,12
GGGAAGACGGTCTGTC-1,4
GGGAAGGGCTTTCTCA-1,31
GGGAATGAGCCCTCAC-1,1
GGGAATTCTGTCCAGT-1,8
GGGACAGAGTTACTCC-1,17
GGGACCCGTATATCTT-1,8
GGGACTGCATAGATAG-1,9
GGGAGAACTCACAGTA-1,4
GGGAGCGACCGTAGTG-1,3
GGGAGGATGCCCGAAA-1,5
GGGAGTAATGGCTGGC-1,8
GGGAGTTAATGAGGCG-1,6
GGGATACGGTAATAAT-1,32
GGGATCCCAATACAAA-1,20
GGGATGGTCGTAACCG-1,11
GGGATTATCTCACAAC-1,19
GGGATTTACCGCACCT-1,10
GGGCAACCGCACGTGC-1,8
GGGCACGAATTGGCCG-1,3
GGGCACGTAGTACTGT-1,22
GGGCAGACGTCACTGC-1,32
GGGCAGAGCAATCGTT-1,10
GGGCAGTCAACGCCAA-1,24
GGGCATGCATGTCGAG-1,1
GGGCCCGTCTTAAACA-1,12
GGGCCCTACGAAAGGG-1,19
GGGCCCTTATCTATAC-1,12
GGGCCGGCCGAAGTAC-1,14
GGGCCTAAATGGGCTA-1,0
GGGCCTATACAACCGG-1,5
GGGCCTATTTAAGTAT-1,23
GGGCGAATTTCTCCAC-1,22
GGGCGATATGTGTGAA-1,14
GGGCGCAGCGTTACTC-1,23
GGGCGGCAAATGAATT-1,28
GGGCGGGTTCCCTACG-1,13
GGGCGGTCCTATTGTC-1,13
GGGCGTACATTTATAT-1,1
GGGCGTCACCACGTAA-1,13
GGGCGTCCACTGGCTC-1,3
GGGCGTGGTTTCCCAG-1,27
GGGCGTTTACATTCAT-1,3
GGGCTACTATTTCGTG-1,2
GGGCTATGATCGATGG-1,8
GGGCTCATCGAACCCA-1,33
GGGCTGCCTAGGGCGA-1,14
GGGCTGGTTAGTCGCG-1,6
GGGTAATGCTGTGTTT-1,14
GGGTACACTCTGGAGG-1,3
GGGTACCCACGGTCCT-1,10
GGGTACTTCATGAACT-1,6
GGGTATGTATGCACTT-1,31
GGGTATTCTAGCAAAC-1,27
GGGTCACCGTGACGGT-1,17
GGGTCACGTGCTTATG-1,12
GGGTCACTGAGTAGTG-1,4
GGGTCAGGAGCTAGAT-1,13
GGGTCATGCGTACCAT-1,4
GGGTCCTTGGAAGAAG-1,28
GGGTCGTGGCAAGTGT-1,24
GGGTCTATCGCTTTCC-1,19
GGGTGACACCTTAACT-1,10
GGGTGCATATGAAAGC-1,0
GGGTGGTCCAGCCTGT-1,27
GGGTGTTTCAGCTATG-1,16
GGGTTAACATTTGAGT-1,28
GGGTTCAGACGAACAA-1,12
GGGTTTAGGATAGGAT-1,23
GGGTTTCCGGCTTCCA-1,0
GGTAAACTCTGCGCTG-1,23
GGTAAATGTGCGTTAC-1,3
GGTAACCGGCAAAGGT-1,4
GGTAACCGGGAGGATA-1,9
GGTAACTATGTATCTG-1,12
GGTACAAACATGCTAT-1,11
GGTACACCAGATTTAT-1,30
GGTACATCTGGGACGA-1,26
GGTACCATTAAGACGG-1,18
GGTACGTTGCGGCCGG-1,28
GGTACTAAGTGCTTTG-1,13
GGTAGAAGACCGCCTG-1,8
GGTAGACCGTTGGGCG-1,23
GGTAGGCCAATATCAC-1,24
GGTAGTGCTCGCACCA-1,16
GGTATAGTGACACATA-1,0
GGTATCAAGCATAGAA-1,16
GGTATGAAAGAACTGA-1,7
GGTATTGCCGAGTTTA-1,4
GGTCAAGACTACTTCG-1,25
GGTCACGTTAGATTCA-1,14
GGTCAGTGGGTCCCAC-1,13
GGTCATTGTAGTCATA-1,2
GGTCCCATAACATAGA-1,12
GGTCCTTCATACGACT-1,7
GGTCGGATAAACGGCG-1,6
GGTCGGCCAGGAGCTT-1,32
GGTCGGTAATTAGACA-1,14
GGTCGGTCGTCCACAG-1,19
GGTCGTAAGCTCGCAC-1,21
GGTCTCCAAGTAGTGC-1,27
GGTCTCCGTCCAGGTT-1,3
GGTCTCTGAATGGACT-1,31
GGTCTGAGAATCTGGA-1,12
GGTCTTGAGCGCTCTT-1,21
GGTCTTGGTGTTAACT-1,4
GGTGAAACCGGGAATG-1,15
GGTGAACGGGCTAGCC-1,1
GGTGAAGTACAGGGAT-1,20
GGTGACTGATAGAGAG-1,32
GGTGAGATGCAGATAA-1,15
GGTGATAAGGAGCAGT-1,1
GGTGATGAAGGAAGTG-1,12
GGTGATTTCATCTTGT-1,34
GGTGCAGAGCCTATCG-1,9
GGTGCATAAATGATTA-1,7
GGTGCGGATAAGTGGC-1,2
GGTGCTGATCACAAAG-1,3
GGTGCTGGTACACATT-1,13
GGTGGACCACGTGTTA-1,5
GGTGGACTGCTCTGGC-1,25
GGTGGAGGTTGATACG-1,17
GGTGTAAATCGATTGT-1,21
GGTGTAGGTAAGTAAA-1,1
GGTGTTCTGTTTCTAC-1,7
GGTGTTGGGCGTCTTA-1,29
GGTTACCACCCTCGGG-1,26
GGTTACCCGACACTTT-1,11
GGTTACCGCTCCCTAC-1,26
GGTTAGCTATATGTCT-1,14
GGTTAGGCTTGGAGAA-1,31
GGTTCCACCCGCTTCT-1,5
GGTTCCCTAGTGTCTC-1,30
GGTTCGATGCTGAGTT-1,2
GGTTCGCATTTGCCGT-1,27
GGTTCGGATTATACTA-1,29
GGTTCTACTCGTCTGA-1,8
GGTTGTATCGTGAAAT-1,0
GGTTGTGCTCTTGTCC-1,14
GGTTGTGTAGCCTGGC-1,4
GGTTTAATTACCATCG-1,19
GGTTTAATTGAGCAGG-1,23
GGTTTACAATCTCAAT-1,15
GGTTTAGCCTTTCTTG-1,30
GGTTTCAATCGGTCAG-1,9
GGTTTGACAAGAAGCT-1,1
GGTTTGAGTGCTGGAA-1,18
GGTTTGCGAACACGTA-1,26
GGTTTGTGACCTGAGG-1,26
GTAACAACTGACCTTG-1,9
GTAACAGGTTAACGGC-1,25
GTAACATCAGCTCATC-1,14
GTAACATCTAAGATAA-1,12
GTAACTGCCCAAGGAG-1,1
GTAACTTGCGGCAGTC-1,18
GTAAGCGGGCAGTCAG-1,23
GTAAGGATTTGTCGGA-1,3
GTAAGTAACAGTCTGG-1,1
GTAAGTAGGGTATACC-1,1
GTAAGTCCACACTCTA-1,23
GTAATAAAGGGCTCCC-1,22
GTAATCTGATTCTTCG-1,24
GTACACTTACCTGAAG-1,4
GTACAGAGGCAAGGGT-1,14
GTACGACGGCGCTGCG-1,20
GTACGAGATTGCGACA-1,15
GTACGCTTCATTGCAC-1,0
GTACGTCACGTATTAA-1,25
GTACGTTTGCCCGTCA-1,21
GTACTAAGATTTGGAG-1,3
GTACTACGGCCTCGTT-1,5
GTACTCCCTTATCGCT-1,10
GTACTCCTGGGTATGC-1,8
GTACTGAGGTCGTAAC-1,5
GTACTGCATGAAGCGT-1,13
GTACTGGAGTTAGACC-1,26
GTACTTGGGCACTTCT-1,16
GTAGAAACGGGTGGAG-1,18
GTAGACAACCGATGAA-1,29
GTAGACACGCCTGACT-1,0
GTAGACGTCGTTACAT-1,8
GTAGAGGGAGACAAGT-1,8
GTAGCCAAACATGGGA-1,15
GTAGCGCTGTTGTAGT-1,9
GTAGCGGCTATACACT-1,0
GTAGCTAGTAAGCGCG-1,12
GTAGCTCCGGGAGGCT-1,24
GTAGCTTCCTCTTGTT-1,17
GTAGGTGATCCGTGTA-1,17
GTAGTCGCGGGAATCA-1,11
GTAGTCTACGATATTG-1,25
GTAGTGAGCAACCTCA-1,11
GTAGTTAGACAATATA-1,23
GTAGTTCGAAGGCGAA-1,15
GTAGTTTAAGCACACG-1,9
GTATAATCTCCCGGAT-1,8
GTATAGGACTCAGTAG-1,16
GTATAGTGGCCCATGT-1,0
GTATATGTTACGGCGG-1,9
GTATCAAACGTTAGCT-1,5
GTATCAAGGTACTTCC-1,11
GTATCAGCTTGGGTTC-1,29
GTATCCTTTGGTAACC-1,9
GTATCGGGACGAGCTG-1,1
GTATCTCAGTCTTGAC-1,15
GTATCTCCCTAACTGT-1,14
GTATCTCGGGCGCTTT-1,14
GTATCTTGTTGCTCAC-1,6
GTATCTTTCATAACCA-1,32
GTATGAAATTTCACTC-1,1
GTATGACGTGGGAAAC-1,9
GTATGTGGGTCTAGTT-1,19
GTATTAGGGTTCGCGT-1,6
GTATTCTGAGAAACGA-1,1
GTATTCTTACCGTGCT-1,24
GTATTTAATGGCATAA-1,12
GTCAAAGAAGTGGTGT-1,31
GTCAAAGTTTACATAG-1,26
GTCAACCAGGCCTATA-1,11
GTCAAGCGGACTCGGG-1,10
GTCAATGCTATAATTT-1,4
GTCAATTGTACTGAAG-1,14
GTCACAAAGTTTCCAA-1,14
GTCACCTGTCTATGTC-1,4
GTCACTCTCCAAATCT-1,2
GTCAGAATAGTCTATG-1,5
GTCAGACAGCGTTGGA-1,19
GTCAGTTGTGCTCGTT-1,7
GTCAGTTTGGTAGTCG-1,7
GTCATCTCCTACAGCT-1,1
GTCATGCACCTCCGTT-1,13
GTCATGCGCGAGGGCT-1,3
GTCATGGACATGACTA-1,19
GTCATTAGAGCGAACG-1,29
GTCATTGCATTGACCC-1,8
GTCCAATATTTAGCCT-1,15
GTCCACGTCGCATTCG-1,30
GTCCAGGCACGTGTGC-1,10
GTCCATTACTGCTACG-1,2
GTCCCAACGTAAAGTA-1,9
GTCCCAATCATCCCGC-1,13
GTCCCGCGACGTTATG-1,13
GTCCGAGAGCAATCAT-1,29
GTCCGGACCTGAAATT-1,18
GTCCGGCTGAATTGCG-1,19
GTCCGGGTTCACATTA-1,15
GTCCGTTAGAGGGCCT-1,28
GTCCTACAGGCGGCTC-1,18
GTCCTACGAATAGTCT-1,7
GTCCTACTCTACGGGC-1,11
GTCCTATTGTTGTGGT-1,4
GTCCTTCTACAACCCA-1,22
GTCCTTCTAGTGGGTT-1,12
GTCCTTTAATGACTTC-1,5
GTCGAATTTGGGCGCT-1,30
GTCGATAGGTGACTTT-1,25
GTCGCCGTTGTGTGTT-1,31
GTCGCGTAACCCGTTG-1,25
GTCGGAAGGATACCAG-1,5
GTCGGATATCTCAGAC-1,6
GTCGGATGTAGCGCGC-1,32
GTCGGGAACATGGTAG-1,10
GTCGGGAAGCAGAAAC-1,13
GTCGTACCATCTCGGG-1,24
GTCGTACCTACGATTG-1,11
GTCGTATTGGCGTACA-1,8
GTCGTCAATTATAAGG-1,12
GTCGTGTCTGGTCATC-1,28
GTCGTTATTCGCTTAT-1,25
GTCTAAGATGCCCAGC-1,2
GTCTACTCAATTACAA-1,28
GTCTAGTGAGCCGCTT-1,10
GTCTATACACGCATGG-1,9
GTCTATCTGAGTTTCT-1,0
GTCTATTGCATGCTCG-1,23
GTCTATTGGTTCCGGT-1,14
GTCTCAAGGCCCGGCT-1,21
GTCTCCCGAGTCCCGT-1,21
GTCTCCGCCTCAATAC-1,26
GTCTCCTGCCAGTATG-1,11
GTCTCGACTAAGTTTG-1,33
GTCTCGATCTGCTTTC-1,8
GTCTCGCCAACACGCC-1,21
GTCTGCCGACTCGACG-1,11
GTCTGGGCGGTCGAGA-1,6
GTCTGTAGGTTGAACA-1,8
GTCTTACCACGCCAAG-1,17
GTCTTAGTACAGCCGG-1,22
GTCTTCCTCACCTAAG-1,7
GTCTTGAGGAGCAGTG-1,0
GTCTTGTAGCTATTCA-1,21
GTGAAACGGCGCCACC-1,23
GTGAAACGTGCTCCAC-1,14
GTGAACTCCCATTCGA-1,8
GTGAAGATTTCAAGTG-1,2
GTGAAGCCGTATAGTC-1,28
GTGAAGTCACGACTCG-1,17
GTGACAGCTTCCCACT-1,8
GTGACCGCACACTACG-1,11
GTGACGAGGGTGACCC-1,4
GTGACGCAGGTTTCAT-1,7
GTGACTTCAGTAGTGC-1,27
GTGAGATAACCTTATA-1,9
GTGAGCGTGCTGCACT-1,0
GTGAGGACACTTAAGG-1,13
GTGAGGAGCGGTTGAG-1,4
GTGAGTCGACTAATAG-1,2
GTGAGTCTAAGACGGA-1,29
GTGAGTGGTACAACGC-1,25
GTGATCAAGCGTGCAC-1,2
GTGATCACTAACGCCT-1,30
GTGATCATAGATCTGC-1,15
GTGATCCTTGTCATGA-1,9
GTGATGCACAACATCT-1,5
GTGATTCGCCGCTCAA-1,19
GTGCAAATCACCAATA-1,19
GTGCAACAAATGTGGC-1,7
GTGCACCAGCTTCAAC-1,1
GTGCACGAAAGTGACT-1,29
GTGCAGCGTAGAGTAG-1,11
GTGCCATCACACGGTG-1,9
GTGCCCGTTCGGATTC-1,1
GTGCCGCTTCAAAGGT-1,16
GTGCCTAGCTATGCTT-1,3
GTGCCTCAGTGTACGG-1,0
GTGCCTGAGACCAAAC-1,8
GTGCGAAATCGAACAC-1,6
GTGCGACAGGGAGTGT-1,15
GTGCGCAGCTTGCTCC-1,2
GTGCGCTTACAAATGA-1,14
GTGCGGGACCATCGGC-1,19
GTGCGGGTCTCCAAAT-1,20
GTGCGTGTATATGAGC-1,32
GTGCTATCCAGCTGGA-1,15
GTGCTCAAGTACTGTC-1,17
GTGCTGCAGATAAGGA-1,1
GTGCTGTTAGAACATA-1,32
GTGCTTACATCAGCGC-1,15
GTGGAACCTACATGCG-1,29
GTGGACCAACCCGATT-1,7
GTGGACGCATTTGTCC-1,15
GTGGACGTGCTGAGAC-1,33
GTGGAGCATGTCGGCC-1,8
GTGGAGCGTTTACCGA-1,28
GTGGAGTCGGCGGTTG-1,11
GTGGCAAACAGCGGCA-1,0
GTGGCCGGTTTCTCGG-1,31
GTGGCCTAATATCATT-1,12
GTGGCGGGCCGTAGCT-1,11
GTGGCGGTCCCAGCGT-1,16
GTGGCGTGCACCAGAG-1,4
GTGGCTGTTTCTGTTC-1,14
GTGGGAACAAACCGGG-1,29
GTGGGAAGACTGAATC-1,17
GTGGGCTTAGACACAC-1,21
GTGGGTACTGAGCGTA-1,23
GTGGGTCTTCTTTGCG-1,26
GTGGTATAGTCTGCCG-1,15
GTGGTCAGCGAAGTAT-1,33
GTGGTGATGGTTTGTG-1,15
GTGGTGGCCAAGTGAA-1,32
GTGGTTACTTCTTTCG-1,2
GTGGTTTCCGCCTTTC-1,8
GTGTACCTTGGCTACG-1,0
GTGTACGAACCGTTCC-1,23
GTGTATATCAGCGGGC-1,8
GTGTATGACTTTAAAG-1,15
GTGTCAGTGTACGTGG-1,18
GTGTCCGATAAGGCAT-1,19
GTGTCGTATAGCGTTC-1,3
GTGTCGTATTCACCTT-1,23
GTGTGAATAACTTAGG-1,25
GTGTGAGCCGAGGTGC-1,30
GTGTGTCGACGTCGCT-1,18
GTGTTACTATGCGTCC-1,1
GTTAAAGTAGGACTGG-1,21
GTTAACATCACTTAAA-1,11
GTTAACTATGTTGTCA-1,27
GTTAAGGGTGCGATGT-1,18
GTTAAGTTAGAGTGGG-1,11
GTTAATGTCTATCTTA-1,22
GTTACAATTGGTGACG-1,16
GTTACCAAGGCGTACG-1,22
GTTACCTACAACTTGC-1,2
GTTACGAAATCCACGC-1,1
GTTACGGCCCGACTGC-1,31
GTTACTTTGGGCCTAG-1,15
GTTAGAGTGTGCCGCT-1,9
GTTAGCCCATGACATC-1,0
GTTAGCCGTAAATCAA-1,5
GTTAGGCTACCCGTTT-1,19
GTTATAATACGGTGAA-1,1
GTTATATCAGGAGCCA-1,26
GTTATATTATCTCCCT-1,2
GTTATCAAGCTATCGA-1,3
GTTATCACCTTCTGAA-1,4
GTTATTAAATACGACC-1,16
GTTATTAACGTGGGAG-1,29
GTTCAAATCAGATGTC-1,4
GTTCAATCTATGTCAA-1,10
GTTCACAGGAGTCTAG-1,5
GTTCAGTCGCCAAATG-1,8
GTTCATCGTTTGGCTG-1,3
GTTCCAAGACAGCGAC-1,5
GTTCCAGTCTGACCAT-1,3
GTTCCCGTAAACATAT-1,25
GTTCCGTCCGCCTGCA-1,12
GTTCGACAATTGTATA-1,12
GTTCGCCATAAGTGCC-1,13
GTTCGCTGAGACGTCT-1,8
GTTCGGAGCACTCAAC-1,23
GTTCGGATCGGGAACA-1,30
GTTCGGGCGTACCATT-1,8
GTTCGGTGTGGATTTA-1,14
GTTCGTCTAAAGAACT-1,18
GTTCGTCTGGGTCCCT-1,32
GTTCGTTGCGGACCAG-1,25
GTTCTTCCCTCGATGT-1,12
GTTCTTGTAACTCAAT-1,14
GTTGAACCGGTTCCAT-1,16
GTTGAGTCCCGCCGGT-1,16
GTTGCACGGAGTTTCG-1,10
GTTGCAGTCGACAACA-1,19
GTTGCCCTAACGGGTG-1,15
GTTGCGCTAACATTAC-1,23
GTTGCGGACGGTCAGG-1,14
GTTGGACCGCATCAGG-1,24
GTTGGATTCAGTGGCT-1,19
GTTGGATTGAGAACAC-1,5
GTTGGATTTGCGTTGG-1,10
GTTGGTCATGCTATCC-1,5
GTTGTAGATTTATGAG-1,6
GTTGTCGTGTTAGTTG-1,27
GTTGTTACATTGCGCT-1,1
GTTGTTGCAAGATGGC-1,5
GTTTACGTTCCATCTG-1,10
GTTTATGGGATTTAGA-1,4
GTTTCAAACGAGTTGT-1,17
GTTTCATATCGTCGCT-1,8
GTTTCCTGGAGGGTGA-1,14
GTTTCTAGAGGCGCGG-1,18
GTTTCTGCAGTCTCCC-1,3
GTTTGACCAAATCCTA-1,11
GTTTGAGCGGTTATGT-1,16
GTTTGGCCCAAGTTAT-1,11
GTTTGGCCGCTCAGCG-1,16
GTTTGGCGTCAGGCAC-1,2
GTTTGGGCTTGTGAGC-1,0
GTTTGGGTTTCGCCCG-1,9
GTTTGGTAGGGTCAAC-1,21
GTTTGGTGATCGGTGC-1,14
GTTTGTTAGCCAAGTA-1,13
TAAACCCAGGAGGGCA-1,12
TAAACGTCGTCAATGA-1,15
TAAAGACAACCCTTTA-1,5
TAAAGAGCCCGAAACC-1,12
TAAAGCGGTATTTCCA-1,10
TAAAGCGTTAGGAGAA-1,7
TAAAGCTGCAATAGGG-1,32
TAAAGGAGAAACTAGT-1,34
TAAAGTGCACGTCTCG-1,25
TAAATCTTTACACCTC-1,21
TAAATGCCGTCTCATG-1,4
TAAATGGGCTACTGAG-1,2
TAAATTGTGGGTAAAG-1,13
TAAATTTAGTAACACC-1,1
TAACAAAGGGAGAAGC-1,12
TAACAATATTTGTTGC-1,12
TAACAGCGTTTGTGCT-1,0
TAACAGGTTCCCTTAG-1,21
TAACATACAATGTGGG-1,4
TAACATACACGCGATC-1,0
TAACCGCCCGCAGTGC-1,20
TAACCGTCCAGTTCAT-1,20
TAACCTACCGTCCGAG-1,0
TAACCTAGGGAGTCCA-1,17
TAACGCTTTGAGAGCG-1,6
TAACTATCGAAGGTCC-1,0
TAACTATTACGCCAAA-1,16
TAACTCATCCGCGCGG-1,10
TAACTCCATGGAGGCT-1,32
TAAGAGGGACAGGGAC-1,9
TAAGATTTAGCGGGAG-1,0
TAAGCAGGCGACACGC-1,24
TAAGCCCTTACGACCA-1,25
TAAGCGCGAATCAAAT-1,6
TAAGGAACTTGTGGGA-1,33
TAAGGCAACATAAGAT-1,0
TAAGGCATAACATCAA-1,21
TAAGGCCCGTCACCCT-1,31
TAAGGCTGAATCCCTC-1,17
TAAGGGCCTGTCCGAT-1,26
TAAGGGCTGGGAGAGG-1,12
TAAGTAAATGTGCCGC-1,0
TAAGTAACATCTTGAC-1,12
TAAGTCGCCGAGTATC-1,21
TAAGTCGGTGAGCTAG-1,23
TAAGTGAATAGTCTAC-1,17
TAAGTTGCGACGTAGG-1,24
TAATAAACAAGGAGAT-1,3
TAATACACAGTAGTAT-1,0
TAATACTAGAACAGAC-1,14
TAATAGAACAGAGTTA-1,1
TAATAGCTAAATGATG-1,11
TAATAGGTCACCAGAA-1,9
TAATAGTGACGACCAG-1,1
TAATATTGAAATTCGC-1,30
TAATCAACCAAATGGG-1,8
TAATCAGGAATGCTGC-1,3
TAATCGATCCGTACGT-1,29
TAATGAAAGACCCTTG-1,22
TAATTACGTCAGTAGA-1,20
TAATTAGATGGATATG-1,12
TAATTAGGACATCCGT-1,17
TAATTCCAATGCTTCA-1,10
TAATTGGAATCGGGAA-1,18
TAATTTCCGTCCAGTA-1,6
TACAAATTGCGGAGGT-1,7
TACAACAGCGCATACA-1,5
TACAACGCACAACTCA-1,4
TACAAGCTGTTCACTG-1,7
TACAAGGGCTTCTTTA-1,14
TACAAGTCTCGTGCAT-1,27
TACAATGAAACCAGCA-1,6
TACACAGCCGTGGTGC-1,0
TACACCGTCGTTAGTC-1,4
TACACCTCTTCGAATC-1,17
TACAGAAACGGTGGGC-1,24
TACATAGGCATACACC-1,4
TACATCCCTATCCCTG-1,21
TACATCTTGTTTCTTG-1,3
TACATGACCTTATCCG-1,25
TACATGCCGGAATTGT-1,13
TACATTTCTAACGTGC-1,5
TACCAAATAGCCCAGA-1,19
TACCAATAAAGTACCA-1,11
TACCAGAAGTAGGTTC-1,9
TACCAGCTAGGTTTAA-1,17
TACCAGGAATCCCGTC-1,8
TACCATGTATTGATTT-1,23
TACCCTCGGTAACCCT-1,21
TACCGAATAATTGTAA-1,7
TACCGATCCAACACTT-1,18
TACCGCGGACTTGCAG-1,20
TACCGGCTCACTGCCC-1,0
TACCGGTCGTTTCCAT-1,3
TACCGTAGGTTAACTA-1,18
TACCGTGCCTCGGACC-1,11
TACCTACTCCCAGTAT-1,31
TACCTATCCCTAGAGG-1,18
TACCTCACGCTTGTAC-1,28
TACCTCAGTTGTCTGT-1,26
TACCTCCACACCAATG-1,4
TACCTCTTTACCATCC-1,29
TACCTGCTGCACTGTG-1,8
TACCTTAAGATTTCCC-1,4
TACGAACACGACTTCA-1,13
TACGACGCTTGCTGCG-1,25
TACGACTGCCTCTTAG-1,13
TACGAGAACTTCACGT-1,25
TACGATCCAAGCCACT-1,18
TACGATGTTGATCATC-1,21
TACGCAGTTCTTTCCT-1,10
TACGCCATATTCTAAT-1,13
TACGCCGAGGGTACCC-1,24
TACGCCGCCTCAGAAG-1,15
TACGCCTCCATTCCGA-1,3
TACGCTCCTAGAACTG-1,7
TACGCTCGGTATTGGA-1,3
TACGCTGCACGGTCGT-1,35
TACGCTGCTGTGTTAA-1,19
TACGGAAGCCAAACCA-1,1
TACGGCATGGACGCTA-1,25
TACGGGATGCTAGCAG-1,20
TACGGGTAATAACATA-1,26
TACGTAAAGCGGAGTG-1,1
TACGTACTAGTGCTGA-1,6
TACGTGCAAGGTTCCT-1,13
TACGTGCACTATGCTG-1,4
TACGTGGGCCCAGGGC-1,6
TACGTTTACCGGCAAT-1,9
TACTACGTGCAATGCG-1,15
TACTATGGTTCCTCAG-1,4
TACTCACAACGTAGTA-1,12
TACTCCTCTAGTTGAC-1,3
TACTCGGCACGCCGGG-1,7
TACTCGTTTGAATCAA-1,6
TACTCTCCGAACAAAT-1,3
TACTCTTACTTTACTG-1,20
TACTCTTTCGTCTTCA-1,14
TACTGAACAGATTTAG-1,12
TACTGAGGGAAGAAAG-1,1
TACTGCAATCAATTAC-1,29
TACTGCATGATTAAAT-1,28
TACTGGACAGCTCGGC-1,11
TACTGTTTCTCTGGTA-1,30
TACTTAAACATGTACA-1,11
TACTTGTTAGTAGTCC-1,8
TACTTTACTGAGCCGG-1,15
TACTTTCCGCACGCCA-1,32
TAGAAACACAATAGTG-1,1
TAGAAACCACTAAGTA-1,20
TAGAAAGGTGGCGCTA-1,12
TAGAAATTCACGTATA-1,23
TAGAACGCCAGTAACG-1,0
TAGAAGAAGGGTTACA-1,32
TAGAATAGCCGATGAA-1,10
TAGAATTAAGGGCAAC-1,7
TAGACGAAACGCCAAT-1,1
TAGACGCCCGTACCGG-1,9
TAGACTACCTAGCGTT-1,12
TAGACTCAGTTGGCCT-1,28
TAGAGCTACGAAGAAC-1,22
TAGAGGGAGTTTATCT-1,10
TAGAGGTTCTACTTGT-1,13
TAGAGTCTAAGCGAAC-1,26
TAGAGTGTTCCGGGTA-1,21
TAGATATGGACTGGAA-1,12
TAGATCCGAAGTCGCA-1,19
TAGATGGTTCCTTACT-1,11
TAGATTCAAAGTGCGG-1,22
TAGATTCCTGGTTATT-1,6
TAGATTCTCTAGCAAA-1,23
TAGCAGATACTTAGGG-1,21
TAGCAGTATGACTAAA-1,9
TAGCCAGAGGGTCCGG-1,12
TAGCCATTTCAAAGTC-1,25
TAGCCGGCGGTCAGCG-1,9
TAGCGTCCCTCGATTG-1,3
TAGCGTCCGGTGTGGT-1,4
TAGCGTCGAATATTGA-1,8
TAGCGTTGGGTCTTAC-1,4
TAGCTAAGTCCGGGAG-1,28
TAGCTAGAAGGCATGA-1,7
TAGCTAGTGATGATGG-1,21
TAGCTCAGATCCTAGT-1,19
TAGCTCGCCTGATAAC-1,5
TAGCTGATGTGAAGCG-1,27
TAGGAACAGCCTCCAG-1,2
TAGGAGGCTCGAGAAC-1,11
TAGGATCTTAACCGCA-1,2
TAGGCATGTTACGCCA-1,11
TAGGCCTATATAGTCT-1,4
TAGGCGATGAGGTCTC-1,32
TAGGCGGCTGCAAAGA-1,10
TAGGCTAAAGTGGCAC-1,25
TAGGGAGCTTGGGATG-1,0
TAGGGTGTTTCAAGAG-1,9
TAGGTCCAAGTAAGGA-1,4
TAGGTCGCCGGAACTG-1,10
TAGGTGACGATAACCT-1,12
TAGGTGAGCCCTACTC-1,0
TAGGTGCTCGCCTAGC-1,1
TAGGTGTTCCACAGAT-1,14
TAGGTTCGAGTTCGTC-1,8
TAGGTTCTGCTGAGAA-1,24
TAGTACCACAACTTTC-1,9
TAGTACCTTAGTGGTC-1,3
TAGTAGCTTATACCAG-1,15
TAGTAGTTGCCGGACA-1,13
TAGTCCCGGAGACCAC-1,26
TAGTCCGCAGAGAATG-1,10
TAGTCCGTATGCATAA-1,12
TAGTCCTGCACTAAGC-1,24
TAGTCGATCACGGGTT-1,25
TAGTCGGGATTCTTCG-1,0
TAGTCTAACAACGAGA-1,27
TAGTCTGCGGCACATT-1,3
TAGTCTGTGACGTTGC-1,15
TAGTCTTTCCGAATTG-1,0
TAGTGAGAAGTGGTTG-1,25
TAGTGCCCTCCAGAGT-1,21
TAGTGCTTGAATCCTT-1,23
TAGTGGAACTCATACA-1,29
TAGTGTCAGAAACGGC-1,4
TAGTTAAGATAGGATA-1,3
TAGTTTATTCTTGCTT-1,4
TATAAATCCACAAGCT-1,0
TATAAGTGAGGATAGC-1,33
TATACACAGACGCCTT-1,24
TATACACGCAAAGTAT-1,6
TATACCGAGTGCCACA-1,11
TATACGCGTCATCACT-1,9
TATACTCATGCGGCAA-1,19
TATAGAGTCGCTTGAA-1,15
TATAGATGGTCGCAGT-1,27
TATAGCGCACGTTATC-1,31
TATAGGGTACTCATGA-1,20
TATAGTTAGGTGTACT-1,13
TATATAGGGCTTTACG-1,16
TATATATCGAGAAATG-1,8
TATATCAAAGTGATCT-1,8
TATATCATTGATCAGT-1,7
TATATCCCTGGGAGGA-1,25
TATATGCTGGGTTGCC-1,22
TATATTACAAATGTCG-1,22
TATATTCGCGTCGATA-1,12
TATCAAAGGTCTGTAA-1,6
TATCACAGCACGGGCA-1,4
TATCACCATGTAAAGT-1,33
TATCACCCAACCGACC-1,21
TATCACTTCGAGTAAC-1,0
TATCAGTGGCGTAGTC-1,15
TATCCAATTGGTTATC-1,3
TATCCATATCATGCGA-1,3
TATCCATCTCGGTTAG-1,23
TATCCCTCGATCTGCA-1,13
TATCCGCACCGTCGGG-1,2
TATCCTATCAACTGGT-1,14
TATCCTGCATGGGAAT-1,15
TATCGATCTATGCATA-1,13
TATCGATGATTAAACG-1,5
TATCTACAGAGGTAAT-1,10
TATCTACCACAGCGGG-1,17
TATCTAGCCTAAAGGA-1,3
TATCTTGCAATACAAC-1,17
TATGAAGAATTAAGGT-1,1
TATGAAGACAGGTGCG-1,7
TATGACCTTGCGCTGG-1,5
TATGATAAATCTAACG-1,8
TATGATCCGGCACGCC-1,25
TATGATCTTCTCTTTA-1,23
TATGATTCTGCTTGGT-1,21
TATGCTCCCTACTTAC-1,0
TATGGAGTTTCTCGTT-1,14
TATGGATGTGCTACGC-1,34
TATGGCAGACTTTCGA-1,9
TATGGCCCGGCCTCGC-1,17
TATGGCTAGGCTAATT-1,33
TATGGGACCGAGCAGG-1,9
TATGGGTACGTATCGT-1,26
TATGGTCTGAGTAACA-1,10
TATGGTTAGTGGGAGA-1,21
TATGTAAAGTGCTTAA-1,10
TATGTCAAGACCGACT-1,4
TATGTCTCATTGTGCC-1,2
TATTAACACCAAAGCA-1,6
TATTAACCTGACCGCG-1,2
TATTACCATCCTGCTT-1,19
TATTATGTTTGCCTGC-1,5
TATTCAATTCTAATCC-1,9
TATTCCACTCAGCTCG-1,9
TATTCCGAGCTGTTAT-1,9
TATTCCGGCAGTCCTA-1,15
TATTCCTCCGCCCACT-1,13
TATTCGTGCCAGAATA-1,16
TATTGACATTTCTGCC-1,10
TATTGCCGGGCTTGTA-1,0
TATTTAGTCTAGATCG-1,22
TATTTATACCGAGTAG-1,4
TATTTGATTTGCACAG-1,31
TATTTGTTACCCTTTA-1,23
TCAAACAACCGCGTCG-1,14
TCAAACAATTAGGACA-1,27
TCAAACTTAGATTGTT-1,0
TCAAAGAGCTATCTGT-1,23
TCAAAGTCACGGCGTC-1,2
TCAAATTGTTGTGCCG-1,6
TCAAATTTGAGACTCA-1,9
TCAACAAAGATAATTC-1,18
TCAACACATTGGGTAA-1,26
TCAACATAGCGCCCTA-1,8
TCAACATCGACCGAGA-1,2
TCAACCATGTTCGGGC-1,27
TCAACGAGGAGACAAA-1,10
TCAACGCAGGAAATAA-1,12
TCAACTAACGTATAAC-1,0
TCAACTGCAGAGTCAG-1,13
TCAAGAAATACTAGCT-1,13
TCAAGCGCGGACGGTA-1,9
TCAAGCTGCCTTGAAA-1,0
TCAAGGTTACTACACC-1,11
TCAATACAATTGCTGC-1,16
TCAATACGCCGTCATG-1,10
TCAATCCCGCGCCAAA-1,23
TCAATCCGGGAAGTTT-1,27
TCACAAACCGAGGTAC-1,16
TCACAGATCCTCAAAC-1,3
TCACAGCAAACTCGAA-1,31
TCACAGGAGAATAAGA-1,14
TCACAGGGAATCGCAA-1,2
TCACAGGTTATTGGGC-1,9
TCACATCTTATCTGAT-1,12
TCACCCTCTTAAGATT-1,8
TCACCGCTCGGCACTC-1,7
TCACGATGTCCGTGGA-1,3
TCACGCATTGTAGATC-1,31
TCACGGCCCAAGAGAG-1,14
TCACGGTCATCGCACA-1,10
TCACGTGCCCGATTCA-1,1
TCACTACGACCAATGC-1,6
TCACTATCCCTTCGGT-1,0
TCACTATCGTGCAATC-1,14
TCACTCAGCGCATTAG-1,12
TCACTCGTGCAACGGC-1,2
TCACTCTTCGTCTGTC-1,28
TCAGAACCTCCACAGG-1,21
TCAGAACGGCGGTAAT-1,1
TCAGACGCTATAGAAG-1,11
TCAGAGGACGCGTTAG-1,32
TCAGAGTGTGAGCATG-1,10
TCAGATGGAGACGTAG-1,30
TCAGCAAATGCATCTC-1,15
TCAGCAGTAGGCCCTG-1,11
TCAGCCAATCCGTAAA-1,9
TCAGCGCACGCCGTTT-1,31
TCAGGGCGACTTCCTT-1,7
TCAGGGCGCAAACTCG-1,25
TCAGGGTGCACGAAAC-1,8
TCAGGGTGTAACGTAA-1,31
TCAGGTTCTTTGAGAA-1,21
TCAGTACTGACCCGCG-1,14
TCAGTAGGGACTATAA-1,19
TCAGTGTATACGTCAT-1,19
TCAGTTACGGAATGAT-1,2
TCATAAGTCCAAGAAG-1,3
TCATATGAGCTTTGTT-1,3
TCATCACTCGAGCTCG-1,8
TCATCCCAGAGGGTGG-1,12
TCATCCTCAGCTGCTT-1,20
TCATCGACGACCGTCG-1,10
TCATCGATGGTCCCAA-1,18
TCATGCAGGTTCTCAT-1,7
TCATGGAGGCCTTTGT-1,5
TCATTCGTATAATTTG-1,0
TCATTTAAGTCTCCGA-1,5
TCATTTAGAAGTGTGA-1,31
TCCAACTCAGCTATCT-1,15
TCCAACTTTAAATTCT-1,17
TCCAAGCCTAGACACA-1,1
TCCAATAAAGGCTACC-1,16
TCCACAATGGTTTACG-1,24
TCCACATCGTATATTG-1,14
TCCACCAAGACATAGG-1,30
TCCACCTCTAGCCTTT-1,10
TCCACTTTATCTAGGT-1,6
TCCAGAGCACCGGTTC-1,10
TCCAGATGTACGCCAA-1,11
TCCAGCGCTATAAGCG-1,9
TCCAGGCAGGACGATC-1,10
TCCAGGCGAGTACGGT-1,32
TCCAGGGTATATACGA-1,25
TCCATCAATACTAATC-1,33
TCCATTAGTTGGATAG-1,14
TCCATTCCCACTAGAG-1,3
TCCATTGTGACCTCGT-1,19
TCCCAAACAGACAACG-1,18
TCCCAAAGACGAAGGA-1,13
TCCCAAAGCCCTAAAT-1,25
TCCCAATATCGACGAC-1,17
TCCCACGGAGGGAGCT-1,7
TCCCACTCTCTTCCGG-1,13
TCCCAGCACACGACAT-1,5
TCCCAGCTTTAGTCTG-1,4
TCCCAGGCTTAGCTAA-1,17
TCCCGCCTATGTGCGT-1,25
TCCCGCGTACTCCTGG-1,24
TCCCGGGTGTGCTGCT-1,23
TCCCGGTCAGGAATTT-1,31
TCCCGTCAGTCCCGCA-1,8
TCCCGTCGCGTCATAG-1,21
TCCCGTGTGCAATTTG-1,27
TCCCTAGATCAATAGG-1,0
TCCCTCCGAAATCGTT-1,24
TCCCTCTTCTCAAGGG-1,33
TCCCTGGCGTATTAAC-1,6
TCCCTGGCTCGCTGGA-1,6
TCCCTTAGATTACTCG-1,7
TCCCTTGTCTGAAACT-1,2
TCCGAACGTTGCCGCT-1,30
TCCGAACTTGGCTTAC-1,29
TCCGAAGTAGTCACCA-1,12
TCCGAATGGTCCTGAG-1,6
TCCGACCGCTAATCAA-1,4
TCCGAGAAGGCTAAGC-1,14
TCCGATAATTGCCATA-1,0
TCCGATGACTGAGCTC-1,3
TCCGATGGTGCGACAT-1,24
TCCGATTACATTGCCG-1,10
TCCGCAGCCACCTAGC-1,34
TCCGCCTGTCTACAAG-1,27
TCCGCGGCAGCATCTG-1,22
TCCGCGGCCCAATGAA-1,15
TCCGCTGTCATCCCGG-1,10
TCCGCTTATCCCATTA-1,6
TCCGGAGGAAGGGCTG-1,20
TCCGGCCTAGCGTACA-1,0
TCCGGCCTGCATCGAT-1,12
TCCGGCTGTCGGGTCG-1,20
TCCGGGCCACTAACGG-1,17
TCCGGGCTTGACGGGA-1,9
TCCGGTTCGTCCGGTC-1,24
TCCGTAACCACAATCC-1,22
TCCGTTAAGCTAATAT-1,18
TCCGTTTAGCCTTGAA-1,0
TCCTAAAGATTCAGAC-1,3
TCCTAAATTGGGAAGC-1,15
TCCTAACCGTCGGGCA-1,4
TCCTACATCCACGGCC-1,14
TCCTAGCAAAGAAGCT-1,6
TCCTATCATAGGTAAC-1,30
TCCTCCTAAGACATTC-1,25
TCCTCGGGCTGGGCTT-1,14
TCCTCTACGAGATGGC-1,0
TCCTCTCCAGTTGTCC-1,4
TCCTCTGGCCCATTAG-1,2
TCCTGCAGCCGCCAAT-1,10
TCCTGCCAACTGGAGA-1,12
TCCTGCGTTGATACTC-1,0
TCCTGGCGCTGCCTGG-1,8
TCCTTACGACGGTCCG-1,1
TCCTTCAATCCCTACG-1,10
TCCTTCAGTGGTCGAA-1,8
TCCTTGTCCTTTAATT-1,16
TCCTTTAAATCCGCTT-1,22
TCCTTTCTTACGCTTA-1,6
TCGAAATTTAGGACCA-1,32
TCGAAGAACCGAGCAC-1,23
TCGAATATCCCGCAGG-1,8
TCGAATCGCAGGGTAG-1,18
TCGACAACTGAACCCG-1,0
TCGACATAGCGTAGCG-1,18
TCGAGACCAACACCGT-1,10
TCGAGCCAGGCAGGCC-1,3
TCGAGGGCAACAGACG-1,29
TCGAGTCTACGATTCG-1,14
TCGATAGGCTAGTCGC-1,21
TCGATTTACGAAACGA-1,21
TCGCAAAGATGCATTT-1,8
TCGCACCAGGAGGCAG-1,9
TCGCACTAACGTTTGT-1,1
TCGCATAAAGGGCGCA-1,3
TCGCATCCCTAAGTGT-1,7
TCGCATTCAATGACTT-1,4
TCGCCCAACTGACTCC-1,5
TCGCCCACTGCGAGAG-1,3
TCGCCGAAGTTGCGTC-1,7
TCGCCGACATATTCGC-1,13
TCGCCGCACCGCGTGA-1,30
TCGCCGGAGAGTCTTA-1,16
TCGCCGGATGGGCAAG-1,4
TCGCCGGTCGATCCGT-1,19
TCGCCTCCTTCGGCTC-1,17
TCGCCTCGACCTGTTG-1,20
TCGCGTAGCAGTGTCC-1,2
TCGCGTCCAGAAGGTC-1,3
TCGCTAAACCGCTATC-1,12
TCGCTACTGGCTTTGA-1,10
TCGCTCGATATATTCC-1,19
TCGCTCGGCACCAGCG-1,6
TCGCTGCCAATGCTGT-1,6
TCGCTGGGCGGATTGT-1,2
TCGCTGTGCGTAAATC-1,33
TCGCTTAATTACGAAG-1,23
TCGCTTTAAACGTTTG-1,30
TCGGAATGACCATCAA-1,12
TCGGAATGCGCTCTGA-1,15
TCGGACGCCCAGCCCA-1,12
TCGGAGAGTATCGGGA-1,13
TCGGAGTACATGAGTA-1,14
TCGGCAGGGTTAAGGG-1,28
TCGGCGAACCCAAACC-1,24
TCGGCGGTATTAGATT-1,26
TCGGCGTACTGCACAA-1,23
TCGGCTAACTTCCCTT-1,7
TCGGCTTGTATCGACG-1,1
TCGGGAACGTGCCTAG-1,14
TCGGGAGACAGCGTAC-1,16
TCGGGATTCAAACATA-1,11
TCGGGCACTTCTGGAT-1,13
TCGGGCCGTCGTGGTA-1,0
TCGGGTGAAACTGCTA-1,4
TCGGTCCCGACAATAG-1,14
TCGGTCCCTGACTCCA-1,2
TCGGTGACCGCTCCGG-1,8
TCGGTTAGCCATGTAG-1,26
TCGTAACTCCCAAGAC-1,21
TCGTAAGACGACATTG-1,15
TCGTAAGCTCCGAGGA-1,13
TCGTACCGACGTCAAG-1,10
TCGTATAGTGCAATTA-1,20
TCGTATCACCAAGCTA-1,7
TCGTATTACCCATTGC-1,26
TCGTATTTCGTCCGGA-1,18
TCGTCAAGTACGCGCA-1,29
TCGTCACACTGTTAGC-1,16
TCGTCCGCTGGCGTCT-1,5
TCGTCCGGGTACACTC-1,5
TCGTCTTAGGCGTTAA-1,20
TCGTGTACTATGGATG-1,4
TCGTGTATTGGTCACG-1,11
TCGTGTCACGCTGACA-1,8
TCGTGTTCGACCACAA-1,21
TCGTTAGGAGTCCCTA-1,2
TCGTTCGTTATTATGT-1,20
TCGTTGACAGGGTCCC-1,22
TCGTTGCTATCCGGTC-1,15
TCGTTGGCTCGTCAAT-1,10
TCGTTTACGCGACCCT-1,26
TCTAAAGAACAGTCTC-1,2
TCTAACCTAGCCTGCG-1,32
TCTAACTGTATGTAAA-1,16
TCTAATACTGCCTCAG-1,3
TCTACACGTTCATGCA-1,5
TCTACCCAATAGAGAG-1,31
TCTACCCGCATCATTT-1,27
TCTACCGTCCACAAGC-1,27
TCTACGGGCTCAGTTG-1,14
TCTAGCAATCTCCGCC-1,9
TCTAGCATCTTCGATG-1,23
TCTAGCATGCCCAGAA-1,10
TCTAGGTGGCGACGCT-1,14
TCTAGTGATATCGTGG-1,5
TCTAGTTATCAGAAGA-1,3
TCTATAGGTGGGTAAT-1,29
TCTATCATGCAGTTAC-1,27
TCTATCCGATTGCACA-1,24
TCTATCGGTCGCAACA-1,8
TCTATGCTATAACGAC-1,7
TCTATTACGCTGGCGA-1,11
TCTATTACTAGAGGAT-1,18
TCTCAAATCAATCGGG-1,11
TCTCATGAGATAGGGT-1,7
TCTCCAACGTAGGTTA-1,12
TCTCCACAAGTTGAAT-1,11
TCTCCCTGGGCAGCGT-1,16
TCTCGAACGAGGTCAC-1,12
TCTCGACGTATCGCCG-1,23
TCTCGAGGAGGTTCGC-1,17
TCTCGGCTCCAGGACT-1,28
TCTCGTGTTACGAGGA-1,6
TCTCTAATAGCTGGTA-1,32
TCTCTCGCCGCACATA-1,0
TCTCTTACCGCGAACC-1,4
TCTGAACCGGTCGGCT-1,33
TCTGAACTCGTACCCG-1,25
TCTGAAGCACGTGGTC-1,31
TCTGAATTCCGTACAA-1,18
TCTGACGGGCTAACCC-1,30
TCTGACTGTAATGGTT-1,7
TCTGAGCAATTGACTG-1,11
TCTGATCGGGTGCTAG-1,24
TCTGATGTATTCTGTC-1,10
TCTGATTGGAAATGGA-1,26
TCTGCACCATTAGTAA-1,29
TCTGCAGATTCGAGTC-1,22
TCTGCATACCTTGCTT-1,27
TCTGCCAGAAACTGCA-1,19
TCTGCGAATCGTTCGC-1,1
TCTGCGTCCGGTTTCT-1,14
TCTGCTTAGAACAAGC-1,2
TCTGGAGCGTAAGAGT-1,3
TCTGGCCGTTCAAGTT-1,32
TCTGGCGCAAGCCGGG-1,12
TCTGGGAACCTTTGAA-1,21
TCTGGGTAGCGCTCAT-1,2
TCTGTCATACAAGAGC-1,3
TCTGTGACTGACCGTT-1,24
TCTGTGATGGAGGTTG-1,23
TCTGTGCCATCATAGT-1,0
TCTGTGGCTACATTTC-1,0
TCTGTTACCCAGCATA-1,21
TCTTAACTCGGATGTA-1,4
TCTTACAGAGGTACCG-1,19
TCTTACCGGAACTCGT-1,14
TCTTACGGCATCCGAC-1,16
TCTTACTTATGCCTCT-1,25
TCTTAGAGCTCCAATT-1,32
TCTTAGAGTGAACTCT-1,27
TCTTATGGGTAGTACC-1,20
TCTTCCCATGGGCACA-1,26
TCTTCGAATAGACGTT-1,0
TCTTCGATACCAATAA-1,14
TCTTCGCGGTGAGAGG-1,10
TCTTCTATAACCCGCC-1,19
TCTTGATGCGTAGCGA-1,3
TCTTGCTCCCGATACT-1,17
TCTTGGTAACACCAAA-1,6
TCTTTAAGACTATGAA-1,20
TCTTTAGAGTCTAACA-1,31
TCTTTAGCAGGCGAAC-1,6
TCTTTCCTTCGAGATA-1,29
TCTTTCGGCGGGACAC-1,7
TCTTTCTCTTAAGGAG-1,9
TGAAACCTCAACTCAC-1,14
TGAAACTTATGCAAGC-1,27
TGAAAGGACCTGACTC-1,6
TGAACAAGCAGGGACT-1,12
TGAACACCCGAAGCAG-1,7
TGAACTGCTATGACTT-1,29
TGAAGAGCGGTCCTAG-1,3
TGAAGTAGCTTACGGA-1,22
TGAATACCGACGCGTA-1,0
TGAATATGCTATAAAC-1,1
TGAATGAGATACAGCA-1,26
TGAATGAGTGTTTCCC-1,31
TGAATGTCAGCCGGCC-1,3
TGAATTTCACTTGCCT-1,13
TGACAACGCATGTCGC-1,32
TGACACTTCTCTTTGC-1,4
TGACAGGACAAGTCCA-1,6
TGACATATATGACGAT-1,20
TGACATGTAACGTGAC-1,1
TGACCAAATCTTAAAC-1,15
TGACCAGCTTCAAAGT-1,19
TGACCCAACTCACATT-1,17
TGACCCACGTTAGACA-1,1
TGACCCAGCATTCCCG-1,3
TGACGAATATTTCCCT-1,28
TGACGATGCACTAGAA-1,0
TGACTATAATCCTTTC-1,34
TGACTCCGAATCATAC-1,2
TGACTCTAACTGGTAA-1,28
TGAGAATGCTTTACCG-1,31
TGAGACGTACCTCTCA-1,15
TGAGAGATTTACCACG-1,0
TGAGATCAAATACTCA-1,14
TGAGATTAGGCCCTAA-1,2
TGAGCAGTCGTGAAGT-1,31
TGAGCCATACAGTCTC-1,15
TGAGCGGAAAGTGTTC-1,0
TGAGCTCAACTGTATA-1,19
TGAGCTTTAATGACGC-1,29
TGAGGAGTGCCAGCTT-1,13
TGAGGCATGTACTGTG-1,9
TGAGGTGTGTGGCGGA-1,24
TGAGGTTGATCCCAAG-1,26
TGAGTAAATTAGCGTA-1,3
TGAGTGCCTCTTAAAT-1,1
TGAGTGGTCCGTGACG-1,13
TGAGTGTAACAACGGG-1,26
TGAGTTAAAGACATTC-1,2
TGATACATTTAGCCGT-1,5
TGATAGCGGGATTCTA-1,22
TGATCACCACACTGAC-1,0
TGATCAGGGAACTGCT-1,20
TGATCCCAGCATTAGT-1,10
TGATCGGTTTGACCCT-1,0
TGATCTACGCTGATCT-1,7
TGATCTATCACACTCT-1,6
TGATCTCCGGCGCCAG-1,23
TGATGCTCACGTAGTC-1,3
TGATGGCTGTTTCTGA-1,29
TGATGGGACTAAGTCA-1,29
TGATGTCAATTAAGTG-1,4
TGATTATGGCACGCAG-1,3
TGATTCAGGTCCCGCG-1,19
TGATTCCCGGTTACCT-1,2
TGATTCGTCTATCACT-1,3
TGATTCTGTCGCCGGT-1,16
TGATTTATTAGCTGTG-1,16
TGATTTCCTCCTGACG-1,1
TGCAAACCCACATCAA-1,19
TGCAAACGTACTAGTT-1,1
TGCAAAGTTCGTCTGT-1,16
TGCAACCCATCTGCGG-1,17
TGCAACTACTGGTTGA-1,3
TGCAAGAATGACGTAA-1,13
TGCAATCTAACACGGT-1,22
TGCAATTTGGGCACGG-1,12
TGCACAGTGAAGTTAT-1,13
TGCACGAGTCGGCAGC-1,4
TGCACTATGTGAGTGC-1,4
TGCAGAACTATATCGT-1,26
TGCAGAGTACCGAGCA-1,0
TGCAGATCGTCCTAGG-1,25
TGCAGCTACGTACTTC-1,22
TGCAGGATCGGCAAAG-1,32
TGCAGTGAGGCTCGGG-1,33
TGCAGTGGTAGGGAAC-1,11
TGCAGTTTCCTCCCAT-1,13
TGCATATGTCTGTCAC-1,14
TGCATCTCCGGATCTT-1,1
TGCATGAGTAGATTCG-1,18
TGCATGGATCGGATCT-1,4
TGCATGGCAGTCTTGC-1,1
TGCATGTGACCCATAG-1,7
TGCATGTGGTAATCTA-1,16
TGCCAAAGTCAGACTT-1,27
TGCCAATGGGTACTCT-1,2
TGCCACACTAGAGGAA-1,31
TGCCACCTGGCGAAAC-1,0
TGCCAGTACGTGGAGA-1,1
TGCCATGGCTTATAAG-1,29
TGCCATTACTAAAGAA-1,20
TGCCCGATAGTTAGAA-1,10
TGCCCGTACCGTTAAA-1,1
TGCCGAAAGCGTATTC-1,25
TGCCGATGTCATCAAT-1,8
TGCCGGATGTACGAGC-1,20
TGCCGTGGATCGTCCT-1,1
TGCCGTGGGACCCAAT-1,24
TGCCTAAATTTAATAG-1,31
TGCCTAATTGAAGATT-1,5
TGCCTGACATCGGTCA-1,12
TGCCTGATCAAACGAT-1,4
TGCCTTGCCCTTACGG-1,20
TGCCTTGGCCAGGCAA-1,15
TGCGAATATGGGATTT-1,9
TGCGACACCCTAGTGC-1,14
TGCGACGGCCGAACGT-1,7
TGCGAGAAACGTTACG-1,20
TGCGAGAATATTACCC-1,2
TGCGAGATGGCGGCCA-1,4
TGCGAGCCCTTCCGCG-1,30
TGCGATGCTAATGGCT-1,4
TGCGCAAAGCATTTGG-1,26
TGCGCCGTTAATAACG-1,24
TGCGCGATTAACGGAG-1,28
TGCGGACTTGACTCCG-1,21
TGCGGAGTAAAGGTGC-1,21
TGCGGCATAGTTCAAC-1,1
TGCGGGTATTGGGATC-1,28
TGCGGTCTACGAGTAA-1,26
TGCGGTGAAATTTCAT-1,8
TGCGTAAGAACCTGAT-1,1
TGCGTACGGCTAATTG-1,26
TGCGTCATGACTGAGC-1,2
TGCGTGATTGGGTGTC-1,19
TGCGTTTGTTGACACT-1,20
TGCTAAGTGTCTATTT-1,16
TGCTATACAAACGGAC-1,23
TGCTATGGCAAAGGGA-1,25
TGCTCACACAACAACC-1,18
TGCTCCACAGTTCTTA-1,0
TGCTCGGCGAAACCCA-1,3
TGCTCGGTGGGTCACC-1,5
TGCTCTGCCGGTTCAC-1,14
TGCTCTTGAGAGTTTG-1,10
TGCTGCGTCAGAGTTA-1,5
TGCTGGTTGGACAATT-1,30
TGCTGTTGAAGAACTC-1,28
TGCTTAGAGAGAATGC-1,9
TGCTTCCCAAGCAGTA-1,17
TGCTTGAAACCATGCA-1,18
TGGAAACGGAGTGAAC-1,9
TGGAACCACTGACACA-1,20
TGGAAGAAGGGAACGT-1,6
TGGAAGACGAACACCA-1,4
TGGAAGGATAAAGATG-1,13
TGGAATATCCTTGACC-1,1
TGGAATTAGACGCTTT-1,0
TGGACACCGTTGCTTG-1,12
TGGACCAATCTAAGAT-1,12
TGGACCACGGCGTTGA-1,1
TGGACGCAATCCAGCC-1,9
TGGACGTAGGCGAATC-1,29
TGGACTGTTCGCTCAA-1,16
TGGAGAATAATCGTCC-1,26
TGGAGCTAAAGTTCCC-1,5
TGGAGGGAAACACCTC-1,5
TGGAGTGATGCGATGA-1,15
TGGATAGAGTAACAGA-1,4
TGGATGGCATCTTGGA-1,20
TGGCAAACTAAATTAC-1,8
TGGCAACTCGCGCGCC-1,14
TGGCAAGCACAAGTCG-1,17
TGGCAATGGGACGGCG-1,25
TGGCACGAGCTCGAGT-1,5
TGGCAGATTACGATCA-1,12
TGGCAGCAGTAATAGT-1,17
TGGCATGAAGTTTGGG-1,33
TGGCCAAACTGAAGTA-1,16
TGGCCAATTTGGTACT-1,19
TGGCCGTATATTGACC-1,24
TGGCGACTGCTCCAAA-1,3
TGGCGATCAAGTTATG-1,17
TGGCGGTGTGCGATTG-1,3
TGGCTACACTCTACCT-1,25
TGGCTATGTGACATAC-1,3
TGGCTCTTGTCGCGTA-1,24
TGGCTTATGTATAATG-1,9
TGGCTTGTACAAGCTT-1,1
TGGCTTTGGGTAGACA-1,21
TGGGACCATTGGGAGT-1,8
TGGGATGCACTCATTC-1,22
TGGGCAATAGTTGGGT-1,23
TGGGCACAAACAGAAC-1,5
TGGGCACGTTCTATGG-1,7
TGGGCAGGCCACCGCA-1,11
TGGGCCACAAGAGCGC-1,6
TGGGCCCATACTAATT-1,0
TGGGCCTTGCCTGCAT-1,19
TGGGCGATACAATAAG-1,1
TGGGTAAGGTTCCCGC-1,12
TGGGTGCACAAGCCAT-1,24
TGGGTGGGATGTCATT-1,14
TGGGTGTAATAGATTT-1,2
TGGGTGTTAAGTAGAA-1,11
TGGGTTCCCGGACGGA-1,4
TGGGTTTCGGGCGTAC-1,2
TGGTAAGCAGGATTGA-1,27
TGGTACCGGCACAGCC-1,20
TGGTAGAATATATGGG-1,3
TGGTATCGCATCCCAA-1,12
TGGTATCGGTCTGTAT-1,18
TGGTCCCACGCTACGG-1,13
TGGTCGATATACCTCT-1,22
TGGTCGTGCAAGGCAA-1,15
TGGTCGTTTGATAGAT-1,13
TGGTCTAGCTTACATG-1,19
TGGTCTGTTGGGCGTA-1,12
TGGTGATCGTATTTGT-1,22
TGGTGCCCTGCCTTAC-1,16
TGGTGTGACAGACGAT-1,2
TGGTTAACTTACATTT-1,13
TGGTTAAGGGCGCTGG-1,3
TGGTTATGCTTGCGGT-1,12
TGGTTCAACGGGTAAT-1,8
TGGTTCGTAGCAAAGG-1,19
TGGTTGGAGGATCCTG-1,19
TGGTTTAAACGTGGGT-1,33
TGTAACTTGTCAACCT-1,1
TGTAATGACCACAATA-1,3
TGTAATGCCTTCGGAC-1,1
TGTACCTACACGAGGG-1,11
TGTACGAACAAATCCG-1,1
TGTACGCTATCAGCTT-1,5
TGTACTACTCTCACGG-1,25
TGTACTATCGCTCGTT-1,17
TGTACTGTGCCAAAGT-1,9
TGTAGCCAATTCCGTT-1,0
TGTAGCCATCCCATTC-1,0
TGTAGGAGAAATTTCC-1,3
TGTAGTGATCTATAAT-1,6
TGTATAACAGATCCTG-1,19
TGTATACGGATGATGA-1,6
TGTATCAGACTGAAGC-1,11
TGTATCCTTATTCCAT-1,4
TGTATGGCGCAGACAG-1,21
TGTATTTACCTAATGC-1,6
TGTCATTTGTTGGGAA-1,20
TGTCCACGGCTCAACT-1,11
TGTCCCGACATAGCAC-1,8
TGTCCGCAAACAATTC-1,25
TGTCCGTGGCGCCTTT-1,12
TGTCCTAAGTCACCGC-1,20
TGTCGGCATGGTGGAA-1,14
TGTCGTGGGTATAGGC-1,0
TGTCGTTATCACATAT-1,23
TGTCTACAGTTTCTGT-1,10
TGTGACTACGCCAGTC-1,19
TGTGACTAGAGTTTGC-1,11
TGTGAGACTAGCCCAA-1,14
TGTGATTCCAGCGCTT-1,12
TGTGCCAGAGGCAAAG-1,21
TGTGCCGGTGCCGGAA-1,3
TGTGCTTTACGTAAGA-1,5
TGTGGACTATCTACGT-1,26
TGTGGAGGAAGCTTAA-1,0
TGTGGCAAAGCGTATG-1,8
TGTGGCGGGCTTCTGG-1,10
TGTGGCTCCCACCAAC-1,5
TGTGGTAGGGTGCCTT-1,17
TGTGGTTGCTAAAGCT-1,9
TGTGTAGTAGCACGTG-1,26
TGTGTCGCGAGTTGCA-1,16
TGTGTGACCATGAATC-1,9
TGTGTTCGTATCCAAG-1,6
TGTTAACAAAGTGACT-1,2
TGTTATTGTATGTGGC-1,0
TGTTCATAAATGTGCT-1,6
TGTTCCGCTTCCATGA-1,11
TGTTCCGGCCTGAGCT-1,2
TGTTCGTATTGCGGTG-1,2
TGTTCTCATACTATAG-1,5
TGTTCTCTACTCCCTA-1,7
TGTTCTTCCATTGACT-1,17
TGTTGATCACTGTTTA-1,30
TGTTGCCGTCGTCCCA-1,29
TGTTGGCTGGCGGAAG-1,26
TGTTGTCAAGAAGTCT-1,3
TGTTTAATACTTCATC-1,22
TGTTTCGGTACTTCTC-1,13
TGTTTGAGATCGTCAG-1,0
TTAAACAGAGTCCCGC-1,10
TTAAACCGGTAGCGAC-1,15
TTAAACCTGGTTCCTT-1,22
TTAAACTCGAATTCAT-1,14
TTAAAGGCGATGCTCG-1,6
TTAAAGTAAGTCGCCA-1,30
TTAACCAACCCTCCCT-1,0
TTAACGAACAAGCAGT-1,20
TTAACGTCGCAAGACC-1,15
TTAACGTTAAAGCCTG-1,22
TTAACTCACGCGTGGA-1,7
TTAACTTCAGGTAGGA-1,2
TTAAGACGAACGAACC-1,8
TTAAGATAGGATTGAC-1,32
TTAAGCCGACAACTTC-1,1
TTAAGCGCCTGACCCA-1,30
TTAAGGATACGGAGGT-1,12
TTAAGGCCCGTACTTT-1,9
TTAAGTATTGTTATCC-1,11
TTAATCAGTACGTCAG-1,17
TTAATGCGAGGTAACT-1,3
TTAATGTAGACCAGGT-1,10
TTAATGTGTTTGCAGG-1,1
TTAATTGCTTTGGGTG-1,22
TTAATTTCAGACGCGG-1,12
TTACAACTACGCATCC-1,6
TTACACGATCTGCGAC-1,13
TTACAGACCTAAATGA-1,16
TTACATCGTGGCCTGG-1,8
TTACATGCCACAACTA-1,30
TTACCATTGATTACCC-1,6
TTACCCATTGCCGGGT-1,3
TTACCCTAGGGATTGG-1,10
TTACCGCCTTAGGGAA-1,9
TTACGGATGGTTCGAG-1,1
TTACGGTGTCACCGAG-1,11
TTACGTAGCGCGTGCT-1,22
TTACGTATCTATGACA-1,33
TTACTAAAGGACTTTA-1,25
TTACTATCGGCTTCTC-1,22
TTACTCCGGCCGGGAA-1,16
TTACTGGGATATTTCA-1,0
TTACTGTCTAGAGCTC-1,24
TTACTGTTTCTCTACG-1,8
TTAGAAGAACATGACT-1,6
TTAGAATAAGGGTCGG-1,24
TTAGACACGATCGTTG-1,13
TTAGACGAGTCACCTC-1,31
TTAGAGGGATATACAG-1,25
TTAGAGTTTAGAAGGA-1,7
TTAGATAGGTCGATAC-1,30
TTAGCAACATGGATGT-1,14
TTAGCGAATAGATAGG-1,5
TTAGCTAATACGATCT-1,29
TTAGCTCTGTAATCCG-1,6
TTAGCTGATTTGCCGT-1,21
TTAGGATGGGAGGGTA-1,32
TTAGGTCATAACCGAC-1,0
TTAGGTGTGACTGGTC-1,15
TTAGTAAACCTGCTCT-1,18
TTAGTAGGGCGGCGGG-1,24
TTAGTTATTCGTGGCA-1,17
TTAGTTCAAGTGTTCG-1,18
TTATAGATGCACATTA-1,22
TTATAGGTAATTGTCT-1,16
TTATAGTCCAAGGTGC-1,0
TTATATACGCTGTCAC-1,12
TTATATTTGGCAATCC-1,24
TTATCATACTCGCAAA-1,15
TTATCCAATCGAACTC-1,16
TTATCCGGGATCTATA-1,9
TTATCCTCAAGGAATA-1,26
TTATCGCCTGCGAAGC-1,5
TTATCTGACATTAGGA-1,3
TTATCTGTATCATAAC-1,8
TTATGAATGAAAGGGA-1,19
TTATGACAAACTGGAT-1,5
TTATGATCTTAACGAA-1,24
TTATGCGTCCCGGTCC-1,19
TTATGTTTGCGATAGA-1,2
TTATTAGAGCGTGTTC-1,19
TTATTAGGGAAGCATC-1,14
TTATTATCTGGAAGGC-1,1
TTATTTAGGTTCCTTA-1,11
TTATTTCATCCCAAAC-1,23
TTCAAAGTCTCTAGCC-1,7
TTCAACGACCCGACCG-1,17
TTCAAGCCGAGCTGAG-1,18
TTCAATACTCTGAATC-1,14
TTCAATTAGCCATAAT-1,10
TTCACGAAAGGATCAC-1,19
TTCACGGTCGTCACGT-1,2
TTCACTCGAGCACCTA-1,20
TTCACTTCCTAGAACG-1,9
TTCAGAGTAACCTGAC-1,21
TTCAGCCCTGGTCCAC-1,27
TTCAGCTGGCGTGCCC-1,10
TTCAGGCGTCAAAGCC-1,2
TTCAGTTCAAGAGGAG-1,26
TTCAGTTTGTGGCAGC-1,8
TTCATAGCCTTGTAAC-1,19
TTCATAGGGTGTCCAT-1,10
TTCATGGCGCAACAGG-1,28
TTCCAATCAGAGCTAG-1,19
TTCCAATCTGGCTATC-1,24
TTCCACACAGATTTGA-1,24
TTCCACATTTCTCGTC-1,7
TTCCAGACGAGATTTA-1,10
TTCCAGTGGGTTTCGT-1,27
TTCCATCATGCGGTGA-1,35
TTCCATCGACAGCGTG-1,24
TTCCCAAAGTACTGAT-1,11
TTCCCGACGCTTCACT-1,3
TTCCCGGCGCCAATAG-1,0
TTCCGCAGAGAAATAT-1,29
TTCCGCGTGAGGCGAT-1,21
TTCCGGCCTTGAGGCT-1,16
TTCCGGCTCGACTTCT-1,10
TTCCGGTATCTGTGTC-1,32
TTCCGGTTACCCACTT-1,18
TTCCTCGAGGGTGTCT-1,5
TTCCTCGGACTAACCA-1,14
TTCCTCTGCCCGAATA-1,6
TTCCTTTCTGTGTTGC-1,0
TTCGAACGAAACATGC-1,29
TTCGACAGAGCCCGTG-1,11
TTCGACGGGAAGGGCG-1,2
TTCGAGCCGGCGCTAC-1,28
TTCGCACTCGCGTGCT-1,33
TTCGCACTGTACGACA-1,24
TTCGCATCCGGAAGCA-1,20
TTCGCCGCTCGCGCTA-1,27
TTCGCGCGCCATACGA-1,21
TTCGCTAGGAAGTTGT-1,5
TTCGCTATCTGACGTG-1,7
TTCGGACTGATGCCTT-1,22
TTCGGCAACCCGCTGA-1,7
TTCGGCTAGAGATGGT-1,6
TTCGGGACTAATCGCG-1,16
TTCGGGCGCTAGTCTT-1,5
TTCGGGTTGCCACGGG-1,26
TTCGGTACTGTAGAGG-1,15
TTCGGTGGAGACGCCC-1,0
TTCGTAATCCCAGCGG-1,7
TTCGTACTCCAGAACG-1,5
TTCGTGCATGTTATAG-1,1
TTCGTGGGCTGGAAGC-1,21
TTCGTTCAACGAAGTT-1,18
TTCTAACCGAAGCTTA-1,7
TTCTACCTCAATCGGT-1,28
TTCTACCTTTATGTTG-1,3
TTCTACTTGCGAGGGC-1,16
TTCTAGAAAGTCTTAT-1,1
TTCTAGGCCAATTGTG-1,0
TTCTATTAAACGCAGC-1,13
TTCTCAATTGCTACAA-1,8
TTCTGACCGGGCTCAA-1,12
TTCTGCCGCGCCTAGA-1,14
TTCTGCGAGCGCCCTT-1,18
TTCTGCGGGTTAGCGG-1,1
TTCTGCTAGACTCCAA-1,14
TTCTGTTTCCTGTCGC-1,29
TTCTTAGTGAACGGTG-1,2
TTCTTAGTGGCTCAGA-1,5
TTCTTATCCGCTGGGT-1,20
TTCTTCCCTTTGATAT-1,11
TTCTTCGCAATAGAGC-1,28
TTCTTGAGCCGCGCTA-1,12
TTCTTGCTAGCATCTC-1,6
TTCTTGGACGATCTGC-1,12
TTCTTGGAGTAATGAG-1,29
TTCTTGTAACCTAATG-1,27
TTCTTGTGTCCATCAG-1,22
TTCTTTGGTCGCGACG-1,20
TTGAAACCCTCATTCC-1,27
TTGAAAGGTGTAAAGG-1,0
TTGAACGAATCCTTTG-1,16
TTGAACGACGTGCTGA-1,23
TTGAAGAATTCCCAGG-1,12
TTGAAGGATGGGCGCC-1,17
TTGAATATGGACTTTC-1,26
TTGAATCGTTGTATAA-1,19
TTGAATTCACGTGAGG-1,21
TTGACAGGAGCTCCCG-1,17
TTGACATGAACGTGGA-1,7
TTGACCAGGAACAACT-1,6
TTGACCATGTTCTCCG-1,3
TTGACCGTGTTAATGA-1,11
TTGACGATTCAGCACG-1,22
TTGACGCTCCATGAGC-1,5
TTGACTACCATATGGT-1,14
TTGACTATTGTCCGGC-1,2
TTGAGAAGTTTAGCAT-1,31
TTGAGAGTACTGCTAA-1,21
TTGAGCAGCCCACGGT-1,17
TTGAGCGCCACGTGAT-1,17
TTGAGGCATTTAACTC-1,22
TTGAGGGTCGAACGCG-1,17
TTGAGTCCCGCTGCTG-1,17
TTGATAGTCAATACAT-1,33
TTGATCTAACTTTGTC-1,30
TTGATGCCGCTCGTCG-1,8
TTGATGTGTAGTCCCG-1,28
TTGATTAGCTGTTTCT-1,19
TTGATTATGCAGATGA-1,5
TTGCAAGAAGACTCCT-1,21
TTGCACAATTCAGAAA-1,16
TTGCACGGAGCAGCAC-1,29
TTGCAGGTCATGAAGT-1,13
TTGCATGCTGATCACG-1,5
TTGCCAAGCAGAACCC-1,2
TTGCCATAGCCCGCTC-1,0
TTGCCCTGATCACGGG-1,20
TTGCCGCAGACCTACA-1,25
TTGCCGCTTTCTAGTA-1,13
TTGCCGGTGATCCCTC-1,19
TTGCCTAATCCAAAGT-1,25
TTGCCTTCTCGCCGGG-1,19
TTGCGCACAACCACGT-1,33
TTGCGCTCTCTCGCTT-1,3
TTGCGCTTGATCAATA-1,10
TTGCGGAAAGCTGCCC-1,1
TTGCGGCATCAGAAAG-1,22
TTGCGGCGACTCATGC-1,0
TTGCGTAGTTTGAGGA-1,27
TTGCGTCGGCCAACCG-1,0
TTGCGTGAACGCTTAG-1,3
TTGCGTGTGTAGGCAT-1,9
TTGCTAGCTACCAATC-1,24
TTGCTCATAGTACGTG-1,32
TTGCTCCCATACCGGA-1,4
TTGCTGAAGGAACCAC-1,28
TTGCTGATCATGTTCG-1,9
TTGCTGCACCTATCCA-1,12
TTGCTGGCCGGGCTTC-1,3
TTGGAAGAATACAGTC-1,11
TTGGACATGTGGCTTA-1,18
TTGGACCATCTGGCAA-1,25
TTGGACCTATAACAGT-1,20
TTGGAGTCTCCCTTCT-1,9
TTGGATATCGTCTACG-1,32
TTGGATCGACTTCTGG-1,15
TTGGATTGGGTACCAC-1,16
TTGGCCAAATTGTATC-1,31
TTGGCCATCTTGCGCT-1,1
TTGGCCTAGAATTTCG-1,29
TTGGCGATCCGAATAT-1,17
TTGGCTCAATATGTGT-1,5
TTGGCTCGCATGAGAC-1,2
TTGGGAAGACGAGCCG-1,8
TTGGGACACTGCCCGC-1,10
TTGGGACGTAAGAGTT-1,20
TTGGGCGGCGGTTGCC-1,8
TTGGGTTTATTCAGCG-1,3
TTGGTATGGCTTGTGT-1,10
TTGGTCACACTCGTAA-1,24
TTGGTGCGGTGTTGAA-1,27
TTGGTTCGCTCAAAGG-1,12
TTGGTTGCGGTGCGCG-1,3
TTGTAACTTCATAGCG-1,0
TTGTAAGGACCTAAGT-1,6
TTGTAAGGCCAGTTGG-1,0
TTGTAATCCGTACTCG-1,0
TTGTACACCTCGAACA-1,27
TTGTATCACACAGAAT-1,22
TTGTCACCGCGGTATC-1,1
TTGTCGTTCAGTTACC-1,23
TTGTCTCGGCAAGATG-1,14
TTGTGAACCTAATCCG-1,18
TTGTGAGGCATGACGC-1,21
TTGTGATCTGTTCAGT-1,33
TTGTGCAGCCACGTCA-1,13
TTGTGGCCCTGACAGT-1,0
TTGTGGTAGGAGGGAT-1,16
TTGTGGTGGTACTAAG-1,15
TTGTGTATGCCACCAA-1,10
TTGTGTTTCCCGAAAG-1,3
TTGTTAGCAAATTCGA-1,27
TTGTTCAGTGTGCTAC-1,21
TTGTTCTAGATACGCT-1,4
TTGTTGTGTGTCAAGA-1,7
TTGTTTCACATCCAGG-1,14
TTGTTTCATTAGTCTA-1,26
TTGTTTCCATACAACT-1,31
TTGTTTGTATTACACG-1,12
TTGTTTGTGTAAATTC-1,18
