barcode,cluster
AAACAACGAATAGTTC-1,8
AAACAAGTATCTCCCA-1,3
AAACAATCTACTAGCA-1,9
AAACACCAATAACTGC-1,11
AAACAGAGCGACTCCT-1,25
AAACAGCTTTCAGAAG-1,7
AAACAGGGTCTATATT-1,19
AAACAGTGTTCCTGGG-1,16
AAACATGGTGAGAGGA-1,29
AAACATTTCCCGGATT-1,6
AAACCACTACACAGAT-1,16
AAACCCGAACGAAATC-1,14
AAACCGGAAATGTTAA-1,10
AAACCGGGTAGGTACC-1,13
AAACCGTTCGTCCAGG-1,18
AAACCTAAGCAGCCGG-1,8
AAACCTCATGAAGTTG-1,29
AAACGAAGAACATACC-1,17
AAACGAAGATGGAGTA-1,14
AAACGACAGTCTTGCC-1,4
AAACGAGACGGTTGAT-1,4
AAACGCCCGAGATCGG-1,22
AAACGCTGGGCACGAC-1,3
AAACGGGCGTACGGGT-1,20
AAACGGGTTGGTATCC-1,7
AAACGGTTGCGAACTG-1,25
AAACGTGTTCGCCCTA-1,12
AAACTAACGTGGCGAC-1,22
AAACTCGGTTCGCAAT-1,9
AAACTCGTGATATAAG-1,31
AAACTGCTGGCTCCAA-1,17
AAACTTAATTGCACGC-1,19
AAACTTGCAAACGTAT-1,20
AAAGAATGACCTTAGA-1,2
AAAGAATGTGGACTAA-1,5
AAAGACATGAAGTTTA-1,8
AAAGACCCAAGTCGCG-1,13
AAAGACTGGGCGCTTT-1,17
AAAGCTTGCCTACATA-1,15
AAAGGCCCTATAATAC-1,17
AAAGGCTACGGACCAT-1,2
AAAGGCTCTCGCGCCG-1,10
AAAGGGATGTAGCAAG-1,7
AAAGGGCAGCTTGAAT-1,0
AAAGGTAAGCTGTACC-1,8
AAAGGTCAACGACATG-1,2
AAAGTAGCATTGCTCA-1,14
AAAGTCACTGATGTAA-1,1
AAAGTCGACCCTCAGT-1,16
AAAGTGCCATCAATTA-1,23
AAAGTGTGATTTATCT-1,23
AAAGTTGACTCCCGTA-1,25
AAATAACCATACGGGA-1,0
AAATAAGGTAGTGCCC-1,20
AAATACCTATAAGCAT-1,12
AAATAGCTTAGACTTT-1,27
AAATAGGGTGCTATTG-1,7
AAATCACTCCTAAACG-1,11
AAATCCGATACACGCC-1,28
AAATCGCGGAAGGAGT-1,9
AAATCGTGTACCACAA-1,3
AAATCTAGCCCTGCTA-1,14
AAATCTGCCCGCGTCC-1,13
AAATGACTGATCAAAC-1,0
AAATGATTCGATCAGC-1,18
AAATGCTCGTTACGTT-1,17
AAATGGCATGTCTTGT-1,27
AAATGGCCCGTGCCCT-1,21
AAATGGTCAATGTGCC-1,28
AAATGTATCTTATCCC-1,1
AAATGTGGGTGCTCCT-1,24
AAATTAACGGGTAGCT-1,29
AAATTAATAAGCGCGA-1,29
AAATTACACGACTCTG-1,6
AAATTACCTATCGATG-1,13
AAATTCCAGGTCCAAA-1,3
AAATTGATAGTCCTTT-1,4
AAATTGCGGCGGTTCT-1,0
AAATTGGTGAGAAGCA-1,29
AAATTTACCGAAATCC-1,6
AAATTTGCGGGTGTGG-1,0
AACAACTGGTAGTTGC-1,28
AACAATACATTGTCGA-1,6
AACAATTACTCTACGC-1,25
AACACACGCTCGCCGC-1,23
AACACGACTGTACTGA-1,8
AACACGAGACGCGGCC-1,7
AACACGCGGCCGCGAA-1,0
AACAGCTGTGTGGCAA-1,16
AACAGGAAATCGAATA-1,25
AACAGGATGGGCCGCG-1,4
AACAGGTAGTATGGAT-1,8
AACATAGCGTGTATCG-1,16
AACATATCAACTGGTG-1,30
AACATCGATACGTCTA-1,3
AACATTGAAGTTGATC-1,2
AACATTGGTCAGCCGT-1,5
AACATTGTGACTCGAG-1,14
AACCAAGACTTCTCTG-1,2
AACCAGTATCACTCTT-1,24
AACCATAGGGTTGAAC-1,13
AACCATGGGATCGCTA-1,30
AACCCAGAGACGGAGA-1,10
AACCCATCCCATGATC-1,15
AACCCGACAACCCGTG-1,25
AACCCGAGCAGAATCG-1,25
AACCCGATAGGGCTTC-1,11
AACCCGCTGTATTCCA-1,25
AACCCTACTGTCAATA-1,5
AACCCTGGTGGAACCA-1,10
AACCGAGCTTGGTCAT-1,19
AACCGCTAAGGGATGC-1,8
AACCGTTGTGTTTGCT-1,21
AACCTAAAGCCGTCCG-1,2
AACCTCGCTTTAGCCC-1,3
AACCTGTCACGGAATT-1,6
AACCTTTAAATACGGT-1,8
AACCTTTACGACGTCT-1,11
AACGAAAGTCGTCCCA-1,15
AACGACCTCCTAGCCG-1,22
AACGATAATGCCGTAG-1,3
AACGATAGAAGGGCCG-1,3
AACGATATGTCAACTG-1,26
AACGCATGATCTGGGT-1,32
AACGCGAACGGCAACA-1,21
AACGCGACCTTGGGCG-1,5
AACGCGGTCTCCAGCC-1,2
AACGCTGTTGCTGAAA-1,30
AACGGACGTACGTATA-1,8
AACGGCCATCTCCGGT-1,10
AACGTACTGTGGGTAC-1,20
AACGTAGTCTACCCAT-1,17
AACGTCAGACTAGTGG-1,18
AACGTCATCCGGCTTG-1,9
AACGTGATGAAGGACA-1,3
AACGTGCGAAAGTCTC-1,9
AACGTTATCAGCACCT-1,2
AACGTTCTACCATTGT-1,2
AACTACCCGTTTGTCA-1,6
AACTAGCGTATCGCAC-1,7
AACTAGGCTTGGGTGT-1,17
AACTCAAGTTAATTGC-1,7
AACTCCAGAGCGTGTT-1,6
AACTCCTAATCCCATG-1,8
AACTCGATAAACACGT-1,14
AACTCGATGGCGCAGT-1,0
AACTCTCAATAGAGCG-1,7
AACTCTCAGTGTGCTC-1,8
AACTGAGGTCAGCGTC-1,7
AACTGAGTTATACTGA-1,20
AACTGATATTAGGCCT-1,11
AACTGGGTCCCGACGT-1,8
AACTGGGTTCGAGCCG-1,4
AACTGGTGTGGGCCTT-1,3
AACTTCTGCGTCTATC-1,5
AACTTGCCCGTATGCA-1,27
AACTTGCGTTCTCGCG-1,11
AACTTTACGGGAGCTT-1,1
AACTTTAGCTGCTGAG-1,2
AACTTTCTCGATCATG-1,10
AAGAAAGTTTGATGGG-1,4
AAGAAATCACCAGATT-1,1
AAGAAGGATCAGTTAG-1,0
AAGACATACGTGGTTT-1,18
AAGACCAAATAACTCA-1,20
AAGACCCAACTGAACA-1,16
AAGACTAACCCGTTGT-1,5
AAGACTCACGCCCACT-1,0
AAGACTGCAAGCTACT-1,7
AAGAGATGAATCGGTA-1,3
AAGAGCTCTTTATCGG-1,24
AAGAGGATGTACGCGA-1,16
AAGAGGCATGGATCGC-1,8
AAGAGGCCCTTTGGAA-1,13
AAGATGGCACCGGACC-1,24
AAGATTGGCGGAACGT-1,16
AAGCACCCTGCGTATC-1,5
AAGCATACTCTCCTGA-1,26
AAGCCACTTGCAGGTA-1,8
AAGCCGAAGCGGTTTA-1,10
AAGCCGCCGTGAAATC-1,1
AAGCCGCTTTACCTTG-1,7
AAGCCGGAGAGCAGGA-1,18
AAGCGCAGGGCTTTGA-1,8
AAGCGGAGTGCGCGCA-1,9
AAGCGGCGTCATGGGT-1,14
AAGCGTCCCTCATCGA-1,18
AAGCTAGATCGAGTAA-1,8
AAGCTATGGATTGACC-1,5
AAGCTCGTGCCAAGTC-1,18
AAGCTCTTTCATGGTG-1,5
AAGGAGAACTTATAAG-1,17
AAGGAGCGGTTGGTGC-1,4
AAGGATCGATCGCTTG-1,7
AAGGATGAGGGACCTC-1,19
AAGGCAGGCTGTCTCC-1,20
AAGGCGCGTAAAGCTT-1,5
AAGGCTGTGCTCATCG-1,10
AAGGGAACGACTGGCT-1,11
AAGGGACAGATTCTGT-1,3
AAGGGACTATGCATTC-1,1
AAGGGTTAGCCATGCG-1,7
AAGGGTTTGATTTCAG-1,3
AAGGTATCCTAATATA-1,9
AAGGTGATAAACCAGC-1,18
AAGTAAGCTTCCAAAC-1,2
AAGTAGAAGACCGGGT-1,11
AAGTAGTGACGCGAGG-1,9
AAGTCAATTGTCGTCA-1,0
AAGTCTAGTAGCTGCC-1,16
AAGTCTTCTGTGGCCT-1,20
AAGTGACGACCGAATT-1,3
AAGTGAGTCGGGTTTA-1,2
AAGTGCAAAGGTAGAC-1,22
AAGTGCCTTGACTGTA-1,12
AAGTGCGTTAGAATCT-1,14
AAGTGCTTCTCTATTG-1,0
AAGTGTTTGGAGACGG-1,7
AAGTTCACTCCAAGCT-1,2
AAGTTCAGTCTGCGTA-1,2
AAGTTCGGCCAACAGG-1,18
AAGTTGTGATGTTATA-1,12
AAGTTTACTAATGGCA-1,4
AAGTTTATGGGCCCAA-1,0
AATAACAACGCTCGGC-1,9
AATAACACTAGAACAA-1,8
AATAACGTCGCGCCCA-1,20
AATAAGTCCTCGAGAC-1,18
AATAATCTTCGTATCG-1,27
AATACAATGTTTCAGG-1,28
AATACCGGAGGGCTGT-1,8
AATACCTGATGTGAAC-1,18
AATAGAACAGAGTGGC-1,4
AATAGAATCTGTTTCA-1,7
AATAGCAAGCCTCCTG-1,15
AATAGCTACCGCGTGC-1,7
AATAGGCACGACCCTT-1,22
AATAGTCCGTCCCGAC-1,12
AATAGTCGCGAGTCGG-1,7
AATATCAAGGTCGGAT-1,21
AATATCCTAGCAAACT-1,28
AATATCGAATCAATGC-1,27
AATATCGAGGGTTCTC-1,0
AATATTGGAGTATTGA-1,16
AATCAGACTGCAGGAC-1,0
AATCAGGTTTCATTTA-1,2
AATCATGTAAAGACTC-1,26
AATCCAAGGGCCTGAG-1,14
AATCCATGCAAGGGTG-1,0
AATCCCGCTCAGAGCC-1,15
AATCGAGGTCTCAAGG-1,7
AATCGCCTCAGCGCCA-1,17
AATCGCGCAGAGGACT-1,14
AATCGGGACACTACGA-1,11
AATCGGTATAGCCCTC-1,3
AATCGTGAGCCGAGCA-1,18
AATCTAGGTTTACTTG-1,1
AATCTATGCCGGAGCC-1,26
AATCTCTACTGTGGTT-1,1
AATCTGCGTTGGGACG-1,15
AATCTGGCTTTCTAGT-1,13
AATCTGGGTAGACCCT-1,19
AATGACAGCAATGTCT-1,3
AATGACGTAGGATGTC-1,9
AATGACTGTCAGCCGG-1,1
AATGAGTTCGCATATG-1,31
AATGATGATACGCTAT-1,7
AATGATGCGACTCCTG-1,3
AATGCAACCGGGTACC-1,26
AATGCACCAAGCAATG-1,1
AATGGCCGCCAATGCG-1,15
AATGGTCCACCGTTCA-1,12
AATGGTTCTCACAAGC-1,28
AATGTATGGCACTGTA-1,14
AATGTGCCCGAGGTGT-1,11
AATGTGCTAATCTGAG-1,29
AATGTTAAGACCCTGA-1,5
AATGTTGTCGTGAGAC-1,9
AATTAAAGGTCGGCGT-1,2
AATTAACGGATTTCCA-1,4
AATTACGAGACCCATC-1,23
AATTACTCGTACGCTC-1,18
AATTAGCGCTGCAGCG-1,8
AATTATACCCAGCAAG-1,13
AATTCATAAGGGATCT-1,6
AATTCATTGTCATGCA-1,12
AATTCCAACTTGGTGA-1,15
AATTCCAAGCATGTAC-1,21
AATTCGATTCGAGGAT-1,12
AATTCTAGAGTTAGGC-1,13
AATTGAACGCTCTGGT-1,26
AATTGCAGCAATCGAC-1,9
AATTGCGTGGATTACA-1,18
AATTGTGGTTGCCAAA-1,14
AATTTGGGACATAGTA-1,14
AATTTGGTTCCAAAGA-1,17
ACAAACCATGCGTCCT-1,7
ACAAACCGACAAGGCG-1,12
ACAAACTCCATCAGAG-1,2
ACAAAGAAGGTAGGCC-1,18
ACAAAGCATGACCTAG-1,7
ACAAATCGCACCGAAT-1,6
ACAAATGGTAGTGTTT-1,1
ACAAATTCAGATCTGA-1,4
ACAACAGCATGAGCTA-1,7
ACAACGGTCCCTGCGA-1,0
ACAAGCAGTGCCTAGC-1,7
ACAAGGAAATCCGCCC-1,4
ACAAGGACAAGAGGTT-1,10
ACAAGGATGCTTTAGG-1,6
ACAAGGCCTACCAGCC-1,5
ACAAGGGCAGGCTCTG-1,16
ACAATAGTCGTACGTT-1,0
ACAATCCATTTAAACC-1,2
ACAATCGATCTTTATA-1,9
ACAATGAATACGGAGA-1,18
ACAATGATTCTTCTAC-1,0
ACAATTGTGTCTCTTT-1,15
ACAATTTAGGAGGCTC-1,14
ACAATTTGAGCAGTGG-1,6
ACAATTTGGCCATATT-1,27
ACACAAAGACGGGTGG-1,2
ACACAAATATTCCTAG-1,29
ACACACCAGGACCAGT-1,30
ACACACTTTCTACACG-1,5
ACACATGATCAAATCT-1,12
ACACATTGACGCAACA-1,14
ACACATTTCCGTAGAC-1,14
ACACCACATAATTAGC-1,3
ACACCCAGCATGCAGC-1,10
ACACCCGAGAAATCCG-1,22
ACACCCGTAAATCTGT-1,11
ACACCGAGCGCTCTTT-1,23
ACACCGGTCTGACCGC-1,13
ACACCTTAAGTAGGGC-1,13
ACACCTTACTACTTGC-1,7
ACACGAGACTCCTTCT-1,25
ACACGGCACTATGCAT-1,8
ACACGGGAACTTAGGG-1,8
ACACGTAGGCCACAAG-1,0
ACACTCCAATGTCACT-1,11
ACACTGATCAAGGTGT-1,3
ACACTGGGACAGTCGT-1,14
ACAGAACTGAGAACAA-1,23
ACAGATTAGGTTAGTG-1,0
ACAGCATAGAGCCAGT-1,1
ACAGCGACATTCTCAT-1,22
ACAGCGCACCCGCAGC-1,19
ACAGGAGGCGCAGCCG-1,4
ACAGGCACGGATCCTT-1,26
ACAGGCTTGCCCGACT-1,13
ACAGGTGGAGGTGAGG-1,7
ACAGGTGTGTTGTTGC-1,13
ACAGTAATACAACTTG-1,11
ACAGTATACCGTGGGA-1,14
ACAGTGCAGCGCATTT-1,12
ACATAAGTCGTGGTGA-1,1
ACATAATAAGGCGGTG-1,22
ACATACAATCAAGCGG-1,13
ACATCAGCTGGGACGC-1,12
ACATCCCGGCCATACG-1,6
ACATCCTGGTAACTGT-1,13
ACATCGATCGTTTACC-1,6
ACATCGGTCAGCCGCG-1,3
ACATCGTATGCAATGG-1,20
ACATCGTTAACCTAGT-1,1
ACATCTCAACGCGTAA-1,2
ACATGCTTACGGCAGC-1,0
ACATGGCGCCAAAGTA-1,26
ACATGGCTCAATTTAG-1,2
ACATTAGTTTATATCC-1,20
ACATTCGCGCGGAATA-1,12
ACATTTGAAACCTAAC-1,2
ACCAAACACCCAGCGA-1,6
ACCAAACTAGAAATCC-1,5
ACCAACACCACACACT-1,9
ACCAACCGCACTCCAC-1,17
ACCAACGCTTATTTAT-1,9
ACCAAGAACGCGTGTC-1,4
ACCAAGTCATCGGCAG-1,30
ACCAATATGCAAGTTA-1,8
ACCACAACTCAGAACA-1,2
ACCACAAGTTTCTATC-1,7
ACCACACGGTTGATGG-1,8
ACCACCAATGTAACAA-1,12
ACCACCCTCTCTTCTA-1,8
ACCACGTGCAGCTATA-1,17
ACCACTGTTCAAGAAG-1,12
ACCAGACCATAACAAC-1,14
ACCAGCCCGGTCTTTG-1,6
ACCAGGAGTGTGATCT-1,20
ACCAGTGCCCGGTCAA-1,20
ACCAGTGCGGGAGACG-1,14
ACCATATCCGCAATAA-1,1
ACCATCCGCCAACTAG-1,1
ACCATCGTATATGGTA-1,28
ACCATTAAGGGTGTCA-1,13
ACCCAACGCCCGTGGC-1,5
ACCCACCTACATGCTC-1,2
ACCCATCTTGAGGGTA-1,8
ACCCATTTGTCCCTCT-1,17
ACCCGAGCGAAATTAC-1,19
ACCCGATTGGTTCCGA-1,19
ACCCGGAAACTCCCAG-1,15
ACCCGGAGCACCACAA-1,1
ACCCGGATGACGCATC-1,5
ACCCGGTTACACTTCC-1,24
ACCCGTAGCAGAGAAT-1,5
ACCCGTAGTCTAGTTG-1,3
ACCCGTGTCATCAGTA-1,30
ACCCTATAGGACTGAG-1,12
ACCCTATGCCATATCG-1,0
ACCCTCCCGTCAGGGC-1,27
ACCCTCCCTTGCTATT-1,12
ACCCTGGTAACGCCCT-1,6
ACCCTTCATCTGCGAA-1,3
ACCCTTGCCTGGGTCG-1,0
ACCCTTTAGTTCTCCA-1,19
ACCGAAAGGGCCCTGC-1,4
ACCGAAGAGTCTGGTT-1,0
ACCGACACATCTCCCA-1,14
ACCGACTGAGTCCCAC-1,9
ACCGAGTCTCCTTATT-1,3
ACCGATAGGCATAACC-1,15
ACCGATATTTAATCAT-1,13
ACCGATGGTAGCATCG-1,24
ACCGCAATAACTGCCT-1,20
ACCGCGGTGGAAGTCG-1,14
ACCGCTAGTCATTGGT-1,24
ACCGGGCCTTTGTTGA-1,5
ACCGGTCAGGTACACC-1,6
ACCGGTCTGAGTACGG-1,11
ACCGTCCACTGGGCCC-1,27
ACCGTGACCACGTGGG-1,5
ACCGTTCCCGCTCTGA-1,0
ACCTAAGTACCTTTCA-1,4
ACCTAATCGACTTCCT-1,5
ACCTACAGTATGTGGT-1,3
ACCTACTATAAATCTA-1,8
ACCTCCGCCCTCGCTG-1,21
ACCTCCGTTATTCACC-1,28
ACCTCGAACTTATGCT-1,5
ACCTGCGTGTCATGTT-1,1
ACCTTTCCTTTAGAAG-1,25
ACGAAATGGGCGGCAC-1,1
ACGACCCATGAGTTGC-1,4
ACGACTCTAGGGCCGA-1,20
ACGACTGGTCATACTC-1,3
ACGAGAACCCATCACG-1,20
ACGAGATATTTGCTTA-1,21
ACGAGGATACCACTCT-1,31
ACGAGGTTTACAACGT-1,20
ACGAGTACGGATGCCC-1,6
ACGAGTCGCCGGCGTT-1,18
ACGATACATAGAACTA-1,7
ACGATACCTATCCTGA-1,27
ACGATCATACATAGAG-1,29
ACGATCATCTTGTAAA-1,27
ACGATGCATATGTTAT-1,7
ACGATGGATCCGATGC-1,6
ACGCAAACTAATAGAT-1,0
ACGCAATCACTACAGC-1,23
ACGCATAAATGACATG-1,31
ACGCATACGTTTACTA-1,18
ACGCATTCGTGAGTAC-1,26
ACGCCACTCGAAACAG-1,5
ACGCCAGATGATTTCT-1,29
ACGCCAGTGCGTTTGC-1,9
ACGCCCAGCTGTCGAT-1,2
ACGCCGCTAGACGACC-1,28
ACGCCTGACACGCGCT-1,16
ACGCGAAGTCAGACGA-1,21
ACGCGCTACACAGGGT-1,13
ACGCGGGCCAAGGACA-1,12
ACGCGTTTCTTAAGAG-1,29
ACGCTACTGAATGGGC-1,7
ACGCTAGTATCAGTGC-1,27
ACGCTAGTGATACACT-1,0
ACGCTGTGAGGCGTAG-1,2
ACGCTTAGTGTCTCTC-1,13
ACGGAACACGAGTGCC-1,6
ACGGAATTTAGCAAAT-1,11
ACGGACGCAGCGACAA-1,14
ACGGACTCTCAAAGCG-1,7
ACGGAGCGCAAATTAC-1,7
ACGGATGGTGCGGATA-1,17
ACGGCACTTGCTTGGG-1,10
ACGGCCAACATGGACT-1,5
ACGGCGACGATGGGAA-1,0
ACGGCGGGTTGCCCTG-1,6
ACGGCTGGATGTAGAA-1,1
ACGGGAGTGTCGGCCC-1,25
ACGGGCGTATGCGACA-1,15
ACGGGTCATGTGACTT-1,3
ACGGGTTGTGACCTGT-1,21
ACGGTACAGTTCAATG-1,17
ACGGTCACCGAGAACA-1,12
ACGTACAGATTTCTCT-1,8
ACGTACTTTGGCACGG-1,19
ACGTAGATTGCTGATG-1,2
ACGTAGGAGAGTCGCT-1,4
ACGTATTACTCCGATC-1,20
ACGTCCTAAACGAGAT-1,17
ACGTCGGGCAACTCGG-1,0
ACGTCTCGTTCCGGGA-1,20
ACGTGACAAAGTAAGT-1,19
ACGTGCGCCTCGTGCA-1,11
ACGTGGTCGAATGTGC-1,1
ACGTTAATGTCGAAGA-1,13
ACGTTAGATTTGCCCG-1,29
ACGTTATTGGTCACTC-1,12
ACGTTCACTATGCCGC-1,27
ACGTTCCGCGCTCCGT-1,0
ACGTTCGCAATCAATT-1,3
ACGTTCGTTCAGGAAA-1,0
ACGTTCTGTACAAGTC-1,23
ACGTTGTCGTTGAAAG-1,2
ACGTTTAGTTGTGATC-1,13
ACGTTTCGGTGCACTT-1,1
ACTAAGGACGCACACC-1,21
ACTAATACGTCAGGCG-1,21
ACTACAAAGAGAGGTG-1,17
ACTACATCCCGACAAG-1,15
ACTACCAGCTCTCTGG-1,24
ACTACCATCCGAGGGC-1,3
ACTACGCGTTAGAATT-1,17
ACTAGTTGCGATCGTC-1,10
ACTATATGCTGTGTTC-1,10
ACTATCCAGGGCATGG-1,9
ACTATCGCCGGCTAAA-1,10
ACTATCTGCCCGCGTA-1,9
ACTATGTCCAGCTGCC-1,28
ACTATTCGTCCGTGGT-1,1
ACTATTTCCGGGCCCA-1,31
ACTCAACGAATGTATT-1,14
ACTCAAGTGCAAGGCT-1,16
ACTCAATAAAGGCACG-1,7
ACTCAGACCTGCTTCT-1,0
ACTCATGGCAGCCTTC-1,2
ACTCCAATATCATCAT-1,2
ACTCCCATTCCTAAAG-1,23
ACTCCCGAATTCGTTT-1,8
ACTCCCGTAGACTAGG-1,18
ACTCCCTAATGCTAAA-1,14
ACTCCCTAGAATAGTA-1,21
ACTCCGGCCGACCACT-1,25
ACTCGATGTATTTCAT-1,16
ACTCGCCGTTCGATAA-1,27
ACTCGCGATCTGACGC-1,3
ACTCGTAACCCGTCCT-1,2
ACTCGTCAGTAATCCC-1,7
ACTCTAAACCTGGGAT-1,15
ACTCTCTGACTTAGGT-1,12
ACTCTCTTATACACGA-1,8
ACTCTGACCTAATAGA-1,25
ACTCTTCAGCTCCCGC-1,6
ACTCTTGTATAGTAAC-1,27
ACTGAAACGCCGTTAG-1,12
ACTGAATGGCGAAAGT-1,26
ACTGATTTAGTGATTC-1,16
ACTGCCCGCCATTCTC-1,1
ACTGCCGTCGTAACTC-1,7
ACTGCGGACACACCGT-1,12
ACTGCTCGGAAGGATG-1,8
ACTGGCGAACCTGCGT-1,0
ACTGGGATGCCAGTGC-1,11
ACTGTACGATACACAT-1,7
ACTGTAGCACTTTGGA-1,1
ACTGTATACGCGAGCA-1,3
ACTGTCCAGGATTATA-1,23
ACTGTCTTCTTTAGAA-1,19
ACTGTGCTAGTAGATC-1,9
ACTGTTTAGTGTAGGC-1,5
ACTTACCGGGCGCGCA-1,8
ACTTACGCATCCACGC-1,12
ACTTAGTACGACAAGA-1,0
ACTTATACTTACCCGG-1,2
ACTTATCTGATCTATA-1,4
ACTTATTAGGATCGGT-1,16
ACTTATTTATGTGCCA-1,20
ACTTCAGGCTGATCCC-1,5
ACTTCCAGTGGAAGCT-1,8
ACTTCCATGCGGGACA-1,20
ACTTCCTGTCGTGCGA-1,22
ACTTCGCCATACGCAC-1,1
ACTTCGCTAGCGAGTG-1,17
ACTTGACTCCCTCTTT-1,16
ACTTGCCATATTGTAC-1,18
ACTTGCTCTATCTACC-1,19
ACTTGGGACCCGGTGG-1,8
ACTTGGGCTTTCGCCA-1,4
ACTTGTAGTCCCTTCA-1,5
ACTTGTGGATGGAACG-1,15
ACTTGTTACCGGATCA-1,11
ACTTTACCCTCATGAA-1,5
ACTTTATACACCACTT-1,25
ACTTTCCTATAGCTTC-1,17
ACTTTGACTGCATCCT-1,19
ACTTTGGTCGTGCTCC-1,26
ACTTTGTCGACGCACT-1,6
AGAAATTATGACTCGC-1,20
AGAACACGGCGATGGT-1,13
AGAACCCAGCGTGACA-1,18
AGAACCCTCAATTGGG-1,29
AGAACGTGGTACATTC-1,11
AGAACTGTACTTTGTA-1,24
AGAAGAGCGCCGTTCC-1,15
AGAAGGTACACTTCAC-1,12
AGAAGGTTGCCGAATT-1,5
AGAAGGTTGTAGGTCG-1,2
AGAAGTGATTCGTGAT-1,13
AGAATAAATCTTCAGG-1,2
AGAATACAGGCTATCC-1,25
AGAATGCGGGTTCGGA-1,0
AGAATTATGGATTCGA-1,27
AGAATTGTTTGACATA-1,15
AGACAGCTCAGAATCC-1,23
AGACAGGCATCTCAGC-1,6
AGACATAGATCCTTCC-1,3
AGACCAAACCACACCT-1,9
AGACCATGGGATACAA-1,24
AGACCCACCGCTGATC-1,8
AGACCCGCCCTCCTCG-1,7
AGACCGCTCCGCGGTT-1,4
AGACCGGGAAACCCTG-1,1
AGACGAAGTGCCGGTC-1,17
AGACGACGATGCCGCT-1,14
AGACGCCCACTTCGCC-1,13
AGACGGGATTGGTATA-1,29
AGACGGGCCGATTTAA-1,0
AGACTAGCCTTCCAGA-1,4
AGACTGTTACCGGGTC-1,28
AGAGAAACACCAGAAA-1,23
AGAGAACCGTCTAGGA-1,12
AGAGAAGGAGTACAAT-1,23
AGAGATCTCTAAAGCG-1,22
AGAGCAGTTATGAGAC-1,18
AGAGCCGCCGAGATTT-1,25
AGAGCGCTTGTAACGG-1,13
AGAGCGGGCTAATCAT-1,11
AGAGCGTACAAGCTCG-1,0
AGAGCTACGAAAGCAT-1,28
AGAGGCTTCGGAAACC-1,10
AGAGGGACAATTGTCC-1,21
AGAGGTATCTCGGTCC-1,9
AGAGTAAACTTCACTA-1,9
AGAGTATAGTGTTACG-1,0
AGAGTCTTAATGAAAG-1,11
AGAGTGAACAGACACC-1,19
AGAGTTAGAGACCGAT-1,25
AGAGTTGCAGGCCTCC-1,3
AGATAACTTCAGGGCC-1,0
AGATAATCACACCTAT-1,31
AGATACCAATAGAACC-1,6
AGATACCAGCACTTCA-1,12
AGATACCGGTGTTCAC-1,9
AGATACGACTTCATAT-1,23
AGATACTCAAGATCGA-1,16
AGATATAATACGACTA-1,13
AGATCGTGCATAAGAT-1,15
AGATCTCAGGTGTGAT-1,12
AGATCTGGAGAGGATA-1,0
AGATGACTCGCCCACG-1,9
AGATGAGGGTTGCGAT-1,26
AGATGATGGAGTCTGG-1,1
AGATGCAAGACGTGCA-1,2
AGATGCATCCTGTGTC-1,4
AGATGCTATAACGAGC-1,18
AGATTATAGGACGTTT-1,10
AGATTCAAGCGGGTCG-1,32
AGATTCACAACCGATA-1,1
AGCAAAGGCCGCTAGT-1,12
AGCAACATATCTTATT-1,2
AGCAACCGAAAGTAAT-1,7
AGCACACGTTTAGACT-1,17
AGCACCAGTACTCACG-1,27
AGCACTACCGGCCTGT-1,2
AGCACTACCTCACCAG-1,22
AGCACTTAAGGACGCC-1,19
AGCAGAAGGAGAAAGA-1,14
AGCAGCCAGATGAATA-1,3
AGCAGTCGAAGCATGC-1,22
AGCATATCAATATGCT-1,22
AGCATCATTTCGAAAG-1,6
AGCATCGTCGATAATT-1,24
AGCATTACGAGGCAAG-1,12
AGCCAAGCTTTGTGTC-1,6
AGCCACAGGTTACCCG-1,5
AGCCACTCCCGTGCTT-1,1
AGCCATATAGTATGTG-1,13
AGCCCATACATGTAAG-1,5
AGCCCGCAACAAGCAG-1,17
AGCCCGCACTACAATG-1,12
AGCCCGGCATTAGAGG-1,2
AGCCCGGTAGCCTGTA-1,4
AGCCCTAAGCGAAGTT-1,19
AGCCCTCCCTGGTGGC-1,27
AGCCCTGTCGCACCGT-1,5
AGCCCTTCTAATCCGA-1,3
AGCCCTTGGACATCCC-1,3
AGCCGCTTGATTAGCG-1,8
AGCCGTGGCTAAATGT-1,0
AGCCTAATACCCACGT-1,13
AGCCTTAAAGCGGAAG-1,12
AGCCTTGTCACTGATA-1,10
AGCGACAGGAACGGTC-1,1
AGCGACATCCCATTCA-1,16
AGCGACCAACGATATT-1,12
AGCGACTTTGAAGACA-1,11
AGCGAGACGTGAAGGC-1,17
AGCGATGCGCCTAATA-1,21
AGCGCATAATGAATCG-1,23
AGCGCGGGTGCCAATG-1,25
AGCGCTAGAGCGATGT-1,6
AGCGCTTATGGGCAAG-1,8
AGCGGACACTTCGTAG-1,24
AGCGGCGGTTAGCGGT-1,16
AGCGGGAAGGGTCCAT-1,2
AGCGGGTCTGACACTC-1,17
AGCGGTTGAGATGTAC-1,1
AGCGGTTGCCGCTCTG-1,16
AGCGTACGAGAGCTAG-1,13
AGCGTAGCGCTAGACC-1,3
AGCGTCTGAACCCGCA-1,4
AGCGTGGTATTCTACT-1,18
AGCGTTCCGATTTAAA-1,18
AGCTAACAAGCAATGT-1,13
AGCTAAGCTCCGTCCG-1,11
AGCTAAGTACGCAGGC-1,20
AGCTAGAAGCAGAAGT-1,20
AGCTATTTAATCCAAC-1,22
AGCTCCATATATGTTC-1,3
AGCTCCTTCGCACATC-1,7
AGCTCGTTGATGGAAA-1,16
AGCTCTAGACGTTCCA-1,10
AGCTCTTCCCAGTGCA-1,24
AGCTCTTCGTAACCTT-1,5
AGCTCTTTACTCAGTT-1,2
AGCTGAAGTAAACCAA-1,21
AGCTGCATTTGAGGTG-1,0
AGCTGCTGTGCCGAAT-1,7
AGCTGTAACCTCAATC-1,27
AGCTTATAGAGACCTG-1,15
AGCTTCAATACTTTGA-1,4
AGCTTCTTCTCGAGCA-1,18
AGCTTGATCAGGGTAG-1,11
AGCTTGATCTTAACTT-1,18
AGGAAAGCCTCTGATG-1,3
AGGAACGAACGACTTC-1,18
AGGAAGCTGTCCGCCG-1,5
AGGACAGTCGAATCCC-1,4
AGGACATCGCACGTCG-1,1
AGGACATCGGCACACT-1,22
AGGACGACCCATTAGA-1,29
AGGACGCTCGATGTTG-1,24
AGGACTTATAGGAGAA-1,24
AGGAGACATCCACAGT-1,14
AGGAGAGTCTGGCTAC-1,23
AGGAGGCCTTCGCGCG-1,23
AGGATAAAGTCGGGAT-1,7
AGGATATAGGGATTTA-1,9
AGGATATCCGACTGCA-1,25
AGGATCACGCGATCTG-1,23
AGGATTGCTTACGACA-1,9
AGGCAAAGAGGAATCA-1,0
AGGCAATACGGAGGAC-1,4
AGGCACGTGACTGTCC-1,22
AGGCAGATGCGTAAAC-1,6
AGGCAGGGAGCGTACT-1,17
AGGCATTGTCGTAGGG-1,27
AGGCCACATTGGTTAC-1,19
AGGCCACCCGTTATGA-1,10
AGGCCCAGTGACTGGT-1,4
AGGCCCATTGTACAGG-1,10
AGGCCCTAGAACGCCA-1,17
AGGCCTATCATACCAA-1,3
AGGCCTGAGAATCTCG-1,14
AGGCGATAACTGGCGT-1,17
AGGCGGTTTGTCCCGC-1,6
AGGCGTCTATGGACGG-1,8
AGGCTATGGTTAGCTT-1,4
AGGCTTAAGTTGCACA-1,23
AGGCTTCCCGAAGAAG-1,10
AGGCTTGCTAGACACC-1,5
AGGGAAACGAGGTACT-1,10
AGGGACAGCACGGCGG-1,12
AGGGACCGGCTGCGTT-1,2
AGGGACTCTACGCGAC-1,4
AGGGAGACATACTTCG-1,3
AGGGCAGCGGCGTGGT-1,1
AGGGCCCTAATGTTCT-1,16
AGGGCGAGCAGCTGAT-1,10
AGGGCGTGATCGGCTA-1,13
AGGGCTGCAGTTACAG-1,18
AGGGTCAGTAACCCTA-1,27
AGGGTCGATGCGAACT-1,14
AGGGTCTGGACGCAGT-1,7
AGGGTGCCGTTCTTTA-1,2
AGGGTGCTCTCGAGGG-1,3
AGGGTGGATAGTGCAT-1,9
AGGGTGTGCTACACGC-1,18
AGGGTTCAGACGGTCC-1,1
AGGGTTCCCTTTGGTT-1,3
AGGGTTTAGTTCGGGA-1,29
AGGTAACCTCCTATTC-1,12
AGGTACGATATTGCCA-1,2
AGGTAGATCGAGATAT-1,8
AGGTAGGTACAAAGCT-1,16
AGGTATAATTGATAGT-1,15
AGGTATGCGGACATTA-1,11
AGGTCAGGTGAGAGTG-1,15
AGGTCGCCACTTCGGT-1,17
AGGTCGCCTCCCAACA-1,28
AGGTCGCGGAGTTACT-1,8
AGGTGCACGTCCACAT-1,10
AGGTGGTGACCTTCGC-1,2
AGGTGTATCGCCATGA-1,17
AGGTGTTGCCGACCAC-1,6
AGGTTACACCATGCCG-1,27
AGGTTCTCCTTTCCGG-1,13
AGGTTGAGGCACGCTT-1,1
AGGTTTCACACACCTT-1,4
AGTAACGTTCATCCTG-1,0
AGTAACTATAGCAGCC-1,6
AGTAATCTAAGGGTGG-1,18
AGTAATGTCTTGCCGC-1,19
AGTAATTTGCAAGCGT-1,9
AGTACAGAAGCTTATA-1,10
AGTACATCATTTATCA-1,4
AGTACCTTCGAGTGCT-1,15
AGTACGGCCCGTATCG-1,2
AGTACGGGCACCTGGC-1,19
AGTACGTGGCCTGTCT-1,2
AGTACTCTTATGCCCA-1,23
AGTAGAAGGCGCCTCA-1,17
AGTAGCGTGAACGAAC-1,5
AGTAGCTAGACGCCGA-1,2
AGTAGGAAGGAAGTTG-1,19
AGTAGGTAACATACAT-1,26
AGTATAATACTAGGCA-1,5
AGTATACACAGCGACA-1,14
AGTATCCATAATAACG-1,1
AGTATGCTGGAGACCA-1,12
AGTATTTGGCACGACC-1,22
AGTCAAATGATGTGAT-1,13
AGTCAACACCACCATC-1,2
AGTCAAGATGACACTT-1,5
AGTCACTAGCTCTCGA-1,7
AGTCACTCCGCCTCAT-1,13
AGTCAGCCACCGCCTG-1,10
AGTCCAGCGGGTACGT-1,15
AGTCCATTGGCTGATG-1,0
AGTCCCGCCTTTAATT-1,0
AGTCCCTCGCAGAAAG-1,11
AGTCGAAACGATTCAG-1,11
AGTCGACGGTCTCAAG-1,22
AGTCGGCCCAAACGAC-1,6
AGTCGGCTCAACTTTA-1,14
AGTCGGTTGCGTGAGA-1,23
AGTCGTATAAAGCAGA-1,7
AGTCGTCGACCACCAA-1,17
AGTCGTGGGCATTACG-1,6
AGTCTAAAGTATACTC-1,12
AGTCTCACAAGACTAC-1,13
AGTCTGGACATCCTTG-1,6
AGTCTTCTCCTCAAAT-1,32
AGTCTTTAAAGTGTCC-1,18
AGTGAACAAACTTCTC-1,22
AGTGAAGATGGTGTCC-1,21
AGTGACCTACTTTACG-1,4
AGTGACTGTGACACAA-1,9
AGTGAGACTTCCAGTA-1,16
AGTGAGCCTCGCCGCC-1,6
AGTGAGGGTTTCTGAC-1,9
AGTGAGTCGAATTAAC-1,4
AGTGATAACCTGCGCG-1,13
AGTGATATGAGTAGTT-1,1
AGTGATTCAAGCAGGA-1,16
AGTGCACGCTTAAGAA-1,23
AGTGCGTAGCTCGTAA-1,7
AGTGCTAAACACAGCA-1,25
AGTGCTTGCACGAATA-1,20
AGTGGCCCGCAAATGG-1,8
AGTGGCGGCAATTTGA-1,6
AGTGGCGTCTGAAGGT-1,7
AGTGGCTCCGTCGGCC-1,2
AGTGGGAGTATACACG-1,9
AGTGGTGTTACCCGTG-1,4
AGTGGTTGCGTATAGG-1,29
AGTGTATTGCGCATTG-1,9
AGTGTGCTAAGATCGC-1,21
AGTGTGGTCTATTGTG-1,20
AGTTAAACACTTGCGA-1,17
AGTTAAGCGGTCCCGG-1,13
AGTTAAGTCAACCGCT-1,0
AGTTACCCTTAAGACT-1,17
AGTTACCGCACATGGT-1,9
AGTTACTCTATCGTGG-1,13
AGTTATTCAGACTGTG-1,24
AGTTATTGAAAGGTAA-1,2
AGTTCACCGGTTGGAC-1,4
AGTTCCTACAGAATTA-1,4
AGTTCCTATTTATGTT-1,13
AGTTCTGCGTTGTATC-1,17
AGTTGACATCGGCTGG-1,2
AGTTGACGGTCCTTGC-1,15
AGTTGCGGTCCTCAAC-1,20
AGTTGCTGACTGATAT-1,8
AGTTGGCAAGGCTAGA-1,23
AGTTTATGTAAAGACA-1,21
AGTTTCGCAGGTCGGA-1,2
AGTTTGCACCTGCCTC-1,1
AGTTTGGCACGGGTTG-1,5
AGTTTGGCCAGACCTA-1,21
ATAAACCATTGGACGG-1,4
ATAAACGGACCCGTAA-1,13
ATAAACGTTGCACCAC-1,6
ATAAAGGCTCGGTCGT-1,25
ATAAAGGTCAAGTACG-1,13
ATAAATATTAGCAGCT-1,2
ATAACGCCGGAGGGTC-1,26
ATAACGGAGTCCAACG-1,15
ATAACGTTACCTCCAC-1,19
ATAAGCAAACACCGAG-1,17
ATAAGGTGGAGAACAT-1,14
ATAAGTACCCGATTGT-1,7
ATAAGTAGGATTCAGA-1,28
ATAAGTAGGGCGACTC-1,27
ATAAGTTACCGCGACG-1,4
ATAATACCGTTAGCCG-1,7
ATAATAGCTGTTGAAT-1,15
ATAATAGTGTAGGGAC-1,23
ATAATCTTGGAGAACC-1,4
ATAATTAGCTAAGTAG-1,17
ATACAGCGTCCACTGA-1,16
ATACAGGCCCTCCAAT-1,0
ATACCACGGGCAACTT-1,29
ATACCAGCAAATTGCT-1,14
ATACCAGGCTAATAGA-1,1
ATACCAGGTGAGCGAT-1,22
ATACCCTCCCGGCCAA-1,4
ATACCCTGGCTCAAAT-1,13
ATACCGTCATCCATAA-1,30
ATACCTAACCAAGAAA-1,17
ATACGAAGGCTTTCCA-1,3
ATACGACAGATGGGTA-1,14
ATACGAGGTTTGTAAG-1,2
ATACGCCGATCTACCG-1,2
ATACGCCGGCGAAACC-1,15
ATACGGAACGTCGTTT-1,10
ATACGGGTTTCGATTG-1,9
ATACGGTGAAGATGCA-1,16
ATACGTACTTAGCCAC-1,8
ATACGTCCACTCCTGT-1,9
ATACGTTATGCACGGA-1,20
ATACTACCCGTACCAC-1,12
ATACTAGCATGACCCT-1,8
ATACTCTCGCCACTCT-1,11
ATACTGCCTTACACCG-1,28
ATACTTGTTCTCGAGC-1,16
ATAGACAACGGGACCT-1,5
ATAGACGAAGAGAAAG-1,2
ATAGAGTACTGGGACA-1,0
ATAGAGTTATCAACTT-1,2
ATAGATTTGCAGTCGG-1,3
ATAGCAACTAGGGAAG-1,23
ATAGCCATAACAGTCA-1,10
ATAGCCTCAGTACCCA-1,28
ATAGCTGCTCTTGTTA-1,8
ATAGGAATCTAAGCTT-1,16
ATAGGCGGCTATAGAA-1,1
ATAGGCTAGCTTCGCA-1,3
ATAGGGATATCCTTGA-1,1
ATAGGTTGGGCAGATG-1,19
ATAGTCTTTGACGTGC-1,27
ATAGTGAAGCGTTCTC-1,11
ATAGTTCCACCCACTC-1,12
ATATAAAGCGCTCGTG-1,14
ATATAAATGTAGCTGC-1,23
ATATAACACGGGCGCA-1,4
ATATACATGTATGGTA-1,31
ATATACGCTCGTGACG-1,14
ATATAGAGTATTGGTC-1,1
ATATCAACCTACAGAG-1,14
ATATCAATTCCAGCCT-1,1
ATATCGGTAGGGAGAT-1,24
ATATCGTGCCAGACCC-1,15
ATATCGTTCCTCGAAC-1,25
ATATCTCCCTCGTTAA-1,0
ATATCTTAGGGCCTTC-1,2
ATATGGGATAGCAACT-1,13
ATATGTCTAGAGCGTG-1,14
ATATGTCTCCCTAGCC-1,7
ATATGTGCACAAACCA-1,2
ATATTATCCCGTATTT-1,3
ATATTCAGTTAAACCT-1,12
ATATTCCACATAGTGA-1,30
ATATTCCCACAGGTCA-1,31
ATATTGCTGTCAAAGT-1,21
ATATTGGAGAGGCCTT-1,6
ATATTTAACCCTCAAG-1,23
ATCAAACACTGTTCCA-1,6
ATCAAACGAAGGTTTG-1,13
ATCAAAGAGCCGTGGT-1,18
ATCAAGATCCCAGGAC-1,1
ATCAATCTGGGCTGCA-1,22
ATCAATGCCGTGGCTG-1,3
ATCACATTAGAATATC-1,17
ATCACGTGCTAATTAA-1,16
ATCACTTCATCCTCGC-1,9
ATCAGAAGCTGGTTGC-1,31
ATCAGACGGCACGCCG-1,9
ATCAGCCTCATGCTGC-1,0
ATCAGCTCGTCCACTA-1,24
ATCAGGTAGCTGACAG-1,19
ATCAGGTCGCCATTGC-1,6
ATCAGTAGGCAGGGAT-1,12
ATCATAGATCGACGAG-1,11
ATCATAGCCCTATGTA-1,25
ATCATCCAATATTTGT-1,18
ATCATCTGCCCAGTGT-1,2
ATCATGGACTACCGAC-1,21
ATCATTGTACCGCATT-1,15
ATCCAACGCAGTCATA-1,14
ATCCAATGGAGGGTCC-1,3
ATCCAATGGTACCGAA-1,30
ATCCACATCGACAGAA-1,6
ATCCACGCTAAATGTT-1,21
ATCCACTTTCAGACTA-1,0
ATCCAGAGCAACAACC-1,8
ATCCAGGATTCGTGAA-1,1
ATCCCATCCACAGCGC-1,7
ATCCCATTTCCGTGGG-1,25
ATCCGGACCAGCCTGA-1,17
ATCCTACCTAAGCTCT-1,26
ATCCTGAATCGCTGCG-1,29
ATCCTGCGTGGAATGG-1,16
ATCCTGCTGCAGATAG-1,13
ATCCTTCTGAAAGAAC-1,8
ATCGACCCAATACAGA-1,3
ATCGACTCTTTCCGTT-1,23
ATCGCACGATTGTTCA-1,11
ATCGCACGCCGGGAGA-1,12
ATCGCCAGTCAACATT-1,14
ATCGCCGTGGTTCATG-1,5
ATCGCTGCGTGCAGCA-1,15
ATCGCTTTACGTCTCA-1,5
ATCGGAGACAGACGGC-1,7
ATCGGCAAGCAGTCCA-1,26
ATCGGTTACCTAGTAA-1,19
ATCGTATTCCGAGAAC-1,30
ATCGTCCAATCGAGTC-1,10
ATCGTGGAAAGTCTGG-1,28
ATCGTTAGCTAGCGGA-1,24
ATCGTTCACTTTCGCC-1,1
ATCTAACGTCCCTATG-1,31
ATCTAATATCCTACGG-1,1
ATCTACCATCTGCTCC-1,2
ATCTAGCTTGTGAGGG-1,7
ATCTATCGATGATCAA-1,4
ATCTCATAAACCTACC-1,7
ATCTCCCACGGAATAT-1,6
ATCTCCCTGCAATCTA-1,17
ATCTCGTGAGCGAAAC-1,30
ATCTGACATGGAAGGA-1,24
ATCTGATAGTGTCTTA-1,30
ATCTGCACCTCTGCGA-1,8
ATCTGCTGTTATCGCC-1,31
ATCTGGGCTGTTCTTG-1,24
ATCTGGTTAAGACTGT-1,18
ATCTGTAATTGTACCC-1,4
ATCTTAGGGCATTAAT-1,19
ATCTTATCGCACACCC-1,16
ATCTTGACCTGCAACG-1,20
ATCTTGACTTGTCCAA-1,19
ATCTTTCGTATAACCA-1,15
ATGAAGCCAAGGAGCC-1,29
ATGAAGTGGACCCAGC-1,29
ATGACGCCGGCTCTAA-1,21
ATGACGCGTTCTATCC-1,21
ATGACTATCAGCTGTG-1,16
ATGACTATGCGACATT-1,25
ATGAGGAGTGTTAATC-1,23
ATGAGGGCAGCGGCTA-1,2
ATGATCGGGAATAGAC-1,20
ATGATGCAATGGTACA-1,27
ATGCACCTTCCTTAAT-1,21
ATGCACGCGCTGTTCA-1,2
ATGCACTACCGCATTG-1,7
ATGCATGATCCAGGAT-1,17
ATGCATTCCGTGATGG-1,23
ATGCCAATCGCTCTGC-1,10
ATGCCATTTGCGACCA-1,22
ATGCCGGTCTTGCATA-1,14
ATGCCGGTTGATGGGA-1,24
ATGCGACAATTGGTCC-1,5
ATGCGACAGTCCCATT-1,3
ATGCGAGTCCCACCAC-1,30
ATGCTCAGTGTTGCAT-1,6
ATGCTCTGGCGCGGTA-1,9
ATGCTTAGGAGTTGAT-1,5
ATGGAAATTTAAGGAG-1,20
ATGGAACAGAATAAAC-1,21
ATGGAACCTTTGCACA-1,13
ATGGACTGCTTAGTTG-1,19
ATGGAGCAGGCCGTGA-1,2
ATGGATCCGGCGTCCG-1,1
ATGGATTGACCAAACG-1,22
ATGGCAGCATTACGAT-1,19
ATGGCAGCCGAGAAAC-1,2
ATGGCCCGAAAGGTTA-1,11
ATGGCGGAATAGTCGC-1,5
ATGGCTGGAAATGGCC-1,21
ATGGGAACGGAAGCGG-1,0
ATGGGACCTGCTGAAC-1,30
ATGGGCCTCGGCCTCT-1,15
ATGGGTGTATACCTCC-1,29
ATGGTATTGGGAACCG-1,11
ATGGTATTTACTGATT-1,13
ATGGTCGCGTGGTTTC-1,26
ATGGTGCTCAAAGCCA-1,16
ATGGTTACGAAACATG-1,20
ATGTAAGGCTGCTCTT-1,14
ATGTACATGCGGTGAG-1,8
ATGTACGATGACGTCG-1,20
ATGTAGCGCGCGTAGG-1,0
ATGTCATAATAAACGA-1,15
ATGTCATTTCCCATTG-1,29
ATGTCTTGTTTGACTC-1,6
ATGTGAAAGCCTAATG-1,7
ATGTGCATCCGACGCA-1,12
ATGTGGACATCTTGAT-1,12
ATGTGTAGTTTAGTCA-1,8
ATGTTACGAGCAATAC-1,21
ATGTTCCTGCCCACCT-1,8
ATGTTCGTCGACCCAC-1,7
ATGTTGATTAGAGACT-1,6
ATGTTGTAGTCTGTTT-1,15
ATGTTTCGGCCCGGAG-1,13
ATGTTTGTAAGATCAT-1,21
ATTAAACATGCGGACC-1,6
ATTAAAGCGGACGAGC-1,17
ATTAACACCTGAGATA-1,16
ATTAATACTACGCGGG-1,2
ATTAATGAACCAGTCG-1,30
ATTAATTCGGTCACTC-1,4
ATTACAACTACCGGCC-1,10
ATTACATGTCAGTCTT-1,12
ATTACCACACTGCCTG-1,15
ATTACGACTCCACAGT-1,4
ATTACGCGCTGGCAGG-1,2
ATTACGGGCTACGGTT-1,3
ATTACTAGCCTCTTGC-1,8
ATTACTTACTGGGCAT-1,12
ATTAGATTCCTCAGCA-1,18
ATTAGATTGATAGCGG-1,0
ATTAGGCGATGCTTTC-1,7
ATTATACTTTGCTCGT-1,29
ATTATAGCTACTTTAC-1,14
ATTATCGGAATGTACG-1,12
ATTATCTCGACAGATC-1,6
ATTATGAGACCCAATT-1,11
ATTATGCCATAGGGAG-1,12
ATTATGCTCAGTATTG-1,0
ATTATTATGTCCGTCA-1,3
ATTATTCAGAGTCACT-1,14
ATTCAAAGTACCTGTT-1,8
ATTCAACCATTTAAGG-1,23
ATTCACTGATGTTGGA-1,15
ATTCAGATGAATCCCT-1,22
ATTCAGGACCTATTTC-1,6
ATTCAGGATCGCCTCT-1,4
ATTCAGTAGCAGGGTC-1,3
ATTCATATACTGTCCA-1,0
ATTCATCGTTGAGGCA-1,9
ATTCCCACATAAACAA-1,31
ATTCCCGAAGGTACAG-1,11
ATTCCTAAGACGTGGA-1,20
ATTCCTCCGCCAGTGC-1,23
ATTCCTTCCAGGCGGT-1,1
ATTCGACGCCGGGCCT-1,2
ATTCGCAGAGGACACT-1,9
ATTCGCGCCTTGAGAG-1,24
ATTCGTCCCGAGGTTA-1,19
ATTCGTGCTATCTCTT-1,22
ATTCGTTTATCGTATT-1,21
ATTCTCGTCTCTTTAG-1,25
ATTCTGAGTATGAACT-1,28
ATTCTTCGTACTTATG-1,10
ATTGAAGATCTTAGTG-1,4
ATTGAATTCCCTGTAG-1,14
ATTGACCGGCGATGAC-1,13
ATTGACGTAACTCGGT-1,21
ATTGATAGCAACGAGA-1,25
ATTGATCACCACATTT-1,14
ATTGATGAGTCCTAAC-1,30
ATTGCCTATTAGACCG-1,29
ATTGCCTTTATGTTTG-1,3
ATTGCGATCAGTAACT-1,18
ATTGCTGCTCCTCCAT-1,10
ATTGGATTACAGCGTA-1,23
ATTGGGAATATCTTGG-1,18
ATTGGGAGTTCTGTAA-1,10
ATTGGTAGGATCCGCT-1,22
ATTGGTTGTGCATTAC-1,3
ATTGTACAACTCGGCT-1,10
ATTGTCGCAATACCTT-1,22
ATTGTCTGTTTCATGT-1,14
ATTGTGACTTCGCTGC-1,8
ATTGTTCAACGATCCG-1,17
ATTTAACTCGTATTAC-1,14
ATTTACAGTTTACTGG-1,24
ATTTACTAAGTCCATT-1,32
ATTTATACTGGTAAAG-1,8
ATTTCATTATTTCGCG-1,29
ATTTCCGGGTTCTGCG-1,1
ATTTGCCTAGTTACGA-1,28
ATTTGCGCGAGTAGCT-1,4
ATTTGGAGATTGCGGT-1,21
ATTTGTCTTGGGAGCT-1,1
ATTTGTTCCAGGGCTC-1,19
CAAACCAGGTCTGCAT-1,5
CAAACCCTCCGGCGGG-1,2
CAAACGAGTATCGCAG-1,17
CAAACGGTCGCACTTT-1,28
CAAACGTGGTCTTGCG-1,2
CAAACTACGATAGAGA-1,0
CAAACTATTGAGCTTC-1,2
CAAACTCGCGACGCCG-1,28
CAAAGATTATTGGGCC-1,0
CAAAGGTCATCTGAAA-1,28
CAAAGGTTAAATTCAG-1,3
CAAAGTCAGGTTAGCT-1,10
CAAATCTCTCACAAGG-1,13
CAAATGCGGAGTGTTC-1,13
CAAATGTCCTTCCGTG-1,20
CAAATTGGATTATGCC-1,8
CAAATTGTCAGCAAGC-1,6
CAACACATCTCCTGCC-1,8
CAACAGAATAACGCTA-1,12
CAACAGTGCCAAACGG-1,21
CAACATGGCCTGATAA-1,9
CAACCAGTGGCCTACC-1,15
CAACCGCACCTAGACA-1,8
CAACCTACCGAGCAGT-1,10
CAACCTGAACCTGCCA-1,13
CAACGACCCGTTTACA-1,0
CAACGAGCTTATTATG-1,4
CAACGATCGATCCAAT-1,13
CAACGCGATGAGCCAA-1,24
CAACGGTTCTTGATAC-1,16
CAACGTGGTGGAGTCT-1,3
CAACTATATCGAATGC-1,19
CAACTCCAACGTTTAG-1,5
CAACTCCGTAACTTGC-1,18
CAACTCCTTGATCCCG-1,19
CAACTGAGGGTATGAC-1,21
CAACTGCTCATCCGAT-1,10
CAACTTGTAGTGGGCA-1,13
CAAGAAACCCTAAACT-1,16
CAAGACTCAGAAGCGC-1,2
CAAGAGGGCGGAGTAC-1,12
CAAGATATTATAACGT-1,12
CAAGCAACGTCGGAGT-1,0
CAAGCACCAAATGCCT-1,11
CAAGCGGCACATAATT-1,27
CAAGGATCGCATGTTC-1,10
CAAGGCCAGTGGTGCA-1,25
CAAGGGAGTGTATTTG-1,24
CAAGGTCCTATAGGCT-1,6
CAAGTAAGTGATAGAC-1,26
CAAGTCGTTGAAATCT-1,19
CAAGTGAACTTTGGTT-1,9
CAAGTGTGGTTGCAAA-1,13
CAATAAACCTTGGCCC-1,14
CAATACGAGAGTCTGA-1,27
CAATACGCTCTGAGGC-1,22
CAATATGTAGATTTAC-1,5
CAATATTCTTGACCTA-1,1
CAATATTGGACTAGTG-1,8
CAATCCATTATCCGTT-1,9
CAATCCCTATACCAGC-1,5
CAATCCTGCCGTGGAG-1,25
CAATGACCCTTAATTT-1,22
CAATGAGGTTCGACTA-1,26
CAATGCGAGAAGTATC-1,3
CAATGGAATCTACATA-1,15
CAATGGATCTCTACCA-1,10
CAATGGTCGGCCTGGG-1,14
CAATGTGCCAACCCTT-1,10
CAATTAAGGGTGATGA-1,16
CAATTGGGCCGCACTC-1,1
CAATTTCGTATAAGGG-1,23
CAATTTGACCGGGAAG-1,29
CACAAACCGCAGAACT-1,17
CACAAGAAAGATATTA-1,0
CACAAGCTAAGAAAGG-1,11
CACAATGAGCTGCTAT-1,1
CACACACGCTAACGAG-1,6
CACACAGCTTGCGCTC-1,3
CACACAGGGATAGATT-1,10
CACACGCGCTGTCTTA-1,20
CACACGTTTCAATGGG-1,6
CACACTTGTATTGCGA-1,29
CACAGAGACGAGGACG-1,7
CACAGCACCCACGGCA-1,1
CACAGCTAGGGAGTGA-1,1
CACAGGGCCATATAGT-1,6
CACAGGGCCGTTGTCA-1,17
CACAGTCCCGCTTCGC-1,3
CACAGTTCGCTTCCCA-1,24
CACATAAGGCGACCGT-1,22
CACATATTAGCAGGAT-1,28
CACATCGTGCACGCGC-1,3
CACATCTCACCGACGA-1,0
CACATGATTCAGCAAC-1,1
CACATGTTTGGACATG-1,24
CACATTCTTTCGATGG-1,10
CACATTTCTTGTCAGA-1,16
CACCAATCATCCGTCT-1,22
CACCACGCCACACAGA-1,3
CACCAGTCAGCATGCA-1,19
CACCATCGGAGGAGAC-1,14
CACCATGATCGCAAAG-1,28
CACCCAAATCTTATGT-1,15
CACCCACACGTCACCC-1,21
CACCCACGAGGCAATT-1,22
CACCCGCGTTTGACAC-1,25
CACCCGGTTTGTGACT-1,10
CACCCTAACAAGATCT-1,16
CACCCTTGGTGAGACC-1,1
CACCCTTTCCTCGCTC-1,4
CACCGATACACCGAGC-1,24
CACCGATGATGGGTAC-1,12
CACCGCCAGAAGGTTT-1,0
CACCGCCGACCAGCGA-1,4
CACCGCGTCCACTCTA-1,9
CACCGGAGATATCTCC-1,10
CACCGGGCATCACAAG-1,25
CACCGGTAGAGACATT-1,13
CACCGTATCCCATCCG-1,27
CACCGTTAGGGATCAC-1,7
CACCGTTGCGCGATAT-1,18
CACCTAATAGAGTCGT-1,0
CACCTAATCAGTTTAC-1,28
CACCTCGATGGTGGAC-1,6
CACCTCTACGAGTGTG-1,2
CACCTTGCGAAACTCG-1,23
CACCTTGGCGCCTTTG-1,12
CACGAAAGTTAGTCCC-1,28
CACGACCACAGACTTT-1,20
CACGACGTAATAGTAA-1,18
CACGACTAAAGTTCTG-1,2
CACGAGCAAACCAGAC-1,22
CACGATTGGTCGTTAA-1,6
CACGCACAGCGCAGCT-1,19
CACGCAGCGAGGCTTT-1,4
CACGCGGAACTGTTGC-1,20
CACGGACGTGGATGGC-1,8
CACGGCGCGCCAAAGG-1,8
CACGGGATTGAGGGTT-1,2
CACGTCAATCAATGGA-1,9
CACGTCGGCAACCTCT-1,13
CACGTCGGGTTCTAGA-1,25
CACGTCTATGATGTGG-1,24
CACGTTCGTGCTCTAG-1,9
CACGTTTCGTACACAC-1,12
CACTAAAGTTGCCTAT-1,7
CACTACGGGAGCTGCC-1,18
CACTACTCAGTTCTGT-1,19
CACTCAAGAGCTATGG-1,4
CACTCAGCTCTTGAGG-1,17
CACTCCTATGTAAGAT-1,18
CACTCCTCTCGGTCGG-1,21
CACTCGAGCTGAACAA-1,7
CACTCGGTTAGGAGGA-1,28
CACTCTCAAGCATCGA-1,13
CACTCTTCTGCTAGCC-1,4
CACTGACGATTGTGGA-1,17
CACTGTCCAAGTGAGA-1,18
CACTTAATCAGACGGA-1,2
CACTTCGCCACAGGCT-1,21
CACTTCGTCTTATCTC-1,20
CAGAACTTAGCCCTCT-1,15
CAGAATAACACACGGA-1,7
CAGAATATTCGTTATC-1,21
CAGACACCGATCGCTG-1,12
CAGACCTGTAAGTGTT-1,20
CAGACGAACCTGATAC-1,0
CAGAGACGGTCACCCA-1,3
CAGAGCATGAGCTTGC-1,1
CAGAGCGATGGATGCT-1,29
CAGAGGCGATGCATGA-1,28
CAGAGTGATTTAACGT-1,10
CAGATAATGGGCGGGT-1,27
CAGATACTAACATAGT-1,10
CAGATATGAAGATGAC-1,3
CAGATCATTTAAAGTC-1,0
CAGATCCTGGTTTGAA-1,26
CAGATGTTTGTCCCAA-1,15
CAGCAGCCCGTTCCTT-1,2
CAGCAGTCCAGACTAT-1,6
CAGCAGTCTGTGCTGC-1,3
CAGCCCTCACAGGCAG-1,9
CAGCCGGGCCCTCTAT-1,13
CAGCCTCCTGCAGAGG-1,2
CAGCCTCGATAGCGGT-1,9
CAGCCTCTCCTCAAGA-1,30
CAGCGATTCCCTTCAA-1,0
CAGCGCCAACACGATA-1,16
CAGCTCACTGAGACAT-1,2
CAGCTCGACAAGTTAA-1,4
CAGCTCGTGCTTGTGT-1,3
CAGCTCTGGGCTCACT-1,30
CAGCTGGCGTAACCGT-1,21
CAGCTTAGTAGGTAGC-1,13
CAGGAAGACTTTATAT-1,15
CAGGACAGCTGCCCTT-1,8
CAGGATATATCGTTGT-1,3
CAGGATCCGCCCGACC-1,14
CAGGCAGTCTTACCAG-1,20
CAGGCCAGTACCACCT-1,6
CAGGCCGTTTGGGTGT-1,9
CAGGCGCACGGTGGTC-1,11
CAGGCGCCATGCTAGG-1,9
CAGGGAGATAGGCCAG-1,9
CAGGGCTAACGAAACC-1,16
CAGGTTTAGTACTACA-1,2
CAGTAACTATTTATTG-1,12
CAGTAAGGGACGTCTC-1,17
CAGTAATCCCTCCCAG-1,0
CAGTACATTCTCTAAA-1,2
CAGTACCAGTTTACGT-1,7
CAGTAGATGATGTCCG-1,13
CAGTAGCCCACGCGGT-1,1
CAGTAGCGAGGTAGTA-1,14
CAGTCCAACGCCTTCT-1,20
CAGTCGAGGATGCAAT-1,24
CAGTCGGCCTAGATAT-1,10
CAGTCTCTCGGCTAAT-1,6
CAGTCTGTATACTGGG-1,26
CAGTGAATAAATGACT-1,17
CAGTGGTTGCACATGA-1,1
CAGTGTCCGCAGAATG-1,24
CAGTGTCGGCTGGCCC-1,14
CAGTGTTAATCTCTCA-1,29
CAGTTCAAATTGACAC-1,4
CAGTTCCGCGGGTCGA-1,15
CAGTTCGAGGACCCGA-1,24
CATAACGGACAGTCGT-1,18
CATAAGAAGCTTGGCT-1,2
CATAAGCTCTCCGTCT-1,8
CATAATGAGCGGGCGA-1,24
CATACAAAGCCGAACC-1,20
CATACACAAAGTCAGC-1,1
CATACACGGTTCCCAC-1,18
CATACCCGTACCCAGT-1,1
CATACGAACTAGCTGG-1,11
CATACGGCGTCTGGGC-1,25
CATACGGGTGCATGAT-1,17
CATACTATGTAATTGT-1,31
CATACTTAGGCAATAC-1,3
CATACTTCTTTCTCCG-1,4
CATAGAGGAGATACTA-1,27
CATAGCCGCCCGGGAT-1,1
CATAGCGTTGCCCACC-1,14
CATAGGGACACTTGTG-1,8
CATAGTACATTGAGAG-1,11
CATAGTAGCATAGTAG-1,2
CATAGTCAAATACATA-1,27
CATAGTCCACAAGAAC-1,21
CATAGTGGGCACGCCT-1,4
CATATACTACTGATAA-1,12
CATATAGGTACAGTCA-1,0
CATATGTCAGGCTACG-1,8
CATATTATTTGCCCTA-1,3
CATCAAACTGGCGCCC-1,9
CATCAACACCTACTAA-1,6
CATCATCTACCCGGAC-1,10
CATCATTACCCTGAGG-1,22
CATCCAATATAGTTTG-1,27
CATCCCGAGATTCATA-1,14
CATCCGCAGGCCCGAA-1,6
CATCCTCTCAAAGATC-1,18
CATCGAATGGATCTCT-1,10
CATCGCCCGCGGCCAA-1,0
CATCGGACGGGTTAAT-1,24
CATCGTCCGGTTACTA-1,17
CATCTACCCGAGAACG-1,5
CATCTAGTGAAGGGAA-1,6
CATCTATCCCGTGTCT-1,7
CATCTGCAGGATCATT-1,29
CATCTTACACCACCTC-1,2
CATGAACCGACATTTG-1,24
CATGAACCTCTTATCA-1,4
CATGACTTCGCTGAAT-1,7
CATGAGATGCACTCTC-1,14
CATGAGTCCATCACGG-1,28
CATGATACGGTGAAAC-1,18
CATGATCGCTTTGAGA-1,17
CATGATGCACAATTCT-1,17
CATGATGGAAGTTAGC-1,27
CATGCACATGAGAGGC-1,11
CATGCACGTGTTACTG-1,10
CATGCATGGAGACCCT-1,24
CATGCCAACTCGCAAA-1,25
CATGCGACCAGTTTAA-1,13
CATGCGTTAGACAGAA-1,11
CATGCGTTGAGAGGAG-1,26
CATGCTGGCTCCAATT-1,18
CATGGAAATGGGACCA-1,20
CATGGATTGTCTTCCG-1,5
CATGGCAGGAAGATCG-1,0
CATGGCTCCCTATGTC-1,17
CATGGGTATGCCTTAT-1,15
CATGGGTCGGGTGTGG-1,21
CATGGTAAGTAGCGTT-1,20
CATGGTATTAGTTTGT-1,19
CATGGTCTAGATACCG-1,9
CATGGTTTATTAATCA-1,3
CATGTAAGAGACATTT-1,23
CATGTAGGAGCGCCAA-1,1
CATGTCTCATTTATGG-1,16
CATGTGGGCTCATCAC-1,10
CATTACATAGATTGTG-1,5
CATTACGCAGGAAGGG-1,25
CATTACGTCGGCCCGT-1,10
CATTATAACAGGGTCC-1,15
CATTATCCCATTAACG-1,19
CATTATGCTTGTTGTG-1,18
CATTCACTGACAGCTA-1,0
CATTCAGGTCAGTGCG-1,5
CATTCCCATTCCGTCG-1,3
CATTCCCTAAGTACAA-1,10
CATTCGTCGTAGCGGT-1,9
CATTGATGAACACGCC-1,20
CATTGCAAAGCATAAT-1,1
CATTGCGAAATGGGCG-1,26
CATTGCGGGTCAATTC-1,20
CATTGTGTGCTAGATC-1,15
CATTTAGCGGACCATG-1,27
CATTTATCGTTCAAGA-1,16
CATTTCTAGCAGACTA-1,11
CATTTGAGTGGTACGT-1,5
CCAAACAGAACCCTCG-1,4
CCAAAGCAGTTGGTTG-1,15
CCAAAGTCCCGCTAAC-1,0
CCAAATAACAAGATTC-1,0
CCAAATCAAAGGGCAA-1,12
CCAACCTTATGTAACT-1,3
CCAACGATGCACTGAT-1,10
CCAACGCTTGCCAGGG-1,8
CCAACTTGATAGATCC-1,14
CCAAGAAAGTGGGCGA-1,5
CCAAGACTTCTGCGAA-1,11
CCAAGCGTAACTCGTA-1,9
CCAAGCTTGATCTCCT-1,4
CCAAGGAACAGAGAGG-1,6
CCAAGGTTGCCCTTTC-1,7
CCAAGTTTCTACAGAT-1,21
CCAATAGATTTCATCT-1,2
CCAATAGTGCCGTCGA-1,4
CCAATCGGTAGATCGA-1,3
CCAATGTCACAGCAAG-1,8
CCAATTACGGGTCGAG-1,8
CCAATTGAATGTTAAT-1,11
CCACAATGTACGTCTT-1,9
CCACACTGAGATATTA-1,2
CCACAGCTGAAATCAT-1,10
CCACAGTACCCATCCT-1,6
CCACATACTGCACCCA-1,15
CCACATGGCTCTTTAT-1,7
CCACCAACTTTACTGT-1,14
CCACCCAAGGAAAGTG-1,32
CCACCTGTATGGAATA-1,15
CCACGAATTTAACCTC-1,15
CCACGAGAAGAGAATC-1,17
CCACGGAGCCATAAGA-1,1
CCACGGCAGGTGTAGG-1,19
CCACGGTGCCCGGTAG-1,27
CCACGTAAATTAGACT-1,16
CCACTAAACTGAATCG-1,13
CCACTATCCGGGTCAC-1,14
CCACTCAGATCCGCAA-1,4
CCACTGGTGGCTGGTT-1,7
CCACTGTTTGGATTAA-1,6
CCAGAAACTGATGCGA-1,12
CCAGAAAGCAACTCAT-1,0
CCAGAGACAAAGCCGG-1,4
CCAGATAGTTGAGTGA-1,5
CCAGATGTAAATGGGT-1,16
CCAGCCTGGACCAATA-1,4
CCAGCGGGATCACCAG-1,5
CCAGCTACGCCTCATA-1,16
CCAGCTCGAACGCATT-1,5
CCAGCTGATGGTACTT-1,28
CCAGCTTCCGCCCGCA-1,20
CCAGGCGAGATGGTCT-1,0
CCAGGCTGGCGTCTGA-1,14
CCAGTAGTCTGATCCA-1,7
CCAGTCAAATCTCTTA-1,26
CCAGTCCATTATTCGA-1,3
CCAGTCTAGACGGCGC-1,26
CCAGTCTTGTCATAGA-1,14
CCAGTGAGCTCCTTGT-1,0
CCAGTGTACAGACCGA-1,2
CCAGTTCGGTAACTCA-1,20
CCATAAACAACCCGAC-1,28
CCATAACCTGTGCAGT-1,5
CCATACCTTTACTTGT-1,6
CCATACTCGCCTCTCC-1,23
CCATAGAGGCTGCCAG-1,16
CCATAGGTTGGCGTGG-1,1
CCATAGTCAGTAACCC-1,17
CCATATGGAAACTATA-1,6
CCATATTGGATCATGA-1,14
CCATCATAAGAACAGG-1,4
CCATCCATACCAAGTC-1,21
CCATCGCAGTTAAACT-1,21
CCATCTCACCAGTGAA-1,12
CCATCTTGTTCACAAT-1,11
CCATGCCCTAGATTTC-1,3
CCATGCCTGTTTAGTA-1,26
CCATGCTCTGCAGGAA-1,22
CCATGGCAAACGCTCA-1,16
CCATGGCCCTTGTACC-1,2
CCATGTTCATCTATAT-1,19
CCATTAGCGATAATCC-1,3
CCATTCCCTGCCCACA-1,0
CCATTGTTTCCTCCAT-1,28
CCATTTCTACCTATTA-1,28
CCCAAACATGCTGCTC-1,23
CCCAACATACGTCGCG-1,13
CCCAACCACACTAACA-1,8
CCCAAGAATGCACGGT-1,0
CCCAAGACAGAGTATG-1,2
CCCAAGTCATTACACT-1,14
CCCAATGAGATTTGCA-1,3
CCCAATTTCACAACTT-1,22
CCCAGAGGAGGGCGTA-1,26
CCCAGATTCCCGTGAC-1,1
CCCAGGAAGAATTCGA-1,14
CCCAGGTCTGAAGGCT-1,20
CCCAGTAAACTTGGGA-1,19
CCCAGTTAAGGCGCCG-1,13
CCCATATAGGTCGATT-1,20
CCCATTATTGTATCCT-1,6
CCCGAAGTTTCGCGAA-1,25
CCCGACCATAGTCCGC-1,11
CCCGAGTTTCTCCGTA-1,10
CCCGATAGCCTCGCCT-1,27
CCCGCAAATAATCATC-1,0
CCCGCAGCGCGAACTA-1,14
CCCGCAGGGCCCAAAG-1,11
CCCGCCATGCTCCCGT-1,12
CCCGCGCAATGCACCC-1,0
CCCGCTAGAGGGTTAA-1,10
CCCGCTTGCCCTCGTC-1,0
CCCGGCACGTGTCAGG-1,4
CCCGGCTAGGTGAGAA-1,20
CCCGGGTCGTTCAGGG-1,21
CCCGGTGGAAGAACCT-1,17
CCCGGTGTATCGGAAT-1,10
CCCGTAAGTCTAGGCC-1,19
CCCGTAGCTGGGAAGA-1,18
CCCGTCAGCGTCTGAC-1,26
CCCGTGAGGGCGGTGA-1,3
CCCGTGGGTTAATTGA-1,0
CCCGTTTCGCAGATGT-1,3
CCCTACCCACACCCAG-1,22
CCCTACTTGAACAATG-1,25
CCCTAGCTCTAAGGTC-1,1
CCCTAGGCAACAAGAG-1,30
CCCTAGTGTCAGGTGT-1,19
CCCTATGTAGAGCAGA-1,2
CCCTCAAGCTCTTAGT-1,9
CCCTCAGATCGAGAAC-1,20
CCCTCATTCTGGAATT-1,25
CCCTCCTCGCTCGTAT-1,4
CCCTCGATAATACACA-1,1
CCCTCGGGAGCCTTGT-1,2
CCCTGAAATGAGTTGA-1,11
CCCTGACTAACAAATT-1,1
CCCTGATGTAACTCGT-1,4
CCCTGCCCAATCCGCT-1,9
CCCTGCGCTACGCATA-1,2
CCCTGGCTGTTCCTTC-1,2
CCCTGGGAGGGATCCT-1,14
CCCTGGTATGGGCGGC-1,14
CCCTGTTGGCAAAGAC-1,6
CCCTTCTCGTACGCGA-1,12
CCCTTTAATGGAGTTC-1,18
CCCTTTGACAGGTCTT-1,0
CCGAAACACGACCTCT-1,2
CCGAAAGTGGTGAGCA-1,11
CCGAACACTGGGCCTC-1,0
CCGAACCTTCCCGGCC-1,28
CCGAAGCATTGACCAA-1,16
CCGAAGGGCGTACCGC-1,15
CCGAAGTATATTGTTC-1,14
CCGACAAACACATGAG-1,25
CCGACAAAGGGAGTGC-1,29
CCGACAATAGGCCGCC-1,0
CCGACGGGCATGAGGT-1,12
CCGACGTAAACACAAC-1,18
CCGACTCGCATAGTCT-1,24
CCGAGAAGTCGCATAA-1,6
CCGAGCTGTGCTTGTC-1,8
CCGAGGGATGTTAGGC-1,4
CCGATATGACGTAAGG-1,30
CCGATCTCAACCTTAT-1,6
CCGATCTTAAGAGGCT-1,2
CCGATTCGAGGGACCC-1,7
CCGATTGGTCAATGAA-1,11
CCGCACAAAGACCAAC-1,14
CCGCACACGAACGTGT-1,11
CCGCACGTGACCTCGG-1,6
CCGCACTTGCAATGAC-1,22
CCGCATGTGGTACGAT-1,6
CCGCCACCACAATCCA-1,18
CCGCCGGAACTTCTCG-1,22
CCGCCGGTCAACACAC-1,5
CCGCCGTTGAGGATAA-1,28
CCGCCTGCGAATTGGT-1,19
CCGCCTTGCGATGTCG-1,9
CCGCGATTTGGTAGGT-1,1
CCGCGCAAGATACCCA-1,22
CCGCGGAATGCGTCAC-1,17
CCGCGGGTACGAAGAA-1,0
CCGCGTAGGTAAGGGC-1,0
CCGCTATCAGCACCAG-1,20
CCGCTCCAGGGCGATC-1,16
CCGCTCCGGATAAGCT-1,2
CCGCTCTTCCGAACTA-1,6
CCGCTGGTGCCATTCA-1,29
CCGCTTACCTCACTCT-1,4
CCGCTTCGCGGTTAAC-1,5
CCGCTTGCTGACATGG-1,23
CCGGAAGTGCAATATG-1,10
CCGGAAGTTATCAGTC-1,1
CCGGAATGGTTTCAGT-1,18
CCGGAGCGTACTTTCT-1,21
CCGGAGGTCTTATGGT-1,1
CCGGCACGACCGTTTC-1,0
CCGGCCGCGAGCATAT-1,29
CCGGCGCATATTGGAT-1,15
CCGGCGTGAGACTCTG-1,15
CCGGGACCCGCAGAGA-1,4
CCGGGCGGTCTCGTCA-1,12
CCGGGCTAAGAATTTC-1,22
CCGGGCTGCTCCATAC-1,17
CCGGGTTCGAGGTTAC-1,11
CCGGTAATGGCTAGTC-1,8
CCGGTGCGAGTGATAG-1,19
CCGGTTTGTAATTGTG-1,0
CCGTAAGTTGGTCCCA-1,9
CCGTACCCAAGCGCCA-1,7
CCGTAGGAAATCCCTG-1,12
CCGTAGGGTTGTTTAC-1,7
CCGTATCTCGTCGTAG-1,21
CCGTATTAGCGCAGTT-1,7
CCGTCAACCTCTGGCG-1,19
CCGTGAGGCATTCATG-1,8
CCGTGCCCATGACGGC-1,22
CCGTGGAACGATCCAA-1,20
CCGTGTTAAATTCCAT-1,6
CCGTTACGTTAGAACA-1,25
CCGTTCCGAATCTCGG-1,23
CCGTTTCCTTTCCGTG-1,11
CCTAAACAGGGTCCGT-1,3
CCTAAAGGCTGACGCT-1,2
CCTAAATTAACGGTTC-1,10
CCTAAATTGTATCCTA-1,9
CCTAACCCAAACAAGT-1,12
CCTAACTAAGGCTCTA-1,3
CCTAAGTGTCTAACCG-1,4
CCTACAAGTCCGGAAT-1,18
CCTACAGTTGAGGGAG-1,30
CCTACATTCACAGACG-1,13
CCTACGCGACCTTACA-1,15
CCTACGGCTCAGTCGA-1,4
CCTACTCAACACGATT-1,10
CCTACTGCGGCGGCCA-1,12
CCTACTGCTTACACTT-1,4
CCTAGGCGTAGCGATC-1,28
CCTAGGTAAAGGTAGC-1,30
CCTAGTTAGTCGCATG-1,11
CCTATAATGAGTGCCC-1,20
CCTATACCGTCCTGTC-1,9
CCTATATCGTGTCACG-1,9
CCTATATTTGTCCTGG-1,10
CCTATCTATATCGGAA-1,12
CCTATGAAGTGGTGCC-1,8
CCTATGGCTCCTAGTG-1,19
CCTATGGGTTACCGTC-1,7
CCTATGGTCAAAGCTG-1,4
CCTATGTCCACTCCAC-1,8
CCTATTATTCCGGCCG-1,0
CCTCAACGATCGCTGT-1,25
CCTCACCAATCTTGAC-1,7
CCTCACCTGAGGGAGC-1,23
CCTCACCTTAGCATCG-1,1
CCTCACGTCAGCTAAT-1,4
CCTCATGCAGCTACGA-1,4
CCTCCCGACAATCCCT-1,10
CCTCCGACAATTCAAG-1,16
CCTCCTAGCTAGAGTC-1,11
CCTCCTGAGCCCACAT-1,12
CCTCCTGTTGTGTCGT-1,20
CCTCGAAGTGGACGGG-1,20
CCTCGACCCACTGCCT-1,7
CCTCGCCAGCAAATTA-1,11
CCTCGCGCGATATAGG-1,17
CCTCGCGCTGTGCGAT-1,15
CCTCGGACCGGGATAG-1,7
CCTCGGATGCTACCTG-1,17
CCTCGGTTTCCTTGCC-1,12
CCTCGTTACGCCTGTT-1,13
CCTCTAATCTGCCAAG-1,19
CCTCTACAAGGATTGG-1,23
CCTCTATCGATTAGCA-1,4
CCTCTCTCCCATCTAG-1,0
CCTCTGGCCTAGACGG-1,11
CCTCTGTACTATTCTA-1,31
CCTGAACGATATATTC-1,8
CCTGAATATTTACATA-1,1
CCTGACAAACTCGCGC-1,2
CCTGACCACCGATGGT-1,18
CCTGACGCAACCTTTA-1,2
CCTGAGAATAAATGCA-1,21
CCTGATTCGCGAAGAA-1,16
CCTGCCCGTTGTCTAG-1,2
CCTGCGATAGAACTGT-1,5
CCTGCGTTCTACGCTT-1,2
CCTGCTATTTGAGAAG-1,0
CCTGGAAACGTTCTGC-1,12
CCTGGCTAGACCCGCC-1,2
CCTGGTCGAATGTGGG-1,18
CCTGTAAGACATGATA-1,8
CCTGTACTCACGCCCA-1,27
CCTGTCACCCGGGCTC-1,27
CCTGTCCCTCACGTTA-1,15
CCTGTCGCCCGTAAAT-1,23
CCTGTCGTGTATGAAG-1,31
CCTGTGAAACCGTAAC-1,6
CCTGTGCATAGGAGAC-1,13
CCTGTGCGGATTGTAA-1,29
CCTGTTCAACCTCGGG-1,16
CCTGTTTGAAGACACG-1,16
CCTTAAGTACGCAATT-1,10
CCTTCAGTTAAAGTGA-1,12
CCTTCCGCAACGCTGC-1,18
CCTTCGTATAGAATCC-1,12
CCTTCTCAGCGTTCCT-1,1
CCTTCTTGATCCAGTG-1,1
CCTTGACCACTTTATT-1,6
CCTTGTGAACGTGGTT-1,32
CCTTTAAGGGAGCACT-1,18
CCTTTCAATGAAGAAA-1,24
CCTTTGAATTATGGCT-1,9
CGAAACATAGATGGCA-1,19
CGAAACGCAATTCATG-1,28
CGAACAGTATGGGCGT-1,18
CGAACATAGTCAGAAA-1,9
CGAACCCGCATGCGTC-1,6
CGAACCTCTTTCCTAG-1,19
CGAACGCCCAGTGCCG-1,13
CGAACGGCCGGACAAC-1,19
CGAAGACGGTGAGTGC-1,19
CGAAGACTGCCCGGGA-1,18
CGAAGATCAGTTTCAT-1,31
CGAAGCCACAGCATGG-1,4
CGAAGCTATAAATTCA-1,23
CGAAGGGTTTCAGATT-1,11
CGAAGTTGCTCTGTGT-1,16
CGAATCTGCTCGACGC-1,29
CGAATGAAGTCATTGC-1,9
CGAATGACGCATAATG-1,7
CGAATGGTAGGTCGTC-1,29
CGAATTACATGGTGTT-1,19
CGAATTCCCGGTTCAA-1,0
CGACAATTTGATCTAA-1,9
CGACACCGCTTAAGGA-1,17
CGACACGCTCCGACAG-1,20
CGACACGGATGCCCAC-1,26
CGACAGTTCGCGTTAT-1,21
CGACATGCGATCTTCT-1,11
CGACCCTTAACGCCGG-1,1
CGACCGTTGGTATTCG-1,2
CGACCTACTAGACAAT-1,8
CGACGCATCCGTACCT-1,19
CGACTCAGGATGTTAT-1,7
CGACTCGGTACACGGT-1,0
CGACTTTGTATAGCCT-1,26
CGAGACCCTAGAGTGT-1,18
CGAGACTACTGCTGCT-1,6
CGAGAGATGTGAACCT-1,1
CGAGAGCGCGTAGATA-1,17
CGAGAGCTTTCACTAC-1,5
CGAGAGGGTAGCCGCG-1,27
CGAGATGTTGCCTATA-1,1
CGAGATTTCGCTCGGG-1,5
CGAGCACTTCAAGTTT-1,11
CGAGCCGAGCACTCGA-1,15
CGAGCGTTGATCAGCC-1,10
CGAGCTGGGCTTTAGG-1,11
CGAGGAGCTTCCATAT-1,13
CGAGGATCGGGAACGA-1,3
CGAGGCCAGGCATTGG-1,16
CGAGGCTAAATATGGC-1,16
CGAGGGACTGCGGTCG-1,4
CGAGGGTATCCAGGTG-1,13
CGAGTACTAAAGAGGA-1,10
CGAGTGAAGGTACCAG-1,0
CGAGTGCTATAGTTCG-1,18
CGAGTTCTGTCCCACC-1,22
CGAGTTTATCGGACTG-1,6
CGATAACCAATTTGAG-1,2
CGATAATACTCAGGTT-1,7
CGATACCTCGCGGACA-1,2
CGATAGCGATACAGTG-1,29
CGATAGTCGTACTGCA-1,10
CGATATTAGCCGCAGG-1,28
CGATCATTAGAGGCAC-1,20
CGATCCACCATTGTTG-1,9
CGATCCGACCCAGTGC-1,20
CGATCCTCGCAACATA-1,23
CGATCGAGAAGCACCA-1,0
CGATCTGTTGGAGGAC-1,7
CGATGGACCCTACGCC-1,13
CGATGTTGTTATCTAC-1,12
CGATTAAATATCTCCT-1,18
CGATTCGCCTGGCTGC-1,31
CGATTTGTCATTAATG-1,11
CGCAAACACGAGTTAC-1,11
CGCAATCGATCATTAG-1,2
CGCAATTACTTTCGGT-1,18
CGCAATTAGGGTAATA-1,0
CGCAATTCTACAATAA-1,3
CGCACATGTCCACTAC-1,4
CGCACGTCTGTTTATG-1,30
CGCACGTGCGCTATCA-1,26
CGCAGAAACATTTGCG-1,10
CGCAGATCTTCACCCG-1,15
CGCAGGCGATCCAAAC-1,14
CGCAGTTCTATCTTTC-1,11
CGCATCATGGCTTCAG-1,5
CGCATCCATCAGCCAG-1,25
CGCATGCCGAATGCGT-1,26
CGCATGGTGCGATGCT-1,0
CGCATTAGCTAATAGG-1,23
CGCCAAGAAGCCGAGT-1,30
CGCCAATTATTGCGTT-1,25
CGCCACAGGTCGCGAT-1,16
CGCCACCCGCATTAAC-1,17
CGCCAGTAGTACCTTG-1,6
CGCCATCCGATTATGA-1,16
CGCCCAGCACGCCTAG-1,3
CGCCCAGCGTTTCACG-1,7
CGCCCGCTTCCGTACA-1,3
CGCCCTAATTGTTCAA-1,11
CGCCCTTACATCCACC-1,3
CGCCCTTGAAGGCTGA-1,1
CGCCGACTATTCGCTA-1,19
CGCCGCCCATGCCTGT-1,10
CGCCGCGTTCTGAACG-1,11
CGCCGGTGTCGCAGTA-1,26
CGCCGTCTACCCATCG-1,0
CGCCGTTCAGCATAGT-1,3
CGCCTCCCTCCTCTAT-1,9
CGCCTGGCCTACGTAA-1,4
CGCCTTTAGCATGCTC-1,3
CGCGAAGTGGCATACT-1,10
CGCGACACTGCGCAGC-1,23
CGCGACCGCGACAGAT-1,0
CGCGAGAGGGACTTGT-1,9
CGCGAGTCTGCCGGGT-1,21
CGCGCAAATGTCCAGA-1,20
CGCGCAAGGAACTACA-1,0
CGCGCATGTTTGATTG-1,8
CGCGCCCGACTTAATA-1,22
CGCGGCAGTATTACGG-1,29
CGCGGCTCAACTTGAA-1,3
CGCGGGAATTAGGCAG-1,23
CGCGGGAATTCCTTTC-1,30
CGCGGTAAGTCTAGCT-1,8
CGCGGTACGGTATACA-1,24
CGCGGTCACAAACCAA-1,6
CGCGTACATTCTGGAA-1,4
CGCGTCATATTAAACC-1,28
CGCGTGCTATCAACGA-1,17
CGCGTGGGCCTGTGTT-1,10
CGCGTTCATGAAATAC-1,0
CGCTACCGCCCTATGA-1,22
CGCTACGGGACATTTA-1,15
CGCTAGAGACCGCTGC-1,5
CGCTATACCGCCCACT-1,13
CGCTATCGTGGCTTTA-1,0
CGCTATTCAATGTATG-1,21
CGCTATTCTTAGGCTC-1,5
CGCTCGACATAATGAT-1,11
CGCTCTCCGTAGATTA-1,5
CGCTGAGGACGTCCAA-1,3
CGCTGGTGACTACCCT-1,3
CGCTGTGACGCCGCAC-1,1
CGCTGTGTGGATGTTG-1,17
CGCTTAGTATTGATAC-1,25
CGCTTATTCCCGGTCG-1,21
CGCTTCCACTGAAATC-1,5
CGCTTCGGTCTAAGAC-1,15
CGCTTGGACGGATAGA-1,30
CGCTTTCATACCGGTG-1,24
CGCTTTCCGCCAAGGT-1,6
CGCTTTCTTGCATTCG-1,1
CGGAAAGAATCAAACG-1,14
CGGAAAGCAAATGTGC-1,0
CGGAAATTTCACATCC-1,22
CGGAACGTAAACATAG-1,11
CGGACCTCTGTAGTTA-1,19
CGGACCTTTACGTCCC-1,6
CGGACGTTACTTGAAG-1,26
CGGAGCAATTTAATCG-1,8
CGGAGCATGGCGATCC-1,21
CGGAGCTTATAACACC-1,4
CGGAGTCCTAACCTGG-1,15
CGGAGTTTGAGAGACA-1,0
CGGATAAGCGGACATG-1,6
CGGATCCTCAAGGACT-1,14
CGGATGAATGCTGTGA-1,6
CGGCAAACATCGTGCG-1,3
CGGCAATAAGATCGCC-1,5
CGGCACCGTTAGCGCC-1,30
CGGCACTCAAGAAAGT-1,11
CGGCAGGGTCGGGTTG-1,25
CGGCCACGCACAAAGT-1,15
CGGCCAGAGCGACCAT-1,1
CGGCCCAACCTGTAGT-1,8
CGGCCCAGGTATATCC-1,23
CGGCGCCATCAATCCC-1,16
CGGCTCTAAAGCTGCA-1,23
CGGCTCTTCGTCGAAC-1,18
CGGCTGAAGGTTACGC-1,12
CGGCTGCAAGATTAAG-1,17
CGGCTTTGTATGATAA-1,26
CGGGAACGCCCTGCAT-1,5
CGGGAAGTACCGTGGC-1,10
CGGGAATATAGTATAC-1,12
CGGGAATTTATGTAAA-1,13
CGGGAGCTTCAGTGTA-1,28
CGGGAGTATACCGCCG-1,20
CGGGATCAATGTAAGA-1,1
CGGGCAGCTAAACCGC-1,22
CGGGCCATAGCCGCAC-1,4
CGGGCCTTCTTTGTAA-1,21
CGGGCGATGGATCACG-1,31
CGGGCTACTTAAATTG-1,16
CGGGTGTACCCATTTA-1,5
CGGGTTCGGCACGTAT-1,0
CGGGTTGTAGCTTTGG-1,8
CGGGTTTGTTAGGGCT-1,21
CGGTAACAAGATACAT-1,25
CGGTACGGCAAACCCA-1,16
CGGTACTAGAATCAAA-1,5
CGGTAGAGGTGCAGGT-1,3
CGGTATAGGTATTAGC-1,25
CGGTATGGGCACTCTG-1,27
CGGTCAAGTGGGAACC-1,9
CGGTCAGTCCATATTT-1,26
CGGTCCATGAGACTCC-1,21
CGGTCCGTCGCAAGCC-1,20
CGGTCTATCAACCCGT-1,21
CGGTGAAGACTAAAGT-1,2
CGGTGCAGATAGAACG-1,0
CGGTGCGCGTTGGTCC-1,2
CGGTGGGCTCCAGCCT-1,14
CGGTGTACTTGATCCC-1,18
CGGTTATCCAACAGTG-1,0
CGGTTCAAGTAGGTGT-1,13
CGGTTCCGGCTTCTTG-1,18
CGGTTGACCTGGCATA-1,1
CGGTTGAGTATCCTTC-1,29
CGGTTGGGCAGGGTCC-1,17
CGGTTGGGTTCAAGTT-1,8
CGGTTTACTGAACATT-1,20
CGGTTTATGAAGGAAC-1,4
CGTAAACGCTTGAGTG-1,18
CGTAAAGCAAGAAATC-1,19
CGTAAATAACAAAGGG-1,27
CGTAACGGAACGATCA-1,27
CGTAACTTCGACACTT-1,10
CGTAATAATTACGAGT-1,17
CGTACCGAAAGTCTAG-1,3
CGTACCTGATAGGCCT-1,9
CGTAGAGAGTAATTAT-1,7
CGTAGCGAATTGTCAG-1,26
CGTAGCGCCGACGTTG-1,31
CGTATCTAGAACTAAG-1,1
CGTATTAAGAGATCTA-1,30
CGTATTGTTTCCTAAT-1,21
CGTATTGTTTGGCGCC-1,4
CGTCAAATGGTCGCAG-1,2
CGTCAAGGCTATAAAT-1,7
CGTCAATCTTTAACAT-1,5
CGTCACGTCCATTGGT-1,19
CGTCAGCTATTTACTC-1,0
CGTCAGTGCGCACAAG-1,25
CGTCAGTTTATCGTCT-1,6
CGTCATACCATATCCA-1,2
CGTCCAGATGGCTCCA-1,4
CGTCCTCATCGCGTGC-1,23
CGTCGCATGTGAGCCA-1,10
CGTCGCGGCGGGATTT-1,12
CGTCGCTTGGTTATAC-1,9
CGTCGGATAGTGTTGA-1,20
CGTCGGGTCTAAGCGC-1,20
CGTCGTCCTTCGCGAA-1,25
CGTCTCTCGCCGAGGC-1,11
CGTCTGGAAGGGCCCG-1,11
CGTCTTGAGTGTGACG-1,2
CGTGAACTGACCCGAT-1,7
CGTGAAGTTAATTCAC-1,22
CGTGACATTGGGTCGT-1,13
CGTGACCAGTCCTCTG-1,9
CGTGCACACCACTGTA-1,15
CGTGCAGACTGGGACA-1,9
CGTGCATTGTCGACGC-1,23
CGTGCCCGACATTTGT-1,9
CGTGCCCTCCCGAAGA-1,17
CGTGCTGGCCTAGTCG-1,4
CGTGCTTCTACCTAAA-1,19
CGTGGAAGCCTCGTAC-1,6
CGTGGCCGAATATCTA-1,4
CGTGGTACCCAAAGGC-1,9
CGTGTATGGGAGCTGA-1,18
CGTGTCCCATTCGCGA-1,9
CGTGTCTCGTTACGAC-1,17
CGTGTGTTAAACCCTG-1,25
CGTTAAACTAGTTAGG-1,32
CGTTAAATACGACCAG-1,7
CGTTAATGTCCCGACG-1,13
CGTTAGCTCACAACTG-1,13
CGTTATCATACTTCCA-1,10
CGTTCAAGGAAACGGA-1,31
CGTTCAGACCCGCGAA-1,7
CGTTCATGGTGCGCGT-1,14
CGTTCTTCGCACACCT-1,30
CGTTGAATACCGCGCT-1,0
CGTTGAGCGACCGTCG-1,9
CGTTGAGTAATTGCGT-1,13
CGTTGCCCGCGTGGGA-1,5
CGTTGTAAACGTCAGG-1,4
CGTTGTAAGATTGATT-1,26
CGTTGTCGGCAATTGA-1,8
CGTTGTTTCAATTCCC-1,13
CGTTTAAGCGGAGCAC-1,10
CGTTTACAAGGCAGCT-1,3
CGTTTCACTTCGGGCG-1,27
CGTTTCGCTCATTACA-1,26
CGTTTCGGTTATATGC-1,3
CGTTTGGTGTTGTGGG-1,10
CGTTTGTGTAGAGGGT-1,19
CTAAACGGGTGTAATC-1,10
CTAAAGAATGCCTACT-1,18
CTAAAGGATGAGATAC-1,6
CTAAAGGGAAATAGGA-1,3
CTAAAGTCCGAAGCTA-1,10
CTAAATCCGGTGTACA-1,21
CTAAATCCTATTCCGG-1,9
CTAACAGCACAATAAC-1,8
CTAACCGCGCGCCCGT-1,9
CTAACGAAACTTGCTG-1,7
CTAACTGATAATCGCC-1,3
CTAACTGGTCCGGTTC-1,17
CTAAGGGAATGATTGG-1,23
CTAAGTACAGGGCTAC-1,28
CTAATGCGCCCAACAA-1,14
CTAATTATGAAGCGTA-1,10
CTAATTCGCACGCGCT-1,25
CTAATTCTCAGATATT-1,0
CTAATTTCAACAACAC-1,25
CTACAAGAAATAACCC-1,5
CTACACTAGCTTGTTC-1,22
CTACACTCGCAGATGG-1,6
CTACATATCGCGGGAC-1,28
CTACCCTAAGGTCATA-1,9
CTACGAACTAGGTCGA-1,14
CTACGACTAGCTATAA-1,22
CTACGATCCTATCCTA-1,9
CTACGCACGGAGTACC-1,15
CTACGCCATTTCCGAT-1,2
CTACGTGTTGCCACCA-1,8
CTACTATCATAGGTTT-1,6
CTACTATCTTTCAGAG-1,14
CTACTCAAGGTATAGT-1,25
CTACTCTAGGCCCGGC-1,25
CTACTGCCACCTGACC-1,19
CTAGACATATATGTAG-1,21
CTAGACTGCATTTCGT-1,8
CTAGATAAACTCCTCG-1,22
CTAGATGTGAGTGTAA-1,21
CTAGATTTACGACGGC-1,18
CTAGCAACTAATTTAC-1,10
CTAGCATAGTATAATG-1,20
CTAGCCACAGGCGAGC-1,11
CTAGCCCGGGAGACGA-1,4
CTAGCCGATGTTATGA-1,24
CTAGCGCCAATCCTAC-1,1
CTAGCTTAATGGTCCC-1,16
CTAGGCGCCCTATCAG-1,28
CTAGGCGGCAGAGAAT-1,17
CTAGGGATAGGGACAA-1,3
CTAGGTCTGAAGGAAT-1,9
CTAGGTTCGGACGTGA-1,24
CTAGTAGAAAGGGATT-1,9
CTAGTATTCGGAATTA-1,0
CTAGTCACGTCTTAAG-1,23
CTAGTGAAGGACAGGA-1,27
CTAGTTACAACCCGGT-1,4
CTAGTTGGGCCCGGTA-1,26
CTATAAGAGCCAATCG-1,24
CTATAAGTAGGGTTTG-1,23
CTATACTTAAAGCGAG-1,16
CTATAGGCGTTGATGT-1,4
CTATATCCAGCCTGGC-1,26
CTATCACAACGCTGGA-1,10
CTATCGACGAAATACA-1,21
CTATCGCGTAGAGAAC-1,7
CTATCGGGTCTCAACA-1,26
CTATGAACACCTTGCC-1,21
CTATGCCCGAATGCAA-1,13
CTATGGGAAGCGGAAT-1,27
CTATGTCACTAGCCCA-1,1
CTATGTCTATTGAAAC-1,8
CTATGTGAGTCACGGC-1,15
CTATTCATGTGTCCCA-1,12
CTATTGTGTTTGGTCA-1,6
CTATTTGCTTGGAGGA-1,27
CTATTTGGTTACGGAT-1,4
CTCAAACCACTGCCCG-1,8
CTCAACTAACCCGGAT-1,4
CTCAAGACATTAGCGC-1,18
CTCACACGCAAGCCTA-1,14
CTCACATTTACTAAAT-1,24
CTCACCAGTACAAGTG-1,17
CTCACCGATCCAAACT-1,26
CTCACTGTGATACTTA-1,26
CTCACTTGGCTGGTAA-1,15
CTCAGAGCTAATGTCG-1,11
CTCAGATTGTGATAAG-1,2
CTCAGCAGACTGCCGA-1,5
CTCAGGACTCACCTGT-1,12
CTCAGTCACGACAAAT-1,6
CTCATAAATGTGTATA-1,0
CTCATCACTTAGTGAT-1,5
CTCATGGCTCACAATC-1,10
CTCATGGTAATTTGCG-1,4
CTCATTAACGTTGCCC-1,19
CTCATTCGTGAACATC-1,29
CTCATTGCTCTAACAA-1,2
CTCATTTGATGGGCGG-1,12
CTCCCAATGAGTCGCG-1,3
CTCCCTCCTTTCGATC-1,5
CTCCCTTGTATCAAGG-1,16
CTCCGAGTAAATCCGC-1,1
CTCCGCCCACATGAGG-1,9
CTCCGGCCTAATATGC-1,16
CTCCGGCTTGTAGACA-1,31
CTCCTAAGTTATGTCT-1,9
CTCCTAGTAATCGTGA-1,11
CTCCTCCAGCTCACAC-1,16
CTCCTGTTCAAGGCAG-1,9
CTCCTTTACGCAAGTC-1,15
CTCGAATGGAACGTAT-1,9
CTCGAGACATACGATA-1,1
CTCGAGATCCAAAGCA-1,14
CTCGAGGCAAGTTTCA-1,16
CTCGAGGTCGAACAGT-1,12
CTCGATATTTGCGAGC-1,15
CTCGCACCTATATAGT-1,26
CTCGCATTGCATAGCC-1,9
CTCGCCGAATGTAGGG-1,13
CTCGCTAGGTAAGCGA-1,30
CTCGGGATAACACCTA-1,4
CTCGGGCATCGTCGGG-1,21
CTCGGGTTCTCTGGCC-1,11
CTCGGTACCACTGCTC-1,16
CTCGGTCCGTAGCCTG-1,19
CTCGGTTGTCGGCCCT-1,26
CTCGTCGAGGGCTCAT-1,10
CTCGTCTGTGCCTTCG-1,3
CTCGTGGCACTGAAAG-1,0
CTCGTTACGGCTACCA-1,1
CTCGTTTCTAATGTTT-1,14
CTCTAACACCGGCAGC-1,4
CTCTAATGCATTGATC-1,16
CTCTACACTGGCGATT-1,4
CTCTACATCCTGCGTG-1,4
CTCTAGCCCTCGGAAA-1,8
CTCTATTTGGCTGCAG-1,6
CTCTCACAATCGATGA-1,10
CTCTCGATGTGCGCCT-1,0
CTCTCGCTGTACTATG-1,1
CTCTCTAACTGCCTAG-1,21
CTCTGCAGGCATTCTT-1,30
CTCTGCGAAGCAAGCA-1,11
CTCTGGACGCCTGGTG-1,13
CTCTGTCCATGCACCA-1,15
CTCTGTGCCTGCTATG-1,30
CTCTGTTTGAGGATTC-1,1
CTCTTCTATTGACTGG-1,13
CTCTTCTGGAAGTTAG-1,6
CTCTTGTCCCGCTTGG-1,18
CTGAAACGGCCCTCAG-1,1
CTGAAAGAGATCCGAC-1,18
CTGAATCCGAGACCTC-1,20
CTGAATTTATTGCCAG-1,12
CTGACATAGAAATAGA-1,4
CTGACTGCGCAGCTCG-1,12
CTGAGAAAGTTCGGCG-1,8
CTGAGAGTAGAAATAC-1,1
CTGAGCAAGTAACAAG-1,17
CTGAGCGAGACTTATT-1,28
CTGATAGTGTATCTCA-1,26
CTGATCCCTTTATGCA-1,1
CTGCAAATGGGCTCCA-1,18
CTGCAAGCACGTTCCG-1,10
CTGCACAACTACATAT-1,14
CTGCACCTAGTCCACA-1,5
CTGCACCTGGAACCGC-1,13
CTGCACTCCAGTACAG-1,18
CTGCAGAGAATCAGAG-1,20
CTGCAGGGTGACGCTC-1,31
CTGCAGGTGCTCGGCC-1,12
CTGCCAAGGTTGGAAG-1,1
CTGCCATGCATCACAT-1,31
CTGCCCACGAAGCGTT-1,16
CTGCCTAGCCACCAAG-1,11
CTGCCTCATATGCAAC-1,2
CTGCCTTTAATACCTT-1,1
CTGCCTTTCTAGTAAA-1,23
CTGCGACCTCGCCGAA-1,5
CTGCGATTTCGAGATT-1,8
CTGCGGGTGAAATGTT-1,13
CTGCGGTAGTCACGTG-1,9
CTGCGTTACGATATAA-1,18
CTGCTCTCAACACACC-1,11
CTGCTCTGACGGCAAA-1,23
CTGCTGAGGCCACGAA-1,14
CTGCTGTCTAACGAGC-1,14
CTGCTTGGCGATAGCT-1,27
CTGCTTTATGTCCGCG-1,1
CTGGAAATGGATGCTT-1,7
CTGGAAGACACGGTGG-1,26
CTGGACGCAGTCCGGC-1,1
CTGGATTTACACTTGA-1,3
CTGGCATCCGAATGAG-1,24
CTGGCGACATAAGTCC-1,10
CTGGCGATTTACATGT-1,5
CTGGCGCACAGGTCTG-1,9
CTGGCGGGAATAAGTA-1,18
CTGGCTCCTGCGGGAT-1,5
CTGGCTGATTCATCCT-1,27
CTGGCTGCTAACGTAA-1,1
CTGGCTGGTTGTCAGT-1,18
CTGGGATAAATAATGG-1,10
CTGGGATACGCTACCC-1,13
CTGGGATCGCCCAGAT-1,21
CTGGGCACTAGTCGGA-1,11
CTGGGCCTGCTATATC-1,11
CTGGGCGGCCAAATGT-1,29
CTGGGCTACTGGAGAG-1,21
CTGGGCTATCCTTTGG-1,25
CTGGGTAGGCAGTTAA-1,18
CTGGGTTGAGTTAAAG-1,19
CTGGTAAAGACTTACA-1,7
CTGGTAAAGTGTGGGC-1,3
CTGGTAACACATAGAA-1,5
CTGGTAACGAGCTCTT-1,2
CTGGTCATTCCAATCC-1,5
CTGGTCCTAACTTGGC-1,1
CTGGTGAATGGGCCTA-1,24
CTGGTTCAACGCATCA-1,13
CTGGTTCGCGAGCTAC-1,28
CTGGTTTCGAGCAAGA-1,16
CTGTACTTCTTAGCAT-1,29
CTGTAGCCATCTCACT-1,8
CTGTAGTGAGGATCGA-1,10
CTGTATGGTGTAGAAA-1,1
CTGTCAAATGGCTCGG-1,9
CTGTCACGCCAGGCGC-1,13
CTGTCCTGCGCACTAC-1,22
CTGTCTGTGGCTGGCT-1,5
CTGTGCAGGGTAGGTC-1,17
CTGTGGTCGGGAGATA-1,14
CTGTTACCCAATCTAG-1,0
CTGTTCACTGCCTGTG-1,5
CTGTTCATCTCACGGG-1,8
CTGTTGGCTCTTCTGA-1,17
CTGTTGTTCAGTCGTA-1,16
CTTAAATAAGACCCAT-1,29
CTTAACTTACAGTATA-1,14
CTTAACTTCGAAGTAC-1,7
CTTAAGCAGCGAGCCG-1,2
CTTAATCGACTTAGTA-1,7
CTTACACGGTATTCCA-1,8
CTTACACTGGGAAATA-1,32
CTTACATAGATTTCTT-1,14
CTTACTGACTCCTCTG-1,13
CTTAGATGTTTCATCC-1,1
CTTAGCCCGGATAGTG-1,17
CTTAGCCTTCCACATG-1,6
CTTAGGTATAGACCAG-1,1
CTTAGGTCCCAATCGT-1,11
CTTAGTAGGCCTACAG-1,27
CTTAGTGTAGTAGCAT-1,5
CTTAGTTGAGGAATCG-1,30
CTTATAGATGGCTGTT-1,5
CTTATGCGCTCAGGGC-1,13
CTTATGTTGACTACCA-1,16
CTTCAACTCCACTTGG-1,14
CTTCACGCCCTGGTAC-1,27
CTTCAGTGGTCGCCTA-1,11
CTTCAGTTGGACAACG-1,25
CTTCATAGCTCAAGAA-1,5
CTTCATTGTCAGTGGA-1,12
CTTCCGCTCCGTGAAG-1,8
CTTCCTGCATATTTAC-1,28
CTTCGATTGCGCAAGC-1,15
CTTCGGCCAATTGTTT-1,7
CTTCGTAGATAGGTGA-1,6
CTTCGTGCCCGCATCG-1,21
CTTCTATGTTGAAGTA-1,0
CTTCTATTAATGCTAG-1,16
CTTCTGGGCGTACCTA-1,1
CTTCTTACGTCGTATA-1,0
CTTGACCCGAAAGATA-1,8
CTTGAGGTTATCCCGA-1,8
CTTGAGTTAGGGTAAT-1,4
CTTGATGACCATCCAG-1,0
CTTGCAACCGCCTCCT-1,25
CTTGCCCACCCACGCA-1,6
CTTGCCCAGGCTCTAC-1,6
CTTGGCCAAGCTGGGA-1,22
CTTGTACTTGTTGACT-1,21
CTTGTCAACATTCGAG-1,6
CTTGTCGTACGTGTCA-1,15
CTTGTGAGGACAGCGG-1,4
CTTGTGAGTCTTTGAC-1,12
CTTGTGCTCACCGATT-1,27
CTTGTTGCTGAGTCAA-1,23
CTTGTTTATGTAGCCA-1,26
CTTTAACTTTCAAAGG-1,16
CTTTAATATTGGTCGA-1,15
CTTTACCGAATAGTAG-1,21
CTTTAGGAACACTGTT-1,7
CTTTAGTGCTATTATT-1,6
CTTTATCCGACGCATG-1,13
CTTTCTGTGCGGGCTT-1,23
CTTTGAAACATATTCC-1,11
CTTTGACGTCGCTTCT-1,7
CTTTGCATCGCTCTTG-1,25
CTTTGCTGTCATGGAT-1,32
CTTTGGCAGACAGAGT-1,5
CTTTGGCGCTTTATAC-1,22
CTTTGGCTTTAGTAAA-1,3
CTTTGGGATTGTTGCA-1,13
CTTTGTCGAATGCTCC-1,18
GAAACAGATGACCACC-1,0
GAAACAGCCATGCAGT-1,4
GAAACATAGGAAACAG-1,19
GAAACCATGGTGCGCT-1,7
GAAACCGAATTACCTT-1,10
GAAACCTATACAAATG-1,8
GAAACTCGTGCGATGC-1,9
GAAACTCTAATGAAGG-1,1
GAAAGAACAGCGTTAT-1,19
GAAAGCAGTGCACTTT-1,21
GAAAGCCCTTTGGACC-1,29
GAAAGTGACTAACTGC-1,31
GAAATACCTGCTGGCT-1,8
GAAATACTAAACGTTT-1,22
GAAATATCACCATCAG-1,29
GAAATATGCTTGAATG-1,1
GAAATCGCGCGCAACT-1,12
GAAATCTGACCAAGTT-1,15
GAAATGGCGGTGTTAG-1,9
GAAATGGGATGTAAAC-1,18
GAAATTAGCACGGATA-1,30
GAAATTCACATCGCTG-1,8
GAAATTGTCTCTATAA-1,1
GAACAACTGGGATGAA-1,6
GAACACACATCAACCA-1,0
GAACAGATTACTAAAT-1,0
GAACATTAGTATGTTA-1,2
GAACCATCTGGGAGAC-1,28
GAACCCTCTGTGTTCT-1,5
GAACCTCGACCTACAC-1,15
GAACCTTTAACGATCC-1,30
GAACGACCGAATGATA-1,4
GAACGATAAGTTAAAG-1,16
GAACGCGGGTCACACG-1,3
GAACGGTGTAAAGCAG-1,28
GAACGTCTCATGGTCG-1,23
GAACGTTAGGAAGACG-1,29
GAACTGTGGAGAGACA-1,10
GAACTTAGCGCCCGGT-1,28
GAACTTGTGCACGGGA-1,11
GAAGAAACGATATTGT-1,1
GAAGAACGGTGCAGGT-1,18
GAAGACTTCAATGCCG-1,22
GAAGCAAGGCAATGTT-1,15
GAAGCCACTGATTATG-1,5
GAAGCCGGGTAAGCTC-1,17
GAAGCCTGCACATTCC-1,6
GAAGCGTGAGGAATTT-1,19
GAAGCTCGGACCCGTC-1,4
GAAGCTCTTTGCTTAG-1,10
GAAGCTTGCTGACCGC-1,3
GAAGGACTAAATTGAA-1,6
GAAGGAGTCGAGTGCG-1,21
GAAGGCTACCATTGTT-1,20
GAAGGGCATAACCATG-1,23
GAAGGGTCATTAAGAC-1,8
GAAGTCAGTTGCACTA-1,18
GAAGTCTCCCTAGCGA-1,4
GAAGTGATTTATCGTG-1,19
GAAGTGCTGGATAGCT-1,28
GAAGTTTCCACTCAAT-1,17
GAATAGACGCGACCCA-1,17
GAATAGCATTTAGGGT-1,12
GAATAGCCCTGCGGTC-1,3
GAATAGTGCTCGATTA-1,21
GAATATTCGGAGTCCC-1,13
GAATCGACATGGTCAC-1,14
GAATCGCCGGACACGG-1,5
GAATCTATACTCGGAC-1,10
GAATCTGAACATTCTC-1,4
GAATGAAGGTCTTCAG-1,8
GAATGCCGAAATGACC-1,10
GAATGCGAATCGGTTC-1,4
GAATGGGCTTATCGAC-1,24
GAATGTATGGCAGGTC-1,0
GAATGTGGTCCGGATT-1,4
GAATGTTGGGTAATCT-1,23
GAATTATAGTGAAAGG-1,29
GAATTATGCAACCTAC-1,21
GAATTCACCCGGGTGT-1,6
GAATTTCTCGCTGCAG-1,32
GACAAACATATGCAGG-1,14
GACAACGACCATTGAA-1,19
GACAACGCAGCTTACG-1,2
GACAAGACGCCCGTGC-1,3
GACAAGAGATGAGATT-1,16
GACACAAGGGAAGAAA-1,15
GACACAGCCGGGACTG-1,8
GACACCCAAAGACGCG-1,7
GACACGAGTTAGAGGA-1,8
GACACTGAGTTCAGTG-1,17
GACACTGGAACCCGAT-1,5
GACACTTCCAATTACC-1,26
GACAGAGGTCTTCAGT-1,11
GACAGATTTCTGGCTC-1,7
GACAGCCAGACCTGAC-1,3
GACAGGCACACACTAT-1,1
GACAGGTAATCCGTGT-1,4
GACATACTGTCGCAGA-1,26
GACATCCGTCGAACTG-1,4
GACATCGATTTATAAC-1,10
GACATTTCGCCCAGCC-1,1
GACCAAACGTTGACTG-1,18
GACCACACTTCCCTTT-1,3
GACCAGAGCCCTGTAG-1,28
GACCAGGTCATTCATA-1,17
GACCCAATTATGATAC-1,12
GACCCGTCGCCGGCTA-1,28
GACCGACCGCTAATAT-1,15
GACCGACGTGAAAGCA-1,3
GACCGACTGAAGCGTC-1,19
GACCGATTAAATATGT-1,8
GACCGCGTCTGACGTG-1,4
GACCGGTGATACTCTC-1,0
GACCGTCAGGTCGTGA-1,4
GACCGTGCTGACGGTG-1,11
GACCGTTACATGCGAC-1,17
GACCTGGTCTGGGCGT-1,10
GACCTTCCACGTCTAC-1,4
GACGACGATCCGCGTT-1,9
GACGACTTTCCAAGAA-1,10
GACGAGGCTAATAAAC-1,9
GACGATATCACTGGGT-1,23
GACGCATACCCGTCGG-1,28
GACGCCGTAAAGGCTA-1,3
GACGCCTGTTGCAGGG-1,11
GACGCTTGCTTCTAAA-1,9
GACGGACCGCGTTCCT-1,5
GACGGGATGTCTTATG-1,7
GACGGGCATCGAATTT-1,22
GACGGGTTGGCCCGTA-1,13
GACGGTCAATAGAAGC-1,23
GACGGTCCTAGGGTGT-1,1
GACGTGAGACTCCATG-1,8
GACGTGTAGGGATTAT-1,0
GACGTTCGTAAATACA-1,27
GACGTTGCTCGGCGGC-1,1
GACTAACACAGCACCT-1,20
GACTAAGATCATGCAC-1,0
GACTAAGTAGGCTCAC-1,3
GACTACAAAGCGGTGG-1,24
GACTACAATTGCTCGT-1,8
GACTAGGCCGTTAGGT-1,6
GACTCACCCACGTGAG-1,7
GACTCCCAGAATAAGG-1,29
GACTCCTTCCAATTGA-1,19
GACTCGCGGGAATGAC-1,15
GACTCGGTCGGCGGAT-1,0
GACTCTAGAGTTCCAA-1,7
GACTGATTGGTCACAA-1,7
GACTGCAAATCGAGCT-1,6
GACTGCACCAGCCCAG-1,6
GACTGCGGCACGTGTA-1,22
GACTGCTGGTGAGAAA-1,19
GACTGGGCGCCGCAAC-1,5
GACTTCAACGCATCAA-1,4
GACTTTCGAGCGGTTC-1,26
GAGAAACTGGATCCCA-1,9
GAGAACGGTTCTGACT-1,6
GAGAATCTCACGATCA-1,19
GAGACCCTGCAACGCC-1,0
GAGACTGATGGGTAGA-1,12
GAGACTTCGCGACCGA-1,0
GAGAGCGCAGTCCCTG-1,29
GAGAGGCCTATGTGTA-1,6
GAGAGGGCGCGAGGTT-1,4
GAGAGGTGCATTCTGG-1,24
GAGAGTCTCGGGAGAG-1,29
GAGATCGATCTTACTC-1,11
GAGATCTGCTTGGCAT-1,2
GAGATCTGTCACTCCG-1,21
GAGATCTTCCATGACA-1,15
GAGATGACAATCCTTA-1,14
GAGATGGCTTTAATCA-1,3
GAGATGGGAGTCGACA-1,8
GAGCACCTGTGTCCAG-1,3
GAGCACGGCGCCTCTT-1,6
GAGCATCAACAACTTG-1,0
GAGCATCATCCCTGGG-1,15
GAGCCACGGTAGTAGG-1,19
GAGCCAGCTACCTGTG-1,2
GAGCCGAGCGTTTATT-1,15
GAGCGAGGGAGTACCG-1,11
GAGCGCAAATACTCCG-1,21
GAGCGCGCACGAGTAG-1,9
GAGCGCTATGTCAGGC-1,15
GAGCGCTGTTAGGTAA-1,29
GAGCGGAATGCGGTGT-1,17
GAGCTAAGGGCATATC-1,5
GAGCTCAACATGAGCG-1,6
GAGCTCTCGGACCTAA-1,5
GAGCTGTCGTCTCGGA-1,30
GAGGAATATCTCTTTG-1,8
GAGGAATGGAGAGGTT-1,6
GAGGAGATCCTCATGC-1,14
GAGGAGTAATTCCTAC-1,21
GAGGATAAACAGTGCT-1,23
GAGGCATTTGCAGCAG-1,10
GAGGCCCGACTCCGCA-1,4
GAGGCCTGTTGATACA-1,6
GAGGCTATCAAAGTCG-1,17
GAGGGAGTCAGATCGC-1,14
GAGGGCATCGCGTATC-1,4
GAGGGCCATAATATTA-1,8
GAGGGCCGGCAGAGTC-1,5
GAGGGCGCAGCTCTGC-1,20
GAGGGTAGTAACAAAG-1,30
GAGGTACATCCATCTT-1,21
GAGGTACGCGTGTCCC-1,1
GAGGTCCCAAAGATCT-1,20
GAGGTCCGTTCGCTGT-1,0
GAGGTCTTAGTGGGTC-1,30
GAGTAAACCGGAAAGT-1,13
GAGTAAATTAAGAACC-1,9
GAGTAAGGCCACGGGA-1,7
GAGTACGGGTATACAA-1,1
GAGTAGATACTAGTTG-1,27
GAGTATACCCTAATCA-1,19
GAGTATCAAAGTTACA-1,11
GAGTATGCCCGCCTTG-1,17
GAGTATGCGCGTGCAT-1,25
GAGTCAGACCAGAATC-1,25
GAGTCCGCTTACCGGA-1,4
GAGTCGACAGACCCTC-1,2
GAGTCTTGTAAAGGAC-1,31
GAGTGCACGGACAACA-1,4
GAGTGTCAACCAGAAA-1,14
GAGTGTGCGGTACCCA-1,17
GAGTTCTGTGGGTGCT-1,0
GAGTTGATGGCAATTT-1,9
GAGTTGTCACCAGTCT-1,3
GATAAATCGGTGGATG-1,6
GATAACTCGCACTGTG-1,20
GATAAGGCAGATGCAA-1,4
GATAAGGGACGATTAG-1,8
GATACCGTGTCGGAGT-1,11
GATACGATGGGAGTCA-1,21
GATAGAACCCGCTAGG-1,3
GATAGATAGTACAGTC-1,15
GATAGCGTACCACGCG-1,27
GATAGGATTAATTACA-1,19
GATAGGTAACGTTGAC-1,10
GATAGGTGTCCCGGGC-1,25
GATAGTGCGAGTAAGT-1,5
GATATCAAGCAGGAGC-1,1
GATATCAGTATGTATC-1,24
GATATCTCATGCAATA-1,8
GATATGAGACACTAAC-1,14
GATATGCGGTAGCCAA-1,0
GATATGGATTACGCGG-1,18
GATATTGAGATTGGCG-1,14
GATATTTCCTACATGG-1,24
GATCAACATAAAGGGA-1,0
GATCATTCCAAACATT-1,12
GATCCCTTTATACTGC-1,7
GATCCGAATATAAGTG-1,24
GATCCGGGAATTAACA-1,20
GATCCTAAATCGGGAC-1,8
GATCCTCGACACTGGC-1,20
GATCCTCTTGCGCTTA-1,5
GATCGACACTATCTGA-1,5
GATCGCGGGCTCTCCA-1,15
GATCGCTACCCGATTT-1,23
GATCGCTATATCTCAG-1,19
GATCGCTGTGGTGCGT-1,29
GATCGGATAGAACCAT-1,23
GATCGGCGATAAGTCG-1,7
GATCGGTGGCCATAAC-1,2
GATCGTGACTGATATC-1,25
GATCTAACCGTATTCA-1,18
GATCTCGACGCTGTGG-1,23
GATCTGCTATCTAAGG-1,8
GATCTTAGTGAACGTG-1,0
GATCTTCATTGTCCTC-1,6
GATCTTGGAGGGCATA-1,5
GATCTTTGCAGGGTAT-1,4
GATCTTTGCTCAAAGA-1,0
GATGACAAGTAGGGCA-1,15
GATGACGATGATCGCG-1,22
GATGAGGAACCTTCGG-1,25
GATGATTTGAAACTGG-1,4
GATGCCACACTACAGC-1,16
GATGCCAGCAGAAGGC-1,24
GATGCCTTCTGCGGCA-1,8
GATGCGAATGGTATTA-1,29
GATGCGTCCTGCATTC-1,27
GATGCTACAAGCGCCT-1,4
GATGCTACCTTCGATG-1,24
GATGCTGTATTTCATC-1,3
GATGGCGCACACATTA-1,15
GATGGTGAAATAACCC-1,15
GATGGTGCCCTAGGCA-1,2
GATGTAACGAACCACC-1,0
GATGTCCGGATCACAT-1,21
GATGTCGGTCAACTGC-1,9
GATGTGTTGTCACAAG-1,7
GATGTTCAATCCACGA-1,14
GATGTTTGTGCGAGAT-1,13
GATTAACCGAAAGCCC-1,14
GATTAATCCTGGCTCA-1,25
GATTACTGAATTTGGG-1,7
GATTAGAAACAAGCGT-1,24
GATTATCTTGCATTAT-1,0
GATTCCCTTGTCGCAG-1,1
GATTCCGCGTTTCCGT-1,11
GATTCCTATACGGCGC-1,20
GATTCGACGGTTCACG-1,30
GATTCTGTTAATGAGT-1,19
GATTGACACTCTGCTC-1,16
GATTGCTCCAGTTGCA-1,2
GATTGGGAAAGGTTGT-1,7
GATTTAGTGCGTACTG-1,12
GATTTGCGCTAACACC-1,29
GCAAACCCTACATTAT-1,25
GCAAACCTTGGCCATA-1,28
GCAAACGTAAGCGACC-1,5
GCAAACGTCGCCAGGT-1,27
GCAAAGGGCGTTAGCC-1,9
GCAAATATTACGCTTT-1,5
GCAAATGAGGACACTT-1,3
GCAACACACTAGAACT-1,16
GCAACAGCAGTATGCG-1,6
GCAACCACCAGACCGG-1,18
GCAACCACGGCCGCGT-1,13
GCAACCCAAGTTGTTT-1,29
GCAACGGCTAGTTATG-1,29
GCAAGAATTCCTTGGC-1,10
GCAAGATGTGTTCGCG-1,3
GCAAGCTGGAAACCGC-1,11
GCAAGTGCACAGAGAA-1,13
GCAAGTGTAAAGCATG-1,13
GCAATTAGTCGCACCG-1,25
GCACAAACCCTAGATG-1,11
GCACAAACGAGGCGTG-1,12
GCACAACCTCGGGCGT-1,13
GCACAAGTGGATCATA-1,6
GCACAAGTGTCGGAAG-1,0
GCACACACTGGTAGCC-1,26
GCACACAGCTATTACC-1,5
GCACACGCCCATGGTC-1,2
GCACAGCACGGGCCGA-1,19
GCACCTAGGCGAGTCC-1,1
GCACCTTCCCGAAGGT-1,3
GCACGCCGATTCCCGC-1,17
GCACGCCTACTTAGAT-1,11
GCACGTGGTTTACTTA-1,12
GCACTAGTCGCGCTAT-1,10
GCACTCCCACAGTCCC-1,26
GCACTGCCTACCTTTA-1,17
GCACTGTGCAAATGTA-1,10
GCAGAAACGTAATCCA-1,31
GCAGAAGGTAATCTCC-1,15
GCAGACCCAGCACGTA-1,26
GCAGATCCATAAGACT-1,5
GCAGATCCTCGCAAAT-1,5
GCAGATTAGGGATATC-1,23
GCAGCACACAGCCCAG-1,16
GCAGCCTATATCACAT-1,27
GCAGCGGTGGGCATTA-1,18
GCAGCTATGGACAGGT-1,11
GCAGCTGTCAACGCAT-1,24
GCAGGAACTTAGATCT-1,4
GCAGGACTATAGAATA-1,2
GCAGGTAGAGTATGGT-1,9
GCAGTGCGGGCGGATG-1,0
GCAGTGTGGCTATAGG-1,21
GCAGTTCGATCCGAGC-1,13
GCATAAATTGAACGCC-1,2
GCATACGAGGTCTTTA-1,2
GCATAGAGCACTCAGG-1,20
GCATCCCTAACTTTGA-1,14
GCATCCTCTCCTATTA-1,20
GCATCGGCCGTGTAGG-1,5
GCATGACACAAAGGAA-1,11
GCATGAGGGACGCGGC-1,14
GCATGCTAATAACGAT-1,5
GCATGGGTACTGACGC-1,1
GCATTCAAGGCAACGC-1,14
GCATTCGAAATGAACA-1,16
GCATTGACTTGCGGAA-1,1
GCATTGTAATTCATAT-1,0
GCATTTCCAAGGCTCC-1,14
GCCAACCATTTCCGGA-1,21
GCCAAGAATACTTCTG-1,17
GCCAATAGGGCATCTC-1,12
GCCACAATTTAAGGAC-1,27
GCCACCCATTCCACTT-1,2
GCCACCTTATTCGCGA-1,11
GCCACTCAGAGCGCGA-1,14
GCCACTCCTTACGGTA-1,5
GCCAGGAAAGAACACT-1,29
GCCAGGAGTAACCGAT-1,10
GCCAGGCGTTCGCATG-1,0
GCCAGGCTTAGTGGTA-1,14
GCCATATTGCACACAG-1,18
GCCATCGAGCTGCGTG-1,9
GCCATCGATGCTGCAT-1,26
GCCATTAGCCTCAAAC-1,7
GCCCACCAAGGCTGTC-1,31
GCCCACTGGTCCACAA-1,2
GCCCAGATGCTGGAGA-1,0
GCCCAGCGACACAAAG-1,0
GCCCAGTTGGTATGCC-1,12
GCCCATGGGTGCAATG-1,11
GCCCGACTTCTTCCCG-1,17
GCCCGAGAGTCTAAAT-1,22
GCCCGATCTGTGGTCG-1,12
GCCCGATGCCCAGTTC-1,1
GCCCGCGCGTAAACGG-1,2
GCCCGCGCGTTTGACA-1,16
GCCCGTAATACCTTCT-1,26
GCCCGTCAAGCCCAAT-1,1
GCCCGTTCACACAATT-1,11
GCCCTAAGTGCAGGAT-1,20
GCCCTAGCCGTCGCGA-1,15
GCCCTGAGGATGGGCT-1,23
GCCGAAATTCCTACGT-1,0
GCCGACCCACGACTGC-1,2
GCCGATTGGCCAAGCT-1,21
GCCGCACTCCGTTTCA-1,4
GCCGCATTAGTCCGGC-1,2
GCCGCTAGATACGCAG-1,28
GCCGCTTGTGAGAAAC-1,6
GCCGGAAACACATCTT-1,22
GCCGGGTTAGGGTCGC-1,0
GCCGGTCGTATCTCTC-1,20
GCCGGTTTGGGCGGAT-1,28
GCCGTCGGTTTCGGGC-1,29
GCCGTGGAAGAAATGT-1,0
GCCTACGTTCTGTGCA-1,15
GCCTAGCGATCTGACC-1,0
GCCTATAGTGTCAGGG-1,11
GCCTATCAGGTAAGAT-1,9
GCCTATGCTGGGCCTT-1,9
GCCTATTCCGATATAG-1,31
GCCTATTTGCTACACA-1,7
GCCTCAGGTACCGGTC-1,4
GCCTCATCTGGAAATA-1,8
GCCTCCGACAATTCAC-1,0
GCCTCTATACATAGCA-1,2
GCCTGCTACACTGAGA-1,2
GCCTGTCCCGGTGCAT-1,21
GCCTTCAGCCCTACCG-1,5
GCCTTGTATATGCAGT-1,26
GCCTTTGTCAGTGGAC-1,0
GCGAAACGATCGGGAG-1,30
GCGAAACTTAACTGGA-1,10
GCGAAGAATCTGACGG-1,3
GCGAAGCCATACCCGT-1,29
GCGAATGGACTAGCGA-1,27
GCGACATGTAAACATC-1,4
GCGACCCAACCATCTG-1,7
GCGACGATAGTTGTAC-1,0
GCGACGGTAGTCTCCT-1,3
GCGAGAAACGGGAGTT-1,3
GCGAGAGGCCATGTAA-1,5
GCGAGAGTTGCGTCCA-1,6
GCGAGCGCATGCTCCC-1,7
GCGAGGCCCGAGCAGA-1,23
GCGAGGGACTGCTAGA-1,7
GCGAGTTCTGCAAAGA-1,2
GCGATGTCTGTGCTTG-1,16
GCGATTCTGGAAGCAG-1,19
GCGATTGTTAACGTTA-1,15
GCGCAAATATATTCAA-1,14
GCGCAAGAGCGCGCTG-1,3
GCGCATCCAGTCAGCA-1,12
GCGCCGTTCCACGATA-1,6
GCGCCTCCCACTCCGA-1,10
GCGCGATGGGTCAAGT-1,0
GCGCGGTCTAGTAACT-1,5
GCGCGTCATTGGTACA-1,13
GCGCGTTTAAATCGTA-1,16
GCGCTAAGTATGCATG-1,22
GCGCTAATTGAATAGA-1,1
GCGCTATGCCGAGGCA-1,3
GCGCTCGATCACCTGT-1,19
GCGCTGATCCAGACTC-1,18
GCGCTGCTTTGCATTT-1,4
GCGCTGGCGGAAAGTC-1,7
GCGCTTAAATAATTGG-1,1
GCGGACCGCGTTGTGG-1,28
GCGGAGAAACTTCGCA-1,5
GCGGAGAGGGAGAACG-1,6
GCGGATTACTTGTTCT-1,23
GCGGCAAAGTATTGCC-1,19
GCGGCTCTGACGTACC-1,30
GCGGCTTTAGCAAGTT-1,23
GCGGGAACCAGGCCCT-1,4
GCGGGCAGACGGGTGA-1,6
GCGGGCATTACGATGC-1,13
GCGGGCGAGCCTTACC-1,2
GCGGTAACCCAAATGA-1,15
GCGGTCCCGGTGAAGG-1,16
GCGGTCCCTAGACGCA-1,14
GCGGTCTTGCTTTCAC-1,6
GCGGTGAACTGCGCTC-1,27
GCGGTGCGGAGCATCG-1,2
GCGGTTCCCTATCATG-1,1
GCGTAAATGGCCATAA-1,12
GCGTCCAGCTCGTGGC-1,4
GCGTCCCTAAGACATA-1,5
GCGTCGAAATGTCGGT-1,11
GCGTCGCCAGGGTGAT-1,14
GCGTCGTAACATGGTC-1,3
GCGTCTAACCTCCTAA-1,4
GCGTCTCTGCATTGGG-1,6
GCGTGGTACTGGGTTA-1,17
GCGTGTATGTCGTATT-1,20
GCGTTATATTTGGAAC-1,9
GCGTTCGGAGACCGGG-1,5
GCGTTCTGACTAAGCG-1,18
GCTAAACCTGAGGTGA-1,6
GCTAACTGAAGTCTGA-1,17
GCTAAGCCCAGTATGC-1,11
GCTAAGTAAAGGCGAT-1,1
GCTAAGTAGTTTCTCT-1,11
GCTAATACCGAATGCC-1,0
GCTACAATCGAGGATA-1,24
GCTACACTGTCCGAAC-1,13
GCTACAGTACGGACCG-1,2
GCTACGACTTATTGGG-1,10
GCTACTATAGTAGAGT-1,7
GCTACTCGGACGCAGA-1,0
GCTAGACCGTCTACTG-1,7
GCTAGAGTAGAGATGT-1,25
GCTAGCAACGCACCTA-1,4
GCTAGCACCTGGGCCA-1,17
GCTAGCAGGGAGTGGG-1,6
GCTAGCGATAGGTCTT-1,30
GCTAGCTTGAATAGCT-1,13
GCTAGGCACCACGGAG-1,30
GCTAGTAGAGCTTGTA-1,3
GCTAGTTTCATTGAGG-1,11
GCTATAAGGGCCAGGA-1,27
GCTATACGTCTCGGAC-1,9
GCTATCATACTCATGG-1,14
GCTATCGCGGCGCAAC-1,3
GCTATGCCAGCTTATG-1,1
GCTCAACCTCTTAGAG-1,8
GCTCAATCCGTTTATT-1,8
GCTCAATGTAATACCG-1,0
GCTCATTACTGCATGT-1,3
GCTCATTGATCATATC-1,26
GCTCCATGAGTGCAGA-1,17
GCTCCATGCAAAGCAA-1,0
GCTCCCAGTCGGTCCA-1,12
GCTCCGCTCGCTTCAG-1,7
GCTCCGGACGTTGATA-1,2
GCTCCTGACATACTGG-1,21
GCTCGACCGAACTGAA-1,21
GCTCGCGGTTCCGCTC-1,7
GCTCGCTCATGTCCAA-1,4
GCTCGGAATTTAAAGC-1,3
GCTCTAAACCCTGACG-1,26
GCTCTATGTTACGTGC-1,15
GCTCTCGGGTACCGAA-1,7
GCTCTTTCCGCTAGTG-1,16
GCTGAACTCTCCAGGG-1,14
GCTGAAGGGTTCTTGG-1,5
GCTGAATCTTCCAATC-1,30
GCTGAGCAACGGTTCT-1,5
GCTGAGGCGTGAGTAT-1,4
GCTGCACGGTTTCTTA-1,5
GCTGCGAAGAATTATT-1,1
GCTGCGCCTCCCACGT-1,1
GCTGCTAAGTAGTCGA-1,30
GCTGCTACTGCGTAGC-1,2
GCTGCTCTCCGGACAC-1,7
GCTGGACCCAAAGTGG-1,18
GCTGGCAGGTGCCGTG-1,2
GCTGGCATATTCACCT-1,21
GCTGGCGGCGCATGCT-1,17
GCTGGGAGCGCGTCAA-1,19
GCTGGGTCCGCTGTTA-1,24
GCTGGTGACTCGTAGT-1,11
GCTGGTTTAGGCCATA-1,29
GCTGTATTACTGGCCC-1,22
GCTGTCTGTGATCGAC-1,23
GCTGTTGCTACCGAAC-1,2
GCTTAATGTAACTAAC-1,4
GCTTACGTAGTTAGTA-1,10
GCTTAGGGAAGCGGTA-1,8
GCTTATGAAGCAGGAA-1,23
GCTTCAGTGGGATTAC-1,9
GCTTCCAGCTTAGATT-1,4
GCTTCCATGTAACCGC-1,0
GCTTCCCGTAAGCTCC-1,4
GCTTCCGTCCCTAGAC-1,29
GCTTCGACGTTCAATC-1,17
GCTTGAGTGACCTCTG-1,9
GCTTGATGATAATCAG-1,10
GCTTGCAGCACAATTG-1,29
GCTTGGATCGATTAGG-1,20
GCTTTACACAACTGGG-1,15
GCTTTATTAAGTTACC-1,4
GCTTTCAGAGGAGGTG-1,6
GCTTTCTATCTCAACT-1,7
GCTTTGCTGCCGGGTA-1,10
GGAAACAGAGCTTGGG-1,11
GGAAACCTTGTTGAAT-1,23
GGAAACTAAATGGGCC-1,22
GGAAAGGGAATTGAGC-1,16
GGAAAGTCTTGATTGT-1,26
GGAAAGTGCCCATGCC-1,19
GGAACCCGAACAAGAA-1,16
GGAACCGTGTAAATTG-1,28
GGAACCTTGACTCTGC-1,1
GGAACGGCCTGCAGCC-1,26
GGAACTCGTGAATACG-1,4
GGAACTTTGGCGATTA-1,6
GGAAGATAAGACTGTA-1,0
GGAAGCTCGCTTACAG-1,3
GGAAGGACACCGTATA-1,4
GGAATAACCTCAAGAA-1,25
GGAATGCGCTAGCGTG-1,3
GGACAACCATGAAGCC-1,3
GGACAAGCCATGATCG-1,9
GGACAAGTTGCAGTGA-1,29
GGACACAAGTTTACAC-1,9
GGACACCTCGGTGTTG-1,14
GGACCAACAGGATAAC-1,17
GGACCTACGGTAACGT-1,18
GGACCTCTAGGCCGCC-1,17
GGACGGCTTGCGCAAC-1,8
GGACGGGCGACCAACC-1,3
GGACGTCCATAGTTGG-1,7
GGACTAAGTCAGGAGT-1,1
GGACTCACAAATTAGG-1,6
GGACTCGAAGCTTTCA-1,9
GGACTCGACAGCGCAT-1,17
GGACTCGTGAGTGGTC-1,10
GGACTCTTCCGGTTGA-1,13
GGACTCTTTGACTAAG-1,27
GGAGAAGTCATTGGCA-1,24
GGAGACATTCACGGGC-1,13
GGAGACCAATGTGCTT-1,21
GGAGACCATCTACATA-1,2
GGAGACGACACCTTTG-1,15
GGAGCAACATTTCAAG-1,13
GGAGCACCAAGAACTA-1,28
GGAGCGAGGCCTACTT-1,16
GGAGGAGTGTGTTTAT-1,20
GGAGGATTGAAAGGAG-1,15
GGAGGCCGAAGTCGTC-1,4
GGAGGCGAAGAACCGC-1,1
GGAGGGCTTGGTTGGC-1,25
GGAGGGTCAAGTAAGA-1,15
GGAGTACACATGAGCT-1,0
GGAGTGCCGCCCTGGA-1,16
GGAGTTGATTCTGTGT-1,5
GGATACTCATGAATTG-1,29
GGATCAAAGGACGAGG-1,28
GGATCAGAGCCATCAG-1,6
GGATCATCCCGTACGC-1,3
GGATCCCTACCAGCTA-1,0
GGATCCGGAATATACT-1,15
GGATCTTACTGCCCTT-1,5
GGATCTTGACTCAACC-1,12
GGATGAAGATCGCTGA-1,3
GGATGACGCGAGTTTA-1,28
GGATGCTGGCGTTCCT-1,15
GGATGGCTTGAAGTAT-1,24
GGATGTCCTTACCGCA-1,29
GGATTAAGCTAAGGTC-1,14
GGATTAATCATGGACC-1,11
GGATTCAGTACGGTGG-1,8
GGATTCCGCTATACCC-1,8
GGATTGAAGTAGCCTC-1,4
GGATTGCTGTGACTCC-1,7
GGATTTCACTTCTATA-1,19
GGCAAAGGCGCCAATA-1,1
GGCAAATTACTTTACT-1,9
GGCAAGCCAGGGATAG-1,2
GGCAAGCCCATAGTGG-1,11
GGCAAGGCGAAATAGC-1,13
GGCAATAGTCAATGAG-1,12
GGCACGCTGCTACAGT-1,27
GGCACTCAGCCGACCC-1,2
GGCACTCCACTGGGCA-1,9
GGCACTGCGGTGGTTT-1,6
GGCAGAGAGATCGGGA-1,7
GGCAGCAAACCTATGC-1,5
GGCAGCGGTAATCCTA-1,21
GGCATACAGGTAGCGG-1,10
GGCATATCGGTTCTGC-1,12
GGCATCAACGAGCACG-1,22
GGCATTGAACATCTCA-1,22
GGCCAATTGTATAGAC-1,0
GGCCACAAGCGATGGC-1,4
GGCCACACGAAAGCCT-1,9
GGCCCAATCTAGAGGG-1,26
GGCCCAGCTGGTTTGC-1,0
GGCCCAGTTATCAGCA-1,22
GGCCCGGAGCATGTCT-1,24
GGCCCGTATACCATGC-1,5
GGCCCTCACCCACTTA-1,11
GGCCGAGACTCTGGTG-1,14
GGCCGCAGGAACCGCA-1,12
GGCCGGCGTCTGCTAT-1,10
GGCCGTTTGGGTTTCA-1,16
GGCCTGCTCTGATGTT-1,10
GGCCTGCTTCTCCCGA-1,12
GGCCTTTGCAACTGGC-1,26
GGCGAAATCTAACTTG-1,16
GGCGAACCGTTCTGAT-1,11
GGCGAGCATCGAGGAC-1,28
GGCGAGCGAAACGGCA-1,18
GGCGCAGGACATCTTC-1,2
GGCGCATGAATTGATG-1,8
GGCGCGGAGATCTTTC-1,26
GGCGCGTTCGAGTTTA-1,13
GGCGCTCCTCATCAAT-1,18
GGCGCTTCATTCCCTG-1,20
GGCGGAGTAATATTAG-1,0
GGCGGGCTCTAAGAGT-1,4
GGCGGTAGGATCATTG-1,12
GGCGGTTTGCCGGTGC-1,30
GGCGTACCCTATATAA-1,22
GGCGTAGGGAAAGCTG-1,25
GGCGTCCTATCCGCTG-1,17
GGCTAAAGGGCGGGTC-1,2
GGCTAATGATTGAAAT-1,13
GGCTACTATACACTCC-1,1
GGCTATTAAGTTGTAT-1,5
GGCTCCTCCACCTGTT-1,8
GGCTCGCGTTGAGGTA-1,13
GGCTCGTGCCACCAGC-1,13
GGCTCTGCTCCAACGC-1,5
GGCTGAAATAGCAAAG-1,9
GGCTGAGCATCGTAAG-1,13
GGCTGGCAATCCCACG-1,11
GGCTGGCAGCTTTATG-1,27
GGCTGGCTAGCTTAAA-1,0
GGCTGTCCTACTGCGG-1,2
GGCTTCTCGTGGGTGG-1,25
GGCTTGGCTCTCACCT-1,16
GGCTTTCAATAAGGGT-1,5
GGGAAAGAATGCCAAC-1,23
GGGAACCACCTGTTTC-1,15
GGGAACGGGAGGTTAG-1,7
GGGAACGGTTTCAGAT-1,9
GGGAAGACGGTCTGTC-1,14
GGGAAGGGCTTTCTCA-1,10
GGGAATGAGCCCTCAC-1,2
GGGAATTCTGTCCAGT-1,9
GGGACAGAGTTACTCC-1,30
GGGACCCGTATATCTT-1,25
GGGACTGCATAGATAG-1,2
GGGAGAACTCACAGTA-1,1
GGGAGCGACCGTAGTG-1,15
GGGAGGATGCCCGAAA-1,29
GGGAGTAATGGCTGGC-1,2
GGGAGTTAATGAGGCG-1,23
GGGATACGGTAATAAT-1,22
GGGATATTGATCGCCA-1,26
GGGATCCCAATACAAA-1,2
GGGATGGACCCGCGTC-1,19
GGGATGGTCGTAACCG-1,19
GGGATTATCTCACAAC-1,22
GGGATTTACCGCACCT-1,9
GGGCAACCGCACGTGC-1,0
GGGCACGAATTGGCCG-1,16
GGGCACGTAGTACTGT-1,8
GGGCACTATTGACCAT-1,30
GGGCAGACGTCACTGC-1,23
GGGCAGAGCAATCGTT-1,15
GGGCAGGATTTCTGTG-1,19
GGGCAGTCAACGCCAA-1,4
GGGCATGCATGTCGAG-1,19
GGGCCATTCGTGCTGG-1,4
GGGCCCGTCTTAAACA-1,18
GGGCCCTACGAAAGGG-1,22
GGGCCCTTATCTATAC-1,19
GGGCCGGCCGAAGTAC-1,13
GGGCCTAAATGGGCTA-1,23
GGGCCTATACAACCGG-1,6
GGGCCTATTTAAGTAT-1,10
GGGCGAATTTCTCCAC-1,17
GGGCGATATGTGTGAA-1,23
GGGCGATCCATAGGCC-1,23
GGGCGCAGCGTTACTC-1,8
GGGCGGCAAATGAATT-1,13
GGGCGGGTTCCCTACG-1,4
GGGCGGTCCTATTGTC-1,11
GGGCGTACATTTATAT-1,21
GGGCGTCACCACGTAA-1,28
GGGCGTCCACTGGCTC-1,0
GGGCGTGGTTTCCCAG-1,5
GGGCGTTTACATTCAT-1,26
GGGCTACTATTTCGTG-1,15
GGGCTATGATCGATGG-1,0
GGGCTCATCGAACCCA-1,15
GGGCTGCCTAGGGCGA-1,9
GGGCTGGTTAGTCGCG-1,15
GGGTAATGCTGTGTTT-1,17
GGGTACACTCTGGAGG-1,8
GGGTACCCACGGTCCT-1,8
GGGTACTTCATGAACT-1,16
GGGTATGTATGCACTT-1,18
GGGTATTCTAGCAAAC-1,30
GGGTCACCGTGACGGT-1,18
GGGTCACGTGCTTATG-1,4
GGGTCACTGAGTAGTG-1,0
GGGTCAGGAGCTAGAT-1,13
GGGTCATGCGTACCAT-1,25
GGGTCCTTGGAAGAAG-1,7
GGGTCGTGGCAAGTGT-1,18
GGGTCTATCGCTTTCC-1,5
GGGTGACACCTTAACT-1,3
GGGTGCATATGAAAGC-1,12
GGGTGGTCCAGCCTGT-1,15
GGGTGTTTCAGCTATG-1,13
GGGTTAACATTTGAGT-1,13
GGGTTCAGACGAACAA-1,14
GGGTTTAGGATAGGAT-1,12
GGGTTTCCGGCTTCCA-1,24
GGTAAACTCTGCGCTG-1,10
GGTAAATGTGCGTTAC-1,1
GGTAACCGGCAAAGGT-1,15
GGTAACCGGGAGGATA-1,18
GGTAACTATGTATCTG-1,21
GGTACAAACATGCTAT-1,23
GGTACACCAGATTTAT-1,15
GGTACATCTGGGACGA-1,30
GGTACCATTAAGACGG-1,0
GGTACGTTGCGGCCGG-1,3
GGTACTAAGTGCTTTG-1,11
GGTAGAAGACCGCCTG-1,12
GGTAGACCGTTGGGCG-1,5
GGTAGGCCAATATCAC-1,30
GGTAGTGCTCGCACCA-1,5
GGTATAGTGACACATA-1,15
GGTATCAAGCATAGAA-1,13
GGTATGAAAGAACTGA-1,15
GGTATTGCCGAGTTTA-1,22
GGTCAAGACTACTTCG-1,3
GGTCACGTTAGATTCA-1,15
GGTCAGTGGGTCCCAC-1,5
GGTCATTGTAGTCATA-1,2
GGTCCACGTCTATTTG-1,22
GGTCCCATAACATAGA-1,7
GGTCCTTCATACGACT-1,17
GGTCGGATAAACGGCG-1,29
GGTCGGCCAGGAGCTT-1,21
GGTCGGTAATTAGACA-1,10
GGTCGGTCGTCCACAG-1,10
GGTCGTAAGCTCGCAC-1,13
GGTCTCCAAGTAGTGC-1,9
GGTCTCCGTCCAGGTT-1,2
GGTCTCTGAATGGACT-1,5
GGTCTGAGAATCTGGA-1,11
GGTCTTGAGCGCTCTT-1,10
GGTCTTGGTGTTAACT-1,4
GGTGAAACCGGGAATG-1,15
GGTGAACGGGCTAGCC-1,3
GGTGAAGTACAGGGAT-1,26
GGTGACTGATAGAGAG-1,19
GGTGAGATGCAGATAA-1,10
GGTGATAAGGAGCAGT-1,26
GGTGATGAAGGAAGTG-1,12
GGTGATTTCATCTTGT-1,0
GGTGCAGAGCCTATCG-1,23
GGTGCATAAATGATTA-1,8
GGTGCGGATAAGTGGC-1,10
GGTGCTGATCACAAAG-1,21
GGTGCTGGTACACATT-1,7
GGTGGACCACGTGTTA-1,0
GGTGGACTGCTCTGGC-1,8
GGTGGAGGTTGATACG-1,3
GGTGGGATTAGGTCCC-1,21
GGTGTAAATCGATTGT-1,27
GGTGTAGGTAAGTAAA-1,0
GGTGTTCTGTTTCTAC-1,16
GGTGTTGGGCGTCTTA-1,16
GGTTACCACCCTCGGG-1,5
GGTTACCCGACACTTT-1,1
GGTTACCGCTCCCTAC-1,16
GGTTAGCTATATGTCT-1,15
GGTTAGGCTTGGAGAA-1,0
GGTTAGGGATGCTAAT-1,0
GGTTAGTTACGGCGCC-1,3
GGTTCCACCCGCTTCT-1,18
GGTTCCCTAGTGTCTC-1,16
GGTTCCGTACGACTAA-1,4
GGTTCGATGCTGAGTT-1,19
GGTTCGCATTTGCCGT-1,7
GGTTCGGATTATACTA-1,13
GGTTCTACTCGTCTGA-1,26
GGTTGTATCGTGAAAT-1,6
GGTTGTGCTCTTGTCC-1,16
GGTTGTGTAGCCTGGC-1,16
GGTTTAATTACCATCG-1,0
GGTTTAATTGAGCAGG-1,6
GGTTTACAATCTCAAT-1,1
GGTTTAGCCTTTCTTG-1,16
GGTTTCAATCGGTCAG-1,15
GGTTTGACAAGAAGCT-1,6
GGTTTGAGTGCTGGAA-1,6
GGTTTGCGAACACGTA-1,1
GGTTTGTGACCTGAGG-1,6
GTAACAACTGACCTTG-1,13
GTAACAGGTTAACGGC-1,1
GTAACATCAGCTCATC-1,0
GTAACATCTAAGATAA-1,3
GTAACTACGTAGACCT-1,8
GTAACTGCCCAAGGAG-1,16
GTAACTTGCGGCAGTC-1,5
GTAAGCGGGCAGTCAG-1,29
GTAAGGATTTGTCGGA-1,10
GTAAGTAACAGTCTGG-1,22
GTAAGTAGGGTATACC-1,0
GTAAGTCCACACTCTA-1,20
GTAATAAAGGGCTCCC-1,7
GTAATCTGATTCTTCG-1,14
GTACACTTACCTGAAG-1,18
GTACAGAGGCAAGGGT-1,3
GTACGACGGCGCTGCG-1,17
GTACGAGATTGCGACA-1,26
GTACGCTTCATTGCAC-1,16
GTACGTCACGTATTAA-1,10
GTACGTTTGCCCGTCA-1,14
GTACTAAGATTTGGAG-1,14
GTACTACGGCCTCGTT-1,15
GTACTCCCTTATCGCT-1,22
GTACTCCTGGGTATGC-1,20
GTACTGAGGTCGTAAC-1,7
GTACTGCATGAAGCGT-1,4
GTACTGGAGTTAGACC-1,28
GTACTTGGGCACTTCT-1,21
GTAGAAACGGGTGGAG-1,15
GTAGACAACCGATGAA-1,10
GTAGACACGCCTGACT-1,2
GTAGACGTCGTTACAT-1,4
GTAGAGGGAGACAAGT-1,21
GTAGCCAAACATGGGA-1,8
GTAGCGCTGTTGTAGT-1,26
GTAGCGGCTATACACT-1,5
GTAGCTAGTAAGCGCG-1,15
GTAGCTCCGGGAGGCT-1,6
GTAGCTTCCTCTTGTT-1,5
GTAGGTGATCCGTGTA-1,8
GTAGTCGCGGGAATCA-1,16
GTAGTCTACGATATTG-1,12
GTAGTGAGCAACCTCA-1,6
GTAGTTAGACAATATA-1,8
GTAGTTCGAAGGCGAA-1,0
GTAGTTTAAGCACACG-1,13
GTATAATCTCCCGGAT-1,14
GTATAGGACTCAGTAG-1,29
GTATAGTGGCCCATGT-1,28
GTATATGTTACGGCGG-1,2
GTATCAAACGTTAGCT-1,7
GTATCAAGGTACTTCC-1,4
GTATCAGCTTGGGTTC-1,3
GTATCCTTTGGTAACC-1,15
GTATCGGGACGAGCTG-1,5
GTATCTCAGTCTTGAC-1,11
GTATCTCCCTAACTGT-1,16
GTATCTCGGGCGCTTT-1,16
GTATCTTGTTGCTCAC-1,13
GTATCTTTCATAACCA-1,26
GTATGAAATTTCACTC-1,6
GTATGACGTGGGAAAC-1,15
GTATGTGGGTCTAGTT-1,5
GTATTAAGGCGTCTAA-1,18
GTATTAGGGTTCGCGT-1,26
GTATTCTGAGAAACGA-1,21
GTATTCTTACCGTGCT-1,3
GTATTTAATGGCATAA-1,3
GTCAAAGAAGTGGTGT-1,13
GTCAAAGTTTACATAG-1,23
GTCAACCAGGCCTATA-1,4
GTCAAGCGGACTCGGG-1,14
GTCAATGCTATAATTT-1,4
GTCAATTGTACTGAAG-1,13
GTCACAAAGTTTCCAA-1,11
GTCACCTGTCTATGTC-1,11
GTCACTCATGAGCGAT-1,11
GTCACTCTCCAAATCT-1,0
GTCAGAATAGTCTATG-1,4
GTCAGACAGCGTTGGA-1,21
GTCAGTTGTGCTCGTT-1,0
GTCAGTTTGGTAGTCG-1,19
GTCATCTCCTACAGCT-1,20
GTCATGCACCTCCGTT-1,2
GTCATGCGCGAGGGCT-1,12
GTCATGGACATGACTA-1,12
GTCATTAGAGCGAACG-1,8
GTCATTGCATTGACCC-1,2
GTCCAATATTTAGCCT-1,8
GTCCACGTCGCATTCG-1,3
GTCCAGGCACGTGTGC-1,17
GTCCATTACTGCTACG-1,20
GTCCCAACGTAAAGTA-1,3
GTCCCAATCATCCCGC-1,6
GTCCCGCGACGTTATG-1,5
GTCCGAGAGCAATCAT-1,9
GTCCGGACCTGAAATT-1,15
GTCCGGCTGAATTGCG-1,6
GTCCGGGTTCACATTA-1,2
GTCCGTTAGAGGGCCT-1,6
GTCCTACAGGCGGCTC-1,15
GTCCTACGAATAGTCT-1,9
GTCCTACTCTACGGGC-1,30
GTCCTAGGATACCTTA-1,10
GTCCTATTGTTGTGGT-1,1
GTCCTTCTACAACCCA-1,16
GTCCTTCTAGTGGGTT-1,21
GTCCTTTAATGACTTC-1,6
GTCGAATTTGGGCGCT-1,8
GTCGATAGGTGACTTT-1,5
GTCGCCGTTGTGTGTT-1,4
GTCGCGTAACCCGTTG-1,3
GTCGGAAGGATACCAG-1,10
GTCGGATATCTCAGAC-1,1
GTCGGATGTAGCGCGC-1,7
GTCGGGAACATGGTAG-1,13
GTCGGGAAGCAGAAAC-1,5
GTCGGGTGAAGTACCG-1,17
GTCGTACCATCTCGGG-1,25
GTCGTACCTACGATTG-1,1
GTCGTATTGGCGTACA-1,9
GTCGTCAATTATAAGG-1,3
GTCGTCTGGTTGGCTA-1,2
GTCGTGTCTGGTCATC-1,9
GTCGTTATTCGCTTAT-1,1
GTCTAAGATGCCCAGC-1,16
GTCTACTCAATTACAA-1,7
GTCTAGTGAGCCGCTT-1,6
GTCTATACACGCATGG-1,11
GTCTATCTGAGTTTCT-1,25
GTCTATTGCATGCTCG-1,26
GTCTATTGGTTCCGGT-1,12
GTCTCAAGGCCCGGCT-1,17
GTCTCCCGAGTCCCGT-1,12
GTCTCCGCCTCAATAC-1,24
GTCTCCTGCCAGTATG-1,32
GTCTCGACTAAGTTTG-1,9
GTCTCGATCTGCTTTC-1,24
GTCTCGCCAACACGCC-1,3
GTCTGCCGACTCGACG-1,20
GTCTGGGCGGTCGAGA-1,9
GTCTGTAGGTTGAACA-1,19
GTCTTACCACGCCAAG-1,3
GTCTTAGTACAGCCGG-1,3
GTCTTCCTCACCTAAG-1,8
GTCTTGAGGAGCAGTG-1,6
GTCTTGTAGCTATTCA-1,1
GTGAAACGGCGCCACC-1,12
GTGAAACGTGCTCCAC-1,0
GTGAACTCCCATTCGA-1,20
GTGAAGATTTCAAGTG-1,20
GTGAAGCCGTATAGTC-1,12
GTGAAGTCACGACTCG-1,5
GTGACAGCTTCCCACT-1,6
GTGACCGCACACTACG-1,7
GTGACCTAAAGAATAA-1,1
GTGACGAGGGTGACCC-1,12
GTGACGCAGGTTTCAT-1,30
GTGACTTCAGTAGTGC-1,10
GTGAGATAACCTTATA-1,10
GTGAGCGTGCTGCACT-1,7
GTGAGGACACTTAAGG-1,23
GTGAGGAGCGGTTGAG-1,18
GTGAGTCGACTAATAG-1,3
GTGAGTCTAAGACGGA-1,22
GTGAGTGGTACAACGC-1,5
GTGATCAAGCGTGCAC-1,19
GTGATCACTAACGCCT-1,22
GTGATCATAGATCTGC-1,18
GTGATCCTTGTCATGA-1,18
GTGATGCACAACATCT-1,1
GTGATTCGCCGCTCAA-1,1
GTGCAAATCACCAATA-1,3
GTGCAACAAATGTGGC-1,0
GTGCACCAGCTTCAAC-1,17
GTGCACGAAAGTGACT-1,8
GTGCAGCGTAGAGTAG-1,28
GTGCCAAACGTTTCGA-1,11
GTGCCATCACACGGTG-1,8
GTGCCCGTTCGGATTC-1,13
GTGCCGCTTCAAAGGT-1,29
GTGCCTAGCTATGCTT-1,27
GTGCCTCAGTGTACGG-1,6
GTGCCTGAGACCAAAC-1,12
GTGCGAAATCGAACAC-1,12
GTGCGACAGGGAGTGT-1,3
GTGCGCAGCTTGCTCC-1,26
GTGCGCTTACAAATGA-1,7
GTGCGGGACCATCGGC-1,8
GTGCGGGTCTCCAAAT-1,18
GTGCGTGTATATGAGC-1,24
GTGCTATCCAGCTGGA-1,9
GTGCTCAAGTACTGTC-1,23
GTGCTGCAGATAAGGA-1,30
GTGCTGTTAGAACATA-1,0
GTGCTTACATCAGCGC-1,6
GTGGAACCTACATGCG-1,8
GTGGACCAACCCGATT-1,0
GTGGACGCATTTGTCC-1,3
GTGGACGTGCTGAGAC-1,11
GTGGAGCATGTCGGCC-1,7
GTGGAGCGTTTACCGA-1,12
GTGGAGTCGGCGGTTG-1,26
GTGGCAAACAGCGGCA-1,1
GTGGCCGGTTTCTCGG-1,18
GTGGCCTAATATCATT-1,9
GTGGCGGGCCGTAGCT-1,1
GTGGCGGTCCCAGCGT-1,3
GTGGCGTGCACCAGAG-1,12
GTGGCTGTTTCTGTTC-1,14
GTGGGAACAAACCGGG-1,28
GTGGGAAGACTGAATC-1,3
GTGGGCTTAGACACAC-1,24
GTGGGTACTGAGCGTA-1,16
GTGGGTCTTCTTTGCG-1,21
GTGGTATAGTCTGCCG-1,11
GTGGTCAGCGAAGTAT-1,5
GTGGTGATGGTTTGTG-1,4
GTGGTGGCCAAGTGAA-1,30
GTGGTTACTTCTTTCG-1,10
GTGGTTTCCGCCTTTC-1,0
GTGTACCTTGGCTACG-1,17
GTGTACGAACCGTTCC-1,29
GTGTATATCAGCGGGC-1,16
GTGTATGACTTTAAAG-1,6
GTGTCAGTGTACGTGG-1,17
GTGTCCGATAAGGCAT-1,30
GTGTCGTATAGCGTTC-1,3
GTGTCGTATTCACCTT-1,7
GTGTGAATAACTTAGG-1,7
GTGTGAGCCGAGGTGC-1,26
GTGTGTCGACGTCGCT-1,28
GTGTTACTATGCGTCC-1,7
GTTAAAGTAGGACTGG-1,8
GTTAACATCACTTAAA-1,7
GTTAACTATGTTGTCA-1,23
GTTAAGGGTGCGATGT-1,4
GTTAAGTTAGAGTGGG-1,14
GTTAATAGCGTCATTA-1,12
GTTAATGTCTATCTTA-1,7
GTTACAATTGGTGACG-1,30
GTTACCAAGGCGTACG-1,27
GTTACCTACAACTTGC-1,12
GTTACGAAATCCACGC-1,3
GTTACGGCCCGACTGC-1,7
GTTACTTTGGGCCTAG-1,9
GTTAGAGTGTGCCGCT-1,30
GTTAGCCCATGACATC-1,15
GTTAGCCGTAAATCAA-1,7
GTTAGGCTACCCGTTT-1,11
GTTATAATACGGTGAA-1,23
GTTATATCAGGAGCCA-1,13
GTTATATTATCTCCCT-1,4
GTTATCAAGCTATCGA-1,3
GTTATCACCTTCTGAA-1,6
GTTATTAAATACGACC-1,7
GTTATTAACGTGGGAG-1,20
GTTCAAATCAGATGTC-1,16
GTTCAATCTATGTCAA-1,7
GTTCACAGGAGTCTAG-1,25
GTTCAGTCGCCAAATG-1,18
GTTCATCGTTTGGCTG-1,15
GTTCCAAGACAGCGAC-1,5
GTTCCAGTCTGACCAT-1,11
GTTCCCGTAAACATAT-1,14
GTTCCGTCCGCCTGCA-1,23
GTTCGACAATTGTATA-1,19
GTTCGCCATAAGTGCC-1,12
GTTCGCTGAGACGTCT-1,5
GTTCGGAGCACTCAAC-1,9
GTTCGGATCGGGAACA-1,2
GTTCGGGCGTACCATT-1,20
GTTCGGTGTGGATTTA-1,10
GTTCGTCTAAAGAACT-1,8
GTTCGTCTGGGTCCCT-1,3
GTTCGTTGCGGACCAG-1,10
GTTCTTCCCTCGATGT-1,6
GTTCTTGTAACTCAAT-1,17
GTTGAACCGGTTCCAT-1,9
GTTGAGTCCCGCCGGT-1,10
GTTGCACGGAGTTTCG-1,0
GTTGCAGTCGACAACA-1,8
GTTGCCCTAACGGGTG-1,5
GTTGCGCTAACATTAC-1,20
GTTGCGGACGGTCAGG-1,3
GTTGGACCGCATCAGG-1,3
GTTGGATTCAGTGGCT-1,17
GTTGGATTGAGAACAC-1,1
GTTGGATTTGCGTTGG-1,15
GTTGGTCATGCTATCC-1,20
GTTGTAGATTTATGAG-1,7
GTTGTCGTGTTAGTTG-1,8
GTTGTTACATTGCGCT-1,13
GTTGTTGCAAGATGGC-1,10
GTTTACGTTCCATCTG-1,13
GTTTATGGGATTTAGA-1,12
GTTTCAAACGAGTTGT-1,6
GTTTCATATCGTCGCT-1,9
GTTTCCTGGAGGGTGA-1,7
GTTTCTAGAGGCGCGG-1,3
GTTTCTGCAGTCTCCC-1,10
GTTTCTTGTTAGAGCT-1,23
GTTTGACCAAATCCTA-1,12
GTTTGAGCGGTTATGT-1,15
GTTTGGCCCAAGTTAT-1,21
GTTTGGCCGCTCAGCG-1,11
GTTTGGCGTCAGGCAC-1,0
GTTTGGGCTTGTGAGC-1,14
GTTTGGGTTTCGCCCG-1,30
GTTTGGTAGGGTCAAC-1,9
GTTTGGTGATCGGTGC-1,1
GTTTGTTAGCCAAGTA-1,30
TAAACCCAGGAGGGCA-1,20
TAAACGTCGTCAATGA-1,8
TAAAGACAACCCTTTA-1,27
TAAAGAGCCCGAAACC-1,16
TAAAGCGGTATTTCCA-1,16
TAAAGCGTTAGGAGAA-1,17
TAAAGCTGCAATAGGG-1,1
TAAAGGAGAAACTAGT-1,2
TAAAGTGCACGTCTCG-1,3
TAAATCTTTACACCTC-1,26
TAAATGAATCCGTTTC-1,6
TAAATGCCGTCTCATG-1,5
TAAATGGGCTACTGAG-1,1
TAAATTGTGGGTAAAG-1,1
TAAATTTAGTAACACC-1,32
TAACAAAGGGAGAAGC-1,16
TAACAATATTTGTTGC-1,7
TAACAGCGTTTGTGCT-1,1
TAACAGGTTCCCTTAG-1,19
TAACATACAATGTGGG-1,0
TAACATACACGCGATC-1,4
TAACCGCCCGCAGTGC-1,19
TAACCGTCCAGTTCAT-1,22
TAACCTACCGTCCGAG-1,4
TAACCTAGGGAGTCCA-1,21
TAACGCTTTGAGAGCG-1,13
TAACTATCGAAGGTCC-1,13
TAACTATTACGCCAAA-1,24
TAACTCATCCGCGCGG-1,22
TAACTCCATGGAGGCT-1,0
TAACTGAAATACGCCT-1,11
TAAGAGGGACAGGGAC-1,24
TAAGATTTAGCGGGAG-1,8
TAAGCAGGCGACACGC-1,29
TAAGCCCTTACGACCA-1,3
TAAGCGCGAATCAAAT-1,9
TAAGGAACTTGTGGGA-1,28
TAAGGCAACATAAGAT-1,11
TAAGGCATAACATCAA-1,8
TAAGGCCCGTCACCCT-1,5
TAAGGCTGAATCCCTC-1,26
TAAGGGCCTGTCCGAT-1,31
TAAGGGCTGGGAGAGG-1,1
TAAGTAAATGTGCCGC-1,14
TAAGTAACATCTTGAC-1,7
TAAGTCGCCGAGTATC-1,4
TAAGTCGGTGAGCTAG-1,1
TAAGTGAATAGTCTAC-1,2
TAAGTTGCGACGTAGG-1,7
TAATAAACAAGGAGAT-1,3
TAATACACAGTAGTAT-1,28
TAATACTAGAACAGAC-1,13
TAATAGAACAGAGTTA-1,4
TAATAGCTAAATGATG-1,28
TAATAGGTCACCAGAA-1,28
TAATAGTGACGACCAG-1,9
TAATATTGAAATTCGC-1,4
TAATCAACCAAATGGG-1,13
TAATCAGGAATGCTGC-1,10
TAATCGATCCGTACGT-1,4
TAATGAAAGACCCTTG-1,18
TAATGTCGGTTCATGG-1,27
TAATTACGTCAGTAGA-1,12
TAATTAGATGGATATG-1,11
TAATTAGGACATCCGT-1,10
TAATTCCAATGCTTCA-1,3
TAATTGCGCTGATTAC-1,8
TAATTGGAATCGGGAA-1,32
TAATTTCCGTCCAGTA-1,13
TACAAATTGCGGAGGT-1,2
TACAACAGCGCATACA-1,6
TACAACGCACAACTCA-1,9
TACAAGCTGTTCACTG-1,5
TACAAGGGCTTCTTTA-1,9
TACAAGTCTCGTGCAT-1,28
TACAATGAAACCAGCA-1,12
TACACAGCCGTGGTGC-1,12
TACACCGTCGTTAGTC-1,18
TACACCTCTTCGAATC-1,13
TACAGAAACGGTGGGC-1,7
TACATAGGCATACACC-1,0
TACATCCCTATCCCTG-1,1
TACATCTTGTTTCTTG-1,9
TACATGACCTTATCCG-1,17
TACATGCCGGAATTGT-1,6
TACATTTCTAACGTGC-1,1
TACCAAATAGCCCAGA-1,3
TACCAATAAAGTACCA-1,5
TACCAGAAGTAGGTTC-1,10
TACCAGCTAGGTTTAA-1,1
TACCAGGAATCCCGTC-1,0
TACCATGTATTGATTT-1,12
TACCCTCGGTAACCCT-1,26
TACCGAATAATTGTAA-1,25
TACCGATCCAACACTT-1,4
TACCGCGGACTTGCAG-1,7
TACCGGCTCACTGCCC-1,10
TACCGGTCGTTTCCAT-1,8
TACCGTAGGTTAACTA-1,4
TACCGTGCCTCGGACC-1,10
TACCTACTCCCAGTAT-1,20
TACCTATCCCTAGAGG-1,1
TACCTCACGCTTGTAC-1,4
TACCTCAGTTGTCTGT-1,14
TACCTCCACACCAATG-1,1
TACCTCTTTACCATCC-1,22
TACCTGCTGCACTGTG-1,4
TACCTTAAGATTTCCC-1,1
TACGAACACGACTTCA-1,12
TACGACGCTTGCTGCG-1,10
TACGACTGCCTCTTAG-1,25
TACGAGAACTTCACGT-1,25
TACGATCCAAGCCACT-1,7
TACGATGTTGATCATC-1,21
TACGCAGTTCTTTCCT-1,0
TACGCCATATTCTAAT-1,8
TACGCCGAGGGTACCC-1,4
TACGCCGCCTCAGAAG-1,0
TACGCCTCCATTCCGA-1,6
TACGCTATAGAAACCT-1,5
TACGCTCCTAGAACTG-1,9
TACGCTCGGTATTGGA-1,5
TACGCTGATAGTTGTA-1,4
TACGCTGCACGGTCGT-1,25
TACGCTGCTGTGTTAA-1,1
TACGGAAGCCAAACCA-1,22
TACGGCATGGACGCTA-1,10
TACGGGATGCTAGCAG-1,15
TACGGGTAATAACATA-1,27
TACGTAAAGCGGAGTG-1,21
TACGTACTAGTGCTGA-1,8
TACGTGCAAGGTTCCT-1,3
TACGTGCACTATGCTG-1,8
TACGTGGGCCCAGGGC-1,14
TACGTTTACCGGCAAT-1,19
TACTACGTGCAATGCG-1,12
TACTATGGTTCCTCAG-1,8
TACTCACAACGTAGTA-1,0
TACTCATTGACGCATC-1,28
TACTCCTCTAGTTGAC-1,6
TACTCGGCACGCCGGG-1,17
TACTCGTTTGAATCAA-1,14
TACTCTCCGAACAAAT-1,27
TACTCTTACTTTACTG-1,5
TACTCTTTCGTCTTCA-1,19
TACTGAACAGATTTAG-1,8
TACTGAGGGAAGAAAG-1,11
TACTGCAATCAATTAC-1,24
TACTGCATGATTAAAT-1,19
TACTGGACAGCTCGGC-1,1
TACTGTTTCTCTGGTA-1,5
TACTTAAACATGTACA-1,12
TACTTGTTAGTAGTCC-1,8
TACTTTACTGAGCCGG-1,0
TACTTTCCGCACGCCA-1,13
TAGAAACACAATAGTG-1,7
TAGAAACCACTAAGTA-1,27
TAGAAAGGTGGCGCTA-1,0
TAGAAATTCACGTATA-1,1
TAGAACGCCAGTAACG-1,30
TAGAAGAAGGGTTACA-1,11
TAGAATAGCCGATGAA-1,5
TAGAATTAAGGGCAAC-1,2
TAGACGAAACGCCAAT-1,25
TAGACGCCCGTACCGG-1,0
TAGACTACCTAGCGTT-1,15
TAGACTCAGTTGGCCT-1,19
TAGAGATCATGCAACT-1,22
TAGAGCTACGAAGAAC-1,24
TAGAGGGAGTTTATCT-1,6
TAGAGGTTCTACTTGT-1,18
TAGAGTCTAAGCGAAC-1,23
TAGAGTGTTCCGGGTA-1,21
TAGATATGGACTGGAA-1,4
TAGATCCGAAGTCGCA-1,19
TAGATGGTTCCTTACT-1,3
TAGATTCAAAGTGCGG-1,2
TAGATTCCTGGTTATT-1,14
TAGATTCTCTAGCAAA-1,27
TAGCAACCTGTCACAA-1,20
TAGCAGATACTTAGGG-1,6
TAGCAGTAAATACGCG-1,22
TAGCAGTATGACTAAA-1,6
TAGCCAGAGGGTCCGG-1,10
TAGCCATGATTGCCTA-1,28
TAGCCATTTCAAAGTC-1,12
TAGCCGGCGGTCAGCG-1,0
TAGCGTCCCTCGATTG-1,30
TAGCGTCCGGTGTGGT-1,4
TAGCGTCGAATATTGA-1,2
TAGCGTTGGGTCTTAC-1,10
TAGCTAAGTCCGGGAG-1,30
TAGCTAGAAGGCATGA-1,6
TAGCTAGTGATGATGG-1,25
TAGCTCACTGTGTTTG-1,10
TAGCTCAGATCCTAGT-1,0
TAGCTCGCCTGATAAC-1,5
TAGCTGATGTGAAGCG-1,17
TAGGAACAGCCTCCAG-1,8
TAGGAGGCTCGAGAAC-1,22
TAGGATCTTAACCGCA-1,12
TAGGCATGTTACGCCA-1,3
TAGGCCTATATAGTCT-1,20
TAGGCGATGAGGTCTC-1,1
TAGGCGGCTGCAAAGA-1,11
TAGGCTAAAGTGGCAC-1,14
TAGGGAGCTTGGGATG-1,9
TAGGGTGTTTCAAGAG-1,16
TAGGTCCAAGTAAGGA-1,4
TAGGTCGCCGGAACTG-1,8
TAGGTGACGATAACCT-1,5
TAGGTGAGCCCTACTC-1,6
TAGGTGCTCGCCTAGC-1,28
TAGGTGTTCCACAGAT-1,6
TAGGTTCGAGTTCGTC-1,26
TAGGTTCTGCTGAGAA-1,9
TAGTACCACAACTTTC-1,19
TAGTACCTTAGTGGTC-1,3
TAGTAGCTTATACCAG-1,21
TAGTAGTTGCCGGACA-1,11
TAGTCCCGGAGACCAC-1,5
TAGTCCGCAGAGAATG-1,1
TAGTCCGTATGCATAA-1,30
TAGTCCTGCACTAAGC-1,21
TAGTCGATCACGGGTT-1,2
TAGTCGGGATTCTTCG-1,24
TAGTCTAACAACGAGA-1,3
TAGTCTGCGGCACATT-1,11
TAGTCTGTGACGTTGC-1,13
TAGTCTTTCCGAATTG-1,12
TAGTGACAAGCTCTAC-1,7
TAGTGAGAAGTGGTTG-1,32
TAGTGCCCTCCAGAGT-1,23
TAGTGCTTGAATCCTT-1,8
TAGTGGAACTCATACA-1,22
TAGTGTCAGAAACGGC-1,4
TAGTTAAGATAGGATA-1,5
TAGTTTATTCTTGCTT-1,15
TAGTTTGATCGGTCGC-1,2
TATAAATCCACAAGCT-1,1
TATAAGTGAGGATAGC-1,14
TATACACAGACGCCTT-1,5
TATACACGCAAAGTAT-1,10
TATACCGAGTGCCACA-1,14
TATACGCGTCATCACT-1,23
TATACTCATGCGGCAA-1,6
TATAGAGTCGCTTGAA-1,3
TATAGATGGTCGCAGT-1,18
TATAGCGCACGTTATC-1,22
TATAGCTATTATCTCT-1,18
TATAGGGTACTCATGA-1,29
TATAGTTAGGTGTACT-1,2
TATATAGGGCTTTACG-1,24
TATATATCGAGAAATG-1,19
TATATCAAAGTGATCT-1,1
TATATCATTGATCAGT-1,17
TATATCCCTGGGAGGA-1,2
TATATGCTGGGTTGCC-1,29
TATATTACAAATGTCG-1,14
TATATTCGCGTCGATA-1,11
TATCAAAGGTCTGTAA-1,2
TATCACAGCACGGGCA-1,0
TATCACCATGTAAAGT-1,17
TATCACCCAACCGACC-1,24
TATCACTTCGAGTAAC-1,0
TATCAGTGGCGTAGTC-1,26
TATCCAATTGGTTATC-1,10
TATCCATATCATGCGA-1,7
TATCCATCTCGGTTAG-1,7
TATCCCTCGATCTGCA-1,21
TATCCGCACCGTCGGG-1,0
TATCCTATCAACTGGT-1,24
TATCCTGCATGGGAAT-1,15
TATCGATCTATGCATA-1,4
TATCGATGATTAAACG-1,5
TATCTACAGAGGTAAT-1,18
TATCTACCACAGCGGG-1,24
TATCTAGCCTAAAGGA-1,22
TATCTGAGCCGATATT-1,1
TATCTTGCAATACAAC-1,2
TATGAAGAATTAAGGT-1,8
TATGAAGACAGGTGCG-1,0
TATGACCTTGCGCTGG-1,4
TATGATAAATCTAACG-1,5
TATGATCCGGCACGCC-1,22
TATGATCTTCTCTTTA-1,7
TATGATTCTGCTTGGT-1,17
TATGCTCCCTACTTAC-1,12
TATGGAGTTTCTCGTT-1,19
TATGGATGTGCTACGC-1,7
TATGGCAGACTTTCGA-1,21
TATGGCCCGGCCTCGC-1,4
TATGGCTAGGCTAATT-1,1
TATGGGACCGAGCAGG-1,12
TATGGGTACGTATCGT-1,17
TATGGTCTGAGTAACA-1,8
TATGGTTAGTGGGAGA-1,30
TATGTAAAGTGCTTAA-1,4
TATGTAGAAACCCGGC-1,11
TATGTCAAGACCGACT-1,9
TATGTCTCATTGTGCC-1,26
TATTAACACCAAAGCA-1,11
TATTAACCTGACCGCG-1,11
TATTACCATCCTGCTT-1,13
TATTATGTTTGCCTGC-1,28
TATTCAATTCTAATCC-1,12
TATTCCACTCAGCTCG-1,5
TATTCCGAGCTGTTAT-1,6
TATTCCGGCAGTCCTA-1,17
TATTCCTCCGCCCACT-1,28
TATTCGTGCCAGAATA-1,19
TATTGACATTTCTGCC-1,9
TATTGCCGGGCTTGTA-1,14
TATTTAGTCTAGATCG-1,4
TATTTATACCGAGTAG-1,20
TATTTGATTTGCACAG-1,13
TATTTGTTACCCTTTA-1,17
TCAAACAACCGCGTCG-1,7
TCAAACAATTAGGACA-1,6
TCAAACTTAGATTGTT-1,2
TCAAAGAGCTATCTGT-1,0
TCAAAGTCACGGCGTC-1,2
TCAAATTATGTTCGAC-1,16
TCAAATTGTTGTGCCG-1,17
TCAAATTTGAGACTCA-1,7
TCAACAAAGATAATTC-1,17
TCAACACATTGGGTAA-1,1
TCAACATAGCGCCCTA-1,21
TCAACATCGACCGAGA-1,5
TCAACCATGTTCGGGC-1,14
TCAACGAGGAGACAAA-1,11
TCAACGCAGGAAATAA-1,13
TCAACGCGACCGGCAG-1,2
TCAACTAACGTATAAC-1,2
TCAACTGCAGAGTCAG-1,20
TCAAGAAATACTAGCT-1,30
TCAAGCGCGGACGGTA-1,12
TCAAGCTGCCTTGAAA-1,30
TCAAGGTTACTACACC-1,24
TCAATACAATTGCTGC-1,1
TCAATACGCCGTCATG-1,21
TCAATATACAGGAGGC-1,0
TCAATCCCGCGCCAAA-1,9
TCAATCCGGGAAGTTT-1,8
TCACAAACCGAGGTAC-1,15
TCACAGATCCTCAAAC-1,12
TCACAGCAAACTCGAA-1,11
TCACAGGAGAATAAGA-1,2
TCACAGGGAATCGCAA-1,28
TCACAGGTTATTGGGC-1,21
TCACATCTTATCTGAT-1,18
TCACCCTCTTAAGATT-1,25
TCACCGCTCGGCACTC-1,18
TCACGATGTCCGTGGA-1,25
TCACGATTAATACGTT-1,31
TCACGCATTGTAGATC-1,27
TCACGGCCCAAGAGAG-1,26
TCACGGTCATCGCACA-1,5
TCACGTGCCCGATTCA-1,5
TCACTACGACCAATGC-1,4
TCACTATCCCTTCGGT-1,27
TCACTATCGTGCAATC-1,9
TCACTCAGCGCATTAG-1,20
TCACTCGTGCAACGGC-1,24
TCACTCTTCGTCTGTC-1,12
TCAGAACCTCCACAGG-1,15
TCAGAACGGCGGTAAT-1,1
TCAGACGCTATAGAAG-1,6
TCAGAGCATGTCAACG-1,31
TCAGAGGACGCGTTAG-1,20
TCAGAGTGTGAGCATG-1,19
TCAGATGGAGACGTAG-1,8
TCAGCAAATGCATCTC-1,4
TCAGCAGTAGGCCCTG-1,0
TCAGCCAATCCGTAAA-1,6
TCAGCGCACGCCGTTT-1,15
TCAGCTTGAGCTTTCG-1,29
TCAGGGCGACTTCCTT-1,28
TCAGGGCGCAAACTCG-1,17
TCAGGGTGCACGAAAC-1,12
TCAGGGTGTAACGTAA-1,11
TCAGGTTCTTTGAGAA-1,4
TCAGTACTGACCCGCG-1,14
TCAGTAGGGACTATAA-1,2
TCAGTGTATACGTCAT-1,6
TCAGTTACGGAATGAT-1,11
TCATAAGTCCAAGAAG-1,5
TCATACTTACAGATCC-1,6
TCATATGAGCTTTGTT-1,15
TCATCACTCGAGCTCG-1,15
TCATCCATCTGATCAC-1,16
TCATCCCAGAGGGTGG-1,0
TCATCCTCAGCTGCTT-1,10
TCATCGACGACCGTCG-1,12
TCATCGATGGTCCCAA-1,14
TCATGCAGGTTCTCAT-1,8
TCATTCGTATAATTTG-1,0
TCATTTAAGTCTCCGA-1,12
TCATTTAGAAGTGTGA-1,24
TCCAACTCAGCTATCT-1,8
TCCAACTTTAAATTCT-1,0
TCCAAGCCTAGACACA-1,14
TCCAATAAAGGCTACC-1,17
TCCAATGCGTCGCCGC-1,19
TCCACAATGGTTTACG-1,11
TCCACATCGTATATTG-1,23
TCCACCAAGACATAGG-1,6
TCCACCTCTAGCCTTT-1,8
TCCACTTTATCTAGGT-1,15
TCCAGAGCACCGGTTC-1,2
TCCAGATGTACGCCAA-1,18
TCCAGCGCTATAAGCG-1,27
TCCAGGCAGGACGATC-1,3
TCCAGGCGAGTACGGT-1,30
TCCAGGGTATATACGA-1,26
TCCATCAATACTAATC-1,2
TCCATTAGTTGGATAG-1,1
TCCATTCCCACTAGAG-1,0
TCCATTGTGACCTCGT-1,11
TCCCAAACAGACAACG-1,1
TCCCAAACATCCTCTA-1,27
TCCCAAAGACGAAGGA-1,12
TCCCAAAGCCCTAAAT-1,0
TCCCACGGAGGGAGCT-1,16
TCCCACTCTCTTCCGG-1,7
TCCCAGCACACGACAT-1,7
TCCCAGCTTTAGTCTG-1,10
TCCCAGGCTTAGCTAA-1,9
TCCCGCCTATGTGCGT-1,28
TCCCGCGTACTCCTGG-1,29
TCCCGGGTGTGCTGCT-1,8
TCCCGGTCAGGAATTT-1,25
TCCCGTCAGTCCCGCA-1,19
TCCCGTCGCGTCATAG-1,2
TCCCGTGTGCAATTTG-1,6
TCCCTAGATCAATAGG-1,15
TCCCTCCGAAATCGTT-1,26
TCCCTCTTCTCAAGGG-1,12
TCCCTGGCGTATTAAC-1,19
TCCCTGGCTCGCTGGA-1,12
TCCCTTAGATTACTCG-1,5
TCCCTTGTCTGAAACT-1,15
TCCGAACGTTGCCGCT-1,6
TCCGAACTTGGCTTAC-1,2
TCCGAAGTAGTCACCA-1,1
TCCGAATGGTCCTGAG-1,2
TCCGACCGCTAATCAA-1,17
TCCGAGAAGGCTAAGC-1,8
TCCGATAATTGCCATA-1,11
TCCGATGACTGAGCTC-1,29
TCCGATGGTGCGACAT-1,30
TCCGATTACATTGCCG-1,6
TCCGCAGCCACCTAGC-1,9
TCCGCCTGTCTACAAG-1,14
TCCGCGGCAGCATCTG-1,0
TCCGCGGCCCAATGAA-1,18
TCCGCTGGGTCGATCG-1,17
TCCGCTGTCATCCCGG-1,6
TCCGCTTATCCCATTA-1,24
TCCGGAGGAAGGGCTG-1,3
TCCGGCCTAGCGTACA-1,18
TCCGGCCTGCATCGAT-1,9
TCCGGCTGTCGGGTCG-1,4
TCCGGGCCACTAACGG-1,21
TCCGGGCTTGACGGGA-1,18
TCCGGTTCGTCCGGTC-1,5
TCCGTAACCACAATCC-1,15
TCCGTTAAGCTAATAT-1,12
TCCGTTTAGCCTTGAA-1,3
TCCTAAAGATTCAGAC-1,1
TCCTAAATTGGGAAGC-1,17
TCCTAACCGTCGGGCA-1,0
TCCTACATCCACGGCC-1,14
TCCTAGCAAAGAAGCT-1,17
TCCTATCATAGGTAAC-1,14
TCCTCCTAAGACATTC-1,10
TCCTCGGGCTGGGCTT-1,8
TCCTCTACGAGATGGC-1,11
TCCTCTCCAGTTGTCC-1,7
TCCTCTGGCCCATTAG-1,25
TCCTGCAGCCGCCAAT-1,0
TCCTGCCAACTGGAGA-1,21
TCCTGCGTTGATACTC-1,9
TCCTGGCGCTGCCTGG-1,24
TCCTTACGACGGTCCG-1,28
TCCTTCAATCCCTACG-1,18
TCCTTCAGTGGTCGAA-1,24
TCCTTGTCCTTTAATT-1,24
TCCTTTAAATCCGCTT-1,23
TCCTTTCTTACGCTTA-1,2
TCGAAATTTAGGACCA-1,9
TCGAAGAACCGAGCAC-1,3
TCGAATATCCCGCAGG-1,17
TCGAATCGCAGGGTAG-1,6
TCGACAACTGAACCCG-1,11
TCGACATAGCGTAGCG-1,2
TCGACTGACGATGGCT-1,12
TCGAGACCAACACCGT-1,23
TCGAGCCAGGCAGGCC-1,2
TCGAGGGCAACAGACG-1,12
TCGAGTCTACGATTCG-1,16
TCGATAGGCTAGTCGC-1,13
TCGATGTTACGGCCGT-1,11
TCGATTTACGAAACGA-1,1
TCGCAAAGATGCATTT-1,5
TCGCACCAGGAGGCAG-1,23
TCGCACTAACGTTTGT-1,2
TCGCATAAAGGGCGCA-1,5
TCGCATCCCTAAGTGT-1,30
TCGCATTCAATGACTT-1,14
TCGCCACCCGGATTAC-1,2
TCGCCCAACTGACTCC-1,5
TCGCCCACTGCGAGAG-1,10
TCGCCGAAGTTGCGTC-1,21
TCGCCGACATATTCGC-1,14
TCGCCGCACCGCGTGA-1,7
TCGCCGGAGAGTCTTA-1,12
TCGCCGGATGGGCAAG-1,2
TCGCCGGTCGATCCGT-1,13
TCGCCTCCTTCGGCTC-1,24
TCGCCTCGACCTGTTG-1,7
TCGCGCGTTTACATGA-1,2
TCGCGTAGCAGTGTCC-1,25
TCGCGTCCAGAAGGTC-1,16
TCGCTAAACCGCTATC-1,26
TCGCTACTGGCTTTGA-1,3
TCGCTCGATATATTCC-1,19
TCGCTCGGCACCAGCG-1,6
TCGCTGCCAATGCTGT-1,20
TCGCTGGGCGGATTGT-1,1
TCGCTGTGCGTAAATC-1,10
TCGCTTAATTACGAAG-1,24
TCGCTTTAAACGTTTG-1,18
TCGGAATGACCATCAA-1,5
TCGGAATGCGCTCTGA-1,6
TCGGACGCCCAGCCCA-1,5
TCGGAGAGTATCGGGA-1,0
TCGGAGTACATGAGTA-1,1
TCGGAGTCCTGGTTGC-1,16
TCGGATCTGGATGACC-1,23
TCGGCAGGGTTAAGGG-1,16
TCGGCGAACCCAAACC-1,5
TCGGCGGTATTAGATT-1,0
TCGGCGTACTGCACAA-1,7
TCGGCTAACTTCCCTT-1,9
TCGGCTTGTATCGACG-1,0
TCGGGAACGTGCCTAG-1,30
TCGGGAGACAGCGTAC-1,12
TCGGGATTCAAACATA-1,30
TCGGGCACTTCTGGAT-1,1
TCGGGCCGTCGTGGTA-1,14
TCGGGTGAAACTGCTA-1,1
TCGGTCCCGACAATAG-1,2
TCGGTCCCTGACTCCA-1,25
TCGGTGACCGCTCCGG-1,9
TCGGTTAGCCATGTAG-1,15
TCGTAACTCCCAAGAC-1,8
TCGTAAGACGACATTG-1,15
TCGTAAGCTCCGAGGA-1,5
TCGTACCGACGTCAAG-1,1
TCGTATAGTGCAATTA-1,11
TCGTATCACCAAGCTA-1,20
TCGTATTACCCATTGC-1,9
TCGTATTTCGTCCGGA-1,1
TCGTCAAGTACGCGCA-1,1
TCGTCACACTGTTAGC-1,10
TCGTCCGCTGGCGTCT-1,0
TCGTCCGGGTACACTC-1,5
TCGTCTTAGGCGTTAA-1,9
TCGTGTACTATGGATG-1,9
TCGTGTATTGGTCACG-1,30
TCGTGTCACGCTGACA-1,0
TCGTGTTCGACCACAA-1,27
TCGTTAGGAGTCCCTA-1,17
TCGTTCGTTATTATGT-1,0
TCGTTGACAGGGTCCC-1,11
TCGTTGCTATCCGGTC-1,8
TCGTTGGCTCGTCAAT-1,0
TCGTTTACGCGACCCT-1,27
TCTAAAGAACAGTCTC-1,26
TCTAACCTAGCCTGCG-1,27
TCTAACTGTATGTAAA-1,1
TCTAATACTGCCTCAG-1,20
TCTACACGTTCATGCA-1,0
TCTACCCAATAGAGAG-1,14
TCTACCCGCATCATTT-1,1
TCTACCGTCCACAAGC-1,12
TCTACGCACGATCTCC-1,11
TCTACGGGCTCAGTTG-1,9
TCTAGCAATCTCCGCC-1,12
TCTAGCATCTTCGATG-1,11
TCTAGCATGCCCAGAA-1,18
TCTAGGTGGCGACGCT-1,9
TCTAGTGATATCGTGG-1,24
TCTAGTTATCAGAAGA-1,7
TCTATAGGTGGGTAAT-1,10
TCTATCATGCAGTTAC-1,16
TCTATCCGATTGCACA-1,24
TCTATCGGTCGCAACA-1,16
TCTATGCTATAACGAC-1,7
TCTATTACGCTGGCGA-1,4
TCTATTACTAGAGGAT-1,15
TCTCAAATCAATCGGG-1,15
TCTCAGGCTACTCGCT-1,24
TCTCATGAGATAGGGT-1,9
TCTCCAACGTAGGTTA-1,11
TCTCCACAAGTTGAAT-1,25
TCTCCCTGGGCAGCGT-1,23
TCTCGAACGAGGTCAC-1,14
TCTCGACGTATCGCCG-1,0
TCTCGAGGAGGTTCGC-1,8
TCTCGGCTCCAGGACT-1,8
TCTCGTGTTACGAGGA-1,14
TCTCTAATAGCTGGTA-1,17
TCTCTCGCCGCACATA-1,5
TCTCTTACCGCGAACC-1,1
TCTGAACCGGTCGGCT-1,4
TCTGAACTCGTACCCG-1,24
TCTGAAGCACGTGGTC-1,24
TCTGAATTCCGTACAA-1,3
TCTGACGGGCTAACCC-1,27
TCTGACTGTAATGGTT-1,0
TCTGAGCAATTGACTG-1,25
TCTGATCGGGTGCTAG-1,6
TCTGATGTATTCTGTC-1,20
TCTGATTGGAAATGGA-1,27
TCTGCACCATTAGTAA-1,3
TCTGCAGATTCGAGTC-1,15
TCTGCATACCTTGCTT-1,27
TCTGCCAGAAACTGCA-1,20
TCTGCGAATCGTTCGC-1,7
TCTGCGTCCGGTTTCT-1,0
TCTGCTTAGAACAAGC-1,15
TCTGGAGCGTAAGAGT-1,17
TCTGGCCGTTCAAGTT-1,13
TCTGGCGCAAGCCGGG-1,11
TCTGGGAACCTTTGAA-1,16
TCTGGGTAGCGCTCAT-1,20
TCTGTCATACAAGAGC-1,2
TCTGTGACTGACCGTT-1,5
TCTGTGATGGAGGTTG-1,6
TCTGTGCCATCATAGT-1,12
TCTGTGGCTACATTTC-1,12
TCTGTTACCCAGCATA-1,2
TCTGTTTAGATTGTTC-1,9
TCTTAACTCGGATGTA-1,15
TCTTACAGAGGTACCG-1,18
TCTTACCGGAACTCGT-1,3
TCTTACGGCATCCGAC-1,0
TCTTACTTATGCCTCT-1,3
TCTTAGAGCTCCAATT-1,14
TCTTAGAGTGAACTCT-1,17
TCTTATGGGTAGTACC-1,10
TCTTCCCATGGGCACA-1,25
TCTTCGAATAGACGTT-1,3
TCTTCGATACCAATAA-1,26
TCTTCGCGGTGAGAGG-1,8
TCTTCTATAACCCGCC-1,3
TCTTGATGCGTAGCGA-1,24
TCTTGCTCCCGATACT-1,1
TCTTGGTAACACCAAA-1,16
TCTTGGTCAATGATAC-1,19
TCTTTAAGACTATGAA-1,22
TCTTTAGAGTCTAACA-1,1
TCTTTAGCAGGCGAAC-1,25
TCTTTCATCCGTCCTT-1,3
TCTTTCCTTCGAGATA-1,13
TCTTTCGGCGGGACAC-1,12
TCTTTCTCTTAAGGAG-1,22
TGAAACCTCAACTCAC-1,5
TGAAACTTATGCAAGC-1,11
TGAAAGGACCTGACTC-1,14
TGAACAAGCAGGGACT-1,13
TGAACACCCGAAGCAG-1,4
TGAACCTGAATGTGAG-1,13
TGAACTGCTATGACTT-1,17
TGAAGAGCGGTCCTAG-1,25
TGAAGTAGCTTACGGA-1,18
TGAATACCGACGCGTA-1,15
TGAATATGCTATAAAC-1,22
TGAATGAGATACAGCA-1,0
TGAATGAGTGTTTCCC-1,2
TGAATGTCAGCCGGCC-1,5
TGAATTTCACTTGCCT-1,0
TGACAACGCATGTCGC-1,19
TGACACTTCTCTTTGC-1,14
TGACAGAAATCTTGCT-1,0
TGACAGGACAAGTCCA-1,11
TGACATATATGACGAT-1,13
TGACATCGAGCGGACC-1,4
TGACATGTAACGTGAC-1,13
TGACCAAATCTTAAAC-1,7
TGACCAGCTTCAAAGT-1,13
TGACCCAACTCACATT-1,21
TGACCCACGTTAGACA-1,15
TGACCCAGCATTCCCG-1,6
TGACGAATATTTCCCT-1,18
TGACGATGCACTAGAA-1,14
TGACTATAATCCTTTC-1,10
TGACTCCGAATCATAC-1,22
TGACTCTAACTGGTAA-1,0
TGAGAATGCTTTACCG-1,24
TGAGACGTACCTCTCA-1,9
TGAGAGATTTACCACG-1,18
TGAGATCAAATACTCA-1,4
TGAGATTAGGCCCTAA-1,14
TGAGCAGTCGTGAAGT-1,20
TGAGCCATACAGTCTC-1,3
TGAGCGGAAAGTGTTC-1,7
TGAGCTCAACTGTATA-1,16
TGAGCTTTAATGACGC-1,7
TGAGGAGTGCCAGCTT-1,3
TGAGGCATGTACTGTG-1,2
TGAGGTGTGTGGCGGA-1,22
TGAGGTTGATCCCAAG-1,15
TGAGTAAATTAGCGTA-1,21
TGAGTGCCTCTTAAAT-1,2
TGAGTGGTCCGTGACG-1,8
TGAGTGTAACAACGGG-1,7
TGAGTTAAAGACATTC-1,27
TGATACATTTAGCCGT-1,19
TGATAGCGGGATTCTA-1,19
TGATCACCACACTGAC-1,7
TGATCAGGGAACTGCT-1,13
TGATCCCAGCATTAGT-1,21
TGATCGGTTTGACCCT-1,17
TGATCTACGCTGATCT-1,0
TGATCTATCACACTCT-1,22
TGATCTCCGGCGCCAG-1,10
TGATGCTCACGTAGTC-1,21
TGATGGCTGTTTCTGA-1,5
TGATGGGACTAAGTCA-1,3
TGATGTCAATTAAGTG-1,4
TGATTATGGCACGCAG-1,11
TGATTCAGGTCCCGCG-1,10
TGATTCCCGGTTACCT-1,17
TGATTCGTCTATCACT-1,10
TGATTCTGTCGCCGGT-1,19
TGATTTATTAGCTGTG-1,2
TGATTTCCTCCTGACG-1,5
TGCAAACCCACATCAA-1,17
TGCAAACGTACTAGTT-1,19
TGCAAAGTTCGTCTGT-1,11
TGCAACCCATCTGCGG-1,27
TGCAACTACTGGTTGA-1,5
TGCAAGAATGACGTAA-1,2
TGCAATCTAACACGGT-1,14
TGCAATTTGGGCACGG-1,25
TGCACAGTGAAGTTAT-1,0
TGCACGAGTCGGCAGC-1,13
TGCACTATGTGAGTGC-1,9
TGCAGAACTATATCGT-1,16
TGCAGAGTACCGAGCA-1,20
TGCAGATCGTCCTAGG-1,18
TGCAGCTACGTACTTC-1,19
TGCAGGATCGGCAAAG-1,20
TGCAGTGAGGCTCGGG-1,9
TGCAGTGGTAGGGAAC-1,19
TGCAGTTTCCTCCCAT-1,14
TGCATATGTCTGTCAC-1,7
TGCATCTCCGGATCTT-1,13
TGCATGAGTAGATTCG-1,3
TGCATGGATCGGATCT-1,0
TGCATGGCAGTCTTGC-1,4
TGCATGTGACCCATAG-1,21
TGCATGTGGTAATCTA-1,11
TGCCAAAGTCAGACTT-1,9
TGCCAATGGGTACTCT-1,17
TGCCACACTAGAGGAA-1,0
TGCCACCTGGCGAAAC-1,11
TGCCAGTACGTGGAGA-1,15
TGCCATGGCTTATAAG-1,8
TGCCATTACTAAAGAA-1,24
TGCCCGATAGTTAGAA-1,3
TGCCCGTACCGTTAAA-1,0
TGCCGAAAGCGTATTC-1,20
TGCCGATGTCATCAAT-1,13
TGCCGGATGTACGAGC-1,25
TGCCGTGGATCGTCCT-1,7
TGCCGTGGGACCCAAT-1,9
TGCCGTTCTTAATCGG-1,29
TGCCTAAATTTAATAG-1,16
TGCCTAATTGAAGATT-1,22
TGCCTGACATCGGTCA-1,14
TGCCTGATCAAACGAT-1,22
TGCCTTGCCCTTACGG-1,1
TGCCTTGGCCAGGCAA-1,0
TGCGAATATGGGATTT-1,27
TGCGACACCCTAGTGC-1,29
TGCGACGGCCGAACGT-1,20
TGCGAGAAACGTTACG-1,5
TGCGAGAATATTACCC-1,11
TGCGAGATGGCGGCCA-1,11
TGCGAGCCCTTCCGCG-1,3
TGCGATGCTAATGGCT-1,22
TGCGCAAAGCATTTGG-1,22
TGCGCCGTTAATAACG-1,15
TGCGCGATTAACGGAG-1,25
TGCGGACTTGACTCCG-1,20
TGCGGAGTAAAGGTGC-1,29
TGCGGCATAGTTCAAC-1,3
TGCGGGTATTGGGATC-1,21
TGCGGTCTACGAGTAA-1,10
TGCGGTGAAATTTCAT-1,14
TGCGTAAGAACCTGAT-1,12
TGCGTACGGCTAATTG-1,3
TGCGTCATGACTGAGC-1,15
TGCGTGATTGGGTGTC-1,22
TGCGTTTGTTGACACT-1,26
TGCTAAGTGTCTATTT-1,20
TGCTATACAAACGGAC-1,0
TGCTATGGCAAAGGGA-1,26
TGCTCACACAACAACC-1,1
TGCTCCACAGTTCTTA-1,6
TGCTCGGCGAAACCCA-1,3
TGCTCGGTGGGTCACC-1,7
TGCTCTGCCGGTTCAC-1,16
TGCTCTTGAGAGTTTG-1,18
TGCTGCGTCAGAGTTA-1,1
TGCTGGTTGGACAATT-1,3
TGCTGTTGAAGAACTC-1,2
TGCTTAGAGAGAATGC-1,11
TGCTTCCCAAGCAGTA-1,27
TGCTTGAAACCATGCA-1,17
TGGAAACGGAGTGAAC-1,16
TGGAACCACTGACACA-1,4
TGGAAGAAGGGAACGT-1,23
TGGAAGACGAACACCA-1,6
TGGAAGGATAAAGATG-1,9
TGGAATATCCTTGACC-1,20
TGGAATTAGACGCTTT-1,20
TGGACACCGTTGCTTG-1,27
TGGACCAATCTAAGAT-1,23
TGGACCACGGCGTTGA-1,8
TGGACGCAATCCAGCC-1,19
TGGACGTAGGCGAATC-1,14
TGGACTGTTCGCTCAA-1,5
TGGAGAATAATCGTCC-1,1
TGGAGCTAAAGTTCCC-1,1
TGGAGGGAAACACCTC-1,18
TGGAGTGATGCGATGA-1,10
TGGATAGAGTAACAGA-1,25
TGGATGGCATCTTGGA-1,29
TGGCAAACTAAATTAC-1,10
TGGCAACTCGCGCGCC-1,12
TGGCAAGCACAAGTCG-1,17
TGGCAATGGGACGGCG-1,7
TGGCACGAGCTCGAGT-1,4
TGGCAGATTACGATCA-1,5
TGGCAGCAGTAATAGT-1,3
TGGCATGAAGTTTGGG-1,16
TGGCCAAACTGAAGTA-1,2
TGGCCAATTTGGTACT-1,3
TGGCCGTATATTGACC-1,22
TGGCGACTGCTCCAAA-1,10
TGGCGATCAAGTTATG-1,13
TGGCGGTGTGCGATTG-1,5
TGGCTACACTCTACCT-1,24
TGGCTATGTGACATAC-1,18
TGGCTCTTGTCGCGTA-1,0
TGGCTTATGTATAATG-1,30
TGGCTTGTACAAGCTT-1,23
TGGCTTTGGGTAGACA-1,0
TGGGAAATGCCTTTCC-1,8
TGGGACCATTGGGAGT-1,8
TGGGATGCACTCATTC-1,18
TGGGCAATAGTTGGGT-1,22
TGGGCACAAACAGAAC-1,20
TGGGCACGTTCTATGG-1,1
TGGGCAGGCCACCGCA-1,16
TGGGCCACAAGAGCGC-1,11
TGGGCCCATACTAATT-1,12
TGGGCCTTGCCTGCAT-1,8
TGGGCGATACAATAAG-1,1
TGGGTAAGGTTCCCGC-1,1
TGGGTGCACAAGCCAT-1,28
TGGGTGGGATGTCATT-1,31
TGGGTGTAATAGATTT-1,7
TGGGTGTTAAGTAGAA-1,24
TGGGTTCCCGGACGGA-1,7
TGGGTTTCGGGCGTAC-1,10
TGGTAAGCAGGATTGA-1,24
TGGTACCGGCACAGCC-1,17
TGGTAGAATATATGGG-1,6
TGGTATCGCATCCCAA-1,7
TGGTATCGGTCTGTAT-1,27
TGGTCCCACGCTACGG-1,14
TGGTCGATATACCTCT-1,29
TGGTCGGGTACAGGGC-1,13
TGGTCGTGCAAGGCAA-1,12
TGGTCGTTTGATAGAT-1,4
TGGTCTAGCTTACATG-1,30
TGGTCTGTTGGGCGTA-1,22
TGGTGATCGTATTTGT-1,4
TGGTGCCCTGCCTTAC-1,22
TGGTGTGACAGACGAT-1,7
TGGTTAACTTACATTT-1,9
TGGTTAAGGGCGCTGG-1,3
TGGTTATGCTTGCGGT-1,29
TGGTTCAACGGGTAAT-1,0
TGGTTCGTAGCAAAGG-1,10
TGGTTGGAGGATCCTG-1,10
TGGTTTAAACGTGGGT-1,3
TGTAACTTGTCAACCT-1,26
TGTAAGACTGATAAGA-1,8
TGTAATGACCACAATA-1,2
TGTAATGCCTTCGGAC-1,26
TGTACCCGACCCTAAT-1,1
TGTACCTACACGAGGG-1,30
TGTACGAACAAATCCG-1,20
TGTACGCTATCAGCTT-1,19
TGTACTACTCTCACGG-1,7
TGTACTATCGCTCGTT-1,4
TGTACTGTGCCAAAGT-1,10
TGTACTTCCGGGCATG-1,23
TGTAGCCAATTCCGTT-1,3
TGTAGCCATCCCATTC-1,0
TGTAGGAGAAATTTCC-1,6
TGTAGTGATCTATAAT-1,26
TGTATAACAGATCCTG-1,4
TGTATACGGATGATGA-1,8
TGTATCAGACTGAAGC-1,15
TGTATCCTTATTCCAT-1,13
TGTATGGCGCAGACAG-1,22
TGTATTTACCTAATGC-1,13
TGTCATTTGTTGGGAA-1,1
TGTCCACGGCTCAACT-1,16
TGTCCCGACATAGCAC-1,22
TGTCCGCAAACAATTC-1,19
TGTCCGTGGCGCCTTT-1,12
TGTCCTAAGTCACCGC-1,30
TGTCGGCATGGTGGAA-1,5
TGTCGTGGGTATAGGC-1,12
TGTCGTTATCACATAT-1,5
TGTCTACAGTTTCTGT-1,18
TGTGACTACGCCAGTC-1,28
TGTGACTAGAGTTTGC-1,14
TGTGAGACTAGCCCAA-1,10
TGTGATTCCAGCGCTT-1,18
TGTGCCAGAGGCAAAG-1,3
TGTGCCGGTGCCGGAA-1,9
TGTGCTTTACGTAAGA-1,1
TGTGGACTATCTACGT-1,2
TGTGGAGGAAGCTTAA-1,14
TGTGGCAAAGCGTATG-1,24
TGTGGCGGGCTTCTGG-1,30
TGTGGCTCCCACCAAC-1,15
TGTGGTAGGGTGCCTT-1,28
TGTGGTTGCTAAAGCT-1,10
TGTGTAGTAGCACGTG-1,24
TGTGTCGAAGTCGAGG-1,16
TGTGTCGCGAGTTGCA-1,0
TGTGTGACCATGAATC-1,9
TGTGTTCGTATCCAAG-1,15
TGTTAACAAAGTGACT-1,2
TGTTATTGTATGTGGC-1,17
TGTTCATAAATGTGCT-1,1
TGTTCCGCTTCCATGA-1,10
TGTTCCGGCCTGAGCT-1,28
TGTTCGTATTGCGGTG-1,6
TGTTCTCATACTATAG-1,11
TGTTCTCTACTCCCTA-1,11
TGTTCTTCCATTGACT-1,6
TGTTGATCACTGTTTA-1,13
TGTTGCCGTCGTCCCA-1,28
TGTTGGCTGGCGGAAG-1,17
TGTTGTCAAGAAGTCT-1,16
TGTTTAATACTTCATC-1,3
TGTTTCGGTACTTCTC-1,18
TGTTTCTGAAGCGTGC-1,7
TGTTTGAGATCGTCAG-1,18
TTAAACAGAGTCCCGC-1,25
TTAAACCGGTAGCGAC-1,8
TTAAACCTGGTTCCTT-1,23
TTAAACTCGAATTCAT-1,0
TTAAAGGCGATGCTCG-1,19
TTAAAGTAAGTCGCCA-1,8
TTAACACCTCGAACAT-1,15
TTAACCAACCCTCCCT-1,4
TTAACCCGAGGCGTGT-1,19
TTAACGAACAAGCAGT-1,22
TTAACGTCGCAAGACC-1,1
TTAACGTTAAAGCCTG-1,6
TTAACTCACGCGTGGA-1,18
TTAACTGATCGTTTGG-1,4
TTAACTTCAGGTAGGA-1,5
TTAAGACGAACGAACC-1,16
TTAAGATACCCAGAGA-1,16
TTAAGATAGGATTGAC-1,12
TTAAGCCGACAACTTC-1,1
TTAAGCGCCTGACCCA-1,1
TTAAGGATACGGAGGT-1,3
TTAAGGCCCGTACTTT-1,16
TTAAGTATTGTTATCC-1,17
TTAATCAGTACGTCAG-1,20
TTAATGCGAGGTAACT-1,5
TTAATGTAGACCAGGT-1,22
TTAATGTGTTTGCAGG-1,0
TTAATTGCTTTGGGTG-1,12
TTAATTTCAGACGCGG-1,8
TTACAACTACGCATCC-1,8
TTACACGATCTGCGAC-1,3
TTACAGACCTAAATGA-1,8
TTACATCGTGGCCTGG-1,16
TTACATGCCACAACTA-1,12
TTACCATTGATTACCC-1,7
TTACCCATTGCCGGGT-1,7
TTACCCTAACAGTCCT-1,10
TTACCCTAGGGATTGG-1,0
TTACCGCCTTAGGGAA-1,17
TTACGGATGGTTCGAG-1,9
TTACGGTGTCACCGAG-1,6
TTACGTAGCGCGTGCT-1,7
TTACGTATCTATGACA-1,27
TTACTAAAGGACTTTA-1,9
TTACTATCGGCTTCTC-1,29
TTACTCCGGCCGGGAA-1,4
TTACTCTGGTACGTAC-1,0
TTACTGGGATATTTCA-1,21
TTACTGTCTAGAGCTC-1,15
TTACTGTTTCTCTACG-1,2
TTAGAAGAACATGACT-1,14
TTAGAATAAGGGTCGG-1,5
TTAGACACGATCGTTG-1,4
TTAGACGAGTCACCTC-1,18
TTAGAGGGATATACAG-1,20
TTAGAGTATTGTCGAG-1,31
TTAGAGTTTAGAAGGA-1,13
TTAGATAGGTCGATAC-1,21
TTAGCAACATGGATGT-1,13
TTAGCATCCCTCACGT-1,4
TTAGCCATAGGGCTCG-1,11
TTAGCTAATACGATCT-1,2
TTAGCTCTGTAATCCG-1,2
TTAGCTGATTTGCCGT-1,2
TTAGGATGGGAGGGTA-1,14
TTAGGTCATAACCGAC-1,0
TTAGGTGTGACTGGTC-1,11
TTAGTAAACCTGCTCT-1,26
TTAGTAGGGCGGCGGG-1,26
TTAGTTATTCGTGGCA-1,23
TTAGTTCAAGTGTTCG-1,3
TTATAGATGCACATTA-1,2
TTATAGGTAATTGTCT-1,16
TTATAGTCCAAGGTGC-1,5
TTATATACGCTGTCAC-1,13
TTATATTTGGCAATCC-1,1
TTATCATACTCGCAAA-1,24
TTATCCAATCGAACTC-1,32
TTATCCGGGATCTATA-1,15
TTATCCTCAAGGAATA-1,25
TTATCGCCTGCGAAGC-1,17
TTATCTGACATTAGGA-1,9
TTATCTGTATCATAAC-1,12
TTATGAATGAAAGGGA-1,0
TTATGACAAACTGGAT-1,11
TTATGATCTTAACGAA-1,24
TTATGCGTCCCGGTCC-1,25
TTATGTTTGCGATAGA-1,10
TTATTAGAGCGTGTTC-1,14
TTATTAGGGAAGCATC-1,11
TTATTATCTGGAAGGC-1,9
TTATTTAGGTTCCTTA-1,0
TTATTTCATCCCAAAC-1,10
TTCAAAGTCTCTAGCC-1,15
TTCAACGACCCGACCG-1,0
TTCAAGCCGAGCTGAG-1,29
TTCAATACTCTGAATC-1,10
TTCAATTAGCCATAAT-1,8
TTCACGAAAGGATCAC-1,2
TTCACGGTCGTCACGT-1,11
TTCACTCGAGCACCTA-1,12
TTCACTTCCTAGAACG-1,21
TTCAGAGTAACCTGAC-1,1
TTCAGCCCTGGTCCAC-1,27
TTCAGCTGGCGTGCCC-1,15
TTCAGGCGTCAAAGCC-1,9
TTCAGTTCAAGAGGAG-1,9
TTCAGTTTGTGGCAGC-1,5
TTCATAGCCTTGTAAC-1,11
TTCATAGGGTGTCCAT-1,9
TTCATGGCGCAACAGG-1,7
TTCCAATCAGAGCTAG-1,27
TTCCAATCTGGCTATC-1,14
TTCCACACAGATTTGA-1,17
TTCCACATTTCTCGTC-1,9
TTCCAGACGAGATTTA-1,12
TTCCAGTGGGTTTCGT-1,19
TTCCATCATGCGGTGA-1,25
TTCCATCGACAGCGTG-1,3
TTCCCGACGCTTCACT-1,9
TTCCCGGCGCCAATAG-1,9
TTCCGCAGAGAAATAT-1,4
TTCCGCGTGAGGCGAT-1,3
TTCCGGCCTTGAGGCT-1,10
TTCCGGCTCGACTTCT-1,20
TTCCGGTATCTGTGTC-1,6
TTCCGGTTACCCACTT-1,28
TTCCTCGAGGGTGTCT-1,22
TTCCTCGGACTAACCA-1,23
TTCCTCTGCCCGAATA-1,16
TTCCTTTCTGTGTTGC-1,8
TTCGAACGAAACATGC-1,26
TTCGACAGAGCCCGTG-1,28
TTCGACGGGAAGGGCG-1,2
TTCGAGCCGGCGCTAC-1,11
TTCGCACTCGCGTGCT-1,18
TTCGCACTGTACGACA-1,2
TTCGCATCCGGAAGCA-1,18
TTCGCCGCTCGCGCTA-1,12
TTCGCGCGCCATACGA-1,24
TTCGCTAGGAAGTTGT-1,2
TTCGCTATCTGACGTG-1,2
TTCGGACTGATGCCTT-1,3
TTCGGACTGGGCATGG-1,3
TTCGGCAACCCGCTGA-1,18
TTCGGCTAGAGATGGT-1,14
TTCGGGACTAATCGCG-1,10
TTCGGGCGCTAGTCTT-1,19
TTCGGGTTGCCACGGG-1,18
TTCGGTACTGTAGAGG-1,1
TTCGGTGGAGACGCCC-1,1
TTCGTAATCCCAGCGG-1,8
TTCGTACTCCAGAACG-1,4
TTCGTGCATGTTATAG-1,15
TTCGTGGGCTGGAAGC-1,16
TTCGTTCAACGAAGTT-1,7
TTCTAACCGAAGCTTA-1,3
TTCTACCTCAATCGGT-1,20
TTCTACCTTTATGTTG-1,1
TTCTACTTGCGAGGGC-1,20
TTCTAGAAAGTCTTAT-1,28
TTCTAGGCCAATTGTG-1,11
TTCTATGCCTTTCGCA-1,16
TTCTATTAAACGCAGC-1,13
TTCTCAATTGCTACAA-1,5
TTCTCTTACAGGTGAT-1,24
TTCTGACCGGGCTCAA-1,28
TTCTGCCGCGCCTAGA-1,10
TTCTGCGAGCGCCCTT-1,2
TTCTGCGGGTTAGCGG-1,8
TTCTGCTAGACTCCAA-1,6
TTCTGTTTCCTGTCGC-1,9
TTCTTAGTGAACGGTG-1,22
TTCTTAGTGGCTCAGA-1,11
TTCTTATCCGCTGGGT-1,5
TTCTTCCCTTTGATAT-1,20
TTCTTCGCAATAGAGC-1,27
TTCTTGAGCCGCGCTA-1,19
TTCTTGCTAGCATCTC-1,7
TTCTTGGACGATCTGC-1,10
TTCTTGGAGTAATGAG-1,16
TTCTTGTAACCTAATG-1,14
TTCTTGTGTCCATCAG-1,1
TTCTTTGGTCGCGACG-1,0
TTGAAACCCTCATTCC-1,27
TTGAAAGGTGTAAAGG-1,20
TTGAACGAATCCTTTG-1,8
TTGAACGACGTGCTGA-1,1
TTGAAGAATTCCCAGG-1,2
TTGAAGGATGGGCGCC-1,9
TTGAATATGGACTTTC-1,17
TTGAATCGTTGTATAA-1,0
TTGAATTCACGTGAGG-1,4
TTGACAGGAGCTCCCG-1,15
TTGACATGAACGTGGA-1,11
TTGACCAGGAACAACT-1,28
TTGACCATGTTCTCCG-1,1
TTGACCGTGTTAATGA-1,15
TTGACGATTCAGCACG-1,4
TTGACGCTCCATGAGC-1,3
TTGACTACCATATGGT-1,2
TTGACTATTGTCCGGC-1,3
TTGAGAAGTTTAGCAT-1,30
TTGAGAGTACTGCTAA-1,3
TTGAGCAGCCCACGGT-1,27
TTGAGCGCCACGTGAT-1,6
TTGAGGCATTTAACTC-1,10
TTGAGGGTCGAACGCG-1,0
TTGAGTCCCGCTGCTG-1,8
TTGATAGTCAATACAT-1,6
TTGATCTAACTTTGTC-1,10
TTGATGCCGCTCGTCG-1,12
TTGATGTGTAGTCCCG-1,8
TTGATTAGCTGTTTCT-1,4
TTGATTATGCAGATGA-1,14
TTGCAAGAAGACTCCT-1,21
TTGCACAATTCAGAAA-1,4
TTGCACGGAGCAGCAC-1,16
TTGCAGGTCATGAAGT-1,13
TTGCATGCTGATCACG-1,2
TTGCCAAGCAGAACCC-1,13
TTGCCATAGCCCGCTC-1,5
TTGCCCTGATCACGGG-1,30
TTGCCGCAGACCTACA-1,16
TTGCCGCTTTCTAGTA-1,5
TTGCCGGTGATCCCTC-1,3
TTGCCTAATCCAAAGT-1,16
TTGCCTTCTCGCCGGG-1,14
TTGCGCACAACCACGT-1,1
TTGCGCTCTCTCGCTT-1,29
TTGCGCTTGATCAATA-1,11
TTGCGGAAAGCTGCCC-1,11
TTGCGGCATCAGAAAG-1,0
TTGCGGCGACTCATGC-1,17
TTGCGTAGTTTGAGGA-1,0
TTGCGTCGGCCAACCG-1,5
TTGCGTGAACGCTTAG-1,29
TTGCGTGTGTAGGCAT-1,1
TTGCTAGCTACCAATC-1,8
TTGCTCATAGTACGTG-1,3
TTGCTCCCATACCGGA-1,1
TTGCTGAAGGAACCAC-1,13
TTGCTGATCATGTTCG-1,5
TTGCTGCACCTATCCA-1,0
TTGCTGGCCGGGCTTC-1,8
TTGGAAGAATACAGTC-1,4
TTGGACATGTGGCTTA-1,16
TTGGACCATCTGGCAA-1,15
TTGGACCTATAACAGT-1,4
TTGGAGTCTCCCTTCT-1,5
TTGGATATCGTCTACG-1,13
TTGGATCGACTTCTGG-1,1
TTGGATTGGGTACCAC-1,10
TTGGCCAAATTGTATC-1,19
TTGGCCATCTTGCGCT-1,18
TTGGCCTAGAATTTCG-1,0
TTGGCGATCCGAATAT-1,12
TTGGCTCAATATGTGT-1,10
TTGGCTCGCATGAGAC-1,11
TTGGGAAGACGAGCCG-1,6
TTGGGACACTGCCCGC-1,7
TTGGGACGTAAGAGTT-1,10
TTGGGCGGCGGTTGCC-1,26
TTGGGTTTATTCAGCG-1,9
TTGGTATGGCTTGTGT-1,18
TTGGTCACACTCGTAA-1,30
TTGGTGCGGTGTTGAA-1,16
TTGGTTCGCTCAAAGG-1,2
TTGGTTGCGGTGCGCG-1,6
TTGTAACTTCATAGCG-1,7
TTGTAAGGACCTAAGT-1,8
TTGTAAGGCCAGTTGG-1,15
TTGTAATCCGTACTCG-1,30
TTGTACACCTCGAACA-1,1
TTGTATCACACAGAAT-1,16
TTGTCACCGCGGTATC-1,7
TTGTCGTTCAGTTACC-1,29
TTGTCTCGGCAAGATG-1,4
TTGTGAACCTAATCCG-1,12
TTGTGAGGCATGACGC-1,4
TTGTGATCTGTTCAGT-1,15
TTGTGCAGCCACGTCA-1,27
TTGTGCGGAAGCGGAT-1,12
TTGTGGAGACAGCCGG-1,31
TTGTGGCCCTGACAGT-1,7
TTGTGGTAGGAGGGAT-1,17
TTGTGGTATAGGTATG-1,0
TTGTGGTGGTACTAAG-1,4
TTGTGTATGCCACCAA-1,7
TTGTGTTTCCCGAAAG-1,6
TTGTTAGCAAATTCGA-1,27
TTGTTCAGTGTGCTAC-1,16
TTGTTCTAGATACGCT-1,9
TTGTTGGCAATGACTG-1,2
TTGTTGTGTGTCAAGA-1,16
TTGTTTCACATCCAGG-1,0
TTGTTTCATTAGTCTA-1,1
TTGTTTCCATACAACT-1,18
TTGTTTGTATTACACG-1,2
TTGTTTGTGTAAATTC-1,13
