barcode,cluster
AAACAACGAATAGTTC-1,10
AAACAAGTATCTCCCA-1,5
AAACAATCTACTAGCA-1,15
AAACACCAATAACTGC-1,22
AAACAGAGCGACTCCT-1,9
AAACAGCTTTCAGAAG-1,15
AAACAGGGTCTATATT-1,0
AAACAGTGTTCCTGGG-1,16
AAACATGGTGAGAGGA-1,6
AAACATTTCCCGGATT-1,22
AAACCACTACACAGAT-1,0
AAACCCGAACGAAATC-1,16
AAACCGGAAATGTTAA-1,2
AAACCGGGTAGGTACC-1,5
AAACCGTTCGTCCAGG-1,14
AAACCTAAGCAGCCGG-1,6
AAACCTCATGAAGTTG-1,4
AAACGAAGAACATACC-1,22
AAACGAAGATGGAGTA-1,2
AAACGACAGTCTTGCC-1,2
AAACGAGACGGTTGAT-1,20
AAACGCCCGAGATCGG-1,17
AAACGGGCGTACGGGT-1,10
AAACGGGTTGGTATCC-1,11
AAACGGTTGCGAACTG-1,17
AAACGTGTTCGCCCTA-1,6
AAACTAACGTGGCGAC-1,10
AAACTCGGTTCGCAAT-1,19
AAACTCGTGATATAAG-1,20
AAACTGCTGGCTCCAA-1,10
AAACTTAATTGCACGC-1,15
AAACTTGCAAACGTAT-1,11
AAAGAATGACCTTAGA-1,3
AAAGACATGAAGTTTA-1,5
AAAGACCCAAGTCGCG-1,11
AAAGACTGGGCGCTTT-1,7
AAAGGCCCTATAATAC-1,4
AAAGGCTACGGACCAT-1,15
AAAGGCTCTCGCGCCG-1,7
AAAGGGATGTAGCAAG-1,5
AAAGGGCAGCTTGAAT-1,5
AAAGGTAAGCTGTACC-1,18
AAAGGTCAACGACATG-1,3
AAAGTAGCATTGCTCA-1,3
AAAGTCACTGATGTAA-1,4
AAAGTCGACCCTCAGT-1,22
AAAGTGCCATCAATTA-1,11
AAAGTGTGATTTATCT-1,17
AAAGTTGACTCCCGTA-1,9
AAATAACCATACGGGA-1,0
AAATAAGGTAGTGCCC-1,15
AAATACCTATAAGCAT-1,9
AAATAGCTTAGACTTT-1,12
AAATAGGGTGCTATTG-1,0
AAATCCGATACACGCC-1,11
AAATCGCGGAAGGAGT-1,4
AAATCGTGTACCACAA-1,0
AAATCTAGCCCTGCTA-1,13
AAATCTGCCCGCGTCC-1,2
AAATGACTGATCAAAC-1,3
AAATGATTCGATCAGC-1,1
AAATGCTCGTTACGTT-1,2
AAATGGCATGTCTTGT-1,4
AAATGGCCCGTGCCCT-1,17
AAATGGTCAATGTGCC-1,9
AAATGTATCTTATCCC-1,2
AAATGTGGGTGCTCCT-1,5
AAATTAACGGGTAGCT-1,8
AAATTAATAAGCGCGA-1,18
AAATTACACGACTCTG-1,1
AAATTACCTATCGATG-1,7
AAATTCCAGGTCCAAA-1,9
AAATTGATAGTCCTTT-1,2
AAATTGCGGCGGTTCT-1,17
AAATTGGTGAGAAGCA-1,4
AAATTTACCGAAATCC-1,9
AAATTTGCGGGTGTGG-1,20
AACAACTGGTAGTTGC-1,19
AACAATACATTGTCGA-1,1
AACAATTACTCTACGC-1,14
AACACACGCTCGCCGC-1,20
AACACGACTGTACTGA-1,4
AACACGAGACGCGGCC-1,19
AACACGCGGCCGCGAA-1,2
AACAGCTGTGTGGCAA-1,12
AACAGGAAATCGAATA-1,4
AACAGGATGGGCCGCG-1,15
AACAGGTAGTATGGAT-1,8
AACATAGCGTGTATCG-1,8
AACATATCAACTGGTG-1,17
AACATCGATACGTCTA-1,16
AACATTGAAGTTGATC-1,7
AACATTGGTCAGCCGT-1,10
AACATTGTGACTCGAG-1,22
AACCAAGACTTCTCTG-1,21
AACCAGTATCACTCTT-1,0
AACCATAGGGTTGAAC-1,10
AACCATGGGATCGCTA-1,13
AACCCAGAGACGGAGA-1,4
AACCCATCCCATGATC-1,0
AACCCGACAACCCGTG-1,16
AACCCGAGCAGAATCG-1,12
AACCCGCTGTATTCCA-1,5
AACCCTACTGTCAATA-1,4
AACCCTGGTGGAACCA-1,11
AACCGAGCTTGGTCAT-1,1
AACCGCTAAGGGATGC-1,4
AACCGTTGTGTTTGCT-1,3
AACCTAAAGCCGTCCG-1,19
AACCTCGCTTTAGCCC-1,13
AACCTGTCACGGAATT-1,20
AACCTTTAAATACGGT-1,12
AACCTTTACGACGTCT-1,16
AACGAAAGTCGTCCCA-1,5
AACGATAATGCCGTAG-1,14
AACGATAGAAGGGCCG-1,10
AACGATATGTCAACTG-1,9
AACGCATGATCTGGGT-1,7
AACGCGAACGGCAACA-1,20
AACGCGACCTTGGGCG-1,0
AACGCGGTCTCCAGCC-1,8
AACGCTGTTGCTGAAA-1,11
AACGGACGTACGTATA-1,14
AACGGCCATCTCCGGT-1,13
AACGTACTGTGGGTAC-1,5
AACGTAGTCTACCCAT-1,0
AACGTCAGACTAGTGG-1,10
AACGTCATCCGGCTTG-1,5
AACGTGATGAAGGACA-1,5
AACGTGCGAAAGTCTC-1,19
AACGTTATCAGCACCT-1,21
AACTACCCGTTTGTCA-1,7
AACTAGCGTATCGCAC-1,5
AACTAGGCTTGGGTGT-1,18
AACTCAAGTTAATTGC-1,4
AACTCCAGAGCGTGTT-1,10
AACTCCTAATCCCATG-1,11
AACTCGATAAACACGT-1,2
AACTCGATGGCGCAGT-1,4
AACTCTCAATAGAGCG-1,13
AACTCTCAGTGTGCTC-1,12
AACTGAGGTCAGCGTC-1,9
AACTGAGTTATACTGA-1,20
AACTGATATTAGGCCT-1,0
AACTGGGTCCCGACGT-1,7
AACTGGGTTCGAGCCG-1,9
AACTGGTGTGGGCCTT-1,4
AACTTCTGCGTCTATC-1,2
AACTTGCCCGTATGCA-1,12
AACTTGCGTTCTCGCG-1,12
AACTTTACGGGAGCTT-1,3
AACTTTAGCTGCTGAG-1,12
AAGAAGGATCAGTTAG-1,2
AAGACATACGTGGTTT-1,11
AAGACCAAATAACTCA-1,0
AAGACCCAACTGAACA-1,0
AAGACTAACCCGTTGT-1,4
AAGACTCACGCCCACT-1,8
AAGACTGCAAGCTACT-1,11
AAGAGATGAATCGGTA-1,4
AAGAGCTCTTTATCGG-1,22
AAGAGGATGTACGCGA-1,3
AAGAGGCATGGATCGC-1,12
AAGAGGCCCTTTGGAA-1,8
AAGATGGCACCGGACC-1,8
AAGATTGGCGGAACGT-1,18
AAGCACCCTGCGTATC-1,1
AAGCATACTCTCCTGA-1,3
AAGCCACTTGCAGGTA-1,4
AAGCCGAAGCGGTTTA-1,7
AAGCCGCCGTGAAATC-1,7
AAGCCGGAGAGCAGGA-1,19
AAGCGCAGGGCTTTGA-1,9
AAGCGGAGTGCGCGCA-1,15
AAGCGGCGTCATGGGT-1,2
AAGCGTCCCTCATCGA-1,2
AAGCTAGATCGAGTAA-1,12
AAGCTCGTGCCAAGTC-1,11
AAGCTCTTTCATGGTG-1,7
AAGGAGAACTTATAAG-1,16
AAGGAGCGGTTGGTGC-1,16
AAGGATCGATCGCTTG-1,11
AAGGATGAGGGACCTC-1,18
AAGGCAGGCTGTCTCC-1,22
AAGGCGCGTAAAGCTT-1,0
AAGGCTGTGCTCATCG-1,19
AAGGGAACGACTGGCT-1,4
AAGGGACAGATTCTGT-1,3
AAGGGACTATGCATTC-1,13
AAGGGTTTGATTTCAG-1,2
AAGGTATCCTAATATA-1,4
AAGGTGATAAACCAGC-1,13
AAGTAAGCTTCCAAAC-1,3
AAGTAGAAGACCGGGT-1,10
AAGTAGTGACGCGAGG-1,11
AAGTCAATTGTCGTCA-1,10
AAGTCTTCTGTGGCCT-1,3
AAGTGACGACCGAATT-1,0
AAGTGAGTCGGGTTTA-1,1
AAGTGCAAAGGTAGAC-1,11
AAGTGCCTTGACTGTA-1,1
AAGTGCGTTAGAATCT-1,0
AAGTGCTTCTCTATTG-1,5
AAGTGTTTGGAGACGG-1,18
AAGTTCACTCCAAGCT-1,6
AAGTTCAGTCTGCGTA-1,18
AAGTTCGGCCAACAGG-1,12
AAGTTGTGATGTTATA-1,10
AAGTTTACTAATGGCA-1,2
AAGTTTATGGGCCCAA-1,12
AATAACAACGCTCGGC-1,12
AATAACACTAGAACAA-1,1
AATAAGTCCTCGAGAC-1,5
AATAATCTTCGTATCG-1,16
AATACAATGTTTCAGG-1,3
AATACCGGAGGGCTGT-1,2
AATAGAACAGAGTGGC-1,1
AATAGAATCTGTTTCA-1,16
AATAGCAAGCCTCCTG-1,17
AATAGCTACCGCGTGC-1,15
AATAGGCACGACCCTT-1,3
AATAGTCCGTCCCGAC-1,8
AATAGTCGCGAGTCGG-1,4
AATATCAAGGTCGGAT-1,21
AATATCCTAGCAAACT-1,10
AATATCGAATCAATGC-1,18
AATATCGAGGGTTCTC-1,8
AATATTGGAGTATTGA-1,21
AATCAGACTGCAGGAC-1,7
AATCAGGTTTCATTTA-1,20
AATCATGTAAAGACTC-1,8
AATCCAAGGGCCTGAG-1,10
AATCCATGCAAGGGTG-1,2
AATCCCGCTCAGAGCC-1,8
AATCGAGGTCTCAAGG-1,2
AATCGCCTCAGCGCCA-1,1
AATCGCGCAGAGGACT-1,9
AATCGGGACACTACGA-1,15
AATCGTGAGCCGAGCA-1,13
AATCTAGGTTTACTTG-1,1
AATCTATGCCGGAGCC-1,2
AATCTCTACTGTGGTT-1,13
AATCTGCGTTGGGACG-1,18
AATCTGGCTTTCTAGT-1,7
AATCTGGGTAGACCCT-1,3
AATGACAGCAATGTCT-1,18
AATGACGTAGGATGTC-1,14
AATGACTGTCAGCCGG-1,7
AATGAGTTCGCATATG-1,6
AATGATGATACGCTAT-1,0
AATGATGCGACTCCTG-1,2
AATGCAACCGGGTACC-1,10
AATGCACCAAGCAATG-1,0
AATGGTCCACCGTTCA-1,9
AATGGTTCTCACAAGC-1,2
AATGTATGGCACTGTA-1,13
AATGTGCCCGAGGTGT-1,14
AATGTGCTAATCTGAG-1,11
AATGTTAAGACCCTGA-1,16
AATGTTGTCGTGAGAC-1,6
AATTAAAGGTCGGCGT-1,2
AATTAACGGATTTCCA-1,6
AATTACGAGACCCATC-1,2
AATTACTCGTACGCTC-1,0
AATTAGCGCTGCAGCG-1,19
AATTCATAAGGGATCT-1,8
AATTCATTGTCATGCA-1,2
AATTCCAACTTGGTGA-1,2
AATTCCAAGCATGTAC-1,20
AATTCGATTCGAGGAT-1,7
AATTCTAGAGTTAGGC-1,13
AATTGAACGCTCTGGT-1,10
AATTGCAGCAATCGAC-1,17
AATTGCGTGGATTACA-1,3
AATTGTGGTTGCCAAA-1,12
AATTTGGGACATAGTA-1,17
AATTTGGTTCCAAAGA-1,9
ACAAACCATGCGTCCT-1,3
ACAAACCGACAAGGCG-1,23
ACAAACTCCATCAGAG-1,6
ACAAAGAAGGTAGGCC-1,2
ACAAAGCATGACCTAG-1,18
ACAAATCGCACCGAAT-1,9
ACAAATGGTAGTGTTT-1,19
ACAAATTCAGATCTGA-1,19
ACAACAGCATGAGCTA-1,7
ACAACGGTCCCTGCGA-1,18
ACAAGCAGTGCCTAGC-1,0
ACAAGCTATATGGAAG-1,3
ACAAGGAAATCCGCCC-1,5
ACAAGGACAAGAGGTT-1,10
ACAAGGATGCTTTAGG-1,6
ACAAGGCCTACCAGCC-1,10
ACAAGGGCAGGCTCTG-1,14
ACAATAGTCGTACGTT-1,9
ACAATCCATTTAAACC-1,21
ACAATCGATCTTTATA-1,10
ACAATGAATACGGAGA-1,2
ACAATGATTCTTCTAC-1,4
ACAATTGTGTCTCTTT-1,3
ACAATTTAGGAGGCTC-1,14
ACAATTTGAGCAGTGG-1,17
ACAATTTGGCCATATT-1,1
ACACAAAGACGGGTGG-1,10
ACACAAATATTCCTAG-1,4
ACACACCAGGACCAGT-1,16
ACACACTTTCTACACG-1,8
ACACATGATCAAATCT-1,11
ACACATTGACGCAACA-1,12
ACACATTTCCGTAGAC-1,17
ACACCACATAATTAGC-1,7
ACACCCAGCATGCAGC-1,9
ACACCCGAGAAATCCG-1,9
ACACCGAGCGCTCTTT-1,12
ACACCGGTCTGACCGC-1,15
ACACCTTAAGTAGGGC-1,9
ACACCTTACTACTTGC-1,15
ACACGAGACTCCTTCT-1,7
ACACGGCACTATGCAT-1,9
ACACGGGAACTTAGGG-1,7
ACACGTAGGCCACAAG-1,13
ACACTCCAATGTCACT-1,0
ACACTGATCAAGGTGT-1,12
ACACTGGGACAGTCGT-1,9
ACAGAACTGAGAACAA-1,10
ACAGATTAGGTTAGTG-1,17
ACAGCATAGAGCCAGT-1,9
ACAGCGACATTCTCAT-1,21
ACAGCGCACCCGCAGC-1,1
ACAGGAGGCGCAGCCG-1,3
ACAGGCACGGATCCTT-1,2
ACAGGCTTGCCCGACT-1,0
ACAGGTGGAGGTGAGG-1,7
ACAGGTGTGTTGTTGC-1,19
ACAGTAATACAACTTG-1,1
ACAGTATACCGTGGGA-1,2
ACAGTGCAGCGCATTT-1,6
ACATAAGTCGTGGTGA-1,16
ACATAATAAGGCGGTG-1,6
ACATCAGCTGGGACGC-1,5
ACATCCCGGCCATACG-1,15
ACATCCTGGTAACTGT-1,15
ACATCGATCGTTTACC-1,9
ACATCGCAATATTCGG-1,6
ACATCGGTCAGCCGCG-1,7
ACATCGTATGCAATGG-1,1
ACATCGTTAACCTAGT-1,23
ACATCTCAACGCGTAA-1,15
ACATGCTTACGGCAGC-1,2
ACATGGCGCCAAAGTA-1,5
ACATGGCTCAATTTAG-1,11
ACATTAGTTTATATCC-1,9
ACATTCGCGCGGAATA-1,8
ACATTTGAAACCTAAC-1,6
ACCAAACACCCAGCGA-1,14
ACCAAACTAGAAATCC-1,11
ACCAACACCACACACT-1,1
ACCAACCGCACTCCAC-1,18
ACCAACGCTTATTTAT-1,7
ACCAAGAACGCGTGTC-1,7
ACCAAGTCATCGGCAG-1,21
ACCAATATGCAAGTTA-1,12
ACCACAACTCAGAACA-1,23
ACCACAAGTTTCTATC-1,18
ACCACACGGTTGATGG-1,19
ACCACCAATGTAACAA-1,7
ACCACGTGCAGCTATA-1,0
ACCACTGTTCAAGAAG-1,6
ACCAGACCATAACAAC-1,4
ACCAGCCCGGTCTTTG-1,23
ACCAGGAGTGTGATCT-1,9
ACCAGTGCCCGGTCAA-1,3
ACCAGTGCGGGAGACG-1,13
ACCATATCCGCAATAA-1,1
ACCATCCGCCAACTAG-1,7
ACCATCGTATATGGTA-1,7
ACCATTAAGGGTGTCA-1,3
ACCCAACGCCCGTGGC-1,1
ACCCACCTACATGCTC-1,6
ACCCATCTTGAGGGTA-1,8
ACCCATTTGTCCCTCT-1,6
ACCCGAGCGAAATTAC-1,19
ACCCGATTGGTTCCGA-1,20
ACCCGGAAACTCCCAG-1,17
ACCCGGAGCACCACAA-1,14
ACCCGGATGACGCATC-1,4
ACCCGGTTACACTTCC-1,0
ACCCGTAGCAGAGAAT-1,15
ACCCGTGTCATCAGTA-1,19
ACCCTATAGGACTGAG-1,10
ACCCTATGCCATATCG-1,1
ACCCTCCCGTCAGGGC-1,9
ACCCTCCCTTGCTATT-1,10
ACCCTGGTAACGCCCT-1,14
ACCCTTCATCTGCGAA-1,5
ACCCTTTAGTTCTCCA-1,5
ACCGAAAGGGCCCTGC-1,12
ACCGAAGAGTCTGGTT-1,1
ACCGACACATCTCCCA-1,3
ACCGACTGAGTCCCAC-1,0
ACCGAGTCTCCTTATT-1,5
ACCGATAGGCATAACC-1,13
ACCGATATTTAATCAT-1,1
ACCGATGGTAGCATCG-1,14
ACCGCAATAACTGCCT-1,5
ACCGCGGTGGAAGTCG-1,9
ACCGCTAGTCATTGGT-1,15
ACCGGGCCTTTGTTGA-1,0
ACCGGTCAGGTACACC-1,9
ACCGGTCTGAGTACGG-1,1
ACCGTCCACTGGGCCC-1,4
ACCGTGACCACGTGGG-1,15
ACCGTTCCCGCTCTGA-1,0
ACCTAAGTACCTTTCA-1,10
ACCTAATCGACTTCCT-1,3
ACCTACAGTATGTGGT-1,5
ACCTACTATAAATCTA-1,20
ACCTCCGCCCTCGCTG-1,5
ACCTCCGTTATTCACC-1,7
ACCTCGAACTTATGCT-1,16
ACCTGCGTGTCATGTT-1,17
ACCTTTCCTTTAGAAG-1,4
ACGAAATGGGCGGCAC-1,20
ACGACCCATGAGTTGC-1,11
ACGACTCTAGGGCCGA-1,2
ACGACTGGTCATACTC-1,7
ACGAGAACCCATCACG-1,3
ACGAGATATTTGCTTA-1,5
ACGAGGATACCACTCT-1,0
ACGAGGTTTACAACGT-1,0
ACGAGTACGGATGCCC-1,4
ACGAGTCGCCGGCGTT-1,4
ACGATACATAGAACTA-1,11
ACGATACCTATCCTGA-1,16
ACGATCATACATAGAG-1,0
ACGATCATCTTGTAAA-1,0
ACGATGCATATGTTAT-1,2
ACGATGGATCCGATGC-1,2
ACGCAAACTAATAGAT-1,14
ACGCAATCACTACAGC-1,8
ACGCATAAATGACATG-1,7
ACGCATACGTTTACTA-1,18
ACGCATTCGTGAGTAC-1,6
ACGCCACTCGAAACAG-1,4
ACGCCAGATGATTTCT-1,15
ACGCCAGTGCGTTTGC-1,6
ACGCCCAGCTGTCGAT-1,9
ACGCCGCTAGACGACC-1,0
ACGCCTGACACGCGCT-1,3
ACGCGAAGTCAGACGA-1,10
ACGCGCTACACAGGGT-1,15
ACGCGGGCCAAGGACA-1,9
ACGCGTTTCTTAAGAG-1,2
ACGCTAGTGATACACT-1,17
ACGCTGTGAGGCGTAG-1,17
ACGCTTAGTGTCTCTC-1,3
ACGGAATTTAGCAAAT-1,11
ACGGACGCAGCGACAA-1,6
ACGGACTCTCAAAGCG-1,3
ACGGAGCGCAAATTAC-1,18
ACGGATGGTGCGGATA-1,4
ACGGCACTTGCTTGGG-1,14
ACGGCCAACATGGACT-1,10
ACGGCGACGATGGGAA-1,1
ACGGCGGGTTGCCCTG-1,5
ACGGCTGGATGTAGAA-1,7
ACGGGAGTGTCGGCCC-1,3
ACGGGCGTATGCGACA-1,5
ACGGGTCATGTGACTT-1,11
ACGGTACAGTTCAATG-1,23
ACGGTCACCGAGAACA-1,2
ACGTACAGATTTCTCT-1,1
ACGTACTTTGGCACGG-1,16
ACGTAGATTGCTGATG-1,14
ACGTAGGAGAGTCGCT-1,8
ACGTATTACTCCGATC-1,14
ACGTCCTAAACGAGAT-1,3
ACGTCGGGCAACTCGG-1,20
ACGTCTCGTTCCGGGA-1,22
ACGTGACAAAGTAAGT-1,2
ACGTGCGCCTCGTGCA-1,11
ACGTGGTCGAATGTGC-1,5
ACGTTAATGTCGAAGA-1,1
ACGTTAGATTTGCCCG-1,20
ACGTTATTGGTCACTC-1,10
ACGTTCACTATGCCGC-1,20
ACGTTCCGCGCTCCGT-1,4
ACGTTCGCAATCAATT-1,18
ACGTTCGTTCAGGAAA-1,5
ACGTTCTGTACAAGTC-1,23
ACGTTGTCGTTGAAAG-1,10
ACGTTTAGTTGTGATC-1,12
ACTAAGGACGCACACC-1,0
ACTAATACGTCAGGCG-1,8
ACTACAAAGAGAGGTG-1,7
ACTACATCCCGACAAG-1,7
ACTACCAGCTCTCTGG-1,17
ACTACCATCCGAGGGC-1,15
ACTACGCGTTAGAATT-1,5
ACTAGTTGCGATCGTC-1,9
ACTATATGCTGTGTTC-1,11
ACTATCCAGGGCATGG-1,7
ACTATCGCCGGCTAAA-1,3
ACTATCTGCCCGCGTA-1,14
ACTATGTCCAGCTGCC-1,10
ACTATTCGTCCGTGGT-1,4
ACTATTTCCGGGCCCA-1,12
ACTCAACGAATGTATT-1,3
ACTCAAGTGCAAGGCT-1,12
ACTCAATAAAGGCACG-1,10
ACTCAGACCTGCTTCT-1,18
ACTCATGGCAGCCTTC-1,0
ACTCCAATATCATCAT-1,3
ACTCCCATTCCTAAAG-1,3
ACTCCCGAATTCGTTT-1,15
ACTCCCTAATGCTAAA-1,6
ACTCCCTAGAATAGTA-1,13
ACTCCGGCCGACCACT-1,13
ACTCGATGTATTTCAT-1,7
ACTCGCCGTTCGATAA-1,22
ACTCGCGATCTGACGC-1,0
ACTCGTAACCCGTCCT-1,10
ACTCGTCAGTAATCCC-1,7
ACTCTAAACCTGGGAT-1,11
ACTCTCTGACTTAGGT-1,20
ACTCTCTTATACACGA-1,23
ACTCTGACCTAATAGA-1,5
ACTCTTCAGCTCCCGC-1,3
ACTCTTGTATAGTAAC-1,9
ACTGAAACGCCGTTAG-1,20
ACTGAATGGCGAAAGT-1,9
ACTGATTTAGTGATTC-1,9
ACTGCCCGCCATTCTC-1,6
ACTGCCGTCGTAACTC-1,2
ACTGCGGACACACCGT-1,7
ACTGCTCGGAAGGATG-1,12
ACTGGCGAACCTGCGT-1,4
ACTGGGATGCCAGTGC-1,18
ACTGTACGATACACAT-1,1
ACTGTAGCACTTTGGA-1,16
ACTGTATACGCGAGCA-1,3
ACTGTCCAGGATTATA-1,22
ACTGTCTTCTTTAGAA-1,16
ACTGTGCTAGTAGATC-1,4
ACTGTTTAGTGTAGGC-1,1
ACTTACCGGGCGCGCA-1,1
ACTTACGCATCCACGC-1,13
ACTTAGTACGACAAGA-1,10
ACTTATACTTACCCGG-1,7
ACTTATCTGATCTATA-1,3
ACTTATTAGGATCGGT-1,18
ACTTATTTATGTGCCA-1,14
ACTTCAGGCTGATCCC-1,8
ACTTCCAGTGGAAGCT-1,4
ACTTCCATGCGGGACA-1,21
ACTTCGCCATACGCAC-1,7
ACTTCGCTAGCGAGTG-1,21
ACTTGACTCCCTCTTT-1,7
ACTTGCCATATTGTAC-1,17
ACTTGCTCTATCTACC-1,6
ACTTGGGACCCGGTGG-1,22
ACTTGGGCTTTCGCCA-1,8
ACTTGTAGTCCCTTCA-1,9
ACTTGTGGATGGAACG-1,10
ACTTGTTACCGGATCA-1,6
ACTTTACCCTCATGAA-1,17
ACTTTCCTATAGCTTC-1,4
ACTTTGACTGCATCCT-1,4
ACTTTGGTCGTGCTCC-1,17
ACTTTGTCGACGCACT-1,1
AGAAATTATGACTCGC-1,1
AGAACCCAGCGTGACA-1,12
AGAACCCTCAATTGGG-1,18
AGAACGTGGTACATTC-1,6
AGAAGAGCGCCGTTCC-1,10
AGAAGGTACACTTCAC-1,10
AGAAGGTTGCCGAATT-1,15
AGAAGGTTGTAGGTCG-1,5
AGAAGTGATTCGTGAT-1,20
AGAATAAATCTTCAGG-1,21
AGAATGCGGGTTCGGA-1,18
AGAATTATGGATTCGA-1,14
AGAATTGTTTGACATA-1,10
AGACAGCTCAGAATCC-1,20
AGACAGGCATCTCAGC-1,1
AGACATAGATCCTTCC-1,17
AGACCAAACCACACCT-1,0
AGACCATGGGATACAA-1,3
AGACCCACCGCTGATC-1,0
AGACCCGCCCTCCTCG-1,10
AGACCGCTCCGCGGTT-1,8
AGACCGGGAAACCCTG-1,0
AGACGAAGTGCCGGTC-1,7
AGACGACGATGCCGCT-1,21
AGACGCCCACTTCGCC-1,8
AGACGGGCCGATTTAA-1,1
AGACTAGCCTTCCAGA-1,21
AGACTGTTACCGGGTC-1,6
AGAGAAACACCAGAAA-1,19
AGAGAACCGTCTAGGA-1,0
AGAGAAGGAGTACAAT-1,20
AGAGATCTCTAAAGCG-1,20
AGAGCAGTTATGAGAC-1,14
AGAGCCGCCGAGATTT-1,0
AGAGCGGGCTAATCAT-1,8
AGAGCGTACAAGCTCG-1,20
AGAGCTACGAAAGCAT-1,11
AGAGGCTTCGGAAACC-1,0
AGAGGGACAATTGTCC-1,2
AGAGGTATCTCGGTCC-1,12
AGAGTAAACTTCACTA-1,12
AGAGTATAGTGTTACG-1,13
AGAGTTAGAGACCGAT-1,6
AGAGTTGCAGGCCTCC-1,4
AGATAACTTCAGGGCC-1,5
AGATACCAATAGAACC-1,10
AGATACCAGCACTTCA-1,15
AGATACCGGTGTTCAC-1,22
AGATACGACTTCATAT-1,12
AGATACTCAAGATCGA-1,14
AGATATAATACGACTA-1,0
AGATCGTGCATAAGAT-1,14
AGATCTCAGGTGTGAT-1,18
AGATGACTCGCCCACG-1,8
AGATGAGGGTTGCGAT-1,4
AGATGATGGAGTCTGG-1,5
AGATGCAAGACGTGCA-1,20
AGATGCATCCTGTGTC-1,0
AGATGCTATAACGAGC-1,4
AGATTATAGGACGTTT-1,13
AGATTCAAGCGGGTCG-1,1
AGATTCACAACCGATA-1,14
AGCAAAGGCCGCTAGT-1,3
AGCAACATATCTTATT-1,14
AGCAACCGAAAGTAAT-1,19
AGCACACGTTTAGACT-1,8
AGCACCAGTACTCACG-1,8
AGCACTACCGGCCTGT-1,2
AGCACTACCTCACCAG-1,19
AGCACTTAAGGACGCC-1,9
AGCAGAAGGAGAAAGA-1,11
AGCAGCCAGATGAATA-1,22
AGCAGTCGAAGCATGC-1,0
AGCATATCAATATGCT-1,1
AGCATCATTTCGAAAG-1,20
AGCATCGTCGATAATT-1,7
AGCATTACGAGGCAAG-1,13
AGCCAAGCTTTGTGTC-1,0
AGCCACAGGTTACCCG-1,21
AGCCACTCCCGTGCTT-1,8
AGCCATATAGTATGTG-1,12
AGCCCATACATGTAAG-1,7
AGCCCGCAACAAGCAG-1,9
AGCCCGGCATTAGAGG-1,10
AGCCCGGTAGCCTGTA-1,4
AGCCCTAAGCGAAGTT-1,15
AGCCCTCCCTGGTGGC-1,17
AGCCCTGTCGCACCGT-1,16
AGCCCTTCTAATCCGA-1,0
AGCCCTTGGACATCCC-1,18
AGCCGCAAATTCAAAT-1,4
AGCCGCTTGATTAGCG-1,16
AGCCGTGGCTAAATGT-1,7
AGCCTAATACCCACGT-1,0
AGCCTTAAAGCGGAAG-1,8
AGCGACAGGAACGGTC-1,8
AGCGACATCCCATTCA-1,18
AGCGACCAACGATATT-1,16
AGCGACTTTGAAGACA-1,6
AGCGAGACGTGAAGGC-1,22
AGCGATGCGCCTAATA-1,5
AGCGCATAATGAATCG-1,3
AGCGCGGGTGCCAATG-1,8
AGCGCTAGAGCGATGT-1,0
AGCGCTTATGGGCAAG-1,0
AGCGGACACTTCGTAG-1,21
AGCGGCGGTTAGCGGT-1,15
AGCGGGAAGGGTCCAT-1,7
AGCGGGTCTGACACTC-1,1
AGCGGTTGAGATGTAC-1,20
AGCGGTTGCCGCTCTG-1,8
AGCGTACGAGAGCTAG-1,6
AGCGTAGCGCTAGACC-1,12
AGCGTCTGAACCCGCA-1,3
AGCGTGGTATTCTACT-1,12
AGCGTTCCGATTTAAA-1,9
AGCTAACAAGCAATGT-1,10
AGCTAAGCTCCGTCCG-1,3
AGCTAAGTACGCAGGC-1,1
AGCTAGAAGCAGAAGT-1,0
AGCTATTTAATCCAAC-1,7
AGCTCCATATATGTTC-1,7
AGCTCCTTCGCACATC-1,10
AGCTCGTTGATGGAAA-1,0
AGCTCTAGACGTTCCA-1,19
AGCTCTTCCCAGTGCA-1,11
AGCTCTTCGTAACCTT-1,10
AGCTCTTTACTCAGTT-1,7
AGCTGAAGTAAACCAA-1,7
AGCTGCATTTGAGGTG-1,22
AGCTGCTGTGCCGAAT-1,13
AGCTGTAACCTCAATC-1,14
AGCTTATAGAGACCTG-1,0
AGCTTCAATACTTTGA-1,23
AGCTTCTTCTCGAGCA-1,9
AGCTTGATCAGGGTAG-1,13
AGCTTGATCTTAACTT-1,13
AGGAAAGCCTCTGATG-1,2
AGGAACGAACGACTTC-1,6
AGGAAGCTGTCCGCCG-1,9
AGGACAGTCGAATCCC-1,14
AGGACATCGCACGTCG-1,10
AGGACGACCCATTAGA-1,18
AGGACGCTCGATGTTG-1,8
AGGACTTATAGGAGAA-1,12
AGGAGAGTCTGGCTAC-1,3
AGGAGGCCTTCGCGCG-1,15
AGGATAAAGTCGGGAT-1,9
AGGATATAGGGATTTA-1,10
AGGATATCCGACTGCA-1,6
AGGATCACGCGATCTG-1,0
AGGATTGCTTACGACA-1,6
AGGCAAAGAGGAATCA-1,2
AGGCAATACGGAGGAC-1,2
AGGCACGTGACTGTCC-1,13
AGGCAGATGCGTAAAC-1,6
AGGCAGGGAGCGTACT-1,3
AGGCATTGTCGTAGGG-1,8
AGGCCACATTGGTTAC-1,10
AGGCCACCCGTTATGA-1,14
AGGCCCAGTGACTGGT-1,20
AGGCCCATTGTACAGG-1,17
AGGCCCTAGAACGCCA-1,15
AGGCCTATCATACCAA-1,14
AGGCCTGAGAATCTCG-1,8
AGGCGATAACTGGCGT-1,13
AGGCGGTTTGTCCCGC-1,20
AGGCGTCTATGGACGG-1,9
AGGCTATGGTTAGCTT-1,3
AGGCTTAAGTTGCACA-1,4
AGGCTTCCCGAAGAAG-1,3
AGGCTTGCTAGACACC-1,20
AGGGAAACGAGGTACT-1,2
AGGGACAGCACGGCGG-1,0
AGGGACCGGCTGCGTT-1,14
AGGGACTCTACGCGAC-1,6
AGGGAGACATACTTCG-1,11
AGGGCAGCGGCGTGGT-1,9
AGGGCCCTAATGTTCT-1,7
AGGGCGAGCAGCTGAT-1,20
AGGGCGTGATCGGCTA-1,1
AGGGCTGCAGTTACAG-1,4
AGGGTCAGAGCACTCG-1,8
AGGGTCAGTAACCCTA-1,7
AGGGTCGATGCGAACT-1,10
AGGGTGCCGTTCTTTA-1,3
AGGGTGCTCTCGAGGG-1,12
AGGGTGGATAGTGCAT-1,5
AGGGTTCAGACGGTCC-1,3
AGGGTTCCCTTTGGTT-1,11
AGGGTTTAGTTCGGGA-1,7
AGGTAACCTCCTATTC-1,18
AGGTACGATATTGCCA-1,9
AGGTAGATCGAGATAT-1,7
AGGTAGGTACAAAGCT-1,12
AGGTATAATTGATAGT-1,15
AGGTATGCGGACATTA-1,9
AGGTCAGGTGAGAGTG-1,18
AGGTCGCCACTTCGGT-1,3
AGGTCGCCTCCCAACA-1,14
AGGTCGCGGAGTTACT-1,0
AGGTGCACGTCCACAT-1,3
AGGTGGTGACCTTCGC-1,5
AGGTGTATCGCCATGA-1,16
AGGTGTTGCCGACCAC-1,19
AGGTTACACCATGCCG-1,1
AGGTTCTCCTTTCCGG-1,2
AGGTTGAGGCACGCTT-1,4
AGGTTTCACACACCTT-1,4
AGTAACGTTCATCCTG-1,15
AGTAACTATAGCAGCC-1,12
AGTAATCTAAGGGTGG-1,1
AGTAATGTCTTGCCGC-1,15
AGTAATTTGCAAGCGT-1,9
AGTACAGAAGCTTATA-1,19
AGTACATCATTTATCA-1,13
AGTACCTTCGAGTGCT-1,13
AGTACGGCCCGTATCG-1,1
AGTACGGGCACCTGGC-1,11
AGTACGTGGCCTGTCT-1,14
AGTACTCTTATGCCCA-1,1
AGTAGAAGGCGCCTCA-1,2
AGTAGCGTGAACGAAC-1,8
AGTAGCTAGACGCCGA-1,6
AGTAGGAAGGAAGTTG-1,4
AGTAGGTAACATACAT-1,8
AGTATAATACTAGGCA-1,3
AGTATACACAGCGACA-1,16
AGTATCCATAATAACG-1,3
AGTATGCTGGAGACCA-1,0
AGTATTTGGCACGACC-1,15
AGTCAAATGATGTGAT-1,16
AGTCAACACCACCATC-1,3
AGTCAAGATGACACTT-1,10
AGTCACTAGCTCTCGA-1,16
AGTCACTCCGCCTCAT-1,10
AGTCAGCCACCGCCTG-1,11
AGTCCAGCGGGTACGT-1,0
AGTCCATTGGCTGATG-1,9
AGTCCCGCCTTTAATT-1,0
AGTCGAAACGATTCAG-1,6
AGTCGACGGTCTCAAG-1,15
AGTCGGCCCAAACGAC-1,1
AGTCGGCTCAACTTTA-1,0
AGTCGGTTGCGTGAGA-1,1
AGTCGTATAAAGCAGA-1,6
AGTCGTCGACCACCAA-1,20
AGTCGTGGGCATTACG-1,5
AGTCTAAAGTATACTC-1,5
AGTCTCACAAGACTAC-1,14
AGTCTGGACATCCTTG-1,9
AGTCTTCTCCTCAAAT-1,13
AGTCTTTAAAGTGTCC-1,2
AGTGAACAAACTTCTC-1,0
AGTGACCTACTTTACG-1,7
AGTGACTGTGACACAA-1,6
AGTGAGACTTCCAGTA-1,16
AGTGAGCCTCGCCGCC-1,8
AGTGAGGGTTTCTGAC-1,14
AGTGAGTCGAATTAAC-1,2
AGTGATAACCTGCGCG-1,16
AGTGATATGAGTAGTT-1,14
AGTGATTCAAGCAGGA-1,1
AGTGCACGCTTAAGAA-1,19
AGTGCGTAGCTCGTAA-1,14
AGTGCTAAACACAGCA-1,16
AGTGCTTGCACGAATA-1,21
AGTGGCGGCAATTTGA-1,5
AGTGGCGTCTGAAGGT-1,13
AGTGGCTCCGTCGGCC-1,17
AGTGGGAGTATACACG-1,3
AGTGGTGTTACCCGTG-1,10
AGTGGTTGCGTATAGG-1,10
AGTGTATTGCGCATTG-1,17
AGTGTGCTAAGATCGC-1,21
AGTGTGGTCTATTGTG-1,22
AGTTAAACACTTGCGA-1,11
AGTTAAGCGGTCCCGG-1,11
AGTTAAGTCAACCGCT-1,18
AGTTACCCTTAAGACT-1,18
AGTTACCGCACATGGT-1,3
AGTTACTCTATCGTGG-1,5
AGTTATTGAAAGGTAA-1,10
AGTTCACCGGTTGGAC-1,15
AGTTCCTACAGAATTA-1,11
AGTTCCTATTTATGTT-1,19
AGTTCTGCGTTGTATC-1,12
AGTTGACATCGGCTGG-1,19
AGTTGACGGTCCTTGC-1,7
AGTTGCGGTCCTCAAC-1,0
AGTTGCTGACTGATAT-1,3
AGTTGGCAAGGCTAGA-1,17
AGTTTCGCAGGTCGGA-1,4
AGTTTGCACCTGCCTC-1,16
AGTTTGGCACGGGTTG-1,8
AGTTTGGCCAGACCTA-1,1
ATAAACCATTGGACGG-1,0
ATAAACGGACCCGTAA-1,19
ATAAACGTTGCACCAC-1,6
ATAAAGGCTCGGTCGT-1,4
ATAAAGGTCAAGTACG-1,5
ATAAATATTAGCAGCT-1,4
ATAACGCCGGAGGGTC-1,19
ATAACGGAGTCCAACG-1,14
ATAACGTTACCTCCAC-1,14
ATAAGCAAACACCGAG-1,12
ATAAGGTGGAGAACAT-1,1
ATAAGTACCCGATTGT-1,1
ATAAGTAGGATTCAGA-1,13
ATAAGTAGGGCGACTC-1,4
ATAAGTTACCGCGACG-1,5
ATAATACCGTTAGCCG-1,11
ATAATAGCTGTTGAAT-1,15
ATAATAGTGTAGGGAC-1,3
ATAATCTTGGAGAACC-1,6
ATAATTAGCTAAGTAG-1,14
ATACAGGCCCTCCAAT-1,0
ATACCACGGGCAACTT-1,6
ATACCAGCAAATTGCT-1,12
ATACCAGGCTAATAGA-1,5
ATACCAGGTGAGCGAT-1,15
ATACCCTGGCTCAAAT-1,4
ATACCGTCATCCATAA-1,16
ATACCTAACCAAGAAA-1,20
ATACGAAGGCTTTCCA-1,14
ATACGAGGTTTGTAAG-1,0
ATACGCCGATCTACCG-1,2
ATACGCCGGCGAAACC-1,5
ATACGGAACGTCGTTT-1,0
ATACGGGTTTCGATTG-1,0
ATACGGTGAAGATGCA-1,2
ATACGTACTTAGCCAC-1,14
ATACGTCCACTCCTGT-1,11
ATACGTTATGCACGGA-1,2
ATACTACCCGTACCAC-1,6
ATACTAGCATGACCCT-1,11
ATACTCTCGCCACTCT-1,15
ATACTGCCTTACACCG-1,1
ATACTTGTTCTCGAGC-1,2
ATAGACAACGGGACCT-1,18
ATAGACGAAGAGAAAG-1,9
ATAGAGTACTGGGACA-1,16
ATAGAGTTATCAACTT-1,12
ATAGATTTGCAGTCGG-1,14
ATAGCAACTAGGGAAG-1,7
ATAGCCTCAGTACCCA-1,4
ATAGCTGCTCTTGTTA-1,16
ATAGGAATCTAAGCTT-1,4
ATAGGCGGCTATAGAA-1,2
ATAGGCTAGCTTCGCA-1,4
ATAGGGATATCCTTGA-1,3
ATAGGTTGGGCAGATG-1,19
ATAGTCTTTGACGTGC-1,23
ATAGTGAAGCGTTCTC-1,2
ATAGTTCCACCCACTC-1,22
ATATAAAGCGCTCGTG-1,10
ATATAAATGTAGCTGC-1,9
ATATAACACGGGCGCA-1,16
ATATACATGTATGGTA-1,2
ATATACGCTCGTGACG-1,1
ATATAGAGTATTGGTC-1,11
ATATCAACCTACAGAG-1,9
ATATCAATTCCAGCCT-1,3
ATATCGGTAGGGAGAT-1,13
ATATCGTGCCAGACCC-1,9
ATATCGTTCCTCGAAC-1,5
ATATCTCCCTCGTTAA-1,2
ATATCTTAGGGCCTTC-1,19
ATATGGGATAGCAACT-1,8
ATATGTCTAGAGCGTG-1,19
ATATGTCTCCCTAGCC-1,19
ATATGTGCACAAACCA-1,23
ATATTATCCCGTATTT-1,11
ATATTCAGTTAAACCT-1,15
ATATTCCACATAGTGA-1,14
ATATTCCCACAGGTCA-1,1
ATATTGCTGTCAAAGT-1,2
ATATTGGAGAGGCCTT-1,16
ATATTTAACCCTCAAG-1,7
ATCAAACACTGTTCCA-1,0
ATCAAACGAAGGTTTG-1,0
ATCAAAGAGCCGTGGT-1,19
ATCAAGATCCCAGGAC-1,21
ATCAATCTGGGCTGCA-1,7
ATCAATGCCGTGGCTG-1,19
ATCACATTAGAATATC-1,10
ATCACGTGCTAATTAA-1,11
ATCACTTCATCCTCGC-1,0
ATCAGACGGCACGCCG-1,17
ATCAGCCTCATGCTGC-1,1
ATCAGCTCGTCCACTA-1,1
ATCAGGTAGCTGACAG-1,20
ATCAGGTCGCCATTGC-1,5
ATCAGTAGGCAGGGAT-1,8
ATCATAGATCGACGAG-1,4
ATCATAGCCCTATGTA-1,2
ATCATCCAATATTTGT-1,10
ATCATCTGCCCAGTGT-1,14
ATCATGGACTACCGAC-1,1
ATCATTGTACCGCATT-1,7
ATCCAACGCAGTCATA-1,2
ATCCAATGGAGGGTCC-1,1
ATCCAATGGTACCGAA-1,5
ATCCACATCGACAGAA-1,12
ATCCACGCTAAATGTT-1,23
ATCCACTTTCAGACTA-1,14
ATCCAGAGCAACAACC-1,0
ATCCAGGATTCGTGAA-1,0
ATCCCATCCACAGCGC-1,13
ATCCCATTTCCGTGGG-1,3
ATCCTACCTAAGCTCT-1,7
ATCCTGAATCGCTGCG-1,13
ATCCTGCGTGGAATGG-1,1
ATCCTGCTGCAGATAG-1,13
ATCCTTCTGAAAGAAC-1,22
ATCGACCCAATACAGA-1,14
ATCGACTCTTTCCGTT-1,13
ATCGCACGATTGTTCA-1,11
ATCGCACGCCGGGAGA-1,2
ATCGCCAGTCAACATT-1,8
ATCGCTGCGTGCAGCA-1,10
ATCGCTTTACGTCTCA-1,16
ATCGGAGACAGACGGC-1,10
ATCGGCAAGCAGTCCA-1,4
ATCGGTTACCTAGTAA-1,4
ATCGTATTCCGAGAAC-1,7
ATCGTCCAATCGAGTC-1,7
ATCGTGGAAAGTCTGG-1,14
ATCGTTAGCTAGCGGA-1,5
ATCGTTCACTTTCGCC-1,4
ATCTAACGTCCCTATG-1,4
ATCTAATATCCTACGG-1,21
ATCTACCATCTGCTCC-1,7
ATCTAGCTTGTGAGGG-1,20
ATCTATCGATGATCAA-1,3
ATCTCATAAACCTACC-1,2
ATCTCCCACGGAATAT-1,16
ATCTCCCTGCAATCTA-1,8
ATCTCGTGAGCGAAAC-1,15
ATCTGACATGGAAGGA-1,3
ATCTGATAGTGTCTTA-1,18
ATCTGCACCTCTGCGA-1,1
ATCTGCTGTTATCGCC-1,9
ATCTGGGCTGTTCTTG-1,8
ATCTGGTTAAGACTGT-1,0
ATCTGTAATTGTACCC-1,15
ATCTTAGGGCATTAAT-1,7
ATCTTATCGCACACCC-1,2
ATCTTGACCTGCAACG-1,0
ATCTTGACTTGTCCAA-1,11
ATCTTTCGTATAACCA-1,3
ATGAAGCCAAGGAGCC-1,8
ATGAAGTGGACCCAGC-1,4
ATGACGCCGGCTCTAA-1,4
ATGACGCGTTCTATCC-1,0
ATGACTATCAGCTGTG-1,10
ATGACTATGCGACATT-1,8
ATGAGGAGTGTTAATC-1,3
ATGAGGGCAGCGGCTA-1,0
ATGATCGGGAATAGAC-1,6
ATGATGCAATGGTACA-1,6
ATGCACCTTCCTTAAT-1,16
ATGCACGCGCTGTTCA-1,5
ATGCACTACCGCATTG-1,21
ATGCATGATCCAGGAT-1,12
ATGCATTCCGTGATGG-1,6
ATGCCAATCGCTCTGC-1,7
ATGCCATTTGCGACCA-1,10
ATGCCGGTCTTGCATA-1,13
ATGCCGGTTGATGGGA-1,5
ATGCGACAATTGGTCC-1,4
ATGCGACAGTCCCATT-1,14
ATGCGAGTCCCACCAC-1,13
ATGCTCAGTGTTGCAT-1,12
ATGCTCTGGCGCGGTA-1,14
ATGCTTAGGAGTTGAT-1,10
ATGGAAATTTAAGGAG-1,6
ATGGAACAGAATAAAC-1,10
ATGGAACCTTTGCACA-1,14
ATGGACTGCTTAGTTG-1,1
ATGGAGCAGGCCGTGA-1,9
ATGGATCCGGCGTCCG-1,9
ATGGATTGACCAAACG-1,13
ATGGCAGCATTACGAT-1,0
ATGGCAGCCGAGAAAC-1,13
ATGGCGGAATAGTCGC-1,14
ATGGCTGGAAATGGCC-1,17
ATGGGAACGGAAGCGG-1,4
ATGGGACCTGCTGAAC-1,7
ATGGGCCTCGGCCTCT-1,14
ATGGGTGTATACCTCC-1,21
ATGGTATTGGGAACCG-1,8
ATGGTATTTACTGATT-1,5
ATGGTCGCGTGGTTTC-1,1
ATGGTGCTCAAAGCCA-1,16
ATGGTTACGAAACATG-1,0
ATGTAAGGCTGCTCTT-1,3
ATGTACATGCGGTGAG-1,16
ATGTACGATGACGTCG-1,23
ATGTAGCGCGCGTAGG-1,21
ATGTCATAATAAACGA-1,6
ATGTCATTTCCCATTG-1,20
ATGTCTTGTTTGACTC-1,6
ATGTGAAAGCCTAATG-1,18
ATGTGCATCCGACGCA-1,18
ATGTGGACATCTTGAT-1,13
ATGTGTAGTTTAGTCA-1,2
ATGTTACGAGCAATAC-1,2
ATGTTCCTGCCCACCT-1,18
ATGTTCGTCGACCCAC-1,4
ATGTTGATTAGAGACT-1,13
ATGTTGTAGTCTGTTT-1,16
ATGTTTCGGCCCGGAG-1,7
ATGTTTGTAAGATCAT-1,0
ATTAAACATGCGGACC-1,5
ATTAAAGCGGACGAGC-1,6
ATTAACACCTGAGATA-1,20
ATTAATACTACGCGGG-1,3
ATTAATGAACCAGTCG-1,9
ATTAATTCGGTCACTC-1,2
ATTACAACTACCGGCC-1,14
ATTACATGTCAGTCTT-1,1
ATTACCACACTGCCTG-1,1
ATTACGACTCCACAGT-1,3
ATTACGCGCTGGCAGG-1,3
ATTACGGGCTACGGTT-1,0
ATTACTAGCCTCTTGC-1,14
ATTACTTACTGGGCAT-1,1
ATTAGATTCCTCAGCA-1,3
ATTAGATTGATAGCGG-1,22
ATTAGGCGATGCTTTC-1,22
ATTATACTTTGCTCGT-1,4
ATTATAGCTACTTTAC-1,11
ATTATCGGAATGTACG-1,21
ATTATCTCGACAGATC-1,3
ATTATGAGACCCAATT-1,17
ATTATGCCATAGGGAG-1,6
ATTATTATGTCCGTCA-1,20
ATTATTCAGAGTCACT-1,9
ATTCAAAGTACCTGTT-1,11
ATTCAACCATTTAAGG-1,1
ATTCACTGATGTTGGA-1,1
ATTCAGATGAATCCCT-1,3
ATTCAGGACCTATTTC-1,7
ATTCAGGATCGCCTCT-1,0
ATTCAGTAGCAGGGTC-1,7
ATTCATATACTGTCCA-1,5
ATTCATCGTTGAGGCA-1,17
ATTCCCACATAAACAA-1,3
ATTCCCGAAGGTACAG-1,8
ATTCCTAAGACGTGGA-1,6
ATTCCTCCGCCAGTGC-1,5
ATTCCTTCCAGGCGGT-1,2
ATTCGACGCCGGGCCT-1,3
ATTCGCAGAGGACACT-1,19
ATTCGCGCCTTGAGAG-1,23
ATTCGTGCTATCTCTT-1,10
ATTCTCGTCTCTTTAG-1,9
ATTCTGAGTATGAACT-1,23
ATTCTTCGTACTTATG-1,9
ATTGAAGATCTTAGTG-1,11
ATTGACCGGCGATGAC-1,6
ATTGACGTAACTCGGT-1,5
ATTGATAGCAACGAGA-1,15
ATTGATCACCACATTT-1,7
ATTGATGAGTCCTAAC-1,18
ATTGCCTATTAGACCG-1,10
ATTGCCTTTATGTTTG-1,2
ATTGCGATCAGTAACT-1,6
ATTGCTGCTCCTCCAT-1,2
ATTGGATTACAGCGTA-1,8
ATTGGGAATATCTTGG-1,14
ATTGGGAGTTCTGTAA-1,10
ATTGGTAGGATCCGCT-1,3
ATTGTACAACTCGGCT-1,18
ATTGTCGCAATACCTT-1,8
ATTGTCTGTTTCATGT-1,6
ATTGTGACTTCGCTGC-1,10
ATTGTTCAACGATCCG-1,8
ATTTAACTCGTATTAC-1,11
ATTTACAGTTTACTGG-1,2
ATTTACTAAGTCCATT-1,1
ATTTATACTGGTAAAG-1,12
ATTTCATTATTTCGCG-1,23
ATTTCCGGGTTCTGCG-1,6
ATTTGCCTAGTTACGA-1,2
ATTTGCGCGAGTAGCT-1,15
ATTTGGAGATTGCGGT-1,2
ATTTGTCTTGGGAGCT-1,1
ATTTGTTCCAGGGCTC-1,1
CAAACCAGGTCTGCAT-1,6
CAAACCCTCCGGCGGG-1,19
CAAACGAGTATCGCAG-1,1
CAAACGGTCGCACTTT-1,12
CAAACGTGGTCTTGCG-1,9
CAAACTACGATAGAGA-1,15
CAAACTATTGAGCTTC-1,23
CAAACTCGCGACGCCG-1,2
CAAAGATTATTGGGCC-1,13
CAAAGGTCATCTGAAA-1,16
CAAAGGTTAAATTCAG-1,4
CAAAGTCAGGTTAGCT-1,0
CAAATCTCTCACAAGG-1,12
CAAATGCGGAGTGTTC-1,3
CAAATGTCCTTCCGTG-1,19
CAAATTGGATTATGCC-1,14
CAAATTGTCAGCAAGC-1,17
CAACACATCTCCTGCC-1,13
CAACAGTGCCAAACGG-1,19
CAACATGGCCTGATAA-1,13
CAACCAGTGGCCTACC-1,17
CAACCGCACCTAGACA-1,2
CAACCTACCGAGCAGT-1,11
CAACGACCCGTTTACA-1,17
CAACGCGATGAGCCAA-1,6
CAACGGTTCTTGATAC-1,11
CAACGTGGTGGAGTCT-1,10
CAACTATATCGAATGC-1,4
CAACTCCAACGTTTAG-1,5
CAACTCCGTAACTTGC-1,6
CAACTCCTTGATCCCG-1,4
CAACTGAGGGTATGAC-1,0
CAACTGCTCATCCGAT-1,14
CAACTTGTAGTGGGCA-1,3
CAAGAAACCCTAAACT-1,2
CAAGACTCAGAAGCGC-1,1
CAAGAGGGCGGAGTAC-1,1
CAAGATATTATAACGT-1,11
CAAGCAACGTCGGAGT-1,8
CAAGCACCAAATGCCT-1,6
CAAGCGGCACATAATT-1,20
CAAGGATCGCATGTTC-1,8
CAAGGCCAGTGGTGCA-1,23
CAAGGGAGTGTATTTG-1,17
CAAGGTCCTATAGGCT-1,5
CAAGTAAGTGATAGAC-1,6
CAAGTCGTTGAAATCT-1,3
CAAGTGAACTTTGGTT-1,19
CAAGTGTGGTTGCAAA-1,7
CAATAAACCTTGGCCC-1,22
CAATACGAGAGTCTGA-1,1
CAATACGCTCTGAGGC-1,4
CAATATGTAGATTTAC-1,2
CAATATTCTTGACCTA-1,14
CAATATTGGACTAGTG-1,20
CAATCCATTATCCGTT-1,11
CAATCCCTATACCAGC-1,21
CAATCCTGCCGTGGAG-1,7
CAATGACCCTTAATTT-1,19
CAATGAGGTTCGACTA-1,16
CAATGCGAGAAGTATC-1,10
CAATGGAATCTACATA-1,23
CAATGGATCTCTACCA-1,15
CAATGGTCGGCCTGGG-1,1
CAATGTGCCAACCCTT-1,11
CAATTAAGGGTGATGA-1,13
CAATTGGGCCGCACTC-1,3
CAATTTCGTATAAGGG-1,4
CAATTTGACCGGGAAG-1,2
CACAAGAAAGATATTA-1,19
CACAAGCTAAGAAAGG-1,15
CACAATGAGCTGCTAT-1,7
CACACACGCTAACGAG-1,21
CACACAGCTTGCGCTC-1,17
CACACAGGGATAGATT-1,20
CACACGCGCTGTCTTA-1,8
CACACGTTTCAATGGG-1,23
CACACTTGTATTGCGA-1,3
CACAGAGACGAGGACG-1,21
CACAGCACCCACGGCA-1,7
CACAGCTAGGGAGTGA-1,10
CACAGGGCCATATAGT-1,2
CACAGGGCCGTTGTCA-1,5
CACAGTCCCGCTTCGC-1,9
CACAGTTCGCTTCCCA-1,3
CACATAAGGCGACCGT-1,11
CACATATTAGCAGGAT-1,0
CACATCGTGCACGCGC-1,14
CACATCTCACCGACGA-1,10
CACATGATTCAGCAAC-1,10
CACATGTTTGGACATG-1,1
CACATTCTTTCGATGG-1,4
CACATTTCTTGTCAGA-1,11
CACCAATCATCCGTCT-1,17
CACCACGCCACACAGA-1,15
CACCAGTCAGCATGCA-1,11
CACCATCGGAGGAGAC-1,0
CACCATGATCGCAAAG-1,14
CACCCAAATCTTATGT-1,18
CACCCACACGTCACCC-1,1
CACCCACGAGGCAATT-1,8
CACCCGGTTTGTGACT-1,1
CACCCTAACAAGATCT-1,21
CACCCTTGGTGAGACC-1,17
CACCCTTTCCTCGCTC-1,21
CACCGATACACCGAGC-1,11
CACCGCCAGAAGGTTT-1,0
CACCGCCGACCAGCGA-1,0
CACCGCGTCCACTCTA-1,17
CACCGGAGATATCTCC-1,9
CACCGGGCATCACAAG-1,6
CACCGGTAGAGACATT-1,9
CACCGTATCCCATCCG-1,10
CACCGTTAGGGATCAC-1,5
CACCGTTGCGCGATAT-1,21
CACCTAATAGAGTCGT-1,4
CACCTAATCAGTTTAC-1,2
CACCTCGATGGTGGAC-1,15
CACCTCTACGAGTGTG-1,6
CACCTTGCGAAACTCG-1,10
CACCTTGGCGCCTTTG-1,20
CACGAAAGTTAGTCCC-1,0
CACGACCACAGACTTT-1,23
CACGACGTAATAGTAA-1,18
CACGACTAAAGTTCTG-1,3
CACGAGCAAACCAGAC-1,3
CACGATTGGTCGTTAA-1,17
CACGCACAGCGCAGCT-1,18
CACGCAGCGAGGCTTT-1,0
CACGCGGAACTGTTGC-1,6
CACGGCGCGCCAAAGG-1,6
CACGGGATTGAGGGTT-1,12
CACGTCAATCAATGGA-1,8
CACGTCGGCAACCTCT-1,11
CACGTCGGGTTCTAGA-1,2
CACGTCTATGATGTGG-1,6
CACGTTCGTGCTCTAG-1,9
CACGTTTCGTACACAC-1,18
CACTAAAGTTGCCTAT-1,3
CACTACGGGAGCTGCC-1,13
CACTACTCAGTTCTGT-1,9
CACTCAAGAGCTATGG-1,5
CACTCAGCTCTTGAGG-1,5
CACTCCTATGTAAGAT-1,6
CACTCCTCTCGGTCGG-1,4
CACTCGAGCTGAACAA-1,1
CACTCGGTTAGGAGGA-1,17
CACTCTCAAGCATCGA-1,8
CACTCTTCTGCTAGCC-1,21
CACTGACGATTGTGGA-1,4
CACTGTCCAAGTGAGA-1,11
CACTTAATCAGACGGA-1,5
CACTTCGCCACAGGCT-1,18
CACTTCGTCTTATCTC-1,0
CAGAACTTAGCCCTCT-1,1
CAGAATAACACACGGA-1,8
CAGAATATTCGTTATC-1,5
CAGACACCGATCGCTG-1,19
CAGACCTGTAAGTGTT-1,13
CAGACGAACCTGATAC-1,12
CAGAGACGGTCACCCA-1,8
CAGAGCATGAGCTTGC-1,14
CAGAGGCGATGCATGA-1,1
CAGAGTGATTTAACGT-1,23
CAGATAATGGGCGGGT-1,16
CAGATACTAACATAGT-1,7
CAGATATGAAGATGAC-1,3
CAGATCATTTAAAGTC-1,13
CAGATCCTGGTTTGAA-1,9
CAGATGTTTGTCCCAA-1,15
CAGCAGCCCGTTCCTT-1,13
CAGCAGTCCAGACTAT-1,13
CAGCAGTCTGTGCTGC-1,11
CAGCCCTCACAGGCAG-1,3
CAGCCGGGCCCTCTAT-1,0
CAGCCTCCTGCAGAGG-1,12
CAGCCTCGATAGCGGT-1,8
CAGCCTCTCCTCAAGA-1,23
CAGCGATTCCCTTCAA-1,7
CAGCGCCAACACGATA-1,3
CAGCTCACTGAGACAT-1,15
CAGCTCGACAAGTTAA-1,21
CAGCTCGTGCTTGTGT-1,3
CAGCTCTGGGCTCACT-1,13
CAGCTGGCGTAACCGT-1,7
CAGCTTAGTAGGTAGC-1,6
CAGGAAGACTTTATAT-1,17
CAGGACAGCTGCCCTT-1,12
CAGGATATATCGTTGT-1,7
CAGGATCCGCCCGACC-1,9
CAGGCAGTCTTACCAG-1,14
CAGGCCAGTACCACCT-1,3
CAGGCCGTTTGGGTGT-1,3
CAGGCGCACGGTGGTC-1,11
CAGGCGCCATGCTAGG-1,15
CAGGGAGATAGGCCAG-1,6
CAGGGCTAACGAAACC-1,4
CAGGTTTAGTACTACA-1,3
CAGTAACTATTTATTG-1,21
CAGTAAGGGACGTCTC-1,11
CAGTAATCCCTCCCAG-1,3
CAGTACATTCTCTAAA-1,9
CAGTACCAGTTTACGT-1,1
CAGTAGATGATGTCCG-1,4
CAGTAGCCCACGCGGT-1,0
CAGTAGCGAGGTAGTA-1,3
CAGTCCAACGCCTTCT-1,2
CAGTCGAGGATGCAAT-1,11
CAGTCGGCCTAGATAT-1,13
CAGTCTCTCGGCTAAT-1,10
CAGTCTGTATACTGGG-1,3
CAGTGAATAAATGACT-1,12
CAGTGGTTGCACATGA-1,17
CAGTGTCCGCAGAATG-1,3
CAGTGTCGGCTGGCCC-1,12
CAGTGTTAATCTCTCA-1,11
CAGTTCAAATTGACAC-1,9
CAGTTCCGCGGGTCGA-1,20
CAGTTCGAGGACCCGA-1,7
CATAACGGACAGTCGT-1,8
CATAAGAAGCTTGGCT-1,11
CATAAGCTCTCCGTCT-1,8
CATAATGAGCGGGCGA-1,16
CATACAAAGCCGAACC-1,12
CATACACAAAGTCAGC-1,4
CATACACGGTTCCCAC-1,0
CATACCCGTACCCAGT-1,21
CATACGAACTAGCTGG-1,9
CATACGGCGTCTGGGC-1,5
CATACGGGTGCATGAT-1,11
CATACTATGTAATTGT-1,11
CATACTTAGGCAATAC-1,1
CATACTTCTTTCTCCG-1,19
CATAGAGGAGATACTA-1,18
CATAGCCGCCCGGGAT-1,2
CATAGCGTTGCCCACC-1,17
CATAGGGACACTTGTG-1,6
CATAGTACATTGAGAG-1,7
CATAGTAGCATAGTAG-1,1
CATAGTCAAATACATA-1,16
CATAGTCCACAAGAAC-1,9
CATATACTACTGATAA-1,1
CATATAGGTACAGTCA-1,1
CATATGTCAGGCTACG-1,9
CATATTATTTGCCCTA-1,23
CATCAAACTGGCGCCC-1,9
CATCAACACCTACTAA-1,4
CATCATCTACCCGGAC-1,2
CATCATTACCCTGAGG-1,8
CATCCAATATAGTTTG-1,5
CATCCGCAGGCCCGAA-1,4
CATCCTCTCAAAGATC-1,17
CATCGAATGGATCTCT-1,19
CATCGCCCGCGGCCAA-1,4
CATCGGACGGGTTAAT-1,18
CATCGTCCGGTTACTA-1,5
CATCTACCCGAGAACG-1,2
CATCTAGTGAAGGGAA-1,12
CATCTATCCCGTGTCT-1,13
CATCTGCAGGATCATT-1,4
CATCTTACACCACCTC-1,8
CATGAACCGACATTTG-1,15
CATGAACCTCTTATCA-1,23
CATGACTTCGCTGAAT-1,1
CATGAGATGCACTCTC-1,1
CATGAGTCCATCACGG-1,9
CATGATACGGTGAAAC-1,16
CATGATCGCTTTGAGA-1,4
CATGATGCACAATTCT-1,4
CATGATGGAAGTTAGC-1,2
CATGCACATGAGAGGC-1,21
CATGCACGTGTTACTG-1,5
CATGCATGGAGACCCT-1,10
CATGCCAACTCGCAAA-1,2
CATGCGACCAGTTTAA-1,0
CATGCGTTAGACAGAA-1,14
CATGCGTTGAGAGGAG-1,2
CATGCTGGCTCCAATT-1,1
CATGGAAATGGGACCA-1,16
CATGGATTGTCTTCCG-1,2
CATGGCAGGAAGATCG-1,0
CATGGCTCCCTATGTC-1,3
CATGGGTATGCCTTAT-1,5
CATGGGTCGGGTGTGG-1,3
CATGGTAAGTAGCGTT-1,8
CATGGTATTAGTTTGT-1,8
CATGGTCTAGATACCG-1,5
CATGGTTTATTAATCA-1,5
CATGTAAGAGACATTT-1,1
CATGTAGGAGCGCCAA-1,16
CATGTCTCATTTATGG-1,1
CATTACATAGATTGTG-1,6
CATTACGCAGGAAGGG-1,6
CATTACGTCGGCCCGT-1,5
CATTATAACAGGGTCC-1,9
CATTATCCCATTAACG-1,8
CATTATGCTTGTTGTG-1,17
CATTCACTGACAGCTA-1,23
CATTCAGGTCAGTGCG-1,1
CATTCCCATTCCGTCG-1,0
CATTCCCTAAGTACAA-1,13
CATTCGTCGTAGCGGT-1,9
CATTGCAAAGCATAAT-1,23
CATTGCGAAATGGGCG-1,7
CATTGCGGGTCAATTC-1,1
CATTGTGTGCTAGATC-1,11
CATTTAGCGGACCATG-1,1
CATTTATCGTTCAAGA-1,4
CATTTCTAGCAGACTA-1,22
CATTTGAGTGGTACGT-1,15
CCAAACAGAACCCTCG-1,12
CCAAAGCAGTTGGTTG-1,0
CCAAAGTCCCGCTAAC-1,2
CCAAATAACAAGATTC-1,7
CCAAATCAAAGGGCAA-1,5
CCAACCTTATGTAACT-1,6
CCAACGATGCACTGAT-1,6
CCAACGCTTGCCAGGG-1,3
CCAACTTGATAGATCC-1,2
CCAAGAAAGTGGGCGA-1,6
CCAAGACTTCTGCGAA-1,13
CCAAGCGTAACTCGTA-1,8
CCAAGCTTGATCTCCT-1,2
CCAAGGAACAGAGAGG-1,0
CCAAGGTTGCCCTTTC-1,12
CCAAGTTTCTACAGAT-1,11
CCAATAGATTTCATCT-1,2
CCAATAGTGCCGTCGA-1,13
CCAATCGGTAGATCGA-1,18
CCAATGTCACAGCAAG-1,15
CCAATTACGGGTCGAG-1,19
CCAATTGAATGTTAAT-1,0
CCACAATGTACGTCTT-1,1
CCACACTGAGATATTA-1,0
CCACAGCTGAAATCAT-1,7
CCACAGTACCCATCCT-1,3
CCACATACTGCACCCA-1,14
CCACATGGCTCTTTAT-1,1
CCACCAACTTTACTGT-1,0
CCACCCAAGGAAAGTG-1,10
CCACCTGTATGGAATA-1,8
CCACGAATTTAACCTC-1,11
CCACGAGAAGAGAATC-1,9
CCACGGAGCCATAAGA-1,11
CCACGGCAGGTGTAGG-1,7
CCACGGTGCCCGGTAG-1,18
CCACGTAAATTAGACT-1,0
CCACTAAACTGAATCG-1,0
CCACTATCCGGGTCAC-1,6
CCACTCAGATCCGCAA-1,6
CCACTGGTGGCTGGTT-1,21
CCACTGTTTGGATTAA-1,21
CCAGAAAGCAACTCAT-1,9
CCAGAGACAAAGCCGG-1,2
CCAGATAGTTGAGTGA-1,19
CCAGATGTAAATGGGT-1,0
CCAGCCTGGACCAATA-1,0
CCAGCGGGATCACCAG-1,1
CCAGCTACGCCTCATA-1,7
CCAGCTCGAACGCATT-1,8
CCAGCTGATGGTACTT-1,2
CCAGCTTCCGCCCGCA-1,18
CCAGGCTGGCGTCTGA-1,11
CCAGGGACGTGGCCTC-1,9
CCAGTAGTCTGATCCA-1,18
CCAGTCAAATCTCTTA-1,0
CCAGTCCATTATTCGA-1,11
CCAGTCTAGACGGCGC-1,4
CCAGTCTTGTCATAGA-1,13
CCAGTGAGCTCCTTGT-1,3
CCAGTGTACAGACCGA-1,2
CCAGTTCGGTAACTCA-1,19
CCATAAACAACCCGAC-1,7
CCATAACCTGTGCAGT-1,10
CCATACCTTTACTTGT-1,15
CCATACTCGCCTCTCC-1,2
CCATAGAGGCTGCCAG-1,3
CCATAGGTTGGCGTGG-1,10
CCATAGTCAGTAACCC-1,4
CCATATGGAAACTATA-1,19
CCATATTGGATCATGA-1,4
CCATCATAAGAACAGG-1,9
CCATCCATACCAAGTC-1,20
CCATCGCAGTTAAACT-1,7
CCATCTCACCAGTGAA-1,6
CCATCTTGTTCACAAT-1,10
CCATGCCCTAGATTTC-1,12
CCATGCCTGTTTAGTA-1,1
CCATGCTCTGCAGGAA-1,6
CCATGGCAAACGCTCA-1,18
CCATGGCCCTTGTACC-1,11
CCATGTTCATCTATAT-1,6
CCATTAGCGATAATCC-1,15
CCATTCCCTGCCCACA-1,2
CCATTGTTTCCTCCAT-1,3
CCATTTCTACCTATTA-1,4
CCCAAACATGCTGCTC-1,13
CCCAACATACGTCGCG-1,14
CCCAACCACACTAACA-1,8
CCCAAGAATGCACGGT-1,20
CCCAAGACAGAGTATG-1,15
CCCAAGTCATTACACT-1,5
CCCAATGAGATTTGCA-1,3
CCCAATTTCACAACTT-1,22
CCCACTCCACGGTATC-1,16
CCCAGAGGAGGGCGTA-1,22
CCCAGATTCCCGTGAC-1,13
CCCAGGAAGAATTCGA-1,5
CCCAGGTCTGAAGGCT-1,7
CCCAGTAAACTTGGGA-1,2
CCCAGTTAAGGCGCCG-1,4
CCCATATAGGTCGATT-1,18
CCCGAAGTTTCGCGAA-1,4
CCCGACCATAGTCCGC-1,14
CCCGAGTTTCTCCGTA-1,18
CCCGATAGCCTCGCCT-1,11
CCCGCAAATAATCATC-1,13
CCCGCAGCGCGAACTA-1,17
CCCGCAGGGCCCAAAG-1,5
CCCGCCATGCTCCCGT-1,3
CCCGCGCAATGCACCC-1,7
CCCGCTAGAGGGTTAA-1,5
CCCGCTTGCCCTCGTC-1,3
CCCGGCTAGGTGAGAA-1,2
CCCGGGTCGTTCAGGG-1,0
CCCGGTGGAAGAACCT-1,19
CCCGGTGTATCGGAAT-1,3
CCCGTAAGTCTAGGCC-1,10
CCCGTAGCTGGGAAGA-1,15
CCCGTCAGCGTCTGAC-1,2
CCCGTGAGGGCGGTGA-1,3
CCCGTGGGTTAATTGA-1,16
CCCGTTTCGCAGATGT-1,23
CCCTACCCACACCCAG-1,1
CCCTACTTGAACAATG-1,1
CCCTAGCTCTAAGGTC-1,11
CCCTAGGCAACAAGAG-1,15
CCCTAGTGTCAGGTGT-1,4
CCCTATGTAGAGCAGA-1,13
CCCTCAAGCTCTTAGT-1,2
CCCTCAGATCGAGAAC-1,15
CCCTCATTCTGGAATT-1,0
CCCTCCTCGCTCGTAT-1,2
CCCTCGATAATACACA-1,6
CCCTCGGGAGCCTTGT-1,10
CCCTGAAATGAGTTGA-1,7
CCCTGACTAACAAATT-1,6
CCCTGATGTAACTCGT-1,10
CCCTGCCCAATCCGCT-1,7
CCCTGCGCTACGCATA-1,0
CCCTGGCTGTTCCTTC-1,10
CCCTGGGAGGGATCCT-1,19
CCCTGGTATGGGCGGC-1,5
CCCTGTTGGCAAAGAC-1,10
CCCTTCTCGTACGCGA-1,2
CCCTTTAATGGAGTTC-1,8
CCCTTTGACAGGTCTT-1,6
CCGAAAGTGGTGAGCA-1,0
CCGAACACTGGGCCTC-1,12
CCGAACCTTCCCGGCC-1,13
CCGAAGCATTGACCAA-1,2
CCGAAGGGCGTACCGC-1,9
CCGAAGTATATTGTTC-1,11
CCGACAAACACATGAG-1,2
CCGACAAAGGGAGTGC-1,3
CCGACAATAGGCCGCC-1,9
CCGACGGGCATGAGGT-1,8
CCGACGTAAACACAAC-1,18
CCGACTCGCATAGTCT-1,4
CCGAGAAGTCGCATAA-1,17
CCGAGCTGTGCTTGTC-1,17
CCGAGGGATGTTAGGC-1,19
CCGATATGACGTAAGG-1,13
CCGATCTCAACCTTAT-1,8
CCGATCTTAAGAGGCT-1,5
CCGATTCGAGGGACCC-1,3
CCGATTGGTCAATGAA-1,22
CCGCACAAAGACCAAC-1,7
CCGCACACGAACGTGT-1,19
CCGCACGTGACCTCGG-1,15
CCGCACTTGCAATGAC-1,12
CCGCATGTGGTACGAT-1,21
CCGCCACCACAATCCA-1,4
CCGCCGGAACTTCTCG-1,17
CCGCCGGTCAACACAC-1,0
CCGCCGTTGAGGATAA-1,12
CCGCCTGCGAATTGGT-1,1
CCGCCTTGCGATGTCG-1,4
CCGCGATTTGGTAGGT-1,1
CCGCGCAAGATACCCA-1,1
CCGCGGAATGCGTCAC-1,8
CCGCGGGTACGAAGAA-1,5
CCGCGTAGGTAAGGGC-1,22
CCGCTATCAGCACCAG-1,7
CCGCTCCAGGGCGATC-1,20
CCGCTCCGGATAAGCT-1,3
CCGCTCTTCCGAACTA-1,16
CCGCTTACCTCACTCT-1,20
CCGCTTCGCGGTTAAC-1,5
CCGCTTGCTGACATGG-1,14
CCGGAAGTTATCAGTC-1,11
CCGGAATGGTTTCAGT-1,8
CCGGAGCGTACTTTCT-1,0
CCGGAGGTCTTATGGT-1,6
CCGGCACGACCGTTTC-1,3
CCGGCCGCGAGCATAT-1,4
CCGGCGCATATTGGAT-1,13
CCGGCGTGAGACTCTG-1,6
CCGGGACCCGCAGAGA-1,8
CCGGGCGGTCTCGTCA-1,8
CCGGGCTAAGAATTTC-1,4
CCGGGCTGCTCCATAC-1,7
CCGGGTTCGAGGTTAC-1,15
CCGGTAATGGCTAGTC-1,14
CCGGTGCGAGTGATAG-1,15
CCGGTTTGTAATTGTG-1,10
CCGTAAGTTGGTCCCA-1,7
CCGTACCCAAGCGCCA-1,3
CCGTAGGAAATCCCTG-1,21
CCGTAGGGTTGTTTAC-1,11
CCGTATCTCGTCGTAG-1,9
CCGTATTAGCGCAGTT-1,6
CCGTCAACCTCTGGCG-1,17
CCGTGAGGCATTCATG-1,8
CCGTGCCCATGACGGC-1,2
CCGTGGAACGATCCAA-1,14
CCGTGTTAAATTCCAT-1,7
CCGTTACGTTAGAACA-1,18
CCGTTCCGAATCTCGG-1,4
CCGTTTCCTTTCCGTG-1,10
CCTAAACAGGGTCCGT-1,23
CCTAAAGGCTGACGCT-1,5
CCTAAATTAACGGTTC-1,19
CCTAAATTGTATCCTA-1,0
CCTAACCCAAACAAGT-1,8
CCTAACTAAGGCTCTA-1,19
CCTAAGTGTCTAACCG-1,3
CCTACAAGTCCGGAAT-1,11
CCTACATTCACAGACG-1,19
CCTACGCGACCTTACA-1,4
CCTACGGCTCAGTCGA-1,3
CCTACTCAACACGATT-1,23
CCTACTGCTTACACTT-1,13
CCTAGGCGTAGCGATC-1,22
CCTAGGTAAAGGTAGC-1,6
CCTAGTTAGTCGCATG-1,1
CCTATAATGAGTGCCC-1,21
CCTATACCGTCCTGTC-1,21
CCTATATCGTGTCACG-1,12
CCTATATTTGTCCTGG-1,21
CCTATCTATATCGGAA-1,5
CCTATGAAGTGGTGCC-1,14
CCTATGGCTCCTAGTG-1,16
CCTATGGGTTACCGTC-1,22
CCTATGGTCAAAGCTG-1,3
CCTATGTCCACTCCAC-1,1
CCTATTATTCCGGCCG-1,17
CCTCAACGATCGCTGT-1,13
CCTCACCAATCTTGAC-1,12
CCTCACCTGAGGGAGC-1,16
CCTCACCTTAGCATCG-1,2
CCTCACGTCAGCTAAT-1,14
CCTCATGCAGCTACGA-1,8
CCTCCCGACAATCCCT-1,1
CCTCCGACAATTCAAG-1,11
CCTCCTAGCTAGAGTC-1,3
CCTCCTGAGCCCACAT-1,2
CCTCCTGTTGTGTCGT-1,0
CCTCGAAGTGGACGGG-1,2
CCTCGACCCACTGCCT-1,19
CCTCGCCAGCAAATTA-1,7
CCTCGCGCGATATAGG-1,15
CCTCGCGCTGTGCGAT-1,12
CCTCGGACCGGGATAG-1,11
CCTCGGATGCTACCTG-1,3
CCTCGGTTTCCTTGCC-1,4
CCTCGTTACGCCTGTT-1,5
CCTCTAATCTGCCAAG-1,0
CCTCTACAAGGATTGG-1,7
CCTCTATCGATTAGCA-1,0
CCTCTCTCCCATCTAG-1,18
CCTCTGGCCTAGACGG-1,4
CCTCTGTACTATTCTA-1,7
CCTGAACGATATATTC-1,15
CCTGAATATTTACATA-1,4
CCTGACAAACTCGCGC-1,8
CCTGACCACCGATGGT-1,10
CCTGACGCAACCTTTA-1,9
CCTGAGAATAAATGCA-1,3
CCTGCCCGTTGTCTAG-1,0
CCTGCGATAGAACTGT-1,4
CCTGCGTTCTACGCTT-1,3
CCTGCTATTTGAGAAG-1,14
CCTGGAAACGTTCTGC-1,19
CCTGGCTAGACCCGCC-1,8
CCTGGTCGAATGTGGG-1,22
CCTGTAAGACATGATA-1,18
CCTGTACTCACGCCCA-1,11
CCTGTCACCCGGGCTC-1,16
CCTGTCCCTCACGTTA-1,1
CCTGTCGCCCGTAAAT-1,1
CCTGTCGTGTATGAAG-1,3
CCTGTGAAACCGTAAC-1,11
CCTGTGCATAGGAGAC-1,2
CCTGTGCGGATTGTAA-1,0
CCTGTTCAACCTCGGG-1,20
CCTGTTTGAAGACACG-1,8
CCTTCAGTTAAAGTGA-1,21
CCTTCCGCAACGCTGC-1,2
CCTTCGTATAGAATCC-1,21
CCTTCTCAGCGTTCCT-1,4
CCTTCTTGATCCAGTG-1,10
CCTTGACCACTTTATT-1,4
CCTTGTGAACGTGGTT-1,7
CCTTTAAGGGAGCACT-1,1
CCTTTCAATGAAGAAA-1,4
CCTTTGAATTATGGCT-1,3
CGAAACATAGATGGCA-1,12
CGAAACGCAATTCATG-1,20
CGAACAGTATGGGCGT-1,3
CGAACATAGTCAGAAA-1,14
CGAACCCGCATGCGTC-1,5
CGAACCTCTTTCCTAG-1,2
CGAACGCCCAGTGCCG-1,0
CGAACGGCCGGACAAC-1,13
CGAAGACGGTGAGTGC-1,2
CGAAGACTGCCCGGGA-1,2
CGAAGATCAGTTTCAT-1,9
CGAAGCCACAGCATGG-1,2
CGAAGCTATAAATTCA-1,13
CGAAGGGTTTCAGATT-1,23
CGAAGTTGCTCTGTGT-1,17
CGAATCTGCTCGACGC-1,6
CGAATGAAGTCATTGC-1,10
CGAATGACGCATAATG-1,8
CGAATGGTAGGTCGTC-1,11
CGAATTACATGGTGTT-1,9
CGACAATTTGATCTAA-1,8
CGACACCGCTTAAGGA-1,8
CGACACGCTCCGACAG-1,7
CGACAGTTCGCGTTAT-1,4
CGACATGCGATCTTCT-1,0
CGACCCTTAACGCCGG-1,0
CGACCGTTGGTATTCG-1,6
CGACCTACTAGACAAT-1,3
CGACGCATCCGTACCT-1,1
CGACTCAGGATGTTAT-1,6
CGACTCGGTACACGGT-1,9
CGACTTTGTATAGCCT-1,16
CGAGACCCTAGAGTGT-1,2
CGAGACTACTGCTGCT-1,6
CGAGAGATGTGAACCT-1,11
CGAGAGCGCGTAGATA-1,4
CGAGAGCTTTCACTAC-1,9
CGAGAGGGTAGCCGCG-1,9
CGAGATGTTGCCTATA-1,19
CGAGATTTCGCTCGGG-1,14
CGAGCACTTCAAGTTT-1,3
CGAGCCGAGCACTCGA-1,22
CGAGCGTTGATCAGCC-1,15
CGAGCTGGGCTTTAGG-1,11
CGAGGAGCTTCCATAT-1,1
CGAGGATCGGGAACGA-1,1
CGAGGCCAGGCATTGG-1,23
CGAGGCTAAATATGGC-1,5
CGAGGGACTGCGGTCG-1,5
CGAGGGTATCCAGGTG-1,18
CGAGTACTAAAGAGGA-1,8
CGAGTGAAGGTACCAG-1,0
CGAGTGCTATAGTTCG-1,2
CGAGTTCTGTCCCACC-1,2
CGAGTTTATCGGACTG-1,10
CGATAATACTCAGGTT-1,12
CGATACCTCGCGGACA-1,22
CGATAGCGATACAGTG-1,10
CGATAGTCGTACTGCA-1,1
CGATATTAGCCGCAGG-1,18
CGATCATTAGAGGCAC-1,23
CGATCCACCATTGTTG-1,10
CGATCCGACCCAGTGC-1,0
CGATCCTCGCAACATA-1,13
CGATCGAGAAGCACCA-1,16
CGATCTGTTGGAGGAC-1,18
CGATGGACCCTACGCC-1,15
CGATGTTGTTATCTAC-1,20
CGATTAAATATCTCCT-1,22
CGATTCGCCTGGCTGC-1,9
CGATTTGTCATTAATG-1,11
CGCAAACACGAGTTAC-1,3
CGCAATCGATCATTAG-1,15
CGCAATTACTTTCGGT-1,6
CGCAATTAGGGTAATA-1,2
CGCAATTCTACAATAA-1,22
CGCACATGTCCACTAC-1,1
CGCACGTCTGTTTATG-1,20
CGCACGTGCGCTATCA-1,0
CGCAGAAACATTTGCG-1,5
CGCAGATCTTCACCCG-1,19
CGCAGGCGATCCAAAC-1,1
CGCATCATGGCTTCAG-1,5
CGCATCCATCAGCCAG-1,4
CGCATGCCGAATGCGT-1,9
CGCATGGTGCGATGCT-1,21
CGCATTAGCTAATAGG-1,2
CGCCAAGAAGCCGAGT-1,16
CGCCAATTATTGCGTT-1,22
CGCCACAGGTCGCGAT-1,7
CGCCACCCGCATTAAC-1,1
CGCCATCCGATTATGA-1,16
CGCCCAGCACGCCTAG-1,0
CGCCCAGCGTTTCACG-1,9
CGCCCGCTTCCGTACA-1,13
CGCCCTAATTGTTCAA-1,2
CGCCCTTACATCCACC-1,6
CGCCCTTGAAGGCTGA-1,12
CGCCGACTATTCGCTA-1,2
CGCCGCCCATGCCTGT-1,14
CGCCGCGTTCTGAACG-1,2
CGCCGGTGTCGCAGTA-1,20
CGCCGTCTACCCATCG-1,21
CGCCGTTCAGCATAGT-1,6
CGCCTCCCTCCTCTAT-1,3
CGCCTGGCCTACGTAA-1,17
CGCCTTTAGCATGCTC-1,5
CGCGAAGTGGCATACT-1,2
CGCGACACTGCGCAGC-1,20
CGCGACCGCGACAGAT-1,1
CGCGAGAGGGACTTGT-1,0
CGCGAGTCTGCCGGGT-1,7
CGCGCAAATGTCCAGA-1,17
CGCGCAAGGAACTACA-1,17
CGCGCATGTTTGATTG-1,16
CGCGCCCGACTTAATA-1,0
CGCGGCAGTATTACGG-1,6
CGCGGCTCAACTTGAA-1,9
CGCGGGAATTAGGCAG-1,18
CGCGGGAATTCCTTTC-1,19
CGCGGTAAGTCTAGCT-1,1
CGCGGTACGGTATACA-1,5
CGCGGTCACAAACCAA-1,11
CGCGTACATTCTGGAA-1,7
CGCGTCATATTAAACC-1,2
CGCGTGCTATCAACGA-1,4
CGCGTGGGCCTGTGTT-1,19
CGCGTTCATGAAATAC-1,9
CGCTACCGCCCTATGA-1,2
CGCTACGGGACATTTA-1,1
CGCTAGAGACCGCTGC-1,0
CGCTATACCGCCCACT-1,18
CGCTATCGTGGCTTTA-1,23
CGCTATTCAATGTATG-1,0
CGCTATTCTTAGGCTC-1,7
CGCTCGACATAATGAT-1,5
CGCTCTCCGTAGATTA-1,15
CGCTGAGGACGTCCAA-1,11
CGCTGGTGACTACCCT-1,9
CGCTGTGACGCCGCAC-1,22
CGCTGTGTGGATGTTG-1,10
CGCTTAGTATTGATAC-1,13
CGCTTATTCCCGGTCG-1,10
CGCTTCCACTGAAATC-1,0
CGCTTCGGTCTAAGAC-1,10
CGCTTGGACGGATAGA-1,0
CGCTTTCATACCGGTG-1,18
CGCTTTCCGCCAAGGT-1,21
CGCTTTCTTGCATTCG-1,10
CGGAAAGAATCAAACG-1,16
CGGAAAGCAAATGTGC-1,4
CGGAAATTTCACATCC-1,15
CGGAACGTAAACATAG-1,15
CGGACCTCTGTAGTTA-1,0
CGGACCTTTACGTCCC-1,13
CGGACGTTACTTGAAG-1,15
CGGAGCAATTTAATCG-1,18
CGGAGCATGGCGATCC-1,19
CGGAGCTTATAACACC-1,6
CGGAGTCCTAACCTGG-1,23
CGGAGTTTGAGAGACA-1,13
CGGATAAGCGGACATG-1,7
CGGATCCTCAAGGACT-1,9
CGGATGAATGCTGTGA-1,16
CGGATTCTGCCTTATG-1,3
CGGCAAACATCGTGCG-1,18
CGGCAATAAGATCGCC-1,23
CGGCACCGTTAGCGCC-1,4
CGGCACTCAAGAAAGT-1,17
CGGCAGGGTCGGGTTG-1,0
CGGCCACGCACAAAGT-1,5
CGGCCAGAGCGACCAT-1,0
CGGCCCAACCTGTAGT-1,15
CGGCCCAGGTATATCC-1,8
CGGCGCCATCAATCCC-1,17
CGGCTCTAAAGCTGCA-1,15
CGGCTCTTCGTCGAAC-1,5
CGGCTGAAGGTTACGC-1,3
CGGCTGCAAGATTAAG-1,2
CGGCTTTGTATGATAA-1,17
CGGGAACGCCCTGCAT-1,6
CGGGAAGTACCGTGGC-1,2
CGGGAATATAGTATAC-1,10
CGGGAATTTATGTAAA-1,15
CGGGAGCTTCAGTGTA-1,7
CGGGAGTATACCGCCG-1,20
CGGGATCAATGTAAGA-1,10
CGGGCAGCTAAACCGC-1,1
CGGGCCATAGCCGCAC-1,17
CGGGCCTTCTTTGTAA-1,5
CGGGCGATGGATCACG-1,10
CGGGTGTACCCATTTA-1,20
CGGGTTCGGCACGTAT-1,12
CGGGTTGTAGCTTTGG-1,0
CGGGTTTGTTAGGGCT-1,11
CGGTAACAAGATACAT-1,3
CGGTACGGCAAACCCA-1,4
CGGTACTAGAATCAAA-1,22
CGGTAGAGGTGCAGGT-1,0
CGGTATAGGTATTAGC-1,9
CGGTATGGGCACTCTG-1,20
CGGTCAAGTGGGAACC-1,9
CGGTCAGTCCATATTT-1,9
CGGTCCATGAGACTCC-1,6
CGGTCCGTCGCAAGCC-1,16
CGGTCTATCAACCCGT-1,1
CGGTGAAGACTAAAGT-1,21
CGGTGCAGATAGAACG-1,7
CGGTGCGCGTTGGTCC-1,10
CGGTGGGCTCCAGCCT-1,14
CGGTGTACTTGATCCC-1,4
CGGTTATCCAACAGTG-1,13
CGGTTCAAGTAGGTGT-1,20
CGGTTCCGGCTTCTTG-1,3
CGGTTGACCTGGCATA-1,22
CGGTTGAGTATCCTTC-1,19
CGGTTGGGCAGGGTCC-1,8
CGGTTGGGTTCAAGTT-1,7
CGGTTTACTGAACATT-1,6
CGGTTTATGAAGGAAC-1,3
CGTAAACGCTTGAGTG-1,3
CGTAAAGCAAGAAATC-1,15
CGTAAATAACAAAGGG-1,8
CGTAACTTCGACACTT-1,16
CGTAATAATTACGAGT-1,12
CGTACCGAAAGTCTAG-1,10
CGTACCTGATAGGCCT-1,9
CGTAGAGAGTAATTAT-1,16
CGTAGCGAATTGTCAG-1,11
CGTAGCGCCGACGTTG-1,7
CGTATCTAGAACTAAG-1,0
CGTATTAAGAGATCTA-1,13
CGTATTGTTTCCTAAT-1,6
CGTCAAGGCTATAAAT-1,2
CGTCAATCTTTAACAT-1,2
CGTCACGTCCATTGGT-1,1
CGTCAGCTATTTACTC-1,5
CGTCAGTGCGCACAAG-1,16
CGTCAGTTTATCGTCT-1,7
CGTCATACCATATCCA-1,6
CGTCCAGATGGCTCCA-1,12
CGTCGCATGTGAGCCA-1,7
CGTCGCGGCGGGATTT-1,3
CGTCGCTTGGTTATAC-1,21
CGTCGGATAGTGTTGA-1,13
CGTCGGGTCTAAGCGC-1,19
CGTCGTCCTTCGCGAA-1,8
CGTCTGGAAGGGCCCG-1,7
CGTCTTGAGTGTGACG-1,13
CGTGAAGTTAATTCAC-1,1
CGTGACATTGGGTCGT-1,11
CGTGACCAGTCCTCTG-1,20
CGTGCACACCACTGTA-1,9
CGTGCAGACTGGGACA-1,18
CGTGCATTGTCGACGC-1,8
CGTGCCCGACATTTGT-1,1
CGTGCCCTCCCGAAGA-1,17
CGTGCTGGCCTAGTCG-1,17
CGTGCTTCTACCTAAA-1,15
CGTGGAAGCCTCGTAC-1,2
CGTGGCCGAATATCTA-1,1
CGTGGTACCCAAAGGC-1,23
CGTGTATGGGAGCTGA-1,21
CGTGTCCCATTCGCGA-1,13
CGTGTCTCGTTACGAC-1,10
CGTGTGTTAAACCCTG-1,11
CGTTAAACTAGTTAGG-1,14
CGTTAATGTCCCGACG-1,20
CGTTAGCTCACAACTG-1,4
CGTTATCATACTTCCA-1,4
CGTTCAAGGAAACGGA-1,1
CGTTCAGACCCGCGAA-1,20
CGTTCATGGTGCGCGT-1,10
CGTTCTTCGCACACCT-1,1
CGTTGAATACCGCGCT-1,8
CGTTGAGCGACCGTCG-1,5
CGTTGAGTAATTGCGT-1,10
CGTTGCCCGCGTGGGA-1,9
CGTTGTAAACGTCAGG-1,10
CGTTGTAAGATTGATT-1,18
CGTTGTCGGCAATTGA-1,1
CGTTGTTTCAATTCCC-1,3
CGTTTAAGCGGAGCAC-1,3
CGTTTACAAGGCAGCT-1,18
CGTTTCACTTCGGGCG-1,14
CGTTTCGCTCATTACA-1,4
CGTTTGGTGTTGTGGG-1,12
CGTTTGTGTAGAGGGT-1,5
CTAAACGGGTGTAATC-1,3
CTAAAGAATGCCTACT-1,22
CTAAAGGATGAGATAC-1,20
CTAAAGGGAAATAGGA-1,9
CTAAAGTCCGAAGCTA-1,12
CTAAATCCGGTGTACA-1,16
CTAAATCCTATTCCGG-1,18
CTAACAGCACAATAAC-1,3
CTAACCGCGCGCCCGT-1,10
CTAACGAAACTTGCTG-1,13
CTAACTGATAATCGCC-1,15
CTAACTGGTCCGGTTC-1,16
CTAAGGGAATGATTGG-1,1
CTAAGTACAGGGCTAC-1,4
CTAATGCGCCCAACAA-1,4
CTAATTATGAAGCGTA-1,3
CTAATTCGCACGCGCT-1,3
CTAATTCTCAGATATT-1,18
CTAATTTCAACAACAC-1,7
CTACAAGAAATAACCC-1,14
CTACACTAGCTTGTTC-1,18
CTACACTCGCAGATGG-1,3
CTACATATCGCGGGAC-1,10
CTACCCTAAGGTCATA-1,10
CTACGAACTAGGTCGA-1,5
CTACGACTAGCTATAA-1,0
CTACGATCCTATCCTA-1,0
CTACGCACGGAGTACC-1,8
CTACGCCATTTCCGAT-1,1
CTACGTGTTGCCACCA-1,8
CTACTATCATAGGTTT-1,5
CTACTATCTTTCAGAG-1,1
CTACTCAAGGTATAGT-1,10
CTACTCTAGGCCCGGC-1,4
CTACTGCCACCTGACC-1,5
CTAGACATATATGTAG-1,2
CTAGACTGCATTTCGT-1,19
CTAGATAAACTCCTCG-1,12
CTAGATGTGAGTGTAA-1,4
CTAGATTTACGACGGC-1,10
CTAGCAACTAATTTAC-1,17
CTAGCATAGTATAATG-1,5
CTAGCCACAGGCGAGC-1,8
CTAGCCCGGGAGACGA-1,10
CTAGCCGATGTTATGA-1,20
CTAGCGCCAATCCTAC-1,6
CTAGCTTAATGGTCCC-1,1
CTAGGCGCCCTATCAG-1,0
CTAGGCGGCAGAGAAT-1,7
CTAGGGATAGGGACAA-1,1
CTAGGTCTGAAGGAAT-1,10
CTAGGTTCGGACGTGA-1,5
CTAGTAGAAAGGGATT-1,19
CTAGTATTCGGAATTA-1,5
CTAGTCACGTCTTAAG-1,8
CTAGTGAAGGACAGGA-1,9
CTAGTTACAACCCGGT-1,15
CTAGTTGGGCCCGGTA-1,8
CTATAAGAGCCAATCG-1,18
CTATAAGTAGGGTTTG-1,23
CTATACTTAAAGCGAG-1,11
CTATAGGCGTTGATGT-1,8
CTATATCCAGCCTGGC-1,1
CTATCACAACGCTGGA-1,23
CTATCGACGAAATACA-1,18
CTATCGCGTAGAGAAC-1,18
CTATCGGGTCTCAACA-1,13
CTATGAACACCTTGCC-1,6
CTATGCCCGAATGCAA-1,22
CTATGGGAAGCGGAAT-1,13
CTATGTCACTAGCCCA-1,14
CTATGTCTATTGAAAC-1,15
CTATGTGAGTCACGGC-1,7
CTATTCATGTGTCCCA-1,7
CTATTGTGTTTGGTCA-1,15
CTATTTGCTTGGAGGA-1,18
CTATTTGGTTACGGAT-1,0
CTCAAACCACTGCCCG-1,15
CTCAACTAACCCGGAT-1,3
CTCAAGACATTAGCGC-1,9
CTCACACGCAAGCCTA-1,6
CTCACATTTACTAAAT-1,3
CTCACCAGTACAAGTG-1,1
CTCACCGATCCAAACT-1,14
CTCACTGTGATACTTA-1,7
CTCACTTGGCTGGTAA-1,2
CTCAGAGCTAATGTCG-1,8
CTCAGATTGTGATAAG-1,4
CTCAGCAGACTGCCGA-1,5
CTCAGGACTCACCTGT-1,2
CTCAGTCACGACAAAT-1,1
CTCATCACTTAGTGAT-1,10
CTCATGGCTCACAATC-1,12
CTCATGGTAATTTGCG-1,12
CTCATTAACGTTGCCC-1,2
CTCATTCGTGAACATC-1,4
CTCATTGCTCTAACAA-1,9
CTCATTTGATGGGCGG-1,2
CTCCCAATGAGTCGCG-1,1
CTCCCTCCTTTCGATC-1,5
CTCCGCCCACATGAGG-1,7
CTCCGGCCTAATATGC-1,3
CTCCGGCTTGTAGACA-1,17
CTCCTAAGTTATGTCT-1,2
CTCCTAGTAATCGTGA-1,2
CTCCTCCAGCTCACAC-1,0
CTCCTGTTCAAGGCAG-1,13
CTCCTTTACGCAAGTC-1,5
CTCGAATGGAACGTAT-1,5
CTCGAGACATACGATA-1,4
CTCGAGATCCAAAGCA-1,11
CTCGAGGCAAGTTTCA-1,18
CTCGAGGTCGAACAGT-1,12
CTCGATATTTGCGAGC-1,8
CTCGCACCTATATAGT-1,18
CTCGCATTGCATAGCC-1,10
CTCGCCGAATGTAGGG-1,6
CTCGCTAGGTAAGCGA-1,19
CTCGGGATAACACCTA-1,12
CTCGGGCATCGTCGGG-1,2
CTCGGGTTCTCTGGCC-1,10
CTCGGTACCACTGCTC-1,17
CTCGGTCCGTAGCCTG-1,7
CTCGGTTGTCGGCCCT-1,4
CTCGTCGAGGGCTCAT-1,17
CTCGTCTGTGCCTTCG-1,14
CTCGTGGCACTGAAAG-1,1
CTCGTTACGGCTACCA-1,6
CTCGTTTCTAATGTTT-1,22
CTCTAATGCATTGATC-1,19
CTCTACACTGGCGATT-1,11
CTCTACATCCTGCGTG-1,7
CTCTAGCCCTCGGAAA-1,12
CTCTATTTGGCTGCAG-1,8
CTCTCACAATCGATGA-1,12
CTCTCGATGTGCGCCT-1,23
CTCTCGCTGTACTATG-1,6
CTCTCTAACTGCCTAG-1,16
CTCTGCAGGCATTCTT-1,13
CTCTGCGAAGCAAGCA-1,11
CTCTGGACGCCTGGTG-1,21
CTCTGTCCATGCACCA-1,12
CTCTGTGCCTGCTATG-1,20
CTCTGTTTGAGGATTC-1,6
CTCTTCTATTGACTGG-1,11
CTCTTCTGGAAGTTAG-1,17
CTCTTGTCCCGCTTGG-1,12
CTGAAACGGCCCTCAG-1,6
CTGAAAGAGATCCGAC-1,7
CTGAATCCGAGACCTC-1,17
CTGAATTTATTGCCAG-1,1
CTGACATAGAAATAGA-1,5
CTGACTGCGCAGCTCG-1,1
CTGAGAAAGTTCGGCG-1,19
CTGAGAGTAGAAATAC-1,16
CTGAGCAAGTAACAAG-1,6
CTGAGCGAGACTTATT-1,21
CTGATAGTGTATCTCA-1,2
CTGATCCCTTTATGCA-1,20
CTGCAAATGGGCTCCA-1,2
CTGCAAGCACGTTCCG-1,21
CTGCACAACTACATAT-1,0
CTGCACCTAGTCCACA-1,11
CTGCACCTGGAACCGC-1,7
CTGCACTCCAGTACAG-1,0
CTGCAGAGAATCAGAG-1,12
CTGCAGGTGCTCGGCC-1,2
CTGCCAAGGTTGGAAG-1,0
CTGCCATGCATCACAT-1,12
CTGCCCACGAAGCGTT-1,4
CTGCCTAGCCACCAAG-1,5
CTGCCTCATATGCAAC-1,18
CTGCCTTTAATACCTT-1,9
CTGCCTTTCTAGTAAA-1,16
CTGCGACCTCGCCGAA-1,23
CTGCGATTTCGAGATT-1,5
CTGCGGGTGAAATGTT-1,16
CTGCGGTAGTCACGTG-1,0
CTGCGTTACGATATAA-1,21
CTGCTCTGACGGCAAA-1,12
CTGCTGAGGCCACGAA-1,15
CTGCTGTCTAACGAGC-1,20
CTGCTTGGCGATAGCT-1,10
CTGCTTTATGTCCGCG-1,16
CTGGAAATGGATGCTT-1,8
CTGGAAGACACGGTGG-1,19
CTGGACGCAGTCCGGC-1,16
CTGGATTTACACTTGA-1,7
CTGGCATCCGAATGAG-1,5
CTGGCGACATAAGTCC-1,4
CTGGCGCACAGGTCTG-1,1
CTGGCGGGAATAAGTA-1,11
CTGGCTCCTGCGGGAT-1,5
CTGGCTGATTCATCCT-1,11
CTGGCTGCTAACGTAA-1,19
CTGGCTGGTTGTCAGT-1,15
CTGGGATAAATAATGG-1,5
CTGGGATACGCTACCC-1,8
CTGGGATCGCCCAGAT-1,4
CTGGGCACTAGTCGGA-1,14
CTGGGCCTGCTATATC-1,4
CTGGGCTATCCTTTGG-1,17
CTGGGTAGGCAGTTAA-1,5
CTGGGTTGAGTTAAAG-1,15
CTGGTAAAGACTTACA-1,6
CTGGTAAAGTGTGGGC-1,10
CTGGTAACACATAGAA-1,4
CTGGTAACGAGCTCTT-1,15
CTGGTCATTCCAATCC-1,3
CTGGTCCTAACTTGGC-1,5
CTGGTGAATGGGCCTA-1,22
CTGGTTCAACGCATCA-1,19
CTGGTTCGCGAGCTAC-1,0
CTGGTTTCGAGCAAGA-1,2
CTGTACTTCTTAGCAT-1,9
CTGTAGCCATCTCACT-1,3
CTGTAGTGAGGATCGA-1,3
CTGTATGGTGTAGAAA-1,5
CTGTCAAATGGCTCGG-1,15
CTGTCACGCCAGGCGC-1,11
CTGTCTGTGGCTGGCT-1,0
CTGTGCAGGGTAGGTC-1,13
CTGTGGTCGGGAGATA-1,9
CTGTTACCCAATCTAG-1,5
CTGTTCACTGCCTGTG-1,1
CTGTTCATCTCACGGG-1,9
CTGTTGGCTCTTCTGA-1,0
CTGTTGTTCAGTCGTA-1,7
CTTAAATAAGACCCAT-1,12
CTTAACTTCGAAGTAC-1,12
CTTAAGCAGCGAGCCG-1,1
CTTAATCGACTTAGTA-1,20
CTTACACGGTATTCCA-1,7
CTTACACTGGGAAATA-1,4
CTTACATAGATTTCTT-1,20
CTTAGATGTTTCATCC-1,12
CTTAGCCCGGATAGTG-1,3
CTTAGCCTTCCACATG-1,10
CTTAGGTATAGACCAG-1,6
CTTAGTAGGCCTACAG-1,17
CTTAGTGTAGTAGCAT-1,1
CTTAGTTGAGGAATCG-1,20
CTTATAGATGGCTGTT-1,18
CTTATGCGCTCAGGGC-1,4
CTTATGTTGACTACCA-1,3
CTTCAACTCCACTTGG-1,19
CTTCACGCCCTGGTAC-1,13
CTTCAGTGGTCGCCTA-1,3
CTTCAGTTGGACAACG-1,9
CTTCATAGCTCAAGAA-1,7
CTTCATTGTCAGTGGA-1,14
CTTCCGCTCCGTGAAG-1,22
CTTCCTGCATATTTAC-1,17
CTTCGATTGCGCAAGC-1,5
CTTCGGCCAATTGTTT-1,6
CTTCGTAGATAGGTGA-1,1
CTTCGTGCCCGCATCG-1,2
CTTCTATGTTGAAGTA-1,0
CTTCTATTAATGCTAG-1,14
CTTCTGGGCGTACCTA-1,16
CTTCTTACGTCGTATA-1,10
CTTGACCCGAAAGATA-1,17
CTTGAGGTTATCCCGA-1,0
CTTGAGTTAGGGTAAT-1,4
CTTGATGACCATCCAG-1,23
CTTGCAACCGCCTCCT-1,18
CTTGCCCACCCACGCA-1,11
CTTGCCCAGGCTCTAC-1,10
CTTGGCCAAGCTGGGA-1,13
CTTGTACTTGTTGACT-1,13
CTTGTCAACATTCGAG-1,2
CTTGTCGTACGTGTCA-1,6
CTTGTGAGGACAGCGG-1,10
CTTGTGAGTCTTTGAC-1,2
CTTGTGCTCACCGATT-1,4
CTTGTTGCTGAGTCAA-1,10
CTTGTTTATGTAGCCA-1,10
CTTTAACTTTCAAAGG-1,20
CTTTAATATTGGTCGA-1,14
CTTTACCGAATAGTAG-1,14
CTTTAGGAACACTGTT-1,9
CTTTAGTGCTATTATT-1,21
CTTTATCCGACGCATG-1,8
CTTTCTGTGCGGGCTT-1,5
CTTTGAAACATATTCC-1,5
CTTTGACGTCGCTTCT-1,5
CTTTGCATCGCTCTTG-1,13
CTTTGCTGTCATGGAT-1,9
CTTTGGCAGACAGAGT-1,18
CTTTGGCGCTTTATAC-1,17
CTTTGGCTTTAGTAAA-1,4
CTTTGGGATTGTTGCA-1,15
CTTTGTCGAATGCTCC-1,21
GAAACAGATGACCACC-1,15
GAAACAGCCATGCAGT-1,12
GAAACATAGGAAACAG-1,3
GAAACCATGGTGCGCT-1,8
GAAACCGAATTACCTT-1,0
GAAACCTATACAAATG-1,20
GAAACTCGTGCGATGC-1,17
GAAACTCTAATGAAGG-1,15
GAAAGAACAGCGTTAT-1,9
GAAAGCAGTGCACTTT-1,5
GAAAGCCCTTTGGACC-1,20
GAAAGTGACTAACTGC-1,4
GAAATACCTGCTGGCT-1,5
GAAATACTAAACGTTT-1,8
GAAATATCACCATCAG-1,12
GAAATATGCTTGAATG-1,6
GAAATCGCGCGCAACT-1,11
GAAATCTGACCAAGTT-1,20
GAAATGGCGGTGTTAG-1,0
GAAATGGGATGTAAAC-1,20
GAAATTAGCACGGATA-1,9
GAAATTCACATCGCTG-1,21
GAAATTGTCTCTATAA-1,21
GAACAACTGGGATGAA-1,11
GAACACACATCAACCA-1,6
GAACAGATTACTAAAT-1,3
GAACATTAGTATGTTA-1,23
GAACCATCTGGGAGAC-1,3
GAACCCTCTGTGTTCT-1,21
GAACCTCGACCTACAC-1,8
GAACCTTTAACGATCC-1,19
GAACGACCGAATGATA-1,6
GAACGCGGGTCACACG-1,5
GAACGGTGTAAAGCAG-1,5
GAACGTCTCATGGTCG-1,8
GAACGTTAGGAAGACG-1,4
GAACTGTGGAGAGACA-1,20
GAACTTAGCGCCCGGT-1,3
GAACTTGTGCACGGGA-1,0
GAAGAAACGATATTGT-1,2
GAAGAACGGTGCAGGT-1,10
GAAGACTTCAATGCCG-1,1
GAAGCAAGGCAATGTT-1,18
GAAGCCACTGATTATG-1,23
GAAGCCGGGTAAGCTC-1,19
GAAGCCTGCACATTCC-1,20
GAAGCGTGAGGAATTT-1,15
GAAGCTCGGACCCGTC-1,18
GAAGCTCTTTGCTTAG-1,6
GAAGCTTGCTGACCGC-1,2
GAAGGACTAAATTGAA-1,19
GAAGGAGTCGAGTGCG-1,11
GAAGGCTACCATTGTT-1,9
GAAGGGCATAACCATG-1,1
GAAGGGTCATTAAGAC-1,7
GAAGTCAGTTGCACTA-1,0
GAAGTCTCCCTAGCGA-1,10
GAAGTGATTTATCGTG-1,13
GAAGTGCTGGATAGCT-1,8
GAAGTTTCCACTCAAT-1,12
GAATAGACGCGACCCA-1,15
GAATAGCATTTAGGGT-1,9
GAATAGCCCTGCGGTC-1,4
GAATAGTGCTCGATTA-1,21
GAATATTCGGAGTCCC-1,2
GAATCGACATGGTCAC-1,14
GAATCGCCGGACACGG-1,4
GAATCTATACTCGGAC-1,14
GAATCTGAACATTCTC-1,2
GAATGAAGGTCTTCAG-1,3
GAATGCCGAAATGACC-1,23
GAATGCGAATCGGTTC-1,22
GAATGGGCTTATCGAC-1,11
GAATGTATGGCAGGTC-1,4
GAATGTGGTCCGGATT-1,12
GAATGTTGGGTAATCT-1,6
GAATTATAGTGAAAGG-1,8
GAATTATGCAACCTAC-1,9
GAATTCACCCGGGTGT-1,14
GAATTTCTCGCTGCAG-1,6
GACAAACATATGCAGG-1,1
GACAACGACCATTGAA-1,15
GACAACGCAGCTTACG-1,15
GACAAGAGATGAGATT-1,13
GACACAAGGGAAGAAA-1,8
GACACCCAAAGACGCG-1,17
GACACGAGTTAGAGGA-1,2
GACACTGAGTTCAGTG-1,1
GACACTGGAACCCGAT-1,1
GACACTTCCAATTACC-1,4
GACAGAGGTCTTCAGT-1,11
GACAGATTTCTGGCTC-1,7
GACAGCCAGACCTGAC-1,15
GACAGGCACACACTAT-1,6
GACATACTGTCGCAGA-1,10
GACATCCGTCGAACTG-1,6
GACATCGATTTATAAC-1,9
GACATTTCGCCCAGCC-1,4
GACCAAACGTTGACTG-1,23
GACCACACTTCCCTTT-1,3
GACCAGAGCCCTGTAG-1,21
GACCAGGTCATTCATA-1,13
GACCCAATTATGATAC-1,9
GACCCGTCGCCGGCTA-1,9
GACCGACCGCTAATAT-1,2
GACCGACGTGAAAGCA-1,12
GACCGACTGAAGCGTC-1,0
GACCGATTAAATATGT-1,18
GACCGCGTCTGACGTG-1,1
GACCGTGCTGACGGTG-1,8
GACCGTTACATGCGAC-1,21
GACCTGGTCTGGGCGT-1,0
GACCTTCCACGTCTAC-1,5
GACGACGATCCGCGTT-1,18
GACGACTTTCCAAGAA-1,3
GACGAGGCTAATAAAC-1,1
GACGATATCACTGGGT-1,19
GACGCATACCCGTCGG-1,2
GACGCCGTAAAGGCTA-1,17
GACGCCTGTTGCAGGG-1,18
GACGCTTGCTTCTAAA-1,21
GACGGACCGCGTTCCT-1,9
GACGGGATGTCTTATG-1,2
GACGGGTTGGCCCGTA-1,19
GACGGTCAATAGAAGC-1,0
GACGGTCCTAGGGTGT-1,13
GACGTGAGACTCCATG-1,7
GACGTGTAGGGATTAT-1,7
GACGTTCGTAAATACA-1,20
GACGTTGCTCGGCGGC-1,19
GACTAACACAGCACCT-1,0
GACTAAGATCATGCAC-1,19
GACTAAGTAGGCTCAC-1,22
GACTACAAAGCGGTGG-1,2
GACTACAATTGCTCGT-1,23
GACTAGGCCGTTAGGT-1,6
GACTCACCCACGTGAG-1,12
GACTCCCAGAATAAGG-1,15
GACTCCTTCCAATTGA-1,4
GACTCGCGGGAATGAC-1,1
GACTCGGTCGGCGGAT-1,15
GACTCTAGAGTTCCAA-1,12
GACTGATTGGTCACAA-1,15
GACTGCAAATCGAGCT-1,9
GACTGCACCAGCCCAG-1,15
GACTGCGGCACGTGTA-1,12
GACTGCTGGTGAGAAA-1,12
GACTGGGCGCCGCAAC-1,0
GACTTTCGAGCGGTTC-1,20
GAGAACGGTTCTGACT-1,6
GAGAATCTCACGATCA-1,5
GAGACCCTGCAACGCC-1,19
GAGACTGATGGGTAGA-1,3
GAGACTTCGCGACCGA-1,11
GAGAGCGCAGTCCCTG-1,6
GAGAGGCCTATGTGTA-1,16
GAGAGGGCGCGAGGTT-1,20
GAGAGGTGCATTCTGG-1,4
GAGAGTCTCGGGAGAG-1,8
GAGATCGATCTTACTC-1,5
GAGATCTGCTTGGCAT-1,1
GAGATCTGTCACTCCG-1,0
GAGATCTTCCATGACA-1,14
GAGATGACAATCCTTA-1,2
GAGATGGCTTTAATCA-1,8
GAGATGGGAGTCGACA-1,3
GAGCACCTGTGTCCAG-1,23
GAGCACGGCGCCTCTT-1,0
GAGCATCAACAACTTG-1,16
GAGCATCATCCCTGGG-1,16
GAGCCACGGTAGTAGG-1,9
GAGCCAGCTACCTGTG-1,16
GAGCCGAGCGTTTATT-1,3
GAGCGAGGGAGTACCG-1,1
GAGCGCAAATACTCCG-1,9
GAGCGCGCACGAGTAG-1,14
GAGCGCTATGTCAGGC-1,21
GAGCGCTGTTAGGTAA-1,4
GAGCGGAATGCGGTGT-1,14
GAGCTAAGGGCATATC-1,3
GAGCTCAACATGAGCG-1,6
GAGCTCTCGGACCTAA-1,0
GAGCTGTCGTCTCGGA-1,8
GAGGAATATCTCTTTG-1,15
GAGGAATGGAGAGGTT-1,9
GAGGAGATCCTCATGC-1,4
GAGGAGTAATTCCTAC-1,3
GAGGATAAACAGTGCT-1,19
GAGGCATTTGCAGCAG-1,21
GAGGCCCGACTCCGCA-1,17
GAGGCCTGTTGATACA-1,14
GAGGCTATCAAAGTCG-1,13
GAGGGAGTCAGATCGC-1,9
GAGGGCATCGCGTATC-1,17
GAGGGCGCAGCTCTGC-1,8
GAGGGTAGTAACAAAG-1,9
GAGGTACATCCATCTT-1,4
GAGGTACGCGTGTCCC-1,8
GAGGTCCCAAAGATCT-1,10
GAGGTCCGTTCGCTGT-1,6
GAGGTCTTAGTGGGTC-1,18
GAGTAAACCGGAAAGT-1,8
GAGTAAGGCCACGGGA-1,1
GAGTACGGGTATACAA-1,16
GAGTAGATACTAGTTG-1,16
GAGTATACCCTAATCA-1,1
GAGTATCAAAGTTACA-1,16
GAGTATGCCCGCCTTG-1,22
GAGTATGCGCGTGCAT-1,10
GAGTCAGACCAGAATC-1,19
GAGTCCGCTTACCGGA-1,13
GAGTCGACAGACCCTC-1,14
GAGTCTTGTAAAGGAC-1,6
GAGTGTCAACCAGAAA-1,14
GAGTGTGCGGTACCCA-1,10
GAGTTCTGTGGGTGCT-1,21
GAGTTGATGGCAATTT-1,1
GAGTTGTCACCAGTCT-1,17
GATAAATCGGTGGATG-1,1
GATAACTCGCACTGTG-1,5
GATAAGGCAGATGCAA-1,14
GATAAGGGACGATTAG-1,6
GATACCGTGTCGGAGT-1,14
GATACGATGGGAGTCA-1,21
GATAGAACCCGCTAGG-1,8
GATAGATAGTACAGTC-1,5
GATAGCGTACCACGCG-1,14
GATAGGATTAATTACA-1,5
GATAGGTAACGTTGAC-1,5
GATAGGTGTCCCGGGC-1,6
GATAGTGCGAGTAAGT-1,5
GATATCAAGCAGGAGC-1,0
GATATCAGTATGTATC-1,15
GATATCTCATGCAATA-1,1
GATATGAGACACTAAC-1,12
GATATGCGGTAGCCAA-1,0
GATATGGATTACGCGG-1,5
GATATTGAGATTGGCG-1,13
GATATTTCCTACATGG-1,10
GATCAACATAAAGGGA-1,0
GATCATTCCAAACATT-1,8
GATCCCTTTATACTGC-1,19
GATCCGAATATAAGTG-1,16
GATCCGGGAATTAACA-1,19
GATCCTAAATCGGGAC-1,2
GATCCTCGACACTGGC-1,0
GATCCTCTTGCGCTTA-1,0
GATCGACACTATCTGA-1,5
GATCGCGGGCTCTCCA-1,1
GATCGCTACCCGATTT-1,22
GATCGCTATATCTCAG-1,17
GATCGCTGTGGTGCGT-1,0
GATCGGATAGAACCAT-1,2
GATCGGCGATAAGTCG-1,17
GATCGGTGGCCATAAC-1,2
GATCGTGACTGATATC-1,13
GATCTAACCGTATTCA-1,12
GATCTCGACGCTGTGG-1,19
GATCTGCTATCTAAGG-1,14
GATCTTCATTGTCCTC-1,0
GATCTTGGAGGGCATA-1,14
GATCTTTGCAGGGTAT-1,20
GATCTTTGCTCAAAGA-1,3
GATGACAAGTAGGGCA-1,4
GATGACGATGATCGCG-1,4
GATGAGGAACCTTCGG-1,7
GATGATTTGAAACTGG-1,5
GATGCCACACTACAGC-1,6
GATGCCAGCAGAAGGC-1,2
GATGCCTTCTGCGGCA-1,8
GATGCGAATGGTATTA-1,2
GATGCGTCCTGCATTC-1,5
GATGCTACAAGCGCCT-1,0
GATGCTACCTTCGATG-1,9
GATGCTGTATTTCATC-1,22
GATGGCGCACACATTA-1,16
GATGGTGAAATAACCC-1,11
GATGGTGCCCTAGGCA-1,15
GATGTAACGAACCACC-1,12
GATGTCCGGATCACAT-1,10
GATGTCGGTCAACTGC-1,23
GATGTGTTGTCACAAG-1,23
GATGTTCAATCCACGA-1,7
GATGTTTGTGCGAGAT-1,0
GATTAACCGAAAGCCC-1,13
GATTAATCCTGGCTCA-1,17
GATTACTGAATTTGGG-1,2
GATTAGAAACAAGCGT-1,16
GATTCCCTTGTCGCAG-1,2
GATTCCGCGTTTCCGT-1,0
GATTCCTATACGGCGC-1,21
GATTCGACGGTTCACG-1,13
GATTCTGTTAATGAGT-1,19
GATTGACACTCTGCTC-1,2
GATTGCTCCAGTTGCA-1,0
GATTGGGAAAGGTTGT-1,14
GATTTGCGCTAACACC-1,1
GCAAACCCTACATTAT-1,9
GCAAACCTTGGCCATA-1,12
GCAAACGTAAGCGACC-1,19
GCAAACGTCGCCAGGT-1,10
GCAAAGGGCGTTAGCC-1,17
GCAAATATTACGCTTT-1,6
GCAAATGAGGACACTT-1,4
GCAACACACTAGAACT-1,17
GCAACAGCAGTATGCG-1,9
GCAACCACCAGACCGG-1,13
GCAACCACGGCCGCGT-1,2
GCAACCCAAGTTGTTT-1,20
GCAACGGCTAGTTATG-1,1
GCAAGAATTCCTTGGC-1,12
GCAAGATGTGTTCGCG-1,0
GCAAGCTGGAAACCGC-1,4
GCAAGTGCACAGAGAA-1,2
GCAAGTGTAAAGCATG-1,2
GCAATTAGTCGCACCG-1,5
GCACAAACCCTAGATG-1,8
GCACAAACGAGGCGTG-1,5
GCACAACCTCGGGCGT-1,4
GCACAAGTGGATCATA-1,12
GCACAAGTGTCGGAAG-1,9
GCACACACTGGTAGCC-1,11
GCACACAGCTATTACC-1,22
GCACACGCCCATGGTC-1,2
GCACAGCACGGGCCGA-1,16
GCACGCCGATTCCCGC-1,1
GCACGCCTACTTAGAT-1,9
GCACGTGGTTTACTTA-1,13
GCACTAGTCGCGCTAT-1,5
GCACTCCCACAGTCCC-1,2
GCACTGCCTACCTTTA-1,6
GCACTGTGCAAATGTA-1,23
GCAGAAACGTAATCCA-1,9
GCAGAAGGTAATCTCC-1,10
GCAGACCCAGCACGTA-1,18
GCAGATCCATAAGACT-1,5
GCAGATCCTCGCAAAT-1,2
GCAGATTAGGGATATC-1,19
GCAGCACACAGCCCAG-1,15
GCAGCCTATATCACAT-1,19
GCAGCGGTGGGCATTA-1,10
GCAGCTATGGACAGGT-1,6
GCAGCTGTCAACGCAT-1,8
GCAGGAACTTAGATCT-1,6
GCAGGACTATAGAATA-1,2
GCAGGTAGAGTATGGT-1,21
GCAGTGCGGGCGGATG-1,4
GCAGTGTGGCTATAGG-1,13
GCAGTTCGATCCGAGC-1,12
GCATAAATTGAACGCC-1,0
GCATACGAGGTCTTTA-1,6
GCATAGAGCACTCAGG-1,7
GCATCCCTAACTTTGA-1,19
GCATCCTCTCCTATTA-1,6
GCATCGGCCGTGTAGG-1,12
GCATGAGGGACGCGGC-1,18
GCATGCTAATAACGAT-1,15
GCATGGGTACTGACGC-1,2
GCATTCAAGGCAACGC-1,1
GCATTCGAAATGAACA-1,6
GCATTGACTTGCGGAA-1,1
GCATTGTAATTCATAT-1,3
GCATTTCCAAGGCTCC-1,15
GCCAACCATTTCCGGA-1,4
GCCAAGAATACTTCTG-1,14
GCCAATAGGGCATCTC-1,16
GCCACAATTTAAGGAC-1,18
GCCACCCATTCCACTT-1,11
GCCACTCAGAGCGCGA-1,8
GCCACTCCTTACGGTA-1,1
GCCAGGAAAGAACACT-1,8
GCCAGGAGTAACCGAT-1,15
GCCAGGCGTTCGCATG-1,3
GCCAGGCTTAGTGGTA-1,17
GCCATATTGCACACAG-1,5
GCCATCGAGCTGCGTG-1,0
GCCATCGATGCTGCAT-1,7
GCCATTAGCCTCAAAC-1,7
GCCCACCAAGGCTGTC-1,7
GCCCAGATGCTGGAGA-1,6
GCCCAGTTGGTATGCC-1,6
GCCCGACTTCTTCCCG-1,8
GCCCGAGAGTCTAAAT-1,2
GCCCGATCTGTGGTCG-1,0
GCCCGATGCCCAGTTC-1,3
GCCCGCGCGTAAACGG-1,5
GCCCGCGCGTTTGACA-1,2
GCCCGTAATACCTTCT-1,8
GCCCGTTCACACAATT-1,2
GCCCTAAGTGCAGGAT-1,11
GCCCTAGCCGTCGCGA-1,9
GCCCTGAGGATGGGCT-1,5
GCCGAAATTCCTACGT-1,9
GCCGACCCACGACTGC-1,15
GCCGATTGGCCAAGCT-1,9
GCCGCACTCCGTTTCA-1,9
GCCGCATTAGTCCGGC-1,2
GCCGCTAGATACGCAG-1,23
GCCGCTTGTGAGAAAC-1,7
GCCGGAAACACATCTT-1,19
GCCGGGTTAGGGTCGC-1,8
GCCGGTCGTATCTCTC-1,1
GCCGGTTTGGGCGGAT-1,6
GCCGTCGGTTTCGGGC-1,13
GCCGTGGAAGAAATGT-1,15
GCCTACGTTCTGTGCA-1,7
GCCTAGCGATCTGACC-1,2
GCCTATAGTGTCAGGG-1,12
GCCTATCAGGTAAGAT-1,1
GCCTATGCTGGGCCTT-1,2
GCCTATTCCGATATAG-1,11
GCCTATTTGCTACACA-1,4
GCCTCATCTGGAAATA-1,13
GCCTCCGACAATTCAC-1,1
GCCTCTATACATAGCA-1,21
GCCTGCTACACTGAGA-1,8
GCCTGTCCCGGTGCAT-1,6
GCCTTCAGCCCTACCG-1,5
GCCTTGTATATGCAGT-1,9
GCCTTTGTCAGTGGAC-1,6
GCGAAACGATCGGGAG-1,16
GCGAAACTTAACTGGA-1,12
GCGAAGAATCTGACGG-1,1
GCGAAGCCATACCCGT-1,18
GCGAATGGACTAGCGA-1,6
GCGACATGTAAACATC-1,15
GCGACCCAACCATCTG-1,18
GCGACGATAGTTGTAC-1,14
GCGACGGTAGTCTCCT-1,9
GCGAGAAACGGGAGTT-1,17
GCGAGAGGCCATGTAA-1,13
GCGAGAGTTGCGTCCA-1,0
GCGAGCGCATGCTCCC-1,0
GCGAGGCCCGAGCAGA-1,9
GCGAGGGACTGCTAGA-1,21
GCGAGTTCTGCAAAGA-1,8
GCGATGTCTGTGCTTG-1,16
GCGATTCTGGAAGCAG-1,23
GCGATTGTTAACGTTA-1,9
GCGCAAATATATTCAA-1,3
GCGCAAGAGCGCGCTG-1,8
GCGCATCCAGTCAGCA-1,0
GCGCCGTTCCACGATA-1,10
GCGCCTCCCACTCCGA-1,22
GCGCGATGGGTCAAGT-1,2
GCGCGGTCTAGTAACT-1,10
GCGCGTCATTGGTACA-1,9
GCGCGTTTAAATCGTA-1,3
GCGCTAAGTATGCATG-1,23
GCGCTAATTGAATAGA-1,17
GCGCTATGCCGAGGCA-1,10
GCGCTCGATCACCTGT-1,9
GCGCTGATCCAGACTC-1,10
GCGCTGCTTTGCATTT-1,2
GCGCTGGCGGAAAGTC-1,3
GCGCTTAAATAATTGG-1,16
GCGGACCGCGTTGTGG-1,18
GCGGAGAAACTTCGCA-1,3
GCGGAGAGGGAGAACG-1,0
GCGGCAAAGTATTGCC-1,17
GCGGCTCTGACGTACC-1,8
GCGGCTTTAGCAAGTT-1,8
GCGGGAACCAGGCCCT-1,13
GCGGGCAGACGGGTGA-1,11
GCGGGCATTACGATGC-1,21
GCGGGCGAGCCTTACC-1,10
GCGGTAACCCAAATGA-1,4
GCGGTCCCGGTGAAGG-1,3
GCGGTCCCTAGACGCA-1,11
GCGGTCTTGCTTTCAC-1,6
GCGGTGAACTGCGCTC-1,15
GCGGTGCGGAGCATCG-1,11
GCGGTTCCCTATCATG-1,1
GCGTAAATGGCCATAA-1,21
GCGTCCAGCTCGTGGC-1,6
GCGTCCCTAAGACATA-1,4
GCGTCGAAATGTCGGT-1,4
GCGTCGCCAGGGTGAT-1,15
GCGTCGTAACATGGTC-1,8
GCGTCTAACCTCCTAA-1,1
GCGTCTCTGCATTGGG-1,5
GCGTGGTACTGGGTTA-1,7
GCGTGTATGTCGTATT-1,7
GCGTTATATTTGGAAC-1,15
GCGTTCGGAGACCGGG-1,3
GCGTTCTGACTAAGCG-1,19
GCTAAACCTGAGGTGA-1,5
GCTAACTGAAGTCTGA-1,8
GCTAAGTAAAGGCGAT-1,2
GCTAAGTAGTTTCTCT-1,8
GCTAATACCGAATGCC-1,19
GCTACAATCGAGGATA-1,17
GCTACACTGTCCGAAC-1,10
GCTACAGTACGGACCG-1,16
GCTACGACTTATTGGG-1,21
GCTACTATAGTAGAGT-1,16
GCTAGACCGTCTACTG-1,20
GCTAGAGTAGAGATGT-1,12
GCTAGCACCTGGGCCA-1,14
GCTAGCAGGGAGTGGG-1,3
GCTAGCGATAGGTCTT-1,8
GCTAGCTTGAATAGCT-1,9
GCTAGGCACCACGGAG-1,23
GCTAGTAGAGCTTGTA-1,8
GCTAGTTTCATTGAGG-1,0
GCTATACGTCTCGGAC-1,0
GCTATCATACTCATGG-1,1
GCTATCGCGGCGCAAC-1,2
GCTATGCCAGCTTATG-1,0
GCTCAACCTCTTAGAG-1,9
GCTCAATCCGTTTATT-1,3
GCTCAATGTAATACCG-1,21
GCTCATTACTGCATGT-1,11
GCTCATTGATCATATC-1,21
GCTCCATGAGTGCAGA-1,9
GCTCCATGCAAAGCAA-1,14
GCTCCCAGTCGGTCCA-1,14
GCTCCGCTCGCTTCAG-1,0
GCTCCGGACGTTGATA-1,14
GCTCCTGACATACTGG-1,9
GCTCGACCGAACTGAA-1,11
GCTCGCGGTTCCGCTC-1,6
GCTCGCTCATGTCCAA-1,15
GCTCGGAATTTAAAGC-1,10
GCTCTAAACCCTGACG-1,5
GCTCTATGTTACGTGC-1,13
GCTCTCGGGTACCGAA-1,10
GCTCTTTCCGCTAGTG-1,6
GCTGAACTCTCCAGGG-1,8
GCTGAAGGGTTCTTGG-1,3
GCTGAATCTTCCAATC-1,6
GCTGAGCAACGGTTCT-1,12
GCTGAGGCGTGAGTAT-1,15
GCTGCACGGTTTCTTA-1,16
GCTGCGAAGAATTATT-1,16
GCTGCGCCTCCCACGT-1,4
GCTGCTAAGTAGTCGA-1,4
GCTGCTACTGCGTAGC-1,13
GCTGCTCTCCGGACAC-1,13
GCTGGACCCAAAGTGG-1,7
GCTGGCAGGTGCCGTG-1,2
GCTGGCATATTCACCT-1,3
GCTGGCGGCGCATGCT-1,7
GCTGGGAGCGCGTCAA-1,2
GCTGGGTCCGCTGTTA-1,12
GCTGGTGACTCGTAGT-1,6
GCTGGTTTAGGCCATA-1,16
GCTGTATTACTGGCCC-1,4
GCTGTTGCTACCGAAC-1,1
GCTTAATGTAACTAAC-1,1
GCTTACGTAGTTAGTA-1,0
GCTTAGGGAAGCGGTA-1,0
GCTTATGAAGCAGGAA-1,17
GCTTCAGTGGGATTAC-1,1
GCTTCCAGCTTAGATT-1,20
GCTTCCGTCCCTAGAC-1,15
GCTTCGACGTTCAATC-1,6
GCTTGATGATAATCAG-1,13
GCTTGCAGCACAATTG-1,3
GCTTGGATCGATTAGG-1,11
GCTTTATTAAGTTACC-1,6
GCTTTCAGAGGAGGTG-1,1
GCTTTCTATCTCAACT-1,9
GGAAACAGAGCTTGGG-1,6
GGAAACCTTGTTGAAT-1,2
GGAAACTAAATGGGCC-1,5
GGAAAGGGAATTGAGC-1,3
GGAAAGTCTTGATTGT-1,14
GGAAAGTGCCCATGCC-1,1
GGAACCCGAACAAGAA-1,21
GGAACCGTGTAAATTG-1,0
GGAACCTTGACTCTGC-1,0
GGAACGGCCTGCAGCC-1,21
GGAACTCGTGAATACG-1,6
GGAACTTTGGCGATTA-1,14
GGAAGATAAGACTGTA-1,9
GGAAGCTCGCTTACAG-1,1
GGAAGGACACCGTATA-1,17
GGAATAACCTCAAGAA-1,16
GGAATGCGCTAGCGTG-1,12
GGACAACCATGAAGCC-1,17
GGACAAGCCATGATCG-1,6
GGACAAGTTGCAGTGA-1,0
GGACACAAGTTTACAC-1,1
GGACACCTCGGTGTTG-1,20
GGACCAACAGGATAAC-1,22
GGACCTACGGTAACGT-1,3
GGACCTCTAGGCCGCC-1,3
GGACGGCTTGCGCAAC-1,21
GGACGGGCGACCAACC-1,6
GGACGTCCATAGTTGG-1,1
GGACTAAGTCAGGAGT-1,8
GGACTCACAAATTAGG-1,19
GGACTCGAAGCTTTCA-1,6
GGACTCGACAGCGCAT-1,20
GGACTCGTGAGTGGTC-1,9
GGACTCTTCCGGTTGA-1,13
GGACTCTTTGACTAAG-1,1
GGAGAAGTCATTGGCA-1,7
GGAGACATTCACGGGC-1,3
GGAGACCAATGTGCTT-1,5
GGAGACCATCTACATA-1,11
GGAGACGACACCTTTG-1,12
GGAGCAACATTTCAAG-1,14
GGAGCACCAAGAACTA-1,9
GGAGCGAGGCCTACTT-1,16
GGAGGAGTGTGTTTAT-1,19
GGAGGATTGAAAGGAG-1,9
GGAGGCCGAAGTCGTC-1,5
GGAGGCGAAGAACCGC-1,4
GGAGGGCTTGGTTGGC-1,10
GGAGGGTCAAGTAAGA-1,2
GGAGTACACATGAGCT-1,21
GGAGTGCCGCCCTGGA-1,1
GGAGTTGATTCTGTGT-1,4
GGATACTCATGAATTG-1,0
GGATCAAAGGACGAGG-1,22
GGATCAGAGCCATCAG-1,2
GGATCATCCCGTACGC-1,5
GGATCCCTACCAGCTA-1,12
GGATCCGGAATATACT-1,7
GGATCTACCGTTCGTC-1,2
GGATCTTACTGCCCTT-1,12
GGATCTTGACTCAACC-1,0
GGATGAAGATCGCTGA-1,0
GGATGACGCGAGTTTA-1,3
GGATGCTGGCGTTCCT-1,3
GGATGGCTTGAAGTAT-1,1
GGATGTCCTTACCGCA-1,13
GGATTAAGCTAAGGTC-1,23
GGATTAATCATGGACC-1,5
GGATTCAGTACGGTGG-1,1
GGATTCCGCTATACCC-1,7
GGATTGCTGTGACTCC-1,1
GGATTTCACTTCTATA-1,11
GGCAAAGGCGCCAATA-1,4
GGCAAATTACTTTACT-1,1
GGCAAGCCAGGGATAG-1,15
GGCAAGCCCATAGTGG-1,1
GGCAAGGCGAAATAGC-1,13
GGCAATAGTCAATGAG-1,17
GGCACTCAGCCGACCC-1,8
GGCACTCCACTGGGCA-1,13
GGCAGAGAGATCGGGA-1,8
GGCAGCAAACCTATGC-1,11
GGCAGCGGTAATCCTA-1,0
GGCATACAGGTAGCGG-1,3
GGCATATCGGTTCTGC-1,6
GGCATCAACGAGCACG-1,12
GGCATTGAACATCTCA-1,6
GGCCACAAGCGATGGC-1,20
GGCCACACGAAAGCCT-1,6
GGCCCAATCTAGAGGG-1,8
GGCCCAGCTGGTTTGC-1,12
GGCCCAGTTATCAGCA-1,13
GGCCCGGAGCATGTCT-1,15
GGCCCGTATACCATGC-1,19
GGCCCTCACCCACTTA-1,20
GGCCGAGACTCTGGTG-1,7
GGCCGCAGGAACCGCA-1,2
GGCCGGCGTCTGCTAT-1,8
GGCCGTTTGGGTTTCA-1,0
GGCCTGCTCTGATGTT-1,3
GGCCTGCTTCTCCCGA-1,9
GGCCTTTGCAACTGGC-1,3
GGCGAAATCTAACTTG-1,1
GGCGAACCGTTCTGAT-1,5
GGCGAGCATCGAGGAC-1,4
GGCGAGCGAAACGGCA-1,6
GGCGCAGGACATCTTC-1,17
GGCGCATGAATTGATG-1,20
GGCGCGGAGATCTTTC-1,14
GGCGCGTTCGAGTTTA-1,5
GGCGCTCCTCATCAAT-1,7
GGCGCTTCATTCCCTG-1,12
GGCGGAGTAATATTAG-1,19
GGCGGGCTCTAAGAGT-1,9
GGCGGTAGGATCATTG-1,9
GGCGGTTTGCCGGTGC-1,20
GGCGTACCCTATATAA-1,8
GGCGTAGGGAAAGCTG-1,2
GGCGTCCTATCCGCTG-1,20
GGCTAAAGGGCGGGTC-1,13
GGCTAATGATTGAAAT-1,8
GGCTACTATACACTCC-1,21
GGCTATTAAGTTGTAT-1,8
GGCTCCTCCACCTGTT-1,8
GGCTCGCGTTGAGGTA-1,4
GGCTCGTGCCACCAGC-1,0
GGCTCTGCTCCAACGC-1,11
GGCTGAAATAGCAAAG-1,22
GGCTGAGCATCGTAAG-1,2
GGCTGGCAGCTTTATG-1,2
GGCTGGCTAGCTTAAA-1,10
GGCTGTCCTACTGCGG-1,2
GGCTTCTCGTGGGTGG-1,21
GGCTTGGCTCTCACCT-1,11
GGCTTTCAATAAGGGT-1,19
GGGAAAGAATGCCAAC-1,4
GGGAACCACCTGTTTC-1,2
GGGAACGGGAGGTTAG-1,12
GGGAACGGTTTCAGAT-1,11
GGGAAGACGGTCTGTC-1,0
GGGAAGGGCTTTCTCA-1,8
GGGAATGAGCCCTCAC-1,18
GGGAATTCTGTCCAGT-1,11
GGGACAGAGTTACTCC-1,4
GGGACCCGTATATCTT-1,15
GGGACTGCATAGATAG-1,7
GGGAGAACTCACAGTA-1,18
GGGAGCGACCGTAGTG-1,0
GGGAGGATGCCCGAAA-1,17
GGGAGTAATGGCTGGC-1,0
GGGAGTTAATGAGGCG-1,1
GGGATACGGTAATAAT-1,3
GGGATATTGATCGCCA-1,3
GGGATCCCAATACAAA-1,6
GGGATGGACCCGCGTC-1,2
GGGATGGTCGTAACCG-1,12
GGGATTATCTCACAAC-1,2
GGGATTTACCGCACCT-1,0
GGGCAACCGCACGTGC-1,12
GGGCACGAATTGGCCG-1,11
GGGCACGTAGTACTGT-1,10
GGGCACTATTGACCAT-1,17
GGGCAGACGTCACTGC-1,10
GGGCAGAGCAATCGTT-1,12
GGGCAGGATTTCTGTG-1,17
GGGCAGTCAACGCCAA-1,8
GGGCATGCATGTCGAG-1,2
GGGCCATTCGTGCTGG-1,4
GGGCCCGTCTTAAACA-1,14
GGGCCCTACGAAAGGG-1,20
GGGCCCTTATCTATAC-1,2
GGGCCGGCCGAAGTAC-1,14
GGGCCTAAATGGGCTA-1,0
GGGCCTATACAACCGG-1,8
GGGCCTATTTAAGTAT-1,16
GGGCGAATTTCTCCAC-1,2
GGGCGATATGTGTGAA-1,4
GGGCGCAGCGTTACTC-1,19
GGGCGGCAAATGAATT-1,8
GGGCGGGTTCCCTACG-1,14
GGGCGGTCCTATTGTC-1,16
GGGCGTACATTTATAT-1,7
GGGCGTCACCACGTAA-1,1
GGGCGTCCACTGGCTC-1,3
GGGCGTGGTTTCCCAG-1,16
GGGCGTTTACATTCAT-1,19
GGGCTACTATTTCGTG-1,8
GGGCTATGATCGATGG-1,20
GGGCTCATCGAACCCA-1,1
GGGCTGCCTAGGGCGA-1,2
GGGCTGGTTAGTCGCG-1,9
GGGTAATGCTGTGTTT-1,11
GGGTACACTCTGGAGG-1,4
GGGTACCCACGGTCCT-1,7
GGGTACTTCATGAACT-1,22
GGGTATGTATGCACTT-1,15
GGGTATTCTAGCAAAC-1,1
GGGTCACCGTGACGGT-1,4
GGGTCACGTGCTTATG-1,18
GGGTCAGGAGCTAGAT-1,9
GGGTCATGCGTACCAT-1,17
GGGTCCTTGGAAGAAG-1,6
GGGTCGTGGCAAGTGT-1,22
GGGTCTATCGCTTTCC-1,0
GGGTGACACCTTAACT-1,17
GGGTGCATATGAAAGC-1,16
GGGTGGTCCAGCCTGT-1,0
GGGTGTTTCAGCTATG-1,4
GGGTTAACATTTGAGT-1,13
GGGTTCAGACGAACAA-1,8
GGGTTTAGGATAGGAT-1,14
GGGTTTCCGGCTTCCA-1,6
GGTAAACTCTGCGCTG-1,3
GGTAAATGTGCGTTAC-1,5
GGTAACCGGCAAAGGT-1,3
GGTAACCGGGAGGATA-1,1
GGTAACTATGTATCTG-1,15
GGTACAAACATGCTAT-1,22
GGTACACCAGATTTAT-1,17
GGTACATCTGGGACGA-1,2
GGTACCATTAAGACGG-1,18
GGTACGTTGCGGCCGG-1,15
GGTACTAAGTGCTTTG-1,21
GGTAGAAGACCGCCTG-1,14
GGTAGACCGTTGGGCG-1,1
GGTAGGCCAATATCAC-1,3
GGTAGTGCTCGCACCA-1,23
GGTATAGTGACACATA-1,3
GGTATCAAGCATAGAA-1,16
GGTATGAAAGAACTGA-1,4
GGTATTGCCGAGTTTA-1,1
GGTCAAGACTACTTCG-1,7
GGTCACGTTAGATTCA-1,20
GGTCAGTGGGTCCCAC-1,8
GGTCATTGTAGTCATA-1,5
GGTCCACGTCTATTTG-1,2
GGTCCCATAACATAGA-1,0
GGTCCTTCATACGACT-1,3
GGTCGGATAAACGGCG-1,0
GGTCGGCCAGGAGCTT-1,19
GGTCGGTAATTAGACA-1,2
GGTCGGTCGTCCACAG-1,19
GGTCGTAAGCTCGCAC-1,17
GGTCTCCAAGTAGTGC-1,15
GGTCTCCGTCCAGGTT-1,5
GGTCTCTGAATGGACT-1,16
GGTCTGAGAATCTGGA-1,13
GGTCTTGAGCGCTCTT-1,9
GGTCTTGGTGTTAACT-1,2
GGTGAAACCGGGAATG-1,2
GGTGAACGGGCTAGCC-1,11
GGTGAAGTACAGGGAT-1,1
GGTGAGATGCAGATAA-1,18
GGTGATAAGGAGCAGT-1,0
GGTGATGAAGGAAGTG-1,4
GGTGATTTCATCTTGT-1,18
GGTGCAGAGCCTATCG-1,0
GGTGCATAAATGATTA-1,0
GGTGCGGATAAGTGGC-1,16
GGTGCTGATCACAAAG-1,2
GGTGCTGGTACACATT-1,15
GGTGGACCACGTGTTA-1,2
GGTGGACTGCTCTGGC-1,2
GGTGGAGGTTGATACG-1,4
GGTGGGATTAGGTCCC-1,6
GGTGTAAATCGATTGT-1,6
GGTGTAGGTAAGTAAA-1,19
GGTGTTCTGTTTCTAC-1,15
GGTGTTGGGCGTCTTA-1,7
GGTTACCACCCTCGGG-1,2
GGTTACCCGACACTTT-1,12
GGTTACCGCTCCCTAC-1,21
GGTTAGCTATATGTCT-1,12
GGTTAGGCTTGGAGAA-1,2
GGTTAGTTACGGCGCC-1,12
GGTTCCACCCGCTTCT-1,14
GGTTCCGTACGACTAA-1,6
GGTTCGATGCTGAGTT-1,22
GGTTCGGATTATACTA-1,2
GGTTCTACTCGTCTGA-1,9
GGTTGTATCGTGAAAT-1,17
GGTTGTGCTCTTGTCC-1,20
GGTTGTGTAGCCTGGC-1,13
GGTTTAATTACCATCG-1,17
GGTTTAATTGAGCAGG-1,1
GGTTTACAATCTCAAT-1,18
GGTTTAGCCTTTCTTG-1,0
GGTTTCAATCGGTCAG-1,9
GGTTTGACAAGAAGCT-1,13
GGTTTGAGTGCTGGAA-1,0
GGTTTGCGAACACGTA-1,12
GGTTTGTGACCTGAGG-1,13
GTAACAACTGACCTTG-1,6
GTAACAGGTTAACGGC-1,1
GTAACATCAGCTCATC-1,5
GTAACATCTAAGATAA-1,1
GTAACTACGTAGACCT-1,3
GTAACTGCCCAAGGAG-1,14
GTAACTTGCGGCAGTC-1,21
GTAAGCGGGCAGTCAG-1,15
GTAAGGATTTGTCGGA-1,23
GTAAGTAACAGTCTGG-1,0
GTAAGTAGGGTATACC-1,5
GTAAGTCCACACTCTA-1,7
GTAATAAAGGGCTCCC-1,1
GTAATCTGATTCTTCG-1,10
GTACACTTACCTGAAG-1,1
GTACAGAGGCAAGGGT-1,8
GTACGACGGCGCTGCG-1,3
GTACGAGATTGCGACA-1,12
GTACGCTTCATTGCAC-1,19
GTACGTCACGTATTAA-1,0
GTACGTTTGCCCGTCA-1,16
GTACTAAGATTTGGAG-1,1
GTACTACGGCCTCGTT-1,6
GTACTCCCTTATCGCT-1,15
GTACTCCTGGGTATGC-1,12
GTACTGAGGTCGTAAC-1,3
GTACTGCATGAAGCGT-1,16
GTACTGGAGTTAGACC-1,1
GTACTTGGGCACTTCT-1,0
GTAGAAACGGGTGGAG-1,12
GTAGACAACCGATGAA-1,7
GTAGACACGCCTGACT-1,1
GTAGACGTCGTTACAT-1,11
GTAGAGGGAGACAAGT-1,4
GTAGCCAAACATGGGA-1,5
GTAGCGCTGTTGTAGT-1,21
GTAGCGGCTATACACT-1,5
GTAGCTAGTAAGCGCG-1,23
GTAGCTCCGGGAGGCT-1,8
GTAGCTTCCTCTTGTT-1,11
GTAGGTGATCCGTGTA-1,16
GTAGTCGCGGGAATCA-1,7
GTAGTCTACGATATTG-1,22
GTAGTGAGCAACCTCA-1,20
GTAGTTCGAAGGCGAA-1,8
GTAGTTTAAGCACACG-1,2
GTATAATCTCCCGGAT-1,6
GTATAGGACTCAGTAG-1,4
GTATAGTGGCCCATGT-1,4
GTATATGTTACGGCGG-1,10
GTATCAAACGTTAGCT-1,3
GTATCAAGGTACTTCC-1,0
GTATCAGCTTGGGTTC-1,18
GTATCCTTTGGTAACC-1,6
GTATCGGGACGAGCTG-1,9
GTATCTCAGTCTTGAC-1,5
GTATCTCCCTAACTGT-1,0
GTATCTCGGGCGCTTT-1,3
GTATCTTGTTGCTCAC-1,3
GTATCTTTCATAACCA-1,15
GTATGAAATTTCACTC-1,8
GTATGACGTGGGAAAC-1,3
GTATGTGGGTCTAGTT-1,15
GTATTAAGGCGTCTAA-1,6
GTATTAGGGTTCGCGT-1,10
GTATTCTGAGAAACGA-1,13
GTATTCTTACCGTGCT-1,0
GTATTTAATGGCATAA-1,16
GTCAAAGAAGTGGTGT-1,15
GTCAAAGTTTACATAG-1,3
GTCAACCAGGCCTATA-1,2
GTCAAGCGGACTCGGG-1,7
GTCAATTGTACTGAAG-1,0
GTCACAAAGTTTCCAA-1,13
GTCACCTGTCTATGTC-1,4
GTCACTCATGAGCGAT-1,2
GTCACTCTCCAAATCT-1,21
GTCAGAATAGTCTATG-1,7
GTCAGACAGCGTTGGA-1,8
GTCAGTTGTGCTCGTT-1,5
GTCAGTTTGGTAGTCG-1,17
GTCATCTCCTACAGCT-1,4
GTCATGCACCTCCGTT-1,18
GTCATGCGCGAGGGCT-1,8
GTCATGGACATGACTA-1,7
GTCATTAGAGCGAACG-1,4
GTCATTGCATTGACCC-1,1
GTCCAATATTTAGCCT-1,14
GTCCACGTCGCATTCG-1,13
GTCCAGGCACGTGTGC-1,12
GTCCATTACTGCTACG-1,0
GTCCCAACGTAAAGTA-1,16
GTCCCAATCATCCCGC-1,9
GTCCCGCGACGTTATG-1,15
GTCCGAGAGCAATCAT-1,2
GTCCGGACCTGAAATT-1,5
GTCCGGCTGAATTGCG-1,1
GTCCGGGTTCACATTA-1,12
GTCCGTTAGAGGGCCT-1,23
GTCCTACAGGCGGCTC-1,3
GTCCTACGAATAGTCT-1,8
GTCCTACTCTACGGGC-1,9
GTCCTAGGATACCTTA-1,1
GTCCTATTGTTGTGGT-1,1
GTCCTTCTACAACCCA-1,15
GTCCTTCTAGTGGGTT-1,0
GTCCTTTAATGACTTC-1,14
GTCGAATTTGGGCGCT-1,13
GTCGATAGGTGACTTT-1,1
GTCGCCGTTGTGTGTT-1,14
GTCGCGTAACCCGTTG-1,13
GTCGGAAGGATACCAG-1,7
GTCGGATATCTCAGAC-1,0
GTCGGATGTAGCGCGC-1,11
GTCGGGAACATGGTAG-1,2
GTCGGGAAGCAGAAAC-1,11
GTCGTACCATCTCGGG-1,4
GTCGTACCTACGATTG-1,6
GTCGTATTGGCGTACA-1,16
GTCGTCAATTATAAGG-1,2
GTCGTCTGGTTGGCTA-1,1
GTCGTGTCTGGTCATC-1,19
GTCGTTATTCGCTTAT-1,1
GTCTACTCAATTACAA-1,2
GTCTAGTGAGCCGCTT-1,1
GTCTATACACGCATGG-1,13
GTCTATCTGAGTTTCT-1,22
GTCTATTGCATGCTCG-1,13
GTCTATTGGTTCCGGT-1,16
GTCTCAAGGCCCGGCT-1,4
GTCTCCGCCTCAATAC-1,21
GTCTCCTGCCAGTATG-1,7
GTCTCGACTAAGTTTG-1,11
GTCTCGATCTGCTTTC-1,17
GTCTCGCCAACACGCC-1,23
GTCTGCCGACTCGACG-1,2
GTCTGGGCGGTCGAGA-1,5
GTCTGTAGGTTGAACA-1,23
GTCTTAGTACAGCCGG-1,23
GTCTTCCTCACCTAAG-1,15
GTCTTGAGGAGCAGTG-1,5
GTCTTGTAGCTATTCA-1,5
GTGAAACGGCGCCACC-1,10
GTGAAACGTGCTCCAC-1,14
GTGAACTCCCATTCGA-1,1
GTGAAGATTTCAAGTG-1,21
GTGAAGCCGTATAGTC-1,1
GTGAAGTCACGACTCG-1,17
GTGACAGCTTCCCACT-1,1
GTGACCGCACACTACG-1,22
GTGACCTAAAGAATAA-1,18
GTGACGAGGGTGACCC-1,4
GTGACGCAGGTTTCAT-1,6
GTGACTTCAGTAGTGC-1,14
GTGAGATAACCTTATA-1,6
GTGAGCGTGCTGCACT-1,20
GTGAGGACACTTAAGG-1,1
GTGAGGAGCGGTTGAG-1,16
GTGAGTCTAAGACGGA-1,20
GTGAGTGGTACAACGC-1,12
GTGATCAAGCGTGCAC-1,17
GTGATCACTAACGCCT-1,12
GTGATCATAGATCTGC-1,10
GTGATCCTTGTCATGA-1,13
GTGATGCACAACATCT-1,13
GTGATTCGCCGCTCAA-1,4
GTGCAAATCACCAATA-1,15
GTGCAACAAATGTGGC-1,1
GTGCACCAGCTTCAAC-1,1
GTGCACGAAAGTGACT-1,12
GTGCAGCGTAGAGTAG-1,10
GTGCCATCACACGGTG-1,20
GTGCCCGTTCGGATTC-1,20
GTGCCGCTTCAAAGGT-1,16
GTGCCTAGCTATGCTT-1,7
GTGCCTCAGTGTACGG-1,5
GTGCCTGAGACCAAAC-1,1
GTGCGAAATCGAACAC-1,10
GTGCGACAGGGAGTGT-1,17
GTGCGCAGCTTGCTCC-1,0
GTGCGCTTACAAATGA-1,5
GTGCGGGACCATCGGC-1,21
GTGCGGGTCTCCAAAT-1,0
GTGCGTGTATATGAGC-1,8
GTGCTATCCAGCTGGA-1,6
GTGCTCAAGTACTGTC-1,8
GTGCTGCAGATAAGGA-1,11
GTGCTTACATCAGCGC-1,7
GTGGAACCTACATGCG-1,15
GTGGACCAACCCGATT-1,10
GTGGACGCATTTGTCC-1,5
GTGGACGTGCTGAGAC-1,6
GTGGAGCATGTCGGCC-1,6
GTGGAGCGTTTACCGA-1,9
GTGGAGTCGGCGGTTG-1,16
GTGGCAAACAGCGGCA-1,14
GTGGCCGGTTTCTCGG-1,16
GTGGCCTAATATCATT-1,15
GTGGCGGGCCGTAGCT-1,4
GTGGCGGTCCCAGCGT-1,12
GTGGCGTGCACCAGAG-1,5
GTGGCTGTTTCTGTTC-1,21
GTGGGAACAAACCGGG-1,2
GTGGGAAGACTGAATC-1,10
GTGGGCTTAGACACAC-1,12
GTGGGTACTGAGCGTA-1,13
GTGGGTCTTCTTTGCG-1,17
GTGGTATAGTCTGCCG-1,18
GTGGTCAGCGAAGTAT-1,16
GTGGTGATGGTTTGTG-1,19
GTGGTGGCCAAGTGAA-1,5
GTGGTTACTTCTTTCG-1,15
GTGGTTTCCGCCTTTC-1,9
GTGTACCTTGGCTACG-1,14
GTGTACGAACCGTTCC-1,17
GTGTATATCAGCGGGC-1,10
GTGTATGACTTTAAAG-1,1
GTGTCAGTGTACGTGG-1,13
GTGTCCGATAAGGCAT-1,16
GTGTCGTATAGCGTTC-1,13
GTGTCGTATTCACCTT-1,13
GTGTGAATAACTTAGG-1,13
GTGTGAGCCGAGGTGC-1,3
GTGTGTCGACGTCGCT-1,12
GTGTTACTATGCGTCC-1,10
GTTAAAGTAGGACTGG-1,20
GTTAACATCACTTAAA-1,17
GTTAACTATGTTGTCA-1,0
GTTAAGGGTGCGATGT-1,0
GTTAAGTTAGAGTGGG-1,4
GTTAATGTCTATCTTA-1,7
GTTACAATTGGTGACG-1,3
GTTACCTACAACTTGC-1,5
GTTACGAAATCCACGC-1,0
GTTACGGCCCGACTGC-1,23
GTTACTTTGGGCCTAG-1,1
GTTAGAGTGTGCCGCT-1,23
GTTAGCCCATGACATC-1,21
GTTAGCCGTAAATCAA-1,7
GTTAGGCTACCCGTTT-1,13
GTTATAATACGGTGAA-1,9
GTTATATCAGGAGCCA-1,14
GTTATATTATCTCCCT-1,8
GTTATCAAGCTATCGA-1,20
GTTATCACCTTCTGAA-1,4
GTTATTAAATACGACC-1,12
GTTATTAACGTGGGAG-1,14
GTTCAAATCAGATGTC-1,16
GTTCAATCTATGTCAA-1,0
GTTCACAGGAGTCTAG-1,20
GTTCAGTCGCCAAATG-1,4
GTTCATCGTTTGGCTG-1,7
GTTCCAAGACAGCGAC-1,4
GTTCCAGTCTGACCAT-1,17
GTTCCCGTAAACATAT-1,10
GTTCCGTCCGCCTGCA-1,8
GTTCGACAATTGTATA-1,0
GTTCGCCATAAGTGCC-1,15
GTTCGCTGAGACGTCT-1,6
GTTCGGAGCACTCAAC-1,21
GTTCGGATCGGGAACA-1,14
GTTCGGGCGTACCATT-1,0
GTTCGGTGTGGATTTA-1,3
GTTCGTCTAAAGAACT-1,7
GTTCGTCTGGGTCCCT-1,6
GTTCGTTGCGGACCAG-1,6
GTTCTTCCCTCGATGT-1,1
GTTCTTGTAACTCAAT-1,2
GTTGAACCGGTTCCAT-1,23
GTTGAGTCCCGCCGGT-1,9
GTTGCACGGAGTTTCG-1,7
GTTGCAGTCGACAACA-1,23
GTTGCCCTAACGGGTG-1,3
GTTGCGCTAACATTAC-1,12
GTTGCGGACGGTCAGG-1,5
GTTGGACCGCATCAGG-1,12
GTTGGATTCAGTGGCT-1,0
GTTGGATTGAGAACAC-1,12
GTTGGATTTGCGTTGG-1,17
GTTGGTCATGCTATCC-1,0
GTTGTAGATTTATGAG-1,13
GTTGTCGTGTTAGTTG-1,4
GTTGTTACATTGCGCT-1,5
GTTGTTGCAAGATGGC-1,17
GTTTACGTTCCATCTG-1,1
GTTTATGGGATTTAGA-1,20
GTTTCAAACGAGTTGT-1,1
GTTTCATATCGTCGCT-1,9
GTTTCCTGGAGGGTGA-1,7
GTTTCTAGAGGCGCGG-1,7
GTTTCTGCAGTCTCCC-1,16
GTTTGACCAAATCCTA-1,8
GTTTGAGCGGTTATGT-1,10
GTTTGGCCCAAGTTAT-1,1
GTTTGGCCGCTCAGCG-1,17
GTTTGGCGTCAGGCAC-1,8
GTTTGGGCTTGTGAGC-1,1
GTTTGGGTTTCGCCCG-1,22
GTTTGGTAGGGTCAAC-1,3
GTTTGGTGATCGGTGC-1,19
GTTTGTTAGCCAAGTA-1,11
TAAACCCAGGAGGGCA-1,19
TAAACGTCGTCAATGA-1,17
TAAAGACAACCCTTTA-1,8
TAAAGAGCCCGAAACC-1,4
TAAAGCGGTATTTCCA-1,12
TAAAGCGTTAGGAGAA-1,22
TAAAGCTGCAATAGGG-1,11
TAAAGGAGAAACTAGT-1,0
TAAAGTGCACGTCTCG-1,20
TAAATGAATCCGTTTC-1,17
TAAATGCCGTCTCATG-1,4
TAAATTGTGGGTAAAG-1,19
TAAATTTAGTAACACC-1,5
TAACAAAGGGAGAAGC-1,4
TAACAATATTTGTTGC-1,3
TAACAGCGTTTGTGCT-1,18
TAACAGGTTCCCTTAG-1,21
TAACATACAATGTGGG-1,12
TAACATACACGCGATC-1,18
TAACCGCCCGCAGTGC-1,3
TAACCGTCCAGTTCAT-1,4
TAACCTACCGTCCGAG-1,10
TAACCTAGGGAGTCCA-1,9
TAACGCTTTGAGAGCG-1,4
TAACTATCGAAGGTCC-1,0
TAACTATTACGCCAAA-1,5
TAACTCATCCGCGCGG-1,1
TAACTCCATGGAGGCT-1,3
TAACTGAAATACGCCT-1,1
TAAGAGGGACAGGGAC-1,5
TAAGATTTAGCGGGAG-1,11
TAAGCAGGCGACACGC-1,7
TAAGCCCTTACGACCA-1,8
TAAGCGCGAATCAAAT-1,19
TAAGGAACTTGTGGGA-1,4
TAAGGCAACATAAGAT-1,22
TAAGGCATAACATCAA-1,10
TAAGGCCCGTCACCCT-1,20
TAAGGCTGAATCCCTC-1,5
TAAGGGCCTGTCCGAT-1,6
TAAGGGCTGGGAGAGG-1,20
TAAGTAAATGTGCCGC-1,7
TAAGTAACATCTTGAC-1,7
TAAGTCGCCGAGTATC-1,6
TAAGTGAATAGTCTAC-1,7
TAAGTTGCGACGTAGG-1,15
TAATAAACAAGGAGAT-1,5
TAATACACAGTAGTAT-1,17
TAATACTAGAACAGAC-1,8
TAATAGAACAGAGTTA-1,13
TAATAGGTCACCAGAA-1,14
TAATAGTGACGACCAG-1,3
TAATATTGAAATTCGC-1,20
TAATCAACCAAATGGG-1,7
TAATCAGGAATGCTGC-1,18
TAATCGATCCGTACGT-1,1
TAATGAAAGACCCTTG-1,2
TAATGTCGGTTCATGG-1,2
TAATTACGTCAGTAGA-1,4
TAATTAGATGGATATG-1,2
TAATTAGGACATCCGT-1,12
TAATTCCAATGCTTCA-1,19
TAATTGCGCTGATTAC-1,20
TAATTGGAATCGGGAA-1,11
TAATTTCCGTCCAGTA-1,3
TACAAATTGCGGAGGT-1,15
TACAACGCACAACTCA-1,2
TACAAGCTGTTCACTG-1,11
TACAAGGGCTTCTTTA-1,1
TACAAGTCTCGTGCAT-1,5
TACAATGAAACCAGCA-1,11
TACACAGCCGTGGTGC-1,9
TACACCGTCGTTAGTC-1,3
TACACCTCTTCGAATC-1,3
TACAGAAACGGTGGGC-1,14
TACATAGGCATACACC-1,8
TACATCCCTATCCCTG-1,7
TACATCTTGTTTCTTG-1,18
TACATGACCTTATCCG-1,4
TACATGCCGGAATTGT-1,13
TACATTTCTAACGTGC-1,6
TACCAAATAGCCCAGA-1,20
TACCAATAAAGTACCA-1,5
TACCAGAAGTAGGTTC-1,14
TACCAGCTAGGTTTAA-1,5
TACCAGGAATCCCGTC-1,13
TACCATGTATTGATTT-1,20
TACCGAATAATTGTAA-1,1
TACCGATCCAACACTT-1,3
TACCGCGGACTTGCAG-1,8
TACCGGCTCACTGCCC-1,5
TACCGGTCGTTTCCAT-1,8
TACCGTAGGTTAACTA-1,22
TACCGTGCCTCGGACC-1,18
TACCTACTCCCAGTAT-1,5
TACCTATCCCTAGAGG-1,3
TACCTCACGCTTGTAC-1,9
TACCTCAGTTGTCTGT-1,9
TACCTCCACACCAATG-1,7
TACCTGCTGCACTGTG-1,18
TACCTTAAGATTTCCC-1,16
TACGAACACGACTTCA-1,21
TACGACGCTTGCTGCG-1,5
TACGACTGCCTCTTAG-1,14
TACGAGAACTTCACGT-1,1
TACGATCCAAGCCACT-1,7
TACGATGTTGATCATC-1,6
TACGCAGTTCTTTCCT-1,5
TACGCCATATTCTAAT-1,10
TACGCCGAGGGTACCC-1,3
TACGCCGCCTCAGAAG-1,1
TACGCCTCCATTCCGA-1,10
TACGCTATAGAAACCT-1,0
TACGCTCCTAGAACTG-1,9
TACGCTCGGTATTGGA-1,4
TACGCTGATAGTTGTA-1,3
TACGCTGCTGTGTTAA-1,20
TACGGAAGCCAAACCA-1,5
TACGGCATGGACGCTA-1,12
TACGGGATGCTAGCAG-1,10
TACGGGTAATAACATA-1,16
TACGTAAAGCGGAGTG-1,6
TACGTACTAGTGCTGA-1,10
TACGTGCAAGGTTCCT-1,21
TACGTGCACTATGCTG-1,12
TACGTGGGCCCAGGGC-1,18
TACGTTTACCGGCAAT-1,3
TACTACGTGCAATGCG-1,12
TACTATGGTTCCTCAG-1,9
TACTCACAACGTAGTA-1,3
TACTCCTCTAGTTGAC-1,0
TACTCGGCACGCCGGG-1,6
TACTCGTTTGAATCAA-1,1
TACTCTCCGAACAAAT-1,1
TACTCTTACTTTACTG-1,10
TACTCTTTCGTCTTCA-1,6
TACTGAACAGATTTAG-1,0
TACTGAGGGAAGAAAG-1,6
TACTGCAATCAATTAC-1,1
TACTGCATGATTAAAT-1,2
TACTGGACAGCTCGGC-1,2
TACTGTTTCTCTGGTA-1,1
TACTTAAACATGTACA-1,14
TACTTGTTAGTAGTCC-1,0
TACTTTACTGAGCCGG-1,19
TACTTTCCGCACGCCA-1,17
TAGAAACACAATAGTG-1,6
TAGAAACCACTAAGTA-1,23
TAGAAAGGTGGCGCTA-1,10
TAGAAATTCACGTATA-1,3
TAGAACGCCAGTAACG-1,16
TAGAATAGCCGATGAA-1,17
TAGAATTAAGGGCAAC-1,9
TAGACGAAACGCCAAT-1,3
TAGACGCCCGTACCGG-1,1
TAGACTACCTAGCGTT-1,0
TAGACTCAGTTGGCCT-1,3
TAGAGATCATGCAACT-1,4
TAGAGCTACGAAGAAC-1,11
TAGAGGGAGTTTATCT-1,6
TAGAGGTTCTACTTGT-1,2
TAGAGTCTAAGCGAAC-1,14
TAGATATGGACTGGAA-1,5
TAGATCCGAAGTCGCA-1,3
TAGATGGTTCCTTACT-1,7
TAGATTCAAAGTGCGG-1,3
TAGATTCCTGGTTATT-1,4
TAGCAACCTGTCACAA-1,16
TAGCAGATACTTAGGG-1,6
TAGCAGTATGACTAAA-1,23
TAGCCAGAGGGTCCGG-1,17
TAGCCATTTCAAAGTC-1,11
TAGCCGGCGGTCAGCG-1,1
TAGCGTCCCTCGATTG-1,18
TAGCGTCCGGTGTGGT-1,1
TAGCGTCGAATATTGA-1,3
TAGCGTTGGGTCTTAC-1,2
TAGCTAAGTCCGGGAG-1,9
TAGCTAGAAGGCATGA-1,5
TAGCTAGTGATGATGG-1,13
TAGCTCAGATCCTAGT-1,3
TAGCTCGCCTGATAAC-1,2
TAGCTGATGTGAAGCG-1,16
TAGGAACAGCCTCCAG-1,9
TAGGATCTTAACCGCA-1,3
TAGGCATGTTACGCCA-1,16
TAGGCCTATATAGTCT-1,22
TAGGCGATGAGGTCTC-1,4
TAGGCGGCTGCAAAGA-1,3
TAGGCTAAAGTGGCAC-1,9
TAGGGAGCTTGGGATG-1,13
TAGGGTGTTTCAAGAG-1,10
TAGGTCCAAGTAAGGA-1,5
TAGGTCGCCGGAACTG-1,15
TAGGTGACGATAACCT-1,18
TAGGTGAGCCCTACTC-1,8
TAGGTGCTCGCCTAGC-1,13
TAGGTGTTCCACAGAT-1,9
TAGGTTCGAGTTCGTC-1,13
TAGGTTCTGCTGAGAA-1,2
TAGTACCACAACTTTC-1,9
TAGTACCTTAGTGGTC-1,17
TAGTAGCTTATACCAG-1,0
TAGTAGTTGCCGGACA-1,16
TAGTCCCGGAGACCAC-1,16
TAGTCCGCAGAGAATG-1,11
TAGTCCGTATGCATAA-1,11
TAGTCCTGCACTAAGC-1,16
TAGTCGATCACGGGTT-1,11
TAGTCGGGATTCTTCG-1,4
TAGTCTAACAACGAGA-1,0
TAGTCTGCGGCACATT-1,12
TAGTCTGTGACGTTGC-1,11
TAGTCTTTCCGAATTG-1,8
TAGTGAGAAGTGGTTG-1,12
TAGTGCCCTCCAGAGT-1,19
TAGTGCTTGAATCCTT-1,11
TAGTGGAACTCATACA-1,0
TAGTGTCAGAAACGGC-1,3
TAGTTAAGATAGGATA-1,11
TAGTTTATTCTTGCTT-1,12
TAGTTTGATCGGTCGC-1,3
TATAAATCCACAAGCT-1,21
TATAAGTGAGGATAGC-1,18
TATACACAGACGCCTT-1,1
TATACACGCAAAGTAT-1,2
TATACCGAGTGCCACA-1,4
TATACGCGTCATCACT-1,13
TATACTCATGCGGCAA-1,6
TATAGAGTCGCTTGAA-1,5
TATAGATGGTCGCAGT-1,0
TATAGCGCACGTTATC-1,10
TATAGGGTACTCATGA-1,9
TATAGTTAGGTGTACT-1,3
TATATAGGGCTTTACG-1,9
TATATATCGAGAAATG-1,7
TATATCAAAGTGATCT-1,17
TATATCATTGATCAGT-1,20
TATATCCCTGGGAGGA-1,10
TATATGCTGGGTTGCC-1,0
TATATTACAAATGTCG-1,3
TATATTCGCGTCGATA-1,10
TATCAAAGGTCTGTAA-1,9
TATCACAGCACGGGCA-1,2
TATCACCATGTAAAGT-1,11
TATCACCCAACCGACC-1,0
TATCACTTCGAGTAAC-1,0
TATCAGTGGCGTAGTC-1,10
TATCCAATTGGTTATC-1,11
TATCCATATCATGCGA-1,2
TATCCATCTCGGTTAG-1,4
TATCCCTCGATCTGCA-1,18
TATCCGCACCGTCGGG-1,11
TATCCTATCAACTGGT-1,17
TATCCTGCATGGGAAT-1,23
TATCGATCTATGCATA-1,2
TATCGATGATTAAACG-1,0
TATCTACAGAGGTAAT-1,5
TATCTACCACAGCGGG-1,13
TATCTAGCCTAAAGGA-1,18
TATCTGAGCCGATATT-1,10
TATCTTGCAATACAAC-1,7
TATGAAGAATTAAGGT-1,5
TATGAAGACAGGTGCG-1,4
TATGACCTTGCGCTGG-1,3
TATGATAAATCTAACG-1,0
TATGATCCGGCACGCC-1,13
TATGATCTTCTCTTTA-1,7
TATGATTCTGCTTGGT-1,17
TATGCTCCCTACTTAC-1,0
TATGGAGTTTCTCGTT-1,21
TATGGATGTGCTACGC-1,15
TATGGCAGACTTTCGA-1,3
TATGGCCCGGCCTCGC-1,1
TATGGCTAGGCTAATT-1,3
TATGGGACCGAGCAGG-1,1
TATGGGTACGTATCGT-1,8
TATGGTCTGAGTAACA-1,1
TATGGTTAGTGGGAGA-1,16
TATGTAAAGTGCTTAA-1,20
TATGTAGAAACCCGGC-1,2
TATGTCAAGACCGACT-1,0
TATGTCTCATTGTGCC-1,22
TATTAACACCAAAGCA-1,12
TATTAACCTGACCGCG-1,1
TATTACCATCCTGCTT-1,18
TATTATGTTTGCCTGC-1,21
TATTCAATTCTAATCC-1,14
TATTCCACTCAGCTCG-1,9
TATTCCGAGCTGTTAT-1,18
TATTCCGGCAGTCCTA-1,10
TATTCCTCCGCCCACT-1,5
TATTCGTGCCAGAATA-1,1
TATTGACATTTCTGCC-1,17
TATTGCCGGGCTTGTA-1,7
TATTTAGTCTAGATCG-1,10
TATTTATACCGAGTAG-1,2
TATTTGATTTGCACAG-1,1
TATTTGTTACCCTTTA-1,7
TCAAACAACCGCGTCG-1,9
TCAAACAATTAGGACA-1,6
TCAAACTTAGATTGTT-1,7
TCAAAGAGCTATCTGT-1,1
TCAAAGTCACGGCGTC-1,16
TCAAATTGTTGTGCCG-1,0
TCAAATTTGAGACTCA-1,12
TCAACAAAGATAATTC-1,16
TCAACACATTGGGTAA-1,4
TCAACATAGCGCCCTA-1,6
TCAACATCGACCGAGA-1,7
TCAACCATGTTCGGGC-1,3
TCAACGAGGAGACAAA-1,14
TCAACGCAGGAAATAA-1,7
TCAACGCGACCGGCAG-1,20
TCAACTAACGTATAAC-1,4
TCAACTGCAGAGTCAG-1,5
TCAAGAAATACTAGCT-1,1
TCAAGCGCGGACGGTA-1,0
TCAAGCTGCCTTGAAA-1,19
TCAAGGTTACTACACC-1,1
TCAATACAATTGCTGC-1,2
TCAATACGCCGTCATG-1,11
TCACAAACCGAGGTAC-1,8
TCACAGATCCTCAAAC-1,20
TCACAGCAAACTCGAA-1,14
TCACAGGAGAATAAGA-1,13
TCACAGGGAATCGCAA-1,9
TCACAGGTTATTGGGC-1,0
TCACATCTTATCTGAT-1,1
TCACCCTCTTAAGATT-1,7
TCACCGCTCGGCACTC-1,7
TCACGATGTCCGTGGA-1,2
TCACGCATTGTAGATC-1,16
TCACGGCCCAAGAGAG-1,1
TCACGGTCATCGCACA-1,8
TCACGTGCCCGATTCA-1,8
TCACTACGACCAATGC-1,23
TCACTATCGTGCAATC-1,15
TCACTCAGCGCATTAG-1,0
TCACTCGTGCAACGGC-1,11
TCACTCTTCGTCTGTC-1,0
TCAGAACCTCCACAGG-1,2
TCAGAACGGCGGTAAT-1,7
TCAGACGCTATAGAAG-1,12
TCAGAGGACGCGTTAG-1,20
TCAGAGTGTGAGCATG-1,4
TCAGCAAATGCATCTC-1,22
TCAGCAGTAGGCCCTG-1,9
TCAGCCAATCCGTAAA-1,18
TCAGCGCACGCCGTTT-1,14
TCAGCTTGAGCTTTCG-1,16
TCAGGGCGACTTCCTT-1,3
TCAGGGCGCAAACTCG-1,2
TCAGGGTGCACGAAAC-1,1
TCAGGGTGTAACGTAA-1,16
TCAGGTTCTTTGAGAA-1,16
TCAGTACTGACCCGCG-1,16
TCAGTAGGGACTATAA-1,7
TCAGTGTATACGTCAT-1,12
TCAGTTACGGAATGAT-1,5
TCATAAGTCCAAGAAG-1,19
TCATACTTACAGATCC-1,10
TCATATGAGCTTTGTT-1,10
TCATCACTCGAGCTCG-1,0
TCATCCCAGAGGGTGG-1,6
TCATCCTCAGCTGCTT-1,14
TCATCGACGACCGTCG-1,14
TCATCGATGGTCCCAA-1,18
TCATGCAGGTTCTCAT-1,10
TCATTCGTATAATTTG-1,11
TCATTTAAGTCTCCGA-1,0
TCATTTAGAAGTGTGA-1,2
TCCAACTCAGCTATCT-1,12
TCCAACTTTAAATTCT-1,8
TCCAAGCCTAGACACA-1,20
TCCAATAAAGGCTACC-1,9
TCCAATGCGTCGCCGC-1,21
TCCACAATGGTTTACG-1,20
TCCACATCGTATATTG-1,9
TCCACCTCTAGCCTTT-1,13
TCCACTTTATCTAGGT-1,9
TCCAGAGCACCGGTTC-1,1
TCCAGATGTACGCCAA-1,0
TCCAGCGCTATAAGCG-1,14
TCCAGGCAGGACGATC-1,5
TCCAGGCGAGTACGGT-1,1
TCCAGGGTATATACGA-1,0
TCCATCAATACTAATC-1,12
TCCATTAGTTGGATAG-1,5
TCCATTCCCACTAGAG-1,4
TCCATTGTGACCTCGT-1,5
TCCCAAACAGACAACG-1,16
TCCCAAACATCCTCTA-1,8
TCCCAAAGACGAAGGA-1,9
TCCCAAAGCCCTAAAT-1,10
TCCCACGGAGGGAGCT-1,0
TCCCACTCTCTTCCGG-1,15
TCCCAGCACACGACAT-1,5
TCCCAGCTTTAGTCTG-1,10
TCCCAGGCTTAGCTAA-1,3
TCCCGCCTATGTGCGT-1,14
TCCCGCGTACTCCTGG-1,13
TCCCGGGTGTGCTGCT-1,4
TCCCGGTCAGGAATTT-1,10
TCCCGTCAGTCCCGCA-1,19
TCCCGTCGCGTCATAG-1,10
TCCCGTGTGCAATTTG-1,1
TCCCTAGATCAATAGG-1,2
TCCCTCCGAAATCGTT-1,3
TCCCTCTTCTCAAGGG-1,17
TCCCTGGCGTATTAAC-1,1
TCCCTGGCTCGCTGGA-1,9
TCCCTTAGATTACTCG-1,14
TCCCTTGTCTGAAACT-1,17
TCCGAACGTTGCCGCT-1,3
TCCGAACTTGGCTTAC-1,2
TCCGAAGTAGTCACCA-1,1
TCCGAATGGTCCTGAG-1,5
TCCGACCGCTAATCAA-1,21
TCCGAGAAGGCTAAGC-1,7
TCCGATAATTGCCATA-1,23
TCCGATGACTGAGCTC-1,13
TCCGATGGTGCGACAT-1,13
TCCGATTACATTGCCG-1,21
TCCGCAGCCACCTAGC-1,3
TCCGCCTGTCTACAAG-1,18
TCCGCGGCAGCATCTG-1,18
TCCGCGGCCCAATGAA-1,6
TCCGCTGTCATCCCGG-1,4
TCCGCTTATCCCATTA-1,22
TCCGGAGGAAGGGCTG-1,9
TCCGGCCTAGCGTACA-1,11
TCCGGCCTGCATCGAT-1,3
TCCGGCTGTCGGGTCG-1,11
TCCGGGCTTGACGGGA-1,22
TCCGGTTCGTCCGGTC-1,9
TCCGTAACCACAATCC-1,11
TCCGTTAAGCTAATAT-1,13
TCCGTTTAGCCTTGAA-1,1
TCCTAAAGATTCAGAC-1,1
TCCTAAATTGGGAAGC-1,11
TCCTAACCGTCGGGCA-1,14
TCCTACATCCACGGCC-1,12
TCCTAGCAAAGAAGCT-1,6
TCCTATCATAGGTAAC-1,13
TCCTCCTAAGACATTC-1,1
TCCTCGGGCTGGGCTT-1,1
TCCTCTACGAGATGGC-1,17
TCCTCTCCAGTTGTCC-1,16
TCCTCTGGCCCATTAG-1,10
TCCTGCAGCCGCCAAT-1,11
TCCTGCCAACTGGAGA-1,10
TCCTGCGTTGATACTC-1,14
TCCTGGCGCTGCCTGG-1,15
TCCTTACGACGGTCCG-1,1
TCCTTCAATCCCTACG-1,4
TCCTTCAGTGGTCGAA-1,0
TCCTTGTCCTTTAATT-1,21
TCCTTTAAATCCGCTT-1,9
TCCTTTCTTACGCTTA-1,22
TCGAAATTTAGGACCA-1,18
TCGAAGAACCGAGCAC-1,8
TCGAATATCCCGCAGG-1,10
TCGAATCGCAGGGTAG-1,11
TCGACAACTGAACCCG-1,8
TCGACATAGCGTAGCG-1,23
TCGAGACCAACACCGT-1,1
TCGAGCCAGGCAGGCC-1,2
TCGAGGGCAACAGACG-1,5
TCGAGTCTACGATTCG-1,8
TCGATAGGCTAGTCGC-1,11
TCGATTTACGAAACGA-1,23
TCGCAAAGATGCATTT-1,1
TCGCACCAGGAGGCAG-1,14
TCGCACTAACGTTTGT-1,6
TCGCATAAAGGGCGCA-1,8
TCGCATCCCTAAGTGT-1,0
TCGCATTCAATGACTT-1,10
TCGCCACCCGGATTAC-1,3
TCGCCCAACTGACTCC-1,10
TCGCCCACTGCGAGAG-1,11
TCGCCGAAGTTGCGTC-1,22
TCGCCGACATATTCGC-1,19
TCGCCGCACCGCGTGA-1,0
TCGCCGGAGAGTCTTA-1,4
TCGCCGGATGGGCAAG-1,9
TCGCCGGTCGATCCGT-1,9
TCGCCTCCTTCGGCTC-1,9
TCGCCTCGACCTGTTG-1,6
TCGCGCGTTTACATGA-1,4
TCGCGTAGCAGTGTCC-1,20
TCGCGTCCAGAAGGTC-1,5
TCGCTAAACCGCTATC-1,16
TCGCTACTGGCTTTGA-1,19
TCGCTCGATATATTCC-1,18
TCGCTCGGCACCAGCG-1,13
TCGCTGCCAATGCTGT-1,15
TCGCTGGGCGGATTGT-1,5
TCGCTGTGCGTAAATC-1,1
TCGCTTAATTACGAAG-1,5
TCGCTTTAAACGTTTG-1,0
TCGGAATGACCATCAA-1,15
TCGGAATGCGCTCTGA-1,0
TCGGACGCCCAGCCCA-1,14
TCGGAGAGTATCGGGA-1,12
TCGGAGTACATGAGTA-1,14
TCGGATCTGGATGACC-1,6
TCGGCGAACCCAAACC-1,9
TCGGCGTACTGCACAA-1,7
TCGGCTAACTTCCCTT-1,5
TCGGCTTGTATCGACG-1,10
TCGGGAACGTGCCTAG-1,0
TCGGGAGACAGCGTAC-1,7
TCGGGATTCAAACATA-1,3
TCGGGCACTTCTGGAT-1,21
TCGGGCCGTCGTGGTA-1,12
TCGGGTGAAACTGCTA-1,17
TCGGTCCCGACAATAG-1,4
TCGGTCCCTGACTCCA-1,8
TCGGTGACCGCTCCGG-1,7
TCGGTTAGCCATGTAG-1,5
TCGTAACTCCCAAGAC-1,6
TCGTAAGACGACATTG-1,7
TCGTAAGCTCCGAGGA-1,11
TCGTACCGACGTCAAG-1,12
TCGTATAGTGCAATTA-1,4
TCGTATCACCAAGCTA-1,6
TCGTATTACCCATTGC-1,10
TCGTCAAGTACGCGCA-1,0
TCGTCACACTGTTAGC-1,17
TCGTCCGCTGGCGTCT-1,11
TCGTCCGGGTACACTC-1,0
TCGTCTTAGGCGTTAA-1,17
TCGTGTACTATGGATG-1,9
TCGTGTATTGGTCACG-1,0
TCGTGTCACGCTGACA-1,15
TCGTGTTCGACCACAA-1,16
TCGTTAGGAGTCCCTA-1,1
TCGTTCGTTATTATGT-1,5
TCGTTGACAGGGTCCC-1,2
TCGTTGCTATCCGGTC-1,13
TCGTTGGCTCGTCAAT-1,21
TCGTTTACGCGACCCT-1,23
TCTAAAGAACAGTCTC-1,19
TCTAACTGTATGTAAA-1,8
TCTAATACTGCCTCAG-1,19
TCTACACGTTCATGCA-1,1
TCTACCCAATAGAGAG-1,12
TCTACCGTCCACAAGC-1,14
TCTACGCACGATCTCC-1,6
TCTACGGGCTCAGTTG-1,5
TCTAGCAATCTCCGCC-1,17
TCTAGCATCTTCGATG-1,7
TCTAGCATGCCCAGAA-1,9
TCTAGGTGGCGACGCT-1,7
TCTAGTGATATCGTGG-1,22
TCTAGTTATCAGAAGA-1,8
TCTATAGGTGGGTAAT-1,3
TCTATCATGCAGTTAC-1,12
TCTATCCGATTGCACA-1,23
TCTATCGGTCGCAACA-1,4
TCTATGCTATAACGAC-1,16
TCTATTACGCTGGCGA-1,3
TCTATTACTAGAGGAT-1,4
TCTCAAATCAATCGGG-1,4
TCTCATGAGATAGGGT-1,9
TCTCCAACGTAGGTTA-1,17
TCTCCACAAGTTGAAT-1,9
TCTCCCTGGGCAGCGT-1,16
TCTCGAACGAGGTCAC-1,2
TCTCGACGTATCGCCG-1,5
TCTCGAGGAGGTTCGC-1,11
TCTCGGCTCCAGGACT-1,15
TCTCGTGTTACGAGGA-1,17
TCTCTAATAGCTGGTA-1,10
TCTCTCGCCGCACATA-1,13
TCTCTTACCGCGAACC-1,13
TCTGAACCGGTCGGCT-1,0
TCTGAACTCGTACCCG-1,4
TCTGAAGCACGTGGTC-1,14
TCTGAATTCCGTACAA-1,4
TCTGACGGGCTAACCC-1,18
TCTGACTGTAATGGTT-1,0
TCTGAGCAATTGACTG-1,8
TCTGATCGGGTGCTAG-1,0
TCTGATGTATTCTGTC-1,3
TCTGATTGGAAATGGA-1,13
TCTGCACCATTAGTAA-1,3
TCTGCAGATTCGAGTC-1,4
TCTGCATACCTTGCTT-1,15
TCTGCCAGAAACTGCA-1,1
TCTGCGAATCGTTCGC-1,5
TCTGCGTCCGGTTTCT-1,3
TCTGCTTAGAACAAGC-1,9
TCTGGAGCGTAAGAGT-1,1
TCTGGCCGTTCAAGTT-1,9
TCTGGCGCAAGCCGGG-1,11
TCTGGGAACCTTTGAA-1,2
TCTGGGTAGCGCTCAT-1,16
TCTGTCATACAAGAGC-1,22
TCTGTGACTGACCGTT-1,19
TCTGTGATGGAGGTTG-1,16
TCTGTGCCATCATAGT-1,12
TCTGTGGCTACATTTC-1,6
TCTGTTACCCAGCATA-1,7
TCTTAACTCGGATGTA-1,11
TCTTACAGAGGTACCG-1,13
TCTTACCGGAACTCGT-1,9
TCTTACGGCATCCGAC-1,23
TCTTACTTATGCCTCT-1,10
TCTTAGAGCTCCAATT-1,7
TCTTAGAGTGAACTCT-1,15
TCTTATGGGTAGTACC-1,3
TCTTCCCATGGGCACA-1,7
TCTTCGAATAGACGTT-1,14
TCTTCGATACCAATAA-1,9
TCTTCGCGGTGAGAGG-1,14
TCTTCTATAACCCGCC-1,4
TCTTGATGCGTAGCGA-1,10
TCTTGCTCCCGATACT-1,19
TCTTGGTAACACCAAA-1,6
TCTTGGTCAATGATAC-1,6
TCTTTAAGACTATGAA-1,8
TCTTTAGAGTCTAACA-1,7
TCTTTAGCAGGCGAAC-1,5
TCTTTCATCCGTCCTT-1,7
TCTTTCCTTCGAGATA-1,10
TCTTTCGGCGGGACAC-1,4
TCTTTCTCTTAAGGAG-1,0
TGAAACCTCAACTCAC-1,3
TGAAACTTATGCAAGC-1,9
TGAAAGGACCTGACTC-1,0
TGAACAAGCAGGGACT-1,6
TGAACACCCGAAGCAG-1,4
TGAACTGCTATGACTT-1,4
TGAAGAGCGGTCCTAG-1,18
TGAAGTAGCTTACGGA-1,17
TGAATACCGACGCGTA-1,5
TGAATATGCTATAAAC-1,17
TGAATGAGATACAGCA-1,2
TGAATGAGTGTTTCCC-1,6
TGAATGTCAGCCGGCC-1,9
TGAATTTCACTTGCCT-1,17
TGACAACGCATGTCGC-1,2
TGACAACTTAAAGGTG-1,6
TGACACTTCTCTTTGC-1,0
TGACAGAAATCTTGCT-1,0
TGACAGGACAAGTCCA-1,14
TGACATATATGACGAT-1,4
TGACATCGAGCGGACC-1,1
TGACATGTAACGTGAC-1,5
TGACCAAATCTTAAAC-1,13
TGACCAGCTTCAAAGT-1,3
TGACCCAACTCACATT-1,6
TGACCCACGTTAGACA-1,1
TGACCCAGCATTCCCG-1,7
TGACGAATATTTCCCT-1,14
TGACGATGCACTAGAA-1,11
TGACTATAATCCTTTC-1,12
TGACTCCGAATCATAC-1,22
TGAGAATGCTTTACCG-1,15
TGAGACGTACCTCTCA-1,11
TGAGAGATTTACCACG-1,18
TGAGATCAAATACTCA-1,15
TGAGATTAGGCCCTAA-1,5
TGAGCAGTCGTGAAGT-1,6
TGAGCCATACAGTCTC-1,15
TGAGCGGAAAGTGTTC-1,19
TGAGCTCAACTGTATA-1,12
TGAGCTTTAATGACGC-1,4
TGAGGAGTGCCAGCTT-1,5
TGAGGCATGTACTGTG-1,0
TGAGGTGTGTGGCGGA-1,4
TGAGGTTGATCCCAAG-1,0
TGAGTAAATTAGCGTA-1,10
TGAGTGCCTCTTAAAT-1,1
TGAGTGGTCCGTGACG-1,10
TGAGTTAAAGACATTC-1,22
TGATACATTTAGCCGT-1,16
TGATAGCGGGATTCTA-1,6
TGATCACCACACTGAC-1,9
TGATCAGGGAACTGCT-1,4
TGATCCCAGCATTAGT-1,0
TGATCGGTTTGACCCT-1,19
TGATCTACGCTGATCT-1,18
TGATCTATCACACTCT-1,5
TGATCTCCGGCGCCAG-1,15
TGATGGCTGTTTCTGA-1,10
TGATGGGACTAAGTCA-1,2
TGATGTCAATTAAGTG-1,9
TGATTATGGCACGCAG-1,9
TGATTCAGGTCCCGCG-1,0
TGATTCCCGGTTACCT-1,9
TGATTCGTCTATCACT-1,0
TGATTCTGTCGCCGGT-1,8
TGATTTATTAGCTGTG-1,3
TGATTTCCTCCTGACG-1,18
TGCAAACCCACATCAA-1,3
TGCAAACGTACTAGTT-1,21
TGCAAAGTTCGTCTGT-1,0
TGCAACCCATCTGCGG-1,18
TGCAACTACTGGTTGA-1,19
TGCAAGAATGACGTAA-1,0
TGCAATCTAACACGGT-1,12
TGCAATTTGGGCACGG-1,0
TGCACAGTGAAGTTAT-1,10
TGCACGAGTCGGCAGC-1,0
TGCACTATGTGAGTGC-1,10
TGCAGAACTATATCGT-1,3
TGCAGAGTACCGAGCA-1,2
TGCAGATCGTCCTAGG-1,16
TGCAGCTACGTACTTC-1,7
TGCAGGATCGGCAAAG-1,14
TGCAGTGAGGCTCGGG-1,12
TGCAGTGGTAGGGAAC-1,11
TGCAGTTTCCTCCCAT-1,2
TGCATATGTCTGTCAC-1,4
TGCATCTCCGGATCTT-1,13
TGCATGAGTAGATTCG-1,17
TGCATGGATCGGATCT-1,22
TGCATGGCAGTCTTGC-1,9
TGCATGTGACCCATAG-1,18
TGCATGTGGTAATCTA-1,13
TGCCAAAGTCAGACTT-1,11
TGCCAATGGGTACTCT-1,0
TGCCACACTAGAGGAA-1,3
TGCCACCTGGCGAAAC-1,18
TGCCAGTACGTGGAGA-1,7
TGCCATGGCTTATAAG-1,11
TGCCATTACTAAAGAA-1,1
TGCCCGATAGTTAGAA-1,17
TGCCCGTACCGTTAAA-1,0
TGCCGAAAGCGTATTC-1,9
TGCCGATGTCATCAAT-1,4
TGCCGGATGTACGAGC-1,19
TGCCGTGGATCGTCCT-1,13
TGCCGTGGGACCCAAT-1,8
TGCCGTTCTTAATCGG-1,6
TGCCTAAATTTAATAG-1,12
TGCCTAATTGAAGATT-1,16
TGCCTGACATCGGTCA-1,8
TGCCTGATCAAACGAT-1,7
TGCCTTGCCCTTACGG-1,2
TGCCTTGGCCAGGCAA-1,9
TGCGAATATGGGATTT-1,2
TGCGACACCCTAGTGC-1,7
TGCGACGGCCGAACGT-1,18
TGCGAGAAACGTTACG-1,2
TGCGAGAATATTACCC-1,0
TGCGAGATGGCGGCCA-1,13
TGCGAGCCCTTCCGCG-1,14
TGCGATGCTAATGGCT-1,7
TGCGCAAAGCATTTGG-1,5
TGCGCCGTTAATAACG-1,19
TGCGCGATTAACGGAG-1,12
TGCGGACTTGACTCCG-1,17
TGCGGAGTAAAGGTGC-1,9
TGCGGCATAGTTCAAC-1,18
TGCGGGTATTGGGATC-1,0
TGCGGTCTACGAGTAA-1,23
TGCGGTGAAATTTCAT-1,2
TGCGTAAGAACCTGAT-1,14
TGCGTACGGCTAATTG-1,13
TGCGTCATGACTGAGC-1,5
TGCGTGATTGGGTGTC-1,17
TGCGTTTGTTGACACT-1,10
TGCTAAGTGTCTATTT-1,3
TGCTATACAAACGGAC-1,20
TGCTATGGCAAAGGGA-1,1
TGCTCACACAACAACC-1,0
TGCTCCACAGTTCTTA-1,0
TGCTCGGCGAAACCCA-1,16
TGCTCGGTGGGTCACC-1,11
TGCTCTGCCGGTTCAC-1,16
TGCTCTTGAGAGTTTG-1,5
TGCTGCGTCAGAGTTA-1,5
TGCTGGTTGGACAATT-1,19
TGCTGTTGAAGAACTC-1,13
TGCTTAGAGAGAATGC-1,2
TGCTTCCCAAGCAGTA-1,4
TGCTTGAAACCATGCA-1,4
TGGAAACGGAGTGAAC-1,15
TGGAACCACTGACACA-1,17
TGGAAGAAGGGAACGT-1,22
TGGAAGACGAACACCA-1,8
TGGAAGGATAAAGATG-1,3
TGGAATATCCTTGACC-1,16
TGGAATTAGACGCTTT-1,10
TGGACACCGTTGCTTG-1,5
TGGACCAATCTAAGAT-1,21
TGGACCACGGCGTTGA-1,11
TGGACGCAATCCAGCC-1,2
TGGACGTAGGCGAATC-1,0
TGGACTGTTCGCTCAA-1,1
TGGAGAATAATCGTCC-1,1
TGGAGCTAAAGTTCCC-1,5
TGGAGTGATGCGATGA-1,3
TGGATAGAGTAACAGA-1,4
TGGATGGCATCTTGGA-1,23
TGGCAAACTAAATTAC-1,9
TGGCAACTCGCGCGCC-1,13
TGGCAAGCACAAGTCG-1,14
TGGCAATGGGACGGCG-1,3
TGGCACGAGCTCGAGT-1,16
TGGCAGATTACGATCA-1,1
TGGCAGCAGTAATAGT-1,9
TGGCATGAAGTTTGGG-1,13
TGGCCAAACTGAAGTA-1,1
TGGCCAATTTGGTACT-1,18
TGGCCGTATATTGACC-1,3
TGGCGACTGCTCCAAA-1,18
TGGCGATCAAGTTATG-1,0
TGGCGGTGTGCGATTG-1,4
TGGCTACACTCTACCT-1,5
TGGCTATGTGACATAC-1,17
TGGCTCTTGTCGCGTA-1,4
TGGCTTATGTATAATG-1,3
TGGCTTGTACAAGCTT-1,21
TGGCTTTGGGTAGACA-1,0
TGGGAAATGCCTTTCC-1,5
TGGGACCATTGGGAGT-1,11
TGGGATGCACTCATTC-1,2
TGGGCAATAGTTGGGT-1,5
TGGGCACAAACAGAAC-1,10
TGGGCACGTTCTATGG-1,11
TGGGCAGGCCACCGCA-1,13
TGGGCCACAAGAGCGC-1,10
TGGGCCCATACTAATT-1,7
TGGGCCTTGCCTGCAT-1,17
TGGGCGATACAATAAG-1,6
TGGGTAAGGTTCCCGC-1,1
TGGGTGCACAAGCCAT-1,14
TGGGTGGGATGTCATT-1,17
TGGGTGTAATAGATTT-1,11
TGGGTGTTAAGTAGAA-1,12
TGGGTTCCCGGACGGA-1,4
TGGGTTTCGGGCGTAC-1,0
TGGTAAGCAGGATTGA-1,0
TGGTACCGGCACAGCC-1,3
TGGTAGAATATATGGG-1,8
TGGTATCGCATCCCAA-1,12
TGGTATCGGTCTGTAT-1,12
TGGTCCCACGCTACGG-1,4
TGGTCGATATACCTCT-1,3
TGGTCGTGCAAGGCAA-1,21
TGGTCGTTTGATAGAT-1,8
TGGTCTAGCTTACATG-1,4
TGGTCTGTTGGGCGTA-1,8
TGGTGATCGTATTTGT-1,8
TGGTGCCCTGCCTTAC-1,23
TGGTGTGACAGACGAT-1,20
TGGTTAACTTACATTT-1,17
TGGTTAAGGGCGCTGG-1,6
TGGTTATGCTTGCGGT-1,12
TGGTTCAACGGGTAAT-1,10
TGGTTCGTAGCAAAGG-1,18
TGGTTGGAGGATCCTG-1,14
TGGTTTAAACGTGGGT-1,8
TGTAACTTGTCAACCT-1,18
TGTAAGACTGATAAGA-1,19
TGTAATGACCACAATA-1,3
TGTAATGCCTTCGGAC-1,0
TGTACCCGACCCTAAT-1,4
TGTACCTACACGAGGG-1,22
TGTACGAACAAATCCG-1,14
TGTACTGTGCCAAAGT-1,6
TGTAGCCAATTCCGTT-1,16
TGTAGCCATCCCATTC-1,12
TGTAGGAGAAATTTCC-1,10
TGTAGTGATCTATAAT-1,6
TGTATAACAGATCCTG-1,14
TGTATCAGACTGAAGC-1,14
TGTATCCTTATTCCAT-1,3
TGTATGGCGCAGACAG-1,14
TGTATTTACCTAATGC-1,14
TGTCATTTGTTGGGAA-1,22
TGTCCACGGCTCAACT-1,3
TGTCCCGACATAGCAC-1,10
TGTCCGCAAACAATTC-1,13
TGTCCGTGGCGCCTTT-1,17
TGTCCTAAGTCACCGC-1,0
TGTCGGCATGGTGGAA-1,22
TGTCGTGGGTATAGGC-1,19
TGTCGTTATCACATAT-1,18
TGTCTACAGTTTCTGT-1,15
TGTGACTACGCCAGTC-1,1
TGTGACTAGAGTTTGC-1,10
TGTGAGACTAGCCCAA-1,20
TGTGATTCCAGCGCTT-1,5
TGTGCCAGAGGCAAAG-1,18
TGTGCCGGTGCCGGAA-1,13
TGTGCTTTACGTAAGA-1,5
TGTGGACTATCTACGT-1,21
TGTGGAGGAAGCTTAA-1,14
TGTGGCAAAGCGTATG-1,10
TGTGGCGGGCTTCTGG-1,21
TGTGGCTCCCACCAAC-1,14
TGTGGTAGGGTGCCTT-1,4
TGTGGTTGCTAAAGCT-1,8
TGTGTAGTAGCACGTG-1,8
TGTGTCGAAGTCGAGG-1,7
TGTGTCGCGAGTTGCA-1,16
TGTGTGACCATGAATC-1,4
TGTGTTCGTATCCAAG-1,11
TGTTATTGTATGTGGC-1,1
TGTTCATAAATGTGCT-1,6
TGTTCCGCTTCCATGA-1,19
TGTTCCGGCCTGAGCT-1,8
TGTTCGTATTGCGGTG-1,4
TGTTCTCTACTCCCTA-1,4
TGTTCTTCCATTGACT-1,14
TGTTGCCGTCGTCCCA-1,1
TGTTGGCTGGCGGAAG-1,6
TGTTGTCAAGAAGTCT-1,12
TGTTTAATACTTCATC-1,4
TGTTTCGGTACTTCTC-1,12
TGTTTCTGAAGCGTGC-1,3
TGTTTGAGATCGTCAG-1,9
TTAAACAGAGTCCCGC-1,12
TTAAACCGGTAGCGAC-1,4
TTAAACCTGGTTCCTT-1,12
TTAAACTCGAATTCAT-1,14
TTAAAGGCGATGCTCG-1,6
TTAAAGTAAGTCGCCA-1,2
TTAACACCTCGAACAT-1,6
TTAACCAACCCTCCCT-1,18
TTAACGAACAAGCAGT-1,13
TTAACGTCGCAAGACC-1,17
TTAACGTTAAAGCCTG-1,3
TTAACTCACGCGTGGA-1,6
TTAACTTCAGGTAGGA-1,7
TTAAGACGAACGAACC-1,4
TTAAGATACCCAGAGA-1,4
TTAAGATAGGATTGAC-1,20
TTAAGCCGACAACTTC-1,13
TTAAGCGCCTGACCCA-1,7
TTAAGGATACGGAGGT-1,10
TTAAGGCCCGTACTTT-1,8
TTAAGTATTGTTATCC-1,5
TTAATCAGTACGTCAG-1,7
TTAATGCGAGGTAACT-1,12
TTAATGTAGACCAGGT-1,8
TTAATGTGTTTGCAGG-1,3
TTAATTGCTTTGGGTG-1,19
TTAATTTCAGACGCGG-1,1
TTACAACTACGCATCC-1,2
TTACACGATCTGCGAC-1,13
TTACAGACCTAAATGA-1,0
TTACATCGTGGCCTGG-1,7
TTACATGCCACAACTA-1,0
TTACCATTGATTACCC-1,15
TTACCCATTGCCGGGT-1,1
TTACCCTAACAGTCCT-1,20
TTACCCTAGGGATTGG-1,10
TTACCGCCTTAGGGAA-1,6
TTACGGATGGTTCGAG-1,9
TTACGGTGTCACCGAG-1,15
TTACGTAGCGCGTGCT-1,2
TTACGTATCTATGACA-1,20
TTACTAAAGGACTTTA-1,5
TTACTATCGGCTTCTC-1,10
TTACTCCGGCCGGGAA-1,11
TTACTCTGGTACGTAC-1,10
TTACTGGGATATTTCA-1,11
TTACTGTCTAGAGCTC-1,22
TTACTGTTTCTCTACG-1,9
TTAGAAGAACATGACT-1,20
TTAGAATAAGGGTCGG-1,1
TTAGACACGATCGTTG-1,5
TTAGACGAGTCACCTC-1,0
TTAGAGGGATATACAG-1,5
TTAGAGTATTGTCGAG-1,6
TTAGAGTTTAGAAGGA-1,17
TTAGATAGGTCGATAC-1,8
TTAGCAACATGGATGT-1,15
TTAGCCATAGGGCTCG-1,2
TTAGCTAATACGATCT-1,15
TTAGCTCTGTAATCCG-1,15
TTAGCTGATTTGCCGT-1,13
TTAGGATGGGAGGGTA-1,4
TTAGGTCATAACCGAC-1,8
TTAGGTGTGACTGGTC-1,2
TTAGTAAACCTGCTCT-1,0
TTAGTAGGGCGGCGGG-1,4
TTAGTTATTCGTGGCA-1,7
TTAGTTCAAGTGTTCG-1,4
TTATAGATGCACATTA-1,1
TTATAGGTAATTGTCT-1,16
TTATAGTCCAAGGTGC-1,8
TTATATACGCTGTCAC-1,22
TTATATTTGGCAATCC-1,11
TTATCATACTCGCAAA-1,7
TTATCCAATCGAACTC-1,10
TTATCCGGGATCTATA-1,8
TTATCCTCAAGGAATA-1,11
TTATCGCCTGCGAAGC-1,9
TTATCTGACATTAGGA-1,0
TTATCTGTATCATAAC-1,0
TTATGAATGAAAGGGA-1,8
TTATGACAAACTGGAT-1,18
TTATGATCTTAACGAA-1,18
TTATGCGTCCCGGTCC-1,17
TTATGTTTGCGATAGA-1,0
TTATTAGAGCGTGTTC-1,19
TTATTAGGGAAGCATC-1,0
TTATTATCTGGAAGGC-1,5
TTATTTCATCCCAAAC-1,19
TTCAAAGTCTCTAGCC-1,8
TTCAACGACCCGACCG-1,8
TTCAAGCCGAGCTGAG-1,2
TTCAATACTCTGAATC-1,14
TTCAATTAGCCATAAT-1,4
TTCACGAAAGGATCAC-1,13
TTCACGGTCGTCACGT-1,9
TTCACTCGAGCACCTA-1,8
TTCACTTCCTAGAACG-1,12
TTCAGAGTAACCTGAC-1,19
TTCAGCCCTGGTCCAC-1,1
TTCAGCTGGCGTGCCC-1,1
TTCAGGCGTCAAAGCC-1,4
TTCAGTTCAAGAGGAG-1,8
TTCAGTTTGTGGCAGC-1,10
TTCATAGCCTTGTAAC-1,18
TTCATAGGGTGTCCAT-1,4
TTCATGGCGCAACAGG-1,7
TTCCAATCAGAGCTAG-1,14
TTCCAATCTGGCTATC-1,7
TTCCACACAGATTTGA-1,15
TTCCACATTTCTCGTC-1,23
TTCCAGACGAGATTTA-1,5
TTCCAGTGGGTTTCGT-1,22
TTCCATCATGCGGTGA-1,2
TTCCATCGACAGCGTG-1,5
TTCCCGACGCTTCACT-1,6
TTCCCGGCGCCAATAG-1,21
TTCCGCAGAGAAATAT-1,4
TTCCGCGTGAGGCGAT-1,15
TTCCGGCCTTGAGGCT-1,16
TTCCGGCTCGACTTCT-1,3
TTCCGGTATCTGTGTC-1,1
TTCCGGTTACCCACTT-1,7
TTCCTCGAGGGTGTCT-1,2
TTCCTCGGACTAACCA-1,8
TTCCTCTGCCCGAATA-1,10
TTCCTTTCTGTGTTGC-1,4
TTCGAACGAAACATGC-1,7
TTCGACAGAGCCCGTG-1,21
TTCGACGGGAAGGGCG-1,2
TTCGAGCCGGCGCTAC-1,0
TTCGCACTCGCGTGCT-1,16
TTCGCACTGTACGACA-1,12
TTCGCATCCGGAAGCA-1,8
TTCGCCGCTCGCGCTA-1,4
TTCGCGCGCCATACGA-1,13
TTCGCTAGGAAGTTGT-1,1
TTCGCTATCTGACGTG-1,5
TTCGGACTGATGCCTT-1,0
TTCGGACTGGGCATGG-1,21
TTCGGCAACCCGCTGA-1,12
TTCGGCTAGAGATGGT-1,22
TTCGGGACTAATCGCG-1,10
TTCGGGCGCTAGTCTT-1,15
TTCGGGTTGCCACGGG-1,2
TTCGGTACTGTAGAGG-1,16
TTCGGTGGAGACGCCC-1,9
TTCGTAATCCCAGCGG-1,7
TTCGTACTCCAGAACG-1,15
TTCGTGCATGTTATAG-1,2
TTCGTGGGCTGGAAGC-1,4
TTCGTTCAACGAAGTT-1,22
TTCTAACCGAAGCTTA-1,1
TTCTACCTCAATCGGT-1,4
TTCTACCTTTATGTTG-1,11
TTCTACTTGCGAGGGC-1,20
TTCTAGAAAGTCTTAT-1,7
TTCTAGGCCAATTGTG-1,7
TTCTATGCCTTTCGCA-1,5
TTCTATTAAACGCAGC-1,23
TTCTCAATTGCTACAA-1,18
TTCTCTTACAGGTGAT-1,6
TTCTGACCGGGCTCAA-1,6
TTCTGCCGCGCCTAGA-1,7
TTCTGCGAGCGCCCTT-1,19
TTCTGCGGGTTAGCGG-1,19
TTCTGCTAGACTCCAA-1,13
TTCTGTTTCCTGTCGC-1,8
TTCTTAGTGAACGGTG-1,3
TTCTTAGTGGCTCAGA-1,6
TTCTTATCCGCTGGGT-1,4
TTCTTCCCTTTGATAT-1,23
TTCTTGAGCCGCGCTA-1,1
TTCTTGCTAGCATCTC-1,14
TTCTTGGACGATCTGC-1,15
TTCTTGGAGTAATGAG-1,19
TTCTTGTAACCTAATG-1,21
TTCTTGTGTCCATCAG-1,6
TTCTTTGGTCGCGACG-1,2
TTGAAAGGTGTAAAGG-1,7
TTGAACGAATCCTTTG-1,18
TTGAACGACGTGCTGA-1,8
TTGAAGAATTCCCAGG-1,8
TTGAAGGATGGGCGCC-1,15
TTGAATATGGACTTTC-1,1
TTGAATCGTTGTATAA-1,5
TTGAATTCACGTGAGG-1,5
TTGACAGGAGCTCCCG-1,6
TTGACATGAACGTGGA-1,0
TTGACCAGGAACAACT-1,20
TTGACCATGTTCTCCG-1,10
TTGACCGTGTTAATGA-1,8
TTGACGATTCAGCACG-1,14
TTGACGCTCCATGAGC-1,13
TTGACTACCATATGGT-1,13
TTGACTATTGTCCGGC-1,15
TTGAGAAGTTTAGCAT-1,19
TTGAGAGTACTGCTAA-1,19
TTGAGCAGCCCACGGT-1,5
TTGAGCGCCACGTGAT-1,15
TTGAGGCATTTAACTC-1,10
TTGAGGGTCGAACGCG-1,2
TTGAGTCCCGCTGCTG-1,1
TTGATAGTCAATACAT-1,1
TTGATCTAACTTTGTC-1,0
TTGATGCCGCTCGTCG-1,3
TTGATGTGTAGTCCCG-1,20
TTGATTAGCTGTTTCT-1,14
TTGATTATGCAGATGA-1,12
TTGCAAGAAGACTCCT-1,21
TTGCACAATTCAGAAA-1,9
TTGCACGGAGCAGCAC-1,8
TTGCAGGTCATGAAGT-1,14
TTGCATGCTGATCACG-1,10
TTGCCAAGCAGAACCC-1,1
TTGCCATAGCCCGCTC-1,16
TTGCCCTGATCACGGG-1,20
TTGCCGCAGACCTACA-1,7
TTGCCGCTTTCTAGTA-1,14
TTGCCGGTGATCCCTC-1,15
TTGCCTAATCCAAAGT-1,22
TTGCCTTCTCGCCGGG-1,22
TTGCGCTCTCTCGCTT-1,17
TTGCGCTTGATCAATA-1,6
TTGCGGAAAGCTGCCC-1,9
TTGCGGCATCAGAAAG-1,0
TTGCGGCGACTCATGC-1,3
TTGCGTAGTTTGAGGA-1,20
TTGCGTCGGCCAACCG-1,19
TTGCGTGAACGCTTAG-1,7
TTGCGTGTGTAGGCAT-1,12
TTGCTAGCTACCAATC-1,8
TTGCTCATAGTACGTG-1,13
TTGCTCCCATACCGGA-1,22
TTGCTGAAGGAACCAC-1,9
TTGCTGATCATGTTCG-1,10
TTGCTGCACCTATCCA-1,3
TTGCTGGCCGGGCTTC-1,12
TTGGAAGAATACAGTC-1,0
TTGGACATGTGGCTTA-1,16
TTGGACCATCTGGCAA-1,23
TTGGACCTATAACAGT-1,23
TTGGAGTCTCCCTTCT-1,21
TTGGATATCGTCTACG-1,11
TTGGATCGACTTCTGG-1,16
TTGGATTGGGTACCAC-1,4
TTGGCCAAATTGTATC-1,11
TTGGCCATCTTGCGCT-1,2
TTGGCCTAGAATTTCG-1,10
TTGGCGATCCGAATAT-1,22
TTGGCTCAATATGTGT-1,23
TTGGCTCGCATGAGAC-1,15
TTGGGAAGACGAGCCG-1,8
TTGGGACACTGCCCGC-1,4
TTGGGACGTAAGAGTT-1,11
TTGGGCGGCGGTTGCC-1,7
TTGGGTTTATTCAGCG-1,15
TTGGTATGGCTTGTGT-1,3
TTGGTCACACTCGTAA-1,0
TTGGTTCGCTCAAAGG-1,8
TTGGTTGCGGTGCGCG-1,21
TTGTAACTTCATAGCG-1,2
TTGTAAGGACCTAAGT-1,19
TTGTAAGGCCAGTTGG-1,2
TTGTAATCCGTACTCG-1,8
TTGTACACCTCGAACA-1,2
TTGTATCACACAGAAT-1,5
TTGTCACCGCGGTATC-1,18
TTGTCGTTCAGTTACC-1,16
TTGTCTCGGCAAGATG-1,19
TTGTGAACCTAATCCG-1,20
TTGTGAGGCATGACGC-1,14
TTGTGATCTGTTCAGT-1,2
TTGTGCAGCCACGTCA-1,8
TTGTGCGGAAGCGGAT-1,3
TTGTGGCCCTGACAGT-1,6
TTGTGGTAGGAGGGAT-1,0
TTGTGGTGGTACTAAG-1,4
TTGTGTATGCCACCAA-1,7
TTGTGTTTCCCGAAAG-1,14
TTGTTAGCAAATTCGA-1,12
TTGTTCAGTGTGCTAC-1,7
TTGTTCTAGATACGCT-1,2
TTGTTGGCAATGACTG-1,7
TTGTTGTGTGTCAAGA-1,12
TTGTTTCACATCCAGG-1,4
TTGTTTCATTAGTCTA-1,0
TTGTTTCCATACAACT-1,19
TTGTTTGTATTACACG-1,12
TTGTTTGTGTAAATTC-1,6
