barcode,cluster
AAACAACGAATAGTTC-1,8
AAACAAGTATCTCCCA-1,8
AAACAATCTACTAGCA-1,13
AAACACCAATAACTGC-1,0
AAACAGAGCGACTCCT-1,0
AAACAGCTTTCAGAAG-1,3
AAACAGGGTCTATATT-1,1
AAACAGTGTTCCTGGG-1,5
AAACATGGTGAGAGGA-1,3
AAACATTTCCCGGATT-1,2
AAACCACTACACAGAT-1,1
AAACCCGAACGAAATC-1,8
AAACCGGAAATGTTAA-1,8
AAACCGGGTAGGTACC-1,16
AAACCGTTCGTCCAGG-1,2
AAACCTAAGCAGCCGG-1,12
AAACCTCATGAAGTTG-1,3
AAACGAAGAACATACC-1,1
AAACGAAGATGGAGTA-1,0
AAACGACAGTCTTGCC-1,22
AAACGAGACGGTTGAT-1,5
AAACGCCCGAGATCGG-1,5
AAACGCTGGGCACGAC-1,19
AAACGGGCGTACGGGT-1,16
AAACGGGTTGGTATCC-1,8
AAACGGTTGCGAACTG-1,10
AAACTAACGTGGCGAC-1,4
AAACTCGGTTCGCAAT-1,2
AAACTCGTGATATAAG-1,0
AAACTGCTGGCTCCAA-1,2
AAACTTAATTGCACGC-1,13
AAACTTGCAAACGTAT-1,28
AAAGAATGACCTTAGA-1,1
AAAGAATGTGGACTAA-1,0
AAAGACATGAAGTTTA-1,19
AAAGACCCAAGTCGCG-1,5
AAAGACTGGGCGCTTT-1,9
AAAGCTTGCCTACATA-1,11
AAAGGCCCTATAATAC-1,7
AAAGGCTACGGACCAT-1,8
AAAGGCTCTCGCGCCG-1,27
AAAGGGATGTAGCAAG-1,5
AAAGGGCAGCTTGAAT-1,5
AAAGGTAAGCTGTACC-1,5
AAAGGTCAACGACATG-1,33
AAAGTAGCATTGCTCA-1,9
AAAGTCACTGATGTAA-1,5
AAAGTCGACCCTCAGT-1,10
AAAGTGCCATCAATTA-1,6
AAAGTGTGATTTATCT-1,20
AAAGTTGACTCCCGTA-1,0
AAATAACCATACGGGA-1,23
AAATAAGGTAGTGCCC-1,3
AAATACCTATAAGCAT-1,32
AAATAGCTTAGACTTT-1,7
AAATAGGGTGCTATTG-1,7
AAATCACTCCTAAACG-1,35
AAATCCGATACACGCC-1,18
AAATCGCGGAAGGAGT-1,9
AAATCGTGTACCACAA-1,20
AAATCTAGCCCTGCTA-1,4
AAATCTGCCCGCGTCC-1,7
AAATGACTGATCAAAC-1,3
AAATGATTCGATCAGC-1,1
AAATGCTCGTTACGTT-1,10
AAATGGCATGTCTTGT-1,25
AAATGGCCCGTGCCCT-1,5
AAATGGTCAATGTGCC-1,13
AAATGTATCTTATCCC-1,8
AAATGTGGGTGCTCCT-1,8
AAATTAACGGGTAGCT-1,5
AAATTAATAAGCGCGA-1,5
AAATTACACGACTCTG-1,32
AAATTACCTATCGATG-1,15
AAATTCCAGGTCCAAA-1,0
AAATTGATAGTCCTTT-1,13
AAATTGCGGCGGTTCT-1,3
AAATTTACCGAAATCC-1,27
AAATTTGCGGGTGTGG-1,32
AACAACTGGTAGTTGC-1,33
AACAATACATTGTCGA-1,9
AACAATTACTCTACGC-1,0
AACACACGCTCGCCGC-1,16
AACACGACTGTACTGA-1,2
AACACGAGACGCGGCC-1,19
AACACGCGGCCGCGAA-1,13
AACAGCTGTGTGGCAA-1,15
AACAGGAAATCGAATA-1,0
AACAGGATGGGCCGCG-1,9
AACAGGTAGTATGGAT-1,27
AACATAGCGTGTATCG-1,6
AACATATCAACTGGTG-1,21
AACATCGATACGTCTA-1,11
AACATTGAAGTTGATC-1,5
AACATTGGTCAGCCGT-1,11
AACATTGTGACTCGAG-1,4
AACCAAGACTTCTCTG-1,17
AACCAGTATCACTCTT-1,12
AACCATAGGGTTGAAC-1,8
AACCATGGGATCGCTA-1,8
AACCCAGAGACGGAGA-1,14
AACCCATCCCATGATC-1,13
AACCCGACAACCCGTG-1,0
AACCCGAGCAGAATCG-1,16
AACCCGCTGTATTCCA-1,6
AACCCTACTGTCAATA-1,17
AACCCTGGTGGAACCA-1,5
AACCGAGCTTGGTCAT-1,2
AACCGCTAAGGGATGC-1,6
AACCGTTGTGTTTGCT-1,0
AACCTAAAGCCGTCCG-1,3
AACCTCGCTTTAGCCC-1,12
AACCTGTCACGGAATT-1,16
AACCTTTAAATACGGT-1,1
AACCTTTACGACGTCT-1,3
AACGAAAGTCGTCCCA-1,15
AACGACCTCCTAGCCG-1,9
AACGATAATGCCGTAG-1,19
AACGATAGAAGGGCCG-1,6
AACGATATGTCAACTG-1,12
AACGCGAACGGCAACA-1,0
AACGCGACCTTGGGCG-1,19
AACGCGGTCTCCAGCC-1,12
AACGCTGTTGCTGAAA-1,18
AACGGACGTACGTATA-1,14
AACGGCCATCTCCGGT-1,3
AACGTACTGTGGGTAC-1,10
AACGTAGTCTACCCAT-1,1
AACGTCAGACTAGTGG-1,14
AACGTCATCCGGCTTG-1,6
AACGTCGCTGCACTTC-1,15
AACGTGATGAAGGACA-1,25
AACGTGCGAAAGTCTC-1,16
AACGTTATCAGCACCT-1,2
AACTACCCGTTTGTCA-1,16
AACTAGCGTATCGCAC-1,16
AACTAGGCTTGGGTGT-1,14
AACTCAAGTTAATTGC-1,2
AACTCCAGAGCGTGTT-1,20
AACTCCTAATCCCATG-1,21
AACTCGATAAACACGT-1,0
AACTCGATGGCGCAGT-1,19
AACTCTCAATAGAGCG-1,3
AACTCTCAGTGTGCTC-1,13
AACTGAGGTCAGCGTC-1,5
AACTGAGTTATACTGA-1,17
AACTGATATTAGGCCT-1,3
AACTGGGTCCCGACGT-1,37
AACTGGGTTCGAGCCG-1,0
AACTGGTGTGGGCCTT-1,5
AACTTCTGCGTCTATC-1,9
AACTTGCGTTCTCGCG-1,36
AACTTTACGGGAGCTT-1,13
AACTTTAGCTGCTGAG-1,5
AACTTTCTCGATCATG-1,19
AAGAAAGTTTGATGGG-1,3
AAGAAATCACCAGATT-1,20
AAGAAGGATCAGTTAG-1,9
AAGACATACGTGGTTT-1,8
AAGACCAAATAACTCA-1,3
AAGACCCAACTGAACA-1,3
AAGACTAACCCGTTGT-1,4
AAGACTCACGCCCACT-1,0
AAGACTGCAAGCTACT-1,5
AAGAGATGAATCGGTA-1,18
AAGAGCTCTTTATCGG-1,34
AAGAGGATGTACGCGA-1,3
AAGAGGCATGGATCGC-1,10
AAGAGGCCCTTTGGAA-1,18
AAGATGGCACCGGACC-1,17
AAGATTGGCGGAACGT-1,6
AAGCACCCTGCGTATC-1,12
AAGCATACTCTCCTGA-1,1
AAGCCACTTGCAGGTA-1,30
AAGCCGAAGCGGTTTA-1,14
AAGCCGCCGTGAAATC-1,12
AAGCCGCTTTACCTTG-1,9
AAGCCGGAGAGCAGGA-1,15
AAGCGCAGGGCTTTGA-1,5
AAGCGGAGTGCGCGCA-1,12
AAGCGGCGTCATGGGT-1,19
AAGCGTCCCTCATCGA-1,6
AAGCTAGATCGAGTAA-1,24
AAGCTATGGATTGACC-1,14
AAGCTCGTGCCAAGTC-1,2
AAGCTCTTTCATGGTG-1,13
AAGGAGAACTTATAAG-1,9
AAGGAGCGGTTGGTGC-1,5
AAGGATCGATCGCTTG-1,9
AAGGATGAGGGACCTC-1,0
AAGGCAGGCTGTCTCC-1,13
AAGGCGCGTAAAGCTT-1,27
AAGGCTGTGCTCATCG-1,11
AAGGGAACGACTGGCT-1,7
AAGGGACAGATTCTGT-1,19
AAGGGACTATGCATTC-1,5
AAGGGTTTGATTTCAG-1,4
AAGGTGATAAACCAGC-1,18
AAGTAAGCTTCCAAAC-1,9
AAGTAGAAGACCGGGT-1,6
AAGTCAATTGTCGTCA-1,4
AAGTCTAGTAGCTGCC-1,11
AAGTCTTCTGTGGCCT-1,13
AAGTGACGACCGAATT-1,24
AAGTGAGTCGGGTTTA-1,1
AAGTGCAAAGGTAGAC-1,0
AAGTGCCTTGACTGTA-1,4
AAGTGCGTTAGAATCT-1,16
AAGTGCTTCTCTATTG-1,18
AAGTGTTTGGAGACGG-1,0
AAGTTCACTCCAAGCT-1,20
AAGTTCAGTCTGCGTA-1,30
AAGTTCGGCCAACAGG-1,18
AAGTTGTGATGTTATA-1,18
AAGTTTACTAATGGCA-1,19
AAGTTTATGGGCCCAA-1,4
AATAACAACGCTCGGC-1,15
AATAACACTAGAACAA-1,16
AATAAGTCCTCGAGAC-1,9
AATAATCTTCGTATCG-1,9
AATACAATGTTTCAGG-1,17
AATACCGGAGGGCTGT-1,14
AATACCTGATGTGAAC-1,16
AATAGAACAGAGTGGC-1,18
AATAGAATCTGTTTCA-1,26
AATAGCAAGCCTCCTG-1,19
AATAGCTACCGCGTGC-1,27
AATAGGCACGACCCTT-1,11
AATAGTCCGTCCCGAC-1,9
AATAGTCGCGAGTCGG-1,14
AATATCAAGGTCGGAT-1,9
AATATCCTAGCAAACT-1,10
AATATCGAATCAATGC-1,14
AATATCGAGGGTTCTC-1,3
AATATTGGAGTATTGA-1,12
AATCAGACTGCAGGAC-1,2
AATCAGGTTTCATTTA-1,4
AATCATGTAAAGACTC-1,13
AATCCAAGGGCCTGAG-1,12
AATCCATGCAAGGGTG-1,12
AATCCCGCTCAGAGCC-1,11
AATCGAGGTCTCAAGG-1,21
AATCGCGCAGAGGACT-1,7
AATCGGGACACTACGA-1,11
AATCGGTATAGCCCTC-1,9
AATCGTGAGCCGAGCA-1,1
AATCTAGGTTTACTTG-1,8
AATCTATGCCGGAGCC-1,1
AATCTCTACTGTGGTT-1,1
AATCTGCGTTGGGACG-1,36
AATCTGGCTTTCTAGT-1,13
AATCTGGGTAGACCCT-1,18
AATGACAGCAATGTCT-1,4
AATGACGTAGGATGTC-1,5
AATGACTGTCAGCCGG-1,10
AATGAGTTCGCATATG-1,8
AATGATGATACGCTAT-1,18
AATGATGCGACTCCTG-1,27
AATGCAACCGGGTACC-1,18
AATGCACCAAGCAATG-1,28
AATGGCCGCCAATGCG-1,3
AATGGTCCACCGTTCA-1,1
AATGGTTCTCACAAGC-1,11
AATGTATGGCACTGTA-1,0
AATGTGCCCGAGGTGT-1,9
AATGTGCTAATCTGAG-1,28
AATGTTAAGACCCTGA-1,12
AATTAAAGGTCGGCGT-1,0
AATTAACGGATTTCCA-1,5
AATTACGAGACCCATC-1,8
AATTACTCGTACGCTC-1,9
AATTAGCGCTGCAGCG-1,2
AATTATACCCAGCAAG-1,11
AATTCATAAGGGATCT-1,4
AATTCATTGTCATGCA-1,4
AATTCCAACTTGGTGA-1,1
AATTCCAAGCATGTAC-1,2
AATTCGATTCGAGGAT-1,12
AATTCTAGAGTTAGGC-1,4
AATTGAACGCTCTGGT-1,4
AATTGCAGCAATCGAC-1,28
AATTGCGTGGATTACA-1,1
AATTGTGGTTGCCAAA-1,7
AATTTGGGACATAGTA-1,17
AATTTGGTTCCAAAGA-1,34
ACAAACCATGCGTCCT-1,2
ACAAACCGACAAGGCG-1,12
ACAAACTCCATCAGAG-1,17
ACAAAGAAGGTAGGCC-1,1
ACAAAGCATGACCTAG-1,23
ACAAATCGCACCGAAT-1,14
ACAAATTCAGATCTGA-1,32
ACAACAGCATGAGCTA-1,7
ACAACGGTCCCTGCGA-1,2
ACAAGCAGTGCCTAGC-1,0
ACAAGCTATATGGAAG-1,12
ACAAGGAAATCCGCCC-1,14
ACAAGGACAAGAGGTT-1,2
ACAAGGATGCTTTAGG-1,19
ACAAGGCCTACCAGCC-1,11
ACAAGGGCAGGCTCTG-1,11
ACAAGTAATTGTAAGG-1,6
ACAATAGTCGTACGTT-1,21
ACAATCCATTTAAACC-1,9
ACAATCGATCTTTATA-1,3
ACAATGAATACGGAGA-1,17
ACAATGATTCTTCTAC-1,14
ACAATTGTGTCTCTTT-1,16
ACAATTTAGGAGGCTC-1,10
ACAATTTGAGCAGTGG-1,6
ACAATTTGGCCATATT-1,6
ACACAAAGACGGGTGG-1,6
ACACACCAGGACCAGT-1,10
ACACACTTTCTACACG-1,16
ACACATGATCAAATCT-1,3
ACACATTGACGCAACA-1,15
ACACATTTCCGTAGAC-1,1
ACACCACATAATTAGC-1,22
ACACCCAGCATGCAGC-1,2
ACACCCGAGAAATCCG-1,2
ACACCGAGCGCTCTTT-1,6
ACACCGGTCTGACCGC-1,9
ACACCTTAAGTAGGGC-1,11
ACACCTTACTACTTGC-1,11
ACACGAGACTCCTTCT-1,0
ACACGGCACTATGCAT-1,0
ACACGGGAACTTAGGG-1,9
ACACGTAGGCCACAAG-1,6
ACACTCCAATGTCACT-1,6
ACACTGATCAAGGTGT-1,3
ACACTGGGACAGTCGT-1,18
ACAGAACTGAGAACAA-1,15
ACAGATTAGGTTAGTG-1,16
ACAGCATAGAGCCAGT-1,20
ACAGCGACATTCTCAT-1,24
ACAGCGCACCCGCAGC-1,1
ACAGGAGGCGCAGCCG-1,12
ACAGGCACGGATCCTT-1,4
ACAGGCTTGCCCGACT-1,17
ACAGGTGGAGGTGAGG-1,0
ACAGGTGTGTTGTTGC-1,12
ACAGTAATACAACTTG-1,2
ACAGTATACCGTGGGA-1,12
ACAGTGCAGCGCATTT-1,11
ACATAAGTCGTGGTGA-1,11
ACATAATAAGGCGGTG-1,9
ACATACAATCAAGCGG-1,33
ACATCAGCTGGGACGC-1,10
ACATCCCGGCCATACG-1,20
ACATCCTGGTAACTGT-1,9
ACATCGATCGTTTACC-1,8
ACATCGCAATATTCGG-1,25
ACATCGGTCAGCCGCG-1,25
ACATCGTATGCAATGG-1,12
ACATCGTTAACCTAGT-1,5
ACATCTCAACGCGTAA-1,7
ACATGCTTACGGCAGC-1,5
ACATGGCGCCAAAGTA-1,7
ACATGGCTCAATTTAG-1,8
ACATTAGTTTATATCC-1,12
ACATTCGCGCGGAATA-1,19
ACATTTGAAACCTAAC-1,0
ACCAAACACCCAGCGA-1,33
ACCAAACTAGAAATCC-1,3
ACCAACCGCACTCCAC-1,16
ACCAACGCTTATTTAT-1,9
ACCAAGAACGCGTGTC-1,31
ACCAAGTCATCGGCAG-1,15
ACCAATATGCAAGTTA-1,11
ACCACAACTCAGAACA-1,29
ACCACAAGTTTCTATC-1,23
ACCACACGGTTGATGG-1,3
ACCACCAATGTAACAA-1,4
ACCACCCTCTCTTCTA-1,12
ACCACGTGCAGCTATA-1,16
ACCACTGTTCAAGAAG-1,11
ACCAGACCATAACAAC-1,14
ACCAGCCCGGTCTTTG-1,17
ACCAGGAGTGTGATCT-1,7
ACCAGTGCCCGGTCAA-1,4
ACCAGTGCGGGAGACG-1,0
ACCATATCCGCAATAA-1,20
ACCATCCGCCAACTAG-1,14
ACCATCGTATATGGTA-1,2
ACCATTAAGGGTGTCA-1,4
ACCCAACGCCCGTGGC-1,7
ACCCACCTACATGCTC-1,5
ACCCATCTTGAGGGTA-1,6
ACCCATTTGTCCCTCT-1,10
ACCCGAGCGAAATTAC-1,4
ACCCGATTGGTTCCGA-1,19
ACCCGGAAACTCCCAG-1,10
ACCCGGAGCACCACAA-1,8
ACCCGGATGACGCATC-1,29
ACCCGGTTACACTTCC-1,16
ACCCGTAGCAGAGAAT-1,12
ACCCGTAGTCTAGTTG-1,14
ACCCGTGTCATCAGTA-1,2
ACCCTATAGGACTGAG-1,13
ACCCTATGCCATATCG-1,0
ACCCTCCCGTCAGGGC-1,16
ACCCTCCCTTGCTATT-1,16
ACCCTGGTAACGCCCT-1,12
ACCCTTCATCTGCGAA-1,34
ACCCTTTAGTTCTCCA-1,18
ACCGAAAGGGCCCTGC-1,10
ACCGAAGAGTCTGGTT-1,8
ACCGACACATCTCCCA-1,10
ACCGACTGAGTCCCAC-1,24
ACCGAGTCTCCTTATT-1,15
ACCGATAGGCATAACC-1,12
ACCGATATTTAATCAT-1,4
ACCGATGGTAGCATCG-1,17
ACCGCAATAACTGCCT-1,14
ACCGCGGTGGAAGTCG-1,4
ACCGCTAGTCATTGGT-1,3
ACCGGGCCTTTGTTGA-1,0
ACCGGTCAGGTACACC-1,2
ACCGGTCTGAGTACGG-1,9
ACCGTCCACTGGGCCC-1,5
ACCGTGACCACGTGGG-1,5
ACCGTTCCCGCTCTGA-1,7
ACCTAAGTACCTTTCA-1,19
ACCTACAGTATGTGGT-1,17
ACCTACTATAAATCTA-1,16
ACCTCAGCGAGGCGCA-1,16
ACCTCCGCCCTCGCTG-1,8
ACCTCCGTTATTCACC-1,4
ACCTCGAACTTATGCT-1,13
ACCTGCGTGTCATGTT-1,11
ACCTTTCCTTTAGAAG-1,9
ACGAAATGGGCGGCAC-1,4
ACGACCCATGAGTTGC-1,22
ACGACTCTAGGGCCGA-1,16
ACGACTGGTCATACTC-1,25
ACGAGAACCCATCACG-1,14
ACGAGATATTTGCTTA-1,32
ACGAGGATACCACTCT-1,14
ACGAGGTTTACAACGT-1,13
ACGAGTACGGATGCCC-1,19
ACGAGTCGCCGGCGTT-1,9
ACGATACCTATCCTGA-1,1
ACGATCATACATAGAG-1,5
ACGATCATCTTGTAAA-1,5
ACGATGCATATGTTAT-1,5
ACGATGGATCCGATGC-1,16
ACGCAAACTAATAGAT-1,24
ACGCAATCACTACAGC-1,4
ACGCATAAATGACATG-1,20
ACGCATACGTTTACTA-1,29
ACGCATTCGTGAGTAC-1,15
ACGCCACTCGAAACAG-1,16
ACGCCAGATGATTTCT-1,11
ACGCCAGTGCGTTTGC-1,34
ACGCCCAGCTGTCGAT-1,24
ACGCCGCTAGACGACC-1,16
ACGCCTGACACGCGCT-1,9
ACGCGAAGTCAGACGA-1,0
ACGCGCTACACAGGGT-1,24
ACGCGGGCCAAGGACA-1,3
ACGCGTTTCTTAAGAG-1,0
ACGCTAGTGATACACT-1,15
ACGCTGTGAGGCGTAG-1,19
ACGCTTAGTGTCTCTC-1,6
ACGGAACACGAGTGCC-1,11
ACGGAATTTAGCAAAT-1,10
ACGGACGCAGCGACAA-1,2
ACGGACTCTCAAAGCG-1,2
ACGGAGCGCAAATTAC-1,10
ACGGATGGTGCGGATA-1,16
ACGGCACTTGCTTGGG-1,12
ACGGCCAACATGGACT-1,17
ACGGCGACGATGGGAA-1,13
ACGGCGGGTTGCCCTG-1,5
ACGGCTGGATGTAGAA-1,1
ACGGGAGTGTCGGCCC-1,34
ACGGGCGTATGCGACA-1,11
ACGGGTCATGTGACTT-1,8
ACGGGTTGTGACCTGT-1,14
ACGGTACAGTTCAATG-1,4
ACGGTCACCGAGAACA-1,9
ACGTACAGATTTCTCT-1,19
ACGTACTTTGGCACGG-1,17
ACGTAGATTGCTGATG-1,31
ACGTAGGAGAGTCGCT-1,4
ACGTATTACTCCGATC-1,18
ACGTCCTAAACGAGAT-1,11
ACGTCGGGCAACTCGG-1,17
ACGTCTCGTTCCGGGA-1,5
ACGTGACAAAGTAAGT-1,8
ACGTGCGCCTCGTGCA-1,5
ACGTGGTCGAATGTGC-1,20
ACGTTAGATTTGCCCG-1,10
ACGTTATTGGTCACTC-1,9
ACGTTCACTATGCCGC-1,7
ACGTTCCGCGCTCCGT-1,9
ACGTTCGCAATCAATT-1,10
ACGTTCGTTCAGGAAA-1,15
ACGTTCTGTACAAGTC-1,15
ACGTTGTCGTTGAAAG-1,11
ACGTTTAGTTGTGATC-1,7
ACGTTTCGGTGCACTT-1,2
ACTAATACGTCAGGCG-1,4
ACTACAAAGAGAGGTG-1,14
ACTACATCCCGACAAG-1,3
ACTACCAGCTCTCTGG-1,16
ACTACCATCCGAGGGC-1,36
ACTACGCGTTAGAATT-1,20
ACTAGTTGCGATCGTC-1,19
ACTATATGCTGTGTTC-1,7
ACTATCCAGGGCATGG-1,17
ACTATCGCCGGCTAAA-1,8
ACTATCTGCCCGCGTA-1,4
ACTATGTCCAGCTGCC-1,5
ACTATTCGTCCGTGGT-1,9
ACTATTTCCGGGCCCA-1,16
ACTCAACGAATGTATT-1,13
ACTCAAGTGCAAGGCT-1,1
ACTCAATAAAGGCACG-1,7
ACTCAGACCTGCTTCT-1,6
ACTCATGGCAGCCTTC-1,15
ACTCCAATATCATCAT-1,28
ACTCCCATTCCTAAAG-1,2
ACTCCCGAATTCGTTT-1,29
ACTCCCGTAGACTAGG-1,8
ACTCCCTAATGCTAAA-1,15
ACTCCCTAGAATAGTA-1,17
ACTCCGGCCGACCACT-1,4
ACTCGATGTATTTCAT-1,3
ACTCGCCGTTCGATAA-1,8
ACTCGCGATCTGACGC-1,7
ACTCGTAACCCGTCCT-1,25
ACTCGTCAGTAATCCC-1,6
ACTCTAAACCTGGGAT-1,5
ACTCTCTGACTTAGGT-1,3
ACTCTCTTATACACGA-1,23
ACTCTGACCTAATAGA-1,4
ACTCTTGTATAGTAAC-1,20
ACTGAAACGCCGTTAG-1,26
ACTGAATGGCGAAAGT-1,6
ACTGATTTAGTGATTC-1,2
ACTGCCCGCCATTCTC-1,18
ACTGCCGTCGTAACTC-1,11
ACTGCGGACACACCGT-1,13
ACTGCTCGGAAGGATG-1,2
ACTGGCGAACCTGCGT-1,26
ACTGGGATGCCAGTGC-1,0
ACTGTACGATACACAT-1,5
ACTGTAGCACTTTGGA-1,4
ACTGTATACGCGAGCA-1,13
ACTGTCCAGGATTATA-1,1
ACTGTCTTCTTTAGAA-1,14
ACTGTGCTAGTAGATC-1,7
ACTGTTTAGTGTAGGC-1,10
ACTTACCGGGCGCGCA-1,17
ACTTACGCATCCACGC-1,0
ACTTAGTACGACAAGA-1,5
ACTTATACTTACCCGG-1,7
ACTTATCTGATCTATA-1,17
ACTTATTAGGATCGGT-1,2
ACTTATTTATGTGCCA-1,11
ACTTCAGGCTGATCCC-1,13
ACTTCCAGTGGAAGCT-1,14
ACTTCCATGCGGGACA-1,12
ACTTCCTGTCGTGCGA-1,12
ACTTCGCCATACGCAC-1,5
ACTTGACTCCCTCTTT-1,14
ACTTGCCATATTGTAC-1,9
ACTTGCTCTATCTACC-1,15
ACTTGGGACCCGGTGG-1,7
ACTTGGGCTTTCGCCA-1,6
ACTTGTAGTCCCTTCA-1,5
ACTTGTGGATGGAACG-1,11
ACTTGTTACCGGATCA-1,4
ACTTTACCCTCATGAA-1,19
ACTTTATACACCACTT-1,0
ACTTTCCTATAGCTTC-1,2
ACTTTGACTGCATCCT-1,6
ACTTTGGTCGTGCTCC-1,5
ACTTTGTCGACGCACT-1,8
AGAAATTATGACTCGC-1,4
AGAACACGGCGATGGT-1,1
AGAACCCAGCGTGACA-1,14
AGAACCCTCAATTGGG-1,3
AGAACGTGGTACATTC-1,26
AGAACTGTACTTTGTA-1,4
AGAAGAGCGCCGTTCC-1,3
AGAAGGTACACTTCAC-1,8
AGAAGGTTGCCGAATT-1,4
AGAAGGTTGTAGGTCG-1,26
AGAAGTGATTCGTGAT-1,6
AGAATAAATCTTCAGG-1,13
AGAATACAGGCTATCC-1,15
AGAATGCGGGTTCGGA-1,3
AGAATTATGGATTCGA-1,5
AGAATTGTTTGACATA-1,3
AGACAGCTCAGAATCC-1,13
AGACAGGCATCTCAGC-1,20
AGACATAGATCCTTCC-1,6
AGACCAAACCACACCT-1,8
AGACCATGGGATACAA-1,2
AGACCCACCGCTGATC-1,10
AGACCCGCCCTCCTCG-1,19
AGACCGCTCCGCGGTT-1,17
AGACCGGGAAACCCTG-1,10
AGACGAAGTGCCGGTC-1,8
AGACGACGATGCCGCT-1,13
AGACGCCCACTTCGCC-1,14
AGACGGGATTGGTATA-1,1
AGACGGGCCGATTTAA-1,1
AGACTAGCCTTCCAGA-1,7
AGACTGTTACCGGGTC-1,4
AGAGAAACACCAGAAA-1,17
AGAGAACCGTCTAGGA-1,1
AGAGAAGGAGTACAAT-1,3
AGAGATCTCTAAAGCG-1,35
AGAGCAGTTATGAGAC-1,14
AGAGCCGCCGAGATTT-1,12
AGAGCGCTTGTAACGG-1,9
AGAGCGGGCTAATCAT-1,4
AGAGCGTACAAGCTCG-1,9
AGAGCTACGAAAGCAT-1,5
AGAGGCTTCGGAAACC-1,14
AGAGGGACAATTGTCC-1,12
AGAGGTATCTCGGTCC-1,1
AGAGTAAACTTCACTA-1,13
AGAGTATAGTGTTACG-1,1
AGAGTGAACAGACACC-1,15
AGAGTTAGAGACCGAT-1,11
AGAGTTGCAGGCCTCC-1,1
AGATAACTTCAGGGCC-1,5
AGATAATCACACCTAT-1,16
AGATACCAATAGAACC-1,0
AGATACCAGCACTTCA-1,17
AGATACCGGTGTTCAC-1,28
AGATACGACTTCATAT-1,18
AGATACTCAAGATCGA-1,12
AGATATAATACGACTA-1,14
AGATCTCAGGTGTGAT-1,5
AGATCTGGAGAGGATA-1,19
AGATGACTCGCCCACG-1,5
AGATGAGGGTTGCGAT-1,0
AGATGATGGAGTCTGG-1,1
AGATGCAAGACGTGCA-1,5
AGATGCATCCTGTGTC-1,5
AGATGCTATAACGAGC-1,8
AGATTATAGGACGTTT-1,9
AGATTCAAGCGGGTCG-1,6
AGATTCACAACCGATA-1,11
AGCAAAGGCCGCTAGT-1,2
AGCAACATATCTTATT-1,16
AGCAACCGAAAGTAAT-1,19
AGCACACGTTTAGACT-1,33
AGCACCAGTACTCACG-1,10
AGCACTACCGGCCTGT-1,3
AGCACTACCTCACCAG-1,23
AGCACTTAAGGACGCC-1,5
AGCAGAAGGAGAAAGA-1,1
AGCAGCCAGATGAATA-1,19
AGCAGTCGAAGCATGC-1,2
AGCATATCAATATGCT-1,16
AGCATCATTTCGAAAG-1,11
AGCATCGTCGATAATT-1,18
AGCATTACGAGGCAAG-1,12
AGCCAAGCTTTGTGTC-1,4
AGCCACAGGTTACCCG-1,15
AGCCATATAGTATGTG-1,12
AGCCCATACATGTAAG-1,4
AGCCCGCAACAAGCAG-1,20
AGCCCGGCATTAGAGG-1,5
AGCCCGGTAGCCTGTA-1,33
AGCCCTAAGCGAAGTT-1,11
AGCCCTCCCTGGTGGC-1,12
AGCCCTGTCGCACCGT-1,0
AGCCCTTGGACATCCC-1,8
AGCCGCAAATTCAAAT-1,7
AGCCGCTTGATTAGCG-1,10
AGCCGTGGCTAAATGT-1,9
AGCCTAATACCCACGT-1,20
AGCCTTAAAGCGGAAG-1,10
AGCCTTGTCACTGATA-1,1
AGCGACAGGAACGGTC-1,2
AGCGACATCCCATTCA-1,26
AGCGACCAACGATATT-1,16
AGCGACTTTGAAGACA-1,11
AGCGAGACGTGAAGGC-1,7
AGCGATGCGCCTAATA-1,8
AGCGCATAATGAATCG-1,0
AGCGCGGGTGCCAATG-1,17
AGCGCTAGAGCGATGT-1,14
AGCGCTTATGGGCAAG-1,17
AGCGGACACTTCGTAG-1,24
AGCGGCGGTTAGCGGT-1,9
AGCGGGAAGGGTCCAT-1,10
AGCGGGTCTGACACTC-1,19
AGCGGTTGAGATGTAC-1,1
AGCGGTTGCCGCTCTG-1,6
AGCGTACGAGAGCTAG-1,7
AGCGTAGCGCTAGACC-1,13
AGCGTCTGAACCCGCA-1,8
AGCGTGGTATTCTACT-1,16
AGCGTTCCGATTTAAA-1,4
AGCTAACAAGCAATGT-1,15
AGCTAAGCTCCGTCCG-1,18
AGCTAAGTACGCAGGC-1,18
AGCTATTTAATCCAAC-1,6
AGCTCCATATATGTTC-1,0
AGCTCCTTCGCACATC-1,9
AGCTCTAGACGTTCCA-1,3
AGCTCTTCCCAGTGCA-1,6
AGCTCTTCGTAACCTT-1,7
AGCTCTTTACTCAGTT-1,5
AGCTGAAGTAAACCAA-1,2
AGCTGCATTTGAGGTG-1,6
AGCTGCTGTGCCGAAT-1,4
AGCTGTAACCTCAATC-1,17
AGCTTATAGAGACCTG-1,3
AGCTTCAATACTTTGA-1,3
AGCTTCTTCTCGAGCA-1,17
AGCTTGATCAGGGTAG-1,16
AGCTTGATCTTAACTT-1,4
AGGAAAGCCTCTGATG-1,8
AGGAACGAACGACTTC-1,13
AGGAAGCTGTCCGCCG-1,16
AGGACATCGCACGTCG-1,7
AGGACATCGGCACACT-1,16
AGGACGACCCATTAGA-1,4
AGGACGCTCGATGTTG-1,6
AGGACTTATAGGAGAA-1,0
AGGAGACATCCACAGT-1,15
AGGAGAGTCTGGCTAC-1,19
AGGAGGCCTTCGCGCG-1,5
AGGATAAAGTCGGGAT-1,20
AGGATATAGGGATTTA-1,8
AGGATATCCGACTGCA-1,3
AGGATCACGCGATCTG-1,16
AGGATTGCTTACGACA-1,6
AGGCAAAGAGGAATCA-1,9
AGGCAATACGGAGGAC-1,5
AGGCACGTGACTGTCC-1,19
AGGCAGATGCGTAAAC-1,4
AGGCAGGGAGCGTACT-1,15
AGGCATTGTCGTAGGG-1,4
AGGCCACATTGGTTAC-1,23
AGGCCACCCGTTATGA-1,21
AGGCCCAGTGACTGGT-1,4
AGGCCCATTGTACAGG-1,3
AGGCCCTAGAACGCCA-1,30
AGGCCTATCATACCAA-1,3
AGGCCTGAGAATCTCG-1,11
AGGCGATAACTGGCGT-1,9
AGGCGGTTTGTCCCGC-1,5
AGGCGTCTATGGACGG-1,12
AGGCTATGGTTAGCTT-1,4
AGGCTTAAGTTGCACA-1,6
AGGCTTCCCGAAGAAG-1,10
AGGCTTGCTAGACACC-1,0
AGGGAAACGAGGTACT-1,19
AGGGACAGCACGGCGG-1,13
AGGGACCGGCTGCGTT-1,1
AGGGACTCTACGCGAC-1,7
AGGGAGACATACTTCG-1,8
AGGGCAGCGGCGTGGT-1,17
AGGGCCCTAATGTTCT-1,17
AGGGCGAGCAGCTGAT-1,28
AGGGCGTGATCGGCTA-1,1
AGGGCTGCAGTTACAG-1,2
AGGGTCAGAGCACTCG-1,3
AGGGTCAGTAACCCTA-1,15
AGGGTCGATGCGAACT-1,10
AGGGTCTGGACGCAGT-1,14
AGGGTGCCGTTCTTTA-1,19
AGGGTGCTCTCGAGGG-1,0
AGGGTGGATAGTGCAT-1,14
AGGGTGTGCTACACGC-1,26
AGGGTTCAGACGGTCC-1,0
AGGGTTCCCTTTGGTT-1,16
AGGGTTTAGTTCGGGA-1,4
AGGTAACCTCCTATTC-1,15
AGGTACGATATTGCCA-1,0
AGGTAGATCGAGATAT-1,18
AGGTAGGTACAAAGCT-1,5
AGGTATAATTGATAGT-1,1
AGGTATGCGGACATTA-1,11
AGGTCAGGTGAGAGTG-1,0
AGGTCGCCACTTCGGT-1,7
AGGTCGCCTCCCAACA-1,4
AGGTCGCGGAGTTACT-1,4
AGGTGCACGTCCACAT-1,12
AGGTGGTGACCTTCGC-1,3
AGGTGTATCGCCATGA-1,5
AGGTGTTGCCGACCAC-1,7
AGGTTACACCATGCCG-1,32
AGGTTCTCCTTTCCGG-1,0
AGGTTGAGGCACGCTT-1,19
AGTAACGTTCATCCTG-1,30
AGTAACTATAGCAGCC-1,16
AGTAAGGGACAGAATC-1,2
AGTAATCTAAGGGTGG-1,12
AGTAATGTCTTGCCGC-1,16
AGTAATTTGCAAGCGT-1,6
AGTACAGAAGCTTATA-1,15
AGTACATCATTTATCA-1,24
AGTACCTTCGAGTGCT-1,3
AGTACGGCCCGTATCG-1,10
AGTACGTGGCCTGTCT-1,20
AGTACTCTTATGCCCA-1,8
AGTAGAAGGCGCCTCA-1,4
AGTAGCGTGAACGAAC-1,1
AGTAGCTAGACGCCGA-1,16
AGTAGGAAGGAAGTTG-1,3
AGTAGGTAACATACAT-1,10
AGTATAATACTAGGCA-1,3
AGTATACACAGCGACA-1,24
AGTATCCATAATAACG-1,15
AGTATGCTGGAGACCA-1,13
AGTATTTGGCACGACC-1,20
AGTCAAATGATGTGAT-1,12
AGTCAACACCACCATC-1,20
AGTCAAGATGACACTT-1,17
AGTCACTAGCTCTCGA-1,13
AGTCACTCCGCCTCAT-1,27
AGTCAGCCACCGCCTG-1,9
AGTCCAGCGGGTACGT-1,9
AGTCCATTGGCTGATG-1,8
AGTCCCGCCTTTAATT-1,6
AGTCCCTCGCAGAAAG-1,0
AGTCGAAACGATTCAG-1,0
AGTCGACGGTCTCAAG-1,38
AGTCGGCCCAAACGAC-1,4
AGTCGGCTCAACTTTA-1,2
AGTCGGTTGCGTGAGA-1,17
AGTCGTATAAAGCAGA-1,15
AGTCGTCGACCACCAA-1,24
AGTCGTGGGCATTACG-1,13
AGTCTAAAGTATACTC-1,10
AGTCTCACAAGACTAC-1,9
AGTCTGGACATCCTTG-1,1
AGTCTTCTCCTCAAAT-1,17
AGTCTTTAAAGTGTCC-1,4
AGTGAACAAACTTCTC-1,13
AGTGAAGATGGTGTCC-1,10
AGTGACCTACTTTACG-1,25
AGTGACTGTGACACAA-1,21
AGTGAGACTTCCAGTA-1,7
AGTGAGGGTTTCTGAC-1,4
AGTGAGTCGAATTAAC-1,20
AGTGATAACCTGCGCG-1,2
AGTGATATGAGTAGTT-1,10
AGTGATTCAAGCAGGA-1,1
AGTGCACGCTTAAGAA-1,0
AGTGCGTAGCTCGTAA-1,14
AGTGCTAAACACAGCA-1,11
AGTGGCCCGCAAATGG-1,19
AGTGGCGGCAATTTGA-1,3
AGTGGCGTCTGAAGGT-1,29
AGTGGCTCCGTCGGCC-1,0
AGTGGGAGTATACACG-1,5
AGTGGTGTTACCCGTG-1,10
AGTGGTTGCGTATAGG-1,8
AGTGTATTGCGCATTG-1,3
AGTGTGCTAAGATCGC-1,13
AGTGTGGTCTATTGTG-1,0
AGTTAAACACTTGCGA-1,2
AGTTAAGCGGTCCCGG-1,27
AGTTAAGTCAACCGCT-1,8
AGTTACCCTTAAGACT-1,10
AGTTACCGCACATGGT-1,3
AGTTACTCTATCGTGG-1,11
AGTTATTGAAAGGTAA-1,2
AGTTCACCGGTTGGAC-1,5
AGTTCCTACAGAATTA-1,13
AGTTCCTATTTATGTT-1,9
AGTTCTGCGTTGTATC-1,8
AGTTGACATCGGCTGG-1,13
AGTTGACGGTCCTTGC-1,9
AGTTGCGGTCCTCAAC-1,1
AGTTGCTGACTGATAT-1,13
AGTTGGCAAGGCTAGA-1,2
AGTTTATGTAAAGACA-1,15
AGTTTCGCAGGTCGGA-1,7
AGTTTGCACCTGCCTC-1,6
AGTTTGGCACGGGTTG-1,13
AGTTTGGCCAGACCTA-1,4
ATAAACCATTGGACGG-1,2
ATAAACGGACCCGTAA-1,1
ATAAACGTTGCACCAC-1,7
ATAAAGGCTCGGTCGT-1,0
ATAAAGGTCAAGTACG-1,18
ATAAATATTAGCAGCT-1,1
ATAACGCCGGAGGGTC-1,33
ATAACGGAGTCCAACG-1,20
ATAACGTTACCTCCAC-1,7
ATAAGCAAACACCGAG-1,29
ATAAGGTGGAGAACAT-1,4
ATAAGTACCCGATTGT-1,23
ATAAGTAGGATTCAGA-1,16
ATAAGTAGGGCGACTC-1,16
ATAAGTTACCGCGACG-1,2
ATAATACCGTTAGCCG-1,8
ATAATAGCTGTTGAAT-1,0
ATAATAGTGTAGGGAC-1,3
ATAATCTTGGAGAACC-1,6
ATAATTAGCTAAGTAG-1,25
ATACAGCGTCCACTGA-1,1
ATACAGGCCCTCCAAT-1,11
ATACCACGGGCAACTT-1,28
ATACCAGCAAATTGCT-1,8
ATACCAGGCTAATAGA-1,3
ATACCAGGTGAGCGAT-1,13
ATACCCTCCCGGCCAA-1,5
ATACCCTGGCTCAAAT-1,6
ATACCGTCATCCATAA-1,4
ATACCTAACCAAGAAA-1,4
ATACGAAGGCTTTCCA-1,0
ATACGACAGATGGGTA-1,6
ATACGAGGTTTGTAAG-1,15
ATACGCCGATCTACCG-1,7
ATACGGAACGTCGTTT-1,13
ATACGGTGAAGATGCA-1,3
ATACGTACTTAGCCAC-1,9
ATACGTCCACTCCTGT-1,19
ATACGTTATGCACGGA-1,29
ATACTACCCGTACCAC-1,4
ATACTAGCATGACCCT-1,14
ATACTCTCGCCACTCT-1,16
ATACTGCCTTACACCG-1,11
ATACTTGTTCTCGAGC-1,8
ATAGACAACGGGACCT-1,37
ATAGACGAAGAGAAAG-1,13
ATAGAGTACTGGGACA-1,10
ATAGAGTTATCAACTT-1,5
ATAGATTTGCAGTCGG-1,12
ATAGCAACTAGGGAAG-1,38
ATAGCCTCAGTACCCA-1,1
ATAGCTGCTCTTGTTA-1,7
ATAGGAATCTAAGCTT-1,12
ATAGGCGGCTATAGAA-1,27
ATAGGCTAGCTTCGCA-1,18
ATAGGGATATCCTTGA-1,10
ATAGGTTGGGCAGATG-1,15
ATAGTCTTTGACGTGC-1,0
ATAGTGAAGCGTTCTC-1,6
ATAGTTCCACCCACTC-1,29
ATATAAAGCGCTCGTG-1,5
ATATAAATGTAGCTGC-1,20
ATATAACACGGGCGCA-1,10
ATATACATGTATGGTA-1,2
ATATACGCTCGTGACG-1,15
ATATAGAGTATTGGTC-1,5
ATATCAACCTACAGAG-1,4
ATATCAATTCCAGCCT-1,8
ATATCGGTAGGGAGAT-1,7
ATATCGTGCCAGACCC-1,31
ATATCGTTCCTCGAAC-1,29
ATATCTCCCTCGTTAA-1,6
ATATCTTAGGGCCTTC-1,2
ATATGGGATAGCAACT-1,18
ATATGTCTAGAGCGTG-1,1
ATATGTCTCCCTAGCC-1,3
ATATGTGCACAAACCA-1,19
ATATTATCCCGTATTT-1,34
ATATTCAGTTAAACCT-1,14
ATATTCCACATAGTGA-1,14
ATATTCCCACAGGTCA-1,0
ATATTGCTGTCAAAGT-1,5
ATATTGGAGAGGCCTT-1,9
ATATTTAACCCTCAAG-1,5
ATCAAACACTGTTCCA-1,17
ATCAAACGAAGGTTTG-1,27
ATCAAAGAGCCGTGGT-1,4
ATCAAGATCCCAGGAC-1,2
ATCAATCTGGGCTGCA-1,10
ATCAATGCCGTGGCTG-1,9
ATCACATTAGAATATC-1,10
ATCACGTGCTAATTAA-1,16
ATCACTTCATCCTCGC-1,28
ATCAGAAGCTGGTTGC-1,1
ATCAGACGGCACGCCG-1,25
ATCAGCCTCATGCTGC-1,12
ATCAGCTCGTCCACTA-1,10
ATCAGGTAGCTGACAG-1,9
ATCAGGTCGCCATTGC-1,22
ATCAGTAGGCAGGGAT-1,21
ATCATAGATCGACGAG-1,5
ATCATAGCCCTATGTA-1,16
ATCATCCAATATTTGT-1,6
ATCATCTGCCCAGTGT-1,1
ATCATGGACTACCGAC-1,29
ATCATTGTACCGCATT-1,12
ATCCAACGCAGTCATA-1,7
ATCCAATGGAGGGTCC-1,21
ATCCAATGGTACCGAA-1,0
ATCCACATCGACAGAA-1,12
ATCCACGCTAAATGTT-1,18
ATCCACTTTCAGACTA-1,0
ATCCAGAGCAACAACC-1,14
ATCCCATCCACAGCGC-1,2
ATCCCATTTCCGTGGG-1,3
ATCCGGACCAGCCTGA-1,14
ATCCTACCTAAGCTCT-1,5
ATCCTGAATCGCTGCG-1,7
ATCCTGCGTGGAATGG-1,15
ATCCTGCTGCAGATAG-1,1
ATCCTTCTGAAAGAAC-1,13
ATCGACCCAATACAGA-1,16
ATCGACTCTTTCCGTT-1,11
ATCGCACGATTGTTCA-1,9
ATCGCACGCCGGGAGA-1,33
ATCGCCAGTCAACATT-1,7
ATCGCCGTGGTTCATG-1,12
ATCGCTGCGTGCAGCA-1,25
ATCGGAGACAGACGGC-1,7
ATCGGCAAGCAGTCCA-1,38
ATCGGTTACCTAGTAA-1,8
ATCGTATTCCGAGAAC-1,4
ATCGTCCAATCGAGTC-1,7
ATCGTGGAAAGTCTGG-1,1
ATCGTTAGCTAGCGGA-1,20
ATCGTTCACTTTCGCC-1,7
ATCTAACGTCCCTATG-1,28
ATCTAATATCCTACGG-1,4
ATCTACCATCTGCTCC-1,6
ATCTAGCTTGTGAGGG-1,29
ATCTATCGATGATCAA-1,12
ATCTCATAAACCTACC-1,6
ATCTCCCACGGAATAT-1,1
ATCTCCCTGCAATCTA-1,23
ATCTCGTGAGCGAAAC-1,34
ATCTGACATGGAAGGA-1,16
ATCTGATAGTGTCTTA-1,26
ATCTGCTGTTATCGCC-1,2
ATCTGGGCTGTTCTTG-1,6
ATCTGGTTAAGACTGT-1,7
ATCTGTAATTGTACCC-1,4
ATCTTAGGGCATTAAT-1,6
ATCTTATCGCACACCC-1,10
ATCTTGACCTGCAACG-1,0
ATCTTGACTTGTCCAA-1,36
ATCTTTCGTATAACCA-1,6
ATGAAGCCAAGGAGCC-1,22
ATGAAGTGGACCCAGC-1,19
ATGACGCCGGCTCTAA-1,20
ATGACGCGTTCTATCC-1,14
ATGACTATCAGCTGTG-1,17
ATGACTATGCGACATT-1,8
ATGAGGAGTGTTAATC-1,7
ATGAGGGCAGCGGCTA-1,13
ATGATCGGGAATAGAC-1,4
ATGATGCAATGGTACA-1,0
ATGCACCTTCCTTAAT-1,5
ATGCACGCGCTGTTCA-1,6
ATGCACTACCGCATTG-1,4
ATGCATGATCCAGGAT-1,10
ATGCATTCCGTGATGG-1,10
ATGCCAATCGCTCTGC-1,10
ATGCCATTTGCGACCA-1,10
ATGCCGGTCTTGCATA-1,3
ATGCCGGTTGATGGGA-1,0
ATGCGACAATTGGTCC-1,11
ATGCGACAGTCCCATT-1,12
ATGCGAGTCCCACCAC-1,14
ATGCTCAGTGTTGCAT-1,7
ATGCTCTGGCGCGGTA-1,11
ATGCTTAGGAGTTGAT-1,29
ATGGAAATTTAAGGAG-1,11
ATGGAACAGAATAAAC-1,11
ATGGAACCTTTGCACA-1,7
ATGGACTGCTTAGTTG-1,6
ATGGAGCAGGCCGTGA-1,20
ATGGATCCGGCGTCCG-1,9
ATGGATTGACCAAACG-1,9
ATGGCAGCATTACGAT-1,5
ATGGCAGCCGAGAAAC-1,9
ATGGCGGAATAGTCGC-1,2
ATGGCTGGAAATGGCC-1,4
ATGGGAACGGAAGCGG-1,19
ATGGGACCTGCTGAAC-1,6
ATGGGCCTCGGCCTCT-1,14
ATGGGTGTATACCTCC-1,0
ATGGTATTGGGAACCG-1,10
ATGGTATTTACTGATT-1,15
ATGGTCGCGTGGTTTC-1,6
ATGGTGCTCAAAGCCA-1,4
ATGGTTACGAAACATG-1,11
ATGTAAGGCTGCTCTT-1,0
ATGTACATGCGGTGAG-1,7
ATGTACGATGACGTCG-1,19
ATGTAGCGCGCGTAGG-1,6
ATGTCATAATAAACGA-1,17
ATGTCATTTCCCATTG-1,11
ATGTCTTGTTTGACTC-1,3
ATGTGAAAGCCTAATG-1,2
ATGTGCATCCGACGCA-1,34
ATGTGGACATCTTGAT-1,5
ATGTGTAGTTTAGTCA-1,11
ATGTTACGAGCAATAC-1,13
ATGTTCCTGCCCACCT-1,26
ATGTTCGTCGACCCAC-1,1
ATGTTGATTAGAGACT-1,18
ATGTTGTAGTCTGTTT-1,10
ATGTTTGTAAGATCAT-1,3
ATTAAACATGCGGACC-1,0
ATTAAAGCGGACGAGC-1,22
ATTAACACCTGAGATA-1,11
ATTAATACTACGCGGG-1,11
ATTAATTCGGTCACTC-1,7
ATTACAACTACCGGCC-1,4
ATTACATGTCAGTCTT-1,0
ATTACCACACTGCCTG-1,4
ATTACGACTCCACAGT-1,6
ATTACGCGCTGGCAGG-1,24
ATTACGGGCTACGGTT-1,6
ATTACTAGCCTCTTGC-1,6
ATTAGATTCCTCAGCA-1,0
ATTAGATTGATAGCGG-1,2
ATTAGGCGATGCTTTC-1,10
ATTATACTTTGCTCGT-1,21
ATTATAGCTACTTTAC-1,29
ATTATCGGAATGTACG-1,6
ATTATCTCGACAGATC-1,5
ATTATGAGACCCAATT-1,8
ATTATGCCATAGGGAG-1,3
ATTATGCTCAGTATTG-1,11
ATTATTATGTCCGTCA-1,10
ATTATTCAGAGTCACT-1,8
ATTCAAAGTACCTGTT-1,5
ATTCAACCATTTAAGG-1,13
ATTCACTGATGTTGGA-1,1
ATTCAGATGAATCCCT-1,4
ATTCAGGACCTATTTC-1,3
ATTCAGGATCGCCTCT-1,0
ATTCAGTAGCAGGGTC-1,14
ATTCATATACTGTCCA-1,3
ATTCATCGTTGAGGCA-1,19
ATTCCCACATAAACAA-1,3
ATTCCCGAAGGTACAG-1,1
ATTCCTAAGACGTGGA-1,33
ATTCCTCCGCCAGTGC-1,2
ATTCCTTCCAGGCGGT-1,8
ATTCGACGCCGGGCCT-1,4
ATTCGCGCCTTGAGAG-1,2
ATTCGTGCTATCTCTT-1,14
ATTCGTGTACCCATTC-1,2
ATTCTCGTCTCTTTAG-1,12
ATTCTGAGTATGAACT-1,4
ATTCTTCGTACTTATG-1,0
ATTGAAGATCTTAGTG-1,0
ATTGACCGGCGATGAC-1,18
ATTGACGTAACTCGGT-1,19
ATTGATAGCAACGAGA-1,8
ATTGATCACCACATTT-1,8
ATTGATGAGTCCTAAC-1,17
ATTGCCTATTAGACCG-1,12
ATTGCCTTTATGTTTG-1,21
ATTGCGATCAGTAACT-1,16
ATTGCTGCTCCTCCAT-1,19
ATTGGATTACAGCGTA-1,18
ATTGGGAATATCTTGG-1,15
ATTGGGAGTTCTGTAA-1,20
ATTGGTAGGATCCGCT-1,22
ATTGGTTGTGCATTAC-1,4
ATTGTACAACTCGGCT-1,6
ATTGTCGCAATACCTT-1,1
ATTGTCTGTTTCATGT-1,18
ATTGTGACTTCGCTGC-1,7
ATTGTTCAACGATCCG-1,13
ATTTAACTCGTATTAC-1,3
ATTTACAGTTTACTGG-1,11
ATTTACTAAGTCCATT-1,0
ATTTATACTGGTAAAG-1,1
ATTTCATTATTTCGCG-1,20
ATTTCCGGGTTCTGCG-1,12
ATTTGCCTAGTTACGA-1,5
ATTTGCGCGAGTAGCT-1,9
ATTTGGAGATTGCGGT-1,7
ATTTGTTCCAGGGCTC-1,9
CAAACCAGGTCTGCAT-1,14
CAAACCATAAGCGTAT-1,1
CAAACCCTCCGGCGGG-1,3
CAAACGAGTATCGCAG-1,10
CAAACGGTCGCACTTT-1,5
CAAACGTGGTCTTGCG-1,1
CAAACTACGATAGAGA-1,1
CAAACTATTGAGCTTC-1,1
CAAACTCGCGACGCCG-1,4
CAAAGATTATTGGGCC-1,6
CAAAGGTCATCTGAAA-1,18
CAAAGGTTAAATTCAG-1,24
CAAAGTCAGGTTAGCT-1,13
CAAATCTCTCACAAGG-1,34
CAAATGCGGAGTGTTC-1,8
CAAATGTCCTTCCGTG-1,3
CAAATTGGATTATGCC-1,15
CAAATTGTCAGCAAGC-1,5
CAACACATCTCCTGCC-1,22
CAACAGAATAACGCTA-1,16
CAACAGTGCCAAACGG-1,17
CAACATGGCCTGATAA-1,19
CAACCAGTGGCCTACC-1,22
CAACCGCACCTAGACA-1,9
CAACCTACCGAGCAGT-1,18
CAACCTGAACCTGCCA-1,6
CAACGACCCGTTTACA-1,17
CAACGAGCTTATTATG-1,0
CAACGCGATGAGCCAA-1,22
CAACGGTTCTTGATAC-1,0
CAACGTGGTGGAGTCT-1,12
CAACTATATCGAATGC-1,20
CAACTCCAACGTTTAG-1,3
CAACTCCTTGATCCCG-1,0
CAACTGAGGGTATGAC-1,7
CAACTGCTCATCCGAT-1,1
CAACTTGTAGTGGGCA-1,1
CAAGAAACCCTAAACT-1,15
CAAGACTCAGAAGCGC-1,4
CAAGAGGGCGGAGTAC-1,15
CAAGATATTATAACGT-1,11
CAAGCAACGTCGGAGT-1,9
CAAGCACCAAATGCCT-1,34
CAAGCGGCACATAATT-1,24
CAAGGCCAGTGGTGCA-1,15
CAAGGGAGTGTATTTG-1,2
CAAGGTCCTATAGGCT-1,17
CAAGTAAGTGATAGAC-1,10
CAAGTCGTTGAAATCT-1,18
CAAGTGAACTTTGGTT-1,6
CAAGTGTGGTTGCAAA-1,28
CAATAAACCTTGGCCC-1,15
CAATACGAGAGTCTGA-1,6
CAATACGCTCTGAGGC-1,4
CAATATGTAGATTTAC-1,4
CAATATTCTTGACCTA-1,14
CAATATTGGACTAGTG-1,16
CAATCCATTATCCGTT-1,3
CAATCCCTATACCAGC-1,21
CAATCCTGCCGTGGAG-1,14
CAATGACCCTTAATTT-1,1
CAATGAGGTTCGACTA-1,15
CAATGCGAGAAGTATC-1,22
CAATGGAATCTACATA-1,5
CAATGGATCTCTACCA-1,14
CAATGGTCGGCCTGGG-1,2
CAATGTGCCAACCCTT-1,16
CAATTAAGGGTGATGA-1,4
CAATTGGGCCGCACTC-1,14
CAATTTCGTATAAGGG-1,15
CAATTTGACCGGGAAG-1,5
CACAAGAAAGATATTA-1,20
CACAAGCTAAGAAAGG-1,2
CACAATGAGCTGCTAT-1,0
CACACACGCTAACGAG-1,13
CACACAGCTTGCGCTC-1,13
CACACAGGGATAGATT-1,15
CACACGCGCTGTCTTA-1,12
CACACGTTTCAATGGG-1,11
CACACTTGTATTGCGA-1,15
CACAGAGACGAGGACG-1,15
CACAGCACCCACGGCA-1,6
CACAGCTAGGGAGTGA-1,18
CACAGGGCCATATAGT-1,3
CACAGGGCCGTTGTCA-1,1
CACAGTCCCGCTTCGC-1,13
CACAGTTCGCTTCCCA-1,14
CACATAAGGCGACCGT-1,4
CACATATTAGCAGGAT-1,4
CACATCGTGCACGCGC-1,3
CACATCTCACCGACGA-1,5
CACATGATTCAGCAAC-1,28
CACATGTTTGGACATG-1,8
CACATTCTTTCGATGG-1,6
CACATTTCTTGTCAGA-1,8
CACCAATCATCCGTCT-1,15
CACCACGCCACACAGA-1,11
CACCAGTCAGCATGCA-1,15
CACCATCGGAGGAGAC-1,23
CACCATGATCGCAAAG-1,18
CACCCAAATCTTATGT-1,17
CACCCACACGTCACCC-1,2
CACCCACGAGGCAATT-1,16
CACCCGGTTTGTGACT-1,8
CACCCTAACAAGATCT-1,18
CACCCTTGGTGAGACC-1,36
CACCCTTTCCTCGCTC-1,16
CACCGATACACCGAGC-1,18
CACCGCCAGAAGGTTT-1,2
CACCGCCGACCAGCGA-1,5
CACCGCGTCCACTCTA-1,15
CACCGGAGATATCTCC-1,26
CACCGGGCATCACAAG-1,2
CACCGGTAGAGACATT-1,16
CACCGTATCCCATCCG-1,4
CACCGTTAGGGATCAC-1,8
CACCGTTGCGCGATAT-1,37
CACCTAATAGAGTCGT-1,7
CACCTAATCAGTTTAC-1,12
CACCTCGATGGTGGAC-1,14
CACCTCTACGAGTGTG-1,12
CACCTTGGCGCCTTTG-1,6
CACGACCACAGACTTT-1,23
CACGACGTAATAGTAA-1,4
CACGACTAAAGTTCTG-1,13
CACGAGCAAACCAGAC-1,19
CACGATTGGTCGTTAA-1,9
CACGCACAGCGCAGCT-1,8
CACGCAGCGAGGCTTT-1,12
CACGCGGAACTGTTGC-1,11
CACGGACGTGGATGGC-1,10
CACGGCGCGCCAAAGG-1,0
CACGGGATTGAGGGTT-1,7
CACGTCAATCAATGGA-1,19
CACGTCGGCAACCTCT-1,8
CACGTCGGGTTCTAGA-1,16
CACGTCTATGATGTGG-1,23
CACGTTCGTGCTCTAG-1,12
CACGTTTCGTACACAC-1,7
CACTAAAGTTGCCTAT-1,10
CACTACGGGAGCTGCC-1,6
CACTACTCAGTTCTGT-1,4
CACTCAAGAGCTATGG-1,3
CACTCAGCTCTTGAGG-1,11
CACTCCTATGTAAGAT-1,7
CACTCCTCTCGGTCGG-1,25
CACTCGAGCTGAACAA-1,16
CACTCGGTTAGGAGGA-1,3
CACTCTCAAGCATCGA-1,16
CACTCTTCTGCTAGCC-1,18
CACTGACGATTGTGGA-1,13
CACTGTCCAAGTGAGA-1,14
CACTTAATCAGACGGA-1,15
CACTTCGCCACAGGCT-1,4
CACTTCGTCTTATCTC-1,13
CAGAACTTAGCCCTCT-1,4
CAGAATAACACACGGA-1,7
CAGAATATTCGTTATC-1,4
CAGACACCGATCGCTG-1,1
CAGACCTGTAAGTGTT-1,1
CAGACGAACCTGATAC-1,0
CAGAGACGGTCACCCA-1,38
CAGAGCATGAGCTTGC-1,4
CAGAGCGATGGATGCT-1,1
CAGAGGCGATGCATGA-1,14
CAGAGTGATTTAACGT-1,20
CAGATAATGGGCGGGT-1,24
CAGATACTAACATAGT-1,25
CAGATATGAAGATGAC-1,5
CAGATCCTGGTTTGAA-1,8
CAGATGTTTGTCCCAA-1,8
CAGCAGCCCGTTCCTT-1,0
CAGCAGTCCAGACTAT-1,16
CAGCAGTCTGTGCTGC-1,6
CAGCCCTCACAGGCAG-1,15
CAGCCGGGCCCTCTAT-1,26
CAGCCTCCTGCAGAGG-1,10
CAGCCTCGATAGCGGT-1,8
CAGCCTCTCCTCAAGA-1,4
CAGCGATTCCCTTCAA-1,13
CAGCGCCAACACGATA-1,10
CAGCTCACTGAGACAT-1,37
CAGCTCGACAAGTTAA-1,5
CAGCTCGTGCTTGTGT-1,25
CAGCTCTGGGCTCACT-1,15
CAGCTGGCGTAACCGT-1,10
CAGGAAGACTTTATAT-1,6
CAGGACAGCTGCCCTT-1,13
CAGGATATATCGTTGT-1,3
CAGGATCCGCCCGACC-1,0
CAGGCAGTCTTACCAG-1,14
CAGGCCAGTACCACCT-1,18
CAGGCCGTTTGGGTGT-1,5
CAGGCGCACGGTGGTC-1,13
CAGGCGCCATGCTAGG-1,16
CAGGGAGATAGGCCAG-1,0
CAGGGCTAACGAAACC-1,0
CAGTAACTATTTATTG-1,9
CAGTAAGGGACGTCTC-1,5
CAGTAATCCCTCCCAG-1,3
CAGTACCAGTTTACGT-1,3
CAGTAGATGATGTCCG-1,8
CAGTAGCCCACGCGGT-1,6
CAGTAGCGAGGTAGTA-1,13
CAGTCCAACGCCTTCT-1,25
CAGTCGAGGATGCAAT-1,14
CAGTCGGCCTAGATAT-1,9
CAGTCTCTCGGCTAAT-1,12
CAGTGGTTGCACATGA-1,10
CAGTGTCCGCAGAATG-1,9
CAGTGTCGGCTGGCCC-1,8
CAGTGTTAATCTCTCA-1,5
CAGTTCAAATTGACAC-1,0
CAGTTCCGCGGGTCGA-1,13
CAGTTCGAGGACCCGA-1,4
CATAACGGACAGTCGT-1,24
CATAAGAAGCTTGGCT-1,10
CATAAGCTCTCCGTCT-1,0
CATAATGAGCGGGCGA-1,2
CATACAAAGCCGAACC-1,2
CATACACAAAGTCAGC-1,13
CATACACGGTTCCCAC-1,12
CATACCCGTACCCAGT-1,10
CATACGAACTAGCTGG-1,3
CATACGGCGTCTGGGC-1,14
CATACGGGTGCATGAT-1,5
CATACTTAGGCAATAC-1,8
CATACTTCTTTCTCCG-1,1
CATAGAGGAGATACTA-1,2
CATAGCCGCCCGGGAT-1,18
CATAGCGTTGCCCACC-1,2
CATAGGGACACTTGTG-1,17
CATAGTACATTGAGAG-1,6
CATAGTAGCATAGTAG-1,17
CATAGTCAAATACATA-1,19
CATAGTCCACAAGAAC-1,7
CATAGTGGGCACGCCT-1,0
CATATACTACTGATAA-1,2
CATATAGGTACAGTCA-1,10
CATATGTCAGGCTACG-1,7
CATATTATTTGCCCTA-1,7
CATCAACACCTACTAA-1,13
CATCATCTACCCGGAC-1,25
CATCATTACCCTGAGG-1,0
CATCCAATATAGTTTG-1,0
CATCCCGAGATTCATA-1,0
CATCCGCAGGCCCGAA-1,7
CATCCTCTCAAAGATC-1,7
CATCGAATGGATCTCT-1,5
CATCGCCCGCGGCCAA-1,4
CATCGGACGGGTTAAT-1,14
CATCGTCCGGTTACTA-1,6
CATCTACCCGAGAACG-1,12
CATCTAGTGAAGGGAA-1,17
CATCTATCCCGTGTCT-1,1
CATCTGCAGGATCATT-1,23
CATCTTACACCACCTC-1,15
CATGAACCGACATTTG-1,6
CATGAACCTCTTATCA-1,4
CATGACTTCGCTGAAT-1,23
CATGAGATGCACTCTC-1,19
CATGAGTCCATCACGG-1,0
CATGATACGGTGAAAC-1,3
CATGATCGCTTTGAGA-1,11
CATGATGCACAATTCT-1,25
CATGATGGAAGTTAGC-1,4
CATGCACATGAGAGGC-1,11
CATGCACGTGTTACTG-1,20
CATGCATGGAGACCCT-1,11
CATGCCAACTCGCAAA-1,11
CATGCGACCAGTTTAA-1,5
CATGCGTTAGACAGAA-1,22
CATGCGTTGAGAGGAG-1,18
CATGCTGGCTCCAATT-1,21
CATGGAAATGGGACCA-1,2
CATGGATTGTCTTCCG-1,1
CATGGCAGGAAGATCG-1,9
CATGGCTCCCTATGTC-1,8
CATGGGTATGCCTTAT-1,0
CATGGGTCGGGTGTGG-1,12
CATGGTAAGTAGCGTT-1,7
CATGGTATTAGTTTGT-1,15
CATGGTCTAGATACCG-1,9
CATGGTTTATTAATCA-1,9
CATGTAAGAGACATTT-1,7
CATGTAGGAGCGCCAA-1,20
CATGTCTCATTTATGG-1,0
CATGTGGGCTCATCAC-1,23
CATTACATAGATTGTG-1,0
CATTACGCAGGAAGGG-1,11
CATTACGTCGGCCCGT-1,28
CATTATAACAGGGTCC-1,9
CATTATCCCATTAACG-1,21
CATTATGCTTGTTGTG-1,13
CATTCACTGACAGCTA-1,7
CATTCAGGTCAGTGCG-1,11
CATTCCCATTCCGTCG-1,20
CATTCCCTAAGTACAA-1,13
CATTCGTCGTAGCGGT-1,24
CATTGATGAACACGCC-1,5
CATTGCAAAGCATAAT-1,10
CATTGCGAAATGGGCG-1,15
CATTGCGGGTCAATTC-1,2
CATTGTGTGCTAGATC-1,6
CATTTATCGTTCAAGA-1,17
CATTTCTAGCAGACTA-1,14
CATTTGAGTGGTACGT-1,9
CCAAACAGAACCCTCG-1,10
CCAAAGCAGTTGGTTG-1,8
CCAAAGTCCCGCTAAC-1,5
CCAAATAACAAGATTC-1,11
CCAAATCAAAGGGCAA-1,19
CCAACCTTATGTAACT-1,16
CCAACGATGCACTGAT-1,8
CCAACGCTTGCCAGGG-1,11
CCAACTTGATAGATCC-1,24
CCAAGAAAGTGGGCGA-1,6
CCAAGACTTCTGCGAA-1,8
CCAAGCGTAACTCGTA-1,2
CCAAGCTTGATCTCCT-1,10
CCAAGGAACAGAGAGG-1,8
CCAAGTTTCTACAGAT-1,13
CCAATAGATTTCATCT-1,8
CCAATAGTGCCGTCGA-1,9
CCAATCGGTAGATCGA-1,0
CCAATTACGGGTCGAG-1,2
CCAATTGAATGTTAAT-1,18
CCACAATGTACGTCTT-1,3
CCACAGCTGAAATCAT-1,8
CCACAGTACCCATCCT-1,14
CCACATACTGCACCCA-1,6
CCACATGGCTCTTTAT-1,8
CCACCAACTTTACTGT-1,12
CCACCCAAGGAAAGTG-1,10
CCACCTGTATGGAATA-1,18
CCACGAATTTAACCTC-1,9
CCACGAGAAGAGAATC-1,6
CCACGGAGCCATAAGA-1,12
CCACGGCAGGTGTAGG-1,18
CCACGGTGCCCGGTAG-1,0
CCACGTAAATTAGACT-1,19
CCACTAAACTGAATCG-1,5
CCACTATCCGGGTCAC-1,11
CCACTCAGATCCGCAA-1,9
CCACTGGTGGCTGGTT-1,25
CCACTGTTTGGATTAA-1,17
CCAGAAACTGATGCGA-1,0
CCAGAAAGCAACTCAT-1,8
CCAGAGACAAAGCCGG-1,2
CCAGATAGTTGAGTGA-1,35
CCAGATGTAAATGGGT-1,6
CCAGCCTGGACCAATA-1,23
CCAGCTACGCCTCATA-1,14
CCAGCTCGAACGCATT-1,4
CCAGCTGATGGTACTT-1,5
CCAGCTTCCGCCCGCA-1,14
CCAGGCGAGATGGTCT-1,14
CCAGGCTGGCGTCTGA-1,14
CCAGGGACGTGGCCTC-1,7
CCAGTAGTCTGATCCA-1,19
CCAGTCAAATCTCTTA-1,5
CCAGTCCATTATTCGA-1,14
CCAGTCTTGTCATAGA-1,9
CCAGTGAGCTCCTTGT-1,9
CCAGTGTACAGACCGA-1,9
CCAGTTCGGTAACTCA-1,2
CCATAAACAACCCGAC-1,9
CCATAACCTGTGCAGT-1,2
CCATACTCGCCTCTCC-1,0
CCATAGAGGCTGCCAG-1,15
CCATAGGTTGGCGTGG-1,6
CCATAGTCAGTAACCC-1,0
CCATATGGAAACTATA-1,8
CCATATTGGATCATGA-1,9
CCATCATAAGAACAGG-1,12
CCATCCATACCAAGTC-1,5
CCATCGCAGTTAAACT-1,6
CCATCTCACCAGTGAA-1,2
CCATCTTGTTCACAAT-1,4
CCATGCCCTAGATTTC-1,0
CCATGCCTGTTTAGTA-1,2
CCATGCTCTGCAGGAA-1,14
CCATGGCAAACGCTCA-1,8
CCATGGCCCTTGTACC-1,2
CCATGTTCATCTATAT-1,18
CCATTAGCGATAATCC-1,14
CCATTGTTTCCTCCAT-1,0
CCATTTCTACCTATTA-1,8
CCCAAACATGCTGCTC-1,0
CCCAACATACGTCGCG-1,29
CCCAACCACACTAACA-1,11
CCCAAGAATGCACGGT-1,1
CCCAAGACAGAGTATG-1,14
CCCAAGTCATTACACT-1,3
CCCAATGAGATTTGCA-1,11
CCCAATTTCACAACTT-1,14
CCCACTCCACGGTATC-1,15
CCCAGATTCCCGTGAC-1,4
CCCAGGAAGAATTCGA-1,1
CCCAGGTCTGAAGGCT-1,8
CCCAGTAAACTTGGGA-1,13
CCCATATAGGTCGATT-1,6
CCCGAAGTTTCGCGAA-1,10
CCCGACCATAGTCCGC-1,28
CCCGAGTTTCTCCGTA-1,17
CCCGATAGCCTCGCCT-1,7
CCCGCAAATAATCATC-1,18
CCCGCAGCGCGAACTA-1,2
CCCGCAGGGCCCAAAG-1,12
CCCGCCATGCTCCCGT-1,16
CCCGCGCAATGCACCC-1,11
CCCGCTAGAGGGTTAA-1,10
CCCGCTTGCCCTCGTC-1,18
CCCGGCACGTGTCAGG-1,6
CCCGGCTAGGTGAGAA-1,18
CCCGGGTCGTTCAGGG-1,17
CCCGGTGGAAGAACCT-1,7
CCCGGTGTATCGGAAT-1,11
CCCGTAAGTCTAGGCC-1,2
CCCGTAGCTGGGAAGA-1,0
CCCGTCAGCGTCTGAC-1,1
CCCGTGACAGTGCCTT-1,2
CCCGTGAGGGCGGTGA-1,5
CCCGTGGGTTAATTGA-1,11
CCCGTTTCGCAGATGT-1,7
CCCTACCCACACCCAG-1,29
CCCTACTTGAACAATG-1,0
CCCTAGCTCTAAGGTC-1,6
CCCTAGGCAACAAGAG-1,7
CCCTAGTGTCAGGTGT-1,13
CCCTATGTAGAGCAGA-1,0
CCCTCAAGCTCTTAGT-1,1
CCCTCAGATCGAGAAC-1,17
CCCTCATCACAGAGTA-1,1
CCCTCATTCTGGAATT-1,7
CCCTCCTCGCTCGTAT-1,7
CCCTCGATAATACACA-1,37
CCCTCGGGAGCCTTGT-1,10
CCCTGAAATGAGTTGA-1,2
CCCTGACTAACAAATT-1,1
CCCTGATGTAACTCGT-1,13
CCCTGCCCAATCCGCT-1,28
CCCTGCGCTACGCATA-1,4
CCCTGGCTGTTCCTTC-1,10
CCCTGGGAGGGATCCT-1,14
CCCTGGTATGGGCGGC-1,0
CCCTGTTGGCAAAGAC-1,8
CCCTTCTCGTACGCGA-1,8
CCCTTTAATGGAGTTC-1,3
CCCTTTGACAGGTCTT-1,15
CCGAAACACGACCTCT-1,2
CCGAAAGTGGTGAGCA-1,12
CCGAACACTGGGCCTC-1,20
CCGAACCTTCCCGGCC-1,5
CCGAAGCATTGACCAA-1,1
CCGAAGGGCGTACCGC-1,1
CCGAAGTATATTGTTC-1,10
CCGACAAACACATGAG-1,5
CCGACAAAGGGAGTGC-1,2
CCGACAATAGGCCGCC-1,11
CCGACGGGCATGAGGT-1,10
CCGACGTAAACACAAC-1,20
CCGACTCGCATAGTCT-1,10
CCGAGAAGTCGCATAA-1,7
CCGAGCTGTGCTTGTC-1,2
CCGAGGGATGTTAGGC-1,26
CCGATATGACGTAAGG-1,12
CCGATCTCAACCTTAT-1,3
CCGATCTTAAGAGGCT-1,38
CCGATTCGAGGGACCC-1,21
CCGATTGGTCAATGAA-1,23
CCGCACAAAGACCAAC-1,33
CCGCACACGAACGTGT-1,20
CCGCACGTGACCTCGG-1,2
CCGCATGTGGTACGAT-1,1
CCGCCACCACAATCCA-1,19
CCGCCGGAACTTCTCG-1,1
CCGCCGGTCAACACAC-1,11
CCGCCGTTGAGGATAA-1,7
CCGCCTGCGAATTGGT-1,22
CCGCCTTGCGATGTCG-1,3
CCGCGATTTGGTAGGT-1,10
CCGCGCAAGATACCCA-1,14
CCGCGGAATGCGTCAC-1,4
CCGCGGGTACGAAGAA-1,9
CCGCGTAGGTAAGGGC-1,2
CCGCTATCAGCACCAG-1,17
CCGCTCCAGGGCGATC-1,16
CCGCTCCGGATAAGCT-1,3
CCGCTCTTCCGAACTA-1,29
CCGCTGGTGCCATTCA-1,12
CCGCTTACCTCACTCT-1,28
CCGCTTCGCGGTTAAC-1,7
CCGCTTGCTGACATGG-1,2
CCGGAAGTGCAATATG-1,15
CCGGAAGTTATCAGTC-1,8
CCGGAATGGTTTCAGT-1,2
CCGGAGCGTACTTTCT-1,18
CCGGAGGTCTTATGGT-1,6
CCGGCACGACCGTTTC-1,28
CCGGCCGCGAGCATAT-1,2
CCGGCGCATATTGGAT-1,24
CCGGCGTGAGACTCTG-1,15
CCGGGACCCGCAGAGA-1,12
CCGGGCGGTCTCGTCA-1,5
CCGGGCTAAGAATTTC-1,15
CCGGGCTGCTCCATAC-1,15
CCGGGTTCGAGGTTAC-1,2
CCGGTAATGGCTAGTC-1,8
CCGGTATCTGGCGACT-1,26
CCGGTGCGAGTGATAG-1,10
CCGGTTTGTAATTGTG-1,0
CCGTAAGTTGGTCCCA-1,9
CCGTACCCAAGCGCCA-1,14
CCGTAGGAAATCCCTG-1,12
CCGTAGGGTTGTTTAC-1,11
CCGTATCTCGTCGTAG-1,18
CCGTATTAGCGCAGTT-1,17
CCGTCAACCTCTGGCG-1,12
CCGTGAGGCATTCATG-1,0
CCGTGCCCATGACGGC-1,1
CCGTGGAACGATCCAA-1,35
CCGTGTTAAATTCCAT-1,1
CCGTTACGTTAGAACA-1,0
CCGTTCCGAATCTCGG-1,21
CCGTTTCCTTTCCGTG-1,15
CCTAAACAGGGTCCGT-1,12
CCTAAAGGCTGACGCT-1,26
CCTAAATTGTATCCTA-1,12
CCTAACCCAAACAAGT-1,16
CCTAACTAAGGCTCTA-1,1
CCTAAGTGTCTAACCG-1,4
CCTACAAGTCCGGAAT-1,1
CCTACAGTTGAGGGAG-1,1
CCTACATTCACAGACG-1,10
CCTACGCGACCTTACA-1,33
CCTACGGCTCAGTCGA-1,9
CCTACTCAACACGATT-1,6
CCTACTGCGGCGGCCA-1,19
CCTACTGCTTACACTT-1,1
CCTAGGCGTAGCGATC-1,2
CCTAGGTAAAGGTAGC-1,14
CCTAGTTAGTCGCATG-1,14
CCTATAATGAGTGCCC-1,0
CCTATACCGTCCTGTC-1,3
CCTATATCGTGTCACG-1,1
CCTATATTTGTCCTGG-1,21
CCTATCTATATCGGAA-1,8
CCTATGAAGTGGTGCC-1,8
CCTATGGCTCCTAGTG-1,5
CCTATGGGTTACCGTC-1,35
CCTATGGTCAAAGCTG-1,7
CCTATGTCCACTCCAC-1,5
CCTATTATTCCGGCCG-1,0
CCTCAACGATCGCTGT-1,7
CCTCACCAATCTTGAC-1,3
CCTCACCTTAGCATCG-1,0
CCTCACGTCAGCTAAT-1,14
CCTCATGCAGCTACGA-1,11
CCTCCCGACAATCCCT-1,2
CCTCCGACAATTCAAG-1,2
CCTCCTAGCTAGAGTC-1,1
CCTCCTGAGCCCACAT-1,5
CCTCCTGTTGTGTCGT-1,23
CCTCGAAGTGGACGGG-1,19
CCTCGACCCACTGCCT-1,5
CCTCGCCAGCAAATTA-1,11
CCTCGCGCGATATAGG-1,7
CCTCGCGCTGTGCGAT-1,12
CCTCGGATGCTACCTG-1,12
CCTCGGTTTCCTTGCC-1,1
CCTCGTTACGCCTGTT-1,30
CCTCTAATCTGCCAAG-1,20
CCTCTACAAGGATTGG-1,25
CCTCTATCGATTAGCA-1,9
CCTCTGGCCTAGACGG-1,2
CCTCTGTACTATTCTA-1,2
CCTGAACGATATATTC-1,15
CCTGAATATTTACATA-1,22
CCTGACAAACTCGCGC-1,3
CCTGACCACCGATGGT-1,4
CCTGACGCAACCTTTA-1,3
CCTGAGAATAAATGCA-1,16
CCTGATTCGCGAAGAA-1,11
CCTGCCCGTTGTCTAG-1,8
CCTGCGATAGAACTGT-1,9
CCTGCGTTCTACGCTT-1,3
CCTGCTATTTGAGAAG-1,12
CCTGGAAACGTTCTGC-1,4
CCTGGCTAGACCCGCC-1,12
CCTGGTCGAATGTGGG-1,3
CCTGTACTCACGCCCA-1,21
CCTGTCACCCGGGCTC-1,22
CCTGTCCCTCACGTTA-1,8
CCTGTCGCCCGTAAAT-1,32
CCTGTCGTGTATGAAG-1,7
CCTGTGAAACCGTAAC-1,14
CCTGTGCATAGGAGAC-1,0
CCTGTGCGGATTGTAA-1,22
CCTGTTCAACCTCGGG-1,11
CCTGTTTGAAGACACG-1,20
CCTTAAGTACGCAATT-1,1
CCTTCAGTTAAAGTGA-1,6
CCTTCCGCAACGCTGC-1,6
CCTTCGTATAGAATCC-1,18
CCTTCTCAGCGTTCCT-1,4
CCTTCTTGATCCAGTG-1,7
CCTTGACCACTTTATT-1,12
CCTTGTGAACGTGGTT-1,1
CCTTTAAGGGAGCACT-1,19
CCTTTCAATGAAGAAA-1,0
CCTTTGAATTATGGCT-1,10
CGAAACATAGATGGCA-1,5
CGAAACGCAATTCATG-1,14
CGAACAGTATGGGCGT-1,14
CGAACATAGTCAGAAA-1,12
CGAACCCGCATGCGTC-1,1
CGAACCTCTTTCCTAG-1,2
CGAACGCCCAGTGCCG-1,9
CGAACGGCCGGACAAC-1,2
CGAAGACGGTGAGTGC-1,3
CGAAGACTGCCCGGGA-1,2
CGAAGATCAGTTTCAT-1,3
CGAAGCCACAGCATGG-1,3
CGAAGCTATAAATTCA-1,17
CGAAGGGTTTCAGATT-1,3
CGAATCTGCTCGACGC-1,2
CGAATGAAGTCATTGC-1,5
CGAATGACGCATAATG-1,27
CGAATGGTAGGTCGTC-1,11
CGAATTACATGGTGTT-1,15
CGAATTCCCGGTTCAA-1,17
CGACAATTTGATCTAA-1,30
CGACACCGCTTAAGGA-1,4
CGACACGCTCCGACAG-1,4
CGACAGTTCGCGTTAT-1,0
CGACATGCGATCTTCT-1,3
CGACCCTTAACGCCGG-1,15
CGACCGTTGGTATTCG-1,12
CGACCTACTAGACAAT-1,6
CGACGCATCCGTACCT-1,6
CGACTCAGGATGTTAT-1,12
CGACTCGGTACACGGT-1,15
CGACTTGCCGGGAAAT-1,15
CGACTTTGTATAGCCT-1,38
CGAGACCCTAGAGTGT-1,4
CGAGACTACTGCTGCT-1,1
CGAGAGATGTGAACCT-1,21
CGAGAGCGCGTAGATA-1,1
CGAGAGCTTTCACTAC-1,7
CGAGAGGGTAGCCGCG-1,14
CGAGATGTTGCCTATA-1,9
CGAGATTTCGCTCGGG-1,26
CGAGCACTTCAAGTTT-1,5
CGAGCCGAGCACTCGA-1,9
CGAGCGTTGATCAGCC-1,7
CGAGCTGGGCTTTAGG-1,19
CGAGGAGCTTCCATAT-1,1
CGAGGATCGGGAACGA-1,6
CGAGGCCAGGCATTGG-1,8
CGAGGCTAAATATGGC-1,2
CGAGGGTATCCAGGTG-1,23
CGAGTACTAAAGAGGA-1,31
CGAGTGAAGGTACCAG-1,9
CGAGTGCTATAGTTCG-1,0
CGAGTTCTGTCCCACC-1,7
CGAGTTTATCGGACTG-1,23
CGATAATACTCAGGTT-1,6
CGATACCTCGCGGACA-1,8
CGATAGCGATACAGTG-1,6
CGATAGTCGTACTGCA-1,17
CGATATTAGCCGCAGG-1,10
CGATCCACCATTGTTG-1,12
CGATCCTCGCAACATA-1,17
CGATCGAGAAGCACCA-1,1
CGATCTGTTGGAGGAC-1,30
CGATGTTGTTATCTAC-1,9
CGATTAAATATCTCCT-1,19
CGATTCGCCTGGCTGC-1,12
CGATTTGTCATTAATG-1,27
CGCAAACACGAGTTAC-1,2
CGCAATCGATCATTAG-1,10
CGCAATTACTTTCGGT-1,14
CGCAATTAGGGTAATA-1,10
CGCAATTCTACAATAA-1,1
CGCACATGTCCACTAC-1,16
CGCACGTCTGTTTATG-1,2
CGCACGTGCGCTATCA-1,0
CGCAGAAACATTTGCG-1,1
CGCAGATCTTCACCCG-1,15
CGCAGGCGATCCAAAC-1,4
CGCATCATGGCTTCAG-1,12
CGCATCCATCAGCCAG-1,19
CGCATGCCGAATGCGT-1,1
CGCATTAGCTAATAGG-1,3
CGCCAAGAAGCCGAGT-1,5
CGCCAATTATTGCGTT-1,6
CGCCACAGGTCGCGAT-1,11
CGCCACCCGCATTAAC-1,9
CGCCAGTAGTACCTTG-1,3
CGCCCAGCACGCCTAG-1,7
CGCCCAGCGTTTCACG-1,27
CGCCCGCTTCCGTACA-1,6
CGCCCTAATTGTTCAA-1,6
CGCCCTTACATCCACC-1,4
CGCCCTTGAAGGCTGA-1,16
CGCCGACTATTCGCTA-1,13
CGCCGCGTTCTGAACG-1,15
CGCCGGTGTCGCAGTA-1,22
CGCCGTCTACCCATCG-1,14
CGCCGTTCAGCATAGT-1,0
CGCCTCCCTCCTCTAT-1,6
CGCCTGGCCTACGTAA-1,17
CGCCTTTAGCATGCTC-1,4
CGCGAAGTGGCATACT-1,12
CGCGACACTGCGCAGC-1,10
CGCGACCGCGACAGAT-1,1
CGCGAGAGGGACTTGT-1,11
CGCGAGTCTGCCGGGT-1,1
CGCGCAAATGTCCAGA-1,13
CGCGCAAGGAACTACA-1,9
CGCGCATGTTTGATTG-1,12
CGCGCCCGACTTAATA-1,2
CGCGGCAGTATTACGG-1,12
CGCGGCTCAACTTGAA-1,7
CGCGGGAATTAGGCAG-1,33
CGCGGGAATTCCTTTC-1,19
CGCGGTAAGTCTAGCT-1,11
CGCGGTACGGTATACA-1,5
CGCGGTCACAAACCAA-1,0
CGCGTACATTCTGGAA-1,20
CGCGTCATATTAAACC-1,3
CGCGTGCTATCAACGA-1,0
CGCGTGGGCCTGTGTT-1,12
CGCGTTCATGAAATAC-1,10
CGCTACCGCCCTATGA-1,17
CGCTAGAGACCGCTGC-1,6
CGCTATACCGCCCACT-1,13
CGCTATCGTGGCTTTA-1,11
CGCTATTCAATGTATG-1,2
CGCTATTCTTAGGCTC-1,28
CGCTCGACATAATGAT-1,4
CGCTGAGGACGTCCAA-1,16
CGCTGGTGACTACCCT-1,0
CGCTGTGACGCCGCAC-1,4
CGCTGTGTGGATGTTG-1,1
CGCTTAGTATTGATAC-1,6
CGCTTATTCCCGGTCG-1,12
CGCTTCCACTGAAATC-1,15
CGCTTCGGTCTAAGAC-1,0
CGCTTGGACGGATAGA-1,22
CGCTTTCATACCGGTG-1,9
CGCTTTCCGCCAAGGT-1,15
CGCTTTCTTGCATTCG-1,4
CGGAAAGAATCAAACG-1,32
CGGAAAGCAAATGTGC-1,0
CGGAAATTTCACATCC-1,10
CGGAACGTAAACATAG-1,19
CGGACCTCTGTAGTTA-1,3
CGGACCTTTACGTCCC-1,19
CGGACGTTACTTGAAG-1,0
CGGAGCAATTTAATCG-1,1
CGGAGCTTATAACACC-1,18
CGGAGTCCTAACCTGG-1,11
CGGAGTTTGAGAGACA-1,5
CGGATAAGCGGACATG-1,8
CGGATCCTCAAGGACT-1,24
CGGATGAATGCTGTGA-1,18
CGGATTCTGCCTTATG-1,15
CGGCAAACATCGTGCG-1,22
CGGCAATAAGATCGCC-1,16
CGGCACCGTTAGCGCC-1,0
CGGCACTCAAGAAAGT-1,7
CGGCAGGGTCGGGTTG-1,16
CGGCCACGCACAAAGT-1,15
CGGCCAGAGCGACCAT-1,0
CGGCCCAACCTGTAGT-1,4
CGGCCCAGGTATATCC-1,14
CGGCGCCATCAATCCC-1,24
CGGCTCTAAAGCTGCA-1,17
CGGCTCTTCGTCGAAC-1,20
CGGCTGAAGGTTACGC-1,3
CGGCTGCAAGATTAAG-1,5
CGGCTTTGTATGATAA-1,1
CGGGAACGCCCTGCAT-1,1
CGGGAAGTACCGTGGC-1,7
CGGGAATATAGTATAC-1,7
CGGGAATTTATGTAAA-1,5
CGGGAGCTTCAGTGTA-1,16
CGGGAGTATACCGCCG-1,5
CGGGATCAATGTAAGA-1,12
CGGGCAGCTAAACCGC-1,9
CGGGCCATAGCCGCAC-1,19
CGGGCCTTCTTTGTAA-1,0
CGGGCGATGGATCACG-1,1
CGGGCTACTTAAATTG-1,20
CGGGTGTACCCATTTA-1,17
CGGGTTCGGCACGTAT-1,19
CGGGTTGTAGCTTTGG-1,3
CGGGTTTGTTAGGGCT-1,6
CGGTAACAAGATACAT-1,5
CGGTACGGCAAACCCA-1,15
CGGTAGAGGTGCAGGT-1,19
CGGTATAGGTATTAGC-1,18
CGGTATGGGCACTCTG-1,20
CGGTCAGTCCATATTT-1,14
CGGTCCATGAGACTCC-1,2
CGGTCCGTCGCAAGCC-1,31
CGGTCTATCAACCCGT-1,3
CGGTGAAGACTAAAGT-1,15
CGGTGCAGATAGAACG-1,3
CGGTGCGCGTTGGTCC-1,7
CGGTGGGCTCCAGCCT-1,1
CGGTGTACTTGATCCC-1,0
CGGTTATCCAACAGTG-1,2
CGGTTCCGGCTTCTTG-1,2
CGGTTGACCTGGCATA-1,10
CGGTTGAGTATCCTTC-1,4
CGGTTGGGCAGGGTCC-1,1
CGGTTGGGTTCAAGTT-1,0
CGGTTTACTGAACATT-1,5
CGGTTTATGAAGGAAC-1,11
CGTAAACGCTTGAGTG-1,10
CGTAAAGCAAGAAATC-1,18
CGTAAATAACAAAGGG-1,7
CGTAACGGAACGATCA-1,4
CGTAACTTCGACACTT-1,9
CGTAATAATTACGAGT-1,7
CGTACCGAAAGTCTAG-1,4
CGTACCTGATAGGCCT-1,33
CGTAGAGAGTAATTAT-1,7
CGTAGCGAATTGTCAG-1,10
CGTAGCGCCGACGTTG-1,5
CGTATCTAGAACTAAG-1,19
CGTATTAAGAGATCTA-1,2
CGTATTGTTTCCTAAT-1,12
CGTATTGTTTGGCGCC-1,1
CGTCAAATGGTCGCAG-1,13
CGTCAAGGCTATAAAT-1,10
CGTCAATCTTTAACAT-1,19
CGTCACGTCCATTGGT-1,5
CGTCAGCTATTTACTC-1,6
CGTCAGTGCGCACAAG-1,2
CGTCAGTTTATCGTCT-1,9
CGTCATACCATATCCA-1,16
CGTCCAGATGGCTCCA-1,4
CGTCCTCATCGCGTGC-1,2
CGTCGCATGTGAGCCA-1,5
CGTCGCGGCGGGATTT-1,2
CGTCGCTTGGTTATAC-1,14
CGTCGGATAGTGTTGA-1,9
CGTCGGGTCTAAGCGC-1,8
CGTCGTCCTTCGCGAA-1,1
CGTCTGGAAGGGCCCG-1,25
CGTCTTGAGTGTGACG-1,4
CGTGAACTGACCCGAT-1,1
CGTGAAGTTAATTCAC-1,0
CGTGACATTGGGTCGT-1,10
CGTGACCAGTCCTCTG-1,2
CGTGCACACCACTGTA-1,4
CGTGCAGACTGGGACA-1,14
CGTGCATTGTCGACGC-1,1
CGTGCCCGACATTTGT-1,13
CGTGCCCTCCCGAAGA-1,18
CGTGCTGGCCTAGTCG-1,25
CGTGCTTCTACCTAAA-1,11
CGTGGAAGCCTCGTAC-1,7
CGTGGCCGAATATCTA-1,0
CGTGGTACCCAAAGGC-1,23
CGTGTATGGGAGCTGA-1,2
CGTGTCCCATTCGCGA-1,20
CGTGTCTCGTTACGAC-1,16
CGTGTGTTAAACCCTG-1,4
CGTTAAACTAGTTAGG-1,11
CGTTAATGTCCCGACG-1,34
CGTTAGCTCACAACTG-1,0
CGTTATCATACTTCCA-1,13
CGTTCAAGGAAACGGA-1,3
CGTTCAGACCCGCGAA-1,18
CGTTCATGGTGCGCGT-1,5
CGTTCTTCGCACACCT-1,1
CGTTGAATACCGCGCT-1,18
CGTTGAGCGACCGTCG-1,2
CGTTGAGTAATTGCGT-1,1
CGTTGCCCGCGTGGGA-1,27
CGTTGTAAACGTCAGG-1,9
CGTTGTAAGATTGATT-1,31
CGTTGTCGGCAATTGA-1,6
CGTTTAAGCGGAGCAC-1,16
CGTTTACAAGGCAGCT-1,26
CGTTTCACTTCGGGCG-1,11
CGTTTCGCTCATTACA-1,3
CGTTTGGTGTTGTGGG-1,12
CGTTTGTGTAGAGGGT-1,0
CTAAACGGGTGTAATC-1,13
CTAAAGGATGAGATAC-1,15
CTAAAGGGAAATAGGA-1,6
CTAAAGTCCGAAGCTA-1,10
CTAAATCCGGTGTACA-1,2
CTAAATCCTATTCCGG-1,14
CTAACAGCACAATAAC-1,6
CTAACCGCGCGCCCGT-1,9
CTAACGAAACTTGCTG-1,11
CTAACTGATAATCGCC-1,6
CTAACTGGTCCGGTTC-1,18
CTAAGGGAATGATTGG-1,15
CTAAGTACAGGGCTAC-1,21
CTAATGCGCCCAACAA-1,0
CTAATTATGAAGCGTA-1,3
CTAATTCGCACGCGCT-1,14
CTAATTCTCAGATATT-1,9
CTAATTTCAACAACAC-1,9
CTACAAGAAATAACCC-1,6
CTACACTAGCTTGTTC-1,11
CTACACTCGCAGATGG-1,6
CTACATATCGCGGGAC-1,15
CTACCCTAAGGTCATA-1,4
CTACGAACTAGGTCGA-1,0
CTACGACTAGCTATAA-1,7
CTACGATCCTATCCTA-1,16
CTACGCACGGAGTACC-1,18
CTACGCCATTTCCGAT-1,2
CTACGTGTTGCCACCA-1,8
CTACTATCATAGGTTT-1,22
CTACTATCTTTCAGAG-1,7
CTACTCAAGGTATAGT-1,17
CTACTCTAGGCCCGGC-1,20
CTACTGCCACCTGACC-1,38
CTAGACATATATGTAG-1,17
CTAGACTGCATTTCGT-1,4
CTAGATAAACTCCTCG-1,0
CTAGATGTGAGTGTAA-1,4
CTAGATTTACGACGGC-1,10
CTAGCAACTAATTTAC-1,0
CTAGCATAGTATAATG-1,7
CTAGCCACAGGCGAGC-1,4
CTAGCCCGGGAGACGA-1,19
CTAGCGCCAATCCTAC-1,4
CTAGCTTAATGGTCCC-1,9
CTAGGCGCCCTATCAG-1,26
CTAGGCGGCAGAGAAT-1,18
CTAGGGATAGGGACAA-1,15
CTAGGTCTGAAGGAAT-1,1
CTAGGTTCGGACGTGA-1,2
CTAGTAGAAAGGGATT-1,19
CTAGTATTCGGAATTA-1,26
CTAGTCACGTCTTAAG-1,0
CTAGTTACAACCCGGT-1,1
CTAGTTGGGCCCGGTA-1,8
CTATAAGAGCCAATCG-1,20
CTATAAGTAGGGTTTG-1,1
CTATACTTAAAGCGAG-1,2
CTATAGGCGTTGATGT-1,1
CTATATCCAGCCTGGC-1,10
CTATCACAACGCTGGA-1,18
CTATCGACGAAATACA-1,19
CTATCGCGTAGAGAAC-1,13
CTATCGGGTCTCAACA-1,19
CTATGAACACCTTGCC-1,12
CTATGCCCGAATGCAA-1,4
CTATGGGAAGCGGAAT-1,6
CTATGTCACTAGCCCA-1,7
CTATGTCTATTGAAAC-1,21
CTATGTGAGTCACGGC-1,0
CTATTCATGTGTCCCA-1,14
CTATTGTGTTTGGTCA-1,25
CTATTTGCTTGGAGGA-1,17
CTATTTGGTTACGGAT-1,2
CTCAAACCACTGCCCG-1,14
CTCAACTAACCCGGAT-1,1
CTCAAGACATTAGCGC-1,33
CTCACACGCAAGCCTA-1,12
CTCACATTTACTAAAT-1,6
CTCACCAGTACAAGTG-1,5
CTCACCGATCCAAACT-1,11
CTCACTGTGATACTTA-1,9
CTCACTTGGCTGGTAA-1,17
CTCAGAGCTAATGTCG-1,2
CTCAGATTGTGATAAG-1,13
CTCAGCAGACTGCCGA-1,21
CTCAGGACTCACCTGT-1,10
CTCAGTCACGACAAAT-1,9
CTCATCACTTAGTGAT-1,7
CTCATGGCTCACAATC-1,16
CTCATGGTAATTTGCG-1,14
CTCATTAACGTTGCCC-1,6
CTCATTCGTGAACATC-1,19
CTCATTGCTCTAACAA-1,22
CTCATTTGATGGGCGG-1,2
CTCCCAATGAGTCGCG-1,16
CTCCCTCCTTTCGATC-1,13
CTCCCTTGTATCAAGG-1,14
CTCCGAGTAAATCCGC-1,22
CTCCGCCCACATGAGG-1,12
CTCCGGCCTAATATGC-1,5
CTCCGGCTTGTAGACA-1,18
CTCCTAAGTTATGTCT-1,8
CTCCTAGTAATCGTGA-1,33
CTCCTCCAGCTCACAC-1,2
CTCCTGTTCAAGGCAG-1,19
CTCCTTTACGCAAGTC-1,10
CTCGAATGGAACGTAT-1,18
CTCGAGACATACGATA-1,14
CTCGAGATCCAAAGCA-1,11
CTCGAGGCAAGTTTCA-1,0
CTCGAGGTCGAACAGT-1,6
CTCGCACCTATATAGT-1,5
CTCGCATTGCATAGCC-1,1
CTCGCCGAATGTAGGG-1,3
CTCGCTAGGTAAGCGA-1,1
CTCGGGATAACACCTA-1,13
CTCGGGCATCGTCGGG-1,3
CTCGGGTTCTCTGGCC-1,11
CTCGGTCCGTAGCCTG-1,23
CTCGGTTGTCGGCCCT-1,27
CTCGTCGAGGGCTCAT-1,4
CTCGTCTGTGCCTTCG-1,14
CTCGTGGCACTGAAAG-1,18
CTCGTTACGGCTACCA-1,3
CTCGTTTCTAATGTTT-1,2
CTCTAACACCGGCAGC-1,6
CTCTAATGCATTGATC-1,18
CTCTACACTGGCGATT-1,10
CTCTACATCCTGCGTG-1,18
CTCTAGCCCTCGGAAA-1,6
CTCTATTTGGCTGCAG-1,7
CTCTCACAATCGATGA-1,2
CTCTCGATGTGCGCCT-1,7
CTCTCGCTGTACTATG-1,8
CTCTCTAACTGCCTAG-1,13
CTCTGCAGGCATTCTT-1,16
CTCTGCGAAGCAAGCA-1,5
CTCTGGACGCCTGGTG-1,2
CTCTGTCCATGCACCA-1,19
CTCTGTGCCTGCTATG-1,5
CTCTGTTTGAGGATTC-1,3
CTCTTCTATTGACTGG-1,22
CTCTTCTGGAAGTTAG-1,23
CTCTTGTCCCGCTTGG-1,5
CTGAAACGGCCCTCAG-1,3
CTGAAAGAGATCCGAC-1,22
CTGAATCCGAGACCTC-1,1
CTGAATTTATTGCCAG-1,6
CTGACATAGAAATAGA-1,18
CTGAGAAAGTTCGGCG-1,17
CTGAGAGTAGAAATAC-1,0
CTGAGCAAGTAACAAG-1,7
CTGAGCGAGACTTATT-1,12
CTGATAGTGTATCTCA-1,0
CTGATCCCTTTATGCA-1,5
CTGCAAATGGGCTCCA-1,0
CTGCAAGCACGTTCCG-1,17
CTGCACAACTACATAT-1,19
CTGCACCTAGTCCACA-1,4
CTGCACCTGGAACCGC-1,16
CTGCACTCCAGTACAG-1,10
CTGCAGAGAATCAGAG-1,0
CTGCAGGTGCTCGGCC-1,14
CTGCCAAGGTTGGAAG-1,21
CTGCCCACGAAGCGTT-1,13
CTGCCTAGCCACCAAG-1,30
CTGCCTCATATGCAAC-1,5
CTGCCTTTAATACCTT-1,11
CTGCCTTTCTAGTAAA-1,11
CTGCGACCTCGCCGAA-1,5
CTGCGATTTCGAGATT-1,0
CTGCGGGTGAAATGTT-1,9
CTGCGGTAGTCACGTG-1,6
CTGCGTTACGATATAA-1,12
CTGCTCTGACGGCAAA-1,12
CTGCTGAGGCCACGAA-1,20
CTGCTGTCTAACGAGC-1,13
CTGCTTGGCGATAGCT-1,2
CTGGAAATGGATGCTT-1,16
CTGGAAGACACGGTGG-1,8
CTGGACGCAGTCCGGC-1,8
CTGGATTTACACTTGA-1,5
CTGGCATCCGAATGAG-1,15
CTGGCGACATAAGTCC-1,11
CTGGCGATTTACATGT-1,0
CTGGCGCACAGGTCTG-1,37
CTGGCGGGAATAAGTA-1,16
CTGGCTCCTGCGGGAT-1,9
CTGGCTGATTCATCCT-1,5
CTGGCTGCTAACGTAA-1,2
CTGGCTGGTTGTCAGT-1,4
CTGGGATAAATAATGG-1,0
CTGGGATACGCTACCC-1,14
CTGGGATCGCCCAGAT-1,14
CTGGGCACTAGTCGGA-1,15
CTGGGCCTGCTATATC-1,1
CTGGGCGGCCAAATGT-1,7
CTGGGCTATCCTTTGG-1,17
CTGGGTAGGCAGTTAA-1,18
CTGGGTTGAGTTAAAG-1,2
CTGGTAAAGACTTACA-1,11
CTGGTAAAGTGTGGGC-1,1
CTGGTAACGAGCTCTT-1,11
CTGGTCATTCCAATCC-1,5
CTGGTCCTAACTTGGC-1,21
CTGGTGAATGGGCCTA-1,3
CTGGTTCAACGCATCA-1,8
CTGGTTCGCGAGCTAC-1,22
CTGGTTTCGAGCAAGA-1,11
CTGTACTTCTTAGCAT-1,2
CTGTAGCCATCTCACT-1,9
CTGTAGTGAGGATCGA-1,10
CTGTATGGTGTAGAAA-1,0
CTGTCACGCCAGGCGC-1,7
CTGTCCTGCGCACTAC-1,0
CTGTCTGTGGCTGGCT-1,14
CTGTGCAGGGTAGGTC-1,9
CTGTGGTCGGGAGATA-1,13
CTGTTACCCAATCTAG-1,30
CTGTTCACTGCCTGTG-1,4
CTGTTCATCTCACGGG-1,5
CTGTTGGCTCTTCTGA-1,8
CTGTTGTTCAGTCGTA-1,15
CTTAAATAAGACCCAT-1,8
CTTAACTTACAGTATA-1,9
CTTAACTTCGAAGTAC-1,1
CTTAAGCAGCGAGCCG-1,9
CTTAATCGACTTAGTA-1,6
CTTACACGGTATTCCA-1,10
CTTACACTGGGAAATA-1,0
CTTACATAGATTTCTT-1,11
CTTACTGACTCCTCTG-1,13
CTTAGATGTTTCATCC-1,5
CTTAGCCCGGATAGTG-1,10
CTTAGCCTTCCACATG-1,0
CTTAGGTATAGACCAG-1,1
CTTAGGTCCCAATCGT-1,3
CTTAGTAGGCCTACAG-1,12
CTTAGTGTAGTAGCAT-1,12
CTTAGTTGAGGAATCG-1,17
CTTATAGATGGCTGTT-1,4
CTTATGCGCTCAGGGC-1,2
CTTATGTTGACTACCA-1,5
CTTCAACTCCACTTGG-1,3
CTTCACGCCCTGGTAC-1,16
CTTCAGTGGTCGCCTA-1,14
CTTCAGTTGGACAACG-1,2
CTTCATAGCTCAAGAA-1,0
CTTCATCACCAGGGCT-1,16
CTTCATTGTCAGTGGA-1,1
CTTCCGCTCCGTGAAG-1,6
CTTCCTGCATATTTAC-1,19
CTTCGATTGCGCAAGC-1,10
CTTCGGCCAATTGTTT-1,11
CTTCGTGCCCGCATCG-1,11
CTTCTATGTTGAAGTA-1,7
CTTCTATTAATGCTAG-1,16
CTTCTGGGCGTACCTA-1,4
CTTCTTACGTCGTATA-1,0
CTTGACCCGAAAGATA-1,22
CTTGAGGTTATCCCGA-1,0
CTTGAGTTAGGGTAAT-1,27
CTTGATGACCATCCAG-1,19
CTTGCAACCGCCTCCT-1,30
CTTGCCCACCCACGCA-1,37
CTTGCCCAGGCTCTAC-1,12
CTTGGCCAAGCTGGGA-1,5
CTTGTACTTGTTGACT-1,9
CTTGTCAACATTCGAG-1,10
CTTGTCGTACGTGTCA-1,5
CTTGTGAGGACAGCGG-1,6
CTTGTGAGTCTTTGAC-1,8
CTTGTGCTCACCGATT-1,25
CTTGTTTATGTAGCCA-1,10
CTTTAACTTTCAAAGG-1,17
CTTTAATATTGGTCGA-1,7
CTTTACCGAATAGTAG-1,13
CTTTAGTGCTATTATT-1,15
CTTTATCCGACGCATG-1,11
CTTTCTGTGCGGGCTT-1,23
CTTTGAAACATATTCC-1,1
CTTTGACGTCGCTTCT-1,9
CTTTGCATCGCTCTTG-1,6
CTTTGCTGTCATGGAT-1,5
CTTTGGCAGACAGAGT-1,34
CTTTGGCGCTTTATAC-1,2
CTTTGGCTTTAGTAAA-1,0
CTTTGGGATTGTTGCA-1,4
CTTTGTCGAATGCTCC-1,21
GAAACAGATGACCACC-1,4
GAAACAGCCATGCAGT-1,24
GAAACATAGGAAACAG-1,0
GAAACCATGGTGCGCT-1,11
GAAACCGAATTACCTT-1,15
GAAACCTATACAAATG-1,0
GAAACTCGTGCGATGC-1,10
GAAACTCTAATGAAGG-1,1
GAAAGAACAGCGTTAT-1,37
GAAAGCAGTGCACTTT-1,37
GAAAGCCCTTTGGACC-1,1
GAAAGTGACTAACTGC-1,3
GAAATACCTGCTGGCT-1,19
GAAATACTAAACGTTT-1,5
GAAATATCACCATCAG-1,3
GAAATATGCTTGAATG-1,28
GAAATCGCGCGCAACT-1,10
GAAATCTGACCAAGTT-1,19
GAAATGGCGGTGTTAG-1,10
GAAATGGGATGTAAAC-1,4
GAAATTAGCACGGATA-1,13
GAAATTCACATCGCTG-1,7
GAAATTGTCTCTATAA-1,1
GAACAACTGGGATGAA-1,0
GAACACACATCAACCA-1,16
GAACAGATTACTAAAT-1,13
GAACCATCTGGGAGAC-1,2
GAACCCTCTGTGTTCT-1,1
GAACCTCGACCTACAC-1,2
GAACCTTTAACGATCC-1,34
GAACGACCGAATGATA-1,16
GAACGATAAGTTAAAG-1,11
GAACGCGGGTCACACG-1,0
GAACGGTGTAAAGCAG-1,25
GAACGTCTCATGGTCG-1,3
GAACGTTAGGAAGACG-1,12
GAACTGTGGAGAGACA-1,12
GAACTTAGCGCCCGGT-1,3
GAACTTGTGCACGGGA-1,11
GAAGAAACGATATTGT-1,1
GAAGAACGGTGCAGGT-1,9
GAAGACTTCAATGCCG-1,17
GAAGCAAGGCAATGTT-1,11
GAAGCCACTGATTATG-1,14
GAAGCCGGGTAAGCTC-1,17
GAAGCCTGCACATTCC-1,1
GAAGCGTGAGGAATTT-1,6
GAAGCTCGGACCCGTC-1,0
GAAGCTCTTTGCTTAG-1,8
GAAGCTTGCTGACCGC-1,10
GAAGGACTAAATTGAA-1,5
GAAGGAGTCGAGTGCG-1,3
GAAGGCTACCATTGTT-1,3
GAAGGGCATAACCATG-1,18
GAAGGGTCATTAAGAC-1,11
GAAGTCAGTTGCACTA-1,3
GAAGTCTCCCTAGCGA-1,6
GAAGTGCTGGATAGCT-1,28
GAAGTTTCCACTCAAT-1,2
GAATAGACGCGACCCA-1,16
GAATAGCATTTAGGGT-1,7
GAATAGCCCTGCGGTC-1,10
GAATAGTGCTCGATTA-1,12
GAATATTCGGAGTCCC-1,10
GAATCGACATGGTCAC-1,10
GAATCGCCGGACACGG-1,2
GAATCTATACTCGGAC-1,21
GAATGAAGGTCTTCAG-1,28
GAATGCCGAAATGACC-1,13
GAATGCGAATCGGTTC-1,15
GAATGGGCTTATCGAC-1,0
GAATGTATGGCAGGTC-1,19
GAATGTGGTCCGGATT-1,0
GAATGTTGGGTAATCT-1,3
GAATTATAGTGAAAGG-1,10
GAATTATGCAACCTAC-1,5
GAATTCACCCGGGTGT-1,20
GAATTTCTCGCTGCAG-1,9
GACAAACATATGCAGG-1,4
GACAACGCAGCTTACG-1,1
GACAAGACGCCCGTGC-1,15
GACAAGAGATGAGATT-1,20
GACACAAGGGAAGAAA-1,2
GACACAGCCGGGACTG-1,7
GACACCCAAAGACGCG-1,1
GACACGAGTTAGAGGA-1,11
GACACTGAGTTCAGTG-1,12
GACACTGGAACCCGAT-1,4
GACACTTCCAATTACC-1,7
GACAGAGGTCTTCAGT-1,3
GACAGATTTCTGGCTC-1,1
GACAGGCACACACTAT-1,17
GACATACTGTCGCAGA-1,6
GACATCCGTCGAACTG-1,17
GACATCGATTTATAAC-1,11
GACATTTCGCCCAGCC-1,12
GACCAAACGTTGACTG-1,11
GACCACACTTCCCTTT-1,2
GACCAGAGCCCTGTAG-1,8
GACCAGGTCATTCATA-1,2
GACCCAATTATGATAC-1,9
GACCCGTCGCCGGCTA-1,6
GACCGACCGCTAATAT-1,6
GACCGACGTGAAAGCA-1,19
GACCGACTGAAGCGTC-1,14
GACCGATTAAATATGT-1,15
GACCGCGTCTGACGTG-1,14
GACCGGTGATACTCTC-1,3
GACCGTCAGGTCGTGA-1,11
GACCGTGCTGACGGTG-1,16
GACCGTTACATGCGAC-1,10
GACCTGGTCTGGGCGT-1,23
GACCTTCCACGTCTAC-1,15
GACGACGATCCGCGTT-1,7
GACGACTTTCCAAGAA-1,0
GACGAGGCTAATAAAC-1,14
GACGATATCACTGGGT-1,0
GACGCATACCCGTCGG-1,14
GACGCCGTAAAGGCTA-1,8
GACGCCTGTTGCAGGG-1,14
GACGCTTGCTTCTAAA-1,9
GACGGACCGCGTTCCT-1,5
GACGGGATGTCTTATG-1,5
GACGGGCATCGAATTT-1,4
GACGGGTTGGCCCGTA-1,15
GACGGTCCTAGGGTGT-1,18
GACGTGAGACTCCATG-1,7
GACGTGTAGGGATTAT-1,9
GACGTTCGTAAATACA-1,12
GACGTTGCTCGGCGGC-1,17
GACTAACACAGCACCT-1,4
GACTAAGATCATGCAC-1,2
GACTAAGTAGGCTCAC-1,3
GACTACAAAGCGGTGG-1,34
GACTACAATTGCTCGT-1,30
GACTAGGCCGTTAGGT-1,1
GACTCACCCACGTGAG-1,0
GACTCCCAGAATAAGG-1,11
GACTCCTTCCAATTGA-1,13
GACTCGCGGGAATGAC-1,16
GACTCGGTCGGCGGAT-1,14
GACTCTAGAGTTCCAA-1,0
GACTGATTGGTCACAA-1,1
GACTGCAAATCGAGCT-1,17
GACTGCACCAGCCCAG-1,10
GACTGCGGCACGTGTA-1,15
GACTGCTGGTGAGAAA-1,1
GACTGGGCGCCGCAAC-1,23
GACTTCAACGCATCAA-1,16
GACTTTCGAGCGGTTC-1,5
GAGAAACTGGATCCCA-1,7
GAGAACGGTTCTGACT-1,17
GAGAATCTCACGATCA-1,2
GAGACCCTGCAACGCC-1,16
GAGACTGATGGGTAGA-1,2
GAGACTTCGCGACCGA-1,9
GAGAGCGCAGTCCCTG-1,18
GAGAGGCCTATGTGTA-1,11
GAGAGGGCGCGAGGTT-1,8
GAGAGGTGCATTCTGG-1,18
GAGAGTCTCGGGAGAG-1,12
GAGATCGATCTTACTC-1,1
GAGATCTGCTTGGCAT-1,10
GAGATCTGTCACTCCG-1,3
GAGATCTTCCATGACA-1,15
GAGATGACAATCCTTA-1,1
GAGATGGCTTTAATCA-1,11
GAGATGGGAGTCGACA-1,3
GAGCACCTGTGTCCAG-1,12
GAGCACGGCGCCTCTT-1,13
GAGCATCAACAACTTG-1,3
GAGCATCATCCCTGGG-1,2
GAGCCACGGTAGTAGG-1,5
GAGCCAGCTACCTGTG-1,12
GAGCCGAGCGTTTATT-1,15
GAGCGAGGGAGTACCG-1,16
GAGCGCAAATACTCCG-1,16
GAGCGCGCACGAGTAG-1,13
GAGCGCTATGTCAGGC-1,14
GAGCGCTGTTAGGTAA-1,3
GAGCGGAATGCGGTGT-1,3
GAGCTAAGGGCATATC-1,7
GAGCTCAACATGAGCG-1,3
GAGCTCTCGGACCTAA-1,14
GAGGAATATCTCTTTG-1,16
GAGGAATGGAGAGGTT-1,9
GAGGAGATCCTCATGC-1,14
GAGGAGTAATTCCTAC-1,7
GAGGATAAACAGTGCT-1,7
GAGGCATTTGCAGCAG-1,7
GAGGCCCGACTCCGCA-1,8
GAGGCCTGTTGATACA-1,13
GAGGCTATCAAAGTCG-1,2
GAGGGAGTCAGATCGC-1,3
GAGGGCATCGCGTATC-1,13
GAGGGCCATAATATTA-1,6
GAGGGCGCAGCTCTGC-1,3
GAGGGTAGTAACAAAG-1,2
GAGGTACATCCATCTT-1,4
GAGGTACGCGTGTCCC-1,2
GAGGTCCCAAAGATCT-1,0
GAGGTCCGTTCGCTGT-1,3
GAGGTCTTAGTGGGTC-1,6
GAGTAAACCGGAAAGT-1,14
GAGTAAATTAAGAACC-1,8
GAGTAAGGCCACGGGA-1,4
GAGTACGGGTATACAA-1,15
GAGTAGATACTAGTTG-1,4
GAGTATACCCTAATCA-1,18
GAGTATCAAAGTTACA-1,13
GAGTATGCCCGCCTTG-1,10
GAGTATGCGCGTGCAT-1,1
GAGTCAGACCAGAATC-1,6
GAGTCCACCAGGTTTA-1,1
GAGTCCGCTTACCGGA-1,2
GAGTCGACAGACCCTC-1,7
GAGTCTTGTAAAGGAC-1,11
GAGTGCACGGACAACA-1,0
GAGTGTCAACCAGAAA-1,12
GAGTTCTGTGGGTGCT-1,9
GAGTTGATGGCAATTT-1,13
GAGTTGTCACCAGTCT-1,2
GATAAATCGGTGGATG-1,3
GATAACTCGCACTGTG-1,31
GATAAGGCAGATGCAA-1,11
GATAAGGGACGATTAG-1,8
GATACCGTGTCGGAGT-1,0
GATACGATGGGAGTCA-1,7
GATAGAACCCGCTAGG-1,3
GATAGATAGTACAGTC-1,2
GATAGCGTACCACGCG-1,9
GATAGGATTAATTACA-1,17
GATAGGTAACGTTGAC-1,0
GATAGGTGTCCCGGGC-1,14
GATAGTGCGAGTAAGT-1,16
GATATCAAGCAGGAGC-1,5
GATATCAGTATGTATC-1,13
GATATCTCATGCAATA-1,19
GATATGCGGTAGCCAA-1,6
GATATGGATTACGCGG-1,15
GATATTGAGATTGGCG-1,5
GATATTTCCTACATGG-1,0
GATCAACATAAAGGGA-1,2
GATCATTCCAAACATT-1,3
GATCCAACCTTTAAAC-1,17
GATCCCTTTATACTGC-1,10
GATCCGAATATAAGTG-1,8
GATCCGGGAATTAACA-1,6
GATCCTAAATCGGGAC-1,1
GATCCTCGACACTGGC-1,20
GATCCTCTTGCGCTTA-1,18
GATCGACACTATCTGA-1,10
GATCGCTACCCGATTT-1,13
GATCGCTATATCTCAG-1,3
GATCGCTGTGGTGCGT-1,16
GATCGGATAGAACCAT-1,11
GATCGGCGATAAGTCG-1,12
GATCGGTGGCCATAAC-1,6
GATCGTGACTGATATC-1,9
GATCTAACCGTATTCA-1,14
GATCTCGACGCTGTGG-1,13
GATCTGCTATCTAAGG-1,8
GATCTTCATTGTCCTC-1,16
GATCTTGGAGGGCATA-1,17
GATGACAAGTAGGGCA-1,4
GATGACGATGATCGCG-1,30
GATGAGGAACCTTCGG-1,3
GATGATTTGAAACTGG-1,8
GATGCCACACTACAGC-1,0
GATGCCAGCAGAAGGC-1,5
GATGCCTTCTGCGGCA-1,13
GATGCGAATGGTATTA-1,3
GATGCGTCCTGCATTC-1,24
GATGCTACAAGCGCCT-1,19
GATGCTACCTTCGATG-1,4
GATGCTGTATTTCATC-1,11
GATGGCGCACACATTA-1,14
GATGGTGAAATAACCC-1,35
GATGGTGCCCTAGGCA-1,10
GATGTAACGAACCACC-1,13
GATGTCCGGATCACAT-1,13
GATGTCGGTCAACTGC-1,3
GATGTGTTGTCACAAG-1,29
GATGTTCAATCCACGA-1,25
GATGTTTGTGCGAGAT-1,7
GATTAACCGAAAGCCC-1,0
GATTAATCCTGGCTCA-1,15
GATTACTGAATTTGGG-1,12
GATTAGAAACAAGCGT-1,1
GATTATCTTGCATTAT-1,1
GATTCCCTTGTCGCAG-1,5
GATTCCGCGTTTCCGT-1,4
GATTCCTATACGGCGC-1,2
GATTCGACGGTTCACG-1,10
GATTCTGTTAATGAGT-1,12
GATTGACACTCTGCTC-1,32
GATTGCTCCAGTTGCA-1,9
GATTGGGAAAGGTTGT-1,9
GATTTGCGCTAACACC-1,7
GCAAACCCTACATTAT-1,7
GCAAACCTTGGCCATA-1,13
GCAAACGTAAGCGACC-1,17
GCAAACGTCGCCAGGT-1,36
GCAAAGGGCGTTAGCC-1,1
GCAAATGAGGACACTT-1,9
GCAACACACTAGAACT-1,9
GCAACAGCAGTATGCG-1,14
GCAACCACCAGACCGG-1,0
GCAACCACGGCCGCGT-1,0
GCAACCCAAGTTGTTT-1,13
GCAACGGCTAGTTATG-1,7
GCAAGAATTCCTTGGC-1,11
GCAAGATGTGTTCGCG-1,6
GCAAGCTGGAAACCGC-1,7
GCAAGTGCACAGAGAA-1,9
GCAAGTGTAAAGCATG-1,11
GCAATTAGTCGCACCG-1,13
GCACAAACCCTAGATG-1,3
GCACAAACGAGGCGTG-1,6
GCACAACCTCGGGCGT-1,8
GCACAAGTGGATCATA-1,8
GCACAAGTGTCGGAAG-1,0
GCACACACTGGTAGCC-1,10
GCACACAGCTATTACC-1,3
GCACACGCCCATGGTC-1,7
GCACAGCACGGGCCGA-1,6
GCACCTAGGCGAGTCC-1,11
GCACCTTCCCGAAGGT-1,14
GCACGCCGATTCCCGC-1,9
GCACGCCTACTTAGAT-1,9
GCACGTGGTTTACTTA-1,0
GCACTAGTCGCGCTAT-1,2
GCACTCCCACAGTCCC-1,10
GCACTGCCTACCTTTA-1,3
GCACTGTGCAAATGTA-1,13
GCAGAAACGTAATCCA-1,1
GCAGAAGGTAATCTCC-1,17
GCAGACCCAGCACGTA-1,0
GCAGATCCATAAGACT-1,0
GCAGATCCTCGCAAAT-1,0
GCAGATTAGGGATATC-1,18
GCAGCACACAGCCCAG-1,4
GCAGCCTATATCACAT-1,17
GCAGCGGTGGGCATTA-1,13
GCAGCTATGGACAGGT-1,18
GCAGCTGTCAACGCAT-1,9
GCAGGAACTTAGATCT-1,4
GCAGGTAGAGTATGGT-1,12
GCAGTGCGGGCGGATG-1,5
GCAGTGTGGCTATAGG-1,21
GCAGTTCGATCCGAGC-1,17
GCATAAATTGAACGCC-1,16
GCATACGAGGTCTTTA-1,10
GCATAGAGCACTCAGG-1,4
GCATCCCTAACTTTGA-1,3
GCATCCTCTCCTATTA-1,9
GCATCGGCCGTGTAGG-1,10
GCATGACACAAAGGAA-1,4
GCATGAGGGACGCGGC-1,11
GCATGCTAATAACGAT-1,3
GCATGGGTACTGACGC-1,0
GCATTCAAGGCAACGC-1,6
GCATTCGAAATGAACA-1,15
GCATTGACTTGCGGAA-1,5
GCATTGTAATTCATAT-1,4
GCATTTCCAAGGCTCC-1,21
GCCAACCATTTCCGGA-1,1
GCCAAGAATACTTCTG-1,10
GCCAATAGGGCATCTC-1,5
GCCACAATTTAAGGAC-1,25
GCCACCCATTCCACTT-1,14
GCCACCTTATTCGCGA-1,4
GCCACTCAGAGCGCGA-1,15
GCCACTCCTTACGGTA-1,17
GCCAGGAAAGAACACT-1,10
GCCAGGAGTAACCGAT-1,16
GCCAGGCGTTCGCATG-1,1
GCCAGGCTTAGTGGTA-1,5
GCCATATTGCACACAG-1,20
GCCATCGAGCTGCGTG-1,3
GCCATCGATGCTGCAT-1,1
GCCATTAGCCTCAAAC-1,0
GCCCACCAAGGCTGTC-1,0
GCCCACTGGTCCACAA-1,15
GCCCAGATGCTGGAGA-1,8
GCCCAGCGACACAAAG-1,1
GCCCAGTTGGTATGCC-1,6
GCCCATGGGTGCAATG-1,6
GCCCGACTTCTTCCCG-1,18
GCCCGAGAGTCTAAAT-1,3
GCCCGATCTGTGGTCG-1,13
GCCCGATGCCCAGTTC-1,3
GCCCGCGCGTAAACGG-1,10
GCCCGCGCGTTTGACA-1,33
GCCCGTTCACACAATT-1,3
GCCCTAAGTGCAGGAT-1,11
GCCCTAGCCGTCGCGA-1,1
GCCCTGAGGATGGGCT-1,6
GCCGAAATTCCTACGT-1,15
GCCGACCCACGACTGC-1,0
GCCGATTGGCCAAGCT-1,15
GCCGCACTCCGTTTCA-1,9
GCCGCATTAGTCCGGC-1,3
GCCGCTAGATACGCAG-1,11
GCCGGAAACACATCTT-1,9
GCCGGGTTAGGGTCGC-1,3
GCCGGTCGTATCTCTC-1,15
GCCGGTTTGGGCGGAT-1,0
GCCGTCGGTTTCGGGC-1,1
GCCGTGGAAGAAATGT-1,20
GCCTACGTTCTGTGCA-1,5
GCCTAGCGATCTGACC-1,9
GCCTATAGTGTCAGGG-1,11
GCCTATCAGGTAAGAT-1,8
GCCTATGCTGGGCCTT-1,7
GCCTATTCCGATATAG-1,10
GCCTATTTGCTACACA-1,8
GCCTCAGGTACCGGTC-1,2
GCCTCATCTGGAAATA-1,4
GCCTCCGACAATTCAC-1,22
GCCTCTATACATAGCA-1,13
GCCTGCTACACTGAGA-1,1
GCCTGTCCCGGTGCAT-1,11
GCCTTCAGCCCTACCG-1,15
GCCTTGTATATGCAGT-1,5
GCCTTTGTCAGTGGAC-1,3
GCGAAACGATCGGGAG-1,19
GCGAAACTTAACTGGA-1,38
GCGAAGAATCTGACGG-1,1
GCGAAGCCATACCCGT-1,14
GCGAATGGACTAGCGA-1,0
GCGACATGTAAACATC-1,35
GCGACCCAACCATCTG-1,5
GCGACGATAGTTGTAC-1,4
GCGACGGTAGTCTCCT-1,15
GCGAGAAACGGGAGTT-1,13
GCGAGAGGCCATGTAA-1,11
GCGAGAGTTGCGTCCA-1,36
GCGAGCGCATGCTCCC-1,3
GCGAGGGACTGCTAGA-1,10
GCGAGTTCTGCAAAGA-1,23
GCGATGTCTGTGCTTG-1,14
GCGATTCTGGAAGCAG-1,1
GCGATTGTTAACGTTA-1,3
GCGCAAATATATTCAA-1,15
GCGCAAGAGCGCGCTG-1,24
GCGCATCCAGTCAGCA-1,3
GCGCCTCCCACTCCGA-1,5
GCGCGATGGGTCAAGT-1,13
GCGCGGTCTAGTAACT-1,18
GCGCGTCATTGGTACA-1,14
GCGCGTTTAAATCGTA-1,9
GCGCTAAGTATGCATG-1,32
GCGCTAATTGAATAGA-1,5
GCGCTATGCCGAGGCA-1,10
GCGCTCGATCACCTGT-1,8
GCGCTGATCCAGACTC-1,17
GCGCTGCTTTGCATTT-1,2
GCGCTGGCGGAAAGTC-1,4
GCGCTTAAATAATTGG-1,26
GCGGACCGCGTTGTGG-1,5
GCGGAGAAACTTCGCA-1,8
GCGGAGAGGGAGAACG-1,8
GCGGCAAAGTATTGCC-1,1
GCGGCTCTGACGTACC-1,7
GCGGCTTTAGCAAGTT-1,18
GCGGGAACCAGGCCCT-1,20
GCGGGCAGACGGGTGA-1,3
GCGGGCATTACGATGC-1,29
GCGGGCGAGCCTTACC-1,1
GCGGTAACCCAAATGA-1,12
GCGGTCCCGGTGAAGG-1,21
GCGGTCCCTAGACGCA-1,5
GCGGTCTTGCTTTCAC-1,2
GCGGTGAACTGCGCTC-1,1
GCGGTGCGGAGCATCG-1,19
GCGGTTCCCTATCATG-1,3
GCGTAAATGGCCATAA-1,5
GCGTCCAGCTCGTGGC-1,9
GCGTCCCTAAGACATA-1,0
GCGTCGAAATGTCGGT-1,6
GCGTCGCCAGGGTGAT-1,11
GCGTCGTAACATGGTC-1,0
GCGTCTCTGCATTGGG-1,10
GCGTGGTACTGGGTTA-1,18
GCGTGTATGTCGTATT-1,0
GCGTTATATTTGGAAC-1,13
GCGTTCGGAGACCGGG-1,19
GCGTTCTGACTAAGCG-1,13
GCTAAACCTGAGGTGA-1,5
GCTAACTGAAGTCTGA-1,26
GCTAAGTAAAGGCGAT-1,3
GCTAAGTAGTTTCTCT-1,12
GCTAATACCGAATGCC-1,10
GCTACAATCGAGGATA-1,6
GCTACACTGTCCGAAC-1,7
GCTACAGTACGGACCG-1,0
GCTACGACTTATTGGG-1,15
GCTACTATAGTAGAGT-1,19
GCTACTCGGACGCAGA-1,3
GCTAGACCGTCTACTG-1,4
GCTAGAGTAGAGATGT-1,8
GCTAGCAACGCACCTA-1,15
GCTAGCACCTGGGCCA-1,16
GCTAGCAGGGAGTGGG-1,4
GCTAGCGATAGGTCTT-1,5
GCTAGCTTGAATAGCT-1,1
GCTAGGCACCACGGAG-1,8
GCTAGTTTCATTGAGG-1,2
GCTATACGTCTCGGAC-1,7
GCTATCATACTCATGG-1,8
GCTATCGCGGCGCAAC-1,0
GCTATGCCAGCTTATG-1,0
GCTCAACCTCTTAGAG-1,2
GCTCAATCCGTTTATT-1,13
GCTCAATGTAATACCG-1,7
GCTCATTACTGCATGT-1,19
GCTCATTGATCATATC-1,14
GCTCCATGAGTGCAGA-1,4
GCTCCATGCAAAGCAA-1,7
GCTCCCAGTCGGTCCA-1,13
GCTCCGCTCGCTTCAG-1,11
GCTCCGGACGTTGATA-1,2
GCTCCTGACATACTGG-1,3
GCTCGACCGAACTGAA-1,27
GCTCGCGGTTCCGCTC-1,9
GCTCGCTCATGTCCAA-1,11
GCTCTAAACCCTGACG-1,4
GCTCTATGTTACGTGC-1,2
GCTCTCGGGTACCGAA-1,5
GCTCTTTCCGCTAGTG-1,19
GCTGAACTCTCCAGGG-1,7
GCTGAAGGGTTCTTGG-1,3
GCTGAATCTTCCAATC-1,15
GCTGAGCAACGGTTCT-1,14
GCTGCACGGTTTCTTA-1,5
GCTGCGAAGAATTATT-1,17
GCTGCGCCTCCCACGT-1,11
GCTGCTAAGTAGTCGA-1,10
GCTGCTACTGCGTAGC-1,13
GCTGCTCTCCGGACAC-1,3
GCTGGACCCAAAGTGG-1,5
GCTGGCAGGTGCCGTG-1,8
GCTGGCGGCGCATGCT-1,2
GCTGGGAGCGCGTCAA-1,10
GCTGGGTCCGCTGTTA-1,0
GCTGGTGACTCGTAGT-1,22
GCTGGTTTAGGCCATA-1,2
GCTGTATTACTGGCCC-1,7
GCTGTCTGTGATCGAC-1,1
GCTGTTGCTACCGAAC-1,19
GCTTACGTAGTTAGTA-1,4
GCTTATGAAGCAGGAA-1,14
GCTTCAGTGGGATTAC-1,10
GCTTCCAGCTTAGATT-1,8
GCTTCCATGTAACCGC-1,6
GCTTCCCGTAAGCTCC-1,30
GCTTCCGTCCCTAGAC-1,5
GCTTCGACGTTCAATC-1,3
GCTTGATGATAATCAG-1,12
GCTTGCAGCACAATTG-1,10
GCTTGGATCGATTAGG-1,18
GCTTTATTAAGTTACC-1,1
GCTTTCAGAGGAGGTG-1,2
GCTTTCTATCTCAACT-1,1
GGAAACAGAGCTTGGG-1,35
GGAAACTAAATGGGCC-1,17
GGAAAGGGAATTGAGC-1,2
GGAAAGTCTTGATTGT-1,10
GGAAAGTGCCCATGCC-1,30
GGAACCCGAACAAGAA-1,14
GGAACCGTGTAAATTG-1,15
GGAACCTTGACTCTGC-1,3
GGAACGGCCTGCAGCC-1,7
GGAACTCGTGAATACG-1,1
GGAACTTTGGCGATTA-1,14
GGAAGATAAGACTGTA-1,26
GGAAGCTCGCTTACAG-1,26
GGAAGGACACCGTATA-1,4
GGAATAACCTCAAGAA-1,3
GGAATGCGCTAGCGTG-1,16
GGACAACCATGAAGCC-1,23
GGACAAGCCATGATCG-1,0
GGACAAGTTGCAGTGA-1,0
GGACACAAGTTTACAC-1,7
GGACACCTCGGTGTTG-1,4
GGACCAACAGGATAAC-1,7
GGACCTACGGTAACGT-1,3
GGACCTCTAGGCCGCC-1,15
GGACGGCTTGCGCAAC-1,12
GGACGGGCGACCAACC-1,12
GGACTAAGTCAGGAGT-1,16
GGACTCACAAATTAGG-1,14
GGACTCGAAGCTTTCA-1,8
GGACTCGACAGCGCAT-1,6
GGACTCGTGAGTGGTC-1,7
GGACTCTTCCGGTTGA-1,13
GGACTCTTTGACTAAG-1,1
GGAGAAGTCATTGGCA-1,21
GGAGACATTCACGGGC-1,7
GGAGACCAATGTGCTT-1,31
GGAGACCATCTACATA-1,10
GGAGACGACACCTTTG-1,12
GGAGCAACATTTCAAG-1,12
GGAGCGAGGCCTACTT-1,11
GGAGGAGTGTGTTTAT-1,13
GGAGGATTGAAAGGAG-1,17
GGAGGCCGAAGTCGTC-1,8
GGAGGCGAAGAACCGC-1,24
GGAGGGCTTGGTTGGC-1,6
GGAGGGTCAAGTAAGA-1,6
GGAGTACACATGAGCT-1,23
GGAGTGCCGCCCTGGA-1,27
GGAGTTGATTCTGTGT-1,18
GGATACTCATGAATTG-1,14
GGATCAAAGGACGAGG-1,2
GGATCAGAGCCATCAG-1,0
GGATCCCTACCAGCTA-1,9
GGATCCGGAATATACT-1,4
GGATCTACCGTTCGTC-1,32
GGATCTTACTGCCCTT-1,28
GGATCTTGACTCAACC-1,14
GGATGAAGATCGCTGA-1,17
GGATGACGCGAGTTTA-1,17
GGATGCTGGCGTTCCT-1,25
GGATGGCTTGAAGTAT-1,8
GGATGTCCTTACCGCA-1,1
GGATTAAGCTAAGGTC-1,4
GGATTAATCATGGACC-1,12
GGATTCAGTACGGTGG-1,7
GGATTCCGCTATACCC-1,15
GGATTGAAGTAGCCTC-1,12
GGATTGCTGTGACTCC-1,5
GGATTTCACTTCTATA-1,17
GGCAAAGGCGCCAATA-1,7
GGCAAATTACTTTACT-1,12
GGCAAGCCAGGGATAG-1,4
GGCAAGCCCATAGTGG-1,11
GGCAAGGCGAAATAGC-1,0
GGCAATAGTCAATGAG-1,3
GGCACTCAGCCGACCC-1,31
GGCACTCCACTGGGCA-1,2
GGCACTGCGGTGGTTT-1,9
GGCAGAGAGATCGGGA-1,8
GGCAGCAAACCTATGC-1,29
GGCAGCGGTAATCCTA-1,4
GGCATACAGGTAGCGG-1,0
GGCATATCGGTTCTGC-1,2
GGCATCAACGAGCACG-1,15
GGCATTGAACATCTCA-1,12
GGCCAATTGTATAGAC-1,4
GGCCACAAGCGATGGC-1,1
GGCCACACGAAAGCCT-1,26
GGCCCAATCTAGAGGG-1,0
GGCCCAGCTGGTTTGC-1,2
GGCCCAGTTATCAGCA-1,16
GGCCCGGAGCATGTCT-1,0
GGCCCGTATACCATGC-1,18
GGCCCTCACCCACTTA-1,3
GGCCGAGACTCTGGTG-1,0
GGCCGCAGGAACCGCA-1,9
GGCCGGCGTCTGCTAT-1,38
GGCCGTTTGGGTTTCA-1,1
GGCCTGCTCTGATGTT-1,18
GGCCTGCTTCTCCCGA-1,22
GGCCTTTGCAACTGGC-1,13
GGCGAGCATCGAGGAC-1,11
GGCGAGCGAAACGGCA-1,8
GGCGCACAGTTTACCT-1,26
GGCGCAGGACATCTTC-1,0
GGCGCATGAATTGATG-1,2
GGCGCGGAGATCTTTC-1,3
GGCGCGTTCGAGTTTA-1,13
GGCGCTCCTCATCAAT-1,16
GGCGCTTCATTCCCTG-1,15
GGCGGAGTAATATTAG-1,10
GGCGGGCTCTAAGAGT-1,14
GGCGGTAGGATCATTG-1,15
GGCGGTTTGCCGGTGC-1,0
GGCGTACCCTATATAA-1,1
GGCGTAGGGAAAGCTG-1,23
GGCTAAAGGGCGGGTC-1,32
GGCTAATGATTGAAAT-1,1
GGCTACTATACACTCC-1,21
GGCTATTAAGTTGTAT-1,19
GGCTCCTCCACCTGTT-1,1
GGCTCGCGTTGAGGTA-1,1
GGCTCGTGCCACCAGC-1,1
GGCTCTGCTCCAACGC-1,2
GGCTGAAATAGCAAAG-1,10
GGCTGAGCATCGTAAG-1,14
GGCTGGCAATCCCACG-1,6
GGCTGGCAGCTTTATG-1,6
GGCTGGCTAGCTTAAA-1,9
GGCTGTCCTACTGCGG-1,0
GGCTTCTCGTGGGTGG-1,1
GGCTTGGCTCTCACCT-1,9
GGCTTTCAATAAGGGT-1,8
GGGAAAGAATGCCAAC-1,11
GGGAACCACCTGTTTC-1,8
GGGAACGGGAGGTTAG-1,8
GGGAACGGTTTCAGAT-1,3
GGGAAGACGGTCTGTC-1,15
GGGAAGGGCTTTCTCA-1,12
GGGAATGAGCCCTCAC-1,0
GGGAATTCTGTCCAGT-1,0
GGGACAGAGTTACTCC-1,13
GGGACCCGTATATCTT-1,6
GGGACTGCATAGATAG-1,5
GGGAGAACTCACAGTA-1,4
GGGAGCGACCGTAGTG-1,18
GGGAGTAATGGCTGGC-1,11
GGGAGTTAATGAGGCG-1,14
GGGATACGGTAATAAT-1,2
GGGATATTGATCGCCA-1,25
GGGATCCCAATACAAA-1,15
GGGATGGACCCGCGTC-1,0
GGGATGGTCGTAACCG-1,2
GGGATTATCTCACAAC-1,3
GGGCAACCGCACGTGC-1,8
GGGCACGAATTGGCCG-1,2
GGGCACGTAGTACTGT-1,6
GGGCACTATTGACCAT-1,15
GGGCAGACGTCACTGC-1,5
GGGCAGAGCAATCGTT-1,1
GGGCAGGATTTCTGTG-1,10
GGGCAGTCAACGCCAA-1,2
GGGCATGCATGTCGAG-1,11
GGGCCATTCGTGCTGG-1,14
GGGCCCGTCTTAAACA-1,29
GGGCCCTACGAAAGGG-1,10
GGGCCCTTATCTATAC-1,8
GGGCCGGCCGAAGTAC-1,9
GGGCCTAAATGGGCTA-1,1
GGGCCTATACAACCGG-1,5
GGGCGAATTTCTCCAC-1,6
GGGCGATATGTGTGAA-1,4
GGGCGATCCATAGGCC-1,12
GGGCGCAGCGTTACTC-1,11
GGGCGGCAAATGAATT-1,22
GGGCGGGTTCCCTACG-1,12
GGGCGGTCCTATTGTC-1,18
GGGCGTACATTTATAT-1,10
GGGCGTCACCACGTAA-1,7
GGGCGTCCACTGGCTC-1,19
GGGCGTGGTTTCCCAG-1,22
GGGCGTTTACATTCAT-1,27
GGGCTACTATTTCGTG-1,2
GGGCTATGATCGATGG-1,30
GGGCTCATCGAACCCA-1,12
GGGCTGCCTAGGGCGA-1,11
GGGCTGGTTAGTCGCG-1,3
GGGTAATGCTGTGTTT-1,10
GGGTACACTCTGGAGG-1,8
GGGTACCCACGGTCCT-1,11
GGGTATGTATGCACTT-1,5
GGGTATTCTAGCAAAC-1,8
GGGTCACCGTGACGGT-1,3
GGGTCACGTGCTTATG-1,24
GGGTCACTGAGTAGTG-1,22
GGGTCAGGAGCTAGAT-1,17
GGGTCATGCGTACCAT-1,14
GGGTCCTTGGAAGAAG-1,6
GGGTCGTGGCAAGTGT-1,28
GGGTCTATCGCTTTCC-1,9
GGGTGACACCTTAACT-1,6
GGGTGCATATGAAAGC-1,16
GGGTGGTCCAGCCTGT-1,7
GGGTGTTTCAGCTATG-1,3
GGGTTAACATTTGAGT-1,3
GGGTTCAGACGAACAA-1,1
GGGTTTAGGATAGGAT-1,20
GGGTTTCCGGCTTCCA-1,0
GGTAAACTCTGCGCTG-1,3
GGTAAATGTGCGTTAC-1,24
GGTAACCGGCAAAGGT-1,16
GGTAACCGGGAGGATA-1,14
GGTAACTATGTATCTG-1,16
GGTACAAACATGCTAT-1,0
GGTACACCAGATTTAT-1,18
GGTACATCTGGGACGA-1,7
GGTACCATTAAGACGG-1,3
GGTACGTTGCGGCCGG-1,13
GGTACTAAGTGCTTTG-1,13
GGTAGAAGACCGCCTG-1,8
GGTAGACCGTTGGGCG-1,2
GGTAGGCCAATATCAC-1,16
GGTAGTGCTCGCACCA-1,0
GGTATAGTGACACATA-1,11
GGTATCAAGCATAGAA-1,8
GGTATGAAAGAACTGA-1,1
GGTATTGCCGAGTTTA-1,0
GGTCAAGACTACTTCG-1,15
GGTCACGTTAGATTCA-1,18
GGTCAGTGGGTCCCAC-1,0
GGTCCACGTCTATTTG-1,20
GGTCCCATAACATAGA-1,20
GGTCCTTCATACGACT-1,16
GGTCGGCCAGGAGCTT-1,10
GGTCGGTAATTAGACA-1,16
GGTCGGTCGTCCACAG-1,18
GGTCGTAAGCTCGCAC-1,2
GGTCTCCAAGTAGTGC-1,8
GGTCTCCGTCCAGGTT-1,4
GGTCTCTGAATGGACT-1,5
GGTCTGAGAATCTGGA-1,0
GGTCTTGAGCGCTCTT-1,18
GGTCTTGGTGTTAACT-1,14
GGTGAAACCGGGAATG-1,7
GGTGAACGGGCTAGCC-1,7
GGTGAAGTACAGGGAT-1,13
GGTGACTGATAGAGAG-1,18
GGTGAGATGCAGATAA-1,2
GGTGATAAGGAGCAGT-1,2
GGTGATGAAGGAAGTG-1,2
GGTGATTTCATCTTGT-1,1
GGTGCAGAGCCTATCG-1,1
GGTGCATAAATGATTA-1,7
GGTGCGGATAAGTGGC-1,3
GGTGCTGATCACAAAG-1,15
GGTGCTGGTACACATT-1,10
GGTGGACCACGTGTTA-1,34
GGTGGACTGCTCTGGC-1,7
GGTGGAGGTTGATACG-1,12
GGTGGGATTAGGTCCC-1,2
GGTGTAAATCGATTGT-1,18
GGTGTAGGTAAGTAAA-1,17
GGTGTTCTGTTTCTAC-1,35
GGTGTTGGGCGTCTTA-1,6
GGTTACCACCCTCGGG-1,10
GGTTACCCGACACTTT-1,18
GGTTACCGCTCCCTAC-1,12
GGTTAGCTATATGTCT-1,7
GGTTAGGCTTGGAGAA-1,2
GGTTAGGGATGCTAAT-1,10
GGTTAGTTACGGCGCC-1,21
GGTTCCACCCGCTTCT-1,6
GGTTCCCTAGTGTCTC-1,29
GGTTCCGTACGACTAA-1,4
GGTTCGATGCTGAGTT-1,18
GGTTCGCATTTGCCGT-1,4
GGTTCGGATTATACTA-1,0
GGTTCTACTCGTCTGA-1,0
GGTTGTATCGTGAAAT-1,1
GGTTGTGCTCTTGTCC-1,2
GGTTGTGTAGCCTGGC-1,10
GGTTTAATTACCATCG-1,18
GGTTTAATTGAGCAGG-1,11
GGTTTACAATCTCAAT-1,5
GGTTTAGCCTTTCTTG-1,8
GGTTTCAATCGGTCAG-1,9
GGTTTGACAAGAAGCT-1,25
GGTTTGAGTGCTGGAA-1,9
GGTTTGTGACCTGAGG-1,4
GTAACAACTGACCTTG-1,18
GTAACAGGTTAACGGC-1,1
GTAACATCAGCTCATC-1,9
GTAACATCTAAGATAA-1,4
GTAACTACGTAGACCT-1,3
GTAACTGCCCAAGGAG-1,5
GTAACTTGCGGCAGTC-1,15
GTAAGCGGGCAGTCAG-1,0
GTAAGGATTTGTCGGA-1,7
GTAAGTAGGGTATACC-1,14
GTAAGTCCACACTCTA-1,7
GTAATAAAGGGCTCCC-1,2
GTAATCTGATTCTTCG-1,3
GTACACTTACCTGAAG-1,15
GTACAGAGGCAAGGGT-1,10
GTACGACGGCGCTGCG-1,5
GTACGAGATTGCGACA-1,16
GTACGCTTCATTGCAC-1,2
GTACGTCACGTATTAA-1,7
GTACGTTTGCCCGTCA-1,5
GTACTAAGATTTGGAG-1,15
GTACTACGGCCTCGTT-1,5
GTACTCCCTTATCGCT-1,3
GTACTCCTGGGTATGC-1,10
GTACTGAGGTCGTAAC-1,4
GTACTGCATGAAGCGT-1,3
GTACTGGAGTTAGACC-1,18
GTACTTGGGCACTTCT-1,5
GTAGAAACGGGTGGAG-1,5
GTAGACAACCGATGAA-1,7
GTAGACACGCCTGACT-1,12
GTAGACGTCGTTACAT-1,10
GTAGAGGGAGACAAGT-1,13
GTAGCCAAACATGGGA-1,20
GTAGCGCTGTTGTAGT-1,7
GTAGCTAGTAAGCGCG-1,12
GTAGCTCCGGGAGGCT-1,17
GTAGCTTCCTCTTGTT-1,6
GTAGGTGATCCGTGTA-1,3
GTAGTCGCGGGAATCA-1,0
GTAGTCTACGATATTG-1,2
GTAGTTAGACAATATA-1,23
GTAGTTCGAAGGCGAA-1,7
GTAGTTTAAGCACACG-1,19
GTATAATCTCCCGGAT-1,7
GTATAGGACTCAGTAG-1,2
GTATAGTGGCCCATGT-1,26
GTATATGTTACGGCGG-1,13
GTATCAAACGTTAGCT-1,22
GTATCAAGGTACTTCC-1,3
GTATCAGCTTGGGTTC-1,5
GTATCCTTTGGTAACC-1,25
GTATCGGGACGAGCTG-1,2
GTATCTCAGTCTTGAC-1,15
GTATCTCCCTAACTGT-1,12
GTATCTCGGGCGCTTT-1,8
GTATCTTGTTGCTCAC-1,2
GTATCTTTCATAACCA-1,20
GTATGAAATTTCACTC-1,3
GTATGACGTGGGAAAC-1,7
GTATGTGGGTCTAGTT-1,5
GTATTAAGGCGTCTAA-1,3
GTATTAGGGTTCGCGT-1,11
GTATTCTGAGAAACGA-1,3
GTATTCTTACCGTGCT-1,9
GTATTTAATGGCATAA-1,13
GTCAAAGAAGTGGTGT-1,8
GTCAAAGTTTACATAG-1,2
GTCAACCAGGCCTATA-1,1
GTCAATGCTATAATTT-1,15
GTCAATTGTACTGAAG-1,0
GTCACAAAGTTTCCAA-1,14
GTCACCTGTCTATGTC-1,19
GTCACTCATGAGCGAT-1,17
GTCACTCTCCAAATCT-1,15
GTCAGAATAGTCTATG-1,15
GTCAGACAGCGTTGGA-1,18
GTCAGTTGTGCTCGTT-1,1
GTCAGTTTGGTAGTCG-1,17
GTCATCCCAAACTCAC-1,30
GTCATCTCCTACAGCT-1,10
GTCATGCACCTCCGTT-1,12
GTCATGCGCGAGGGCT-1,10
GTCATGGACATGACTA-1,18
GTCATTAGAGCGAACG-1,10
GTCATTGCATTGACCC-1,5
GTCCAATATTTAGCCT-1,15
GTCCACGTCGCATTCG-1,13
GTCCAGGCACGTGTGC-1,7
GTCCATTACTGCTACG-1,31
GTCCCAACGTAAAGTA-1,1
GTCCCAATCATCCCGC-1,2
GTCCCGCGACGTTATG-1,4
GTCCGAGAGCAATCAT-1,9
GTCCGGACCTGAAATT-1,11
GTCCGGCTGAATTGCG-1,2
GTCCGGGTTCACATTA-1,1
GTCCGTTAGAGGGCCT-1,2
GTCCTACAGGCGGCTC-1,24
GTCCTACGAATAGTCT-1,18
GTCCTACTCTACGGGC-1,0
GTCCTAGGATACCTTA-1,16
GTCCTATTGTTGTGGT-1,0
GTCCTTCTACAACCCA-1,8
GTCCTTCTAGTGGGTT-1,26
GTCCTTTAATGACTTC-1,14
GTCGAATTTGGGCGCT-1,5
GTCGATAGGTGACTTT-1,7
GTCGCCGTTGTGTGTT-1,15
GTCGCGTAACCCGTTG-1,11
GTCGGAAGGATACCAG-1,18
GTCGGATATCTCAGAC-1,0
GTCGGATGTAGCGCGC-1,0
GTCGGGAACATGGTAG-1,3
GTCGGGAAGCAGAAAC-1,8
GTCGTACCATCTCGGG-1,7
GTCGTACCTACGATTG-1,10
GTCGTATTGGCGTACA-1,18
GTCGTCAATTATAAGG-1,9
GTCGTCTGGTTGGCTA-1,16
GTCGTGTCTGGTCATC-1,2
GTCGTTATTCGCTTAT-1,15
GTCTAAGATGCCCAGC-1,1
GTCTACTCAATTACAA-1,1
GTCTAGTGAGCCGCTT-1,11
GTCTATACACGCATGG-1,20
GTCTATCTGAGTTTCT-1,8
GTCTATTGCATGCTCG-1,19
GTCTATTGGTTCCGGT-1,11
GTCTCAAGGCCCGGCT-1,20
GTCTCCCGAGTCCCGT-1,2
GTCTCCGCCTCAATAC-1,13
GTCTCCTGCCAGTATG-1,15
GTCTCGACTAAGTTTG-1,2
GTCTCGATCTGCTTTC-1,1
GTCTCGCCAACACGCC-1,12
GTCTGCCGACTCGACG-1,7
GTCTGGGCGGTCGAGA-1,9
GTCTGTAGGTTGAACA-1,10
GTCTTAGTACAGCCGG-1,28
GTCTTCCTCACCTAAG-1,11
GTCTTGAGGAGCAGTG-1,14
GTCTTGTAGCTATTCA-1,17
GTGAAACGGCGCCACC-1,12
GTGAAACGTGCTCCAC-1,10
GTGAACTCCCATTCGA-1,19
GTGAAGTCACGACTCG-1,13
GTGACAGCTTCCCACT-1,3
GTGACCGCACACTACG-1,11
GTGACCTAAAGAATAA-1,12
GTGACGAGGGTGACCC-1,1
GTGACGCAGGTTTCAT-1,10
GTGACTTCAGTAGTGC-1,6
GTGAGATAACCTTATA-1,10
GTGAGCGTGCTGCACT-1,0
GTGAGGAGCGGTTGAG-1,12
GTGAGTCTAAGACGGA-1,6
GTGAGTGGTACAACGC-1,12
GTGATCAAGCGTGCAC-1,4
GTGATCACTAACGCCT-1,18
GTGATCATAGATCTGC-1,1
GTGATCCTTGTCATGA-1,19
GTGATGCACAACATCT-1,3
GTGATTCGCCGCTCAA-1,0
GTGCAAATCACCAATA-1,8
GTGCAACAAATGTGGC-1,9
GTGCACCAGCTTCAAC-1,4
GTGCACGAAAGTGACT-1,10
GTGCAGCGTAGAGTAG-1,11
GTGCCAAACGTTTCGA-1,0
GTGCCATCACACGGTG-1,21
GTGCCGCTTCAAAGGT-1,6
GTGCCTAGCTATGCTT-1,4
GTGCCTCAGTGTACGG-1,0
GTGCCTGAGACCAAAC-1,19
GTGCGAAATCGAACAC-1,16
GTGCGACAGGGAGTGT-1,17
GTGCGCAGCTTGCTCC-1,8
GTGCGCTTACAAATGA-1,4
GTGCGGGACCATCGGC-1,20
GTGCGGGTCTCCAAAT-1,6
GTGCTATCCAGCTGGA-1,12
GTGCTCAAGTACTGTC-1,1
GTGCTGCAGATAAGGA-1,3
GTGCTGTTAGAACATA-1,10
GTGCTTACATCAGCGC-1,16
GTGGAACCTACATGCG-1,10
GTGGACCAACCCGATT-1,2
GTGGACGCATTTGTCC-1,2
GTGGACGTGCTGAGAC-1,10
GTGGAGCATGTCGGCC-1,3
GTGGAGCGTTTACCGA-1,10
GTGGAGTCGGCGGTTG-1,8
GTGGCAAACAGCGGCA-1,13
GTGGCCGGTTTCTCGG-1,11
GTGGCCTAATATCATT-1,8
GTGGCGGGCCGTAGCT-1,1
GTGGCGGTCCCAGCGT-1,5
GTGGCGTGCACCAGAG-1,0
GTGGCTGTTTCTGTTC-1,16
GTGGGAACAAACCGGG-1,12
GTGGGAAGACTGAATC-1,2
GTGGGCTTAGACACAC-1,24
GTGGGTACTGAGCGTA-1,14
GTGGGTCTTCTTTGCG-1,16
GTGGTATAGTCTGCCG-1,1
GTGGTCAGCGAAGTAT-1,6
GTGGTGATGGTTTGTG-1,13
GTGGTGGCCAAGTGAA-1,6
GTGGTTACTTCTTTCG-1,17
GTGGTTTCCGCCTTTC-1,28
GTGTACGAACCGTTCC-1,14
GTGTATATCAGCGGGC-1,9
GTGTATGACTTTAAAG-1,12
GTGTCAGTGTACGTGG-1,10
GTGTCCGATAAGGCAT-1,3
GTGTCGTATAGCGTTC-1,12
GTGTCGTATTCACCTT-1,3
GTGTGAATAACTTAGG-1,4
GTGTGAGCCGAGGTGC-1,16
GTGTGTCGACGTCGCT-1,8
GTGTTACTATGCGTCC-1,9
GTTAAAGTAGGACTGG-1,0
GTTAACATCACTTAAA-1,14
GTTAACTATGTTGTCA-1,8
GTTAAGGGTGCGATGT-1,11
GTTAAGTTAGAGTGGG-1,4
GTTAATGTCTATCTTA-1,0
GTTACAATTGGTGACG-1,9
GTTACCAAGGCGTACG-1,7
GTTACCTACAACTTGC-1,5
GTTACGAAATCCACGC-1,31
GTTACGGCCCGACTGC-1,0
GTTACTTTGGGCCTAG-1,3
GTTAGAGTGTGCCGCT-1,2
GTTAGCCCATGACATC-1,1
GTTAGCCGTAAATCAA-1,14
GTTAGGCTACCCGTTT-1,16
GTTATAATACGGTGAA-1,17
GTTATATCAGGAGCCA-1,12
GTTATATTATCTCCCT-1,10
GTTATCAAGCTATCGA-1,12
GTTATCACCTTCTGAA-1,17
GTTATTAAATACGACC-1,1
GTTATTAACGTGGGAG-1,3
GTTCAAATCAGATGTC-1,13
GTTCAATCTATGTCAA-1,5
GTTCACAGGAGTCTAG-1,9
GTTCAGTCGCCAAATG-1,3
GTTCATCGTTTGGCTG-1,4
GTTCCAAGACAGCGAC-1,7
GTTCCAGTCTGACCAT-1,21
GTTCCCGTAAACATAT-1,13
GTTCCGTCCGCCTGCA-1,9
GTTCGACAATTGTATA-1,4
GTTCGCCATAAGTGCC-1,0
GTTCGCTGAGACGTCT-1,18
GTTCGGAGCACTCAAC-1,4
GTTCGGATCGGGAACA-1,0
GTTCGGGCGTACCATT-1,4
GTTCGGTGTGGATTTA-1,7
GTTCGTCTAAAGAACT-1,13
GTTCGTCTGGGTCCCT-1,6
GTTCGTTGCGGACCAG-1,13
GTTCTTCCCTCGATGT-1,0
GTTCTTGTAACTCAAT-1,0
GTTGAACCGGTTCCAT-1,18
GTTGAGTCCCGCCGGT-1,17
GTTGCACGGAGTTTCG-1,7
GTTGCAGTCGACAACA-1,6
GTTGCCCTAACGGGTG-1,6
GTTGCGCTAACATTAC-1,0
GTTGCGGACGGTCAGG-1,12
GTTGGACCGCATCAGG-1,3
GTTGGATTCAGTGGCT-1,0
GTTGGATTGAGAACAC-1,4
GTTGGTCATGCTATCC-1,1
GTTGTAGATTTATGAG-1,18
GTTGTCGTGTTAGTTG-1,9
GTTGTTACATTGCGCT-1,10
GTTGTTGCAAGATGGC-1,19
GTTTACGTTCCATCTG-1,6
GTTTATGGGATTTAGA-1,1
GTTTCAAACGAGTTGT-1,18
GTTTCATATCGTCGCT-1,9
GTTTCCTGGAGGGTGA-1,32
GTTTCTAGAGGCGCGG-1,3
GTTTCTGCAGTCTCCC-1,4
GTTTCTTGTTAGAGCT-1,18
GTTTGACCAAATCCTA-1,10
GTTTGAGCGGTTATGT-1,12
GTTTGGCCGCTCAGCG-1,13
GTTTGGCGTCAGGCAC-1,19
GTTTGGGCTTGTGAGC-1,13
GTTTGGGTTTCGCCCG-1,20
GTTTGGTAGGGTCAAC-1,1
GTTTGGTGATCGGTGC-1,10
GTTTGTTAGCCAAGTA-1,6
TAAACCCAGGAGGGCA-1,8
TAAACGTCGTCAATGA-1,29
TAAAGACAACCCTTTA-1,13
TAAAGAGCCCGAAACC-1,5
TAAAGCGGTATTTCCA-1,11
TAAAGCGTTAGGAGAA-1,4
TAAAGCTGCAATAGGG-1,16
TAAAGGAGAAACTAGT-1,3
TAAAGTGCACGTCTCG-1,3
TAAATCTTTACACCTC-1,9
TAAATGAATCCGTTTC-1,12
TAAATGCCGTCTCATG-1,3
TAAATGGGCTACTGAG-1,20
TAAATTGTGGGTAAAG-1,6
TAAATTTAGTAACACC-1,1
TAACAAAGGGAGAAGC-1,3
TAACAATATTTGTTGC-1,6
TAACAGCGTTTGTGCT-1,6
TAACAGGTTCCCTTAG-1,25
TAACATACAATGTGGG-1,16
TAACATACACGCGATC-1,13
TAACCGCCCGCAGTGC-1,3
TAACCGTCCAGTTCAT-1,9
TAACCTACCGTCCGAG-1,0
TAACCTAGGGAGTCCA-1,7
TAACGCTTTGAGAGCG-1,10
TAACTATCGAAGGTCC-1,9
TAACTATTACGCCAAA-1,1
TAACTCATCCGCGCGG-1,1
TAACTCCATGGAGGCT-1,9
TAACTGAAATACGCCT-1,6
TAAGAGGGACAGGGAC-1,3
TAAGATTTAGCGGGAG-1,5
TAAGCAGGCGACACGC-1,15
TAAGCCCTTACGACCA-1,6
TAAGCGCGAATCAAAT-1,16
TAAGGAACTTGTGGGA-1,16
TAAGGCAACATAAGAT-1,12
TAAGGCATAACATCAA-1,3
TAAGGCCCGTCACCCT-1,12
TAAGGCTGAATCCCTC-1,20
TAAGGGCCTGTCCGAT-1,3
TAAGGGCTGGGAGAGG-1,12
TAAGTAAATGTGCCGC-1,4
TAAGTAACATCTTGAC-1,5
TAAGTCGCCGAGTATC-1,3
TAAGTCGGTGAGCTAG-1,15
TAAGTGAATAGTCTAC-1,1
TAAGTTGCGACGTAGG-1,23
TAATAAACAAGGAGAT-1,6
TAATACACAGTAGTAT-1,6
TAATACTAGAACAGAC-1,3
TAATAGAACAGAGTTA-1,7
TAATAGCTAAATGATG-1,6
TAATAGGTCACCAGAA-1,1
TAATAGTGACGACCAG-1,2
TAATATTGAAATTCGC-1,1
TAATCAACCAAATGGG-1,31
TAATCAGGAATGCTGC-1,12
TAATCGATCCGTACGT-1,10
TAATGAAAGACCCTTG-1,15
TAATGTCGGTTCATGG-1,31
TAATTACGTCAGTAGA-1,13
TAATTAGATGGATATG-1,13
TAATTAGGACATCCGT-1,13
TAATTCCAATGCTTCA-1,4
TAATTGCGCTGATTAC-1,1
TAATTGGAATCGGGAA-1,1
TAATTTCCGTCCAGTA-1,8
TACAAATTGCGGAGGT-1,6
TACAACGCACAACTCA-1,1
TACAAGCTGTTCACTG-1,6
TACAAGGGCTTCTTTA-1,6
TACAAGTCTCGTGCAT-1,9
TACAATGAAACCAGCA-1,3
TACACAGCCGTGGTGC-1,15
TACACCGTCGTTAGTC-1,6
TACACCTCTTCGAATC-1,5
TACAGAAACGGTGGGC-1,11
TACATAGGCATACACC-1,6
TACATCCCTATCCCTG-1,9
TACATCTTGTTTCTTG-1,16
TACATGACCTTATCCG-1,1
TACATGCCGGAATTGT-1,8
TACATTTCTAACGTGC-1,1
TACCAAATAGCCCAGA-1,2
TACCAATAAAGTACCA-1,8
TACCAGAAGTAGGTTC-1,0
TACCAGCTAGGTTTAA-1,8
TACCAGGAATCCCGTC-1,25
TACCATGTATTGATTT-1,32
TACCCTCGGTAACCCT-1,10
TACCGAATAATTGTAA-1,12
TACCGATCCAACACTT-1,6
TACCGCGGACTTGCAG-1,4
TACCGGCTCACTGCCC-1,7
TACCGGTCGTTTCCAT-1,16
TACCGTAGGTTAACTA-1,23
TACCGTGCCTCGGACC-1,0
TACCTACTCCCAGTAT-1,15
TACCTATCCCTAGAGG-1,7
TACCTCACGCTTGTAC-1,11
TACCTCAGTTGTCTGT-1,23
TACCTCCACACCAATG-1,30
TACCTCTTTACCATCC-1,13
TACCTGCTGCACTGTG-1,14
TACCTTAAGATTTCCC-1,6
TACGAACACGACTTCA-1,6
TACGACGCTTGCTGCG-1,15
TACGACTGCCTCTTAG-1,7
TACGATCCAAGCCACT-1,11
TACGCAGTTCTTTCCT-1,13
TACGCCATATTCTAAT-1,28
TACGCCGAGGGTACCC-1,1
TACGCCGCCTCAGAAG-1,21
TACGCCTCCATTCCGA-1,3
TACGCTATAGAAACCT-1,24
TACGCTCCTAGAACTG-1,1
TACGCTCGGTATTGGA-1,12
TACGCTGATAGTTGTA-1,7
TACGCTGCTGTGTTAA-1,6
TACGGAAGCCAAACCA-1,36
TACGGCATGGACGCTA-1,16
TACGGGATGCTAGCAG-1,5
TACGGGTAATAACATA-1,8
TACGTAAAGCGGAGTG-1,17
TACGTACTAGTGCTGA-1,8
TACGTGCACTATGCTG-1,0
TACGTGGGCCCAGGGC-1,5
TACGTTTACCGGCAAT-1,12
TACTACGTGCAATGCG-1,19
TACTATGGTTCCTCAG-1,0
TACTCACAACGTAGTA-1,12
TACTCATTGACGCATC-1,9
TACTCCTCTAGTTGAC-1,19
TACTCGGCACGCCGGG-1,7
TACTCGTTTGAATCAA-1,2
TACTCTCCGAACAAAT-1,11
TACTCTTACTTTACTG-1,0
TACTCTTTCGTCTTCA-1,6
TACTGAACAGATTTAG-1,12
TACTGAGGGAAGAAAG-1,0
TACTGCATGATTAAAT-1,2
TACTGGACAGCTCGGC-1,13
TACTGTTTCTCTGGTA-1,0
TACTTAAACATGTACA-1,4
TACTTGTTAGTAGTCC-1,17
TACTTTACTGAGCCGG-1,17
TACTTTCCGCACGCCA-1,7
TAGAAACACAATAGTG-1,2
TAGAAACCACTAAGTA-1,5
TAGAAAGGTGGCGCTA-1,15
TAGAAATTCACGTATA-1,3
TAGAACGCCAGTAACG-1,1
TAGAAGAAGGGTTACA-1,14
TAGAATAGCCGATGAA-1,22
TAGAATTAAGGGCAAC-1,14
TAGACGAAACGCCAAT-1,12
TAGACGCCCGTACCGG-1,6
TAGACTACCTAGCGTT-1,23
TAGACTCAGTTGGCCT-1,6
TAGAGATCATGCAACT-1,23
TAGAGCTACGAAGAAC-1,0
TAGAGGGAGTTTATCT-1,17
TAGAGGTTCTACTTGT-1,16
TAGAGTCTAAGCGAAC-1,5
TAGAGTGTTCCGGGTA-1,6
TAGATATGGACTGGAA-1,13
TAGATCCGAAGTCGCA-1,26
TAGATGGTTCCTTACT-1,2
TAGATTCAAAGTGCGG-1,10
TAGATTCCTGGTTATT-1,5
TAGCAACCTGTCACAA-1,15
TAGCAGATACTTAGGG-1,3
TAGCAGTAAATACGCG-1,5
TAGCAGTATGACTAAA-1,1
TAGCCAGAGGGTCCGG-1,19
TAGCCATGATTGCCTA-1,5
TAGCCGGCGGTCAGCG-1,12
TAGCGTCCCTCGATTG-1,17
TAGCGTCCGGTGTGGT-1,18
TAGCGTCGAATATTGA-1,9
TAGCGTTGGGTCTTAC-1,11
TAGCTAAGTCCGGGAG-1,6
TAGCTAGAAGGCATGA-1,11
TAGCTAGTGATGATGG-1,11
TAGCTCACTGTGTTTG-1,13
TAGCTCAGATCCTAGT-1,3
TAGCTCGCCTGATAAC-1,15
TAGCTGATGTGAAGCG-1,1
TAGGAACAGCCTCCAG-1,6
TAGGATCTTAACCGCA-1,2
TAGGCCTATATAGTCT-1,9
TAGGCGATGAGGTCTC-1,8
TAGGCGGCTGCAAAGA-1,10
TAGGCTAAAGTGGCAC-1,4
TAGGGAGCTTGGGATG-1,7
TAGGGTGTTTCAAGAG-1,32
TAGGTCCAAGTAAGGA-1,5
TAGGTCGCCGGAACTG-1,1
TAGGTGACGATAACCT-1,2
TAGGTGAGCCCTACTC-1,9
TAGGTGTTCCACAGAT-1,7
TAGGTTCGAGTTCGTC-1,2
TAGGTTCTGCTGAGAA-1,12
TAGTACCACAACTTTC-1,9
TAGTACCTTAGTGGTC-1,14
TAGTAGCTTATACCAG-1,2
TAGTAGTTGCCGGACA-1,11
TAGTCCCGGAGACCAC-1,29
TAGTCCGCAGAGAATG-1,7
TAGTCCGTATGCATAA-1,4
TAGTCCTGCACTAAGC-1,18
TAGTCGATCACGGGTT-1,8
TAGTCGGGATTCTTCG-1,0
TAGTCTAACAACGAGA-1,8
TAGTCTGCGGCACATT-1,10
TAGTCTGTGACGTTGC-1,32
TAGTCTTTCCGAATTG-1,13
TAGTGAGAAGTGGTTG-1,0
TAGTGCCCTCCAGAGT-1,5
TAGTGCTTGAATCCTT-1,1
TAGTGGAACTCATACA-1,5
TAGTGTCAGAAACGGC-1,8
TAGTTAAGATAGGATA-1,4
TAGTTTATTCTTGCTT-1,31
TAGTTTGATCGGTCGC-1,2
TATAAATCCACAAGCT-1,11
TATAAGTGAGGATAGC-1,0
TATACACAGACGCCTT-1,0
TATACACGCAAAGTAT-1,1
TATACCGAGTGCCACA-1,7
TATACGCGTCATCACT-1,22
TATACTCATGCGGCAA-1,0
TATAGAGTCGCTTGAA-1,32
TATAGATGGTCGCAGT-1,8
TATAGCGCACGTTATC-1,15
TATAGCTATTATCTCT-1,1
TATAGGGTACTCATGA-1,17
TATAGTTAGGTGTACT-1,3
TATATAGGGCTTTACG-1,0
TATATATCGAGAAATG-1,0
TATATCAAAGTGATCT-1,3
TATATCATTGATCAGT-1,13
TATATCCCTGGGAGGA-1,3
TATATGCTGGGTTGCC-1,9
TATATTACAAATGTCG-1,2
TATATTCGCGTCGATA-1,2
TATCAAAGGTCTGTAA-1,11
TATCACAGCACGGGCA-1,19
TATCACCATGTAAAGT-1,9
TATCACCCAACCGACC-1,3
TATCACTTCGAGTAAC-1,4
TATCAGTGGCGTAGTC-1,8
TATCCAATTGGTTATC-1,31
TATCCATATCATGCGA-1,21
TATCCATCTCGGTTAG-1,1
TATCCCTCGATCTGCA-1,12
TATCCGCACCGTCGGG-1,4
TATCCTATCAACTGGT-1,1
TATCCTGCATGGGAAT-1,33
TATCGATCTATGCATA-1,4
TATCGATGATTAAACG-1,3
TATCTACAGAGGTAAT-1,5
TATCTACCACAGCGGG-1,6
TATCTAGCCTAAAGGA-1,5
TATCTGAGCCGATATT-1,5
TATCTTGCAATACAAC-1,9
TATGAAGAATTAAGGT-1,4
TATGAAGACAGGTGCG-1,10
TATGACCTTGCGCTGG-1,26
TATGATAAATCTAACG-1,26
TATGATCCGGCACGCC-1,27
TATGATCTTCTCTTTA-1,12
TATGATTCTGCTTGGT-1,8
TATGCTCCCTACTTAC-1,12
TATGGAGTTTCTCGTT-1,5
TATGGATGTGCTACGC-1,21
TATGGCAGACTTTCGA-1,7
TATGGCTAGGCTAATT-1,16
TATGGGACCGAGCAGG-1,7
TATGGGTACGTATCGT-1,2
TATGGTCTGAGTAACA-1,7
TATGGTTAGTGGGAGA-1,7
TATGTAAAGTGCTTAA-1,24
TATGTAGAAACCCGGC-1,1
TATGTCAAGACCGACT-1,23
TATGTCTCATTGTGCC-1,1
TATTAACACCAAAGCA-1,3
TATTAACCTGACCGCG-1,2
TATTACCATCCTGCTT-1,10
TATTATGTTTGCCTGC-1,8
TATTCAATTCTAATCC-1,3
TATTCCACTCAGCTCG-1,18
TATTCCGAGCTGTTAT-1,13
TATTCCGGCAGTCCTA-1,2
TATTCCTCCGCCCACT-1,34
TATTCGTGCCAGAATA-1,14
TATTGACATTTCTGCC-1,27
TATTGCCGGGCTTGTA-1,18
TATTTAGTCTAGATCG-1,11
TATTTATACCGAGTAG-1,2
TATTTGATTTGCACAG-1,12
TATTTGTTACCCTTTA-1,1
TCAAACAACCGCGTCG-1,1
TCAAACAATTAGGACA-1,12
TCAAACTTAGATTGTT-1,9
TCAAAGAGCTATCTGT-1,8
TCAAAGTCACGGCGTC-1,2
TCAAATTGTTGTGCCG-1,16
TCAAATTTGAGACTCA-1,12
TCAACAAAGATAATTC-1,13
TCAACACATTGGGTAA-1,8
TCAACATAGCGCCCTA-1,14
TCAACATCGACCGAGA-1,2
TCAACCATGTTCGGGC-1,19
TCAACGAGGAGACAAA-1,1
TCAACGCAGGAAATAA-1,20
TCAACGCGACCGGCAG-1,31
TCAACTAACGTATAAC-1,1
TCAACTGCAGAGTCAG-1,8
TCAAGAAATACTAGCT-1,17
TCAAGCGCGGACGGTA-1,30
TCAAGCTGCCTTGAAA-1,3
TCAAGGTTACTACACC-1,13
TCAATACAATTGCTGC-1,13
TCAATACGCCGTCATG-1,30
TCAATATACAGGAGGC-1,0
TCAATCCCGCGCCAAA-1,5
TCAATCCGGGAAGTTT-1,3
TCACAAACCGAGGTAC-1,6
TCACAGATCCTCAAAC-1,13
TCACAGCAAACTCGAA-1,15
TCACAGGAGAATAAGA-1,1
TCACAGGGAATCGCAA-1,11
TCACAGGTTATTGGGC-1,9
TCACATCTTATCTGAT-1,5
TCACCCTCTTAAGATT-1,16
TCACCGCTCGGCACTC-1,14
TCACGATGTCCGTGGA-1,18
TCACGATTAATACGTT-1,19
TCACGCATTGTAGATC-1,15
TCACGGCCCAAGAGAG-1,0
TCACGGTCATCGCACA-1,17
TCACGTGCCCGATTCA-1,19
TCACTACGACCAATGC-1,10
TCACTATCCCTTCGGT-1,10
TCACTATCGTGCAATC-1,14
TCACTCAGCGCATTAG-1,18
TCACTCGTGCAACGGC-1,17
TCACTCTTCGTCTGTC-1,23
TCAGAACCTCCACAGG-1,24
TCAGAACGGCGGTAAT-1,4
TCAGACGCTATAGAAG-1,3
TCAGAGCATGTCAACG-1,6
TCAGAGGACGCGTTAG-1,29
TCAGAGTGTGAGCATG-1,9
TCAGATGGAGACGTAG-1,17
TCAGCAAATGCATCTC-1,2
TCAGCAGTAGGCCCTG-1,17
TCAGCCAATCCGTAAA-1,11
TCAGCGCACGCCGTTT-1,1
TCAGCTTGAGCTTTCG-1,11
TCAGGGCGACTTCCTT-1,13
TCAGGGCGCAAACTCG-1,5
TCAGGGTGCACGAAAC-1,17
TCAGGGTGTAACGTAA-1,2
TCAGGTTCTTTGAGAA-1,3
TCAGTACTGACCCGCG-1,12
TCAGTAGGGACTATAA-1,3
TCAGTGTATACGTCAT-1,4
TCAGTTACGGAATGAT-1,12
TCATAAGTCCAAGAAG-1,4
TCATACTTACAGATCC-1,5
TCATATGAGCTTTGTT-1,22
TCATCACTCGAGCTCG-1,14
TCATCCATCTGATCAC-1,2
TCATCCCAGAGGGTGG-1,18
TCATCCTCAGCTGCTT-1,3
TCATCGACGACCGTCG-1,3
TCATCGATGGTCCCAA-1,0
TCATGAAGCGCTGCAT-1,3
TCATGCAGGTTCTCAT-1,3
TCATTCGTATAATTTG-1,20
TCATTTAAGTCTCCGA-1,2
TCATTTAGAAGTGTGA-1,7
TCCAACTCAGCTATCT-1,3
TCCAACTTTAAATTCT-1,2
TCCAAGCCTAGACACA-1,2
TCCAATAAAGGCTACC-1,6
TCCAATGCGTCGCCGC-1,7
TCCACAATGGTTTACG-1,15
TCCACATCGTATATTG-1,4
TCCACCAAGACATAGG-1,16
TCCACCTCTAGCCTTT-1,1
TCCACTTTATCTAGGT-1,15
TCCAGATGTACGCCAA-1,1
TCCAGCGCTATAAGCG-1,16
TCCAGGCAGGACGATC-1,9
TCCAGGCGAGTACGGT-1,5
TCCAGGGTATATACGA-1,6
TCCATCAATACTAATC-1,17
TCCATTAGTTGGATAG-1,13
TCCATTCCCACTAGAG-1,10
TCCATTGTGACCTCGT-1,2
TCCCAAACAGACAACG-1,9
TCCCAAACATCCTCTA-1,18
TCCCAAAGACGAAGGA-1,9
TCCCAAAGCCCTAAAT-1,22
TCCCAATATCGACGAC-1,2
TCCCACGGAGGGAGCT-1,0
TCCCACTCTCTTCCGG-1,18
TCCCAGCACACGACAT-1,12
TCCCAGCTTTAGTCTG-1,4
TCCCAGGCTTAGCTAA-1,3
TCCCGCCTATGTGCGT-1,7
TCCCGCGTACTCCTGG-1,15
TCCCGGTCAGGAATTT-1,0
TCCCGTCAGTCCCGCA-1,35
TCCCGTCGCGTCATAG-1,17
TCCCGTGTGCAATTTG-1,2
TCCCTAGATCAATAGG-1,37
TCCCTCCGAAATCGTT-1,8
TCCCTCTTCTCAAGGG-1,8
TCCCTGGCGTATTAAC-1,7
TCCCTGGCTCGCTGGA-1,3
TCCCTTAGATTACTCG-1,5
TCCCTTGTCTGAAACT-1,14
TCCGAACGTTGCCGCT-1,8
TCCGAACTTGGCTTAC-1,14
TCCGAAGTAGTCACCA-1,16
TCCGAATGGTCCTGAG-1,2
TCCGACCGCTAATCAA-1,17
TCCGAGAAGGCTAAGC-1,7
TCCGATAATTGCCATA-1,21
TCCGATGACTGAGCTC-1,31
TCCGATGGTGCGACAT-1,13
TCCGCAGCCACCTAGC-1,8
TCCGCCTGTCTACAAG-1,5
TCCGCGGCAGCATCTG-1,27
TCCGCGGCCCAATGAA-1,0
TCCGCTGGGTCGATCG-1,1
TCCGCTGTCATCCCGG-1,0
TCCGCTTATCCCATTA-1,13
TCCGGAGGAAGGGCTG-1,29
TCCGGCCTAGCGTACA-1,17
TCCGGCCTGCATCGAT-1,4
TCCGGCTGTCGGGTCG-1,16
TCCGGGCCACTAACGG-1,12
TCCGGGCTTGACGGGA-1,3
TCCGGTTCGTCCGGTC-1,13
TCCGTAACCACAATCC-1,1
TCCGTTAAGCTAATAT-1,0
TCCGTTTAGCCTTGAA-1,18
TCCTAAAGATTCAGAC-1,1
TCCTAAATTGGGAAGC-1,3
TCCTAACCGTCGGGCA-1,4
TCCTACATCCACGGCC-1,0
TCCTAGCAAAGAAGCT-1,4
TCCTATCATAGGTAAC-1,26
TCCTCCTAAGACATTC-1,9
TCCTCTACGAGATGGC-1,0
TCCTCTCCAGTTGTCC-1,1
TCCTCTGGCCCATTAG-1,3
TCCTGCAGCCGCCAAT-1,6
TCCTGCCAACTGGAGA-1,2
TCCTGCGTTGATACTC-1,13
TCCTGGCGCTGCCTGG-1,27
TCCTTACGACGGTCCG-1,9
TCCTTCAATCCCTACG-1,2
TCCTTCAGTGGTCGAA-1,1
TCCTTGTCCTTTAATT-1,18
TCCTTTAAATCCGCTT-1,11
TCCTTTCTTACGCTTA-1,20
TCGAAATTTAGGACCA-1,8
TCGAAGAACCGAGCAC-1,5
TCGAATATCCCGCAGG-1,15
TCGAATCGCAGGGTAG-1,15
TCGACAACTGAACCCG-1,13
TCGACATAGCGTAGCG-1,0
TCGAGACCAACACCGT-1,35
TCGAGCCAGGCAGGCC-1,7
TCGAGGGCAACAGACG-1,13
TCGAGTCTACGATTCG-1,7
TCGATAGGCTAGTCGC-1,10
TCGATGTTACGGCCGT-1,12
TCGATTTACGAAACGA-1,4
TCGCAAAGATGCATTT-1,16
TCGCACCAGGAGGCAG-1,7
TCGCACTAACGTTTGT-1,23
TCGCATAAAGGGCGCA-1,12
TCGCATCCCTAAGTGT-1,5
TCGCATTCAATGACTT-1,8
TCGCCACCCGGATTAC-1,3
TCGCCCAACTGACTCC-1,5
TCGCCCACTGCGAGAG-1,8
TCGCCGAAGTTGCGTC-1,0
TCGCCGACATATTCGC-1,23
TCGCCGCACCGCGTGA-1,12
TCGCCGGAGAGTCTTA-1,7
TCGCCGGATGGGCAAG-1,4
TCGCCGGTCGATCCGT-1,16
TCGCCTCCTTCGGCTC-1,20
TCGCCTCGACCTGTTG-1,13
TCGCGCGTTTACATGA-1,0
TCGCGTAGCAGTGTCC-1,13
TCGCTAAACCGCTATC-1,5
TCGCTACTGGCTTTGA-1,18
TCGCTCGATATATTCC-1,0
TCGCTCGGCACCAGCG-1,21
TCGCTGCCAATGCTGT-1,1
TCGCTGGGCGGATTGT-1,16
TCGCTGTGCGTAAATC-1,3
TCGCTTTAAACGTTTG-1,3
TCGGAATGACCATCAA-1,21
TCGGACGCCCAGCCCA-1,20
TCGGAGAGTATCGGGA-1,30
TCGGAGTACATGAGTA-1,19
TCGGAGTCCTGGTTGC-1,1
TCGGATCTGGATGACC-1,17
TCGGCAGGGTTAAGGG-1,2
TCGGCGAACCCAAACC-1,13
TCGGCGGTATTAGATT-1,0
TCGGCGTACTGCACAA-1,11
TCGGCTAACTTCCCTT-1,10
TCGGCTTGTATCGACG-1,2
TCGGGAACGTGCCTAG-1,16
TCGGGAGACAGCGTAC-1,4
TCGGGATTCAAACATA-1,4
TCGGGCACTTCTGGAT-1,16
TCGGGCCGTCGTGGTA-1,1
TCGGGTGAAACTGCTA-1,3
TCGGTCCCGACAATAG-1,8
TCGGTCCCTGACTCCA-1,6
TCGGTGACCGCTCCGG-1,36
TCGGTTAGCCATGTAG-1,17
TCGTAACTCCCAAGAC-1,6
TCGTAAGACGACATTG-1,2
TCGTAAGCTCCGAGGA-1,24
TCGTACCGACGTCAAG-1,6
TCGTATAGTGCAATTA-1,21
TCGTATCACCAAGCTA-1,19
TCGTATTACCCATTGC-1,9
TCGTATTTCGTCCGGA-1,8
TCGTCAAGTACGCGCA-1,20
TCGTCACACTGTTAGC-1,7
TCGTCCGCTGGCGTCT-1,31
TCGTCCGGGTACACTC-1,1
TCGTCTTAGGCGTTAA-1,0
TCGTGTACTATGGATG-1,2
TCGTGTATTGGTCACG-1,10
TCGTGTCACGCTGACA-1,14
TCGTGTTCGACCACAA-1,0
TCGTTAGGAGTCCCTA-1,2
TCGTTCGTTATTATGT-1,21
TCGTTGACAGGGTCCC-1,9
TCGTTGCTATCCGGTC-1,3
TCGTTGGCTCGTCAAT-1,13
TCGTTTACGCGACCCT-1,2
TCTAAAGAACAGTCTC-1,8
TCTAACTGTATGTAAA-1,10
TCTAATACTGCCTCAG-1,13
TCTACACGTTCATGCA-1,22
TCTACCCAATAGAGAG-1,9
TCTACCGTCCACAAGC-1,3
TCTACGCACGATCTCC-1,2
TCTACGGGCTCAGTTG-1,4
TCTAGCAATCTCCGCC-1,7
TCTAGCATCTTCGATG-1,3
TCTAGCATGCCCAGAA-1,16
TCTAGGTGGCGACGCT-1,20
TCTAGTGATATCGTGG-1,7
TCTAGTTATCAGAAGA-1,6
TCTATAGGTGGGTAAT-1,10
TCTATCATGCAGTTAC-1,3
TCTATCCGATTGCACA-1,15
TCTATCGGTCGCAACA-1,1
TCTATGCTATAACGAC-1,3
TCTATTACGCTGGCGA-1,14
TCTATTACTAGAGGAT-1,4
TCTCAAATCAATCGGG-1,10
TCTCATGAGATAGGGT-1,17
TCTCCAACGTAGGTTA-1,6
TCTCCACAAGTTGAAT-1,19
TCTCCCTGGGCAGCGT-1,13
TCTCGAACGAGGTCAC-1,21
TCTCGACGTATCGCCG-1,26
TCTCGAGGAGGTTCGC-1,23
TCTCGGCTCCAGGACT-1,8
TCTCGTGTTACGAGGA-1,14
TCTCTAATAGCTGGTA-1,0
TCTCTCGCCGCACATA-1,10
TCTCTTACCGCGAACC-1,6
TCTGAACCGGTCGGCT-1,14
TCTGAACTCGTACCCG-1,8
TCTGAAGCACGTGGTC-1,16
TCTGAATTCCGTACAA-1,1
TCTGACGGGCTAACCC-1,3
TCTGACTGTAATGGTT-1,12
TCTGAGCAATTGACTG-1,12
TCTGATCGGGTGCTAG-1,4
TCTGATGTATTCTGTC-1,7
TCTGATTGGAAATGGA-1,8
TCTGCACCATTAGTAA-1,20
TCTGCAGATTCGAGTC-1,25
TCTGCATACCTTGCTT-1,11
TCTGCGTCCGGTTTCT-1,5
TCTGCTTAGAACAAGC-1,0
TCTGGCCGTTCAAGTT-1,4
TCTGGCGCAAGCCGGG-1,8
TCTGGGAACCTTTGAA-1,12
TCTGGGTAGCGCTCAT-1,0
TCTGTCATACAAGAGC-1,11
TCTGTGACTGACCGTT-1,11
TCTGTGATGGAGGTTG-1,21
TCTGTGCCATCATAGT-1,17
TCTGTGGCTACATTTC-1,3
TCTGTTACCCAGCATA-1,15
TCTGTTTAGATTGTTC-1,33
TCTTAACTCGGATGTA-1,6
TCTTACAGAGGTACCG-1,5
TCTTACCGGAACTCGT-1,20
TCTTACGGCATCCGAC-1,15
TCTTACTTATGCCTCT-1,13
TCTTAGAGCTCCAATT-1,8
TCTTAGAGTGAACTCT-1,30
TCTTATGGGTAGTACC-1,14
TCTTCCCATGGGCACA-1,10
TCTTCGAATAGACGTT-1,7
TCTTCGATACCAATAA-1,8
TCTTCGCGGTGAGAGG-1,20
TCTTCTATAACCCGCC-1,8
TCTTGATGCGTAGCGA-1,16
TCTTGCTCCCGATACT-1,25
TCTTGGTAACACCAAA-1,6
TCTTGGTCAATGATAC-1,2
TCTTTAAGACTATGAA-1,32
TCTTTAGAGTCTAACA-1,20
TCTTTAGCAGGCGAAC-1,14
TCTTTCATCCGTCCTT-1,11
TCTTTCCTTCGAGATA-1,8
TCTTTCGGCGGGACAC-1,19
TCTTTCTCTTAAGGAG-1,27
TGAAACCTCAACTCAC-1,14
TGAAACTTATGCAAGC-1,12
TGAAAGGACCTGACTC-1,35
TGAACAAGCAGGGACT-1,7
TGAACACCCGAAGCAG-1,0
TGAACCTGAATGTGAG-1,14
TGAACTGCTATGACTT-1,3
TGAAGAGCGGTCCTAG-1,12
TGAAGTAGCTTACGGA-1,6
TGAATACCGACGCGTA-1,7
TGAATATGCTATAAAC-1,14
TGAATGAGTGTTTCCC-1,18
TGAATGTCAGCCGGCC-1,23
TGAATTTCACTTGCCT-1,8
TGACAACGCATGTCGC-1,14
TGACAACTTAAAGGTG-1,27
TGACAGAAATCTTGCT-1,10
TGACAGGACAAGTCCA-1,14
TGACATATATGACGAT-1,2
TGACATCGAGCGGACC-1,16
TGACATGTAACGTGAC-1,24
TGACCAAATCTTAAAC-1,3
TGACCAGCTTCAAAGT-1,28
TGACCCAACTCACATT-1,6
TGACCCACGTTAGACA-1,5
TGACCCAGCATTCCCG-1,11
TGACGAATATTTCCCT-1,0
TGACGATGCACTAGAA-1,9
TGACTATAATCCTTTC-1,31
TGACTCCGAATCATAC-1,7
TGACTCTAACTGGTAA-1,18
TGAGAATGCTTTACCG-1,2
TGAGACGTACCTCTCA-1,14
TGAGAGATTTACCACG-1,6
TGAGATCAAATACTCA-1,5
TGAGATTAGGCCCTAA-1,11
TGAGCAGTCGTGAAGT-1,1
TGAGCCATACAGTCTC-1,15
TGAGCGGAAAGTGTTC-1,6
TGAGCTCAACTGTATA-1,9
TGAGCTTTAATGACGC-1,19
TGAGGAGTGCCAGCTT-1,12
TGAGGCATGTACTGTG-1,7
TGAGGTGTGTGGCGGA-1,6
TGAGGTTGATCCCAAG-1,9
TGAGTAAATTAGCGTA-1,18
TGAGTGCCTCTTAAAT-1,18
TGAGTGGTCCGTGACG-1,17
TGAGTGTAACAACGGG-1,1
TGAGTTAAAGACATTC-1,4
TGATACATTTAGCCGT-1,12
TGATAGCGGGATTCTA-1,1
TGATCACCACACTGAC-1,17
TGATCAGGGAACTGCT-1,4
TGATCCCAGCATTAGT-1,15
TGATCGGTTTGACCCT-1,11
TGATCTATCACACTCT-1,15
TGATCTCCGGCGCCAG-1,2
TGATGGCTGTTTCTGA-1,6
TGATGGGACTAAGTCA-1,20
TGATGTCAATTAAGTG-1,8
TGATTATGGCACGCAG-1,24
TGATTCAGGTCCCGCG-1,14
TGATTCCCGGTTACCT-1,5
TGATTCGTCTATCACT-1,8
TGATTCTGTCGCCGGT-1,6
TGATTTATTAGCTGTG-1,9
TGATTTCCTCCTGACG-1,11
TGCAAACCCACATCAA-1,8
TGCAAACGTACTAGTT-1,0
TGCAAAGTTCGTCTGT-1,17
TGCAACCCATCTGCGG-1,11
TGCAACTACTGGTTGA-1,19
TGCAAGAATGACGTAA-1,2
TGCAATCTAACACGGT-1,19
TGCAATTTGGGCACGG-1,17
TGCACAGTGAAGTTAT-1,11
TGCACGAGTCGGCAGC-1,10
TGCACTATGTGAGTGC-1,13
TGCAGAACTATATCGT-1,32
TGCAGATCGTCCTAGG-1,2
TGCAGCTACGTACTTC-1,1
TGCAGGATCGGCAAAG-1,6
TGCAGTGGTAGGGAAC-1,9
TGCAGTTTCCTCCCAT-1,19
TGCATATGTCTGTCAC-1,2
TGCATCTCCGGATCTT-1,19
TGCATGAGTAGATTCG-1,12
TGCATGGATCGGATCT-1,14
TGCATGGCAGTCTTGC-1,17
TGCATGTGACCCATAG-1,25
TGCATGTGGTAATCTA-1,36
TGCCAAAGTCAGACTT-1,27
TGCCAATGGGTACTCT-1,15
TGCCACACTAGAGGAA-1,3
TGCCACCTGGCGAAAC-1,7
TGCCAGTACGTGGAGA-1,14
TGCCATGGCTTATAAG-1,0
TGCCATTACTAAAGAA-1,19
TGCCCGATAGTTAGAA-1,17
TGCCCGTACCGTTAAA-1,17
TGCCGAAAGCGTATTC-1,22
TGCCGATGTCATCAAT-1,13
TGCCGGATGTACGAGC-1,11
TGCCGTGGATCGTCCT-1,9
TGCCGTGGGACCCAAT-1,18
TGCCGTTCTTAATCGG-1,7
TGCCTAAATTTAATAG-1,17
TGCCTAATTGAAGATT-1,13
TGCCTGACATCGGTCA-1,13
TGCCTGATCAAACGAT-1,2
TGCCTTGCCCTTACGG-1,10
TGCCTTGGCCAGGCAA-1,1
TGCGAATATGGGATTT-1,9
TGCGACACCCTAGTGC-1,3
TGCGACGGCCGAACGT-1,17
TGCGAGAAACGTTACG-1,11
TGCGAGAATATTACCC-1,9
TGCGAGATGGCGGCCA-1,31
TGCGAGCCCTTCCGCG-1,1
TGCGATGCTAATGGCT-1,7
TGCGCAAAGCATTTGG-1,1
TGCGCCGTTAATAACG-1,11
TGCGCGATTAACGGAG-1,4
TGCGGACTTGACTCCG-1,18
TGCGGAGTAAAGGTGC-1,9
TGCGGCATAGTTCAAC-1,8
TGCGGGTATTGGGATC-1,3
TGCGGTCTACGAGTAA-1,12
TGCGGTGAAATTTCAT-1,27
TGCGTAAGAACCTGAT-1,25
TGCGTACGGCTAATTG-1,1
TGCGTCATGACTGAGC-1,36
TGCGTGATTGGGTGTC-1,15
TGCGTTTGTTGACACT-1,1
TGCTAAGTGTCTATTT-1,23
TGCTATACAAACGGAC-1,11
TGCTATGGCAAAGGGA-1,17
TGCTCAAAGGATGCAC-1,2
TGCTCACACAACAACC-1,21
TGCTCCACAGTTCTTA-1,7
TGCTCGGCGAAACCCA-1,12
TGCTCGGTGGGTCACC-1,6
TGCTCTGCCGGTTCAC-1,3
TGCTCTTGAGAGTTTG-1,11
TGCTGCGTCAGAGTTA-1,11
TGCTGGTTGGACAATT-1,5
TGCTGTTGAAGAACTC-1,11
TGCTTAGAGAGAATGC-1,23
TGCTTCCCAAGCAGTA-1,22
TGCTTGAAACCATGCA-1,9
TGGAAACGGAGTGAAC-1,12
TGGAACCACTGACACA-1,4
TGGAAGAAGGGAACGT-1,12
TGGAAGACGAACACCA-1,27
TGGAAGGATAAAGATG-1,35
TGGAATATCCTTGACC-1,19
TGGAATTAGACGCTTT-1,10
TGGACACCGTTGCTTG-1,0
TGGACCAATCTAAGAT-1,14
TGGACCACGGCGTTGA-1,8
TGGACGCAATCCAGCC-1,8
TGGACGTAGGCGAATC-1,10
TGGACTGTTCGCTCAA-1,4
TGGAGAATAATCGTCC-1,11
TGGAGCTAAAGTTCCC-1,7
TGGAGGGAAACACCTC-1,11
TGGAGTGATGCGATGA-1,25
TGGATAGAGTAACAGA-1,8
TGGATGGCATCTTGGA-1,0
TGGCAAACTAAATTAC-1,17
TGGCAACTCGCGCGCC-1,16
TGGCAAGCACAAGTCG-1,16
TGGCAATGGGACGGCG-1,0
TGGCACGAGCTCGAGT-1,34
TGGCAGATTACGATCA-1,9
TGGCAGCAGTAATAGT-1,2
TGGCATGAAGTTTGGG-1,9
TGGCCAAACTGAAGTA-1,0
TGGCCAATTTGGTACT-1,7
TGGCCGTATATTGACC-1,4
TGGCGACTGCTCCAAA-1,4
TGGCGATCAAGTTATG-1,1
TGGCGGTGTGCGATTG-1,7
TGGCTACACTCTACCT-1,2
TGGCTATGTGACATAC-1,12
TGGCTCTTGTCGCGTA-1,5
TGGCTTATGTATAATG-1,3
TGGCTTGTACAAGCTT-1,15
TGGCTTTGGGTAGACA-1,10
TGGGAAATGCCTTTCC-1,10
TGGGACCATTGGGAGT-1,8
TGGGATGCACTCATTC-1,19
TGGGCAATAGTTGGGT-1,18
TGGGCACAAACAGAAC-1,1
TGGGCACGTTCTATGG-1,3
TGGGCAGGCCACCGCA-1,18
TGGGCCACAAGAGCGC-1,19
TGGGCCCATACTAATT-1,9
TGGGCCTTGCCTGCAT-1,1
TGGGCGATACAATAAG-1,14
TGGGTAAGGTTCCCGC-1,9
TGGGTGCACAAGCCAT-1,11
TGGGTGGGATGTCATT-1,1
TGGGTGTAATAGATTT-1,17
TGGGTGTTAAGTAGAA-1,6
TGGGTTCCCGGACGGA-1,8
TGGGTTTCGGGCGTAC-1,30
TGGTAAGCAGGATTGA-1,17
TGGTACCGGCACAGCC-1,19
TGGTAGAATATATGGG-1,0
TGGTATCGCATCCCAA-1,11
TGGTATCGGTCTGTAT-1,28
TGGTCCCACGCTACGG-1,7
TGGTCGATATACCTCT-1,1
TGGTCGGGTACAGGGC-1,2
TGGTCGTGCAAGGCAA-1,1
TGGTCGTTTGATAGAT-1,6
TGGTCTAGCTTACATG-1,2
TGGTCTGTTGGGCGTA-1,15
TGGTGATCGTATTTGT-1,0
TGGTGCCCTGCCTTAC-1,18
TGGTGTGACAGACGAT-1,0
TGGTTAACTTACATTT-1,2
TGGTTAAGGGCGCTGG-1,4
TGGTTATGCTTGCGGT-1,8
TGGTTCAACGGGTAAT-1,5
TGGTTCGTAGCAAAGG-1,5
TGGTTGGAGGATCCTG-1,28
TGGTTTAAACGTGGGT-1,4
TGTAACTTGTCAACCT-1,1
TGTAAGACTGATAAGA-1,7
TGTAATGACCACAATA-1,10
TGTAATGCCTTCGGAC-1,7
TGTACCCGACCCTAAT-1,6
TGTACCTACACGAGGG-1,12
TGTACGAACAAATCCG-1,35
TGTACGCTATCAGCTT-1,3
TGTACTACTCTCACGG-1,12
TGTACTATCGCTCGTT-1,32
TGTACTGTGCCAAAGT-1,14
TGTAGCCAATTCCGTT-1,0
TGTAGCCATCCCATTC-1,11
TGTAGGAGAAATTTCC-1,0
TGTAGTGATCTATAAT-1,0
TGTATAACAGATCCTG-1,4
TGTATACGGATGATGA-1,22
TGTATCAGACTGAAGC-1,19
TGTATCCTTATTCCAT-1,15
TGTATGGCGCAGACAG-1,15
TGTATTTACCTAATGC-1,29
TGTCCACGGCTCAACT-1,1
TGTCCCGACATAGCAC-1,4
TGTCCGCAAACAATTC-1,17
TGTCCGTGGCGCCTTT-1,5
TGTCCTAAGTCACCGC-1,10
TGTCGGCATGGTGGAA-1,13
TGTCGTGGGTATAGGC-1,6
TGTCGTTATCACATAT-1,9
TGTCTACAGTTTCTGT-1,10
TGTGACTACGCCAGTC-1,9
TGTGACTAGAGTTTGC-1,3
TGTGAGACTAGCCCAA-1,28
TGTGATTCCAGCGCTT-1,6
TGTGCCAGAGGCAAAG-1,12
TGTGCCGGTGCCGGAA-1,13
TGTGCTTTACGTAAGA-1,8
TGTGGACTATCTACGT-1,8
TGTGGAGGAAGCTTAA-1,7
TGTGGCAAAGCGTATG-1,1
TGTGGCGGGCTTCTGG-1,4
TGTGGCTCCCACCAAC-1,4
TGTGGTAGGGTGCCTT-1,18
TGTGGTTGCTAAAGCT-1,16
TGTGTAGTAGCACGTG-1,20
TGTGTCGAAGTCGAGG-1,5
TGTGTCGCGAGTTGCA-1,15
TGTGTGACCATGAATC-1,13
TGTGTTCGTATCCAAG-1,5
TGTTAACAAAGTGACT-1,9
TGTTCATAAATGTGCT-1,13
TGTTCCGCTTCCATGA-1,15
TGTTCCGGCCTGAGCT-1,4
TGTTCGTATTGCGGTG-1,11
TGTTCTCATACTATAG-1,11
TGTTCTTCCATTGACT-1,13
TGTTGATCACTGTTTA-1,12
TGTTGCCGTCGTCCCA-1,20
TGTTGGCTGGCGGAAG-1,6
TGTTTAATACTTCATC-1,15
TGTTTCGGTACTTCTC-1,8
TGTTTCTGAAGCGTGC-1,2
TGTTTGAGATCGTCAG-1,11
TTAAACAGAGTCCCGC-1,13
TTAAACCGGTAGCGAC-1,3
TTAAACCTGGTTCCTT-1,5
TTAAACTCGAATTCAT-1,1
TTAAAGGCGATGCTCG-1,8
TTAACACCTCGAACAT-1,8
TTAACCAACCCTCCCT-1,17
TTAACGAACAAGCAGT-1,12
TTAACGTCGCAAGACC-1,2
TTAACGTTAAAGCCTG-1,16
TTAACTCACGCGTGGA-1,2
TTAACTGATCGTTTGG-1,9
TTAACTTCAGGTAGGA-1,18
TTAAGACGAACGAACC-1,22
TTAAGATACCCAGAGA-1,1
TTAAGATAGGATTGAC-1,11
TTAAGCCGACAACTTC-1,19
TTAAGCGCCTGACCCA-1,8
TTAAGGATACGGAGGT-1,13
TTAAGGCCCGTACTTT-1,1
TTAAGTATTGTTATCC-1,1
TTAATCAGTACGTCAG-1,6
TTAATGCGAGGTAACT-1,4
TTAATGTAGACCAGGT-1,3
TTAATGTGTTTGCAGG-1,17
TTAATTGCTTTGGGTG-1,2
TTAATTTCAGACGCGG-1,2
TTACAACTACGCATCC-1,12
TTACACGATCTGCGAC-1,17
TTACAGACCTAAATGA-1,1
TTACATCGTGGCCTGG-1,2
TTACATGCCACAACTA-1,13
TTACCATTGATTACCC-1,1
TTACCCATTGCCGGGT-1,33
TTACCCTAACAGTCCT-1,16
TTACCCTAGGGATTGG-1,1
TTACCGCCTTAGGGAA-1,6
TTACGGATGGTTCGAG-1,4
TTACGGTGTCACCGAG-1,8
TTACGTAGCGCGTGCT-1,22
TTACGTATCTATGACA-1,7
TTACTAAAGGACTTTA-1,13
TTACTATCGGCTTCTC-1,10
TTACTCCGGCCGGGAA-1,2
TTACTCTGGTACGTAC-1,12
TTACTGGGATATTTCA-1,24
TTACTGTCTAGAGCTC-1,2
TTACTGTTTCTCTACG-1,10
TTAGAAGAACATGACT-1,13
TTAGAATAAGGGTCGG-1,15
TTAGACACGATCGTTG-1,2
TTAGACGAGTCACCTC-1,13
TTAGAGGGATATACAG-1,14
TTAGAGTATTGTCGAG-1,19
TTAGAGTTTAGAAGGA-1,7
TTAGATAGGTCGATAC-1,13
TTAGCAACATGGATGT-1,16
TTAGCATCCCTCACGT-1,14
TTAGCCATAGGGCTCG-1,6
TTAGCGAATAGATAGG-1,10
TTAGCTCTGTAATCCG-1,2
TTAGCTGATTTGCCGT-1,22
TTAGGATGGGAGGGTA-1,9
TTAGGTCATAACCGAC-1,16
TTAGGTGTGACTGGTC-1,1
TTAGTAAACCTGCTCT-1,12
TTAGTAGGGCGGCGGG-1,15
TTAGTTATTCGTGGCA-1,9
TTAGTTCAAGTGTTCG-1,32
TTATAGATGCACATTA-1,17
TTATAGGTAATTGTCT-1,4
TTATAGTCCAAGGTGC-1,4
TTATATACGCTGTCAC-1,15
TTATATTTGGCAATCC-1,1
TTATCATACTCGCAAA-1,1
TTATCCAATCGAACTC-1,7
TTATCCGGGATCTATA-1,8
TTATCCTCAAGGAATA-1,9
TTATCGCCTGCGAAGC-1,10
TTATCTGACATTAGGA-1,0
TTATCTGTATCATAAC-1,4
TTATGACAAACTGGAT-1,9
TTATGCGTCCCGGTCC-1,2
TTATGTTTGCGATAGA-1,19
TTATTAGAGCGTGTTC-1,2
TTATTAGGGAAGCATC-1,31
TTATTATCTGGAAGGC-1,13
TTATTTAGGTTCCTTA-1,8
TTATTTCATCCCAAAC-1,8
TTCAAAGTCTCTAGCC-1,2
TTCAACGACCCGACCG-1,2
TTCAAGCCGAGCTGAG-1,1
TTCAATACTCTGAATC-1,0
TTCAATTAGCCATAAT-1,16
TTCACGAAAGGATCAC-1,20
TTCACGGTCGTCACGT-1,17
TTCACTCGAGCACCTA-1,2
TTCACTTCCTAGAACG-1,4
TTCAGAGTAACCTGAC-1,8
TTCAGCCCTGGTCCAC-1,4
TTCAGCTGGCGTGCCC-1,13
TTCAGGCGTCAAAGCC-1,0
TTCAGTTCAAGAGGAG-1,21
TTCAGTTTGTGGCAGC-1,7
TTCATAGCCTTGTAAC-1,10
TTCATAGGGTGTCCAT-1,8
TTCATGGCGCAACAGG-1,2
TTCCAATCAGAGCTAG-1,0
TTCCAATCTGGCTATC-1,9
TTCCACACAGATTTGA-1,0
TTCCACATTTCTCGTC-1,6
TTCCAGACGAGATTTA-1,11
TTCCAGTGGGTTTCGT-1,11
TTCCATCATGCGGTGA-1,26
TTCCATCGACAGCGTG-1,15
TTCCCGACGCTTCACT-1,12
TTCCCGGCGCCAATAG-1,20
TTCCGCGTGAGGCGAT-1,15
TTCCGGCCTTGAGGCT-1,3
TTCCGGCTCGACTTCT-1,15
TTCCGGTATCTGTGTC-1,13
TTCCGGTTACCCACTT-1,11
TTCCTCGAGGGTGTCT-1,1
TTCCTCGGACTAACCA-1,37
TTCCTCTGCCCGAATA-1,6
TTCCTTTCTGTGTTGC-1,9
TTCGAACGAAACATGC-1,8
TTCGACAGAGCCCGTG-1,11
TTCGACGGGAAGGGCG-1,3
TTCGAGCCGGCGCTAC-1,20
TTCGCACTCGCGTGCT-1,2
TTCGCACTGTACGACA-1,5
TTCGCATCCGGAAGCA-1,8
TTCGCCGCTCGCGCTA-1,9
TTCGCGCGCCATACGA-1,3
TTCGCTAGGAAGTTGT-1,29
TTCGGACTGATGCCTT-1,16
TTCGGACTGGGCATGG-1,6
TTCGGCAACCCGCTGA-1,6
TTCGGCTAGAGATGGT-1,5
TTCGGGACTAATCGCG-1,7
TTCGGGCGCTAGTCTT-1,6
TTCGGGTTGCCACGGG-1,8
TTCGGTACTGTAGAGG-1,17
TTCGGTGGAGACGCCC-1,18
TTCGTAATCCCAGCGG-1,34
TTCGTGCATGTTATAG-1,19
TTCGTGGGCTGGAAGC-1,4
TTCGTTCAACGAAGTT-1,4
TTCTAACCGAAGCTTA-1,1
TTCTACCTCAATCGGT-1,4
TTCTACCTTTATGTTG-1,27
TTCTACTTGCGAGGGC-1,2
TTCTAGAAAGTCTTAT-1,18
TTCTAGGCCAATTGTG-1,19
TTCTATGCCTTTCGCA-1,2
TTCTATTAAACGCAGC-1,16
TTCTCAATTGCTACAA-1,0
TTCTCTTACAGGTGAT-1,6
TTCTGACCGGGCTCAA-1,8
TTCTGCCGCGCCTAGA-1,4
TTCTGCGAGCGCCCTT-1,2
TTCTGCTAGACTCCAA-1,36
TTCTGTTTCCTGTCGC-1,18
TTCTTAGTGAACGGTG-1,1
TTCTTAGTGGCTCAGA-1,14
TTCTTATCCGCTGGGT-1,5
TTCTTCCCTTTGATAT-1,9
TTCTTCGCAATAGAGC-1,0
TTCTTGAGCCGCGCTA-1,2
TTCTTGCTAGCATCTC-1,4
TTCTTGGACGATCTGC-1,10
TTCTTGGAGTAATGAG-1,15
TTCTTGTAACCTAATG-1,15
TTCTTGTGTCCATCAG-1,2
TTCTTTGGTCGCGACG-1,27
TTGAAACCCTCATTCC-1,1
TTGAAAGGTGTAAAGG-1,17
TTGAACGAATCCTTTG-1,2
TTGAACGACGTGCTGA-1,21
TTGAAGAATTCCCAGG-1,19
TTGAAGGATGGGCGCC-1,0
TTGAATATGGACTTTC-1,2
TTGAATCGTTGTATAA-1,5
TTGAATTCACGTGAGG-1,11
TTGACAGGAGCTCCCG-1,9
TTGACATGAACGTGGA-1,18
TTGACCAGGAACAACT-1,16
TTGACCGTGTTAATGA-1,22
TTGACGATTCAGCACG-1,10
TTGACGCTCCATGAGC-1,13
TTGACTACCATATGGT-1,7
TTGACTATTGTCCGGC-1,22
TTGAGAAGTTTAGCAT-1,5
TTGAGAGTACTGCTAA-1,10
TTGAGCAGCCCACGGT-1,7
TTGAGCGCCACGTGAT-1,14
TTGAGGCATTTAACTC-1,19
TTGAGGGTCGAACGCG-1,12
TTGAGTCCCGCTGCTG-1,7
TTGATAGTCAATACAT-1,6
TTGATCTAACTTTGTC-1,0
TTGATGCCGCTCGTCG-1,16
TTGATGTGTAGTCCCG-1,4
TTGATTAGCTGTTTCT-1,21
TTGATTATGCAGATGA-1,9
TTGCAAGAAGACTCCT-1,30
TTGCACAATTCAGAAA-1,0
TTGCACGGAGCAGCAC-1,4
TTGCAGGTCATGAAGT-1,11
TTGCATGCTGATCACG-1,18
TTGCCAAGCAGAACCC-1,8
TTGCCATAGCCCGCTC-1,2
TTGCCCTGATCACGGG-1,9
TTGCCGCAGACCTACA-1,1
TTGCCGCTTTCTAGTA-1,20
TTGCCGGTGATCCCTC-1,18
TTGCCTAATCCAAAGT-1,17
TTGCCTTCTCGCCGGG-1,14
TTGCGCACAACCACGT-1,4
TTGCGCTCTCTCGCTT-1,13
TTGCGCTTGATCAATA-1,4
TTGCGGAAAGCTGCCC-1,15
TTGCGGCATCAGAAAG-1,10
TTGCGGCGACTCATGC-1,1
TTGCGTAGTTTGAGGA-1,4
TTGCGTCGGCCAACCG-1,0
TTGCGTGAACGCTTAG-1,25
TTGCGTGTGTAGGCAT-1,11
TTGCTAGCTACCAATC-1,10
TTGCTCATAGTACGTG-1,15
TTGCTCCCATACCGGA-1,33
TTGCTGAAGGAACCAC-1,8
TTGCTGATCATGTTCG-1,2
TTGCTGCACCTATCCA-1,6
TTGCTGGCCGGGCTTC-1,1
TTGGAAGAATACAGTC-1,13
TTGGACATGTGGCTTA-1,4
TTGGACCATCTGGCAA-1,19
TTGGACCTATAACAGT-1,13
TTGGAGTCTCCCTTCT-1,10
TTGGATATCGTCTACG-1,3
TTGGATCGACTTCTGG-1,27
TTGGATTGGGTACCAC-1,11
TTGGCCAAATTGTATC-1,1
TTGGCCATCTTGCGCT-1,8
TTGGCCTAGAATTTCG-1,3
TTGGCGATCCGAATAT-1,8
TTGGCTCAATATGTGT-1,1
TTGGCTCGCATGAGAC-1,10
TTGGGAAGACGAGCCG-1,4
TTGGGACACTGCCCGC-1,5
TTGGGACGTAAGAGTT-1,7
TTGGGCGGCGGTTGCC-1,27
TTGGTATGGCTTGTGT-1,6
TTGGTCACACTCGTAA-1,3
TTGGTGCGGTGTTGAA-1,24
TTGGTTCGCTCAAAGG-1,14
TTGGTTGCGGTGCGCG-1,12
TTGTAACTTCATAGCG-1,17
TTGTAAGGACCTAAGT-1,6
TTGTAATCCGTACTCG-1,2
TTGTACACCTCGAACA-1,9
TTGTATCACACAGAAT-1,2
TTGTCACCGCGGTATC-1,12
TTGTCGTTCAGTTACC-1,5
TTGTCTCGGCAAGATG-1,15
TTGTGAACCTAATCCG-1,2
TTGTGAGGCATGACGC-1,0
TTGTGCAGCCACGTCA-1,2
TTGTGCGGAAGCGGAT-1,12
TTGTGGAGACAGCCGG-1,1
TTGTGGCCCTGACAGT-1,7
TTGTGGTAGGAGGGAT-1,4
TTGTGGTATAGGTATG-1,12
TTGTGGTGGTACTAAG-1,29
TTGTGTATGCCACCAA-1,4
TTGTGTTTCCCGAAAG-1,31
TTGTTAGCAAATTCGA-1,10
TTGTTCAGTGTGCTAC-1,19
TTGTTCTAGATACGCT-1,14
TTGTTGGCAATGACTG-1,31
TTGTTGTGTGTCAAGA-1,10
TTGTTTCACATCCAGG-1,15
TTGTTTCATTAGTCTA-1,3
TTGTTTCCATACAACT-1,19
TTGTTTGTATTACACG-1,3
TTGTTTGTGTAAATTC-1,3
