barcode,cluster
ACGCCTGACACGCGCT-1,9
TACCGATCCAACACTT-1,9
ATTAAAGCGGACGAGC-1,9
GATAAGGGACGATTAG-1,9
GTGCAAATCACCAATA-1,8
TGTTGGCTGGCGGAAG-1,9
GCATCCTCTCCTATTA-1,8
GCGAGGGACTGCTAGA-1,8
TGGTACCGGCACAGCC-1,9
GCGCGTTTAAATCGTA-1,9
TGCCTTGCCCTTACGG-1,8
GACGACTTTCCAAGAA-1,9
CCAGTGAGCTCCTTGT-1,9
ATACCCTGGCTCAAAT-1,9
GGGTTTCCGGCTTCCA-1,9
TAACCGTCCAGTTCAT-1,9
AAACAACGAATAGTTC-1,8
CAAGGGAGTGTATTTG-1,8
CCAAGCTTGATCTCCT-1,9
TTATTTCATCCCAAAC-1,8
GAGCGCTATGTCAGGC-1,8
TATGGCAGACTTTCGA-1,8
CTTCGTGCCCGCATCG-1,9
AAACGGGTTGGTATCC-1,9
TGCAAACCCACATCAA-1,9
GACGGGATGTCTTATG-1,9
GGCGAGCATCGAGGAC-1,8
CGCGTGCTATCAACGA-1,9
TGAAACCTCAACTCAC-1,9
CACATAAGGCGACCGT-1,8
TGACCCAACTCACATT-1,9
ATACGCCGATCTACCG-1,9
ACTTATCTGATCTATA-1,9
GTGTGAGCCGAGGTGC-1,9
GATGATTTGAAACTGG-1,8
GGGAACCACCTGTTTC-1,8
GTTCGTTGCGGACCAG-1,9
TGAGGTTGATCCCAAG-1,8
GATGCCACACTACAGC-1,9
AGGCAAAGAGGAATCA-1,9
AAGTAAGCTTCCAAAC-1,9
AACGTAGTCTACCCAT-1,8
GTTTGAGCGGTTATGT-1,9
GAAGCAAGGCAATGTT-1,8
TCACTCAGCGCATTAG-1,9
TACAATGAAACCAGCA-1,8
GTGCGCTTACAAATGA-1,8
GCACTCCCACAGTCCC-1,9
CGAAGACTGCCCGGGA-1,9
CAGGATCCGCCCGACC-1,9
CACGATTGGTCGTTAA-1,8
GGTTGTATCGTGAAAT-1,8
TCTTATGGGTAGTACC-1,8
TACAAGCTGTTCACTG-1,8
GTATCTTGTTGCTCAC-1,8
ATACCAGGTGAGCGAT-1,9
CCTAAACAGGGTCCGT-1,9
ATGGTGCTCAAAGCCA-1,8
CAAATGCGGAGTGTTC-1,9
CGTGCCCGACATTTGT-1,8
GTATCTCCCTAACTGT-1,9
ATTTGCCTAGTTACGA-1,9
ACGTCCTAAACGAGAT-1,8
CTGGGATCGCCCAGAT-1,8
CTGCAAATGGGCTCCA-1,8
CATTATAACAGGGTCC-1,9
ACCTTTCCTTTAGAAG-1,9
ATAGATTTGCAGTCGG-1,8
CTCGGGCATCGTCGGG-1,8
GTGGCGGGCCGTAGCT-1,8
CAACAGTGCCAAACGG-1,8
TGCGGGTATTGGGATC-1,8
GTCTCGCCAACACGCC-1,9
CTGGGCGGCCAAATGT-1,8
TAAAGGAGAAACTAGT-1,9
TCCCACGGAGGGAGCT-1,8
AGCTTCAATACTTTGA-1,9
TTCCACATTTCTCGTC-1,8
ACAAACCGACAAGGCG-1,9
AGACGGGATTGGTATA-1,8
AACCTAAAGCCGTCCG-1,9
TACAAATTGCGGAGGT-1,8
CCCGCTAGAGGGTTAA-1,9
CATTGCAAAGCATAAT-1,9
TGTACGCTATCAGCTT-1,9
TTCTTCGCAATAGAGC-1,8
TGTGATTCCAGCGCTT-1,8
ATTCAGGATCGCCTCT-1,9
GCCCATGGGTGCAATG-1,9
TTCCCGACGCTTCACT-1,8
AGCGGTTGAGATGTAC-1,8
GCTGTCTGTGATCGAC-1,8
AAAGACATGAAGTTTA-1,9
CAACAGAATAACGCTA-1,9
TGCGGTCTACGAGTAA-1,9
AAGACTCACGCCCACT-1,8
CTTTGAAACATATTCC-1,9
CTGGGCACTAGTCGGA-1,9
CGCCCTTACATCCACC-1,9
CACGACCACAGACTTT-1,8
CAATCCATTATCCGTT-1,9
GTGGCGTGCACCAGAG-1,8
CGGAGTCCTAACCTGG-1,8
GGTCCCATAACATAGA-1,9
ATCTCATAAACCTACC-1,9
TGCATGGCAGTCTTGC-1,8
TTGCAGGTCATGAAGT-1,8
AGCTGCATTTGAGGTG-1,9
CCATCATAAGAACAGG-1,8
ACAGGAGGCGCAGCCG-1,8
AGGCAATACGGAGGAC-1,9
TGGTGTGACAGACGAT-1,8
ATCTATCGATGATCAA-1,9
CGGTAACAAGATACAT-1,8
TCGCCGGAGAGTCTTA-1,9
GGAGGAGTGTGTTTAT-1,8
TTAGGTGTGACTGGTC-1,8
CAGGGCTAACGAAACC-1,9
CCCGTGGGTTAATTGA-1,8
GACCGACCGCTAATAT-1,9
GGTATCAAGCATAGAA-1,8
TGCATGAGTAGATTCG-1,9
AATTCCAACTTGGTGA-1,8
TGCCGATGTCATCAAT-1,8
GCTGGGTCCGCTGTTA-1,9
TGAACACCCGAAGCAG-1,8
AACATTGGTCAGCCGT-1,8
GTGGGTCTTCTTTGCG-1,8
CATCGAATGGATCTCT-1,8
GCTACACTGTCCGAAC-1,9
CGGGTTGTAGCTTTGG-1,8
CCTAAGTGTCTAACCG-1,9
TCTGTGACTGACCGTT-1,8
TTATCATACTCGCAAA-1,8
AGCGTAGCGCTAGACC-1,8
TCCCTCCGAAATCGTT-1,9
AGGTCGCCACTTCGGT-1,9
CTAGCAACTAATTTAC-1,9
TTGCTAGCTACCAATC-1,8
GCCGGTTTGGGCGGAT-1,9
TGTAACTTGTCAACCT-1,8
CGAGATGTTGCCTATA-1,9
GTTACGAAATCCACGC-1,8
CTTGTCGTACGTGTCA-1,9
GCGTCCAGCTCGTGGC-1,9
CCCTTCTCGTACGCGA-1,8
CCAAAGTCCCGCTAAC-1,8
CCGCTTCGCGGTTAAC-1,8
GTTACGGCCCGACTGC-1,8
CCCGCTTGCCCTCGTC-1,8
TAGTGAGAAGTGGTTG-1,9
CGCTACCGCCCTATGA-1,8
AAACAATCTACTAGCA-1,8
GCGCGATGGGTCAAGT-1,9
ATAAACCATTGGACGG-1,8
TCGGGCACTTCTGGAT-1,9
TCTGTGGCTACATTTC-1,9
CTCTGTGCCTGCTATG-1,9
CACGACTAAAGTTCTG-1,9
GAGGAGTAATTCCTAC-1,9
AGAGGTATCTCGGTCC-1,9
GGCGTACCCTATATAA-1,9
GCCGGAAACACATCTT-1,8
AAATGTGGGTGCTCCT-1,8
ACCAGGAGTGTGATCT-1,8
TGTGGAGGAAGCTTAA-1,8
AAGGAGAACTTATAAG-1,8
CCCTCGGGAGCCTTGT-1,8
ACTGTTTAGTGTAGGC-1,8
CGTCAGTTTATCGTCT-1,8
GCGTGTATGTCGTATT-1,9
ACAATCGATCTTTATA-1,8
CAGCCCTCACAGGCAG-1,9
CGCGTCATATTAAACC-1,8
GAAGACTTCAATGCCG-1,8
TTGCGGCGACTCATGC-1,9
ACCAAACTAGAAATCC-1,8
TTACTGTTTCTCTACG-1,9
GACCAGGTCATTCATA-1,9
TTCTTCCCTTTGATAT-1,9
ACGCCCAGCTGTCGAT-1,9
AGTAGCGTGAACGAAC-1,8
CCTCGACCCACTGCCT-1,9
AGTTATTGAAAGGTAA-1,8
TCAGTTACGGAATGAT-1,8
GAATCTATACTCGGAC-1,9
TCGGCTAACTTCCCTT-1,8
ACGTGGTCGAATGTGC-1,9
ATATCGTGCCAGACCC-1,9
GTAGCTAGTAAGCGCG-1,8
ACGCTTAGTGTCTCTC-1,9
TCCGGCCTGCATCGAT-1,8
TAGTGGAACTCATACA-1,9
ATCATCTGCCCAGTGT-1,8
GTTATTAAATACGACC-1,8
GCGCTAAGTATGCATG-1,9
CCTGACGCAACCTTTA-1,8
CCCAAGAATGCACGGT-1,9
AACTGGGTTCGAGCCG-1,8
GGTTCCACCCGCTTCT-1,9
CATGCACGTGTTACTG-1,9
AGCGTTCCGATTTAAA-1,9
CCTACGCGACCTTACA-1,9
CGAATTACATGGTGTT-1,9
GAGGTCTTAGTGGGTC-1,9
GCCGCTAGATACGCAG-1,8
GTCACCTGTCTATGTC-1,8
CCGATTGGTCAATGAA-1,9
CCTGTGCGGATTGTAA-1,8
TTACGTAGCGCGTGCT-1,9
GGAGGCGAAGAACCGC-1,9
GGGTCACGTGCTTATG-1,9
GCTCCGGACGTTGATA-1,8
ATGTTTGTAAGATCAT-1,9
TGACCCAGCATTCCCG-1,9
TGGTCGTTTGATAGAT-1,9
TGTAATGCCTTCGGAC-1,9
TGCTCACACAACAACC-1,8
TACGATCCAAGCCACT-1,9
TTGTAACTTCATAGCG-1,8
AGATTCAAGCGGGTCG-1,9
CTCAGCAGACTGCCGA-1,8
GTAACATCAGCTCATC-1,8
GGGCCTATACAACCGG-1,8
AAACCACTACACAGAT-1,8
CTAATGCGCCCAACAA-1,8
GCCACCCATTCCACTT-1,8
TACTCACAACGTAGTA-1,9
GTTCGGTGTGGATTTA-1,9
TCTTTCGGCGGGACAC-1,8
GGAGACATTCACGGGC-1,8
GGGATTATCTCACAAC-1,8
TAGAACGCCAGTAACG-1,9
ACGAGTCGCCGGCGTT-1,9
TGATGGGACTAAGTCA-1,9
TGCGAGAAACGTTACG-1,8
TCGCCTCGACCTGTTG-1,9
AACTCGATAAACACGT-1,8
AGGAAAGCCTCTGATG-1,8
GAAGGACTAAATTGAA-1,8
GTATCGGGACGAGCTG-1,9
CCTGTGCATAGGAGAC-1,8
CATACGGGTGCATGAT-1,9
CCACTAAACTGAATCG-1,8
AAATTGCGGCGGTTCT-1,9
AGTCCAGCGGGTACGT-1,9
CATTCAGGTCAGTGCG-1,8
CTAAAGTCCGAAGCTA-1,9
AATCAGACTGCAGGAC-1,8
AGTATCCATAATAACG-1,9
CTGGCTGCTAACGTAA-1,9
GTTCCAAGACAGCGAC-1,9
AAGACTAACCCGTTGT-1,8
GATTAATCCTGGCTCA-1,8
CGCGCAAGGAACTACA-1,8
CAGTAGCGAGGTAGTA-1,8
ACGGCGGGTTGCCCTG-1,8
CTAGGCGGCAGAGAAT-1,9
GTGCGCAGCTTGCTCC-1,9
TCACTATCGTGCAATC-1,9
TATGATTCTGCTTGGT-1,9
TAAGATTTAGCGGGAG-1,8
TTACGGTGTCACCGAG-1,8
CTACACTAGCTTGTTC-1,8
TGAGCAGTCGTGAAGT-1,8
CGCTGAGGACGTCCAA-1,8
GTGTATGACTTTAAAG-1,9
CTAAACGGGTGTAATC-1,8
TGTACTGTGCCAAAGT-1,9
GGCCACAAGCGATGGC-1,9
GTCAATTGTACTGAAG-1,9
AGGGACAGCACGGCGG-1,9
AGCTTATAGAGACCTG-1,9
AACTAGCGTATCGCAC-1,9
AACTTTAGCTGCTGAG-1,9
CCCAAGACAGAGTATG-1,9
GGCATCAACGAGCACG-1,8
ATGCATTCCGTGATGG-1,8
TTATAGATGCACATTA-1,8
GAACCATCTGGGAGAC-1,9
TGCTATACAAACGGAC-1,8
ACTTGCCATATTGTAC-1,9
TATTCCGGCAGTCCTA-1,8
GACGGACCGCGTTCCT-1,8
ATGTGTAGTTTAGTCA-1,9
ATACCAGCAAATTGCT-1,9
AAGTTTACTAATGGCA-1,9
CTCTCGATGTGCGCCT-1,9
GATTGACACTCTGCTC-1,8
TATCACAGCACGGGCA-1,8
ACCGTTCCCGCTCTGA-1,9
CCGCCACCACAATCCA-1,8
CATTCACTGACAGCTA-1,8
CGGCTGCAAGATTAAG-1,8
CATGAACCTCTTATCA-1,9
TTAATGCGAGGTAACT-1,9
AATAAGTCCTCGAGAC-1,9
ACCAGCCCGGTCTTTG-1,8
CTACGAACTAGGTCGA-1,8
ACATCTCAACGCGTAA-1,8
CACTACTCAGTTCTGT-1,9
CCGACTCGCATAGTCT-1,9
CATTTATCGTTCAAGA-1,9
CAAACGTGGTCTTGCG-1,8
TAGAAACCACTAAGTA-1,9
ACTGATTTAGTGATTC-1,8
TCGTATTTCGTCCGGA-1,9
CGGAAATTTCACATCC-1,9
ATCCACGCTAAATGTT-1,8
GTTCAATCTATGTCAA-1,8
ATAAAGGTCAAGTACG-1,9
CAACTCCAACGTTTAG-1,8
TAGGAACAGCCTCCAG-1,9
ATGGGAACGGAAGCGG-1,8
CACACGTTTCAATGGG-1,8
GGTGTTCTGTTTCTAC-1,9
AGTAACGTTCATCCTG-1,9
GTATAGTGGCCCATGT-1,9
TCTACACGTTCATGCA-1,9
AATCTGGGTAGACCCT-1,8
TCGGTTAGCCATGTAG-1,9
TGCCATGGCTTATAAG-1,9
TAAGTAAATGTGCCGC-1,8
GTGTCCGATAAGGCAT-1,8
TGGCACGAGCTCGAGT-1,9
ACCGGTCTGAGTACGG-1,9
GAACTTAGCGCCCGGT-1,8
AGTAGCTAGACGCCGA-1,9
ATAGGAATCTAAGCTT-1,8
CTTCCTGCATATTTAC-1,9
CAATATGTAGATTTAC-1,8
ACAAGGCCTACCAGCC-1,8
TTATAGTCCAAGGTGC-1,8
AAACGCCCGAGATCGG-1,8
CCTCGTTACGCCTGTT-1,8
GAACGGTGTAAAGCAG-1,9
ACGCATAAATGACATG-1,8
GGTTCGATGCTGAGTT-1,9
CTTTGGCAGACAGAGT-1,8
TTCGTGGGCTGGAAGC-1,8
CAAAGGTTAAATTCAG-1,8
GTTTGGCGTCAGGCAC-1,9
GCTTTCTATCTCAACT-1,9
TGCATCTCCGGATCTT-1,9
CTGAAACGGCCCTCAG-1,8
TAGCAGTAAATACGCG-1,9
CGGGCTACTTAAATTG-1,9
TGATGCTCACGTAGTC-1,8
AACCCGATAGGGCTTC-1,9
AGTGGGAGTATACACG-1,9
GGTCTTGGTGTTAACT-1,3
GGCTGGCAGCTTTATG-1,8
CGCCAATTATTGCGTT-1,5
GGTAACCGGCAAAGGT-1,9
TGGGACCATTGGGAGT-1,5
CTGCAGGTGCTCGGCC-1,8
CCGGTGCGAGTGATAG-1,1
GGGTACACTCTGGAGG-1,9
TAGCCAGAGGGTCCGG-1,5
CTTGTGAGGACAGCGG-1,9
GAAGGGCATAACCATG-1,4
CAACATGGCCTGATAA-1,9
CAATTTGACCGGGAAG-1,2
TCTGACTGTAATGGTT-1,8
TTCATAGCCTTGTAAC-1,5
TGGAAACGGAGTGAAC-1,8
ATCGCACGATTGTTCA-1,2
CGCCACCCGCATTAAC-1,8
TGGACCACGGCGTTGA-1,5
GTATATGTTACGGCGG-1,9
GTATTCTTACCGTGCT-1,1
TTCAGAGTAACCTGAC-1,9
GCGGTAACCCAAATGA-1,1
CTACGTGTTGCCACCA-1,9
CTAGATAAACTCCTCG-1,2
TCCATTAGTTGGATAG-1,8
CTGGCTCCTGCGGGAT-1,5
CAGTCTCTCGGCTAAT-1,9
GTATGACGTGGGAAAC-1,5
AGTCACTCCGCCTCAT-1,9
GCAGCGGTGGGCATTA-1,2
TATGGAGTTTCTCGTT-1,9
ACTCAACGAATGTATT-1,4
AACACGCGGCCGCGAA-1,8
CGATATTAGCCGCAGG-1,6
AGCGTCTGAACCCGCA-1,9
GATGTCCGGATCACAT-1,4
GGTCACGTTAGATTCA-1,8
TTAAGGATACGGAGGT-1,1
GTGCGGGACCATCGGC-1,9
CCATCTTGTTCACAAT-1,6
TCCGAGAAGGCTAAGC-1,8
TGGCGGTGTGCGATTG-1,4
ATCCTGCTGCAGATAG-1,9
TTATGCGTCCCGGTCC-1,5
CATAATGAGCGGGCGA-1,9
AGACATAGATCCTTCC-1,5
GGTGAAACCGGGAATG-1,9
AACTGGTGTGGGCCTT-1,2
GTAGCGCTGTTGTAGT-1,9
TTGTTTGTGTAAATTC-1,1
GGATCAAAGGACGAGG-1,9
CGTAGCGCCGACGTTG-1,2
CAAGTGAACTTTGGTT-1,9
GTAGACAACCGATGAA-1,7
CAATGGTCGGCCTGGG-1,9
ACAGATTAGGTTAGTG-1,7
GTTATCACCTTCTGAA-1,8
TGGTATCGGTCTGTAT-1,2
GGAATAACCTCAAGAA-1,9
ATTATCTCGACAGATC-1,4
CCGAGGGATGTTAGGC-1,9
TGAGATCAAATACTCA-1,7
AAACGAAGAACATACC-1,8
CTGGTCCTAACTTGGC-1,7
TGCACGAGTCGGCAGC-1,9
ATAGTCTTTGACGTGC-1,7
TGGAGCTAAAGTTCCC-1,9
GGGTGGTCCAGCCTGT-1,4
CATGCATGGAGACCCT-1,9
ACACGGCACTATGCAT-1,3
CCCTGGTATGGGCGGC-1,9
GGAGGATTGAAAGGAG-1,7
CCGCTGGTGCCATTCA-1,8
GTTAGAGTGTGCCGCT-1,7
TCGGAATGACCATCAA-1,9
TTCAATTAGCCATAAT-1,4
GATGTGTTGTCACAAG-1,9
TCTTTCTCTTAAGGAG-1,7
ACCCTTTAGTTCTCCA-1,9
ACCACAACTCAGAACA-1,7
TATGATAAATCTAACG-1,8
GATCCTCTTGCGCTTA-1,3
TTCTACCTTTATGTTG-1,8
GAAATACCTGCTGGCT-1,3
ATTCTGAGTATGAACT-1,8
GGATTAAGCTAAGGTC-1,3
AGTACGTGGCCTGTCT-1,8
TCAGGGTGCACGAAAC-1,2
AAATTTACCGAAATCC-1,9
TTGAGGCATTTAACTC-1,7
AACCAGTATCACTCTT-1,7
CACCGGAGATATCTCC-1,2
GACTGGGCGCCGCAAC-1,7
CACGTCTATGATGTGG-1,7
TTAAGACGAACGAACC-1,0
TGACCAGCTTCAAAGT-1,2
AGAGTTAGAGACCGAT-1,0
TTCGGACTGATGCCTT-1,2
CTCGAATGGAACGTAT-1,0
GGACGGCTTGCGCAAC-1,7
CTAAGTACAGGGCTAC-1,0
ACAAATTCAGATCTGA-1,4
CATGGAAATGGGACCA-1,7
GGTGGACCACGTGTTA-1,3
CACGACGTAATAGTAA-1,3
CGGGTTCGGCACGTAT-1,3
CTGGGCTATCCTTTGG-1,3
GTATTAGGGTTCGCGT-1,7
TCATTCGTATAATTTG-1,3
AATAGCAAGCCTCCTG-1,3
CATCTACCCGAGAACG-1,3
GCTTCAGTGGGATTAC-1,3
TCTGTGATGGAGGTTG-1,3
ATCCACTTTCAGACTA-1,1
ATGGTTACGAAACATG-1,1
GGCCCAATCTAGAGGG-1,3
GATGGTGAAATAACCC-1,3
AGAGGGACAATTGTCC-1,3
CGCGTACATTCTGGAA-1,3
CAAGAAACCCTAAACT-1,3
TTGGTGCGGTGTTGAA-1,3
GGTTCCCTAGTGTCTC-1,3
CGATAACCAATTTGAG-1,2
GCCCACTGGTCCACAA-1,1
GAGGGCCGGCAGAGTC-1,3
CGACACGGATGCCCAC-1,1
CTGTCTGTGGCTGGCT-1,1
ATATTATCCCGTATTT-1,1
GCGCTGGCGGAAAGTC-1,3
ATCTAACGTCCCTATG-1,5
GTCAGACAGCGTTGGA-1,1
GCCAGGCTTAGTGGTA-1,5
ATTCAAAGTACCTGTT-1,2
TGGACGTAGGCGAATC-1,5
ACACATTGACGCAACA-1,1
GATATCAGTATGTATC-1,5
TGGGCCTTGCCTGCAT-1,6
CAAAGTCAGGTTAGCT-1,5
GGATCCCTACCAGCTA-1,6
ATCGTCCAATCGAGTC-1,5
ACATGGCTCAATTTAG-1,5
AGGCCCAGTGACTGGT-1,6
GCTTCCAGCTTAGATT-1,1
TGCTTGAAACCATGCA-1,1
CAATATTGGACTAGTG-1,1
CGTGCTGGCCTAGTCG-1,4
CCTGCGATAGAACTGT-1,4
GGGTAATGCTGTGTTT-1,4
AACGCGAACGGCAACA-1,4
TGTCGGCATGGTGGAA-1,5
AGCGTACGAGAGCTAG-1,6
ATACTCTCGCCACTCT-1,6
AATCCATGCAAGGGTG-1,6
TTAAACAGAGTCCCGC-1,1
CCACAGCTGAAATCAT-1,1
CGGTTCCGGCTTCTTG-1,6
GACGTGAGACTCCATG-1,6
TCGTTGGCTCGTCAAT-1,6
GGTGAACGGGCTAGCC-1,2
GCACTGTGCAAATGTA-1,6
ACGAGAACCCATCACG-1,1
CCAGCTACGCCTCATA-1,5
TCCCGGTCAGGAATTT-1,6
TCGCATTCAATGACTT-1,6
CTGGTTCAACGCATCA-1,1
GGTGATTTCATCTTGT-1,5
CACCCTTTCCTCGCTC-1,2
CAACTTGTAGTGGGCA-1,2
AATATCAAGGTCGGAT-1,2
ACTCAGACCTGCTTCT-1,6
TTGGAGTCTCCCTTCT-1,5
GGATACTCATGAATTG-1,6
TGGGCACAAACAGAAC-1,1
GAGCCACGGTAGTAGG-1,5
TCGATAGGCTAGTCGC-1,1
TAACCGCCCGCAGTGC-1,6
GCCTATTTGCTACACA-1,4
TTGACGATTCAGCACG-1,3
TTAAACCGGTAGCGAC-1,0
ACCGAAAGGGCCCTGC-1,5
ACGTTCCGCGCTCCGT-1,0
ATACCAGGCTAATAGA-1,2
CGGCTTTGTATGATAA-1,7
CTTGACCCGAAAGATA-1,4
CGCAGAAACATTTGCG-1,7
GACCCGTCGCCGGCTA-1,7
AATCGGGACACTACGA-1,7
GTCACAAAGTTTCCAA-1,4
TATATTCGCGTCGATA-1,0
CCTCCCGACAATCCCT-1,0
CGACATGCGATCTTCT-1,2
AACACGACTGTACTGA-1,7
CCCAACCACACTAACA-1,2
CACCGCCGACCAGCGA-1,7
TGGTATCGCATCCCAA-1,0
CAGAGTGATTTAACGT-1,0
AACCCTGGTGGAACCA-1,7
GTCAGTTGTGCTCGTT-1,7
ATTGACGTAACTCGGT-1,7
GATGTCGGTCAACTGC-1,7
AGGGCAGCGGCGTGGT-1,0
ACATCGTTAACCTAGT-1,0
TCCATTGTGACCTCGT-1,3
TGTTTAATACTTCATC-1,2
TTGCTGGCCGGGCTTC-1,7
CATATTATTTGCCCTA-1,0
CTGCCTAGCCACCAAG-1,3
ACGAGATATTTGCTTA-1,7
GACTACAATTGCTCGT-1,0
AACGTGATGAAGGACA-1,3
ACTCTCTTATACACGA-1,7
CGCATCATGGCTTCAG-1,0
CGGCTCTTCGTCGAAC-1,3
ATTCTTCGTACTTATG-1,7
AGTGAGGGTTTCTGAC-1,7
GCCAGGCGTTCGCATG-1,7
GACTAACACAGCACCT-1,3
CAATGGAATCTACATA-1,4
GTGGTCAGCGAAGTAT-1,7
ATGGCTGGAAATGGCC-1,7
ATCAGGTCGCCATTGC-1,7
TATCACCATGTAAAGT-1,7
AGCGCTTATGGGCAAG-1,0
AAGCGGCGTCATGGGT-1,4
ACTAATACGTCAGGCG-1,0
GGCTGAGCATCGTAAG-1,0
CGGTTGGGTTCAAGTT-1,7
GACTGATTGGTCACAA-1,7
AGACGGGCCGATTTAA-1,3
ACCAGTGCCCGGTCAA-1,3
GTCCTTTAATGACTTC-1,7
CCTACAAGTCCGGAAT-1,7
GCCTGCTACACTGAGA-1,3
GACTCGGTCGGCGGAT-1,3
CTAGACATATATGTAG-1,3
TCGCCCAACTGACTCC-1,7
AAACTAACGTGGCGAC-1,2
AACTGAGGTCAGCGTC-1,3
ACAATGATTCTTCTAC-1,3
ATAAGTACCCGATTGT-1,1
ATTGGGAGTTCTGTAA-1,3
CGAACATAGTCAGAAA-1,3
TAGCTCAGATCCTAGT-1,3
GTGTCGTATTCACCTT-1,3
CTCACCGATCCAAACT-1,1
ATATGTGCACAAACCA-1,1
CAGTCCAACGCCTTCT-1,7
TCGTCCGGGTACACTC-1,3
GCAGAAACGTAATCCA-1,3
TTCGAGCCGGCGCTAC-1,2
GGAAGATAAGACTGTA-1,3
ATAAGCAAACACCGAG-1,3
GCATAAATTGAACGCC-1,3
CGCCGGTGTCGCAGTA-1,2
GACCTGGTCTGGGCGT-1,3
AGCCGCTTGATTAGCG-1,3
CCCGGCTAGGTGAGAA-1,3
CGAGCCGAGCACTCGA-1,4
TAGTGCTTGAATCCTT-1,5
CAACCGCACCTAGACA-1,5
ACCACTGTTCAAGAAG-1,4
AGATGCTATAACGAGC-1,5
AATTACTCGTACGCTC-1,1
CGTCAATCTTTAACAT-1,2
CCAAAGCAGTTGGTTG-1,3
CCATATTGGATCATGA-1,6
CGTACCGAAAGTCTAG-1,5
CTCGAGATCCAAAGCA-1,1
TGGATAGAGTAACAGA-1,1
TCACAGATCCTCAAAC-1,6
AGAGCTACGAAAGCAT-1,1
TGCGTGATTGGGTGTC-1,4
CACATGTTTGGACATG-1,5
TTCGCATCCGGAAGCA-1,6
CCCTAGTGTCAGGTGT-1,2
TTACCGCCTTAGGGAA-1,6
CCAGTCCATTATTCGA-1,5
CGTAAACGCTTGAGTG-1,5
ATTCCTTCCAGGCGGT-1,5
TTCCTTTCTGTGTTGC-1,6
AGTTGACATCGGCTGG-1,5
AACTCGATGGCGCAGT-1,2
GATAAGGCAGATGCAA-1,4
GGCTGGCTAGCTTAAA-1,6
CCTCATGCAGCTACGA-1,6
GACGCCTGTTGCAGGG-1,2
TAATTAGATGGATATG-1,2
GAGGGCATCGCGTATC-1,1
CTTGTGAGTCTTTGAC-1,2
TCAACACATTGGGTAA-1,4
ACTGTATACGCGAGCA-1,5
GTGAAACGTGCTCCAC-1,1
CGAGTGCTATAGTTCG-1,1
GTACTGCATGAAGCGT-1,6
GTAACTTGCGGCAGTC-1,4
GAATCGCCGGACACGG-1,5
GGGAGTAATGGCTGGC-1,6
CATGAACCGACATTTG-1,4
TCTGTCATACAAGAGC-1,5
GTCGTCAATTATAAGG-1,6
TAAAGAGCCCGAAACC-1,2
GTACTGAGGTCGTAAC-1,4
AAAGACCCAAGTCGCG-1,6
CGTCAGTGCGCACAAG-1,5
TGTATCCTTATTCCAT-1,7
ATTCTCGTCTCTTTAG-1,5
AAAGTCACTGATGTAA-1,7
TGTCTACAGTTTCTGT-1,3
TTAACGTCGCAAGACC-1,0
CTATGTCTATTGAAAC-1,6
TCGGGTGAAACTGCTA-1,0
TGTCCCGACATAGCAC-1,5
ACAGCATAGAGCCAGT-1,7
ATATTCCCACAGGTCA-1,7
TTGGATCGACTTCTGG-1,7
CACCATCGGAGGAGAC-1,7
TCGTTCGTTATTATGT-1,7
CTTAACTTCGAAGTAC-1,7
GCACAAGTGTCGGAAG-1,1
TACCAGCTAGGTTTAA-1,7
ACGTACAGATTTCTCT-1,1
AATTTGGTTCCAAAGA-1,0
GTAAGGATTTGTCGGA-1,0
CATCATCTACCCGGAC-1,7
ACGATGGATCCGATGC-1,1
CACTCAGCTCTTGAGG-1,0
TAGATCCGAAGTCGCA-1,7
TGAAACTTATGCAAGC-1,7
GCGATTCTGGAAGCAG-1,0
CAAACTATTGAGCTTC-1,7
TAGAATTAAGGGCAAC-1,0
CGAAACATAGATGGCA-1,7
GATGGTGCCCTAGGCA-1,7
CCCGCAGGGCCCAAAG-1,7
ACAGCGCACCCGCAGC-1,7
GGTAAATGTGCGTTAC-1,3
GTCCTTCTAGTGGGTT-1,3
GGAAGCTCGCTTACAG-1,0
CACCGATACACCGAGC-1,7
CAGCCGGGCCCTCTAT-1,7
CGGAGCTTATAACACC-1,7
ATTACAACTACCGGCC-1,3
TCCTCTGGCCCATTAG-1,3
CGGCACCGTTAGCGCC-1,1
TCGGTCCCTGACTCCA-1,7
TGGTTGGAGGATCCTG-1,0
CTGCGGTAGTCACGTG-1,3
GTGCCTCAGTGTACGG-1,0
ATCGTTCACTTTCGCC-1,7
ACTTACCGGGCGCGCA-1,0
CTAGACTGCATTTCGT-1,7
TTGCCGGTGATCCCTC-1,7
CTGTCACGCCAGGCGC-1,0
CGGTATAGGTATTAGC-1,7
CCAACGCTTGCCAGGG-1,3
CGTTGAGTAATTGCGT-1,3
TGTATTTACCTAATGC-1,7
TAAATGCCGTCTCATG-1,3
CGGTTTATGAAGGAAC-1,3
GCAAGATGTGTTCGCG-1,1
AAAGGTAAGCTGTACC-1,3
GTACGTCACGTATTAA-1,1
AGTACCTTCGAGTGCT-1,3
ATTGTGACTTCGCTGC-1,3
TGTATCAGACTGAAGC-1,3
GAGACCCTGCAACGCC-1,3
TGGGTGGGATGTCATT-1,7
GGCTAATGATTGAAAT-1,2
ATAACGTTACCTCCAC-1,3
TGCGAGATGGCGGCCA-1,3
CACACTTGTATTGCGA-1,7
GCTGGTGACTCGTAGT-1,3
CGACACCGCTTAAGGA-1,3
GTAACAACTGACCTTG-1,3
CAACTGAGGGTATGAC-1,3
CTAATTATGAAGCGTA-1,3
CCGATCTTAAGAGGCT-1,3
CGACTCGGTACACGGT-1,1
TGCTGCGTCAGAGTTA-1,3
AGAGTTGCAGGCCTCC-1,1
ACTGGCGAACCTGCGT-1,3
ACTAAGGACGCACACC-1,1
CGTCCAGATGGCTCCA-1,5
ACTATCGCCGGCTAAA-1,5
GATAGCGTACCACGCG-1,1
AGGACTTATAGGAGAA-1,1
TAGTCGGGATTCTTCG-1,4
ACCATTAAGGGTGTCA-1,2
TTAATGTGTTTGCAGG-1,5
TCCGCAGCCACCTAGC-1,4
GAGGAGATCCTCATGC-1,6
GGTCCTTCATACGACT-1,2
CCCTGTTGGCAAAGAC-1,4
GTGCCTAGCTATGCTT-1,5
GTCATCTCCTACAGCT-1,1
GCGAGAAACGGGAGTT-1,3
CGTCGCGGCGGGATTT-1,6
CATTGTGTGCTAGATC-1,3
CGCGGCAGTATTACGG-1,2
GAAATGGGATGTAAAC-1,4
CATTCCCTAAGTACAA-1,6
AGTTCTGCGTTGTATC-1,1
ACCCTATAGGACTGAG-1,5
TTAGATAGGTCGATAC-1,6
ATTGATAGCAACGAGA-1,5
TCTCGGCTCCAGGACT-1,5
CTTGAGGTTATCCCGA-1,5
AAGAAGGATCAGTTAG-1,5
GTACGACGGCGCTGCG-1,5
CTTATGTTGACTACCA-1,1
CGGCACTCAAGAAAGT-1,2
GTCAAAGTTTACATAG-1,1
CTCCTAAGTTATGTCT-1,5
ACTGTGCTAGTAGATC-1,6
GTTTGGCCGCTCAGCG-1,1
TTATCCAATCGAACTC-1,1
CCGTACCCAAGCGCCA-1,5
CATACAAAGCCGAACC-1,4
GGTCGGTAATTAGACA-1,5
AGCGGGAAGGGTCCAT-1,4
GCCCACCAAGGCTGTC-1,1
GTAGACGTCGTTACAT-1,6
GAGCATCATCCCTGGG-1,2
AGGTAACCTCCTATTC-1,2
GGTTTGAGTGCTGGAA-1,1
GCACTAGTCGCGCTAT-1,5
GGTAACTATGTATCTG-1,6
GCGGTCCCTAGACGCA-1,1
CGAGCGTTGATCAGCC-1,5
AATCCAAGGGCCTGAG-1,2
CCGTGCCCATGACGGC-1,1
GAAATTCACATCGCTG-1,1
CTCTGCGAAGCAAGCA-1,3
AGTAGGTAACATACAT-1,3
ATTGGGAATATCTTGG-1,1
TAGAGCTACGAAGAAC-1,6
TGCGGCATAGTTCAAC-1,6
CCGCCGGTCAACACAC-1,5
TCGTATAGTGCAATTA-1,4
TAGTTTATTCTTGCTT-1,1
GATATCTCATGCAATA-1,5
CGTTTAAGCGGAGCAC-1,4
CATGCTGGCTCCAATT-1,6
GAAACAGCCATGCAGT-1,5
AGTTTCGCAGGTCGGA-1,0
CTCATGGCTCACAATC-1,2
AACCGTTGTGTTTGCT-1,0
ACCCTTCATCTGCGAA-1,7
TGCGGTGAAATTTCAT-1,7
CAAATTGTCAGCAAGC-1,0
GAGGTACATCCATCTT-1,7
AAATGGCATGTCTTGT-1,7
TCATCCCAGAGGGTGG-1,0
CGTAGCGAATTGTCAG-1,0
CCTAGTTAGTCGCATG-1,0
GAAACTCTAATGAAGG-1,0
TTGTATCACACAGAAT-1,7
TTCAAGCCGAGCTGAG-1,0
AGGTACGATATTGCCA-1,0
TTAAGCCGACAACTTC-1,7
GTCTTAGTACAGCCGG-1,7
TGGGTAAGGTTCCCGC-1,0
CTACGCCATTTCCGAT-1,0
GACCGTCAGGTCGTGA-1,0
TAGTTAAGATAGGATA-1,2
GAATATTCGGAGTCCC-1,0
CAAACTACGATAGAGA-1,2
CAGGAAGACTTTATAT-1,7
TTCGTAATCCCAGCGG-1,3
GTGAGGAGCGGTTGAG-1,7
CAATCCCTATACCAGC-1,0
AGGGAAACGAGGTACT-1,7
TCCTGCCAACTGGAGA-1,7
AATTTGGGACATAGTA-1,7
AACTCCTAATCCCATG-1,7
GCTCATTACTGCATGT-1,7
TCTCGAACGAGGTCAC-1,7
TCACTACGACCAATGC-1,7
GTGATGCACAACATCT-1,7
CCGACGTAAACACAAC-1,1
TGGGATGCACTCATTC-1,7
TTCCATCATGCGGTGA-1,3
TGCACAGTGAAGTTAT-1,3
CTATTGTGTTTGGTCA-1,3
TGCGAGCCCTTCCGCG-1,7
TTGAAAGGTGTAAAGG-1,7
GGTGCAGAGCCTATCG-1,3
ACTATATGCTGTGTTC-1,2
TCCTGGCGCTGCCTGG-1,1
GAGCCGAGCGTTTATT-1,3
AGAATGCGGGTTCGGA-1,2
ATGCGACAATTGGTCC-1,3
TTCCGGCTCGACTTCT-1,3
TGATTATGGCACGCAG-1,2
GGTTTGACAAGAAGCT-1,1
GCAGCTATGGACAGGT-1,1
CACCATGATCGCAAAG-1,3
GTCGGAAGGATACCAG-1,3
GGCCCAGTTATCAGCA-1,3
GGGCCTATTTAAGTAT-1,3
GTTGTTACATTGCGCT-1,3
CAACTCCGTAACTTGC-1,1
GATCTTTGCTCAAAGA-1,3
TCGCTTAATTACGAAG-1,2
CGATCATTAGAGGCAC-1,3
TGTTCTCTACTCCCTA-1,3
GCTTAGGGAAGCGGTA-1,3
CAGGTTTAGTACTACA-1,3
AAGCGGAGTGCGCGCA-1,2
TCAGATGGAGACGTAG-1,1
TCGCACTAACGTTTGT-1,1
CACGTCGGGTTCTAGA-1,3
GGAGTACACATGAGCT-1,3
GTGTGTCGACGTCGCT-1,2
GAAGCTCTTTGCTTAG-1,5
ACACCGAGCGCTCTTT-1,1
CGTAATAATTACGAGT-1,2
CATCAACACCTACTAA-1,3
CCAAGTTTCTACAGAT-1,6
ACGGGTCATGTGACTT-1,1
AGTGTGCTAAGATCGC-1,6
GGCGGTTTGCCGGTGC-1,2
GTATAATCTCCCGGAT-1,3
TAGTCCGTATGCATAA-1,5
CACTTCGTCTTATCTC-1,3
CATCCGCAGGCCCGAA-1,5
CCCTGATGTAACTCGT-1,6
CCATAGTCAGTAACCC-1,1
CGGGCCATAGCCGCAC-1,6
CTCCGGCTTGTAGACA-1,5
AACTTGCGTTCTCGCG-1,6
AATGAGTTCGCATATG-1,5
CGAGGCCAGGCATTGG-1,6
TCTGCGTCCGGTTTCT-1,6
CAATCCTGCCGTGGAG-1,5
CTGAGCAAGTAACAAG-1,2
GGGTACCCACGGTCCT-1,2
ACGGAATTTAGCAAAT-1,6
GGGCGGTCCTATTGTC-1,2
ATGTTACGAGCAATAC-1,6
AACCATGGGATCGCTA-1,1
TCGCATCCCTAAGTGT-1,5
ACTTAGTACGACAAGA-1,5
GAGCTCTCGGACCTAA-1,1
TCTATTACGCTGGCGA-1,5
AGATACGACTTCATAT-1,6
CGCTATACCGCCCACT-1,5
CAGTGTCCGCAGAATG-1,5
CCATCCATACCAAGTC-1,5
AACCCAGAGACGGAGA-1,5
GAAGAACGGTGCAGGT-1,4
GATAAATCGGTGGATG-1,4
CAGCTCGTGCTTGTGT-1,6
GAGTACGGGTATACAA-1,2
CATCGCCCGCGGCCAA-1,4
TCTTACAGAGGTACCG-1,6
TGGAAGACGAACACCA-1,4
GTTGTCGTGTTAGTTG-1,2
CCAAGGAACAGAGAGG-1,5
CTGCACCTGGAACCGC-1,4
CGCTTTCATACCGGTG-1,3
GTTCTTCCCTCGATGT-1,6
ATTTAACTCGTATTAC-1,4
AACGATAGAAGGGCCG-1,3
TATCCTGCATGGGAAT-1,5
AGGCCCATTGTACAGG-1,4
CCGGCGCATATTGGAT-1,5
ATCTGTAATTGTACCC-1,1
GAGCGAGGGAGTACCG-1,1
TTATTAGGGAAGCATC-1,4
CTTCTTACGTCGTATA-1,3
GAAGTGCTGGATAGCT-1,6
GTGCAACAAATGTGGC-1,0
CATGCGTTAGACAGAA-1,7
ACACACTTTCTACACG-1,7
AGCCCTAAGCGAAGTT-1,7
ATTAATTCGGTCACTC-1,7
AACAGGAAATCGAATA-1,0
ACGTTTAGTTGTGATC-1,7
TCCTTCAGTGGTCGAA-1,0
CGAACGCCCAGTGCCG-1,7
CCTCGAAGTGGACGGG-1,0
CTCTGTTTGAGGATTC-1,0
TGGGCACGTTCTATGG-1,7
ACTATTCGTCCGTGGT-1,0
CCTCTGGCCTAGACGG-1,7
CCATAAACAACCCGAC-1,7
CATAGTACATTGAGAG-1,4
ATTTCATTATTTCGCG-1,7
CAACTATATCGAATGC-1,0
CTAGTATTCGGAATTA-1,7
GTGGAACCTACATGCG-1,7
CCTAAAGGCTGACGCT-1,0
CGTGACATTGGGTCGT-1,2
CCAATCGGTAGATCGA-1,7
ATTGTCGCAATACCTT-1,0
AAATTACACGACTCTG-1,0
CACTCCTCTCGGTCGG-1,7
AAATAACCATACGGGA-1,0
AGTTACTCTATCGTGG-1,0
CGTTAGCTCACAACTG-1,7
GAATGTATGGCAGGTC-1,0
GCAACCACCAGACCGG-1,7
TCACTCGTGCAACGGC-1,0
AAACAGAGCGACTCCT-1,0
CAGCCTCTCCTCAAGA-1,0
TTGCGTGAACGCTTAG-1,0
CCGCCTGCGAATTGGT-1,3
AGATGAGGGTTGCGAT-1,7
CGGTGGGCTCCAGCCT-1,7
GGCAGCGGTAATCCTA-1,3
GCTAGCAGGGAGTGGG-1,1
CTCAAGACATTAGCGC-1,3
CACGGCGCGCCAAAGG-1,3
TGCAATTTGGGCACGG-1,1
ATGCCAATCGCTCTGC-1,2
GCTGGACCCAAAGTGG-1,3
ATTCCTAAGACGTGGA-1,7
TCCGGAGGAAGGGCTG-1,3
TCGGTGACCGCTCCGG-1,7
TCCGAAGTAGTCACCA-1,3
CATGTAGGAGCGCCAA-1,3
CACAAGAAAGATATTA-1,1
AGGGTCAGTAACCCTA-1,3
TAAGCCCTTACGACCA-1,2
ATACCGTCATCCATAA-1,3
GGACGTCCATAGTTGG-1,2
CATCAAACTGGCGCCC-1,1
AAACGTGTTCGCCCTA-1,3
AAATTGGTGAGAAGCA-1,3
GGTCATTGTAGTCATA-1,3
TGCAGTGAGGCTCGGG-1,2
GAACATTAGTATGTTA-1,3
GGTTTGCGAACACGTA-1,2
ACACAAATATTCCTAG-1,1
TTGGGTTTATTCAGCG-1,3
ATTCGCAGAGGACACT-1,1
GATTTAGTGCGTACTG-1,3
TAGAAACACAATAGTG-1,1
CAGTAGATGATGTCCG-1,6
TCTTAACTCGGATGTA-1,1
TACATCTTGTTTCTTG-1,6
TTCATAGGGTGTCCAT-1,1
TGAAGTAGCTTACGGA-1,1
GCACAAGTGGATCATA-1,5
GGGCGAATTTCTCCAC-1,4
ATGTTCCTGCCCACCT-1,6
GCTCAACCTCTTAGAG-1,6
ATAGCTGCTCTTGTTA-1,5
CGTCAGCTATTTACTC-1,1
ATCTGATAGTGTCTTA-1,2
TGCACTATGTGAGTGC-1,4
CCGACAAACACATGAG-1,4
GCCTTGTATATGCAGT-1,1
ATAATACCGTTAGCCG-1,6
ACACTCCAATGTCACT-1,1
AGTTGCTGACTGATAT-1,5
GGCGCTCCTCATCAAT-1,5
TGCCTGACATCGGTCA-1,2
TTGGCCATCTTGCGCT-1,6
CAGTGGTTGCACATGA-1,1
AGAATTGTTTGACATA-1,5
AAATGCTCGTTACGTT-1,1
CACCTAATAGAGTCGT-1,5
CATTTCTAGCAGACTA-1,4
CCGAAAGTGGTGAGCA-1,5
AGTCAGCCACCGCCTG-1,4
TCATCACTCGAGCTCG-1,5
CTCAGGACTCACCTGT-1,2
CGGTGTACTTGATCCC-1,6
CCTACGGCTCAGTCGA-1,6
GTACTTGGGCACTTCT-1,5
TGATTTCCTCCTGACG-1,4
CCTCACCAATCTTGAC-1,2
GGTGAGATGCAGATAA-1,5
GCTAGTTTCATTGAGG-1,6
AGGACATCGCACGTCG-1,5
GTGGACGTGCTGAGAC-1,6
TAAGGAACTTGTGGGA-1,4
TCGCTGTGCGTAAATC-1,4
GCATCCCTAACTTTGA-1,2
CACCCACACGTCACCC-1,5
CCCTCATTCTGGAATT-1,5
AGGGCGTGATCGGCTA-1,5
GGTGCGGATAAGTGGC-1,4
TAATATTGAAATTCGC-1,6
CTTACACTGGGAAATA-1,2
ACCAAGAACGCGTGTC-1,5
GCCTTCAGCCCTACCG-1,1
GATGCTACAAGCGCCT-1,1
CCGGGACCCGCAGAGA-1,2
GTTCCAGTCTGACCAT-1,6
ATGATCGGGAATAGAC-1,4
TTGGATTGGGTACCAC-1,6
TACCTCACGCTTGTAC-1,5
CATGGCAGGAAGATCG-1,1
ATGACGCCGGCTCTAA-1,5
AGCGACATCCCATTCA-1,6
AGTAATGTCTTGCCGC-1,1
TTCTTAGTGGCTCAGA-1,5
CGTCTGGAAGGGCCCG-1,0
ACGTGCGCCTCGTGCA-1,7
AGAGCGGGCTAATCAT-1,7
GCGTCGAAATGTCGGT-1,7
AACTGATATTAGGCCT-1,7
CGAGCTGGGCTTTAGG-1,0
GGGTGTTTCAGCTATG-1,7
TTAATTTCAGACGCGG-1,7
ACTGCCGTCGTAACTC-1,0
GTGCACGAAAGTGACT-1,7
ATCTCCCTGCAATCTA-1,0
ACGCCAGATGATTTCT-1,7
AGCTATTTAATCCAAC-1,7
CCACGAGAAGAGAATC-1,0
GATTCCGCGTTTCCGT-1,0
GTCGGATGTAGCGCGC-1,7
TATTTATACCGAGTAG-1,7
GTAGGTGATCCGTGTA-1,7
AGTTAAGCGGTCCCGG-1,7
CTGGCGACATAAGTCC-1,7
TTGGCCTAGAATTTCG-1,0
GGCATATCGGTTCTGC-1,7
GGGCGTCCACTGGCTC-1,7
TTACCCATTGCCGGGT-1,7
TTAGACACGATCGTTG-1,0
GCGCTGATCCAGACTC-1,0
TTCGGCAACCCGCTGA-1,7
GATATTTCCTACATGG-1,0
CTGCGTTACGATATAA-1,7
TAATAAACAAGGAGAT-1,0
AACCTTTACGACGTCT-1,7
AGTCCCGCCTTTAATT-1,4
TGAGATTAGGCCCTAA-1,0
AGTGTATTGCGCATTG-1,0
GTTGGATTCAGTGGCT-1,0
TAAAGCTGCAATAGGG-1,0
AGTAGGAAGGAAGTTG-1,3
TATCACTTCGAGTAAC-1,3
TGATCTACGCTGATCT-1,3
GGATCATCCCGTACGC-1,7
TGACACTTCTCTTTGC-1,3
AGCCCTTCTAATCCGA-1,3
CACCGCGTCCACTCTA-1,3
TAATTGGAATCGGGAA-1,3
TCGTAAGCTCCGAGGA-1,7
TATATTACAAATGTCG-1,7
CGCGAGAGGGACTTGT-1,3
GGACCTACGGTAACGT-1,3
GAAATATGCTTGAATG-1,7
CCGTATTAGCGCAGTT-1,7
AGGCGTCTATGGACGG-1,3
AACATCGATACGTCTA-1,3
TGAATATGCTATAAAC-1,3
ACCAAACACCCAGCGA-1,1
TGGCTTGTACAAGCTT-1,1
GAATGAAGGTCTTCAG-1,3
AGATACCAGCACTTCA-1,3
GCGGTCCCGGTGAAGG-1,7
GAGGCATTTGCAGCAG-1,3
GGCAAGCCAGGGATAG-1,3
TCTACGGGCTCAGTTG-1,7
TCTGCGAATCGTTCGC-1,3
AGCTCGTTGATGGAAA-1,3
TGAATGAGATACAGCA-1,3
ACCCTTGCCTGGGTCG-1,3
GGCGAACCGTTCTGAT-1,3
GCGATGTCTGTGCTTG-1,1
ATTAACACCTGAGATA-1,1
GAAATCTGACCAAGTT-1,4
CCTGACAAACTCGCGC-1,6
ATGTCATTTCCCATTG-1,6
GCGGTGCGGAGCATCG-1,4
CGGAAAGCAAATGTGC-1,4
GCTGAGCAACGGTTCT-1,6
TCACTCTTCGTCTGTC-1,6
GATCTTCATTGTCCTC-1,6
ACTCGATGTATTTCAT-1,2
TGAAGAGCGGTCCTAG-1,2
TAAACGTCGTCAATGA-1,3
ACGTTATTGGTCACTC-1,2
ATAGCCTCAGTACCCA-1,1
CGGGAGTATACCGCCG-1,1
GTCCTACAGGCGGCTC-1,3
CGGATAAGCGGACATG-1,5
AACTTCTGCGTCTATC-1,6
GGGTTCAGACGAACAA-1,5
AGTCTGGACATCCTTG-1,4
TTGAACGAATCCTTTG-1,6
GAAATACTAAACGTTT-1,6
CCCGCGCAATGCACCC-1,5
TTCGGCTAGAGATGGT-1,6
GACACGAGTTAGAGGA-1,5
GAGGTCCCAAAGATCT-1,5
TAACTCCATGGAGGCT-1,1
CTTGTTTATGTAGCCA-1,1
GATGGCGCACACATTA-1,2
ATAATAGTGTAGGGAC-1,4
CGCTATTCAATGTATG-1,5
ATATTGCTGTCAAAGT-1,4
GGATTCAGTACGGTGG-1,6
TTCTTAGTGAACGGTG-1,6
AATGGTTCTCACAAGC-1,4
TATACACGCAAAGTAT-1,1
CTTCATAGCTCAAGAA-1,5
CAACGGTTCTTGATAC-1,1
ACACCCGAGAAATCCG-1,5
TCTATCATGCAGTTAC-1,6
CCCGCCATGCTCCCGT-1,6
CGCTTCCACTGAAATC-1,4
CACTGTCCAAGTGAGA-1,2
ATTACTAGCCTCTTGC-1,1
CATAGTAGCATAGTAG-1,6
CAACTCCTTGATCCCG-1,5
AAGTAGAAGACCGGGT-1,6
GCGGGAACCAGGCCCT-1,6
ATTAGATTGATAGCGG-1,4
CTCGGTCCGTAGCCTG-1,2
TGGCTTTGGGTAGACA-1,2
TATCCATATCATGCGA-1,2
GGAGTGCCGCCCTGGA-1,6
TGAGAATGCTTTACCG-1,5
TTAACCAACCCTCCCT-1,4
TGTTTCGGTACTTCTC-1,2
TTGCTGAAGGAACCAC-1,6
TATTTAGTCTAGATCG-1,4
CTCCGGCCTAATATGC-1,6
TTGTGGCCCTGACAGT-1,1
TCGCCGGTCGATCCGT-1,4
CCATAGGTTGGCGTGG-1,0
GAACGACCGAATGATA-1,7
TCCGATAATTGCCATA-1,7
CATTACGTCGGCCCGT-1,0
CAAGCACCAAATGCCT-1,7
TGCATGGATCGGATCT-1,0
GAAATCGCGCGCAACT-1,7
CTGAAAGAGATCCGAC-1,4
CACCTCGATGGTGGAC-1,7
ATTTGTTCCAGGGCTC-1,0
TGGGCCACAAGAGCGC-1,7
CCTTCTTGATCCAGTG-1,7
CCTCGCCAGCAAATTA-1,0
TTCATGGCGCAACAGG-1,0
TTAATCAGTACGTCAG-1,7
CCTATCTATATCGGAA-1,0
ATTATACTTTGCTCGT-1,7
ATGGATCCGGCGTCCG-1,0
CGCCCGCTTCCGTACA-1,0
GGATTCCGCTATACCC-1,7
CGGTCTATCAACCCGT-1,7
ATGCCGGTTGATGGGA-1,0
TCATGCAGGTTCTCAT-1,2
TGAGCTTTAATGACGC-1,0
TCCCTTAGATTACTCG-1,7
ATATCTCCCTCGTTAA-1,7
AGCTCTTCCCAGTGCA-1,7
TCGCTAAACCGCTATC-1,7
CACATTCTTTCGATGG-1,2
GATATGCGGTAGCCAA-1,0
CGTTTCACTTCGGGCG-1,7
CCAATTACGGGTCGAG-1,7
GCAGGTAGAGTATGGT-1,0
GTCGTATTGGCGTACA-1,0
GAAATTAGCACGGATA-1,7
AATGCACCAAGCAATG-1,7
AGGACGCTCGATGTTG-1,3
GGCTAAAGGGCGGGTC-1,3
CATCTATCCCGTGTCT-1,3
CAGTAACTATTTATTG-1,3
CATATACTACTGATAA-1,3
GCGTTCGGAGACCGGG-1,3
AAGTTCAGTCTGCGTA-1,3
CGAAGCTATAAATTCA-1,2
CGCGGTCACAAACCAA-1,3
GGGAATGAGCCCTCAC-1,2
ACGGAGCGCAAATTAC-1,1
CGTTCTTCGCACACCT-1,7
GAATAGCCCTGCGGTC-1,7
AATAGCTACCGCGTGC-1,0
CCGAGCTGTGCTTGTC-1,7
GATGACGATGATCGCG-1,3
GCCTATGCTGGGCCTT-1,3
TTACTGTCTAGAGCTC-1,3
AGCGGTTGCCGCTCTG-1,4
GCTTGCAGCACAATTG-1,2
CCGGAGGTCTTATGGT-1,3
ACAGTATACCGTGGGA-1,2
GGGATCCCAATACAAA-1,1
ATTACGACTCCACAGT-1,3
CTCACACGCAAGCCTA-1,3
CCAGATGTAAATGGGT-1,3
GAACTTGTGCACGGGA-1,3
AAGCCGCTTTACCTTG-1,7
TCCATTCCCACTAGAG-1,3
AGAGCGCTTGTAACGG-1,3
TGGGTTCCCGGACGGA-1,4
GCTGCGCCTCCCACGT-1,3
CTGTTGGCTCTTCTGA-1,1
TTGTTCTAGATACGCT-1,5
CCCTCAAGCTCTTAGT-1,4
TGGTCTAGCTTACATG-1,6
ATGCACCTTCCTTAAT-1,1
GGGATACGGTAATAAT-1,6
AGTTCACCGGTTGGAC-1,2
GACATACTGTCGCAGA-1,6
TGGACACCGTTGCTTG-1,2
TGCGATGCTAATGGCT-1,4
TTCTGTTTCCTGTCGC-1,6
CGTTGTAAACGTCAGG-1,1
GATCGGCGATAAGTCG-1,2
AGCCTTAAAGCGGAAG-1,6
TCCGTAACCACAATCC-1,2
GAATGCCGAAATGACC-1,2
TATACTCATGCGGCAA-1,5
TAGTGTCAGAAACGGC-1,4
CGTCATACCATATCCA-1,4
TAGTACCTTAGTGGTC-1,2
CTGGCGGGAATAAGTA-1,6
AGTGTGGTCTATTGTG-1,6
GCTATCGCGGCGCAAC-1,5
CAGTAATCCCTCCCAG-1,6
GTATTAAGGCGTCTAA-1,5
CTAATTTCAACAACAC-1,2
TTAGCAACATGGATGT-1,5
ATGCTCAGTGTTGCAT-1,1
GATGTTTGTGCGAGAT-1,2
CACTTCGCCACAGGCT-1,5
CTGTATGGTGTAGAAA-1,5
TACGTGCACTATGCTG-1,4
GTATCAGCTTGGGTTC-1,5
TAACAAAGGGAGAAGC-1,5
TTACATCGTGGCCTGG-1,6
TCTGAACCGGTCGGCT-1,6
GGCTCGTGCCACCAGC-1,5
TATAAGTGAGGATAGC-1,5
GCCCGCGCGTTTGACA-1,6
TGCTGGTTGGACAATT-1,5
GCCTAGCGATCTGACC-1,4
CCATGCTCTGCAGGAA-1,5
TATAAATCCACAAGCT-1,4
CGCTCGACATAATGAT-1,4
CCAATTGAATGTTAAT-1,4
GCTAATACCGAATGCC-1,4
TTCAACGACCCGACCG-1,1
TTCCTCGAGGGTGTCT-1,5
CAACGACCCGTTTACA-1,2
CTTGTACTTGTTGACT-1,6
TCTCTAATAGCTGGTA-1,6
ATTATGCCATAGGGAG-1,5
GACAACGCAGCTTACG-1,6
AGATGACTCGCCCACG-1,4
GTGCGGGTCTCCAAAT-1,5
GTACGAGATTGCGACA-1,6
GTATAGGACTCAGTAG-1,7
TTGCACGGAGCAGCAC-1,4
CACAGCTAGGGAGTGA-1,5
ATACTAGCATGACCCT-1,0
CCAAGACTTCTGCGAA-1,0
ACATAATAAGGCGGTG-1,7
TAATACACAGTAGTAT-1,7
TCTTGGTAACACCAAA-1,7
AACTGGGTCCCGACGT-1,7
ATCACTTCATCCTCGC-1,7
TGGAAGGATAAAGATG-1,7
CATGATGCACAATTCT-1,0
TGCCTGATCAAACGAT-1,0
ATAGGGATATCCTTGA-1,7
CACCTAATCAGTTTAC-1,0
TGTGACTACGCCAGTC-1,7
CCCGACCATAGTCCGC-1,7
CGCGCCCGACTTAATA-1,0
TGCCACCTGGCGAAAC-1,7
CTGCCAAGGTTGGAAG-1,7
TCTCCAACGTAGGTTA-1,7
TTCTTGGAGTAATGAG-1,0
GTCTCGATCTGCTTTC-1,0
TACTCTCCGAACAAAT-1,0
ATCACATTAGAATATC-1,7
TACGGGATGCTAGCAG-1,7
AGCTGAAGTAAACCAA-1,0
CATGGGTCGGGTGTGG-1,0
CACCCACGAGGCAATT-1,7
TGCCATTACTAAAGAA-1,7
CCGTTACGTTAGAACA-1,7
GCCAGGAGTAACCGAT-1,0
GGAAAGTGCCCATGCC-1,7
TCTTACCGGAACTCGT-1,7
TATGTCAAGACCGACT-1,2
CCTAACTAAGGCTCTA-1,2
GCGGTGAACTGCGCTC-1,7
CCTCGCGCGATATAGG-1,0
ATCGGCAAGCAGTCCA-1,0
AGATCGTGCATAAGAT-1,7
ATTCAGGACCTATTTC-1,0
AGCTAGAAGCAGAAGT-1,0
TTCGCTATCTGACGTG-1,7
TTCCGCAGAGAAATAT-1,3
CAGTACATTCTCTAAA-1,4
GTGAAGATTTCAAGTG-1,7
AACGCATGATCTGGGT-1,7
CCCAGAGGAGGGCGTA-1,3
GGAAACCTTGTTGAAT-1,7
GTGAAGCCGTATAGTC-1,3
GAGCTGTCGTCTCGGA-1,7
TGTCATTTGTTGGGAA-1,3
ACCAACACCACACACT-1,1
AAATGATTCGATCAGC-1,3
CTGCTTTATGTCCGCG-1,3
GCGAGAGGCCATGTAA-1,3
ATTGACCGGCGATGAC-1,3
ACCCTGGTAACGCCCT-1,3
GTTGGACCGCATCAGG-1,3
CGTTTACAAGGCAGCT-1,3
CGGTCCATGAGACTCC-1,3
GTTCGTCTGGGTCCCT-1,3
TGTACTACTCTCACGG-1,1
AGTGAAGATGGTGTCC-1,3
GAGGGCCATAATATTA-1,3
ACTCCCGTAGACTAGG-1,1
CGTCAAATGGTCGCAG-1,3
AAGTCTAGTAGCTGCC-1,3
AAGAAATCACCAGATT-1,1
GAGTGCACGGACAACA-1,3
GTTCAAATCAGATGTC-1,1
CATGGCTCCCTATGTC-1,5
GGCCACACGAAAGCCT-1,3
GAAGCCGGGTAAGCTC-1,2
TTGCGCTCTCTCGCTT-1,1
TACATGACCTTATCCG-1,5
GTCCTTCTACAACCCA-1,6
TATATGCTGGGTTGCC-1,4
GTTTATGGGATTTAGA-1,1
GGAACCCGAACAAGAA-1,6
AACGTTATCAGCACCT-1,2
CATCGTCCGGTTACTA-1,6
AGACAGCTCAGAATCC-1,2
GCAGATCCTCGCAAAT-1,6
GGGTCATGCGTACCAT-1,1
CTGGTCATTCCAATCC-1,5
TCAGGGCGCAAACTCG-1,6
GATGCCAGCAGAAGGC-1,6
GTTATTAACGTGGGAG-1,5
AATACAATGTTTCAGG-1,5
TTGCTGCACCTATCCA-1,5
CCAGAGACAAAGCCGG-1,2
CCGAAGTATATTGTTC-1,5
GCTAAACCTGAGGTGA-1,6
TCATACTTACAGATCC-1,6
CGAGCACTTCAAGTTT-1,2
TAGCAACCTGTCACAA-1,1
TGGGAAATGCCTTTCC-1,5
AGACCATGGGATACAA-1,5
TAAATGAATCCGTTTC-1,5
ACAACGGTCCCTGCGA-1,4
GTCACTCTCCAAATCT-1,5
TTCTACTTGCGAGGGC-1,2
CGCAATTACTTTCGGT-1,2
CTGTTCATCTCACGGG-1,5
TTCTTGTAACCTAATG-1,1
GCTTGATGATAATCAG-1,6
TTGGCTCGCATGAGAC-1,5
GCCCAGTTGGTATGCC-1,5
ATTCCTCCGCCAGTGC-1,6
TCGTCCGCTGGCGTCT-1,6
GGAGAAGTCATTGGCA-1,5
TTGTTAGCAAATTCGA-1,5
TCTAGCATCTTCGATG-1,6
TTCTAGGCCAATTGTG-1,6
TCACGGTCATCGCACA-1,4
ATGAAGCCAAGGAGCC-1,6
AATGACTGTCAGCCGG-1,6
CCAAACAGAACCCTCG-1,2
TATCGATGATTAAACG-1,5
GAACACACATCAACCA-1,7
CCCGTCAGCGTCTGAC-1,3
AGCATCGTCGATAATT-1,7
GACTAAGATCATGCAC-1,6
TAGGGTGTTTCAAGAG-1,5
TGGTTCGTAGCAAAGG-1,2
CTGTTCACTGCCTGTG-1,7
ATGTGCATCCGACGCA-1,0
TTGTCGTTCAGTTACC-1,7
CGGGATCAATGTAAGA-1,7
TTATCTGTATCATAAC-1,7
ATCGACTCTTTCCGTT-1,7
CTCATTTGATGGGCGG-1,7
GTAAGCGGGCAGTCAG-1,0
TCTATCGGTCGCAACA-1,7
AACGCGGTCTCCAGCC-1,0
ATTAATACTACGCGGG-1,0
CTTTAACTTTCAAAGG-1,7
CGTACCTGATAGGCCT-1,7
GAATGTTGGGTAATCT-1,7
TGCGGAGTAAAGGTGC-1,2
CCTGAATATTTACATA-1,7
TTGCTCCCATACCGGA-1,0
CCTCTAATCTGCCAAG-1,0
AGGTTGAGGCACGCTT-1,7
TCCCGTCAGTCCCGCA-1,7
TCCGATGACTGAGCTC-1,7
CAGCCTCCTGCAGAGG-1,0
CTTAGCCTTCCACATG-1,7
ATTAATGAACCAGTCG-1,0
ACGATACATAGAACTA-1,0
AGCCACTCCCGTGCTT-1,7
ATACGGGTTTCGATTG-1,7
CTGTCAAATGGCTCGG-1,7
GCTCGGAATTTAAAGC-1,0
TAGGCATGTTACGCCA-1,7
TGGCAACTCGCGCGCC-1,7
ATCAGTAGGCAGGGAT-1,7
TATCGATCTATGCATA-1,7
CGACTCAGGATGTTAT-1,7
GCCATATTGCACACAG-1,7
AATTCATAAGGGATCT-1,7
CGGTAGAGGTGCAGGT-1,0
AATGATGATACGCTAT-1,0
CTTGTGCTCACCGATT-1,7
TTCCAATCAGAGCTAG-1,7
CGATGGACCCTACGCC-1,0
GGTCGGATAAACGGCG-1,0
TTAGCTAATACGATCT-1,7
CTCGATATTTGCGAGC-1,7
ATTACTTACTGGGCAT-1,0
CTAGCCGATGTTATGA-1,7
TACTGCAATCAATTAC-1,7
TAGTCTGTGACGTTGC-1,0
CTCGTTTCTAATGTTT-1,7
TTCGTTCAACGAAGTT-1,1
CTGAATTTATTGCCAG-1,3
TGGAATATCCTTGACC-1,7
CAGATCATTTAAAGTC-1,3
CTCCTTTACGCAAGTC-1,3
TCCCAAACAGACAACG-1,3
ATCGCTGCGTGCAGCA-1,1
TTAGTTCAAGTGTTCG-1,3
AAACTCGTGATATAAG-1,3
TTAACGAACAAGCAGT-1,1
GTTATATCAGGAGCCA-1,3
CAAATTGGATTATGCC-1,3
CGAGGAGCTTCCATAT-1,3
GGAGACCAATGTGCTT-1,2
CATTGATGAACACGCC-1,3
GTCAATGCTATAATTT-1,1
ACCACCCTCTCTTCTA-1,3
TGGAGGGAAACACCTC-1,3
CACGGACGTGGATGGC-1,1
AACTTTCTCGATCATG-1,3
CGTATTGTTTCCTAAT-1,1
CCTACTGCGGCGGCCA-1,3
CTTAGGTCCCAATCGT-1,3
CGCAATCGATCATTAG-1,3
TGGTTATGCTTGCGGT-1,3
GGCTTGGCTCTCACCT-1,3
ATTGGTAGGATCCGCT-1,1
TCAGGGCGACTTCCTT-1,6
TCTGCAGATTCGAGTC-1,6
CTCTCGCTGTACTATG-1,5
AATAGTCGCGAGTCGG-1,5
AGTTACCCTTAAGACT-1,4
CTTAAATAAGACCCAT-1,4
GGTTGTGCTCTTGTCC-1,6
GTGAGTCTAAGACGGA-1,2
CGCGACACTGCGCAGC-1,2
GCTCGCGGTTCCGCTC-1,5
TTAACTCACGCGTGGA-1,4
GGAACGGCCTGCAGCC-1,4
GTAGAAACGGGTGGAG-1,5
TAATGAAAGACCCTTG-1,2
AGGCTTGCTAGACACC-1,6
TTGCGTAGTTTGAGGA-1,5
CGCCCTTGAAGGCTGA-1,5
CCCGGTGGAAGAACCT-1,5
TTAACACCTCGAACAT-1,5
GATTCCTATACGGCGC-1,2
TTACCCTAACAGTCCT-1,5
ACCCACCTACATGCTC-1,5
AAAGGGCAGCTTGAAT-1,5
CACACAGGGATAGATT-1,1
AGAGCGTACAAGCTCG-1,6
TCTTACGGCATCCGAC-1,6
GCCTATTCCGATATAG-1,6
GAAAGTGACTAACTGC-1,1
CCGGAATGGTTTCAGT-1,5
AGTATAATACTAGGCA-1,6
TAACTATCGAAGGTCC-1,4
ATGAGGAGTGTTAATC-1,5
TGTGTCGCGAGTTGCA-1,1
ATCCAACGCAGTCATA-1,6
AAGGCGCGTAAAGCTT-1,5
AGTCGGCCCAAACGAC-1,2
AACGTCAGACTAGTGG-1,4
ACTACCAGCTCTCTGG-1,4
GCAAGTGCACAGAGAA-1,6
ACACCTTAAGTAGGGC-1,5
TTCGACGGGAAGGGCG-1,6
TTCGCACTCGCGTGCT-1,4
TATTTGTTACCCTTTA-1,6
CGCTGTGACGCCGCAC-1,5
GTTGCACGGAGTTTCG-1,5
GTTTCCTGGAGGGTGA-1,6
ACACCCAGCATGCAGC-1,7
TCAACCATGTTCGGGC-1,6
TTACAACTACGCATCC-1,2
TCCGATGGTGCGACAT-1,5
GGGCGTACATTTATAT-1,6
AGCGACCAACGATATT-1,7
ACACAAAGACGGGTGG-1,5
ATCGCACGCCGGGAGA-1,4
GCTCTAAACCCTGACG-1,0
AATGCAACCGGGTACC-1,7
TCAAACAACCGCGTCG-1,0
TATGCTCCCTACTTAC-1,7
AAAGGGATGTAGCAAG-1,0
ACGATCATACATAGAG-1,4
TTGTTCAGTGTGCTAC-1,0
ATGCATGATCCAGGAT-1,7
AGTCTTCTCCTCAAAT-1,7
GATTCCCTTGTCGCAG-1,0
CTCGCACCTATATAGT-1,0
ACTCAATAAAGGCACG-1,2
AACCGAGCTTGGTCAT-1,7
TAAGGCAACATAAGAT-1,0
CACGCACAGCGCAGCT-1,7
GGTTTACAATCTCAAT-1,7
TGCAGGATCGGCAAAG-1,0
ATAACGGAGTCCAACG-1,7
AACGATATGTCAACTG-1,7
GACAACGACCATTGAA-1,7
TTGACCATGTTCTCCG-1,0
AGTACGGGCACCTGGC-1,7
CGCCATCCGATTATGA-1,0
AAGGTATCCTAATATA-1,0
TGTTGTCAAGAAGTCT-1,0
CAGTGAATAAATGACT-1,0
CACCTTGCGAAACTCG-1,7
CATTTAGCGGACCATG-1,0
CCAGTCTAGACGGCGC-1,0
TCGCTTTAAACGTTTG-1,7
GTGAAACGGCGCCACC-1,0
GGGCTCATCGAACCCA-1,7
TTGATGTGTAGTCCCG-1,7
CAGTAGCCCACGCGGT-1,7
AGCGCGGGTGCCAATG-1,7
TAATCGATCCGTACGT-1,0
AGTGGCGGCAATTTGA-1,0
CCTTTCAATGAAGAAA-1,0
CTCAGTCACGACAAAT-1,7
ATAGGCTAGCTTCGCA-1,7
CGGTTCAAGTAGGTGT-1,7
CAGTCGAGGATGCAAT-1,7
TATCACCCAACCGACC-1,7
AATGATGCGACTCCTG-1,0
TGGAACCACTGACACA-1,7
GCCAATAGGGCATCTC-1,0
TTCTTTGGTCGCGACG-1,0
ATTAGATTCCTCAGCA-1,7
CCGTGGAACGATCCAA-1,3
GGGTCGTGGCAAGTGT-1,7
TCGCTCGGCACCAGCG-1,3
ACGCAATCACTACAGC-1,4
CTCTAATGCATTGATC-1,3
GTCTCGACTAAGTTTG-1,3
TGGTTTAAACGTGGGT-1,0
CGCAGATCTTCACCCG-1,3
TCCAGATGTACGCCAA-1,7
CATTGCGGGTCAATTC-1,1
GACGTTCGTAAATACA-1,1
TACACCGTCGTTAGTC-1,3
ACGGGCGTATGCGACA-1,3
GAAGGCTACCATTGTT-1,7
TAAATCTTTACACCTC-1,3
AGTTTATGTAAAGACA-1,3
AGGAGACATCCACAGT-1,3
CAACCTGAACCTGCCA-1,3
AGTCCCTCGCAGAAAG-1,7
TGTATACGGATGATGA-1,1
TTGTGGTATAGGTATG-1,3
TCTGCACCATTAGTAA-1,3
AAATGTATCTTATCCC-1,6
ACTCTAAACCTGGGAT-1,2
GCTGGCAGGTGCCGTG-1,3
CTCATTCGTGAACATC-1,5
TCGCCGGATGGGCAAG-1,5
GGACTAAGTCAGGAGT-1,2
TATCAAAGGTCTGTAA-1,5
TTCAGTTTGTGGCAGC-1,6
TGTTCATAAATGTGCT-1,6
CTTAGCCCGGATAGTG-1,6
GATGCGAATGGTATTA-1,6
TCTAACTGTATGTAAA-1,2
TTAAACCTGGTTCCTT-1,1
GCTAAGTAAAGGCGAT-1,5
AGTTACCGCACATGGT-1,5
GACTGCGGCACGTGTA-1,4
TGGTGATCGTATTTGT-1,1
TTATCGCCTGCGAAGC-1,5
TGGAATTAGACGCTTT-1,6
TCGTCACACTGTTAGC-1,5
TTATGTTTGCGATAGA-1,2
GGTGCTGATCACAAAG-1,4
CATAGCCGCCCGGGAT-1,6
GGTTAGTTACGGCGCC-1,1
ATTCCCACATAAACAA-1,5
ATTCAGTAGCAGGGTC-1,6
CAGTTCCGCGGGTCGA-1,6
AAGAGATGAATCGGTA-1,5
CGCAATTCTACAATAA-1,5
TAACGCTTTGAGAGCG-1,5
AGGCTATGGTTAGCTT-1,5
GAGGAATGGAGAGGTT-1,5
TCCTCTACGAGATGGC-1,5
TTGATTATGCAGATGA-1,1
TCAGTACTGACCCGCG-1,4
TTATGACAAACTGGAT-1,0
GTAAGTAGGGTATACC-1,6
CGCAAACACGAGTTAC-1,7
TGGCCGTATATTGACC-1,4
ACTGTAGCACTTTGGA-1,6
GCTCTATGTTACGTGC-1,6
TGCGCGATTAACGGAG-1,5
GAATCGACATGGTCAC-1,4
GACTAAGTAGGCTCAC-1,6
ATCTTGACCTGCAACG-1,6
ATGCACTACCGCATTG-1,1
CAGATACTAACATAGT-1,5
GATCGACACTATCTGA-1,5
ATAGAGTACTGGGACA-1,5
CCTACTGCTTACACTT-1,4
CCTGCTATTTGAGAAG-1,5
CGCGTTCATGAAATAC-1,4
CATTATGCTTGTTGTG-1,6
CCAGGGACGTGGCCTC-1,5
TATGGATGTGCTACGC-1,0
GTACTAAGATTTGGAG-1,0
AGACCCGCCCTCCTCG-1,7
CGCATTAGCTAATAGG-1,0
GCTCTCGGGTACCGAA-1,7
CACCGCCAGAAGGTTT-1,2
TCCCAAAGACGAAGGA-1,0
ATGGATTGACCAAACG-1,0
GTCATGGACATGACTA-1,7
CTACTGCCACCTGACC-1,7
TTATATTTGGCAATCC-1,7
AGCACCAGTACTCACG-1,0
CATGGTCTAGATACCG-1,0
TCTACCGTCCACAAGC-1,0
CTAGTTGGGCCCGGTA-1,0
TCCCGCGTACTCCTGG-1,0
CAGAGCATGAGCTTGC-1,7
ACACGGGAACTTAGGG-1,7
GGCTCTGCTCCAACGC-1,0
AGAACGTGGTACATTC-1,7
CAATAAACCTTGGCCC-1,7
ACTTCGCCATACGCAC-1,7
ATCTGGTTAAGACTGT-1,7
TCGTAAGACGACATTG-1,7
GTGTACCTTGGCTACG-1,0
GCCCGTAATACCTTCT-1,7
CGGTCAAGTGGGAACC-1,7
TTGTAAGGCCAGTTGG-1,7
GGAGCACCAAGAACTA-1,0
TAATAGTGACGACCAG-1,0
CTAAATCCTATTCCGG-1,7
CGAGTTCTGTCCCACC-1,7
AGGCAGATGCGTAAAC-1,7
AAGGATGAGGGACCTC-1,7
AGAGAACCGTCTAGGA-1,0
GAGGGCGCAGCTCTGC-1,0
AAGATTGGCGGAACGT-1,0
CCAGTAGTCTGATCCA-1,0
AAGGGACAGATTCTGT-1,7
ATAGAGTTATCAACTT-1,7
AAATTACCTATCGATG-1,7
GATCCTAAATCGGGAC-1,0
TTACAGACCTAAATGA-1,7
CCTCACCTTAGCATCG-1,7
CATGCGACCAGTTTAA-1,0
AACATATCAACTGGTG-1,7
CTATAAGAGCCAATCG-1,0
AATATCGAGGGTTCTC-1,7
GTACTCCTGGGTATGC-1,7
ATAAGTAGGATTCAGA-1,7
AGGTCGCGGAGTTACT-1,7
CTAATTCTCAGATATT-1,0
GCCAACCATTTCCGGA-1,7
TGATCCCAGCATTAGT-1,7
CGTTGTAAGATTGATT-1,0
GAAACCATGGTGCGCT-1,7
AATCTATGCCGGAGCC-1,7
GACTCCCAGAATAAGG-1,7
TATGATCCGGCACGCC-1,3
CCGCTTGCTGACATGG-1,3
TGGTTAAGGGCGCTGG-1,3
TTGATAGTCAATACAT-1,0
GGTTTAATTGAGCAGG-1,3
CATTACATAGATTGTG-1,3
GGTACACCAGATTTAT-1,3
GGCCCGTATACCATGC-1,0
ATCTTTCGTATAACCA-1,3
GAGATGACAATCCTTA-1,3
AAAGCTTGCCTACATA-1,3
GAACGATAAGTTAAAG-1,3
TAATAGCTAAATGATG-1,3
TATGGCTAGGCTAATT-1,3
AGGAGAGTCTGGCTAC-1,7
TGCTCTGCCGGTTCAC-1,3
CCAATAGATTTCATCT-1,2
GGGCACGAATTGGCCG-1,3
TCGTTGACAGGGTCCC-1,3
ATCGTATTCCGAGAAC-1,5
GGGAATTCTGTCCAGT-1,6
ACGCGTTTCTTAAGAG-1,5
GAGAGCGCAGTCCCTG-1,5
GTCCTATTGTTGTGGT-1,2
CATCTGCAGGATCATT-1,5
GAGTCGACAGACCCTC-1,4
AAGTGCAAAGGTAGAC-1,5
AGGGTGGATAGTGCAT-1,6
TGATAGCGGGATTCTA-1,4
GTCAGTTTGGTAGTCG-1,1
GCATTCGAAATGAACA-1,5
AAAGACTGGGCGCTTT-1,5
TAACAATATTTGTTGC-1,6
CCAGCTTCCGCCCGCA-1,4
GATATGGATTACGCGG-1,5
AGAGCAGTTATGAGAC-1,6
TCACATCTTATCTGAT-1,1
TATGAAGACAGGTGCG-1,1
TACCTGCTGCACTGTG-1,1
TAGGTCCAAGTAAGGA-1,5
GAAACTCGTGCGATGC-1,5
AACAATTACTCTACGC-1,6
CCGCACGTGACCTCGG-1,6
AACTTGCCCGTATGCA-1,2
GGGTATGTATGCACTT-1,5
TTCGTACTCCAGAACG-1,6
GAATTTCTCGCTGCAG-1,2
AACAGGATGGGCCGCG-1,5
GACGTGTAGGGATTAT-1,6
TAGGTGAGCCCTACTC-1,1
CTAATTCGCACGCGCT-1,4
GAAGCTTGCTGACCGC-1,2
GGTTAGGCTTGGAGAA-1,6
ACAAGGACAAGAGGTT-1,6
AGGCCACCCGTTATGA-1,5
GTGGGCTTAGACACAC-1,7
CGTGTCCCATTCGCGA-1,5
TGGAGTGATGCGATGA-1,5
AACAACTGGTAGTTGC-1,6
CCTGGCTAGACCCGCC-1,6
CGCAATTAGGGTAATA-1,5
TCGAAATTTAGGACCA-1,5
AGACTAGCCTTCCAGA-1,5
TTGATCTAACTTTGTC-1,6
AAGGAGCGGTTGGTGC-1,4
ACTTGGGACCCGGTGG-1,4
TGATCTCCGGCGCCAG-1,6
CAGTTCAAATTGACAC-1,5
GTCCGGCTGAATTGCG-1,6
CTGGAAATGGATGCTT-1,4
TGATCGGTTTGACCCT-1,7
TAGAGTCTAAGCGAAC-1,0
GAGACTGATGGGTAGA-1,7
TAGCTAAGTCCGGGAG-1,7
GGGCGATATGTGTGAA-1,0
CTCGAGGTCGAACAGT-1,0
GATCCCTTTATACTGC-1,7
GTCATGCACCTCCGTT-1,2
ACTTTCCTATAGCTTC-1,0
TCGCTCGATATATTCC-1,7
ATAGGTTGGGCAGATG-1,0
CAATTAAGGGTGATGA-1,4
ACCGACTGAGTCCCAC-1,0
CCTGTCACCCGGGCTC-1,0
GATCGGTGGCCATAAC-1,4
CCTATGGGTTACCGTC-1,0
TTGGGACACTGCCCGC-1,7
CGAGGCTAAATATGGC-1,0
TCAGGGTGTAACGTAA-1,0
CGAGAGATGTGAACCT-1,7
TCGCTGGGCGGATTGT-1,7
AGATCTCAGGTGTGAT-1,0
TGGCCAAACTGAAGTA-1,7
GCTTCCGTCCCTAGAC-1,0
CAGCAGCCCGTTCCTT-1,7
TGTATAACAGATCCTG-1,7
CGCGGGAATTAGGCAG-1,0
TGCATGTGGTAATCTA-1,0
ACAATTTGAGCAGTGG-1,7
GAGCTAAGGGCATATC-1,7
CCAGATAGTTGAGTGA-1,0
CCACAATGTACGTCTT-1,0
CAATGGATCTCTACCA-1,2
TGTGGCAAAGCGTATG-1,7
TAAAGCGTTAGGAGAA-1,7
TCCGTTTAGCCTTGAA-1,7
CAGCTCGACAAGTTAA-1,7
GCCTATAGTGTCAGGG-1,7
ATAGACAACGGGACCT-1,0
CTACTATCTTTCAGAG-1,0
GCGCTGCTTTGCATTT-1,0
GCGCATCCAGTCAGCA-1,2
GACTCGCGGGAATGAC-1,7
CTGGTAACGAGCTCTT-1,7
TCCGGCCTAGCGTACA-1,7
TCTAGGTGGCGACGCT-1,7
ACGCTAGTGATACACT-1,7
ATCTGCACCTCTGCGA-1,7
CCTCACCTGAGGGAGC-1,7
AGTGAGCCTCGCCGCC-1,0
ACGAGTACGGATGCCC-1,0
GGTACCATTAAGACGG-1,7
TTCTGCTAGACTCCAA-1,7
TAACTATTACGCCAAA-1,7
GCATTCAAGGCAACGC-1,7
AGTACATCATTTATCA-1,7
GTCGTGTCTGGTCATC-1,0
AGTCTAAAGTATACTC-1,0
CGGCCCAACCTGTAGT-1,0
AGGGAGACATACTTCG-1,0
TCCCTAGATCAATAGG-1,3
TCCCGTCGCGTCATAG-1,0
CGCATCCATCAGCCAG-1,0
CTGCACCTAGTCCACA-1,2
CGAGGATCGGGAACGA-1,3
CAATGAGGTTCGACTA-1,0
TCTGACGGGCTAACCC-1,3
TTCTATGCCTTTCGCA-1,0
AGAGTATAGTGTTACG-1,3
CCATTGTTTCCTCCAT-1,7
CTCATCACTTAGTGAT-1,3
CCGAAGGGCGTACCGC-1,3
TCAAGCTGCCTTGAAA-1,2
CTCATTAACGTTGCCC-1,3
GTCTTCCTCACCTAAG-1,2
GGTGATGAAGGAAGTG-1,5
TCAATACAATTGCTGC-1,3
GCAACCCAAGTTGTTT-1,5
ATGAAGTGGACCCAGC-1,6
GAGAATCTCACGATCA-1,2
TATATCATTGATCAGT-1,6
AACTTTACGGGAGCTT-1,6
TTCTTGTGTCCATCAG-1,1
ACAATTTAGGAGGCTC-1,5
ATACTTGTTCTCGAGC-1,1
CACGGGATTGAGGGTT-1,5
GTTAATGTCTATCTTA-1,6
GCGTTATATTTGGAAC-1,2
CGTCAAGGCTATAAAT-1,3
TTAGCTCTGTAATCCG-1,2
AATGGTCCACCGTTCA-1,1
GTCATTGCATTGACCC-1,5
TGTCCGTGGCGCCTTT-1,1
TCAACTAACGTATAAC-1,5
TCCTCTCCAGTTGTCC-1,2
TGTGTTCGTATCCAAG-1,5
CCGCGTAGGTAAGGGC-1,4
CTGCGGGTGAAATGTT-1,5
TATCTACAGAGGTAAT-1,5
CTACTCTAGGCCCGGC-1,5
ACAAGCAGTGCCTAGC-1,6
TACAAGTCTCGTGCAT-1,5
TCGGAATGCGCTCTGA-1,4
TCGCGTCCAGAAGGTC-1,1
TATGGCCCGGCCTCGC-1,5
GCTGGCATATTCACCT-1,6
GTCAGAATAGTCTATG-1,5
GGCGTCCTATCCGCTG-1,5
CGGAGTTTGAGAGACA-1,5
AGCACTTAAGGACGCC-1,5
TCCACAATGGTTTACG-1,5
CCAACGATGCACTGAT-1,5
ATTTACAGTTTACTGG-1,5
CCCTGAAATGAGTTGA-1,6
CAAACGGTCGCACTTT-1,7
TGATTCGTCTATCACT-1,7
TCAGGTTCTTTGAGAA-1,6
CACGCAGCGAGGCTTT-1,2
TTAAGCGCCTGACCCA-1,6
CTTACACGGTATTCCA-1,5
AAGGCTGTGCTCATCG-1,5
GACCAGAGCCCTGTAG-1,5
TCCCAGGCTTAGCTAA-1,4
ATTGAAGATCTTAGTG-1,2
AGTTCCTACAGAATTA-1,6
GGGCTGGTTAGTCGCG-1,0
GAAATGGCGGTGTTAG-1,6
TACGAACACGACTTCA-1,7
ACCACAAGTTTCTATC-1,7
ATATTTAACCCTCAAG-1,0
GATCATTCCAAACATT-1,7
TCCAGGCGAGTACGGT-1,0
GTTTGACCAAATCCTA-1,0
CACAGCACCCACGGCA-1,0
TGCAAGAATGACGTAA-1,7
GCGAAGCCATACCCGT-1,7
TCCTTTCTTACGCTTA-1,7
GCTGCTCTCCGGACAC-1,0
ACTGTCTTCTTTAGAA-1,4
TCAAACTTAGATTGTT-1,0
CTATGTCACTAGCCCA-1,7
TGCGCAAAGCATTTGG-1,7
TTAATGTAGACCAGGT-1,7
GGCGGTAGGATCATTG-1,0
GGCAATAGTCAATGAG-1,7
ACACGAGACTCCTTCT-1,2
GACACAAGGGAAGAAA-1,0
TCAGCAAATGCATCTC-1,7
GAGATCTGTCACTCCG-1,7
ATGCCGGTCTTGCATA-1,7
TTGGGCGGCGGTTGCC-1,0
TTGTTGTGTGTCAAGA-1,7
ACTGTACGATACACAT-1,7
TCCACTTTATCTAGGT-1,0
GGTCTGAGAATCTGGA-1,7
TAGAAAGGTGGCGCTA-1,0
TATGTCTCATTGTGCC-1,7
GGATTTCACTTCTATA-1,7
TGAGTGGTCCGTGACG-1,0
CGCTTTCTTGCATTCG-1,0
ACCCAACGCCCGTGGC-1,7
GAACGTCTCATGGTCG-1,7
AGGGTTCCCTTTGGTT-1,7
GTAGCTTCCTCTTGTT-1,0
GCATGAGGGACGCGGC-1,0
CTACCCTAAGGTCATA-1,7
TCACCGCTCGGCACTC-1,7
GGCTCGCGTTGAGGTA-1,7
CTAACGAAACTTGCTG-1,7
TTAAACTCGAATTCAT-1,7
TACTTTACTGAGCCGG-1,7
GCTTGGATCGATTAGG-1,7
CGGTTATCCAACAGTG-1,7
CAGACCTGTAAGTGTT-1,7
GACGGTCAATAGAAGC-1,7
CTGACTGCGCAGCTCG-1,0
CCATACCTTTACTTGT-1,7
GTAATAAAGGGCTCCC-1,7
GTGAACTCCCATTCGA-1,7
GTGGTTACTTCTTTCG-1,0
TCAGAACCTCCACAGG-1,7
TCCCACTCTCTTCCGG-1,7
ATCTTGACTTGTCCAA-1,0
TCGGGAACGTGCCTAG-1,7
GTTAGCCGTAAATCAA-1,7
ATTTACTAAGTCCATT-1,7
GGGTGCATATGAAAGC-1,7
TCCGAATGGTCCTGAG-1,7
TGATGGCTGTTTCTGA-1,7
AAATAAGGTAGTGCCC-1,7
CCACTATCCGGGTCAC-1,7
ACACCACATAATTAGC-1,7
CGCGGTAAGTCTAGCT-1,2
GCGGGCATTACGATGC-1,0
AGGATTGCTTACGACA-1,3
CTCGGGATAACACCTA-1,3
GTCGTCTGGTTGGCTA-1,7
GCAATTAGTCGCACCG-1,3
GTGACCTAAAGAATAA-1,7
CTGAGCGAGACTTATT-1,3
CAAGACTCAGAAGCGC-1,3
ACTTCGCTAGCGAGTG-1,2
CCATACTCGCCTCTCC-1,2
ACGATACCTATCCTGA-1,3
CTCACCAGTACAAGTG-1,3
CGAAGACGGTGAGTGC-1,5
AAATTAATAAGCGCGA-1,6
GGGCCCTTATCTATAC-1,5
CTGCCCACGAAGCGTT-1,1
GGACAAGTTGCAGTGA-1,2
GTCCGAGAGCAATCAT-1,2
ATGGCAGCCGAGAAAC-1,4
CCTCGGATGCTACCTG-1,6
ATACGGTGAAGATGCA-1,1
ACATCAGCTGGGACGC-1,5
GGTTGTGTAGCCTGGC-1,2
CCTGCGTTCTACGCTT-1,4
GAACGTTAGGAAGACG-1,5
CTGATAGTGTATCTCA-1,6
TTCTGCGAGCGCCCTT-1,2
CTTTGGCGCTTTATAC-1,6
TCCGAACTTGGCTTAC-1,2
TAGATTCCTGGTTATT-1,6
CCGACAAAGGGAGTGC-1,6
CCATGGCCCTTGTACC-1,6
GAAATATCACCATCAG-1,6
ACGAAATGGGCGGCAC-1,6
GTGAGCGTGCTGCACT-1,5
CCGCGGGTACGAAGAA-1,4
TCCCTGGCTCGCTGGA-1,2
CAGCTTAGTAGGTAGC-1,5
CACGAAAGTTAGTCCC-1,2
ACCTAATCGACTTCCT-1,6
AAGTAGTGACGCGAGG-1,6
TCCGATTACATTGCCG-1,5
CCTCCGACAATTCAAG-1,6
GTTCACAGGAGTCTAG-1,2
CGAAGTTGCTCTGTGT-1,2
GTCGGATATCTCAGAC-1,1
CGCTCTCCGTAGATTA-1,6
CAAGCAACGTCGGAGT-1,6
CCATTCCCTGCCCACA-1,5
CTTTGGCTTTAGTAAA-1,6
GGCTATTAAGTTGTAT-1,4
CCATTAGCGATAATCC-1,5
TGTTCTTCCATTGACT-1,6
AGATAACTTCAGGGCC-1,6
ATAGACGAAGAGAAAG-1,6
GGCGGAGTAATATTAG-1,4
TGACCCACGTTAGACA-1,5
TCACAGGTTATTGGGC-1,5
TCACGCATTGTAGATC-1,6
TTGAAGAATTCCCAGG-1,7
AAATGGTCAATGTGCC-1,0
TAGTGCCCTCCAGAGT-1,7
GGTATTGCCGAGTTTA-1,7
CGTATTAAGAGATCTA-1,7
ACTGTCCAGGATTATA-1,7
CGGGCAGCTAAACCGC-1,0
TTGCTGATCATGTTCG-1,0
TATGGGTACGTATCGT-1,7
CAGCTCACTGAGACAT-1,0
GGGACTGCATAGATAG-1,7
ACGCATTCGTGAGTAC-1,0
CTCTGGACGCCTGGTG-1,0
AGGGTTTAGTTCGGGA-1,7
GGGAGAACTCACAGTA-1,0
ATCAATCTGGGCTGCA-1,7
TCTTCGATACCAATAA-1,2
ACGTAGATTGCTGATG-1,7
TCTTGATGCGTAGCGA-1,7
GGGCTGCCTAGGGCGA-1,7
CTCTCACAATCGATGA-1,7
CCAAGCGTAACTCGTA-1,0
ACAACAGCATGAGCTA-1,0
GTCCCAACGTAAAGTA-1,0
TCGGAGTACATGAGTA-1,7
GGGAGTTAATGAGGCG-1,7
CCGGGCGGTCTCGTCA-1,7
CCGTAAGTTGGTCCCA-1,7
GGAGGGCTTGGTTGGC-1,7
TCGGACGCCCAGCCCA-1,0
TCTGTGCCATCATAGT-1,0
GTACTGGAGTTAGACC-1,7
GGAATGCGCTAGCGTG-1,7
GTGTGAATAACTTAGG-1,0
GGTCGGCCAGGAGCTT-1,0
TAGCCGGCGGTCAGCG-1,0
CGGGTGTACCCATTTA-1,7
AGTGATTCAAGCAGGA-1,0
GTTGGATTGAGAACAC-1,0
CACACGCGCTGTCTTA-1,0
TAGACGCCCGTACCGG-1,0
GGTTTCAATCGGTCAG-1,7
AATCTGCGTTGGGACG-1,0
TTACGGATGGTTCGAG-1,7
CGGCAGGGTCGGGTTG-1,7
GCTTTCAGAGGAGGTG-1,7
TCTTCCCATGGGCACA-1,7
TACCGCGGACTTGCAG-1,0
AGAATTATGGATTCGA-1,0
ATTGATGAGTCCTAAC-1,7
TAGGTCGCCGGAACTG-1,0
TAACCTACCGTCCGAG-1,2
CTTAGTAGGCCTACAG-1,0
CTAGATGTGAGTGTAA-1,7
ACTCCCGAATTCGTTT-1,4
GTTCATCGTTTGGCTG-1,0
ACTTTACCCTCATGAA-1,7
GCGAGAGTTGCGTCCA-1,7
GTTCGGGCGTACCATT-1,7
CGACTTTGTATAGCCT-1,7
GCCATCGATGCTGCAT-1,7
GCATTTCCAAGGCTCC-1,7
ATGTAAGGCTGCTCTT-1,0
ACGTTCGCAATCAATT-1,7
GTGACGAGGGTGACCC-1,0
ATTATAGCTACTTTAC-1,0
CGTGTGTTAAACCCTG-1,7
TTGGTATGGCTTGTGT-1,7
CATTCCCATTCCGTCG-1,7
TGCCGAAAGCGTATTC-1,7
CAACACATCTCCTGCC-1,0
CTGCCTCATATGCAAC-1,0
TCCCGCCTATGTGCGT-1,0
GGTTACCCGACACTTT-1,2
CCAGCGGGATCACCAG-1,7
ATGTTTCGGCCCGGAG-1,7
GCGTCTAACCTCCTAA-1,4
ATCAGGTAGCTGACAG-1,7
GGTATGAAAGAACTGA-1,6
GTGGCCTAATATCATT-1,5
CCTGTGAAACCGTAAC-1,1
GGCAGAGAGATCGGGA-1,6
TAGCGTCGAATATTGA-1,1
CGCCGACTATTCGCTA-1,4
TCTGGCGCAAGCCGGG-1,6
AGTGGTTGCGTATAGG-1,4
ATCGGTTACCTAGTAA-1,5
CCTGCCCGTTGTCTAG-1,4
GCACACGCCCATGGTC-1,6
AGTACGGCCCGTATCG-1,2
TATCTAGCCTAAAGGA-1,2
CACTCGGTTAGGAGGA-1,6
ATGTTCGTCGACCCAC-1,6
TTCCTCTGCCCGAATA-1,5
TTACTATCGGCTTCTC-1,1
GCCGCATTAGTCCGGC-1,5
TAAGGGCTGGGAGAGG-1,4
TAAGCAGGCGACACGC-1,5
AGCACTACCGGCCTGT-1,6
GAAAGCCCTTTGGACC-1,2
GACCGACTGAAGCGTC-1,6
CGGTGAAGACTAAAGT-1,6
CCCTGCGCTACGCATA-1,4
TACTGGACAGCTCGGC-1,2
TTAGTAGGGCGGCGGG-1,6
GAGGCTATCAAAGTCG-1,5
TTACCATTGATTACCC-1,6
ATACCACGGGCAACTT-1,1
TGTCCTAAGTCACCGC-1,5
AGGTAGGTACAAAGCT-1,6
GGCATACAGGTAGCGG-1,6
TGTAGTGATCTATAAT-1,6
TCCCGGGTGTGCTGCT-1,6
TACGATGTTGATCATC-1,4
CCTCTCTCCCATCTAG-1,6
GCAGGACTATAGAATA-1,6
CTAGTGAAGGACAGGA-1,6
TACGAGAACTTCACGT-1,2
CGTTGTTTCAATTCCC-1,6
GCAAATATTACGCTTT-1,6
CCAATAGTGCCGTCGA-1,6
ATTGCTGCTCCTCCAT-1,7
GAGATCTGCTTGGCAT-1,5
GCCGAAATTCCTACGT-1,5
GGCACTCCACTGGGCA-1,7
GGGTCACCGTGACGGT-1,7
CACTTAATCAGACGGA-1,1
CGTTTCGCTCATTACA-1,6
ATAAAGGCTCGGTCGT-1,6
CACTAAAGTTGCCTAT-1,7
GTGCTCAAGTACTGTC-1,7
CCATGCCTGTTTAGTA-1,0
TCTAGTTATCAGAAGA-1,6
TTGTAATCCGTACTCG-1,5
TCCCAGCTTTAGTCTG-1,5
CTACGCACGGAGTACC-1,5
AAATTAACGGGTAGCT-1,7
CGGCCACGCACAAAGT-1,7
GAAGCGTGAGGAATTT-1,2
ATATCTTAGGGCCTTC-1,0
ACGCGGGCCAAGGACA-1,5
GCGAGTTCTGCAAAGA-1,7
TATTCGTGCCAGAATA-1,4
AGGGCTGCAGTTACAG-1,0
CTAGCATAGTATAATG-1,7
TAGGTTCGAGTTCGTC-1,7
GAATTATAGTGAAAGG-1,7
CTATCGGGTCTCAACA-1,0
GCGCTAATTGAATAGA-1,7
ATGCGACAGTCCCATT-1,0
GGTAGTGCTCGCACCA-1,7
AAGCTCGTGCCAAGTC-1,7
TATTCAATTCTAATCC-1,7
TTCAAAGTCTCTAGCC-1,2
TTGAATATGGACTTTC-1,7
AAGAGCTCTTTATCGG-1,7
TTACTCCGGCCGGGAA-1,0
AAACGAGACGGTTGAT-1,7
GCTAAGTAGTTTCTCT-1,0
ATAACGCCGGAGGGTC-1,0
GGATCCGGAATATACT-1,7
TGAAAGGACCTGACTC-1,0
TCCGCGGCAGCATCTG-1,7
TGCATATGTCTGTCAC-1,0
TGTAGGAGAAATTTCC-1,0
AGTGAGACTTCCAGTA-1,0
CCCAAACATGCTGCTC-1,0
GCTTATGAAGCAGGAA-1,7
TTCTAACCGAAGCTTA-1,0
GGATGTCCTTACCGCA-1,0
AGGGTGCTCTCGAGGG-1,7
AACTCTCAATAGAGCG-1,0
TCTGAATTCCGTACAA-1,0
GCGTGGTACTGGGTTA-1,0
CGTCGGATAGTGTTGA-1,7
ATATGTCTCCCTAGCC-1,7
TCTTTAAGACTATGAA-1,7
TCATTTAAGTCTCCGA-1,3
GATATTGAGATTGGCG-1,3
TGACATCGAGCGGACC-1,7
GCGTAAATGGCCATAA-1,3
ATTGTACAACTCGGCT-1,7
TACGCTATAGAAACCT-1,0
CACCCAAATCTTATGT-1,3
AGATGATGGAGTCTGG-1,0
CCACGGTGCCCGGTAG-1,3
TCAAGAAATACTAGCT-1,0
AGGTATAATTGATAGT-1,0
CAAGGTCCTATAGGCT-1,0
CCGGCACGACCGTTTC-1,7
ACCTCCGTTATTCACC-1,7
GCAGCCTATATCACAT-1,7
GGTATAGTGACACATA-1,0
AAATTCCAGGTCCAAA-1,0
TCTTTAGCAGGCGAAC-1,3
TATTGACATTTCTGCC-1,7
TCTGATCGGGTGCTAG-1,7
GGCCCGGAGCATGTCT-1,7
GGGCGCAGCGTTACTC-1,7
TTGGCGATCCGAATAT-1,7
CCACGTAAATTAGACT-1,7
TCTGATTGGAAATGGA-1,7
ATGGCGGAATAGTCGC-1,0
ATCGCTTTACGTCTCA-1,0
TACGTGCAAGGTTCCT-1,7
CAGGACAGCTGCCCTT-1,7
CAAACCAGGTCTGCAT-1,3
ACAAGCTATATGGAAG-1,1
TCGCCCACTGCGAGAG-1,4
AGCCGCAAATTCAAAT-1,6
TTAACGTTAAAGCCTG-1,6
CAGCGCCAACACGATA-1,5
ATCCAATGGTACCGAA-1,5
GTGCTGCAGATAAGGA-1,6
GGCCTTTGCAACTGGC-1,4
GTCGTACCTACGATTG-1,6
TAGAAATTCACGTATA-1,6
AGAATAAATCTTCAGG-1,5
CATTGCGAAATGGGCG-1,4
GTCTACTCAATTACAA-1,5
TGTAATGACCACAATA-1,1
AAAGTCGACCCTCAGT-1,5
TACTCGGCACGCCGGG-1,6
AGGTGTATCGCCATGA-1,6
TGTGCTTTACGTAAGA-1,5
AAACCTCATGAAGTTG-1,5
TATAGGGTACTCATGA-1,5
CCAGCTGATGGTACTT-1,6
AATATTGGAGTATTGA-1,5
GGCCCTCACCCACTTA-1,5
AACCAAGACTTCTCTG-1,2
TCGTATTACCCATTGC-1,6
ATTCGACGCCGGGCCT-1,6
GGCGCAGGACATCTTC-1,6
GTACTCCCTTATCGCT-1,6
TGGTCTGTTGGGCGTA-1,6
AATAACAACGCTCGGC-1,5
CATACCCGTACCCAGT-1,6
ACAATCCATTTAAACC-1,5
GTTACAATTGGTGACG-1,4
TTGCCCTGATCACGGG-1,1
CTAACCGCGCGCCCGT-1,6
CTAAAGAATGCCTACT-1,2
ACCCATCTTGAGGGTA-1,6
GATCTTTGCAGGGTAT-1,2
GGGTACTTCATGAACT-1,6
GCCGCTTGTGAGAAAC-1,2
CCTGTAAGACATGATA-1,6
CGACAGTTCGCGTTAT-1,6
ACGATGCATATGTTAT-1,1
TGTTCCGCTTCCATGA-1,5
GGATGACGCGAGTTTA-1,6
GAAGTTTCCACTCAAT-1,5
GCGAGGCCCGAGCAGA-1,6
CATACTATGTAATTGT-1,6
CCAATGTCACAGCAAG-1,6
GTTGGATTTGCGTTGG-1,5
GGGAGGATGCCCGAAA-1,7
GATCGCGGGCTCTCCA-1,0
GTTCGCCATAAGTGCC-1,4
AGATTATAGGACGTTT-1,5
TCGAGACCAACACCGT-1,5
TATGGGACCGAGCAGG-1,5
GATGCGTCCTGCATTC-1,6
TATGGTCTGAGTAACA-1,4
GCATAGAGCACTCAGG-1,5
CTTCATTGTCAGTGGA-1,6
GCAGATTAGGGATATC-1,6
CCTGTCGCCCGTAAAT-1,2
CAATTTCGTATAAGGG-1,5
GTACACTTACCTGAAG-1,6
CCAGCCTGGACCAATA-1,5
ATGGAGCAGGCCGTGA-1,0
GTCATTAGAGCGAACG-1,7
AAGACTGCAAGCTACT-1,2
CTAGTCACGTCTTAAG-1,0
ACTCTTGTATAGTAAC-1,0
ATTAGGCGATGCTTTC-1,0
TTCGGGACTAATCGCG-1,7
TGGACTGTTCGCTCAA-1,0
AACGTGCGAAAGTCTC-1,0
CCACCCAAGGAAAGTG-1,0
CCGCACAAAGACCAAC-1,7
GCGATTGTTAACGTTA-1,7
ACTCGTCAGTAATCCC-1,7
GGTGATAAGGAGCAGT-1,4
AAGAGGCATGGATCGC-1,7
CACGTTCGTGCTCTAG-1,0
CTATTTGGTTACGGAT-1,0
GTACAGAGGCAAGGGT-1,0
GGGCCGGCCGAAGTAC-1,7
CCTGAACGATATATTC-1,7
CCGGGCTGCTCCATAC-1,4
TACTTGTTAGTAGTCC-1,7
CCTAGGCGTAGCGATC-1,4
CTGGCGCACAGGTCTG-1,7
ACTTATACTTACCCGG-1,3
GAAGTCTCCCTAGCGA-1,7
ACCGATGGTAGCATCG-1,0
CGAGTTTATCGGACTG-1,6
CATAACGGACAGTCGT-1,2
TGACGATGCACTAGAA-1,0
TAGGGAGCTTGGGATG-1,4
AGGGTCGATGCGAACT-1,4
TATATCCCTGGGAGGA-1,7
CATCTTACACCACCTC-1,7
GTGCGACAGGGAGTGT-1,7
CCGATCTCAACCTTAT-1,3
ACGATCATCTTGTAAA-1,7
GAAAGAACAGCGTTAT-1,7
CTAGGTCTGAAGGAAT-1,0
ATATCAACCTACAGAG-1,3
AAATAGCTTAGACTTT-1,3
GCGACATGTAAACATC-1,7
ATAAGTAGGGCGACTC-1,7
GCGAGCGCATGCTCCC-1,3
AGGGACCGGCTGCGTT-1,7
CCTATGAAGTGGTGCC-1,0
GCTTACGTAGTTAGTA-1,0
CATACTTAGGCAATAC-1,0
CCTGTCCCTCACGTTA-1,7
CAATGTGCCAACCCTT-1,2
GTTAAGTTAGAGTGGG-1,3
CTGGGATACGCTACCC-1,7
AACCTGTCACGGAATT-1,7
ACTGCGGACACACCGT-1,2
CCGTGAGGCATTCATG-1,7
GCCCAGATGCTGGAGA-1,7
TCTGGCCGTTCAAGTT-1,7
ATACGAAGGCTTTCCA-1,7
GATCCGAATATAAGTG-1,7
GTGGAGCATGTCGGCC-1,0
ACTCTTCAGCTCCCGC-1,7
CCCGATAGCCTCGCCT-1,0
ACAGGTGTGTTGTTGC-1,4
TGAACTGCTATGACTT-1,1
TGACATATATGACGAT-1,6
AAGTCTTCTGTGGCCT-1,1
ACCAGACCATAACAAC-1,2
TGAGACGTACCTCTCA-1,5
GACCGTTACATGCGAC-1,5
GGTTCGGATTATACTA-1,5
CCTCCTGAGCCCACAT-1,5
CCGCGATTTGGTAGGT-1,1
AATCTCTACTGTGGTT-1,5
ACTTTGACTGCATCCT-1,6
CCCTGACTAACAAATT-1,5
ACGCTGTGAGGCGTAG-1,2
GCATACGAGGTCTTTA-1,1
TCGGGATTCAAACATA-1,5
GGGCCCTACGAAAGGG-1,5
CGCCAAGAAGCCGAGT-1,4
GGTACATCTGGGACGA-1,1
GGATGCTGGCGTTCCT-1,5
CCGATTCGAGGGACCC-1,4
CCACTGGTGGCTGGTT-1,6
GACAGGCACACACTAT-1,2
TCAACGCGACCGGCAG-1,5
CTACGACTAGCTATAA-1,6
CGGTTGACCTGGCATA-1,5
ATCCTGAATCGCTGCG-1,6
GTTTCATATCGTCGCT-1,6
ATAAATATTAGCAGCT-1,6
AAGAGGATGTACGCGA-1,5
TCCTGCGTTGATACTC-1,5
CGTGCATTGTCGACGC-1,6
CCGGGTTCGAGGTTAC-1,6
CCCAATTTCACAACTT-1,5
TGATTTATTAGCTGTG-1,6
TGGAAGAAGGGAACGT-1,6
GACGCTTGCTTCTAAA-1,1
GGGAACGGGAGGTTAG-1,4
GCGGCTCTGACGTACC-1,4
ACGTTAGATTTGCCCG-1,6
GAGAGGGCGCGAGGTT-1,6
GCGTCTCTGCATTGGG-1,5
GCAGCACACAGCCCAG-1,5
CAGGCCGTTTGGGTGT-1,2
AACTCAAGTTAATTGC-1,2
CTTCGTAGATAGGTGA-1,1
TGCAGAGTACCGAGCA-1,6
GAAGTGATTTATCGTG-1,5
CGCTACGGGACATTTA-1,5
CCACACTGAGATATTA-1,5
CGATCCGACCCAGTGC-1,4
CTGTACTTCTTAGCAT-1,2
ACTTATTAGGATCGGT-1,1
TAGTCCGCAGAGAATG-1,6
TTCACGAAAGGATCAC-1,5
TACATTTCTAACGTGC-1,2
ACCATATCCGCAATAA-1,5
CACTCAAGAGCTATGG-1,5
TGTACGAACAAATCCG-1,5
ATCATCCAATATTTGT-1,6
CGCTATTCTTAGGCTC-1,6
TGGCAGCAGTAATAGT-1,2
TCACGTGCCCGATTCA-1,2
CATACGGCGTCTGGGC-1,4
CACATGATTCAGCAAC-1,5
GCTAGTAGAGCTTGTA-1,6
TGCTGTTGAAGAACTC-1,7
CGGAGCATGGCGATCC-1,5
TAGCGTTGGGTCTTAC-1,7
GTAGCGGCTATACACT-1,2
TAACATACAATGTGGG-1,7
TCTTCGAATAGACGTT-1,7
GATCGTGACTGATATC-1,7
GATCCGGGAATTAACA-1,7
TTATATACGCTGTCAC-1,7
GTCGCGTAACCCGTTG-1,4
AGCTCTAGACGTTCCA-1,2
GTCAAGCGGACTCGGG-1,0
CGAGGGACTGCGGTCG-1,0
AATCGCCTCAGCGCCA-1,0
CTTGTTGCTGAGTCAA-1,6
GATATGAGACACTAAC-1,1
TTATGATCTTAACGAA-1,0
CGCCGCCCATGCCTGT-1,2
CTGGGATAAATAATGG-1,1
GTGCCCGTTCGGATTC-1,7
TTCAATACTCTGAATC-1,0
CGCACATGTCCACTAC-1,5
AGAAGAGCGCCGTTCC-1,1
GATAACTCGCACTGTG-1,3
AGTCGACGGTCTCAAG-1,5
GTGACCGCACACTACG-1,4
GTATGTGGGTCTAGTT-1,5
CTTGAGTTAGGGTAAT-1,5
TTAGCTGATTTGCCGT-1,3
GCTGTTGCTACCGAAC-1,5
TATTACCATCCTGCTT-1,1
TTGAATTCACGTGAGG-1,7
CCATCTCACCAGTGAA-1,2
CGCACGTGCGCTATCA-1,7
ACCCGGATGACGCATC-1,7
CGCTAGAGACCGCTGC-1,2
ATAGTTCCACCCACTC-1,7
GCAGACCCAGCACGTA-1,2
TAGACTACCTAGCGTT-1,3
GGTTCTACTCGTCTGA-1,2
GACTCACCCACGTGAG-1,2
AGCTCTTCGTAACCTT-1,3
ACTATCCAGGGCATGG-1,1
AAGGATCGATCGCTTG-1,2
ATATCGGTAGGGAGAT-1,3
TTCCAGACGAGATTTA-1,7
GACCGACGTGAAAGCA-1,3
CCTGGAAACGTTCTGC-1,3
CCGGTAATGGCTAGTC-1,7
GCCGTGGAAGAAATGT-1,3
GTCTTGAGGAGCAGTG-1,7
TCCCAAAGCCCTAAAT-1,0
TTGAGCGCCACGTGAT-1,0
TTGAGTCCCGCTGCTG-1,7
ATGGAACCTTTGCACA-1,0
GCTAGCACCTGGGCCA-1,0
CGCCGTCTACCCATCG-1,3
GATAGGTGTCCCGGGC-1,0
AGGTATGCGGACATTA-1,7
TTGGTTCGCTCAAAGG-1,0
TCTGGAGCGTAAGAGT-1,7
TGCCTAAATTTAATAG-1,7
TAATTTCCGTCCAGTA-1,3
TCCTTCAATCCCTACG-1,6
TACCTATCCCTAGAGG-1,5
GCATGGGTACTGACGC-1,6
GTCGGGAACATGGTAG-1,5
GCAAATGAGGACACTT-1,1
GAATGGGCTTATCGAC-1,5
TGGTCGTGCAAGGCAA-1,1
CACCACGCCACACAGA-1,1
GAACCTCGACCTACAC-1,5
CAATACGCTCTGAGGC-1,5
TGGTAAGCAGGATTGA-1,6
AGTGGCTCCGTCGGCC-1,6
GATCGGATAGAACCAT-1,5
GCTACAGTACGGACCG-1,1
TCTATTACTAGAGGAT-1,1
TTCAGGCGTCAAAGCC-1,6
AGACCGGGAAACCCTG-1,4
AGAGATCTCTAAAGCG-1,1
CCCTGCCCAATCCGCT-1,2
GTGGCGGTCCCAGCGT-1,5
GCATTGTAATTCATAT-1,1
CCGTTCCGAATCTCGG-1,6
AGCTTGATCTTAACTT-1,5
CCTGTACTCACGCCCA-1,2
AAGTGACGACCGAATT-1,6
CTCACTTGGCTGGTAA-1,5
CGCCTGGCCTACGTAA-1,4
CCCGTAAGTCTAGGCC-1,2
TTGGACATGTGGCTTA-1,1
ATTACGCGCTGGCAGG-1,5
ACGCGCTACACAGGGT-1,2
TACGTTTACCGGCAAT-1,6
CGAAACGCAATTCATG-1,4
TAGTCTAACAACGAGA-1,6
TTGCATGCTGATCACG-1,4
TCTGGGTAGCGCTCAT-1,5
ACATCGGTCAGCCGCG-1,5
AGATACCGGTGTTCAC-1,1
GATTACTGAATTTGGG-1,6
TCCAACTTTAAATTCT-1,4
TCCTAGCAAAGAAGCT-1,6
GTCTATCTGAGTTTCT-1,5
GATGTTCAATCCACGA-1,6
AGTTAAACACTTGCGA-1,5
AGCTCTTTACTCAGTT-1,6
ATCCAGGATTCGTGAA-1,4
AGTCAACACCACCATC-1,5
CGATACCTCGCGGACA-1,6
TACAACGCACAACTCA-1,2
AATTAAAGGTCGGCGT-1,5
TACGCAGTTCTTTCCT-1,2
GACCGTGCTGACGGTG-1,5
GGCAAATTACTTTACT-1,5
GGTACAAACATGCTAT-1,5
CGGGCCTTCTTTGTAA-1,2
CGTGAAGTTAATTCAC-1,7
ATAGTGAAGCGTTCTC-1,2
TACGCCATATTCTAAT-1,0
GCCGGGTTAGGGTCGC-1,5
TACATAGGCATACACC-1,0
GCCGATTGGCCAAGCT-1,0
CTGCCATGCATCACAT-1,7
TTATGAATGAAAGGGA-1,0
GCTGAGGCGTGAGTAT-1,7
GCGCCGTTCCACGATA-1,7
CGCATGGTGCGATGCT-1,0
AGGTTTCACACACCTT-1,7
CAAGGATCGCATGTTC-1,0
ACGTTAATGTCGAAGA-1,0
TCCAGAGCACCGGTTC-1,0
GATTCGACGGTTCACG-1,4
GTTTCTGCAGTCTCCC-1,2
GCTGCACGGTTTCTTA-1,0
CGTGCAGACTGGGACA-1,7
GTGTTACTATGCGTCC-1,5
TCCTCGGGCTGGGCTT-1,7
GTGAGGACACTTAAGG-1,6
ATACGCCGGCGAAACC-1,1
TCTGCCAGAAACTGCA-1,4
TTCTGCGGGTTAGCGG-1,5
CTCGGTACCACTGCTC-1,1
GTAAGTAACAGTCTGG-1,1
GTGCGTGTATATGAGC-1,4
ATTTGTCTTGGGAGCT-1,6
CCTCGGACCGGGATAG-1,5
TAGGTGCTCGCCTAGC-1,5
CTTTAGGAACACTGTT-1,3
TCGGGCCGTCGTGGTA-1,4
AGTGCTTGCACGAATA-1,1
TGCAGTTTCCTCCCAT-1,3
TGAGAGATTTACCACG-1,6
GAAACAGATGACCACC-1,7
AGCAACATATCTTATT-1,4
CAAGTGTGGTTGCAAA-1,4
GCCTCATCTGGAAATA-1,2
AACCCTACTGTCAATA-1,7
ACGTATTACTCCGATC-1,7
TCTGGGAACCTTTGAA-1,7
GCTCGCTCATGTCCAA-1,7
GCGCAAGAGCGCGCTG-1,7
TTGACGCTCCATGAGC-1,7
TATAGATGGTCGCAGT-1,3
TTACATGCCACAACTA-1,7
ACATGGCGCCAAAGTA-1,7
TATGGTTAGTGGGAGA-1,7
CATGACTTCGCTGAAT-1,1
ACCACCAATGTAACAA-1,3
TCTTAGAGCTCCAATT-1,7
CCACGAATTTAACCTC-1,7
TTCTTGCTAGCATCTC-1,2
ACACCTTACTACTTGC-1,2
AGTCGGTTGCGTGAGA-1,5
ACCTACAGTATGTGGT-1,1
GAGGATAAACAGTGCT-1,3
TTCCGGTATCTGTGTC-1,1
GGAGGCCGAAGTCGTC-1,3
TTCGCTAGGAAGTTGT-1,2
TAAAGACAACCCTTTA-1,7
GTTGCGCTAACATTAC-1,0
GCTGAACTCTCCAGGG-1,0
AGCCCTGTCGCACCGT-1,0
AGCGCTAGAGCGATGT-1,7
TGCGCCGTTAATAACG-1,3
TGACAACGCATGTCGC-1,0
CGTCTTGAGTGTGACG-1,0
GATAGGATTAATTACA-1,0
GATACCGTGTCGGAGT-1,7
TGTGTCGAAGTCGAGG-1,3
GGATCAGAGCCATCAG-1,2
GTCCCAATCATCCCGC-1,1
TGCCACACTAGAGGAA-1,1
TGAATTTCACTTGCCT-1,2
CTCAGATTGTGATAAG-1,1
CGGACGTTACTTGAAG-1,1
CCGCCTTGCGATGTCG-1,1
CCAGTCAAATCTCTTA-1,6
AAACAGCTTTCAGAAG-1,4
TAGCTGATGTGAAGCG-1,6
CTTATGCGCTCAGGGC-1,6
TGGCTCTTGTCGCGTA-1,2
TTGTGAGGCATGACGC-1,1
CATAAGCTCTCCGTCT-1,5
CCTTCTCAGCGTTCCT-1,5
TGCAGCTACGTACTTC-1,5
CTCTACACTGGCGATT-1,5
TGCAGATCGTCCTAGG-1,5
TGCCAAAGTCAGACTT-1,5
ACAATAGTCGTACGTT-1,6
CATGCCAACTCGCAAA-1,5
TGCAGAACTATATCGT-1,6
TCGTGTCACGCTGACA-1,1
TGATCAGGGAACTGCT-1,5
CTTGCAACCGCCTCCT-1,6
AGCCCATACATGTAAG-1,5
ATCCAATGGAGGGTCC-1,5
AAACCGGGTAGGTACC-1,4
GCAACCACGGCCGCGT-1,6
CGCTTATTCCCGGTCG-1,5
TTACTCTGGTACGTAC-1,6
GTGGTTTCCGCCTTTC-1,2
ATAGGCGGCTATAGAA-1,5
GTGCCATCACACGGTG-1,5
CCCAACATACGTCGCG-1,6
CGGTGCAGATAGAACG-1,2
GGGCGGGTTCCCTACG-1,2
TGAGCCATACAGTCTC-1,6
CTCCGCCCACATGAGG-1,1
GTTGAACCGGTTCCAT-1,5
TTGACTACCATATGGT-1,6
ACCATCGTATATGGTA-1,6
TGCGTAAGAACCTGAT-1,6
AGAAGGTTGCCGAATT-1,6
AGGACGACCCATTAGA-1,5
GGTGCTGGTACACATT-1,2
GCGCTATGCCGAGGCA-1,5
ACCCGGTTACACTTCC-1,4
TAACTCATCCGCGCGG-1,5
CACAATGAGCTGCTAT-1,5
GTTACTTTGGGCCTAG-1,5
GGGCCCGTCTTAAACA-1,0
GAAATTGTCTCTATAA-1,6
GGCGCATGAATTGATG-1,0
CATATAGGTACAGTCA-1,6
TCAACGAGGAGACAAA-1,7
TTGCACAATTCAGAAA-1,6
CATCGGACGGGTTAAT-1,5
ATTAAACATGCGGACC-1,5
TATCTACCACAGCGGG-1,4
CGAGACCCTAGAGTGT-1,4
ACATCGATCGTTTACC-1,7
ATCGACCCAATACAGA-1,1
GAATCTGAACATTCTC-1,7
AGTTCCTATTTATGTT-1,7
CAGTCTGTATACTGGG-1,0
GGAGACGACACCTTTG-1,5
CCTAAATTAACGGTTC-1,0
GCTACGACTTATTGGG-1,5
CTGTGCAGGGTAGGTC-1,7
ACGCCGCTAGACGACC-1,4
ACTTGACTCCCTCTTT-1,7
CGCCTCCCTCCTCTAT-1,5
CTAGATTTACGACGGC-1,5
GATGCTGTATTTCATC-1,5
TGCGTTTGTTGACACT-1,0
CGTGCCCTCCCGAAGA-1,2
ACTCTCTGACTTAGGT-1,5
CTGGGTAGGCAGTTAA-1,2
GTTTGGCCCAAGTTAT-1,4
GAATGTGGTCCGGATT-1,2
CCCAGTTAAGGCGCCG-1,1
CGGTACTAGAATCAAA-1,5
GCTTAATGTAACTAAC-1,4
AGGACAGTCGAATCCC-1,6
GACAGCCAGACCTGAC-1,7
GGCGAAATCTAACTTG-1,5
CTGGTAACACATAGAA-1,6
TAGCCATTTCAAAGTC-1,6
GGGATTTACCGCACCT-1,6
ATGCCATTTGCGACCA-1,5
GAATAGACGCGACCCA-1,3
TGTATGGCGCAGACAG-1,5
GGATGAAGATCGCTGA-1,0
CGACAATTTGATCTAA-1,5
AAAGTTGACTCCCGTA-1,1
CGCGGCTCAACTTGAA-1,2
CACGCGGAACTGTTGC-1,1
TCTTAGAGTGAACTCT-1,1
AGTCCATTGGCTGATG-1,7
TTAAGATAGGATTGAC-1,1
ACATCCTGGTAACTGT-1,7
CACCTTGGCGCCTTTG-1,3
GCTAGACCGTCTACTG-1,3
CGGCCCAGGTATATCC-1,1
GTCCATTACTGCTACG-1,3
GGGTTTAGGATAGGAT-1,5
TAATTAGGACATCCGT-1,3
GCTCCCAGTCGGTCCA-1,1
ATTCGTGCTATCTCTT-1,3
GTTAACTATGTTGTCA-1,2
GCTCCGCTCGCTTCAG-1,3
GCAACGGCTAGTTATG-1,3
AATCGCGCAGAGGACT-1,3
AGGTTACACCATGCCG-1,3
CGAGATTTCGCTCGGG-1,1
CGATAATACTCAGGTT-1,0
AAGGCAGGCTGTCTCC-1,7
GTAAGTCCACACTCTA-1,2
ATGAGGGCAGCGGCTA-1,7
GCCGCACTCCGTTTCA-1,7
GAGCACGGCGCCTCTT-1,0
ACAATTTGGCCATATT-1,7
CTGGTTCGCGAGCTAC-1,3
GACGGTCCTAGGGTGT-1,7
ACTCGCGATCTGACGC-1,7
GTGTACGAACCGTTCC-1,0
CTTTGACGTCGCTTCT-1,1
CGTTATCATACTTCCA-1,3
GCTATGCCAGCTTATG-1,1
CAGTCGGCCTAGATAT-1,1
CCCGTGAGGGCGGTGA-1,5
TCTCGTGTTACGAGGA-1,5
ACGTCTCGTTCCGGGA-1,1
CGAGAGCGCGTAGATA-1,2
GACAGATTTCTGGCTC-1,5
GGGCCTAAATGGGCTA-1,6
ACTTGTAGTCCCTTCA-1,2
CCCGAAGTTTCGCGAA-1,5
ACCATCCGCCAACTAG-1,6
TGCGAATATGGGATTT-1,2
TACATCCCTATCCCTG-1,4
GTGGGAAGACTGAATC-1,6
TCAACATCGACCGAGA-1,4
CTATGTGAGTCACGGC-1,2
CCGAACACTGGGCCTC-1,1
AAACTTGCAAACGTAT-1,1
AGGGCGAGCAGCTGAT-1,4
AACACGAGACGCGGCC-1,6
TGACGAATATTTCCCT-1,2
TCGGAGAGTATCGGGA-1,1
CAAATCTCTCACAAGG-1,5
AGGCCCTAGAACGCCA-1,2
TAGAGATCATGCAACT-1,6
TTGTTTCCATACAACT-1,4
GAGAGGTGCATTCTGG-1,5
GTGGACCAACCCGATT-1,6
CTGGGCCTGCTATATC-1,6
CATAGTCCACAAGAAC-1,6
TTGACATGAACGTGGA-1,6
GGTTACCACCCTCGGG-1,1
TACCGGTCGTTTCCAT-1,5
CGAGTACTAAAGAGGA-1,6
GCAAGAATTCCTTGGC-1,2
TCGCCGAAGTTGCGTC-1,6
TTGAGAGTACTGCTAA-1,4
GCCACAATTTAAGGAC-1,6
ATATTCAGTTAAACCT-1,6
TGAGTGCCTCTTAAAT-1,6
ATCAGACGGCACGCCG-1,6
GTGCGAAATCGAACAC-1,5
GTGCCGCTTCAAAGGT-1,2
GATACGATGGGAGTCA-1,1
GACACTGAGTTCAGTG-1,5
ATCCTGCGTGGAATGG-1,5
ATCCTACCTAAGCTCT-1,6
AGTGATATGAGTAGTT-1,2
ATGATGCAATGGTACA-1,2
GAAACCGAATTACCTT-1,6
AGTGACCTACTTTACG-1,1
CAAATGTCCTTCCGTG-1,6
TTACTGGGATATTTCA-1,5
CTTGCCCAGGCTCTAC-1,5
AAATCGTGTACCACAA-1,5
GTGATCATAGATCTGC-1,6
TGGCAGATTACGATCA-1,5
TCACCCTCTTAAGATT-1,6
CAGGATATATCGTTGT-1,5
CCTGACCACCGATGGT-1,1
CTAAAGGGAAATAGGA-1,5
CCGCTATCAGCACCAG-1,5
CTTTAGTGCTATTATT-1,5
CGGGAATTTATGTAAA-1,5
TACGACTGCCTCTTAG-1,6
AAACTGCTGGCTCCAA-1,6
GTACGTTTGCCCGTCA-1,6
GGCAAGGCGAAATAGC-1,6
GATCTTGGAGGGCATA-1,5
AGCGTGGTATTCTACT-1,5
CTAAGGGAATGATTGG-1,6
CATGGTAAGTAGCGTT-1,1
CGTTGAGCGACCGTCG-1,2
TGCCCGTACCGTTAAA-1,5
ACAAGGGCAGGCTCTG-1,6
GAGATCTTCCATGACA-1,4
AATGACGTAGGATGTC-1,6
GTGGTGGCCAAGTGAA-1,5
TCCCGTGTGCAATTTG-1,5
ACATCGTATGCAATGG-1,5
GCGAAACTTAACTGGA-1,6
AATTGAACGCTCTGGT-1,5
ACAAATGGTAGTGTTT-1,5
ATGGTCGCGTGGTTTC-1,1
TGTTATTGTATGTGGC-1,5
TTCCGGTTACCCACTT-1,6
GAGTGTGCGGTACCCA-1,2
CAAGATATTATAACGT-1,5
ACACACCAGGACCAGT-1,5
ATGGGCCTCGGCCTCT-1,4
AAGGTGATAAACCAGC-1,2
TCTTACTTATGCCTCT-1,1
AAAGTGTGATTTATCT-1,4
TGCTCCACAGTTCTTA-1,6
CTGGCTGATTCATCCT-1,5
TAAGGCTGAATCCCTC-1,5
TCTAGTGATATCGTGG-1,3
TCGAAGAACCGAGCAC-1,3
GACAAACATATGCAGG-1,4
AAGTCAATTGTCGTCA-1,2
AGTGAACAAACTTCTC-1,1
CATGATGGAAGTTAGC-1,3
AAGTGCCTTGACTGTA-1,5
ATCGCCAGTCAACATT-1,2
ACCGCGGTGGAAGTCG-1,7
TCTTCTATAACCCGCC-1,4
CACATTTCTTGTCAGA-1,3
TAGCGTCCCTCGATTG-1,2
GTTCGGATCGGGAACA-1,5
CAAACTCGCGACGCCG-1,3
GTCTTGTAGCTATTCA-1,7
TCTCGACGTATCGCCG-1,4
TTGCCAAGCAGAACCC-1,3
AAACCCGAACGAAATC-1,3
TTGAGCAGCCCACGGT-1,3
CGCCTTTAGCATGCTC-1,3
TGTGGCTCCCACCAAC-1,0
CCGCCGTTGAGGATAA-1,7
CAATACGAGAGTCTGA-1,7
CATCTAGTGAAGGGAA-1,0
GGTGGAGGTTGATACG-1,3
CCGCACACGAACGTGT-1,7
AGAACCCAGCGTGACA-1,3
GCGCTCGATCACCTGT-1,7
ATCATGGACTACCGAC-1,7
TACGCCGCCTCAGAAG-1,0
CGACCTACTAGACAAT-1,4
GAGTCTTGTAAAGGAC-1,3
AATATCCTAGCAAACT-1,1
CCCTAGGCAACAAGAG-1,4
ACAAAGAAGGTAGGCC-1,6
CCCTGGCTGTTCCTTC-1,6
TCGCCGCACCGCGTGA-1,2
TATAGCGCACGTTATC-1,1
TTATCTGACATTAGGA-1,1
AGTGGTGTTACCCGTG-1,1
GCCAAGAATACTTCTG-1,1
CCGGCGTGAGACTCTG-1,6
TTCCCGGCGCCAATAG-1,1
AAACAGGGTCTATATT-1,4
ACAGTAATACAACTTG-1,5
CGAACGGCCGGACAAC-1,5
GCAACACACTAGAACT-1,1
ACTCCCATTCCTAAAG-1,6
ACCTGCGTGTCATGTT-1,1
TACTTTCCGCACGCCA-1,6
AGGTCAGGTGAGAGTG-1,2
TCCTCCTAAGACATTC-1,5
ATGTGAAAGCCTAATG-1,1
AGTCGGCTCAACTTTA-1,6
CGATCTGTTGGAGGAC-1,1
ACGGGAGTGTCGGCCC-1,5
TTAACTTCAGGTAGGA-1,4
CCACGGAGCCATAAGA-1,5
CTTCTATGTTGAAGTA-1,1
CACCGTTGCGCGATAT-1,6
TCTAGCAATCTCCGCC-1,5
AGTTTGGCCAGACCTA-1,6
TTGTAAGGACCTAAGT-1,4
AAATTTGCGGGTGTGG-1,5
AAGTTCGGCCAACAGG-1,5
CCGCTTACCTCACTCT-1,6
ATCACGTGCTAATTAA-1,5
GGTGAAGTACAGGGAT-1,5
GCTGTATTACTGGCCC-1,5
AACGGCCATCTCCGGT-1,6
TAAGTAACATCTTGAC-1,1
TTCTTGAGCCGCGCTA-1,6
AGTGCGTAGCTCGTAA-1,5
GGGATGGTCGTAACCG-1,6
GTCTGGGCGGTCGAGA-1,5
CGGAACGTAAACATAG-1,1
TGCGACACCCTAGTGC-1,5
CAAACGAGTATCGCAG-1,6
TCAGTAGGGACTATAA-1,6
GCGGTTCCCTATCATG-1,5
GTGACTTCAGTAGTGC-1,5
CGTCACGTCCATTGGT-1,4
ATAAGTTACCGCGACG-1,6
CTGAATCCGAGACCTC-1,6
TACGACGCTTGCTGCG-1,4
GAATTCACCCGGGTGT-1,6
GGGTGACACCTTAACT-1,5
TGAGTAAATTAGCGTA-1,4
GAGTCCGCTTACCGGA-1,5
GGCGCGTTCGAGTTTA-1,5
ATTCATATACTGTCCA-1,6
ATAAACGGACCCGTAA-1,5
GTCGTACCATCTCGGG-1,4
ATAATAGCTGTTGAAT-1,5
TTCCGCGTGAGGCGAT-1,5
TACCGGCTCACTGCCC-1,5
GTATCTTTCATAACCA-1,5
GTTACCTACAACTTGC-1,5
TGACTATAATCCTTTC-1,4
AAATACCTATAAGCAT-1,5
TTATTAGAGCGTGTTC-1,2
ATGTGGACATCTTGAT-1,5
GTACGCTTCATTGCAC-1,5
CACATATTAGCAGGAT-1,7
CAAGAGGGCGGAGTAC-1,6
TCGCAAAGATGCATTT-1,5
GTCGTTATTCGCTTAT-1,6
TCGTGTACTATGGATG-1,2
GCGGAGAGGGAGAACG-1,6
TCACAGGGAATCGCAA-1,2
GACTGCACCAGCCCAG-1,6
TCCGCTGTCATCCCGG-1,5
AGATACTCAAGATCGA-1,5
ACTGAATGGCGAAAGT-1,6
TCCTACATCCACGGCC-1,5
TTCAGCCCTGGTCCAC-1,5
TTAGAGTTTAGAAGGA-1,7
GGTTAGCTATATGTCT-1,2
CTGGTTTCGAGCAAGA-1,6
TGGGCCCATACTAATT-1,5
ACTTATTTATGTGCCA-1,7
TTAGTTATTCGTGGCA-1,5
AACCGCTAAGGGATGC-1,6
ATACGTCCACTCCTGT-1,4
CGACACGCTCCGACAG-1,2
TCTGAACTCGTACCCG-1,7
AGGATATAGGGATTTA-1,5
GTGATCACTAACGCCT-1,7
ACCGGGCCTTTGTTGA-1,5
TTGACAGGAGCTCCCG-1,3
CTCTTCTATTGACTGG-1,5
CGTGGCCGAATATCTA-1,1
GGTTTAGCCTTTCTTG-1,3
TCAAGGTTACTACACC-1,3
TTGACTATTGTCCGGC-1,2
CGGGAATATAGTATAC-1,5
GCAACAGCAGTATGCG-1,4
ATCAAACACTGTTCCA-1,2
TGGGCAATAGTTGGGT-1,5
TGAATGTCAGCCGGCC-1,3
CGGCTCTAAAGCTGCA-1,4
GGACACAAGTTTACAC-1,0
CCGAGAAGTCGCATAA-1,0
AACTACCCGTTTGTCA-1,0
GCACAAACGAGGCGTG-1,3
CACACAGCTTGCGCTC-1,0
GTGCTTACATCAGCGC-1,3
GCAAACGTCGCCAGGT-1,7
GAATAGCATTTAGGGT-1,3
TACTGTTTCTCTGGTA-1,7
TCCTATCATAGGTAAC-1,3
TTCGGTGGAGACGCCC-1,3
TGTTGCCGTCGTCCCA-1,0
CCAACTTGATAGATCC-1,3
CAAAGGTCATCTGAAA-1,7
CTAGCTTAATGGTCCC-1,7
AGGCCACATTGGTTAC-1,7
TTAGGATGGGAGGGTA-1,7
TATGACCTTGCGCTGG-1,6
ATATACATGTATGGTA-1,3
TGTGTGACCATGAATC-1,1
CCCACTCCACGGTATC-1,5
GGGCAGACGTCACTGC-1,5
TCAAAGAGCTATCTGT-1,6
AGATGCATCCTGTGTC-1,4
GTGAAGTCACGACTCG-1,5
TGATTCAGGTCCCGCG-1,2
CGCCACAGGTCGCGAT-1,1
TTGAATCGTTGTATAA-1,6
TGGCCAATTTGGTACT-1,6
CGACCCTTAACGCCGG-1,1
TCGGCGTACTGCACAA-1,1
GAGTAAGGCCACGGGA-1,5
ATCAGCTCGTCCACTA-1,2
AGGATCACGCGATCTG-1,1
AAATGGCCCGTGCCCT-1,4
CAGTACCAGTTTACGT-1,5
GGTCGTAAGCTCGCAC-1,1
CGTTCATGGTGCGCGT-1,6
GACTACAAAGCGGTGG-1,1
CAGCTGGCGTAACCGT-1,5
ACTCGTAACCCGTCCT-1,6
CATATGTCAGGCTACG-1,6
GCCCGACTTCTTCCCG-1,2
CTGGCATCCGAATGAG-1,1
AAGTGCGTTAGAATCT-1,1
AGAAGTGATTCGTGAT-1,5
TACCTTAAGATTTCCC-1,5
AATGACAGCAATGTCT-1,6
TCAACGCAGGAAATAA-1,2
TATTCCTCCGCCCACT-1,5
ATCAAACGAAGGTTTG-1,6
TTGATTAGCTGTTTCT-1,6
CTGCTGAGGCCACGAA-1,4
CCGTGTTAAATTCCAT-1,6
CACGTCGGCAACCTCT-1,1
GTATTCTGAGAAACGA-1,2
CGGTGCGCGTTGGTCC-1,2
GTGATTCGCCGCTCAA-1,5
GCCCGCGCGTAAACGG-1,6
AACGTACTGTGGGTAC-1,6
GAGTATGCCCGCCTTG-1,4
TGATTCTGTCGCCGGT-1,5
GGGCGGCAAATGAATT-1,5
TTCCAATCTGGCTATC-1,1
GGAACCGTGTAAATTG-1,4
TTGGTCACACTCGTAA-1,5
CGAACCCGCATGCGTC-1,5
GGGCGTCACCACGTAA-1,5
TACCAGAAGTAGGTTC-1,5
TTGGATATCGTCTACG-1,6
TAGATATGGACTGGAA-1,6
GCGACGATAGTTGTAC-1,5
CTGGATTTACACTTGA-1,5
GTTATATTATCTCCCT-1,5
TATTCCACTCAGCTCG-1,6
CTGTTACCCAATCTAG-1,4
ACGCGAAGTCAGACGA-1,1
GATAGGTAACGTTGAC-1,5
TGTTCGTATTGCGGTG-1,2
GGTCAGTGGGTCCCAC-1,5
AATTCTAGAGTTAGGC-1,5
GTTTACGTTCCATCTG-1,6
AGACCCACCGCTGATC-1,6
TCTAGCATGCCCAGAA-1,1
CCCGCAGCGCGAACTA-1,0
CTCTATTTGGCTGCAG-1,1
TTCTGCCGCGCCTAGA-1,4
ACTCCCTAGAATAGTA-1,2
CCGAACCTTCCCGGCC-1,1
TCAGACGCTATAGAAG-1,4
CAGGCGCCATGCTAGG-1,0
CACTCGAGCTGAACAA-1,6
ACAAGGAAATCCGCCC-1,7
ACCACGTGCAGCTATA-1,4
ACGGCGACGATGGGAA-1,7
TTACTAAAGGACTTTA-1,5
GGCTGAAATAGCAAAG-1,5
TTAGACGAGTCACCTC-1,6
GTAGTCGCGGGAATCA-1,5
GCAAACCCTACATTAT-1,6
GTTAAAGTAGGACTGG-1,2
ACCCTCCCTTGCTATT-1,6
CATGTCTCATTTATGG-1,5
AATAGAATCTGTTTCA-1,6
TCTCATGAGATAGGGT-1,5
ATGACTATGCGACATT-1,4
CCTAACCCAAACAAGT-1,6
AGTCAAGATGACACTT-1,5
CGGGAGCTTCAGTGTA-1,5
CCACAGTACCCATCCT-1,6
GAGCGCGCACGAGTAG-1,5
ACCAGTGCGGGAGACG-1,4
TCCTTACGACGGTCCG-1,5
TAGTCGATCACGGGTT-1,1
AGACGAAGTGCCGGTC-1,1
CGCTGGTGACTACCCT-1,1
AGGCATTGTCGTAGGG-1,0
TGGTAGAATATATGGG-1,3
TTCTTATCCGCTGGGT-1,7
AGTTTGGCACGGGTTG-1,5
GCATCGGCCGTGTAGG-1,2
ATGCGAGTCCCACCAC-1,2
TCGGCGAACCCAAACC-1,7
AGAGTAAACTTCACTA-1,6
AAGCCGAAGCGGTTTA-1,0
CCCGAGTTTCTCCGTA-1,4
AATATCGAATCAATGC-1,1
GCGCCTCCCACTCCGA-1,4
CGTTAAACTAGTTAGG-1,0
TGAGTTAAAGACATTC-1,7
AACAGGTAGTATGGAT-1,2
GAACGCGGGTCACACG-1,2
TGTTTGAGATCGTCAG-1,0
ATCTCGTGAGCGAAAC-1,7
CTGAGAAAGTTCGGCG-1,7
ATTACCACACTGCCTG-1,7
CTGCTGTCTAACGAGC-1,0
CGTGGAAGCCTCGTAC-1,4
GGACTCACAAATTAGG-1,7
CTTTGCTGTCATGGAT-1,7
GGTGTTGGGCGTCTTA-1,7
TACCATGTATTGATTT-1,7
GGTCTCCAAGTAGTGC-1,3
ATCCTTCTGAAAGAAC-1,7
CCGGAAGTTATCAGTC-1,0
TTAGAGGGATATACAG-1,5
TTGTACACCTCGAACA-1,6
GTGGGTACTGAGCGTA-1,6
CTTAAGCAGCGAGCCG-1,2
GCATTGACTTGCGGAA-1,6
CCATAACCTGTGCAGT-1,5
GGGCTACTATTTCGTG-1,5
GGCGAGCGAAACGGCA-1,2
GGAGACCATCTACATA-1,1
AGACCAAACCACACCT-1,1
CGACGCATCCGTACCT-1,6
CCTAGGTAAAGGTAGC-1,4
AGCGGCGGTTAGCGGT-1,6
CTGGACGCAGTCCGGC-1,1
AGCCTAATACCCACGT-1,1
AATCTGGCTTTCTAGT-1,2
CACCCTTGGTGAGACC-1,5
GGATCTTGACTCAACC-1,5
ACGAGGATACCACTCT-1,1
GAGTTGATGGCAATTT-1,6
GTGGCAAACAGCGGCA-1,6
GATGTAACGAACCACC-1,1
AGCCGTGGCTAAATGT-1,4
CTCCCTCCTTTCGATC-1,5
TTGGAAGAATACAGTC-1,6
AGTTAAGTCAACCGCT-1,5
CTCATGGTAATTTGCG-1,6
AAAGTAGCATTGCTCA-1,2
TTGTGGTAGGAGGGAT-1,1
AGTCGTGGGCATTACG-1,5
ACCTAAGTACCTTTCA-1,2
GTAGAGGGAGACAAGT-1,5
GATCCTCGACACTGGC-1,5
CCTACATTCACAGACG-1,5
TTGACCGTGTTAATGA-1,1
TCTGTTACCCAGCATA-1,5
CTAACTGGTCCGGTTC-1,6
AGCGACAGGAACGGTC-1,5
TAATAGAACAGAGTTA-1,4
ACAGGTGGAGGTGAGG-1,1
TGCGAGAATATTACCC-1,1
TTGCGTCGGCCAACCG-1,5
AGGCTTCCCGAAGAAG-1,5
GCGGACCGCGTTGTGG-1,6
GTAATCTGATTCTTCG-1,6
CCGCGGAATGCGTCAC-1,4
TTCCACACAGATTTGA-1,6
CTTCTATTAATGCTAG-1,6
CATTTGAGTGGTACGT-1,5
TCACAGCAAACTCGAA-1,5
CAGACGAACCTGATAC-1,6
TAGCTAGAAGGCATGA-1,6
ATCCAGAGCAACAACC-1,1
TCCGGTTCGTCCGGTC-1,6
CGCGCATGTTTGATTG-1,5
TGGCGATCAAGTTATG-1,5
CCCTTTGACAGGTCTT-1,5
CAGAGACGGTCACCCA-1,6
TAGCTCGCCTGATAAC-1,1
TTGTGTTTCCCGAAAG-1,6
TATACACAGACGCCTT-1,6
ACATTAGTTTATATCC-1,1
CCATCGCAGTTAAACT-1,6
AATTAGCGCTGCAGCG-1,6
TCCGCTTATCCCATTA-1,2
GTTTGGGCTTGTGAGC-1,6
CTTGTCAACATTCGAG-1,2
GGACCAACAGGATAAC-1,2
AAGCTAGATCGAGTAA-1,0
TACCGTGCCTCGGACC-1,0
GTAGCCAAACATGGGA-1,5
TGCCAGTACGTGGAGA-1,0
ATAAGGTGGAGAACAT-1,0
CTTTAATATTGGTCGA-1,7
TGGTTCAACGGGTAAT-1,6
GCTGCTACTGCGTAGC-1,5
CTGCACAACTACATAT-1,0
ATATTCCACATAGTGA-1,4
TGGCAAACTAAATTAC-1,4
ACCGCAATAACTGCCT-1,6
TCGCACCAGGAGGCAG-1,4
ACTTCAGGCTGATCCC-1,6
ACAAATCGCACCGAAT-1,1
TCTGATGTATTCTGTC-1,6
CTTTACCGAATAGTAG-1,5
GCAGATCCATAAGACT-1,4
TTCCTCGGACTAACCA-1,2
TTATCCGGGATCTATA-1,2
CTGGAAGACACGGTGG-1,2
GTTCGTCTAAAGAACT-1,1
GTCTATTGGTTCCGGT-1,5
CTAGGCGCCCTATCAG-1,4
AACGGACGTACGTATA-1,5
AACACACGCTCGCCGC-1,4
GCTACTATAGTAGAGT-1,6
AGCATATCAATATGCT-1,1
CGAACAGTATGGGCGT-1,4
ACAATTGTGTCTCTTT-1,4
GATCGCTACCCGATTT-1,7
ATTGCGATCAGTAACT-1,7
CAGCAGTCCAGACTAT-1,0
AGAGGCTTCGGAAACC-1,0
AAACAAGTATCTCCCA-1,7
GGCAGCAAACCTATGC-1,2
ACTAGTTGCGATCGTC-1,0
TTGGACCATCTGGCAA-1,4
CCCTCCTCGCTCGTAT-1,7
GAGCGCAAATACTCCG-1,4
ATTACATGTCAGTCTT-1,7
TTGGGACGTAAGAGTT-1,7
CTTCGGCCAATTGTTT-1,0
AGACCGCTCCGCGGTT-1,0
GACCGCGTCTGACGTG-1,0
CCAAATAACAAGATTC-1,0
TCTTTAGAGTCTAACA-1,7
CTCCCAATGAGTCGCG-1,7
TAGTCTTTCCGAATTG-1,7
GAGTAAACCGGAAAGT-1,0
GATCTCGACGCTGTGG-1,2
CTGACATAGAAATAGA-1,7
TATACCGAGTGCCACA-1,0
TCCGAACGTTGCCGCT-1,7
GCAGAAGGTAATCTCC-1,2
GGTACTAAGTGCTTTG-1,7
CAGAATATTCGTTATC-1,7
TAATCAACCAAATGGG-1,3
TCTGCTTAGAACAAGC-1,2
AACTGAGTTATACTGA-1,7
CCTCAACGATCGCTGT-1,3
CGGTACGGCAAACCCA-1,2
CAGATGTTTGTCCCAA-1,4
GTTTGTTAGCCAAGTA-1,4
ACGTGACAAAGTAAGT-1,5
TTGTCACCGCGGTATC-1,5
GATCTAACCGTATTCA-1,2
ATGGAAATTTAAGGAG-1,5
ATTGATCACCACATTT-1,6
ACTGCTCGGAAGGATG-1,4
TCTAAAGAACAGTCTC-1,6
CTGGGTTGAGTTAAAG-1,6
CCCAGTAAACTTGGGA-1,1
AGATTCACAACCGATA-1,1
AGAAGGTACACTTCAC-1,6
GCAGGAACTTAGATCT-1,6
AATCTAGGTTTACTTG-1,6
CCCGGTGTATCGGAAT-1,6
TTATCCTCAAGGAATA-1,5
AGCATCATTTCGAAAG-1,5
CGCGAGTCTGCCGGGT-1,6
TGCGTCATGACTGAGC-1,5
GTATGAAATTTCACTC-1,4
TTGGTTGCGGTGCGCG-1,5
ACAGAACTGAGAACAA-1,6
CTACTATCATAGGTTT-1,6
CCTCTATCGATTAGCA-1,6
CCGTATCTCGTCGTAG-1,6
TCACGATGTCCGTGGA-1,5
TCAACAAAGATAATTC-1,5
ATGACGCGTTCTATCC-1,6
ATTTGCGCGAGTAGCT-1,6
TTCTTGGACGATCTGC-1,5
AGACGACGATGCCGCT-1,5
GGTCTCTGAATGGACT-1,6
GCTCAATCCGTTTATT-1,5
CCAGAAAGCAACTCAT-1,6
CACCGTTAGGGATCAC-1,2
AATAACACTAGAACAA-1,5
CACCCGGTTTGTGACT-1,2
CCACCAACTTTACTGT-1,4
AACTCTCAGTGTGCTC-1,2
AAACCGTTCGTCCAGG-1,1
CAGCGATTCCCTTCAA-1,6
GCTAGCTTGAATAGCT-1,4
TTGCGGCATCAGAAAG-1,5
AATAGAACAGAGTGGC-1,5
GCCATCGAGCTGCGTG-1,5
ACACTGATCAAGGTGT-1,6
ACCAACGCTTATTTAT-1,4
GACATCGATTTATAAC-1,2
CAGACACCGATCGCTG-1,6
CCAAGAAAGTGGGCGA-1,5
GGTAGACCGTTGGGCG-1,6
TCGTTAGGAGTCCCTA-1,5
ACGGCCAACATGGACT-1,4
GTGAGTGGTACAACGC-1,4
GAGACTTCGCGACCGA-1,2
GAAGTCAGTTGCACTA-1,5
GTTTGGTAGGGTCAAC-1,5
ACGGCACTTGCTTGGG-1,5
CCTCTGTACTATTCTA-1,6
CTATTCATGTGTCCCA-1,5
GCCCGATCTGTGGTCG-1,5
TTAGAAGAACATGACT-1,6
AGGATAAAGTCGGGAT-1,6
CGGCAAACATCGTGCG-1,4
CTAGTTACAACCCGGT-1,5
TTCGACAGAGCCCGTG-1,6
AAGCATACTCTCCTGA-1,5
GACGACGATCCGCGTT-1,5
GGTAGAAGACCGCCTG-1,6
GAGATGGGAGTCGACA-1,5
AACGATAATGCCGTAG-1,5
TGGTCCCACGCTACGG-1,5
CTGCTTGGCGATAGCT-1,4
ATCGGAGACAGACGGC-1,5
TAGCGTCCGGTGTGGT-1,6
GTTGAGTCCCGCCGGT-1,4
AAATAGGGTGCTATTG-1,1
AAGTGTTTGGAGACGG-1,6
AGCACTACCTCACCAG-1,6
TGCCTTGGCCAGGCAA-1,5
TCGTCTTAGGCGTTAA-1,1
TTCTGACCGGGCTCAA-1,1
CAGAACTTAGCCCTCT-1,5
AGCTCCTTCGCACATC-1,5
ACAGGCTTGCCCGACT-1,5
GCTATACGTCTCGGAC-1,5
GAGCCAGCTACCTGTG-1,6
TGCTAAGTGTCTATTT-1,4
GTCCTACGAATAGTCT-1,4
CAGTGTCGGCTGGCCC-1,5
CTATCGACGAAATACA-1,5
CATCATTACCCTGAGG-1,1
TAAGTTGCGACGTAGG-1,5
AGTGCACGCTTAAGAA-1,5
TGTGCCGGTGCCGGAA-1,6
AGGAGGCCTTCGCGCG-1,5
TCCGCGGCCCAATGAA-1,0
TCCGTTAAGCTAATAT-1,0
AAATCTAGCCCTGCTA-1,5
CGCAGGCGATCCAAAC-1,0
CCATATGGAAACTATA-1,7
CACCGTATCCCATCCG-1,0
GGTCAAGACTACTTCG-1,0
CCCGTTTCGCAGATGT-1,7
GTTATAATACGGTGAA-1,0
ACTTGTGGATGGAACG-1,0
GTTCGCTGAGACGTCT-1,7
GACACTGGAACCCGAT-1,7
CCCAGGTCTGAAGGCT-1,7
TCTCGAGGAGGTTCGC-1,0
ACTATCTGCCCGCGTA-1,7
CCTAAATTGTATCCTA-1,7
AGAAATTATGACTCGC-1,0
TCCAGCGCTATAAGCG-1,0
TCGTGTATTGGTCACG-1,1
CCACATACTGCACCCA-1,7
GTTGCGGACGGTCAGG-1,3
GTATTTAATGGCATAA-1,2
GTCGATAGGTGACTTT-1,3
AATAATCTTCGTATCG-1,3
ATTGTTCAACGATCCG-1,3
GTGCAGCGTAGAGTAG-1,3
TGTGGTAGGGTGCCTT-1,1
TGTGGACTATCTACGT-1,3
GGCGGGCTCTAAGAGT-1,3
TGTGCCAGAGGCAAAG-1,3
TGGCTTATGTATAATG-1,3
GCAAGCTGGAAACCGC-1,1
GATATCAAGCAGGAGC-1,1
CACCAATCATCCGTCT-1,5
CCACATGGCTCTTTAT-1,6
GTCCTACTCTACGGGC-1,1
CTCGAGACATACGATA-1,1
TATCAGTGGCGTAGTC-1,5
TGACAGGACAAGTCCA-1,4
TATTAACACCAAAGCA-1,5
TAGGCGATGAGGTCTC-1,1
CCGCCGGAACTTCTCG-1,5
GCCATTAGCCTCAAAC-1,6
GTTAGGCTACCCGTTT-1,4
GGGTATTCTAGCAAAC-1,6
GCCCTAGCCGTCGCGA-1,1
CAGATCCTGGTTTGAA-1,6
CTTCAGTGGTCGCCTA-1,5
GGGCAACCGCACGTGC-1,2
GACCCAATTATGATAC-1,6
GAAGCTCGGACCCGTC-1,5
CGTCGGGTCTAAGCGC-1,5
GAGGCCCGACTCCGCA-1,1
TTGCCATAGCCCGCTC-1,6
TAACATACACGCGATC-1,5
CCGACGGGCATGAGGT-1,2
AATGTGCCCGAGGTGT-1,6
AGCTGTAACCTCAATC-1,6
CGAGTGAAGGTACCAG-1,1
AGTCTCACAAGACTAC-1,6
AAATTGATAGTCCTTT-1,6
TAAGTCGCCGAGTATC-1,5
GCGGAGAAACTTCGCA-1,6
GGCAAAGGCGCCAATA-1,5
ATTTCCGGGTTCTGCG-1,6
TAAACCCAGGAGGGCA-1,6
TTCGGGCGCTAGTCTT-1,5
GTGGAGTCGGCGGTTG-1,6
GCACGCCTACTTAGAT-1,1
CAATATTCTTGACCTA-1,5
CGTTTGTGTAGAGGGT-1,5
CATAGCGTTGCCCACC-1,1
TGATACATTTAGCCGT-1,5
TTCCGGCCTTGAGGCT-1,1
CCTATACCGTCCTGTC-1,6
TCGTTGCTATCCGGTC-1,6
TGGCGACTGCTCCAAA-1,5
CAGAGGCGATGCATGA-1,5
TCACAGGAGAATAAGA-1,6
GGGTTAACATTTGAGT-1,6
GCGGGCGAGCCTTACC-1,5
TGCCAATGGGTACTCT-1,5
AGGGACTCTACGCGAC-1,6
GACGCCGTAAAGGCTA-1,6
AAAGGCTCTCGCGCCG-1,2
CTGGCTGGTTGTCAGT-1,5
ACATCCCGGCCATACG-1,5
CTCTTGTCCCGCTTGG-1,6
TACGCCTCCATTCCGA-1,6
CGGAGCAATTTAATCG-1,6
AACTAGGCTTGGGTGT-1,6
GCGTCGCCAGGGTGAT-1,5
GTTGGTCATGCTATCC-1,5
GCTGGCGGCGCATGCT-1,6
TGAGCGGAAAGTGTTC-1,5
CTTTCTGTGCGGGCTT-1,5
ATCTAATATCCTACGG-1,6
AACCTTTAAATACGGT-1,6
TTCACTCGAGCACCTA-1,5
CTGCACTCCAGTACAG-1,1
CCATTTCTACCTATTA-1,1
CAAGCGGCACATAATT-1,5
GTTAACATCACTTAAA-1,5
ATATAAATGTAGCTGC-1,4
GCCTCTATACATAGCA-1,1
GTGTCGTATAGCGTTC-1,6
ATACGTACTTAGCCAC-1,5
GCTATCATACTCATGG-1,6
TATCCAATTGGTTATC-1,5
TCTCCCTGGGCAGCGT-1,4
CCTATAATGAGTGCCC-1,1
CAATGCGAGAAGTATC-1,6
TACCAATAAAGTACCA-1,6
GCTAGGCACCACGGAG-1,4
GGTGGACTGCTCTGGC-1,2
TATTCCGAGCTGTTAT-1,1
TTGAGAAGTTTAGCAT-1,6
GTCCGGACCTGAAATT-1,4
CTGTGGTCGGGAGATA-1,5
CATGTAAGAGACATTT-1,2
CACGTTTCGTACACAC-1,5
CATCCTCTCAAAGATC-1,6
GATTAACCGAAAGCCC-1,6
AACGCTGTTGCTGAAA-1,7
TTCAGCTGGCGTGCCC-1,7
TAGAGGTTCTACTTGT-1,2
GTATCAAACGTTAGCT-1,7
AATCATGTAAAGACTC-1,7
AGTCACTAGCTCTCGA-1,7
GCGAAACGATCGGGAG-1,7
CATGGATTGTCTTCCG-1,7
ATTGGATTACAGCGTA-1,7
CACACACGCTAACGAG-1,0
CTATGGGAAGCGGAAT-1,7
TGCCTAATTGAAGATT-1,7
TGGCAATGGGACGGCG-1,2
ACCTCCGCCCTCGCTG-1,0
CGGCAATAAGATCGCC-1,0
CCTTGACCACTTTATT-1,7
TCATTTAGAAGTGTGA-1,7
CAGAATAACACACGGA-1,0
TCTGAGCAATTGACTG-1,7
CAACGTGGTGGAGTCT-1,7
CACAGTTCGCTTCCCA-1,7
TCTCTCGCCGCACATA-1,7
TGGGCAGGCCACCGCA-1,7
CTCCTGTTCAAGGCAG-1,3
TATTTGATTTGCACAG-1,3
GCCACTCCTTACGGTA-1,3
ACCGATATTTAATCAT-1,3
TTATTATCTGGAAGGC-1,1
TACATGCCGGAATTGT-1,3
GGCACTCAGCCGACCC-1,3
AAACCGGAAATGTTAA-1,3
AGACAGGCATCTCAGC-1,7
GTGGTGATGGTTTGTG-1,1
CCGATATGACGTAAGG-1,3
CATACACAAAGTCAGC-1,2
TGCCGTTCTTAATCGG-1,1
TCGAGTCTACGATTCG-1,6
ACTTCCAGTGGAAGCT-1,1
CAATTGGGCCGCACTC-1,4
AAATCGCGGAAGGAGT-1,4
ATATCAATTCCAGCCT-1,1
CTTTGTCGAATGCTCC-1,5
TGAGGCATGTACTGTG-1,1
TTCGCCGCTCGCGCTA-1,6
GACTCCTTCCAATTGA-1,6
ACCGAAGAGTCTGGTT-1,5
TGGCATGAAGTTTGGG-1,6
ACGAGGTTTACAACGT-1,6
AACCCATCCCATGATC-1,5
TCGACAACTGAACCCG-1,6
TATCTTGCAATACAAC-1,1
TATTATGTTTGCCTGC-1,4
GTCAAAGAAGTGGTGT-1,5
GGGACAGAGTTACTCC-1,5
AGCAACCGAAAGTAAT-1,6
CTCTCTAACTGCCTAG-1,6
ATACGGAACGTCGTTT-1,5
TCGGTCCCGACAATAG-1,4
CGCGCAAATGTCCAGA-1,1
TCTAATACTGCCTCAG-1,4
CTCGGTTGTCGGCCCT-1,5
GGTAACCGGGAGGATA-1,5
CAGGCGCACGGTGGTC-1,5
TCATCGATGGTCCCAA-1,2
CAAAGATTATTGGGCC-1,6
ACAATGAATACGGAGA-1,6
GCTCCTGACATACTGG-1,5
GATGACAAGTAGGGCA-1,4
TACGCCGAGGGTACCC-1,6
AAGCGTCCCTCATCGA-1,4
CACTCCTATGTAAGAT-1,5
TCGAGCCAGGCAGGCC-1,6
TCGTCAAGTACGCGCA-1,4
CCCGTAGCTGGGAAGA-1,5
ACCCTATGCCATATCG-1,6
GTGGTATAGTCTGCCG-1,2
CCGGTTTGTAATTGTG-1,5
GTCGCCGTTGTGTGTT-1,5
TACTGAACAGATTTAG-1,6
TATTAACCTGACCGCG-1,4
CTGTAGCCATCTCACT-1,5
TACTATGGTTCCTCAG-1,2
GAGTCAGACCAGAATC-1,5
TAAGGCATAACATCAA-1,1
CTTCCGCTCCGTGAAG-1,4
GGGCTATGATCGATGG-1,4
GGTCGGTCGTCCACAG-1,1
GGGACCCGTATATCTT-1,5
GAAAGCAGTGCACTTT-1,6
AGCGCATAATGAATCG-1,2
GCTGCTAAGTAGTCGA-1,5
AATAGTCCGTCCCGAC-1,2
AGCAGCCAGATGAATA-1,5
CCTCGCGCTGTGCGAT-1,5
TTGTGTATGCCACCAA-1,5
TGCTCGGCGAAACCCA-1,1
CGATTAAATATCTCCT-1,4
TGCCGTGGATCGTCCT-1,5
GTGGACGCATTTGTCC-1,2
ACCCGGAAACTCCCAG-1,5
CCGCATGTGGTACGAT-1,6
GCAAACCTTGGCCATA-1,5
ATTCACTGATGTTGGA-1,5
ACTCCCTAATGCTAAA-1,5
TCCTAAATTGGGAAGC-1,6
GAACAGATTACTAAAT-1,6
ATACAGGCCCTCCAAT-1,5
CGATTCGCCTGGCTGC-1,6
TCCGCCTGTCTACAAG-1,5
CACATCTCACCGACGA-1,5
CGTCGTCCTTCGCGAA-1,5
CGTTGAATACCGCGCT-1,4
ACCAATATGCAAGTTA-1,5
ACGGATGGTGCGGATA-1,4
CACCCTAACAAGATCT-1,4
AAGCTCTTTCATGGTG-1,5
CATGGGTATGCCTTAT-1,1
GCGCGTCATTGGTACA-1,4
TCTGAAGCACGTGGTC-1,6
AAGTTCACTCCAAGCT-1,4
TTGGACCTATAACAGT-1,5
ATCAGCCTCATGCTGC-1,5
AGTACTCTTATGCCCA-1,6
GCGCTTAAATAATTGG-1,4
TTGTGAACCTAATCCG-1,1
AGTCGTCGACCACCAA-1,5
TCCTTTAAATCCGCTT-1,5
ACTGAAACGCCGTTAG-1,5
GCACACACTGGTAGCC-1,1
TAAGGGCCTGTCCGAT-1,5
GCTAGAGTAGAGATGT-1,0
CACAGGGCCATATAGT-1,4
CCATGCCCTAGATTTC-1,7
TCGCGTAGCAGTGTCC-1,0
GACGAGGCTAATAAAC-1,4
CTACACTCGCAGATGG-1,0
ACGCATACGTTTACTA-1,5
GGAGCAACATTTCAAG-1,7
CGAGAGGGTAGCCGCG-1,5
TCGTGTTCGACCACAA-1,4
TCTACCCAATAGAGAG-1,2
ATAAACGTTGCACCAC-1,7
TCAACTGCAGAGTCAG-1,1
AGCTCCATATATGTTC-1,2
GTAACATCTAAGATAA-1,2
CCGACAATAGGCCGCC-1,7
ATGCTTAGGAGTTGAT-1,7
AACCCGAGCAGAATCG-1,0
CGGGTTTGTTAGGGCT-1,3
AGGCACGTGACTGTCC-1,3
GACAAGAGATGAGATT-1,3
AGCCCTTGGACATCCC-1,4
GCAGTTCGATCCGAGC-1,4
TCGAGGGCAACAGACG-1,3
ACTTTGTCGACGCACT-1,3
GAGTATCAAAGTTACA-1,3
CCAGGCTGGCGTCTGA-1,1
GGACTCTTCCGGTTGA-1,3
TCCCAGCACACGACAT-1,7
GCTCCATGAGTGCAGA-1,7
GCAGTGCGGGCGGATG-1,3
GCGTTCTGACTAAGCG-1,2
ATTTGGAGATTGCGGT-1,3
AAGGGTTTGATTTCAG-1,5
CCGGCCGCGAGCATAT-1,6
GAGTTCTGTGGGTGCT-1,1
AAACGAAGATGGAGTA-1,1
AATTACGAGACCCATC-1,5
CCTTTGAATTATGGCT-1,1
CATGGTATTAGTTTGT-1,6
AACGAAAGTCGTCCCA-1,6
ACATAAGTCGTGGTGA-1,5
GCACAACCTCGGGCGT-1,1
ATGCACGCGCTGTTCA-1,4
CGATGTTGTTATCTAC-1,5
GTCTCCTGCCAGTATG-1,4
GATGCCTTCTGCGGCA-1,6
ACCGGTCAGGTACACC-1,5
GTGGAGCGTTTACCGA-1,1
AGGCGGTTTGTCCCGC-1,5
TCCCTGGCGTATTAAC-1,4
AAACACCAATAACTGC-1,5
TGGACGCAATCCAGCC-1,6
GGAACCTTGACTCTGC-1,5
GTATCTCAGTCTTGAC-1,4
GCTGAATCTTCCAATC-1,6
AGATGCAAGACGTGCA-1,5
TTAAGGCCCGTACTTT-1,5
AGTATGCTGGAGACCA-1,1
GCGGCAAAGTATTGCC-1,5
GCGCAAATATATTCAA-1,5
GAAGAAACGATATTGT-1,6
GGACCTCTAGGCCGCC-1,2
AACAGCTGTGTGGCAA-1,4
TCGAATATCCCGCAGG-1,4
GCGACCCAACCATCTG-1,6
AGAGAAGGAGTACAAT-1,5
GGCTCCTCCACCTGTT-1,4
TCAGTGTATACGTCAT-1,1
ATTATTATGTCCGTCA-1,5
TTAGGTCATAACCGAC-1,5
AAGATGGCACCGGACC-1,5
CTACAAGAAATAACCC-1,5
ACTATTTCCGGGCCCA-1,5
TTGTTTCACATCCAGG-1,1
CGCTGTGTGGATGTTG-1,2
TCAACATAGCGCCCTA-1,6
GGCCGTTTGGGTTTCA-1,6
TACTCTTTCGTCTTCA-1,6
TTCGCGCGCCATACGA-1,2
CGGAAAGAATCAAACG-1,6
AGGCAGGGAGCGTACT-1,5
CCTTTAAGGGAGCACT-1,4
CGCCCAGCACGCCTAG-1,5
AGTATTTGGCACGACC-1,6
TATCCGCACCGTCGGG-1,5
ACCCGTGTCATCAGTA-1,6
CAACTGCTCATCCGAT-1,5
CCGGAGCGTACTTTCT-1,1
TACCGTAGGTTAACTA-1,2
TGAGGAGTGCCAGCTT-1,5
CCAGTCTTGTCATAGA-1,4
GGGCAGAGCAATCGTT-1,6
TACCAAATAGCCCAGA-1,5
TACCTACTCCCAGTAT-1,4
TGTGAGACTAGCCCAA-1,5
ATACCTAACCAAGAAA-1,4
GTCGGGAAGCAGAAAC-1,6
AATTAACGGATTTCCA-1,5
GAACCCTCTGTGTTCT-1,5
ATATAAAGCGCTCGTG-1,6
CCTGGTCGAATGTGGG-1,4
CTAGGTTCGGACGTGA-1,5
TCGGGAGACAGCGTAC-1,5
CATAAGAAGCTTGGCT-1,5
AAGCACCCTGCGTATC-1,5
AGTTTGCACCTGCCTC-1,6
GACTGCAAATCGAGCT-1,4
GTGTATATCAGCGGGC-1,6
CTTCAACTCCACTTGG-1,5
ACTTACGCATCCACGC-1,5
CATGAGATGCACTCTC-1,5
GAGCACCTGTGTCCAG-1,1
CGCGACCGCGACAGAT-1,4
GTCCCGCGACGTTATG-1,5
GCAGTGTGGCTATAGG-1,4
ATACTGCCTTACACCG-1,5
TACAGAAACGGTGGGC-1,4
GGCGCGGAGATCTTTC-1,6
CGTTAATGTCCCGACG-1,5
GCTAACTGAAGTCTGA-1,5
AGTGATAACCTGCGCG-1,4
TATGATCTTCTCTTTA-1,6
TGTACCTACACGAGGG-1,1
ATATCGTTCCTCGAAC-1,1
CGGCGCCATCAATCCC-1,1
CCTGTTTGAAGACACG-1,6
GCCACTCAGAGCGCGA-1,5
TCGGCTTGTATCGACG-1,1
TAGATGGTTCCTTACT-1,5
ATCGTTAGCTAGCGGA-1,1
ACAGCGACATTCTCAT-1,1
ATTCAACCATTTAAGG-1,2
CACTCTTCTGCTAGCC-1,6
CTAACTGATAATCGCC-1,7
TGATGTCAATTAAGTG-1,0
CGCCGTTCAGCATAGT-1,7
ATACTACCCGTACCAC-1,0
CCACTGTTTGGATTAA-1,4
CACTACGGGAGCTGCC-1,7
GACCAAACGTTGACTG-1,1
AAGAGGCCCTTTGGAA-1,7
ACACGTAGGCCACAAG-1,0
TACTCTTACTTTACTG-1,7
AGAGCCGCCGAGATTT-1,5
GGCCTGCTTCTCCCGA-1,7
TCAAGCGCGGACGGTA-1,1
ACACTGGGACAGTCGT-1,2
TGTGTAGTAGCACGTG-1,3
CTAGCCACAGGCGAGC-1,3
CTATCGCGTAGAGAAC-1,3
GTTCCCGTAAACATAT-1,7
TCTTTCCTTCGAGATA-1,3
ATATTGGAGAGGCCTT-1,2
AGGCGATAACTGGCGT-1,2
ACCCGGAGCACCACAA-1,3
TGAGCTCAACTGTATA-1,1
ACGACCCATGAGTTGC-1,2
CGGTCAGTCCATATTT-1,1
TCCGGCTGTCGGGTCG-1,3
ATTCCCGAAGGTACAG-1,2
CTAACAGCACAATAAC-1,3
TTGTGCGGAAGCGGAT-1,1
GGGCACTATTGACCAT-1,1
CCATAGAGGCTGCCAG-1,5
CCGAAGCATTGACCAA-1,4
TACTGAGGGAAGAAAG-1,5
TATGTAGAAACCCGGC-1,6
TGGTTAACTTACATTT-1,1
AGAACCCTCAATTGGG-1,6
CCTATATCGTGTCACG-1,4
ACGGCTGGATGTAGAA-1,1
CTCGCATTGCATAGCC-1,5
ACTTTGGTCGTGCTCC-1,6
GCTGGTTTAGGCCATA-1,6
TGTCGTTATCACATAT-1,6
ACACATGATCAAATCT-1,6
TATCCATCTCGGTTAG-1,1
CTCGTCGAGGGCTCAT-1,2
ATCAATGCCGTGGCTG-1,5
GAAACATAGGAAACAG-1,6
TAATAGGTCACCAGAA-1,5
CACCAGTCAGCATGCA-1,4
GAGCGCTGTTAGGTAA-1,6
CCCTATGTAGAGCAGA-1,6
GATCGCTATATCTCAG-1,5
AAGGGACTATGCATTC-1,1
CTCGGGTTCTCTGGCC-1,1
TATATATCGAGAAATG-1,6
ACCCGAGCGAAATTAC-1,4
TTGTTTCATTAGTCTA-1,5
ATGGGACCTGCTGAAC-1,1
TGCGACGGCCGAACGT-1,2
AGCTAACAAGCAATGT-1,6
CGTGTCTCGTTACGAC-1,5
CTAAATCCGGTGTACA-1,6
GAATAGTGCTCGATTA-1,1
AACAATACATTGTCGA-1,5
CACATCGTGCACGCGC-1,5
ACCGTGACCACGTGGG-1,1
CCCAATGAGATTTGCA-1,2
TCAGCAGTAGGCCCTG-1,5
CTACTCAAGGTATAGT-1,5
TAGTAGCTTATACCAG-1,5
ACGTTCGTTCAGGAAA-1,1
TTAGAATAAGGGTCGG-1,6
TTCTAGAAAGTCTTAT-1,5
CCTTCAGTTAAAGTGA-1,4
TAGCTAGTGATGATGG-1,6
AGCCCGGTAGCCTGTA-1,6
TACCTCAGTTGTCTGT-1,5
GACGGGTTGGCCCGTA-1,6
GAAACCTATACAAATG-1,1
TCCACCTCTAGCCTTT-1,6
AAGACCCAACTGAACA-1,5
CATACACGGTTCCCAC-1,4
ACTACGCGTTAGAATT-1,5
CTTGGCCAAGCTGGGA-1,5
TTACCCTAGGGATTGG-1,4
TTCGCACTGTACGACA-1,5
TAGGTGTTCCACAGAT-1,1
GAAGCCTGCACATTCC-1,5
GGCTTTCAATAAGGGT-1,6
TCCAGGGTATATACGA-1,5
CTCGCCGAATGTAGGG-1,6
AGGAAGCTGTCCGCCG-1,5
GTCTCAAGGCCCGGCT-1,5
ACCGACACATCTCCCA-1,2
TATACGCGTCATCACT-1,4
ATCTGGGCTGTTCTTG-1,6
TCAAATTTGAGACTCA-1,2
GTTAAGGGTGCGATGT-1,5
AGCAAAGGCCGCTAGT-1,1
TTATAGGTAATTGTCT-1,5
TTGTGCAGCCACGTCA-1,5
ACGGACTCTCAAAGCG-1,5
ATGCTCTGGCGCGGTA-1,5
ATAATCTTGGAGAACC-1,6
CTCATTGCTCTAACAA-1,5
TAGGTGACGATAACCT-1,6
CGGATCCTCAAGGACT-1,5
GGGCGTGGTTTCCCAG-1,5
TGGCTATGTGACATAC-1,6
CTTAGTGTAGTAGCAT-1,6
GGATTGCTGTGACTCC-1,6
ACTTCCATGCGGGACA-1,6
ACTCAAGTGCAAGGCT-1,1
ACAAGGATGCTTTAGG-1,5
TTGAACGACGTGCTGA-1,6
ATTCATCGTTGAGGCA-1,2
TGCAACCCATCTGCGG-1,6
AGTGCTAAACACAGCA-1,5
AACTCCAGAGCGTGTT-1,6
TCTCCACAAGTTGAAT-1,5
CTTTGCATCGCTCTTG-1,6
TCACAAACCGAGGTAC-1,6
CCGTAGGAAATCCCTG-1,6
AAACATTTCCCGGATT-1,4
GCCTCCGACAATTCAC-1,6
TCTGCATACCTTGCTT-1,4
ACCCATTTGTCCCTCT-1,5
CTGCAGAGAATCAGAG-1,5
GGAAACTAAATGGGCC-1,7
CAACCTACCGAGCAGT-1,1
CCGTAGGGTTGTTTAC-1,3
GGTTTGTGACCTGAGG-1,5
TAACCTAGGGAGTCCA-1,0
TTCCATCGACAGCGTG-1,5
ATCTCCCACGGAATAT-1,5
GTTTCAAACGAGTTGT-1,6
GGAACTTTGGCGATTA-1,7
CTGCAAGCACGTTCCG-1,7
CACAGTCCCGCTTCGC-1,7
TACGCTCGGTATTGGA-1,1
CTGGTAAAGTGTGGGC-1,3
CAACCAGTGGCCTACC-1,3
TCTTCGCGGTGAGAGG-1,2
TTCGGGTTGCCACGGG-1,3
ACCGATAGGCATAACC-1,1
CTTATAGATGGCTGTT-1,3
AGACGCCCACTTCGCC-1,3
AGGTCGCCTCCCAACA-1,3
CCTCACGTCAGCTAAT-1,2
CCACCTGTATGGAATA-1,5
GGACTCGAAGCTTTCA-1,3
AAGCCGGAGAGCAGGA-1,3
GCCTATCAGGTAAGAT-1,3
TCAGAGTGTGAGCATG-1,3
AAACATGGTGAGAGGA-1,4
ATCATTGTACCGCATT-1,5
TCAGCTTGAGCTTTCG-1,3
CCGCGCAAGATACCCA-1,1
CTATACTTAAAGCGAG-1,6
ACCGTCCACTGGGCCC-1,6
AAGACCAAATAACTCA-1,1
TGTTTCTGAAGCGTGC-1,1
TTCTCTTACAGGTGAT-1,5
AATTCATTGTCATGCA-1,5
GCCCGAGAGTCTAAAT-1,6
ATATAGAGTATTGGTC-1,5
TTGAAGGATGGGCGCC-1,4
TAGTACCACAACTTTC-1,6
ATCCCATCCACAGCGC-1,1
CTTAGGTATAGACCAG-1,6
TGACTCCGAATCATAC-1,6
ACTACATCCCGACAAG-1,1
TTGCCGCAGACCTACA-1,5
TAAGAGGGACAGGGAC-1,6
CGAATGAAGTCATTGC-1,5
AAGGGAACGACTGGCT-1,5
CGAATCTGCTCGACGC-1,4
ATCGTGGAAAGTCTGG-1,6
CCTATGGCTCCTAGTG-1,6
CGTCGCTTGGTTATAC-1,6
TGCTTAGAGAGAATGC-1,6
GATTGCTCCAGTTGCA-1,1
CGTGCTTCTACCTAAA-1,1
ACTCCAATATCATCAT-1,5
GCCGACCCACGACTGC-1,5
GAGGGTAGTAACAAAG-1,1
GGCCGAGACTCTGGTG-1,5
TATATAGGGCTTTACG-1,5
TGCCGGATGTACGAGC-1,4
AGGTAGATCGAGATAT-1,1
GATCAACATAAAGGGA-1,4
TAACAGCGTTTGTGCT-1,6
CTATAGGCGTTGATGT-1,4
GGTTTAATTACCATCG-1,4
CTCTTCTGGAAGTTAG-1,4
ATCTGACATGGAAGGA-1,4
TACGTACTAGTGCTGA-1,5
ATGACTATCAGCTGTG-1,5
CTTTGGGATTGTTGCA-1,5
AGACTGTTACCGGGTC-1,1
TCCTAACCGTCGGGCA-1,1
ACGCAAACTAATAGAT-1,6
AAGTGAGTCGGGTTTA-1,1
TAAAGCGGTATTTCCA-1,6
CTCCTCCAGCTCACAC-1,1
CGGTCCGTCGCAAGCC-1,1
CCTATATTTGTCCTGG-1,5
TCCAATAAAGGCTACC-1,5
AAAGGCTACGGACCAT-1,2
CGTGACCAGTCCTCTG-1,4
GATCTGCTATCTAAGG-1,6
CGAATGACGCATAATG-1,5
GCTCAATGTAATACCG-1,5
CTATGCCCGAATGCAA-1,5
CACAGGGCCGTTGTCA-1,5
TCAATACGCCGTCATG-1,2
AGCGGACACTTCGTAG-1,6
ATACGTTATGCACGGA-1,5
GAGTAGATACTAGTTG-1,5
CCAGCTCGAACGCATT-1,5
TGCTTCCCAAGCAGTA-1,6
GTAGACACGCCTGACT-1,5
CTCACATTTACTAAAT-1,6
GAATGCGAATCGGTTC-1,5
TAAGGCCCGTCACCCT-1,4
GAGTATGCGCGTGCAT-1,6
ATCCACATCGACAGAA-1,2
TAGACGAAACGCCAAT-1,2
CAGCAGTCTGTGCTGC-1,6
CTCACTGTGATACTTA-1,5
TTAATTGCTTTGGGTG-1,1
GTAGTCTACGATATTG-1,5
TTGCCGCTTTCTAGTA-1,1
GAACCTTTAACGATCC-1,5
TGGACCAATCTAAGAT-1,6
CTAGTAGAAAGGGATT-1,2
AACCTCGCTTTAGCCC-1,6
GAGTGTCAACCAGAAA-1,2
GTGATCCTTGTCATGA-1,5
CTCAACTAACCCGGAT-1,1
AGTGGCGTCTGAAGGT-1,5
GGGAAGGGCTTTCTCA-1,4
AGGCCTGAGAATCTCG-1,2
AGCCACAGGTTACCCG-1,6
TGCAATCTAACACGGT-1,1
GTTTGGGTTTCGCCCG-1,5
CCTATGTCCACTCCAC-1,6
CTGCCTTTCTAGTAAA-1,1
TTAGTAAACCTGCTCT-1,6
TTGTGGTGGTACTAAG-1,5
CCTCCTGTTGTGTCGT-1,6
ACAAAGCATGACCTAG-1,6
ATAGCAACTAGGGAAG-1,3
CCGCTCTTCCGAACTA-1,2
TAGAATAGCCGATGAA-1,4
GGTCTCCGTCCAGGTT-1,1
TAATTACGTCAGTAGA-1,4
TACGTAAAGCGGAGTG-1,3
GCTACAATCGAGGATA-1,5
TCAGCCAATCCGTAAA-1,1
ATCATAGCCCTATGTA-1,3
GAGGCCTGTTGATACA-1,1
ATATACGCTCGTGACG-1,6
CCCTTTAATGGAGTTC-1,3
TTACACGATCTGCGAC-1,6
TCGCATAAAGGGCGCA-1,4
TGTAGCCATCCCATTC-1,7
GGGTCTATCGCTTTCC-1,3
GGAGGGTCAAGTAAGA-1,7
TACGGCATGGACGCTA-1,3
CACGTCAATCAATGGA-1,7
CGCTTGGACGGATAGA-1,3
CGCGGTACGGTATACA-1,3
CCTACTCAACACGATT-1,2
CGTTTGGTGTTGTGGG-1,2
GTTGTTGCAAGATGGC-1,7
CATTCGTCGTAGCGGT-1,3
CAGCCTCGATAGCGGT-1,3
TCATAAGTCCAAGAAG-1,3
AAAGTGCCATCAATTA-1,3
GTTGCAGTCGACAACA-1,3
TAAATGGGCTACTGAG-1,3
GGACAAGCCATGATCG-1,2
TCCAATGCGTCGCCGC-1,3
AAAGAATGACCTTAGA-1,1
CCTATTATTCCGGCCG-1,3
CAGTAAGGGACGTCTC-1,6
GGGATGGACCCGCGTC-1,5
GACGCATACCCGTCGG-1,5
GGGCAGGATTTCTGTG-1,6
TATCTGAGCCGATATT-1,6
AATGTATGGCACTGTA-1,5
GCCTTTGTCAGTGGAC-1,6
AACCATAGGGTTGAAC-1,5
AAACTTAATTGCACGC-1,1
TAGGCGGCTGCAAAGA-1,1
TCCATCAATACTAATC-1,5
ACCTCGAACTTATGCT-1,6
ACAAACCATGCGTCCT-1,1
ACACCGGTCTGACCGC-1,6
ATGGCAGCATTACGAT-1,6
CTGGTGAATGGGCCTA-1,2
CACAGAGACGAGGACG-1,6
GCACAAACCCTAGATG-1,5
ACTATGTCCAGCTGCC-1,2
AAGCCGCCGTGAAATC-1,5
ATGGGTGTATACCTCC-1,6
TAAGCGCGAATCAAAT-1,5
AGCCCGGCATTAGAGG-1,4
GTGATCAAGCGTGCAC-1,6
CTGCCTTTAATACCTT-1,4
TACCTCCACACCAATG-1,6
GAGCATCAACAACTTG-1,4
CATACGAACTAGCTGG-1,4
GGGAACGGTTTCAGAT-1,4
AGGGTGCCGTTCTTTA-1,5
ACGACTGGTCATACTC-1,6
GGATCTTACTGCCCTT-1,4
TACTCCTCTAGTTGAC-1,2
GTAGCTCCGGGAGGCT-1,6
GGACTCGTGAGTGGTC-1,1
GTAGTTCGAAGGCGAA-1,5
CTCAAACCACTGCCCG-1,6
GAGGGAGTCAGATCGC-1,5
GCGTCCCTAAGACATA-1,6
TCTCTTACCGCGAACC-1,1
GGCTACTATACACTCC-1,5
CGTTGCCCGCGTGGGA-1,5
TATAGAGTCGCTTGAA-1,5
ATGTTGTAGTCTGTTT-1,5
AGTATACACAGCGACA-1,4
TGTGGTTGCTAAAGCT-1,5
TGATTCCCGGTTACCT-1,6
CACTGACGATTGTGGA-1,6
AACATTGTGACTCGAG-1,6
GTCCAATATTTAGCCT-1,2
GCTCTTTCCGCTAGTG-1,6
GGGTCAGGAGCTAGAT-1,4
AGGTGGTGACCTTCGC-1,5
CCCGGGTCGTTCAGGG-1,5
AGCCAAGCTTTGTGTC-1,5
TGTGGCGGGCTTCTGG-1,4
CGAGGGTATCCAGGTG-1,6
CGTTCAGACCCGCGAA-1,5
TCATATGAGCTTTGTT-1,4
AGTTGACGGTCCTTGC-1,6
ATAATTAGCTAAGTAG-1,5
GGTCTTGAGCGCTCTT-1,2
CGTTGTCGGCAATTGA-1,5
TCTTGCTCCCGATACT-1,1
AGCAGAAGGAGAAAGA-1,5
GAAGCCACTGATTATG-1,5
TGCTCTTGAGAGTTTG-1,6
GACATCCGTCGAACTG-1,6
AGATATAATACGACTA-1,1
TCGCTACTGGCTTTGA-1,2
GTGACAGCTTCCCACT-1,1
GTGACGCAGGTTTCAT-1,4
GGGAAGACGGTCTGTC-1,5
CGTCGCATGTGAGCCA-1,5
AGAAGGTTGTAGGTCG-1,5
GGCCGGCGTCTGCTAT-1,5
TTGACCAGGAACAACT-1,5
AGTCGTATAAAGCAGA-1,5
GGCGTAGGGAAAGCTG-1,5
AAACCTAAGCAGCCGG-1,6
ATTGCCTTTATGTTTG-1,6
CAGGCAGTCTTACCAG-1,5
AGCTAAGTACGCAGGC-1,5
AAATCCGATACACGCC-1,1
CGAGAGCTTTCACTAC-1,6
CGCCCAGCGTTTCACG-1,2
TTAAGTATTGTTATCC-1,5
AAACGGGCGTACGGGT-1,5
GTATCCTTTGGTAACC-1,6
CATAGTCAAATACATA-1,2
TCTATGCTATAACGAC-1,5
ACGTTCTGTACAAGTC-1,6
CGCGAAGTGGCATACT-1,5
ACCAACCGCACTCCAC-1,6
GTCATGCGCGAGGGCT-1,3
TAGGCTAAAGTGGCAC-1,6
TGGCTACACTCTACCT-1,3
TGTCCACGGCTCAACT-1,5
AATTGCAGCAATCGAC-1,3
GTCAACCAGGCCTATA-1,5
ATCTTATCGCACACCC-1,2
GTCTATTGCATGCTCG-1,3
GCACGTGGTTTACTTA-1,2
ATTCGCGCCTTGAGAG-1,3
AGCGATGCGCCTAATA-1,6
TCTATAGGTGGGTAAT-1,1
AGATACCAATAGAACC-1,6
CGTGTATGGGAGCTGA-1,1
ATGTACATGCGGTGAG-1,5
TTGGCTCAATATGTGT-1,2
GTTCGGAGCACTCAAC-1,3
TCCCTCTTCTCAAGGG-1,3
TTACGTATCTATGACA-1,4
CCCATATAGGTCGATT-1,3
GTCCACGTCGCATTCG-1,1
AATTGTGGTTGCCAAA-1,3
AGGAACGAACGACTTC-1,3
TAATTCCAATGCTTCA-1,3
AGGGCCCTAATGTTCT-1,3
AGGTGTTGCCGACCAC-1,3
CTGAGAGTAGAAATAC-1,2
TAGAAGAAGGGTTACA-1,3
GGTGACTGATAGAGAG-1,3
TACCCTCGGTAACCCT-1,1
TGTAAGACTGATAAGA-1,3
GTCACTCATGAGCGAT-1,5
CGGTTTACTGAACATT-1,1
GAGATCGATCTTACTC-1,3
TCTTTCATCCGTCCTT-1,4
TCGGATCTGGATGACC-1,2
GTCCTAGGATACCTTA-1,1
TGTACCCGACCCTAAT-1,5
AGGTTCTCCTTTCCGG-1,5
AATTGCGTGGATTACA-1,5
CGATAGCGATACAGTG-1,4
CGCCCTAATTGTTCAA-1,6
ATTATGAGACCCAATT-1,6
CCTCCTAGCTAGAGTC-1,6
CGAAGGGTTTCAGATT-1,6
CACAAGCTAAGAAAGG-1,1
CACCGGTAGAGACATT-1,6
ACTCATGGCAGCCTTC-1,5
CATCCAATATAGTTTG-1,1
CAGATATGAAGATGAC-1,5
GCAAAGGGCGTTAGCC-1,5
CTGTTGTTCAGTCGTA-1,5
AAAGGCCCTATAATAC-1,6
AACATTGAAGTTGATC-1,5
GCTAGCGATAGGTCTT-1,5
ATTGCCTATTAGACCG-1,6
GGGCGTTTACATTCAT-1,4
CCTCTACAAGGATTGG-1,6
AGTGACTGTGACACAA-1,6
AGCCCTCCCTGGTGGC-1,6
CGGTTGAGTATCCTTC-1,2
CATTATCCCATTAACG-1,5
AATGTGCTAATCTGAG-1,5
CTTAGTTGAGGAATCG-1,4
CTTCTGGGCGTACCTA-1,6
AGTCAAATGATGTGAT-1,5
TGAACAAGCAGGGACT-1,6
AATACCGGAGGGCTGT-1,1
GTTTGGTGATCGGTGC-1,5
GACTGCTGGTGAGAAA-1,5
CGATCCTCGCAACATA-1,6
CCAACCTTATGTAACT-1,1
CGTGGTACCCAAAGGC-1,5
AACCCGACAACCCGTG-1,4
TATGTAAAGTGCTTAA-1,5
GCAAGTGTAAAGCATG-1,6
GTAACTGCCCAAGGAG-1,5
GGTGCATAAATGATTA-1,6
TAGTCCCGGAGACCAC-1,1
CGGCCAGAGCGACCAT-1,4
TGAATGAGTGTTTCCC-1,4
TTCACTTCCTAGAACG-1,5
CGCTTAGTATTGATAC-1,5
AACGCGACCTTGGGCG-1,5
GTGCACCAGCTTCAAC-1,5
TTCTATTAAACGCAGC-1,5
TGGCAAGCACAAGTCG-1,4
ATCTGCTGTTATCGCC-1,1
AATTCCAAGCATGTAC-1,5
AAACGGTTGCGAACTG-1,5
GAAGGAGTCGAGTGCG-1,1
GGCAAGCCCATAGTGG-1,5
TGACCAAATCTTAAAC-1,6
TTCGGTACTGTAGAGG-1,5
ATGTACGATGACGTCG-1,4
ATCTAGCTTGTGAGGG-1,6
AGCGGGTCTGACACTC-1,5
GAGGTACGCGTGTCCC-1,6
GCACTGCCTACCTTTA-1,4
GGAGCGAGGCCTACTT-1,5
AAACTCGGTTCGCAAT-1,1
GGCGCTTCATTCCCTG-1,5
TGCTCGGTGGGTCACC-1,2
AAGCGCAGGGCTTTGA-1,5
GACCTTCCACGTCTAC-1,6
GTTAGCCCATGACATC-1,6
AATTCGATTCGAGGAT-1,6
AGTCTTTAAAGTGTCC-1,6
GACTAGGCCGTTAGGT-1,2
TCCAAGCCTAGACACA-1,4
GATTGGGAAAGGTTGT-1,4
GATGAGGAACCTTCGG-1,5
TGAATACCGACGCGTA-1,6
AATCGTGAGCCGAGCA-1,6
GCGAAGAATCTGACGG-1,6
GAACAACTGGGATGAA-1,5
TCGCCGACATATTCGC-1,6
CGTAGAGAGTAATTAT-1,5
CGATAGTCGTACTGCA-1,6
CGCATGCCGAATGCGT-1,5
CTCTAGCCCTCGGAAA-1,5
TCCAACTCAGCTATCT-1,5
GTCTAGTGAGCCGCTT-1,5
TACCGAATAATTGTAA-1,2
ATATAACACGGGCGCA-1,6
GCATGCTAATAACGAT-1,6
TCCGGGCTTGACGGGA-1,6
ATTATTCAGAGTCACT-1,5
TAGCAGTATGACTAAA-1,3
TATGAAGAATTAAGGT-1,3
CAAGGCCAGTGGTGCA-1,1
TGCGTACGGCTAATTG-1,3
CAGATAATGGGCGGGT-1,3
GAGAACGGTTCTGACT-1,3
CGCTTCGGTCTAAGAC-1,5
AGCATTACGAGGCAAG-1,6
AAGTTGTGATGTTATA-1,1
TTGCTCATAGTACGTG-1,2
TACTTAAACATGTACA-1,2
AGTGAGTCGAATTAAC-1,5
TAGGCCTATATAGTCT-1,2
ACTCGCCGTTCGATAA-1,4
GGTACGTTGCGGCCGG-1,3
TATTGCCGGGCTTGTA-1,1
GGTAAACTCTGCGCTG-1,3
TCCCTTGTCTGAAACT-1,2
CATGATCGCTTTGAGA-1,3
GGACGGGCGACCAACC-1,1
GAGAGGCCTATGTGTA-1,1
TCGTAACTCCCAAGAC-1,5
CGTATCTAGAACTAAG-1,2
GCACCTTCCCGAAGGT-1,3
TACCTCTTTACCATCC-1,2
TGACTCTAACTGGTAA-1,7
GAGAAACTGGATCCCA-1,3
ATCCGGACCAGCCTGA-1,3
TTATTTAGGTTCCTTA-1,7
CGAATTCCCGGTTCAA-1,3
TAGTTTGATCGGTCGC-1,5
AGTCGAAACGATTCAG-1,2
ACGTCGGGCAACTCGG-1,5
ACTTGCTCTATCTACC-1,1
ATTACGGGCTACGGTT-1,6
GCAAACGTAAGCGACC-1,4
TTCGGACTGGGCATGG-1,2
GGGCCATTCGTGCTGG-1,6
GAGTTGTCACCAGTCT-1,5
AGTAATTTGCAAGCGT-1,5
GTGGCCGGTTTCTCGG-1,4
ATCTTAGGGCATTAAT-1,5
CTACATATCGCGGGAC-1,4
ATGGTATTTACTGATT-1,5
CCGTCAACCTCTGGCG-1,6
GCTTCGACGTTCAATC-1,5
GACCGATTAAATATGT-1,6
GTCGAATTTGGGCGCT-1,6
TCACGGCCCAAGAGAG-1,6
CTACGATCCTATCCTA-1,5
TGCAGTGGTAGGGAAC-1,5
TTGCCTAATCCAAAGT-1,2
AGCGAGACGTGAAGGC-1,6
TTCTACCTCAATCGGT-1,5
TACGCTGCTGTGTTAA-1,5
TAGTCCTGCACTAAGC-1,1
AGCACACGTTTAGACT-1,6
GTTCGACAATTGTATA-1,4
CCATGTTCATCTATAT-1,4
CCCTCGATAATACACA-1,6
ACTGCCCGCCATTCTC-1,6
CTATATCCAGCCTGGC-1,2
CGCACGTCTGTTTATG-1,1
AATCAGGTTTCATTTA-1,5
AGAGAAACACCAGAAA-1,5
ACCCGATTGGTTCCGA-1,1
TACCAGGAATCCCGTC-1,6
AAGTGCTTCTCTATTG-1,6
TGCATGTGACCCATAG-1,4
TAGATTCAAAGTGCGG-1,6
AGGGTCAGAGCACTCG-1,5
GTGAGATAACCTTATA-1,6
GTGTCAGTGTACGTGG-1,6
CTGTAGTGAGGATCGA-1,2
GATAGTGCGAGTAAGT-1,4
AGGGTTCAGACGGTCC-1,5
GGACTCGACAGCGCAT-1,6
CACTCTCAAGCATCGA-1,5
GAGCGGAATGCGGTGT-1,4
CAGTTCGAGGACCCGA-1,5
CGTAACTTCGACACTT-1,4
TGATCACCACACTGAC-1,5
CATACTTCTTTCTCCG-1,2
CAAGTAAGTGATAGAC-1,5
AGCCCGCAACAAGCAG-1,5
GCTCCATGCAAAGCAA-1,1
TCGTACCGACGTCAAG-1,5
ATTATCGGAATGTACG-1,6
ACCTACTATAAATCTA-1,1
TATCCTATCAACTGGT-1,2
GCGCGGTCTAGTAACT-1,6
CCTTCGTATAGAATCC-1,6
TGGGCGATACAATAAG-1,5
TGACATGTAACGTGAC-1,5
TTGGGAAGACGAGCCG-1,5
GGTGTAAATCGATTGT-1,4
GAACTGTGGAGAGACA-1,5
TCCACATCGTATATTG-1,6
CCTATGGTCAAAGCTG-1,2
TCCTTGTCCTTTAATT-1,6
AAGTTTATGGGCCCAA-1,5
GTCCGGGTTCACATTA-1,6
ATGTAGCGCGCGTAGG-1,6
TACGGAAGCCAAACCA-1,5
GCCCTGAGGATGGGCT-1,6
CGGGCGATGGATCACG-1,6
TGCGGACTTGACTCCG-1,5
TAATACTAGAACAGAC-1,6
TCAAATTGTTGTGCCG-1,5
GGGCAGTCAACGCCAA-1,5
TCGCTGCCAATGCTGT-1,5
TACGTGGGCCCAGGGC-1,6
GCCTACGTTCTGTGCA-1,6
TTGCGTGTGTAGGCAT-1,6
TCCTAAAGATTCAGAC-1,6
TGGGTGCACAAGCCAT-1,1
GGGAGCGACCGTAGTG-1,5
CATAGAGGAGATACTA-1,6
CTTCGATTGCGCAAGC-1,5
GTGCCTGAGACCAAAC-1,5
TCATCCTCAGCTGCTT-1,5
TGCAACTACTGGTTGA-1,5
ATGTTGATTAGAGACT-1,1
GTTTCTAGAGGCGCGG-1,6
TACAAGGGCTTCTTTA-1,4
ACAGGCACGGATCCTT-1,5
CCCAAGTCATTACACT-1,6
ACTCTGACCTAATAGA-1,4
GGATGGCTTGAAGTAT-1,3
ACCCTCCCGTCAGGGC-1,3
AGCTTCTTCTCGAGCA-1,5
TTGCGCTTGATCAATA-1,5
TGGGTGTAATAGATTT-1,2
CATGGTTTATTAATCA-1,4
TTGCCTTCTCGCCGGG-1,2
TTAAAGTAAGTCGCCA-1,4
AGTTGGCAAGGCTAGA-1,3
CCGCACTTGCAATGAC-1,6
AATGTTGTCGTGAGAC-1,3
CCAAGGTTGCCCTTTC-1,3
TGTGACTAGAGTTTGC-1,3
TTGTGATCTGTTCAGT-1,6
GGAGTTGATTCTGTGT-1,1
GTAGTGAGCAACCTCA-1,3
AAGACATACGTGGTTT-1,3
CATCCCGAGATTCATA-1,3
GGCCGCAGGAACCGCA-1,3
CCAGAAACTGATGCGA-1,1
ACCCGTAGTCTAGTTG-1,3
AGGGTCTGGACGCAGT-1,3
TTGAAACCCTCATTCC-1,3
TCAATCCCGCGCCAAA-1,1
AGGACATCGGCACACT-1,3
GACAAGACGCCCGTGC-1,1
GAGTAAATTAAGAACC-1,3
TAAGTCGGTGAGCTAG-1,3
CTTACTGACTCCTCTG-1,7
TTAACTGATCGTTTGG-1,1
CGCGTGGGCCTGTGTT-1,4
GCTGAAGGGTTCTTGG-1,5
TCGCGCGTTTACATGA-1,5
CCTGTCGTGTATGAAG-1,5
CGGGAACGCCCTGCAT-1,2
AGTTGCGGTCCTCAAC-1,5
GGGTCCTTGGAAGAAG-1,1
CGGGAAGTACCGTGGC-1,5
ACGGTCACCGAGAACA-1,4
TAGACTCAGTTGGCCT-1,6
CCTTCCGCAACGCTGC-1,4
CAGTGTTAATCTCTCA-1,5
CAGGCCAGTACCACCT-1,6
GATCGCTGTGGTGCGT-1,5
GTATCTCGGGCGCTTT-1,5
CCGGGCTAAGAATTTC-1,5
CTTCACGCCCTGGTAC-1,1
CGGATGAATGCTGTGA-1,6
CTCTGCAGGCATTCTT-1,5
TCAAAGTCACGGCGTC-1,2
TGGGTTTCGGGCGTAC-1,4
TGCTATGGCAAAGGGA-1,1
TTCACGGTCGTCACGT-1,4
CGTAAAGCAAGAAATC-1,2
CTGATCCCTTTATGCA-1,5
GAGTATACCCTAATCA-1,2
CCACGGCAGGTGTAGG-1,6
ACGTACTTTGGCACGG-1,4
CCTGAGAATAAATGCA-1,6
TTGATGCCGCTCGTCG-1,1
GCCAGGAAAGAACACT-1,4
TCCGACCGCTAATCAA-1,6
TATATCAAAGTGATCT-1,6
CCTCGGTTTCCTTGCC-1,2
TAAATTTAGTAACACC-1,5
CTCGTTACGGCTACCA-1,6
GCCGTCGGTTTCGGGC-1,5
GTTCCGTCCGCCTGCA-1,6
CTAGGGATAGGGACAA-1,1
GTCCAGGCACGTGTGC-1,5
GAGGAATATCTCTTTG-1,5
CGTTCAAGGAAACGGA-1,1
GTGGGAACAAACCGGG-1,1
GGGCACGTAGTACTGT-1,5
ACTACAAAGAGAGGTG-1,6
GGTGTAGGTAAGTAAA-1,5
CCTGTTCAACCTCGGG-1,5
TGAGGTGTGTGGCGGA-1,5
ATTGTCTGTTTCATGT-1,2
GCCGGTCGTATCTCTC-1,6
ATATGGGATAGCAACT-1,5
GATAGAACCCGCTAGG-1,5
ATCCCATTTCCGTGGG-1,6
GATGCTACCTTCGATG-1,5
TGCAAAGTTCGTCTGT-1,6
GTTCAGTCGCCAAATG-1,5
GTCTCCGCCTCAATAC-1,5
AGTAGAAGGCGCCTCA-1,1
GTTGTAGATTTATGAG-1,5
CTATTTGCTTGGAGGA-1,1
AGCCATATAGTATGTG-1,5
TGTTCCGGCCTGAGCT-1,1
TGCCGTGGGACCCAAT-1,5
TTGCAAGAAGACTCCT-1,5
CCGCTCCAGGGCGATC-1,5
CAAACCCTCCGGCGGG-1,4
CGGACCTTTACGTCCC-1,6
ACGTAGGAGAGTCGCT-1,2
CTGCGACCTCGCCGAA-1,6
GGCCCAGCTGGTTTGC-1,6
GGATTAATCATGGACC-1,4
GAGATGGCTTTAATCA-1,5
AGTACAGAAGCTTATA-1,5
GCGGCTTTAGCAAGTT-1,6
ACCGAGTCTCCTTATT-1,5
GACCACACTTCCCTTT-1,5
TGTAGCCAATTCCGTT-1,5
CTCGTCTGTGCCTTCG-1,5
GGACTCTTTGACTAAG-1,2
TCATCGACGACCGTCG-1,5
TACTACGTGCAATGCG-1,5
CCCTACTTGAACAATG-1,2
GCAGCTGTCAACGCAT-1,6
ATCTACCATCTGCTCC-1,5
TCTCAAATCAATCGGG-1,6
ACTCCGGCCGACCACT-1,2
TACACCTCTTCGAATC-1,5
GTGGCTGTTTCTGTTC-1,1
ACGACTCTAGGGCCGA-1,6
TCGTTTACGCGACCCT-1,6
AGGATATCCGACTGCA-1,5
GACACTTCCAATTACC-1,1
ACGGTACAGTTCAATG-1,2
CTTGATGACCATCCAG-1,3
CTGGTAAAGACTTACA-1,2
CTTGCCCACCCACGCA-1,3
CATTACGCAGGAAGGG-1,5
GGACAACCATGAAGCC-1,1
GTTATCAAGCTATCGA-1,1
AGGTGCACGTCCACAT-1,3
AAAGAATGTGGACTAA-1,3
ACCAAGTCATCGGCAG-1,3
AGTAACTATAGCAGCC-1,3
GGGAAAGAATGCCAAC-1,3
AATCGGTATAGCCCTC-1,3
GGCACTGCGGTGGTTT-1,3
CGTCCTCATCGCGTGC-1,2
CTTAACTTACAGTATA-1,3
GTGAGTCGACTAATAG-1,5
TGTACTTCCGGGCATG-1,1
CACAAACCGCAGAACT-1,3
GCTTTACACAACTGGG-1,3
CACCGATGATGGGTAC-1,3
TCAATATACAGGAGGC-1,3
AACGACCTCCTAGCCG-1,3
GTTACCAAGGCGTACG-1,3
TAGCTCACTGTGTTTG-1,1
TCGGCAGGGTTAAGGG-1,3
TGTTAACAAAGTGACT-1,3
CAGAGCGATGGATGCT-1,1
CATAGTGGGCACGCCT-1,3
AAACGCTGGGCACGAC-1,3
TGTTCTCATACTATAG-1,3
TATAGTTAGGTGTACT-1,4
TTCTCAATTGCTACAA-1,4
GTTGCCCTAACGGGTG-1,5
GACATTTCGCCCAGCC-1,5
GTAACTACGTAGACCT-1,6
CCAGTGTACAGACCGA-1,1
GCCCGATGCCCAGTTC-1,2
CGAACCTCTTTCCTAG-1,2
CATGCACATGAGAGGC-1,5
CCAAATCAAAGGGCAA-1,6
GTAGTTTAAGCACACG-1,5
TAAGTGAATAGTCTAC-1,6
GGTCCACGTCTATTTG-1,6
CCCTCAGATCGAGAAC-1,6
ACATTCGCGCGGAATA-1,6
CTATGAACACCTTGCC-1,5
CGAATGGTAGGTCGTC-1,2
TCGACATAGCGTAGCG-1,6
GACGTTGCTCGGCGGC-1,5
CTCGAGGCAAGTTTCA-1,4
GCTGGGAGCGCGTCAA-1,6
GACGATATCACTGGGT-1,5
CAGCTCTGGGCTCACT-1,2
TAGTCTGCGGCACATT-1,5
TGGTCGATATACCTCT-1,5
TTCAGTTCAAGAGGAG-1,6
GTCTGTAGGTTGAACA-1,5
GAGAGTCTCGGGAGAG-1,5
TTGTTTGTATTACACG-1,5
GCACAGCACGGGCCGA-1,6
AAACAGTGTTCCTGGG-1,6
TGGAGAATAATCGTCC-1,4
CGCCGCGTTCTGAACG-1,5
CATGCGTTGAGAGGAG-1,6
TACGCTCCTAGAACTG-1,5
CCTTGTGAACGTGGTT-1,1
TTAAAGGCGATGCTCG-1,5
TAAAGTGCACGTCTCG-1,5
TGTCCGCAAACAATTC-1,6
AGGCCTATCATACCAA-1,5
ACTGGGATGCCAGTGC-1,4
CGATCCACCATTGTTG-1,5
GGGCATGCATGTCGAG-1,5
TCCAGGCAGGACGATC-1,5
CAATGACCCTTAATTT-1,5
ATCAAGATCCCAGGAC-1,6
CTCAGAGCTAATGTCG-1,5
CTGCGATTTCGAGATT-1,5
ATGGTATTGGGAACCG-1,6
TAGGTTCTGCTGAGAA-1,2
GCCTGTCCCGGTGCAT-1,5
GGCCTGCTCTGATGTT-1,5
TAGAGGGAGTTTATCT-1,1
CTCTACATCCTGCGTG-1,6
ACACATTTCCGTAGAC-1,4
TGGGTGTTAAGTAGAA-1,6
GAGCTCAACATGAGCG-1,5
GCACACAGCTATTACC-1,5
GCGACGGTAGTCTCCT-1,6
GTATCAAGGTACTTCC-1,5
GGAAAGGGAATTGAGC-1,6
TACACAGCCGTGGTGC-1,6
CGGTTGGGCAGGGTCC-1,5
GCACGCCGATTCCCGC-1,5
CGCTTTCCGCCAAGGT-1,5
TGCCCGATAGTTAGAA-1,6
TCAGAACGGCGGTAAT-1,5
CCACTCAGATCCGCAA-1,5
GAAGGGTCATTAAGAC-1,5
GCGGTCTTGCTTTCAC-1,6
GGAAGGACACCGTATA-1,5
CGCGGGAATTCCTTTC-1,6
TCTATCCGATTGCACA-1,1
TACTCGTTTGAATCAA-1,5
GTCTGCCGACTCGACG-1,6
TACGGGTAATAACATA-1,6
CCAGTTCGGTAACTCA-1,5
CGTGCACACCACTGTA-1,6
CTTCAGTTGGACAACG-1,5
TGATCTATCACACTCT-1,6
TAGCAGATACTTAGGG-1,4
CACCGGGCATCACAAG-1,1
AGTGGCCCGCAAATGG-1,6
CTCGCTAGGTAAGCGA-1,5
GATAGATAGTACAGTC-1,3
CGAGACTACTGCTGCT-1,3
ACATTTGAAACCTAAC-1,5
GACACAGCCGGGACTG-1,2
ACGGAACACGAGTGCC-1,5
ACGCCAGTGCGTTTGC-1,3
GCACCTAGGCGAGTCC-1,3
TCACTATCCCTTCGGT-1,3
TGAGTGTAACAACGGG-1,3
ATTGGTTGTGCATTAC-1,2
CTGGCGATTTACATGT-1,3
TCCACCAAGACATAGG-1,1
AACGTCGCTGCACTTC-1,2
GTCTCCCGAGTCCCGT-1,1
AGCCCGCACTACAATG-1,3
GGCACGCTGCTACAGT-1,5
GCTTGAGTGACCTCTG-1,5
ATAGCCATAACAGTCA-1,2
TAGGAGGCTCGAGAAC-1,3
GTCGGGTGAAGTACCG-1,3
CACCCGCGTTTGACAC-1,3
TCTCAGGCTACTCGCT-1,3
TAGATTCTCTAGCAAA-1,2
CCCATTATTGTATCCT-1,2
GTTAATAGCGTCATTA-1,5
TACTCATTGACGCATC-1,3
TAGTGACAAGCTCTAC-1,3
ATCGCCGTGGTTCATG-1,3
CTGCTCTCAACACACC-1,7
GCATGACACAAAGGAA-1,2
CAACGATCGATCCAAT-1,3
CAGGGAGATAGGCCAG-1,5
TCGCCACCCGGATTAC-1,5
TCTTGGTCAATGATAC-1,5
CATAGGGACACTTGTG-1,4
CACGAGCAAACCAGAC-1,2
GGGATATTGATCGCCA-1,2
TAATGTCGGTTCATGG-1,5
CGATTTGTCATTAATG-1,5
TTAAGATACCCAGAGA-1,6
CGACCGTTGGTATTCG-1,5
ACTACCATCCGAGGGC-1,4
TCTACGCACGATCTCC-1,5
AAGCCACTTGCAGGTA-1,2
ACGTTGTCGTTGAAAG-1,6
ACCGCTAGTCATTGGT-1,5
CATGAGTCCATCACGG-1,4
ATGTCTTGTTTGACTC-1,5
TCCCAAACATCCTCTA-1,6
CAACGCGATGAGCCAA-1,5
GACACCCAAAGACGCG-1,4
ACGTTCACTATGCCGC-1,6
ATGGACTGCTTAGTTG-1,5
CCATGGCAAACGCTCA-1,6
TTGTCTCGGCAAGATG-1,5
TTCGAACGAAACATGC-1,6
GGAAAGTCTTGATTGT-1,6
ATCATAGATCGACGAG-1,6
GATTAGAAACAAGCGT-1,5
GCTGCGAAGAATTATT-1,5
TTCCAGTGGGTTTCGT-1,6
GCTCATTGATCATATC-1,5
ATACGAGGTTTGTAAG-1,5
GTCTATACACGCATGG-1,6
GATTTGCGCTAACACC-1,4
TGGTGCCCTGCCTTAC-1,6
TCGAATCGCAGGGTAG-1,6
GGTAGGCCAATATCAC-1,5
CGTAAATAACAAAGGG-1,4
GACTCTAGAGTTCCAA-1,4
ACTTGTTACCGGATCA-1,1
GGCATTGAACATCTCA-1,5
AACCCGCTGTATTCCA-1,5
TAACAGGTTCCCTTAG-1,5
GTTCTTGTAACTCAAT-1,5
GATTCTGTTAATGAGT-1,5
GGACACCTCGGTGTTG-1,6
CGATCGAGAAGCACCA-1,5
CTGCTCTGACGGCAAA-1,6
CCCAGGAAGAATTCGA-1,4
TGTCGTGGGTATAGGC-1,5
ATATGTCTAGAGCGTG-1,5
GCGGGCAGACGGGTGA-1,5
CGAAGATCAGTTTCAT-1,4
ACGCCACTCGAAACAG-1,5
CTTAGATGTTTCATCC-1,5
GCGAATGGACTAGCGA-1,1
TAAATTGTGGGTAAAG-1,5
ATTTATACTGGTAAAG-1,4
GCGTCGTAACATGGTC-1,6
CGGTATGGGCACTCTG-1,5
CTATCACAACGCTGGA-1,6
ACCACACGGTTGATGG-1,5
TCAGCGCACGCCGTTT-1,4
AATGTTAAGACCCTGA-1,5
CTTACATAGATTTCTT-1,5
AACATAGCGTGTATCG-1,1
AGCAGTCGAAGCATGC-1,5
GTACTACGGCCTCGTT-1,2
TTGGCCAAATTGTATC-1,6
TCAGAGGACGCGTTAG-1,6
AGTAATCTAAGGGTGG-1,6
AATTATACCCAGCAAG-1,3
CCCTACCCACACCCAG-1,6
CTCTGTCCATGCACCA-1,5
TCGCCTCCTTCGGCTC-1,2
CCTGATTCGCGAAGAA-1,5
GACTTCAACGCATCAA-1,5
GCTTCCCGTAAGCTCC-1,5
AGAACTGTACTTTGTA-1,6
CCTTAAGTACGCAATT-1,1
GGCCAATTGTATAGAC-1,3
AGAATACAGGCTATCC-1,5
AATACCTGATGTGAAC-1,5
TAGAGTGTTCCGGGTA-1,3
GCTTCCATGTAACCGC-1,3
GGTTCGCATTTGCCGT-1,2
TCAATCCGGGAAGTTT-1,3
CCGGAAGTGCAATATG-1,3
CTCATAAATGTGTATA-1,5
GACGGGCATCGAATTT-1,1
GCTAAGCCCAGTATGC-1,5
GCTATAAGGGCCAGGA-1,3
GCGGATTACTTGTTCT-1,3
TACAACAGCGCATACA-1,3
TCTAACCTAGCCTGCG-1,5
TCTACCCGCATCATTT-1,3
GTCTTACCACGCCAAG-1,3
AATAACGTCGCGCCCA-1,3
CGTTTCGGTTATATGC-1,3
TACGCTGCACGGTCGT-1,3
CGTTAAATACGACCAG-1,1
TCGACTGACGATGGCT-1,2
ACGCTACTGAATGGGC-1,3
AAGGGTTAGCCATGCG-1,1
ACGTTTCGGTGCACTT-1,2
TTAACCCGAGGCGTGT-1,1
GCCCGTCAAGCCCAAT-1,3
ATTCGTCCCGAGGTTA-1,3
TCAAATTATGTTCGAC-1,3
AACGTTCTACCATTGT-1,2
TTAGAGTATTGTCGAG-1,5
CTCCTAGTAATCGTGA-1,5
CCCTCATCACAGAGTA-1,1
GGAAACAGAGCTTGGG-1,6
ACATCGCAATATTCGG-1,5
TTAGCCATAGGGCTCG-1,4
CGGATTCTGCCTTATG-1,5
TTGTTGGCAATGACTG-1,1
GGATCTACCGTTCGTC-1,5
GGTGGGATTAGGTCCC-1,4
AATAGGCACGACCCTT-1,5
GAGGTCCGTTCGCTGT-1,2
TGACAACTTAAAGGTG-1,6
AGCTAAGCTCCGTCCG-1,6
CTAGCCCGGGAGACGA-1,6
CCCAGATTCCCGTGAC-1,5
GCCCGTTCACACAATT-1,5
ACAAACTCCATCAGAG-1,5
GGTTCCGTACGACTAA-1,6
TTGCGGAAAGCTGCCC-1,5
GGAACTCGTGAATACG-1,6
GGTTACCGCTCCCTAC-1,1
AGCGACTTTGAAGACA-1,6
CCGTTTCCTTTCCGTG-1,5
TGGATGGCATCTTGGA-1,6
CAAGTCGTTGAAATCT-1,5
TGCAAACGTACTAGTT-1,2
GGCTGTCCTACTGCGG-1,5
TACTGCATGATTAAAT-1,4
CGGACCTCTGTAGTTA-1,5
CCCTAGCTCTAAGGTC-1,5
GTAACAGGTTAACGGC-1,6
CCCGCAAATAATCATC-1,5
AATCCCGCTCAGAGCC-1,1
AACGTCATCCGGCTTG-1,6
CTCGTGGCACTGAAAG-1,6
CTTTATCCGACGCATG-1,1
AAATGACTGATCAAAC-1,6
TTCGTGCATGTTATAG-1,1
ATCAAAGAGCCGTGGT-1,6
ATGTCATAATAAACGA-1,5
CTTAATCGACTTAGTA-1,5
CTAAAGGATGAGATAC-1,6
GTGCTATCCAGCTGGA-1,5
GACAGAGGTCTTCAGT-1,6
TCGATTTACGAAACGA-1,1
AGGCTTAAGTTGCACA-1,6
TAGGATCTTAACCGCA-1,5
GACTTTCGAGCGGTTC-1,6
CCCTGGGAGGGATCCT-1,6
TAGTAGTTGCCGGACA-1,5
GCCCTAAGTGCAGGAT-1,5
ACTTGGGCTTTCGCCA-1,5
CATGATACGGTGAAAC-1,5
TCCTGCAGCCGCCAAT-1,1
GTCCGTTAGAGGGCCT-1,5
GCTTTATTAAGTTACC-1,5
AATCGAGGTCTCAAGG-1,6
GTGCTGTTAGAACATA-1,5
GGCTTCTCGTGGGTGG-1,5
CCTACAGTTGAGGGAG-1,6
TATCCCTCGATCTGCA-1,6
CCGGTATCTGGCGACT-1,6
CTCTAACACCGGCAGC-1,1
CTTCATCACCAGGGCT-1,5
GGCTGGCAATCCCACG-1,1
CAAACCATAAGCGTAT-1,6
CATGTGGGCTCATCAC-1,5
CCCGTGACAGTGCCTT-1,6
GATTATCTTGCATTAT-1,2
GAGTCCACCAGGTTTA-1,6
TGTACTATCGCTCGTT-1,5
TTAGCGAATAGATAGG-1,6
ACATACAATCAAGCGG-1,5
ATTCGTGTACCCATTC-1,5
GCTAGCAACGCACCTA-1,3
ACCTCAGCGAGGCGCA-1,3
TCCGGGCCACTAACGG-1,3
TCCCAATATCGACGAC-1,3
GGATTGAAGTAGCCTC-1,3
GGCGCACAGTTTACCT-1,4
CCCGGCACGTGTCAGG-1,3
AGTAAGGGACAGAATC-1,2
TTGCGCACAACCACGT-1,3
CCTGCTACAACCATAC-1,4
CTGGGCTACTGGAGAG-1,3
AGCTACGAATGGTGGT-1,1
ATTCGTTTATCGTATT-1,1
GGCATTCCCTCCCTCG-1,1
AGTTATTCAGACTGTG-1,2
CCACTTTCCTTCTAGG-1,3
CGCAGTTCTATCTTTC-1,3
AGGAGCGTTTATTATC-1,1
GACAGGTAATCCGTGT-1,3
TTCCCAAAGTACTGAT-1,3
CTGCAGGGTGACGCTC-1,3
TCATGGAGGCCTTTGT-1,3
ATGGCCCGAAAGGTTA-1,1
CGTAATATGGCCCTTG-1,3
AGAGTCTTAATGAAAG-1,3
GAACGTTTGTATCCAC-1,1
ATTGAATTCCCTGTAG-1,3
TACCTCACCAATTGTA-1,3
AGTCGAATTAGCGTAA-1,3
TTGAAGTGCATCTACA-1,3
