barcode,cluster
ACGCCTGACACGCGCT-1,4
TACCGATCCAACACTT-1,5
ATTAAAGCGGACGAGC-1,5
GATAAGGGACGATTAG-1,4
GTGCAAATCACCAATA-1,5
TGTTGGCTGGCGGAAG-1,4
GCATCCTCTCCTATTA-1,4
GCGAGGGACTGCTAGA-1,4
TGGTACCGGCACAGCC-1,1
GCGCGTTTAAATCGTA-1,1
TGCCTTGCCCTTACGG-1,1
GACGACTTTCCAAGAA-1,5
CCAGTGAGCTCCTTGT-1,5
ATACCCTGGCTCAAAT-1,4
GGGTTTCCGGCTTCCA-1,2
TAACCGTCCAGTTCAT-1,4
AAACAACGAATAGTTC-1,4
CAAGGGAGTGTATTTG-1,5
CCAAGCTTGATCTCCT-1,5
TTATTTCATCCCAAAC-1,4
GAGCGCTATGTCAGGC-1,1
TATGGCAGACTTTCGA-1,1
CTTCGTGCCCGCATCG-1,5
AAACGGGTTGGTATCC-1,1
TGCAAACCCACATCAA-1,5
GACGGGATGTCTTATG-1,4
GGCGAGCATCGAGGAC-1,5
CGCGTGCTATCAACGA-1,4
TGAAACCTCAACTCAC-1,5
CACATAAGGCGACCGT-1,4
TGACCCAACTCACATT-1,6
ATACGCCGATCTACCG-1,4
ACTTATCTGATCTATA-1,4
GTGTGAGCCGAGGTGC-1,1
GATGATTTGAAACTGG-1,4
GGGAACCACCTGTTTC-1,0
GTTCGTTGCGGACCAG-1,4
TGAGGTTGATCCCAAG-1,4
GATGCCACACTACAGC-1,4
AGGCAAAGAGGAATCA-1,7
AAGTAAGCTTCCAAAC-1,4
AACGTAGTCTACCCAT-1,5
GTTTGAGCGGTTATGT-1,4
GAAGCAAGGCAATGTT-1,1
TCACTCAGCGCATTAG-1,1
TACAATGAAACCAGCA-1,0
GTGCGCTTACAAATGA-1,7
GCACTCCCACAGTCCC-1,2
CGAAGACTGCCCGGGA-1,2
CAGGATCCGCCCGACC-1,2
CACGATTGGTCGTTAA-1,2
GGTTGTATCGTGAAAT-1,5
TCTTATGGGTAGTACC-1,2
TACAAGCTGTTCACTG-1,2
GTATCTTGTTGCTCAC-1,6
ATACCAGGTGAGCGAT-1,2
CCTAAACAGGGTCCGT-1,2
ATGGTGCTCAAAGCCA-1,0
CAAATGCGGAGTGTTC-1,1
CGTGCCCGACATTTGT-1,2
GTATCTCCCTAACTGT-1,6
ATTTGCCTAGTTACGA-1,1
ACGTCCTAAACGAGAT-1,2
CTGGGATCGCCCAGAT-1,7
CTCGGGCATCGTCGGG-1,1
GTGGCGGGCCGTAGCT-1,2
CAACAGTGCCAAACGG-1,2
TGCGGGTATTGGGATC-1,2
GTCTCGCCAACACGCC-1,4
CTGGGCGGCCAAATGT-1,1
TAAAGGAGAAACTAGT-1,5
TCCCACGGAGGGAGCT-1,6
AGCTTCAATACTTTGA-1,1
TTCCACATTTCTCGTC-1,5
ACAAACCGACAAGGCG-1,5
AGACGGGATTGGTATA-1,5
AACCTAAAGCCGTCCG-1,7
TACAAATTGCGGAGGT-1,4
CCCGCTAGAGGGTTAA-1,4
CATTGCAAAGCATAAT-1,1
TGTACGCTATCAGCTT-1,4
TTCTTCGCAATAGAGC-1,4
TGTGATTCCAGCGCTT-1,7
ATTCAGGATCGCCTCT-1,4
GCCCATGGGTGCAATG-1,5
TTCCCGACGCTTCACT-1,5
AGCGGTTGAGATGTAC-1,4
GCTGTCTGTGATCGAC-1,4
AAAGACATGAAGTTTA-1,4
CAACAGAATAACGCTA-1,5
TGCGGTCTACGAGTAA-1,4
AAGACTCACGCCCACT-1,5
CTTTGAAACATATTCC-1,7
CTGGGCACTAGTCGGA-1,5
CGCCCTTACATCCACC-1,5
CACGACCACAGACTTT-1,7
CAATCCATTATCCGTT-1,5
GTGGCGTGCACCAGAG-1,4
CGGAGTCCTAACCTGG-1,4
GGTCCCATAACATAGA-1,1
ATCTCATAAACCTACC-1,5
TGCATGGCAGTCTTGC-1,5
TTGCAGGTCATGAAGT-1,4
AGCTGCATTTGAGGTG-1,7
TAATCAGGAATGCTGC-1,4
CCATCATAAGAACAGG-1,5
TCGTATCACCAAGCTA-1,5
ATTCAGATGAATCCCT-1,1
AAAGGTCAACGACATG-1,5
AGCTGCTGTGCCGAAT-1,5
CTAGCGCCAATCCTAC-1,5
GCTCGACCGAACTGAA-1,5
ACAGTGCAGCGCATTT-1,5
CGGCTGAAGGTTACGC-1,0
CACCTCTACGAGTGTG-1,1
ATACGACAGATGGGTA-1,5
ACTTCCTGTCGTGCGA-1,4
CGTAACGGAACGATCA-1,5
AAATCACTCCTAAACG-1,1
CTCCGAGTAAATCCGC-1,5
ACGCTAGTATCAGTGC-1,1
AGAGTGAACAGACACC-1,4
ACACCCGTAAATCTGT-1,5
GCTTTGCTGCCGGGTA-1,5
ACAGGAGGCGCAGCCG-1,4
AGGCAATACGGAGGAC-1,5
TGGTGTGACAGACGAT-1,5
ATCTATCGATGATCAA-1,3
CGGTAACAAGATACAT-1,5
TCGCCGGAGAGTCTTA-1,3
GGAGGAGTGTGTTTAT-1,1
TTAGGTGTGACTGGTC-1,5
CAGGGCTAACGAAACC-1,1
CCCGTGGGTTAATTGA-1,1
GACCGACCGCTAATAT-1,5
GGTATCAAGCATAGAA-1,5
TGCATGAGTAGATTCG-1,6
AATTCCAACTTGGTGA-1,4
TGCCGATGTCATCAAT-1,5
GCTGGGTCCGCTGTTA-1,5
TGAACACCCGAAGCAG-1,5
AACATTGGTCAGCCGT-1,5
GTGGGTCTTCTTTGCG-1,4
CATCGAATGGATCTCT-1,4
GCTACACTGTCCGAAC-1,5
CGGGTTGTAGCTTTGG-1,4
CCTAAGTGTCTAACCG-1,4
TCTGTGACTGACCGTT-1,5
TTATCATACTCGCAAA-1,7
AGCGTAGCGCTAGACC-1,1
TCCCTCCGAAATCGTT-1,5
AGGTCGCCACTTCGGT-1,5
CTAGCAACTAATTTAC-1,5
TTGCTAGCTACCAATC-1,1
GCCGGTTTGGGCGGAT-1,5
TGTAACTTGTCAACCT-1,4
CGAGATGTTGCCTATA-1,4
GTTACGAAATCCACGC-1,4
CTTGTCGTACGTGTCA-1,4
GCGTCCAGCTCGTGGC-1,5
CCCTTCTCGTACGCGA-1,4
CCAAAGTCCCGCTAAC-1,4
CCGCTTCGCGGTTAAC-1,4
GTTACGGCCCGACTGC-1,4
CCCGCTTGCCCTCGTC-1,4
TAGTGAGAAGTGGTTG-1,1
CGCTACCGCCCTATGA-1,7
AAACAATCTACTAGCA-1,4
GCGCGATGGGTCAAGT-1,0
ATAAACCATTGGACGG-1,6
TCGGGCACTTCTGGAT-1,2
TCTGTGGCTACATTTC-1,6
CTCTGTGCCTGCTATG-1,5
CACGACTAAAGTTCTG-1,6
GAGGAGTAATTCCTAC-1,5
AGAGGTATCTCGGTCC-1,7
GGCGTACCCTATATAA-1,2
GCCGGAAACACATCTT-1,2
AAATGTGGGTGCTCCT-1,2
ACCAGGAGTGTGATCT-1,7
TGTGGAGGAAGCTTAA-1,2
AAGGAGAACTTATAAG-1,7
CCCTCGGGAGCCTTGT-1,1
ACTGTTTAGTGTAGGC-1,2
CGTCAGTTTATCGTCT-1,2
GCGTGTATGTCGTATT-1,1
ACAATCGATCTTTATA-1,2
CAGCCCTCACAGGCAG-1,7
CGCGTCATATTAAACC-1,1
GAAGACTTCAATGCCG-1,2
AGTAGCGTGAACGAAC-1,6
CCTCGACCCACTGCCT-1,2
AGTTATTGAAAGGTAA-1,2
TCAGTTACGGAATGAT-1,2
GAATCTATACTCGGAC-1,2
TCGGCTAACTTCCCTT-1,2
ACGTGGTCGAATGTGC-1,2
ATATCGTGCCAGACCC-1,1
GTAGCTAGTAAGCGCG-1,4
ACGCTTAGTGTCTCTC-1,4
TCCGGCCTGCATCGAT-1,5
TAGTGGAACTCATACA-1,4
ATCATCTGCCCAGTGT-1,5
GTTATTAAATACGACC-1,1
GCGCTAAGTATGCATG-1,5
CCTGACGCAACCTTTA-1,5
CCCAAGAATGCACGGT-1,5
AACTGGGTTCGAGCCG-1,4
GGTTCCACCCGCTTCT-1,5
CATGCACGTGTTACTG-1,5
AGCGTTCCGATTTAAA-1,1
CCTACGCGACCTTACA-1,4
CGAATTACATGGTGTT-1,1
GAGGTCTTAGTGGGTC-1,4
GCCGCTAGATACGCAG-1,4
GTCACCTGTCTATGTC-1,5
CCGATTGGTCAATGAA-1,4
CCTGTGCGGATTGTAA-1,5
TTACGTAGCGCGTGCT-1,4
GGAGGCGAAGAACCGC-1,1
GGGTCACGTGCTTATG-1,5
GCTCCGGACGTTGATA-1,4
ATGTTTGTAAGATCAT-1,4
TGACCCAGCATTCCCG-1,5
TGGTCGTTTGATAGAT-1,5
TGTAATGCCTTCGGAC-1,4
TGCTCACACAACAACC-1,4
TACGATCCAAGCCACT-1,5
TTGTAACTTCATAGCG-1,5
AGATTCAAGCGGGTCG-1,4
CTCAGCAGACTGCCGA-1,4
GTAACATCAGCTCATC-1,1
ATGGAACAGAATAAAC-1,4
GGGCCTATACAACCGG-1,5
TCAAACAATTAGGACA-1,4
AAACCACTACACAGAT-1,4
AAACGACAGTCTTGCC-1,1
TTGAGGGTCGAACGCG-1,4
TGTTGATCACTGTTTA-1,4
AGGGTGTGCTACACGC-1,5
GTAGTTAGACAATATA-1,4
AATGGCCGCCAATGCG-1,5
TCGGCGGTATTAGATT-1,5
GGGTCACTGAGTAGTG-1,4
GAATTATGCAACCTAC-1,4
GATCTTAGTGAACGTG-1,7
CTAATGCGCCCAACAA-1,1
GCCACCCATTCCACTT-1,5
TACTCACAACGTAGTA-1,4
GTTCGGTGTGGATTTA-1,1
TCTTTCGGCGGGACAC-1,7
GGAGACATTCACGGGC-1,6
GGGATTATCTCACAAC-1,5
TAGAACGCCAGTAACG-1,5
ACGAGTCGCCGGCGTT-1,5
TGATGGGACTAAGTCA-1,4
TGCGAGAAACGTTACG-1,7
TCGCCTCGACCTGTTG-1,5
AACTCGATAAACACGT-1,4
AGGAAAGCCTCTGATG-1,5
GAAGGACTAAATTGAA-1,4
GTATCGGGACGAGCTG-1,4
CCTGTGCATAGGAGAC-1,4
CATACGGGTGCATGAT-1,4
CCACTAAACTGAATCG-1,4
AAATTGCGGCGGTTCT-1,4
AGTCCAGCGGGTACGT-1,5
CATTCAGGTCAGTGCG-1,5
CTAAAGTCCGAAGCTA-1,4
AATCAGACTGCAGGAC-1,5
AGTATCCATAATAACG-1,0
CTGGCTGCTAACGTAA-1,4
GTTCCAAGACAGCGAC-1,5
AAGACTAACCCGTTGT-1,1
GATTAATCCTGGCTCA-1,7
CGCGCAAGGAACTACA-1,7
CAGTAGCGAGGTAGTA-1,7
ACGGCGGGTTGCCCTG-1,4
CTAGGCGGCAGAGAAT-1,6
GTGCGCAGCTTGCTCC-1,4
TCACTATCGTGCAATC-1,1
TATGATTCTGCTTGGT-1,1
TAAGATTTAGCGGGAG-1,1
TTACGGTGTCACCGAG-1,7
CTACACTAGCTTGTTC-1,5
TGAGCAGTCGTGAAGT-1,4
CGCTGAGGACGTCCAA-1,4
GTGTATGACTTTAAAG-1,4
CTAAACGGGTGTAATC-1,5
TGTACTGTGCCAAAGT-1,6
GGCCACAAGCGATGGC-1,4
GTCAATTGTACTGAAG-1,1
AGGGACAGCACGGCGG-1,7
AGCTTATAGAGACCTG-1,4
AACTAGCGTATCGCAC-1,5
AACTTTAGCTGCTGAG-1,2
CCCAAGACAGAGTATG-1,4
GGCATCAACGAGCACG-1,4
ATGCATTCCGTGATGG-1,4
TTATAGATGCACATTA-1,1
GAACCATCTGGGAGAC-1,1
TGCTATACAAACGGAC-1,2
ACTTGCCATATTGTAC-1,4
TATTCCGGCAGTCCTA-1,2
GACGGACCGCGTTCCT-1,1
ATGTGTAGTTTAGTCA-1,2
ATACCAGCAAATTGCT-1,2
AAGTTTACTAATGGCA-1,1
CTCTCGATGTGCGCCT-1,1
GATTGACACTCTGCTC-1,5
TATCACAGCACGGGCA-1,2
ACCGTTCCCGCTCTGA-1,6
CCGCCACCACAATCCA-1,7
CATTCACTGACAGCTA-1,1
CGGCTGCAAGATTAAG-1,2
CATGAACCTCTTATCA-1,5
ACATCTCAACGCGTAA-1,7
CACTACTCAGTTCTGT-1,1
CCGACTCGCATAGTCT-1,2
CATTTATCGTTCAAGA-1,2
CAAACGTGGTCTTGCG-1,2
TAGAAACCACTAAGTA-1,5
ACTGATTTAGTGATTC-1,2
TCGTATTTCGTCCGGA-1,1
CGGAAATTTCACATCC-1,5
ATCCACGCTAAATGTT-1,5
GTTCAATCTATGTCAA-1,7
ATAAAGGTCAAGTACG-1,4
CAACTCCAACGTTTAG-1,7
TAGGAACAGCCTCCAG-1,5
ATGGGAACGGAAGCGG-1,4
CACACGTTTCAATGGG-1,5
GGTGTTCTGTTTCTAC-1,0
AGTAACGTTCATCCTG-1,5
GTATAGTGGCCCATGT-1,4
TCTACACGTTCATGCA-1,5
AATCTGGGTAGACCCT-1,5
TCGGTTAGCCATGTAG-1,4
TGCCATGGCTTATAAG-1,5
TAAGTAAATGTGCCGC-1,5
GTGTCCGATAAGGCAT-1,5
TGGCACGAGCTCGAGT-1,4
ACCGGTCTGAGTACGG-1,4
GAACTTAGCGCCCGGT-1,2
AGTAGCTAGACGCCGA-1,7
ATAGGAATCTAAGCTT-1,2
CTTCCTGCATATTTAC-1,2
CAATATGTAGATTTAC-1,1
ACAAGGCCTACCAGCC-1,5
TTATAGTCCAAGGTGC-1,4
AAACGCCCGAGATCGG-1,1
CCTCGTTACGCCTGTT-1,5
GAACGGTGTAAAGCAG-1,4
ACGCATAAATGACATG-1,4
GGTTCGATGCTGAGTT-1,4
CTTTGGCAGACAGAGT-1,4
TTCGTGGGCTGGAAGC-1,0
CAAAGGTTAAATTCAG-1,4
GTTTGGCGTCAGGCAC-1,5
GCTTTCTATCTCAACT-1,7
TGCATCTCCGGATCTT-1,4
CTGAAACGGCCCTCAG-1,5
TAGCAGTAAATACGCG-1,5
CGGGCTACTTAAATTG-1,6
ATTATGCTCAGTATTG-1,7
TGATGCTCACGTAGTC-1,4
GTCTAAGATGCCCAGC-1,4
AACCCGATAGGGCTTC-1,5
CGCTATCGTGGCTTTA-1,4
CGTCTCTCGCCGAGGC-1,7
AGTGGGAGTATACACG-1,5
GGTCTTGGTGTTAACT-1,9
GGCTGGCAGCTTTATG-1,6
CGCCAATTATTGCGTT-1,7
GGTAACCGGCAAAGGT-1,3
TGGGACCATTGGGAGT-1,4
CTGCAGGTGCTCGGCC-1,1
CCGGTGCGAGTGATAG-1,1
GGGTACACTCTGGAGG-1,5
TAGCCAGAGGGTCCGG-1,4
CTTGTGAGGACAGCGG-1,5
GAAGGGCATAACCATG-1,5
CAACATGGCCTGATAA-1,5
CAATTTGACCGGGAAG-1,4
TCTGACTGTAATGGTT-1,7
TTCATAGCCTTGTAAC-1,5
TGGAAACGGAGTGAAC-1,4
ATCGCACGATTGTTCA-1,1
CGCCACCCGCATTAAC-1,1
TGGACCACGGCGTTGA-1,1
GTATATGTTACGGCGG-1,5
GTATTCTTACCGTGCT-1,4
TTCAGAGTAACCTGAC-1,5
GCGGTAACCCAAATGA-1,6
CTACGTGTTGCCACCA-1,4
CTAGATAAACTCCTCG-1,1
TCCATTAGTTGGATAG-1,5
CTGGCTCCTGCGGGAT-1,5
CAGTCTCTCGGCTAAT-1,4
GTATGACGTGGGAAAC-1,5
AGTCACTCCGCCTCAT-1,1
GCAGCGGTGGGCATTA-1,4
TATGGAGTTTCTCGTT-1,4
ACTCAACGAATGTATT-1,5
AACACGCGGCCGCGAA-1,5
CGATATTAGCCGCAGG-1,5
AGCGTCTGAACCCGCA-1,6
GATGTCCGGATCACAT-1,1
GGTCACGTTAGATTCA-1,5
TTAAGGATACGGAGGT-1,4
GTGCGGGACCATCGGC-1,1
CCATCTTGTTCACAAT-1,7
TCCGAGAAGGCTAAGC-1,1
TGGCGGTGTGCGATTG-1,1
ATCCTGCTGCAGATAG-1,4
TTATGCGTCCCGGTCC-1,5
CATAATGAGCGGGCGA-1,1
AGACATAGATCCTTCC-1,5
GGTGAAACCGGGAATG-1,5
AACTGGTGTGGGCCTT-1,1
GTAGCGCTGTTGTAGT-1,7
TTGTTTGTGTAAATTC-1,4
GGATCAAAGGACGAGG-1,7
CGTAGCGCCGACGTTG-1,5
CAAGTGAACTTTGGTT-1,5
GTAGACAACCGATGAA-1,5
CAATGGTCGGCCTGGG-1,5
ACAGATTAGGTTAGTG-1,7
GTTATCACCTTCTGAA-1,5
TGGTATCGGTCTGTAT-1,7
GGAATAACCTCAAGAA-1,0
ATTATCTCGACAGATC-1,1
CCGAGGGATGTTAGGC-1,7
TGAGATCAAATACTCA-1,5
AAACGAAGAACATACC-1,4
CTGGTCCTAACTTGGC-1,4
TGCACGAGTCGGCAGC-1,2
ATAGTCTTTGACGTGC-1,2
TGGAGCTAAAGTTCCC-1,7
GGGTGGTCCAGCCTGT-1,2
CATGCATGGAGACCCT-1,2
ACACGGCACTATGCAT-1,7
CCCTGGTATGGGCGGC-1,4
GGAGGATTGAAAGGAG-1,2
GTTAGAGTGTGCCGCT-1,2
TCGGAATGACCATCAA-1,2
TTCAATTAGCCATAAT-1,7
GATGTGTTGTCACAAG-1,2
TCTTTCTCTTAAGGAG-1,2
ACCCTTTAGTTCTCCA-1,5
ACCACAACTCAGAACA-1,7
TATGATAAATCTAACG-1,5
GATCCTCTTGCGCTTA-1,4
TTCTACCTTTATGTTG-1,5
GAAATACCTGCTGGCT-1,1
ATTCTGAGTATGAACT-1,5
GGATTAAGCTAAGGTC-1,5
AGTACGTGGCCTGTCT-1,1
TCAGGGTGCACGAAAC-1,5
AAATTTACCGAAATCC-1,4
TTGAGGCATTTAACTC-1,5
AACCAGTATCACTCTT-1,1
CACCGGAGATATCTCC-1,1
GACTGGGCGCCGCAAC-1,6
CACGTCTATGATGTGG-1,7
TTAAGACGAACGAACC-1,5
TGACCAGCTTCAAAGT-1,2
AGAGTTAGAGACCGAT-1,6
TTCGGACTGATGCCTT-1,2
CTCGAATGGAACGTAT-1,6
GGACGGCTTGCGCAAC-1,4
CTAAGTACAGGGCTAC-1,6
ACAAATTCAGATCTGA-1,1
CATGGAAATGGGACCA-1,2
GGTGGACCACGTGTTA-1,0
CACGACGTAATAGTAA-1,2
CGGGTTCGGCACGTAT-1,5
CTGGGCTATCCTTTGG-1,4
GTATTAGGGTTCGCGT-1,1
TCATTCGTATAATTTG-1,4
AATAGCAAGCCTCCTG-1,7
CATCTACCCGAGAACG-1,5
GCTTCAGTGGGATTAC-1,1
TCTGTGATGGAGGTTG-1,5
ATCCACTTTCAGACTA-1,4
ATGGTTACGAAACATG-1,1
GGCCCAATCTAGAGGG-1,4
GATGGTGAAATAACCC-1,1
AGAGGGACAATTGTCC-1,5
CGCGTACATTCTGGAA-1,4
CAAGAAACCCTAAACT-1,4
TTGGTGCGGTGTTGAA-1,4
GGTTCCCTAGTGTCTC-1,4
CGATAACCAATTTGAG-1,7
GCCCACTGGTCCACAA-1,5
GAGGGCCGGCAGAGTC-1,7
CGACACGGATGCCCAC-1,4
CTGTCTGTGGCTGGCT-1,3
ATATTATCCCGTATTT-1,3
GCGCTGGCGGAAAGTC-1,5
ATCTAACGTCCCTATG-1,3
GTCAGACAGCGTTGGA-1,4
GCCAGGCTTAGTGGTA-1,5
ATTCAAAGTACCTGTT-1,5
TGGACGTAGGCGAATC-1,4
ACACATTGACGCAACA-1,6
GATATCAGTATGTATC-1,4
TGGGCCTTGCCTGCAT-1,4
CAAAGTCAGGTTAGCT-1,1
GGATCCCTACCAGCTA-1,5
ATCGTCCAATCGAGTC-1,5
ACATGGCTCAATTTAG-1,7
AGGCCCAGTGACTGGT-1,1
GCTTCCAGCTTAGATT-1,7
TGCTTGAAACCATGCA-1,5
CAATATTGGACTAGTG-1,5
CGTGCTGGCCTAGTCG-1,4
CCTGCGATAGAACTGT-1,5
GGGTAATGCTGTGTTT-1,5
AACGCGAACGGCAACA-1,4
TGTCGGCATGGTGGAA-1,4
AGCGTACGAGAGCTAG-1,7
ATACTCTCGCCACTCT-1,7
AATCCATGCAAGGGTG-1,4
TTAAACAGAGTCCCGC-1,1
CCACAGCTGAAATCAT-1,5
CGGTTCCGGCTTCTTG-1,5
GACGTGAGACTCCATG-1,5
TCGTTGGCTCGTCAAT-1,4
GGTGAACGGGCTAGCC-1,5
GCACTGTGCAAATGTA-1,7
ACGAGAACCCATCACG-1,4
CCAGCTACGCCTCATA-1,5
TCCCGGTCAGGAATTT-1,5
TCGCATTCAATGACTT-1,4
CTGGTTCAACGCATCA-1,7
GGTGATTTCATCTTGT-1,7
CACCCTTTCCTCGCTC-1,4
CAACTTGTAGTGGGCA-1,5
AATATCAAGGTCGGAT-1,4
ACTCAGACCTGCTTCT-1,5
TTGGAGTCTCCCTTCT-1,6
GGATACTCATGAATTG-1,1
TGGGCACAAACAGAAC-1,1
GAGCCACGGTAGTAGG-1,4
TCGATAGGCTAGTCGC-1,5
TAACCGCCCGCAGTGC-1,5
GCCTATTTGCTACACA-1,6
TTGACGATTCAGCACG-1,1
TTAAACCGGTAGCGAC-1,6
ACCGAAAGGGCCCTGC-1,4
ACGTTCCGCGCTCCGT-1,1
ATACCAGGCTAATAGA-1,5
CGGCTTTGTATGATAA-1,6
CTTGACCCGAAAGATA-1,1
CGCAGAAACATTTGCG-1,2
GACCCGTCGCCGGCTA-1,1
AATCGGGACACTACGA-1,7
GTCACAAAGTTTCCAA-1,5
TATATTCGCGTCGATA-1,2
CCTCCCGACAATCCCT-1,2
CGACATGCGATCTTCT-1,2
AACACGACTGTACTGA-1,2
CCCAACCACACTAACA-1,2
CACCGCCGACCAGCGA-1,1
TGGTATCGCATCCCAA-1,2
CAGAGTGATTTAACGT-1,4
AACCCTGGTGGAACCA-1,1
GTCAGTTGTGCTCGTT-1,4
ATTGACGTAACTCGGT-1,5
GATGTCGGTCAACTGC-1,2
AGGGCAGCGGCGTGGT-1,2
ACATCGTTAACCTAGT-1,2
TCCATTGTGACCTCGT-1,1
TGTTTAATACTTCATC-1,2
TTGCTGGCCGGGCTTC-1,2
CATATTATTTGCCCTA-1,2
CTGCCTAGCCACCAAG-1,2
ACGAGATATTTGCTTA-1,1
GACTACAATTGCTCGT-1,5
AACGTGATGAAGGACA-1,0
ACTCTCTTATACACGA-1,5
CGCATCATGGCTTCAG-1,4
CGGCTCTTCGTCGAAC-1,6
ATTCTTCGTACTTATG-1,5
AGTGAGGGTTTCTGAC-1,7
GCCAGGCGTTCGCATG-1,4
GACTAACACAGCACCT-1,7
CAATGGAATCTACATA-1,4
GTGGTCAGCGAAGTAT-1,5
ATGGCTGGAAATGGCC-1,2
ATCAGGTCGCCATTGC-1,5
TATCACCATGTAAAGT-1,2
AGCGCTTATGGGCAAG-1,2
AAGCGGCGTCATGGGT-1,2
ACTAATACGTCAGGCG-1,1
GGCTGAGCATCGTAAG-1,5
CGGTTGGGTTCAAGTT-1,5
GACTGATTGGTCACAA-1,7
AGACGGGCCGATTTAA-1,5
ACCAGTGCCCGGTCAA-1,1
GTCCTTTAATGACTTC-1,5
CCTACAAGTCCGGAAT-1,7
GCCTGCTACACTGAGA-1,5
GACTCGGTCGGCGGAT-1,7
CTAGACATATATGTAG-1,6
TCGCCCAACTGACTCC-1,5
AAACTAACGTGGCGAC-1,4
AACTGAGGTCAGCGTC-1,4
ACAATGATTCTTCTAC-1,1
ATAAGTACCCGATTGT-1,1
ATTGGGAGTTCTGTAA-1,5
CGAACATAGTCAGAAA-1,4
TAGCTCAGATCCTAGT-1,4
GTGTCGTATTCACCTT-1,5
CTCACCGATCCAAACT-1,4
ATATGTGCACAAACCA-1,4
CAGTCCAACGCCTTCT-1,4
TCGTCCGGGTACACTC-1,6
GCAGAAACGTAATCCA-1,4
TTCGAGCCGGCGCTAC-1,5
GGAAGATAAGACTGTA-1,4
ATAAGCAAACACCGAG-1,5
GCATAAATTGAACGCC-1,7
CGCCGGTGTCGCAGTA-1,5
GACCTGGTCTGGGCGT-1,3
AGCCGCTTGATTAGCG-1,3
CCCGGCTAGGTGAGAA-1,9
CGAGCCGAGCACTCGA-1,3
TAGTGCTTGAATCCTT-1,7
CAACCGCACCTAGACA-1,3
ACCACTGTTCAAGAAG-1,7
AGATGCTATAACGAGC-1,5
AATTACTCGTACGCTC-1,2
CGTCAATCTTTAACAT-1,2
CCAAAGCAGTTGGTTG-1,4
CCATATTGGATCATGA-1,5
CGTACCGAAAGTCTAG-1,4
CTCGAGATCCAAAGCA-1,4
TGGATAGAGTAACAGA-1,5
TCACAGATCCTCAAAC-1,5
AGAGCTACGAAAGCAT-1,5
TGCGTGATTGGGTGTC-1,5
CACATGTTTGGACATG-1,4
TTCGCATCCGGAAGCA-1,5
CCCTAGTGTCAGGTGT-1,1
TTACCGCCTTAGGGAA-1,4
CCAGTCCATTATTCGA-1,1
CGTAAACGCTTGAGTG-1,4
ATTCCTTCCAGGCGGT-1,7
TTCCTTTCTGTGTTGC-1,4
AGTTGACATCGGCTGG-1,4
AACTCGATGGCGCAGT-1,1
GATAAGGCAGATGCAA-1,4
GGCTGGCTAGCTTAAA-1,1
CCTCATGCAGCTACGA-1,5
GACGCCTGTTGCAGGG-1,5
TAATTAGATGGATATG-1,5
GAGGGCATCGCGTATC-1,7
CTTGTGAGTCTTTGAC-1,5
TCAACACATTGGGTAA-1,5
ACTGTATACGCGAGCA-1,5
GTGAAACGTGCTCCAC-1,4
CGAGTGCTATAGTTCG-1,4
GTACTGCATGAAGCGT-1,1
GTAACTTGCGGCAGTC-1,6
GAATCGCCGGACACGG-1,4
GGGAGTAATGGCTGGC-1,7
CATGAACCGACATTTG-1,5
TCTGTCATACAAGAGC-1,5
GTCGTCAATTATAAGG-1,7
TAAAGAGCCCGAAACC-1,7
GTACTGAGGTCGTAAC-1,5
AAAGACCCAAGTCGCG-1,4
CGTCAGTGCGCACAAG-1,4
TGTATCCTTATTCCAT-1,4
ATTCTCGTCTCTTTAG-1,1
AAAGTCACTGATGTAA-1,4
TGTCTACAGTTTCTGT-1,7
TTAACGTCGCAAGACC-1,4
CTATGTCTATTGAAAC-1,7
TCGGGTGAAACTGCTA-1,2
TGTCCCGACATAGCAC-1,4
ACAGCATAGAGCCAGT-1,7
ATATTCCCACAGGTCA-1,5
TTGGATCGACTTCTGG-1,5
CACCATCGGAGGAGAC-1,4
TCGTTCGTTATTATGT-1,1
CTTAACTTCGAAGTAC-1,2
GCACAAGTGTCGGAAG-1,2
TACCAGCTAGGTTTAA-1,7
ACGTACAGATTTCTCT-1,7
AATTTGGTTCCAAAGA-1,2
GTAAGGATTTGTCGGA-1,7
CATCATCTACCCGGAC-1,2
ACGATGGATCCGATGC-1,2
CACTCAGCTCTTGAGG-1,2
TAGATCCGAAGTCGCA-1,1
TGAAACTTATGCAAGC-1,4
GCGATTCTGGAAGCAG-1,1
CAAACTATTGAGCTTC-1,2
TAGAATTAAGGGCAAC-1,4
CGAAACATAGATGGCA-1,2
GATGGTGCCCTAGGCA-1,2
CCCGCAGGGCCCAAAG-1,2
ACAGCGCACCCGCAGC-1,2
GGTAAATGTGCGTTAC-1,2
GTCCTTCTAGTGGGTT-1,7
GGAAGCTCGCTTACAG-1,2
CACCGATACACCGAGC-1,7
CAGCCGGGCCCTCTAT-1,2
CGGAGCTTATAACACC-1,2
ATTACAACTACCGGCC-1,2
TCCTCTGGCCCATTAG-1,1
CGGCACCGTTAGCGCC-1,2
TCGGTCCCTGACTCCA-1,2
TGGTTGGAGGATCCTG-1,7
CTGCGGTAGTCACGTG-1,0
GTGCCTCAGTGTACGG-1,4
ATCGTTCACTTTCGCC-1,2
ACTTACCGGGCGCGCA-1,2
CTAGACTGCATTTCGT-1,2
TTGCCGGTGATCCCTC-1,6
CTGTCACGCCAGGCGC-1,0
CGGTATAGGTATTAGC-1,2
CCAACGCTTGCCAGGG-1,1
CGTTGAGTAATTGCGT-1,1
TGTATTTACCTAATGC-1,1
TAAATGCCGTCTCATG-1,5
CGGTTTATGAAGGAAC-1,5
GCAAGATGTGTTCGCG-1,5
AAAGGTAAGCTGTACC-1,5
GTACGTCACGTATTAA-1,4
AGTACCTTCGAGTGCT-1,4
ATTGTGACTTCGCTGC-1,5
TGTATCAGACTGAAGC-1,5
GAGACCCTGCAACGCC-1,6
TGGGTGGGATGTCATT-1,5
GGCTAATGATTGAAAT-1,0
ATAACGTTACCTCCAC-1,0
TGCGAGATGGCGGCCA-1,7
CACACTTGTATTGCGA-1,4
GCTGGTGACTCGTAGT-1,4
CGACACCGCTTAAGGA-1,1
GTAACAACTGACCTTG-1,4
CAACTGAGGGTATGAC-1,4
CTAATTATGAAGCGTA-1,4
CCGATCTTAAGAGGCT-1,5
CGACTCGGTACACGGT-1,4
TGCTGCGTCAGAGTTA-1,4
AGAGTTGCAGGCCTCC-1,4
ACTGGCGAACCTGCGT-1,5
ACTAAGGACGCACACC-1,6
CGTCCAGATGGCTCCA-1,3
ACTATCGCCGGCTAAA-1,3
GATAGCGTACCACGCG-1,3
AGGACTTATAGGAGAA-1,3
TAGTCGGGATTCTTCG-1,3
ACCATTAAGGGTGTCA-1,3
TTAATGTGTTTGCAGG-1,3
TCCGCAGCCACCTAGC-1,5
GAGGAGATCCTCATGC-1,1
GGTCCTTCATACGACT-1,2
CCCTGTTGGCAAAGAC-1,2
GTGCCTAGCTATGCTT-1,2
GTCATCTCCTACAGCT-1,4
GCGAGAAACGGGAGTT-1,5
CGTCGCGGCGGGATTT-1,5
CATTGTGTGCTAGATC-1,7
CGCGGCAGTATTACGG-1,5
GAAATGGGATGTAAAC-1,5
CATTCCCTAAGTACAA-1,4
AGTTCTGCGTTGTATC-1,4
ACCCTATAGGACTGAG-1,4
TTAGATAGGTCGATAC-1,4
ATTGATAGCAACGAGA-1,5
TCTCGGCTCCAGGACT-1,5
CTTGAGGTTATCCCGA-1,5
AAGAAGGATCAGTTAG-1,7
GTACGACGGCGCTGCG-1,4
CTTATGTTGACTACCA-1,4
CGGCACTCAAGAAAGT-1,7
GTCAAAGTTTACATAG-1,1
CTCCTAAGTTATGTCT-1,1
ACTGTGCTAGTAGATC-1,5
GTTTGGCCGCTCAGCG-1,5
TTATCCAATCGAACTC-1,5
CCGTACCCAAGCGCCA-1,5
CATACAAAGCCGAACC-1,5
GGTCGGTAATTAGACA-1,5
AGCGGGAAGGGTCCAT-1,5
GCCCACCAAGGCTGTC-1,4
GTAGACGTCGTTACAT-1,5
GAGCATCATCCCTGGG-1,6
AGGTAACCTCCTATTC-1,4
GGTTTGAGTGCTGGAA-1,5
GCACTAGTCGCGCTAT-1,5
GGTAACTATGTATCTG-1,5
GCGGTCCCTAGACGCA-1,7
CGAGCGTTGATCAGCC-1,5
AATCCAAGGGCCTGAG-1,4
CCGTGCCCATGACGGC-1,1
GAAATTCACATCGCTG-1,5
CTCTGCGAAGCAAGCA-1,5
AGTAGGTAACATACAT-1,6
ATTGGGAATATCTTGG-1,4
TAGAGCTACGAAGAAC-1,5
TGCGGCATAGTTCAAC-1,7
CCGCCGGTCAACACAC-1,5
TCGTATAGTGCAATTA-1,5
TAGTTTATTCTTGCTT-1,2
GATATCTCATGCAATA-1,4
CGTTTAAGCGGAGCAC-1,4
CATGCTGGCTCCAATT-1,5
GAAACAGCCATGCAGT-1,5
AGTTTCGCAGGTCGGA-1,2
CTCATGGCTCACAATC-1,7
AACCGTTGTGTTTGCT-1,2
ACCCTTCATCTGCGAA-1,2
TGCGGTGAAATTTCAT-1,2
CAAATTGTCAGCAAGC-1,2
GAGGTACATCCATCTT-1,2
AAATGGCATGTCTTGT-1,6
TCATCCCAGAGGGTGG-1,1
CGTAGCGAATTGTCAG-1,2
CCTAGTTAGTCGCATG-1,1
GAAACTCTAATGAAGG-1,7
TTGTATCACACAGAAT-1,2
TTCAAGCCGAGCTGAG-1,7
AGGTACGATATTGCCA-1,7
TTAAGCCGACAACTTC-1,2
GTCTTAGTACAGCCGG-1,1
TGGGTAAGGTTCCCGC-1,2
CTACGCCATTTCCGAT-1,2
GACCGTCAGGTCGTGA-1,2
TAGTTAAGATAGGATA-1,1
GAATATTCGGAGTCCC-1,2
CAAACTACGATAGAGA-1,2
CAGGAAGACTTTATAT-1,1
TTCGTAATCCCAGCGG-1,2
GTGAGGAGCGGTTGAG-1,2
CAATCCCTATACCAGC-1,4
AGGGAAACGAGGTACT-1,1
TCCTGCCAACTGGAGA-1,2
AATTTGGGACATAGTA-1,7
AACTCCTAATCCCATG-1,7
GCTCATTACTGCATGT-1,7
TCTCGAACGAGGTCAC-1,6
TCACTACGACCAATGC-1,2
GTGATGCACAACATCT-1,1
CCGACGTAAACACAAC-1,2
TGGGATGCACTCATTC-1,2
TTCCATCATGCGGTGA-1,2
TGCACAGTGAAGTTAT-1,5
CTATTGTGTTTGGTCA-1,5
TGCGAGCCCTTCCGCG-1,6
TTGAAAGGTGTAAAGG-1,7
GGTGCAGAGCCTATCG-1,5
ACTATATGCTGTGTTC-1,4
TCCTGGCGCTGCCTGG-1,4
GAGCCGAGCGTTTATT-1,5
AGAATGCGGGTTCGGA-1,5
ATGCGACAATTGGTCC-1,5
TTCCGGCTCGACTTCT-1,1
TGATTATGGCACGCAG-1,7
GGTTTGACAAGAAGCT-1,5
GCAGCTATGGACAGGT-1,7
CACCATGATCGCAAAG-1,4
GTCGGAAGGATACCAG-1,5
GGCCCAGTTATCAGCA-1,5
GGGCCTATTTAAGTAT-1,5
GTTGTTACATTGCGCT-1,4
CAACTCCGTAACTTGC-1,6
GATCTTTGCTCAAAGA-1,7
TCGCTTAATTACGAAG-1,4
CGATCATTAGAGGCAC-1,5
TGTTCTCTACTCCCTA-1,4
GCTTAGGGAAGCGGTA-1,1
CAGGTTTAGTACTACA-1,1
AAGCGGAGTGCGCGCA-1,4
TCAGATGGAGACGTAG-1,5
TCGCACTAACGTTTGT-1,9
CACGTCGGGTTCTAGA-1,9
GGAGTACACATGAGCT-1,3
GTGTGTCGACGTCGCT-1,3
GAAGCTCTTTGCTTAG-1,3
ACACCGAGCGCTCTTT-1,3
CGTAATAATTACGAGT-1,3
CATCAACACCTACTAA-1,5
CCAAGTTTCTACAGAT-1,7
ACGGGTCATGTGACTT-1,4
AGTGTGCTAAGATCGC-1,1
GGCGGTTTGCCGGTGC-1,5
GTATAATCTCCCGGAT-1,1
TAGTCCGTATGCATAA-1,4
CACTTCGTCTTATCTC-1,6
CATCCGCAGGCCCGAA-1,5
CCCTGATGTAACTCGT-1,7
CCATAGTCAGTAACCC-1,4
CGGGCCATAGCCGCAC-1,1
CTCCGGCTTGTAGACA-1,5
AACTTGCGTTCTCGCG-1,5
AATGAGTTCGCATATG-1,5
CGAGGCCAGGCATTGG-1,1
TCTGCGTCCGGTTTCT-1,4
CAATCCTGCCGTGGAG-1,6
CTGAGCAAGTAACAAG-1,4
GGGTACCCACGGTCCT-1,2
ACGGAATTTAGCAAAT-1,7
GGGCGGTCCTATTGTC-1,7
ATGTTACGAGCAATAC-1,2
AACCATGGGATCGCTA-1,2
TCGCATCCCTAAGTGT-1,4
ACTTAGTACGACAAGA-1,2
GAGCTCTCGGACCTAA-1,4
TCTATTACGCTGGCGA-1,2
AGATACGACTTCATAT-1,4
CGCTATACCGCCCACT-1,5
CAGTGTCCGCAGAATG-1,6
CCATCCATACCAAGTC-1,5
AACCCAGAGACGGAGA-1,4
GAAGAACGGTGCAGGT-1,4
GATAAATCGGTGGATG-1,4
CAGCTCGTGCTTGTGT-1,4
GAGTACGGGTATACAA-1,5
CATCGCCCGCGGCCAA-1,4
TCTTACAGAGGTACCG-1,4
TGGAAGACGAACACCA-1,1
GTTGTCGTGTTAGTTG-1,1
CCAAGGAACAGAGAGG-1,5
CTGCACCTGGAACCGC-1,5
CGCTTTCATACCGGTG-1,6
GTTCTTCCCTCGATGT-1,4
ATTTAACTCGTATTAC-1,4
AACGATAGAAGGGCCG-1,5
TATCCTGCATGGGAAT-1,5
AGGCCCATTGTACAGG-1,7
CCGGCGCATATTGGAT-1,5
ATCTGTAATTGTACCC-1,4
GAGCGAGGGAGTACCG-1,5
TTATTAGGGAAGCATC-1,5
CTTCTTACGTCGTATA-1,5
GAAGTGCTGGATAGCT-1,2
GTGCAACAAATGTGGC-1,2
CATGCGTTAGACAGAA-1,2
ACACACTTTCTACACG-1,2
AGCCCTAAGCGAAGTT-1,5
ATTAATTCGGTCACTC-1,2
AACAGGAAATCGAATA-1,1
ACGTTTAGTTGTGATC-1,2
TCCTTCAGTGGTCGAA-1,2
CGAACGCCCAGTGCCG-1,6
CCTCGAAGTGGACGGG-1,7
CTCTGTTTGAGGATTC-1,2
TGGGCACGTTCTATGG-1,2
ACTATTCGTCCGTGGT-1,2
CCTCTGGCCTAGACGG-1,5
CCATAAACAACCCGAC-1,7
CATAGTACATTGAGAG-1,2
ATTTCATTATTTCGCG-1,4
CAACTATATCGAATGC-1,2
CTAGTATTCGGAATTA-1,2
GTGGAACCTACATGCG-1,2
CCTAAAGGCTGACGCT-1,2
CGTGACATTGGGTCGT-1,2
CCAATCGGTAGATCGA-1,2
ATTGTCGCAATACCTT-1,2
AAATTACACGACTCTG-1,1
CACTCCTCTCGGTCGG-1,2
AAATAACCATACGGGA-1,4
AGTTACTCTATCGTGG-1,4
CGTTAGCTCACAACTG-1,2
GAATGTATGGCAGGTC-1,2
GCAACCACCAGACCGG-1,5
TCACTCGTGCAACGGC-1,2
AAACAGAGCGACTCCT-1,2
CAGCCTCTCCTCAAGA-1,2
TTGCGTGAACGCTTAG-1,6
CCGCCTGCGAATTGGT-1,2
AGATGAGGGTTGCGAT-1,1
CGGTGGGCTCCAGCCT-1,2
GGCAGCGGTAATCCTA-1,1
GCTAGCAGGGAGTGGG-1,2
CTCAAGACATTAGCGC-1,2
CACGGCGCGCCAAAGG-1,4
TGCAATTTGGGCACGG-1,5
ATGCCAATCGCTCTGC-1,5
GCTGGACCCAAAGTGG-1,5
ATTCCTAAGACGTGGA-1,4
TCCGGAGGAAGGGCTG-1,1
TCGGTGACCGCTCCGG-1,5
TCCGAAGTAGTCACCA-1,6
CATGTAGGAGCGCCAA-1,5
CACAAGAAAGATATTA-1,7
AGGGTCAGTAACCCTA-1,5
TAAGCCCTTACGACCA-1,1
ATACCGTCATCCATAA-1,6
GGACGTCCATAGTTGG-1,6
CATCAAACTGGCGCCC-1,5
AAACGTGTTCGCCCTA-1,5
AAATTGGTGAGAAGCA-1,5
GGTCATTGTAGTCATA-1,6
TGCAGTGAGGCTCGGG-1,5
GAACATTAGTATGTTA-1,4
GGTTTGCGAACACGTA-1,7
ACACAAATATTCCTAG-1,5
TTGGGTTTATTCAGCG-1,6
ATTCGCAGAGGACACT-1,4
GATTTAGTGCGTACTG-1,5
TAGAAACACAATAGTG-1,3
CAGTAGATGATGTCCG-1,3
TCTTAACTCGGATGTA-1,3
TACATCTTGTTTCTTG-1,3
TTCATAGGGTGTCCAT-1,3
TGAAGTAGCTTACGGA-1,3
GCACAAGTGGATCATA-1,3
GGGCGAATTTCTCCAC-1,5
ATGTTCCTGCCCACCT-1,5
GCTCAACCTCTTAGAG-1,5
ATAGCTGCTCTTGTTA-1,1
CGTCAGCTATTTACTC-1,6
ATCTGATAGTGTCTTA-1,1
TGCACTATGTGAGTGC-1,5
CCGACAAACACATGAG-1,1
GCCTTGTATATGCAGT-1,4
ATAATACCGTTAGCCG-1,4
ACACTCCAATGTCACT-1,4
AGTTGCTGACTGATAT-1,5
GGCGCTCCTCATCAAT-1,5
TGCCTGACATCGGTCA-1,1
TTGGCCATCTTGCGCT-1,6
CAGTGGTTGCACATGA-1,4
AGAATTGTTTGACATA-1,1
AAATGCTCGTTACGTT-1,5
CACCTAATAGAGTCGT-1,5
CATTTCTAGCAGACTA-1,6
CCGAAAGTGGTGAGCA-1,4
AGTCAGCCACCGCCTG-1,6
TCATCACTCGAGCTCG-1,5
CTCAGGACTCACCTGT-1,5
CGGTGTACTTGATCCC-1,6
CCTACGGCTCAGTCGA-1,5
GTACTTGGGCACTTCT-1,4
TGATTTCCTCCTGACG-1,5
CCTCACCAATCTTGAC-1,5
GGTGAGATGCAGATAA-1,5
GCTAGTTTCATTGAGG-1,4
AGGACATCGCACGTCG-1,5
GTGGACGTGCTGAGAC-1,4
TAAGGAACTTGTGGGA-1,5
TCGCTGTGCGTAAATC-1,4
GCATCCCTAACTTTGA-1,1
CACCCACACGTCACCC-1,4
CCCTCATTCTGGAATT-1,1
AGGGCGTGATCGGCTA-1,4
GGTGCGGATAAGTGGC-1,5
TAATATTGAAATTCGC-1,1
CTTACACTGGGAAATA-1,5
ACCAAGAACGCGTGTC-1,1
GCCTTCAGCCCTACCG-1,1
GATGCTACAAGCGCCT-1,4
CCGGGACCCGCAGAGA-1,0
GTTCCAGTCTGACCAT-1,4
ATGATCGGGAATAGAC-1,5
TTGGATTGGGTACCAC-1,5
TACCTCACGCTTGTAC-1,7
CATGGCAGGAAGATCG-1,4
ATGACGCCGGCTCTAA-1,5
AGCGACATCCCATTCA-1,1
AGTAATGTCTTGCCGC-1,1
TTCTTAGTGGCTCAGA-1,5
CGTCTGGAAGGGCCCG-1,4
ACGTGCGCCTCGTGCA-1,7
AGAGCGGGCTAATCAT-1,1
GCGTCGAAATGTCGGT-1,2
AACTGATATTAGGCCT-1,2
CGAGCTGGGCTTTAGG-1,2
GGGTGTTTCAGCTATG-1,2
TTAATTTCAGACGCGG-1,4
ACTGCCGTCGTAACTC-1,2
GTGCACGAAAGTGACT-1,2
ATCTCCCTGCAATCTA-1,7
ACGCCAGATGATTTCT-1,2
AGCTATTTAATCCAAC-1,1
CCACGAGAAGAGAATC-1,5
GATTCCGCGTTTCCGT-1,2
GTCGGATGTAGCGCGC-1,6
TATTTATACCGAGTAG-1,1
GTAGGTGATCCGTGTA-1,1
AGTTAAGCGGTCCCGG-1,4
CTGGCGACATAAGTCC-1,2
TTGGCCTAGAATTTCG-1,2
GGCATATCGGTTCTGC-1,2
GGGCGTCCACTGGCTC-1,2
TTACCCATTGCCGGGT-1,2
TTAGACACGATCGTTG-1,1
GCGCTGATCCAGACTC-1,6
TTCGGCAACCCGCTGA-1,2
GATATTTCCTACATGG-1,2
CTGCGTTACGATATAA-1,2
TAATAAACAAGGAGAT-1,2
AACCTTTACGACGTCT-1,2
AGTCCCGCCTTTAATT-1,1
TGAGATTAGGCCCTAA-1,2
AGTGTATTGCGCATTG-1,4
GTTGGATTCAGTGGCT-1,6
TAAAGCTGCAATAGGG-1,2
AGTAGGAAGGAAGTTG-1,2
TATCACTTCGAGTAAC-1,2
TGATCTACGCTGATCT-1,2
GGATCATCCCGTACGC-1,2
TGACACTTCTCTTTGC-1,5
AGCCCTTCTAATCCGA-1,5
CACCGCGTCCACTCTA-1,4
TAATTGGAATCGGGAA-1,7
TCGTAAGCTCCGAGGA-1,5
TATATTACAAATGTCG-1,7
CGCGAGAGGGACTTGT-1,1
GGACCTACGGTAACGT-1,7
GAAATATGCTTGAATG-1,4
CCGTATTAGCGCAGTT-1,5
AGGCGTCTATGGACGG-1,5
AACATCGATACGTCTA-1,5
TGAATATGCTATAAAC-1,4
ACCAAACACCCAGCGA-1,7
TGGCTTGTACAAGCTT-1,5
GAATGAAGGTCTTCAG-1,7
AGATACCAGCACTTCA-1,5
GCGGTCCCGGTGAAGG-1,7
GAGGCATTTGCAGCAG-1,4
GGCAAGCCAGGGATAG-1,5
TCTACGGGCTCAGTTG-1,4
TCTGCGAATCGTTCGC-1,5
AGCTCGTTGATGGAAA-1,5
TGAATGAGATACAGCA-1,1
ACCCTTGCCTGGGTCG-1,4
GGCGAACCGTTCTGAT-1,1
GCGATGTCTGTGCTTG-1,3
ATTAACACCTGAGATA-1,3
GAAATCTGACCAAGTT-1,0
CCTGACAAACTCGCGC-1,3
ATGTCATTTCCCATTG-1,3
GCGGTGCGGAGCATCG-1,3
CGGAAAGCAAATGTGC-1,5
GCTGAGCAACGGTTCT-1,5
TCACTCTTCGTCTGTC-1,5
GATCTTCATTGTCCTC-1,5
ACTCGATGTATTTCAT-1,5
TGAAGAGCGGTCCTAG-1,5
TAAACGTCGTCAATGA-1,4
ACGTTATTGGTCACTC-1,4
ATAGCCTCAGTACCCA-1,7
CGGGAGTATACCGCCG-1,4
GTCCTACAGGCGGCTC-1,5
CGGATAAGCGGACATG-1,5
AACTTCTGCGTCTATC-1,4
GGGTTCAGACGAACAA-1,6
AGTCTGGACATCCTTG-1,5
TTGAACGAATCCTTTG-1,5
GAAATACTAAACGTTT-1,5
CCCGCGCAATGCACCC-1,5
TTCGGCTAGAGATGGT-1,4
GACACGAGTTAGAGGA-1,5
GAGGTCCCAAAGATCT-1,1
TAACTCCATGGAGGCT-1,7
CTTGTTTATGTAGCCA-1,1
GATGGCGCACACATTA-1,4
ATAATAGTGTAGGGAC-1,1
CGCTATTCAATGTATG-1,5
ATATTGCTGTCAAAGT-1,0
GGATTCAGTACGGTGG-1,5
TTCTTAGTGAACGGTG-1,0
AATGGTTCTCACAAGC-1,4
TATACACGCAAAGTAT-1,6
CTTCATAGCTCAAGAA-1,4
CAACGGTTCTTGATAC-1,1
ACACCCGAGAAATCCG-1,1
TCTATCATGCAGTTAC-1,4
CCCGCCATGCTCCCGT-1,4
CGCTTCCACTGAAATC-1,4
CACTGTCCAAGTGAGA-1,5
ATTACTAGCCTCTTGC-1,1
CATAGTAGCATAGTAG-1,1
CAACTCCTTGATCCCG-1,5
AAGTAGAAGACCGGGT-1,5
GCGGGAACCAGGCCCT-1,7
ATTAGATTGATAGCGG-1,1
CTCGGTCCGTAGCCTG-1,4
TGGCTTTGGGTAGACA-1,4
TATCCATATCATGCGA-1,5
GGAGTGCCGCCCTGGA-1,5
TGAGAATGCTTTACCG-1,5
TTAACCAACCCTCCCT-1,4
TGTTTCGGTACTTCTC-1,5
TTGCTGAAGGAACCAC-1,1
TATTTAGTCTAGATCG-1,4
CTCCGGCCTAATATGC-1,2
TTGTGGCCCTGACAGT-1,7
TCGCCGGTCGATCCGT-1,4
CCATAGGTTGGCGTGG-1,5
GAACGACCGAATGATA-1,1
TCCGATAATTGCCATA-1,1
CATTACGTCGGCCCGT-1,5
CAAGCACCAAATGCCT-1,1
TGCATGGATCGGATCT-1,1
GAAATCGCGCGCAACT-1,2
CTGAAAGAGATCCGAC-1,2
CACCTCGATGGTGGAC-1,2
ATTTGTTCCAGGGCTC-1,2
TGGGCCACAAGAGCGC-1,1
CCTTCTTGATCCAGTG-1,5
CCTCGCCAGCAAATTA-1,4
TTCATGGCGCAACAGG-1,4
TTAATCAGTACGTCAG-1,5
CCTATCTATATCGGAA-1,7
ATTATACTTTGCTCGT-1,5
ATGGATCCGGCGTCCG-1,7
CGCCCGCTTCCGTACA-1,2
GGATTCCGCTATACCC-1,7
CGGTCTATCAACCCGT-1,1
ATGCCGGTTGATGGGA-1,6
TCATGCAGGTTCTCAT-1,2
TGAGCTTTAATGACGC-1,1
TCCCTTAGATTACTCG-1,7
ATATCTCCCTCGTTAA-1,7
AGCTCTTCCCAGTGCA-1,6
TCGCTAAACCGCTATC-1,1
CACATTCTTTCGATGG-1,2
GATATGCGGTAGCCAA-1,2
CGTTTCACTTCGGGCG-1,2
CCAATTACGGGTCGAG-1,2
GCAGGTAGAGTATGGT-1,7
GTCGTATTGGCGTACA-1,2
GAAATTAGCACGGATA-1,2
AATGCACCAAGCAATG-1,4
AGGACGCTCGATGTTG-1,2
GGCTAAAGGGCGGGTC-1,2
CATCTATCCCGTGTCT-1,6
CAGTAACTATTTATTG-1,1
CATATACTACTGATAA-1,2
GCGTTCGGAGACCGGG-1,2
AAGTTCAGTCTGCGTA-1,0
CGAAGCTATAAATTCA-1,4
CGCGGTCACAAACCAA-1,4
GGGAATGAGCCCTCAC-1,4
ACGGAGCGCAAATTAC-1,4
CGTTCTTCGCACACCT-1,4
GAATAGCCCTGCGGTC-1,1
AATAGCTACCGCGTGC-1,5
CCGAGCTGTGCTTGTC-1,4
GATGACGATGATCGCG-1,5
GCCTATGCTGGGCCTT-1,1
TTACTGTCTAGAGCTC-1,4
AGCGGTTGCCGCTCTG-1,5
GCTTGCAGCACAATTG-1,4
CCGGAGGTCTTATGGT-1,1
ACAGTATACCGTGGGA-1,1
GGGATCCCAATACAAA-1,4
ATTACGACTCCACAGT-1,4
CTCACACGCAAGCCTA-1,7
CCAGATGTAAATGGGT-1,4
GAACTTGTGCACGGGA-1,4
AAGCCGCTTTACCTTG-1,4
TCCATTCCCACTAGAG-1,6
AGAGCGCTTGTAACGG-1,5
TGGGTTCCCGGACGGA-1,3
GCTGCGCCTCCCACGT-1,3
CTGTTGGCTCTTCTGA-1,3
TTGTTCTAGATACGCT-1,6
CCCTCAAGCTCTTAGT-1,3
TGGTCTAGCTTACATG-1,5
ATGCACCTTCCTTAAT-1,5
GGGATACGGTAATAAT-1,5
AGTTCACCGGTTGGAC-1,5
GACATACTGTCGCAGA-1,2
TGGACACCGTTGCTTG-1,5
TTCTGTTTCCTGTCGC-1,2
CGTTGTAAACGTCAGG-1,5
GATCGGCGATAAGTCG-1,4
AGCCTTAAAGCGGAAG-1,4
TCCGTAACCACAATCC-1,7
GAATGCCGAAATGACC-1,4
TATACTCATGCGGCAA-1,0
TAGTGTCAGAAACGGC-1,5
CGTCATACCATATCCA-1,4
TAGTACCTTAGTGGTC-1,1
CTGGCGGGAATAAGTA-1,4
AGTGTGGTCTATTGTG-1,5
GCTATCGCGGCGCAAC-1,4
CAGTAATCCCTCCCAG-1,5
GTATTAAGGCGTCTAA-1,5
CTAATTTCAACAACAC-1,5
TTAGCAACATGGATGT-1,4
ATGCTCAGTGTTGCAT-1,2
GATGTTTGTGCGAGAT-1,6
CACTTCGCCACAGGCT-1,4
CTGTATGGTGTAGAAA-1,5
TACGTGCACTATGCTG-1,4
GTATCAGCTTGGGTTC-1,2
TAACAAAGGGAGAAGC-1,6
TTACATCGTGGCCTGG-1,1
TCTGAACCGGTCGGCT-1,5
GGCTCGTGCCACCAGC-1,2
TATAAGTGAGGATAGC-1,4
GCCCGCGCGTTTGACA-1,1
TGCTGGTTGGACAATT-1,1
GCCTAGCGATCTGACC-1,5
CCATGCTCTGCAGGAA-1,6
TATAAATCCACAAGCT-1,4
CGCTCGACATAATGAT-1,1
CCAATTGAATGTTAAT-1,1
GCTAATACCGAATGCC-1,2
TTCAACGACCCGACCG-1,5
TTCCTCGAGGGTGTCT-1,4
CAACGACCCGTTTACA-1,1
CTTGTACTTGTTGACT-1,7
TCTCTAATAGCTGGTA-1,5
ATTATGCCATAGGGAG-1,6
GACAACGCAGCTTACG-1,4
AGATGACTCGCCCACG-1,5
GTGCGGGTCTCCAAAT-1,5
GTACGAGATTGCGACA-1,1
GTATAGGACTCAGTAG-1,4
TTGCACGGAGCAGCAC-1,7
CACAGCTAGGGAGTGA-1,5
ATACTAGCATGACCCT-1,1
CCAAGACTTCTGCGAA-1,5
ACATAATAAGGCGGTG-1,4
TAATACACAGTAGTAT-1,5
TCTTGGTAACACCAAA-1,5
AACTGGGTCCCGACGT-1,7
ATCACTTCATCCTCGC-1,2
TGGAAGGATAAAGATG-1,2
CATGATGCACAATTCT-1,2
TGCCTGATCAAACGAT-1,2
ATAGGGATATCCTTGA-1,5
CACCTAATCAGTTTAC-1,4
TGTGACTACGCCAGTC-1,5
CCCGACCATAGTCCGC-1,5
CGCGCCCGACTTAATA-1,1
TGCCACCTGGCGAAAC-1,4
CTGCCAAGGTTGGAAG-1,4
TCTCCAACGTAGGTTA-1,5
TTCTTGGAGTAATGAG-1,7
GTCTCGATCTGCTTTC-1,4
TACTCTCCGAACAAAT-1,4
ATCACATTAGAATATC-1,5
TACGGGATGCTAGCAG-1,5
AGCTGAAGTAAACCAA-1,0
CATGGGTCGGGTGTGG-1,5
CACCCACGAGGCAATT-1,2
TGCCATTACTAAAGAA-1,2
CCGTTACGTTAGAACA-1,0
GCCAGGAGTAACCGAT-1,2
GGAAAGTGCCCATGCC-1,2
TCTTACCGGAACTCGT-1,7
TATGTCAAGACCGACT-1,2
CCTAACTAAGGCTCTA-1,2
GCGGTGAACTGCGCTC-1,4
CCTCGCGCGATATAGG-1,2
ATCGGCAAGCAGTCCA-1,1
AGATCGTGCATAAGAT-1,2
ATTCAGGACCTATTTC-1,2
AGCTAGAAGCAGAAGT-1,2
TTCGCTATCTGACGTG-1,2
TTCCGCAGAGAAATAT-1,2
CAGTACATTCTCTAAA-1,2
GTGAAGATTTCAAGTG-1,6
AACGCATGATCTGGGT-1,1
CCCAGAGGAGGGCGTA-1,6
GGAAACCTTGTTGAAT-1,4
GTGAAGCCGTATAGTC-1,5
GAGCTGTCGTCTCGGA-1,6
TGTCATTTGTTGGGAA-1,5
ACCAACACCACACACT-1,7
AAATGATTCGATCAGC-1,5
CTGCTTTATGTCCGCG-1,4
GCGAGAGGCCATGTAA-1,4
ATTGACCGGCGATGAC-1,5
ACCCTGGTAACGCCCT-1,1
GTTGGACCGCATCAGG-1,5
CGTTTACAAGGCAGCT-1,5
CGGTCCATGAGACTCC-1,4
GTTCGTCTGGGTCCCT-1,4
TGTACTACTCTCACGG-1,4
AGTGAAGATGGTGTCC-1,5
GAGGGCCATAATATTA-1,5
ACTCCCGTAGACTAGG-1,5
CGTCAAATGGTCGCAG-1,5
AAGTCTAGTAGCTGCC-1,5
AAGAAATCACCAGATT-1,6
GAGTGCACGGACAACA-1,6
GTTCAAATCAGATGTC-1,5
CATGGCTCCCTATGTC-1,5
GGCCACACGAAAGCCT-1,5
GAAGCCGGGTAAGCTC-1,5
TTGCGCTCTCTCGCTT-1,4
TACATGACCTTATCCG-1,3
GTCCTTCTACAACCCA-1,3
TATATGCTGGGTTGCC-1,3
GTTTATGGGATTTAGA-1,3
GGAACCCGAACAAGAA-1,3
AACGTTATCAGCACCT-1,5
CATCGTCCGGTTACTA-1,3
AGACAGCTCAGAATCC-1,3
GCAGATCCTCGCAAAT-1,3
GGGTCATGCGTACCAT-1,3
CTGGTCATTCCAATCC-1,3
TCAGGGCGCAAACTCG-1,5
GATGCCAGCAGAAGGC-1,5
GTTATTAACGTGGGAG-1,5
AATACAATGTTTCAGG-1,1
TTGCTGCACCTATCCA-1,6
CCAGAGACAAAGCCGG-1,5
CCGAAGTATATTGTTC-1,4
GCTAAACCTGAGGTGA-1,7
TCATACTTACAGATCC-1,5
CGAGCACTTCAAGTTT-1,4
TAGCAACCTGTCACAA-1,5
TGGGAAATGCCTTTCC-1,2
AGACCATGGGATACAA-1,6
TAAATGAATCCGTTTC-1,5
ACAACGGTCCCTGCGA-1,1
GTCACTCTCCAAATCT-1,7
TTCTACTTGCGAGGGC-1,6
CGCAATTACTTTCGGT-1,7
CTGTTCATCTCACGGG-1,4
TTCTTGTAACCTAATG-1,7
GCTTGATGATAATCAG-1,4
TTGGCTCGCATGAGAC-1,4
GCCCAGTTGGTATGCC-1,5
ATTCCTCCGCCAGTGC-1,1
TCGTCCGCTGGCGTCT-1,4
GGAGAAGTCATTGGCA-1,5
TCTAGCATCTTCGATG-1,4
TTCTAGGCCAATTGTG-1,2
TCACGGTCATCGCACA-1,5
ATGAAGCCAAGGAGCC-1,4
AATGACTGTCAGCCGG-1,1
CCAAACAGAACCCTCG-1,5
TATCGATGATTAAACG-1,1
GAACACACATCAACCA-1,4
CCCGTCAGCGTCTGAC-1,6
AGCATCGTCGATAATT-1,4
GACTAAGATCATGCAC-1,4
TAGGGTGTTTCAAGAG-1,5
TGGTTCGTAGCAAAGG-1,2
CTGTTCACTGCCTGTG-1,7
ATGTGCATCCGACGCA-1,2
TTGTCGTTCAGTTACC-1,2
CGGGATCAATGTAAGA-1,2
TTATCTGTATCATAAC-1,5
ATCGACTCTTTCCGTT-1,2
CTCATTTGATGGGCGG-1,1
GTAAGCGGGCAGTCAG-1,2
TCTATCGGTCGCAACA-1,2
AACGCGGTCTCCAGCC-1,2
ATTAATACTACGCGGG-1,4
CTTTAACTTTCAAAGG-1,2
CGTACCTGATAGGCCT-1,7
GAATGTTGGGTAATCT-1,6
TGCGGAGTAAAGGTGC-1,4
CCTGAATATTTACATA-1,4
TTGCTCCCATACCGGA-1,5
CCTCTAATCTGCCAAG-1,4
AGGTTGAGGCACGCTT-1,1
TCCCGTCAGTCCCGCA-1,1
TCCGATGACTGAGCTC-1,7
CAGCCTCCTGCAGAGG-1,7
CTTAGCCTTCCACATG-1,5
ATTAATGAACCAGTCG-1,5
ACGATACATAGAACTA-1,1
AGCCACTCCCGTGCTT-1,1
ATACGGGTTTCGATTG-1,5
CTGTCAAATGGCTCGG-1,5
GCTCGGAATTTAAAGC-1,6
TAGGCATGTTACGCCA-1,5
TGGCAACTCGCGCGCC-1,5
ATCAGTAGGCAGGGAT-1,4
TATCGATCTATGCATA-1,1
CGACTCAGGATGTTAT-1,2
GCCATATTGCACACAG-1,2
AATTCATAAGGGATCT-1,1
CGGTAGAGGTGCAGGT-1,2
AATGATGATACGCTAT-1,1
CTTGTGCTCACCGATT-1,1
TTCCAATCAGAGCTAG-1,2
CGATGGACCCTACGCC-1,2
GGTCGGATAAACGGCG-1,6
TTAGCTAATACGATCT-1,1
CTCGATATTTGCGAGC-1,2
ATTACTTACTGGGCAT-1,2
CTAGCCGATGTTATGA-1,2
TACTGCAATCAATTAC-1,2
TAGTCTGTGACGTTGC-1,2
CTCGTTTCTAATGTTT-1,2
TTCGTTCAACGAAGTT-1,2
CTGAATTTATTGCCAG-1,2
TGGAATATCCTTGACC-1,2
CAGATCATTTAAAGTC-1,7
CTCCTTTACGCAAGTC-1,7
TCCCAAACAGACAACG-1,4
ATCGCTGCGTGCAGCA-1,5
TTAGTTCAAGTGTTCG-1,5
AAACTCGTGATATAAG-1,7
TTAACGAACAAGCAGT-1,0
GTTATATCAGGAGCCA-1,5
CAAATTGGATTATGCC-1,4
CGAGGAGCTTCCATAT-1,5
GGAGACCAATGTGCTT-1,5
CATTGATGAACACGCC-1,5
GTCAATGCTATAATTT-1,4
ACCACCCTCTCTTCTA-1,4
TGGAGGGAAACACCTC-1,1
CACGGACGTGGATGGC-1,5
AACTTTCTCGATCATG-1,1
CGTATTGTTTCCTAAT-1,5
CCTACTGCGGCGGCCA-1,5
CTTAGGTCCCAATCGT-1,6
CGCAATCGATCATTAG-1,1
TGGTTATGCTTGCGGT-1,9
GGCTTGGCTCTCACCT-1,5
ATTGGTAGGATCCGCT-1,9
TCAGGGCGACTTCCTT-1,9
TCTGCAGATTCGAGTC-1,9
CTCTCGCTGTACTATG-1,9
AATAGTCGCGAGTCGG-1,9
AGTTACCCTTAAGACT-1,9
CTTAAATAAGACCCAT-1,9
GGTTGTGCTCTTGTCC-1,9
GTGAGTCTAAGACGGA-1,9
CGCGACACTGCGCAGC-1,9
GCTCGCGGTTCCGCTC-1,9
TTAACTCACGCGTGGA-1,3
GGAACGGCCTGCAGCC-1,3
GTAGAAACGGGTGGAG-1,3
TAATGAAAGACCCTTG-1,1
AGGCTTGCTAGACACC-1,4
TTGCGTAGTTTGAGGA-1,4
CGCCCTTGAAGGCTGA-1,3
CCCGGTGGAAGAACCT-1,5
TTAACACCTCGAACAT-1,5
GATTCCTATACGGCGC-1,1
TTACCCTAACAGTCCT-1,1
ACCCACCTACATGCTC-1,2
AAAGGGCAGCTTGAAT-1,4
CACACAGGGATAGATT-1,3
AGAGCGTACAAGCTCG-1,2
TCTTACGGCATCCGAC-1,3
GCCTATTCCGATATAG-1,7
GAAAGTGACTAACTGC-1,3
CCGGAATGGTTTCAGT-1,4
AGTATAATACTAGGCA-1,5
TAACTATCGAAGGTCC-1,6
ATGAGGAGTGTTAATC-1,4
TGTGTCGCGAGTTGCA-1,4
ATCCAACGCAGTCATA-1,4
AAGGCGCGTAAAGCTT-1,4
AGTCGGCCCAAACGAC-1,4
AACGTCAGACTAGTGG-1,1
ACTACCAGCTCTCTGG-1,1
GCAAGTGCACAGAGAA-1,4
ACACCTTAAGTAGGGC-1,5
TTCGACGGGAAGGGCG-1,6
TTCGCACTCGCGTGCT-1,5
TATTTGTTACCCTTTA-1,4
CGCTGTGACGCCGCAC-1,5
GTTGCACGGAGTTTCG-1,6
GTTTCCTGGAGGGTGA-1,4
ACACCCAGCATGCAGC-1,5
TCAACCATGTTCGGGC-1,5
TTACAACTACGCATCC-1,4
TCCGATGGTGCGACAT-1,5
GGGCGTACATTTATAT-1,6
AGCGACCAACGATATT-1,2
ACACAAAGACGGGTGG-1,5
ATCGCACGCCGGGAGA-1,2
GCTCTAAACCCTGACG-1,2
AATGCAACCGGGTACC-1,7
TCAAACAACCGCGTCG-1,2
TATGCTCCCTACTTAC-1,2
AAAGGGATGTAGCAAG-1,4
ACGATCATACATAGAG-1,2
TTGTTCAGTGTGCTAC-1,7
ATGCATGATCCAGGAT-1,2
AGTCTTCTCCTCAAAT-1,2
GATTCCCTTGTCGCAG-1,2
CTCGCACCTATATAGT-1,5
ACTCAATAAAGGCACG-1,7
AACCGAGCTTGGTCAT-1,4
TAAGGCAACATAAGAT-1,2
CACGCACAGCGCAGCT-1,1
GGTTTACAATCTCAAT-1,6
TGCAGGATCGGCAAAG-1,2
ATAACGGAGTCCAACG-1,4
AACGATATGTCAACTG-1,1
GACAACGACCATTGAA-1,2
TTGACCATGTTCTCCG-1,4
AGTACGGGCACCTGGC-1,4
CGCCATCCGATTATGA-1,2
AAGGTATCCTAATATA-1,2
TGTTGTCAAGAAGTCT-1,2
CAGTGAATAAATGACT-1,2
CACCTTGCGAAACTCG-1,4
CATTTAGCGGACCATG-1,2
CCAGTCTAGACGGCGC-1,4
TCGCTTTAAACGTTTG-1,2
GTGAAACGGCGCCACC-1,7
GGGCTCATCGAACCCA-1,1
TTGATGTGTAGTCCCG-1,2
CAGTAGCCCACGCGGT-1,1
AGCGCGGGTGCCAATG-1,2
TAATCGATCCGTACGT-1,1
AGTGGCGGCAATTTGA-1,1
CCTTTCAATGAAGAAA-1,2
CTCAGTCACGACAAAT-1,4
ATAGGCTAGCTTCGCA-1,1
CGGTTCAAGTAGGTGT-1,2
CAGTCGAGGATGCAAT-1,0
TATCACCCAACCGACC-1,2
AATGATGCGACTCCTG-1,6
TGGAACCACTGACACA-1,2
GCCAATAGGGCATCTC-1,2
TTCTTTGGTCGCGACG-1,1
ATTAGATTCCTCAGCA-1,4
CCGTGGAACGATCCAA-1,2
GGGTCGTGGCAAGTGT-1,2
TCGCTCGGCACCAGCG-1,4
ACGCAATCACTACAGC-1,7
CTCTAATGCATTGATC-1,1
GTCTCGACTAAGTTTG-1,4
TGGTTTAAACGTGGGT-1,1
CGCAGATCTTCACCCG-1,4
TCCAGATGTACGCCAA-1,4
CATTGCGGGTCAATTC-1,4
GACGTTCGTAAATACA-1,5
TACACCGTCGTTAGTC-1,0
ACGGGCGTATGCGACA-1,4
GAAGGCTACCATTGTT-1,1
TAAATCTTTACACCTC-1,7
AGTTTATGTAAAGACA-1,4
AGGAGACATCCACAGT-1,4
CAACCTGAACCTGCCA-1,5
AGTCCCTCGCAGAAAG-1,4
TGTATACGGATGATGA-1,7
TTGTGGTATAGGTATG-1,5
TCTGCACCATTAGTAA-1,1
AAATGTATCTTATCCC-1,9
ACTCTAAACCTGGGAT-1,9
GCTGGCAGGTGCCGTG-1,9
CTCATTCGTGAACATC-1,9
TCGCCGGATGGGCAAG-1,9
GGACTAAGTCAGGAGT-1,9
TATCAAAGGTCTGTAA-1,9
TTCAGTTTGTGGCAGC-1,9
TGTTCATAAATGTGCT-1,6
CTTAGCCCGGATAGTG-1,9
GATGCGAATGGTATTA-1,9
TCTAACTGTATGTAAA-1,9
TTAAACCTGGTTCCTT-1,9
GCTAAGTAAAGGCGAT-1,9
AGTTACCGCACATGGT-1,9
GACTGCGGCACGTGTA-1,9
TGGTGATCGTATTTGT-1,1
TTATCGCCTGCGAAGC-1,1
TGGAATTAGACGCTTT-1,7
TCGTCACACTGTTAGC-1,1
TTATGTTTGCGATAGA-1,7
GGTGCTGATCACAAAG-1,4
CATAGCCGCCCGGGAT-1,7
GGTTAGTTACGGCGCC-1,3
ATTCCCACATAAACAA-1,3
ATTCAGTAGCAGGGTC-1,3
CAGTTCCGCGGGTCGA-1,3
AAGAGATGAATCGGTA-1,3
CGCAATTCTACAATAA-1,3
TAACGCTTTGAGAGCG-1,3
AGGCTATGGTTAGCTT-1,3
GAGGAATGGAGAGGTT-1,3
TCCTCTACGAGATGGC-1,3
TTGATTATGCAGATGA-1,7
TCAGTACTGACCCGCG-1,7
TTATGACAAACTGGAT-1,4
GTAAGTAGGGTATACC-1,5
CGCAAACACGAGTTAC-1,7
TGGCCGTATATTGACC-1,5
ACTGTAGCACTTTGGA-1,4
GCTCTATGTTACGTGC-1,4
TGCGCGATTAACGGAG-1,1
GAATCGACATGGTCAC-1,1
GACTAAGTAGGCTCAC-1,4
ATCTTGACCTGCAACG-1,4
ATGCACTACCGCATTG-1,7
CAGATACTAACATAGT-1,5
GATCGACACTATCTGA-1,4
ATAGAGTACTGGGACA-1,4
CCTACTGCTTACACTT-1,2
CCTGCTATTTGAGAAG-1,6
CGCGTTCATGAAATAC-1,5
CATTATGCTTGTTGTG-1,4
CCAGGGACGTGGCCTC-1,4
TATGGATGTGCTACGC-1,1
GTACTAAGATTTGGAG-1,1
AGACCCGCCCTCCTCG-1,5
CGCATTAGCTAATAGG-1,1
GCTCTCGGGTACCGAA-1,4
CACCGCCAGAAGGTTT-1,4
TCCCAAAGACGAAGGA-1,2
ATGGATTGACCAAACG-1,7
GTCATGGACATGACTA-1,5
CTACTGCCACCTGACC-1,5
TTATATTTGGCAATCC-1,5
AGCACCAGTACTCACG-1,4
CATGGTCTAGATACCG-1,5
TCTACCGTCCACAAGC-1,5
CTAGTTGGGCCCGGTA-1,5
TCCCGCGTACTCCTGG-1,1
CAGAGCATGAGCTTGC-1,5
ACACGGGAACTTAGGG-1,4
GGCTCTGCTCCAACGC-1,6
AGAACGTGGTACATTC-1,5
CAATAAACCTTGGCCC-1,4
ACTTCGCCATACGCAC-1,4
ATCTGGTTAAGACTGT-1,2
TCGTAAGACGACATTG-1,5
GTGTACCTTGGCTACG-1,7
GCCCGTAATACCTTCT-1,2
CGGTCAAGTGGGAACC-1,2
TTGTAAGGCCAGTTGG-1,2
GGAGCACCAAGAACTA-1,2
TAATAGTGACGACCAG-1,1
CGAGTTCTGTCCCACC-1,1
AGGCAGATGCGTAAAC-1,2
AAGGATGAGGGACCTC-1,1
AGAGAACCGTCTAGGA-1,2
GAGGGCGCAGCTCTGC-1,6
AAGATTGGCGGAACGT-1,7
CCAGTAGTCTGATCCA-1,7
AAGGGACAGATTCTGT-1,1
ATAGAGTTATCAACTT-1,2
AAATTACCTATCGATG-1,2
GATCCTAAATCGGGAC-1,2
TTACAGACCTAAATGA-1,2
CCTCACCTTAGCATCG-1,2
CATGCGACCAGTTTAA-1,2
AACATATCAACTGGTG-1,7
CTATAAGAGCCAATCG-1,2
AATATCGAGGGTTCTC-1,2
GTACTCCTGGGTATGC-1,1
ATAAGTAGGATTCAGA-1,2
AGGTCGCGGAGTTACT-1,2
CTAATTCTCAGATATT-1,2
GCCAACCATTTCCGGA-1,7
TGATCCCAGCATTAGT-1,2
CGTTGTAAGATTGATT-1,2
GAAACCATGGTGCGCT-1,2
AATCTATGCCGGAGCC-1,7
GACTCCCAGAATAAGG-1,2
TATGATCCGGCACGCC-1,7
CCGCTTGCTGACATGG-1,2
TGGTTAAGGGCGCTGG-1,4
TTGATAGTCAATACAT-1,1
GGTTTAATTGAGCAGG-1,4
CATTACATAGATTGTG-1,7
GGTACACCAGATTTAT-1,4
GGCCCGTATACCATGC-1,4
ATCTTTCGTATAACCA-1,5
GAGATGACAATCCTTA-1,4
AAAGCTTGCCTACATA-1,5
GAACGATAAGTTAAAG-1,2
TAATAGCTAAATGATG-1,5
AGGAGAGTCTGGCTAC-1,4
TGCTCTGCCGGTTCAC-1,5
CCAATAGATTTCATCT-1,9
GGGCACGAATTGGCCG-1,9
TCGTTGACAGGGTCCC-1,9
ATCGTATTCCGAGAAC-1,5
GGGAATTCTGTCCAGT-1,9
ACGCGTTTCTTAAGAG-1,5
GAGAGCGCAGTCCCTG-1,9
GTCCTATTGTTGTGGT-1,7
CATCTGCAGGATCATT-1,9
GAGTCGACAGACCCTC-1,0
AAGTGCAAAGGTAGAC-1,9
AGGGTGGATAGTGCAT-1,9
TGATAGCGGGATTCTA-1,9
GTCAGTTTGGTAGTCG-1,9
GCATTCGAAATGAACA-1,9
AAAGACTGGGCGCTTT-1,9
TAACAATATTTGTTGC-1,9
CCAGCTTCCGCCCGCA-1,9
GATATGGATTACGCGG-1,9
AGAGCAGTTATGAGAC-1,3
TCACATCTTATCTGAT-1,9
TATGAAGACAGGTGCG-1,3
TACCTGCTGCACTGTG-1,3
TAGGTCCAAGTAAGGA-1,9
GAAACTCGTGCGATGC-1,3
AACAATTACTCTACGC-1,9
CCGCACGTGACCTCGG-1,3
AACTTGCCCGTATGCA-1,3
GGGTATGTATGCACTT-1,3
TTCGTACTCCAGAACG-1,3
GAATTTCTCGCTGCAG-1,3
AACAGGATGGGCCGCG-1,3
GACGTGTAGGGATTAT-1,3
TAGGTGAGCCCTACTC-1,9
CTAATTCGCACGCGCT-1,5
GAAGCTTGCTGACCGC-1,5
GGTTAGGCTTGGAGAA-1,7
ACAAGGACAAGAGGTT-1,4
AGGCCACCCGTTATGA-1,1
GTGGGCTTAGACACAC-1,5
CGTGTCCCATTCGCGA-1,4
TGGAGTGATGCGATGA-1,5
AACAACTGGTAGTTGC-1,5
CCTGGCTAGACCCGCC-1,5
CGCAATTAGGGTAATA-1,5
TCGAAATTTAGGACCA-1,4
AGACTAGCCTTCCAGA-1,4
TTGATCTAACTTTGTC-1,2
AAGGAGCGGTTGGTGC-1,2
ACTTGGGACCCGGTGG-1,7
TGATCTCCGGCGCCAG-1,7
CAGTTCAAATTGACAC-1,2
GTCCGGCTGAATTGCG-1,5
CTGGAAATGGATGCTT-1,4
TGATCGGTTTGACCCT-1,6
TAGAGTCTAAGCGAAC-1,5
GAGACTGATGGGTAGA-1,5
TAGCTAAGTCCGGGAG-1,6
GGGCGATATGTGTGAA-1,1
CTCGAGGTCGAACAGT-1,7
GATCCCTTTATACTGC-1,4
GTCATGCACCTCCGTT-1,4
ACTTTCCTATAGCTTC-1,4
TCGCTCGATATATTCC-1,4
ATAGGTTGGGCAGATG-1,1
CAATTAAGGGTGATGA-1,4
ACCGACTGAGTCCCAC-1,5
CCTGTCACCCGGGCTC-1,4
GATCGGTGGCCATAAC-1,1
CCTATGGGTTACCGTC-1,4
TTGGGACACTGCCCGC-1,5
CGAGGCTAAATATGGC-1,4
TCAGGGTGTAACGTAA-1,5
CGAGAGATGTGAACCT-1,6
TCGCTGGGCGGATTGT-1,4
AGATCTCAGGTGTGAT-1,1
TGGCCAAACTGAAGTA-1,4
GCTTCCGTCCCTAGAC-1,0
CAGCAGCCCGTTCCTT-1,5
TGTATAACAGATCCTG-1,1
CGCGGGAATTAGGCAG-1,7
TGCATGTGGTAATCTA-1,7
ACAATTTGAGCAGTGG-1,7
GAGCTAAGGGCATATC-1,5
CCAGATAGTTGAGTGA-1,2
CCACAATGTACGTCTT-1,2
CAATGGATCTCTACCA-1,5
TGTGGCAAAGCGTATG-1,5
TAAAGCGTTAGGAGAA-1,7
TCCGTTTAGCCTTGAA-1,5
CAGCTCGACAAGTTAA-1,1
GCCTATAGTGTCAGGG-1,5
ATAGACAACGGGACCT-1,2
CTACTATCTTTCAGAG-1,5
GCGCTGCTTTGCATTT-1,1
GCGCATCCAGTCAGCA-1,6
GACTCGCGGGAATGAC-1,7
CTGGTAACGAGCTCTT-1,2
TCCGGCCTAGCGTACA-1,2
TCTAGGTGGCGACGCT-1,1
ACGCTAGTGATACACT-1,2
ATCTGCACCTCTGCGA-1,7
CCTCACCTGAGGGAGC-1,2
AGTGAGCCTCGCCGCC-1,2
ACGAGTACGGATGCCC-1,2
GGTACCATTAAGACGG-1,2
TTCTGCTAGACTCCAA-1,1
TAACTATTACGCCAAA-1,2
GCATTCAAGGCAACGC-1,7
AGTACATCATTTATCA-1,7
GTCGTGTCTGGTCATC-1,1
AGTCTAAAGTATACTC-1,2
CGGCCCAACCTGTAGT-1,2
AGGGAGACATACTTCG-1,1
TCCCTAGATCAATAGG-1,2
TCCCGTCGCGTCATAG-1,1
CGCATCCATCAGCCAG-1,6
CTGCACCTAGTCCACA-1,5
CGAGGATCGGGAACGA-1,4
CAATGAGGTTCGACTA-1,7
TCTGACGGGCTAACCC-1,4
TTCTATGCCTTTCGCA-1,4
AGAGTATAGTGTTACG-1,5
CCATTGTTTCCTCCAT-1,1
CTCATCACTTAGTGAT-1,7
CCGAAGGGCGTACCGC-1,2
TCAAGCTGCCTTGAAA-1,6
CTCATTAACGTTGCCC-1,4
GTCTTCCTCACCTAAG-1,9
GGTGATGAAGGAAGTG-1,9
TCAATACAATTGCTGC-1,9
GCAACCCAAGTTGTTT-1,9
ATGAAGTGGACCCAGC-1,9
GAGAATCTCACGATCA-1,9
TATATCATTGATCAGT-1,9
AACTTTACGGGAGCTT-1,9
TTCTTGTGTCCATCAG-1,9
ACAATTTAGGAGGCTC-1,9
ATACTTGTTCTCGAGC-1,9
CACGGGATTGAGGGTT-1,9
GTTAATGTCTATCTTA-1,9
GCGTTATATTTGGAAC-1,9
CGTCAAGGCTATAAAT-1,9
TTAGCTCTGTAATCCG-1,9
AATGGTCCACCGTTCA-1,9
GTCATTGCATTGACCC-1,9
TGTCCGTGGCGCCTTT-1,9
TCAACTAACGTATAAC-1,9
TCCTCTCCAGTTGTCC-1,9
TGTGTTCGTATCCAAG-1,9
CCGCGTAGGTAAGGGC-1,9
CTGCGGGTGAAATGTT-1,9
TATCTACAGAGGTAAT-1,9
CTACTCTAGGCCCGGC-1,9
ACAAGCAGTGCCTAGC-1,3
TACAAGTCTCGTGCAT-1,9
TCGGAATGCGCTCTGA-1,3
TCGCGTCCAGAAGGTC-1,9
TATGGCCCGGCCTCGC-1,3
GCTGGCATATTCACCT-1,3
GTCAGAATAGTCTATG-1,3
GGCGTCCTATCCGCTG-1,3
CGGAGTTTGAGAGACA-1,9
AGCACTTAAGGACGCC-1,9
TCCACAATGGTTTACG-1,5
CCAACGATGCACTGAT-1,7
ATTTACAGTTTACTGG-1,1
CCCTGAAATGAGTTGA-1,1
CAAACGGTCGCACTTT-1,4
TGATTCGTCTATCACT-1,4
TCAGGTTCTTTGAGAA-1,4
CACGCAGCGAGGCTTT-1,4
TTAAGCGCCTGACCCA-1,7
CTTACACGGTATTCCA-1,5
AAGGCTGTGCTCATCG-1,5
GACCAGAGCCCTGTAG-1,2
TCCCAGGCTTAGCTAA-1,2
ATTGAAGATCTTAGTG-1,2
AGTTCCTACAGAATTA-1,2
GGGCTGGTTAGTCGCG-1,5
GAAATGGCGGTGTTAG-1,1
TACGAACACGACTTCA-1,6
ACCACAAGTTTCTATC-1,4
ATATTTAACCCTCAAG-1,5
GATCATTCCAAACATT-1,1
TCCAGGCGAGTACGGT-1,4
GTTTGACCAAATCCTA-1,4
CACAGCACCCACGGCA-1,4
TGCAAGAATGACGTAA-1,5
GCGAAGCCATACCCGT-1,7
TCCTTTCTTACGCTTA-1,1
GCTGCTCTCCGGACAC-1,5
ACTGTCTTCTTTAGAA-1,7
TCAAACTTAGATTGTT-1,0
CTATGTCACTAGCCCA-1,4
TGCGCAAAGCATTTGG-1,1
TTAATGTAGACCAGGT-1,6
GGCGGTAGGATCATTG-1,4
GGCAATAGTCAATGAG-1,4
ACACGAGACTCCTTCT-1,2
GACACAAGGGAAGAAA-1,5
GAGATCTGTCACTCCG-1,6
TTGGGCGGCGGTTGCC-1,1
TTGTTGTGTGTCAAGA-1,2
ACTGTACGATACACAT-1,1
TCCACTTTATCTAGGT-1,4
GGTCTGAGAATCTGGA-1,5
TAGAAAGGTGGCGCTA-1,1
TATGTCTCATTGTGCC-1,7
GGATTTCACTTCTATA-1,7
TGAGTGGTCCGTGACG-1,4
CGCTTTCTTGCATTCG-1,6
ACCCAACGCCCGTGGC-1,5
GAACGTCTCATGGTCG-1,4
AGGGTTCCCTTTGGTT-1,5
GTAGCTTCCTCTTGTT-1,5
GCATGAGGGACGCGGC-1,4
CTACCCTAAGGTCATA-1,5
TCACCGCTCGGCACTC-1,5
GGCTCGCGTTGAGGTA-1,4
CTAACGAAACTTGCTG-1,2
TTAAACTCGAATTCAT-1,2
TACTTTACTGAGCCGG-1,2
GCTTGGATCGATTAGG-1,7
CGGTTATCCAACAGTG-1,2
CAGACCTGTAAGTGTT-1,2
GACGGTCAATAGAAGC-1,2
CTGACTGCGCAGCTCG-1,2
CCATACCTTTACTTGT-1,2
GTAATAAAGGGCTCCC-1,2
GTGAACTCCCATTCGA-1,2
GTGGTTACTTCTTTCG-1,6
TCAGAACCTCCACAGG-1,2
TCCCACTCTCTTCCGG-1,2
ATCTTGACTTGTCCAA-1,2
TCGGGAACGTGCCTAG-1,2
GTTAGCCGTAAATCAA-1,2
ATTTACTAAGTCCATT-1,7
GGGTGCATATGAAAGC-1,2
TCCGAATGGTCCTGAG-1,2
TGATGGCTGTTTCTGA-1,2
AAATAAGGTAGTGCCC-1,1
CCACTATCCGGGTCAC-1,2
ACACCACATAATTAGC-1,2
CGCGGTAAGTCTAGCT-1,7
GCGGGCATTACGATGC-1,2
AGGATTGCTTACGACA-1,7
CTCGGGATAACACCTA-1,1
GTCGTCTGGTTGGCTA-1,4
GCAATTAGTCGCACCG-1,6
GTGACCTAAAGAATAA-1,1
CTGAGCGAGACTTATT-1,7
CAAGACTCAGAAGCGC-1,5
ACTTCGCTAGCGAGTG-1,4
CCATACTCGCCTCTCC-1,9
ACGATACCTATCCTGA-1,9
CTCACCAGTACAAGTG-1,9
CGAAGACGGTGAGTGC-1,9
AAATTAATAAGCGCGA-1,9
GGGCCCTTATCTATAC-1,9
CTGCCCACGAAGCGTT-1,9
GGACAAGTTGCAGTGA-1,0
GTCCGAGAGCAATCAT-1,9
ATGGCAGCCGAGAAAC-1,9
CCTCGGATGCTACCTG-1,9
ATACGGTGAAGATGCA-1,9
ACATCAGCTGGGACGC-1,9
GGTTGTGTAGCCTGGC-1,9
CCTGCGTTCTACGCTT-1,9
GAACGTTAGGAAGACG-1,9
CTGATAGTGTATCTCA-1,9
TTCTGCGAGCGCCCTT-1,9
CTTTGGCGCTTTATAC-1,9
TCCGAACTTGGCTTAC-1,9
TAGATTCCTGGTTATT-1,9
CCGACAAAGGGAGTGC-1,9
CCATGGCCCTTGTACC-1,9
GAAATATCACCATCAG-1,9
ACGAAATGGGCGGCAC-1,9
GTGAGCGTGCTGCACT-1,9
CCGCGGGTACGAAGAA-1,9
TCCCTGGCTCGCTGGA-1,9
CAGCTTAGTAGGTAGC-1,9
CACGAAAGTTAGTCCC-1,9
ACCTAATCGACTTCCT-1,9
AAGTAGTGACGCGAGG-1,9
TCCGATTACATTGCCG-1,3
CCTCCGACAATTCAAG-1,9
GTTCACAGGAGTCTAG-1,3
CGAAGTTGCTCTGTGT-1,3
GTCGGATATCTCAGAC-1,3
CGCTCTCCGTAGATTA-1,3
CAAGCAACGTCGGAGT-1,3
CCATTCCCTGCCCACA-1,3
CTTTGGCTTTAGTAAA-1,4
GGCTATTAAGTTGTAT-1,4
CCATTAGCGATAATCC-1,5
TGTTCTTCCATTGACT-1,2
AGATAACTTCAGGGCC-1,7
ATAGACGAAGAGAAAG-1,5
GGCGGAGTAATATTAG-1,5
TGACCCACGTTAGACA-1,1
TCACAGGTTATTGGGC-1,1
TCACGCATTGTAGATC-1,5
TTGAAGAATTCCCAGG-1,4
AAATGGTCAATGTGCC-1,4
TAGTGCCCTCCAGAGT-1,4
GGTATTGCCGAGTTTA-1,5
CGTATTAAGAGATCTA-1,4
ACTGTCCAGGATTATA-1,5
CGGGCAGCTAAACCGC-1,5
TTGCTGATCATGTTCG-1,4
TATGGGTACGTATCGT-1,5
CAGCTCACTGAGACAT-1,7
GGGACTGCATAGATAG-1,7
ACGCATTCGTGAGTAC-1,5
CTCTGGACGCCTGGTG-1,7
AGGGTTTAGTTCGGGA-1,1
GGGAGAACTCACAGTA-1,4
ATCAATCTGGGCTGCA-1,7
TCTTCGATACCAATAA-1,4
ACGTAGATTGCTGATG-1,0
TCTTGATGCGTAGCGA-1,7
GGGCTGCCTAGGGCGA-1,5
CTCTCACAATCGATGA-1,4
CCAAGCGTAACTCGTA-1,1
ACAACAGCATGAGCTA-1,5
GTCCCAACGTAAAGTA-1,5
GGGAGTTAATGAGGCG-1,2
CCGTAAGTTGGTCCCA-1,5
GGAGGGCTTGGTTGGC-1,4
TCGGACGCCCAGCCCA-1,6
TCTGTGCCATCATAGT-1,5
GTACTGGAGTTAGACC-1,4
GGAATGCGCTAGCGTG-1,4
GTGTGAATAACTTAGG-1,1
GGTCGGCCAGGAGCTT-1,6
TAGCCGGCGGTCAGCG-1,5
CGGGTGTACCCATTTA-1,4
AGTGATTCAAGCAGGA-1,5
GTTGGATTGAGAACAC-1,4
CACACGCGCTGTCTTA-1,5
TAGACGCCCGTACCGG-1,5
GGTTTCAATCGGTCAG-1,5
AATCTGCGTTGGGACG-1,4
TTACGGATGGTTCGAG-1,7
CGGCAGGGTCGGGTTG-1,5
GCTTTCAGAGGAGGTG-1,7
TCTTCCCATGGGCACA-1,2
TACCGCGGACTTGCAG-1,1
AGAATTATGGATTCGA-1,2
ATTGATGAGTCCTAAC-1,2
TAGGTCGCCGGAACTG-1,2
TAACCTACCGTCCGAG-1,6
CTTAGTAGGCCTACAG-1,2
CTAGATGTGAGTGTAA-1,4
ACTCCCGAATTCGTTT-1,1
GTTCATCGTTTGGCTG-1,2
ACTTTACCCTCATGAA-1,2
GCGAGAGTTGCGTCCA-1,2
GTTCGGGCGTACCATT-1,6
CGACTTTGTATAGCCT-1,6
GCCATCGATGCTGCAT-1,7
GCATTTCCAAGGCTCC-1,2
ATGTAAGGCTGCTCTT-1,2
ACGTTCGCAATCAATT-1,1
GTGACGAGGGTGACCC-1,4
ATTATAGCTACTTTAC-1,4
CGTGTGTTAAACCCTG-1,2
TTGGTATGGCTTGTGT-1,2
CATTCCCATTCCGTCG-1,2
TGCCGAAAGCGTATTC-1,2
CAACACATCTCCTGCC-1,1
CTGCCTCATATGCAAC-1,2
TCCCGCCTATGTGCGT-1,1
GGTTACCCGACACTTT-1,2
CCAGCGGGATCACCAG-1,1
ATGTTTCGGCCCGGAG-1,2
GCGTCTAACCTCCTAA-1,1
ATCAGGTAGCTGACAG-1,5
GGTATGAAAGAACTGA-1,9
GTGGCCTAATATCATT-1,9
CCTGTGAAACCGTAAC-1,9
GGCAGAGAGATCGGGA-1,9
TAGCGTCGAATATTGA-1,9
CGCCGACTATTCGCTA-1,9
TCTGGCGCAAGCCGGG-1,9
AGTGGTTGCGTATAGG-1,9
ATCGGTTACCTAGTAA-1,9
CCTGCCCGTTGTCTAG-1,9
GCACACGCCCATGGTC-1,9
AGTACGGCCCGTATCG-1,9
TATCTAGCCTAAAGGA-1,9
CACTCGGTTAGGAGGA-1,9
ATGTTCGTCGACCCAC-1,9
TTCCTCTGCCCGAATA-1,9
TTACTATCGGCTTCTC-1,9
GCCGCATTAGTCCGGC-1,9
TAAGGGCTGGGAGAGG-1,9
TAAGCAGGCGACACGC-1,9
AGCACTACCGGCCTGT-1,9
GAAAGCCCTTTGGACC-1,9
GACCGACTGAAGCGTC-1,9
CGGTGAAGACTAAAGT-1,9
CCCTGCGCTACGCATA-1,9
TACTGGACAGCTCGGC-1,9
TTAGTAGGGCGGCGGG-1,9
GAGGCTATCAAAGTCG-1,9
TTACCATTGATTACCC-1,9
ATACCACGGGCAACTT-1,3
TGTCCTAAGTCACCGC-1,9
AGGTAGGTACAAAGCT-1,9
GGCATACAGGTAGCGG-1,9
TGTAGTGATCTATAAT-1,3
TCCCGGGTGTGCTGCT-1,3
TACGATGTTGATCATC-1,3
CCTCTCTCCCATCTAG-1,3
GCAGGACTATAGAATA-1,3
CTAGTGAAGGACAGGA-1,3
TACGAGAACTTCACGT-1,3
CGTTGTTTCAATTCCC-1,3
GCAAATATTACGCTTT-1,3
CCAATAGTGCCGTCGA-1,3
ATTGCTGCTCCTCCAT-1,5
GAGATCTGCTTGGCAT-1,7
GCCGAAATTCCTACGT-1,4
GGCACTCCACTGGGCA-1,4
GGGTCACCGTGACGGT-1,1
CACTTAATCAGACGGA-1,5
CGTTTCGCTCATTACA-1,4
ATAAAGGCTCGGTCGT-1,5
CACTAAAGTTGCCTAT-1,6
GTGCTCAAGTACTGTC-1,4
CCATGCCTGTTTAGTA-1,6
TCTAGTTATCAGAAGA-1,5
TTGTAATCCGTACTCG-1,5
TCCCAGCTTTAGTCTG-1,5
CTACGCACGGAGTACC-1,0
AAATTAACGGGTAGCT-1,5
CGGCCACGCACAAAGT-1,5
GAAGCGTGAGGAATTT-1,4
ATATCTTAGGGCCTTC-1,4
ACGCGGGCCAAGGACA-1,5
GCGAGTTCTGCAAAGA-1,5
TATTCGTGCCAGAATA-1,1
AGGGCTGCAGTTACAG-1,5
CTAGCATAGTATAATG-1,6
TAGGTTCGAGTTCGTC-1,4
GAATTATAGTGAAAGG-1,4
CTATCGGGTCTCAACA-1,5
GCGCTAATTGAATAGA-1,5
ATGCGACAGTCCCATT-1,5
GGTAGTGCTCGCACCA-1,1
AAGCTCGTGCCAAGTC-1,7
TATTCAATTCTAATCC-1,7
TTCAAAGTCTCTAGCC-1,7
AAGAGCTCTTTATCGG-1,4
TTACTCCGGCCGGGAA-1,5
AAACGAGACGGTTGAT-1,6
GCTAAGTAGTTTCTCT-1,7
ATAACGCCGGAGGGTC-1,7
GGATCCGGAATATACT-1,4
TGAAAGGACCTGACTC-1,4
TCCGCGGCAGCATCTG-1,4
TGCATATGTCTGTCAC-1,4
TGTAGGAGAAATTTCC-1,1
AGTGAGACTTCCAGTA-1,5
CCCAAACATGCTGCTC-1,5
GCTTATGAAGCAGGAA-1,4
TTCTAACCGAAGCTTA-1,7
GGATGTCCTTACCGCA-1,1
AGGGTGCTCTCGAGGG-1,4
AACTCTCAATAGAGCG-1,1
TCTGAATTCCGTACAA-1,1
GCGTGGTACTGGGTTA-1,1
CGTCGGATAGTGTTGA-1,1
ATATGTCTCCCTAGCC-1,5
TCTTTAAGACTATGAA-1,2
TCATTTAAGTCTCCGA-1,2
GATATTGAGATTGGCG-1,1
TGACATCGAGCGGACC-1,2
GCGTAAATGGCCATAA-1,4
ATTGTACAACTCGGCT-1,2
TACGCTATAGAAACCT-1,2
CACCCAAATCTTATGT-1,2
AGATGATGGAGTCTGG-1,2
CCACGGTGCCCGGTAG-1,2
TCAAGAAATACTAGCT-1,4
AGGTATAATTGATAGT-1,1
CAAGGTCCTATAGGCT-1,2
CCGGCACGACCGTTTC-1,2
ACCTCCGTTATTCACC-1,2
GCAGCCTATATCACAT-1,7
GGTATAGTGACACATA-1,7
AAATTCCAGGTCCAAA-1,2
TCTTTAGCAGGCGAAC-1,2
TATTGACATTTCTGCC-1,2
TCTGATCGGGTGCTAG-1,2
GGCCCGGAGCATGTCT-1,6
GGGCGCAGCGTTACTC-1,7
TTGGCGATCCGAATAT-1,2
CCACGTAAATTAGACT-1,2
TCTGATTGGAAATGGA-1,2
ATGGCGGAATAGTCGC-1,2
ATCGCTTTACGTCTCA-1,2
TACGTGCAAGGTTCCT-1,4
CAGGACAGCTGCCCTT-1,7
CAAACCAGGTCTGCAT-1,9
ACAAGCTATATGGAAG-1,5
TCGCCCACTGCGAGAG-1,9
AGCCGCAAATTCAAAT-1,7
TTAACGTTAAAGCCTG-1,9
CAGCGCCAACACGATA-1,9
ATCCAATGGTACCGAA-1,3
GTGCTGCAGATAAGGA-1,9
GGCCTTTGCAACTGGC-1,9
GTCGTACCTACGATTG-1,9
TAGAAATTCACGTATA-1,3
AGAATAAATCTTCAGG-1,9
CATTGCGAAATGGGCG-1,9
GTCTACTCAATTACAA-1,9
TGTAATGACCACAATA-1,9
AAAGTCGACCCTCAGT-1,9
TACTCGGCACGCCGGG-1,9
AGGTGTATCGCCATGA-1,9
TGTGCTTTACGTAAGA-1,9
AAACCTCATGAAGTTG-1,9
TATAGGGTACTCATGA-1,9
CCAGCTGATGGTACTT-1,9
AATATTGGAGTATTGA-1,9
GGCCCTCACCCACTTA-1,9
AACCAAGACTTCTCTG-1,9
TCGTATTACCCATTGC-1,9
ATTCGACGCCGGGCCT-1,9
GGCGCAGGACATCTTC-1,9
GTACTCCCTTATCGCT-1,3
TGGTCTGTTGGGCGTA-1,9
AATAACAACGCTCGGC-1,9
CATACCCGTACCCAGT-1,9
ACAATCCATTTAAACC-1,3
GTTACAATTGGTGACG-1,9
TTGCCCTGATCACGGG-1,3
CTAACCGCGCGCCCGT-1,3
CTAAAGAATGCCTACT-1,3
ACCCATCTTGAGGGTA-1,3
GATCTTTGCAGGGTAT-1,3
GGGTACTTCATGAACT-1,5
GCCGCTTGTGAGAAAC-1,5
CCTGTAAGACATGATA-1,5
CGACAGTTCGCGTTAT-1,5
ACGATGCATATGTTAT-1,4
TGTTCCGCTTCCATGA-1,4
GGATGACGCGAGTTTA-1,5
GAAGTTTCCACTCAAT-1,4
GCGAGGCCCGAGCAGA-1,7
CATACTATGTAATTGT-1,5
CCAATGTCACAGCAAG-1,5
GTTGGATTTGCGTTGG-1,5
GGGAGGATGCCCGAAA-1,4
GATCGCGGGCTCTCCA-1,4
GTTCGCCATAAGTGCC-1,5
AGATTATAGGACGTTT-1,4
TCGAGACCAACACCGT-1,5
TATGGGACCGAGCAGG-1,6
GATGCGTCCTGCATTC-1,4
TATGGTCTGAGTAACA-1,5
GCATAGAGCACTCAGG-1,5
CTTCATTGTCAGTGGA-1,7
GCAGATTAGGGATATC-1,1
CCTGTCGCCCGTAAAT-1,7
CAATTTCGTATAAGGG-1,5
GTACACTTACCTGAAG-1,4
CCAGCCTGGACCAATA-1,5
ATGGAGCAGGCCGTGA-1,5
GTCATTAGAGCGAACG-1,5
AAGACTGCAAGCTACT-1,7
CTAGTCACGTCTTAAG-1,4
ACTCTTGTATAGTAAC-1,5
ATTAGGCGATGCTTTC-1,4
TTCGGGACTAATCGCG-1,1
TGGACTGTTCGCTCAA-1,4
AACGTGCGAAAGTCTC-1,4
CCACCCAAGGAAAGTG-1,5
CCGCACAAAGACCAAC-1,6
GCGATTGTTAACGTTA-1,5
ACTCGTCAGTAATCCC-1,5
GGTGATAAGGAGCAGT-1,4
AAGAGGCATGGATCGC-1,4
CACGTTCGTGCTCTAG-1,4
CTATTTGGTTACGGAT-1,4
GTACAGAGGCAAGGGT-1,5
GGGCCGGCCGAAGTAC-1,4
CCTGAACGATATATTC-1,5
CCGGGCTGCTCCATAC-1,1
TACTTGTTAGTAGTCC-1,5
CCTAGGCGTAGCGATC-1,5
CTGGCGCACAGGTCTG-1,0
ACTTATACTTACCCGG-1,1
GAAGTCTCCCTAGCGA-1,5
ACCGATGGTAGCATCG-1,4
CGAGTTTATCGGACTG-1,5
CATAACGGACAGTCGT-1,4
TGACGATGCACTAGAA-1,7
TAGGGAGCTTGGGATG-1,4
AGGGTCGATGCGAACT-1,5
TATATCCCTGGGAGGA-1,5
CATCTTACACCACCTC-1,5
GTGCGACAGGGAGTGT-1,1
CCGATCTCAACCTTAT-1,5
ACGATCATCTTGTAAA-1,7
GAAAGAACAGCGTTAT-1,2
CTAGGTCTGAAGGAAT-1,2
ATATCAACCTACAGAG-1,2
AAATAGCTTAGACTTT-1,6
GCGACATGTAAACATC-1,7
ATAAGTAGGGCGACTC-1,5
GCGAGCGCATGCTCCC-1,2
AGGGACCGGCTGCGTT-1,2
CCTATGAAGTGGTGCC-1,2
GCTTACGTAGTTAGTA-1,2
CATACTTAGGCAATAC-1,4
CCTGTCCCTCACGTTA-1,6
CAATGTGCCAACCCTT-1,1
GTTAAGTTAGAGTGGG-1,6
CTGGGATACGCTACCC-1,2
AACCTGTCACGGAATT-1,4
ACTGCGGACACACCGT-1,2
CCGTGAGGCATTCATG-1,7
GCCCAGATGCTGGAGA-1,4
TCTGGCCGTTCAAGTT-1,2
ATACGAAGGCTTTCCA-1,2
GATCCGAATATAAGTG-1,1
GTGGAGCATGTCGGCC-1,7
ACTCTTCAGCTCCCGC-1,4
CCCGATAGCCTCGCCT-1,2
ACAGGTGTGTTGTTGC-1,7
TGAACTGCTATGACTT-1,5
TGACATATATGACGAT-1,7
AAGTCTTCTGTGGCCT-1,4
ACCAGACCATAACAAC-1,5
TGAGACGTACCTCTCA-1,4
GACCGTTACATGCGAC-1,3
GGTTCGGATTATACTA-1,3
CCTCCTGAGCCCACAT-1,9
CCGCGATTTGGTAGGT-1,7
AATCTCTACTGTGGTT-1,9
ACTTTGACTGCATCCT-1,3
CCCTGACTAACAAATT-1,3
ACGCTGTGAGGCGTAG-1,9
GCATACGAGGTCTTTA-1,9
TCGGGATTCAAACATA-1,9
GGGCCCTACGAAAGGG-1,9
CGCCAAGAAGCCGAGT-1,9
GGTACATCTGGGACGA-1,9
GGATGCTGGCGTTCCT-1,9
CCGATTCGAGGGACCC-1,9
CCACTGGTGGCTGGTT-1,9
GACAGGCACACACTAT-1,9
TCAACGCGACCGGCAG-1,3
CTACGACTAGCTATAA-1,3
CGGTTGACCTGGCATA-1,9
ATCCTGAATCGCTGCG-1,9
GTTTCATATCGTCGCT-1,9
ATAAATATTAGCAGCT-1,9
AAGAGGATGTACGCGA-1,3
TCCTGCGTTGATACTC-1,9
CGTGCATTGTCGACGC-1,3
CCGGGTTCGAGGTTAC-1,3
CCCAATTTCACAACTT-1,9
TGATTTATTAGCTGTG-1,3
TGGAAGAAGGGAACGT-1,9
GACGCTTGCTTCTAAA-1,6
GGGAACGGGAGGTTAG-1,1
GCGGCTCTGACGTACC-1,4
ACGTTAGATTTGCCCG-1,1
GAGAGGGCGCGAGGTT-1,5
GCGTCTCTGCATTGGG-1,4
GCAGCACACAGCCCAG-1,4
CAGGCCGTTTGGGTGT-1,5
AACTCAAGTTAATTGC-1,6
CTTCGTAGATAGGTGA-1,4
TGCAGAGTACCGAGCA-1,5
GAAGTGATTTATCGTG-1,4
CGCTACGGGACATTTA-1,5
CCACACTGAGATATTA-1,6
CGATCCGACCCAGTGC-1,7
CTGTACTTCTTAGCAT-1,4
ACTTATTAGGATCGGT-1,0
TAGTCCGCAGAGAATG-1,4
TTCACGAAAGGATCAC-1,1
TACATTTCTAACGTGC-1,5
ACCATATCCGCAATAA-1,4
CACTCAAGAGCTATGG-1,4
TGTACGAACAAATCCG-1,4
ATCATCCAATATTTGT-1,7
CGCTATTCTTAGGCTC-1,1
TGGCAGCAGTAATAGT-1,5
TCACGTGCCCGATTCA-1,5
CATACGGCGTCTGGGC-1,7
CACATGATTCAGCAAC-1,5
GCTAGTAGAGCTTGTA-1,6
TGCTGTTGAAGAACTC-1,7
CGGAGCATGGCGATCC-1,4
TAGCGTTGGGTCTTAC-1,5
GTAGCGGCTATACACT-1,5
TAACATACAATGTGGG-1,5
TCTTCGAATAGACGTT-1,4
GATCGTGACTGATATC-1,4
GATCCGGGAATTAACA-1,4
TTATATACGCTGTCAC-1,4
GTCGCGTAACCCGTTG-1,4
AGCTCTAGACGTTCCA-1,4
GTCAAGCGGACTCGGG-1,5
CGAGGGACTGCGGTCG-1,4
AATCGCCTCAGCGCCA-1,4
CTTGTTGCTGAGTCAA-1,4
GATATGAGACACTAAC-1,5
TTATGATCTTAACGAA-1,4
CGCCGCCCATGCCTGT-1,6
CTGGGATAAATAATGG-1,4
GTGCCCGTTCGGATTC-1,5
TTCAATACTCTGAATC-1,4
CGCACATGTCCACTAC-1,4
AGAAGAGCGCCGTTCC-1,5
GATAACTCGCACTGTG-1,4
AGTCGACGGTCTCAAG-1,4
GTGACCGCACACTACG-1,5
GTATGTGGGTCTAGTT-1,4
CTTGAGTTAGGGTAAT-1,4
TTAGCTGATTTGCCGT-1,5
GCTGTTGCTACCGAAC-1,4
TATTACCATCCTGCTT-1,5
TTGAATTCACGTGAGG-1,4
CCATCTCACCAGTGAA-1,5
CGCACGTGCGCTATCA-1,5
ACCCGGATGACGCATC-1,1
CGCTAGAGACCGCTGC-1,4
ATAGTTCCACCCACTC-1,2
GCAGACCCAGCACGTA-1,2
TAGACTACCTAGCGTT-1,2
GGTTCTACTCGTCTGA-1,2
GACTCACCCACGTGAG-1,1
AGCTCTTCGTAACCTT-1,1
ACTATCCAGGGCATGG-1,7
AAGGATCGATCGCTTG-1,6
ATATCGGTAGGGAGAT-1,7
TTCCAGACGAGATTTA-1,2
GACCGACGTGAAAGCA-1,4
CCTGGAAACGTTCTGC-1,4
CCGGTAATGGCTAGTC-1,1
GCCGTGGAAGAAATGT-1,1
GTCTTGAGGAGCAGTG-1,2
TCCCAAAGCCCTAAAT-1,7
TTGAGCGCCACGTGAT-1,6
TTGAGTCCCGCTGCTG-1,2
ATGGAACCTTTGCACA-1,6
GCTAGCACCTGGGCCA-1,2
CGCCGTCTACCCATCG-1,2
GATAGGTGTCCCGGGC-1,2
AGGTATGCGGACATTA-1,2
TTGGTTCGCTCAAAGG-1,1
TCTGGAGCGTAAGAGT-1,7
TGCCTAAATTTAATAG-1,2
TAATTTCCGTCCAGTA-1,2
TCCTTCAATCCCTACG-1,2
TACCTATCCCTAGAGG-1,2
GCATGGGTACTGACGC-1,6
GTCGGGAACATGGTAG-1,4
GCAAATGAGGACACTT-1,4
GAATGGGCTTATCGAC-1,4
TGGTCGTGCAAGGCAA-1,3
CACCACGCCACACAGA-1,5
GAACCTCGACCTACAC-1,3
CAATACGCTCTGAGGC-1,9
TGGTAAGCAGGATTGA-1,9
AGTGGCTCCGTCGGCC-1,9
GATCGGATAGAACCAT-1,3
GCTACAGTACGGACCG-1,9
TCTATTACTAGAGGAT-1,3
TTCAGGCGTCAAAGCC-1,9
AGACCGGGAAACCCTG-1,3
AGAGATCTCTAAAGCG-1,9
CCCTGCCCAATCCGCT-1,3
GTGGCGGTCCCAGCGT-1,9
GCATTGTAATTCATAT-1,9
CCGTTCCGAATCTCGG-1,9
AGCTTGATCTTAACTT-1,9
CCTGTACTCACGCCCA-1,9
AAGTGACGACCGAATT-1,9
CTCACTTGGCTGGTAA-1,9
CGCCTGGCCTACGTAA-1,9
CCCGTAAGTCTAGGCC-1,9
TTGGACATGTGGCTTA-1,3
ATTACGCGCTGGCAGG-1,3
ACGCGCTACACAGGGT-1,3
TACGTTTACCGGCAAT-1,3
CGAAACGCAATTCATG-1,3
TAGTCTAACAACGAGA-1,9
TTGCATGCTGATCACG-1,3
TCTGGGTAGCGCTCAT-1,5
ACATCGGTCAGCCGCG-1,7
AGATACCGGTGTTCAC-1,5
GATTACTGAATTTGGG-1,7
TCCAACTTTAAATTCT-1,5
TCCTAGCAAAGAAGCT-1,4
GTCTATCTGAGTTTCT-1,5
GATGTTCAATCCACGA-1,4
AGTTAAACACTTGCGA-1,7
AGCTCTTTACTCAGTT-1,5
ATCCAGGATTCGTGAA-1,5
AGTCAACACCACCATC-1,5
CGATACCTCGCGGACA-1,6
TACAACGCACAACTCA-1,4
AATTAAAGGTCGGCGT-1,4
TACGCAGTTCTTTCCT-1,4
GACCGTGCTGACGGTG-1,6
GGCAAATTACTTTACT-1,4
GGTACAAACATGCTAT-1,1
CGGGCCTTCTTTGTAA-1,7
CGTGAAGTTAATTCAC-1,1
ATAGTGAAGCGTTCTC-1,5
TACGCCATATTCTAAT-1,4
GCCGGGTTAGGGTCGC-1,4
TACATAGGCATACACC-1,5
GCCGATTGGCCAAGCT-1,5
CTGCCATGCATCACAT-1,4
TTATGAATGAAAGGGA-1,7
GCTGAGGCGTGAGTAT-1,5
GCGCCGTTCCACGATA-1,5
CGCATGGTGCGATGCT-1,4
AGGTTTCACACACCTT-1,5
CAAGGATCGCATGTTC-1,4
ACGTTAATGTCGAAGA-1,7
TCCAGAGCACCGGTTC-1,4
GATTCGACGGTTCACG-1,4
GTTTCTGCAGTCTCCC-1,4
GCTGCACGGTTTCTTA-1,5
CGTGCAGACTGGGACA-1,5
GTGTTACTATGCGTCC-1,5
TCCTCGGGCTGGGCTT-1,5
GTGAGGACACTTAAGG-1,5
ATACGCCGGCGAAACC-1,7
TCTGCCAGAAACTGCA-1,5
TTCTGCGGGTTAGCGG-1,4
CTCGGTACCACTGCTC-1,1
GTAAGTAACAGTCTGG-1,1
GTGCGTGTATATGAGC-1,5
ATTTGTCTTGGGAGCT-1,6
CCTCGGACCGGGATAG-1,1
TAGGTGCTCGCCTAGC-1,4
CTTTAGGAACACTGTT-1,1
TCGGGCCGTCGTGGTA-1,7
AGTGCTTGCACGAATA-1,7
TGCAGTTTCCTCCCAT-1,4
TGAGAGATTTACCACG-1,4
GAAACAGATGACCACC-1,4
AGCAACATATCTTATT-1,1
CAAGTGTGGTTGCAAA-1,5
GCCTCATCTGGAAATA-1,1
AACCCTACTGTCAATA-1,4
ACGTATTACTCCGATC-1,4
TCTGGGAACCTTTGAA-1,4
GCTCGCTCATGTCCAA-1,4
GCGCAAGAGCGCGCTG-1,4
TTGACGCTCCATGAGC-1,1
TATAGATGGTCGCAGT-1,2
TTACATGCCACAACTA-1,4
ACATGGCGCCAAAGTA-1,1
TATGGTTAGTGGGAGA-1,4
CATGACTTCGCTGAAT-1,7
ACCACCAATGTAACAA-1,1
TCTTAGAGCTCCAATT-1,5
CCACGAATTTAACCTC-1,5
TTCTTGCTAGCATCTC-1,7
ACACCTTACTACTTGC-1,2
AGTCGGTTGCGTGAGA-1,2
ACCTACAGTATGTGGT-1,2
GAGGATAAACAGTGCT-1,2
TTCCGGTATCTGTGTC-1,2
GGAGGCCGAAGTCGTC-1,2
TTCGCTAGGAAGTTGT-1,2
TAAAGACAACCCTTTA-1,2
GTTGCGCTAACATTAC-1,2
GCTGAACTCTCCAGGG-1,2
AGCCCTGTCGCACCGT-1,2
AGCGCTAGAGCGATGT-1,7
TGCGCCGTTAATAACG-1,2
TGACAACGCATGTCGC-1,4
CGTCTTGAGTGTGACG-1,2
GATAGGATTAATTACA-1,4
GATACCGTGTCGGAGT-1,1
TGTGTCGAAGTCGAGG-1,2
GGATCAGAGCCATCAG-1,5
GTCCCAATCATCCCGC-1,2
TGCCACACTAGAGGAA-1,7
TGAATTTCACTTGCCT-1,4
CTCAGATTGTGATAAG-1,4
CGGACGTTACTTGAAG-1,3
CCGCCTTGCGATGTCG-1,4
CCAGTCAAATCTCTTA-1,3
AAACAGCTTTCAGAAG-1,3
TAGCTGATGTGAAGCG-1,3
CTTATGCGCTCAGGGC-1,4
TGGCTCTTGTCGCGTA-1,9
TTGTGAGGCATGACGC-1,3
CATAAGCTCTCCGTCT-1,3
CCTTCTCAGCGTTCCT-1,1
TGCAGCTACGTACTTC-1,3
CTCTACACTGGCGATT-1,3
TGCAGATCGTCCTAGG-1,3
TGCCAAAGTCAGACTT-1,3
ACAATAGTCGTACGTT-1,3
CATGCCAACTCGCAAA-1,3
TGCAGAACTATATCGT-1,9
TCGTGTCACGCTGACA-1,3
TGATCAGGGAACTGCT-1,3
CTTGCAACCGCCTCCT-1,3
AGCCCATACATGTAAG-1,3
ATCCAATGGAGGGTCC-1,3
AAACCGGGTAGGTACC-1,6
GCAACCACGGCCGCGT-1,3
CGCTTATTCCCGGTCG-1,3
TTACTCTGGTACGTAC-1,3
GTGGTTTCCGCCTTTC-1,3
ATAGGCGGCTATAGAA-1,2
GTGCCATCACACGGTG-1,3
CCCAACATACGTCGCG-1,7
CGGTGCAGATAGAACG-1,7
GGGCGGGTTCCCTACG-1,4
TGAGCCATACAGTCTC-1,4
CTCCGCCCACATGAGG-1,4
GTTGAACCGGTTCCAT-1,4
TTGACTACCATATGGT-1,5
ACCATCGTATATGGTA-1,6
TGCGTAAGAACCTGAT-1,5
AGAAGGTTGCCGAATT-1,1
AGGACGACCCATTAGA-1,4
GGTGCTGGTACACATT-1,5
GCGCTATGCCGAGGCA-1,6
ACCCGGTTACACTTCC-1,5
TAACTCATCCGCGCGG-1,5
CACAATGAGCTGCTAT-1,4
GTTACTTTGGGCCTAG-1,4
GGGCCCGTCTTAAACA-1,4
GAAATTGTCTCTATAA-1,6
GGCGCATGAATTGATG-1,5
CATATAGGTACAGTCA-1,1
TCAACGAGGAGACAAA-1,5
TTGCACAATTCAGAAA-1,5
CATCGGACGGGTTAAT-1,7
ATTAAACATGCGGACC-1,4
TATCTACCACAGCGGG-1,7
CGAGACCCTAGAGTGT-1,1
ACATCGATCGTTTACC-1,5
ATCGACCCAATACAGA-1,6
GAATCTGAACATTCTC-1,5
AGTTCCTATTTATGTT-1,4
CAGTCTGTATACTGGG-1,4
GGAGACGACACCTTTG-1,4
CCTAAATTAACGGTTC-1,4
GCTACGACTTATTGGG-1,5
CTGTGCAGGGTAGGTC-1,4
ACGCCGCTAGACGACC-1,7
ACTTGACTCCCTCTTT-1,4
CGCCTCCCTCCTCTAT-1,5
CTAGATTTACGACGGC-1,5
GATGCTGTATTTCATC-1,6
TGCGTTTGTTGACACT-1,4
CGTGCCCTCCCGAAGA-1,5
ACTCTCTGACTTAGGT-1,4
CTGGGTAGGCAGTTAA-1,4
GTTTGGCCCAAGTTAT-1,1
GAATGTGGTCCGGATT-1,6
CCCAGTTAAGGCGCCG-1,4
CGGTACTAGAATCAAA-1,4
GCTTAATGTAACTAAC-1,7
AGGACAGTCGAATCCC-1,4
GACAGCCAGACCTGAC-1,5
GGCGAAATCTAACTTG-1,5
CTGGTAACACATAGAA-1,5
TAGCCATTTCAAAGTC-1,1
GGGATTTACCGCACCT-1,7
ATGCCATTTGCGACCA-1,4
GAATAGACGCGACCCA-1,6
TGTATGGCGCAGACAG-1,5
GGATGAAGATCGCTGA-1,4
CGACAATTTGATCTAA-1,6
AAAGTTGACTCCCGTA-1,4
CGCGGCTCAACTTGAA-1,4
CACGCGGAACTGTTGC-1,5
TCTTAGAGTGAACTCT-1,7
AGTCCATTGGCTGATG-1,4
TTAAGATAGGATTGAC-1,5
ACATCCTGGTAACTGT-1,5
CACCTTGGCGCCTTTG-1,4
GCTAGACCGTCTACTG-1,4
CGGCCCAGGTATATCC-1,4
GTCCATTACTGCTACG-1,4
GGGTTTAGGATAGGAT-1,4
TAATTAGGACATCCGT-1,2
GCTCCCAGTCGGTCCA-1,7
ATTCGTGCTATCTCTT-1,2
GTTAACTATGTTGTCA-1,2
GCTCCGCTCGCTTCAG-1,1
GCAACGGCTAGTTATG-1,6
AATCGCGCAGAGGACT-1,7
AGGTTACACCATGCCG-1,2
CGAGATTTCGCTCGGG-1,7
CGATAATACTCAGGTT-1,2
AAGGCAGGCTGTCTCC-1,1
GTAAGTCCACACTCTA-1,2
ATGAGGGCAGCGGCTA-1,4
GCCGCACTCCGTTTCA-1,2
GAGCACGGCGCCTCTT-1,7
ACAATTTGGCCATATT-1,2
CTGGTTCGCGAGCTAC-1,7
GACGGTCCTAGGGTGT-1,4
ACTCGCGATCTGACGC-1,2
GTGTACGAACCGTTCC-1,4
CTTTGACGTCGCTTCT-1,5
CGTTATCATACTTCCA-1,3
GCTATGCCAGCTTATG-1,4
CAGTCGGCCTAGATAT-1,3
CCCGTGAGGGCGGTGA-1,3
TCTCGTGTTACGAGGA-1,3
ACGTCTCGTTCCGGGA-1,3
CGAGAGCGCGTAGATA-1,3
GACAGATTTCTGGCTC-1,2
GGGCCTAAATGGGCTA-1,5
ACTTGTAGTCCCTTCA-1,5
CCCGAAGTTTCGCGAA-1,4
ACCATCCGCCAACTAG-1,5
TGCGAATATGGGATTT-1,1
TACATCCCTATCCCTG-1,5
GTGGGAAGACTGAATC-1,5
TCAACATCGACCGAGA-1,4
CTATGTGAGTCACGGC-1,7
CCGAACACTGGGCCTC-1,9
AAACTTGCAAACGTAT-1,4
AGGGCGAGCAGCTGAT-1,5
AACACGAGACGCGGCC-1,4
TGACGAATATTTCCCT-1,7
TCGGAGAGTATCGGGA-1,7
CAAATCTCTCACAAGG-1,3
AGGCCCTAGAACGCCA-1,4
TAGAGATCATGCAACT-1,3
TTGTTTCCATACAACT-1,7
GAGAGGTGCATTCTGG-1,4
GTGGACCAACCCGATT-1,4
CTGGGCCTGCTATATC-1,5
CATAGTCCACAAGAAC-1,5
TTGACATGAACGTGGA-1,3
GGTTACCACCCTCGGG-1,5
TACCGGTCGTTTCCAT-1,6
CGAGTACTAAAGAGGA-1,4
GCAAGAATTCCTTGGC-1,5
TCGCCGAAGTTGCGTC-1,4
TTGAGAGTACTGCTAA-1,1
GCCACAATTTAAGGAC-1,4
ATATTCAGTTAAACCT-1,7
TGAGTGCCTCTTAAAT-1,4
ATCAGACGGCACGCCG-1,5
GTGCGAAATCGAACAC-1,5
GTGCCGCTTCAAAGGT-1,5
GATACGATGGGAGTCA-1,5
GACACTGAGTTCAGTG-1,4
ATCCTGCGTGGAATGG-1,4
ATCCTACCTAAGCTCT-1,6
AGTGATATGAGTAGTT-1,4
ATGATGCAATGGTACA-1,4
GAAACCGAATTACCTT-1,5
AGTGACCTACTTTACG-1,5
CAAATGTCCTTCCGTG-1,5
TTACTGGGATATTTCA-1,1
CTTGCCCAGGCTCTAC-1,4
AAATCGTGTACCACAA-1,5
GTGATCATAGATCTGC-1,4
TGGCAGATTACGATCA-1,4
TCACCCTCTTAAGATT-1,5
CAGGATATATCGTTGT-1,5
CCTGACCACCGATGGT-1,5
CTAAAGGGAAATAGGA-1,4
CCGCTATCAGCACCAG-1,5
CTTTAGTGCTATTATT-1,4
CGGGAATTTATGTAAA-1,6
TACGACTGCCTCTTAG-1,7
AAACTGCTGGCTCCAA-1,1
GTACGTTTGCCCGTCA-1,5
GGCAAGGCGAAATAGC-1,4
GATCTTGGAGGGCATA-1,5
AGCGTGGTATTCTACT-1,4
CTAAGGGAATGATTGG-1,1
CATGGTAAGTAGCGTT-1,5
CGTTGAGCGACCGTCG-1,5
TGCCCGTACCGTTAAA-1,5
ACAAGGGCAGGCTCTG-1,7
GAGATCTTCCATGACA-1,4
AATGACGTAGGATGTC-1,1
GTGGTGGCCAAGTGAA-1,5
TCCCGTGTGCAATTTG-1,4
ACATCGTATGCAATGG-1,4
GCGAAACTTAACTGGA-1,0
AATTGAACGCTCTGGT-1,1
ACAAATGGTAGTGTTT-1,1
ATGGTCGCGTGGTTTC-1,4
TGTTATTGTATGTGGC-1,7
TTCCGGTTACCCACTT-1,5
GAGTGTGCGGTACCCA-1,5
CAAGATATTATAACGT-1,5
ACACACCAGGACCAGT-1,5
ATGGGCCTCGGCCTCT-1,5
AAGGTGATAAACCAGC-1,7
TCTTACTTATGCCTCT-1,1
AAAGTGTGATTTATCT-1,5
TGCTCCACAGTTCTTA-1,1
CTGGCTGATTCATCCT-1,7
TAAGGCTGAATCCCTC-1,6
TCTAGTGATATCGTGG-1,5
TCGAAGAACCGAGCAC-1,1
GACAAACATATGCAGG-1,0
AAGTCAATTGTCGTCA-1,1
AGTGAACAAACTTCTC-1,2
CATGATGGAAGTTAGC-1,6
AAGTGCCTTGACTGTA-1,5
ATCGCCAGTCAACATT-1,4
ACCGCGGTGGAAGTCG-1,4
TCTTCTATAACCCGCC-1,2
CACATTTCTTGTCAGA-1,4
TAGCGTCCCTCGATTG-1,2
GTTCGGATCGGGAACA-1,2
CAAACTCGCGACGCCG-1,2
GTCTTGTAGCTATTCA-1,4
TCTCGACGTATCGCCG-1,4
TTGCCAAGCAGAACCC-1,2
AAACCCGAACGAAATC-1,7
TTGAGCAGCCCACGGT-1,2
CGCCTTTAGCATGCTC-1,1
TGTGGCTCCCACCAAC-1,2
CCGCCGTTGAGGATAA-1,1
CAATACGAGAGTCTGA-1,7
CATCTAGTGAAGGGAA-1,2
GGTGGAGGTTGATACG-1,4
CCGCACACGAACGTGT-1,2
AGAACCCAGCGTGACA-1,1
GCGCTCGATCACCTGT-1,2
ATCATGGACTACCGAC-1,1
TACGCCGCCTCAGAAG-1,2
CGACCTACTAGACAAT-1,3
GAGTCTTGTAAAGGAC-1,3
AATATCCTAGCAAACT-1,3
CCCTAGGCAACAAGAG-1,3
ACAAAGAAGGTAGGCC-1,3
CCCTGGCTGTTCCTTC-1,3
TCGCCGCACCGCGTGA-1,3
TATAGCGCACGTTATC-1,3
TTATCTGACATTAGGA-1,3
AGTGGTGTTACCCGTG-1,3
GCCAAGAATACTTCTG-1,4
CCGGCGTGAGACTCTG-1,6
TTCCCGGCGCCAATAG-1,5
AAACAGGGTCTATATT-1,5
ACAGTAATACAACTTG-1,6
CGAACGGCCGGACAAC-1,7
GCAACACACTAGAACT-1,5
ACTCCCATTCCTAAAG-1,5
ACCTGCGTGTCATGTT-1,6
TACTTTCCGCACGCCA-1,5
AGGTCAGGTGAGAGTG-1,5
TCCTCCTAAGACATTC-1,5
ATGTGAAAGCCTAATG-1,5
AGTCGGCTCAACTTTA-1,4
CGATCTGTTGGAGGAC-1,0
ACGGGAGTGTCGGCCC-1,6
TTAACTTCAGGTAGGA-1,6
CCACGGAGCCATAAGA-1,5
CTTCTATGTTGAAGTA-1,5
CACCGTTGCGCGATAT-1,5
TCTAGCAATCTCCGCC-1,4
AGTTTGGCCAGACCTA-1,1
TTGTAAGGACCTAAGT-1,5
AAATTTGCGGGTGTGG-1,7
AAGTTCGGCCAACAGG-1,1
CCGCTTACCTCACTCT-1,5
ATCACGTGCTAATTAA-1,4
GGTGAAGTACAGGGAT-1,4
GCTGTATTACTGGCCC-1,7
AACGGCCATCTCCGGT-1,4
TAAGTAACATCTTGAC-1,4
TTCTTGAGCCGCGCTA-1,5
AGTGCGTAGCTCGTAA-1,5
GGGATGGTCGTAACCG-1,4
GTCTGGGCGGTCGAGA-1,4
CGGAACGTAAACATAG-1,4
TGCGACACCCTAGTGC-1,7
CAAACGAGTATCGCAG-1,5
TCAGTAGGGACTATAA-1,4
GCGGTTCCCTATCATG-1,6
GTGACTTCAGTAGTGC-1,5
CGTCACGTCCATTGGT-1,4
ATAAGTTACCGCGACG-1,4
CTGAATCCGAGACCTC-1,5
TACGACGCTTGCTGCG-1,5
GAATTCACCCGGGTGT-1,4
GGGTGACACCTTAACT-1,4
TGAGTAAATTAGCGTA-1,4
GAGTCCGCTTACCGGA-1,5
GGCGCGTTCGAGTTTA-1,5
ATTCATATACTGTCCA-1,4
ATAAACGGACCCGTAA-1,5
GTCGTACCATCTCGGG-1,5
ATAATAGCTGTTGAAT-1,4
TTCCGCGTGAGGCGAT-1,1
TACCGGCTCACTGCCC-1,5
GTATCTTTCATAACCA-1,4
GTTACCTACAACTTGC-1,4
TGACTATAATCCTTTC-1,4
AAATACCTATAAGCAT-1,4
TTATTAGAGCGTGTTC-1,4
ATGTGGACATCTTGAT-1,4
GTACGCTTCATTGCAC-1,6
CACATATTAGCAGGAT-1,5
CAAGAGGGCGGAGTAC-1,4
TCGCAAAGATGCATTT-1,5
GTCGTTATTCGCTTAT-1,1
TCGTGTACTATGGATG-1,1
GCGGAGAGGGAGAACG-1,5
TCACAGGGAATCGCAA-1,4
GACTGCACCAGCCCAG-1,7
TCCGCTGTCATCCCGG-1,5
AGATACTCAAGATCGA-1,5
ACTGAATGGCGAAAGT-1,6
TCCTACATCCACGGCC-1,4
TTCAGCCCTGGTCCAC-1,4
TTAGAGTTTAGAAGGA-1,4
GGTTAGCTATATGTCT-1,5
CTGGTTTCGAGCAAGA-1,4
TGGGCCCATACTAATT-1,1
ACTTATTTATGTGCCA-1,4
TTAGTTATTCGTGGCA-1,7
AACCGCTAAGGGATGC-1,7
ATACGTCCACTCCTGT-1,5
CGACACGCTCCGACAG-1,5
TCTGAACTCGTACCCG-1,5
AGGATATAGGGATTTA-1,5
GTGATCACTAACGCCT-1,5
ACCGGGCCTTTGTTGA-1,5
TTGACAGGAGCTCCCG-1,1
CTCTTCTATTGACTGG-1,7
CGTGGCCGAATATCTA-1,1
GGTTTAGCCTTTCTTG-1,4
TCAAGGTTACTACACC-1,5
TTGACTATTGTCCGGC-1,5
CGGGAATATAGTATAC-1,5
GCAACAGCAGTATGCG-1,1
ATCAAACACTGTTCCA-1,4
TGGGCAATAGTTGGGT-1,5
TGAATGTCAGCCGGCC-1,5
CGGCTCTAAAGCTGCA-1,2
GGACACAAGTTTACAC-1,7
CCGAGAAGTCGCATAA-1,1
AACTACCCGTTTGTCA-1,6
GCACAAACGAGGCGTG-1,6
CACACAGCTTGCGCTC-1,2
GTGCTTACATCAGCGC-1,1
GCAAACGTCGCCAGGT-1,5
GAATAGCATTTAGGGT-1,1
TACTGTTTCTCTGGTA-1,1
TCCTATCATAGGTAAC-1,1
TTCGGTGGAGACGCCC-1,4
TGTTGCCGTCGTCCCA-1,2
CCAACTTGATAGATCC-1,7
CAAAGGTCATCTGAAA-1,2
CTAGCTTAATGGTCCC-1,1
AGGCCACATTGGTTAC-1,7
TTAGGATGGGAGGGTA-1,2
TATGACCTTGCGCTGG-1,0
ATATACATGTATGGTA-1,3
TGTGTGACCATGAATC-1,3
CCCACTCCACGGTATC-1,3
GGGCAGACGTCACTGC-1,3
TCAAAGAGCTATCTGT-1,3
AGATGCATCCTGTGTC-1,3
GTGAAGTCACGACTCG-1,3
TGATTCAGGTCCCGCG-1,3
CGCCACAGGTCGCGAT-1,3
TTGAATCGTTGTATAA-1,3
TGGCCAATTTGGTACT-1,3
CGACCCTTAACGCCGG-1,5
TCGGCGTACTGCACAA-1,4
GAGTAAGGCCACGGGA-1,4
ATCAGCTCGTCCACTA-1,5
AGGATCACGCGATCTG-1,5
AAATGGCCCGTGCCCT-1,7
CAGTACCAGTTTACGT-1,5
GGTCGTAAGCTCGCAC-1,4
CGTTCATGGTGCGCGT-1,4
GACTACAAAGCGGTGG-1,7
CAGCTGGCGTAACCGT-1,5
ACTCGTAACCCGTCCT-1,4
CATATGTCAGGCTACG-1,4
GCCCGACTTCTTCCCG-1,2
CTGGCATCCGAATGAG-1,5
AAGTGCGTTAGAATCT-1,4
AGAAGTGATTCGTGAT-1,6
TACCTTAAGATTTCCC-1,7
AATGACAGCAATGTCT-1,1
TCAACGCAGGAAATAA-1,4
TATTCCTCCGCCCACT-1,5
ATCAAACGAAGGTTTG-1,1
TTGATTAGCTGTTTCT-1,5
CTGCTGAGGCCACGAA-1,7
CCGTGTTAAATTCCAT-1,5
CACGTCGGCAACCTCT-1,4
GTATTCTGAGAAACGA-1,4
CGGTGCGCGTTGGTCC-1,1
GTGATTCGCCGCTCAA-1,4
GCCCGCGCGTAAACGG-1,5
AACGTACTGTGGGTAC-1,7
GAGTATGCCCGCCTTG-1,1
TGATTCTGTCGCCGGT-1,4
GGGCGGCAAATGAATT-1,7
TTCCAATCTGGCTATC-1,4
GGAACCGTGTAAATTG-1,4
TTGGTCACACTCGTAA-1,4
CGAACCCGCATGCGTC-1,4
GGGCGTCACCACGTAA-1,5
TACCAGAAGTAGGTTC-1,5
TTGGATATCGTCTACG-1,5
TAGATATGGACTGGAA-1,7
GCGACGATAGTTGTAC-1,5
CTGGATTTACACTTGA-1,7
GTTATATTATCTCCCT-1,4
TATTCCACTCAGCTCG-1,4
CTGTTACCCAATCTAG-1,1
ACGCGAAGTCAGACGA-1,4
GATAGGTAACGTTGAC-1,6
TGTTCGTATTGCGGTG-1,1
GGTCAGTGGGTCCCAC-1,5
AATTCTAGAGTTAGGC-1,4
GTTTACGTTCCATCTG-1,4
AGACCCACCGCTGATC-1,5
TCTAGCATGCCCAGAA-1,5
CCCGCAGCGCGAACTA-1,0
CTCTATTTGGCTGCAG-1,4
TTCTGCCGCGCCTAGA-1,5
ACTCCCTAGAATAGTA-1,5
CCGAACCTTCCCGGCC-1,5
TCAGACGCTATAGAAG-1,4
CAGGCGCCATGCTAGG-1,2
CACTCGAGCTGAACAA-1,4
ACCACGTGCAGCTATA-1,4
TTACTAAAGGACTTTA-1,5
TTAGACGAGTCACCTC-1,4
GCAAACCCTACATTAT-1,4
ACCCTCCCTTGCTATT-1,1
AATAGAATCTGTTTCA-1,7
ATGACTATGCGACATT-1,7
AGTCAAGATGACACTT-1,2
CGGGAGCTTCAGTGTA-1,6
CCACAGTACCCATCCT-1,2
GAGCGCGCACGAGTAG-1,1
ACCAGTGCGGGAGACG-1,5
TCCTTACGACGGTCCG-1,4
TAGTCGATCACGGGTT-1,7
AGACGAAGTGCCGGTC-1,5
CGCTGGTGACTACCCT-1,5
AGGCATTGTCGTAGGG-1,1
TGGTAGAATATATGGG-1,5
TTCTTATCCGCTGGGT-1,2
AGTTTGGCACGGGTTG-1,7
GCATCGGCCGTGTAGG-1,6
ATGCGAGTCCCACCAC-1,1
TCGGCGAACCCAAACC-1,1
AGAGTAAACTTCACTA-1,6
AAGCCGAAGCGGTTTA-1,1
CCCGAGTTTCTCCGTA-1,5
AATATCGAATCAATGC-1,2
GCGCCTCCCACTCCGA-1,4
CGTTAAACTAGTTAGG-1,2
TGAGTTAAAGACATTC-1,1
AACAGGTAGTATGGAT-1,5
GAACGCGGGTCACACG-1,2
TGTTTGAGATCGTCAG-1,2
ATCTCGTGAGCGAAAC-1,2
CTGAGAAAGTTCGGCG-1,2
ATTACCACACTGCCTG-1,2
CTGCTGTCTAACGAGC-1,1
CGTGGAAGCCTCGTAC-1,1
GGACTCACAAATTAGG-1,2
CTTTGCTGTCATGGAT-1,1
GGTGTTGGGCGTCTTA-1,2
TACCATGTATTGATTT-1,7
GGTCTCCAAGTAGTGC-1,1
ATCCTTCTGAAAGAAC-1,2
CCGGAAGTTATCAGTC-1,2
TTAGAGGGATATACAG-1,4
TTGTACACCTCGAACA-1,7
GTGGGTACTGAGCGTA-1,3
CTTAAGCAGCGAGCCG-1,3
GCATTGACTTGCGGAA-1,3
CCATAACCTGTGCAGT-1,3
GGGCTACTATTTCGTG-1,3
GGCGAGCGAAACGGCA-1,3
GGAGACCATCTACATA-1,3
AGACCAAACCACACCT-1,3
CGACGCATCCGTACCT-1,3
CCTAGGTAAAGGTAGC-1,4
AGCGGCGGTTAGCGGT-1,3
CTGGACGCAGTCCGGC-1,4
AGCCTAATACCCACGT-1,6
AATCTGGCTTTCTAGT-1,1
CACCCTTGGTGAGACC-1,6
GGATCTTGACTCAACC-1,4
ACGAGGATACCACTCT-1,5
GAGTTGATGGCAATTT-1,4
GTGGCAAACAGCGGCA-1,5
GATGTAACGAACCACC-1,4
AGCCGTGGCTAAATGT-1,4
CTCCCTCCTTTCGATC-1,5
TTGGAAGAATACAGTC-1,4
AGTTAAGTCAACCGCT-1,4
CTCATGGTAATTTGCG-1,5
AAAGTAGCATTGCTCA-1,1
TTGTGGTAGGAGGGAT-1,4
AGTCGTGGGCATTACG-1,4
ACCTAAGTACCTTTCA-1,7
GTAGAGGGAGACAAGT-1,5
GATCCTCGACACTGGC-1,5
CCTACATTCACAGACG-1,5
TTGACCGTGTTAATGA-1,5
TCTGTTACCCAGCATA-1,7
CTAACTGGTCCGGTTC-1,1
AGCGACAGGAACGGTC-1,4
TAATAGAACAGAGTTA-1,5
ACAGGTGGAGGTGAGG-1,7
TGCGAGAATATTACCC-1,1
TTGCGTCGGCCAACCG-1,7
AGGCTTCCCGAAGAAG-1,5
GCGGACCGCGTTGTGG-1,5
GTAATCTGATTCTTCG-1,4
CCGCGGAATGCGTCAC-1,7
TTCCACACAGATTTGA-1,5
CTTCTATTAATGCTAG-1,5
CATTTGAGTGGTACGT-1,4
TCACAGCAAACTCGAA-1,4
CAGACGAACCTGATAC-1,7
TAGCTAGAAGGCATGA-1,7
ATCCAGAGCAACAACC-1,6
TCCGGTTCGTCCGGTC-1,6
CGCGCATGTTTGATTG-1,4
TGGCGATCAAGTTATG-1,4
CCCTTTGACAGGTCTT-1,5
CAGAGACGGTCACCCA-1,5
TAGCTCGCCTGATAAC-1,4
TTGTGTTTCCCGAAAG-1,7
TATACACAGACGCCTT-1,4
ACATTAGTTTATATCC-1,7
CCATCGCAGTTAAACT-1,6
AATTAGCGCTGCAGCG-1,4
TCCGCTTATCCCATTA-1,5
GTTTGGGCTTGTGAGC-1,7
CTTGTCAACATTCGAG-1,1
GGACCAACAGGATAAC-1,5
AAGCTAGATCGAGTAA-1,1
TACCGTGCCTCGGACC-1,4
GTAGCCAAACATGGGA-1,5
TGCCAGTACGTGGAGA-1,7
ATAAGGTGGAGAACAT-1,7
ACTTCAGGCTGATCCC-1,1
ACAAATCGCACCGAAT-1,7
TCTGATGTATTCTGTC-1,6
CTTTACCGAATAGTAG-1,2
GCAGATCCATAAGACT-1,1
TTATCCGGGATCTATA-1,6
CTGGAAGACACGGTGG-1,5
GTTCGTCTAAAGAACT-1,4
GTCTATTGGTTCCGGT-1,4
CTAGGCGCCCTATCAG-1,1
AACGGACGTACGTATA-1,5
AACACACGCTCGCCGC-1,7
GCTACTATAGTAGAGT-1,5
AGCATATCAATATGCT-1,6
CGAACAGTATGGGCGT-1,4
ACAATTGTGTCTCTTT-1,5
GATCGCTACCCGATTT-1,4
ATTGCGATCAGTAACT-1,6
CAGCAGTCCAGACTAT-1,5
AGAGGCTTCGGAAACC-1,4
AAACAAGTATCTCCCA-1,7
GGCAGCAAACCTATGC-1,1
ACTAGTTGCGATCGTC-1,7
TTGGACCATCTGGCAA-1,2
CCCTCCTCGCTCGTAT-1,4
GAGCGCAAATACTCCG-1,2
ATTACATGTCAGTCTT-1,2
TTGGGACGTAAGAGTT-1,4
CTTCGGCCAATTGTTT-1,2
AGACCGCTCCGCGGTT-1,4
GACCGCGTCTGACGTG-1,4
CCAAATAACAAGATTC-1,7
TCTTTAGAGTCTAACA-1,2
CTCCCAATGAGTCGCG-1,0
TAGTCTTTCCGAATTG-1,2
GAGTAAACCGGAAAGT-1,1
GATCTCGACGCTGTGG-1,4
CTGACATAGAAATAGA-1,7
TATACCGAGTGCCACA-1,5
TCCGAACGTTGCCGCT-1,1
GCAGAAGGTAATCTCC-1,6
GGTACTAAGTGCTTTG-1,5
CAGAATATTCGTTATC-1,5
TAATCAACCAAATGGG-1,2
TCTGCTTAGAACAAGC-1,2
AACTGAGTTATACTGA-1,2
CCTCAACGATCGCTGT-1,5
CGGTACGGCAAACCCA-1,9
CAGATGTTTGTCCCAA-1,9
GTTTGTTAGCCAAGTA-1,3
ACGTGACAAAGTAAGT-1,9
TTGTCACCGCGGTATC-1,7
GATCTAACCGTATTCA-1,3
ATGGAAATTTAAGGAG-1,3
ATTGATCACCACATTT-1,3
ACTGCTCGGAAGGATG-1,5
TCTAAAGAACAGTCTC-1,5
CTGGGTTGAGTTAAAG-1,4
CCCAGTAAACTTGGGA-1,5
AGATTCACAACCGATA-1,6
AGAAGGTACACTTCAC-1,4
GCAGGAACTTAGATCT-1,1
AATCTAGGTTTACTTG-1,6
CCCGGTGTATCGGAAT-1,5
TTATCCTCAAGGAATA-1,4
AGCATCATTTCGAAAG-1,1
CGCGAGTCTGCCGGGT-1,4
TGCGTCATGACTGAGC-1,5
GTATGAAATTTCACTC-1,4
TTGGTTGCGGTGCGCG-1,6
ACAGAACTGAGAACAA-1,4
CTACTATCATAGGTTT-1,7
CCTCTATCGATTAGCA-1,0
CCGTATCTCGTCGTAG-1,1
TCACGATGTCCGTGGA-1,5
TCAACAAAGATAATTC-1,4
ATGACGCGTTCTATCC-1,4
ATTTGCGCGAGTAGCT-1,5
TTCTTGGACGATCTGC-1,4
AGACGACGATGCCGCT-1,5
GGTCTCTGAATGGACT-1,1
GCTCAATCCGTTTATT-1,7
CCAGAAAGCAACTCAT-1,5
CACCGTTAGGGATCAC-1,4
AATAACACTAGAACAA-1,1
CACCCGGTTTGTGACT-1,5
CCACCAACTTTACTGT-1,4
AACTCTCAGTGTGCTC-1,4
AAACCGTTCGTCCAGG-1,5
CAGCGATTCCCTTCAA-1,5
GCTAGCTTGAATAGCT-1,6
TTGCGGCATCAGAAAG-1,1
AATAGAACAGAGTGGC-1,4
GCCATCGAGCTGCGTG-1,4
ACACTGATCAAGGTGT-1,5
ACCAACGCTTATTTAT-1,4
GACATCGATTTATAAC-1,4
CAGACACCGATCGCTG-1,6
CCAAGAAAGTGGGCGA-1,4
GGTAGACCGTTGGGCG-1,5
TCGTTAGGAGTCCCTA-1,5
ACGGCCAACATGGACT-1,1
GTGAGTGGTACAACGC-1,5
GAGACTTCGCGACCGA-1,4
GAAGTCAGTTGCACTA-1,1
GTTTGGTAGGGTCAAC-1,5
ACGGCACTTGCTTGGG-1,4
CCTCTGTACTATTCTA-1,5
CTATTCATGTGTCCCA-1,4
GCCCGATCTGTGGTCG-1,4
TTAGAAGAACATGACT-1,4
AGGATAAAGTCGGGAT-1,4
CGGCAAACATCGTGCG-1,1
CTAGTTACAACCCGGT-1,1
TTCGACAGAGCCCGTG-1,4
AAGCATACTCTCCTGA-1,4
GACGACGATCCGCGTT-1,5
GGTAGAAGACCGCCTG-1,4
GAGATGGGAGTCGACA-1,1
AACGATAATGCCGTAG-1,5
TGGTCCCACGCTACGG-1,5
CTGCTTGGCGATAGCT-1,4
ATCGGAGACAGACGGC-1,2
TAGCGTCCGGTGTGGT-1,7
GTTGAGTCCCGCCGGT-1,2
AAATAGGGTGCTATTG-1,5
AAGTGTTTGGAGACGG-1,2
AGCACTACCTCACCAG-1,5
TGCCTTGGCCAGGCAA-1,1
TCGTCTTAGGCGTTAA-1,4
TTCTGACCGGGCTCAA-1,1
CAGAACTTAGCCCTCT-1,4
AGCTCCTTCGCACATC-1,4
ACAGGCTTGCCCGACT-1,1
GCTATACGTCTCGGAC-1,4
GAGCCAGCTACCTGTG-1,5
TGCTAAGTGTCTATTT-1,7
GTCCTACGAATAGTCT-1,5
CAGTGTCGGCTGGCCC-1,4
CTATCGACGAAATACA-1,5
CATCATTACCCTGAGG-1,5
TAAGTTGCGACGTAGG-1,6
AGTGCACGCTTAAGAA-1,4
TGTGCCGGTGCCGGAA-1,5
AGGAGGCCTTCGCGCG-1,5
TCCGCGGCCCAATGAA-1,1
TCCGTTAAGCTAATAT-1,6
AAATCTAGCCCTGCTA-1,6
CGCAGGCGATCCAAAC-1,4
CCATATGGAAACTATA-1,4
CACCGTATCCCATCCG-1,6
GGTCAAGACTACTTCG-1,1
CCCGTTTCGCAGATGT-1,6
GTTATAATACGGTGAA-1,5
ACTTGTGGATGGAACG-1,7
GTTCGCTGAGACGTCT-1,4
GACACTGGAACCCGAT-1,5
CCCAGGTCTGAAGGCT-1,2
TCTCGAGGAGGTTCGC-1,4
ACTATCTGCCCGCGTA-1,1
CCTAAATTGTATCCTA-1,2
AGAAATTATGACTCGC-1,2
TCCAGCGCTATAAGCG-1,2
TCGTGTATTGGTCACG-1,2
CCACATACTGCACCCA-1,4
GTTGCGGACGGTCAGG-1,2
GTATTTAATGGCATAA-1,1
GTCGATAGGTGACTTT-1,2
AATAATCTTCGTATCG-1,6
ATTGTTCAACGATCCG-1,4
GTGCAGCGTAGAGTAG-1,7
TGTGGTAGGGTGCCTT-1,2
TGTGGACTATCTACGT-1,2
GGCGGGCTCTAAGAGT-1,2
TGTGCCAGAGGCAAAG-1,9
TGGCTTATGTATAATG-1,3
GCAAGCTGGAAACCGC-1,9
GATATCAAGCAGGAGC-1,3
CACCAATCATCCGTCT-1,3
CCACATGGCTCTTTAT-1,3
GTCCTACTCTACGGGC-1,3
CTCGAGACATACGATA-1,4
TATCAGTGGCGTAGTC-1,1
TGACAGGACAAGTCCA-1,7
TATTAACACCAAAGCA-1,5
TAGGCGATGAGGTCTC-1,1
CCGCCGGAACTTCTCG-1,4
GCCATTAGCCTCAAAC-1,7
GTTAGGCTACCCGTTT-1,5
GGGTATTCTAGCAAAC-1,7
GCCCTAGCCGTCGCGA-1,5
CAGATCCTGGTTTGAA-1,6
CTTCAGTGGTCGCCTA-1,7
GGGCAACCGCACGTGC-1,4
GACCCAATTATGATAC-1,4
GAAGCTCGGACCCGTC-1,4
CGTCGGGTCTAAGCGC-1,5
GAGGCCCGACTCCGCA-1,1
TTGCCATAGCCCGCTC-1,4
TAACATACACGCGATC-1,5
CCGACGGGCATGAGGT-1,7
AATGTGCCCGAGGTGT-1,4
AGCTGTAACCTCAATC-1,1
CGAGTGAAGGTACCAG-1,6
AGTCTCACAAGACTAC-1,4
AAATTGATAGTCCTTT-1,5
TAAGTCGCCGAGTATC-1,5
GCGGAGAAACTTCGCA-1,1
GGCAAAGGCGCCAATA-1,1
ATTTCCGGGTTCTGCG-1,4
TAAACCCAGGAGGGCA-1,4
TTCGGGCGCTAGTCTT-1,1
GTGGAGTCGGCGGTTG-1,5
GCACGCCTACTTAGAT-1,4
CAATATTCTTGACCTA-1,7
CGTTTGTGTAGAGGGT-1,4
CATAGCGTTGCCCACC-1,4
TGATACATTTAGCCGT-1,1
TTCCGGCCTTGAGGCT-1,5
CCTATACCGTCCTGTC-1,6
TCGTTGCTATCCGGTC-1,4
TGGCGACTGCTCCAAA-1,5
CAGAGGCGATGCATGA-1,5
TCACAGGAGAATAAGA-1,5
GGGTTAACATTTGAGT-1,5
GCGGGCGAGCCTTACC-1,4
TGCCAATGGGTACTCT-1,4
AGGGACTCTACGCGAC-1,5
GACGCCGTAAAGGCTA-1,4
AAAGGCTCTCGCGCCG-1,4
CTGGCTGGTTGTCAGT-1,5
ACATCCCGGCCATACG-1,5
CTCTTGTCCCGCTTGG-1,7
TACGCCTCCATTCCGA-1,4
CGGAGCAATTTAATCG-1,1
AACTAGGCTTGGGTGT-1,4
GCGTCGCCAGGGTGAT-1,7
GTTGGTCATGCTATCC-1,4
GCTGGCGGCGCATGCT-1,4
TGAGCGGAAAGTGTTC-1,5
CTTTCTGTGCGGGCTT-1,4
ATCTAATATCCTACGG-1,7
AACCTTTAAATACGGT-1,5
TTCACTCGAGCACCTA-1,7
CTGCACTCCAGTACAG-1,6
CCATTTCTACCTATTA-1,4
CAAGCGGCACATAATT-1,4
GTTAACATCACTTAAA-1,5
ATATAAATGTAGCTGC-1,4
GCCTCTATACATAGCA-1,1
GTGTCGTATAGCGTTC-1,5
ATACGTACTTAGCCAC-1,6
GCTATCATACTCATGG-1,1
TATCCAATTGGTTATC-1,5
TCTCCCTGGGCAGCGT-1,4
CCTATAATGAGTGCCC-1,5
CAATGCGAGAAGTATC-1,5
TACCAATAAAGTACCA-1,6
GCTAGGCACCACGGAG-1,5
GGTGGACTGCTCTGGC-1,4
TATTCCGAGCTGTTAT-1,1
TTGAGAAGTTTAGCAT-1,5
GTCCGGACCTGAAATT-1,4
CTGTGGTCGGGAGATA-1,1
CATGTAAGAGACATTT-1,5
CACGTTTCGTACACAC-1,7
CATCCTCTCAAAGATC-1,5
GATTAACCGAAAGCCC-1,5
AACGCTGTTGCTGAAA-1,7
TTCAGCTGGCGTGCCC-1,5
TAGAGGTTCTACTTGT-1,5
GTATCAAACGTTAGCT-1,4
AATCATGTAAAGACTC-1,4
AGTCACTAGCTCTCGA-1,6
GCGAAACGATCGGGAG-1,1
CATGGATTGTCTTCCG-1,5
ATTGGATTACAGCGTA-1,5
CACACACGCTAACGAG-1,1
CTATGGGAAGCGGAAT-1,5
TGCCTAATTGAAGATT-1,5
TGGCAATGGGACGGCG-1,5
ACCTCCGCCCTCGCTG-1,4
CGGCAATAAGATCGCC-1,5
CCTTGACCACTTTATT-1,5
TCATTTAGAAGTGTGA-1,2
CAGAATAACACACGGA-1,1
TCTGAGCAATTGACTG-1,2
CAACGTGGTGGAGTCT-1,4
CACAGTTCGCTTCCCA-1,4
TCTCTCGCCGCACATA-1,2
TGGGCAGGCCACCGCA-1,2
CTCCTGTTCAAGGCAG-1,6
TATTTGATTTGCACAG-1,2
GCCACTCCTTACGGTA-1,2
ACCGATATTTAATCAT-1,6
TTATTATCTGGAAGGC-1,5
TACATGCCGGAATTGT-1,2
GGCACTCAGCCGACCC-1,4
AAACCGGAAATGTTAA-1,7
AGACAGGCATCTCAGC-1,7
GTGGTGATGGTTTGTG-1,2
CCGATATGACGTAAGG-1,6
CATACACAAAGTCAGC-1,9
TGCCGTTCTTAATCGG-1,3
TCGAGTCTACGATTCG-1,3
ACTTCCAGTGGAAGCT-1,3
CAATTGGGCCGCACTC-1,3
AAATCGCGGAAGGAGT-1,9
ATATCAATTCCAGCCT-1,5
CTTTGTCGAATGCTCC-1,5
TGAGGCATGTACTGTG-1,7
TTCGCCGCTCGCGCTA-1,4
GACTCCTTCCAATTGA-1,4
ACCGAAGAGTCTGGTT-1,6
TGGCATGAAGTTTGGG-1,4
ACGAGGTTTACAACGT-1,5
AACCCATCCCATGATC-1,1
TCGACAACTGAACCCG-1,6
TATCTTGCAATACAAC-1,5
TATTATGTTTGCCTGC-1,4
GTCAAAGAAGTGGTGT-1,5
GGGACAGAGTTACTCC-1,4
AGCAACCGAAAGTAAT-1,4
CTCTCTAACTGCCTAG-1,4
ATACGGAACGTCGTTT-1,7
TCGGTCCCGACAATAG-1,4
CGCGCAAATGTCCAGA-1,4
TCTAATACTGCCTCAG-1,7
CTCGGTTGTCGGCCCT-1,5
GGTAACCGGGAGGATA-1,5
CAGGCGCACGGTGGTC-1,4
TCATCGATGGTCCCAA-1,4
CAAAGATTATTGGGCC-1,4
ACAATGAATACGGAGA-1,5
GCTCCTGACATACTGG-1,7
GATGACAAGTAGGGCA-1,7
TACGCCGAGGGTACCC-1,4
AAGCGTCCCTCATCGA-1,7
CACTCCTATGTAAGAT-1,1
TCGAGCCAGGCAGGCC-1,5
TCGTCAAGTACGCGCA-1,4
CCCGTAGCTGGGAAGA-1,1
ACCCTATGCCATATCG-1,1
GTGGTATAGTCTGCCG-1,5
CCGGTTTGTAATTGTG-1,4
GTCGCCGTTGTGTGTT-1,1
TACTGAACAGATTTAG-1,5
TATTAACCTGACCGCG-1,4
CTGTAGCCATCTCACT-1,7
TACTATGGTTCCTCAG-1,4
GAGTCAGACCAGAATC-1,5
TAAGGCATAACATCAA-1,6
CTTCCGCTCCGTGAAG-1,5
GGGCTATGATCGATGG-1,1
GGTCGGTCGTCCACAG-1,5
GGGACCCGTATATCTT-1,5
GAAAGCAGTGCACTTT-1,4
AGCGCATAATGAATCG-1,4
GCTGCTAAGTAGTCGA-1,5
AATAGTCCGTCCCGAC-1,1
AGCAGCCAGATGAATA-1,5
CCTCGCGCTGTGCGAT-1,4
TTGTGTATGCCACCAA-1,4
TGCTCGGCGAAACCCA-1,5
CGATTAAATATCTCCT-1,5
TGCCGTGGATCGTCCT-1,6
GTGGACGCATTTGTCC-1,5
ACCCGGAAACTCCCAG-1,5
CCGCATGTGGTACGAT-1,5
GCAAACCTTGGCCATA-1,5
ATTCACTGATGTTGGA-1,5
ACTCCCTAATGCTAAA-1,4
TCCTAAATTGGGAAGC-1,4
GAACAGATTACTAAAT-1,5
ATACAGGCCCTCCAAT-1,6
CGATTCGCCTGGCTGC-1,5
TCCGCCTGTCTACAAG-1,5
CACATCTCACCGACGA-1,6
CGTCGTCCTTCGCGAA-1,4
CGTTGAATACCGCGCT-1,5
ACCAATATGCAAGTTA-1,5
ACGGATGGTGCGGATA-1,1
CACCCTAACAAGATCT-1,5
AAGCTCTTTCATGGTG-1,4
CATGGGTATGCCTTAT-1,6
GCGCGTCATTGGTACA-1,4
TCTGAAGCACGTGGTC-1,5
AAGTTCACTCCAAGCT-1,1
TTGGACCTATAACAGT-1,4
ATCAGCCTCATGCTGC-1,1
AGTACTCTTATGCCCA-1,1
GCGCTTAAATAATTGG-1,4
TTGTGAACCTAATCCG-1,5
AGTCGTCGACCACCAA-1,5
TCCTTTAAATCCGCTT-1,5
ACTGAAACGCCGTTAG-1,4
GCACACACTGGTAGCC-1,5
TAAGGGCCTGTCCGAT-1,4
GCTAGAGTAGAGATGT-1,7
CACAGGGCCATATAGT-1,6
CCATGCCCTAGATTTC-1,5
TCGCGTAGCAGTGTCC-1,1
GACGAGGCTAATAAAC-1,5
CTACACTCGCAGATGG-1,5
ACGCATACGTTTACTA-1,4
GGAGCAACATTTCAAG-1,5
CGAGAGGGTAGCCGCG-1,6
TCGTGTTCGACCACAA-1,5
TCTACCCAATAGAGAG-1,4
ATAAACGTTGCACCAC-1,7
TCAACTGCAGAGTCAG-1,4
AGCTCCATATATGTTC-1,4
GTAACATCTAAGATAA-1,2
CCGACAATAGGCCGCC-1,2
ATGCTTAGGAGTTGAT-1,7
AACCCGAGCAGAATCG-1,2
CGGGTTTGTTAGGGCT-1,5
AGGCACGTGACTGTCC-1,4
GACAAGAGATGAGATT-1,2
AGCCCTTGGACATCCC-1,5
GCAGTTCGATCCGAGC-1,4
TCGAGGGCAACAGACG-1,2
ACTTTGTCGACGCACT-1,2
GAGTATCAAAGTTACA-1,2
CCAGGCTGGCGTCTGA-1,1
GGACTCTTCCGGTTGA-1,2
TCCCAGCACACGACAT-1,6
GCTCCATGAGTGCAGA-1,1
GCAGTGCGGGCGGATG-1,2
GCGTTCTGACTAAGCG-1,2
ATTTGGAGATTGCGGT-1,3
AAGGGTTTGATTTCAG-1,9
CCGGCCGCGAGCATAT-1,3
GAGTTCTGTGGGTGCT-1,3
AAACGAAGATGGAGTA-1,9
AATTACGAGACCCATC-1,3
CCTTTGAATTATGGCT-1,4
CATGGTATTAGTTTGT-1,4
AACGAAAGTCGTCCCA-1,5
ACATAAGTCGTGGTGA-1,1
GCACAACCTCGGGCGT-1,2
ATGCACGCGCTGTTCA-1,4
CGATGTTGTTATCTAC-1,7
GTCTCCTGCCAGTATG-1,4
GATGCCTTCTGCGGCA-1,7
ACCGGTCAGGTACACC-1,4
GTGGAGCGTTTACCGA-1,5
AGGCGGTTTGTCCCGC-1,4
TCCCTGGCGTATTAAC-1,4
AAACACCAATAACTGC-1,5
TGGACGCAATCCAGCC-1,5
GGAACCTTGACTCTGC-1,4
GTATCTCAGTCTTGAC-1,5
GCTGAATCTTCCAATC-1,1
AGATGCAAGACGTGCA-1,4
TTAAGGCCCGTACTTT-1,1
AGTATGCTGGAGACCA-1,5
GCGGCAAAGTATTGCC-1,4
GCGCAAATATATTCAA-1,4
GAAGAAACGATATTGT-1,4
GGACCTCTAGGCCGCC-1,1
AACAGCTGTGTGGCAA-1,7
TCGAATATCCCGCAGG-1,4
GCGACCCAACCATCTG-1,6
AGAGAAGGAGTACAAT-1,7
GGCTCCTCCACCTGTT-1,4
TCAGTGTATACGTCAT-1,4
ATTATTATGTCCGTCA-1,5
TTAGGTCATAACCGAC-1,4
AAGATGGCACCGGACC-1,4
CTACAAGAAATAACCC-1,4
ACTATTTCCGGGCCCA-1,5
TTGTTTCACATCCAGG-1,6
CGCTGTGTGGATGTTG-1,4
TCAACATAGCGCCCTA-1,7
GGCCGTTTGGGTTTCA-1,4
TACTCTTTCGTCTTCA-1,5
TTCGCGCGCCATACGA-1,4
CGGAAAGAATCAAACG-1,4
AGGCAGGGAGCGTACT-1,4
CCTTTAAGGGAGCACT-1,4
CGCCCAGCACGCCTAG-1,5
AGTATTTGGCACGACC-1,7
TATCCGCACCGTCGGG-1,1
ACCCGTGTCATCAGTA-1,5
CAACTGCTCATCCGAT-1,1
CCGGAGCGTACTTTCT-1,4
TACCGTAGGTTAACTA-1,1
TGAGGAGTGCCAGCTT-1,4
CCAGTCTTGTCATAGA-1,7
GGGCAGAGCAATCGTT-1,5
TACCAAATAGCCCAGA-1,7
TACCTACTCCCAGTAT-1,1
TGTGAGACTAGCCCAA-1,5
ATACCTAACCAAGAAA-1,5
GTCGGGAAGCAGAAAC-1,1
AATTAACGGATTTCCA-1,4
GAACCCTCTGTGTTCT-1,4
ATATAAAGCGCTCGTG-1,4
CCTGGTCGAATGTGGG-1,5
CTAGGTTCGGACGTGA-1,4
TCGGGAGACAGCGTAC-1,5
CATAAGAAGCTTGGCT-1,0
AAGCACCCTGCGTATC-1,5
AGTTTGCACCTGCCTC-1,4
GACTGCAAATCGAGCT-1,7
GTGTATATCAGCGGGC-1,4
CTTCAACTCCACTTGG-1,4
ACTTACGCATCCACGC-1,5
CATGAGATGCACTCTC-1,4
GAGCACCTGTGTCCAG-1,4
CGCGACCGCGACAGAT-1,4
GTCCCGCGACGTTATG-1,1
GCAGTGTGGCTATAGG-1,5
ATACTGCCTTACACCG-1,4
TACAGAAACGGTGGGC-1,6
GGCGCGGAGATCTTTC-1,5
CGTTAATGTCCCGACG-1,1
GCTAACTGAAGTCTGA-1,4
AGTGATAACCTGCGCG-1,5
TATGATCTTCTCTTTA-1,7
TGTACCTACACGAGGG-1,4
ATATCGTTCCTCGAAC-1,1
CGGCGCCATCAATCCC-1,5
CCTGTTTGAAGACACG-1,6
GCCACTCAGAGCGCGA-1,4
TCGGCTTGTATCGACG-1,5
TAGATGGTTCCTTACT-1,4
ATCGTTAGCTAGCGGA-1,5
ACAGCGACATTCTCAT-1,6
ATTCAACCATTTAAGG-1,5
CACTCTTCTGCTAGCC-1,5
CTAACTGATAATCGCC-1,6
TGATGTCAATTAAGTG-1,5
CGCCGTTCAGCATAGT-1,7
ATACTACCCGTACCAC-1,5
CCACTGTTTGGATTAA-1,5
CACTACGGGAGCTGCC-1,1
GACCAAACGTTGACTG-1,4
AAGAGGCCCTTTGGAA-1,2
ACACGTAGGCCACAAG-1,6
TACTCTTACTTTACTG-1,4
AGAGCCGCCGAGATTT-1,7
GGCCTGCTTCTCCCGA-1,1
TCAAGCGCGGACGGTA-1,2
ACACTGGGACAGTCGT-1,4
TGTGTAGTAGCACGTG-1,5
CTAGCCACAGGCGAGC-1,2
CTATCGCGTAGAGAAC-1,7
GTTCCCGTAAACATAT-1,7
TCTTTCCTTCGAGATA-1,2
ATATTGGAGAGGCCTT-1,4
AGGCGATAACTGGCGT-1,2
ACCCGGAGCACCACAA-1,2
TGAGCTCAACTGTATA-1,6
ACGACCCATGAGTTGC-1,6
CGGTCAGTCCATATTT-1,2
TCCGGCTGTCGGGTCG-1,0
ATTCCCGAAGGTACAG-1,9
CTAACAGCACAATAAC-1,9
TTGTGCGGAAGCGGAT-1,9
GGGCACTATTGACCAT-1,9
CCATAGAGGCTGCCAG-1,3
CCGAAGCATTGACCAA-1,3
TACTGAGGGAAGAAAG-1,3
TATGTAGAAACCCGGC-1,3
TGGTTAACTTACATTT-1,5
AGAACCCTCAATTGGG-1,7
CCTATATCGTGTCACG-1,5
ACGGCTGGATGTAGAA-1,7
CTCGCATTGCATAGCC-1,5
ACTTTGGTCGTGCTCC-1,5
GCTGGTTTAGGCCATA-1,5
TGTCGTTATCACATAT-1,3
ACACATGATCAAATCT-1,4
TATCCATCTCGGTTAG-1,7
CTCGTCGAGGGCTCAT-1,5
ATCAATGCCGTGGCTG-1,4
GAAACATAGGAAACAG-1,1
TAATAGGTCACCAGAA-1,1
CACCAGTCAGCATGCA-1,4
GAGCGCTGTTAGGTAA-1,7
CCCTATGTAGAGCAGA-1,4
GATCGCTATATCTCAG-1,5
AAGGGACTATGCATTC-1,7
CTCGGGTTCTCTGGCC-1,4
TATATATCGAGAAATG-1,4
ACCCGAGCGAAATTAC-1,5
TTGTTTCATTAGTCTA-1,2
ATGGGACCTGCTGAAC-1,7
TGCGACGGCCGAACGT-1,7
AGCTAACAAGCAATGT-1,4
CGTGTCTCGTTACGAC-1,5
CTAAATCCGGTGTACA-1,5
GAATAGTGCTCGATTA-1,4
AACAATACATTGTCGA-1,5
CACATCGTGCACGCGC-1,1
ACCGTGACCACGTGGG-1,4
CCCAATGAGATTTGCA-1,5
TCAGCAGTAGGCCCTG-1,4
CTACTCAAGGTATAGT-1,5
TAGTAGCTTATACCAG-1,5
ACGTTCGTTCAGGAAA-1,5
TTAGAATAAGGGTCGG-1,4
TTCTAGAAAGTCTTAT-1,4
CCTTCAGTTAAAGTGA-1,5
TAGCTAGTGATGATGG-1,1
AGCCCGGTAGCCTGTA-1,5
TACCTCAGTTGTCTGT-1,5
GACGGGTTGGCCCGTA-1,2
GAAACCTATACAAATG-1,5
TCCACCTCTAGCCTTT-1,7
AAGACCCAACTGAACA-1,4
CATACACGGTTCCCAC-1,4
ACTACGCGTTAGAATT-1,7
CTTGGCCAAGCTGGGA-1,1
TTACCCTAGGGATTGG-1,4
TTCGCACTGTACGACA-1,2
TAGGTGTTCCACAGAT-1,6
GAAGCCTGCACATTCC-1,5
GGCTTTCAATAAGGGT-1,1
TCCAGGGTATATACGA-1,4
CTCGCCGAATGTAGGG-1,4
AGGAAGCTGTCCGCCG-1,5
GTCTCAAGGCCCGGCT-1,4
ACCGACACATCTCCCA-1,4
TATACGCGTCATCACT-1,0
ATCTGGGCTGTTCTTG-1,1
TCAAATTTGAGACTCA-1,4
GTTAAGGGTGCGATGT-1,7
AGCAAAGGCCGCTAGT-1,4
TTATAGGTAATTGTCT-1,4
TTGTGCAGCCACGTCA-1,5
ACGGACTCTCAAAGCG-1,4
ATGCTCTGGCGCGGTA-1,1
ATAATCTTGGAGAACC-1,6
CTCATTGCTCTAACAA-1,4
TAGGTGACGATAACCT-1,4
CGGATCCTCAAGGACT-1,7
GGGCGTGGTTTCCCAG-1,5
TGGCTATGTGACATAC-1,1
CTTAGTGTAGTAGCAT-1,6
GGATTGCTGTGACTCC-1,4
ACTTCCATGCGGGACA-1,4
ACTCAAGTGCAAGGCT-1,5
ACAAGGATGCTTTAGG-1,7
TTGAACGACGTGCTGA-1,4
ATTCATCGTTGAGGCA-1,4
TGCAACCCATCTGCGG-1,4
AGTGCTAAACACAGCA-1,4
AACTCCAGAGCGTGTT-1,1
TCTCCACAAGTTGAAT-1,5
CTTTGCATCGCTCTTG-1,4
TCACAAACCGAGGTAC-1,4
CCGTAGGAAATCCCTG-1,5
AAACATTTCCCGGATT-1,5
GCCTCCGACAATTCAC-1,4
TCTGCATACCTTGCTT-1,4
ACCCATTTGTCCCTCT-1,4
CTGCAGAGAATCAGAG-1,6
GGAAACTAAATGGGCC-1,4
CAACCTACCGAGCAGT-1,1
CCGTAGGGTTGTTTAC-1,4
GGTTTGTGACCTGAGG-1,7
TAACCTAGGGAGTCCA-1,7
TTCCATCGACAGCGTG-1,4
ATCTCCCACGGAATAT-1,6
GTTTCAAACGAGTTGT-1,4
GGAACTTTGGCGATTA-1,7
CTGCAAGCACGTTCCG-1,5
CACAGTCCCGCTTCGC-1,4
TACGCTCGGTATTGGA-1,4
CTGGTAAAGTGTGGGC-1,7
CAACCAGTGGCCTACC-1,5
TCTTCGCGGTGAGAGG-1,5
TTCGGGTTGCCACGGG-1,4
ACCGATAGGCATAACC-1,4
CTTATAGATGGCTGTT-1,5
AGACGCCCACTTCGCC-1,1
AGGTCGCCTCCCAACA-1,4
CCTCACGTCAGCTAAT-1,4
CCACCTGTATGGAATA-1,5
GGACTCGAAGCTTTCA-1,2
AAGCCGGAGAGCAGGA-1,1
GCCTATCAGGTAAGAT-1,2
TCAGAGTGTGAGCATG-1,2
AAACATGGTGAGAGGA-1,9
ATCATTGTACCGCATT-1,3
TCAGCTTGAGCTTTCG-1,9
CCGCGCAAGATACCCA-1,3
CTATACTTAAAGCGAG-1,3
ACCGTCCACTGGGCCC-1,3
AAGACCAAATAACTCA-1,3
TGTTTCTGAAGCGTGC-1,3
TTCTCTTACAGGTGAT-1,3
AATTCATTGTCATGCA-1,3
GCCCGAGAGTCTAAAT-1,3
ATATAGAGTATTGGTC-1,3
TTGAAGGATGGGCGCC-1,3
TAGTACCACAACTTTC-1,3
ATCCCATCCACAGCGC-1,3
CTTAGGTATAGACCAG-1,3
TGACTCCGAATCATAC-1,3
ACTACATCCCGACAAG-1,3
TTGCCGCAGACCTACA-1,3
TAAGAGGGACAGGGAC-1,3
CGAATGAAGTCATTGC-1,3
AAGGGAACGACTGGCT-1,3
CGAATCTGCTCGACGC-1,3
ATCGTGGAAAGTCTGG-1,5
CCTATGGCTCCTAGTG-1,4
CGTCGCTTGGTTATAC-1,4
TGCTTAGAGAGAATGC-1,5
GATTGCTCCAGTTGCA-1,4
CGTGCTTCTACCTAAA-1,7
ACTCCAATATCATCAT-1,7
GCCGACCCACGACTGC-1,4
GAGGGTAGTAACAAAG-1,4
GGCCGAGACTCTGGTG-1,5
TATATAGGGCTTTACG-1,4
TGCCGGATGTACGAGC-1,4
AGGTAGATCGAGATAT-1,6
GATCAACATAAAGGGA-1,4
TAACAGCGTTTGTGCT-1,4
CTATAGGCGTTGATGT-1,7
GGTTTAATTACCATCG-1,4
CTCTTCTGGAAGTTAG-1,4
ATCTGACATGGAAGGA-1,4
TACGTACTAGTGCTGA-1,5
ATGACTATCAGCTGTG-1,5
CTTTGGGATTGTTGCA-1,1
AGACTGTTACCGGGTC-1,4
TCCTAACCGTCGGGCA-1,4
ACGCAAACTAATAGAT-1,2
AAGTGAGTCGGGTTTA-1,2
TAAAGCGGTATTTCCA-1,2
CTCCTCCAGCTCACAC-1,2
CGGTCCGTCGCAAGCC-1,6
CCTATATTTGTCCTGG-1,6
AAAGGCTACGGACCAT-1,6
CGTGACCAGTCCTCTG-1,5
GATCTGCTATCTAAGG-1,2
CGAATGACGCATAATG-1,1
GCTCAATGTAATACCG-1,5
CTATGCCCGAATGCAA-1,5
CACAGGGCCGTTGTCA-1,1
TCAATACGCCGTCATG-1,7
AGCGGACACTTCGTAG-1,5
ATACGTTATGCACGGA-1,7
GAGTAGATACTAGTTG-1,6
CCAGCTCGAACGCATT-1,6
TGCTTCCCAAGCAGTA-1,5
GTAGACACGCCTGACT-1,5
CTCACATTTACTAAAT-1,5
GAATGCGAATCGGTTC-1,6
TAAGGCCCGTCACCCT-1,5
GAGTATGCGCGTGCAT-1,4
ATCCACATCGACAGAA-1,4
TAGACGAAACGCCAAT-1,5
CAGCAGTCTGTGCTGC-1,5
CTCACTGTGATACTTA-1,4
TTAATTGCTTTGGGTG-1,5
GTAGTCTACGATATTG-1,1
TTGCCGCTTTCTAGTA-1,6
GAACCTTTAACGATCC-1,4
TGGACCAATCTAAGAT-1,4
CTAGTAGAAAGGGATT-1,5
AACCTCGCTTTAGCCC-1,4
GAGTGTCAACCAGAAA-1,5
GTGATCCTTGTCATGA-1,7
CTCAACTAACCCGGAT-1,4
AGTGGCGTCTGAAGGT-1,7
GGGAAGGGCTTTCTCA-1,4
AGGCCTGAGAATCTCG-1,4
AGCCACAGGTTACCCG-1,6
TGCAATCTAACACGGT-1,4
GTTTGGGTTTCGCCCG-1,5
CCTATGTCCACTCCAC-1,4
CTGCCTTTCTAGTAAA-1,5
TTAGTAAACCTGCTCT-1,5
TTGTGGTGGTACTAAG-1,5
CCTCCTGTTGTGTCGT-1,4
ACAAAGCATGACCTAG-1,5
ATAGCAACTAGGGAAG-1,1
CCGCTCTTCCGAACTA-1,7
TAGAATAGCCGATGAA-1,5
GGTCTCCGTCCAGGTT-1,5
TAATTACGTCAGTAGA-1,5
TACGTAAAGCGGAGTG-1,1
GCTACAATCGAGGATA-1,4
TCAGCCAATCCGTAAA-1,4
ATCATAGCCCTATGTA-1,4
GAGGCCTGTTGATACA-1,6
ATATACGCTCGTGACG-1,5
CCCTTTAATGGAGTTC-1,1
TTACACGATCTGCGAC-1,6
TCGCATAAAGGGCGCA-1,5
TGTAGCCATCCCATTC-1,4
GGGTCTATCGCTTTCC-1,5
GGAGGGTCAAGTAAGA-1,4
TACGGCATGGACGCTA-1,7
CACGTCAATCAATGGA-1,4
CGCTTGGACGGATAGA-1,6
CGCGGTACGGTATACA-1,5
CCTACTCAACACGATT-1,4
CGTTTGGTGTTGTGGG-1,4
GTTGTTGCAAGATGGC-1,4
CATTCGTCGTAGCGGT-1,5
CAGCCTCGATAGCGGT-1,1
TCATAAGTCCAAGAAG-1,5
AAAGTGCCATCAATTA-1,7
GTTGCAGTCGACAACA-1,6
TAAATGGGCTACTGAG-1,7
GGACAAGCCATGATCG-1,7
TCCAATGCGTCGCCGC-1,5
AAAGAATGACCTTAGA-1,1
CCTATTATTCCGGCCG-1,7
CAGTAAGGGACGTCTC-1,4
GGGATGGACCCGCGTC-1,7
GACGCATACCCGTCGG-1,7
GGGCAGGATTTCTGTG-1,1
TATCTGAGCCGATATT-1,1
AATGTATGGCACTGTA-1,1
GCCTTTGTCAGTGGAC-1,3
AACCATAGGGTTGAAC-1,4
AAACTTAATTGCACGC-1,3
TAGGCGGCTGCAAAGA-1,6
TCCATCAATACTAATC-1,3
ACCTCGAACTTATGCT-1,5
ACAAACCATGCGTCCT-1,3
ACACCGGTCTGACCGC-1,4
ATGGCAGCATTACGAT-1,7
CTGGTGAATGGGCCTA-1,4
CACAGAGACGAGGACG-1,4
GCACAAACCCTAGATG-1,5
ACTATGTCCAGCTGCC-1,1
AAGCCGCCGTGAAATC-1,4
ATGGGTGTATACCTCC-1,7
TAAGCGCGAATCAAAT-1,7
AGCCCGGCATTAGAGG-1,5
GTGATCAAGCGTGCAC-1,5
CTGCCTTTAATACCTT-1,5
TACCTCCACACCAATG-1,5
GAGCATCAACAACTTG-1,5
CATACGAACTAGCTGG-1,1
GGGAACGGTTTCAGAT-1,1
AGGGTGCCGTTCTTTA-1,5
ACGACTGGTCATACTC-1,1
GGATCTTACTGCCCTT-1,4
TACTCCTCTAGTTGAC-1,5
GTAGCTCCGGGAGGCT-1,5
GGACTCGTGAGTGGTC-1,4
GTAGTTCGAAGGCGAA-1,4
CTCAAACCACTGCCCG-1,6
GAGGGAGTCAGATCGC-1,4
GCGTCCCTAAGACATA-1,5
TCTCTTACCGCGAACC-1,5
GGCTACTATACACTCC-1,6
CGTTGCCCGCGTGGGA-1,7
TATAGAGTCGCTTGAA-1,1
ATGTTGTAGTCTGTTT-1,4
AGTATACACAGCGACA-1,2
TGTGGTTGCTAAAGCT-1,5
TGATTCCCGGTTACCT-1,1
CACTGACGATTGTGGA-1,1
AACATTGTGACTCGAG-1,2
GTCCAATATTTAGCCT-1,5
GCTCTTTCCGCTAGTG-1,7
GGGTCAGGAGCTAGAT-1,4
AGGTGGTGACCTTCGC-1,5
CCCGGGTCGTTCAGGG-1,5
AGCCAAGCTTTGTGTC-1,6
TGTGGCGGGCTTCTGG-1,5
CGAGGGTATCCAGGTG-1,5
CGTTCAGACCCGCGAA-1,5
TCATATGAGCTTTGTT-1,4
AGTTGACGGTCCTTGC-1,4
ATAATTAGCTAAGTAG-1,5
GGTCTTGAGCGCTCTT-1,5
CGTTGTCGGCAATTGA-1,4
TCTTGCTCCCGATACT-1,5
AGCAGAAGGAGAAAGA-1,5
GAAGCCACTGATTATG-1,4
TGCTCTTGAGAGTTTG-1,7
GACATCCGTCGAACTG-1,4
AGATATAATACGACTA-1,5
TCGCTACTGGCTTTGA-1,4
GTGACAGCTTCCCACT-1,5
GTGACGCAGGTTTCAT-1,4
GGGAAGACGGTCTGTC-1,5
CGTCGCATGTGAGCCA-1,5
AGAAGGTTGTAGGTCG-1,4
GGCCGGCGTCTGCTAT-1,5
TTGACCAGGAACAACT-1,5
AGTCGTATAAAGCAGA-1,5
GGCGTAGGGAAAGCTG-1,5
AAACCTAAGCAGCCGG-1,4
ATTGCCTTTATGTTTG-1,4
CAGGCAGTCTTACCAG-1,5
AGCTAAGTACGCAGGC-1,4
AAATCCGATACACGCC-1,1
CGAGAGCTTTCACTAC-1,4
CGCCCAGCGTTTCACG-1,6
TTAAGTATTGTTATCC-1,4
AAACGGGCGTACGGGT-1,4
GTATCCTTTGGTAACC-1,5
CATAGTCAAATACATA-1,1
TCTATGCTATAACGAC-1,5
ACGTTCTGTACAAGTC-1,1
CGCGAAGTGGCATACT-1,1
ACCAACCGCACTCCAC-1,6
GTCATGCGCGAGGGCT-1,4
TAGGCTAAAGTGGCAC-1,4
TGGCTACACTCTACCT-1,5
TGTCCACGGCTCAACT-1,4
AATTGCAGCAATCGAC-1,7
GTCAACCAGGCCTATA-1,4
ATCTTATCGCACACCC-1,4
GTCTATTGCATGCTCG-1,5
GCACGTGGTTTACTTA-1,5
ATTCGCGCCTTGAGAG-1,6
AGCGATGCGCCTAATA-1,4
TCTATAGGTGGGTAAT-1,4
AGATACCAATAGAACC-1,5
CGTGTATGGGAGCTGA-1,7
ATGTACATGCGGTGAG-1,5
TTGGCTCAATATGTGT-1,5
GTTCGGAGCACTCAAC-1,4
TCCCTCTTCTCAAGGG-1,5
TTACGTATCTATGACA-1,4
CCCATATAGGTCGATT-1,5
GTCCACGTCGCATTCG-1,5
AATTGTGGTTGCCAAA-1,1
AGGAACGAACGACTTC-1,1
TAATTCCAATGCTTCA-1,4
AGGGCCCTAATGTTCT-1,5
AGGTGTTGCCGACCAC-1,7
CTGAGAGTAGAAATAC-1,4
TAGAAGAAGGGTTACA-1,7
GGTGACTGATAGAGAG-1,7
TACCCTCGGTAACCCT-1,5
TGTAAGACTGATAAGA-1,6
GTCACTCATGAGCGAT-1,7
CGGTTTACTGAACATT-1,5
GAGATCGATCTTACTC-1,4
TCTTTCATCCGTCCTT-1,4
TCGGATCTGGATGACC-1,5
GTCCTAGGATACCTTA-1,7
TGTACCCGACCCTAAT-1,1
AGGTTCTCCTTTCCGG-1,5
AATTGCGTGGATTACA-1,4
CGATAGCGATACAGTG-1,5
CGCCCTAATTGTTCAA-1,4
ATTATGAGACCCAATT-1,7
CCTCCTAGCTAGAGTC-1,4
CGAAGGGTTTCAGATT-1,4
CACAAGCTAAGAAAGG-1,5
CACCGGTAGAGACATT-1,1
ACTCATGGCAGCCTTC-1,4
CATCCAATATAGTTTG-1,4
CAGATATGAAGATGAC-1,4
GCAAAGGGCGTTAGCC-1,5
CTGTTGTTCAGTCGTA-1,7
AAAGGCCCTATAATAC-1,4
AACATTGAAGTTGATC-1,7
GCTAGCGATAGGTCTT-1,5
ATTGCCTATTAGACCG-1,4
GGGCGTTTACATTCAT-1,5
CCTCTACAAGGATTGG-1,5
AGTGACTGTGACACAA-1,4
AGCCCTCCCTGGTGGC-1,5
CGGTTGAGTATCCTTC-1,4
CATTATCCCATTAACG-1,5
AATGTGCTAATCTGAG-1,4
CTTAGTTGAGGAATCG-1,1
CTTCTGGGCGTACCTA-1,5
AGTCAAATGATGTGAT-1,5
TGAACAAGCAGGGACT-1,4
AATACCGGAGGGCTGT-1,4
GTTTGGTGATCGGTGC-1,4
GACTGCTGGTGAGAAA-1,5
CGATCCTCGCAACATA-1,4
CCAACCTTATGTAACT-1,5
CGTGGTACCCAAAGGC-1,5
AACCCGACAACCCGTG-1,1
TATGTAAAGTGCTTAA-1,4
GCAAGTGTAAAGCATG-1,5
GTAACTGCCCAAGGAG-1,1
GGTGCATAAATGATTA-1,5
TAGTCCCGGAGACCAC-1,5
CGGCCAGAGCGACCAT-1,5
TGAATGAGTGTTTCCC-1,5
TTCACTTCCTAGAACG-1,5
CGCTTAGTATTGATAC-1,4
AACGCGACCTTGGGCG-1,7
GTGCACCAGCTTCAAC-1,5
TTCTATTAAACGCAGC-1,4
TGGCAAGCACAAGTCG-1,4
ATCTGCTGTTATCGCC-1,4
AATTCCAAGCATGTAC-1,5
AAACGGTTGCGAACTG-1,4
GAAGGAGTCGAGTGCG-1,5
GGCAAGCCCATAGTGG-1,5
TGACCAAATCTTAAAC-1,8
TTCGGTACTGTAGAGG-1,5
ATGTACGATGACGTCG-1,5
ATCTAGCTTGTGAGGG-1,7
AGCGGGTCTGACACTC-1,1
GAGGTACGCGTGTCCC-1,4
GCACTGCCTACCTTTA-1,1
GGAGCGAGGCCTACTT-1,5
AAACTCGGTTCGCAAT-1,4
GGCGCTTCATTCCCTG-1,5
TGCTCGGTGGGTCACC-1,4
AAGCGCAGGGCTTTGA-1,5
GACCTTCCACGTCTAC-1,6
GTTAGCCCATGACATC-1,5
AATTCGATTCGAGGAT-1,1
AGTCTTTAAAGTGTCC-1,4
GACTAGGCCGTTAGGT-1,4
TCCAAGCCTAGACACA-1,1
GATTGGGAAAGGTTGT-1,4
GATGAGGAACCTTCGG-1,2
TGAATACCGACGCGTA-1,4
AATCGTGAGCCGAGCA-1,7
GCGAAGAATCTGACGG-1,1
GAACAACTGGGATGAA-1,2
TCGCCGACATATTCGC-1,2
CGATAGTCGTACTGCA-1,5
CGCATGCCGAATGCGT-1,7
CTCTAGCCCTCGGAAA-1,1
TCCAACTCAGCTATCT-1,4
GTCTAGTGAGCCGCTT-1,4
TACCGAATAATTGTAA-1,6
ATATAACACGGGCGCA-1,5
GCATGCTAATAACGAT-1,5
TCCGGGCTTGACGGGA-1,6
ATTATTCAGAGTCACT-1,4
TAGCAGTATGACTAAA-1,4
TATGAAGAATTAAGGT-1,7
CAAGGCCAGTGGTGCA-1,5
TGCGTACGGCTAATTG-1,1
CAGATAATGGGCGGGT-1,5
GAGAACGGTTCTGACT-1,4
CGCTTCGGTCTAAGAC-1,4
AGCATTACGAGGCAAG-1,5
AAGTTGTGATGTTATA-1,5
TTGCTCATAGTACGTG-1,1
TACTTAAACATGTACA-1,5
AGTGAGTCGAATTAAC-1,5
TAGGCCTATATAGTCT-1,5
ACTCGCCGTTCGATAA-1,5
GGTACGTTGCGGCCGG-1,4
TATTGCCGGGCTTGTA-1,4
GGTAAACTCTGCGCTG-1,5
TCCCTTGTCTGAAACT-1,5
CATGATCGCTTTGAGA-1,5
GGACGGGCGACCAACC-1,4
GAGAGGCCTATGTGTA-1,5
TCGTAACTCCCAAGAC-1,5
CGTATCTAGAACTAAG-1,5
GCACCTTCCCGAAGGT-1,4
TACCTCTTTACCATCC-1,4
TGACTCTAACTGGTAA-1,2
GAGAAACTGGATCCCA-1,5
ATCCGGACCAGCCTGA-1,2
TTATTTAGGTTCCTTA-1,2
CGAATTCCCGGTTCAA-1,1
TAGTTTGATCGGTCGC-1,4
AGTCGAAACGATTCAG-1,4
ACGTCGGGCAACTCGG-1,6
ACTTGCTCTATCTACC-1,4
ATTACGGGCTACGGTT-1,4
GCAAACGTAAGCGACC-1,5
TTCGGACTGGGCATGG-1,5
GGGCCATTCGTGCTGG-1,5
GAGTTGTCACCAGTCT-1,1
AGTAATTTGCAAGCGT-1,5
GTGGCCGGTTTCTCGG-1,4
ATCTTAGGGCATTAAT-1,5
CTACATATCGCGGGAC-1,4
ATGGTATTTACTGATT-1,5
CCGTCAACCTCTGGCG-1,4
GCTTCGACGTTCAATC-1,5
GACCGATTAAATATGT-1,4
GTCGAATTTGGGCGCT-1,7
TCACGGCCCAAGAGAG-1,5
CTACGATCCTATCCTA-1,4
TGCAGTGGTAGGGAAC-1,5
TTGCCTAATCCAAAGT-1,4
AGCGAGACGTGAAGGC-1,5
TTCTACCTCAATCGGT-1,5
TACGCTGCTGTGTTAA-1,5
TAGTCCTGCACTAAGC-1,5
AGCACACGTTTAGACT-1,5
GTTCGACAATTGTATA-1,6
CCATGTTCATCTATAT-1,6
CCCTCGATAATACACA-1,5
ACTGCCCGCCATTCTC-1,5
CTATATCCAGCCTGGC-1,6
CGCACGTCTGTTTATG-1,7
AATCAGGTTTCATTTA-1,5
AGAGAAACACCAGAAA-1,7
ACCCGATTGGTTCCGA-1,5
TACCAGGAATCCCGTC-1,5
AAGTGCTTCTCTATTG-1,5
TGCATGTGACCCATAG-1,1
TAGATTCAAAGTGCGG-1,5
AGGGTCAGAGCACTCG-1,4
GTGAGATAACCTTATA-1,5
GTGTCAGTGTACGTGG-1,5
CTGTAGTGAGGATCGA-1,5
GATAGTGCGAGTAAGT-1,4
AGGGTTCAGACGGTCC-1,7
GGACTCGACAGCGCAT-1,4
CACTCTCAAGCATCGA-1,7
GAGCGGAATGCGGTGT-1,1
CAGTTCGAGGACCCGA-1,4
CGTAACTTCGACACTT-1,5
TGATCACCACACTGAC-1,4
CATACTTCTTTCTCCG-1,4
CAAGTAAGTGATAGAC-1,4
AGCCCGCAACAAGCAG-1,5
GCTCCATGCAAAGCAA-1,5
TCGTACCGACGTCAAG-1,4
ATTATCGGAATGTACG-1,5
ACCTACTATAAATCTA-1,1
TATCCTATCAACTGGT-1,5
GCGCGGTCTAGTAACT-1,7
CCTTCGTATAGAATCC-1,1
TGGGCGATACAATAAG-1,4
TGACATGTAACGTGAC-1,5
TTGGGAAGACGAGCCG-1,5
GGTGTAAATCGATTGT-1,1
GAACTGTGGAGAGACA-1,5
TCCACATCGTATATTG-1,2
CCTATGGTCAAAGCTG-1,4
TCCTTGTCCTTTAATT-1,0
AAGTTTATGGGCCCAA-1,4
GTCCGGGTTCACATTA-1,2
ATGTAGCGCGCGTAGG-1,4
TACGGAAGCCAAACCA-1,4
GCCCTGAGGATGGGCT-1,5
CGGGCGATGGATCACG-1,5
TGCGGACTTGACTCCG-1,4
TAATACTAGAACAGAC-1,5
TCAAATTGTTGTGCCG-1,5
GGGCAGTCAACGCCAA-1,5
TCGCTGCCAATGCTGT-1,2
TACGTGGGCCCAGGGC-1,2
GCCTACGTTCTGTGCA-1,2
TTGCGTGTGTAGGCAT-1,5
TGGGTGCACAAGCCAT-1,5
GGGAGCGACCGTAGTG-1,4
CATAGAGGAGATACTA-1,1
CTTCGATTGCGCAAGC-1,4
GTGCCTGAGACCAAAC-1,5
TCATCCTCAGCTGCTT-1,6
TGCAACTACTGGTTGA-1,1
ATGTTGATTAGAGACT-1,5
GTTTCTAGAGGCGCGG-1,4
TACAAGGGCTTCTTTA-1,5
ACAGGCACGGATCCTT-1,7
CCCAAGTCATTACACT-1,4
ACTCTGACCTAATAGA-1,1
GGATGGCTTGAAGTAT-1,4
ACCCTCCCGTCAGGGC-1,5
AGCTTCTTCTCGAGCA-1,4
TTGCGCTTGATCAATA-1,5
TGGGTGTAATAGATTT-1,1
CATGGTTTATTAATCA-1,4
TTGCCTTCTCGCCGGG-1,4
TTAAAGTAAGTCGCCA-1,5
AGTTGGCAAGGCTAGA-1,4
CCGCACTTGCAATGAC-1,5
AATGTTGTCGTGAGAC-1,1
CCAAGGTTGCCCTTTC-1,4
TGTGACTAGAGTTTGC-1,4
TTGTGATCTGTTCAGT-1,4
GGAGTTGATTCTGTGT-1,6
GTAGTGAGCAACCTCA-1,4
AAGACATACGTGGTTT-1,4
CATCCCGAGATTCATA-1,2
GGCCGCAGGAACCGCA-1,5
CCAGAAACTGATGCGA-1,5
ACCCGTAGTCTAGTTG-1,1
AGGGTCTGGACGCAGT-1,1
TTGAAACCCTCATTCC-1,4
TCAATCCCGCGCCAAA-1,1
AGGACATCGGCACACT-1,2
GACAAGACGCCCGTGC-1,2
GAGTAAATTAAGAACC-1,2
TAAGTCGGTGAGCTAG-1,4
CTTACTGACTCCTCTG-1,4
TTAACTGATCGTTTGG-1,6
GGGCGATCCATAGGCC-1,1
CGTATTGTTTGGCGCC-1,4
CGCGTGGGCCTGTGTT-1,5
AAATCTGCCCGCGTCC-1,4
GCTGAAGGGTTCTTGG-1,7
TAATTGCGCTGATTAC-1,5
TCGCGCGTTTACATGA-1,4
TAACTGAAATACGCCT-1,4
CCTGTCGTGTATGAAG-1,5
CGGGAACGCCCTGCAT-1,5
AGTTGCGGTCCTCAAC-1,0
GGGTCCTTGGAAGAAG-1,4
CGGGAAGTACCGTGGC-1,5
ACGGTCACCGAGAACA-1,4
TAGACTCAGTTGGCCT-1,4
CCTTCCGCAACGCTGC-1,1
CAGTGTTAATCTCTCA-1,5
CAGGCCAGTACCACCT-1,1
GATCGCTGTGGTGCGT-1,0
GTATCTCGGGCGCTTT-1,5
CCGGGCTAAGAATTTC-1,7
CTTCACGCCCTGGTAC-1,6
CGGATGAATGCTGTGA-1,5
CTCTGCAGGCATTCTT-1,4
TCAAAGTCACGGCGTC-1,7
TGGGTTTCGGGCGTAC-1,5
TGCTATGGCAAAGGGA-1,7
TTCACGGTCGTCACGT-1,1
CGTAAAGCAAGAAATC-1,5
CTGATCCCTTTATGCA-1,4
GAGTATACCCTAATCA-1,4
CCACGGCAGGTGTAGG-1,5
ACGTACTTTGGCACGG-1,4
CCTGAGAATAAATGCA-1,2
TTGATGCCGCTCGTCG-1,1
GCCAGGAAAGAACACT-1,6
TCCGACCGCTAATCAA-1,4
TATATCAAAGTGATCT-1,4
CCTCGGTTTCCTTGCC-1,5
TAAATTTAGTAACACC-1,3
CTCGTTACGGCTACCA-1,4
GCCGTCGGTTTCGGGC-1,1
GTTCCGTCCGCCTGCA-1,5
CTAGGGATAGGGACAA-1,4
GTCCAGGCACGTGTGC-1,5
GAGGAATATCTCTTTG-1,5
CGTTCAAGGAAACGGA-1,4
GTGGGAACAAACCGGG-1,5
GGGCACGTAGTACTGT-1,0
ACTACAAAGAGAGGTG-1,5
GGTGTAGGTAAGTAAA-1,6
CCTGTTCAACCTCGGG-1,4
TGAGGTGTGTGGCGGA-1,7
ATTGTCTGTTTCATGT-1,6
GCCGGTCGTATCTCTC-1,4
ATATGGGATAGCAACT-1,5
GATAGAACCCGCTAGG-1,5
ATCCCATTTCCGTGGG-1,7
GATGCTACCTTCGATG-1,7
TGCAAAGTTCGTCTGT-1,0
GTTCAGTCGCCAAATG-1,5
GTCTCCGCCTCAATAC-1,2
AGTAGAAGGCGCCTCA-1,5
GTTGTAGATTTATGAG-1,1
CTATTTGCTTGGAGGA-1,2
AGCCATATAGTATGTG-1,4
TGTTCCGGCCTGAGCT-1,2
TGCCGTGGGACCCAAT-1,6
TTGCAAGAAGACTCCT-1,7
CCGCTCCAGGGCGATC-1,7
CAAACCCTCCGGCGGG-1,4
CGGACCTTTACGTCCC-1,4
ACGTAGGAGAGTCGCT-1,5
CTGCGACCTCGCCGAA-1,4
GGCCCAGCTGGTTTGC-1,4
GGATTAATCATGGACC-1,5
GAGATGGCTTTAATCA-1,5
AGTACAGAAGCTTATA-1,1
GCGGCTTTAGCAAGTT-1,4
ACCGAGTCTCCTTATT-1,5
GACCACACTTCCCTTT-1,4
TGTAGCCAATTCCGTT-1,7
CTCGTCTGTGCCTTCG-1,1
GGACTCTTTGACTAAG-1,6
TCATCGACGACCGTCG-1,4
TACTACGTGCAATGCG-1,5
CCCTACTTGAACAATG-1,4
GCAGCTGTCAACGCAT-1,4
ATCTACCATCTGCTCC-1,4
TCTCAAATCAATCGGG-1,2
ACTCCGGCCGACCACT-1,5
TACACCTCTTCGAATC-1,4
GTGGCTGTTTCTGTTC-1,5
ACGACTCTAGGGCCGA-1,5
TCGTTTACGCGACCCT-1,6
AGGATATCCGACTGCA-1,6
GACACTTCCAATTACC-1,7
ACGGTACAGTTCAATG-1,5
CTTGATGACCATCCAG-1,4
CTGGTAAAGACTTACA-1,1
CTTGCCCACCCACGCA-1,4
CATTACGCAGGAAGGG-1,6
GGACAACCATGAAGCC-1,4
GTTATCAAGCTATCGA-1,1
AGGTGCACGTCCACAT-1,5
AAAGAATGTGGACTAA-1,4
ACCAAGTCATCGGCAG-1,1
AGTAACTATAGCAGCC-1,1
GGGAAAGAATGCCAAC-1,4
AATCGGTATAGCCCTC-1,4
GGCACTGCGGTGGTTT-1,4
CGTCCTCATCGCGTGC-1,4
CTTAACTTACAGTATA-1,5
GTGAGTCGACTAATAG-1,5
TGTACTTCCGGGCATG-1,5
CACAAACCGCAGAACT-1,5
GCTTTACACAACTGGG-1,2
CACCGATGATGGGTAC-1,2
TCAATATACAGGAGGC-1,2
AACGACCTCCTAGCCG-1,2
GTTACCAAGGCGTACG-1,2
TAGCTCACTGTGTTTG-1,1
TCGGCAGGGTTAAGGG-1,1
TGTTAACAAAGTGACT-1,2
CAGAGCGATGGATGCT-1,7
CATAGTGGGCACGCCT-1,2
AAACGCTGGGCACGAC-1,7
TGTTCTCATACTATAG-1,2
TCCGCTGGGTCGATCG-1,4
TTAGCATCCCTCACGT-1,5
AGCCTTGTCACTGATA-1,5
GTTTCTTGTTAGAGCT-1,5
TCGGAGTCCTGGTTGC-1,1
ACGGGTTGTGACCTGT-1,1
TGACAGAAATCTTGCT-1,7
TAGCCATGATTGCCTA-1,4
CGAAGCCACAGCATGG-1,0
ACCCGTAGCAGAGAAT-1,1
AGCTTGATCAGGGTAG-1,4
CTATAAGTAGGGTTTG-1,1
TATAGTTAGGTGTACT-1,4
TACGCTGATAGTTGTA-1,4
TTCTCAATTGCTACAA-1,1
GTTGCCCTAACGGGTG-1,5
GACATTTCGCCCAGCC-1,1
GTAACTACGTAGACCT-1,5
CCAGTGTACAGACCGA-1,5
GCCCGATGCCCAGTTC-1,4
CGAACCTCTTTCCTAG-1,4
CATGCACATGAGAGGC-1,1
CCAAATCAAAGGGCAA-1,1
GTAGTTTAAGCACACG-1,0
TAAGTGAATAGTCTAC-1,1
GGTCCACGTCTATTTG-1,1
CCCTCAGATCGAGAAC-1,6
ACATTCGCGCGGAATA-1,0
CTATGAACACCTTGCC-1,4
CGAATGGTAGGTCGTC-1,7
TCGACATAGCGTAGCG-1,5
GACGTTGCTCGGCGGC-1,5
CTCGAGGCAAGTTTCA-1,7
GCTGGGAGCGCGTCAA-1,4
GACGATATCACTGGGT-1,4
CAGCTCTGGGCTCACT-1,5
TAGTCTGCGGCACATT-1,5
TGGTCGATATACCTCT-1,3
TTCAGTTCAAGAGGAG-1,1
GTCTGTAGGTTGAACA-1,3
GAGAGTCTCGGGAGAG-1,5
TTGTTTGTATTACACG-1,1
GCACAGCACGGGCCGA-1,1
AAACAGTGTTCCTGGG-1,1
TGGAGAATAATCGTCC-1,4
CGCCGCGTTCTGAACG-1,5
CATGCGTTGAGAGGAG-1,4
TACGCTCCTAGAACTG-1,4
CCTTGTGAACGTGGTT-1,4
TTAAAGGCGATGCTCG-1,7
TAAAGTGCACGTCTCG-1,1
TGTCCGCAAACAATTC-1,5
AGGCCTATCATACCAA-1,5
ACTGGGATGCCAGTGC-1,4
CGATCCACCATTGTTG-1,4
GGGCATGCATGTCGAG-1,0
TCCAGGCAGGACGATC-1,4
CAATGACCCTTAATTT-1,1
ATCAAGATCCCAGGAC-1,4
CTCAGAGCTAATGTCG-1,5
CTGCGATTTCGAGATT-1,5
ATGGTATTGGGAACCG-1,5
TAGGTTCTGCTGAGAA-1,1
GCCTGTCCCGGTGCAT-1,5
GGCCTGCTCTGATGTT-1,5
TAGAGGGAGTTTATCT-1,5
CTCTACATCCTGCGTG-1,5
ACACATTTCCGTAGAC-1,2
TGGGTGTTAAGTAGAA-1,4
GAGCTCAACATGAGCG-1,4
GCACACAGCTATTACC-1,4
GCGACGGTAGTCTCCT-1,5
GTATCAAGGTACTTCC-1,4
GGAAAGGGAATTGAGC-1,4
TACACAGCCGTGGTGC-1,6
CGGTTGGGCAGGGTCC-1,5
GCACGCCGATTCCCGC-1,6
CGCTTTCCGCCAAGGT-1,5
TGCCCGATAGTTAGAA-1,1
TCAGAACGGCGGTAAT-1,5
CCACTCAGATCCGCAA-1,4
GAAGGGTCATTAAGAC-1,5
GCGGTCTTGCTTTCAC-1,5
GGAAGGACACCGTATA-1,5
CGCGGGAATTCCTTTC-1,5
TCTATCCGATTGCACA-1,5
TACTCGTTTGAATCAA-1,1
GTCTGCCGACTCGACG-1,5
TACGGGTAATAACATA-1,6
CCAGTTCGGTAACTCA-1,5
CGTGCACACCACTGTA-1,4
CTTCAGTTGGACAACG-1,5
TGATCTATCACACTCT-1,5
TAGCAGATACTTAGGG-1,5
CACCGGGCATCACAAG-1,4
AGTGGCCCGCAAATGG-1,4
CTCGCTAGGTAAGCGA-1,5
GATAGATAGTACAGTC-1,4
CGAGACTACTGCTGCT-1,2
ACATTTGAAACCTAAC-1,1
GACACAGCCGGGACTG-1,4
ACGGAACACGAGTGCC-1,5
ACGCCAGTGCGTTTGC-1,4
GCACCTAGGCGAGTCC-1,4
TCACTATCCCTTCGGT-1,7
TGAGTGTAACAACGGG-1,5
ATTGGTTGTGCATTAC-1,5
CTGGCGATTTACATGT-1,4
TCCACCAAGACATAGG-1,5
AACGTCGCTGCACTTC-1,7
GTCTCCCGAGTCCCGT-1,2
AGCCCGCACTACAATG-1,2
GGCACGCTGCTACAGT-1,1
GCTTGAGTGACCTCTG-1,2
ATAGCCATAACAGTCA-1,5
TAGGAGGCTCGAGAAC-1,5
GTCGGGTGAAGTACCG-1,4
CACCCGCGTTTGACAC-1,4
TCTCAGGCTACTCGCT-1,5
TAGATTCTCTAGCAAA-1,5
CCCATTATTGTATCCT-1,2
GTTAATAGCGTCATTA-1,2
TACTCATTGACGCATC-1,5
TAGTGACAAGCTCTAC-1,4
ATCGCCGTGGTTCATG-1,1
CTGCTCTCAACACACC-1,4
GCATGACACAAAGGAA-1,2
CAACGATCGATCCAAT-1,2
ATACAGCGTCCACTGA-1,0
TCACGATTAATACGTT-1,5
CGTGAACTGACCCGAT-1,1
TCGATGTTACGGCCGT-1,4
GACCGGTGATACTCTC-1,4
TCTGTTTAGATTGTTC-1,1
GCTACTCGGACGCAGA-1,6
AAGAAAGTTTGATGGG-1,4
CGCCAGTAGTACCTTG-1,1
CTCCCTTGTATCAAGG-1,7
ACTTTATACACCACTT-1,5
AGATCTGGAGAGGATA-1,4
TCATCCATCTGATCAC-1,5
AGAACACGGCGATGGT-1,7
CCGCTCCGGATAAGCT-1,5
TGGTCGGGTACAGGGC-1,4
ACGGACGCAGCGACAA-1,4
ACATGCTTACGGCAGC-1,5
CAGGGAGATAGGCCAG-1,7
TCGCCACCCGGATTAC-1,7
TCTTGGTCAATGATAC-1,5
CATAGGGACACTTGTG-1,4
CACGAGCAAACCAGAC-1,2
GGGATATTGATCGCCA-1,5
TAATGTCGGTTCATGG-1,7
CGATTTGTCATTAATG-1,2
TTAAGATACCCAGAGA-1,1
CGACCGTTGGTATTCG-1,4
ACTACCATCCGAGGGC-1,1
TCTACGCACGATCTCC-1,4
AAGCCACTTGCAGGTA-1,5
ACGTTGTCGTTGAAAG-1,5
ACCGCTAGTCATTGGT-1,4
CATGAGTCCATCACGG-1,6
ATGTCTTGTTTGACTC-1,5
TCCCAAACATCCTCTA-1,3
CAACGCGATGAGCCAA-1,9
GACACCCAAAGACGCG-1,3
ACGTTCACTATGCCGC-1,7
ATGGACTGCTTAGTTG-1,1
CCATGGCAAACGCTCA-1,9
TTGTCTCGGCAAGATG-1,4
TTCGAACGAAACATGC-1,6
GGAAAGTCTTGATTGT-1,1
ATCATAGATCGACGAG-1,6
GATTAGAAACAAGCGT-1,5
GCTGCGAAGAATTATT-1,1
TTCCAGTGGGTTTCGT-1,4
GCTCATTGATCATATC-1,2
ATACGAGGTTTGTAAG-1,5
GTCTATACACGCATGG-1,5
GATTTGCGCTAACACC-1,4
TGGTGCCCTGCCTTAC-1,6
TCGAATCGCAGGGTAG-1,5
GGTAGGCCAATATCAC-1,5
CGTAAATAACAAAGGG-1,4
GACTCTAGAGTTCCAA-1,5
ACTTGTTACCGGATCA-1,4
GGCATTGAACATCTCA-1,7
AACCCGCTGTATTCCA-1,4
TAACAGGTTCCCTTAG-1,4
GTTCTTGTAACTCAAT-1,4
GATTCTGTTAATGAGT-1,5
GGACACCTCGGTGTTG-1,1
CGATCGAGAAGCACCA-1,4
CTGCTCTGACGGCAAA-1,1
CCCAGGAAGAATTCGA-1,4
TGTCGTGGGTATAGGC-1,4
ATATGTCTAGAGCGTG-1,5
GCGGGCAGACGGGTGA-1,5
CGAAGATCAGTTTCAT-1,5
ACGCCACTCGAAACAG-1,6
CTTAGATGTTTCATCC-1,4
GCGAATGGACTAGCGA-1,1
TAAATTGTGGGTAAAG-1,5
ATTTATACTGGTAAAG-1,5
GCGTCGTAACATGGTC-1,5
CGGTATGGGCACTCTG-1,5
CTATCACAACGCTGGA-1,5
ACCACACGGTTGATGG-1,0
TCAGCGCACGCCGTTT-1,5
AATGTTAAGACCCTGA-1,5
CTTACATAGATTTCTT-1,4
AACATAGCGTGTATCG-1,4
AGCAGTCGAAGCATGC-1,1
GTACTACGGCCTCGTT-1,5
TTGGCCAAATTGTATC-1,4
TCAGAGGACGCGTTAG-1,5
AGTAATCTAAGGGTGG-1,4
AATTATACCCAGCAAG-1,4
CCCTACCCACACCCAG-1,5
CTCTGTCCATGCACCA-1,5
TCGCCTCCTTCGGCTC-1,4
CCTGATTCGCGAAGAA-1,1
GACTTCAACGCATCAA-1,5
GCTTCCCGTAAGCTCC-1,1
AGAACTGTACTTTGTA-1,4
CCTTAAGTACGCAATT-1,1
GGCCAATTGTATAGAC-1,7
AGAATACAGGCTATCC-1,5
AATACCTGATGTGAAC-1,5
TAGAGTGTTCCGGGTA-1,2
GCTTCCATGTAACCGC-1,7
GGTTCGCATTTGCCGT-1,5
TCAATCCGGGAAGTTT-1,4
CCGGAAGTGCAATATG-1,6
CTCATAAATGTGTATA-1,7
GACGGGCATCGAATTT-1,5
GCTAAGCCCAGTATGC-1,1
GCTATAAGGGCCAGGA-1,5
GCGGATTACTTGTTCT-1,5
TACAACAGCGCATACA-1,4
TCTAACCTAGCCTGCG-1,7
TCTACCCGCATCATTT-1,2
GTCTTACCACGCCAAG-1,5
AATAACGTCGCGCCCA-1,2
CGTTTCGGTTATATGC-1,7
TACGCTGCACGGTCGT-1,4
CGTTAAATACGACCAG-1,2
TCGACTGACGATGGCT-1,7
ACGCTACTGAATGGGC-1,2
AAGGGTTAGCCATGCG-1,4
ACGTTTCGGTGCACTT-1,2
TTAACCCGAGGCGTGT-1,7
GCCCGTCAAGCCCAAT-1,1
ATTCGTCCCGAGGTTA-1,2
TCAAATTATGTTCGAC-1,6
AACGTTCTACCATTGT-1,2
CTGTCCTGCGCACTAC-1,6
GCCCAGCGACACAAAG-1,5
TATAGCTATTATCTCT-1,4
AAGCTATGGATTGACC-1,5
CCGAAACACGACCTCT-1,4
ATCAGAAGCTGGTTGC-1,5
TGAACCTGAATGTGAG-1,0
TCAGAGCATGTCAACG-1,1
ATACCCTCCCGGCCAA-1,5
GCCACCTTATTCGCGA-1,7
CAACGAGCTTATTATG-1,5
GATCCAACCTTTAAAC-1,4
TTGTGGAGACAGCCGG-1,4
AGATAATCACACCTAT-1,5
GGTTAGGGATGCTAAT-1,5
TCATGAAGCGCTGCAT-1,5
CCAGGCGAGATGGTCT-1,4
CGACTTGCCGGGAAAT-1,4
GTGCCAAACGTTTCGA-1,4
TGCTCAAAGGATGCAC-1,4
GCCTCAGGTACCGGTC-1,5
ACAAGTAATTGTAAGG-1,5
TTAGAGTATTGTCGAG-1,5
GTCATCCCAAACTCAC-1,5
CTCCTAGTAATCGTGA-1,4
CCCTCATCACAGAGTA-1,4
GGAAACAGAGCTTGGG-1,5
ACATCGCAATATTCGG-1,5
TTAGCCATAGGGCTCG-1,4
CGGATTCTGCCTTATG-1,5
TTGTTGGCAATGACTG-1,4
GGATCTACCGTTCGTC-1,3
GGTGGGATTAGGTCCC-1,3
AATAGGCACGACCCTT-1,9
GAGGTCCGTTCGCTGT-1,5
TGACAACTTAAAGGTG-1,5
AGCTAAGCTCCGTCCG-1,9
CTAGCCCGGGAGACGA-1,5
CCCAGATTCCCGTGAC-1,5
GCCCGTTCACACAATT-1,5
ACAAACTCCATCAGAG-1,3
GGTTCCGTACGACTAA-1,3
TTGCGGAAAGCTGCCC-1,3
GGAACTCGTGAATACG-1,2
GGTTACCGCTCCCTAC-1,4
AGCGACTTTGAAGACA-1,4
CCGTTTCCTTTCCGTG-1,6
TGGATGGCATCTTGGA-1,4
CAAGTCGTTGAAATCT-1,0
TGCAAACGTACTAGTT-1,1
GGCTGTCCTACTGCGG-1,5
TACTGCATGATTAAAT-1,7
CGGACCTCTGTAGTTA-1,5
CCCTAGCTCTAAGGTC-1,4
GTAACAGGTTAACGGC-1,5
CCCGCAAATAATCATC-1,4
AATCCCGCTCAGAGCC-1,4
AACGTCATCCGGCTTG-1,5
CTCGTGGCACTGAAAG-1,4
CTTTATCCGACGCATG-1,1
AAATGACTGATCAAAC-1,1
TTCGTGCATGTTATAG-1,4
ATCAAAGAGCCGTGGT-1,5
ATGTCATAATAAACGA-1,4
CTTAATCGACTTAGTA-1,5
CTAAAGGATGAGATAC-1,5
GTGCTATCCAGCTGGA-1,1
GACAGAGGTCTTCAGT-1,4
TCGATTTACGAAACGA-1,1
AGGCTTAAGTTGCACA-1,5
TAGGATCTTAACCGCA-1,4
GACTTTCGAGCGGTTC-1,6
CCCTGGGAGGGATCCT-1,4
TAGTAGTTGCCGGACA-1,5
GCCCTAAGTGCAGGAT-1,1
ACTTGGGCTTTCGCCA-1,4
CATGATACGGTGAAAC-1,5
TCCTGCAGCCGCCAAT-1,4
GTCCGTTAGAGGGCCT-1,4
GCTTTATTAAGTTACC-1,6
AATCGAGGTCTCAAGG-1,5
GTGCTGTTAGAACATA-1,5
GGCTTCTCGTGGGTGG-1,7
CCTACAGTTGAGGGAG-1,4
TATCCCTCGATCTGCA-1,5
CCGGTATCTGGCGACT-1,5
CTCTAACACCGGCAGC-1,1
CTTCATCACCAGGGCT-1,4
GGCTGGCAATCCCACG-1,5
CAAACCATAAGCGTAT-1,5
CATGTGGGCTCATCAC-1,5
CCCGTGACAGTGCCTT-1,4
GATTATCTTGCATTAT-1,1
GAGTCCACCAGGTTTA-1,5
TGTACTATCGCTCGTT-1,6
TTAGCGAATAGATAGG-1,5
ACATACAATCAAGCGG-1,5
ATTCGTGTACCCATTC-1,7
GCTAGCAACGCACCTA-1,0
ACCTCAGCGAGGCGCA-1,4
TCCGGGCCACTAACGG-1,5
TCCCAATATCGACGAC-1,6
GGATTGAAGTAGCCTC-1,4
GGCGCACAGTTTACCT-1,5
CCCGGCACGTGTCAGG-1,4
AGTAAGGGACAGAATC-1,5
TTGCGCACAACCACGT-1,5
CCTGCTACAACCATAC-1,1
CTGGGCTACTGGAGAG-1,1
AGCTACGAATGGTGGT-1,4
ATTCGTTTATCGTATT-1,5
GGCATTCCCTCCCTCG-1,1
AGTTATTCAGACTGTG-1,2
CCACTTTCCTTCTAGG-1,2
CGCAGTTCTATCTTTC-1,2
AGGAGCGTTTATTATC-1,6
GACAGGTAATCCGTGT-1,1
TTCCCAAAGTACTGAT-1,2
CTGCAGGGTGACGCTC-1,6
TCATGGAGGCCTTTGT-1,2
ATGGCCCGAAAGGTTA-1,4
CGTAATATGGCCCTTG-1,7
AGAGTCTTAATGAAAG-1,2
GAACGTTTGTATCCAC-1,7
ATTGAATTCCCTGTAG-1,1
TACCTCACCAATTGTA-1,2
AGTCGAATTAGCGTAA-1,1
TTGAAGTGCATCTACA-1,2
