barcode,cluster
AAACAACGAATAGTTC-1,7
AAACAAGTATCTCCCA-1,2
AAACAATCTACTAGCA-1,7
AAACACCAATAACTGC-1,1
AAACAGAGCGACTCCT-1,2
AAACAGCTTTCAGAAG-1,3
AAACAGGGTCTATATT-1,3
AAACAGTGTTCCTGGG-1,9
AAACATGGTGAGAGGA-1,3
AAACATTTCCCGGATT-1,1
AAACCACTACACAGAT-1,0
AAACCCGAACGAAATC-1,3
AAACCGGAAATGTTAA-1,2
AAACCGGGTAGGTACC-1,1
AAACCGTTCGTCCAGG-1,1
AAACCTAAGCAGCCGG-1,1
AAACCTCATGAAGTTG-1,3
AAACGAAGAACATACC-1,6
AAACGAAGATGGAGTA-1,3
AAACGAGACGGTTGAT-1,6
AAACGCCCGAGATCGG-1,6
AAACGCTGGGCACGAC-1,8
AAACGGGCGTACGGGT-1,3
AAACGGGTTGGTATCC-1,7
AAACGGTTGCGAACTG-1,4
AAACGTGTTCGCCCTA-1,3
AAACTAACGTGGCGAC-1,3
AAACTCGGTTCGCAAT-1,1
AAACTCGTGATATAAG-1,3
AAACTGCTGGCTCCAA-1,6
AAACTTAATTGCACGC-1,3
AAACTTGCAAACGTAT-1,1
AAAGAATGACCTTAGA-1,3
AAAGAATGTGGACTAA-1,4
AAAGACATGAAGTTTA-1,6
AAAGACCCAAGTCGCG-1,3
AAAGACTGGGCGCTTT-1,3
AAAGCTTGCCTACATA-1,3
AAAGGCCCTATAATAC-1,4
AAAGGCTACGGACCAT-1,3
AAAGGCTCTCGCGCCG-1,1
AAAGGGATGTAGCAAG-1,6
AAAGGGCAGCTTGAAT-1,1
AAAGGTAAGCTGTACC-1,2
AAAGTAGCATTGCTCA-1,1
AAAGTCACTGATGTAA-1,3
AAAGTCGACCCTCAGT-1,6
AAAGTGCCATCAATTA-1,1
AAAGTGTGATTTATCT-1,1
AAAGTTGACTCCCGTA-1,1
AAATAACCATACGGGA-1,2
AAATAAGGTAGTGCCC-1,0
AAATACCTATAAGCAT-1,3
AAATAGCTTAGACTTT-1,3
AAATAGGGTGCTATTG-1,2
AAATCCGATACACGCC-1,3
AAATCGCGGAAGGAGT-1,1
AAATCGTGTACCACAA-1,6
AAATCTAGCCCTGCTA-1,2
AAATGACTGATCAAAC-1,9
AAATGATTCGATCAGC-1,3
AAATGCTCGTTACGTT-1,1
AAATGGCATGTCTTGT-1,6
AAATGGCCCGTGCCCT-1,1
AAATGGTCAATGTGCC-1,2
AAATGTATCTTATCCC-1,2
AAATGTGGGTGCTCCT-1,2
AAATTAACGGGTAGCT-1,2
AAATTAATAAGCGCGA-1,1
AAATTACACGACTCTG-1,3
AAATTACCTATCGATG-1,0
AAATTCCAGGTCCAAA-1,0
AAATTGATAGTCCTTT-1,1
AAATTGCGGCGGTTCT-1,7
AAATTGGTGAGAAGCA-1,1
AAATTTACCGAAATCC-1,2
AAATTTGCGGGTGTGG-1,3
AACAACTGGTAGTTGC-1,3
AACAATACATTGTCGA-1,1
AACAATTACTCTACGC-1,3
AACACACGCTCGCCGC-1,1
AACACGACTGTACTGA-1,2
AACACGAGACGCGGCC-1,1
AACACGCGGCCGCGAA-1,7
AACAGCTGTGTGGCAA-1,2
AACAGGAAATCGAATA-1,6
AACAGGATGGGCCGCG-1,3
AACAGGTAGTATGGAT-1,3
AACATAGCGTGTATCG-1,4
AACATATCAACTGGTG-1,0
AACATCGATACGTCTA-1,3
AACATTGAAGTTGATC-1,4
AACATTGGTCAGCCGT-1,2
AACATTGTGACTCGAG-1,2
AACCAAGACTTCTCTG-1,2
AACCAGTATCACTCTT-1,6
AACCATAGGGTTGAAC-1,1
AACCATGGGATCGCTA-1,1
AACCCAGAGACGGAGA-1,1
AACCCATCCCATGATC-1,1
AACCCGACAACCCGTG-1,4
AACCCGAGCAGAATCG-1,2
AACCCGATAGGGCTTC-1,6
AACCCGCTGTATTCCA-1,4
AACCCTACTGTCAATA-1,1
AACCCTGGTGGAACCA-1,3
AACCGAGCTTGGTCAT-1,0
AACCGCTAAGGGATGC-1,1
AACCGTTGTGTTTGCT-1,6
AACCTAAAGCCGTCCG-1,6
AACCTCGCTTTAGCCC-1,1
AACCTGTCACGGAATT-1,0
AACCTTTAAATACGGT-1,3
AACCTTTACGACGTCT-1,6
AACGAAAGTCGTCCCA-1,1
AACGACCTCCTAGCCG-1,8
AACGATAATGCCGTAG-1,3
AACGATAGAAGGGCCG-1,1
AACGATATGTCAACTG-1,0
AACGCATGATCTGGGT-1,1
AACGCGAACGGCAACA-1,2
AACGCGACCTTGGGCG-1,9
AACGCGGTCTCCAGCC-1,0
AACGCTGTTGCTGAAA-1,2
AACGGACGTACGTATA-1,1
AACGGCCATCTCCGGT-1,3
AACGTACTGTGGGTAC-1,2
AACGTAGTCTACCCAT-1,7
AACGTCAGACTAGTGG-1,1
AACGTCATCCGGCTTG-1,5
AACGTCGCTGCACTTC-1,8
AACGTGATGAAGGACA-1,7
AACGTGCGAAAGTCTC-1,3
AACGTTATCAGCACCT-1,2
AACGTTCTACCATTGT-1,9
AACTACCCGTTTGTCA-1,1
AACTAGCGTATCGCAC-1,7
AACTAGGCTTGGGTGT-1,1
AACTCAAGTTAATTGC-1,2
AACTCCAGAGCGTGTT-1,1
AACTCCTAATCCCATG-1,3
AACTCGATAAACACGT-1,7
AACTCGATGGCGCAGT-1,2
AACTCTCAATAGAGCG-1,2
AACTCTCAGTGTGCTC-1,1
AACTGAGGTCAGCGTC-1,3
AACTGAGTTATACTGA-1,6
AACTGATATTAGGCCT-1,6
AACTGGGTCCCGACGT-1,0
AACTGGGTTCGAGCCG-1,7
AACTGGTGTGGGCCTT-1,7
AACTTCTGCGTCTATC-1,3
AACTTGCCCGTATGCA-1,2
AACTTGCGTTCTCGCG-1,1
AACTTTACGGGAGCTT-1,1
AACTTTAGCTGCTGAG-1,7
AACTTTCTCGATCATG-1,1
AAGAAATCACCAGATT-1,1
AAGAAGGATCAGTTAG-1,1
AAGACATACGTGGTTT-1,1
AAGACCAAATAACTCA-1,3
AAGACCCAACTGAACA-1,3
AAGACTAACCCGTTGT-1,7
AAGACTCACGCCCACT-1,6
AAGACTGCAAGCTACT-1,2
AAGAGATGAATCGGTA-1,2
AAGAGCTCTTTATCGG-1,6
AAGAGGATGTACGCGA-1,2
AAGAGGCATGGATCGC-1,6
AAGAGGCCCTTTGGAA-1,2
AAGATGGCACCGGACC-1,3
AAGATTGGCGGAACGT-1,0
AAGCACCCTGCGTATC-1,1
AAGCATACTCTCCTGA-1,3
AAGCCACTTGCAGGTA-1,4
AAGCCGAAGCGGTTTA-1,1
AAGCCGCCGTGAAATC-1,3
AAGCCGCTTTACCTTG-1,1
AAGCCGGAGAGCAGGA-1,3
AAGCGCAGGGCTTTGA-1,4
AAGCGGAGTGCGCGCA-1,1
AAGCGGCGTCATGGGT-1,6
AAGCGTCCCTCATCGA-1,1
AAGCTAGATCGAGTAA-1,2
AAGCTCGTGCCAAGTC-1,2
AAGCTCTTTCATGGTG-1,1
AAGGAGAACTTATAAG-1,7
AAGGAGCGGTTGGTGC-1,1
AAGGATCGATCGCTTG-1,1
AAGGATGAGGGACCTC-1,0
AAGGCAGGCTGTCTCC-1,3
AAGGCGCGTAAAGCTT-1,1
AAGGCTGTGCTCATCG-1,1
AAGGGAACGACTGGCT-1,1
AAGGGACAGATTCTGT-1,0
AAGGGACTATGCATTC-1,1
AAGGGTTAGCCATGCG-1,8
AAGGGTTTGATTTCAG-1,1
AAGGTATCCTAATATA-1,0
AAGGTGATAAACCAGC-1,1
AAGTAAGCTTCCAAAC-1,7
AAGTAGAAGACCGGGT-1,1
AAGTAGTGACGCGAGG-1,3
AAGTCAATTGTCGTCA-1,3
AAGTCTAGTAGCTGCC-1,1
AAGTCTTCTGTGGCCT-1,3
AAGTGACGACCGAATT-1,2
AAGTGAGTCGGGTTTA-1,3
AAGTGCAAAGGTAGAC-1,3
AAGTGCCTTGACTGTA-1,3
AAGTGCGTTAGAATCT-1,1
AAGTGCTTCTCTATTG-1,4
AAGTGTTTGGAGACGG-1,2
AAGTTCACTCCAAGCT-1,1
AAGTTCAGTCTGCGTA-1,3
AAGTTCGGCCAACAGG-1,1
AAGTTGTGATGTTATA-1,4
AAGTTTACTAATGGCA-1,6
AAGTTTATGGGCCCAA-1,4
AATAACAACGCTCGGC-1,2
AATAACACTAGAACAA-1,3
AATAACGTCGCGCCCA-1,8
AATAAGTCCTCGAGAC-1,7
AATAATCTTCGTATCG-1,6
AATACAATGTTTCAGG-1,6
AATACCGGAGGGCTGT-1,4
AATACCTGATGTGAAC-1,8
AATAGAACAGAGTGGC-1,1
AATAGAATCTGTTTCA-1,3
AATAGCAAGCCTCCTG-1,3
AATAGCTACCGCGTGC-1,3
AATAGGCACGACCCTT-1,5
AATAGTCCGTCCCGAC-1,1
AATAGTCGCGAGTCGG-1,1
AATATCAAGGTCGGAT-1,3
AATATCCTAGCAAACT-1,3
AATATCGAATCAATGC-1,1
AATATCGAGGGTTCTC-1,0
AATATTGGAGTATTGA-1,2
AATCAGACTGCAGGAC-1,7
AATCAGGTTTCATTTA-1,4
AATCATGTAAAGACTC-1,2
AATCCAAGGGCCTGAG-1,1
AATCCATGCAAGGGTG-1,7
AATCCCGCTCAGAGCC-1,4
AATCGAGGTCTCAAGG-1,9
AATCGCCTCAGCGCCA-1,2
AATCGCGCAGAGGACT-1,1
AATCGGGACACTACGA-1,6
AATCGGTATAGCCCTC-1,4
AATCGTGAGCCGAGCA-1,4
AATCTAGGTTTACTTG-1,1
AATCTATGCCGGAGCC-1,6
AATCTCTACTGTGGTT-1,6
AATCTGCGTTGGGACG-1,0
AATCTGGCTTTCTAGT-1,1
AATCTGGGTAGACCCT-1,6
AATGACAGCAATGTCT-1,1
AATGACGTAGGATGTC-1,1
AATGACTGTCAGCCGG-1,1
AATGAGTTCGCATATG-1,3
AATGATGATACGCTAT-1,0
AATGATGCGACTCCTG-1,0
AATGCAACCGGGTACC-1,2
AATGCACCAAGCAATG-1,2
AATGGTCCACCGTTCA-1,3
AATGGTTCTCACAAGC-1,1
AATGTATGGCACTGTA-1,3
AATGTGCCCGAGGTGT-1,1
AATGTGCTAATCTGAG-1,4
AATGTTAAGACCCTGA-1,4
AATGTTGTCGTGAGAC-1,1
AATTAAAGGTCGGCGT-1,2
AATTAACGGATTTCCA-1,3
AATTACGAGACCCATC-1,1
AATTACTCGTACGCTC-1,3
AATTAGCGCTGCAGCG-1,1
AATTATACCCAGCAAG-1,9
AATTCATAAGGGATCT-1,0
AATTCATTGTCATGCA-1,3
AATTCCAACTTGGTGA-1,2
AATTCCAAGCATGTAC-1,1
AATTCGATTCGAGGAT-1,9
AATTCTAGAGTTAGGC-1,3
AATTGAACGCTCTGGT-1,1
AATTGCAGCAATCGAC-1,1
AATTGCGTGGATTACA-1,1
AATTGTGGTTGCCAAA-1,2
AATTTGGGACATAGTA-1,3
AATTTGGTTCCAAAGA-1,0
ACAAACCATGCGTCCT-1,1
ACAAACCGACAAGGCG-1,7
ACAAACTCCATCAGAG-1,9
ACAAAGAAGGTAGGCC-1,3
ACAAAGCATGACCTAG-1,1
ACAAATCGCACCGAAT-1,1
ACAAATGGTAGTGTTT-1,1
ACAAATTCAGATCTGA-1,6
ACAACAGCATGAGCTA-1,0
ACAACGGTCCCTGCGA-1,1
ACAAGCAGTGCCTAGC-1,3
ACAAGCTATATGGAAG-1,1
ACAAGGAAATCCGCCC-1,2
ACAAGGACAAGAGGTT-1,2
ACAAGGATGCTTTAGG-1,1
ACAAGGCCTACCAGCC-1,6
ACAAGGGCAGGCTCTG-1,1
ACAATAGTCGTACGTT-1,2
ACAATCCATTTAAACC-1,1
ACAATCGATCTTTATA-1,6
ACAATGAATACGGAGA-1,1
ACAATGATTCTTCTAC-1,3
ACAATTGTGTCTCTTT-1,3
ACAATTTAGGAGGCTC-1,1
ACAATTTGAGCAGTGG-1,0
ACAATTTGGCCATATT-1,6
ACACAAAGACGGGTGG-1,1
ACACAAATATTCCTAG-1,1
ACACACCAGGACCAGT-1,1
ACACACTTTCTACACG-1,2
ACACATGATCAAATCT-1,3
ACACATTGACGCAACA-1,2
ACACATTTCCGTAGAC-1,4
ACACCACATAATTAGC-1,0
ACACCCAGCATGCAGC-1,1
ACACCCGAGAAATCCG-1,1
ACACCGAGCGCTCTTT-1,2
ACACCGGTCTGACCGC-1,4
ACACCTTAAGTAGGGC-1,1
ACACCTTACTACTTGC-1,1
ACACGAGACTCCTTCT-1,0
ACACGGCACTATGCAT-1,2
ACACGGGAACTTAGGG-1,0
ACACGTAGGCCACAAG-1,6
ACACTCCAATGTCACT-1,1
ACACTGATCAAGGTGT-1,1
ACACTGGGACAGTCGT-1,2
ACAGAACTGAGAACAA-1,1
ACAGATTAGGTTAGTG-1,6
ACAGCATAGAGCCAGT-1,6
ACAGCGACATTCTCAT-1,2
ACAGCGCACCCGCAGC-1,7
ACAGGAGGCGCAGCCG-1,7
ACAGGCACGGATCCTT-1,4
ACAGGCTTGCCCGACT-1,2
ACAGGTGGAGGTGAGG-1,3
ACAGGTGTGTTGTTGC-1,1
ACAGTAATACAACTTG-1,1
ACAGTATACCGTGGGA-1,1
ACATAAGTCGTGGTGA-1,1
ACATAATAAGGCGGTG-1,0
ACATACAATCAAGCGG-1,8
ACATCAGCTGGGACGC-1,3
ACATCCCGGCCATACG-1,1
ACATCCTGGTAACTGT-1,1
ACATCGATCGTTTACC-1,2
ACATCGCAATATTCGG-1,5
ACATCGGTCAGCCGCG-1,3
ACATCGTATGCAATGG-1,1
ACATCGTTAACCTAGT-1,7
ACATCTCAACGCGTAA-1,7
ACATGGCGCCAAAGTA-1,1
ACATGGCTCAATTTAG-1,7
ACATTAGTTTATATCC-1,1
ACATTCGCGCGGAATA-1,4
ACATTTGAAACCTAAC-1,8
ACCAAACACCCAGCGA-1,3
ACCAAACTAGAAATCC-1,6
ACCAACACCACACACT-1,3
ACCAACCGCACTCCAC-1,1
ACCAACGCTTATTTAT-1,1
ACCAAGAACGCGTGTC-1,1
ACCAAGTCATCGGCAG-1,4
ACCAATATGCAAGTTA-1,1
ACCACAACTCAGAACA-1,7
ACCACAAGTTTCTATC-1,1
ACCACACGGTTGATGG-1,4
ACCACCAATGTAACAA-1,1
ACCACCCTCTCTTCTA-1,1
ACCACGTGCAGCTATA-1,1
ACCACTGTTCAAGAAG-1,7
ACCAGACCATAACAAC-1,1
ACCAGCCCGGTCTTTG-1,7
ACCAGGAGTGTGATCT-1,7
ACCAGTGCCCGGTCAA-1,6
ACCAGTGCGGGAGACG-1,1
ACCATATCCGCAATAA-1,3
ACCATCCGCCAACTAG-1,6
ACCATCGTATATGGTA-1,3
ACCATTAAGGGTGTCA-1,7
ACCCAACGCCCGTGGC-1,0
ACCCACCTACATGCTC-1,3
ACCCATCTTGAGGGTA-1,2
ACCCATTTGTCCCTCT-1,3
ACCCGAGCGAAATTAC-1,2
ACCCGATTGGTTCCGA-1,4
ACCCGGAAACTCCCAG-1,2
ACCCGGAGCACCACAA-1,3
ACCCGGATGACGCATC-1,1
ACCCGGTTACACTTCC-1,3
ACCCGTAGTCTAGTTG-1,4
ACCCGTGTCATCAGTA-1,3
ACCCTATAGGACTGAG-1,2
ACCCTATGCCATATCG-1,1
ACCCTCCCGTCAGGGC-1,4
ACCCTCCCTTGCTATT-1,3
ACCCTGGTAACGCCCT-1,3
ACCCTTCATCTGCGAA-1,6
ACCCTTGCCTGGGTCG-1,1
ACCCTTTAGTTCTCCA-1,7
ACCGAAAGGGCCCTGC-1,2
ACCGAAGAGTCTGGTT-1,1
ACCGACACATCTCCCA-1,1
ACCGACTGAGTCCCAC-1,0
ACCGAGTCTCCTTATT-1,4
ACCGATAGGCATAACC-1,3
ACCGATATTTAATCAT-1,6
ACCGATGGTAGCATCG-1,3
ACCGCAATAACTGCCT-1,2
ACCGCGGTGGAAGTCG-1,1
ACCGCTAGTCATTGGT-1,4
ACCGGGCCTTTGTTGA-1,1
ACCGGTCAGGTACACC-1,3
ACCGGTCTGAGTACGG-1,0
ACCGTCCACTGGGCCC-1,3
ACCGTGACCACGTGGG-1,1
ACCGTTCCCGCTCTGA-1,2
ACCTAAGTACCTTTCA-1,1
ACCTAATCGACTTCCT-1,3
ACCTACAGTATGTGGT-1,1
ACCTACTATAAATCTA-1,1
ACCTCAGCGAGGCGCA-1,5
ACCTCCGCCCTCGCTG-1,6
ACCTCCGTTATTCACC-1,0
ACCTCGAACTTATGCT-1,4
ACCTGCGTGTCATGTT-1,1
ACCTTTCCTTTAGAAG-1,7
ACGAAATGGGCGGCAC-1,1
ACGACCCATGAGTTGC-1,1
ACGACTCTAGGGCCGA-1,4
ACGACTGGTCATACTC-1,3
ACGAGAACCCATCACG-1,7
ACGAGATATTTGCTTA-1,7
ACGAGGATACCACTCT-1,1
ACGAGGTTTACAACGT-1,1
ACGAGTACGGATGCCC-1,0
ACGAGTCGCCGGCGTT-1,7
ACGATACATAGAACTA-1,0
ACGATACCTATCCTGA-1,3
ACGATCATACATAGAG-1,0
ACGATCATCTTGTAAA-1,1
ACGATGCATATGTTAT-1,6
ACGATGGATCCGATGC-1,3
ACGCAAACTAATAGAT-1,4
ACGCAATCACTACAGC-1,2
ACGCATAAATGACATG-1,2
ACGCATACGTTTACTA-1,0
ACGCATTCGTGAGTAC-1,6
ACGCCACTCGAAACAG-1,4
ACGCCAGATGATTTCT-1,6
ACGCCAGTGCGTTTGC-1,8
ACGCCCAGCTGTCGAT-1,7
ACGCCGCTAGACGACC-1,2
ACGCCTGACACGCGCT-1,6
ACGCGAAGTCAGACGA-1,1
ACGCGCTACACAGGGT-1,3
ACGCGGGCCAAGGACA-1,6
ACGCGTTTCTTAAGAG-1,3
ACGCTACTGAATGGGC-1,8
ACGCTAGTGATACACT-1,0
ACGCTGTGAGGCGTAG-1,2
ACGCTTAGTGTCTCTC-1,7
ACGGAACACGAGTGCC-1,8
ACGGAATTTAGCAAAT-1,1
ACGGACTCTCAAAGCG-1,3
ACGGAGCGCAAATTAC-1,1
ACGGATGGTGCGGATA-1,1
ACGGCACTTGCTTGGG-1,1
ACGGCCAACATGGACT-1,1
ACGGCGACGATGGGAA-1,2
ACGGCGGGTTGCCCTG-1,7
ACGGCTGGATGTAGAA-1,3
ACGGGAGTGTCGGCCC-1,1
ACGGGCGTATGCGACA-1,3
ACGGGTCATGTGACTT-1,3
ACGGTACAGTTCAATG-1,4
ACGGTCACCGAGAACA-1,9
ACGTACAGATTTCTCT-1,6
ACGTACTTTGGCACGG-1,4
ACGTAGATTGCTGATG-1,6
ACGTAGGAGAGTCGCT-1,9
ACGTATTACTCCGATC-1,1
ACGTCCTAAACGAGAT-1,7
ACGTCGGGCAACTCGG-1,1
ACGTCTCGTTCCGGGA-1,3
ACGTGACAAAGTAAGT-1,1
ACGTGCGCCTCGTGCA-1,2
ACGTGGTCGAATGTGC-1,7
ACGTTAATGTCGAAGA-1,2
ACGTTAGATTTGCCCG-1,2
ACGTTATTGGTCACTC-1,1
ACGTTCACTATGCCGC-1,9
ACGTTCCGCGCTCCGT-1,2
ACGTTCGCAATCAATT-1,0
ACGTTCGTTCAGGAAA-1,3
ACGTTCTGTACAAGTC-1,1
ACGTTGTCGTTGAAAG-1,9
ACGTTTAGTTGTGATC-1,6
ACGTTTCGGTGCACTT-1,8
ACTAAGGACGCACACC-1,3
ACTAATACGTCAGGCG-1,6
ACTACAAAGAGAGGTG-1,2
ACTACATCCCGACAAG-1,1
ACTACCAGCTCTCTGG-1,1
ACTACCATCCGAGGGC-1,4
ACTACGCGTTAGAATT-1,2
ACTAGTTGCGATCGTC-1,2
ACTATATGCTGTGTTC-1,3
ACTATCCAGGGCATGG-1,1
ACTATCGCCGGCTAAA-1,7
ACTATCTGCCCGCGTA-1,0
ACTATGTCCAGCTGCC-1,4
ACTATTCGTCCGTGGT-1,2
ACTATTTCCGGGCCCA-1,1
ACTCAACGAATGTATT-1,7
ACTCAAGTGCAAGGCT-1,1
ACTCAATAAAGGCACG-1,0
ACTCAGACCTGCTTCT-1,2
ACTCATGGCAGCCTTC-1,3
ACTCCAATATCATCAT-1,9
ACTCCCATTCCTAAAG-1,1
ACTCCCGAATTCGTTT-1,0
ACTCCCGTAGACTAGG-1,1
ACTCCCTAATGCTAAA-1,2
ACTCCCTAGAATAGTA-1,3
ACTCCGGCCGACCACT-1,4
ACTCGATGTATTTCAT-1,1
ACTCGCCGTTCGATAA-1,1
ACTCGCGATCTGACGC-1,2
ACTCGTAACCCGTCCT-1,1
ACTCGTCAGTAATCCC-1,6
ACTCTAAACCTGGGAT-1,2
ACTCTCTGACTTAGGT-1,1
ACTCTCTTATACACGA-1,7
ACTCTGACCTAATAGA-1,4
ACTCTTCAGCTCCCGC-1,0
ACTCTTGTATAGTAAC-1,2
ACTGAAACGCCGTTAG-1,3
ACTGAATGGCGAAAGT-1,1
ACTGATTTAGTGATTC-1,7
ACTGCCCGCCATTCTC-1,4
ACTGCCGTCGTAACTC-1,6
ACTGCGGACACACCGT-1,0
ACTGCTCGGAAGGATG-1,3
ACTGGCGAACCTGCGT-1,7
ACTGGGATGCCAGTGC-1,4
ACTGTACGATACACAT-1,0
ACTGTAGCACTTTGGA-1,3
ACTGTATACGCGAGCA-1,7
ACTGTCCAGGATTATA-1,6
ACTGTCTTCTTTAGAA-1,0
ACTGTGCTAGTAGATC-1,3
ACTGTTTAGTGTAGGC-1,6
ACTTACCGGGCGCGCA-1,2
ACTTACGCATCCACGC-1,1
ACTTAGTACGACAAGA-1,1
ACTTATACTTACCCGG-1,3
ACTTATCTGATCTATA-1,7
ACTTATTAGGATCGGT-1,3
ACTTATTTATGTGCCA-1,1
ACTTCAGGCTGATCCC-1,1
ACTTCCAGTGGAAGCT-1,1
ACTTCCATGCGGGACA-1,1
ACTTCGCCATACGCAC-1,0
ACTTCGCTAGCGAGTG-1,9
ACTTGACTCCCTCTTT-1,6
ACTTGCCATATTGTAC-1,6
ACTTGCTCTATCTACC-1,4
ACTTGGGACCCGGTGG-1,1
ACTTGGGCTTTCGCCA-1,5
ACTTGTAGTCCCTTCA-1,3
ACTTGTGGATGGAACG-1,2
ACTTGTTACCGGATCA-1,4
ACTTTACCCTCATGAA-1,6
ACTTTCCTATAGCTTC-1,0
ACTTTGACTGCATCCT-1,2
ACTTTGGTCGTGCTCC-1,1
ACTTTGTCGACGCACT-1,3
AGAAATTATGACTCGC-1,0
AGAACCCAGCGTGACA-1,6
AGAACCCTCAATTGGG-1,3
AGAACGTGGTACATTC-1,0
AGAACTGTACTTTGTA-1,8
AGAAGAGCGCCGTTCC-1,1
AGAAGGTACACTTCAC-1,1
AGAAGGTTGCCGAATT-1,3
AGAAGGTTGTAGGTCG-1,1
AGAAGTGATTCGTGAT-1,1
AGAATAAATCTTCAGG-1,3
AGAATACAGGCTATCC-1,8
AGAATGCGGGTTCGGA-1,3
AGAATTATGGATTCGA-1,6
AGAATTGTTTGACATA-1,1
AGACAGCTCAGAATCC-1,2
AGACAGGCATCTCAGC-1,1
AGACATAGATCCTTCC-1,7
AGACCAAACCACACCT-1,1
AGACCATGGGATACAA-1,1
AGACCCACCGCTGATC-1,3
AGACCCGCCCTCCTCG-1,1
AGACCGCTCCGCGGTT-1,3
AGACCGGGAAACCCTG-1,6
AGACGAAGTGCCGGTC-1,3
AGACGACGATGCCGCT-1,1
AGACGCCCACTTCGCC-1,3
AGACGGGATTGGTATA-1,7
AGACGGGCCGATTTAA-1,6
AGACTAGCCTTCCAGA-1,1
AGACTGTTACCGGGTC-1,1
AGAGAAACACCAGAAA-1,4
AGAGAACCGTCTAGGA-1,0
AGAGAAGGAGTACAAT-1,3
AGAGATCTCTAAAGCG-1,6
AGAGCAGTTATGAGAC-1,3
AGAGCCGCCGAGATTT-1,2
AGAGCGCTTGTAACGG-1,3
AGAGCGGGCTAATCAT-1,3
AGAGCGTACAAGCTCG-1,1
AGAGCTACGAAAGCAT-1,7
AGAGGCTTCGGAAACC-1,2
AGAGGGACAATTGTCC-1,2
AGAGGTATCTCGGTCC-1,7
AGAGTAAACTTCACTA-1,1
AGAGTATAGTGTTACG-1,3
AGAGTCTTAATGAAAG-1,8
AGAGTTAGAGACCGAT-1,6
AGAGTTGCAGGCCTCC-1,7
AGATAACTTCAGGGCC-1,3
AGATACCAATAGAACC-1,1
AGATACCAGCACTTCA-1,1
AGATACCGGTGTTCAC-1,3
AGATACGACTTCATAT-1,1
AGATACTCAAGATCGA-1,3
AGATATAATACGACTA-1,3
AGATCGTGCATAAGAT-1,2
AGATCTCAGGTGTGAT-1,0
AGATGACTCGCCCACG-1,1
AGATGAGGGTTGCGAT-1,6
AGATGATGGAGTCTGG-1,3
AGATGCAAGACGTGCA-1,1
AGATGCATCCTGTGTC-1,1
AGATGCTATAACGAGC-1,7
AGATTATAGGACGTTT-1,2
AGATTCAAGCGGGTCG-1,0
AGATTCACAACCGATA-1,1
AGCAAAGGCCGCTAGT-1,3
AGCAACATATCTTATT-1,1
AGCAACCGAAAGTAAT-1,1
AGCACACGTTTAGACT-1,2
AGCACCAGTACTCACG-1,0
AGCACTACCGGCCTGT-1,2
AGCACTACCTCACCAG-1,2
AGCACTTAAGGACGCC-1,3
AGCAGAAGGAGAAAGA-1,2
AGCAGCCAGATGAATA-1,1
AGCAGTCGAAGCATGC-1,4
AGCATATCAATATGCT-1,3
AGCATCATTTCGAAAG-1,3
AGCATCGTCGATAATT-1,1
AGCATTACGAGGCAAG-1,4
AGCCAAGCTTTGTGTC-1,3
AGCCACAGGTTACCCG-1,1
AGCCACTCCCGTGCTT-1,0
AGCCATATAGTATGTG-1,4
AGCCCATACATGTAAG-1,3
AGCCCGCAACAAGCAG-1,4
AGCCCGCACTACAATG-1,8
AGCCCGGCATTAGAGG-1,9
AGCCCGGTAGCCTGTA-1,3
AGCCCTAAGCGAAGTT-1,3
AGCCCTCCCTGGTGGC-1,2
AGCCCTGTCGCACCGT-1,0
AGCCCTTCTAATCCGA-1,3
AGCCCTTGGACATCCC-1,3
AGCCGCAAATTCAAAT-1,1
AGCCGCTTGATTAGCG-1,3
AGCCGTGGCTAAATGT-1,1
AGCCTAATACCCACGT-1,1
AGCCTTAAAGCGGAAG-1,2
AGCGACAGGAACGGTC-1,3
AGCGACATCCCATTCA-1,1
AGCGACCAACGATATT-1,1
AGCGACTTTGAAGACA-1,5
AGCGAGACGTGAAGGC-1,4
AGCGATGCGCCTAATA-1,1
AGCGCATAATGAATCG-1,1
AGCGCGGGTGCCAATG-1,0
AGCGCTAGAGCGATGT-1,0
AGCGCTTATGGGCAAG-1,6
AGCGGACACTTCGTAG-1,1
AGCGGCGGTTAGCGGT-1,1
AGCGGGAAGGGTCCAT-1,3
AGCGGGTCTGACACTC-1,3
AGCGGTTGAGATGTAC-1,6
AGCGGTTGCCGCTCTG-1,1
AGCGTACGAGAGCTAG-1,7
AGCGTAGCGCTAGACC-1,7
AGCGTCTGAACCCGCA-1,7
AGCGTGGTATTCTACT-1,2
AGCGTTCCGATTTAAA-1,0
AGCTAACAAGCAATGT-1,3
AGCTAAGCTCCGTCCG-1,9
AGCTAAGTACGCAGGC-1,1
AGCTACGAATGGTGGT-1,5
AGCTAGAAGCAGAAGT-1,2
AGCTATTTAATCCAAC-1,6
AGCTCCATATATGTTC-1,2
AGCTCCTTCGCACATC-1,3
AGCTCGTTGATGGAAA-1,1
AGCTCTAGACGTTCCA-1,6
AGCTCTTCCCAGTGCA-1,0
AGCTCTTCGTAACCTT-1,1
AGCTCTTTACTCAGTT-1,2
AGCTGAAGTAAACCAA-1,0
AGCTGCATTTGAGGTG-1,6
AGCTGTAACCTCAATC-1,1
AGCTTATAGAGACCTG-1,7
AGCTTCAATACTTTGA-1,7
AGCTTCTTCTCGAGCA-1,4
AGCTTGATCTTAACTT-1,2
AGGAAAGCCTCTGATG-1,7
AGGAACGAACGACTTC-1,2
AGGAAGCTGTCCGCCG-1,3
AGGACAGTCGAATCCC-1,1
AGGACATCGCACGTCG-1,1
AGGACATCGGCACACT-1,2
AGGACGACCCATTAGA-1,3
AGGACGCTCGATGTTG-1,3
AGGACTTATAGGAGAA-1,7
AGGAGACATCCACAGT-1,3
AGGAGAGTCTGGCTAC-1,3
AGGAGCGTTTATTATC-1,5
AGGAGGCCTTCGCGCG-1,3
AGGATAAAGTCGGGAT-1,3
AGGATATAGGGATTTA-1,3
AGGATATCCGACTGCA-1,4
AGGATCACGCGATCTG-1,1
AGGATTGCTTACGACA-1,0
AGGCAAAGAGGAATCA-1,7
AGGCAATACGGAGGAC-1,7
AGGCACGTGACTGTCC-1,2
AGGCAGATGCGTAAAC-1,0
AGGCAGGGAGCGTACT-1,1
AGGCATTGTCGTAGGG-1,2
AGGCCACATTGGTTAC-1,6
AGGCCACCCGTTATGA-1,2
AGGCCCAGTGACTGGT-1,7
AGGCCCATTGTACAGG-1,1
AGGCCCTAGAACGCCA-1,1
AGGCCTATCATACCAA-1,4
AGGCCTGAGAATCTCG-1,1
AGGCGATAACTGGCGT-1,1
AGGCGGTTTGTCCCGC-1,1
AGGCGTCTATGGACGG-1,1
AGGCTATGGTTAGCTT-1,3
AGGCTTAAGTTGCACA-1,5
AGGCTTCCCGAAGAAG-1,3
AGGCTTGCTAGACACC-1,2
AGGGAAACGAGGTACT-1,3
AGGGACAGCACGGCGG-1,7
AGGGACCGGCTGCGTT-1,3
AGGGACTCTACGCGAC-1,1
AGGGAGACATACTTCG-1,0
AGGGCAGCGGCGTGGT-1,3
AGGGCCCTAATGTTCT-1,2
AGGGCGAGCAGCTGAT-1,3
AGGGCGTGATCGGCTA-1,1
AGGGCTGCAGTTACAG-1,2
AGGGTCAGAGCACTCG-1,4
AGGGTCAGTAACCCTA-1,1
AGGGTCGATGCGAACT-1,1
AGGGTCTGGACGCAGT-1,4
AGGGTGCCGTTCTTTA-1,9
AGGGTGCTCTCGAGGG-1,0
AGGGTGGATAGTGCAT-1,3
AGGGTTCAGACGGTCC-1,9
AGGGTTCCCTTTGGTT-1,0
AGGGTTTAGTTCGGGA-1,6
AGGTAACCTCCTATTC-1,1
AGGTACGATATTGCCA-1,3
AGGTAGATCGAGATAT-1,3
AGGTAGGTACAAAGCT-1,1
AGGTATAATTGATAGT-1,1
AGGTATGCGGACATTA-1,0
AGGTCAGGTGAGAGTG-1,1
AGGTCGCCACTTCGGT-1,7
AGGTCGCCTCCCAACA-1,3
AGGTCGCGGAGTTACT-1,0
AGGTGCACGTCCACAT-1,4
AGGTGGTGACCTTCGC-1,3
AGGTGTATCGCCATGA-1,2
AGGTGTTGCCGACCAC-1,2
AGGTTACACCATGCCG-1,3
AGGTTCTCCTTTCCGG-1,1
AGGTTGAGGCACGCTT-1,0
AGGTTTCACACACCTT-1,3
AGTAACGTTCATCCTG-1,2
AGTAACTATAGCAGCC-1,4
AGTAAGGGACAGAATC-1,5
AGTAATCTAAGGGTGG-1,9
AGTAATGTCTTGCCGC-1,1
AGTAATTTGCAAGCGT-1,4
AGTACAGAAGCTTATA-1,2
AGTACATCATTTATCA-1,0
AGTACCTTCGAGTGCT-1,3
AGTACGGCCCGTATCG-1,1
AGTACGGGCACCTGGC-1,0
AGTACGTGGCCTGTCT-1,7
AGTACTCTTATGCCCA-1,1
AGTAGAAGGCGCCTCA-1,9
AGTAGCGTGAACGAAC-1,7
AGTAGCTAGACGCCGA-1,6
AGTAGGAAGGAAGTTG-1,2
AGTAGGTAACATACAT-1,3
AGTATAATACTAGGCA-1,2
AGTATACACAGCGACA-1,4
AGTATCCATAATAACG-1,7
AGTATGCTGGAGACCA-1,1
AGTATTTGGCACGACC-1,3
AGTCAAATGATGTGAT-1,1
AGTCAACACCACCATC-1,2
AGTCAAGATGACACTT-1,1
AGTCACTAGCTCTCGA-1,6
AGTCACTCCGCCTCAT-1,7
AGTCAGCCACCGCCTG-1,1
AGTCCAGCGGGTACGT-1,7
AGTCCATTGGCTGATG-1,1
AGTCCCGCCTTTAATT-1,6
AGTCCCTCGCAGAAAG-1,3
AGTCGAAACGATTCAG-1,9
AGTCGAATTAGCGTAA-1,8
AGTCGACGGTCTCAAG-1,1
AGTCGGCCCAAACGAC-1,1
AGTCGGCTCAACTTTA-1,1
AGTCGGTTGCGTGAGA-1,3
AGTCGTATAAAGCAGA-1,1
AGTCGTCGACCACCAA-1,1
AGTCGTGGGCATTACG-1,1
AGTCTAAAGTATACTC-1,0
AGTCTCACAAGACTAC-1,1
AGTCTGGACATCCTTG-1,3
AGTCTTCTCCTCAAAT-1,0
AGTCTTTAAAGTGTCC-1,2
AGTGAACAAACTTCTC-1,3
AGTGAAGATGGTGTCC-1,1
AGTGACCTACTTTACG-1,2
AGTGACTGTGACACAA-1,9
AGTGAGACTTCCAGTA-1,2
AGTGAGCCTCGCCGCC-1,0
AGTGAGGGTTTCTGAC-1,7
AGTGAGTCGAATTAAC-1,1
AGTGATAACCTGCGCG-1,1
AGTGATATGAGTAGTT-1,3
AGTGATTCAAGCAGGA-1,0
AGTGCACGCTTAAGAA-1,3
AGTGCGTAGCTCGTAA-1,3
AGTGCTAAACACAGCA-1,1
AGTGCTTGCACGAATA-1,1
AGTGGCCCGCAAATGG-1,9
AGTGGCGGCAATTTGA-1,0
AGTGGCGTCTGAAGGT-1,1
AGTGGCTCCGTCGGCC-1,2
AGTGGGAGTATACACG-1,7
AGTGGTGTTACCCGTG-1,3
AGTGGTTGCGTATAGG-1,1
AGTGTATTGCGCATTG-1,2
AGTGTGCTAAGATCGC-1,3
AGTGTGGTCTATTGTG-1,3
AGTTAAACACTTGCGA-1,3
AGTTAAGCGGTCCCGG-1,0
AGTTAAGTCAACCGCT-1,1
AGTTACCCTTAAGACT-1,2
AGTTACCGCACATGGT-1,2
AGTTACTCTATCGTGG-1,6
AGTTATTCAGACTGTG-1,8
AGTTATTGAAAGGTAA-1,7
AGTTCACCGGTTGGAC-1,1
AGTTCCTACAGAATTA-1,1
AGTTCCTATTTATGTT-1,6
AGTTCTGCGTTGTATC-1,1
AGTTGACATCGGCTGG-1,6
AGTTGACGGTCCTTGC-1,3
AGTTGCGGTCCTCAAC-1,9
AGTTGCTGACTGATAT-1,1
AGTTGGCAAGGCTAGA-1,4
AGTTTATGTAAAGACA-1,3
AGTTTCGCAGGTCGGA-1,2
AGTTTGCACCTGCCTC-1,1
AGTTTGGCACGGGTTG-1,3
AGTTTGGCCAGACCTA-1,1
ATAAACCATTGGACGG-1,7
ATAAACGGACCCGTAA-1,2
ATAAACGTTGCACCAC-1,3
ATAAAGGCTCGGTCGT-1,2
ATAAAGGTCAAGTACG-1,7
ATAAATATTAGCAGCT-1,2
ATAACGCCGGAGGGTC-1,6
ATAACGGAGTCCAACG-1,6
ATAACGTTACCTCCAC-1,3
ATAAGCAAACACCGAG-1,1
ATAAGGTGGAGAACAT-1,2
ATAAGTACCCGATTGT-1,3
ATAAGTAGGATTCAGA-1,0
ATAAGTAGGGCGACTC-1,3
ATAAGTTACCGCGACG-1,3
ATAATACCGTTAGCCG-1,1
ATAATAGCTGTTGAAT-1,2
ATAATAGTGTAGGGAC-1,1
ATAATCTTGGAGAACC-1,1
ATAATTAGCTAAGTAG-1,1
ATACAGGCCCTCCAAT-1,3
ATACCACGGGCAACTT-1,2
ATACCAGCAAATTGCT-1,6
ATACCAGGCTAATAGA-1,2
ATACCAGGTGAGCGAT-1,2
ATACCCTGGCTCAAAT-1,6
ATACCGTCATCCATAA-1,3
ATACCTAACCAAGAAA-1,2
ATACGAAGGCTTTCCA-1,0
ATACGAGGTTTGTAAG-1,4
ATACGCCGATCTACCG-1,7
ATACGCCGGCGAAACC-1,2
ATACGGAACGTCGTTT-1,1
ATACGGGTTTCGATTG-1,0
ATACGGTGAAGATGCA-1,1
ATACGTACTTAGCCAC-1,2
ATACGTCCACTCCTGT-1,1
ATACGTTATGCACGGA-1,1
ATACTACCCGTACCAC-1,2
ATACTAGCATGACCCT-1,3
ATACTCTCGCCACTCT-1,7
ATACTGCCTTACACCG-1,1
ATACTTGTTCTCGAGC-1,2
ATAGACAACGGGACCT-1,0
ATAGACGAAGAGAAAG-1,3
ATAGAGTACTGGGACA-1,1
ATAGAGTTATCAACTT-1,0
ATAGATTTGCAGTCGG-1,6
ATAGCAACTAGGGAAG-1,3
ATAGCCATAACAGTCA-1,8
ATAGCCTCAGTACCCA-1,3
ATAGCTGCTCTTGTTA-1,1
ATAGGAATCTAAGCTT-1,6
ATAGGCGGCTATAGAA-1,1
ATAGGCTAGCTTCGCA-1,0
ATAGGGATATCCTTGA-1,0
ATAGGTTGGGCAGATG-1,0
ATAGTCTTTGACGTGC-1,2
ATAGTGAAGCGTTCTC-1,3
ATAGTTCCACCCACTC-1,1
ATATAAAGCGCTCGTG-1,3
ATATAAATGTAGCTGC-1,3
ATATAACACGGGCGCA-1,1
ATATACATGTATGGTA-1,1
ATATACGCTCGTGACG-1,2
ATATAGAGTATTGGTC-1,3
ATATCAACCTACAGAG-1,3
ATATCAATTCCAGCCT-1,1
ATATCGGTAGGGAGAT-1,3
ATATCGTGCCAGACCC-1,7
ATATCGTTCCTCGAAC-1,1
ATATCTCCCTCGTTAA-1,0
ATATCTTAGGGCCTTC-1,2
ATATGGGATAGCAACT-1,2
ATATGTCTAGAGCGTG-1,4
ATATGTCTCCCTAGCC-1,3
ATATGTGCACAAACCA-1,2
ATATTATCCCGTATTT-1,7
ATATTCAGTTAAACCT-1,3
ATATTCCACATAGTGA-1,2
ATATTCCCACAGGTCA-1,3
ATATTGCTGTCAAAGT-1,1
ATATTGGAGAGGCCTT-1,3
ATATTTAACCCTCAAG-1,3
ATCAAACACTGTTCCA-1,1
ATCAAACGAAGGTTTG-1,1
ATCAAAGAGCCGTGGT-1,8
ATCAAGATCCCAGGAC-1,4
ATCAATCTGGGCTGCA-1,6
ATCAATGCCGTGGCTG-1,1
ATCACATTAGAATATC-1,0
ATCACGTGCTAATTAA-1,1
ATCACTTCATCCTCGC-1,0
ATCAGACGGCACGCCG-1,3
ATCAGCCTCATGCTGC-1,1
ATCAGCTCGTCCACTA-1,1
ATCAGGTAGCTGACAG-1,6
ATCAGGTCGCCATTGC-1,2
ATCAGTAGGCAGGGAT-1,0
ATCATAGATCGACGAG-1,9
ATCATAGCCCTATGTA-1,2
ATCATCCAATATTTGT-1,3
ATCATCTGCCCAGTGT-1,7
ATCATGGACTACCGAC-1,2
ATCATTGTACCGCATT-1,2
ATCCAACGCAGTCATA-1,1
ATCCAATGGAGGGTCC-1,1
ATCCAATGGTACCGAA-1,1
ATCCACATCGACAGAA-1,3
ATCCACGCTAAATGTT-1,7
ATCCACTTTCAGACTA-1,2
ATCCAGAGCAACAACC-1,3
ATCCAGGATTCGTGAA-1,2
ATCCCATCCACAGCGC-1,3
ATCCCATTTCCGTGGG-1,2
ATCCGGACCAGCCTGA-1,4
ATCCTACCTAAGCTCT-1,3
ATCCTGAATCGCTGCG-1,2
ATCCTGCGTGGAATGG-1,3
ATCCTGCTGCAGATAG-1,7
ATCCTTCTGAAAGAAC-1,6
ATCGACCCAATACAGA-1,2
ATCGACTCTTTCCGTT-1,3
ATCGCACGATTGTTCA-1,7
ATCGCACGCCGGGAGA-1,1
ATCGCCAGTCAACATT-1,1
ATCGCCGTGGTTCATG-1,8
ATCGCTGCGTGCAGCA-1,3
ATCGCTTTACGTCTCA-1,0
ATCGGAGACAGACGGC-1,2
ATCGGCAAGCAGTCCA-1,6
ATCGGTTACCTAGTAA-1,1
ATCGTATTCCGAGAAC-1,3
ATCGTCCAATCGAGTC-1,7
ATCGTGGAAAGTCTGG-1,4
ATCGTTAGCTAGCGGA-1,2
ATCGTTCACTTTCGCC-1,2
ATCTAACGTCCCTATG-1,7
ATCTAATATCCTACGG-1,3
ATCTACCATCTGCTCC-1,4
ATCTAGCTTGTGAGGG-1,4
ATCTATCGATGATCAA-1,7
ATCTCATAAACCTACC-1,6
ATCTCCCACGGAATAT-1,2
ATCTCCCTGCAATCTA-1,6
ATCTCGTGAGCGAAAC-1,2
ATCTGACATGGAAGGA-1,4
ATCTGATAGTGTCTTA-1,1
ATCTGCACCTCTGCGA-1,0
ATCTGCTGTTATCGCC-1,1
ATCTGGGCTGTTCTTG-1,3
ATCTGGTTAAGACTGT-1,6
ATCTGTAATTGTACCC-1,1
ATCTTAGGGCATTAAT-1,4
ATCTTATCGCACACCC-1,1
ATCTTGACCTGCAACG-1,1
ATCTTGACTTGTCCAA-1,0
ATCTTTCGTATAACCA-1,1
ATGAAGCCAAGGAGCC-1,1
ATGAAGTGGACCCAGC-1,1
ATGACGCCGGCTCTAA-1,1
ATGACGCGTTCTATCC-1,1
ATGACTATCAGCTGTG-1,3
ATGACTATGCGACATT-1,1
ATGAGGAGTGTTAATC-1,2
ATGAGGGCAGCGGCTA-1,2
ATGATCGGGAATAGAC-1,1
ATGATGCAATGGTACA-1,3
ATGCACCTTCCTTAAT-1,1
ATGCACGCGCTGTTCA-1,3
ATGCACTACCGCATTG-1,1
ATGCATGATCCAGGAT-1,0
ATGCATTCCGTGATGG-1,7
ATGCCAATCGCTCTGC-1,3
ATGCCATTTGCGACCA-1,1
ATGCCGGTCTTGCATA-1,0
ATGCCGGTTGATGGGA-1,0
ATGCGACAATTGGTCC-1,3
ATGCGACAGTCCCATT-1,3
ATGCGAGTCCCACCAC-1,3
ATGCTCAGTGTTGCAT-1,1
ATGCTCTGGCGCGGTA-1,1
ATGCTTAGGAGTTGAT-1,2
ATGGAAATTTAAGGAG-1,3
ATGGAACCTTTGCACA-1,0
ATGGACTGCTTAGTTG-1,9
ATGGAGCAGGCCGTGA-1,3
ATGGATCCGGCGTCCG-1,0
ATGGATTGACCAAACG-1,0
ATGGCAGCATTACGAT-1,1
ATGGCAGCCGAGAAAC-1,1
ATGGCCCGAAAGGTTA-1,8
ATGGCGGAATAGTCGC-1,0
ATGGCTGGAAATGGCC-1,2
ATGGGAACGGAAGCGG-1,2
ATGGGACCTGCTGAAC-1,2
ATGGGCCTCGGCCTCT-1,1
ATGGGTGTATACCTCC-1,9
ATGGTATTGGGAACCG-1,9
ATGGTATTTACTGATT-1,9
ATGGTCGCGTGGTTTC-1,1
ATGGTGCTCAAAGCCA-1,7
ATGGTTACGAAACATG-1,6
ATGTAAGGCTGCTCTT-1,0
ATGTACATGCGGTGAG-1,1
ATGTACGATGACGTCG-1,4
ATGTAGCGCGCGTAGG-1,1
ATGTCATAATAAACGA-1,5
ATGTCATTTCCCATTG-1,1
ATGTCTTGTTTGACTC-1,4
ATGTGAAAGCCTAATG-1,1
ATGTGCATCCGACGCA-1,1
ATGTGGACATCTTGAT-1,3
ATGTGTAGTTTAGTCA-1,6
ATGTTACGAGCAATAC-1,1
ATGTTCCTGCCCACCT-1,1
ATGTTCGTCGACCCAC-1,2
ATGTTGATTAGAGACT-1,4
ATGTTGTAGTCTGTTT-1,3
ATGTTTCGGCCCGGAG-1,0
ATGTTTGTAAGATCAT-1,6
ATTAAACATGCGGACC-1,2
ATTAAAGCGGACGAGC-1,7
ATTAACACCTGAGATA-1,2
ATTAATACTACGCGGG-1,0
ATTAATGAACCAGTCG-1,0
ATTAATTCGGTCACTC-1,6
ATTACAACTACCGGCC-1,3
ATTACATGTCAGTCTT-1,3
ATTACCACACTGCCTG-1,2
ATTACGACTCCACAGT-1,1
ATTACGCGCTGGCAGG-1,2
ATTACGGGCTACGGTT-1,1
ATTACTAGCCTCTTGC-1,1
ATTACTTACTGGGCAT-1,6
ATTAGATTCCTCAGCA-1,6
ATTAGATTGATAGCGG-1,1
ATTAGGCGATGCTTTC-1,3
ATTATACTTTGCTCGT-1,0
ATTATAGCTACTTTAC-1,0
ATTATCGGAATGTACG-1,2
ATTATCTCGACAGATC-1,6
ATTATGAGACCCAATT-1,1
ATTATGCCATAGGGAG-1,1
ATTATTATGTCCGTCA-1,1
ATTATTCAGAGTCACT-1,1
ATTCAAAGTACCTGTT-1,7
ATTCAACCATTTAAGG-1,2
ATTCACTGATGTTGGA-1,2
ATTCAGGACCTATTTC-1,2
ATTCAGGATCGCCTCT-1,2
ATTCAGTAGCAGGGTC-1,2
ATTCATATACTGTCCA-1,3
ATTCATCGTTGAGGCA-1,1
ATTCCCACATAAACAA-1,3
ATTCCCGAAGGTACAG-1,1
ATTCCTAAGACGTGGA-1,3
ATTCCTCCGCCAGTGC-1,1
ATTCCTTCCAGGCGGT-1,6
ATTCGACGCCGGGCCT-1,2
ATTCGCAGAGGACACT-1,1
ATTCGCGCCTTGAGAG-1,1
ATTCGTCCCGAGGTTA-1,9
ATTCGTGCTATCTCTT-1,1
ATTCGTGTACCCATTC-1,5
ATTCGTTTATCGTATT-1,8
ATTCTCGTCTCTTTAG-1,2
ATTCTGAGTATGAACT-1,7
ATTCTTCGTACTTATG-1,3
ATTGAAGATCTTAGTG-1,3
ATTGAATTCCCTGTAG-1,8
ATTGACCGGCGATGAC-1,1
ATTGACGTAACTCGGT-1,3
ATTGATAGCAACGAGA-1,3
ATTGATCACCACATTT-1,3
ATTGATGAGTCCTAAC-1,6
ATTGCCTATTAGACCG-1,9
ATTGCCTTTATGTTTG-1,1
ATTGCGATCAGTAACT-1,3
ATTGCTGCTCCTCCAT-1,2
ATTGGATTACAGCGTA-1,2
ATTGGGAATATCTTGG-1,2
ATTGGGAGTTCTGTAA-1,3
ATTGGTAGGATCCGCT-1,3
ATTGGTTGTGCATTAC-1,8
ATTGTACAACTCGGCT-1,1
ATTGTCGCAATACCTT-1,6
ATTGTCTGTTTCATGT-1,4
ATTGTGACTTCGCTGC-1,3
ATTGTTCAACGATCCG-1,2
ATTTAACTCGTATTAC-1,1
ATTTACAGTTTACTGG-1,2
ATTTACTAAGTCCATT-1,0
ATTTATACTGGTAAAG-1,4
ATTTCATTATTTCGCG-1,3
ATTTCCGGGTTCTGCG-1,3
ATTTGCCTAGTTACGA-1,6
ATTTGCGCGAGTAGCT-1,1
ATTTGGAGATTGCGGT-1,3
ATTTGTCTTGGGAGCT-1,3
ATTTGTTCCAGGGCTC-1,0
CAAACCAGGTCTGCAT-1,1
CAAACCATAAGCGTAT-1,5
CAAACCCTCCGGCGGG-1,9
CAAACGAGTATCGCAG-1,3
CAAACGGTCGCACTTT-1,2
CAAACGTGGTCTTGCG-1,7
CAAACTACGATAGAGA-1,7
CAAACTATTGAGCTTC-1,3
CAAACTCGCGACGCCG-1,3
CAAAGATTATTGGGCC-1,1
CAAAGGTCATCTGAAA-1,6
CAAAGGTTAAATTCAG-1,6
CAAAGTCAGGTTAGCT-1,2
CAAATCTCTCACAAGG-1,1
CAAATGCGGAGTGTTC-1,7
CAAATGTCCTTCCGTG-1,2
CAAATTGGATTATGCC-1,3
CAAATTGTCAGCAAGC-1,6
CAACACATCTCCTGCC-1,6
CAACAGAATAACGCTA-1,0
CAACAGTGCCAAACGG-1,7
CAACATGGCCTGATAA-1,3
CAACCAGTGGCCTACC-1,2
CAACCGCACCTAGACA-1,7
CAACCTACCGAGCAGT-1,2
CAACCTGAACCTGCCA-1,3
CAACGACCCGTTTACA-1,1
CAACGATCGATCCAAT-1,9
CAACGCGATGAGCCAA-1,4
CAACGGTTCTTGATAC-1,1
CAACGTGGTGGAGTCT-1,2
CAACTATATCGAATGC-1,6
CAACTCCAACGTTTAG-1,7
CAACTCCGTAACTTGC-1,1
CAACTCCTTGATCCCG-1,1
CAACTGAGGGTATGAC-1,3
CAACTGCTCATCCGAT-1,2
CAACTTGTAGTGGGCA-1,3
CAAGAAACCCTAAACT-1,2
CAAGACTCAGAAGCGC-1,6
CAAGAGGGCGGAGTAC-1,1
CAAGATATTATAACGT-1,1
CAAGCAACGTCGGAGT-1,3
CAAGCACCAAATGCCT-1,0
CAAGCGGCACATAATT-1,2
CAAGGATCGCATGTTC-1,3
CAAGGCCAGTGGTGCA-1,1
CAAGGGAGTGTATTTG-1,2
CAAGGTCCTATAGGCT-1,2
CAAGTAAGTGATAGAC-1,9
CAAGTCGTTGAAATCT-1,4
CAAGTGAACTTTGGTT-1,2
CAAGTGTGGTTGCAAA-1,1
CAATAAACCTTGGCCC-1,0
CAATACGAGAGTCTGA-1,2
CAATACGCTCTGAGGC-1,2
CAATATGTAGATTTAC-1,6
CAATATTCTTGACCTA-1,1
CAATATTGGACTAGTG-1,7
CAATCCATTATCCGTT-1,6
CAATCCCTATACCAGC-1,3
CAATCCTGCCGTGGAG-1,1
CAATGACCCTTAATTT-1,4
CAATGAGGTTCGACTA-1,0
CAATGCGAGAAGTATC-1,2
CAATGGAATCTACATA-1,7
CAATGGATCTCTACCA-1,0
CAATGGTCGGCCTGGG-1,6
CAATGTGCCAACCCTT-1,6
CAATTAAGGGTGATGA-1,0
CAATTGGGCCGCACTC-1,1
CAATTTCGTATAAGGG-1,3
CAATTTGACCGGGAAG-1,3
CACAAACCGCAGAACT-1,8
CACAAGAAAGATATTA-1,3
CACAAGCTAAGAAAGG-1,4
CACAATGAGCTGCTAT-1,3
CACACACGCTAACGAG-1,0
CACACAGCTTGCGCTC-1,3
CACACAGGGATAGATT-1,3
CACACGCGCTGTCTTA-1,0
CACACGTTTCAATGGG-1,7
CACACTTGTATTGCGA-1,3
CACAGAGACGAGGACG-1,1
CACAGCACCCACGGCA-1,0
CACAGCTAGGGAGTGA-1,1
CACAGGGCCATATAGT-1,2
CACAGGGCCGTTGTCA-1,3
CACAGTCCCGCTTCGC-1,2
CACAGTTCGCTTCCCA-1,0
CACATAAGGCGACCGT-1,7
CACATATTAGCAGGAT-1,1
CACATCGTGCACGCGC-1,1
CACATCTCACCGACGA-1,3
CACATGATTCAGCAAC-1,1
CACATGTTTGGACATG-1,2
CACATTCTTTCGATGG-1,0
CACATTTCTTGTCAGA-1,1
CACCAATCATCCGTCT-1,1
CACCACGCCACACAGA-1,2
CACCAGTCAGCATGCA-1,1
CACCATCGGAGGAGAC-1,2
CACCATGATCGCAAAG-1,3
CACCCAAATCTTATGT-1,3
CACCCACACGTCACCC-1,1
CACCCACGAGGCAATT-1,0
CACCCGCGTTTGACAC-1,8
CACCCGGTTTGTGACT-1,1
CACCCTAACAAGATCT-1,1
CACCCTTGGTGAGACC-1,1
CACCCTTTCCTCGCTC-1,3
CACCGATACACCGAGC-1,2
CACCGATGATGGGTAC-1,8
CACCGCCAGAAGGTTT-1,2
CACCGCCGACCAGCGA-1,2
CACCGCGTCCACTCTA-1,3
CACCGGAGATATCTCC-1,2
CACCGGGCATCACAAG-1,9
CACCGGTAGAGACATT-1,4
CACCGTATCCCATCCG-1,2
CACCGTTAGGGATCAC-1,1
CACCGTTGCGCGATAT-1,1
CACCTAATAGAGTCGT-1,1
CACCTAATCAGTTTAC-1,0
CACCTCGATGGTGGAC-1,0
CACCTTGCGAAACTCG-1,0
CACCTTGGCGCCTTTG-1,3
CACGAAAGTTAGTCCC-1,3
CACGACCACAGACTTT-1,6
CACGACGTAATAGTAA-1,6
CACGACTAAAGTTCTG-1,7
CACGAGCAAACCAGAC-1,4
CACGATTGGTCGTTAA-1,7
CACGCACAGCGCAGCT-1,0
CACGCAGCGAGGCTTT-1,2
CACGCGGAACTGTTGC-1,1
CACGGACGTGGATGGC-1,3
CACGGCGCGCCAAAGG-1,3
CACGGGATTGAGGGTT-1,1
CACGTCAATCAATGGA-1,2
CACGTCGGCAACCTCT-1,3
CACGTCGGGTTCTAGA-1,3
CACGTCTATGATGTGG-1,6
CACGTTCGTGCTCTAG-1,6
CACGTTTCGTACACAC-1,2
CACTAAAGTTGCCTAT-1,2
CACTACGGGAGCTGCC-1,2
CACTACTCAGTTCTGT-1,7
CACTCAAGAGCTATGG-1,3
CACTCAGCTCTTGAGG-1,3
CACTCCTATGTAAGAT-1,1
CACTCCTCTCGGTCGG-1,6
CACTCGAGCTGAACAA-1,3
CACTCGGTTAGGAGGA-1,2
CACTCTCAAGCATCGA-1,4
CACTCTTCTGCTAGCC-1,2
CACTGACGATTGTGGA-1,9
CACTGTCCAAGTGAGA-1,1
CACTTAATCAGACGGA-1,2
CACTTCGCCACAGGCT-1,1
CACTTCGTCTTATCTC-1,1
CAGAACTTAGCCCTCT-1,2
CAGAATAACACACGGA-1,2
CAGAATATTCGTTATC-1,0
CAGACACCGATCGCTG-1,1
CAGACCTGTAAGTGTT-1,0
CAGACGAACCTGATAC-1,3
CAGAGACGGTCACCCA-1,1
CAGAGCATGAGCTTGC-1,0
CAGAGCGATGGATGCT-1,8
CAGAGGCGATGCATGA-1,1
CAGAGTGATTTAACGT-1,7
CAGATAATGGGCGGGT-1,1
CAGATACTAACATAGT-1,1
CAGATATGAAGATGAC-1,3
CAGATCATTTAAAGTC-1,1
CAGATCCTGGTTTGAA-1,1
CAGATGTTTGTCCCAA-1,1
CAGCAGCCCGTTCCTT-1,0
CAGCAGTCCAGACTAT-1,2
CAGCAGTCTGTGCTGC-1,3
CAGCCCTCACAGGCAG-1,6
CAGCCGGGCCCTCTAT-1,3
CAGCCTCCTGCAGAGG-1,0
CAGCCTCGATAGCGGT-1,4
CAGCCTCTCCTCAAGA-1,2
CAGCGATTCCCTTCAA-1,1
CAGCGCCAACACGATA-1,1
CAGCTCACTGAGACAT-1,6
CAGCTCGACAAGTTAA-1,0
CAGCTCGTGCTTGTGT-1,1
CAGCTCTGGGCTCACT-1,4
CAGCTGGCGTAACCGT-1,1
CAGCTTAGTAGGTAGC-1,1
CAGGAAGACTTTATAT-1,3
CAGGACAGCTGCCCTT-1,0
CAGGATATATCGTTGT-1,6
CAGGATCCGCCCGACC-1,7
CAGGCAGTCTTACCAG-1,1
CAGGCCAGTACCACCT-1,2
CAGGCCGTTTGGGTGT-1,2
CAGGCGCACGGTGGTC-1,1
CAGGCGCCATGCTAGG-1,2
CAGGGAGATAGGCCAG-1,8
CAGGGCTAACGAAACC-1,2
CAGGTTTAGTACTACA-1,1
CAGTAACTATTTATTG-1,3
CAGTAAGGGACGTCTC-1,3
CAGTAATCCCTCCCAG-1,1
CAGTACATTCTCTAAA-1,1
CAGTACCAGTTTACGT-1,1
CAGTAGATGATGTCCG-1,2
CAGTAGCCCACGCGGT-1,0
CAGTAGCGAGGTAGTA-1,7
CAGTCCAACGCCTTCT-1,2
CAGTCGAGGATGCAAT-1,0
CAGTCGGCCTAGATAT-1,3
CAGTCTCTCGGCTAAT-1,7
CAGTCTGTATACTGGG-1,6
CAGTGAATAAATGACT-1,0
CAGTGGTTGCACATGA-1,3
CAGTGTCCGCAGAATG-1,1
CAGTGTCGGCTGGCCC-1,1
CAGTGTTAATCTCTCA-1,9
CAGTTCAAATTGACAC-1,1
CAGTTCCGCGGGTCGA-1,3
CAGTTCGAGGACCCGA-1,2
CATAACGGACAGTCGT-1,1
CATAAGAAGCTTGGCT-1,1
CATAAGCTCTCCGTCT-1,2
CATAATGAGCGGGCGA-1,7
CATACAAAGCCGAACC-1,1
CATACACAAAGTCAGC-1,3
CATACACGGTTCCCAC-1,3
CATACCCGTACCCAGT-1,3
CATACGAACTAGCTGG-1,9
CATACGGCGTCTGGGC-1,1
CATACGGGTGCATGAT-1,7
CATACTATGTAATTGT-1,6
CATACTTAGGCAATAC-1,2
CATACTTCTTTCTCCG-1,9
CATAGAGGAGATACTA-1,4
CATAGCCGCCCGGGAT-1,2
CATAGCGTTGCCCACC-1,1
CATAGGGACACTTGTG-1,8
CATAGTACATTGAGAG-1,6
CATAGTAGCATAGTAG-1,1
CATAGTCAAATACATA-1,1
CATAGTCCACAAGAAC-1,1
CATAGTGGGCACGCCT-1,9
CATATACTACTGATAA-1,3
CATATAGGTACAGTCA-1,2
CATATGTCAGGCTACG-1,1
CATATTATTTGCCCTA-1,7
CATCAAACTGGCGCCC-1,1
CATCAACACCTACTAA-1,2
CATCATCTACCCGGAC-1,6
CATCATTACCCTGAGG-1,1
CATCCAATATAGTTTG-1,3
CATCCCGAGATTCATA-1,4
CATCCGCAGGCCCGAA-1,1
CATCCTCTCAAAGATC-1,2
CATCGAATGGATCTCT-1,7
CATCGCCCGCGGCCAA-1,1
CATCGGACGGGTTAAT-1,2
CATCGTCCGGTTACTA-1,6
CATCTACCCGAGAACG-1,2
CATCTAGTGAAGGGAA-1,2
CATCTATCCCGTGTCT-1,3
CATCTGCAGGATCATT-1,2
CATCTTACACCACCTC-1,1
CATGAACCGACATTTG-1,3
CATGAACCTCTTATCA-1,7
CATGACTTCGCTGAAT-1,1
CATGAGATGCACTCTC-1,1
CATGAGTCCATCACGG-1,9
CATGATACGGTGAAAC-1,9
CATGATCGCTTTGAGA-1,4
CATGATGCACAATTCT-1,0
CATGATGGAAGTTAGC-1,1
CATGCACATGAGAGGC-1,9
CATGCACGTGTTACTG-1,6
CATGCATGGAGACCCT-1,7
CATGCCAACTCGCAAA-1,2
CATGCGACCAGTTTAA-1,0
CATGCGTTAGACAGAA-1,3
CATGCGTTGAGAGGAG-1,9
CATGCTGGCTCCAATT-1,3
CATGGAAATGGGACCA-1,6
CATGGATTGTCTTCCG-1,9
CATGGCAGGAAGATCG-1,1
CATGGCTCCCTATGTC-1,6
CATGGGTATGCCTTAT-1,1
CATGGGTCGGGTGTGG-1,0
CATGGTAAGTAGCGTT-1,1
CATGGTATTAGTTTGT-1,1
CATGGTCTAGATACCG-1,0
CATGGTTTATTAATCA-1,4
CATGTAAGAGACATTT-1,2
CATGTAGGAGCGCCAA-1,3
CATGTCTCATTTATGG-1,1
CATGTGGGCTCATCAC-1,8
CATTACATAGATTGTG-1,3
CATTACGCAGGAAGGG-1,4
CATTACGTCGGCCCGT-1,2
CATTATAACAGGGTCC-1,6
CATTATCCCATTAACG-1,2
CATTATGCTTGTTGTG-1,1
CATTCACTGACAGCTA-1,3
CATTCAGGTCAGTGCG-1,7
CATTCCCATTCCGTCG-1,0
CATTCCCTAAGTACAA-1,3
CATTCGTCGTAGCGGT-1,1
CATTGATGAACACGCC-1,1
CATTGCAAAGCATAAT-1,7
CATTGCGAAATGGGCG-1,2
CATTGCGGGTCAATTC-1,3
CATTGTGTGCTAGATC-1,1
CATTTAGCGGACCATG-1,0
CATTTATCGTTCAAGA-1,7
CATTTCTAGCAGACTA-1,1
CATTTGAGTGGTACGT-1,1
CCAAACAGAACCCTCG-1,1
CCAAAGCAGTTGGTTG-1,3
CCAAAGTCCCGCTAAC-1,7
CCAAATAACAAGATTC-1,2
CCAAATCAAAGGGCAA-1,9
CCAACCTTATGTAACT-1,4
CCAACGATGCACTGAT-1,2
CCAACGCTTGCCAGGG-1,6
CCAACTTGATAGATCC-1,6
CCAAGAAAGTGGGCGA-1,1
CCAAGACTTCTGCGAA-1,3
CCAAGCGTAACTCGTA-1,0
CCAAGCTTGATCTCCT-1,7
CCAAGGAACAGAGAGG-1,1
CCAAGGTTGCCCTTTC-1,4
CCAAGTTTCTACAGAT-1,2
CCAATAGATTTCATCT-1,3
CCAATAGTGCCGTCGA-1,3
CCAATCGGTAGATCGA-1,2
CCAATGTCACAGCAAG-1,2
CCAATTACGGGTCGAG-1,0
CCAATTGAATGTTAAT-1,1
CCACAATGTACGTCTT-1,0
CCACACTGAGATATTA-1,2
CCACAGCTGAAATCAT-1,7
CCACAGTACCCATCCT-1,1
CCACATACTGCACCCA-1,6
CCACATGGCTCTTTAT-1,1
CCACCAACTTTACTGT-1,1
CCACCCAAGGAAAGTG-1,3
CCACCTGTATGGAATA-1,3
CCACGAATTTAACCTC-1,1
CCACGAGAAGAGAATC-1,6
CCACGGAGCCATAAGA-1,1
CCACGGCAGGTGTAGG-1,4
CCACGGTGCCCGGTAG-1,1
CCACGTAAATTAGACT-1,0
CCACTAAACTGAATCG-1,7
CCACTATCCGGGTCAC-1,0
CCACTCAGATCCGCAA-1,4
CCACTGGTGGCTGGTT-1,2
CCACTGTTTGGATTAA-1,3
CCACTTTCCTTCTAGG-1,5
CCAGAAACTGATGCGA-1,4
CCAGAAAGCAACTCAT-1,1
CCAGAGACAAAGCCGG-1,6
CCAGATAGTTGAGTGA-1,0
CCAGATGTAAATGGGT-1,1
CCAGCCTGGACCAATA-1,3
CCAGCGGGATCACCAG-1,0
CCAGCTACGCCTCATA-1,7
CCAGCTCGAACGCATT-1,1
CCAGCTGATGGTACTT-1,3
CCAGCTTCCGCCCGCA-1,1
CCAGGCTGGCGTCTGA-1,1
CCAGGGACGTGGCCTC-1,1
CCAGTAGTCTGATCCA-1,0
CCAGTCAAATCTCTTA-1,3
CCAGTCCATTATTCGA-1,6
CCAGTCTAGACGGCGC-1,0
CCAGTCTTGTCATAGA-1,2
CCAGTGAGCTCCTTGT-1,2
CCAGTGTACAGACCGA-1,4
CCAGTTCGGTAACTCA-1,9
CCATAAACAACCCGAC-1,2
CCATAACCTGTGCAGT-1,1
CCATACCTTTACTTGT-1,0
CCATACTCGCCTCTCC-1,3
CCATAGAGGCTGCCAG-1,1
CCATAGGTTGGCGTGG-1,3
CCATAGTCAGTAACCC-1,1
CCATATGGAAACTATA-1,2
CCATATTGGATCATGA-1,3
CCATCATAAGAACAGG-1,0
CCATCCATACCAAGTC-1,1
CCATCGCAGTTAAACT-1,1
CCATCTCACCAGTGAA-1,1
CCATCTTGTTCACAAT-1,7
CCATGCCCTAGATTTC-1,0
CCATGCCTGTTTAGTA-1,2
CCATGCTCTGCAGGAA-1,3
CCATGGCAAACGCTCA-1,9
CCATGGCCCTTGTACC-1,3
CCATGTTCATCTATAT-1,2
CCATTAGCGATAATCC-1,2
CCATTCCCTGCCCACA-1,2
CCATTGTTTCCTCCAT-1,0
CCATTTCTACCTATTA-1,2
CCCAAACATGCTGCTC-1,0
CCCAACATACGTCGCG-1,1
CCCAACCACACTAACA-1,2
CCCAAGAATGCACGGT-1,2
CCCAAGACAGAGTATG-1,7
CCCAAGTCATTACACT-1,1
CCCAATGAGATTTGCA-1,1
CCCAATTTCACAACTT-1,3
CCCACTCCACGGTATC-1,1
CCCAGAGGAGGGCGTA-1,1
CCCAGATTCCCGTGAC-1,9
CCCAGGAAGAATTCGA-1,4
CCCAGGTCTGAAGGCT-1,6
CCCAGTAAACTTGGGA-1,1
CCCAGTTAAGGCGCCG-1,1
CCCATATAGGTCGATT-1,2
CCCATTATTGTATCCT-1,8
CCCGAAGTTTCGCGAA-1,2
CCCGACCATAGTCCGC-1,0
CCCGAGTTTCTCCGTA-1,1
CCCGATAGCCTCGCCT-1,0
CCCGCAAATAATCATC-1,5
CCCGCAGCGCGAACTA-1,2
CCCGCAGGGCCCAAAG-1,3
CCCGCCATGCTCCCGT-1,1
CCCGCGCAATGCACCC-1,1
CCCGCTAGAGGGTTAA-1,6
CCCGCTTGCCCTCGTC-1,7
CCCGGCACGTGTCAGG-1,8
CCCGGCTAGGTGAGAA-1,7
CCCGGGTCGTTCAGGG-1,4
CCCGGTGGAAGAACCT-1,3
CCCGGTGTATCGGAAT-1,1
CCCGTAAGTCTAGGCC-1,2
CCCGTAGCTGGGAAGA-1,1
CCCGTCAGCGTCTGAC-1,1
CCCGTGACAGTGCCTT-1,5
CCCGTGAGGGCGGTGA-1,2
CCCGTGGGTTAATTGA-1,7
CCCGTTTCGCAGATGT-1,2
CCCTACCCACACCCAG-1,9
CCCTACTTGAACAATG-1,4
CCCTAGCTCTAAGGTC-1,5
CCCTAGGCAACAAGAG-1,1
CCCTAGTGTCAGGTGT-1,6
CCCTATGTAGAGCAGA-1,1
CCCTCAAGCTCTTAGT-1,1
CCCTCAGATCGAGAAC-1,4
CCCTCATCACAGAGTA-1,5
CCCTCATTCTGGAATT-1,1
CCCTCCTCGCTCGTAT-1,3
CCCTCGATAATACACA-1,4
CCCTCGGGAGCCTTGT-1,2
CCCTGAAATGAGTTGA-1,2
CCCTGACTAACAAATT-1,6
CCCTGATGTAACTCGT-1,1
CCCTGCCCAATCCGCT-1,2
CCCTGCGCTACGCATA-1,3
CCCTGGCTGTTCCTTC-1,1
CCCTGGGAGGGATCCT-1,4
CCCTGGTATGGGCGGC-1,7
CCCTGTTGGCAAAGAC-1,3
CCCTTCTCGTACGCGA-1,7
CCCTTTAATGGAGTTC-1,3
CCCTTTGACAGGTCTT-1,3
CCGAAAGTGGTGAGCA-1,1
CCGAACACTGGGCCTC-1,2
CCGAACCTTCCCGGCC-1,2
CCGAAGCATTGACCAA-1,1
CCGAAGGGCGTACCGC-1,6
CCGAAGTATATTGTTC-1,3
CCGACAAACACATGAG-1,1
CCGACAAAGGGAGTGC-1,2
CCGACAATAGGCCGCC-1,6
CCGACGGGCATGAGGT-1,1
CCGACGTAAACACAAC-1,6
CCGACTCGCATAGTCT-1,7
CCGAGAAGTCGCATAA-1,1
CCGAGCTGTGCTTGTC-1,3
CCGAGGGATGTTAGGC-1,6
CCGATATGACGTAAGG-1,3
CCGATCTCAACCTTAT-1,1
CCGATCTTAAGAGGCT-1,7
CCGATTCGAGGGACCC-1,2
CCGATTGGTCAATGAA-1,6
CCGCACAAAGACCAAC-1,6
CCGCACACGAACGTGT-1,6
CCGCACGTGACCTCGG-1,2
CCGCACTTGCAATGAC-1,4
CCGCATGTGGTACGAT-1,2
CCGCCACCACAATCCA-1,2
CCGCCGGAACTTCTCG-1,1
CCGCCGGTCAACACAC-1,1
CCGCCGTTGAGGATAA-1,3
CCGCCTGCGAATTGGT-1,2
CCGCCTTGCGATGTCG-1,3
CCGCGATTTGGTAGGT-1,2
CCGCGCAAGATACCCA-1,3
CCGCGGAATGCGTCAC-1,1
CCGCGGGTACGAAGAA-1,1
CCGCGTAGGTAAGGGC-1,3
CCGCTATCAGCACCAG-1,2
CCGCTCCAGGGCGATC-1,9
CCGCTCTTCCGAACTA-1,3
CCGCTGGTGCCATTCA-1,7
CCGCTTACCTCACTCT-1,1
CCGCTTCGCGGTTAAC-1,7
CCGCTTGCTGACATGG-1,3
CCGGAAGTGCAATATG-1,8
CCGGAAGTTATCAGTC-1,0
CCGGAATGGTTTCAGT-1,1
CCGGAGCGTACTTTCT-1,3
CCGGAGGTCTTATGGT-1,3
CCGGCACGACCGTTTC-1,3
CCGGCCGCGAGCATAT-1,3
CCGGCGCATATTGGAT-1,1
CCGGCGTGAGACTCTG-1,3
CCGGGACCCGCAGAGA-1,1
CCGGGCGGTCTCGTCA-1,0
CCGGGCTAAGAATTTC-1,2
CCGGGCTGCTCCATAC-1,3
CCGGGTTCGAGGTTAC-1,2
CCGGTAATGGCTAGTC-1,3
CCGGTATCTGGCGACT-1,5
CCGGTGCGAGTGATAG-1,2
CCGGTTTGTAATTGTG-1,1
CCGTAAGTTGGTCCCA-1,0
CCGTACCCAAGCGCCA-1,2
CCGTAGGAAATCCCTG-1,1
CCGTAGGGTTGTTTAC-1,2
CCGTATCTCGTCGTAG-1,1
CCGTATTAGCGCAGTT-1,3
CCGTCAACCTCTGGCG-1,4
CCGTGAGGCATTCATG-1,0
CCGTGCCCATGACGGC-1,2
CCGTGGAACGATCCAA-1,2
CCGTGTTAAATTCCAT-1,3
CCGTTACGTTAGAACA-1,0
CCGTTCCGAATCTCGG-1,2
CCGTTTCCTTTCCGTG-1,9
CCTAAACAGGGTCCGT-1,7
CCTAAAGGCTGACGCT-1,2
CCTAAATTAACGGTTC-1,6
CCTAAATTGTATCCTA-1,6
CCTAACCCAAACAAGT-1,1
CCTAACTAAGGCTCTA-1,0
CCTAAGTGTCTAACCG-1,7
CCTACAAGTCCGGAAT-1,6
CCTACAGTTGAGGGAG-1,5
CCTACATTCACAGACG-1,1
CCTACGCGACCTTACA-1,6
CCTACGGCTCAGTCGA-1,1
CCTACTCAACACGATT-1,2
CCTACTGCGGCGGCCA-1,1
CCTACTGCTTACACTT-1,1
CCTAGGCGTAGCGATC-1,3
CCTAGGTAAAGGTAGC-1,3
CCTAGTTAGTCGCATG-1,3
CCTATAATGAGTGCCC-1,2
CCTATACCGTCCTGTC-1,3
CCTATATCGTGTCACG-1,3
CCTATATTTGTCCTGG-1,2
CCTATCTATATCGGAA-1,6
CCTATGAAGTGGTGCC-1,3
CCTATGGCTCCTAGTG-1,3
CCTATGGGTTACCGTC-1,0
CCTATGGTCAAAGCTG-1,4
CCTATGTCCACTCCAC-1,1
CCTATTATTCCGGCCG-1,1
CCTCAACGATCGCTGT-1,1
CCTCACCAATCTTGAC-1,1
CCTCACCTGAGGGAGC-1,0
CCTCACCTTAGCATCG-1,0
CCTCACGTCAGCTAAT-1,3
CCTCATGCAGCTACGA-1,2
CCTCCCGACAATCCCT-1,6
CCTCCGACAATTCAAG-1,3
CCTCCTAGCTAGAGTC-1,1
CCTCCTGAGCCCACAT-1,2
CCTCCTGTTGTGTCGT-1,1
CCTCGAAGTGGACGGG-1,6
CCTCGACCCACTGCCT-1,7
CCTCGCCAGCAAATTA-1,0
CCTCGCGCGATATAGG-1,0
CCTCGCGCTGTGCGAT-1,1
CCTCGGACCGGGATAG-1,1
CCTCGGATGCTACCTG-1,1
CCTCGGTTTCCTTGCC-1,4
CCTCGTTACGCCTGTT-1,6
CCTCTAATCTGCCAAG-1,0
CCTCTACAAGGATTGG-1,9
CCTCTATCGATTAGCA-1,1
CCTCTCTCCCATCTAG-1,3
CCTCTGGCCTAGACGG-1,6
CCTCTGTACTATTCTA-1,1
CCTGAACGATATATTC-1,3
CCTGAATATTTACATA-1,0
CCTGACAAACTCGCGC-1,3
CCTGACCACCGATGGT-1,6
CCTGACGCAACCTTTA-1,7
CCTGAGAATAAATGCA-1,4
CCTGATTCGCGAAGAA-1,9
CCTGCCCGTTGTCTAG-1,1
CCTGCGATAGAACTGT-1,7
CCTGCGTTCTACGCTT-1,2
CCTGCTACAACCATAC-1,5
CCTGCTATTTGAGAAG-1,1
CCTGGAAACGTTCTGC-1,3
CCTGGCTAGACCCGCC-1,3
CCTGGTCGAATGTGGG-1,1
CCTGTAAGACATGATA-1,6
CCTGTACTCACGCCCA-1,6
CCTGTCACCCGGGCTC-1,0
CCTGTCCCTCACGTTA-1,2
CCTGTCGCCCGTAAAT-1,3
CCTGTCGTGTATGAAG-1,8
CCTGTGAAACCGTAAC-1,1
CCTGTGCATAGGAGAC-1,7
CCTGTGCGGATTGTAA-1,6
CCTGTTCAACCTCGGG-1,4
CCTGTTTGAAGACACG-1,3
CCTTAAGTACGCAATT-1,8
CCTTCAGTTAAAGTGA-1,1
CCTTCCGCAACGCTGC-1,9
CCTTCGTATAGAATCC-1,9
CCTTCTCAGCGTTCCT-1,2
CCTTCTTGATCCAGTG-1,0
CCTTGACCACTTTATT-1,2
CCTTGTGAACGTGGTT-1,4
CCTTTAAGGGAGCACT-1,3
CCTTTCAATGAAGAAA-1,0
CCTTTGAATTATGGCT-1,1
CGAAACATAGATGGCA-1,3
CGAAACGCAATTCATG-1,3
CGAACAGTATGGGCGT-1,3
CGAACATAGTCAGAAA-1,3
CGAACCCGCATGCGTC-1,3
CGAACCTCTTTCCTAG-1,2
CGAACGCCCAGTGCCG-1,6
CGAACGGCCGGACAAC-1,1
CGAAGACGGTGAGTGC-1,3
CGAAGACTGCCCGGGA-1,7
CGAAGATCAGTTTCAT-1,4
CGAAGCTATAAATTCA-1,1
CGAAGGGTTTCAGATT-1,1
CGAAGTTGCTCTGTGT-1,3
CGAATCTGCTCGACGC-1,1
CGAATGAAGTCATTGC-1,3
CGAATGACGCATAATG-1,3
CGAATGGTAGGTCGTC-1,4
CGAATTACATGGTGTT-1,0
CGAATTCCCGGTTCAA-1,9
CGACAATTTGATCTAA-1,1
CGACACCGCTTAAGGA-1,3
CGACACGCTCCGACAG-1,1
CGACACGGATGCCCAC-1,2
CGACAGTTCGCGTTAT-1,2
CGACATGCGATCTTCT-1,6
CGACCCTTAACGCCGG-1,1
CGACCGTTGGTATTCG-1,4
CGACCTACTAGACAAT-1,2
CGACGCATCCGTACCT-1,1
CGACTCAGGATGTTAT-1,0
CGACTCGGTACACGGT-1,7
CGACTTTGTATAGCCT-1,0
CGAGACCCTAGAGTGT-1,2
CGAGACTACTGCTGCT-1,4
CGAGAGATGTGAACCT-1,0
CGAGAGCGCGTAGATA-1,2
CGAGAGCTTTCACTAC-1,1
CGAGAGGGTAGCCGCG-1,0
CGAGATGTTGCCTATA-1,7
CGAGATTTCGCTCGGG-1,1
CGAGCACTTCAAGTTT-1,2
CGAGCCGAGCACTCGA-1,7
CGAGCGTTGATCAGCC-1,3
CGAGCTGGGCTTTAGG-1,6
CGAGGAGCTTCCATAT-1,3
CGAGGATCGGGAACGA-1,6
CGAGGCCAGGCATTGG-1,3
CGAGGCTAAATATGGC-1,0
CGAGGGACTGCGGTCG-1,6
CGAGGGTATCCAGGTG-1,1
CGAGTACTAAAGAGGA-1,1
CGAGTGAAGGTACCAG-1,1
CGAGTGCTATAGTTCG-1,7
CGAGTTCTGTCCCACC-1,0
CGAGTTTATCGGACTG-1,1
CGATAACCAATTTGAG-1,6
CGATAATACTCAGGTT-1,3
CGATACCTCGCGGACA-1,2
CGATAGCGATACAGTG-1,1
CGATAGTCGTACTGCA-1,1
CGATATTAGCCGCAGG-1,7
CGATCATTAGAGGCAC-1,3
CGATCCACCATTGTTG-1,4
CGATCCGACCCAGTGC-1,3
CGATCCTCGCAACATA-1,4
CGATCGAGAAGCACCA-1,4
CGATCTGTTGGAGGAC-1,1
CGATGGACCCTACGCC-1,0
CGATGTTGTTATCTAC-1,1
CGATTAAATATCTCCT-1,2
CGATTCGCCTGGCTGC-1,3
CGATTTGTCATTAATG-1,4
CGCAAACACGAGTTAC-1,4
CGCAATCGATCATTAG-1,6
CGCAATTACTTTCGGT-1,1
CGCAATTAGGGTAATA-1,1
CGCAATTCTACAATAA-1,3
CGCACATGTCCACTAC-1,1
CGCACGTCTGTTTATG-1,2
CGCACGTGCGCTATCA-1,1
CGCAGAAACATTTGCG-1,6
CGCAGATCTTCACCCG-1,1
CGCAGGCGATCCAAAC-1,3
CGCAGTTCTATCTTTC-1,8
CGCATCATGGCTTCAG-1,3
CGCATCCATCAGCCAG-1,6
CGCATGCCGAATGCGT-1,4
CGCATGGTGCGATGCT-1,1
CGCATTAGCTAATAGG-1,3
CGCCAAGAAGCCGAGT-1,6
CGCCAATTATTGCGTT-1,7
CGCCACAGGTCGCGAT-1,1
CGCCACCCGCATTAAC-1,3
CGCCATCCGATTATGA-1,0
CGCCCAGCACGCCTAG-1,3
CGCCCAGCGTTTCACG-1,4
CGCCCGCTTCCGTACA-1,6
CGCCCTAATTGTTCAA-1,1
CGCCCTTACATCCACC-1,6
CGCCCTTGAAGGCTGA-1,2
CGCCGACTATTCGCTA-1,1
CGCCGCCCATGCCTGT-1,3
CGCCGCGTTCTGAACG-1,9
CGCCGGTGTCGCAGTA-1,7
CGCCGTCTACCCATCG-1,0
CGCCGTTCAGCATAGT-1,2
CGCCTCCCTCCTCTAT-1,3
CGCCTGGCCTACGTAA-1,3
CGCCTTTAGCATGCTC-1,3
CGCGAAGTGGCATACT-1,1
CGCGACACTGCGCAGC-1,2
CGCGACCGCGACAGAT-1,3
CGCGAGAGGGACTTGT-1,3
CGCGAGTCTGCCGGGT-1,3
CGCGCAAATGTCCAGA-1,1
CGCGCAAGGAACTACA-1,7
CGCGCATGTTTGATTG-1,3
CGCGCCCGACTTAATA-1,0
CGCGGCAGTATTACGG-1,2
CGCGGCTCAACTTGAA-1,1
CGCGGGAATTAGGCAG-1,0
CGCGGGAATTCCTTTC-1,4
CGCGGTAAGTCTAGCT-1,0
CGCGGTACGGTATACA-1,2
CGCGGTCACAAACCAA-1,3
CGCGTACATTCTGGAA-1,6
CGCGTCATATTAAACC-1,6
CGCGTGCTATCAACGA-1,7
CGCGTGGGCCTGTGTT-1,0
CGCGTTCATGAAATAC-1,1
CGCTACCGCCCTATGA-1,7
CGCTACGGGACATTTA-1,2
CGCTAGAGACCGCTGC-1,1
CGCTATACCGCCCACT-1,1
CGCTATTCAATGTATG-1,1
CGCTATTCTTAGGCTC-1,1
CGCTCGACATAATGAT-1,3
CGCTCTCCGTAGATTA-1,3
CGCTGAGGACGTCCAA-1,7
CGCTGGTGACTACCCT-1,2
CGCTGTGACGCCGCAC-1,1
CGCTGTGTGGATGTTG-1,1
CGCTTAGTATTGATAC-1,9
CGCTTATTCCCGGTCG-1,1
CGCTTCCACTGAAATC-1,1
CGCTTCGGTCTAAGAC-1,4
CGCTTGGACGGATAGA-1,2
CGCTTTCATACCGGTG-1,1
CGCTTTCCGCCAAGGT-1,4
CGCTTTCTTGCATTCG-1,0
CGGAAAGAATCAAACG-1,1
CGGAAAGCAAATGTGC-1,1
CGGAAATTTCACATCC-1,7
CGGAACGTAAACATAG-1,3
CGGACCTCTGTAGTTA-1,4
CGGACCTTTACGTCCC-1,9
CGGACGTTACTTGAAG-1,2
CGGAGCAATTTAATCG-1,1
CGGAGCATGGCGATCC-1,1
CGGAGCTTATAACACC-1,2
CGGAGTCCTAACCTGG-1,6
CGGAGTTTGAGAGACA-1,2
CGGATAAGCGGACATG-1,3
CGGATCCTCAAGGACT-1,1
CGGATGAATGCTGTGA-1,9
CGGATTCTGCCTTATG-1,5
CGGCAAACATCGTGCG-1,3
CGGCAATAAGATCGCC-1,2
CGGCACCGTTAGCGCC-1,3
CGGCACTCAAGAAAGT-1,2
CGGCAGGGTCGGGTTG-1,0
CGGCCACGCACAAAGT-1,2
CGGCCAGAGCGACCAT-1,2
CGGCCCAACCTGTAGT-1,0
CGGCCCAGGTATATCC-1,1
CGGCGCCATCAATCCC-1,3
CGGCTCTAAAGCTGCA-1,1
CGGCTCTTCGTCGAAC-1,3
CGGCTGCAAGATTAAG-1,7
CGGCTTTGTATGATAA-1,6
CGGGAACGCCCTGCAT-1,8
CGGGAAGTACCGTGGC-1,9
CGGGAATATAGTATAC-1,1
CGGGAATTTATGTAAA-1,2
CGGGAGCTTCAGTGTA-1,1
CGGGAGTATACCGCCG-1,3
CGGGATCAATGTAAGA-1,1
CGGGCAGCTAAACCGC-1,6
CGGGCCATAGCCGCAC-1,1
CGGGCCTTCTTTGTAA-1,2
CGGGCGATGGATCACG-1,9
CGGGCTACTTAAATTG-1,6
CGGGTGTACCCATTTA-1,0
CGGGTTCGGCACGTAT-1,6
CGGGTTGTAGCTTTGG-1,7
CGGGTTTGTTAGGGCT-1,2
CGGTAACAAGATACAT-1,7
CGGTACGGCAAACCCA-1,1
CGGTACTAGAATCAAA-1,1
CGGTAGAGGTGCAGGT-1,0
CGGTATAGGTATTAGC-1,6
CGGTATGGGCACTCTG-1,4
CGGTCAAGTGGGAACC-1,0
CGGTCAGTCCATATTT-1,1
CGGTCCATGAGACTCC-1,3
CGGTCCGTCGCAAGCC-1,2
CGGTCTATCAACCCGT-1,6
CGGTGAAGACTAAAGT-1,2
CGGTGCAGATAGAACG-1,1
CGGTGCGCGTTGGTCC-1,2
CGGTGGGCTCCAGCCT-1,2
CGGTGTACTTGATCCC-1,1
CGGTTATCCAACAGTG-1,0
CGGTTCAAGTAGGTGT-1,0
CGGTTCCGGCTTCTTG-1,2
CGGTTGACCTGGCATA-1,6
CGGTTGAGTATCCTTC-1,2
CGGTTGGGCAGGGTCC-1,4
CGGTTGGGTTCAAGTT-1,6
CGGTTTACTGAACATT-1,1
CGGTTTATGAAGGAAC-1,6
CGTAAACGCTTGAGTG-1,3
CGTAAAGCAAGAAATC-1,4
CGTAAATAACAAAGGG-1,4
CGTAACTTCGACACTT-1,2
CGTAATAATTACGAGT-1,2
CGTAATATGGCCCTTG-1,5
CGTACCGAAAGTCTAG-1,3
CGTACCTGATAGGCCT-1,0
CGTAGAGAGTAATTAT-1,4
CGTAGCGAATTGTCAG-1,6
CGTAGCGCCGACGTTG-1,6
CGTATCTAGAACTAAG-1,2
CGTATTAAGAGATCTA-1,6
CGTATTGTTTCCTAAT-1,1
CGTCAAATGGTCGCAG-1,1
CGTCAAGGCTATAAAT-1,3
CGTCAATCTTTAACAT-1,3
CGTCACGTCCATTGGT-1,3
CGTCAGCTATTTACTC-1,1
CGTCAGTGCGCACAAG-1,2
CGTCAGTTTATCGTCT-1,2
CGTCATACCATATCCA-1,1
CGTCCAGATGGCTCCA-1,3
CGTCCTCATCGCGTGC-1,8
CGTCGCATGTGAGCCA-1,4
CGTCGCGGCGGGATTT-1,2
CGTCGCTTGGTTATAC-1,9
CGTCGGATAGTGTTGA-1,2
CGTCGGGTCTAAGCGC-1,1
CGTCGTCCTTCGCGAA-1,1
CGTCTGGAAGGGCCCG-1,1
CGTCTTGAGTGTGACG-1,0
CGTGAAGTTAATTCAC-1,3
CGTGACATTGGGTCGT-1,6
CGTGACCAGTCCTCTG-1,3
CGTGCACACCACTGTA-1,4
CGTGCAGACTGGGACA-1,6
CGTGCATTGTCGACGC-1,3
CGTGCCCGACATTTGT-1,2
CGTGCCCTCCCGAAGA-1,1
CGTGCTGGCCTAGTCG-1,7
CGTGCTTCTACCTAAA-1,3
CGTGGAAGCCTCGTAC-1,2
CGTGGCCGAATATCTA-1,3
CGTGGTACCCAAAGGC-1,2
CGTGTATGGGAGCTGA-1,1
CGTGTCCCATTCGCGA-1,2
CGTGTCTCGTTACGAC-1,3
CGTGTGTTAAACCCTG-1,0
CGTTAAACTAGTTAGG-1,1
CGTTAAATACGACCAG-1,8
CGTTAATGTCCCGACG-1,1
CGTTAGCTCACAACTG-1,3
CGTTATCATACTTCCA-1,2
CGTTCAAGGAAACGGA-1,4
CGTTCAGACCCGCGAA-1,3
CGTTCATGGTGCGCGT-1,1
CGTTCTTCGCACACCT-1,3
CGTTGAATACCGCGCT-1,1
CGTTGAGCGACCGTCG-1,3
CGTTGAGTAATTGCGT-1,6
CGTTGCCCGCGTGGGA-1,4
CGTTGTAAACGTCAGG-1,2
CGTTGTAAGATTGATT-1,6
CGTTGTCGGCAATTGA-1,3
CGTTGTTTCAATTCCC-1,3
CGTTTAAGCGGAGCAC-1,1
CGTTTACAAGGCAGCT-1,3
CGTTTCACTTCGGGCG-1,6
CGTTTCGCTCATTACA-1,6
CGTTTCGGTTATATGC-1,8
CGTTTGGTGTTGTGGG-1,1
CGTTTGTGTAGAGGGT-1,1
CTAAACGGGTGTAATC-1,7
CTAAAGAATGCCTACT-1,2
CTAAAGGATGAGATAC-1,5
CTAAAGGGAAATAGGA-1,6
CTAAAGTCCGAAGCTA-1,7
CTAAATCCGGTGTACA-1,3
CTAAATCCTATTCCGG-1,0
CTAACAGCACAATAAC-1,1
CTAACCGCGCGCCCGT-1,3
CTAACGAAACTTGCTG-1,0
CTAACTGATAATCGCC-1,2
CTAACTGGTCCGGTTC-1,3
CTAAGGGAATGATTGG-1,2
CTAAGTACAGGGCTAC-1,6
CTAATGCGCCCAACAA-1,7
CTAATTATGAAGCGTA-1,1
CTAATTCGCACGCGCT-1,2
CTAATTCTCAGATATT-1,0
CTAATTTCAACAACAC-1,1
CTACAAGAAATAACCC-1,3
CTACACTAGCTTGTTC-1,7
CTACACTCGCAGATGG-1,2
CTACATATCGCGGGAC-1,4
CTACCCTAAGGTCATA-1,0
CTACGAACTAGGTCGA-1,7
CTACGACTAGCTATAA-1,2
CTACGATCCTATCCTA-1,4
CTACGCACGGAGTACC-1,2
CTACGCCATTTCCGAT-1,7
CTACGTGTTGCCACCA-1,2
CTACTATCATAGGTTT-1,1
CTACTATCTTTCAGAG-1,0
CTACTCAAGGTATAGT-1,2
CTACTCTAGGCCCGGC-1,1
CTACTGCCACCTGACC-1,0
CTAGACATATATGTAG-1,7
CTAGACTGCATTTCGT-1,6
CTAGATAAACTCCTCG-1,7
CTAGATGTGAGTGTAA-1,0
CTAGATTTACGACGGC-1,6
CTAGCAACTAATTTAC-1,7
CTAGCATAGTATAATG-1,6
CTAGCCACAGGCGAGC-1,3
CTAGCCCGGGAGACGA-1,5
CTAGCCGATGTTATGA-1,6
CTAGCTTAATGGTCCC-1,6
CTAGGCGCCCTATCAG-1,1
CTAGGCGGCAGAGAAT-1,7
CTAGGGATAGGGACAA-1,9
CTAGGTCTGAAGGAAT-1,1
CTAGGTTCGGACGTGA-1,3
CTAGTAGAAAGGGATT-1,1
CTAGTATTCGGAATTA-1,2
CTAGTCACGTCTTAAG-1,2
CTAGTGAAGGACAGGA-1,3
CTAGTTACAACCCGGT-1,3
CTAGTTGGGCCCGGTA-1,0
CTATAAGAGCCAATCG-1,0
CTATACTTAAAGCGAG-1,3
CTATAGGCGTTGATGT-1,1
CTATATCCAGCCTGGC-1,4
CTATCACAACGCTGGA-1,4
CTATCGACGAAATACA-1,2
CTATCGCGTAGAGAAC-1,3
CTATCGGGTCTCAACA-1,2
CTATGAACACCTTGCC-1,4
CTATGCCCGAATGCAA-1,1
CTATGGGAAGCGGAAT-1,2
CTATGTCACTAGCCCA-1,0
CTATGTCTATTGAAAC-1,2
CTATGTGAGTCACGGC-1,3
CTATTCATGTGTCCCA-1,1
CTATTGTGTTTGGTCA-1,6
CTATTTGCTTGGAGGA-1,4
CTATTTGGTTACGGAT-1,6
CTCAAACCACTGCCCG-1,4
CTCAACTAACCCGGAT-1,1
CTCAAGACATTAGCGC-1,3
CTCACACGCAAGCCTA-1,3
CTCACATTTACTAAAT-1,3
CTCACCAGTACAAGTG-1,3
CTCACCGATCCAAACT-1,3
CTCACTGTGATACTTA-1,2
CTCACTTGGCTGGTAA-1,6
CTCAGAGCTAATGTCG-1,9
CTCAGATTGTGATAAG-1,2
CTCAGCAGACTGCCGA-1,0
CTCAGGACTCACCTGT-1,1
CTCAGTCACGACAAAT-1,0
CTCATAAATGTGTATA-1,8
CTCATCACTTAGTGAT-1,2
CTCATGGCTCACAATC-1,6
CTCATGGTAATTTGCG-1,1
CTCATTAACGTTGCCC-1,2
CTCATTCGTGAACATC-1,2
CTCATTGCTCTAACAA-1,1
CTCATTTGATGGGCGG-1,3
CTCCCAATGAGTCGCG-1,6
CTCCCTCCTTTCGATC-1,1
CTCCGCCCACATGAGG-1,3
CTCCGGCCTAATATGC-1,1
CTCCGGCTTGTAGACA-1,1
CTCCTAAGTTATGTCT-1,2
CTCCTAGTAATCGTGA-1,9
CTCCTCCAGCTCACAC-1,1
CTCCTGTTCAAGGCAG-1,2
CTCCTTTACGCAAGTC-1,1
CTCGAATGGAACGTAT-1,6
CTCGAGACATACGATA-1,1
CTCGAGATCCAAAGCA-1,6
CTCGAGGCAAGTTTCA-1,4
CTCGAGGTCGAACAGT-1,0
CTCGATATTTGCGAGC-1,0
CTCGCACCTATATAGT-1,0
CTCGCATTGCATAGCC-1,3
CTCGCCGAATGTAGGG-1,3
CTCGCTAGGTAAGCGA-1,4
CTCGGGATAACACCTA-1,0
CTCGGGCATCGTCGGG-1,7
CTCGGGTTCTCTGGCC-1,3
CTCGGTACCACTGCTC-1,1
CTCGGTCCGTAGCCTG-1,1
CTCGGTTGTCGGCCCT-1,1
CTCGTCGAGGGCTCAT-1,1
CTCGTCTGTGCCTTCG-1,4
CTCGTGGCACTGAAAG-1,4
CTCGTTACGGCTACCA-1,4
CTCGTTTCTAATGTTT-1,2
CTCTAACACCGGCAGC-1,9
CTCTAATGCATTGATC-1,3
CTCTACACTGGCGATT-1,2
CTCTACATCCTGCGTG-1,9
CTCTAGCCCTCGGAAA-1,1
CTCTATTTGGCTGCAG-1,3
CTCTCACAATCGATGA-1,6
CTCTCGATGTGCGCCT-1,6
CTCTCGCTGTACTATG-1,2
CTCTCTAACTGCCTAG-1,1
CTCTGCAGGCATTCTT-1,9
CTCTGCGAAGCAAGCA-1,2
CTCTGGACGCCTGGTG-1,6
CTCTGTCCATGCACCA-1,8
CTCTGTGCCTGCTATG-1,7
CTCTGTTTGAGGATTC-1,6
CTCTTCTATTGACTGG-1,3
CTCTTCTGGAAGTTAG-1,3
CTCTTGTCCCGCTTGG-1,1
CTGAAACGGCCCTCAG-1,6
CTGAAAGAGATCCGAC-1,0
CTGAATCCGAGACCTC-1,3
CTGAATTTATTGCCAG-1,1
CTGACATAGAAATAGA-1,6
CTGACTGCGCAGCTCG-1,0
CTGAGAAAGTTCGGCG-1,6
CTGAGAGTAGAAATAC-1,2
CTGAGCAAGTAACAAG-1,1
CTGAGCGAGACTTATT-1,0
CTGATAGTGTATCTCA-1,2
CTGATCCCTTTATGCA-1,4
CTGCAAATGGGCTCCA-1,7
CTGCAAGCACGTTCCG-1,2
CTGCACAACTACATAT-1,2
CTGCACCTAGTCCACA-1,0
CTGCACCTGGAACCGC-1,1
CTGCACTCCAGTACAG-1,3
CTGCAGAGAATCAGAG-1,3
CTGCAGGGTGACGCTC-1,8
CTGCAGGTGCTCGGCC-1,7
CTGCCAAGGTTGGAAG-1,0
CTGCCATGCATCACAT-1,1
CTGCCCACGAAGCGTT-1,1
CTGCCTAGCCACCAAG-1,7
CTGCCTCATATGCAAC-1,0
CTGCCTTTAATACCTT-1,9
CTGCCTTTCTAGTAAA-1,1
CTGCGACCTCGCCGAA-1,9
CTGCGATTTCGAGATT-1,9
CTGCGGGTGAAATGTT-1,1
CTGCGGTAGTCACGTG-1,2
CTGCGTTACGATATAA-1,6
CTGCTCTCAACACACC-1,9
CTGCTCTGACGGCAAA-1,4
CTGCTGAGGCCACGAA-1,3
CTGCTGTCTAACGAGC-1,6
CTGCTTGGCGATAGCT-1,3
CTGCTTTATGTCCGCG-1,1
CTGGAAATGGATGCTT-1,1
CTGGAAGACACGGTGG-1,1
CTGGACGCAGTCCGGC-1,1
CTGGATTTACACTTGA-1,3
CTGGCATCCGAATGAG-1,1
CTGGCGACATAAGTCC-1,6
CTGGCGATTTACATGT-1,8
CTGGCGCACAGGTCTG-1,3
CTGGCGGGAATAAGTA-1,3
CTGGCTCCTGCGGGAT-1,7
CTGGCTGATTCATCCT-1,1
CTGGCTGCTAACGTAA-1,7
CTGGCTGGTTGTCAGT-1,1
CTGGGATAAATAATGG-1,1
CTGGGATACGCTACCC-1,0
CTGGGATCGCCCAGAT-1,6
CTGGGCACTAGTCGGA-1,6
CTGGGCCTGCTATATC-1,1
CTGGGCGGCCAAATGT-1,7
CTGGGCTACTGGAGAG-1,8
CTGGGCTATCCTTTGG-1,6
CTGGGTAGGCAGTTAA-1,1
CTGGGTTGAGTTAAAG-1,3
CTGGTAAAGACTTACA-1,4
CTGGTAAAGTGTGGGC-1,2
CTGGTAACACATAGAA-1,1
CTGGTAACGAGCTCTT-1,0
CTGGTCATTCCAATCC-1,6
CTGGTCCTAACTTGGC-1,2
CTGGTGAATGGGCCTA-1,4
CTGGTTCAACGCATCA-1,7
CTGGTTCGCGAGCTAC-1,0
CTGGTTTCGAGCAAGA-1,1
CTGTACTTCTTAGCAT-1,2
CTGTAGCCATCTCACT-1,3
CTGTAGTGAGGATCGA-1,9
CTGTATGGTGTAGAAA-1,1
CTGTCAAATGGCTCGG-1,0
CTGTCACGCCAGGCGC-1,6
CTGTCTGTGGCTGGCT-1,7
CTGTGCAGGGTAGGTC-1,6
CTGTGGTCGGGAGATA-1,2
CTGTTACCCAATCTAG-1,3
CTGTTCACTGCCTGTG-1,1
CTGTTCATCTCACGGG-1,1
CTGTTGGCTCTTCTGA-1,1
CTGTTGTTCAGTCGTA-1,4
CTTAAATAAGACCCAT-1,3
CTTAACTTACAGTATA-1,4
CTTAACTTCGAAGTAC-1,6
CTTAAGCAGCGAGCCG-1,1
CTTAATCGACTTAGTA-1,4
CTTACACGGTATTCCA-1,3
CTTACACTGGGAAATA-1,1
CTTACATAGATTTCTT-1,4
CTTACTGACTCCTCTG-1,4
CTTAGATGTTTCATCC-1,4
CTTAGCCCGGATAGTG-1,3
CTTAGCCTTCCACATG-1,0
CTTAGGTATAGACCAG-1,1
CTTAGGTCCCAATCGT-1,3
CTTAGTAGGCCTACAG-1,0
CTTAGTGTAGTAGCAT-1,1
CTTAGTTGAGGAATCG-1,4
CTTATAGATGGCTGTT-1,3
CTTATGCGCTCAGGGC-1,3
CTTATGTTGACTACCA-1,3
CTTCAACTCCACTTGG-1,1
CTTCACGCCCTGGTAC-1,2
CTTCAGTGGTCGCCTA-1,1
CTTCAGTTGGACAACG-1,9
CTTCATAGCTCAAGAA-1,1
CTTCATCACCAGGGCT-1,5
CTTCATTGTCAGTGGA-1,1
CTTCCGCTCCGTGAAG-1,3
CTTCCTGCATATTTAC-1,6
CTTCGATTGCGCAAGC-1,4
CTTCGGCCAATTGTTT-1,3
CTTCGTAGATAGGTGA-1,3
CTTCGTGCCCGCATCG-1,7
CTTCTATGTTGAAGTA-1,1
CTTCTATTAATGCTAG-1,1
CTTCTGGGCGTACCTA-1,1
CTTCTTACGTCGTATA-1,1
CTTGACCCGAAAGATA-1,6
CTTGAGGTTATCCCGA-1,2
CTTGAGTTAGGGTAAT-1,1
CTTGATGACCATCCAG-1,4
CTTGCAACCGCCTCCT-1,3
CTTGCCCACCCACGCA-1,4
CTTGCCCAGGCTCTAC-1,2
CTTGGCCAAGCTGGGA-1,2
CTTGTACTTGTTGACT-1,1
CTTGTCAACATTCGAG-1,2
CTTGTCGTACGTGTCA-1,7
CTTGTGAGGACAGCGG-1,7
CTTGTGAGTCTTTGAC-1,7
CTTGTGCTCACCGATT-1,0
CTTGTTGCTGAGTCAA-1,3
CTTGTTTATGTAGCCA-1,1
CTTTAACTTTCAAAGG-1,0
CTTTAATATTGGTCGA-1,6
CTTTACCGAATAGTAG-1,1
CTTTAGGAACACTGTT-1,1
CTTTAGTGCTATTATT-1,6
CTTTATCCGACGCATG-1,5
CTTTCTGTGCGGGCTT-1,3
CTTTGAAACATATTCC-1,6
CTTTGACGTCGCTTCT-1,2
CTTTGCATCGCTCTTG-1,1
CTTTGCTGTCATGGAT-1,6
CTTTGGCAGACAGAGT-1,2
CTTTGGCGCTTTATAC-1,2
CTTTGGCTTTAGTAAA-1,2
CTTTGGGATTGTTGCA-1,1
CTTTGTCGAATGCTCC-1,1
GAAACAGATGACCACC-1,1
GAAACAGCCATGCAGT-1,3
GAAACATAGGAAACAG-1,1
GAAACCATGGTGCGCT-1,6
GAAACCGAATTACCTT-1,2
GAAACCTATACAAATG-1,3
GAAACTCGTGCGATGC-1,3
GAAACTCTAATGAAGG-1,2
GAAAGAACAGCGTTAT-1,1
GAAAGCAGTGCACTTT-1,1
GAAAGCCCTTTGGACC-1,2
GAAAGTGACTAACTGC-1,2
GAAATACCTGCTGGCT-1,7
GAAATACTAAACGTTT-1,1
GAAATATCACCATCAG-1,3
GAAATATGCTTGAATG-1,3
GAAATCGCGCGCAACT-1,0
GAAATCTGACCAAGTT-1,3
GAAATGGCGGTGTTAG-1,1
GAAATGGGATGTAAAC-1,1
GAAATTAGCACGGATA-1,2
GAAATTCACATCGCTG-1,3
GAAATTGTCTCTATAA-1,2
GAACAACTGGGATGAA-1,4
GAACACACATCAACCA-1,1
GAACAGATTACTAAAT-1,3
GAACATTAGTATGTTA-1,3
GAACCATCTGGGAGAC-1,7
GAACCCTCTGTGTTCT-1,3
GAACCTCGACCTACAC-1,2
GAACCTTTAACGATCC-1,1
GAACGACCGAATGATA-1,2
GAACGATAAGTTAAAG-1,3
GAACGCGGGTCACACG-1,1
GAACGGTGTAAAGCAG-1,6
GAACGTCTCATGGTCG-1,0
GAACGTTAGGAAGACG-1,2
GAACGTTTGTATCCAC-1,5
GAACTGTGGAGAGACA-1,4
GAACTTAGCGCCCGGT-1,6
GAACTTGTGCACGGGA-1,1
GAAGAAACGATATTGT-1,2
GAAGAACGGTGCAGGT-1,1
GAAGACTTCAATGCCG-1,6
GAAGCAAGGCAATGTT-1,7
GAAGCCACTGATTATG-1,3
GAAGCCGGGTAAGCTC-1,2
GAAGCCTGCACATTCC-1,3
GAAGCGTGAGGAATTT-1,2
GAAGCTCGGACCCGTC-1,3
GAAGCTCTTTGCTTAG-1,2
GAAGCTTGCTGACCGC-1,2
GAAGGACTAAATTGAA-1,2
GAAGGAGTCGAGTGCG-1,1
GAAGGCTACCATTGTT-1,1
GAAGGGCATAACCATG-1,7
GAAGGGTCATTAAGAC-1,4
GAAGTCAGTTGCACTA-1,1
GAAGTCTCCCTAGCGA-1,3
GAAGTGATTTATCGTG-1,2
GAAGTGCTGGATAGCT-1,1
GAAGTTTCCACTCAAT-1,6
GAATAGACGCGACCCA-1,1
GAATAGCATTTAGGGT-1,3
GAATAGCCCTGCGGTC-1,3
GAATAGTGCTCGATTA-1,3
GAATATTCGGAGTCCC-1,7
GAATCGACATGGTCAC-1,1
GAATCGCCGGACACGG-1,1
GAATCTATACTCGGAC-1,7
GAATCTGAACATTCTC-1,2
GAATGAAGGTCTTCAG-1,3
GAATGCCGAAATGACC-1,2
GAATGCGAATCGGTTC-1,2
GAATGGGCTTATCGAC-1,2
GAATGTATGGCAGGTC-1,6
GAATGTGGTCCGGATT-1,1
GAATGTTGGGTAATCT-1,0
GAATTATAGTGAAAGG-1,6
GAATTCACCCGGGTGT-1,3
GAATTTCTCGCTGCAG-1,1
GACAAACATATGCAGG-1,3
GACAACGACCATTGAA-1,6
GACAACGCAGCTTACG-1,1
GACAAGACGCCCGTGC-1,4
GACAAGAGATGAGATT-1,2
GACACAAGGGAAGAAA-1,0
GACACAGCCGGGACTG-1,8
GACACCCAAAGACGCG-1,9
GACACGAGTTAGAGGA-1,3
GACACTGAGTTCAGTG-1,3
GACACTGGAACCCGAT-1,6
GACACTTCCAATTACC-1,4
GACAGAGGTCTTCAGT-1,5
GACAGATTTCTGGCTC-1,3
GACAGCCAGACCTGAC-1,1
GACAGGCACACACTAT-1,6
GACAGGTAATCCGTGT-1,8
GACATACTGTCGCAGA-1,2
GACATCCGTCGAACTG-1,3
GACATCGATTTATAAC-1,1
GACATTTCGCCCAGCC-1,9
GACCAAACGTTGACTG-1,2
GACCACACTTCCCTTT-1,4
GACCAGAGCCCTGTAG-1,3
GACCAGGTCATTCATA-1,7
GACCCAATTATGATAC-1,1
GACCCGTCGCCGGCTA-1,6
GACCGACCGCTAATAT-1,6
GACCGACGTGAAAGCA-1,3
GACCGACTGAAGCGTC-1,2
GACCGATTAAATATGT-1,4
GACCGCGTCTGACGTG-1,2
GACCGTCAGGTCGTGA-1,7
GACCGTGCTGACGGTG-1,2
GACCGTTACATGCGAC-1,1
GACCTGGTCTGGGCGT-1,7
GACCTTCCACGTCTAC-1,2
GACGACGATCCGCGTT-1,2
GACGACTTTCCAAGAA-1,6
GACGAGGCTAATAAAC-1,0
GACGATATCACTGGGT-1,4
GACGCATACCCGTCGG-1,3
GACGCCGTAAAGGCTA-1,1
GACGCCTGTTGCAGGG-1,2
GACGCTTGCTTCTAAA-1,2
GACGGACCGCGTTCCT-1,6
GACGGGATGTCTTATG-1,7
GACGGGCATCGAATTT-1,8
GACGGGTTGGCCCGTA-1,3
GACGGTCAATAGAAGC-1,0
GACGGTCCTAGGGTGT-1,2
GACGTGAGACTCCATG-1,2
GACGTGTAGGGATTAT-1,3
GACGTTCGTAAATACA-1,3
GACGTTGCTCGGCGGC-1,4
GACTAACACAGCACCT-1,7
GACTAAGATCATGCAC-1,1
GACTAAGTAGGCTCAC-1,1
GACTACAAAGCGGTGG-1,1
GACTACAATTGCTCGT-1,7
GACTAGGCCGTTAGGT-1,4
GACTCACCCACGTGAG-1,1
GACTCCCAGAATAAGG-1,6
GACTCCTTCCAATTGA-1,1
GACTCGCGGGAATGAC-1,0
GACTCGGTCGGCGGAT-1,7
GACTCTAGAGTTCCAA-1,4
GACTGATTGGTCACAA-1,6
GACTGCAAATCGAGCT-1,1
GACTGCACCAGCCCAG-1,1
GACTGCGGCACGTGTA-1,3
GACTGCTGGTGAGAAA-1,4
GACTGGGCGCCGCAAC-1,6
GACTTCAACGCATCAA-1,9
GACTTTCGAGCGGTTC-1,5
GAGAAACTGGATCCCA-1,2
GAGAACGGTTCTGACT-1,1
GAGAATCTCACGATCA-1,1
GAGACCCTGCAACGCC-1,2
GAGACTGATGGGTAGA-1,3
GAGACTTCGCGACCGA-1,1
GAGAGCGCAGTCCCTG-1,3
GAGAGGCCTATGTGTA-1,3
GAGAGGGCGCGAGGTT-1,2
GAGAGGTGCATTCTGG-1,1
GAGAGTCTCGGGAGAG-1,4
GAGATCGATCTTACTC-1,1
GAGATCTGCTTGGCAT-1,3
GAGATCTGTCACTCCG-1,0
GAGATCTTCCATGACA-1,1
GAGATGACAATCCTTA-1,1
GAGATGGCTTTAATCA-1,2
GAGATGGGAGTCGACA-1,2
GAGCACCTGTGTCCAG-1,1
GAGCACGGCGCCTCTT-1,0
GAGCATCAACAACTTG-1,9
GAGCATCATCCCTGGG-1,3
GAGCCACGGTAGTAGG-1,2
GAGCCAGCTACCTGTG-1,2
GAGCCGAGCGTTTATT-1,3
GAGCGAGGGAGTACCG-1,1
GAGCGCAAATACTCCG-1,3
GAGCGCGCACGAGTAG-1,1
GAGCGCTATGTCAGGC-1,7
GAGCGCTGTTAGGTAA-1,1
GAGCGGAATGCGGTGT-1,2
GAGCTAAGGGCATATC-1,0
GAGCTCAACATGAGCG-1,4
GAGCTCTCGGACCTAA-1,1
GAGCTGTCGTCTCGGA-1,3
GAGGAATATCTCTTTG-1,2
GAGGAATGGAGAGGTT-1,3
GAGGAGATCCTCATGC-1,7
GAGGAGTAATTCCTAC-1,7
GAGGATAAACAGTGCT-1,3
GAGGCATTTGCAGCAG-1,1
GAGGCCCGACTCCGCA-1,1
GAGGCCTGTTGATACA-1,1
GAGGCTATCAAAGTCG-1,3
GAGGGAGTCAGATCGC-1,4
GAGGGCATCGCGTATC-1,2
GAGGGCCATAATATTA-1,1
GAGGGCCGGCAGAGTC-1,6
GAGGGCGCAGCTCTGC-1,0
GAGGGTAGTAACAAAG-1,9
GAGGTACATCCATCTT-1,6
GAGGTACGCGTGTCCC-1,4
GAGGTCCCAAAGATCT-1,1
GAGGTCCGTTCGCTGT-1,9
GAGGTCTTAGTGGGTC-1,6
GAGTAAACCGGAAAGT-1,6
GAGTAAATTAAGAACC-1,2
GAGTAAGGCCACGGGA-1,1
GAGTACGGGTATACAA-1,1
GAGTAGATACTAGTTG-1,1
GAGTATACCCTAATCA-1,4
GAGTATCAAAGTTACA-1,1
GAGTATGCCCGCCTTG-1,3
GAGTATGCGCGTGCAT-1,3
GAGTCAGACCAGAATC-1,3
GAGTCCACCAGGTTTA-1,5
GAGTCCGCTTACCGGA-1,3
GAGTCGACAGACCCTC-1,3
GAGTCTTGTAAAGGAC-1,1
GAGTGCACGGACAACA-1,3
GAGTGTCAACCAGAAA-1,1
GAGTGTGCGGTACCCA-1,1
GAGTTCTGTGGGTGCT-1,1
GAGTTGATGGCAATTT-1,1
GAGTTGTCACCAGTCT-1,4
GATAAATCGGTGGATG-1,1
GATAACTCGCACTGTG-1,1
GATAAGGCAGATGCAA-1,6
GATAAGGGACGATTAG-1,7
GATACCGTGTCGGAGT-1,0
GATACGATGGGAGTCA-1,1
GATAGAACCCGCTAGG-1,2
GATAGATAGTACAGTC-1,8
GATAGCGTACCACGCG-1,7
GATAGGATTAATTACA-1,0
GATAGGTAACGTTGAC-1,3
GATAGGTGTCCCGGGC-1,0
GATAGTGCGAGTAAGT-1,4
GATATCAAGCAGGAGC-1,3
GATATCAGTATGTATC-1,2
GATATCTCATGCAATA-1,3
GATATGAGACACTAAC-1,3
GATATGCGGTAGCCAA-1,0
GATATGGATTACGCGG-1,1
GATATTGAGATTGGCG-1,3
GATATTTCCTACATGG-1,6
GATCAACATAAAGGGA-1,2
GATCATTCCAAACATT-1,3
GATCCCTTTATACTGC-1,6
GATCCGAATATAAGTG-1,0
GATCCGGGAATTAACA-1,6
GATCCTAAATCGGGAC-1,0
GATCCTCGACACTGGC-1,1
GATCCTCTTGCGCTTA-1,7
GATCGACACTATCTGA-1,1
GATCGCGGGCTCTCCA-1,2
GATCGCTACCCGATTT-1,3
GATCGCTATATCTCAG-1,1
GATCGCTGTGGTGCGT-1,2
GATCGGATAGAACCAT-1,6
GATCGGCGATAAGTCG-1,3
GATCGGTGGCCATAAC-1,0
GATCGTGACTGATATC-1,2
GATCTAACCGTATTCA-1,1
GATCTCGACGCTGTGG-1,6
GATCTGCTATCTAAGG-1,3
GATCTTCATTGTCCTC-1,1
GATCTTGGAGGGCATA-1,6
GATCTTTGCAGGGTAT-1,2
GATCTTTGCTCAAAGA-1,1
GATGACAAGTAGGGCA-1,3
GATGACGATGATCGCG-1,1
GATGAGGAACCTTCGG-1,4
GATGATTTGAAACTGG-1,7
GATGCCACACTACAGC-1,7
GATGCCAGCAGAAGGC-1,6
GATGCCTTCTGCGGCA-1,1
GATGCGAATGGTATTA-1,3
GATGCGTCCTGCATTC-1,3
GATGCTACAAGCGCCT-1,1
GATGCTACCTTCGATG-1,2
GATGCTGTATTTCATC-1,3
GATGGCGCACACATTA-1,1
GATGGTGAAATAACCC-1,6
GATGGTGCCCTAGGCA-1,7
GATGTAACGAACCACC-1,1
GATGTCCGGATCACAT-1,7
GATGTCGGTCAACTGC-1,3
GATGTGTTGTCACAAG-1,7
GATGTTCAATCCACGA-1,3
GATGTTTGTGCGAGAT-1,1
GATTAACCGAAAGCCC-1,2
GATTAATCCTGGCTCA-1,7
GATTACTGAATTTGGG-1,2
GATTAGAAACAAGCGT-1,9
GATTATCTTGCATTAT-1,8
GATTCCCTTGTCGCAG-1,0
GATTCCGCGTTTCCGT-1,6
GATTCCTATACGGCGC-1,2
GATTCGACGGTTCACG-1,2
GATTCTGTTAATGAGT-1,4
GATTGACACTCTGCTC-1,6
GATTGCTCCAGTTGCA-1,9
GATTGGGAAAGGTTGT-1,4
GATTTAGTGCGTACTG-1,3
GATTTGCGCTAACACC-1,4
GCAAACCCTACATTAT-1,3
GCAAACCTTGGCCATA-1,2
GCAAACGTAAGCGACC-1,4
GCAAACGTCGCCAGGT-1,3
GCAAAGGGCGTTAGCC-1,4
GCAAATATTACGCTTT-1,2
GCAAATGAGGACACTT-1,2
GCAACACACTAGAACT-1,1
GCAACAGCAGTATGCG-1,1
GCAACCACCAGACCGG-1,2
GCAACCACGGCCGCGT-1,1
GCAACCCAAGTTGTTT-1,1
GCAACGGCTAGTTATG-1,3
GCAAGAATTCCTTGGC-1,1
GCAAGATGTGTTCGCG-1,2
GCAAGCTGGAAACCGC-1,1
GCAAGTGCACAGAGAA-1,1
GCAAGTGTAAAGCATG-1,4
GCAATTAGTCGCACCG-1,0
GCACAAACCCTAGATG-1,4
GCACAAACGAGGCGTG-1,1
GCACAACCTCGGGCGT-1,1
GCACAAGTGGATCATA-1,2
GCACAAGTGTCGGAAG-1,6
GCACACACTGGTAGCC-1,2
GCACACAGCTATTACC-1,9
GCACACGCCCATGGTC-1,1
GCACAGCACGGGCCGA-1,9
GCACCTAGGCGAGTCC-1,8
GCACCTTCCCGAAGGT-1,2
GCACGCCGATTCCCGC-1,4
GCACGCCTACTTAGAT-1,1
GCACGTGGTTTACTTA-1,1
GCACTAGTCGCGCTAT-1,1
GCACTCCCACAGTCCC-1,7
GCACTGCCTACCTTTA-1,1
GCACTGTGCAAATGTA-1,3
GCAGAAACGTAATCCA-1,7
GCAGAAGGTAATCTCC-1,0
GCAGACCCAGCACGTA-1,1
GCAGATCCATAAGACT-1,1
GCAGATCCTCGCAAAT-1,6
GCAGATTAGGGATATC-1,3
GCAGCACACAGCCCAG-1,2
GCAGCCTATATCACAT-1,2
GCAGCGGTGGGCATTA-1,7
GCAGCTATGGACAGGT-1,3
GCAGCTGTCAACGCAT-1,4
GCAGGAACTTAGATCT-1,1
GCAGGACTATAGAATA-1,2
GCAGGTAGAGTATGGT-1,6
GCAGTGCGGGCGGATG-1,1
GCAGTGTGGCTATAGG-1,3
GCAGTTCGATCCGAGC-1,3
GCATAAATTGAACGCC-1,1
GCATACGAGGTCTTTA-1,6
GCATAGAGCACTCAGG-1,1
GCATCCCTAACTTTGA-1,1
GCATCCTCTCCTATTA-1,7
GCATCGGCCGTGTAGG-1,3
GCATGACACAAAGGAA-1,9
GCATGAGGGACGCGGC-1,0
GCATGCTAATAACGAT-1,1
GCATGGGTACTGACGC-1,2
GCATTCAAGGCAACGC-1,0
GCATTCGAAATGAACA-1,3
GCATTGACTTGCGGAA-1,1
GCATTGTAATTCATAT-1,2
GCATTTCCAAGGCTCC-1,2
GCCAACCATTTCCGGA-1,0
GCCAAGAATACTTCTG-1,2
GCCAATAGGGCATCTC-1,0
GCCACAATTTAAGGAC-1,3
GCCACCCATTCCACTT-1,7
GCCACTCAGAGCGCGA-1,3
GCCACTCCTTACGGTA-1,2
GCCAGGAAAGAACACT-1,4
GCCAGGAGTAACCGAT-1,0
GCCAGGCGTTCGCATG-1,7
GCCAGGCTTAGTGGTA-1,7
GCCATATTGCACACAG-1,0
GCCATCGAGCTGCGTG-1,1
GCCATCGATGCTGCAT-1,0
GCCATTAGCCTCAAAC-1,1
GCCCACCAAGGCTGTC-1,2
GCCCACTGGTCCACAA-1,3
GCCCAGATGCTGGAGA-1,0
GCCCAGTTGGTATGCC-1,1
GCCCATGGGTGCAATG-1,6
GCCCGACTTCTTCCCG-1,1
GCCCGAGAGTCTAAAT-1,1
GCCCGATCTGTGGTCG-1,3
GCCCGATGCCCAGTTC-1,8
GCCCGCGCGTAAACGG-1,3
GCCCGCGCGTTTGACA-1,1
GCCCGTAATACCTTCT-1,6
GCCCGTCAAGCCCAAT-1,8
GCCCGTTCACACAATT-1,5
GCCCTAAGTGCAGGAT-1,9
GCCCTAGCCGTCGCGA-1,1
GCCCTGAGGATGGGCT-1,4
GCCGAAATTCCTACGT-1,6
GCCGACCCACGACTGC-1,2
GCCGATTGGCCAAGCT-1,3
GCCGCACTCCGTTTCA-1,2
GCCGCATTAGTCCGGC-1,2
GCCGCTAGATACGCAG-1,6
GCCGCTTGTGAGAAAC-1,2
GCCGGAAACACATCTT-1,7
GCCGGGTTAGGGTCGC-1,3
GCCGGTCGTATCTCTC-1,2
GCCGGTTTGGGCGGAT-1,7
GCCGTCGGTTTCGGGC-1,4
GCCGTGGAAGAAATGT-1,2
GCCTACGTTCTGTGCA-1,4
GCCTAGCGATCTGACC-1,1
GCCTATAGTGTCAGGG-1,0
GCCTATCAGGTAAGAT-1,3
GCCTATGCTGGGCCTT-1,3
GCCTATTCCGATATAG-1,1
GCCTATTTGCTACACA-1,2
GCCTCATCTGGAAATA-1,1
GCCTCCGACAATTCAC-1,3
GCCTCTATACATAGCA-1,3
GCCTGCTACACTGAGA-1,6
GCCTGTCCCGGTGCAT-1,9
GCCTTCAGCCCTACCG-1,1
GCCTTGTATATGCAGT-1,1
GCCTTTGTCAGTGGAC-1,3
GCGAAACGATCGGGAG-1,2
GCGAAACTTAACTGGA-1,1
GCGAAGAATCTGACGG-1,4
GCGAAGCCATACCCGT-1,6
GCGAATGGACTAGCGA-1,4
GCGACATGTAAACATC-1,3
GCGACCCAACCATCTG-1,2
GCGACGATAGTTGTAC-1,3
GCGACGGTAGTCTCCT-1,4
GCGAGAAACGGGAGTT-1,2
GCGAGAGGCCATGTAA-1,3
GCGAGAGTTGCGTCCA-1,0
GCGAGCGCATGCTCCC-1,3
GCGAGGCCCGAGCAGA-1,2
GCGAGGGACTGCTAGA-1,2
GCGAGTTCTGCAAAGA-1,2
GCGATGTCTGTGCTTG-1,2
GCGATTCTGGAAGCAG-1,2
GCGATTGTTAACGTTA-1,6
GCGCAAATATATTCAA-1,1
GCGCAAGAGCGCGCTG-1,1
GCGCATCCAGTCAGCA-1,0
GCGCCGTTCCACGATA-1,3
GCGCCTCCCACTCCGA-1,1
GCGCGATGGGTCAAGT-1,7
GCGCGGTCTAGTAACT-1,4
GCGCGTCATTGGTACA-1,1
GCGCGTTTAAATCGTA-1,6
GCGCTAAGTATGCATG-1,7
GCGCTAATTGAATAGA-1,6
GCGCTATGCCGAGGCA-1,3
GCGCTCGATCACCTGT-1,2
GCGCTGATCCAGACTC-1,0
GCGCTGCTTTGCATTT-1,0
GCGCTGGCGGAAAGTC-1,7
GCGCTTAAATAATTGG-1,1
GCGGACCGCGTTGTGG-1,1
GCGGAGAAACTTCGCA-1,3
GCGGAGAGGGAGAACG-1,1
GCGGATTACTTGTTCT-1,8
GCGGCAAAGTATTGCC-1,1
GCGGCTCTGACGTACC-1,2
GCGGCTTTAGCAAGTT-1,4
GCGGGAACCAGGCCCT-1,1
GCGGGCAGACGGGTGA-1,4
GCGGGCATTACGATGC-1,0
GCGGGCGAGCCTTACC-1,1
GCGGTAACCCAAATGA-1,7
GCGGTCCCGGTGAAGG-1,1
GCGGTCCCTAGACGCA-1,1
GCGGTCTTGCTTTCAC-1,4
GCGGTGAACTGCGCTC-1,0
GCGGTGCGGAGCATCG-1,1
GCGGTTCCCTATCATG-1,3
GCGTAAATGGCCATAA-1,3
GCGTCCAGCTCGTGGC-1,7
GCGTCCCTAAGACATA-1,3
GCGTCGAAATGTCGGT-1,2
GCGTCGCCAGGGTGAT-1,1
GCGTCGTAACATGGTC-1,4
GCGTCTAACCTCCTAA-1,0
GCGTCTCTGCATTGGG-1,2
GCGTGGTACTGGGTTA-1,3
GCGTGTATGTCGTATT-1,6
GCGTTATATTTGGAAC-1,2
GCGTTCGGAGACCGGG-1,1
GCGTTCTGACTAAGCG-1,3
GCTAAACCTGAGGTGA-1,2
GCTAACTGAAGTCTGA-1,1
GCTAAGCCCAGTATGC-1,8
GCTAAGTAAAGGCGAT-1,3
GCTAAGTAGTTTCTCT-1,6
GCTAATACCGAATGCC-1,1
GCTACAATCGAGGATA-1,3
GCTACACTGTCCGAAC-1,7
GCTACAGTACGGACCG-1,6
GCTACGACTTATTGGG-1,6
GCTACTATAGTAGAGT-1,1
GCTAGACCGTCTACTG-1,1
GCTAGAGTAGAGATGT-1,2
GCTAGCAACGCACCTA-1,8
GCTAGCACCTGGGCCA-1,0
GCTAGCAGGGAGTGGG-1,3
GCTAGCGATAGGTCTT-1,9
GCTAGCTTGAATAGCT-1,1
GCTAGGCACCACGGAG-1,2
GCTAGTAGAGCTTGTA-1,1
GCTAGTTTCATTGAGG-1,1
GCTATAAGGGCCAGGA-1,8
GCTATACGTCTCGGAC-1,1
GCTATCATACTCATGG-1,2
GCTATCGCGGCGCAAC-1,1
GCTATGCCAGCTTATG-1,2
GCTCAACCTCTTAGAG-1,1
GCTCAATCCGTTTATT-1,1
GCTCAATGTAATACCG-1,3
GCTCATTACTGCATGT-1,3
GCTCATTGATCATATC-1,4
GCTCCATGAGTGCAGA-1,1
GCTCCATGCAAAGCAA-1,9
GCTCCCAGTCGGTCCA-1,1
GCTCCGCTCGCTTCAG-1,1
GCTCCGGACGTTGATA-1,6
GCTCCTGACATACTGG-1,3
GCTCGCGGTTCCGCTC-1,2
GCTCGCTCATGTCCAA-1,3
GCTCGGAATTTAAAGC-1,0
GCTCTAAACCCTGACG-1,3
GCTCTATGTTACGTGC-1,1
GCTCTCGGGTACCGAA-1,2
GCTCTTTCCGCTAGTG-1,3
GCTGAACTCTCCAGGG-1,0
GCTGAAGGGTTCTTGG-1,0
GCTGAATCTTCCAATC-1,1
GCTGAGCAACGGTTCT-1,1
GCTGAGGCGTGAGTAT-1,1
GCTGCACGGTTTCTTA-1,6
GCTGCGAAGAATTATT-1,9
GCTGCGCCTCCCACGT-1,6
GCTGCTAAGTAGTCGA-1,1
GCTGCTACTGCGTAGC-1,6
GCTGCTCTCCGGACAC-1,6
GCTGGACCCAAAGTGG-1,3
GCTGGCAGGTGCCGTG-1,3
GCTGGCATATTCACCT-1,3
GCTGGCGGCGCATGCT-1,3
GCTGGGAGCGCGTCAA-1,4
GCTGGGTCCGCTGTTA-1,6
GCTGGTGACTCGTAGT-1,3
GCTGGTTTAGGCCATA-1,3
GCTGTATTACTGGCCC-1,1
GCTGTCTGTGATCGAC-1,6
GCTGTTGCTACCGAAC-1,1
GCTTAATGTAACTAAC-1,1
GCTTACGTAGTTAGTA-1,2
GCTTAGGGAAGCGGTA-1,1
GCTTATGAAGCAGGAA-1,2
GCTTCAGTGGGATTAC-1,2
GCTTCCAGCTTAGATT-1,7
GCTTCCATGTAACCGC-1,8
GCTTCCCGTAAGCTCC-1,9
GCTTCCGTCCCTAGAC-1,0
GCTTCGACGTTCAATC-1,9
GCTTGAGTGACCTCTG-1,8
GCTTGATGATAATCAG-1,1
GCTTGCAGCACAATTG-1,3
GCTTGGATCGATTAGG-1,0
GCTTTACACAACTGGG-1,4
GCTTTATTAAGTTACC-1,5
GCTTTCAGAGGAGGTG-1,0
GCTTTCTATCTCAACT-1,6
GGAAACAGAGCTTGGG-1,9
GGAAACCTTGTTGAAT-1,1
GGAAACTAAATGGGCC-1,3
GGAAAGGGAATTGAGC-1,4
GGAAAGTCTTGATTGT-1,9
GGAAAGTGCCCATGCC-1,0
GGAACCCGAACAAGAA-1,6
GGAACCGTGTAAATTG-1,1
GGAACCTTGACTCTGC-1,1
GGAACGGCCTGCAGCC-1,2
GGAACTCGTGAATACG-1,5
GGAACTTTGGCGATTA-1,2
GGAAGATAAGACTGTA-1,1
GGAAGCTCGCTTACAG-1,3
GGAAGGACACCGTATA-1,4
GGAATAACCTCAAGAA-1,6
GGAATGCGCTAGCGTG-1,0
GGACAACCATGAAGCC-1,4
GGACAAGCCATGATCG-1,2
GGACAAGTTGCAGTGA-1,1
GGACACAAGTTTACAC-1,1
GGACACCTCGGTGTTG-1,4
GGACCAACAGGATAAC-1,2
GGACCTACGGTAACGT-1,1
GGACCTCTAGGCCGCC-1,3
GGACGGCTTGCGCAAC-1,6
GGACGGGCGACCAACC-1,4
GGACGTCCATAGTTGG-1,3
GGACTAAGTCAGGAGT-1,1
GGACTCACAAATTAGG-1,6
GGACTCGAAGCTTTCA-1,3
GGACTCGACAGCGCAT-1,2
GGACTCGTGAGTGGTC-1,1
GGACTCTTCCGGTTGA-1,1
GGACTCTTTGACTAAG-1,4
GGAGAAGTCATTGGCA-1,1
GGAGACATTCACGGGC-1,7
GGAGACCAATGTGCTT-1,3
GGAGACCATCTACATA-1,1
GGAGACGACACCTTTG-1,6
GGAGCAACATTTCAAG-1,2
GGAGCACCAAGAACTA-1,0
GGAGCGAGGCCTACTT-1,4
GGAGGAGTGTGTTTAT-1,7
GGAGGATTGAAAGGAG-1,7
GGAGGCCGAAGTCGTC-1,2
GGAGGCGAAGAACCGC-1,6
GGAGGGCTTGGTTGGC-1,0
GGAGGGTCAAGTAAGA-1,2
GGAGTACACATGAGCT-1,3
GGAGTGCCGCCCTGGA-1,1
GGAGTTGATTCTGTGT-1,1
GGATACTCATGAATTG-1,2
GGATCAAAGGACGAGG-1,7
GGATCAGAGCCATCAG-1,3
GGATCATCCCGTACGC-1,3
GGATCCCTACCAGCTA-1,7
GGATCCGGAATATACT-1,6
GGATCTACCGTTCGTC-1,5
GGATCTTACTGCCCTT-1,4
GGATCTTGACTCAACC-1,1
GGATGAAGATCGCTGA-1,1
GGATGACGCGAGTTTA-1,6
GGATGCTGGCGTTCCT-1,2
GGATGGCTTGAAGTAT-1,4
GGATGTCCTTACCGCA-1,2
GGATTAAGCTAAGGTC-1,7
GGATTAATCATGGACC-1,9
GGATTCAGTACGGTGG-1,1
GGATTCCGCTATACCC-1,6
GGATTGAAGTAGCCTC-1,8
GGATTGCTGTGACTCC-1,1
GGATTTCACTTCTATA-1,0
GGCAAAGGCGCCAATA-1,1
GGCAAATTACTTTACT-1,2
GGCAAGCCAGGGATAG-1,1
GGCAAGCCCATAGTGG-1,4
GGCAAGGCGAAATAGC-1,2
GGCAATAGTCAATGAG-1,0
GGCACGCTGCTACAGT-1,8
GGCACTCAGCCGACCC-1,1
GGCACTCCACTGGGCA-1,2
GGCACTGCGGTGGTTT-1,4
GGCAGAGAGATCGGGA-1,1
GGCAGCAAACCTATGC-1,2
GGCAGCGGTAATCCTA-1,2
GGCATACAGGTAGCGG-1,3
GGCATATCGGTTCTGC-1,0
GGCATCAACGAGCACG-1,7
GGCATTCCCTCCCTCG-1,5
GGCATTGAACATCTCA-1,4
GGCCAATTGTATAGAC-1,8
GGCCACAAGCGATGGC-1,7
GGCCACACGAAAGCCT-1,2
GGCCCAATCTAGAGGG-1,2
GGCCCAGCTGGTTTGC-1,9
GGCCCAGTTATCAGCA-1,3
GGCCCGGAGCATGTCT-1,0
GGCCCGTATACCATGC-1,3
GGCCCTCACCCACTTA-1,3
GGCCGAGACTCTGGTG-1,2
GGCCGCAGGAACCGCA-1,4
GGCCGGCGTCTGCTAT-1,1
GGCCGTTTGGGTTTCA-1,3
GGCCTGCTCTGATGTT-1,9
GGCCTGCTTCTCCCGA-1,2
GGCCTTTGCAACTGGC-1,1
GGCGAAATCTAACTTG-1,1
GGCGAACCGTTCTGAT-1,3
GGCGAGCATCGAGGAC-1,7
GGCGAGCGAAACGGCA-1,1
GGCGCACAGTTTACCT-1,5
GGCGCAGGACATCTTC-1,3
GGCGCATGAATTGATG-1,2
GGCGCGGAGATCTTTC-1,1
GGCGCGTTCGAGTTTA-1,3
GGCGCTCCTCATCAAT-1,1
GGCGCTTCATTCCCTG-1,1
GGCGGAGTAATATTAG-1,3
GGCGGGCTCTAAGAGT-1,2
GGCGGTAGGATCATTG-1,0
GGCGGTTTGCCGGTGC-1,3
GGCGTACCCTATATAA-1,7
GGCGTAGGGAAAGCTG-1,1
GGCGTCCTATCCGCTG-1,3
GGCTAAAGGGCGGGTC-1,2
GGCTAATGATTGAAAT-1,3
GGCTACTATACACTCC-1,1
GGCTATTAAGTTGTAT-1,2
GGCTCCTCCACCTGTT-1,3
GGCTCGCGTTGAGGTA-1,0
GGCTCGTGCCACCAGC-1,1
GGCTCTGCTCCAACGC-1,0
GGCTGAAATAGCAAAG-1,2
GGCTGAGCATCGTAAG-1,6
GGCTGGCAATCCCACG-1,8
GGCTGGCAGCTTTATG-1,7
GGCTGGCTAGCTTAAA-1,2
GGCTGTCCTACTGCGG-1,4
GGCTTCTCGTGGGTGG-1,4
GGCTTGGCTCTCACCT-1,2
GGCTTTCAATAAGGGT-1,3
GGGAAAGAATGCCAAC-1,4
GGGAACCACCTGTTTC-1,7
GGGAACGGGAGGTTAG-1,3
GGGAACGGTTTCAGAT-1,9
GGGAAGACGGTCTGTC-1,1
GGGAAGGGCTTTCTCA-1,1
GGGAATGAGCCCTCAC-1,3
GGGAATTCTGTCCAGT-1,3
GGGACAGAGTTACTCC-1,1
GGGACCCGTATATCTT-1,1
GGGACTGCATAGATAG-1,6
GGGAGAACTCACAGTA-1,6
GGGAGCGACCGTAGTG-1,4
GGGAGGATGCCCGAAA-1,2
GGGAGTAATGGCTGGC-1,2
GGGAGTTAATGAGGCG-1,0
GGGATACGGTAATAAT-1,1
GGGATATTGATCGCCA-1,9
GGGATCCCAATACAAA-1,3
GGGATGGACCCGCGTC-1,3
GGGATGGTCGTAACCG-1,3
GGGATTATCTCACAAC-1,7
GGGATTTACCGCACCT-1,1
GGGCAACCGCACGTGC-1,3
GGGCACGAATTGGCCG-1,3
GGGCACGTAGTACTGT-1,4
GGGCACTATTGACCAT-1,1
GGGCAGACGTCACTGC-1,1
GGGCAGAGCAATCGTT-1,3
GGGCAGGATTTCTGTG-1,3
GGGCAGTCAACGCCAA-1,4
GGGCATGCATGTCGAG-1,4
GGGCCATTCGTGCTGG-1,4
GGGCCCGTCTTAAACA-1,2
GGGCCCTACGAAAGGG-1,6
GGGCCCTTATCTATAC-1,1
GGGCCGGCCGAAGTAC-1,3
GGGCCTAAATGGGCTA-1,2
GGGCCTATACAACCGG-1,0
GGGCCTATTTAAGTAT-1,3
GGGCGAATTTCTCCAC-1,1
GGGCGATATGTGTGAA-1,6
GGGCGCAGCGTTACTC-1,0
GGGCGGCAAATGAATT-1,1
GGGCGGGTTCCCTACG-1,1
GGGCGGTCCTATTGTC-1,1
GGGCGTACATTTATAT-1,1
GGGCGTCACCACGTAA-1,3
GGGCGTCCACTGGCTC-1,6
GGGCGTGGTTTCCCAG-1,3
GGGCGTTTACATTCAT-1,9
GGGCTACTATTTCGTG-1,1
GGGCTATGATCGATGG-1,1
GGGCTCATCGAACCCA-1,0
GGGCTGCCTAGGGCGA-1,6
GGGCTGGTTAGTCGCG-1,3
GGGTAATGCTGTGTTT-1,2
GGGTACACTCTGGAGG-1,7
GGGTACCCACGGTCCT-1,1
GGGTACTTCATGAACT-1,2
GGGTATGTATGCACTT-1,2
GGGTATTCTAGCAAAC-1,1
GGGTCACCGTGACGGT-1,6
GGGTCACGTGCTTATG-1,6
GGGTCAGGAGCTAGAT-1,2
GGGTCATGCGTACCAT-1,2
GGGTCCTTGGAAGAAG-1,9
GGGTCGTGGCAAGTGT-1,2
GGGTCTATCGCTTTCC-1,2
GGGTGACACCTTAACT-1,3
GGGTGCATATGAAAGC-1,0
GGGTGGTCCAGCCTGT-1,7
GGGTGTTTCAGCTATG-1,6
GGGTTAACATTTGAGT-1,1
GGGTTCAGACGAACAA-1,3
GGGTTTAGGATAGGAT-1,1
GGGTTTCCGGCTTCCA-1,7
GGTAAACTCTGCGCTG-1,1
GGTAAATGTGCGTTAC-1,3
GGTAACCGGCAAAGGT-1,7
GGTAACCGGGAGGATA-1,1
GGTAACTATGTATCTG-1,3
GGTACAAACATGCTAT-1,2
GGTACACCAGATTTAT-1,3
GGTACATCTGGGACGA-1,2
GGTACCATTAAGACGG-1,0
GGTACGTTGCGGCCGG-1,1
GGTACTAAGTGCTTTG-1,0
GGTAGAAGACCGCCTG-1,2
GGTAGACCGTTGGGCG-1,1
GGTAGGCCAATATCAC-1,4
GGTAGTGCTCGCACCA-1,6
GGTATAGTGACACATA-1,0
GGTATCAAGCATAGAA-1,7
GGTATGAAAGAACTGA-1,1
GGTATTGCCGAGTTTA-1,6
GGTCAAGACTACTTCG-1,2
GGTCACGTTAGATTCA-1,7
GGTCAGTGGGTCCCAC-1,3
GGTCATTGTAGTCATA-1,7
GGTCCACGTCTATTTG-1,4
GGTCCCATAACATAGA-1,6
GGTCCTTCATACGACT-1,6
GGTCGGATAAACGGCG-1,0
GGTCGGCCAGGAGCTT-1,0
GGTCGGTAATTAGACA-1,2
GGTCGGTCGTCCACAG-1,1
GGTCGTAAGCTCGCAC-1,1
GGTCTCCAAGTAGTGC-1,6
GGTCTCCGTCCAGGTT-1,1
GGTCTCTGAATGGACT-1,1
GGTCTGAGAATCTGGA-1,0
GGTCTTGAGCGCTCTT-1,3
GGTCTTGGTGTTAACT-1,7
GGTGAAACCGGGAATG-1,7
GGTGAACGGGCTAGCC-1,3
GGTGAAGTACAGGGAT-1,1
GGTGACTGATAGAGAG-1,3
GGTGAGATGCAGATAA-1,1
GGTGATAAGGAGCAGT-1,6
GGTGATGAAGGAAGTG-1,1
GGTGATTTCATCTTGT-1,3
GGTGCAGAGCCTATCG-1,3
GGTGCATAAATGATTA-1,2
GGTGCGGATAAGTGGC-1,1
GGTGCTGATCACAAAG-1,2
GGTGCTGGTACACATT-1,3
GGTGGACCACGTGTTA-1,6
GGTGGACTGCTCTGGC-1,2
GGTGGAGGTTGATACG-1,6
GGTGGGATTAGGTCCC-1,9
GGTGTAAATCGATTGT-1,4
GGTGTAGGTAAGTAAA-1,2
GGTGTTCTGTTTCTAC-1,2
GGTGTTGGGCGTCTTA-1,6
GGTTACCACCCTCGGG-1,1
GGTTACCCGACACTTT-1,0
GGTTACCGCTCCCTAC-1,9
GGTTAGCTATATGTCT-1,1
GGTTAGGCTTGGAGAA-1,2
GGTTAGTTACGGCGCC-1,2
GGTTCCACCCGCTTCT-1,6
GGTTCCCTAGTGTCTC-1,2
GGTTCCGTACGACTAA-1,5
GGTTCGATGCTGAGTT-1,6
GGTTCGCATTTGCCGT-1,8
GGTTCGGATTATACTA-1,2
GGTTCTACTCGTCTGA-1,1
GGTTGTATCGTGAAAT-1,7
GGTTGTGCTCTTGTCC-1,2
GGTTGTGTAGCCTGGC-1,3
GGTTTAATTACCATCG-1,4
GGTTTAATTGAGCAGG-1,3
GGTTTACAATCTCAAT-1,0
GGTTTAGCCTTTCTTG-1,3
GGTTTCAATCGGTCAG-1,0
GGTTTGACAAGAAGCT-1,3
GGTTTGAGTGCTGGAA-1,1
GGTTTGCGAACACGTA-1,3
GGTTTGTGACCTGAGG-1,2
GTAACAACTGACCTTG-1,1
GTAACAGGTTAACGGC-1,4
GTAACATCAGCTCATC-1,0
GTAACATCTAAGATAA-1,2
GTAACTACGTAGACCT-1,8
GTAACTGCCCAAGGAG-1,9
GTAACTTGCGGCAGTC-1,3
GTAAGCGGGCAGTCAG-1,0
GTAAGGATTTGTCGGA-1,3
GTAAGTAACAGTCTGG-1,3
GTAAGTAGGGTATACC-1,1
GTAAGTCCACACTCTA-1,3
GTAATAAAGGGCTCCC-1,0
GTAATCTGATTCTTCG-1,1
GTACACTTACCTGAAG-1,3
GTACAGAGGCAAGGGT-1,3
GTACGACGGCGCTGCG-1,2
GTACGAGATTGCGACA-1,1
GTACGCTTCATTGCAC-1,3
GTACGTCACGTATTAA-1,3
GTACGTTTGCCCGTCA-1,6
GTACTAAGATTTGGAG-1,1
GTACTACGGCCTCGTT-1,4
GTACTCCCTTATCGCT-1,3
GTACTCCTGGGTATGC-1,0
GTACTGAGGTCGTAAC-1,3
GTACTGCATGAAGCGT-1,3
GTACTGGAGTTAGACC-1,0
GTACTTGGGCACTTCT-1,1
GTAGAAACGGGTGGAG-1,2
GTAGACAACCGATGAA-1,6
GTAGACACGCCTGACT-1,3
GTAGACGTCGTTACAT-1,1
GTAGAGGGAGACAAGT-1,1
GTAGCCAAACATGGGA-1,2
GTAGCGCTGTTGTAGT-1,7
GTAGCGGCTATACACT-1,3
GTAGCTAGTAAGCGCG-1,7
GTAGCTCCGGGAGGCT-1,4
GTAGCTTCCTCTTGTT-1,0
GTAGGTGATCCGTGTA-1,6
GTAGTCGCGGGAATCA-1,3
GTAGTCTACGATATTG-1,1
GTAGTGAGCAACCTCA-1,4
GTAGTTCGAAGGCGAA-1,4
GTAGTTTAAGCACACG-1,4
GTATAATCTCCCGGAT-1,1
GTATAGGACTCAGTAG-1,1
GTATAGTGGCCCATGT-1,6
GTATATGTTACGGCGG-1,7
GTATCAAACGTTAGCT-1,2
GTATCAAGGTACTTCC-1,4
GTATCAGCTTGGGTTC-1,1
GTATCCTTTGGTAACC-1,1
GTATCGGGACGAGCTG-1,2
GTATCTCAGTCTTGAC-1,1
GTATCTCCCTAACTGT-1,7
GTATCTCGGGCGCTTT-1,2
GTATCTTGTTGCTCAC-1,7
GTATCTTTCATAACCA-1,2
GTATGAAATTTCACTC-1,1
GTATGACGTGGGAAAC-1,3
GTATGTGGGTCTAGTT-1,1
GTATTAAGGCGTCTAA-1,1
GTATTAGGGTTCGCGT-1,6
GTATTCTGAGAAACGA-1,3
GTATTCTTACCGTGCT-1,7
GTATTTAATGGCATAA-1,6
GTCAAAGAAGTGGTGT-1,1
GTCAAAGTTTACATAG-1,3
GTCAACCAGGCCTATA-1,1
GTCAAGCGGACTCGGG-1,6
GTCAATGCTATAATTT-1,1
GTCAATTGTACTGAAG-1,7
GTCACAAAGTTTCCAA-1,6
GTCACCTGTCTATGTC-1,6
GTCACTCATGAGCGAT-1,4
GTCACTCTCCAAATCT-1,1
GTCAGAATAGTCTATG-1,2
GTCAGACAGCGTTGGA-1,7
GTCAGTTGTGCTCGTT-1,3
GTCAGTTTGGTAGTCG-1,3
GTCATCTCCTACAGCT-1,6
GTCATGCACCTCCGTT-1,0
GTCATGCGCGAGGGCT-1,3
GTCATGGACATGACTA-1,0
GTCATTAGAGCGAACG-1,3
GTCATTGCATTGACCC-1,2
GTCCAATATTTAGCCT-1,9
GTCCACGTCGCATTCG-1,2
GTCCAGGCACGTGTGC-1,2
GTCCATTACTGCTACG-1,1
GTCCCAACGTAAAGTA-1,0
GTCCCAATCATCCCGC-1,3
GTCCCGCGACGTTATG-1,1
GTCCGAGAGCAATCAT-1,1
GTCCGGACCTGAAATT-1,2
GTCCGGCTGAATTGCG-1,1
GTCCGGGTTCACATTA-1,9
GTCCGTTAGAGGGCCT-1,9
GTCCTACAGGCGGCTC-1,3
GTCCTACGAATAGTCT-1,2
GTCCTACTCTACGGGC-1,1
GTCCTAGGATACCTTA-1,1
GTCCTATTGTTGTGGT-1,2
GTCCTTCTACAACCCA-1,3
GTCCTTCTAGTGGGTT-1,7
GTCCTTTAATGACTTC-1,6
GTCGAATTTGGGCGCT-1,4
GTCGATAGGTGACTTT-1,6
GTCGCCGTTGTGTGTT-1,1
GTCGCGTAACCCGTTG-1,6
GTCGGAAGGATACCAG-1,3
GTCGGATATCTCAGAC-1,3
GTCGGATGTAGCGCGC-1,6
GTCGGGAACATGGTAG-1,3
GTCGGGAAGCAGAAAC-1,2
GTCGGGTGAAGTACCG-1,8
GTCGTACCATCTCGGG-1,2
GTCGTACCTACGATTG-1,3
GTCGTATTGGCGTACA-1,6
GTCGTCAATTATAAGG-1,3
GTCGTCTGGTTGGCTA-1,0
GTCGTGTCTGGTCATC-1,6
GTCGTTATTCGCTTAT-1,1
GTCTACTCAATTACAA-1,6
GTCTAGTGAGCCGCTT-1,1
GTCTATACACGCATGG-1,4
GTCTATCTGAGTTTCT-1,2
GTCTATTGCATGCTCG-1,1
GTCTATTGGTTCCGGT-1,1
GTCTCAAGGCCCGGCT-1,1
GTCTCCCGAGTCCCGT-1,8
GTCTCCGCCTCAATAC-1,9
GTCTCCTGCCAGTATG-1,3
GTCTCGACTAAGTTTG-1,1
GTCTCGATCTGCTTTC-1,0
GTCTCGCCAACACGCC-1,7
GTCTGCCGACTCGACG-1,9
GTCTGGGCGGTCGAGA-1,3
GTCTGTAGGTTGAACA-1,9
GTCTTACCACGCCAAG-1,8
GTCTTAGTACAGCCGG-1,1
GTCTTCCTCACCTAAG-1,1
GTCTTGAGGAGCAGTG-1,2
GTCTTGTAGCTATTCA-1,3
GTGAAACGGCGCCACC-1,0
GTGAAACGTGCTCCAC-1,2
GTGAACTCCCATTCGA-1,0
GTGAAGATTTCAAGTG-1,3
GTGAAGCCGTATAGTC-1,3
GTGAAGTCACGACTCG-1,1
GTGACAGCTTCCCACT-1,2
GTGACCGCACACTACG-1,1
GTGACCTAAAGAATAA-1,6
GTGACGAGGGTGACCC-1,0
GTGACGCAGGTTTCAT-1,2
GTGACTTCAGTAGTGC-1,3
GTGAGATAACCTTATA-1,4
GTGAGCGTGCTGCACT-1,1
GTGAGGACACTTAAGG-1,6
GTGAGGAGCGGTTGAG-1,3
GTGAGTCGACTAATAG-1,8
GTGAGTCTAAGACGGA-1,3
GTGAGTGGTACAACGC-1,1
GTGATCAAGCGTGCAC-1,9
GTGATCACTAACGCCT-1,3
GTGATCATAGATCTGC-1,2
GTGATCCTTGTCATGA-1,1
GTGATGCACAACATCT-1,2
GTGATTCGCCGCTCAA-1,2
GTGCAAATCACCAATA-1,7
GTGCAACAAATGTGGC-1,1
GTGCACCAGCTTCAAC-1,4
GTGCACGAAAGTGACT-1,0
GTGCAGCGTAGAGTAG-1,6
GTGCCATCACACGGTG-1,1
GTGCCCGTTCGGATTC-1,1
GTGCCGCTTCAAAGGT-1,1
GTGCCTAGCTATGCTT-1,6
GTGCCTCAGTGTACGG-1,3
GTGCCTGAGACCAAAC-1,4
GTGCGAAATCGAACAC-1,3
GTGCGACAGGGAGTGT-1,1
GTGCGCAGCTTGCTCC-1,7
GTGCGCTTACAAATGA-1,7
GTGCGGGACCATCGGC-1,7
GTGCGGGTCTCCAAAT-1,1
GTGCGTGTATATGAGC-1,1
GTGCTATCCAGCTGGA-1,4
GTGCTCAAGTACTGTC-1,6
GTGCTGCAGATAAGGA-1,1
GTGCTGTTAGAACATA-1,5
GTGCTTACATCAGCGC-1,3
GTGGAACCTACATGCG-1,0
GTGGACCAACCCGATT-1,1
GTGGACGCATTTGTCC-1,2
GTGGACGTGCTGAGAC-1,1
GTGGAGCATGTCGGCC-1,0
GTGGAGCGTTTACCGA-1,1
GTGGAGTCGGCGGTTG-1,1
GTGGCAAACAGCGGCA-1,1
GTGGCCGGTTTCTCGG-1,4
GTGGCCTAATATCATT-1,1
GTGGCGGGCCGTAGCT-1,6
GTGGCGGTCCCAGCGT-1,2
GTGGCGTGCACCAGAG-1,6
GTGGCTGTTTCTGTTC-1,9
GTGGGAACAAACCGGG-1,4
GTGGGAAGACTGAATC-1,3
GTGGGCTTAGACACAC-1,2
GTGGGTACTGAGCGTA-1,1
GTGGGTCTTCTTTGCG-1,2
GTGGTATAGTCTGCCG-1,1
GTGGTCAGCGAAGTAT-1,2
GTGGTGATGGTTTGTG-1,2
GTGGTGGCCAAGTGAA-1,1
GTGGTTACTTCTTTCG-1,0
GTGGTTTCCGCCTTTC-1,1
GTGTACCTTGGCTACG-1,0
GTGTACGAACCGTTCC-1,2
GTGTATATCAGCGGGC-1,1
GTGTATGACTTTAAAG-1,7
GTGTCAGTGTACGTGG-1,4
GTGTCCGATAAGGCAT-1,6
GTGTCGTATAGCGTTC-1,2
GTGTCGTATTCACCTT-1,3
GTGTGAATAACTTAGG-1,0
GTGTGAGCCGAGGTGC-1,7
GTGTGTCGACGTCGCT-1,3
GTGTTACTATGCGTCC-1,6
GTTAAAGTAGGACTGG-1,1
GTTAACATCACTTAAA-1,3
GTTAACTATGTTGTCA-1,3
GTTAAGGGTGCGATGT-1,3
GTTAAGTTAGAGTGGG-1,6
GTTAATAGCGTCATTA-1,8
GTTAATGTCTATCTTA-1,2
GTTACAATTGGTGACG-1,3
GTTACCAAGGCGTACG-1,8
GTTACCTACAACTTGC-1,2
GTTACGAAATCCACGC-1,7
GTTACGGCCCGACTGC-1,7
GTTACTTTGGGCCTAG-1,2
GTTAGAGTGTGCCGCT-1,7
GTTAGCCCATGACATC-1,4
GTTAGCCGTAAATCAA-1,0
GTTAGGCTACCCGTTT-1,1
GTTATAATACGGTGAA-1,2
GTTATATCAGGAGCCA-1,3
GTTATATTATCTCCCT-1,3
GTTATCAAGCTATCGA-1,4
GTTATCACCTTCTGAA-1,6
GTTATTAAATACGACC-1,7
GTTATTAACGTGGGAG-1,2
GTTCAAATCAGATGTC-1,6
GTTCAATCTATGTCAA-1,7
GTTCACAGGAGTCTAG-1,3
GTTCAGTCGCCAAATG-1,9
GTTCATCGTTTGGCTG-1,6
GTTCCAAGACAGCGAC-1,7
GTTCCAGTCTGACCAT-1,1
GTTCCCGTAAACATAT-1,3
GTTCCGTCCGCCTGCA-1,9
GTTCGACAATTGTATA-1,4
GTTCGCCATAAGTGCC-1,2
GTTCGCTGAGACGTCT-1,2
GTTCGGAGCACTCAAC-1,4
GTTCGGATCGGGAACA-1,3
GTTCGGGCGTACCATT-1,0
GTTCGGTGTGGATTTA-1,7
GTTCGTCTAAAGAACT-1,1
GTTCGTCTGGGTCCCT-1,1
GTTCGTTGCGGACCAG-1,7
GTTCTTCCCTCGATGT-1,1
GTTCTTGTAACTCAAT-1,4
GTTGAACCGGTTCCAT-1,3
GTTGAGTCCCGCCGGT-1,2
GTTGCACGGAGTTTCG-1,1
GTTGCAGTCGACAACA-1,3
GTTGCCCTAACGGGTG-1,9
GTTGCGCTAACATTAC-1,2
GTTGCGGACGGTCAGG-1,6
GTTGGACCGCATCAGG-1,1
GTTGGATTCAGTGGCT-1,2
GTTGGATTGAGAACAC-1,0
GTTGGATTTGCGTTGG-1,6
GTTGGTCATGCTATCC-1,3
GTTGTAGATTTATGAG-1,9
GTTGTCGTGTTAGTTG-1,1
GTTGTTACATTGCGCT-1,3
GTTGTTGCAAGATGGC-1,2
GTTTACGTTCCATCTG-1,2
GTTTATGGGATTTAGA-1,1
GTTTCAAACGAGTTGT-1,2
GTTTCATATCGTCGCT-1,2
GTTTCCTGGAGGGTGA-1,1
GTTTCTAGAGGCGCGG-1,4
GTTTCTGCAGTCTCCC-1,2
GTTTGACCAAATCCTA-1,0
GTTTGAGCGGTTATGT-1,7
GTTTGGCCCAAGTTAT-1,1
GTTTGGCCGCTCAGCG-1,2
GTTTGGCGTCAGGCAC-1,6
GTTTGGGCTTGTGAGC-1,1
GTTTGGGTTTCGCCCG-1,1
GTTTGGTAGGGTCAAC-1,1
GTTTGGTGATCGGTGC-1,4
GTTTGTTAGCCAAGTA-1,1
TAAACCCAGGAGGGCA-1,1
TAAACGTCGTCAATGA-1,1
TAAAGACAACCCTTTA-1,2
TAAAGAGCCCGAAACC-1,2
TAAAGCGGTATTTCCA-1,4
TAAAGCGTTAGGAGAA-1,0
TAAAGCTGCAATAGGG-1,3
TAAAGGAGAAACTAGT-1,7
TAAAGTGCACGTCTCG-1,4
TAAATCTTTACACCTC-1,3
TAAATGAATCCGTTTC-1,1
TAAATGCCGTCTCATG-1,2
TAAATGGGCTACTGAG-1,3
TAAATTGTGGGTAAAG-1,4
TAAATTTAGTAACACC-1,4
TAACAAAGGGAGAAGC-1,1
TAACAATATTTGTTGC-1,3
TAACAGCGTTTGTGCT-1,1
TAACAGGTTCCCTTAG-1,4
TAACATACAATGTGGG-1,3
TAACATACACGCGATC-1,1
TAACCGCCCGCAGTGC-1,2
TAACCGTCCAGTTCAT-1,6
TAACCTACCGTCCGAG-1,6
TAACCTAGGGAGTCCA-1,2
TAACGCTTTGAGAGCG-1,3
TAACTATCGAAGGTCC-1,1
TAACTATTACGCCAAA-1,0
TAACTCATCCGCGCGG-1,3
TAACTCCATGGAGGCT-1,1
TAAGAGGGACAGGGAC-1,1
TAAGATTTAGCGGGAG-1,7
TAAGCAGGCGACACGC-1,2
TAAGCCCTTACGACCA-1,3
TAAGCGCGAATCAAAT-1,9
TAAGGAACTTGTGGGA-1,1
TAAGGCAACATAAGAT-1,0
TAAGGCATAACATCAA-1,3
TAAGGCCCGTCACCCT-1,3
TAAGGCTGAATCCCTC-1,1
TAAGGGCCTGTCCGAT-1,2
TAAGGGCTGGGAGAGG-1,2
TAAGTAAATGTGCCGC-1,6
TAAGTAACATCTTGAC-1,3
TAAGTCGCCGAGTATC-1,1
TAAGTCGGTGAGCTAG-1,4
TAAGTGAATAGTCTAC-1,4
TAAGTTGCGACGTAGG-1,2
TAATAAACAAGGAGAT-1,6
TAATACACAGTAGTAT-1,2
TAATACTAGAACAGAC-1,2
TAATAGAACAGAGTTA-1,3
TAATAGCTAAATGATG-1,3
TAATAGGTCACCAGAA-1,1
TAATAGTGACGACCAG-1,0
TAATATTGAAATTCGC-1,1
TAATCAACCAAATGGG-1,6
TAATCGATCCGTACGT-1,0
TAATGAAAGACCCTTG-1,3
TAATGTCGGTTCATGG-1,4
TAATTACGTCAGTAGA-1,1
TAATTAGATGGATATG-1,7
TAATTAGGACATCCGT-1,1
TAATTCCAATGCTTCA-1,2
TAATTGGAATCGGGAA-1,1
TAATTTCCGTCCAGTA-1,3
TACAAATTGCGGAGGT-1,7
TACAACAGCGCATACA-1,8
TACAACGCACAACTCA-1,2
TACAAGCTGTTCACTG-1,2
TACAAGGGCTTCTTTA-1,4
TACAAGTCTCGTGCAT-1,3
TACAATGAAACCAGCA-1,7
TACACAGCCGTGGTGC-1,4
TACACCGTCGTTAGTC-1,1
TACACCTCTTCGAATC-1,9
TACAGAAACGGTGGGC-1,3
TACATAGGCATACACC-1,3
TACATCCCTATCCCTG-1,2
TACATCTTGTTTCTTG-1,2
TACATGACCTTATCCG-1,6
TACATGCCGGAATTGT-1,2
TACATTTCTAACGTGC-1,2
TACCAAATAGCCCAGA-1,3
TACCAATAAAGTACCA-1,2
TACCAGAAGTAGGTTC-1,3
TACCAGCTAGGTTTAA-1,0
TACCAGGAATCCCGTC-1,4
TACCATGTATTGATTT-1,6
TACCCTCGGTAACCCT-1,4
TACCGAATAATTGTAA-1,4
TACCGATCCAACACTT-1,7
TACCGCGGACTTGCAG-1,0
TACCGGCTCACTGCCC-1,2
TACCGGTCGTTTCCAT-1,3
TACCGTAGGTTAACTA-1,2
TACCGTGCCTCGGACC-1,6
TACCTACTCCCAGTAT-1,2
TACCTATCCCTAGAGG-1,3
TACCTCACCAATTGTA-1,5
TACCTCACGCTTGTAC-1,1
TACCTCAGTTGTCTGT-1,3
TACCTCCACACCAATG-1,9
TACCTCTTTACCATCC-1,2
TACCTGCTGCACTGTG-1,2
TACCTTAAGATTTCCC-1,1
TACGAACACGACTTCA-1,3
TACGACGCTTGCTGCG-1,3
TACGACTGCCTCTTAG-1,6
TACGAGAACTTCACGT-1,2
TACGATCCAAGCCACT-1,0
TACGATGTTGATCATC-1,3
TACGCAGTTCTTTCCT-1,2
TACGCCATATTCTAAT-1,3
TACGCCGAGGGTACCC-1,1
TACGCCGCCTCAGAAG-1,9
TACGCCTCCATTCCGA-1,1
TACGCTATAGAAACCT-1,3
TACGCTCCTAGAACTG-1,4
TACGCTCGGTATTGGA-1,2
TACGCTGCACGGTCGT-1,8
TACGCTGCTGTGTTAA-1,2
TACGGAAGCCAAACCA-1,9
TACGGCATGGACGCTA-1,2
TACGGGATGCTAGCAG-1,0
TACGGGTAATAACATA-1,4
TACGTAAAGCGGAGTG-1,1
TACGTACTAGTGCTGA-1,3
TACGTGCAAGGTTCCT-1,0
TACGTGCACTATGCTG-1,1
TACGTGGGCCCAGGGC-1,4
TACGTTTACCGGCAAT-1,3
TACTACGTGCAATGCG-1,4
TACTATGGTTCCTCAG-1,3
TACTCACAACGTAGTA-1,7
TACTCATTGACGCATC-1,8
TACTCCTCTAGTTGAC-1,3
TACTCGGCACGCCGGG-1,2
TACTCGTTTGAATCAA-1,4
TACTCTCCGAACAAAT-1,0
TACTCTTACTTTACTG-1,2
TACTCTTTCGTCTTCA-1,1
TACTGAACAGATTTAG-1,1
TACTGAGGGAAGAAAG-1,1
TACTGCAATCAATTAC-1,2
TACTGCATGATTAAAT-1,5
TACTGGACAGCTCGGC-1,2
TACTGTTTCTCTGGTA-1,3
TACTTAAACATGTACA-1,1
TACTTGTTAGTAGTCC-1,3
TACTTTACTGAGCCGG-1,0
TACTTTCCGCACGCCA-1,1
TAGAAACACAATAGTG-1,2
TAGAAACCACTAAGTA-1,7
TAGAAAGGTGGCGCTA-1,0
TAGAAATTCACGTATA-1,1
TAGAACGCCAGTAACG-1,7
TAGAAGAAGGGTTACA-1,3
TAGAATAGCCGATGAA-1,1
TAGAATTAAGGGCAAC-1,3
TAGACGAAACGCCAAT-1,2
TAGACGCCCGTACCGG-1,0
TAGACTACCTAGCGTT-1,1
TAGACTCAGTTGGCCT-1,9
TAGAGATCATGCAACT-1,1
TAGAGCTACGAAGAAC-1,1
TAGAGGGAGTTTATCT-1,9
TAGAGGTTCTACTTGT-1,2
TAGAGTCTAAGCGAAC-1,1
TAGAGTGTTCCGGGTA-1,8
TAGATATGGACTGGAA-1,3
TAGATCCGAAGTCGCA-1,3
TAGATGGTTCCTTACT-1,3
TAGATTCAAAGTGCGG-1,4
TAGATTCCTGGTTATT-1,2
TAGATTCTCTAGCAAA-1,8
TAGCAACCTGTCACAA-1,1
TAGCAGATACTTAGGG-1,9
TAGCAGTAAATACGCG-1,0
TAGCAGTATGACTAAA-1,1
TAGCCAGAGGGTCCGG-1,7
TAGCCATTTCAAAGTC-1,1
TAGCCGGCGGTCAGCG-1,0
TAGCGTCCCTCGATTG-1,3
TAGCGTCCGGTGTGGT-1,2
TAGCGTCGAATATTGA-1,1
TAGCGTTGGGTCTTAC-1,3
TAGCTAAGTCCGGGAG-1,3
TAGCTAGAAGGCATGA-1,3
TAGCTAGTGATGATGG-1,1
TAGCTCACTGTGTTTG-1,8
TAGCTCAGATCCTAGT-1,3
TAGCTCGCCTGATAAC-1,3
TAGCTGATGTGAAGCG-1,3
TAGGAACAGCCTCCAG-1,7
TAGGAGGCTCGAGAAC-1,8
TAGGATCTTAACCGCA-1,4
TAGGCATGTTACGCCA-1,0
TAGGCCTATATAGTCT-1,1
TAGGCGATGAGGTCTC-1,1
TAGGCGGCTGCAAAGA-1,4
TAGGCTAAAGTGGCAC-1,1
TAGGGAGCTTGGGATG-1,1
TAGGGTGTTTCAAGAG-1,1
TAGGTCCAAGTAAGGA-1,2
TAGGTCGCCGGAACTG-1,6
TAGGTGACGATAACCT-1,1
TAGGTGAGCCCTACTC-1,3
TAGGTGCTCGCCTAGC-1,1
TAGGTGTTCCACAGAT-1,2
TAGGTTCGAGTTCGTC-1,2
TAGGTTCTGCTGAGAA-1,9
TAGTACCACAACTTTC-1,3
TAGTACCTTAGTGGTC-1,3
TAGTAGCTTATACCAG-1,2
TAGTAGTTGCCGGACA-1,5
TAGTCCCGGAGACCAC-1,9
TAGTCCGCAGAGAATG-1,2
TAGTCCGTATGCATAA-1,1
TAGTCCTGCACTAAGC-1,4
TAGTCGATCACGGGTT-1,2
TAGTCGGGATTCTTCG-1,7
TAGTCTAACAACGAGA-1,3
TAGTCTGCGGCACATT-1,4
TAGTCTGTGACGTTGC-1,2
TAGTCTTTCCGAATTG-1,6
TAGTGACAAGCTCTAC-1,8
TAGTGAGAAGTGGTTG-1,7
TAGTGCCCTCCAGAGT-1,2
TAGTGCTTGAATCCTT-1,7
TAGTGGAACTCATACA-1,7
TAGTGTCAGAAACGGC-1,3
TAGTTAAGATAGGATA-1,7
TAGTTTATTCTTGCTT-1,1
TAGTTTGATCGGTCGC-1,4
TATAAATCCACAAGCT-1,1
TATAAGTGAGGATAGC-1,1
TATACACAGACGCCTT-1,1
TATACACGCAAAGTAT-1,1
TATACCGAGTGCCACA-1,6
TATACGCGTCATCACT-1,3
TATACTCATGCGGCAA-1,3
TATAGAGTCGCTTGAA-1,4
TATAGATGGTCGCAGT-1,1
TATAGCGCACGTTATC-1,3
TATAGGGTACTCATGA-1,2
TATAGTTAGGTGTACT-1,9
TATATAGGGCTTTACG-1,9
TATATATCGAGAAATG-1,1
TATATCAAAGTGATCT-1,4
TATATCATTGATCAGT-1,1
TATATCCCTGGGAGGA-1,1
TATATGCTGGGTTGCC-1,2
TATATTACAAATGTCG-1,1
TATATTCGCGTCGATA-1,6
TATCAAAGGTCTGTAA-1,1
TATCACAGCACGGGCA-1,6
TATCACCATGTAAAGT-1,6
TATCACCCAACCGACC-1,6
TATCACTTCGAGTAAC-1,3
TATCAGTGGCGTAGTC-1,1
TATCCAATTGGTTATC-1,2
TATCCATATCATGCGA-1,1
TATCCATCTCGGTTAG-1,3
TATCCCTCGATCTGCA-1,4
TATCCGCACCGTCGGG-1,3
TATCCTATCAACTGGT-1,9
TATCCTGCATGGGAAT-1,1
TATCGATCTATGCATA-1,0
TATCGATGATTAAACG-1,1
TATCTACAGAGGTAAT-1,3
TATCTACCACAGCGGG-1,2
TATCTAGCCTAAAGGA-1,3
TATCTGAGCCGATATT-1,3
TATCTTGCAATACAAC-1,1
TATGAAGAATTAAGGT-1,4
TATGAAGACAGGTGCG-1,3
TATGACCTTGCGCTGG-1,1
TATGATAAATCTAACG-1,7
TATGATCCGGCACGCC-1,3
TATGATCTTCTCTTTA-1,1
TATGATTCTGCTTGGT-1,7
TATGCTCCCTACTTAC-1,0
TATGGAGTTTCTCGTT-1,7
TATGGATGTGCTACGC-1,1
TATGGCAGACTTTCGA-1,7
TATGGCCCGGCCTCGC-1,3
TATGGCTAGGCTAATT-1,3
TATGGGACCGAGCAGG-1,3
TATGGGTACGTATCGT-1,6
TATGGTCTGAGTAACA-1,1
TATGGTTAGTGGGAGA-1,1
TATGTAAAGTGCTTAA-1,2
TATGTAGAAACCCGGC-1,3
TATGTCAAGACCGACT-1,0
TATGTCTCATTGTGCC-1,0
TATTAACACCAAAGCA-1,1
TATTAACCTGACCGCG-1,1
TATTACCATCCTGCTT-1,1
TATTATGTTTGCCTGC-1,1
TATTCAATTCTAATCC-1,6
TATTCCACTCAGCTCG-1,3
TATTCCGAGCTGTTAT-1,2
TATTCCGGCAGTCCTA-1,6
TATTCCTCCGCCCACT-1,3
TATTCGTGCCAGAATA-1,6
TATTGACATTTCTGCC-1,0
TATTGCCGGGCTTGTA-1,1
TATTTAGTCTAGATCG-1,1
TATTTATACCGAGTAG-1,6
TATTTGATTTGCACAG-1,6
TATTTGTTACCCTTTA-1,1
TCAAACAACCGCGTCG-1,3
TCAAACTTAGATTGTT-1,6
TCAAAGAGCTATCTGT-1,1
TCAAAGTCACGGCGTC-1,4
TCAAATTATGTTCGAC-1,9
TCAAATTGTTGTGCCG-1,2
TCAAATTTGAGACTCA-1,3
TCAACAAAGATAATTC-1,1
TCAACACATTGGGTAA-1,2
TCAACATAGCGCCCTA-1,3
TCAACATCGACCGAGA-1,2
TCAACCATGTTCGGGC-1,1
TCAACGAGGAGACAAA-1,2
TCAACGCAGGAAATAA-1,1
TCAACGCGACCGGCAG-1,2
TCAACTAACGTATAAC-1,3
TCAACTGCAGAGTCAG-1,2
TCAAGAAATACTAGCT-1,3
TCAAGCGCGGACGGTA-1,2
TCAAGCTGCCTTGAAA-1,2
TCAAGGTTACTACACC-1,1
TCAATACAATTGCTGC-1,1
TCAATACGCCGTCATG-1,1
TCAATATACAGGAGGC-1,4
TCAATCCCGCGCCAAA-1,4
TCAATCCGGGAAGTTT-1,8
TCACAAACCGAGGTAC-1,1
TCACAGATCCTCAAAC-1,2
TCACAGCAAACTCGAA-1,3
TCACAGGAGAATAAGA-1,3
TCACAGGGAATCGCAA-1,1
TCACAGGTTATTGGGC-1,3
TCACATCTTATCTGAT-1,3
TCACCCTCTTAAGATT-1,2
TCACCGCTCGGCACTC-1,0
TCACGATGTCCGTGGA-1,1
TCACGCATTGTAGATC-1,3
TCACGGCCCAAGAGAG-1,1
TCACGGTCATCGCACA-1,1
TCACGTGCCCGATTCA-1,1
TCACTACGACCAATGC-1,2
TCACTATCCCTTCGGT-1,8
TCACTATCGTGCAATC-1,7
TCACTCAGCGCATTAG-1,7
TCACTCGTGCAACGGC-1,6
TCACTCTTCGTCTGTC-1,1
TCAGAACCTCCACAGG-1,0
TCAGAACGGCGGTAAT-1,4
TCAGACGCTATAGAAG-1,3
TCAGAGGACGCGTTAG-1,9
TCAGAGTGTGAGCATG-1,2
TCAGATGGAGACGTAG-1,3
TCAGCAAATGCATCTC-1,0
TCAGCAGTAGGCCCTG-1,1
TCAGCCAATCCGTAAA-1,1
TCAGCGCACGCCGTTT-1,4
TCAGCTTGAGCTTTCG-1,3
TCAGGGCGACTTCCTT-1,2
TCAGGGCGCAAACTCG-1,2
TCAGGGTGCACGAAAC-1,7
TCAGGGTGTAACGTAA-1,0
TCAGGTTCTTTGAGAA-1,2
TCAGTACTGACCCGCG-1,2
TCAGTAGGGACTATAA-1,3
TCAGTGTATACGTCAT-1,3
TCAGTTACGGAATGAT-1,7
TCATAAGTCCAAGAAG-1,1
TCATACTTACAGATCC-1,1
TCATATGAGCTTTGTT-1,1
TCATCACTCGAGCTCG-1,1
TCATCCCAGAGGGTGG-1,3
TCATCCTCAGCTGCTT-1,4
TCATCGACGACCGTCG-1,4
TCATCGATGGTCCCAA-1,1
TCATGCAGGTTCTCAT-1,0
TCATGGAGGCCTTTGT-1,5
TCATTCGTATAATTTG-1,2
TCATTTAAGTCTCCGA-1,3
TCATTTAGAAGTGTGA-1,6
TCCAACTCAGCTATCT-1,4
TCCAACTTTAAATTCT-1,2
TCCAAGCCTAGACACA-1,2
TCCAATAAAGGCTACC-1,2
TCCAATGCGTCGCCGC-1,3
TCCACAATGGTTTACG-1,2
TCCACATCGTATATTG-1,4
TCCACCAAGACATAGG-1,8
TCCACCTCTAGCCTTT-1,3
TCCACTTTATCTAGGT-1,0
TCCAGAGCACCGGTTC-1,3
TCCAGATGTACGCCAA-1,3
TCCAGCGCTATAAGCG-1,0
TCCAGGCAGGACGATC-1,4
TCCAGGCGAGTACGGT-1,9
TCCAGGGTATATACGA-1,3
TCCATCAATACTAATC-1,3
TCCATTAGTTGGATAG-1,7
TCCATTCCCACTAGAG-1,1
TCCATTGTGACCTCGT-1,7
TCCCAAACAGACAACG-1,3
TCCCAAACATCCTCTA-1,9
TCCCAAAGACGAAGGA-1,2
TCCCAAAGCCCTAAAT-1,2
TCCCAATATCGACGAC-1,5
TCCCACGGAGGGAGCT-1,7
TCCCACTCTCTTCCGG-1,0
TCCCAGCACACGACAT-1,1
TCCCAGCTTTAGTCTG-1,6
TCCCAGGCTTAGCTAA-1,1
TCCCGCCTATGTGCGT-1,6
TCCCGCGTACTCCTGG-1,0
TCCCGGGTGTGCTGCT-1,3
TCCCGGTCAGGAATTT-1,7
TCCCGTCAGTCCCGCA-1,0
TCCCGTCGCGTCATAG-1,0
TCCCGTGTGCAATTTG-1,1
TCCCTAGATCAATAGG-1,0
TCCCTCCGAAATCGTT-1,7
TCCCTCTTCTCAAGGG-1,3
TCCCTGGCGTATTAAC-1,1
TCCCTGGCTCGCTGGA-1,1
TCCCTTAGATTACTCG-1,0
TCCCTTGTCTGAAACT-1,4
TCCGAACGTTGCCGCT-1,6
TCCGAACTTGGCTTAC-1,2
TCCGAAGTAGTCACCA-1,3
TCCGAATGGTCCTGAG-1,0
TCCGACCGCTAATCAA-1,4
TCCGAGAAGGCTAAGC-1,1
TCCGATAATTGCCATA-1,2
TCCGATGACTGAGCTC-1,0
TCCGATGGTGCGACAT-1,1
TCCGATTACATTGCCG-1,3
TCCGCAGCCACCTAGC-1,2
TCCGCCTGTCTACAAG-1,3
TCCGCGGCAGCATCTG-1,0
TCCGCGGCCCAATGAA-1,2
TCCGCTGTCATCCCGG-1,3
TCCGCTTATCCCATTA-1,3
TCCGGAGGAAGGGCTG-1,3
TCCGGCCTAGCGTACA-1,0
TCCGGCCTGCATCGAT-1,7
TCCGGCTGTCGGGTCG-1,2
TCCGGGCCACTAACGG-1,8
TCCGGGCTTGACGGGA-1,1
TCCGGTTCGTCCGGTC-1,3
TCCGTAACCACAATCC-1,3
TCCGTTAAGCTAATAT-1,3
TCCGTTTAGCCTTGAA-1,0
TCCTAAAGATTCAGAC-1,4
TCCTAAATTGGGAAGC-1,2
TCCTAACCGTCGGGCA-1,3
TCCTACATCCACGGCC-1,1
TCCTAGCAAAGAAGCT-1,3
TCCTATCATAGGTAAC-1,2
TCCTCCTAAGACATTC-1,1
TCCTCGGGCTGGGCTT-1,6
TCCTCTACGAGATGGC-1,2
TCCTCTCCAGTTGTCC-1,2
TCCTCTGGCCCATTAG-1,3
TCCTGCAGCCGCCAAT-1,5
TCCTGCCAACTGGAGA-1,3
TCCTGCGTTGATACTC-1,2
TCCTGGCGCTGCCTGG-1,3
TCCTTACGACGGTCCG-1,3
TCCTTCAATCCCTACG-1,3
TCCTTCAGTGGTCGAA-1,6
TCCTTGTCCTTTAATT-1,2
TCCTTTAAATCCGCTT-1,2
TCCTTTCTTACGCTTA-1,0
TCGAAATTTAGGACCA-1,1
TCGAAGAACCGAGCAC-1,1
TCGAATATCCCGCAGG-1,1
TCGAATCGCAGGGTAG-1,4
TCGACAACTGAACCCG-1,1
TCGACATAGCGTAGCG-1,4
TCGACTGACGATGGCT-1,8
TCGAGACCAACACCGT-1,2
TCGAGCCAGGCAGGCC-1,1
TCGAGGGCAACAGACG-1,3
TCGAGTCTACGATTCG-1,1
TCGATAGGCTAGTCGC-1,2
TCGATTTACGAAACGA-1,4
TCGCAAAGATGCATTT-1,1
TCGCACCAGGAGGCAG-1,2
TCGCACTAACGTTTGT-1,3
TCGCATAAAGGGCGCA-1,2
TCGCATCCCTAAGTGT-1,1
TCGCATTCAATGACTT-1,7
TCGCCACCCGGATTAC-1,5
TCGCCCAACTGACTCC-1,7
TCGCCCACTGCGAGAG-1,1
TCGCCGAAGTTGCGTC-1,1
TCGCCGACATATTCGC-1,4
TCGCCGCACCGCGTGA-1,3
TCGCCGGAGAGTCTTA-1,7
TCGCCGGATGGGCAAG-1,1
TCGCCGGTCGATCCGT-1,3
TCGCCTCCTTCGGCTC-1,8
TCGCCTCGACCTGTTG-1,7
TCGCGCGTTTACATGA-1,9
TCGCGTAGCAGTGTCC-1,2
TCGCGTCCAGAAGGTC-1,3
TCGCTAAACCGCTATC-1,0
TCGCTACTGGCTTTGA-1,2
TCGCTCGATATATTCC-1,0
TCGCTCGGCACCAGCG-1,3
TCGCTGCCAATGCTGT-1,2
TCGCTGGGCGGATTGT-1,0
TCGCTGTGCGTAAATC-1,1
TCGCTTAATTACGAAG-1,1
TCGCTTTAAACGTTTG-1,0
TCGGAATGACCATCAA-1,7
TCGGAATGCGCTCTGA-1,3
TCGGACGCCCAGCCCA-1,0
TCGGAGAGTATCGGGA-1,1
TCGGAGTACATGAGTA-1,0
TCGGATCTGGATGACC-1,1
TCGGCAGGGTTAAGGG-1,8
TCGGCGAACCCAAACC-1,1
TCGGCGTACTGCACAA-1,1
TCGGCTAACTTCCCTT-1,7
TCGGCTTGTATCGACG-1,2
TCGGGAACGTGCCTAG-1,0
TCGGGAGACAGCGTAC-1,3
TCGGGATTCAAACATA-1,6
TCGGGCACTTCTGGAT-1,7
TCGGGCCGTCGTGGTA-1,1
TCGGGTGAAACTGCTA-1,2
TCGGTCCCGACAATAG-1,1
TCGGTCCCTGACTCCA-1,1
TCGGTGACCGCTCCGG-1,3
TCGGTTAGCCATGTAG-1,6
TCGTAACTCCCAAGAC-1,4
TCGTAAGACGACATTG-1,0
TCGTAAGCTCCGAGGA-1,3
TCGTACCGACGTCAAG-1,1
TCGTATAGTGCAATTA-1,2
TCGTATTACCCATTGC-1,1
TCGTATTTCGTCCGGA-1,7
TCGTCAAGTACGCGCA-1,1
TCGTCACACTGTTAGC-1,2
TCGTCCGCTGGCGTCT-1,1
TCGTCCGGGTACACTC-1,2
TCGTCTTAGGCGTTAA-1,2
TCGTGTACTATGGATG-1,1
TCGTGTATTGGTCACG-1,6
TCGTGTCACGCTGACA-1,2
TCGTGTTCGACCACAA-1,3
TCGTTAGGAGTCCCTA-1,1
TCGTTCGTTATTATGT-1,6
TCGTTGACAGGGTCCC-1,3
TCGTTGCTATCCGGTC-1,1
TCGTTGGCTCGTCAAT-1,3
TCGTTTACGCGACCCT-1,4
TCTAAAGAACAGTCTC-1,3
TCTAACCTAGCCTGCG-1,8
TCTAACTGTATGTAAA-1,3
TCTAATACTGCCTCAG-1,1
TCTACACGTTCATGCA-1,6
TCTACCCAATAGAGAG-1,6
TCTACCCGCATCATTT-1,8
TCTACCGTCCACAAGC-1,0
TCTACGCACGATCTCC-1,9
TCTACGGGCTCAGTTG-1,3
TCTAGCAATCTCCGCC-1,1
TCTAGCATCTTCGATG-1,1
TCTAGCATGCCCAGAA-1,2
TCTAGGTGGCGACGCT-1,0
TCTAGTGATATCGTGG-1,1
TCTAGTTATCAGAAGA-1,6
TCTATAGGTGGGTAAT-1,1
TCTATCATGCAGTTAC-1,1
TCTATCCGATTGCACA-1,4
TCTATCGGTCGCAACA-1,0
TCTATGCTATAACGAC-1,1
TCTATTACGCTGGCGA-1,1
TCTATTACTAGAGGAT-1,6
TCTCAAATCAATCGGG-1,4
TCTCAGGCTACTCGCT-1,8
TCTCATGAGATAGGGT-1,1
TCTCCAACGTAGGTTA-1,0
TCTCCACAAGTTGAAT-1,1
TCTCCCTGGGCAGCGT-1,2
TCTCGAACGAGGTCAC-1,3
TCTCGACGTATCGCCG-1,1
TCTCGAGGAGGTTCGC-1,6
TCTCGGCTCCAGGACT-1,1
TCTCGTGTTACGAGGA-1,3
TCTCTAATAGCTGGTA-1,1
TCTCTCGCCGCACATA-1,2
TCTCTTACCGCGAACC-1,4
TCTGAACCGGTCGGCT-1,1
TCTGAACTCGTACCCG-1,3
TCTGAAGCACGTGGTC-1,1
TCTGAATTCCGTACAA-1,6
TCTGACGGGCTAACCC-1,3
TCTGACTGTAATGGTT-1,2
TCTGAGCAATTGACTG-1,0
TCTGATCGGGTGCTAG-1,0
TCTGATGTATTCTGTC-1,1
TCTGATTGGAAATGGA-1,0
TCTGCACCATTAGTAA-1,2
TCTGCAGATTCGAGTC-1,1
TCTGCATACCTTGCTT-1,3
TCTGCCAGAAACTGCA-1,3
TCTGCGAATCGTTCGC-1,1
TCTGCGTCCGGTTTCT-1,3
TCTGCTTAGAACAAGC-1,6
TCTGGAGCGTAAGAGT-1,6
TCTGGCCGTTCAAGTT-1,0
TCTGGCGCAAGCCGGG-1,1
TCTGGGAACCTTTGAA-1,1
TCTGGGTAGCGCTCAT-1,3
TCTGTCATACAAGAGC-1,2
TCTGTGACTGACCGTT-1,7
TCTGTGATGGAGGTTG-1,6
TCTGTGCCATCATAGT-1,0
TCTGTGGCTACATTTC-1,7
TCTGTTACCCAGCATA-1,3
TCTTAACTCGGATGTA-1,2
TCTTACAGAGGTACCG-1,1
TCTTACCGGAACTCGT-1,0
TCTTACGGCATCCGAC-1,3
TCTTACTTATGCCTCT-1,3
TCTTAGAGCTCCAATT-1,1
TCTTAGAGTGAACTCT-1,1
TCTTATGGGTAGTACC-1,7
TCTTCCCATGGGCACA-1,0
TCTTCGAATAGACGTT-1,2
TCTTCGATACCAATAA-1,6
TCTTCGCGGTGAGAGG-1,2
TCTTCTATAACCCGCC-1,3
TCTTGATGCGTAGCGA-1,6
TCTTGCTCCCGATACT-1,3
TCTTGGTAACACCAAA-1,0
TCTTGGTCAATGATAC-1,9
TCTTTAAGACTATGAA-1,2
TCTTTAGAGTCTAACA-1,2
TCTTTAGCAGGCGAAC-1,0
TCTTTCATCCGTCCTT-1,1
TCTTTCCTTCGAGATA-1,1
TCTTTCGGCGGGACAC-1,7
TCTTTCTCTTAAGGAG-1,7
TGAAACCTCAACTCAC-1,7
TGAAACTTATGCAAGC-1,2
TGAAAGGACCTGACTC-1,6
TGAACAAGCAGGGACT-1,1
TGAACACCCGAAGCAG-1,2
TGAACTGCTATGACTT-1,3
TGAAGAGCGGTCCTAG-1,1
TGAAGTAGCTTACGGA-1,3
TGAATACCGACGCGTA-1,4
TGAATATGCTATAAAC-1,1
TGAATGAGATACAGCA-1,1
TGAATGAGTGTTTCCC-1,9
TGAATGTCAGCCGGCC-1,1
TGAATTTCACTTGCCT-1,3
TGACAACGCATGTCGC-1,0
TGACAACTTAAAGGTG-1,5
TGACACTTCTCTTTGC-1,3
TGACAGGACAAGTCCA-1,1
TGACATATATGACGAT-1,1
TGACATCGAGCGGACC-1,1
TGACATGTAACGTGAC-1,9
TGACCAAATCTTAAAC-1,1
TGACCAGCTTCAAAGT-1,6
TGACCCAACTCACATT-1,7
TGACCCACGTTAGACA-1,3
TGACCCAGCATTCCCG-1,6
TGACGAATATTTCCCT-1,1
TGACGATGCACTAGAA-1,1
TGACTATAATCCTTTC-1,3
TGACTCCGAATCATAC-1,1
TGACTCTAACTGGTAA-1,2
TGAGAATGCTTTACCG-1,1
TGAGACGTACCTCTCA-1,2
TGAGAGATTTACCACG-1,1
TGAGATCAAATACTCA-1,6
TGAGATTAGGCCCTAA-1,6
TGAGCAGTCGTGAAGT-1,7
TGAGCCATACAGTCTC-1,1
TGAGCGGAAAGTGTTC-1,3
TGAGCTCAACTGTATA-1,1
TGAGCTTTAATGACGC-1,0
TGAGGAGTGCCAGCTT-1,3
TGAGGCATGTACTGTG-1,1
TGAGGTGTGTGGCGGA-1,4
TGAGGTTGATCCCAAG-1,7
TGAGTAAATTAGCGTA-1,3
TGAGTGCCTCTTAAAT-1,3
TGAGTGGTCCGTGACG-1,0
TGAGTGTAACAACGGG-1,8
TGAGTTAAAGACATTC-1,1
TGATACATTTAGCCGT-1,1
TGATAGCGGGATTCTA-1,3
TGATCACCACACTGAC-1,9
TGATCAGGGAACTGCT-1,3
TGATCCCAGCATTAGT-1,6
TGATCGGTTTGACCCT-1,1
TGATCTACGCTGATCT-1,3
TGATCTATCACACTCT-1,9
TGATCTCCGGCGCCAG-1,1
TGATGCTCACGTAGTC-1,6
TGATGGCTGTTTCTGA-1,0
TGATGGGACTAAGTCA-1,7
TGATGTCAATTAAGTG-1,2
TGATTATGGCACGCAG-1,3
TGATTCAGGTCCCGCG-1,1
TGATTCCCGGTTACCT-1,4
TGATTCGTCTATCACT-1,2
TGATTCTGTCGCCGGT-1,2
TGATTTATTAGCTGTG-1,2
TGATTTCCTCCTGACG-1,1
TGCAAACCCACATCAA-1,7
TGCAAACGTACTAGTT-1,5
TGCAAAGTTCGTCTGT-1,9
TGCAACCCATCTGCGG-1,1
TGCAACTACTGGTTGA-1,4
TGCAAGAATGACGTAA-1,0
TGCAATCTAACACGGT-1,1
TGCAATTTGGGCACGG-1,3
TGCACAGTGAAGTTAT-1,6
TGCACGAGTCGGCAGC-1,3
TGCACTATGTGAGTGC-1,1
TGCAGAACTATATCGT-1,2
TGCAGAGTACCGAGCA-1,2
TGCAGATCGTCCTAGG-1,2
TGCAGCTACGTACTTC-1,2
TGCAGGATCGGCAAAG-1,0
TGCAGTGAGGCTCGGG-1,1
TGCAGTGGTAGGGAAC-1,4
TGCAGTTTCCTCCCAT-1,1
TGCATATGTCTGTCAC-1,2
TGCATCTCCGGATCTT-1,0
TGCATGAGTAGATTCG-1,6
TGCATGGATCGGATCT-1,0
TGCATGGCAGTCTTGC-1,6
TGCATGTGACCCATAG-1,4
TGCATGTGGTAATCTA-1,0
TGCCAAAGTCAGACTT-1,2
TGCCAATGGGTACTCT-1,1
TGCCACACTAGAGGAA-1,3
TGCCACCTGGCGAAAC-1,0
TGCCAGTACGTGGAGA-1,2
TGCCATGGCTTATAAG-1,6
TGCCATTACTAAAGAA-1,0
TGCCCGATAGTTAGAA-1,4
TGCCCGTACCGTTAAA-1,1
TGCCGAAAGCGTATTC-1,0
TGCCGATGTCATCAAT-1,6
TGCCGGATGTACGAGC-1,2
TGCCGTGGATCGTCCT-1,2
TGCCGTGGGACCCAAT-1,9
TGCCGTTCTTAATCGG-1,3
TGCCTAAATTTAATAG-1,0
TGCCTAATTGAAGATT-1,6
TGCCTGACATCGGTCA-1,1
TGCCTGATCAAACGAT-1,0
TGCCTTGCCCTTACGG-1,6
TGCCTTGGCCAGGCAA-1,2
TGCGAATATGGGATTT-1,2
TGCGACACCCTAGTGC-1,3
TGCGACGGCCGAACGT-1,3
TGCGAGAAACGTTACG-1,7
TGCGAGAATATTACCC-1,2
TGCGAGATGGCGGCCA-1,3
TGCGAGCCCTTCCGCG-1,3
TGCGATGCTAATGGCT-1,2
TGCGCAAAGCATTTGG-1,0
TGCGCCGTTAATAACG-1,0
TGCGCGATTAACGGAG-1,1
TGCGGACTTGACTCCG-1,2
TGCGGAGTAAAGGTGC-1,0
TGCGGCATAGTTCAAC-1,2
TGCGGGTATTGGGATC-1,7
TGCGGTCTACGAGTAA-1,6
TGCGGTGAAATTTCAT-1,0
TGCGTAAGAACCTGAT-1,3
TGCGTACGGCTAATTG-1,4
TGCGTCATGACTGAGC-1,3
TGCGTGATTGGGTGTC-1,3
TGCGTTTGTTGACACT-1,2
TGCTAAGTGTCTATTT-1,1
TGCTATACAAACGGAC-1,7
TGCTATGGCAAAGGGA-1,4
TGCTCACACAACAACC-1,6
TGCTCCACAGTTCTTA-1,1
TGCTCGGCGAAACCCA-1,2
TGCTCGGTGGGTCACC-1,1
TGCTCTGCCGGTTCAC-1,2
TGCTCTTGAGAGTTTG-1,2
TGCTGCGTCAGAGTTA-1,7
TGCTGGTTGGACAATT-1,3
TGCTGTTGAAGAACTC-1,1
TGCTTAGAGAGAATGC-1,3
TGCTTCCCAAGCAGTA-1,3
TGCTTGAAACCATGCA-1,7
TGGAAACGGAGTGAAC-1,3
TGGAACCACTGACACA-1,6
TGGAAGAAGGGAACGT-1,3
TGGAAGACGAACACCA-1,1
TGGAAGGATAAAGATG-1,0
TGGAATATCCTTGACC-1,1
TGGAATTAGACGCTTT-1,3
TGGACACCGTTGCTTG-1,1
TGGACCAATCTAAGAT-1,1
TGGACCACGGCGTTGA-1,7
TGGACGCAATCCAGCC-1,1
TGGACGTAGGCGAATC-1,2
TGGACTGTTCGCTCAA-1,3
TGGAGAATAATCGTCC-1,9
TGGAGCTAAAGTTCCC-1,7
TGGAGGGAAACACCTC-1,3
TGGAGTGATGCGATGA-1,3
TGGATAGAGTAACAGA-1,7
TGGATGGCATCTTGGA-1,5
TGGCAAACTAAATTAC-1,2
TGGCAACTCGCGCGCC-1,0
TGGCAAGCACAAGTCG-1,1
TGGCAATGGGACGGCG-1,2
TGGCACGAGCTCGAGT-1,6
TGGCAGATTACGATCA-1,6
TGGCAGCAGTAATAGT-1,1
TGGCATGAAGTTTGGG-1,1
TGGCCAAACTGAAGTA-1,0
TGGCCAATTTGGTACT-1,1
TGGCCGTATATTGACC-1,1
TGGCGACTGCTCCAAA-1,1
TGGCGATCAAGTTATG-1,1
TGGCGGTGTGCGATTG-1,7
TGGCTACACTCTACCT-1,1
TGGCTATGTGACATAC-1,3
TGGCTCTTGTCGCGTA-1,2
TGGCTTATGTATAATG-1,3
TGGCTTGTACAAGCTT-1,3
TGGCTTTGGGTAGACA-1,1
TGGGAAATGCCTTTCC-1,3
TGGGACCATTGGGAGT-1,7
TGGGATGCACTCATTC-1,6
TGGGCAATAGTTGGGT-1,1
TGGGCACAAACAGAAC-1,2
TGGGCACGTTCTATGG-1,6
TGGGCAGGCCACCGCA-1,0
TGGGCCACAAGAGCGC-1,0
TGGGCCCATACTAATT-1,1
TGGGCCTTGCCTGCAT-1,2
TGGGCGATACAATAAG-1,4
TGGGTAAGGTTCCCGC-1,1
TGGGTGCACAAGCCAT-1,4
TGGGTGGGATGTCATT-1,7
TGGGTGTAATAGATTT-1,4
TGGGTGTTAAGTAGAA-1,9
TGGGTTCCCGGACGGA-1,2
TGGGTTTCGGGCGTAC-1,4
TGGTAAGCAGGATTGA-1,2
TGGTACCGGCACAGCC-1,6
TGGTAGAATATATGGG-1,3
TGGTATCGCATCCCAA-1,7
TGGTATCGGTCTGTAT-1,6
TGGTCCCACGCTACGG-1,2
TGGTCGATATACCTCT-1,9
TGGTCGTGCAAGGCAA-1,2
TGGTCGTTTGATAGAT-1,6
TGGTCTAGCTTACATG-1,3
TGGTCTGTTGGGCGTA-1,3
TGGTGATCGTATTTGT-1,2
TGGTGCCCTGCCTTAC-1,4
TGGTGTGACAGACGAT-1,7
TGGTTAACTTACATTT-1,1
TGGTTAAGGGCGCTGG-1,3
TGGTTATGCTTGCGGT-1,2
TGGTTCAACGGGTAAT-1,2
TGGTTCGTAGCAAAGG-1,1
TGGTTGGAGGATCCTG-1,7
TGGTTTAAACGTGGGT-1,3
TGTAACTTGTCAACCT-1,7
TGTAAGACTGATAAGA-1,4
TGTAATGACCACAATA-1,2
TGTAATGCCTTCGGAC-1,6
TGTACCCGACCCTAAT-1,1
TGTACCTACACGAGGG-1,1
TGTACGAACAAATCCG-1,1
TGTACGCTATCAGCTT-1,6
TGTACTACTCTCACGG-1,1
TGTACTATCGCTCGTT-1,8
TGTACTGTGCCAAAGT-1,7
TGTACTTCCGGGCATG-1,4
TGTAGCCAATTCCGTT-1,4
TGTAGCCATCCCATTC-1,2
TGTAGGAGAAATTTCC-1,0
TGTAGTGATCTATAAT-1,1
TGTATAACAGATCCTG-1,0
TGTATACGGATGATGA-1,3
TGTATCAGACTGAAGC-1,3
TGTATCCTTATTCCAT-1,3
TGTATGGCGCAGACAG-1,1
TGTATTTACCTAATGC-1,6
TGTCATTTGTTGGGAA-1,3
TGTCCACGGCTCAACT-1,1
TGTCCCGACATAGCAC-1,2
TGTCCGCAAACAATTC-1,4
TGTCCGTGGCGCCTTT-1,2
TGTCCTAAGTCACCGC-1,3
TGTCGGCATGGTGGAA-1,2
TGTCGTGGGTATAGGC-1,4
TGTCGTTATCACATAT-1,1
TGTCTACAGTTTCTGT-1,2
TGTGACTACGCCAGTC-1,0
TGTGACTAGAGTTTGC-1,1
TGTGAGACTAGCCCAA-1,3
TGTGATTCCAGCGCTT-1,6
TGTGCCAGAGGCAAAG-1,1
TGTGCCGGTGCCGGAA-1,2
TGTGCTTTACGTAAGA-1,2
TGTGGACTATCTACGT-1,2
TGTGGAGGAAGCTTAA-1,7
TGTGGCAAAGCGTATG-1,0
TGTGGCGGGCTTCTGG-1,1
TGTGGCTCCCACCAAC-1,3
TGTGGTAGGGTGCCTT-1,2
TGTGGTTGCTAAAGCT-1,2
TGTGTAGTAGCACGTG-1,2
TGTGTCGAAGTCGAGG-1,3
TGTGTCGCGAGTTGCA-1,1
TGTGTGACCATGAATC-1,1
TGTGTTCGTATCCAAG-1,3
TGTTAACAAAGTGACT-1,8
TGTTATTGTATGTGGC-1,1
TGTTCATAAATGTGCT-1,1
TGTTCCGCTTCCATGA-1,6
TGTTCCGGCCTGAGCT-1,9
TGTTCGTATTGCGGTG-1,1
TGTTCTCATACTATAG-1,9
TGTTCTCTACTCCCTA-1,3
TGTTCTTCCATTGACT-1,2
TGTTGCCGTCGTCCCA-1,6
TGTTGGCTGGCGGAAG-1,7
TGTTGTCAAGAAGTCT-1,0
TGTTTAATACTTCATC-1,7
TGTTTCGGTACTTCTC-1,1
TGTTTCTGAAGCGTGC-1,3
TGTTTGAGATCGTCAG-1,6
TTAAACAGAGTCCCGC-1,7
TTAAACCGGTAGCGAC-1,2
TTAAACCTGGTTCCTT-1,2
TTAAACTCGAATTCAT-1,0
TTAAAGGCGATGCTCG-1,4
TTAAAGTAAGTCGCCA-1,4
TTAACACCTCGAACAT-1,2
TTAACCAACCCTCCCT-1,1
TTAACCCGAGGCGTGT-1,8
TTAACGAACAAGCAGT-1,3
TTAACGTCGCAAGACC-1,3
TTAACGTTAAAGCCTG-1,1
TTAACTCACGCGTGGA-1,2
TTAACTGATCGTTTGG-1,9
TTAACTTCAGGTAGGA-1,1
TTAAGACGAACGAACC-1,6
TTAAGATACCCAGAGA-1,4
TTAAGATAGGATTGAC-1,3
TTAAGCCGACAACTTC-1,3
TTAAGCGCCTGACCCA-1,1
TTAAGGATACGGAGGT-1,1
TTAAGGCCCGTACTTT-1,1
TTAAGTATTGTTATCC-1,1
TTAATCAGTACGTCAG-1,6
TTAATGCGAGGTAACT-1,7
TTAATGTAGACCAGGT-1,0
TTAATGTGTTTGCAGG-1,7
TTAATTGCTTTGGGTG-1,1
TTAATTTCAGACGCGG-1,0
TTACAACTACGCATCC-1,1
TTACACGATCTGCGAC-1,2
TTACAGACCTAAATGA-1,0
TTACATCGTGGCCTGG-1,1
TTACATGCCACAACTA-1,1
TTACCATTGATTACCC-1,3
TTACCCATTGCCGGGT-1,0
TTACCCTAACAGTCCT-1,2
TTACCCTAGGGATTGG-1,2
TTACCGCCTTAGGGAA-1,3
TTACGGATGGTTCGAG-1,0
TTACGGTGTCACCGAG-1,7
TTACGTAGCGCGTGCT-1,6
TTACGTATCTATGACA-1,3
TTACTAAAGGACTTTA-1,2
TTACTATCGGCTTCTC-1,2
TTACTCCGGCCGGGAA-1,6
TTACTCTGGTACGTAC-1,1
TTACTGGGATATTTCA-1,6
TTACTGTCTAGAGCTC-1,1
TTACTGTTTCTCTACG-1,6
TTAGAAGAACATGACT-1,3
TTAGAATAAGGGTCGG-1,3
TTAGACACGATCGTTG-1,6
TTAGACGAGTCACCTC-1,2
TTAGAGGGATATACAG-1,1
TTAGAGTATTGTCGAG-1,9
TTAGAGTTTAGAAGGA-1,1
TTAGATAGGTCGATAC-1,1
TTAGCAACATGGATGT-1,1
TTAGCCATAGGGCTCG-1,9
TTAGCGAATAGATAGG-1,5
TTAGCTAATACGATCT-1,0
TTAGCTCTGTAATCCG-1,3
TTAGCTGATTTGCCGT-1,1
TTAGGATGGGAGGGTA-1,6
TTAGGTCATAACCGAC-1,2
TTAGGTGTGACTGGTC-1,7
TTAGTAAACCTGCTCT-1,1
TTAGTAGGGCGGCGGG-1,3
TTAGTTATTCGTGGCA-1,1
TTAGTTCAAGTGTTCG-1,3
TTATAGATGCACATTA-1,7
TTATAGGTAATTGTCT-1,3
TTATAGTCCAAGGTGC-1,6
TTATATACGCTGTCAC-1,2
TTATATTTGGCAATCC-1,0
TTATCATACTCGCAAA-1,7
TTATCCAATCGAACTC-1,3
TTATCCGGGATCTATA-1,1
TTATCCTCAAGGAATA-1,1
TTATCGCCTGCGAAGC-1,3
TTATCTGACATTAGGA-1,2
TTATCTGTATCATAAC-1,1
TTATGAATGAAAGGGA-1,3
TTATGACAAACTGGAT-1,3
TTATGATCTTAACGAA-1,3
TTATGCGTCCCGGTCC-1,7
TTATGTTTGCGATAGA-1,3
TTATTAGAGCGTGTTC-1,3
TTATTAGGGAAGCATC-1,1
TTATTATCTGGAAGGC-1,3
TTATTTAGGTTCCTTA-1,2
TTATTTCATCCCAAAC-1,7
TTCAAAGTCTCTAGCC-1,2
TTCAACGACCCGACCG-1,1
TTCAAGCCGAGCTGAG-1,3
TTCAATACTCTGAATC-1,1
TTCAATTAGCCATAAT-1,7
TTCACGAAAGGATCAC-1,2
TTCACGGTCGTCACGT-1,4
TTCACTCGAGCACCTA-1,2
TTCACTTCCTAGAACG-1,9
TTCAGAGTAACCTGAC-1,7
TTCAGCCCTGGTCCAC-1,1
TTCAGCTGGCGTGCCC-1,2
TTCAGGCGTCAAAGCC-1,6
TTCAGTTCAAGAGGAG-1,4
TTCAGTTTGTGGCAGC-1,1
TTCATAGCCTTGTAAC-1,3
TTCATAGGGTGTCCAT-1,2
TTCATGGCGCAACAGG-1,6
TTCCAATCAGAGCTAG-1,0
TTCCAATCTGGCTATC-1,3
TTCCACACAGATTTGA-1,1
TTCCACATTTCTCGTC-1,7
TTCCAGACGAGATTTA-1,1
TTCCAGTGGGTTTCGT-1,4
TTCCATCATGCGGTGA-1,6
TTCCATCGACAGCGTG-1,2
TTCCCAAAGTACTGAT-1,5
TTCCCGACGCTTCACT-1,2
TTCCCGGCGCCAATAG-1,3
TTCCGCAGAGAAATAT-1,3
TTCCGCGTGAGGCGAT-1,2
TTCCGGCCTTGAGGCT-1,1
TTCCGGCTCGACTTCT-1,3
TTCCGGTATCTGTGTC-1,3
TTCCGGTTACCCACTT-1,1
TTCCTCGAGGGTGTCT-1,1
TTCCTCGGACTAACCA-1,1
TTCCTCTGCCCGAATA-1,2
TTCCTTTCTGTGTTGC-1,2
TTCGAACGAAACATGC-1,9
TTCGACAGAGCCCGTG-1,2
TTCGACGGGAAGGGCG-1,1
TTCGAGCCGGCGCTAC-1,7
TTCGCACTCGCGTGCT-1,1
TTCGCACTGTACGACA-1,2
TTCGCATCCGGAAGCA-1,2
TTCGCCGCTCGCGCTA-1,1
TTCGCGCGCCATACGA-1,1
TTCGCTAGGAAGTTGT-1,2
TTCGCTATCTGACGTG-1,3
TTCGGACTGATGCCTT-1,6
TTCGGACTGGGCATGG-1,1
TTCGGCAACCCGCTGA-1,6
TTCGGCTAGAGATGGT-1,3
TTCGGGACTAATCGCG-1,3
TTCGGGCGCTAGTCTT-1,1
TTCGGGTTGCCACGGG-1,3
TTCGGTACTGTAGAGG-1,4
TTCGGTGGAGACGCCC-1,2
TTCGTAATCCCAGCGG-1,3
TTCGTACTCCAGAACG-1,1
TTCGTGCATGTTATAG-1,5
TTCGTGGGCTGGAAGC-1,6
TTCGTTCAACGAAGTT-1,1
TTCTAACCGAAGCTTA-1,0
TTCTACCTCAATCGGT-1,4
TTCTACCTTTATGTTG-1,7
TTCTACTTGCGAGGGC-1,1
TTCTAGAAAGTCTTAT-1,1
TTCTAGGCCAATTGTG-1,1
TTCTATGCCTTTCGCA-1,0
TTCTATTAAACGCAGC-1,4
TTCTCAATTGCTACAA-1,9
TTCTCTTACAGGTGAT-1,3
TTCTGACCGGGCTCAA-1,3
TTCTGCCGCGCCTAGA-1,2
TTCTGCGAGCGCCCTT-1,2
TTCTGCGGGTTAGCGG-1,3
TTCTGCTAGACTCCAA-1,0
TTCTGTTTCCTGTCGC-1,3
TTCTTAGTGAACGGTG-1,1
TTCTTAGTGGCTCAGA-1,1
TTCTTATCCGCTGGGT-1,3
TTCTTCCCTTTGATAT-1,7
TTCTTCGCAATAGAGC-1,7
TTCTTGAGCCGCGCTA-1,3
TTCTTGCTAGCATCTC-1,1
TTCTTGGACGATCTGC-1,1
TTCTTGGAGTAATGAG-1,0
TTCTTGTAACCTAATG-1,1
TTCTTGTGTCCATCAG-1,3
TTCTTTGGTCGCGACG-1,6
TTGAAACCCTCATTCC-1,2
TTGAAAGGTGTAAAGG-1,3
TTGAACGAATCCTTTG-1,1
TTGAACGACGTGCTGA-1,1
TTGAAGAATTCCCAGG-1,3
TTGAAGGATGGGCGCC-1,3
TTGAAGTGCATCTACA-1,5
TTGAATATGGACTTTC-1,0
TTGAATCGTTGTATAA-1,1
TTGAATTCACGTGAGG-1,1
TTGACAGGAGCTCCCG-1,1
TTGACATGAACGTGGA-1,1
TTGACCAGGAACAACT-1,1
TTGACCATGTTCTCCG-1,0
TTGACCGTGTTAATGA-1,3
TTGACGATTCAGCACG-1,2
TTGACGCTCCATGAGC-1,1
TTGACTACCATATGGT-1,3
TTGACTATTGTCCGGC-1,1
TTGAGAAGTTTAGCAT-1,3
TTGAGAGTACTGCTAA-1,1
TTGAGCAGCCCACGGT-1,3
TTGAGCGCCACGTGAT-1,6
TTGAGGCATTTAACTC-1,7
TTGAGTCCCGCTGCTG-1,2
TTGATAGTCAATACAT-1,3
TTGATCTAACTTTGTC-1,1
TTGATGCCGCTCGTCG-1,4
TTGATGTGTAGTCCCG-1,0
TTGATTAGCTGTTTCT-1,1
TTGATTATGCAGATGA-1,3
TTGCAAGAAGACTCCT-1,9
TTGCACAATTCAGAAA-1,2
TTGCACGGAGCAGCAC-1,3
TTGCAGGTCATGAAGT-1,6
TTGCATGCTGATCACG-1,1
TTGCCAAGCAGAACCC-1,3
TTGCCATAGCCCGCTC-1,1
TTGCCCTGATCACGGG-1,3
TTGCCGCAGACCTACA-1,1
TTGCCGCTTTCTAGTA-1,1
TTGCCGGTGATCCCTC-1,6
TTGCCTAATCCAAAGT-1,4
TTGCCTTCTCGCCGGG-1,1
TTGCGCACAACCACGT-1,8
TTGCGCTCTCTCGCTT-1,3
TTGCGCTTGATCAATA-1,4
TTGCGGAAAGCTGCCC-1,9
TTGCGGCATCAGAAAG-1,1
TTGCGGCGACTCATGC-1,6
TTGCGTAGTTTGAGGA-1,3
TTGCGTCGGCCAACCG-1,1
TTGCGTGAACGCTTAG-1,6
TTGCGTGTGTAGGCAT-1,4
TTGCTAGCTACCAATC-1,7
TTGCTCATAGTACGTG-1,4
TTGCTCCCATACCGGA-1,0
TTGCTGAAGGAACCAC-1,1
TTGCTGATCATGTTCG-1,6
TTGCTGCACCTATCCA-1,3
TTGCTGGCCGGGCTTC-1,7
TTGGAAGAATACAGTC-1,1
TTGGACATGTGGCTTA-1,3
TTGGACCATCTGGCAA-1,3
TTGGACCTATAACAGT-1,1
TTGGAGTCTCCCTTCT-1,2
TTGGATATCGTCTACG-1,3
TTGGATCGACTTCTGG-1,6
TTGGATTGGGTACCAC-1,1
TTGGCCAAATTGTATC-1,9
TTGGCCATCTTGCGCT-1,1
TTGGCCTAGAATTTCG-1,0
TTGGCGATCCGAATAT-1,0
TTGGCTCAATATGTGT-1,4
TTGGCTCGCATGAGAC-1,1
TTGGGAAGACGAGCCG-1,4
TTGGGACACTGCCCGC-1,0
TTGGGACGTAAGAGTT-1,3
TTGGGCGGCGGTTGCC-1,0
TTGGGTTTATTCAGCG-1,1
TTGGTATGGCTTGTGT-1,0
TTGGTCACACTCGTAA-1,3
TTGGTGCGGTGTTGAA-1,6
TTGGTTCGCTCAAAGG-1,0
TTGGTTGCGGTGCGCG-1,1
TTGTAACTTCATAGCG-1,0
TTGTAAGGACCTAAGT-1,3
TTGTAAGGCCAGTTGG-1,0
TTGTAATCCGTACTCG-1,2
TTGTACACCTCGAACA-1,1
TTGTATCACACAGAAT-1,2
TTGTCACCGCGGTATC-1,1
TTGTCGTTCAGTTACC-1,1
TTGTCTCGGCAAGATG-1,9
TTGTGAACCTAATCCG-1,2
TTGTGAGGCATGACGC-1,2
TTGTGATCTGTTCAGT-1,4
TTGTGCAGCCACGTCA-1,3
TTGTGCGGAAGCGGAT-1,1
TTGTGGCCCTGACAGT-1,1
TTGTGGTAGGAGGGAT-1,1
TTGTGGTATAGGTATG-1,3
TTGTGGTGGTACTAAG-1,1
TTGTGTATGCCACCAA-1,1
TTGTGTTTCCCGAAAG-1,1
TTGTTAGCAAATTCGA-1,1
TTGTTCAGTGTGCTAC-1,0
TTGTTCTAGATACGCT-1,2
TTGTTGGCAATGACTG-1,9
TTGTTGTGTGTCAAGA-1,0
TTGTTTCACATCCAGG-1,1
TTGTTTCATTAGTCTA-1,2
TTGTTTCCATACAACT-1,1
TTGTTTGTATTACACG-1,9
TTGTTTGTGTAAATTC-1,2
