barcode,cluster
AAACAACGAATAGTTC-1,6
AAACAAGTATCTCCCA-1,2
AAACAATCTACTAGCA-1,1
AAACACCAATAACTGC-1,4
AAACAGAGCGACTCCT-1,5
AAACAGCTTTCAGAAG-1,0
AAACAGGGTCTATATT-1,0
AAACAGTGTTCCTGGG-1,0
AAACATGGTGAGAGGA-1,9
AAACATTTCCCGGATT-1,7
AAACCACTACACAGAT-1,0
AAACCCGAACGAAATC-1,5
AAACCGGAAATGTTAA-1,2
AAACCGGGTAGGTACC-1,0
AAACCGTTCGTCCAGG-1,4
AAACCTAAGCAGCCGG-1,9
AAACCTCATGAAGTTG-1,3
AAACGAAGAACATACC-1,5
AAACGAAGATGGAGTA-1,0
AAACGACAGTCTTGCC-1,7
AAACGAGACGGTTGAT-1,6
AAACGCCCGAGATCGG-1,7
AAACGCTGGGCACGAC-1,1
AAACGGGCGTACGGGT-1,9
AAACGGGTTGGTATCC-1,1
AAACGGTTGCGAACTG-1,8
AAACGTGTTCGCCCTA-1,6
AAACTAACGTGGCGAC-1,6
AAACTCGGTTCGCAAT-1,4
AAACTCGTGATATAAG-1,7
AAACTGCTGGCTCCAA-1,7
AAACTTAATTGCACGC-1,3
AAACTTGCAAACGTAT-1,0
AAAGAATGACCTTAGA-1,0
AAAGAATGTGGACTAA-1,0
AAAGACATGAAGTTTA-1,7
AAAGACCCAAGTCGCG-1,6
AAAGACTGGGCGCTTT-1,3
AAAGCTTGCCTACATA-1,2
AAAGGCCCTATAATAC-1,8
AAAGGCTACGGACCAT-1,2
AAAGGCTCTCGCGCCG-1,4
AAAGGGATGTAGCAAG-1,6
AAAGGGCAGCTTGAAT-1,0
AAAGGTAAGCTGTACC-1,7
AAAGGTCAACGACATG-1,7
AAAGTAGCATTGCTCA-1,8
AAAGTCACTGATGTAA-1,1
AAAGTCGACCCTCAGT-1,3
AAAGTGCCATCAATTA-1,1
AAAGTGTGATTTATCT-1,4
AAAGTTGACTCCCGTA-1,4
AAATAACCATACGGGA-1,5
AAATAAGGTAGTGCCC-1,5
AAATACCTATAAGCAT-1,7
AAATAGCTTAGACTTT-1,5
AAATAGGGTGCTATTG-1,2
AAATCACTCCTAAACG-1,7
AAATCCGATACACGCC-1,9
AAATCGCGGAAGGAGT-1,3
AAATCGTGTACCACAA-1,8
AAATCTAGCCCTGCTA-1,0
AAATCTGCCCGCGTCC-1,4
AAATGACTGATCAAAC-1,8
AAATGATTCGATCAGC-1,7
AAATGCTCGTTACGTT-1,6
AAATGGCATGTCTTGT-1,5
AAATGGCCCGTGCCCT-1,0
AAATGGTCAATGTGCC-1,7
AAATGTATCTTATCCC-1,3
AAATGTGGGTGCTCCT-1,5
AAATTAACGGGTAGCT-1,7
AAATTAATAAGCGCGA-1,3
AAATTACACGACTCTG-1,5
AAATTACCTATCGATG-1,2
AAATTCCAGGTCCAAA-1,5
AAATTGATAGTCCTTT-1,8
AAATTGCGGCGGTTCT-1,6
AAATTGGTGAGAAGCA-1,7
AAATTTACCGAAATCC-1,7
AAATTTGCGGGTGTGG-1,8
AACAACTGGTAGTTGC-1,6
AACAATACATTGTCGA-1,8
AACAATTACTCTACGC-1,3
AACACACGCTCGCCGC-1,4
AACACGACTGTACTGA-1,5
AACACGAGACGCGGCC-1,0
AACACGCGGCCGCGAA-1,6
AACAGCTGTGTGGCAA-1,8
AACAGGAAATCGAATA-1,5
AACAGGATGGGCCGCG-1,3
AACAGGTAGTATGGAT-1,5
AACATAGCGTGTATCG-1,8
AACATATCAACTGGTG-1,2
AACATCGATACGTCTA-1,2
AACATTGAAGTTGATC-1,8
AACATTGGTCAGCCGT-1,6
AACATTGTGACTCGAG-1,8
AACCAAGACTTCTCTG-1,3
AACCAGTATCACTCTT-1,7
AACCATAGGGTTGAAC-1,8
AACCATGGGATCGCTA-1,6
AACCCAGAGACGGAGA-1,6
AACCCATCCCATGATC-1,8
AACCCGACAACCCGTG-1,0
AACCCGAGCAGAATCG-1,6
AACCCGATAGGGCTTC-1,4
AACCCGCTGTATTCCA-1,7
AACCCTACTGTCAATA-1,4
AACCCTGGTGGAACCA-1,1
AACCGAGCTTGGTCAT-1,6
AACCGCTAAGGGATGC-1,4
AACCGTTGTGTTTGCT-1,5
AACCTAAAGCCGTCCG-1,7
AACCTCGCTTTAGCCC-1,9
AACCTGTCACGGAATT-1,5
AACCTTTAAATACGGT-1,7
AACCTTTACGACGTCT-1,5
AACGAAAGTCGTCCCA-1,8
AACGACCTCCTAGCCG-1,6
AACGATAATGCCGTAG-1,7
AACGATAGAAGGGCCG-1,6
AACGATATGTCAACTG-1,1
AACGCATGATCTGGGT-1,5
AACGCGAACGGCAACA-1,7
AACGCGACCTTGGGCG-1,9
AACGCGGTCTCCAGCC-1,1
AACGCTGTTGCTGAAA-1,7
AACGGACGTACGTATA-1,4
AACGGCCATCTCCGGT-1,8
AACGTACTGTGGGTAC-1,8
AACGTAGTCTACCCAT-1,1
AACGTCAGACTAGTGG-1,7
AACGTCATCCGGCTTG-1,0
AACGTCGCTGCACTTC-1,6
AACGTGATGAAGGACA-1,0
AACGTGCGAAAGTCTC-1,7
AACGTTATCAGCACCT-1,0
AACGTTCTACCATTGT-1,2
AACTACCCGTTTGTCA-1,5
AACTAGCGTATCGCAC-1,4
AACTAGGCTTGGGTGT-1,4
AACTCAAGTTAATTGC-1,7
AACTCCAGAGCGTGTT-1,7
AACTCCTAATCCCATG-1,5
AACTCGATAAACACGT-1,7
AACTCGATGGCGCAGT-1,7
AACTCTCAATAGAGCG-1,4
AACTCTCAGTGTGCTC-1,8
AACTGAGGTCAGCGTC-1,6
AACTGAGTTATACTGA-1,5
AACTGATATTAGGCCT-1,5
AACTGGGTCCCGACGT-1,5
AACTGGGTTCGAGCCG-1,7
AACTGGTGTGGGCCTT-1,6
AACTTCTGCGTCTATC-1,0
AACTTGCCCGTATGCA-1,3
AACTTGCGTTCTCGCG-1,0
AACTTTACGGGAGCTT-1,3
AACTTTAGCTGCTGAG-1,1
AACTTTCTCGATCATG-1,6
AAGAAAGTTTGATGGG-1,8
AAGAAATCACCAGATT-1,7
AAGAAGGATCAGTTAG-1,6
AAGACATACGTGGTTT-1,6
AAGACCAAATAACTCA-1,3
AAGACCCAACTGAACA-1,8
AAGACTAACCCGTTGT-1,6
AAGACTCACGCCCACT-1,7
AAGACTGCAAGCTACT-1,7
AAGAGATGAATCGGTA-1,3
AAGAGCTCTTTATCGG-1,6
AAGAGGATGTACGCGA-1,3
AAGAGGCATGGATCGC-1,7
AAGAGGCCCTTTGGAA-1,6
AAGATGGCACCGGACC-1,8
AAGATTGGCGGAACGT-1,2
AAGCACCCTGCGTATC-1,9
AAGCATACTCTCCTGA-1,6
AAGCCACTTGCAGGTA-1,8
AAGCCGAAGCGGTTTA-1,5
AAGCCGCCGTGAAATC-1,8
AAGCCGCTTTACCTTG-1,7
AAGCCGGAGAGCAGGA-1,1
AAGCGCAGGGCTTTGA-1,4
AAGCGGAGTGCGCGCA-1,7
AAGCGGCGTCATGGGT-1,5
AAGCGTCCCTCATCGA-1,8
AAGCTAGATCGAGTAA-1,8
AAGCTATGGATTGACC-1,7
AAGCTCGTGCCAAGTC-1,7
AAGCTCTTTCATGGTG-1,4
AAGGAGAACTTATAAG-1,5
AAGGAGCGGTTGGTGC-1,2
AAGGATCGATCGCTTG-1,1
AAGGATGAGGGACCTC-1,1
AAGGCAGGCTGTCTCC-1,2
AAGGCGCGTAAAGCTT-1,6
AAGGCTGTGCTCATCG-1,7
AAGGGAACGACTGGCT-1,3
AAGGGACAGATTCTGT-1,2
AAGGGACTATGCATTC-1,8
AAGGGTTAGCCATGCG-1,1
AAGGGTTTGATTTCAG-1,3
AAGGTATCCTAATATA-1,2
AAGGTGATAAACCAGC-1,4
AAGTAAGCTTCCAAAC-1,1
AAGTAGAAGACCGGGT-1,6
AAGTAGTGACGCGAGG-1,3
AAGTCAATTGTCGTCA-1,1
AAGTCTAGTAGCTGCC-1,6
AAGTCTTCTGTGGCCT-1,8
AAGTGACGACCGAATT-1,0
AAGTGAGTCGGGTTTA-1,8
AAGTGCAAAGGTAGAC-1,3
AAGTGCCTTGACTGTA-1,4
AAGTGCGTTAGAATCT-1,8
AAGTGCTTCTCTATTG-1,8
AAGTGTTTGGAGACGG-1,2
AAGTTCACTCCAAGCT-1,4
AAGTTCAGTCTGCGTA-1,1
AAGTTCGGCCAACAGG-1,8
AAGTTGTGATGTTATA-1,7
AAGTTTACTAATGGCA-1,1
AAGTTTATGGGCCCAA-1,9
AATAACAACGCTCGGC-1,3
AATAACACTAGAACAA-1,7
AATAACGTCGCGCCCA-1,6
AATAATCTTCGTATCG-1,1
AATACAATGTTTCAGG-1,0
AATACCGGAGGGCTGT-1,8
AATACCTGATGTGAAC-1,7
AATAGAACAGAGTGGC-1,4
AATAGAATCTGTTTCA-1,8
AATAGCAAGCCTCCTG-1,6
AATAGCTACCGCGTGC-1,7
AATAGGCACGACCCTT-1,3
AATAGTCCGTCCCGAC-1,0
AATAGTCGCGAGTCGG-1,3
AATATCAAGGTCGGAT-1,1
AATATCCTAGCAAACT-1,3
AATATCGAATCAATGC-1,1
AATATCGAGGGTTCTC-1,2
AATATTGGAGTATTGA-1,3
AATCAGACTGCAGGAC-1,7
AATCAGGTTTCATTTA-1,8
AATCATGTAAAGACTC-1,7
AATCCAAGGGCCTGAG-1,6
AATCCATGCAAGGGTG-1,7
AATCCCGCTCAGAGCC-1,0
AATCGAGGTCTCAAGG-1,8
AATCGCCTCAGCGCCA-1,7
AATCGCGCAGAGGACT-1,1
AATCGGGACACTACGA-1,2
AATCGGTATAGCCCTC-1,1
AATCGTGAGCCGAGCA-1,7
AATCTAGGTTTACTTG-1,8
AATCTATGCCGGAGCC-1,5
AATCTCTACTGTGGTT-1,0
AATCTGCGTTGGGACG-1,1
AATCTGGCTTTCTAGT-1,4
AATCTGGGTAGACCCT-1,7
AATGACAGCAATGTCT-1,8
AATGACGTAGGATGTC-1,8
AATGACTGTCAGCCGG-1,1
AATGAGTTCGCATATG-1,0
AATGATGATACGCTAT-1,5
AATGATGCGACTCCTG-1,2
AATGCAACCGGGTACC-1,6
AATGCACCAAGCAATG-1,5
AATGGCCGCCAATGCG-1,7
AATGGTCCACCGTTCA-1,3
AATGGTTCTCACAAGC-1,6
AATGTATGGCACTGTA-1,0
AATGTGCCCGAGGTGT-1,8
AATGTGCTAATCTGAG-1,8
AATGTTAAGACCCTGA-1,8
AATGTTGTCGTGAGAC-1,6
AATTAAAGGTCGGCGT-1,8
AATTAACGGATTTCCA-1,9
AATTACGAGACCCATC-1,0
AATTACTCGTACGCTC-1,7
AATTAGCGCTGCAGCG-1,8
AATTATACCCAGCAAG-1,8
AATTCATAAGGGATCT-1,5
AATTCATTGTCATGCA-1,3
AATTCCAACTTGGTGA-1,6
AATTCCAAGCATGTAC-1,7
AATTCGATTCGAGGAT-1,4
AATTCTAGAGTTAGGC-1,8
AATTGAACGCTCTGGT-1,6
AATTGCAGCAATCGAC-1,7
AATTGCGTGGATTACA-1,8
AATTGTGGTTGCCAAA-1,2
AATTTGGGACATAGTA-1,5
AATTTGGTTCCAAAGA-1,5
ACAAACCATGCGTCCT-1,3
ACAAACCGACAAGGCG-1,7
ACAAACTCCATCAGAG-1,3
ACAAAGAAGGTAGGCC-1,3
ACAAAGCATGACCTAG-1,7
ACAAATCGCACCGAAT-1,2
ACAAATGGTAGTGTTT-1,8
ACAAATTCAGATCTGA-1,1
ACAACAGCATGAGCTA-1,2
ACAACGGTCCCTGCGA-1,6
ACAAGCAGTGCCTAGC-1,3
ACAAGCTATATGGAAG-1,3
ACAAGGACAAGAGGTT-1,7
ACAAGGATGCTTTAGG-1,9
ACAAGGCCTACCAGCC-1,7
ACAAGGGCAGGCTCTG-1,7
ACAAGTAATTGTAAGG-1,8
ACAATAGTCGTACGTT-1,3
ACAATCCATTTAAACC-1,3
ACAATCGATCTTTATA-1,5
ACAATGAATACGGAGA-1,8
ACAATGATTCTTCTAC-1,7
ACAATTGTGTCTCTTT-1,0
ACAATTTAGGAGGCTC-1,3
ACAATTTGAGCAGTGG-1,2
ACAATTTGGCCATATT-1,2
ACACAAAGACGGGTGG-1,5
ACACAAATATTCCTAG-1,7
ACACACCAGGACCAGT-1,4
ACACACTTTCTACACG-1,5
ACACATGATCAAATCT-1,8
ACACATTGACGCAACA-1,7
ACACATTTCCGTAGAC-1,8
ACACCACATAATTAGC-1,5
ACACCCAGCATGCAGC-1,6
ACACCCGAGAAATCCG-1,1
ACACCCGTAAATCTGT-1,7
ACACCGAGCGCTCTTT-1,3
ACACCGGTCTGACCGC-1,8
ACACCTTAAGTAGGGC-1,6
ACACCTTACTACTTGC-1,1
ACACGAGACTCCTTCT-1,2
ACACGGCACTATGCAT-1,5
ACACGGGAACTTAGGG-1,1
ACACGTAGGCCACAAG-1,2
ACACTCCAATGTCACT-1,0
ACACTGATCAAGGTGT-1,8
ACACTGGGACAGTCGT-1,2
ACAGAACTGAGAACAA-1,8
ACAGATTAGGTTAGTG-1,1
ACAGCATAGAGCCAGT-1,2
ACAGCGACATTCTCAT-1,0
ACAGCGCACCCGCAGC-1,1
ACAGGAGGCGCAGCCG-1,0
ACAGGCACGGATCCTT-1,9
ACAGGCTTGCCCGACT-1,1
ACAGGTGGAGGTGAGG-1,4
ACAGGTGTGTTGTTGC-1,8
ACAGTAATACAACTTG-1,0
ACAGTATACCGTGGGA-1,6
ACAGTGCAGCGCATTT-1,8
ACATAAGTCGTGGTGA-1,8
ACATAATAAGGCGGTG-1,6
ACATACAATCAAGCGG-1,8
ACATCAGCTGGGACGC-1,3
ACATCCCGGCCATACG-1,4
ACATCCTGGTAACTGT-1,1
ACATCGATCGTTTACC-1,7
ACATCGCAATATTCGG-1,8
ACATCGGTCAGCCGCG-1,0
ACATCGTATGCAATGG-1,6
ACATCGTTAACCTAGT-1,5
ACATCTCAACGCGTAA-1,6
ACATGCTTACGGCAGC-1,7
ACATGGCGCCAAAGTA-1,1
ACATGGCTCAATTTAG-1,6
ACATTAGTTTATATCC-1,8
ACATTCGCGCGGAATA-1,8
ACATTTGAAACCTAAC-1,8
ACCAAACACCCAGCGA-1,7
ACCAACACCACACACT-1,6
ACCAACCGCACTCCAC-1,7
ACCAACGCTTATTTAT-1,4
ACCAAGAACGCGTGTC-1,6
ACCAAGTCATCGGCAG-1,6
ACCAATATGCAAGTTA-1,4
ACCACAACTCAGAACA-1,1
ACCACAAGTTTCTATC-1,6
ACCACACGGTTGATGG-1,8
ACCACCAATGTAACAA-1,5
ACCACCCTCTCTTCTA-1,7
ACCACGTGCAGCTATA-1,8
ACCACTGTTCAAGAAG-1,0
ACCAGACCATAACAAC-1,8
ACCAGGAGTGTGATCT-1,5
ACCAGTGCCCGGTCAA-1,6
ACCAGTGCGGGAGACG-1,4
ACCATATCCGCAATAA-1,8
ACCATCCGCCAACTAG-1,7
ACCATCGTATATGGTA-1,8
ACCATTAAGGGTGTCA-1,3
ACCCAACGCCCGTGGC-1,1
ACCCACCTACATGCTC-1,0
ACCCATCTTGAGGGTA-1,3
ACCCATTTGTCCCTCT-1,0
ACCCGAGCGAAATTAC-1,4
ACCCGATTGGTTCCGA-1,8
ACCCGGAAACTCCCAG-1,4
ACCCGGAGCACCACAA-1,2
ACCCGGATGACGCATC-1,1
ACCCGGTTACACTTCC-1,8
ACCCGTAGCAGAGAAT-1,7
ACCCGTAGTCTAGTTG-1,1
ACCCGTGTCATCAGTA-1,7
ACCCTATAGGACTGAG-1,0
ACCCTATGCCATATCG-1,7
ACCCTCCCGTCAGGGC-1,0
ACCCTCCCTTGCTATT-1,7
ACCCTGGTAACGCCCT-1,7
ACCCTTCATCTGCGAA-1,2
ACCCTTGCCTGGGTCG-1,7
ACCCTTTAGTTCTCCA-1,4
ACCGAAAGGGCCCTGC-1,6
ACCGAAGAGTCTGGTT-1,7
ACCGACACATCTCCCA-1,8
ACCGACTGAGTCCCAC-1,7
ACCGAGTCTCCTTATT-1,8
ACCGATAGGCATAACC-1,1
ACCGATATTTAATCAT-1,5
ACCGATGGTAGCATCG-1,7
ACCGCGGTGGAAGTCG-1,5
ACCGCTAGTCATTGGT-1,7
ACCGGGCCTTTGTTGA-1,4
ACCGGTCAGGTACACC-1,8
ACCGGTCTGAGTACGG-1,7
ACCGTCCACTGGGCCC-1,3
ACCGTGACCACGTGGG-1,8
ACCGTTCCCGCTCTGA-1,5
ACCTAAGTACCTTTCA-1,4
ACCTAATCGACTTCCT-1,3
ACCTACAGTATGTGGT-1,5
ACCTACTATAAATCTA-1,9
ACCTCAGCGAGGCGCA-1,8
ACCTCCGCCCTCGCTG-1,4
ACCTCCGTTATTCACC-1,5
ACCTCGAACTTATGCT-1,0
ACCTGCGTGTCATGTT-1,7
ACGAAATGGGCGGCAC-1,3
ACGACCCATGAGTTGC-1,2
ACGACTCTAGGGCCGA-1,7
ACGACTGGTCATACTC-1,7
ACGAGAACCCATCACG-1,6
ACGAGATATTTGCTTA-1,5
ACGAGGATACCACTCT-1,0
ACGAGGTTTACAACGT-1,8
ACGAGTACGGATGCCC-1,2
ACGAGTCGCCGGCGTT-1,6
ACGATACATAGAACTA-1,1
ACGATACCTATCCTGA-1,3
ACGATCATACATAGAG-1,6
ACGATCATCTTGTAAA-1,1
ACGATGCATATGTTAT-1,7
ACGATGGATCCGATGC-1,1
ACGCAAACTAATAGAT-1,0
ACGCAATCACTACAGC-1,5
ACGCATAAATGACATG-1,4
ACGCATACGTTTACTA-1,7
ACGCATTCGTGAGTAC-1,7
ACGCCACTCGAAACAG-1,7
ACGCCAGATGATTTCT-1,5
ACGCCAGTGCGTTTGC-1,6
ACGCCGCTAGACGACC-1,7
ACGCCTGACACGCGCT-1,9
ACGCGAAGTCAGACGA-1,7
ACGCGCTACACAGGGT-1,3
ACGCGGGCCAAGGACA-1,7
ACGCGTTTCTTAAGAG-1,0
ACGCTACTGAATGGGC-1,1
ACGCTAGTATCAGTGC-1,7
ACGCTAGTGATACACT-1,2
ACGCTGTGAGGCGTAG-1,3
ACGCTTAGTGTCTCTC-1,7
ACGGAACACGAGTGCC-1,7
ACGGAATTTAGCAAAT-1,6
ACGGACGCAGCGACAA-1,8
ACGGACTCTCAAAGCG-1,9
ACGGAGCGCAAATTAC-1,7
ACGGATGGTGCGGATA-1,4
ACGGCACTTGCTTGGG-1,8
ACGGCCAACATGGACT-1,7
ACGGCGGGTTGCCCTG-1,6
ACGGCTGGATGTAGAA-1,0
ACGGGAGTGTCGGCCC-1,4
ACGGGCGTATGCGACA-1,7
ACGGGTCATGTGACTT-1,7
ACGGGTTGTGACCTGT-1,4
ACGGTACAGTTCAATG-1,0
ACGGTCACCGAGAACA-1,8
ACGTACAGATTTCTCT-1,5
ACGTACTTTGGCACGG-1,8
ACGTAGATTGCTGATG-1,7
ACGTAGGAGAGTCGCT-1,8
ACGTATTACTCCGATC-1,1
ACGTCCTAAACGAGAT-1,2
ACGTCGGGCAACTCGG-1,8
ACGTCTCGTTCCGGGA-1,3
ACGTGACAAAGTAAGT-1,3
ACGTGCGCCTCGTGCA-1,5
ACGTGGTCGAATGTGC-1,2
ACGTTAATGTCGAAGA-1,7
ACGTTAGATTTGCCCG-1,7
ACGTTATTGGTCACTC-1,7
ACGTTCACTATGCCGC-1,3
ACGTTCCGCGCTCCGT-1,1
ACGTTCGCAATCAATT-1,5
ACGTTCGTTCAGGAAA-1,8
ACGTTCTGTACAAGTC-1,7
ACGTTGTCGTTGAAAG-1,7
ACGTTTAGTTGTGATC-1,1
ACGTTTCGGTGCACTT-1,5
ACTAAGGACGCACACC-1,4
ACTAATACGTCAGGCG-1,6
ACTACAAAGAGAGGTG-1,4
ACTACATCCCGACAAG-1,3
ACTACCAGCTCTCTGG-1,7
ACTACCATCCGAGGGC-1,8
ACTACGCGTTAGAATT-1,8
ACTAGTTGCGATCGTC-1,0
ACTATATGCTGTGTTC-1,7
ACTATCCAGGGCATGG-1,5
ACTATCGCCGGCTAAA-1,3
ACTATCTGCCCGCGTA-1,2
ACTATGTCCAGCTGCC-1,0
ACTATTCGTCCGTGGT-1,5
ACTATTTCCGGGCCCA-1,8
ACTCAACGAATGTATT-1,6
ACTCAAGTGCAAGGCT-1,4
ACTCAATAAAGGCACG-1,1
ACTCAGACCTGCTTCT-1,1
ACTCATGGCAGCCTTC-1,8
ACTCCAATATCATCAT-1,8
ACTCCCATTCCTAAAG-1,8
ACTCCCGAATTCGTTT-1,5
ACTCCCGTAGACTAGG-1,6
ACTCCCTAATGCTAAA-1,4
ACTCCCTAGAATAGTA-1,7
ACTCCGGCCGACCACT-1,7
ACTCGATGTATTTCAT-1,0
ACTCGCCGTTCGATAA-1,6
ACTCGCGATCTGACGC-1,5
ACTCGTAACCCGTCCT-1,1
ACTCGTCAGTAATCCC-1,7
ACTCTAAACCTGGGAT-1,3
ACTCTCTGACTTAGGT-1,7
ACTCTCTTATACACGA-1,4
ACTCTGACCTAATAGA-1,0
ACTCTTCAGCTCCCGC-1,5
ACTCTTGTATAGTAAC-1,7
ACTGAAACGCCGTTAG-1,7
ACTGAATGGCGAAAGT-1,8
ACTGATTTAGTGATTC-1,7
ACTGCCCGCCATTCTC-1,7
ACTGCCGTCGTAACTC-1,5
ACTGCGGACACACCGT-1,2
ACTGCTCGGAAGGATG-1,6
ACTGGCGAACCTGCGT-1,4
ACTGGGATGCCAGTGC-1,9
ACTGTACGATACACAT-1,4
ACTGTAGCACTTTGGA-1,7
ACTGTATACGCGAGCA-1,6
ACTGTCCAGGATTATA-1,7
ACTGTCTTCTTTAGAA-1,7
ACTGTGCTAGTAGATC-1,7
ACTGTTTAGTGTAGGC-1,2
ACTTACCGGGCGCGCA-1,5
ACTTACGCATCCACGC-1,9
ACTTAGTACGACAAGA-1,6
ACTTATACTTACCCGG-1,7
ACTTATCTGATCTATA-1,1
ACTTATTAGGATCGGT-1,7
ACTTATTTATGTGCCA-1,4
ACTTCAGGCTGATCCC-1,6
ACTTCCAGTGGAAGCT-1,3
ACTTCCATGCGGGACA-1,9
ACTTCCTGTCGTGCGA-1,8
ACTTCGCCATACGCAC-1,1
ACTTCGCTAGCGAGTG-1,6
ACTTGACTCCCTCTTT-1,7
ACTTGCCATATTGTAC-1,5
ACTTGCTCTATCTACC-1,8
ACTTGGGACCCGGTGG-1,6
ACTTGGGCTTTCGCCA-1,8
ACTTGTAGTCCCTTCA-1,7
ACTTGTGGATGGAACG-1,1
ACTTGTTACCGGATCA-1,0
ACTTTACCCTCATGAA-1,5
ACTTTATACACCACTT-1,8
ACTTTCCTATAGCTTC-1,7
ACTTTGACTGCATCCT-1,3
ACTTTGGTCGTGCTCC-1,8
ACTTTGTCGACGCACT-1,2
AGAAATTATGACTCGC-1,5
AGAACACGGCGATGGT-1,8
AGAACCCAGCGTGACA-1,2
AGAACCCTCAATTGGG-1,0
AGAACGTGGTACATTC-1,1
AGAACTGTACTTTGTA-1,8
AGAAGAGCGCCGTTCC-1,7
AGAAGGTACACTTCAC-1,8
AGAAGGTTGCCGAATT-1,8
AGAAGGTTGTAGGTCG-1,9
AGAAGTGATTCGTGAT-1,7
AGAATAAATCTTCAGG-1,3
AGAATACAGGCTATCC-1,7
AGAATGCGGGTTCGGA-1,7
AGAATTATGGATTCGA-1,5
AGAATTGTTTGACATA-1,6
AGACAGCTCAGAATCC-1,3
AGACAGGCATCTCAGC-1,5
AGACATAGATCCTTCC-1,1
AGACCAAACCACACCT-1,3
AGACCATGGGATACAA-1,0
AGACCCACCGCTGATC-1,8
AGACCCGCCCTCCTCG-1,6
AGACCGCTCCGCGGTT-1,2
AGACCGGGAAACCCTG-1,3
AGACGAAGTGCCGGTC-1,1
AGACGACGATGCCGCT-1,8
AGACGCCCACTTCGCC-1,6
AGACGGGATTGGTATA-1,7
AGACGGGCCGATTTAA-1,6
AGACTAGCCTTCCAGA-1,7
AGACTGTTACCGGGTC-1,0
AGAGAAACACCAGAAA-1,7
AGAGAACCGTCTAGGA-1,1
AGAGAAGGAGTACAAT-1,8
AGAGATCTCTAAAGCG-1,3
AGAGCAGTTATGAGAC-1,3
AGAGCCGCCGAGATTT-1,6
AGAGCGCTTGTAACGG-1,6
AGAGCGGGCTAATCAT-1,1
AGAGCGTACAAGCTCG-1,0
AGAGCTACGAAAGCAT-1,7
AGAGGCTTCGGAAACC-1,4
AGAGGGACAATTGTCC-1,4
AGAGGTATCTCGGTCC-1,6
AGAGTAAACTTCACTA-1,1
AGAGTATAGTGTTACG-1,6
AGAGTCTTAATGAAAG-1,5
AGAGTGAACAGACACC-1,7
AGAGTTAGAGACCGAT-1,7
AGAGTTGCAGGCCTCC-1,6
AGATAACTTCAGGGCC-1,7
AGATAATCACACCTAT-1,7
AGATACCAATAGAACC-1,7
AGATACCAGCACTTCA-1,6
AGATACCGGTGTTCAC-1,7
AGATACGACTTCATAT-1,6
AGATACTCAAGATCGA-1,7
AGATATAATACGACTA-1,4
AGATCGTGCATAAGAT-1,5
AGATCTCAGGTGTGAT-1,1
AGATCTGGAGAGGATA-1,8
AGATGACTCGCCCACG-1,6
AGATGAGGGTTGCGAT-1,5
AGATGATGGAGTCTGG-1,1
AGATGCAAGACGTGCA-1,8
AGATGCATCCTGTGTC-1,3
AGATGCTATAACGAGC-1,0
AGATTATAGGACGTTT-1,6
AGATTCAAGCGGGTCG-1,7
AGATTCACAACCGATA-1,7
AGCAAAGGCCGCTAGT-1,9
AGCAACATATCTTATT-1,4
AGCAACCGAAAGTAAT-1,8
AGCACACGTTTAGACT-1,8
AGCACCAGTACTCACG-1,1
AGCACTACCGGCCTGT-1,3
AGCACTACCTCACCAG-1,2
AGCACTTAAGGACGCC-1,0
AGCAGAAGGAGAAAGA-1,8
AGCAGCCAGATGAATA-1,0
AGCAGTCGAAGCATGC-1,8
AGCATATCAATATGCT-1,6
AGCATCATTTCGAAAG-1,8
AGCATCGTCGATAATT-1,1
AGCATTACGAGGCAAG-1,6
AGCCAAGCTTTGTGTC-1,8
AGCCACAGGTTACCCG-1,9
AGCCACTCCCGTGCTT-1,1
AGCCATATAGTATGTG-1,4
AGCCCATACATGTAAG-1,3
AGCCCGCAACAAGCAG-1,9
AGCCCGCACTACAATG-1,2
AGCCCGGCATTAGAGG-1,8
AGCCCGGTAGCCTGTA-1,8
AGCCCTAAGCGAAGTT-1,5
AGCCCTCCCTGGTGGC-1,8
AGCCCTGTCGCACCGT-1,2
AGCCCTTCTAATCCGA-1,5
AGCCCTTGGACATCCC-1,5
AGCCGCAAATTCAAAT-1,3
AGCCGCTTGATTAGCG-1,3
AGCCGTGGCTAAATGT-1,4
AGCCTAATACCCACGT-1,0
AGCCTTAAAGCGGAAG-1,0
AGCCTTGTCACTGATA-1,4
AGCGACAGGAACGGTC-1,4
AGCGACATCCCATTCA-1,1
AGCGACCAACGATATT-1,5
AGCGACTTTGAAGACA-1,0
AGCGAGACGTGAAGGC-1,8
AGCGATGCGCCTAATA-1,7
AGCGCATAATGAATCG-1,7
AGCGCGGGTGCCAATG-1,5
AGCGCTAGAGCGATGT-1,2
AGCGCTTATGGGCAAG-1,5
AGCGGACACTTCGTAG-1,8
AGCGGCGGTTAGCGGT-1,3
AGCGGGAAGGGTCCAT-1,6
AGCGGGTCTGACACTC-1,7
AGCGGTTGAGATGTAC-1,7
AGCGGTTGCCGCTCTG-1,7
AGCGTACGAGAGCTAG-1,6
AGCGTAGCGCTAGACC-1,1
AGCGTCTGAACCCGCA-1,6
AGCGTGGTATTCTACT-1,7
AGCGTTCCGATTTAAA-1,7
AGCTAACAAGCAATGT-1,9
AGCTAAGCTCCGTCCG-1,3
AGCTAAGTACGCAGGC-1,9
AGCTACGAATGGTGGT-1,6
AGCTAGAAGCAGAAGT-1,5
AGCTATTTAATCCAAC-1,5
AGCTCCATATATGTTC-1,1
AGCTCCTTCGCACATC-1,4
AGCTCGTTGATGGAAA-1,7
AGCTCTAGACGTTCCA-1,7
AGCTCTTCCCAGTGCA-1,5
AGCTCTTCGTAACCTT-1,1
AGCTCTTTACTCAGTT-1,7
AGCTGAAGTAAACCAA-1,1
AGCTGCATTTGAGGTG-1,7
AGCTGCTGTGCCGAAT-1,7
AGCTGTAACCTCAATC-1,8
AGCTTATAGAGACCTG-1,6
AGCTTCAATACTTTGA-1,7
AGCTTCTTCTCGAGCA-1,7
AGCTTGATCAGGGTAG-1,8
AGCTTGATCTTAACTT-1,0
AGGAAAGCCTCTGATG-1,4
AGGAACGAACGACTTC-1,4
AGGAAGCTGTCCGCCG-1,8
AGGACAGTCGAATCCC-1,7
AGGACATCGCACGTCG-1,6
AGGACATCGGCACACT-1,6
AGGACGACCCATTAGA-1,7
AGGACGCTCGATGTTG-1,5
AGGACTTATAGGAGAA-1,3
AGGAGACATCCACAGT-1,7
AGGAGAGTCTGGCTAC-1,6
AGGAGCGTTTATTATC-1,1
AGGAGGCCTTCGCGCG-1,0
AGGATAAAGTCGGGAT-1,7
AGGATATAGGGATTTA-1,4
AGGATATCCGACTGCA-1,7
AGGATCACGCGATCTG-1,4
AGGATTGCTTACGACA-1,1
AGGCAAAGAGGAATCA-1,1
AGGCAATACGGAGGAC-1,3
AGGCACGTGACTGTCC-1,6
AGGCAGATGCGTAAAC-1,1
AGGCAGGGAGCGTACT-1,8
AGGCATTGTCGTAGGG-1,1
AGGCCACATTGGTTAC-1,5
AGGCCACCCGTTATGA-1,2
AGGCCCAGTGACTGGT-1,6
AGGCCCATTGTACAGG-1,6
AGGCCCTAGAACGCCA-1,0
AGGCCTATCATACCAA-1,9
AGGCCTGAGAATCTCG-1,9
AGGCGATAACTGGCGT-1,5
AGGCGGTTTGTCCCGC-1,7
AGGCGTCTATGGACGG-1,7
AGGCTATGGTTAGCTT-1,3
AGGCTTAAGTTGCACA-1,8
AGGCTTCCCGAAGAAG-1,4
AGGCTTGCTAGACACC-1,7
AGGGAAACGAGGTACT-1,5
AGGGACAGCACGGCGG-1,1
AGGGACCGGCTGCGTT-1,5
AGGGACTCTACGCGAC-1,4
AGGGAGACATACTTCG-1,5
AGGGCAGCGGCGTGGT-1,1
AGGGCCCTAATGTTCT-1,4
AGGGCGAGCAGCTGAT-1,0
AGGGCGTGATCGGCTA-1,6
AGGGCTGCAGTTACAG-1,7
AGGGTCAGAGCACTCG-1,0
AGGGTCAGTAACCCTA-1,4
AGGGTCGATGCGAACT-1,1
AGGGTCTGGACGCAGT-1,2
AGGGTGCCGTTCTTTA-1,8
AGGGTGCTCTCGAGGG-1,4
AGGGTGGATAGTGCAT-1,3
AGGGTGTGCTACACGC-1,6
AGGGTTCAGACGGTCC-1,4
AGGGTTCCCTTTGGTT-1,4
AGGGTTTAGTTCGGGA-1,7
AGGTAACCTCCTATTC-1,6
AGGTACGATATTGCCA-1,5
AGGTAGATCGAGATAT-1,7
AGGTAGGTACAAAGCT-1,3
AGGTATAATTGATAGT-1,5
AGGTATGCGGACATTA-1,2
AGGTCAGGTGAGAGTG-1,7
AGGTCGCCACTTCGGT-1,6
AGGTCGCCTCCCAACA-1,1
AGGTCGCGGAGTTACT-1,5
AGGTGCACGTCCACAT-1,4
AGGTGGTGACCTTCGC-1,8
AGGTGTATCGCCATGA-1,3
AGGTGTTGCCGACCAC-1,7
AGGTTACACCATGCCG-1,1
AGGTTCTCCTTTCCGG-1,8
AGGTTGAGGCACGCTT-1,1
AGGTTTCACACACCTT-1,7
AGTAACGTTCATCCTG-1,7
AGTAACTATAGCAGCC-1,6
AGTAAGGGACAGAATC-1,8
AGTAATCTAAGGGTGG-1,8
AGTAATGTCTTGCCGC-1,2
AGTAATTTGCAAGCGT-1,8
AGTACAGAAGCTTATA-1,8
AGTACATCATTTATCA-1,5
AGTACCTTCGAGTGCT-1,7
AGTACGGCCCGTATCG-1,3
AGTACGGGCACCTGGC-1,1
AGTACGTGGCCTGTCT-1,7
AGTACTCTTATGCCCA-1,7
AGTAGAAGGCGCCTCA-1,9
AGTAGCGTGAACGAAC-1,2
AGTAGCTAGACGCCGA-1,7
AGTAGGAAGGAAGTTG-1,5
AGTAGGTAACATACAT-1,0
AGTATAATACTAGGCA-1,0
AGTATACACAGCGACA-1,2
AGTATCCATAATAACG-1,6
AGTATGCTGGAGACCA-1,8
AGTATTTGGCACGACC-1,8
AGTCAAATGATGTGAT-1,8
AGTCAACACCACCATC-1,7
AGTCAAGATGACACTT-1,6
AGTCACTAGCTCTCGA-1,8
AGTCACTCCGCCTCAT-1,6
AGTCAGCCACCGCCTG-1,6
AGTCCAGCGGGTACGT-1,6
AGTCCATTGGCTGATG-1,4
AGTCCCGCCTTTAATT-1,5
AGTCCCTCGCAGAAAG-1,7
AGTCGAAACGATTCAG-1,8
AGTCGAATTAGCGTAA-1,2
AGTCGACGGTCTCAAG-1,6
AGTCGGCCCAAACGAC-1,7
AGTCGGCTCAACTTTA-1,4
AGTCGGTTGCGTGAGA-1,2
AGTCGTATAAAGCAGA-1,9
AGTCGTCGACCACCAA-1,0
AGTCGTGGGCATTACG-1,7
AGTCTAAAGTATACTC-1,5
AGTCTCACAAGACTAC-1,8
AGTCTGGACATCCTTG-1,0
AGTCTTCTCCTCAAAT-1,6
AGTCTTTAAAGTGTCC-1,9
AGTGAACAAACTTCTC-1,6
AGTGAAGATGGTGTCC-1,6
AGTGACCTACTTTACG-1,7
AGTGACTGTGACACAA-1,8
AGTGAGACTTCCAGTA-1,7
AGTGAGCCTCGCCGCC-1,2
AGTGAGGGTTTCTGAC-1,7
AGTGAGTCGAATTAAC-1,6
AGTGATAACCTGCGCG-1,7
AGTGATATGAGTAGTT-1,8
AGTGATTCAAGCAGGA-1,1
AGTGCACGCTTAAGAA-1,0
AGTGCGTAGCTCGTAA-1,7
AGTGCTAAACACAGCA-1,7
AGTGCTTGCACGAATA-1,4
AGTGGCCCGCAAATGG-1,8
AGTGGCGGCAATTTGA-1,2
AGTGGCGTCTGAAGGT-1,9
AGTGGCTCCGTCGGCC-1,3
AGTGGGAGTATACACG-1,0
AGTGGTGTTACCCGTG-1,0
AGTGGTTGCGTATAGG-1,3
AGTGTATTGCGCATTG-1,5
AGTGTGCTAAGATCGC-1,2
AGTGTGGTCTATTGTG-1,6
AGTTAAACACTTGCGA-1,8
AGTTAAGCGGTCCCGG-1,5
AGTTAAGTCAACCGCT-1,8
AGTTACCCTTAAGACT-1,3
AGTTACCGCACATGGT-1,3
AGTTACTCTATCGTGG-1,5
AGTTATTCAGACTGTG-1,6
AGTTATTGAAAGGTAA-1,5
AGTTCACCGGTTGGAC-1,8
AGTTCCTACAGAATTA-1,6
AGTTCCTATTTATGTT-1,7
AGTTCTGCGTTGTATC-1,0
AGTTGACATCGGCTGG-1,7
AGTTGACGGTCCTTGC-1,8
AGTTGCGGTCCTCAAC-1,8
AGTTGCTGACTGATAT-1,6
AGTTGGCAAGGCTAGA-1,6
AGTTTATGTAAAGACA-1,7
AGTTTCGCAGGTCGGA-1,5
AGTTTGCACCTGCCTC-1,9
AGTTTGGCACGGGTTG-1,1
AGTTTGGCCAGACCTA-1,8
ATAAACCATTGGACGG-1,1
ATAAACGGACCCGTAA-1,7
ATAAACGTTGCACCAC-1,1
ATAAAGGCTCGGTCGT-1,6
ATAAAGGTCAAGTACG-1,7
ATAAATATTAGCAGCT-1,3
ATAACGCCGGAGGGTC-1,6
ATAACGGAGTCCAACG-1,1
ATAACGTTACCTCCAC-1,7
ATAAGCAAACACCGAG-1,7
ATAAGGTGGAGAACAT-1,2
ATAAGTACCCGATTGT-1,7
ATAAGTAGGATTCAGA-1,2
ATAAGTAGGGCGACTC-1,5
ATAAGTTACCGCGACG-1,8
ATAATACCGTTAGCCG-1,6
ATAATAGCTGTTGAAT-1,7
ATAATAGTGTAGGGAC-1,6
ATAATCTTGGAGAACC-1,9
ATAATTAGCTAAGTAG-1,7
ATACAGCGTCCACTGA-1,4
ATACAGGCCCTCCAAT-1,7
ATACCACGGGCAACTT-1,3
ATACCAGCAAATTGCT-1,5
ATACCAGGCTAATAGA-1,6
ATACCAGGTGAGCGAT-1,5
ATACCCTCCCGGCCAA-1,8
ATACCCTGGCTCAAAT-1,6
ATACCGTCATCCATAA-1,6
ATACCTAACCAAGAAA-1,9
ATACGAAGGCTTTCCA-1,5
ATACGACAGATGGGTA-1,7
ATACGAGGTTTGTAAG-1,9
ATACGCCGATCTACCG-1,6
ATACGCCGGCGAAACC-1,7
ATACGGAACGTCGTTT-1,8
ATACGGGTTTCGATTG-1,1
ATACGGTGAAGATGCA-1,3
ATACGTACTTAGCCAC-1,4
ATACGTCCACTCCTGT-1,4
ATACGTTATGCACGGA-1,8
ATACTACCCGTACCAC-1,1
ATACTAGCATGACCCT-1,1
ATACTCTCGCCACTCT-1,7
ATACTGCCTTACACCG-1,4
ATACTTGTTCTCGAGC-1,3
ATAGACAACGGGACCT-1,5
ATAGACGAAGAGAAAG-1,0
ATAGAGTACTGGGACA-1,6
ATAGAGTTATCAACTT-1,5
ATAGCAACTAGGGAAG-1,7
ATAGCCATAACAGTCA-1,1
ATAGCCTCAGTACCCA-1,7
ATAGCTGCTCTTGTTA-1,0
ATAGGAATCTAAGCTT-1,6
ATAGGCGGCTATAGAA-1,0
ATAGGCTAGCTTCGCA-1,2
ATAGGGATATCCTTGA-1,1
ATAGGTTGGGCAGATG-1,7
ATAGTCTTTGACGTGC-1,5
ATAGTGAAGCGTTCTC-1,7
ATAGTTCCACCCACTC-1,1
ATATAAAGCGCTCGTG-1,9
ATATAAATGTAGCTGC-1,4
ATATAACACGGGCGCA-1,7
ATATACATGTATGGTA-1,3
ATATACGCTCGTGACG-1,7
ATATAGAGTATTGGTC-1,3
ATATCAACCTACAGAG-1,5
ATATCAATTCCAGCCT-1,0
ATATCGGTAGGGAGAT-1,2
ATATCGTGCCAGACCC-1,2
ATATCGTTCCTCGAAC-1,7
ATATCTCCCTCGTTAA-1,5
ATATCTTAGGGCCTTC-1,7
ATATGGGATAGCAACT-1,9
ATATGTCTAGAGCGTG-1,8
ATATGTCTCCCTAGCC-1,1
ATATGTGCACAAACCA-1,6
ATATTATCCCGTATTT-1,3
ATATTCAGTTAAACCT-1,8
ATATTCCCACAGGTCA-1,1
ATATTGCTGTCAAAGT-1,6
ATATTGGAGAGGCCTT-1,2
ATATTTAACCCTCAAG-1,6
ATCAAACACTGTTCCA-1,6
ATCAAACGAAGGTTTG-1,8
ATCAAAGAGCCGTGGT-1,8
ATCAAGATCCCAGGAC-1,9
ATCAATCTGGGCTGCA-1,7
ATCAATGCCGTGGCTG-1,0
ATCACATTAGAATATC-1,5
ATCACGTGCTAATTAA-1,7
ATCACTTCATCCTCGC-1,1
ATCAGAAGCTGGTTGC-1,8
ATCAGACGGCACGCCG-1,8
ATCAGCCTCATGCTGC-1,7
ATCAGCTCGTCCACTA-1,0
ATCAGGTAGCTGACAG-1,1
ATCAGGTCGCCATTGC-1,7
ATCAGTAGGCAGGGAT-1,5
ATCATAGATCGACGAG-1,0
ATCATAGCCCTATGTA-1,7
ATCATCCAATATTTGT-1,7
ATCATCTGCCCAGTGT-1,7
ATCATGGACTACCGAC-1,5
ATCATTGTACCGCATT-1,3
ATCCAACGCAGTCATA-1,0
ATCCAATGGAGGGTCC-1,3
ATCCAATGGTACCGAA-1,3
ATCCACATCGACAGAA-1,9
ATCCACGCTAAATGTT-1,6
ATCCACTTTCAGACTA-1,7
ATCCAGAGCAACAACC-1,7
ATCCAGGATTCGTGAA-1,7
ATCCCATCCACAGCGC-1,0
ATCCCATTTCCGTGGG-1,9
ATCCGGACCAGCCTGA-1,1
ATCCTACCTAAGCTCT-1,8
ATCCTGAATCGCTGCG-1,3
ATCCTGCGTGGAATGG-1,7
ATCCTGCTGCAGATAG-1,1
ATCCTTCTGAAAGAAC-1,5
ATCGACCCAATACAGA-1,7
ATCGACTCTTTCCGTT-1,1
ATCGCACGATTGTTCA-1,7
ATCGCACGCCGGGAGA-1,2
ATCGCCAGTCAACATT-1,1
ATCGCCGTGGTTCATG-1,5
ATCGCTGCGTGCAGCA-1,7
ATCGCTTTACGTCTCA-1,5
ATCGGAGACAGACGGC-1,2
ATCGGCAAGCAGTCCA-1,5
ATCGGTTACCTAGTAA-1,3
ATCGTATTCCGAGAAC-1,0
ATCGTCCAATCGAGTC-1,6
ATCGTGGAAAGTCTGG-1,8
ATCGTTAGCTAGCGGA-1,0
ATCGTTCACTTTCGCC-1,5
ATCTAACGTCCCTATG-1,0
ATCTAATATCCTACGG-1,4
ATCTACCATCTGCTCC-1,8
ATCTAGCTTGTGAGGG-1,8
ATCTATCGATGATCAA-1,3
ATCTCATAAACCTACC-1,7
ATCTCCCACGGAATAT-1,6
ATCTCCCTGCAATCTA-1,5
ATCTCGTGAGCGAAAC-1,5
ATCTGACATGGAAGGA-1,8
ATCTGATAGTGTCTTA-1,8
ATCTGCACCTCTGCGA-1,2
ATCTGCTGTTATCGCC-1,0
ATCTGGGCTGTTCTTG-1,8
ATCTGGTTAAGACTGT-1,1
ATCTGTAATTGTACCC-1,6
ATCTTAGGGCATTAAT-1,8
ATCTTATCGCACACCC-1,0
ATCTTGACCTGCAACG-1,6
ATCTTGACTTGTCCAA-1,5
ATCTTTCGTATAACCA-1,7
ATGAAGCCAAGGAGCC-1,6
ATGAAGTGGACCCAGC-1,3
ATGACGCCGGCTCTAA-1,6
ATGACGCGTTCTATCC-1,8
ATGACTATCAGCTGTG-1,8
ATGACTATGCGACATT-1,7
ATGAGGAGTGTTAATC-1,0
ATGAGGGCAGCGGCTA-1,2
ATGATCGGGAATAGAC-1,6
ATGATGCAATGGTACA-1,7
ATGCACCTTCCTTAAT-1,0
ATGCACGCGCTGTTCA-1,8
ATGCACTACCGCATTG-1,6
ATGCATGATCCAGGAT-1,6
ATGCATTCCGTGATGG-1,6
ATGCCAATCGCTCTGC-1,4
ATGCCATTTGCGACCA-1,6
ATGCCGGTTGATGGGA-1,1
ATGCGACAATTGGTCC-1,7
ATGCGACAGTCCCATT-1,7
ATGCGAGTCCCACCAC-1,1
ATGCTCAGTGTTGCAT-1,8
ATGCTCTGGCGCGGTA-1,9
ATGCTTAGGAGTTGAT-1,1
ATGGAAATTTAAGGAG-1,3
ATGGAACAGAATAAAC-1,7
ATGGAACCTTTGCACA-1,5
ATGGACTGCTTAGTTG-1,0
ATGGAGCAGGCCGTGA-1,6
ATGGATCCGGCGTCCG-1,5
ATGGATTGACCAAACG-1,7
ATGGCAGCATTACGAT-1,3
ATGGCAGCCGAGAAAC-1,3
ATGGCCCGAAAGGTTA-1,5
ATGGCGGAATAGTCGC-1,5
ATGGCTGGAAATGGCC-1,6
ATGGGAACGGAAGCGG-1,7
ATGGGACCTGCTGAAC-1,8
ATGGGCCTCGGCCTCT-1,4
ATGGGTGTATACCTCC-1,7
ATGGTATTGGGAACCG-1,7
ATGGTATTTACTGATT-1,8
ATGGTCGCGTGGTTTC-1,7
ATGGTGCTCAAAGCCA-1,5
ATGGTTACGAAACATG-1,4
ATGTAAGGCTGCTCTT-1,5
ATGTACATGCGGTGAG-1,7
ATGTACGATGACGTCG-1,8
ATGTAGCGCGCGTAGG-1,9
ATGTCATAATAAACGA-1,8
ATGTCATTTCCCATTG-1,3
ATGTCTTGTTTGACTC-1,0
ATGTGAAAGCCTAATG-1,7
ATGTGCATCCGACGCA-1,5
ATGTGGACATCTTGAT-1,7
ATGTGTAGTTTAGTCA-1,5
ATGTTACGAGCAATAC-1,6
ATGTTCCTGCCCACCT-1,0
ATGTTCGTCGACCCAC-1,3
ATGTTGATTAGAGACT-1,7
ATGTTGTAGTCTGTTT-1,4
ATGTTTCGGCCCGGAG-1,1
ATGTTTGTAAGATCAT-1,7
ATTAAACATGCGGACC-1,7
ATTAAAGCGGACGAGC-1,9
ATTAACACCTGAGATA-1,3
ATTAATACTACGCGGG-1,5
ATTAATGAACCAGTCG-1,1
ATTAATTCGGTCACTC-1,5
ATTACAACTACCGGCC-1,5
ATTACATGTCAGTCTT-1,1
ATTACCACACTGCCTG-1,2
ATTACGACTCCACAGT-1,7
ATTACGCGCTGGCAGG-1,3
ATTACGGGCTACGGTT-1,8
ATTACTAGCCTCTTGC-1,6
ATTACTTACTGGGCAT-1,5
ATTAGATTCCTCAGCA-1,5
ATTAGATTGATAGCGG-1,6
ATTAGGCGATGCTTTC-1,7
ATTATACTTTGCTCGT-1,1
ATTATAGCTACTTTAC-1,5
ATTATCGGAATGTACG-1,9
ATTATCTCGACAGATC-1,5
ATTATGAGACCCAATT-1,8
ATTATGCCATAGGGAG-1,6
ATTATGCTCAGTATTG-1,7
ATTATTATGTCCGTCA-1,8
ATTATTCAGAGTCACT-1,7
ATTCAAAGTACCTGTT-1,0
ATTCAACCATTTAAGG-1,0
ATTCACTGATGTTGGA-1,4
ATTCAGATGAATCCCT-1,8
ATTCAGGACCTATTTC-1,5
ATTCAGGATCGCCTCT-1,7
ATTCAGTAGCAGGGTC-1,3
ATTCATATACTGTCCA-1,7
ATTCATCGTTGAGGCA-1,9
ATTCCCACATAAACAA-1,3
ATTCCCGAAGGTACAG-1,3
ATTCCTAAGACGTGGA-1,6
ATTCCTCCGCCAGTGC-1,6
ATTCCTTCCAGGCGGT-1,7
ATTCGACGCCGGGCCT-1,3
ATTCGCAGAGGACACT-1,7
ATTCGCGCCTTGAGAG-1,7
ATTCGTCCCGAGGTTA-1,5
ATTCGTGCTATCTCTT-1,5
ATTCGTGTACCCATTC-1,8
ATTCGTTTATCGTATT-1,6
ATTCTCGTCTCTTTAG-1,6
ATTCTGAGTATGAACT-1,8
ATTCTTCGTACTTATG-1,1
ATTGAAGATCTTAGTG-1,5
ATTGAATTCCCTGTAG-1,2
ATTGACCGGCGATGAC-1,0
ATTGACGTAACTCGGT-1,1
ATTGATAGCAACGAGA-1,0
ATTGATCACCACATTT-1,3
ATTGATGAGTCCTAAC-1,2
ATTGCCTATTAGACCG-1,8
ATTGCCTTTATGTTTG-1,9
ATTGCGATCAGTAACT-1,0
ATTGCTGCTCCTCCAT-1,0
ATTGGATTACAGCGTA-1,7
ATTGGGAATATCTTGG-1,6
ATTGGGAGTTCTGTAA-1,7
ATTGGTAGGATCCGCT-1,3
ATTGGTTGTGCATTAC-1,6
ATTGTACAACTCGGCT-1,5
ATTGTCGCAATACCTT-1,5
ATTGTCTGTTTCATGT-1,9
ATTGTGACTTCGCTGC-1,8
ATTGTTCAACGATCCG-1,5
ATTTAACTCGTATTAC-1,7
ATTTACAGTTTACTGG-1,7
ATTTACTAAGTCCATT-1,5
ATTTATACTGGTAAAG-1,8
ATTTCATTATTTCGCG-1,1
ATTTCCGGGTTCTGCG-1,8
ATTTGCCTAGTTACGA-1,5
ATTTGCGCGAGTAGCT-1,8
ATTTGGAGATTGCGGT-1,3
ATTTGTCTTGGGAGCT-1,7
ATTTGTTCCAGGGCTC-1,1
CAAACCAGGTCTGCAT-1,3
CAAACCATAAGCGTAT-1,8
CAAACCCTCCGGCGGG-1,4
CAAACGAGTATCGCAG-1,7
CAAACGGTCGCACTTT-1,7
CAAACGTGGTCTTGCG-1,2
CAAACTACGATAGAGA-1,5
CAAACTATTGAGCTTC-1,1
CAAACTCGCGACGCCG-1,5
CAAAGATTATTGGGCC-1,8
CAAAGGTCATCTGAAA-1,5
CAAAGGTTAAATTCAG-1,4
CAAAGTCAGGTTAGCT-1,6
CAAATCTCTCACAAGG-1,3
CAAATGCGGAGTGTTC-1,5
CAAATGTCCTTCCGTG-1,7
CAAATTGGATTATGCC-1,7
CAAATTGTCAGCAAGC-1,5
CAACACATCTCCTGCC-1,5
CAACAGAATAACGCTA-1,7
CAACAGTGCCAAACGG-1,6
CAACATGGCCTGATAA-1,7
CAACCAGTGGCCTACC-1,4
CAACCGCACCTAGACA-1,3
CAACCTACCGAGCAGT-1,6
CAACCTGAACCTGCCA-1,7
CAACGACCCGTTTACA-1,6
CAACGAGCTTATTATG-1,7
CAACGATCGATCCAAT-1,5
CAACGCGATGAGCCAA-1,0
CAACGGTTCTTGATAC-1,6
CAACGTGGTGGAGTCT-1,5
CAACTATATCGAATGC-1,5
CAACTCCAACGTTTAG-1,7
CAACTCCGTAACTTGC-1,6
CAACTCCTTGATCCCG-1,6
CAACTGAGGGTATGAC-1,6
CAACTGCTCATCCGAT-1,8
CAACTTGTAGTGGGCA-1,6
CAAGAAACCCTAAACT-1,6
CAAGACTCAGAAGCGC-1,6
CAAGAGGGCGGAGTAC-1,8
CAAGATATTATAACGT-1,7
CAAGCAACGTCGGAGT-1,0
CAAGCACCAAATGCCT-1,5
CAAGCGGCACATAATT-1,7
CAAGGATCGCATGTTC-1,7
CAAGGCCAGTGGTGCA-1,7
CAAGGGAGTGTATTTG-1,6
CAAGGTCCTATAGGCT-1,5
CAAGTAAGTGATAGAC-1,4
CAAGTCGTTGAAATCT-1,4
CAAGTGAACTTTGGTT-1,5
CAAGTGTGGTTGCAAA-1,4
CAATAAACCTTGGCCC-1,1
CAATACGAGAGTCTGA-1,2
CAATACGCTCTGAGGC-1,0
CAATATGTAGATTTAC-1,6
CAATATTCTTGACCTA-1,8
CAATATTGGACTAGTG-1,6
CAATCCATTATCCGTT-1,7
CAATCCCTATACCAGC-1,5
CAATCCTGCCGTGGAG-1,0
CAATGACCCTTAATTT-1,7
CAATGAGGTTCGACTA-1,1
CAATGCGAGAAGTATC-1,4
CAATGGAATCTACATA-1,6
CAATGGATCTCTACCA-1,2
CAATGGTCGGCCTGGG-1,5
CAATGTGCCAACCCTT-1,5
CAATTAAGGGTGATGA-1,7
CAATTGGGCCGCACTC-1,0
CAATTTCGTATAAGGG-1,7
CAATTTGACCGGGAAG-1,7
CACAAACCGCAGAACT-1,1
CACAAGAAAGATATTA-1,6
CACAAGCTAAGAAAGG-1,4
CACAATGAGCTGCTAT-1,7
CACACACGCTAACGAG-1,7
CACACAGCTTGCGCTC-1,1
CACACAGGGATAGATT-1,3
CACACGCGCTGTCTTA-1,7
CACACGTTTCAATGGG-1,7
CACACTTGTATTGCGA-1,7
CACAGAGACGAGGACG-1,9
CACAGCACCCACGGCA-1,6
CACAGCTAGGGAGTGA-1,1
CACAGGGCCATATAGT-1,7
CACAGGGCCGTTGTCA-1,7
CACAGTCCCGCTTCGC-1,5
CACAGTTCGCTTCCCA-1,5
CACATAAGGCGACCGT-1,6
CACATATTAGCAGGAT-1,7
CACATCGTGCACGCGC-1,7
CACATCTCACCGACGA-1,4
CACATGATTCAGCAAC-1,7
CACATGTTTGGACATG-1,6
CACATTCTTTCGATGG-1,5
CACATTTCTTGTCAGA-1,5
CACCAATCATCCGTCT-1,3
CACCACGCCACACAGA-1,0
CACCAGTCAGCATGCA-1,8
CACCATCGGAGGAGAC-1,1
CACCATGATCGCAAAG-1,6
CACCCAAATCTTATGT-1,1
CACCCACACGTCACCC-1,6
CACCCACGAGGCAATT-1,5
CACCCGCGTTTGACAC-1,1
CACCCGGTTTGTGACT-1,8
CACCCTAACAAGATCT-1,4
CACCCTTGGTGAGACC-1,9
CACCCTTTCCTCGCTC-1,1
CACCGATACACCGAGC-1,5
CACCGATGATGGGTAC-1,1
CACCGCCAGAAGGTTT-1,1
CACCGCCGACCAGCGA-1,1
CACCGCGTCCACTCTA-1,1
CACCGGAGATATCTCC-1,7
CACCGGGCATCACAAG-1,8
CACCGGTAGAGACATT-1,8
CACCGTATCCCATCCG-1,1
CACCGTTAGGGATCAC-1,8
CACCGTTGCGCGATAT-1,8
CACCTAATAGAGTCGT-1,7
CACCTAATCAGTTTAC-1,1
CACCTCGATGGTGGAC-1,5
CACCTCTACGAGTGTG-1,7
CACCTTGCGAAACTCG-1,2
CACCTTGGCGCCTTTG-1,1
CACGAAAGTTAGTCCC-1,3
CACGACCACAGACTTT-1,7
CACGACGTAATAGTAA-1,6
CACGACTAAAGTTCTG-1,1
CACGAGCAAACCAGAC-1,8
CACGATTGGTCGTTAA-1,5
CACGCACAGCGCAGCT-1,1
CACGCAGCGAGGCTTT-1,6
CACGCGGAACTGTTGC-1,1
CACGGACGTGGATGGC-1,7
CACGGCGCGCCAAAGG-1,6
CACGGGATTGAGGGTT-1,3
CACGTCAATCAATGGA-1,4
CACGTCGGCAACCTCT-1,0
CACGTCGGGTTCTAGA-1,3
CACGTCTATGATGTGG-1,7
CACGTTCGTGCTCTAG-1,7
CACGTTTCGTACACAC-1,7
CACTAAAGTTGCCTAT-1,6
CACTACGGGAGCTGCC-1,6
CACTACTCAGTTCTGT-1,5
CACTCAAGAGCTATGG-1,7
CACTCAGCTCTTGAGG-1,1
CACTCCTATGTAAGAT-1,8
CACTCCTCTCGGTCGG-1,5
CACTCGAGCTGAACAA-1,8
CACTCGGTTAGGAGGA-1,3
CACTCTCAAGCATCGA-1,4
CACTCTTCTGCTAGCC-1,0
CACTGACGATTGTGGA-1,4
CACTGTCCAAGTGAGA-1,6
CACTTAATCAGACGGA-1,7
CACTTCGCCACAGGCT-1,8
CACTTCGTCTTATCTC-1,7
CAGAACTTAGCCCTCT-1,4
CAGAATAACACACGGA-1,1
CAGAATATTCGTTATC-1,5
CAGACACCGATCGCTG-1,4
CAGACCTGTAAGTGTT-1,5
CAGACGAACCTGATAC-1,7
CAGAGACGGTCACCCA-1,8
CAGAGCATGAGCTTGC-1,1
CAGAGCGATGGATGCT-1,1
CAGAGGCGATGCATGA-1,4
CAGAGTGATTTAACGT-1,5
CAGATAATGGGCGGGT-1,7
CAGATACTAACATAGT-1,6
CAGATATGAAGATGAC-1,8
CAGATCATTTAAAGTC-1,6
CAGATCCTGGTTTGAA-1,8
CAGATGTTTGTCCCAA-1,3
CAGCAGCCCGTTCCTT-1,1
CAGCAGTCCAGACTAT-1,0
CAGCAGTCTGTGCTGC-1,9
CAGCCCTCACAGGCAG-1,5
CAGCCGGGCCCTCTAT-1,5
CAGCCTCCTGCAGAGG-1,1
CAGCCTCGATAGCGGT-1,1
CAGCCTCTCCTCAAGA-1,5
CAGCGATTCCCTTCAA-1,4
CAGCGCCAACACGATA-1,0
CAGCTCACTGAGACAT-1,7
CAGCTCGACAAGTTAA-1,1
CAGCTCGTGCTTGTGT-1,6
CAGCTCTGGGCTCACT-1,0
CAGCTGGCGTAACCGT-1,6
CAGCTTAGTAGGTAGC-1,3
CAGGAAGACTTTATAT-1,5
CAGGACAGCTGCCCTT-1,5
CAGGATATATCGTTGT-1,7
CAGGATCCGCCCGACC-1,1
CAGGCAGTCTTACCAG-1,9
CAGGCCAGTACCACCT-1,8
CAGGCCGTTTGGGTGT-1,8
CAGGCGCACGGTGGTC-1,8
CAGGCGCCATGCTAGG-1,2
CAGGGAGATAGGCCAG-1,8
CAGGGCTAACGAAACC-1,6
CAGGTTTAGTACTACA-1,7
CAGTAACTATTTATTG-1,5
CAGTAAGGGACGTCTC-1,3
CAGTAATCCCTCCCAG-1,8
CAGTACATTCTCTAAA-1,5
CAGTACCAGTTTACGT-1,6
CAGTAGATGATGTCCG-1,3
CAGTAGCCCACGCGGT-1,5
CAGTAGCGAGGTAGTA-1,6
CAGTCCAACGCCTTCT-1,7
CAGTCGAGGATGCAAT-1,2
CAGTCGGCCTAGATAT-1,3
CAGTCTCTCGGCTAAT-1,6
CAGTCTGTATACTGGG-1,7
CAGTGAATAAATGACT-1,2
CAGTGGTTGCACATGA-1,6
CAGTGTCCGCAGAATG-1,1
CAGTGTCGGCTGGCCC-1,1
CAGTGTTAATCTCTCA-1,7
CAGTTCAAATTGACAC-1,6
CAGTTCCGCGGGTCGA-1,3
CAGTTCGAGGACCCGA-1,4
CATAACGGACAGTCGT-1,4
CATAAGAAGCTTGGCT-1,9
CATAAGCTCTCCGTCT-1,3
CATAATGAGCGGGCGA-1,6
CATACAAAGCCGAACC-1,6
CATACACAAAGTCAGC-1,3
CATACACGGTTCCCAC-1,8
CATACCCGTACCCAGT-1,3
CATACGAACTAGCTGG-1,8
CATACGGCGTCTGGGC-1,7
CATACGGGTGCATGAT-1,6
CATACTATGTAATTGT-1,7
CATACTTAGGCAATAC-1,2
CATACTTCTTTCTCCG-1,8
CATAGAGGAGATACTA-1,7
CATAGCCGCCCGGGAT-1,0
CATAGCGTTGCCCACC-1,8
CATAGGGACACTTGTG-1,8
CATAGTACATTGAGAG-1,1
CATAGTAGCATAGTAG-1,1
CATAGTCAAATACATA-1,7
CATAGTCCACAAGAAC-1,0
CATAGTGGGCACGCCT-1,5
CATATACTACTGATAA-1,5
CATATAGGTACAGTCA-1,7
CATATGTCAGGCTACG-1,6
CATATTATTTGCCCTA-1,5
CATCAAACTGGCGCCC-1,6
CATCAACACCTACTAA-1,0
CATCATCTACCCGGAC-1,1
CATCATTACCCTGAGG-1,4
CATCCAATATAGTTTG-1,8
CATCCCGAGATTCATA-1,6
CATCCGCAGGCCCGAA-1,8
CATCCTCTCAAAGATC-1,7
CATCGAATGGATCTCT-1,1
CATCGCCCGCGGCCAA-1,7
CATCGGACGGGTTAAT-1,7
CATCGTCCGGTTACTA-1,3
CATCTACCCGAGAACG-1,4
CATCTAGTGAAGGGAA-1,2
CATCTATCCCGTGTCT-1,5
CATCTGCAGGATCATT-1,3
CATCTTACACCACCTC-1,1
CATGAACCGACATTTG-1,6
CATGAACCTCTTATCA-1,2
CATGACTTCGCTGAAT-1,1
CATGAGATGCACTCTC-1,9
CATGAGTCCATCACGG-1,3
CATGATACGGTGAAAC-1,7
CATGATCGCTTTGAGA-1,6
CATGATGCACAATTCT-1,5
CATGATGGAAGTTAGC-1,1
CATGCACATGAGAGGC-1,8
CATGCACGTGTTACTG-1,7
CATGCATGGAGACCCT-1,2
CATGCCAACTCGCAAA-1,3
CATGCGACCAGTTTAA-1,2
CATGCGTTAGACAGAA-1,6
CATGCGTTGAGAGGAG-1,9
CATGCTGGCTCCAATT-1,1
CATGGAAATGGGACCA-1,6
CATGGATTGTCTTCCG-1,7
CATGGCAGGAAGATCG-1,1
CATGGCTCCCTATGTC-1,0
CATGGGTATGCCTTAT-1,4
CATGGGTCGGGTGTGG-1,5
CATGGTAAGTAGCGTT-1,7
CATGGTATTAGTTTGT-1,7
CATGGTCTAGATACCG-1,6
CATGGTTTATTAATCA-1,4
CATGTAAGAGACATTT-1,7
CATGTAGGAGCGCCAA-1,4
CATGTGGGCTCATCAC-1,8
CATTACATAGATTGTG-1,6
CATTACGCAGGAAGGG-1,0
CATTACGTCGGCCCGT-1,5
CATTATCCCATTAACG-1,8
CATTATGCTTGTTGTG-1,2
CATTCACTGACAGCTA-1,5
CATTCAGGTCAGTGCG-1,6
CATTCCCATTCCGTCG-1,5
CATTCCCTAAGTACAA-1,6
CATTCGTCGTAGCGGT-1,1
CATTGATGAACACGCC-1,7
CATTGCAAAGCATAAT-1,7
CATTGCGAAATGGGCG-1,3
CATTGCGGGTCAATTC-1,6
CATTGTGTGCTAGATC-1,0
CATTTAGCGGACCATG-1,6
CATTTATCGTTCAAGA-1,6
CATTTCTAGCAGACTA-1,6
CATTTGAGTGGTACGT-1,8
CCAAACAGAACCCTCG-1,1
CCAAAGCAGTTGGTTG-1,6
CCAAAGTCCCGCTAAC-1,6
CCAAATAACAAGATTC-1,5
CCAAATCAAAGGGCAA-1,8
CCAACCTTATGTAACT-1,7
CCAACGATGCACTGAT-1,0
CCAACGCTTGCCAGGG-1,6
CCAACTTGATAGATCC-1,2
CCAAGAAAGTGGGCGA-1,7
CCAAGACTTCTGCGAA-1,7
CCAAGCGTAACTCGTA-1,7
CCAAGCTTGATCTCCT-1,1
CCAAGGAACAGAGAGG-1,6
CCAAGGTTGCCCTTTC-1,6
CCAAGTTTCTACAGAT-1,0
CCAATAGATTTCATCT-1,3
CCAATAGTGCCGTCGA-1,3
CCAATCGGTAGATCGA-1,5
CCAATGTCACAGCAAG-1,8
CCAATTACGGGTCGAG-1,5
CCAATTGAATGTTAAT-1,7
CCACAATGTACGTCTT-1,1
CCACACTGAGATATTA-1,7
CCACAGCTGAAATCAT-1,6
CCACAGTACCCATCCT-1,6
CCACATACTGCACCCA-1,5
CCACATGGCTCTTTAT-1,3
CCACCAACTTTACTGT-1,4
CCACCCAAGGAAAGTG-1,7
CCACCTGTATGGAATA-1,1
CCACGAATTTAACCTC-1,5
CCACGAGAAGAGAATC-1,1
CCACGGAGCCATAAGA-1,7
CCACGGCAGGTGTAGG-1,8
CCACGGTGCCCGGTAG-1,1
CCACGTAAATTAGACT-1,5
CCACTAAACTGAATCG-1,6
CCACTATCCGGGTCAC-1,5
CCACTCAGATCCGCAA-1,8
CCACTGGTGGCTGGTT-1,3
CCACTGTTTGGATTAA-1,4
CCACTTTCCTTCTAGG-1,6
CCAGAAACTGATGCGA-1,1
CCAGAAAGCAACTCAT-1,8
CCAGAGACAAAGCCGG-1,0
CCAGATAGTTGAGTGA-1,2
CCAGATGTAAATGGGT-1,6
CCAGCCTGGACCAATA-1,7
CCAGCGGGATCACCAG-1,1
CCAGCTACGCCTCATA-1,6
CCAGCTCGAACGCATT-1,8
CCAGCTGATGGTACTT-1,3
CCAGCTTCCGCCCGCA-1,3
CCAGGCGAGATGGTCT-1,8
CCAGGCTGGCGTCTGA-1,5
CCAGGGACGTGGCCTC-1,4
CCAGTAGTCTGATCCA-1,5
CCAGTCAAATCTCTTA-1,3
CCAGTCCATTATTCGA-1,7
CCAGTCTAGACGGCGC-1,5
CCAGTCTTGTCATAGA-1,8
CCAGTGAGCTCCTTGT-1,6
CCAGTGTACAGACCGA-1,8
CCAGTTCGGTAACTCA-1,8
CCATAAACAACCCGAC-1,1
CCATAACCTGTGCAGT-1,3
CCATACCTTTACTTGT-1,2
CCATACTCGCCTCTCC-1,3
CCATAGAGGCTGCCAG-1,3
CCATAGGTTGGCGTGG-1,1
CCATAGTCAGTAACCC-1,6
CCATATGGAAACTATA-1,0
CCATATTGGATCATGA-1,0
CCATCATAAGAACAGG-1,7
CCATCCATACCAAGTC-1,6
CCATCGCAGTTAAACT-1,8
CCATCTCACCAGTGAA-1,1
CCATCTTGTTCACAAT-1,1
CCATGCCCTAGATTTC-1,7
CCATGCCTGTTTAGTA-1,7
CCATGCTCTGCAGGAA-1,6
CCATGGCAAACGCTCA-1,3
CCATGGCCCTTGTACC-1,3
CCATGTTCATCTATAT-1,8
CCATTAGCGATAATCC-1,0
CCATTCCCTGCCCACA-1,0
CCATTGTTTCCTCCAT-1,6
CCATTTCTACCTATTA-1,7
CCCAAACATGCTGCTC-1,7
CCCAACATACGTCGCG-1,0
CCCAACCACACTAACA-1,1
CCCAAGAATGCACGGT-1,7
CCCAAGACAGAGTATG-1,6
CCCAAGTCATTACACT-1,0
CCCAATGAGATTTGCA-1,8
CCCAATTTCACAACTT-1,0
CCCACTCCACGGTATC-1,3
CCCAGAGGAGGGCGTA-1,5
CCCAGATTCCCGTGAC-1,9
CCCAGGAAGAATTCGA-1,8
CCCAGGTCTGAAGGCT-1,6
CCCAGTAAACTTGGGA-1,7
CCCAGTTAAGGCGCCG-1,7
CCCATATAGGTCGATT-1,6
CCCATTATTGTATCCT-1,1
CCCGAAGTTTCGCGAA-1,6
CCCGACCATAGTCCGC-1,1
CCCGAGTTTCTCCGTA-1,5
CCCGATAGCCTCGCCT-1,5
CCCGCAAATAATCATC-1,0
CCCGCAGCGCGAACTA-1,7
CCCGCAGGGCCCAAAG-1,5
CCCGCCATGCTCCCGT-1,6
CCCGCGCAATGCACCC-1,0
CCCGCTAGAGGGTTAA-1,7
CCCGCTTGCCCTCGTC-1,1
CCCGGCACGTGTCAGG-1,7
CCCGGCTAGGTGAGAA-1,3
CCCGGGTCGTTCAGGG-1,8
CCCGGTGGAAGAACCT-1,0
CCCGGTGTATCGGAAT-1,8
CCCGTAAGTCTAGGCC-1,3
CCCGTAGCTGGGAAGA-1,8
CCCGTCAGCGTCTGAC-1,6
CCCGTGACAGTGCCTT-1,8
CCCGTGAGGGCGGTGA-1,3
CCCGTGGGTTAATTGA-1,0
CCCGTTTCGCAGATGT-1,6
CCCTACCCACACCCAG-1,8
CCCTACTTGAACAATG-1,7
CCCTAGCTCTAAGGTC-1,0
CCCTAGGCAACAAGAG-1,3
CCCTAGTGTCAGGTGT-1,6
CCCTATGTAGAGCAGA-1,8
CCCTCAAGCTCTTAGT-1,3
CCCTCAGATCGAGAAC-1,7
CCCTCATCACAGAGTA-1,7
CCCTCATTCTGGAATT-1,6
CCCTCCTCGCTCGTAT-1,1
CCCTCGATAATACACA-1,8
CCCTCGGGAGCCTTGT-1,2
CCCTGAAATGAGTTGA-1,7
CCCTGACTAACAAATT-1,3
CCCTGATGTAACTCGT-1,7
CCCTGCCCAATCCGCT-1,3
CCCTGCGCTACGCATA-1,3
CCCTGGCTGTTCCTTC-1,3
CCCTGGGAGGGATCCT-1,7
CCCTGGTATGGGCGGC-1,2
CCCTGTTGGCAAAGAC-1,8
CCCTTCTCGTACGCGA-1,6
CCCTTTAATGGAGTTC-1,4
CCCTTTGACAGGTCTT-1,8
CCGAAACACGACCTCT-1,8
CCGAAAGTGGTGAGCA-1,6
CCGAACACTGGGCCTC-1,3
CCGAACCTTCCCGGCC-1,8
CCGAAGCATTGACCAA-1,3
CCGAAGGGCGTACCGC-1,2
CCGAAGTATATTGTTC-1,8
CCGACAAACACATGAG-1,7
CCGACAAAGGGAGTGC-1,0
CCGACAATAGGCCGCC-1,6
CCGACGGGCATGAGGT-1,8
CCGACGTAAACACAAC-1,5
CCGACTCGCATAGTCT-1,1
CCGAGAAGTCGCATAA-1,5
CCGAGCTGTGCTTGTC-1,7
CCGAGGGATGTTAGGC-1,2
CCGATATGACGTAAGG-1,5
CCGATCTCAACCTTAT-1,1
CCGATCTTAAGAGGCT-1,6
CCGATTCGAGGGACCC-1,3
CCGATTGGTCAATGAA-1,7
CCGCACAAAGACCAAC-1,7
CCGCACACGAACGTGT-1,2
CCGCACGTGACCTCGG-1,3
CCGCACTTGCAATGAC-1,6
CCGCATGTGGTACGAT-1,4
CCGCCACCACAATCCA-1,5
CCGCCGGAACTTCTCG-1,8
CCGCCGGTCAACACAC-1,6
CCGCCGTTGAGGATAA-1,2
CCGCCTGCGAATTGGT-1,5
CCGCCTTGCGATGTCG-1,3
CCGCGATTTGGTAGGT-1,0
CCGCGCAAGATACCCA-1,3
CCGCGGAATGCGTCAC-1,8
CCGCGGGTACGAAGAA-1,0
CCGCGTAGGTAAGGGC-1,3
CCGCTATCAGCACCAG-1,7
CCGCTCCAGGGCGATC-1,7
CCGCTCCGGATAAGCT-1,8
CCGCTCTTCCGAACTA-1,0
CCGCTTACCTCACTCT-1,6
CCGCTTCGCGGTTAAC-1,6
CCGCTTGCTGACATGG-1,1
CCGGAAGTGCAATATG-1,4
CCGGAAGTTATCAGTC-1,5
CCGGAATGGTTTCAGT-1,0
CCGGAGCGTACTTTCT-1,8
CCGGAGGTCTTATGGT-1,7
CCGGCACGACCGTTTC-1,5
CCGGCCGCGAGCATAT-1,3
CCGGCGCATATTGGAT-1,1
CCGGCGTGAGACTCTG-1,4
CCGGGACCCGCAGAGA-1,6
CCGGGCTAAGAATTTC-1,8
CCGGGCTGCTCCATAC-1,7
CCGGGTTCGAGGTTAC-1,0
CCGGTAATGGCTAGTC-1,2
CCGGTATCTGGCGACT-1,8
CCGGTGCGAGTGATAG-1,6
CCGGTTTGTAATTGTG-1,8
CCGTAAGTTGGTCCCA-1,6
CCGTACCCAAGCGCCA-1,6
CCGTAGGAAATCCCTG-1,7
CCGTAGGGTTGTTTAC-1,0
CCGTATCTCGTCGTAG-1,8
CCGTATTAGCGCAGTT-1,7
CCGTCAACCTCTGGCG-1,8
CCGTGAGGCATTCATG-1,5
CCGTGCCCATGACGGC-1,6
CCGTGGAACGATCCAA-1,5
CCGTGTTAAATTCCAT-1,6
CCGTTACGTTAGAACA-1,5
CCGTTCCGAATCTCGG-1,3
CCGTTTCCTTTCCGTG-1,9
CCTAAACAGGGTCCGT-1,5
CCTAAAGGCTGACGCT-1,5
CCTAAATTAACGGTTC-1,8
CCTAAATTGTATCCTA-1,2
CCTAACTAAGGCTCTA-1,5
CCTAAGTGTCTAACCG-1,1
CCTACAAGTCCGGAAT-1,7
CCTACAGTTGAGGGAG-1,8
CCTACATTCACAGACG-1,4
CCTACGCGACCTTACA-1,7
CCTACGGCTCAGTCGA-1,6
CCTACTCAACACGATT-1,1
CCTACTGCGGCGGCCA-1,7
CCTACTGCTTACACTT-1,2
CCTAGGCGTAGCGATC-1,7
CCTAGGTAAAGGTAGC-1,0
CCTAGTTAGTCGCATG-1,5
CCTATAATGAGTGCCC-1,4
CCTATACCGTCCTGTC-1,8
CCTATATCGTGTCACG-1,8
CCTATATTTGTCCTGG-1,8
CCTATCTATATCGGAA-1,1
CCTATGAAGTGGTGCC-1,2
CCTATGGCTCCTAGTG-1,8
CCTATGGGTTACCGTC-1,6
CCTATGGTCAAAGCTG-1,4
CCTATGTCCACTCCAC-1,7
CCTATTATTCCGGCCG-1,8
CCTCAACGATCGCTGT-1,4
CCTCACCAATCTTGAC-1,6
CCTCACCTGAGGGAGC-1,2
CCTCACCTTAGCATCG-1,2
CCTCACGTCAGCTAAT-1,1
CCTCATGCAGCTACGA-1,6
CCTCCCGACAATCCCT-1,5
CCTCCGACAATTCAAG-1,3
CCTCCTAGCTAGAGTC-1,8
CCTCCTGAGCCCACAT-1,0
CCTCCTGTTGTGTCGT-1,8
CCTCGAAGTGGACGGG-1,5
CCTCGACCCACTGCCT-1,2
CCTCGCCAGCAAATTA-1,1
CCTCGCGCGATATAGG-1,5
CCTCGCGCTGTGCGAT-1,9
CCTCGGACCGGGATAG-1,4
CCTCGGATGCTACCTG-1,3
CCTCGGTTTCCTTGCC-1,7
CCTCGTTACGCCTGTT-1,4
CCTCTAATCTGCCAAG-1,1
CCTCTACAAGGATTGG-1,8
CCTCTATCGATTAGCA-1,8
CCTCTCTCCCATCTAG-1,3
CCTCTGGCCTAGACGG-1,1
CCTCTGTACTATTCTA-1,8
CCTGAACGATATATTC-1,7
CCTGAATATTTACATA-1,1
CCTGACAAACTCGCGC-1,3
CCTGACCACCGATGGT-1,7
CCTGACGCAACCTTTA-1,7
CCTGAGAATAAATGCA-1,8
CCTGATTCGCGAAGAA-1,8
CCTGCCCGTTGTCTAG-1,3
CCTGCGATAGAACTGT-1,7
CCTGCGTTCTACGCTT-1,3
CCTGCTACAACCATAC-1,6
CCTGCTATTTGAGAAG-1,2
CCTGGAAACGTTCTGC-1,2
CCTGGCTAGACCCGCC-1,6
CCTGGTCGAATGTGGG-1,9
CCTGTAAGACATGATA-1,7
CCTGTACTCACGCCCA-1,3
CCTGTCACCCGGGCTC-1,7
CCTGTCCCTCACGTTA-1,5
CCTGTCGCCCGTAAAT-1,7
CCTGTCGTGTATGAAG-1,8
CCTGTGAAACCGTAAC-1,3
CCTGTGCATAGGAGAC-1,7
CCTGTGCGGATTGTAA-1,7
CCTGTTCAACCTCGGG-1,9
CCTGTTTGAAGACACG-1,7
CCTTAAGTACGCAATT-1,8
CCTTCAGTTAAAGTGA-1,8
CCTTCCGCAACGCTGC-1,8
CCTTCGTATAGAATCC-1,9
CCTTCTCAGCGTTCCT-1,0
CCTTCTTGATCCAGTG-1,1
CCTTGACCACTTTATT-1,1
CCTTGTGAACGTGGTT-1,9
CCTTTAAGGGAGCACT-1,7
CCTTTCAATGAAGAAA-1,2
CCTTTGAATTATGGCT-1,0
CGAAACATAGATGGCA-1,1
CGAAACGCAATTCATG-1,3
CGAACAGTATGGGCGT-1,6
CGAACATAGTCAGAAA-1,7
CGAACCCGCATGCGTC-1,7
CGAACCTCTTTCCTAG-1,7
CGAACGCCCAGTGCCG-1,5
CGAACGGCCGGACAAC-1,0
CGAAGACGGTGAGTGC-1,3
CGAAGACTGCCCGGGA-1,5
CGAAGATCAGTTTCAT-1,8
CGAAGCCACAGCATGG-1,8
CGAAGCTATAAATTCA-1,1
CGAAGGGTTTCAGATT-1,8
CGAAGTTGCTCTGTGT-1,3
CGAATCTGCTCGACGC-1,0
CGAATGAAGTCATTGC-1,3
CGAATGACGCATAATG-1,8
CGAATGGTAGGTCGTC-1,8
CGAATTACATGGTGTT-1,7
CGAATTCCCGGTTCAA-1,1
CGACAATTTGATCTAA-1,4
CGACACCGCTTAAGGA-1,7
CGACACGCTCCGACAG-1,9
CGACACGGATGCCCAC-1,4
CGACAGTTCGCGTTAT-1,7
CGACATGCGATCTTCT-1,5
CGACCCTTAACGCCGG-1,0
CGACCGTTGGTATTCG-1,8
CGACCTACTAGACAAT-1,3
CGACGCATCCGTACCT-1,3
CGACTCAGGATGTTAT-1,5
CGACTCGGTACACGGT-1,6
CGACTTGCCGGGAAAT-1,8
CGACTTTGTATAGCCT-1,5
CGAGACCCTAGAGTGT-1,7
CGAGACTACTGCTGCT-1,0
CGAGAGATGTGAACCT-1,1
CGAGAGCGCGTAGATA-1,3
CGAGAGCTTTCACTAC-1,9
CGAGAGGGTAGCCGCG-1,7
CGAGATGTTGCCTATA-1,1
CGAGATTTCGCTCGGG-1,2
CGAGCACTTCAAGTTT-1,7
CGAGCCGAGCACTCGA-1,3
CGAGCGTTGATCAGCC-1,6
CGAGCTGGGCTTTAGG-1,5
CGAGGAGCTTCCATAT-1,7
CGAGGATCGGGAACGA-1,1
CGAGGCCAGGCATTGG-1,0
CGAGGCTAAATATGGC-1,7
CGAGGGACTGCGGTCG-1,7
CGAGGGTATCCAGGTG-1,8
CGAGTACTAAAGAGGA-1,0
CGAGTGAAGGTACCAG-1,8
CGAGTGCTATAGTTCG-1,6
CGAGTTCTGTCCCACC-1,1
CGAGTTTATCGGACTG-1,7
CGATAACCAATTTGAG-1,4
CGATAATACTCAGGTT-1,5
CGATACCTCGCGGACA-1,7
CGATAGCGATACAGTG-1,8
CGATAGTCGTACTGCA-1,7
CGATATTAGCCGCAGG-1,6
CGATCATTAGAGGCAC-1,7
CGATCCACCATTGTTG-1,9
CGATCCGACCCAGTGC-1,7
CGATCCTCGCAACATA-1,8
CGATCGAGAAGCACCA-1,8
CGATCTGTTGGAGGAC-1,4
CGATGGACCCTACGCC-1,5
CGATGTTGTTATCTAC-1,8
CGATTAAATATCTCCT-1,4
CGATTCGCCTGGCTGC-1,4
CGATTTGTCATTAATG-1,8
CGCAAACACGAGTTAC-1,7
CGCAATCGATCATTAG-1,0
CGCAATTACTTTCGGT-1,6
CGCAATTAGGGTAATA-1,6
CGCAATTCTACAATAA-1,3
CGCACATGTCCACTAC-1,7
CGCACGTCTGTTTATG-1,7
CGCACGTGCGCTATCA-1,6
CGCAGAAACATTTGCG-1,5
CGCAGATCTTCACCCG-1,6
CGCAGGCGATCCAAAC-1,0
CGCAGTTCTATCTTTC-1,6
CGCATCATGGCTTCAG-1,1
CGCATCCATCAGCCAG-1,2
CGCATGCCGAATGCGT-1,2
CGCATGGTGCGATGCT-1,7
CGCATTAGCTAATAGG-1,6
CGCCAAGAAGCCGAGT-1,3
CGCCAATTATTGCGTT-1,0
CGCCACAGGTCGCGAT-1,3
CGCCACCCGCATTAAC-1,6
CGCCAGTAGTACCTTG-1,8
CGCCATCCGATTATGA-1,1
CGCCCAGCACGCCTAG-1,8
CGCCCAGCGTTTCACG-1,9
CGCCCGCTTCCGTACA-1,1
CGCCCTAATTGTTCAA-1,8
CGCCCTTACATCCACC-1,7
CGCCCTTGAAGGCTGA-1,3
CGCCGACTATTCGCTA-1,3
CGCCGCCCATGCCTGT-1,7
CGCCGCGTTCTGAACG-1,0
CGCCGGTGTCGCAGTA-1,7
CGCCGTCTACCCATCG-1,2
CGCCGTTCAGCATAGT-1,7
CGCCTCCCTCCTCTAT-1,7
CGCCTGGCCTACGTAA-1,3
CGCCTTTAGCATGCTC-1,5
CGCGAAGTGGCATACT-1,7
CGCGACACTGCGCAGC-1,3
CGCGACCGCGACAGAT-1,4
CGCGAGAGGGACTTGT-1,7
CGCGAGTCTGCCGGGT-1,8
CGCGCAAATGTCCAGA-1,8
CGCGCAAGGAACTACA-1,6
CGCGCATGTTTGATTG-1,7
CGCGCCCGACTTAATA-1,1
CGCGGCAGTATTACGG-1,6
CGCGGCTCAACTTGAA-1,4
CGCGGGAATTAGGCAG-1,1
CGCGGGAATTCCTTTC-1,8
CGCGGTAAGTCTAGCT-1,1
CGCGGTACGGTATACA-1,4
CGCGGTCACAAACCAA-1,6
CGCGTACATTCTGGAA-1,7
CGCGTCATATTAAACC-1,2
CGCGTGCTATCAACGA-1,6
CGCGTGGGCCTGTGTT-1,8
CGCGTTCATGAAATAC-1,2
CGCTACCGCCCTATGA-1,1
CGCTACGGGACATTTA-1,8
CGCTAGAGACCGCTGC-1,1
CGCTATACCGCCCACT-1,1
CGCTATCGTGGCTTTA-1,4
CGCTATTCAATGTATG-1,6
CGCTATTCTTAGGCTC-1,7
CGCTCGACATAATGAT-1,6
CGCTCTCCGTAGATTA-1,3
CGCTGAGGACGTCCAA-1,6
CGCTGGTGACTACCCT-1,6
CGCTGTGACGCCGCAC-1,6
CGCTGTGTGGATGTTG-1,8
CGCTTAGTATTGATAC-1,9
CGCTTATTCCCGGTCG-1,3
CGCTTCCACTGAAATC-1,6
CGCTTCGGTCTAAGAC-1,7
CGCTTGGACGGATAGA-1,4
CGCTTTCATACCGGTG-1,7
CGCTTTCCGCCAAGGT-1,8
CGCTTTCTTGCATTCG-1,1
CGGAAAGAATCAAACG-1,7
CGGAAAGCAAATGTGC-1,0
CGGAAATTTCACATCC-1,7
CGGAACGTAAACATAG-1,7
CGGACCTCTGTAGTTA-1,0
CGGACCTTTACGTCCC-1,8
CGGACGTTACTTGAAG-1,3
CGGAGCAATTTAATCG-1,7
CGGAGCATGGCGATCC-1,7
CGGAGCTTATAACACC-1,5
CGGAGTCCTAACCTGG-1,7
CGGAGTTTGAGAGACA-1,0
CGGATAAGCGGACATG-1,0
CGGATCCTCAAGGACT-1,9
CGGATGAATGCTGTGA-1,4
CGGATTCTGCCTTATG-1,0
CGGCAAACATCGTGCG-1,7
CGGCAATAAGATCGCC-1,1
CGGCACCGTTAGCGCC-1,5
CGGCACTCAAGAAAGT-1,6
CGGCAGGGTCGGGTTG-1,1
CGGCCACGCACAAAGT-1,7
CGGCCAGAGCGACCAT-1,4
CGGCCCAACCTGTAGT-1,5
CGGCCCAGGTATATCC-1,5
CGGCGCCATCAATCCC-1,7
CGGCTCTAAAGCTGCA-1,1
CGGCTCTTCGTCGAAC-1,4
CGGCTGAAGGTTACGC-1,4
CGGCTGCAAGATTAAG-1,2
CGGCTTTGTATGATAA-1,1
CGGGAACGCCCTGCAT-1,8
CGGGAAGTACCGTGGC-1,8
CGGGAATATAGTATAC-1,1
CGGGAATTTATGTAAA-1,7
CGGGAGCTTCAGTGTA-1,4
CGGGAGTATACCGCCG-1,7
CGGGATCAATGTAAGA-1,6
CGGGCAGCTAAACCGC-1,7
CGGGCCATAGCCGCAC-1,0
CGGGCCTTCTTTGTAA-1,7
CGGGCGATGGATCACG-1,4
CGGGCTACTTAAATTG-1,7
CGGGTGTACCCATTTA-1,7
CGGGTTCGGCACGTAT-1,1
CGGGTTGTAGCTTTGG-1,6
CGGGTTTGTTAGGGCT-1,1
CGGTAACAAGATACAT-1,0
CGGTACGGCAAACCCA-1,3
CGGTACTAGAATCAAA-1,7
CGGTAGAGGTGCAGGT-1,5
CGGTATAGGTATTAGC-1,6
CGGTATGGGCACTCTG-1,8
CGGTCAAGTGGGAACC-1,1
CGGTCAGTCCATATTT-1,2
CGGTCCATGAGACTCC-1,7
CGGTCCGTCGCAAGCC-1,2
CGGTCTATCAACCCGT-1,5
CGGTGAAGACTAAAGT-1,3
CGGTGCAGATAGAACG-1,3
CGGTGCGCGTTGGTCC-1,7
CGGTGGGCTCCAGCCT-1,5
CGGTGTACTTGATCCC-1,6
CGGTTATCCAACAGTG-1,2
CGGTTCAAGTAGGTGT-1,2
CGGTTCCGGCTTCTTG-1,6
CGGTTGACCTGGCATA-1,3
CGGTTGAGTATCCTTC-1,7
CGGTTGGGCAGGGTCC-1,7
CGGTTGGGTTCAAGTT-1,1
CGGTTTACTGAACATT-1,8
CGGTTTATGAAGGAAC-1,7
CGTAAACGCTTGAGTG-1,7
CGTAAAGCAAGAAATC-1,8
CGTAAATAACAAAGGG-1,7
CGTAACGGAACGATCA-1,7
CGTAACTTCGACACTT-1,8
CGTAATAATTACGAGT-1,3
CGTAATATGGCCCTTG-1,5
CGTACCGAAAGTCTAG-1,7
CGTACCTGATAGGCCT-1,5
CGTAGCGAATTGTCAG-1,1
CGTAGCGCCGACGTTG-1,1
CGTATCTAGAACTAAG-1,4
CGTATTAAGAGATCTA-1,6
CGTATTGTTTCCTAAT-1,6
CGTATTGTTTGGCGCC-1,4
CGTCAAATGGTCGCAG-1,7
CGTCAAGGCTATAAAT-1,3
CGTCAATCTTTAACAT-1,2
CGTCACGTCCATTGGT-1,7
CGTCAGCTATTTACTC-1,4
CGTCAGTGCGCACAAG-1,6
CGTCAGTTTATCGTCT-1,5
CGTCATACCATATCCA-1,0
CGTCCAGATGGCTCCA-1,3
CGTCCTCATCGCGTGC-1,1
CGTCGCATGTGAGCCA-1,9
CGTCGCGGCGGGATTT-1,7
CGTCGCTTGGTTATAC-1,8
CGTCGGATAGTGTTGA-1,1
CGTCGGGTCTAAGCGC-1,8
CGTCGTCCTTCGCGAA-1,4
CGTCTCTCGCCGAGGC-1,4
CGTCTGGAAGGGCCCG-1,2
CGTCTTGAGTGTGACG-1,2
CGTGAACTGACCCGAT-1,4
CGTGAAGTTAATTCAC-1,7
CGTGACATTGGGTCGT-1,5
CGTGACCAGTCCTCTG-1,4
CGTGCACACCACTGTA-1,8
CGTGCAGACTGGGACA-1,7
CGTGCATTGTCGACGC-1,3
CGTGCCCGACATTTGT-1,5
CGTGCCCTCCCGAAGA-1,7
CGTGCTGGCCTAGTCG-1,7
CGTGCTTCTACCTAAA-1,8
CGTGGAAGCCTCGTAC-1,2
CGTGGCCGAATATCTA-1,1
CGTGGTACCCAAAGGC-1,7
CGTGTATGGGAGCTGA-1,7
CGTGTCCCATTCGCGA-1,7
CGTGTCTCGTTACGAC-1,8
CGTGTGTTAAACCCTG-1,5
CGTTAAACTAGTTAGG-1,5
CGTTAAATACGACCAG-1,1
CGTTAATGTCCCGACG-1,7
CGTTAGCTCACAACTG-1,5
CGTTATCATACTTCCA-1,0
CGTTCAAGGAAACGGA-1,4
CGTTCAGACCCGCGAA-1,8
CGTTCATGGTGCGCGT-1,6
CGTTCTTCGCACACCT-1,6
CGTTGAATACCGCGCT-1,4
CGTTGAGCGACCGTCG-1,7
CGTTGAGTAATTGCGT-1,7
CGTTGCCCGCGTGGGA-1,4
CGTTGTAAACGTCAGG-1,3
CGTTGTAAGATTGATT-1,5
CGTTGTCGGCAATTGA-1,8
CGTTGTTTCAATTCCC-1,3
CGTTTAAGCGGAGCAC-1,1
CGTTTACAAGGCAGCT-1,7
CGTTTCACTTCGGGCG-1,5
CGTTTCGCTCATTACA-1,7
CGTTTCGGTTATATGC-1,6
CGTTTGGTGTTGTGGG-1,1
CGTTTGTGTAGAGGGT-1,8
CTAAACGGGTGTAATC-1,6
CTAAAGAATGCCTACT-1,3
CTAAAGGATGAGATAC-1,8
CTAAAGGGAAATAGGA-1,7
CTAAAGTCCGAAGCTA-1,6
CTAAATCCGGTGTACA-1,7
CTAACAGCACAATAAC-1,3
CTAACCGCGCGCCCGT-1,3
CTAACGAAACTTGCTG-1,1
CTAACTGATAATCGCC-1,7
CTAACTGGTCCGGTTC-1,4
CTAAGGGAATGATTGG-1,8
CTAAGTACAGGGCTAC-1,6
CTAATGCGCCCAACAA-1,0
CTAATTATGAAGCGTA-1,7
CTAATTCGCACGCGCT-1,0
CTAATTCTCAGATATT-1,2
CTAATTTCAACAACAC-1,6
CTACAAGAAATAACCC-1,8
CTACACTAGCTTGTTC-1,6
CTACACTCGCAGATGG-1,7
CTACATATCGCGGGAC-1,8
CTACCCTAAGGTCATA-1,1
CTACGACTAGCTATAA-1,3
CTACGATCCTATCCTA-1,8
CTACGCACGGAGTACC-1,7
CTACGCCATTTCCGAT-1,2
CTACGTGTTGCCACCA-1,6
CTACTATCATAGGTTT-1,8
CTACTATCTTTCAGAG-1,1
CTACTCAAGGTATAGT-1,8
CTACTCTAGGCCCGGC-1,3
CTACTGCCACCTGACC-1,7
CTAGACATATATGTAG-1,7
CTAGACTGCATTTCGT-1,5
CTAGATAAACTCCTCG-1,6
CTAGATGTGAGTGTAA-1,1
CTAGATTTACGACGGC-1,7
CTAGCAACTAATTTAC-1,1
CTAGCATAGTATAATG-1,7
CTAGCCACAGGCGAGC-1,2
CTAGCCCGGGAGACGA-1,9
CTAGCCGATGTTATGA-1,5
CTAGCGCCAATCCTAC-1,7
CTAGCTTAATGGTCCC-1,5
CTAGGCGCCCTATCAG-1,0
CTAGGCGGCAGAGAAT-1,6
CTAGGGATAGGGACAA-1,0
CTAGGTCTGAAGGAAT-1,1
CTAGGTTCGGACGTGA-1,9
CTAGTAGAAAGGGATT-1,9
CTAGTATTCGGAATTA-1,5
CTAGTCACGTCTTAAG-1,7
CTAGTGAAGGACAGGA-1,3
CTAGTTACAACCCGGT-1,4
CTAGTTGGGCCCGGTA-1,6
CTATAAGAGCCAATCG-1,2
CTATAAGTAGGGTTTG-1,7
CTATACTTAAAGCGAG-1,3
CTATAGGCGTTGATGT-1,8
CTATATCCAGCCTGGC-1,8
CTATCACAACGCTGGA-1,8
CTATCGACGAAATACA-1,7
CTATCGCGTAGAGAAC-1,1
CTATCGGGTCTCAACA-1,7
CTATGAACACCTTGCC-1,8
CTATGCCCGAATGCAA-1,7
CTATGGGAAGCGGAAT-1,7
CTATGTCACTAGCCCA-1,7
CTATGTCTATTGAAAC-1,2
CTATGTGAGTCACGGC-1,0
CTATTCATGTGTCCCA-1,8
CTATTGTGTTTGGTCA-1,7
CTATTTGCTTGGAGGA-1,9
CTATTTGGTTACGGAT-1,7
CTCAAACCACTGCCCG-1,8
CTCAACTAACCCGGAT-1,9
CTCAAGACATTAGCGC-1,6
CTCACACGCAAGCCTA-1,7
CTCACATTTACTAAAT-1,7
CTCACCAGTACAAGTG-1,3
CTCACCGATCCAAACT-1,7
CTCACTGTGATACTTA-1,9
CTCACTTGGCTGGTAA-1,3
CTCAGAGCTAATGTCG-1,9
CTCAGATTGTGATAAG-1,0
CTCAGCAGACTGCCGA-1,7
CTCAGGACTCACCTGT-1,6
CTCAGTCACGACAAAT-1,2
CTCATAAATGTGTATA-1,6
CTCATCACTTAGTGAT-1,2
CTCATGGCTCACAATC-1,5
CTCATGGTAATTTGCG-1,0
CTCATTAACGTTGCCC-1,1
CTCATTCGTGAACATC-1,3
CTCATTGCTCTAACAA-1,9
CTCATTTGATGGGCGG-1,6
CTCCCAATGAGTCGCG-1,1
CTCCCTCCTTTCGATC-1,8
CTCCCTTGTATCAAGG-1,8
CTCCGAGTAAATCCGC-1,7
CTCCGCCCACATGAGG-1,4
CTCCGGCCTAATATGC-1,6
CTCCGGCTTGTAGACA-1,0
CTCCTAAGTTATGTCT-1,6
CTCCTAGTAATCGTGA-1,8
CTCCTCCAGCTCACAC-1,8
CTCCTGTTCAAGGCAG-1,5
CTCCTTTACGCAAGTC-1,1
CTCGAATGGAACGTAT-1,6
CTCGAGACATACGATA-1,0
CTCGAGATCCAAAGCA-1,6
CTCGAGGCAAGTTTCA-1,7
CTCGAGGTCGAACAGT-1,4
CTCGATATTTGCGAGC-1,5
CTCGCACCTATATAGT-1,1
CTCGCATTGCATAGCC-1,8
CTCGCCGAATGTAGGG-1,8
CTCGCTAGGTAAGCGA-1,2
CTCGGGATAACACCTA-1,1
CTCGGGCATCGTCGGG-1,5
CTCGGGTTCTCTGGCC-1,4
CTCGGTACCACTGCTC-1,7
CTCGGTCCGTAGCCTG-1,1
CTCGGTTGTCGGCCCT-1,8
CTCGTCGAGGGCTCAT-1,8
CTCGTCTGTGCCTTCG-1,8
CTCGTGGCACTGAAAG-1,8
CTCGTTACGGCTACCA-1,4
CTCGTTTCTAATGTTT-1,5
CTCTAACACCGGCAGC-1,8
CTCTAATGCATTGATC-1,1
CTCTACACTGGCGATT-1,3
CTCTACATCCTGCGTG-1,8
CTCTAGCCCTCGGAAA-1,7
CTCTATTTGGCTGCAG-1,8
CTCTCACAATCGATGA-1,6
CTCTCGATGTGCGCCT-1,5
CTCTCGCTGTACTATG-1,3
CTCTCTAACTGCCTAG-1,8
CTCTGCAGGCATTCTT-1,8
CTCTGCGAAGCAAGCA-1,6
CTCTGGACGCCTGGTG-1,7
CTCTGTCCATGCACCA-1,8
CTCTGTGCCTGCTATG-1,1
CTCTGTTTGAGGATTC-1,5
CTCTTCTATTGACTGG-1,1
CTCTTCTGGAAGTTAG-1,7
CTCTTGTCCCGCTTGG-1,4
CTGAAACGGCCCTCAG-1,7
CTGAAAGAGATCCGAC-1,5
CTGAATCCGAGACCTC-1,7
CTGAATTTATTGCCAG-1,1
CTGACATAGAAATAGA-1,1
CTGACTGCGCAGCTCG-1,2
CTGAGAAAGTTCGGCG-1,5
CTGAGAGTAGAAATAC-1,7
CTGAGCAAGTAACAAG-1,6
CTGAGCGAGACTTATT-1,1
CTGATAGTGTATCTCA-1,3
CTGATCCCTTTATGCA-1,8
CTGCAAGCACGTTCCG-1,4
CTGCACCTAGTCCACA-1,1
CTGCACCTGGAACCGC-1,6
CTGCACTCCAGTACAG-1,4
CTGCAGAGAATCAGAG-1,0
CTGCAGGGTGACGCTC-1,5
CTGCAGGTGCTCGGCC-1,0
CTGCCAAGGTTGGAAG-1,1
CTGCCATGCATCACAT-1,7
CTGCCCACGAAGCGTT-1,3
CTGCCTAGCCACCAAG-1,5
CTGCCTCATATGCAAC-1,5
CTGCCTTTAATACCTT-1,8
CTGCCTTTCTAGTAAA-1,7
CTGCGACCTCGCCGAA-1,8
CTGCGATTTCGAGATT-1,4
CTGCGGGTGAAATGTT-1,3
CTGCGGTAGTCACGTG-1,5
CTGCGTTACGATATAA-1,5
CTGCTCTCAACACACC-1,6
CTGCTCTGACGGCAAA-1,8
CTGCTGAGGCCACGAA-1,0
CTGCTGTCTAACGAGC-1,5
CTGCTTGGCGATAGCT-1,7
CTGCTTTATGTCCGCG-1,7
CTGGAAATGGATGCTT-1,6
CTGGAAGACACGGTGG-1,2
CTGGACGCAGTCCGGC-1,4
CTGGATTTACACTTGA-1,7
CTGGCATCCGAATGAG-1,8
CTGGCGACATAAGTCC-1,5
CTGGCGATTTACATGT-1,6
CTGGCGCACAGGTCTG-1,7
CTGGCGGGAATAAGTA-1,0
CTGGCTCCTGCGGGAT-1,6
CTGGCTGATTCATCCT-1,4
CTGGCTGCTAACGTAA-1,6
CTGGCTGGTTGTCAGT-1,4
CTGGGATAAATAATGG-1,7
CTGGGATACGCTACCC-1,2
CTGGGATCGCCCAGAT-1,2
CTGGGCACTAGTCGGA-1,7
CTGGGCCTGCTATATC-1,0
CTGGGCGGCCAAATGT-1,1
CTGGGCTACTGGAGAG-1,6
CTGGGCTATCCTTTGG-1,4
CTGGGTAGGCAGTTAA-1,8
CTGGGTTGAGTTAAAG-1,8
CTGGTAAAGACTTACA-1,0
CTGGTAAAGTGTGGGC-1,1
CTGGTAACACATAGAA-1,7
CTGGTAACGAGCTCTT-1,2
CTGGTCATTCCAATCC-1,3
CTGGTCCTAACTTGGC-1,5
CTGGTGAATGGGCCTA-1,4
CTGGTTCAACGCATCA-1,7
CTGGTTCGCGAGCTAC-1,2
CTGGTTTCGAGCAAGA-1,4
CTGTACTTCTTAGCAT-1,7
CTGTAGCCATCTCACT-1,8
CTGTAGTGAGGATCGA-1,4
CTGTATGGTGTAGAAA-1,6
CTGTCAAATGGCTCGG-1,1
CTGTCACGCCAGGCGC-1,1
CTGTCCTGCGCACTAC-1,4
CTGTCTGTGGCTGGCT-1,0
CTGTGCAGGGTAGGTC-1,7
CTGTGGTCGGGAGATA-1,7
CTGTTACCCAATCTAG-1,7
CTGTTCACTGCCTGTG-1,6
CTGTTCATCTCACGGG-1,7
CTGTTGGCTCTTCTGA-1,3
CTGTTGTTCAGTCGTA-1,8
CTTAAATAAGACCCAT-1,3
CTTAACTTACAGTATA-1,6
CTTAACTTCGAAGTAC-1,5
CTTAAGCAGCGAGCCG-1,3
CTTAATCGACTTAGTA-1,8
CTTACACGGTATTCCA-1,6
CTTACACTGGGAAATA-1,6
CTTACATAGATTTCTT-1,8
CTTACTGACTCCTCTG-1,1
CTTAGATGTTTCATCC-1,7
CTTAGCCCGGATAGTG-1,3
CTTAGCCTTCCACATG-1,1
CTTAGGTATAGACCAG-1,3
CTTAGGTCCCAATCGT-1,6
CTTAGTAGGCCTACAG-1,5
CTTAGTGTAGTAGCAT-1,9
CTTAGTTGAGGAATCG-1,8
CTTATAGATGGCTGTT-1,1
CTTATGCGCTCAGGGC-1,0
CTTATGTTGACTACCA-1,6
CTTCAACTCCACTTGG-1,9
CTTCACGCCCTGGTAC-1,7
CTTCAGTGGTCGCCTA-1,8
CTTCAGTTGGACAACG-1,6
CTTCATAGCTCAAGAA-1,6
CTTCATCACCAGGGCT-1,8
CTTCATTGTCAGTGGA-1,7
CTTCCGCTCCGTGAAG-1,7
CTTCCTGCATATTTAC-1,7
CTTCGATTGCGCAAGC-1,8
CTTCGGCCAATTGTTT-1,1
CTTCGTAGATAGGTGA-1,7
CTTCGTGCCCGCATCG-1,6
CTTCTATGTTGAAGTA-1,8
CTTCTATTAATGCTAG-1,8
CTTCTGGGCGTACCTA-1,8
CTTCTTACGTCGTATA-1,5
CTTGACCCGAAAGATA-1,6
CTTGAGGTTATCCCGA-1,6
CTTGAGTTAGGGTAAT-1,8
CTTGATGACCATCCAG-1,0
CTTGCAACCGCCTCCT-1,3
CTTGCCCACCCACGCA-1,7
CTTGCCCAGGCTCTAC-1,7
CTTGGCCAAGCTGGGA-1,8
CTTGTACTTGTTGACT-1,6
CTTGTCAACATTCGAG-1,8
CTTGTCGTACGTGTCA-1,6
CTTGTGAGGACAGCGG-1,6
CTTGTGAGTCTTTGAC-1,6
CTTGTGCTCACCGATT-1,5
CTTGTTGCTGAGTCAA-1,7
CTTGTTTATGTAGCCA-1,6
CTTTAACTTTCAAAGG-1,1
CTTTACCGAATAGTAG-1,2
CTTTAGGAACACTGTT-1,4
CTTTAGTGCTATTATT-1,7
CTTTATCCGACGCATG-1,8
CTTTCTGTGCGGGCTT-1,7
CTTTGAAACATATTCC-1,7
CTTTGACGTCGCTTCT-1,0
CTTTGCATCGCTCTTG-1,7
CTTTGCTGTCATGGAT-1,5
CTTTGGCAGACAGAGT-1,7
CTTTGGCGCTTTATAC-1,3
CTTTGGCTTTAGTAAA-1,0
CTTTGGGATTGTTGCA-1,8
CTTTGTCGAATGCTCC-1,0
GAAACAGATGACCACC-1,7
GAAACAGCCATGCAGT-1,1
GAAACATAGGAAACAG-1,8
GAAACCATGGTGCGCT-1,5
GAAACCGAATTACCTT-1,7
GAAACCTATACAAATG-1,8
GAAACTCGTGCGATGC-1,3
GAAACTCTAATGAAGG-1,5
GAAAGAACAGCGTTAT-1,5
GAAAGCAGTGCACTTT-1,4
GAAAGCCCTTTGGACC-1,3
GAAAGTGACTAACTGC-1,3
GAAATACCTGCTGGCT-1,7
GAAATACTAAACGTTT-1,7
GAAATATCACCATCAG-1,3
GAAATATGCTTGAATG-1,7
GAAATCGCGCGCAACT-1,5
GAAATCTGACCAAGTT-1,3
GAAATGGCGGTGTTAG-1,1
GAAATGGGATGTAAAC-1,0
GAAATTAGCACGGATA-1,5
GAAATTCACATCGCTG-1,0
GAAATTGTCTCTATAA-1,7
GAACAACTGGGATGAA-1,2
GAACACACATCAACCA-1,6
GAACAGATTACTAAAT-1,4
GAACATTAGTATGTTA-1,7
GAACCATCTGGGAGAC-1,1
GAACCCTCTGTGTTCT-1,9
GAACCTCGACCTACAC-1,3
GAACCTTTAACGATCC-1,9
GAACGACCGAATGATA-1,1
GAACGATAAGTTAAAG-1,2
GAACGCGGGTCACACG-1,5
GAACGGTGTAAAGCAG-1,7
GAACGTCTCATGGTCG-1,1
GAACGTTAGGAAGACG-1,3
GAACGTTTGTATCCAC-1,2
GAACTGTGGAGAGACA-1,4
GAACTTAGCGCCCGGT-1,6
GAACTTGTGCACGGGA-1,6
GAAGAAACGATATTGT-1,8
GAAGAACGGTGCAGGT-1,1
GAAGACTTCAATGCCG-1,2
GAAGCAAGGCAATGTT-1,1
GAAGCCACTGATTATG-1,7
GAAGCCGGGTAAGCTC-1,3
GAAGCCTGCACATTCC-1,8
GAAGCGTGAGGAATTT-1,7
GAAGCTCGGACCCGTC-1,8
GAAGCTCTTTGCTTAG-1,3
GAAGCTTGCTGACCGC-1,7
GAAGGACTAAATTGAA-1,7
GAAGGAGTCGAGTGCG-1,8
GAAGGCTACCATTGTT-1,7
GAAGGGCATAACCATG-1,7
GAAGGGTCATTAAGAC-1,8
GAAGTCAGTTGCACTA-1,8
GAAGTCTCCCTAGCGA-1,7
GAAGTGATTTATCGTG-1,8
GAAGTGCTGGATAGCT-1,2
GAAGTTTCCACTCAAT-1,7
GAATAGACGCGACCCA-1,4
GAATAGCATTTAGGGT-1,2
GAATAGCCCTGCGGTC-1,7
GAATAGTGCTCGATTA-1,7
GAATATTCGGAGTCCC-1,5
GAATCGACATGGTCAC-1,6
GAATCGCCGGACACGG-1,6
GAATCTATACTCGGAC-1,2
GAATCTGAACATTCTC-1,7
GAATGAAGGTCTTCAG-1,6
GAATGCCGAAATGACC-1,0
GAATGCGAATCGGTTC-1,7
GAATGGGCTTATCGAC-1,0
GAATGTATGGCAGGTC-1,5
GAATGTGGTCCGGATT-1,7
GAATGTTGGGTAATCT-1,5
GAATTATAGTGAAAGG-1,7
GAATTATGCAACCTAC-1,7
GAATTCACCCGGGTGT-1,7
GAATTTCTCGCTGCAG-1,3
GACAAACATATGCAGG-1,4
GACAACGACCATTGAA-1,1
GACAACGCAGCTTACG-1,6
GACAAGACGCCCGTGC-1,1
GACAAGAGATGAGATT-1,2
GACACAAGGGAAGAAA-1,7
GACACAGCCGGGACTG-1,0
GACACCCAAAGACGCG-1,3
GACACGAGTTAGAGGA-1,6
GACACTGAGTTCAGTG-1,7
GACACTGGAACCCGAT-1,1
GACACTTCCAATTACC-1,9
GACAGAGGTCTTCAGT-1,8
GACAGATTTCTGGCTC-1,6
GACAGCCAGACCTGAC-1,4
GACAGGCACACACTAT-1,3
GACAGGTAATCCGTGT-1,1
GACATACTGTCGCAGA-1,6
GACATCCGTCGAACTG-1,7
GACATCGATTTATAAC-1,7
GACATTTCGCCCAGCC-1,8
GACCAAACGTTGACTG-1,1
GACCACACTTCCCTTT-1,8
GACCAGAGCCCTGTAG-1,6
GACCCAATTATGATAC-1,8
GACCCGTCGCCGGCTA-1,5
GACCGACCGCTAATAT-1,6
GACCGACGTGAAAGCA-1,2
GACCGACTGAAGCGTC-1,3
GACCGATTAAATATGT-1,8
GACCGCGTCTGACGTG-1,1
GACCGGTGATACTCTC-1,4
GACCGTCAGGTCGTGA-1,5
GACCGTGCTGACGGTG-1,8
GACCGTTACATGCGAC-1,3
GACCTGGTCTGGGCGT-1,3
GACCTTCCACGTCTAC-1,4
GACGACGATCCGCGTT-1,8
GACGACTTTCCAAGAA-1,6
GACGAGGCTAATAAAC-1,7
GACGATATCACTGGGT-1,8
GACGCATACCCGTCGG-1,0
GACGCCGTAAAGGCTA-1,8
GACGCCTGTTGCAGGG-1,6
GACGCTTGCTTCTAAA-1,3
GACGGACCGCGTTCCT-1,5
GACGGGATGTCTTATG-1,1
GACGGGCATCGAATTT-1,2
GACGGGTTGGCCCGTA-1,8
GACGGTCAATAGAAGC-1,2
GACGGTCCTAGGGTGT-1,2
GACGTGAGACTCCATG-1,6
GACGTGTAGGGATTAT-1,0
GACGTTCGTAAATACA-1,7
GACGTTGCTCGGCGGC-1,7
GACTAACACAGCACCT-1,6
GACTAAGATCATGCAC-1,1
GACTAAGTAGGCTCAC-1,6
GACTACAAAGCGGTGG-1,4
GACTACAATTGCTCGT-1,1
GACTAGGCCGTTAGGT-1,9
GACTCACCCACGTGAG-1,5
GACTCCCAGAATAAGG-1,5
GACTCCTTCCAATTGA-1,0
GACTCGCGGGAATGAC-1,5
GACTCGGTCGGCGGAT-1,7
GACTCTAGAGTTCCAA-1,7
GACTGATTGGTCACAA-1,6
GACTGCAAATCGAGCT-1,9
GACTGCACCAGCCCAG-1,7
GACTGCGGCACGTGTA-1,3
GACTGCTGGTGAGAAA-1,8
GACTGGGCGCCGCAAC-1,7
GACTTCAACGCATCAA-1,8
GACTTTCGAGCGGTTC-1,8
GAGAAACTGGATCCCA-1,1
GAGAACGGTTCTGACT-1,6
GAGAATCTCACGATCA-1,3
GAGACCCTGCAACGCC-1,8
GAGACTGATGGGTAGA-1,4
GAGACTTCGCGACCGA-1,8
GAGAGCGCAGTCCCTG-1,3
GAGAGGCCTATGTGTA-1,7
GAGAGGGCGCGAGGTT-1,0
GAGAGGTGCATTCTGG-1,0
GAGAGTCTCGGGAGAG-1,0
GAGATCGATCTTACTC-1,8
GAGATCTGCTTGGCAT-1,0
GAGATCTGTCACTCCG-1,8
GAGATCTTCCATGACA-1,7
GAGATGACAATCCTTA-1,6
GAGATGGCTTTAATCA-1,8
GAGATGGGAGTCGACA-1,8
GAGCACCTGTGTCCAG-1,4
GAGCACGGCGCCTCTT-1,2
GAGCATCAACAACTTG-1,7
GAGCATCATCCCTGGG-1,1
GAGCCACGGTAGTAGG-1,6
GAGCCAGCTACCTGTG-1,1
GAGCCGAGCGTTTATT-1,6
GAGCGAGGGAGTACCG-1,1
GAGCGCAAATACTCCG-1,1
GAGCGCGCACGAGTAG-1,1
GAGCGCTATGTCAGGC-1,1
GAGCGCTGTTAGGTAA-1,4
GAGCGGAATGCGGTGT-1,8
GAGCTAAGGGCATATC-1,1
GAGCTCAACATGAGCG-1,8
GAGCTCTCGGACCTAA-1,6
GAGCTGTCGTCTCGGA-1,7
GAGGAATATCTCTTTG-1,9
GAGGAATGGAGAGGTT-1,3
GAGGAGATCCTCATGC-1,0
GAGGAGTAATTCCTAC-1,5
GAGGATAAACAGTGCT-1,2
GAGGCATTTGCAGCAG-1,7
GAGGCCCGACTCCGCA-1,7
GAGGCCTGTTGATACA-1,6
GAGGCTATCAAAGTCG-1,3
GAGGGAGTCAGATCGC-1,7
GAGGGCATCGCGTATC-1,6
GAGGGCCATAATATTA-1,7
GAGGGCCGGCAGAGTC-1,7
GAGGGCGCAGCTCTGC-1,1
GAGGGTAGTAACAAAG-1,8
GAGGTACATCCATCTT-1,5
GAGGTACGCGTGTCCC-1,8
GAGGTCCCAAAGATCT-1,6
GAGGTCCGTTCGCTGT-1,3
GAGGTCTTAGTGGGTC-1,7
GAGTAAACCGGAAAGT-1,5
GAGTAAATTAAGAACC-1,1
GAGTAAGGCCACGGGA-1,0
GAGTACGGGTATACAA-1,6
GAGTAGATACTAGTTG-1,8
GAGTATACCCTAATCA-1,8
GAGTATCAAAGTTACA-1,5
GAGTATGCCCGCCTTG-1,8
GAGTATGCGCGTGCAT-1,0
GAGTCAGACCAGAATC-1,8
GAGTCCACCAGGTTTA-1,8
GAGTCCGCTTACCGGA-1,7
GAGTCGACAGACCCTC-1,3
GAGTCTTGTAAAGGAC-1,3
GAGTGCACGGACAACA-1,6
GAGTGTCAACCAGAAA-1,9
GAGTGTGCGGTACCCA-1,8
GAGTTCTGTGGGTGCT-1,3
GAGTTGATGGCAATTT-1,8
GAGTTGTCACCAGTCT-1,8
GATAAATCGGTGGATG-1,7
GATAACTCGCACTGTG-1,8
GATAAGGCAGATGCAA-1,6
GATAAGGGACGATTAG-1,0
GATACCGTGTCGGAGT-1,5
GATACGATGGGAGTCA-1,8
GATAGAACCCGCTAGG-1,9
GATAGATAGTACAGTC-1,8
GATAGCGTACCACGCG-1,3
GATAGGATTAATTACA-1,2
GATAGGTAACGTTGAC-1,7
GATAGGTGTCCCGGGC-1,2
GATAGTGCGAGTAAGT-1,8
GATATCAAGCAGGAGC-1,3
GATATCAGTATGTATC-1,0
GATATCTCATGCAATA-1,6
GATATGAGACACTAAC-1,7
GATATGCGGTAGCCAA-1,5
GATATGGATTACGCGG-1,0
GATATTGAGATTGGCG-1,2
GATATTTCCTACATGG-1,5
GATCAACATAAAGGGA-1,8
GATCATTCCAAACATT-1,7
GATCCAACCTTTAAAC-1,8
GATCCCTTTATACTGC-1,7
GATCCGAATATAAGTG-1,5
GATCCGGGAATTAACA-1,7
GATCCTAAATCGGGAC-1,5
GATCCTCGACACTGGC-1,6
GATCCTCTTGCGCTTA-1,4
GATCGACACTATCTGA-1,6
GATCGCGGGCTCTCCA-1,7
GATCGCTACCCGATTT-1,1
GATCGCTATATCTCAG-1,7
GATCGCTGTGGTGCGT-1,8
GATCGGATAGAACCAT-1,3
GATCGGCGATAAGTCG-1,4
GATCGGTGGCCATAAC-1,7
GATCGTGACTGATATC-1,7
GATCTAACCGTATTCA-1,3
GATCTCGACGCTGTGG-1,5
GATCTGCTATCTAAGG-1,2
GATCTTAGTGAACGTG-1,4
GATCTTCATTGTCCTC-1,7
GATCTTGGAGGGCATA-1,7
GATCTTTGCAGGGTAT-1,3
GATCTTTGCTCAAAGA-1,7
GATGACAAGTAGGGCA-1,8
GATGACGATGATCGCG-1,7
GATGAGGAACCTTCGG-1,4
GATGATTTGAAACTGG-1,1
GATGCCACACTACAGC-1,6
GATGCCAGCAGAAGGC-1,0
GATGCCTTCTGCGGCA-1,8
GATGCGAATGGTATTA-1,3
GATGCGTCCTGCATTC-1,7
GATGCTACAAGCGCCT-1,6
GATGCTACCTTCGATG-1,9
GATGCTGTATTTCATC-1,7
GATGGCGCACACATTA-1,6
GATGGTGAAATAACCC-1,6
GATGGTGCCCTAGGCA-1,1
GATGTAACGAACCACC-1,8
GATGTCCGGATCACAT-1,6
GATGTCGGTCAACTGC-1,5
GATGTGTTGTCACAAG-1,5
GATGTTCAATCCACGA-1,8
GATGTTTGTGCGAGAT-1,6
GATTAACCGAAAGCCC-1,7
GATTAATCCTGGCTCA-1,6
GATTACTGAATTTGGG-1,7
GATTAGAAACAAGCGT-1,9
GATTATCTTGCATTAT-1,8
GATTCCCTTGTCGCAG-1,6
GATTCCGCGTTTCCGT-1,5
GATTCCTATACGGCGC-1,0
GATTCGACGGTTCACG-1,7
GATTCTGTTAATGAGT-1,8
GATTGACACTCTGCTC-1,5
GATTGCTCCAGTTGCA-1,8
GATTGGGAAAGGTTGT-1,4
GATTTAGTGCGTACTG-1,6
GATTTGCGCTAACACC-1,9
GCAAACCCTACATTAT-1,8
GCAAACCTTGGCCATA-1,4
GCAAACGTAAGCGACC-1,8
GCAAACGTCGCCAGGT-1,1
GCAAAGGGCGTTAGCC-1,7
GCAAATATTACGCTTT-1,3
GCAAATGAGGACACTT-1,7
GCAACACACTAGAACT-1,0
GCAACAGCAGTATGCG-1,1
GCAACCACCAGACCGG-1,5
GCAACCACGGCCGCGT-1,3
GCAACCCAAGTTGTTT-1,3
GCAACGGCTAGTTATG-1,1
GCAAGAATTCCTTGGC-1,6
GCAAGATGTGTTCGCG-1,7
GCAAGCTGGAAACCGC-1,3
GCAAGTGCACAGAGAA-1,4
GCAAGTGTAAAGCATG-1,4
GCAATTAGTCGCACCG-1,1
GCACAAACCCTAGATG-1,4
GCACAAACGAGGCGTG-1,5
GCACAACCTCGGGCGT-1,8
GCACAAGTGGATCATA-1,3
GCACAAGTGTCGGAAG-1,5
GCACACACTGGTAGCC-1,7
GCACACAGCTATTACC-1,8
GCACACGCCCATGGTC-1,3
GCACAGCACGGGCCGA-1,0
GCACCTAGGCGAGTCC-1,6
GCACCTTCCCGAAGGT-1,1
GCACGCCGATTCCCGC-1,8
GCACGCCTACTTAGAT-1,8
GCACGTGGTTTACTTA-1,7
GCACTAGTCGCGCTAT-1,6
GCACTCCCACAGTCCC-1,6
GCACTGCCTACCTTTA-1,8
GCACTGTGCAAATGTA-1,6
GCAGAAACGTAATCCA-1,6
GCAGAAGGTAATCTCC-1,5
GCAGACCCAGCACGTA-1,1
GCAGATCCATAAGACT-1,4
GCAGATCCTCGCAAAT-1,3
GCAGATTAGGGATATC-1,8
GCAGCACACAGCCCAG-1,4
GCAGCCTATATCACAT-1,5
GCAGCGGTGGGCATTA-1,6
GCAGCTATGGACAGGT-1,7
GCAGCTGTCAACGCAT-1,8
GCAGGAACTTAGATCT-1,7
GCAGGACTATAGAATA-1,3
GCAGGTAGAGTATGGT-1,5
GCAGTGCGGGCGGATG-1,2
GCAGTGTGGCTATAGG-1,4
GCAGTTCGATCCGAGC-1,5
GCATAAATTGAACGCC-1,6
GCATACGAGGTCTTTA-1,3
GCATAGAGCACTCAGG-1,7
GCATCCCTAACTTTGA-1,6
GCATCCTCTCCTATTA-1,3
GCATCGGCCGTGTAGG-1,1
GCATGACACAAAGGAA-1,5
GCATGAGGGACGCGGC-1,1
GCATGCTAATAACGAT-1,7
GCATGGGTACTGACGC-1,6
GCATTCAAGGCAACGC-1,5
GCATTCGAAATGAACA-1,0
GCATTGACTTGCGGAA-1,3
GCATTGTAATTCATAT-1,3
GCATTTCCAAGGCTCC-1,5
GCCAACCATTTCCGGA-1,5
GCCAAGAATACTTCTG-1,6
GCCAATAGGGCATCTC-1,5
GCCACAATTTAAGGAC-1,7
GCCACCCATTCCACTT-1,0
GCCACCTTATTCGCGA-1,8
GCCACTCAGAGCGCGA-1,7
GCCACTCCTTACGGTA-1,2
GCCAGGAAAGAACACT-1,8
GCCAGGAGTAACCGAT-1,5
GCCAGGCGTTCGCATG-1,4
GCCAGGCTTAGTGGTA-1,0
GCCATATTGCACACAG-1,5
GCCATCGAGCTGCGTG-1,4
GCCATCGATGCTGCAT-1,5
GCCATTAGCCTCAAAC-1,8
GCCCACCAAGGCTGTC-1,6
GCCCACTGGTCCACAA-1,6
GCCCAGATGCTGGAGA-1,5
GCCCAGCGACACAAAG-1,8
GCCCAGTTGGTATGCC-1,6
GCCCATGGGTGCAATG-1,7
GCCCGACTTCTTCCCG-1,2
GCCCGAGAGTCTAAAT-1,0
GCCCGATCTGTGGTCG-1,8
GCCCGATGCCCAGTTC-1,8
GCCCGCGCGTAAACGG-1,4
GCCCGCGCGTTTGACA-1,6
GCCCGTAATACCTTCT-1,1
GCCCGTCAAGCCCAAT-1,1
GCCCGTTCACACAATT-1,3
GCCCTAAGTGCAGGAT-1,7
GCCCTAGCCGTCGCGA-1,8
GCCCTGAGGATGGGCT-1,9
GCCGAAATTCCTACGT-1,7
GCCGACCCACGACTGC-1,8
GCCGATTGGCCAAGCT-1,8
GCCGCACTCCGTTTCA-1,2
GCCGCATTAGTCCGGC-1,3
GCCGCTAGATACGCAG-1,7
GCCGCTTGTGAGAAAC-1,0
GCCGGAAACACATCTT-1,2
GCCGGGTTAGGGTCGC-1,7
GCCGGTCGTATCTCTC-1,9
GCCGGTTTGGGCGGAT-1,6
GCCGTCGGTTTCGGGC-1,0
GCCGTGGAAGAAATGT-1,2
GCCTACGTTCTGTGCA-1,2
GCCTAGCGATCTGACC-1,6
GCCTATAGTGTCAGGG-1,1
GCCTATCAGGTAAGAT-1,2
GCCTATGCTGGGCCTT-1,6
GCCTATTCCGATATAG-1,0
GCCTATTTGCTACACA-1,6
GCCTCAGGTACCGGTC-1,8
GCCTCATCTGGAAATA-1,9
GCCTCCGACAATTCAC-1,7
GCCTCTATACATAGCA-1,4
GCCTGCTACACTGAGA-1,7
GCCTGTCCCGGTGCAT-1,8
GCCTTCAGCCCTACCG-1,6
GCCTTGTATATGCAGT-1,0
GCCTTTGTCAGTGGAC-1,0
GCGAAACGATCGGGAG-1,8
GCGAAACTTAACTGGA-1,8
GCGAAGAATCTGACGG-1,0
GCGAAGCCATACCCGT-1,7
GCGAATGGACTAGCGA-1,7
GCGACATGTAAACATC-1,1
GCGACCCAACCATCTG-1,8
GCGACGATAGTTGTAC-1,7
GCGACGGTAGTCTCCT-1,7
GCGAGAAACGGGAGTT-1,0
GCGAGAGGCCATGTAA-1,7
GCGAGAGTTGCGTCCA-1,5
GCGAGCGCATGCTCCC-1,2
GCGAGGCCCGAGCAGA-1,6
GCGAGGGACTGCTAGA-1,0
GCGAGTTCTGCAAAGA-1,7
GCGATGTCTGTGCTTG-1,3
GCGATTCTGGAAGCAG-1,5
GCGATTGTTAACGTTA-1,7
GCGCAAATATATTCAA-1,8
GCGCAAGAGCGCGCTG-1,1
GCGCATCCAGTCAGCA-1,5
GCGCCGTTCCACGATA-1,7
GCGCCTCCCACTCCGA-1,6
GCGCGATGGGTCAAGT-1,2
GCGCGGTCTAGTAACT-1,9
GCGCGTCATTGGTACA-1,4
GCGCGTTTAAATCGTA-1,7
GCGCTAAGTATGCATG-1,7
GCGCTAATTGAATAGA-1,7
GCGCTATGCCGAGGCA-1,8
GCGCTCGATCACCTGT-1,2
GCGCTGATCCAGACTC-1,5
GCGCTGCTTTGCATTT-1,5
GCGCTGGCGGAAAGTC-1,0
GCGCTTAAATAATTGG-1,7
GCGGACCGCGTTGTGG-1,4
GCGGAGAAACTTCGCA-1,8
GCGGAGAGGGAGAACG-1,8
GCGGATTACTTGTTCT-1,2
GCGGCAAAGTATTGCC-1,8
GCGGCTCTGACGTACC-1,0
GCGGCTTTAGCAAGTT-1,8
GCGGGAACCAGGCCCT-1,6
GCGGGCAGACGGGTGA-1,8
GCGGGCATTACGATGC-1,5
GCGGGCGAGCCTTACC-1,4
GCGGTAACCCAAATGA-1,6
GCGGTCCCGGTGAAGG-1,6
GCGGTCCCTAGACGCA-1,1
GCGGTCTTGCTTTCAC-1,8
GCGGTGAACTGCGCTC-1,5
GCGGTGCGGAGCATCG-1,0
GCGGTTCCCTATCATG-1,8
GCGTAAATGGCCATAA-1,1
GCGTCCAGCTCGTGGC-1,6
GCGTCCCTAAGACATA-1,8
GCGTCGAAATGTCGGT-1,5
GCGTCGCCAGGGTGAT-1,8
GCGTCGTAACATGGTC-1,8
GCGTCTAACCTCCTAA-1,1
GCGTCTCTGCATTGGG-1,7
GCGTGGTACTGGGTTA-1,1
GCGTGTATGTCGTATT-1,5
GCGTTATATTTGGAAC-1,3
GCGTTCGGAGACCGGG-1,1
GCGTTCTGACTAAGCG-1,2
GCTAAACCTGAGGTGA-1,6
GCTAACTGAAGTCTGA-1,7
GCTAAGCCCAGTATGC-1,2
GCTAAGTAAAGGCGAT-1,3
GCTAAGTAGTTTCTCT-1,7
GCTAATACCGAATGCC-1,6
GCTACAATCGAGGATA-1,6
GCTACACTGTCCGAAC-1,1
GCTACAGTACGGACCG-1,3
GCTACGACTTATTGGG-1,7
GCTACTATAGTAGAGT-1,1
GCTACTCGGACGCAGA-1,8
GCTAGACCGTCTACTG-1,1
GCTAGAGTAGAGATGT-1,7
GCTAGCAACGCACCTA-1,7
GCTAGCACCTGGGCCA-1,2
GCTAGCAGGGAGTGGG-1,2
GCTAGCGATAGGTCTT-1,8
GCTAGCTTGAATAGCT-1,4
GCTAGGCACCACGGAG-1,4
GCTAGTAGAGCTTGTA-1,7
GCTAGTTTCATTGAGG-1,6
GCTATAAGGGCCAGGA-1,6
GCTATACGTCTCGGAC-1,0
GCTATCATACTCATGG-1,4
GCTATCGCGGCGCAAC-1,8
GCTATGCCAGCTTATG-1,0
GCTCAACCTCTTAGAG-1,7
GCTCAATCCGTTTATT-1,8
GCTCAATGTAATACCG-1,8
GCTCATTACTGCATGT-1,5
GCTCATTGATCATATC-1,4
GCTCCATGAGTGCAGA-1,2
GCTCCATGCAAAGCAA-1,9
GCTCCCAGTCGGTCCA-1,2
GCTCCGCTCGCTTCAG-1,1
GCTCCGGACGTTGATA-1,7
GCTCCTGACATACTGG-1,8
GCTCGACCGAACTGAA-1,7
GCTCGCGGTTCCGCTC-1,3
GCTCGCTCATGTCCAA-1,4
GCTCGGAATTTAAAGC-1,4
GCTCTAAACCCTGACG-1,5
GCTCTATGTTACGTGC-1,6
GCTCTCGGGTACCGAA-1,6
GCTCTTTCCGCTAGTG-1,4
GCTGAACTCTCCAGGG-1,2
GCTGAAGGGTTCTTGG-1,4
GCTGAATCTTCCAATC-1,8
GCTGAGCAACGGTTCT-1,8
GCTGAGGCGTGAGTAT-1,7
GCTGCACGGTTTCTTA-1,7
GCTGCGAAGAATTATT-1,9
GCTGCGCCTCCCACGT-1,3
GCTGCTAAGTAGTCGA-1,4
GCTGCTCTCCGGACAC-1,7
GCTGGACCCAAAGTGG-1,7
GCTGGCAGGTGCCGTG-1,3
GCTGGCATATTCACCT-1,3
GCTGGCGGCGCATGCT-1,8
GCTGGGAGCGCGTCAA-1,7
GCTGGGTCCGCTGTTA-1,6
GCTGGTGACTCGTAGT-1,7
GCTGGTTTAGGCCATA-1,8
GCTGTATTACTGGCCC-1,7
GCTGTCTGTGATCGAC-1,7
GCTGTTGCTACCGAAC-1,4
GCTTAATGTAACTAAC-1,7
GCTTACGTAGTTAGTA-1,5
GCTTAGGGAAGCGGTA-1,4
GCTTATGAAGCAGGAA-1,7
GCTTCAGTGGGATTAC-1,7
GCTTCCAGCTTAGATT-1,6
GCTTCCATGTAACCGC-1,2
GCTTCCCGTAAGCTCC-1,8
GCTTCCGTCCCTAGAC-1,4
GCTTCGACGTTCAATC-1,8
GCTTGAGTGACCTCTG-1,2
GCTTGATGATAATCAG-1,7
GCTTGCAGCACAATTG-1,7
GCTTGGATCGATTAGG-1,5
GCTTTACACAACTGGG-1,2
GCTTTATTAAGTTACC-1,8
GCTTTCAGAGGAGGTG-1,1
GCTTTCTATCTCAACT-1,4
GCTTTGCTGCCGGGTA-1,7
GGAAACAGAGCTTGGG-1,8
GGAAACCTTGTTGAAT-1,1
GGAAACTAAATGGGCC-1,6
GGAAAGGGAATTGAGC-1,7
GGAAAGTCTTGATTGT-1,9
GGAAAGTGCCCATGCC-1,5
GGAACCCGAACAAGAA-1,3
GGAACCGTGTAAATTG-1,8
GGAACCTTGACTCTGC-1,8
GGAACGGCCTGCAGCC-1,3
GGAACTCGTGAATACG-1,3
GGAACTTTGGCGATTA-1,1
GGAAGATAAGACTGTA-1,6
GGAAGCTCGCTTACAG-1,5
GGAAGGACACCGTATA-1,7
GGAATAACCTCAAGAA-1,1
GGAATGCGCTAGCGTG-1,7
GGACAACCATGAAGCC-1,7
GGACAAGCCATGATCG-1,0
GGACAAGTTGCAGTGA-1,3
GGACACAAGTTTACAC-1,5
GGACACCTCGGTGTTG-1,8
GGACCAACAGGATAAC-1,8
GGACCTACGGTAACGT-1,7
GGACCTCTAGGCCGCC-1,8
GGACGGCTTGCGCAAC-1,1
GGACGGGCGACCAACC-1,7
GGACGTCCATAGTTGG-1,7
GGACTAAGTCAGGAGT-1,3
GGACTCACAAATTAGG-1,1
GGACTCGAAGCTTTCA-1,1
GGACTCGACAGCGCAT-1,4
GGACTCGTGAGTGGTC-1,7
GGACTCTTCCGGTTGA-1,5
GGACTCTTTGACTAAG-1,8
GGAGAAGTCATTGGCA-1,2
GGAGACATTCACGGGC-1,3
GGAGACCAATGTGCTT-1,7
GGAGACCATCTACATA-1,3
GGAGACGACACCTTTG-1,7
GGAGCAACATTTCAAG-1,7
GGAGCACCAAGAACTA-1,2
GGAGCGAGGCCTACTT-1,7
GGAGGAGTGTGTTTAT-1,0
GGAGGATTGAAAGGAG-1,2
GGAGGCCGAAGTCGTC-1,2
GGAGGCGAAGAACCGC-1,7
GGAGGGCTTGGTTGGC-1,2
GGAGGGTCAAGTAAGA-1,4
GGAGTACACATGAGCT-1,3
GGAGTGCCGCCCTGGA-1,6
GGAGTTGATTCTGTGT-1,7
GGATACTCATGAATTG-1,6
GGATCAAAGGACGAGG-1,6
GGATCAGAGCCATCAG-1,4
GGATCATCCCGTACGC-1,5
GGATCCCTACCAGCTA-1,6
GGATCCGGAATATACT-1,7
GGATCTACCGTTCGTC-1,3
GGATCTTACTGCCCTT-1,7
GGATCTTGACTCAACC-1,8
GGATGAAGATCGCTGA-1,4
GGATGACGCGAGTTTA-1,7
GGATGCTGGCGTTCCT-1,3
GGATGGCTTGAAGTAT-1,0
GGATGTCCTTACCGCA-1,4
GGATTAAGCTAAGGTC-1,7
GGATTAATCATGGACC-1,8
GGATTCAGTACGGTGG-1,6
GGATTCCGCTATACCC-1,5
GGATTGAAGTAGCCTC-1,7
GGATTGCTGTGACTCC-1,9
GGATTTCACTTCTATA-1,6
GGCAAAGGCGCCAATA-1,8
GGCAAATTACTTTACT-1,7
GGCAAGCCAGGGATAG-1,6
GGCAAGCCCATAGTGG-1,8
GGCAAGGCGAAATAGC-1,7
GGCAATAGTCAATGAG-1,7
GGCACGCTGCTACAGT-1,6
GGCACTCAGCCGACCC-1,2
GGCACTCCACTGGGCA-1,4
GGCACTGCGGTGGTTT-1,6
GGCAGAGAGATCGGGA-1,0
GGCAGCAAACCTATGC-1,1
GGCAGCGGTAATCCTA-1,2
GGCATACAGGTAGCGG-1,3
GGCATATCGGTTCTGC-1,5
GGCATCAACGAGCACG-1,1
GGCATTCCCTCCCTCG-1,6
GGCATTGAACATCTCA-1,7
GGCCAATTGTATAGAC-1,7
GGCCACAAGCGATGGC-1,6
GGCCACACGAAAGCCT-1,8
GGCCCAATCTAGAGGG-1,4
GGCCCAGCTGGTTTGC-1,7
GGCCCAGTTATCAGCA-1,6
GGCCCGGAGCATGTCT-1,5
GGCCCGTATACCATGC-1,7
GGCCCTCACCCACTTA-1,3
GGCCGAGACTCTGGTG-1,8
GGCCGCAGGAACCGCA-1,6
GGCCGGCGTCTGCTAT-1,9
GGCCGTTTGGGTTTCA-1,8
GGCCTGCTCTGATGTT-1,8
GGCCTGCTTCTCCCGA-1,6
GGCCTTTGCAACTGGC-1,3
GGCGAAATCTAACTTG-1,7
GGCGAACCGTTCTGAT-1,1
GGCGAGCATCGAGGAC-1,1
GGCGAGCGAAACGGCA-1,3
GGCGCACAGTTTACCT-1,7
GGCGCAGGACATCTTC-1,3
GGCGCATGAATTGATG-1,7
GGCGCGGAGATCTTTC-1,7
GGCGCGTTCGAGTTTA-1,7
GGCGCTCCTCATCAAT-1,7
GGCGCTTCATTCCCTG-1,4
GGCGGAGTAATATTAG-1,0
GGCGGGCTCTAAGAGT-1,2
GGCGGTAGGATCATTG-1,7
GGCGGTTTGCCGGTGC-1,6
GGCGTACCCTATATAA-1,2
GGCGTAGGGAAAGCTG-1,9
GGCGTCCTATCCGCTG-1,3
GGCTAAAGGGCGGGTC-1,5
GGCTAATGATTGAAAT-1,6
GGCTACTATACACTCC-1,0
GGCTATTAAGTTGTAT-1,0
GGCTCCTCCACCTGTT-1,8
GGCTCGCGTTGAGGTA-1,1
GGCTCGTGCCACCAGC-1,5
GGCTCTGCTCCAACGC-1,1
GGCTGAGCATCGTAAG-1,6
GGCTGGCAATCCCACG-1,8
GGCTGGCAGCTTTATG-1,0
GGCTGGCTAGCTTAAA-1,6
GGCTGTCCTACTGCGG-1,9
GGCTTCTCGTGGGTGG-1,8
GGCTTGGCTCTCACCT-1,0
GGCTTTCAATAAGGGT-1,8
GGGAAAGAATGCCAAC-1,2
GGGAACCACCTGTTTC-1,1
GGGAACGGGAGGTTAG-1,0
GGGAACGGTTTCAGAT-1,8
GGGAAGACGGTCTGTC-1,9
GGGAAGGGCTTTCTCA-1,9
GGGAATGAGCCCTCAC-1,1
GGGAATTCTGTCCAGT-1,3
GGGACAGAGTTACTCC-1,8
GGGACCCGTATATCTT-1,8
GGGACTGCATAGATAG-1,7
GGGAGAACTCACAGTA-1,7
GGGAGCGACCGTAGTG-1,6
GGGAGGATGCCCGAAA-1,7
GGGAGTAATGGCTGGC-1,6
GGGAGTTAATGAGGCG-1,2
GGGATACGGTAATAAT-1,0
GGGATATTGATCGCCA-1,7
GGGATCCCAATACAAA-1,7
GGGATGGACCCGCGTC-1,8
GGGATGGTCGTAACCG-1,8
GGGATTATCTCACAAC-1,0
GGGATTTACCGCACCT-1,4
GGGCAACCGCACGTGC-1,8
GGGCACGAATTGGCCG-1,3
GGGCACGTAGTACTGT-1,4
GGGCACTATTGACCAT-1,0
GGGCAGACGTCACTGC-1,3
GGGCAGAGCAATCGTT-1,4
GGGCAGGATTTCTGTG-1,0
GGGCAGTCAACGCCAA-1,8
GGGCATGCATGTCGAG-1,7
GGGCCATTCGTGCTGG-1,8
GGGCCCGTCTTAAACA-1,7
GGGCCCTACGAAAGGG-1,3
GGGCCCTTATCTATAC-1,3
GGGCCGGCCGAAGTAC-1,8
GGGCCTAAATGGGCTA-1,6
GGGCCTATACAACCGG-1,7
GGGCCTATTTAAGTAT-1,7
GGGCGAATTTCTCCAC-1,0
GGGCGATATGTGTGAA-1,4
GGGCGATCCATAGGCC-1,8
GGGCGCAGCGTTACTC-1,5
GGGCGGCAAATGAATT-1,8
GGGCGGGTTCCCTACG-1,7
GGGCGGTCCTATTGTC-1,6
GGGCGTACATTTATAT-1,6
GGGCGTCACCACGTAA-1,7
GGGCGTCCACTGGCTC-1,5
GGGCGTGGTTTCCCAG-1,9
GGGCGTTTACATTCAT-1,8
GGGCTACTATTTCGTG-1,3
GGGCTATGATCGATGG-1,8
GGGCTCATCGAACCCA-1,5
GGGCTGCCTAGGGCGA-1,6
GGGCTGGTTAGTCGCG-1,6
GGGTAATGCTGTGTTT-1,7
GGGTACACTCTGGAGG-1,6
GGGTACCCACGGTCCT-1,6
GGGTACTTCATGAACT-1,0
GGGTATGTATGCACTT-1,3
GGGTATTCTAGCAAAC-1,7
GGGTCACCGTGACGGT-1,7
GGGTCACGTGCTTATG-1,7
GGGTCACTGAGTAGTG-1,7
GGGTCAGGAGCTAGAT-1,8
GGGTCATGCGTACCAT-1,3
GGGTCCTTGGAAGAAG-1,8
GGGTCGTGGCAAGTGT-1,5
GGGTCTATCGCTTTCC-1,7
GGGTGACACCTTAACT-1,7
GGGTGCATATGAAAGC-1,5
GGGTGGTCCAGCCTGT-1,5
GGGTGTTTCAGCTATG-1,5
GGGTTAACATTTGAGT-1,4
GGGTTCAGACGAACAA-1,0
GGGTTTAGGATAGGAT-1,1
GGGTTTCCGGCTTCCA-1,6
GGTAAACTCTGCGCTG-1,7
GGTAAATGTGCGTTAC-1,5
GGTAACCGGCAAAGGT-1,3
GGTAACCGGGAGGATA-1,8
GGTAACTATGTATCTG-1,6
GGTACAAACATGCTAT-1,7
GGTACACCAGATTTAT-1,7
GGTACATCTGGGACGA-1,3
GGTACCATTAAGACGG-1,2
GGTACGTTGCGGCCGG-1,7
GGTACTAAGTGCTTTG-1,5
GGTAGAAGACCGCCTG-1,8
GGTAGACCGTTGGGCG-1,4
GGTAGGCCAATATCAC-1,7
GGTAGTGCTCGCACCA-1,7
GGTATAGTGACACATA-1,5
GGTATCAAGCATAGAA-1,6
GGTATGAAAGAACTGA-1,3
GGTATTGCCGAGTTTA-1,6
GGTCAAGACTACTTCG-1,4
GGTCACGTTAGATTCA-1,1
GGTCAGTGGGTCCCAC-1,7
GGTCATTGTAGTCATA-1,7
GGTCCACGTCTATTTG-1,8
GGTCCCATAACATAGA-1,7
GGTCCTTCATACGACT-1,0
GGTCGGATAAACGGCG-1,5
GGTCGGCCAGGAGCTT-1,7
GGTCGGTAATTAGACA-1,6
GGTCGGTCGTCCACAG-1,4
GGTCGTAAGCTCGCAC-1,0
GGTCTCCAAGTAGTGC-1,5
GGTCTCCGTCCAGGTT-1,0
GGTCTCTGAATGGACT-1,8
GGTCTGAGAATCTGGA-1,4
GGTCTTGAGCGCTCTT-1,8
GGTCTTGGTGTTAACT-1,3
GGTGAAACCGGGAATG-1,1
GGTGAACGGGCTAGCC-1,6
GGTGAAGTACAGGGAT-1,4
GGTGACTGATAGAGAG-1,1
GGTGAGATGCAGATAA-1,1
GGTGATAAGGAGCAGT-1,8
GGTGATGAAGGAAGTG-1,3
GGTGATTTCATCTTGT-1,1
GGTGCAGAGCCTATCG-1,4
GGTGCATAAATGATTA-1,4
GGTGCGGATAAGTGGC-1,6
GGTGCTGATCACAAAG-1,7
GGTGCTGGTACACATT-1,7
GGTGGACCACGTGTTA-1,1
GGTGGACTGCTCTGGC-1,4
GGTGGAGGTTGATACG-1,5
GGTGGGATTAGGTCCC-1,3
GGTGTAAATCGATTGT-1,9
GGTGTAGGTAAGTAAA-1,8
GGTGTTCTGTTTCTAC-1,8
GGTGTTGGGCGTCTTA-1,2
GGTTACCACCCTCGGG-1,7
GGTTACCCGACACTTT-1,5
GGTTACCGCTCCCTAC-1,0
GGTTAGCTATATGTCT-1,7
GGTTAGGCTTGGAGAA-1,7
GGTTAGGGATGCTAAT-1,8
GGTTAGTTACGGCGCC-1,3
GGTTCCACCCGCTTCT-1,7
GGTTCCCTAGTGTCTC-1,7
GGTTCCGTACGACTAA-1,3
GGTTCGATGCTGAGTT-1,4
GGTTCGCATTTGCCGT-1,7
GGTTCGGATTATACTA-1,3
GGTTCTACTCGTCTGA-1,1
GGTTGTATCGTGAAAT-1,5
GGTTGTGCTCTTGTCC-1,3
GGTTGTGTAGCCTGGC-1,3
GGTTTAATTACCATCG-1,8
GGTTTAATTGAGCAGG-1,6
GGTTTACAATCTCAAT-1,1
GGTTTAGCCTTTCTTG-1,1
GGTTTCAATCGGTCAG-1,1
GGTTTGACAAGAAGCT-1,8
GGTTTGAGTGCTGGAA-1,7
GGTTTGCGAACACGTA-1,7
GGTTTGTGACCTGAGG-1,6
GTAACAACTGACCTTG-1,7
GTAACAGGTTAACGGC-1,0
GTAACATCAGCTCATC-1,7
GTAACATCTAAGATAA-1,1
GTAACTACGTAGACCT-1,7
GTAACTGCCCAAGGAG-1,4
GTAACTTGCGGCAGTC-1,6
GTAAGCGGGCAGTCAG-1,6
GTAAGGATTTGTCGGA-1,5
GTAAGTAACAGTCTGG-1,7
GTAAGTAGGGTATACC-1,7
GTAAGTCCACACTCTA-1,5
GTAATAAAGGGCTCCC-1,2
GTAATCTGATTCTTCG-1,8
GTACACTTACCTGAAG-1,7
GTACAGAGGCAAGGGT-1,7
GTACGACGGCGCTGCG-1,6
GTACGAGATTGCGACA-1,1
GTACGCTTCATTGCAC-1,7
GTACGTCACGTATTAA-1,7
GTACGTTTGCCCGTCA-1,7
GTACTAAGATTTGGAG-1,1
GTACTACGGCCTCGTT-1,8
GTACTCCCTTATCGCT-1,3
GTACTCCTGGGTATGC-1,5
GTACTGAGGTCGTAAC-1,6
GTACTGCATGAAGCGT-1,7
GTACTGGAGTTAGACC-1,7
GTACTTGGGCACTTCT-1,6
GTAGAAACGGGTGGAG-1,3
GTAGACAACCGATGAA-1,6
GTAGACACGCCTGACT-1,8
GTAGACGTCGTTACAT-1,7
GTAGAGGGAGACAAGT-1,4
GTAGCCAAACATGGGA-1,8
GTAGCGCTGTTGTAGT-1,6
GTAGCGGCTATACACT-1,7
GTAGCTAGTAAGCGCG-1,0
GTAGCTCCGGGAGGCT-1,7
GTAGCTTCCTCTTGTT-1,4
GTAGGTGATCCGTGTA-1,5
GTAGTCTACGATATTG-1,9
GTAGTGAGCAACCTCA-1,6
GTAGTTAGACAATATA-1,4
GTAGTTCGAAGGCGAA-1,8
GTAGTTTAAGCACACG-1,8
GTATAATCTCCCGGAT-1,7
GTATAGGACTCAGTAG-1,1
GTATAGTGGCCCATGT-1,7
GTATATGTTACGGCGG-1,6
GTATCAAACGTTAGCT-1,7
GTATCAAGGTACTTCC-1,7
GTATCAGCTTGGGTTC-1,6
GTATCCTTTGGTAACC-1,7
GTATCGGGACGAGCTG-1,4
GTATCTCAGTCTTGAC-1,8
GTATCTCCCTAACTGT-1,5
GTATCTCGGGCGCTTT-1,7
GTATCTTGTTGCTCAC-1,1
GTATCTTTCATAACCA-1,7
GTATGAAATTTCACTC-1,8
GTATGACGTGGGAAAC-1,6
GTATGTGGGTCTAGTT-1,7
GTATTAAGGCGTCTAA-1,6
GTATTAGGGTTCGCGT-1,1
GTATTCTGAGAAACGA-1,8
GTATTCTTACCGTGCT-1,7
GTATTTAATGGCATAA-1,5
GTCAAAGAAGTGGTGT-1,8
GTCAAAGTTTACATAG-1,6
GTCAACCAGGCCTATA-1,7
GTCAAGCGGACTCGGG-1,7
GTCAATGCTATAATTT-1,7
GTCAATTGTACTGAAG-1,1
GTCACAAAGTTTCCAA-1,5
GTCACCTGTCTATGTC-1,7
GTCACTCATGAGCGAT-1,8
GTCACTCTCCAAATCT-1,6
GTCAGAATAGTCTATG-1,3
GTCAGACAGCGTTGGA-1,0
GTCAGTTGTGCTCGTT-1,5
GTCAGTTTGGTAGTCG-1,3
GTCATCCCAAACTCAC-1,8
GTCATCTCCTACAGCT-1,6
GTCATGCACCTCCGTT-1,7
GTCATGCGCGAGGGCT-1,7
GTCATGGACATGACTA-1,6
GTCATTAGAGCGAACG-1,8
GTCATTGCATTGACCC-1,3
GTCCAATATTTAGCCT-1,9
GTCCACGTCGCATTCG-1,4
GTCCAGGCACGTGTGC-1,9
GTCCATTACTGCTACG-1,2
GTCCCAACGTAAAGTA-1,2
GTCCCAATCATCCCGC-1,6
GTCCCGCGACGTTATG-1,4
GTCCGAGAGCAATCAT-1,3
GTCCGGACCTGAAATT-1,6
GTCCGGCTGAATTGCG-1,1
GTCCGGGTTCACATTA-1,4
GTCCGTTAGAGGGCCT-1,8
GTCCTACAGGCGGCTC-1,7
GTCCTACGAATAGTCT-1,0
GTCCTACTCTACGGGC-1,3
GTCCTAGGATACCTTA-1,8
GTCCTATTGTTGTGGT-1,0
GTCCTTCTACAACCCA-1,3
GTCCTTCTAGTGGGTT-1,1
GTCCTTTAATGACTTC-1,4
GTCGAATTTGGGCGCT-1,8
GTCGATAGGTGACTTT-1,5
GTCGCCGTTGTGTGTT-1,8
GTCGCGTAACCCGTTG-1,7
GTCGGAAGGATACCAG-1,7
GTCGGATATCTCAGAC-1,3
GTCGGATGTAGCGCGC-1,1
GTCGGGAACATGGTAG-1,7
GTCGGGAAGCAGAAAC-1,7
GTCGGGTGAAGTACCG-1,2
GTCGTACCATCTCGGG-1,7
GTCGTACCTACGATTG-1,3
GTCGTATTGGCGTACA-1,5
GTCGTCAATTATAAGG-1,6
GTCGTCTGGTTGGCTA-1,1
GTCGTGTCTGGTCATC-1,5
GTCGTTATTCGCTTAT-1,8
GTCTAAGATGCCCAGC-1,7
GTCTACTCAATTACAA-1,3
GTCTAGTGAGCCGCTT-1,7
GTCTATACACGCATGG-1,9
GTCTATCTGAGTTTCT-1,8
GTCTATTGCATGCTCG-1,6
GTCTATTGGTTCCGGT-1,4
GTCTCAAGGCCCGGCT-1,7
GTCTCCCGAGTCCCGT-1,1
GTCTCCGCCTCAATAC-1,4
GTCTCCTGCCAGTATG-1,8
GTCTCGACTAAGTTTG-1,1
GTCTCGATCTGCTTTC-1,5
GTCTCGCCAACACGCC-1,7
GTCTGCCGACTCGACG-1,8
GTCTGGGCGGTCGAGA-1,8
GTCTGTAGGTTGAACA-1,3
GTCTTACCACGCCAAG-1,2
GTCTTAGTACAGCCGG-1,5
GTCTTCCTCACCTAAG-1,3
GTCTTGAGGAGCAGTG-1,2
GTCTTGTAGCTATTCA-1,5
GTGAAACGGCGCCACC-1,5
GTGAAACGTGCTCCAC-1,6
GTGAACTCCCATTCGA-1,2
GTGAAGATTTCAAGTG-1,5
GTGAAGCCGTATAGTC-1,1
GTGAAGTCACGACTCG-1,3
GTGACAGCTTCCCACT-1,4
GTGACCGCACACTACG-1,8
GTGACCTAAAGAATAA-1,1
GTGACGAGGGTGACCC-1,5
GTGACGCAGGTTTCAT-1,8
GTGACTTCAGTAGTGC-1,8
GTGAGATAACCTTATA-1,4
GTGAGCGTGCTGCACT-1,3
GTGAGGACACTTAAGG-1,7
GTGAGGAGCGGTTGAG-1,5
GTGAGTCGACTAATAG-1,1
GTGAGTCTAAGACGGA-1,3
GTGAGTGGTACAACGC-1,7
GTGATCAAGCGTGCAC-1,7
GTGATCACTAACGCCT-1,4
GTGATCATAGATCTGC-1,8
GTGATCCTTGTCATGA-1,9
GTGATGCACAACATCT-1,2
GTGATTCGCCGCTCAA-1,8
GTGCAAATCACCAATA-1,4
GTGCAACAAATGTGGC-1,5
GTGCACCAGCTTCAAC-1,4
GTGCACGAAAGTGACT-1,2
GTGCAGCGTAGAGTAG-1,5
GTGCCAAACGTTTCGA-1,8
GTGCCATCACACGGTG-1,3
GTGCCCGTTCGGATTC-1,8
GTGCCGCTTCAAAGGT-1,8
GTGCCTAGCTATGCTT-1,6
GTGCCTCAGTGTACGG-1,5
GTGCCTGAGACCAAAC-1,8
GTGCGAAATCGAACAC-1,8
GTGCGACAGGGAGTGT-1,5
GTGCGCAGCTTGCTCC-1,6
GTGCGCTTACAAATGA-1,6
GTGCGGGACCATCGGC-1,6
GTGCGGGTCTCCAAAT-1,6
GTGCGTGTATATGAGC-1,7
GTGCTATCCAGCTGGA-1,8
GTGCTCAAGTACTGTC-1,7
GTGCTGCAGATAAGGA-1,0
GTGCTGTTAGAACATA-1,8
GTGCTTACATCAGCGC-1,5
GTGGAACCTACATGCG-1,5
GTGGACCAACCCGATT-1,0
GTGGACGCATTTGTCC-1,4
GTGGACGTGCTGAGAC-1,6
GTGGAGCATGTCGGCC-1,5
GTGGAGCGTTTACCGA-1,8
GTGGAGTCGGCGGTTG-1,8
GTGGCAAACAGCGGCA-1,4
GTGGCCGGTTTCTCGG-1,8
GTGGCCTAATATCATT-1,3
GTGGCGGGCCGTAGCT-1,6
GTGGCGGTCCCAGCGT-1,3
GTGGCGTGCACCAGAG-1,7
GTGGCTGTTTCTGTTC-1,7
GTGGGAACAAACCGGG-1,9
GTGGGAAGACTGAATC-1,7
GTGGGCTTAGACACAC-1,7
GTGGGTACTGAGCGTA-1,3
GTGGGTCTTCTTTGCG-1,6
GTGGTATAGTCTGCCG-1,8
GTGGTCAGCGAAGTAT-1,7
GTGGTGATGGTTTGTG-1,5
GTGGTGGCCAAGTGAA-1,8
GTGGTTACTTCTTTCG-1,2
GTGGTTTCCGCCTTTC-1,3
GTGTACCTTGGCTACG-1,1
GTGTACGAACCGTTCC-1,5
GTGTATATCAGCGGGC-1,9
GTGTATGACTTTAAAG-1,6
GTGTCAGTGTACGTGG-1,0
GTGTCCGATAAGGCAT-1,7
GTGTCGTATAGCGTTC-1,4
GTGTCGTATTCACCTT-1,6
GTGTGAATAACTTAGG-1,6
GTGTGAGCCGAGGTGC-1,1
GTGTGTCGACGTCGCT-1,3
GTGTTACTATGCGTCC-1,7
GTTAACATCACTTAAA-1,7
GTTAACTATGTTGTCA-1,5
GTTAAGGGTGCGATGT-1,9
GTTAAGTTAGAGTGGG-1,5
GTTAATAGCGTCATTA-1,1
GTTAATGTCTATCTTA-1,3
GTTACAATTGGTGACG-1,3
GTTACCAAGGCGTACG-1,2
GTTACCTACAACTTGC-1,8
GTTACGAAATCCACGC-1,6
GTTACGGCCCGACTGC-1,6
GTTACTTTGGGCCTAG-1,8
GTTAGAGTGTGCCGCT-1,2
GTTAGCCCATGACATC-1,4
GTTAGCCGTAAATCAA-1,5
GTTAGGCTACCCGTTT-1,7
GTTATAATACGGTGAA-1,6
GTTATATCAGGAGCCA-1,7
GTTATATTATCTCCCT-1,7
GTTATCAAGCTATCGA-1,7
GTTATCACCTTCTGAA-1,2
GTTATTAAATACGACC-1,7
GTTATTAACGTGGGAG-1,0
GTTCAAATCAGATGTC-1,0
GTTCAATCTATGTCAA-1,6
GTTCACAGGAGTCTAG-1,3
GTTCAGTCGCCAAATG-1,9
GTTCATCGTTTGGCTG-1,2
GTTCCAAGACAGCGAC-1,4
GTTCCAGTCTGACCAT-1,6
GTTCCCGTAAACATAT-1,2
GTTCCGTCCGCCTGCA-1,4
GTTCGACAATTGTATA-1,8
GTTCGCCATAAGTGCC-1,6
GTTCGCTGAGACGTCT-1,6
GTTCGGAGCACTCAAC-1,7
GTTCGGATCGGGAACA-1,5
GTTCGGGCGTACCATT-1,5
GTTCGGTGTGGATTTA-1,3
GTTCGTCTAAAGAACT-1,4
GTTCGTCTGGGTCCCT-1,7
GTTCGTTGCGGACCAG-1,1
GTTCTTCCCTCGATGT-1,6
GTTCTTGTAACTCAAT-1,8
GTTGAACCGGTTCCAT-1,7
GTTGAGTCCCGCCGGT-1,2
GTTGCACGGAGTTTCG-1,6
GTTGCAGTCGACAACA-1,5
GTTGCCCTAACGGGTG-1,7
GTTGCGCTAACATTAC-1,2
GTTGCGGACGGTCAGG-1,2
GTTGGACCGCATCAGG-1,7
GTTGGATTCAGTGGCT-1,5
GTTGGATTGAGAACAC-1,4
GTTGGATTTGCGTTGG-1,7
GTTGGTCATGCTATCC-1,4
GTTGTAGATTTATGAG-1,4
GTTGTCGTGTTAGTTG-1,6
GTTGTTACATTGCGCT-1,7
GTTGTTGCAAGATGGC-1,1
GTTTACGTTCCATCTG-1,7
GTTTATGGGATTTAGA-1,3
GTTTCAAACGAGTTGT-1,4
GTTTCATATCGTCGCT-1,3
GTTTCCTGGAGGGTGA-1,6
GTTTCTAGAGGCGCGG-1,7
GTTTCTGCAGTCTCCC-1,8
GTTTCTTGTTAGAGCT-1,4
GTTTGACCAAATCCTA-1,7
GTTTGAGCGGTTATGT-1,6
GTTTGGCCCAAGTTAT-1,7
GTTTGGCCGCTCAGCG-1,6
GTTTGGCGTCAGGCAC-1,4
GTTTGGGCTTGTGAGC-1,7
GTTTGGGTTTCGCCCG-1,9
GTTTGGTAGGGTCAAC-1,8
GTTTGGTGATCGGTGC-1,8
GTTTGTTAGCCAAGTA-1,3
TAAACCCAGGAGGGCA-1,8
TAAACGTCGTCAATGA-1,6
TAAAGACAACCCTTTA-1,2
TAAAGAGCCCGAAACC-1,6
TAAAGCGGTATTTCCA-1,2
TAAAGCGTTAGGAGAA-1,1
TAAAGCTGCAATAGGG-1,5
TAAAGGAGAAACTAGT-1,7
TAAAGTGCACGTCTCG-1,4
TAAATCTTTACACCTC-1,7
TAAATGAATCCGTTTC-1,6
TAAATGCCGTCTCATG-1,7
TAAATGGGCTACTGAG-1,5
TAAATTGTGGGTAAAG-1,7
TAAATTTAGTAACACC-1,3
TAACAAAGGGAGAAGC-1,6
TAACAATATTTGTTGC-1,0
TAACAGCGTTTGTGCT-1,7
TAACAGGTTCCCTTAG-1,7
TAACATACAATGTGGG-1,7
TAACATACACGCGATC-1,8
TAACCGCCCGCAGTGC-1,1
TAACCGTCCAGTTCAT-1,6
TAACCTACCGTCCGAG-1,2
TAACCTAGGGAGTCCA-1,6
TAACGCTTTGAGAGCG-1,3
TAACTATCGAAGGTCC-1,0
TAACTATTACGCCAAA-1,2
TAACTCATCCGCGCGG-1,8
TAACTCCATGGAGGCT-1,6
TAACTGAAATACGCCT-1,8
TAAGAGGGACAGGGAC-1,3
TAAGATTTAGCGGGAG-1,1
TAAGCAGGCGACACGC-1,3
TAAGCCCTTACGACCA-1,7
TAAGCGCGAATCAAAT-1,8
TAAGGAACTTGTGGGA-1,7
TAAGGCAACATAAGAT-1,1
TAAGGCATAACATCAA-1,8
TAAGGCCCGTCACCCT-1,7
TAAGGCTGAATCCCTC-1,4
TAAGGGCCTGTCCGAT-1,7
TAAGGGCTGGGAGAGG-1,3
TAAGTAAATGTGCCGC-1,7
TAAGTAACATCTTGAC-1,7
TAAGTCGCCGAGTATC-1,8
TAAGTCGGTGAGCTAG-1,1
TAAGTGAATAGTCTAC-1,7
TAAGTTGCGACGTAGG-1,7
TAATAAACAAGGAGAT-1,5
TAATACACAGTAGTAT-1,6
TAATACTAGAACAGAC-1,7
TAATAGAACAGAGTTA-1,0
TAATAGCTAAATGATG-1,7
TAATAGGTCACCAGAA-1,0
TAATAGTGACGACCAG-1,2
TAATATTGAAATTCGC-1,6
TAATCAACCAAATGGG-1,5
TAATCAGGAATGCTGC-1,8
TAATCGATCCGTACGT-1,2
TAATGAAAGACCCTTG-1,7
TAATGTCGGTTCATGG-1,8
TAATTACGTCAGTAGA-1,0
TAATTAGATGGATATG-1,6
TAATTAGGACATCCGT-1,5
TAATTCCAATGCTTCA-1,4
TAATTGCGCTGATTAC-1,8
TAATTGGAATCGGGAA-1,4
TAATTTCCGTCCAGTA-1,2
TACAAATTGCGGAGGT-1,7
TACAACAGCGCATACA-1,2
TACAACGCACAACTCA-1,7
TACAAGCTGTTCACTG-1,1
TACAAGGGCTTCTTTA-1,9
TACAAGTCTCGTGCAT-1,3
TACAATGAAACCAGCA-1,6
TACACAGCCGTGGTGC-1,8
TACACCGTCGTTAGTC-1,7
TACACCTCTTCGAATC-1,8
TACAGAAACGGTGGGC-1,4
TACATAGGCATACACC-1,7
TACATCCCTATCCCTG-1,7
TACATCTTGTTTCTTG-1,3
TACATGACCTTATCCG-1,3
TACATGCCGGAATTGT-1,2
TACATTTCTAACGTGC-1,7
TACCAAATAGCCCAGA-1,4
TACCAATAAAGTACCA-1,4
TACCAGAAGTAGGTTC-1,7
TACCAGCTAGGTTTAA-1,5
TACCAGGAATCCCGTC-1,8
TACCATGTATTGATTT-1,5
TACCCTCGGTAACCCT-1,2
TACCGAATAATTGTAA-1,7
TACCGATCCAACACTT-1,3
TACCGCGGACTTGCAG-1,1
TACCGGCTCACTGCCC-1,7
TACCGGTCGTTTCCAT-1,7
TACCGTAGGTTAACTA-1,8
TACCGTGCCTCGGACC-1,8
TACCTACTCCCAGTAT-1,4
TACCTATCCCTAGAGG-1,8
TACCTCACCAATTGTA-1,2
TACCTCACGCTTGTAC-1,6
TACCTCAGTTGTCTGT-1,8
TACCTCCACACCAATG-1,8
TACCTCTTTACCATCC-1,4
TACCTGCTGCACTGTG-1,0
TACCTTAAGATTTCCC-1,7
TACGAACACGACTTCA-1,4
TACGACGCTTGCTGCG-1,7
TACGACTGCCTCTTAG-1,8
TACGAGAACTTCACGT-1,3
TACGATCCAAGCCACT-1,7
TACGATGTTGATCATC-1,3
TACGCAGTTCTTTCCT-1,7
TACGCCATATTCTAAT-1,7
TACGCCGAGGGTACCC-1,8
TACGCCGCCTCAGAAG-1,2
TACGCCTCCATTCCGA-1,4
TACGCTATAGAAACCT-1,1
TACGCTCCTAGAACTG-1,0
TACGCTCGGTATTGGA-1,4
TACGCTGATAGTTGTA-1,8
TACGCTGCACGGTCGT-1,1
TACGCTGCTGTGTTAA-1,8
TACGGAAGCCAAACCA-1,4
TACGGCATGGACGCTA-1,4
TACGGGATGCTAGCAG-1,5
TACGGGTAATAACATA-1,8
TACGTAAAGCGGAGTG-1,6
TACGTACTAGTGCTGA-1,8
TACGTGCAAGGTTCCT-1,1
TACGTGCACTATGCTG-1,6
TACGTGGGCCCAGGGC-1,8
TACGTTTACCGGCAAT-1,3
TACTACGTGCAATGCG-1,8
TACTATGGTTCCTCAG-1,8
TACTCACAACGTAGTA-1,0
TACTCATTGACGCATC-1,5
TACTCCTCTAGTTGAC-1,7
TACTCGGCACGCCGGG-1,3
TACTCGTTTGAATCAA-1,8
TACTCTCCGAACAAAT-1,1
TACTCTTACTTTACTG-1,2
TACTCTTTCGTCTTCA-1,8
TACTGAACAGATTTAG-1,8
TACTGAGGGAAGAAAG-1,0
TACTGCAATCAATTAC-1,5
TACTGCATGATTAAAT-1,0
TACTGGACAGCTCGGC-1,3
TACTGTTTCTCTGGTA-1,2
TACTTAAACATGTACA-1,7
TACTTGTTAGTAGTCC-1,7
TACTTTACTGAGCCGG-1,5
TACTTTCCGCACGCCA-1,7
TAGAAACACAATAGTG-1,0
TAGAAACCACTAAGTA-1,1
TAGAAAGGTGGCGCTA-1,7
TAGAAATTCACGTATA-1,3
TAGAACGCCAGTAACG-1,7
TAGAAGAAGGGTTACA-1,4
TAGAATAGCCGATGAA-1,6
TAGAATTAAGGGCAAC-1,1
TAGACGAAACGCCAAT-1,4
TAGACGCCCGTACCGG-1,4
TAGACTACCTAGCGTT-1,5
TAGACTCAGTTGGCCT-1,8
TAGAGATCATGCAACT-1,0
TAGAGCTACGAAGAAC-1,1
TAGAGGGAGTTTATCT-1,8
TAGAGGTTCTACTTGT-1,7
TAGAGTCTAAGCGAAC-1,7
TAGAGTGTTCCGGGTA-1,8
TAGATATGGACTGGAA-1,7
TAGATCCGAAGTCGCA-1,1
TAGATGGTTCCTTACT-1,7
TAGATTCAAAGTGCGG-1,7
TAGATTCCTGGTTATT-1,3
TAGATTCTCTAGCAAA-1,1
TAGCAACCTGTCACAA-1,6
TAGCAGATACTTAGGG-1,8
TAGCAGTAAATACGCG-1,4
TAGCAGTATGACTAAA-1,7
TAGCCAGAGGGTCCGG-1,6
TAGCCATGATTGCCTA-1,8
TAGCCATTTCAAAGTC-1,4
TAGCCGGCGGTCAGCG-1,6
TAGCGTCCCTCGATTG-1,5
TAGCGTCCGGTGTGGT-1,2
TAGCGTCGAATATTGA-1,3
TAGCGTTGGGTCTTAC-1,7
TAGCTAAGTCCGGGAG-1,6
TAGCTAGAAGGCATGA-1,8
TAGCTAGTGATGATGG-1,8
TAGCTCACTGTGTTTG-1,6
TAGCTCAGATCCTAGT-1,7
TAGCTCGCCTGATAAC-1,8
TAGCTGATGTGAAGCG-1,3
TAGGAACAGCCTCCAG-1,0
TAGGAGGCTCGAGAAC-1,2
TAGGATCTTAACCGCA-1,8
TAGGCATGTTACGCCA-1,1
TAGGCCTATATAGTCT-1,7
TAGGCGATGAGGTCTC-1,8
TAGGCGGCTGCAAAGA-1,3
TAGGCTAAAGTGGCAC-1,7
TAGGGAGCTTGGGATG-1,1
TAGGGTGTTTCAAGAG-1,1
TAGGTCCAAGTAAGGA-1,3
TAGGTCGCCGGAACTG-1,5
TAGGTGACGATAACCT-1,9
TAGGTGAGCCCTACTC-1,6
TAGGTGCTCGCCTAGC-1,7
TAGGTGTTCCACAGAT-1,7
TAGGTTCGAGTTCGTC-1,7
TAGGTTCTGCTGAGAA-1,4
TAGTACCACAACTTTC-1,3
TAGTACCTTAGTGGTC-1,0
TAGTAGCTTATACCAG-1,8
TAGTAGTTGCCGGACA-1,8
TAGTCCCGGAGACCAC-1,4
TAGTCCGCAGAGAATG-1,7
TAGTCCGTATGCATAA-1,8
TAGTCCTGCACTAAGC-1,8
TAGTCGATCACGGGTT-1,4
TAGTCGGGATTCTTCG-1,3
TAGTCTAACAACGAGA-1,0
TAGTCTGCGGCACATT-1,0
TAGTCTGTGACGTTGC-1,5
TAGTCTTTCCGAATTG-1,5
TAGTGACAAGCTCTAC-1,6
TAGTGAGAAGTGGTTG-1,1
TAGTGCCCTCCAGAGT-1,4
TAGTGCTTGAATCCTT-1,0
TAGTGGAACTCATACA-1,7
TAGTGTCAGAAACGGC-1,0
TAGTTAAGATAGGATA-1,2
TAGTTTATTCTTGCTT-1,1
TAGTTTGATCGGTCGC-1,8
TATAAATCCACAAGCT-1,6
TATAAGTGAGGATAGC-1,6
TATACACAGACGCCTT-1,7
TATACACGCAAAGTAT-1,6
TATACCGAGTGCCACA-1,2
TATACGCGTCATCACT-1,7
TATACTCATGCGGCAA-1,0
TATAGAGTCGCTTGAA-1,2
TATAGATGGTCGCAGT-1,1
TATAGCGCACGTTATC-1,3
TATAGCTATTATCTCT-1,8
TATAGGGTACTCATGA-1,3
TATAGTTAGGTGTACT-1,8
TATATAGGGCTTTACG-1,8
TATATATCGAGAAATG-1,8
TATATCAAAGTGATCT-1,0
TATATCATTGATCAGT-1,3
TATATCCCTGGGAGGA-1,1
TATATGCTGGGTTGCC-1,3
TATATTACAAATGTCG-1,6
TATATTCGCGTCGATA-1,2
TATCAAAGGTCTGTAA-1,3
TATCACAGCACGGGCA-1,5
TATCACCATGTAAAGT-1,5
TATCACCCAACCGACC-1,5
TATCACTTCGAGTAAC-1,5
TATCAGTGGCGTAGTC-1,4
TATCCAATTGGTTATC-1,4
TATCCATATCATGCGA-1,6
TATCCATCTCGGTTAG-1,0
TATCCCTCGATCTGCA-1,8
TATCCGCACCGTCGGG-1,8
TATCCTATCAACTGGT-1,9
TATCCTGCATGGGAAT-1,6
TATCGATCTATGCATA-1,5
TATCGATGATTAAACG-1,6
TATCTACAGAGGTAAT-1,3
TATCTACCACAGCGGG-1,7
TATCTAGCCTAAAGGA-1,3
TATCTGAGCCGATATT-1,0
TATCTTGCAATACAAC-1,8
TATGAAGAATTAAGGT-1,7
TATGAAGACAGGTGCG-1,3
TATGACCTTGCGCTGG-1,4
TATGATAAATCTAACG-1,4
TATGATCCGGCACGCC-1,4
TATGATCTTCTCTTTA-1,7
TATGATTCTGCTTGGT-1,6
TATGCTCCCTACTTAC-1,6
TATGGAGTTTCTCGTT-1,6
TATGGATGTGCTACGC-1,1
TATGGCAGACTTTCGA-1,1
TATGGCCCGGCCTCGC-1,3
TATGGGACCGAGCAGG-1,8
TATGGGTACGTATCGT-1,7
TATGGTCTGAGTAACA-1,7
TATGGTTAGTGGGAGA-1,1
TATGTAAAGTGCTTAA-1,4
TATGTAGAAACCCGGC-1,0
TATGTCAAGACCGACT-1,5
TATGTCTCATTGTGCC-1,1
TATTAACACCAAAGCA-1,7
TATTAACCTGACCGCG-1,8
TATTACCATCCTGCTT-1,4
TATTATGTTTGCCTGC-1,8
TATTCAATTCTAATCC-1,7
TATTCCACTCAGCTCG-1,8
TATTCCGAGCTGTTAT-1,4
TATTCCGGCAGTCCTA-1,2
TATTCCTCCGCCCACT-1,4
TATTCGTGCCAGAATA-1,7
TATTGACATTTCTGCC-1,5
TATTGCCGGGCTTGTA-1,7
TATTTAGTCTAGATCG-1,6
TATTTATACCGAGTAG-1,1
TATTTGATTTGCACAG-1,2
TATTTGTTACCCTTTA-1,6
TCAAACAACCGCGTCG-1,5
TCAAACAATTAGGACA-1,7
TCAAACTTAGATTGTT-1,7
TCAAAGAGCTATCTGT-1,3
TCAAAGTCACGGCGTC-1,7
TCAAATTATGTTCGAC-1,5
TCAAATTGTTGTGCCG-1,4
TCAAATTTGAGACTCA-1,9
TCAACAAAGATAATTC-1,8
TCAACACATTGGGTAA-1,1
TCAACATAGCGCCCTA-1,8
TCAACATCGACCGAGA-1,0
TCAACCATGTTCGGGC-1,6
TCAACGAGGAGACAAA-1,7
TCAACGCAGGAAATAA-1,6
TCAACGCGACCGGCAG-1,3
TCAACTAACGTATAAC-1,3
TCAACTGCAGAGTCAG-1,1
TCAAGAAATACTAGCT-1,5
TCAAGCGCGGACGGTA-1,2
TCAAGCTGCCTTGAAA-1,2
TCAAGGTTACTACACC-1,1
TCAATACAATTGCTGC-1,3
TCAATACGCCGTCATG-1,8
TCAATATACAGGAGGC-1,2
TCAATCCCGCGCCAAA-1,2
TCAATCCGGGAAGTTT-1,4
TCACAAACCGAGGTAC-1,7
TCACAGATCCTCAAAC-1,6
TCACAGCAAACTCGAA-1,8
TCACAGGAGAATAAGA-1,4
TCACAGGGAATCGCAA-1,7
TCACAGGTTATTGGGC-1,6
TCACATCTTATCTGAT-1,0
TCACCCTCTTAAGATT-1,8
TCACCGCTCGGCACTC-1,1
TCACGATGTCCGTGGA-1,8
TCACGATTAATACGTT-1,4
TCACGCATTGTAGATC-1,6
TCACGGCCCAAGAGAG-1,8
TCACGGTCATCGCACA-1,6
TCACGTGCCCGATTCA-1,7
TCACTACGACCAATGC-1,5
TCACTATCCCTTCGGT-1,1
TCACTATCGTGCAATC-1,6
TCACTCAGCGCATTAG-1,6
TCACTCGTGCAACGGC-1,5
TCACTCTTCGTCTGTC-1,7
TCAGAACCTCCACAGG-1,2
TCAGAACGGCGGTAAT-1,8
TCAGACGCTATAGAAG-1,8
TCAGAGCATGTCAACG-1,7
TCAGAGGACGCGTTAG-1,8
TCAGAGTGTGAGCATG-1,5
TCAGATGGAGACGTAG-1,4
TCAGCAGTAGGCCCTG-1,7
TCAGCCAATCCGTAAA-1,6
TCAGCGCACGCCGTTT-1,8
TCAGCTTGAGCTTTCG-1,8
TCAGGGCGACTTCCTT-1,3
TCAGGGCGCAAACTCG-1,0
TCAGGGTGCACGAAAC-1,6
TCAGGGTGTAACGTAA-1,4
TCAGGTTCTTTGAGAA-1,7
TCAGTACTGACCCGCG-1,7
TCAGTAGGGACTATAA-1,7
TCAGTGTATACGTCAT-1,8
TCAGTTACGGAATGAT-1,5
TCATAAGTCCAAGAAG-1,6
TCATACTTACAGATCC-1,6
TCATATGAGCTTTGTT-1,7
TCATCACTCGAGCTCG-1,6
TCATCCATCTGATCAC-1,8
TCATCCCAGAGGGTGG-1,1
TCATCCTCAGCTGCTT-1,7
TCATCGACGACCGTCG-1,8
TCATCGATGGTCCCAA-1,8
TCATGAAGCGCTGCAT-1,8
TCATGCAGGTTCTCAT-1,5
TCATGGAGGCCTTTGT-1,5
TCATTCGTATAATTTG-1,4
TCATTTAAGTCTCCGA-1,5
TCATTTAGAAGTGTGA-1,1
TCCAACTCAGCTATCT-1,7
TCCAACTTTAAATTCT-1,8
TCCAAGCCTAGACACA-1,9
TCCAATGCGTCGCCGC-1,0
TCCACAATGGTTTACG-1,0
TCCACATCGTATATTG-1,4
TCCACCAAGACATAGG-1,1
TCCACCTCTAGCCTTT-1,8
TCCACTTTATCTAGGT-1,7
TCCAGAGCACCGGTTC-1,7
TCCAGATGTACGCCAA-1,6
TCCAGCGCTATAAGCG-1,1
TCCAGGCAGGACGATC-1,9
TCCAGGCGAGTACGGT-1,8
TCCAGGGTATATACGA-1,7
TCCATCAATACTAATC-1,3
TCCATTAGTTGGATAG-1,6
TCCATTCCCACTAGAG-1,6
TCCATTGTGACCTCGT-1,1
TCCCAAACAGACAACG-1,7
TCCCAAACATCCTCTA-1,3
TCCCAAAGACGAAGGA-1,6
TCCCAAAGCCCTAAAT-1,2
TCCCAATATCGACGAC-1,7
TCCCACGGAGGGAGCT-1,2
TCCCACTCTCTTCCGG-1,5
TCCCAGCACACGACAT-1,2
TCCCAGCTTTAGTCTG-1,7
TCCCAGGCTTAGCTAA-1,2
TCCCGCCTATGTGCGT-1,1
TCCCGCGTACTCCTGG-1,1
TCCCGGGTGTGCTGCT-1,3
TCCCGGTCAGGAATTT-1,6
TCCCGTCAGTCCCGCA-1,1
TCCCGTCGCGTCATAG-1,5
TCCCGTGTGCAATTTG-1,8
TCCCTAGATCAATAGG-1,5
TCCCTCCGAAATCGTT-1,1
TCCCTCTTCTCAAGGG-1,6
TCCCTGGCGTATTAAC-1,8
TCCCTGGCTCGCTGGA-1,3
TCCCTTAGATTACTCG-1,5
TCCCTTGTCTGAAACT-1,7
TCCGAACGTTGCCGCT-1,5
TCCGAACTTGGCTTAC-1,3
TCCGAAGTAGTCACCA-1,7
TCCGAATGGTCCTGAG-1,5
TCCGACCGCTAATCAA-1,8
TCCGAGAAGGCTAAGC-1,6
TCCGATAATTGCCATA-1,1
TCCGATGACTGAGCTC-1,1
TCCGATGGTGCGACAT-1,6
TCCGATTACATTGCCG-1,3
TCCGCAGCCACCTAGC-1,0
TCCGCCTGTCTACAAG-1,4
TCCGCGGCAGCATCTG-1,7
TCCGCGGCCCAATGAA-1,0
TCCGCTGGGTCGATCG-1,4
TCCGCTGTCATCCCGG-1,7
TCCGCTTATCCCATTA-1,8
TCCGGAGGAAGGGCTG-1,6
TCCGGCCTAGCGTACA-1,2
TCCGGCCTGCATCGAT-1,7
TCCGGCTGTCGGGTCG-1,2
TCCGGGCCACTAACGG-1,7
TCCGGGCTTGACGGGA-1,7
TCCGGTTCGTCCGGTC-1,8
TCCGTAACCACAATCC-1,8
TCCGTTAAGCTAATAT-1,0
TCCGTTTAGCCTTGAA-1,1
TCCTAAATTGGGAAGC-1,4
TCCTAACCGTCGGGCA-1,8
TCCTACATCCACGGCC-1,7
TCCTAGCAAAGAAGCT-1,7
TCCTATCATAGGTAAC-1,2
TCCTCCTAAGACATTC-1,6
TCCTCGGGCTGGGCTT-1,7
TCCTCTACGAGATGGC-1,0
TCCTCTCCAGTTGTCC-1,3
TCCTCTGGCCCATTAG-1,1
TCCTGCAGCCGCCAAT-1,8
TCCTGCCAACTGGAGA-1,5
TCCTGCGTTGATACTC-1,0
TCCTGGCGCTGCCTGG-1,7
TCCTTACGACGGTCCG-1,4
TCCTTCAATCCCTACG-1,6
TCCTTCAGTGGTCGAA-1,5
TCCTTGTCCTTTAATT-1,4
TCCTTTAAATCCGCTT-1,7
TCCTTTCTTACGCTTA-1,7
TCGAAATTTAGGACCA-1,6
TCGAAGAACCGAGCAC-1,1
TCGAATATCCCGCAGG-1,8
TCGAATCGCAGGGTAG-1,9
TCGACAACTGAACCCG-1,8
TCGACATAGCGTAGCG-1,8
TCGACTGACGATGGCT-1,1
TCGAGACCAACACCGT-1,8
TCGAGCCAGGCAGGCC-1,8
TCGAGGGCAACAGACG-1,5
TCGAGTCTACGATTCG-1,3
TCGATAGGCTAGTCGC-1,1
TCGATGTTACGGCCGT-1,8
TCGATTTACGAAACGA-1,8
TCGCAAAGATGCATTT-1,7
TCGCACTAACGTTTGT-1,0
TCGCATAAAGGGCGCA-1,4
TCGCATCCCTAAGTGT-1,6
TCGCATTCAATGACTT-1,6
TCGCCACCCGGATTAC-1,8
TCGCCCAACTGACTCC-1,7
TCGCCCACTGCGAGAG-1,3
TCGCCGAAGTTGCGTC-1,8
TCGCCGACATATTCGC-1,8
TCGCCGCACCGCGTGA-1,3
TCGCCGGAGAGTCTTA-1,3
TCGCCGGATGGGCAAG-1,3
TCGCCGGTCGATCCGT-1,1
TCGCCTCCTTCGGCTC-1,8
TCGCCTCGACCTGTTG-1,6
TCGCGCGTTTACATGA-1,8
TCGCGTAGCAGTGTCC-1,8
TCGCGTCCAGAAGGTC-1,3
TCGCTAAACCGCTATC-1,5
TCGCTACTGGCTTTGA-1,4
TCGCTCGATATATTCC-1,7
TCGCTCGGCACCAGCG-1,1
TCGCTGCCAATGCTGT-1,2
TCGCTGGGCGGATTGT-1,1
TCGCTGTGCGTAAATC-1,6
TCGCTTAATTACGAAG-1,7
TCGCTTTAAACGTTTG-1,5
TCGGAATGACCATCAA-1,1
TCGGAATGCGCTCTGA-1,3
TCGGACGCCCAGCCCA-1,6
TCGGAGAGTATCGGGA-1,0
TCGGAGTCCTGGTTGC-1,4
TCGGATCTGGATGACC-1,8
TCGGCAGGGTTAAGGG-1,1
TCGGCGAACCCAAACC-1,6
TCGGCGGTATTAGATT-1,7
TCGGCGTACTGCACAA-1,0
TCGGCTAACTTCCCTT-1,2
TCGGCTTGTATCGACG-1,8
TCGGGAACGTGCCTAG-1,5
TCGGGAGACAGCGTAC-1,9
TCGGGATTCAAACATA-1,3
TCGGGCACTTCTGGAT-1,2
TCGGGCCGTCGTGGTA-1,7
TCGGGTGAAACTGCTA-1,6
TCGGTCCCGACAATAG-1,8
TCGGTCCCTGACTCCA-1,5
TCGGTGACCGCTCCGG-1,7
TCGGTTAGCCATGTAG-1,7
TCGTAACTCCCAAGAC-1,7
TCGTAAGACGACATTG-1,1
TCGTAAGCTCCGAGGA-1,7
TCGTACCGACGTCAAG-1,9
TCGTATAGTGCAATTA-1,6
TCGTATCACCAAGCTA-1,7
TCGTATTACCCATTGC-1,3
TCGTATTTCGTCCGGA-1,1
TCGTCAAGTACGCGCA-1,8
TCGTCACACTGTTAGC-1,7
TCGTCCGCTGGCGTCT-1,2
TCGTCCGGGTACACTC-1,6
TCGTCTTAGGCGTTAA-1,7
TCGTGTACTATGGATG-1,6
TCGTGTATTGGTCACG-1,5
TCGTGTCACGCTGACA-1,0
TCGTGTTCGACCACAA-1,4
TCGTTAGGAGTCCCTA-1,8
TCGTTCGTTATTATGT-1,5
TCGTTGACAGGGTCCC-1,3
TCGTTGCTATCCGGTC-1,4
TCGTTGGCTCGTCAAT-1,6
TCGTTTACGCGACCCT-1,7
TCTAAAGAACAGTCTC-1,0
TCTAACCTAGCCTGCG-1,2
TCTAACTGTATGTAAA-1,3
TCTAATACTGCCTCAG-1,8
TCTACACGTTCATGCA-1,7
TCTACCCAATAGAGAG-1,4
TCTACCCGCATCATTT-1,6
TCTACCGTCCACAAGC-1,1
TCTACGCACGATCTCC-1,7
TCTACGGGCTCAGTTG-1,6
TCTAGCAATCTCCGCC-1,8
TCTAGCATCTTCGATG-1,6
TCTAGCATGCCCAGAA-1,8
TCTAGGTGGCGACGCT-1,2
TCTAGTGATATCGTGG-1,1
TCTAGTTATCAGAAGA-1,7
TCTATAGGTGGGTAAT-1,7
TCTATCATGCAGTTAC-1,6
TCTATCCGATTGCACA-1,8
TCTATCGGTCGCAACA-1,1
TCTATGCTATAACGAC-1,7
TCTATTACGCTGGCGA-1,6
TCTATTACTAGAGGAT-1,3
TCTCAAATCAATCGGG-1,8
TCTCAGGCTACTCGCT-1,1
TCTCCAACGTAGGTTA-1,1
TCTCCACAAGTTGAAT-1,8
TCTCCCTGGGCAGCGT-1,4
TCTCGAACGAGGTCAC-1,5
TCTCGACGTATCGCCG-1,1
TCTCGAGGAGGTTCGC-1,1
TCTCGGCTCCAGGACT-1,0
TCTCGTGTTACGAGGA-1,3
TCTCTAATAGCTGGTA-1,6
TCTCTCGCCGCACATA-1,2
TCTCTTACCGCGAACC-1,0
TCTGAACCGGTCGGCT-1,6
TCTGAACTCGTACCCG-1,4
TCTGAAGCACGTGGTC-1,4
TCTGAATTCCGTACAA-1,4
TCTGACGGGCTAACCC-1,6
TCTGACTGTAATGGTT-1,6
TCTGAGCAATTGACTG-1,5
TCTGATCGGGTGCTAG-1,5
TCTGATGTATTCTGTC-1,4
TCTGATTGGAAATGGA-1,5
TCTGCACCATTAGTAA-1,1
TCTGCAGATTCGAGTC-1,3
TCTGCATACCTTGCTT-1,8
TCTGCCAGAAACTGCA-1,7
TCTGCGAATCGTTCGC-1,7
TCTGCGTCCGGTTTCT-1,4
TCTGCTTAGAACAAGC-1,5
TCTGGAGCGTAAGAGT-1,5
TCTGGCCGTTCAAGTT-1,5
TCTGGCGCAAGCCGGG-1,3
TCTGGGAACCTTTGAA-1,1
TCTGGGTAGCGCTCAT-1,0
TCTGTCATACAAGAGC-1,6
TCTGTGACTGACCGTT-1,1
TCTGTGATGGAGGTTG-1,4
TCTGTGCCATCATAGT-1,7
TCTGTGGCTACATTTC-1,1
TCTGTTACCCAGCATA-1,7
TCTGTTTAGATTGTTC-1,8
TCTTAACTCGGATGTA-1,3
TCTTACAGAGGTACCG-1,7
TCTTACCGGAACTCGT-1,5
TCTTACGGCATCCGAC-1,0
TCTTACTTATGCCTCT-1,4
TCTTAGAGCTCCAATT-1,1
TCTTAGAGTGAACTCT-1,1
TCTTATGGGTAGTACC-1,5
TCTTCCCATGGGCACA-1,5
TCTTCGAATAGACGTT-1,7
TCTTCGATACCAATAA-1,8
TCTTCGCGGTGAGAGG-1,1
TCTTCTATAACCCGCC-1,1
TCTTGATGCGTAGCGA-1,7
TCTTGCTCCCGATACT-1,8
TCTTGGTAACACCAAA-1,1
TCTTGGTCAATGATAC-1,8
TCTTTAAGACTATGAA-1,5
TCTTTAGAGTCTAACA-1,5
TCTTTAGCAGGCGAAC-1,5
TCTTTCATCCGTCCTT-1,8
TCTTTCCTTCGAGATA-1,2
TCTTTCGGCGGGACAC-1,3
TCTTTCTCTTAAGGAG-1,5
TGAAACCTCAACTCAC-1,1
TGAAACTTATGCAAGC-1,1
TGAAAGGACCTGACTC-1,7
TGAACAAGCAGGGACT-1,7
TGAACACCCGAAGCAG-1,1
TGAACCTGAATGTGAG-1,8
TGAACTGCTATGACTT-1,8
TGAAGAGCGGTCCTAG-1,6
TGAAGTAGCTTACGGA-1,3
TGAATACCGACGCGTA-1,4
TGAATATGCTATAAAC-1,6
TGAATGAGATACAGCA-1,6
TGAATGAGTGTTTCCC-1,9
TGAATGTCAGCCGGCC-1,5
TGAATTTCACTTGCCT-1,3
TGACAACGCATGTCGC-1,2
TGACAACTTAAAGGTG-1,0
TGACACTTCTCTTTGC-1,1
TGACAGAAATCTTGCT-1,8
TGACAGGACAAGTCCA-1,8
TGACATATATGACGAT-1,8
TGACATCGAGCGGACC-1,1
TGACATGTAACGTGAC-1,9
TGACCAAATCTTAAAC-1,8
TGACCAGCTTCAAAGT-1,5
TGACCCAACTCACATT-1,1
TGACCCACGTTAGACA-1,6
TGACCCAGCATTCCCG-1,7
TGACGAATATTTCCCT-1,0
TGACGATGCACTAGAA-1,4
TGACTATAATCCTTTC-1,7
TGACTCCGAATCATAC-1,3
TGACTCTAACTGGTAA-1,6
TGAGAATGCTTTACCG-1,6
TGAGACGTACCTCTCA-1,6
TGAGAGATTTACCACG-1,4
TGAGATCAAATACTCA-1,1
TGAGATTAGGCCCTAA-1,5
TGAGCAGTCGTGAAGT-1,6
TGAGCCATACAGTCTC-1,6
TGAGCGGAAAGTGTTC-1,4
TGAGCTCAACTGTATA-1,2
TGAGCTTTAATGACGC-1,5
TGAGGAGTGCCAGCTT-1,8
TGAGGCATGTACTGTG-1,8
TGAGGTGTGTGGCGGA-1,7
TGAGGTTGATCCCAAG-1,6
TGAGTAAATTAGCGTA-1,7
TGAGTGCCTCTTAAAT-1,8
TGAGTGGTCCGTGACG-1,4
TGAGTGTAACAACGGG-1,6
TGAGTTAAAGACATTC-1,1
TGATACATTTAGCCGT-1,7
TGATAGCGGGATTCTA-1,3
TGATCACCACACTGAC-1,7
TGATCAGGGAACTGCT-1,3
TGATCCCAGCATTAGT-1,5
TGATCGGTTTGACCCT-1,6
TGATCTACGCTGATCT-1,5
TGATCTATCACACTCT-1,8
TGATCTCCGGCGCCAG-1,6
TGATGCTCACGTAGTC-1,7
TGATGGCTGTTTCTGA-1,5
TGATGGGACTAAGTCA-1,6
TGATGTCAATTAAGTG-1,4
TGATTATGGCACGCAG-1,6
TGATTCAGGTCCCGCG-1,3
TGATTCCCGGTTACCT-1,2
TGATTCGTCTATCACT-1,7
TGATTCTGTCGCCGGT-1,8
TGATTTATTAGCTGTG-1,3
TGATTTCCTCCTGACG-1,6
TGCAAACCCACATCAA-1,1
TGCAAACGTACTAGTT-1,9
TGCAAAGTTCGTCTGT-1,9
TGCAACCCATCTGCGG-1,7
TGCAACTACTGGTTGA-1,8
TGCAAGAATGACGTAA-1,6
TGCAATCTAACACGGT-1,9
TGCAATTTGGGCACGG-1,1
TGCACAGTGAAGTTAT-1,6
TGCACGAGTCGGCAGC-1,5
TGCACTATGTGAGTGC-1,0
TGCAGAACTATATCGT-1,0
TGCAGAGTACCGAGCA-1,7
TGCAGATCGTCCTAGG-1,3
TGCAGCTACGTACTTC-1,3
TGCAGGATCGGCAAAG-1,1
TGCAGTGAGGCTCGGG-1,7
TGCAGTGGTAGGGAAC-1,8
TGCAGTTTCCTCCCAT-1,4
TGCATATGTCTGTCAC-1,7
TGCATCTCCGGATCTT-1,7
TGCATGAGTAGATTCG-1,6
TGCATGGATCGGATCT-1,5
TGCATGGCAGTCTTGC-1,7
TGCATGTGACCCATAG-1,8
TGCATGTGGTAATCTA-1,1
TGCCAAAGTCAGACTT-1,3
TGCCAATGGGTACTCT-1,4
TGCCACACTAGAGGAA-1,0
TGCCACCTGGCGAAAC-1,1
TGCCAGTACGTGGAGA-1,7
TGCCATGGCTTATAAG-1,7
TGCCATTACTAAAGAA-1,5
TGCCCGATAGTTAGAA-1,8
TGCCCGTACCGTTAAA-1,7
TGCCGAAAGCGTATTC-1,5
TGCCGATGTCATCAAT-1,6
TGCCGGATGTACGAGC-1,7
TGCCGTGGATCGTCCT-1,9
TGCCGTGGGACCCAAT-1,8
TGCCGTTCTTAATCGG-1,3
TGCCTAAATTTAATAG-1,5
TGCCTAATTGAAGATT-1,7
TGCCTGACATCGGTCA-1,0
TGCCTGATCAAACGAT-1,1
TGCCTTGCCCTTACGG-1,6
TGCCTTGGCCAGGCAA-1,7
TGCGAATATGGGATTT-1,7
TGCGACACCCTAGTGC-1,8
TGCGACGGCCGAACGT-1,8
TGCGAGAAACGTTACG-1,6
TGCGAGAATATTACCC-1,4
TGCGAGATGGCGGCCA-1,7
TGCGAGCCCTTCCGCG-1,1
TGCGCAAAGCATTTGG-1,7
TGCGCCGTTAATAACG-1,2
TGCGCGATTAACGGAG-1,7
TGCGGACTTGACTCCG-1,4
TGCGGAGTAAAGGTGC-1,1
TGCGGCATAGTTCAAC-1,6
TGCGGGTATTGGGATC-1,6
TGCGGTCTACGAGTAA-1,7
TGCGGTGAAATTTCAT-1,5
TGCGTAAGAACCTGAT-1,7
TGCGTACGGCTAATTG-1,7
TGCGTCATGACTGAGC-1,8
TGCGTGATTGGGTGTC-1,6
TGCGTTTGTTGACACT-1,8
TGCTAAGTGTCTATTT-1,4
TGCTATACAAACGGAC-1,2
TGCTATGGCAAAGGGA-1,7
TGCTCAAAGGATGCAC-1,8
TGCTCACACAACAACC-1,7
TGCTCCACAGTTCTTA-1,4
TGCTCGGCGAAACCCA-1,9
TGCTCGGTGGGTCACC-1,4
TGCTCTGCCGGTTCAC-1,1
TGCTCTTGAGAGTTTG-1,8
TGCTGCGTCAGAGTTA-1,6
TGCTGGTTGGACAATT-1,6
TGCTGTTGAAGAACTC-1,7
TGCTTAGAGAGAATGC-1,8
TGCTTCCCAAGCAGTA-1,7
TGCTTGAAACCATGCA-1,6
TGGAAACGGAGTGAAC-1,6
TGGAACCACTGACACA-1,5
TGGAAGAAGGGAACGT-1,0
TGGAAGACGAACACCA-1,6
TGGAAGGATAAAGATG-1,5
TGGAATATCCTTGACC-1,1
TGGAATTAGACGCTTT-1,0
TGGACACCGTTGCTTG-1,7
TGGACCAATCTAAGAT-1,9
TGGACCACGGCGTTGA-1,6
TGGACGCAATCCAGCC-1,8
TGGACGTAGGCGAATC-1,0
TGGACTGTTCGCTCAA-1,7
TGGAGAATAATCGTCC-1,9
TGGAGCTAAAGTTCCC-1,5
TGGAGGGAAACACCTC-1,6
TGGAGTGATGCGATGA-1,6
TGGATAGAGTAACAGA-1,6
TGGATGGCATCTTGGA-1,0
TGGCAACTCGCGCGCC-1,5
TGGCAAGCACAAGTCG-1,7
TGGCAATGGGACGGCG-1,9
TGGCACGAGCTCGAGT-1,7
TGGCAGATTACGATCA-1,8
TGGCAGCAGTAATAGT-1,8
TGGCATGAAGTTTGGG-1,8
TGGCCAAACTGAAGTA-1,1
TGGCCAATTTGGTACT-1,3
TGGCCGTATATTGACC-1,6
TGGCGACTGCTCCAAA-1,4
TGGCGATCAAGTTATG-1,8
TGGCGGTGTGCGATTG-1,6
TGGCTACACTCTACCT-1,7
TGGCTATGTGACATAC-1,9
TGGCTCTTGTCGCGTA-1,3
TGGCTTATGTATAATG-1,3
TGGCTTGTACAAGCTT-1,6
TGGCTTTGGGTAGACA-1,6
TGGGAAATGCCTTTCC-1,0
TGGGACCATTGGGAGT-1,3
TGGGATGCACTCATTC-1,2
TGGGCAATAGTTGGGT-1,1
TGGGCACAAACAGAAC-1,1
TGGGCACGTTCTATGG-1,5
TGGGCAGGCCACCGCA-1,5
TGGGCCACAAGAGCGC-1,5
TGGGCCCATACTAATT-1,7
TGGGCCTTGCCTGCAT-1,7
TGGGCGATACAATAAG-1,9
TGGGTAAGGTTCCCGC-1,5
TGGGTGCACAAGCCAT-1,4
TGGGTGGGATGTCATT-1,6
TGGGTGTAATAGATTT-1,4
TGGGTGTTAAGTAGAA-1,8
TGGGTTCCCGGACGGA-1,3
TGGGTTTCGGGCGTAC-1,7
TGGTAAGCAGGATTGA-1,3
TGGTACCGGCACAGCC-1,7
TGGTAGAATATATGGG-1,1
TGGTATCGCATCCCAA-1,5
TGGTATCGGTCTGTAT-1,5
TGGTCCCACGCTACGG-1,2
TGGTCGATATACCTCT-1,3
TGGTCGGGTACAGGGC-1,8
TGGTCGTGCAAGGCAA-1,3
TGGTCGTTTGATAGAT-1,7
TGGTCTAGCTTACATG-1,8
TGGTCTGTTGGGCGTA-1,3
TGGTGATCGTATTTGT-1,0
TGGTGCCCTGCCTTAC-1,9
TGGTGTGACAGACGAT-1,3
TGGTTAACTTACATTT-1,8
TGGTTAAGGGCGCTGG-1,1
TGGTTATGCTTGCGGT-1,3
TGGTTCGTAGCAAAGG-1,6
TGGTTGGAGGATCCTG-1,5
TGGTTTAAACGTGGGT-1,1
TGTAACTTGTCAACCT-1,6
TGTAAGACTGATAAGA-1,8
TGTAATGACCACAATA-1,3
TGTAATGCCTTCGGAC-1,8
TGTACCCGACCCTAAT-1,8
TGTACCTACACGAGGG-1,7
TGTACGAACAAATCCG-1,7
TGTACGCTATCAGCTT-1,7
TGTACTACTCTCACGG-1,6
TGTACTATCGCTCGTT-1,8
TGTACTGTGCCAAAGT-1,6
TGTACTTCCGGGCATG-1,2
TGTAGCCAATTCCGTT-1,8
TGTAGCCATCCCATTC-1,4
TGTAGGAGAAATTTCC-1,7
TGTAGTGATCTATAAT-1,3
TGTATAACAGATCCTG-1,4
TGTATACGGATGATGA-1,6
TGTATCAGACTGAAGC-1,8
TGTATCCTTATTCCAT-1,6
TGTATGGCGCAGACAG-1,4
TGTATTTACCTAATGC-1,7
TGTCATTTGTTGGGAA-1,7
TGTCCACGGCTCAACT-1,7
TGTCCCGACATAGCAC-1,6
TGTCCGCAAACAATTC-1,9
TGTCCGTGGCGCCTTT-1,3
TGTCCTAAGTCACCGC-1,3
TGTCGGCATGGTGGAA-1,6
TGTCGTGGGTATAGGC-1,8
TGTCGTTATCACATAT-1,0
TGTCTACAGTTTCTGT-1,1
TGTGACTACGCCAGTC-1,1
TGTGACTAGAGTTTGC-1,6
TGTGAGACTAGCCCAA-1,4
TGTGATTCCAGCGCTT-1,8
TGTGCCAGAGGCAAAG-1,3
TGTGCCGGTGCCGGAA-1,0
TGTGCTTTACGTAAGA-1,3
TGTGGACTATCTACGT-1,5
TGTGGAGGAAGCTTAA-1,5
TGTGGCAAAGCGTATG-1,4
TGTGGCGGGCTTCTGG-1,8
TGTGGCTCCCACCAAC-1,5
TGTGGTAGGGTGCCTT-1,5
TGTGGTTGCTAAAGCT-1,2
TGTGTAGTAGCACGTG-1,1
TGTGTCGAAGTCGAGG-1,6
TGTGTCGCGAGTTGCA-1,0
TGTGTGACCATGAATC-1,3
TGTGTTCGTATCCAAG-1,3
TGTTAACAAAGTGACT-1,1
TGTTATTGTATGTGGC-1,8
TGTTCATAAATGTGCT-1,3
TGTTCCGCTTCCATGA-1,7
TGTTCCGGCCTGAGCT-1,6
TGTTCGTATTGCGGTG-1,7
TGTTCTCATACTATAG-1,5
TGTTCTCTACTCCCTA-1,7
TGTTCTTCCATTGACT-1,0
TGTTGATCACTGTTTA-1,6
TGTTGCCGTCGTCCCA-1,2
TGTTGGCTGGCGGAAG-1,0
TGTTGTCAAGAAGTCT-1,2
TGTTTAATACTTCATC-1,5
TGTTTCGGTACTTCTC-1,6
TGTTTCTGAAGCGTGC-1,3
TGTTTGAGATCGTCAG-1,5
TTAAACAGAGTCCCGC-1,7
TTAAACCGGTAGCGAC-1,1
TTAAACCTGGTTCCTT-1,3
TTAAACTCGAATTCAT-1,5
TTAAAGGCGATGCTCG-1,9
TTAAAGTAAGTCGCCA-1,4
TTAACACCTCGAACAT-1,6
TTAACCAACCCTCCCT-1,6
TTAACCCGAGGCGTGT-1,1
TTAACGAACAAGCAGT-1,7
TTAACGTCGCAAGACC-1,1
TTAACGTTAAAGCCTG-1,3
TTAACTCACGCGTGGA-1,3
TTAACTGATCGTTTGG-1,1
TTAACTTCAGGTAGGA-1,4
TTAAGACGAACGAACC-1,7
TTAAGATACCCAGAGA-1,8
TTAAGATAGGATTGAC-1,1
TTAAGCCGACAACTTC-1,5
TTAAGCGCCTGACCCA-1,7
TTAAGGATACGGAGGT-1,1
TTAAGGCCCGTACTTT-1,7
TTAAGTATTGTTATCC-1,9
TTAATCAGTACGTCAG-1,1
TTAATGTAGACCAGGT-1,7
TTAATGTGTTTGCAGG-1,3
TTAATTGCTTTGGGTG-1,9
TTAATTTCAGACGCGG-1,1
TTACAACTACGCATCC-1,6
TTACACGATCTGCGAC-1,4
TTACAGACCTAAATGA-1,2
TTACATCGTGGCCTGG-1,6
TTACATGCCACAACTA-1,6
TTACCATTGATTACCC-1,3
TTACCCATTGCCGGGT-1,5
TTACCCTAACAGTCCT-1,7
TTACCCTAGGGATTGG-1,8
TTACCGCCTTAGGGAA-1,8
TTACGGATGGTTCGAG-1,1
TTACGGTGTCACCGAG-1,6
TTACGTAGCGCGTGCT-1,7
TTACGTATCTATGACA-1,7
TTACTAAAGGACTTTA-1,8
TTACTATCGGCTTCTC-1,3
TTACTCCGGCCGGGAA-1,4
TTACTCTGGTACGTAC-1,0
TTACTGGGATATTTCA-1,8
TTACTGTCTAGAGCTC-1,7
TTAGAAGAACATGACT-1,7
TTAGAATAAGGGTCGG-1,8
TTAGACACGATCGTTG-1,5
TTAGACGAGTCACCTC-1,7
TTAGAGGGATATACAG-1,0
TTAGAGTATTGTCGAG-1,8
TTAGAGTTTAGAAGGA-1,4
TTAGATAGGTCGATAC-1,0
TTAGCAACATGGATGT-1,6
TTAGCATCCCTCACGT-1,4
TTAGCCATAGGGCTCG-1,7
TTAGCGAATAGATAGG-1,8
TTAGCTAATACGATCT-1,5
TTAGCTCTGTAATCCG-1,3
TTAGCTGATTTGCCGT-1,6
TTAGGATGGGAGGGTA-1,5
TTAGGTCATAACCGAC-1,8
TTAGGTGTGACTGGTC-1,0
TTAGTAAACCTGCTCT-1,8
TTAGTAGGGCGGCGGG-1,0
TTAGTTATTCGTGGCA-1,7
TTAGTTCAAGTGTTCG-1,1
TTATAGATGCACATTA-1,5
TTATAGGTAATTGTCT-1,9
TTATAGTCCAAGGTGC-1,4
TTATATACGCTGTCAC-1,7
TTATATTTGGCAATCC-1,6
TTATCATACTCGCAAA-1,6
TTATCCAATCGAACTC-1,6
TTATCCGGGATCTATA-1,4
TTATCCTCAAGGAATA-1,8
TTATCGCCTGCGAAGC-1,7
TTATCTGACATTAGGA-1,0
TTATCTGTATCATAAC-1,6
TTATGAATGAAAGGGA-1,7
TTATGACAAACTGGAT-1,7
TTATGATCTTAACGAA-1,7
TTATGCGTCCCGGTCC-1,6
TTATGTTTGCGATAGA-1,7
TTATTAGAGCGTGTTC-1,7
TTATTAGGGAAGCATC-1,6
TTATTATCTGGAAGGC-1,2
TTATTTAGGTTCCTTA-1,2
TTATTTCATCCCAAAC-1,6
TTCAAAGTCTCTAGCC-1,8
TTCAACGACCCGACCG-1,1
TTCAAGCCGAGCTGAG-1,1
TTCAATACTCTGAATC-1,7
TTCAATTAGCCATAAT-1,1
TTCACGAAAGGATCAC-1,8
TTCACGGTCGTCACGT-1,8
TTCACTCGAGCACCTA-1,4
TTCACTTCCTAGAACG-1,9
TTCAGAGTAACCTGAC-1,6
TTCAGCCCTGGTCCAC-1,7
TTCAGCTGGCGTGCCC-1,7
TTCAGGCGTCAAAGCC-1,3
TTCAGTTCAAGAGGAG-1,3
TTCAGTTTGTGGCAGC-1,3
TTCATAGCCTTGTAAC-1,6
TTCATAGGGTGTCCAT-1,3
TTCATGGCGCAACAGG-1,1
TTCCAATCAGAGCTAG-1,5
TTCCAATCTGGCTATC-1,7
TTCCACACAGATTTGA-1,8
TTCCACATTTCTCGTC-1,7
TTCCAGACGAGATTTA-1,5
TTCCAGTGGGTTTCGT-1,9
TTCCATCATGCGGTGA-1,5
TTCCATCGACAGCGTG-1,6
TTCCCAAAGTACTGAT-1,5
TTCCCGACGCTTCACT-1,7
TTCCCGGCGCCAATAG-1,4
TTCCGCAGAGAAATAT-1,5
TTCCGCGTGAGGCGAT-1,8
TTCCGGCCTTGAGGCT-1,7
TTCCGGCTCGACTTCT-1,7
TTCCGGTATCTGTGTC-1,2
TTCCGGTTACCCACTT-1,7
TTCCTCGAGGGTGTCT-1,2
TTCCTCTGCCCGAATA-1,3
TTCCTTTCTGTGTTGC-1,7
TTCGAACGAAACATGC-1,3
TTCGACAGAGCCCGTG-1,7
TTCGACGGGAAGGGCG-1,6
TTCGAGCCGGCGCTAC-1,6
TTCGCACTCGCGTGCT-1,6
TTCGCACTGTACGACA-1,7
TTCGCATCCGGAAGCA-1,6
TTCGCCGCTCGCGCTA-1,7
TTCGCGCGCCATACGA-1,8
TTCGCTAGGAAGTTGT-1,2
TTCGCTATCTGACGTG-1,5
TTCGGACTGATGCCTT-1,6
TTCGGACTGGGCATGG-1,8
TTCGGCAACCCGCTGA-1,5
TTCGGCTAGAGATGGT-1,6
TTCGGGACTAATCGCG-1,7
TTCGGGCGCTAGTCTT-1,8
TTCGGGTTGCCACGGG-1,4
TTCGGTACTGTAGAGG-1,8
TTCGGTGGAGACGCCC-1,2
TTCGTAATCCCAGCGG-1,5
TTCGTACTCCAGAACG-1,3
TTCGTGCATGTTATAG-1,8
TTCGTGGGCTGGAAGC-1,6
TTCGTTCAACGAAGTT-1,5
TTCTAACCGAAGCTTA-1,4
TTCTACCTCAATCGGT-1,8
TTCTACCTTTATGTTG-1,6
TTCTACTTGCGAGGGC-1,4
TTCTAGAAAGTCTTAT-1,8
TTCTAGGCCAATTGTG-1,6
TTCTATGCCTTTCGCA-1,7
TTCTATTAAACGCAGC-1,4
TTCTCAATTGCTACAA-1,8
TTCTCTTACAGGTGAT-1,0
TTCTGACCGGGCTCAA-1,4
TTCTGCCGCGCCTAGA-1,8
TTCTGCGAGCGCCCTT-1,3
TTCTGCGGGTTAGCGG-1,7
TTCTGCTAGACTCCAA-1,2
TTCTGTTTCCTGTCGC-1,0
TTCTTAGTGAACGGTG-1,6
TTCTTAGTGGCTCAGA-1,1
TTCTTATCCGCTGGGT-1,1
TTCTTCGCAATAGAGC-1,7
TTCTTGAGCCGCGCTA-1,8
TTCTTGCTAGCATCTC-1,1
TTCTTGGACGATCTGC-1,8
TTCTTGGAGTAATGAG-1,1
TTCTTGTAACCTAATG-1,7
TTCTTGTGTCCATCAG-1,3
TTCTTTGGTCGCGACG-1,5
TTGAAACCCTCATTCC-1,6
TTGAAAGGTGTAAAGG-1,7
TTGAACGAATCCTTTG-1,0
TTGAACGACGTGCTGA-1,7
TTGAAGAATTCCCAGG-1,4
TTGAAGGATGGGCGCC-1,3
TTGAAGTGCATCTACA-1,2
TTGAATCGTTGTATAA-1,3
TTGAATTCACGTGAGG-1,4
TTGACAGGAGCTCCCG-1,4
TTGACATGAACGTGGA-1,3
TTGACCAGGAACAACT-1,9
TTGACCATGTTCTCCG-1,1
TTGACCGTGTTAATGA-1,4
TTGACGATTCAGCACG-1,1
TTGACGCTCCATGAGC-1,6
TTGACTACCATATGGT-1,7
TTGACTATTGTCCGGC-1,4
TTGAGAAGTTTAGCAT-1,7
TTGAGAGTACTGCTAA-1,4
TTGAGCAGCCCACGGT-1,2
TTGAGCGCCACGTGAT-1,5
TTGAGGCATTTAACTC-1,7
TTGAGGGTCGAACGCG-1,4
TTGAGTCCCGCTGCTG-1,2
TTGATAGTCAATACAT-1,1
TTGATCTAACTTTGTC-1,2
TTGATGCCGCTCGTCG-1,8
TTGATGTGTAGTCCCG-1,5
TTGATTAGCTGTTTCT-1,6
TTGATTATGCAGATGA-1,7
TTGCAAGAAGACTCCT-1,8
TTGCACAATTCAGAAA-1,7
TTGCACGGAGCAGCAC-1,6
TTGCAGGTCATGAAGT-1,7
TTGCATGCTGATCACG-1,3
TTGCCAAGCAGAACCC-1,5
TTGCCATAGCCCGCTC-1,7
TTGCCCTGATCACGGG-1,3
TTGCCGCAGACCTACA-1,3
TTGCCGCTTTCTAGTA-1,9
TTGCCGGTGATCCCTC-1,6
TTGCCTAATCCAAAGT-1,8
TTGCCTTCTCGCCGGG-1,4
TTGCGCACAACCACGT-1,6
TTGCGCTCTCTCGCTT-1,0
TTGCGCTTGATCAATA-1,7
TTGCGGAAAGCTGCCC-1,3
TTGCGGCATCAGAAAG-1,4
TTGCGTAGTTTGAGGA-1,0
TTGCGTCGGCCAACCG-1,4
TTGCGTGAACGCTTAG-1,5
TTGCGTGTGTAGGCAT-1,8
TTGCTAGCTACCAATC-1,6
TTGCTCATAGTACGTG-1,7
TTGCTCCCATACCGGA-1,1
TTGCTGAAGGAACCAC-1,7
TTGCTGATCATGTTCG-1,7
TTGCTGCACCTATCCA-1,0
TTGCTGGCCGGGCTTC-1,5
TTGGAAGAATACAGTC-1,0
TTGGACATGTGGCTTA-1,3
TTGGACCATCTGGCAA-1,1
TTGGACCTATAACAGT-1,7
TTGGAGTCTCCCTTCT-1,6
TTGGATATCGTCTACG-1,8
TTGGATCGACTTCTGG-1,5
TTGGATTGGGTACCAC-1,6
TTGGCCAAATTGTATC-1,8
TTGGCCATCTTGCGCT-1,0
TTGGCCTAGAATTTCG-1,5
TTGGCGATCCGAATAT-1,5
TTGGCTCAATATGTGT-1,7
TTGGCTCGCATGAGAC-1,7
TTGGGAAGACGAGCCG-1,9
TTGGGACACTGCCCGC-1,1
TTGGGACGTAAGAGTT-1,1
TTGGGCGGCGGTTGCC-1,4
TTGGGTTTATTCAGCG-1,7
TTGGTATGGCTTGTGT-1,5
TTGGTCACACTCGTAA-1,7
TTGGTGCGGTGTTGAA-1,6
TTGGTTCGCTCAAAGG-1,2
TTGGTTGCGGTGCGCG-1,7
TTGTAACTTCATAGCG-1,8
TTGTAAGGACCTAAGT-1,8
TTGTAAGGCCAGTTGG-1,2
TTGTAATCCGTACTCG-1,7
TTGTACACCTCGAACA-1,3
TTGTATCACACAGAAT-1,1
TTGTCACCGCGGTATC-1,3
TTGTCGTTCAGTTACC-1,6
TTGTCTCGGCAAGATG-1,9
TTGTGAACCTAATCCG-1,7
TTGTGAGGCATGACGC-1,0
TTGTGATCTGTTCAGT-1,6
TTGTGCAGCCACGTCA-1,9
TTGTGCGGAAGCGGAT-1,0
TTGTGGAGACAGCCGG-1,4
TTGTGGCCCTGACAGT-1,1
TTGTGGTAGGAGGGAT-1,4
TTGTGGTATAGGTATG-1,7
TTGTGGTGGTACTAAG-1,7
TTGTGTATGCCACCAA-1,4
TTGTGTTTCCCGAAAG-1,7
TTGTTCAGTGTGCTAC-1,6
TTGTTCTAGATACGCT-1,2
TTGTTGGCAATGACTG-1,0
TTGTTGTGTGTCAAGA-1,6
TTGTTTCACATCCAGG-1,8
TTGTTTCATTAGTCTA-1,8
TTGTTTCCATACAACT-1,0
TTGTTTGTATTACACG-1,0
TTGTTTGTGTAAATTC-1,1
