barcode,cluster
AAACAACGAATAGTTC-1,2
AAACAAGTATCTCCCA-1,1
AAACAATCTACTAGCA-1,8
AAACACCAATAACTGC-1,7
AAACAGAGCGACTCCT-1,1
AAACAGCTTTCAGAAG-1,5
AAACAGGGTCTATATT-1,5
AAACAGTGTTCCTGGG-1,6
AAACATGGTGAGAGGA-1,1
AAACATTTCCCGGATT-1,1
AAACCACTACACAGAT-1,8
AAACCCGAACGAAATC-1,1
AAACCGGAAATGTTAA-1,1
AAACCGGGTAGGTACC-1,4
AAACCGTTCGTCCAGG-1,5
AAACCTAAGCAGCCGG-1,1
AAACCTCATGAAGTTG-1,3
AAACGAAGAACATACC-1,8
AAACGAAGATGGAGTA-1,5
AAACGACAGTCTTGCC-1,2
AAACGAGACGGTTGAT-1,9
AAACGCCCGAGATCGG-1,8
AAACGCTGGGCACGAC-1,6
AAACGGGCGTACGGGT-1,1
AAACGGGTTGGTATCC-1,2
AAACGGTTGCGAACTG-1,1
AAACGTGTTCGCCCTA-1,8
AAACTAACGTGGCGAC-1,8
AAACTCGGTTCGCAAT-1,1
AAACTCGTGATATAAG-1,1
AAACTGCTGGCTCCAA-1,5
AAACTTAATTGCACGC-1,1
AAACTTGCAAACGTAT-1,5
AAAGAATGACCTTAGA-1,1
AAAGAATGTGGACTAA-1,6
AAAGACATGAAGTTTA-1,2
AAAGACCCAAGTCGCG-1,0
AAAGACTGGGCGCTTT-1,1
AAAGCTTGCCTACATA-1,1
AAAGGCCCTATAATAC-1,1
AAAGGCTACGGACCAT-1,5
AAAGGCTCTCGCGCCG-1,5
AAAGGGATGTAGCAAG-1,3
AAAGGGCAGCTTGAAT-1,3
AAAGGTAAGCTGTACC-1,8
AAAGGTCAACGACATG-1,2
AAAGTAGCATTGCTCA-1,5
AAAGTCACTGATGTAA-1,0
AAAGTCGACCCTCAGT-1,4
AAAGTGCCATCAATTA-1,8
AAAGTGTGATTTATCT-1,5
AAAGTTGACTCCCGTA-1,5
AAATAACCATACGGGA-1,1
AAATAAGGTAGTGCCC-1,1
AAATACCTATAAGCAT-1,5
AAATAGCTTAGACTTT-1,5
AAATAGGGTGCTATTG-1,5
AAATCACTCCTAAACG-1,2
AAATCCGATACACGCC-1,1
AAATCGCGGAAGGAGT-1,5
AAATCGTGTACCACAA-1,4
AAATCTAGCCCTGCTA-1,1
AAATCTGCCCGCGTCC-1,6
AAATGACTGATCAAAC-1,6
AAATGATTCGATCAGC-1,1
AAATGCTCGTTACGTT-1,9
AAATGGCATGTCTTGT-1,1
AAATGGCCCGTGCCCT-1,5
AAATGGTCAATGTGCC-1,3
AAATGTATCTTATCCC-1,1
AAATGTGGGTGCTCCT-1,2
AAATTAACGGGTAGCT-1,3
AAATTAATAAGCGCGA-1,1
AAATTACACGACTCTG-1,1
AAATTACCTATCGATG-1,1
AAATTCCAGGTCCAAA-1,1
AAATTGATAGTCCTTT-1,5
AAATTGCGGCGGTTCT-1,8
AAATTGGTGAGAAGCA-1,8
AAATTTACCGAAATCC-1,8
AAATTTGCGGGTGTGG-1,5
AACAACTGGTAGTTGC-1,3
AACAATACATTGTCGA-1,5
AACAATTACTCTACGC-1,3
AACACACGCTCGCCGC-1,5
AACACGACTGTACTGA-1,8
AACACGAGACGCGGCC-1,5
AACACGCGGCCGCGAA-1,1
AACAGCTGTGTGGCAA-1,5
AACAGGAAATCGAATA-1,0
AACAGGATGGGCCGCG-1,3
AACAGGTAGTATGGAT-1,1
AACATAGCGTGTATCG-1,6
AACATATCAACTGGTG-1,1
AACATCGATACGTCTA-1,8
AACATTGAAGTTGATC-1,1
AACATTGGTCAGCCGT-1,1
AACATTGTGACTCGAG-1,1
AACCAAGACTTCTCTG-1,9
AACCAGTATCACTCTT-1,8
AACCATAGGGTTGAAC-1,1
AACCATGGGATCGCTA-1,3
AACCCAGAGACGGAGA-1,3
AACCCATCCCATGATC-1,5
AACCCGACAACCCGTG-1,1
AACCCGAGCAGAATCG-1,1
AACCCGATAGGGCTTC-1,8
AACCCGCTGTATTCCA-1,6
AACCCTACTGTCAATA-1,5
AACCCTGGTGGAACCA-1,8
AACCGAGCTTGGTCAT-1,9
AACCGCTAAGGGATGC-1,5
AACCGTTGTGTTTGCT-1,0
AACCTAAAGCCGTCCG-1,2
AACCTCGCTTTAGCCC-1,7
AACCTGTCACGGAATT-1,1
AACCTTTAAATACGGT-1,5
AACCTTTACGACGTCT-1,1
AACGAAAGTCGTCCCA-1,5
AACGACCTCCTAGCCG-1,6
AACGATAATGCCGTAG-1,5
AACGATAGAAGGGCCG-1,0
AACGATATGTCAACTG-1,9
AACGCATGATCTGGGT-1,1
AACGCGAACGGCAACA-1,1
AACGCGACCTTGGGCG-1,1
AACGCGGTCTCCAGCC-1,9
AACGCTGTTGCTGAAA-1,1
AACGGACGTACGTATA-1,5
AACGGCCATCTCCGGT-1,5
AACGTACTGTGGGTAC-1,5
AACGTAGTCTACCCAT-1,2
AACGTCAGACTAGTGG-1,0
AACGTCATCCGGCTTG-1,2
AACGTCGCTGCACTTC-1,6
AACGTGATGAAGGACA-1,8
AACGTGCGAAAGTCTC-1,4
AACGTTATCAGCACCT-1,1
AACGTTCTACCATTGT-1,6
AACTACCCGTTTGTCA-1,1
AACTAGCGTATCGCAC-1,8
AACTAGGCTTGGGTGT-1,4
AACTCAAGTTAATTGC-1,3
AACTCCAGAGCGTGTT-1,1
AACTCCTAATCCCATG-1,8
AACTCGATAAACACGT-1,8
AACTCGATGGCGCAGT-1,0
AACTCTCAATAGAGCG-1,4
AACTCTCAGTGTGCTC-1,5
AACTGAGGTCAGCGTC-1,8
AACTGAGTTATACTGA-1,1
AACTGATATTAGGCCT-1,0
AACTGGGTCCCGACGT-1,9
AACTGGGTTCGAGCCG-1,8
AACTGGTGTGGGCCTT-1,1
AACTTCTGCGTCTATC-1,1
AACTTGCCCGTATGCA-1,3
AACTTGCGTTCTCGCG-1,1
AACTTTACGGGAGCTT-1,1
AACTTTAGCTGCTGAG-1,8
AACTTTCTCGATCATG-1,8
AAGAAAGTTTGATGGG-1,6
AAGAAATCACCAGATT-1,8
AAGAAGGATCAGTTAG-1,0
AAGACATACGTGGTTT-1,6
AAGACCAAATAACTCA-1,7
AAGACCCAACTGAACA-1,5
AAGACTAACCCGTTGT-1,1
AAGACTCACGCCCACT-1,2
AAGACTGCAAGCTACT-1,4
AAGAGATGAATCGGTA-1,3
AAGAGCTCTTTATCGG-1,9
AAGAGGATGTACGCGA-1,3
AAGAGGCATGGATCGC-1,9
AAGAGGCCCTTTGGAA-1,1
AAGATGGCACCGGACC-1,5
AAGATTGGCGGAACGT-1,0
AAGCACCCTGCGTATC-1,5
AAGCATACTCTCCTGA-1,5
AAGCCACTTGCAGGTA-1,6
AAGCCGAAGCGGTTTA-1,1
AAGCCGCCGTGAAATC-1,1
AAGCCGCTTTACCTTG-1,8
AAGCCGGAGAGCAGGA-1,1
AAGCGCAGGGCTTTGA-1,1
AAGCGGAGTGCGCGCA-1,8
AAGCGGCGTCATGGGT-1,8
AAGCGTCCCTCATCGA-1,5
AAGCTAGATCGAGTAA-1,5
AAGCTATGGATTGACC-1,2
AAGCTCGTGCCAAGTC-1,4
AAGCTCTTTCATGGTG-1,5
AAGGAGAACTTATAAG-1,8
AAGGAGCGGTTGGTGC-1,3
AAGGATCGATCGCTTG-1,5
AAGGATGAGGGACCTC-1,9
AAGGCAGGCTGTCTCC-1,1
AAGGCGCGTAAAGCTT-1,9
AAGGCTGTGCTCATCG-1,3
AAGGGAACGACTGGCT-1,7
AAGGGACAGATTCTGT-1,0
AAGGGACTATGCATTC-1,5
AAGGGTTAGCCATGCG-1,6
AAGGGTTTGATTTCAG-1,1
AAGGTATCCTAATATA-1,9
AAGGTGATAAACCAGC-1,5
AAGTAAGCTTCCAAAC-1,2
AAGTAGAAGACCGGGT-1,3
AAGTAGTGACGCGAGG-1,9
AAGTCAATTGTCGTCA-1,5
AAGTCTAGTAGCTGCC-1,8
AAGTCTTCTGTGGCCT-1,1
AAGTGACGACCGAATT-1,4
AAGTGAGTCGGGTTTA-1,5
AAGTGCAAAGGTAGAC-1,1
AAGTGCCTTGACTGTA-1,5
AAGTGCGTTAGAATCT-1,5
AAGTGCTTCTCTATTG-1,1
AAGTGTTTGGAGACGG-1,5
AAGTTCACTCCAAGCT-1,5
AAGTTCAGTCTGCGTA-1,1
AAGTTCGGCCAACAGG-1,5
AAGTTGTGATGTTATA-1,1
AAGTTTACTAATGGCA-1,8
AAGTTTATGGGCCCAA-1,1
AATAACAACGCTCGGC-1,3
AATAACACTAGAACAA-1,5
AATAACGTCGCGCCCA-1,6
AATAAGTCCTCGAGAC-1,8
AATAATCTTCGTATCG-1,1
AATACAATGTTTCAGG-1,0
AATACCGGAGGGCTGT-1,1
AATACCTGATGTGAAC-1,6
AATAGAACAGAGTGGC-1,5
AATAGAATCTGTTTCA-1,5
AATAGCAAGCCTCCTG-1,8
AATAGCTACCGCGTGC-1,1
AATAGGCACGACCCTT-1,2
AATAGTCCGTCCCGAC-1,4
AATAGTCGCGAGTCGG-1,1
AATATCAAGGTCGGAT-1,1
AATATCCTAGCAAACT-1,1
AATATCGAATCAATGC-1,1
AATATCGAGGGTTCTC-1,1
AATATTGGAGTATTGA-1,3
AATCAGACTGCAGGAC-1,1
AATCAGGTTTCATTTA-1,1
AATCATGTAAAGACTC-1,1
AATCCAAGGGCCTGAG-1,9
AATCCATGCAAGGGTG-1,1
AATCCCGCTCAGAGCC-1,6
AATCGAGGTCTCAAGG-1,6
AATCGCCTCAGCGCCA-1,4
AATCGCGCAGAGGACT-1,1
AATCGGGACACTACGA-1,1
AATCGGTATAGCCCTC-1,6
AATCGTGAGCCGAGCA-1,1
AATCTAGGTTTACTTG-1,5
AATCTATGCCGGAGCC-1,1
AATCTCTACTGTGGTT-1,0
AATCTGCGTTGGGACG-1,4
AATCTGGCTTTCTAGT-1,5
AATCTGGGTAGACCCT-1,8
AATGACAGCAATGTCT-1,5
AATGACGTAGGATGTC-1,5
AATGACTGTCAGCCGG-1,9
AATGAGTTCGCATATG-1,1
AATGATGATACGCTAT-1,1
AATGATGCGACTCCTG-1,1
AATGCAACCGGGTACC-1,3
AATGCACCAAGCAATG-1,1
AATGGCCGCCAATGCG-1,8
AATGGTCCACCGTTCA-1,1
AATGGTTCTCACAAGC-1,3
AATGTATGGCACTGTA-1,1
AATGTGCCCGAGGTGT-1,5
AATGTGCTAATCTGAG-1,1
AATGTTAAGACCCTGA-1,6
AATGTTGTCGTGAGAC-1,1
AATTAAAGGTCGGCGT-1,4
AATTAACGGATTTCCA-1,5
AATTACGAGACCCATC-1,5
AATTACTCGTACGCTC-1,1
AATTAGCGCTGCAGCG-1,5
AATTATACCCAGCAAG-1,6
AATTCATAAGGGATCT-1,1
AATTCATTGTCATGCA-1,1
AATTCCAACTTGGTGA-1,8
AATTCCAAGCATGTAC-1,1
AATTCGATTCGAGGAT-1,1
AATTCTAGAGTTAGGC-1,5
AATTGAACGCTCTGGT-1,5
AATTGCAGCAATCGAC-1,1
AATTGCGTGGATTACA-1,1
AATTGTGGTTGCCAAA-1,6
AATTTGGGACATAGTA-1,1
AATTTGGTTCCAAAGA-1,1
ACAAACCATGCGTCCT-1,1
ACAAACCGACAAGGCG-1,2
ACAAACTCCATCAGAG-1,6
ACAAAGAAGGTAGGCC-1,7
ACAAAGCATGACCTAG-1,1
ACAAATCGCACCGAAT-1,5
ACAAATGGTAGTGTTT-1,4
ACAAATTCAGATCTGA-1,8
ACAACAGCATGAGCTA-1,9
ACAACGGTCCCTGCGA-1,3
ACAAGCAGTGCCTAGC-1,3
ACAAGCTATATGGAAG-1,1
ACAAGGAAATCCGCCC-1,5
ACAAGGACAAGAGGTT-1,3
ACAAGGATGCTTTAGG-1,1
ACAAGGCCTACCAGCC-1,8
ACAAGGGCAGGCTCTG-1,5
ACAAGTAATTGTAAGG-1,2
ACAATAGTCGTACGTT-1,4
ACAATCCATTTAAACC-1,3
ACAATCGATCTTTATA-1,2
ACAATGAATACGGAGA-1,5
ACAATGATTCTTCTAC-1,8
ACAATTGTGTCTCTTT-1,1
ACAATTTAGGAGGCTC-1,1
ACAATTTGAGCAGTGG-1,9
ACAATTTGGCCATATT-1,1
ACACAAAGACGGGTGG-1,3
ACACAAATATTCCTAG-1,8
ACACACCAGGACCAGT-1,4
ACACACTTTCTACACG-1,0
ACACATGATCAAATCT-1,7
ACACATTGACGCAACA-1,1
ACACATTTCCGTAGAC-1,6
ACACCACATAATTAGC-1,1
ACACCCAGCATGCAGC-1,3
ACACCCGAGAAATCCG-1,3
ACACCCGTAAATCTGT-1,2
ACACCGAGCGCTCTTT-1,1
ACACCGGTCTGACCGC-1,1
ACACCTTAAGTAGGGC-1,9
ACACCTTACTACTTGC-1,1
ACACGAGACTCCTTCT-1,9
ACACGGCACTATGCAT-1,8
ACACGGGAACTTAGGG-1,3
ACACGTAGGCCACAAG-1,1
ACACTCCAATGTCACT-1,1
ACACTGATCAAGGTGT-1,5
ACACTGGGACAGTCGT-1,1
ACAGAACTGAGAACAA-1,5
ACAGATTAGGTTAGTG-1,8
ACAGCATAGAGCCAGT-1,0
ACAGCGACATTCTCAT-1,1
ACAGCGCACCCGCAGC-1,8
ACAGGAGGCGCAGCCG-1,2
ACAGGCACGGATCCTT-1,1
ACAGGCTTGCCCGACT-1,5
ACAGGTGGAGGTGAGG-1,5
ACAGGTGTGTTGTTGC-1,1
ACAGTAATACAACTTG-1,5
ACAGTATACCGTGGGA-1,8
ACAGTGCAGCGCATTT-1,2
ACATAAGTCGTGGTGA-1,5
ACATAATAAGGCGGTG-1,3
ACATACAATCAAGCGG-1,6
ACATCAGCTGGGACGC-1,1
ACATCCCGGCCATACG-1,5
ACATCCTGGTAACTGT-1,5
ACATCGATCGTTTACC-1,4
ACATCGCAATATTCGG-1,2
ACATCGGTCAGCCGCG-1,9
ACATCGTATGCAATGG-1,5
ACATCGTTAACCTAGT-1,8
ACATCTCAACGCGTAA-1,8
ACATGCTTACGGCAGC-1,6
ACATGGCGCCAAAGTA-1,5
ACATGGCTCAATTTAG-1,1
ACATTAGTTTATATCC-1,5
ACATTCGCGCGGAATA-1,6
ACATTTGAAACCTAAC-1,6
ACCAAACACCCAGCGA-1,8
ACCAAACTAGAAATCC-1,8
ACCAACACCACACACT-1,1
ACCAACCGCACTCCAC-1,1
ACCAACGCTTATTTAT-1,5
ACCAAGAACGCGTGTC-1,9
ACCAAGTCATCGGCAG-1,6
ACCAATATGCAAGTTA-1,5
ACCACAACTCAGAACA-1,8
ACCACAAGTTTCTATC-1,3
ACCACACGGTTGATGG-1,6
ACCACCAATGTAACAA-1,5
ACCACCCTCTCTTCTA-1,8
ACCACGTGCAGCTATA-1,5
ACCACTGTTCAAGAAG-1,1
ACCAGACCATAACAAC-1,1
ACCAGCCCGGTCTTTG-1,8
ACCAGGAGTGTGATCT-1,8
ACCAGTGCCCGGTCAA-1,8
ACCAGTGCGGGAGACG-1,5
ACCATATCCGCAATAA-1,4
ACCATCCGCCAACTAG-1,5
ACCATCGTATATGGTA-1,4
ACCATTAAGGGTGTCA-1,1
ACCCAACGCCCGTGGC-1,9
ACCCACCTACATGCTC-1,3
ACCCATCTTGAGGGTA-1,3
ACCCATTTGTCCCTCT-1,1
ACCCGAGCGAAATTAC-1,7
ACCCGATTGGTTCCGA-1,1
ACCCGGAAACTCCCAG-1,5
ACCCGGAGCACCACAA-1,1
ACCCGGATGACGCATC-1,5
ACCCGGTTACACTTCC-1,4
ACCCGTAGCAGAGAAT-1,6
ACCCGTAGTCTAGTTG-1,6
ACCCGTGTCATCAGTA-1,4
ACCCTATAGGACTGAG-1,1
ACCCTATGCCATATCG-1,5
ACCCTCCCGTCAGGGC-1,1
ACCCTCCCTTGCTATT-1,5
ACCCTGGTAACGCCCT-1,1
ACCCTTCATCTGCGAA-1,0
ACCCTTGCCTGGGTCG-1,8
ACCCTTTAGTTCTCCA-1,8
ACCGAAAGGGCCCTGC-1,0
ACCGAAGAGTCTGGTT-1,5
ACCGACACATCTCCCA-1,5
ACCGACTGAGTCCCAC-1,9
ACCGAGTCTCCTTATT-1,1
ACCGATAGGCATAACC-1,1
ACCGATATTTAATCAT-1,1
ACCGATGGTAGCATCG-1,4
ACCGCAATAACTGCCT-1,5
ACCGCGGTGGAAGTCG-1,5
ACCGCTAGTCATTGGT-1,6
ACCGGGCCTTTGTTGA-1,5
ACCGGTCAGGTACACC-1,5
ACCGGTCTGAGTACGG-1,8
ACCGTCCACTGGGCCC-1,7
ACCGTGACCACGTGGG-1,7
ACCGTTCCCGCTCTGA-1,8
ACCTAAGTACCTTTCA-1,5
ACCTAATCGACTTCCT-1,3
ACCTACAGTATGTGGT-1,1
ACCTACTATAAATCTA-1,1
ACCTCAGCGAGGCGCA-1,2
ACCTCCGCCCTCGCTG-1,1
ACCTCCGTTATTCACC-1,1
ACCTCGAACTTATGCT-1,1
ACCTGCGTGTCATGTT-1,5
ACCTTTCCTTTAGAAG-1,2
ACGAAATGGGCGGCAC-1,3
ACGACCCATGAGTTGC-1,1
ACGACTCTAGGGCCGA-1,6
ACGACTGGTCATACTC-1,1
ACGAGAACCCATCACG-1,1
ACGAGATATTTGCTTA-1,8
ACGAGGATACCACTCT-1,5
ACGAGGTTTACAACGT-1,5
ACGAGTACGGATGCCC-1,1
ACGAGTCGCCGGCGTT-1,8
ACGATACATAGAACTA-1,0
ACGATACCTATCCTGA-1,1
ACGATCATACATAGAG-1,3
ACGATCATCTTGTAAA-1,5
ACGATGCATATGTTAT-1,3
ACGATGGATCCGATGC-1,8
ACGCAAACTAATAGAT-1,7
ACGCAATCACTACAGC-1,1
ACGCATAAATGACATG-1,8
ACGCATACGTTTACTA-1,1
ACGCATTCGTGAGTAC-1,3
ACGCCACTCGAAACAG-1,6
ACGCCAGATGATTTCT-1,1
ACGCCAGTGCGTTTGC-1,6
ACGCCCAGCTGTCGAT-1,8
ACGCCGCTAGACGACC-1,4
ACGCCTGACACGCGCT-1,2
ACGCGAAGTCAGACGA-1,4
ACGCGCTACACAGGGT-1,9
ACGCGGGCCAAGGACA-1,9
ACGCGTTTCTTAAGAG-1,1
ACGCTACTGAATGGGC-1,6
ACGCTAGTATCAGTGC-1,2
ACGCTAGTGATACACT-1,1
ACGCTGTGAGGCGTAG-1,4
ACGCTTAGTGTCTCTC-1,8
ACGGAACACGAGTGCC-1,6
ACGGAATTTAGCAAAT-1,3
ACGGACGCAGCGACAA-1,6
ACGGACTCTCAAAGCG-1,7
ACGGAGCGCAAATTAC-1,8
ACGGATGGTGCGGATA-1,5
ACGGCACTTGCTTGGG-1,5
ACGGCCAACATGGACT-1,5
ACGGCGACGATGGGAA-1,5
ACGGCGGGTTGCCCTG-1,1
ACGGCTGGATGTAGAA-1,7
ACGGGAGTGTCGGCCC-1,5
ACGGGCGTATGCGACA-1,1
ACGGGTCATGTGACTT-1,1
ACGGGTTGTGACCTGT-1,6
ACGGTACAGTTCAATG-1,6
ACGGTCACCGAGAACA-1,6
ACGTACAGATTTCTCT-1,1
ACGTACTTTGGCACGG-1,1
ACGTAGATTGCTGATG-1,9
ACGTAGGAGAGTCGCT-1,1
ACGTATTACTCCGATC-1,5
ACGTCCTAAACGAGAT-1,2
ACGTCGGGCAACTCGG-1,1
ACGTCTCGTTCCGGGA-1,5
ACGTGACAAAGTAAGT-1,5
ACGTGCGCCTCGTGCA-1,9
ACGTGGTCGAATGTGC-1,2
ACGTTAATGTCGAAGA-1,4
ACGTTAGATTTGCCCG-1,3
ACGTTATTGGTCACTC-1,1
ACGTTCACTATGCCGC-1,6
ACGTTCCGCGCTCCGT-1,1
ACGTTCGCAATCAATT-1,1
ACGTTCGTTCAGGAAA-1,5
ACGTTCTGTACAAGTC-1,1
ACGTTGTCGTTGAAAG-1,6
ACGTTTAGTTGTGATC-1,9
ACGTTTCGGTGCACTT-1,6
ACTAAGGACGCACACC-1,1
ACTAATACGTCAGGCG-1,8
ACTACAAAGAGAGGTG-1,1
ACTACATCCCGACAAG-1,7
ACTACCAGCTCTCTGG-1,9
ACTACCATCCGAGGGC-1,6
ACTACGCGTTAGAATT-1,5
ACTAGTTGCGATCGTC-1,1
ACTATATGCTGTGTTC-1,8
ACTATCCAGGGCATGG-1,5
ACTATCGCCGGCTAAA-1,1
ACTATCTGCCCGCGTA-1,1
ACTATGTCCAGCTGCC-1,1
ACTATTCGTCCGTGGT-1,1
ACTATTTCCGGGCCCA-1,5
ACTCAACGAATGTATT-1,1
ACTCAAGTGCAAGGCT-1,1
ACTCAATAAAGGCACG-1,9
ACTCAGACCTGCTTCT-1,1
ACTCATGGCAGCCTTC-1,1
ACTCCAATATCATCAT-1,7
ACTCCCATTCCTAAAG-1,5
ACTCCCGAATTCGTTT-1,1
ACTCCCGTAGACTAGG-1,8
ACTCCCTAATGCTAAA-1,5
ACTCCCTAGAATAGTA-1,5
ACTCCGGCCGACCACT-1,1
ACTCGATGTATTTCAT-1,1
ACTCGCCGTTCGATAA-1,1
ACTCGCGATCTGACGC-1,1
ACTCGTAACCCGTCCT-1,5
ACTCGTCAGTAATCCC-1,9
ACTCTAAACCTGGGAT-1,1
ACTCTCTGACTTAGGT-1,4
ACTCTCTTATACACGA-1,8
ACTCTGACCTAATAGA-1,1
ACTCTTCAGCTCCCGC-1,1
ACTCTTGTATAGTAAC-1,4
ACTGAAACGCCGTTAG-1,7
ACTGAATGGCGAAAGT-1,5
ACTGATTTAGTGATTC-1,8
ACTGCCCGCCATTCTC-1,1
ACTGCCGTCGTAACTC-1,0
ACTGCGGACACACCGT-1,1
ACTGCTCGGAAGGATG-1,5
ACTGGCGAACCTGCGT-1,8
ACTGGGATGCCAGTGC-1,6
ACTGTACGATACACAT-1,9
ACTGTAGCACTTTGGA-1,9
ACTGTATACGCGAGCA-1,0
ACTGTCCAGGATTATA-1,3
ACTGTCTTCTTTAGAA-1,3
ACTGTGCTAGTAGATC-1,3
ACTGTTTAGTGTAGGC-1,8
ACTTACCGGGCGCGCA-1,8
ACTTACGCATCCACGC-1,5
ACTTAGTACGACAAGA-1,3
ACTTATACTTACCCGG-1,4
ACTTATCTGATCTATA-1,2
ACTTATTAGGATCGGT-1,3
ACTTATTTATGTGCCA-1,5
ACTTCAGGCTGATCCC-1,5
ACTTCCAGTGGAAGCT-1,5
ACTTCCATGCGGGACA-1,7
ACTTCCTGTCGTGCGA-1,2
ACTTCGCCATACGCAC-1,9
ACTTCGCTAGCGAGTG-1,1
ACTTGACTCCCTCTTT-1,4
ACTTGCCATATTGTAC-1,8
ACTTGCTCTATCTACC-1,1
ACTTGGGACCCGGTGG-1,3
ACTTGGGCTTTCGCCA-1,2
ACTTGTAGTCCCTTCA-1,5
ACTTGTGGATGGAACG-1,1
ACTTGTTACCGGATCA-1,6
ACTTTACCCTCATGAA-1,1
ACTTTATACACCACTT-1,6
ACTTTCCTATAGCTTC-1,3
ACTTTGACTGCATCCT-1,4
ACTTTGGTCGTGCTCC-1,7
ACTTTGTCGACGCACT-1,1
AGAAATTATGACTCGC-1,1
AGAACACGGCGATGGT-1,6
AGAACCCAGCGTGACA-1,1
AGAACCCTCAATTGGG-1,7
AGAACGTGGTACATTC-1,9
AGAACTGTACTTTGTA-1,6
AGAAGAGCGCCGTTCC-1,4
AGAAGGTACACTTCAC-1,5
AGAAGGTTGCCGAATT-1,4
AGAAGGTTGTAGGTCG-1,1
AGAAGTGATTCGTGAT-1,5
AGAATAAATCTTCAGG-1,0
AGAATACAGGCTATCC-1,6
AGAATGCGGGTTCGGA-1,8
AGAATTATGGATTCGA-1,4
AGAATTGTTTGACATA-1,9
AGACAGCTCAGAATCC-1,1
AGACAGGCATCTCAGC-1,1
AGACATAGATCCTTCC-1,1
AGACCAAACCACACCT-1,5
AGACCATGGGATACAA-1,3
AGACCCACCGCTGATC-1,5
AGACCCGCCCTCCTCG-1,9
AGACCGCTCCGCGGTT-1,1
AGACCGGGAAACCCTG-1,4
AGACGAAGTGCCGGTC-1,5
AGACGACGATGCCGCT-1,5
AGACGCCCACTTCGCC-1,1
AGACGGGATTGGTATA-1,2
AGACGGGCCGATTTAA-1,8
AGACTAGCCTTCCAGA-1,3
AGACTGTTACCGGGTC-1,7
AGAGAAACACCAGAAA-1,1
AGAGAACCGTCTAGGA-1,9
AGAGAAGGAGTACAAT-1,5
AGAGATCTCTAAAGCG-1,4
AGAGCAGTTATGAGAC-1,0
AGAGCCGCCGAGATTT-1,1
AGAGCGCTTGTAACGG-1,1
AGAGCGGGCTAATCAT-1,9
AGAGCGTACAAGCTCG-1,3
AGAGCTACGAAAGCAT-1,1
AGAGGCTTCGGAAACC-1,1
AGAGGGACAATTGTCC-1,8
AGAGGTATCTCGGTCC-1,8
AGAGTAAACTTCACTA-1,7
AGAGTATAGTGTTACG-1,1
AGAGTCTTAATGAAAG-1,6
AGAGTGAACAGACACC-1,2
AGAGTTAGAGACCGAT-1,8
AGAGTTGCAGGCCTCC-1,8
AGATAACTTCAGGGCC-1,3
AGATAATCACACCTAT-1,2
AGATACCAATAGAACC-1,1
AGATACCAGCACTTCA-1,8
AGATACCGGTGTTCAC-1,9
AGATACGACTTCATAT-1,3
AGATACTCAAGATCGA-1,5
AGATATAATACGACTA-1,1
AGATCGTGCATAAGAT-1,1
AGATCTCAGGTGTGAT-1,9
AGATCTGGAGAGGATA-1,6
AGATGACTCGCCCACG-1,3
AGATGAGGGTTGCGAT-1,1
AGATGATGGAGTCTGG-1,3
AGATGCAAGACGTGCA-1,7
AGATGCATCCTGTGTC-1,5
AGATGCTATAACGAGC-1,1
AGATTATAGGACGTTT-1,3
AGATTCAAGCGGGTCG-1,8
AGATTCACAACCGATA-1,5
AGCAAAGGCCGCTAGT-1,5
AGCAACATATCTTATT-1,4
AGCAACCGAAAGTAAT-1,5
AGCACACGTTTAGACT-1,1
AGCACCAGTACTCACG-1,9
AGCACTACCGGCCTGT-1,3
AGCACTACCTCACCAG-1,5
AGCACTTAAGGACGCC-1,3
AGCAGAAGGAGAAAGA-1,1
AGCAGCCAGATGAATA-1,4
AGCAGTCGAAGCATGC-1,6
AGCATATCAATATGCT-1,7
AGCATCATTTCGAAAG-1,5
AGCATCGTCGATAATT-1,3
AGCATTACGAGGCAAG-1,1
AGCCAAGCTTTGTGTC-1,1
AGCCACAGGTTACCCG-1,1
AGCCACTCCCGTGCTT-1,9
AGCCATATAGTATGTG-1,1
AGCCCATACATGTAAG-1,4
AGCCCGCAACAAGCAG-1,1
AGCCCGCACTACAATG-1,6
AGCCCGGCATTAGAGG-1,1
AGCCCGGTAGCCTGTA-1,5
AGCCCTAAGCGAAGTT-1,0
AGCCCTCCCTGGTGGC-1,1
AGCCCTGTCGCACCGT-1,1
AGCCCTTCTAATCCGA-1,1
AGCCCTTGGACATCCC-1,1
AGCCGCAAATTCAAAT-1,1
AGCCGCTTGATTAGCG-1,1
AGCCGTGGCTAAATGT-1,5
AGCCTAATACCCACGT-1,5
AGCCTTAAAGCGGAAG-1,1
AGCCTTGTCACTGATA-1,6
AGCGACAGGAACGGTC-1,5
AGCGACATCCCATTCA-1,0
AGCGACCAACGATATT-1,3
AGCGACTTTGAAGACA-1,2
AGCGAGACGTGAAGGC-1,1
AGCGATGCGCCTAATA-1,1
AGCGCATAATGAATCG-1,4
AGCGCGGGTGCCAATG-1,1
AGCGCTAGAGCGATGT-1,1
AGCGCTTATGGGCAAG-1,8
AGCGGACACTTCGTAG-1,5
AGCGGCGGTTAGCGGT-1,5
AGCGGGAAGGGTCCAT-1,3
AGCGGGTCTGACACTC-1,1
AGCGGTTGAGATGTAC-1,2
AGCGGTTGCCGCTCTG-1,8
AGCGTACGAGAGCTAG-1,1
AGCGTAGCGCTAGACC-1,8
AGCGTCTGAACCCGCA-1,1
AGCGTGGTATTCTACT-1,5
AGCGTTCCGATTTAAA-1,2
AGCTAACAAGCAATGT-1,5
AGCTAAGCTCCGTCCG-1,6
AGCTAAGTACGCAGGC-1,1
AGCTACGAATGGTGGT-1,2
AGCTAGAAGCAGAAGT-1,1
AGCTATTTAATCCAAC-1,1
AGCTCCATATATGTTC-1,1
AGCTCCTTCGCACATC-1,5
AGCTCGTTGATGGAAA-1,8
AGCTCTAGACGTTCCA-1,4
AGCTCTTCCCAGTGCA-1,1
AGCTCTTCGTAACCTT-1,5
AGCTCTTTACTCAGTT-1,3
AGCTGAAGTAAACCAA-1,1
AGCTGCATTTGAGGTG-1,2
AGCTGCTGTGCCGAAT-1,2
AGCTGTAACCTCAATC-1,5
AGCTTATAGAGACCTG-1,1
AGCTTCAATACTTTGA-1,2
AGCTTCTTCTCGAGCA-1,1
AGCTTGATCAGGGTAG-1,6
AGCTTGATCTTAACTT-1,4
AGGAAAGCCTCTGATG-1,8
AGGAACGAACGACTTC-1,8
AGGAAGCTGTCCGCCG-1,5
AGGACAGTCGAATCCC-1,4
AGGACATCGCACGTCG-1,3
AGGACATCGGCACACT-1,6
AGGACGACCCATTAGA-1,4
AGGACGCTCGATGTTG-1,1
AGGACTTATAGGAGAA-1,1
AGGAGACATCCACAGT-1,8
AGGAGAGTCTGGCTAC-1,6
AGGAGCGTTTATTATC-1,2
AGGAGGCCTTCGCGCG-1,1
AGGATAAAGTCGGGAT-1,5
AGGATATAGGGATTTA-1,5
AGGATATCCGACTGCA-1,6
AGGATCACGCGATCTG-1,5
AGGATTGCTTACGACA-1,1
AGGCAAAGAGGAATCA-1,2
AGGCAATACGGAGGAC-1,8
AGGCACGTGACTGTCC-1,8
AGGCAGATGCGTAAAC-1,9
AGGCAGGGAGCGTACT-1,5
AGGCATTGTCGTAGGG-1,5
AGGCCACATTGGTTAC-1,1
AGGCCACCCGTTATGA-1,3
AGGCCCAGTGACTGGT-1,1
AGGCCCATTGTACAGG-1,0
AGGCCCTAGAACGCCA-1,5
AGGCCTATCATACCAA-1,1
AGGCCTGAGAATCTCG-1,1
AGGCGATAACTGGCGT-1,1
AGGCGGTTTGTCCCGC-1,7
AGGCGTCTATGGACGG-1,8
AGGCTATGGTTAGCTT-1,3
AGGCTTAAGTTGCACA-1,2
AGGCTTCCCGAAGAAG-1,5
AGGCTTGCTAGACACC-1,0
AGGGAAACGAGGTACT-1,1
AGGGACAGCACGGCGG-1,8
AGGGACCGGCTGCGTT-1,7
AGGGACTCTACGCGAC-1,5
AGGGAGACATACTTCG-1,1
AGGGCAGCGGCGTGGT-1,8
AGGGCCCTAATGTTCT-1,8
AGGGCGAGCAGCTGAT-1,5
AGGGCGTGATCGGCTA-1,3
AGGGCTGCAGTTACAG-1,9
AGGGTCAGAGCACTCG-1,1
AGGGTCAGTAACCCTA-1,8
AGGGTCGATGCGAACT-1,5
AGGGTCTGGACGCAGT-1,6
AGGGTGCCGTTCTTTA-1,1
AGGGTGCTCTCGAGGG-1,4
AGGGTGGATAGTGCAT-1,1
AGGGTGTGCTACACGC-1,8
AGGGTTCAGACGGTCC-1,1
AGGGTTCCCTTTGGTT-1,9
AGGGTTTAGTTCGGGA-1,3
AGGTAACCTCCTATTC-1,3
AGGTACGATATTGCCA-1,8
AGGTAGATCGAGATAT-1,7
AGGTAGGTACAAAGCT-1,3
AGGTATAATTGATAGT-1,7
AGGTATGCGGACATTA-1,1
AGGTCAGGTGAGAGTG-1,5
AGGTCGCCACTTCGGT-1,8
AGGTCGCCTCCCAACA-1,1
AGGTCGCGGAGTTACT-1,1
AGGTGCACGTCCACAT-1,6
AGGTGGTGACCTTCGC-1,1
AGGTGTATCGCCATGA-1,3
AGGTGTTGCCGACCAC-1,6
AGGTTACACCATGCCG-1,1
AGGTTCTCCTTTCCGG-1,1
AGGTTGAGGCACGCTT-1,9
AGGTTTCACACACCTT-1,4
AGTAACGTTCATCCTG-1,8
AGTAACTATAGCAGCC-1,6
AGTAAGGGACAGAATC-1,2
AGTAATCTAAGGGTGG-1,6
AGTAATGTCTTGCCGC-1,9
AGTAATTTGCAAGCGT-1,1
AGTACAGAAGCTTATA-1,1
AGTACATCATTTATCA-1,1
AGTACCTTCGAGTGCT-1,8
AGTACGGCCCGTATCG-1,0
AGTACGGGCACCTGGC-1,0
AGTACGTGGCCTGTCT-1,8
AGTACTCTTATGCCCA-1,7
AGTAGAAGGCGCCTCA-1,1
AGTAGCGTGAACGAAC-1,2
AGTAGCTAGACGCCGA-1,8
AGTAGGAAGGAAGTTG-1,1
AGTAGGTAACATACAT-1,0
AGTATAATACTAGGCA-1,3
AGTATACACAGCGACA-1,1
AGTATCCATAATAACG-1,1
AGTATGCTGGAGACCA-1,5
AGTATTTGGCACGACC-1,5
AGTCAAATGATGTGAT-1,1
AGTCAACACCACCATC-1,9
AGTCAAGATGACACTT-1,5
AGTCACTAGCTCTCGA-1,1
AGTCACTCCGCCTCAT-1,1
AGTCAGCCACCGCCTG-1,3
AGTCCAGCGGGTACGT-1,8
AGTCCATTGGCTGATG-1,5
AGTCCCGCCTTTAATT-1,1
AGTCCCTCGCAGAAAG-1,8
AGTCGAAACGATTCAG-1,1
AGTCGAATTAGCGTAA-1,6
AGTCGACGGTCTCAAG-1,4
AGTCGGCCCAAACGAC-1,9
AGTCGGCTCAACTTTA-1,5
AGTCGGTTGCGTGAGA-1,1
AGTCGTATAAAGCAGA-1,1
AGTCGTCGACCACCAA-1,1
AGTCGTGGGCATTACG-1,5
AGTCTAAAGTATACTC-1,1
AGTCTCACAAGACTAC-1,5
AGTCTGGACATCCTTG-1,1
AGTCTTCTCCTCAAAT-1,9
AGTCTTTAAAGTGTCC-1,1
AGTGAACAAACTTCTC-1,5
AGTGAAGATGGTGTCC-1,8
AGTGACCTACTTTACG-1,4
AGTGACTGTGACACAA-1,1
AGTGAGACTTCCAGTA-1,4
AGTGAGCCTCGCCGCC-1,1
AGTGAGGGTTTCTGAC-1,8
AGTGAGTCGAATTAAC-1,1
AGTGATAACCTGCGCG-1,1
AGTGATATGAGTAGTT-1,4
AGTGATTCAAGCAGGA-1,9
AGTGCACGCTTAAGAA-1,1
AGTGCGTAGCTCGTAA-1,5
AGTGCTAAACACAGCA-1,1
AGTGCTTGCACGAATA-1,4
AGTGGCCCGCAAATGG-1,6
AGTGGCGGCAATTTGA-1,1
AGTGGCGTCTGAAGGT-1,1
AGTGGCTCCGTCGGCC-1,4
AGTGGGAGTATACACG-1,8
AGTGGTGTTACCCGTG-1,5
AGTGGTTGCGTATAGG-1,1
AGTGTATTGCGCATTG-1,1
AGTGTGCTAAGATCGC-1,1
AGTGTGGTCTATTGTG-1,3
AGTTAAACACTTGCGA-1,3
AGTTAAGCGGTCCCGG-1,1
AGTTAAGTCAACCGCT-1,5
AGTTACCCTTAAGACT-1,1
AGTTACCGCACATGGT-1,1
AGTTACTCTATCGTGG-1,1
AGTTATTCAGACTGTG-1,6
AGTTATTGAAAGGTAA-1,2
AGTTCACCGGTTGGAC-1,1
AGTTCCTACAGAATTA-1,3
AGTTCCTATTTATGTT-1,5
AGTTCTGCGTTGTATC-1,1
AGTTGACATCGGCTGG-1,1
AGTTGACGGTCCTTGC-1,1
AGTTGCGGTCCTCAAC-1,1
AGTTGCTGACTGATAT-1,1
AGTTGGCAAGGCTAGA-1,1
AGTTTATGTAAAGACA-1,1
AGTTTCGCAGGTCGGA-1,0
AGTTTGCACCTGCCTC-1,5
AGTTTGGCACGGGTTG-1,5
AGTTTGGCCAGACCTA-1,5
ATAAACCATTGGACGG-1,8
ATAAACGGACCCGTAA-1,4
ATAAACGTTGCACCAC-1,1
ATAAAGGCTCGGTCGT-1,3
ATAAAGGTCAAGTACG-1,8
ATAAATATTAGCAGCT-1,3
ATAACGCCGGAGGGTC-1,9
ATAACGGAGTCCAACG-1,9
ATAACGTTACCTCCAC-1,8
ATAAGCAAACACCGAG-1,8
ATAAGGTGGAGAACAT-1,5
ATAAGTACCCGATTGT-1,8
ATAAGTAGGATTCAGA-1,1
ATAAGTAGGGCGACTC-1,5
ATAAGTTACCGCGACG-1,4
ATAATACCGTTAGCCG-1,1
ATAATAGCTGTTGAAT-1,4
ATAATAGTGTAGGGAC-1,3
ATAATCTTGGAGAACC-1,7
ATAATTAGCTAAGTAG-1,1
ATACAGCGTCCACTGA-1,6
ATACAGGCCCTCCAAT-1,5
ATACCACGGGCAACTT-1,3
ATACCAGCAAATTGCT-1,8
ATACCAGGCTAATAGA-1,0
ATACCAGGTGAGCGAT-1,2
ATACCCTCCCGGCCAA-1,6
ATACCCTGGCTCAAAT-1,2
ATACCGTCATCCATAA-1,8
ATACCTAACCAAGAAA-1,5
ATACGAAGGCTTTCCA-1,1
ATACGACAGATGGGTA-1,2
ATACGAGGTTTGTAAG-1,6
ATACGCCGATCTACCG-1,2
ATACGCCGGCGAAACC-1,4
ATACGGAACGTCGTTT-1,5
ATACGGGTTTCGATTG-1,0
ATACGGTGAAGATGCA-1,1
ATACGTACTTAGCCAC-1,5
ATACGTCCACTCCTGT-1,5
ATACGTTATGCACGGA-1,5
ATACTACCCGTACCAC-1,1
ATACTAGCATGACCCT-1,3
ATACTCTCGCCACTCT-1,1
ATACTGCCTTACACCG-1,7
ATACTTGTTCTCGAGC-1,1
ATAGACAACGGGACCT-1,9
ATAGACGAAGAGAAAG-1,3
ATAGAGTACTGGGACA-1,3
ATAGAGTTATCAACTT-1,0
ATAGATTTGCAGTCGG-1,2
ATAGCAACTAGGGAAG-1,1
ATAGCCATAACAGTCA-1,6
ATAGCCTCAGTACCCA-1,1
ATAGCTGCTCTTGTTA-1,1
ATAGGAATCTAAGCTT-1,8
ATAGGCGGCTATAGAA-1,4
ATAGGCTAGCTTCGCA-1,1
ATAGGGATATCCTTGA-1,3
ATAGGTTGGGCAGATG-1,3
ATAGTCTTTGACGTGC-1,8
ATAGTGAAGCGTTCTC-1,4
ATAGTTCCACCCACTC-1,5
ATATAAAGCGCTCGTG-1,5
ATATAAATGTAGCTGC-1,5
ATATAACACGGGCGCA-1,1
ATATACATGTATGGTA-1,1
ATATACGCTCGTGACG-1,1
ATATAGAGTATTGGTC-1,1
ATATCAACCTACAGAG-1,5
ATATCAATTCCAGCCT-1,5
ATATCGGTAGGGAGAT-1,7
ATATCGTGCCAGACCC-1,8
ATATCGTTCCTCGAAC-1,7
ATATCTCCCTCGTTAA-1,1
ATATCTTAGGGCCTTC-1,9
ATATGGGATAGCAACT-1,1
ATATGTCTAGAGCGTG-1,6
ATATGTCTCCCTAGCC-1,4
ATATGTGCACAAACCA-1,8
ATATTATCCCGTATTT-1,8
ATATTCAGTTAAACCT-1,4
ATATTCCACATAGTGA-1,5
ATATTCCCACAGGTCA-1,9
ATATTGCTGTCAAAGT-1,3
ATATTGGAGAGGCCTT-1,1
ATATTTAACCCTCAAG-1,3
ATCAAACACTGTTCCA-1,1
ATCAAACGAAGGTTTG-1,5
ATCAAAGAGCCGTGGT-1,6
ATCAAGATCCCAGGAC-1,1
ATCAATCTGGGCTGCA-1,3
ATCAATGCCGTGGCTG-1,5
ATCACATTAGAATATC-1,1
ATCACGTGCTAATTAA-1,5
ATCACTTCATCCTCGC-1,3
ATCAGAAGCTGGTTGC-1,2
ATCAGACGGCACGCCG-1,4
ATCAGCCTCATGCTGC-1,7
ATCAGCTCGTCCACTA-1,5
ATCAGGTAGCTGACAG-1,1
ATCAGGTCGCCATTGC-1,8
ATCAGTAGGCAGGGAT-1,1
ATCATAGATCGACGAG-1,6
ATCATAGCCCTATGTA-1,1
ATCATCCAATATTTGT-1,5
ATCATCTGCCCAGTGT-1,2
ATCATGGACTACCGAC-1,1
ATCATTGTACCGCATT-1,1
ATCCAACGCAGTCATA-1,3
ATCCAATGGAGGGTCC-1,4
ATCCAATGGTACCGAA-1,1
ATCCACATCGACAGAA-1,7
ATCCACGCTAAATGTT-1,8
ATCCACTTTCAGACTA-1,8
ATCCAGAGCAACAACC-1,5
ATCCAGGATTCGTGAA-1,3
ATCCCATCCACAGCGC-1,7
ATCCCATTTCCGTGGG-1,1
ATCCGGACCAGCCTGA-1,6
ATCCTACCTAAGCTCT-1,4
ATCCTGAATCGCTGCG-1,9
ATCCTGCGTGGAATGG-1,4
ATCCTGCTGCAGATAG-1,1
ATCCTTCTGAAAGAAC-1,1
ATCGACCCAATACAGA-1,4
ATCGACTCTTTCCGTT-1,3
ATCGCACGATTGTTCA-1,1
ATCGCACGCCGGGAGA-1,9
ATCGCCAGTCAACATT-1,5
ATCGCCGTGGTTCATG-1,6
ATCGCTGCGTGCAGCA-1,1
ATCGCTTTACGTCTCA-1,1
ATCGGAGACAGACGGC-1,5
ATCGGCAAGCAGTCCA-1,1
ATCGGTTACCTAGTAA-1,1
ATCGTATTCCGAGAAC-1,1
ATCGTCCAATCGAGTC-1,1
ATCGTGGAAAGTCTGG-1,7
ATCGTTAGCTAGCGGA-1,1
ATCGTTCACTTTCGCC-1,8
ATCTAACGTCCCTATG-1,1
ATCTAATATCCTACGG-1,5
ATCTACCATCTGCTCC-1,1
ATCTAGCTTGTGAGGG-1,1
ATCTATCGATGATCAA-1,8
ATCTCATAAACCTACC-1,2
ATCTCCCACGGAATAT-1,1
ATCTCCCTGCAATCTA-1,3
ATCTCGTGAGCGAAAC-1,1
ATCTGACATGGAAGGA-1,7
ATCTGATAGTGTCTTA-1,1
ATCTGCACCTCTGCGA-1,1
ATCTGCTGTTATCGCC-1,1
ATCTGGGCTGTTCTTG-1,5
ATCTGGTTAAGACTGT-1,9
ATCTGTAATTGTACCC-1,0
ATCTTAGGGCATTAAT-1,1
ATCTTATCGCACACCC-1,1
ATCTTGACCTGCAACG-1,3
ATCTTGACTTGTCCAA-1,1
ATCTTTCGTATAACCA-1,1
ATGAAGCCAAGGAGCC-1,3
ATGAAGTGGACCCAGC-1,1
ATGACGCCGGCTCTAA-1,0
ATGACGCGTTCTATCC-1,5
ATGACTATCAGCTGTG-1,7
ATGACTATGCGACATT-1,5
ATGAGGAGTGTTAATC-1,3
ATGAGGGCAGCGGCTA-1,1
ATGATCGGGAATAGAC-1,0
ATGATGCAATGGTACA-1,4
ATGCACCTTCCTTAAT-1,1
ATGCACGCGCTGTTCA-1,5
ATGCACTACCGCATTG-1,3
ATGCATGATCCAGGAT-1,9
ATGCATTCCGTGATGG-1,8
ATGCCAATCGCTCTGC-1,8
ATGCCATTTGCGACCA-1,4
ATGCCGGTCTTGCATA-1,9
ATGCCGGTTGATGGGA-1,1
ATGCGACAATTGGTCC-1,8
ATGCGACAGTCCCATT-1,9
ATGCGAGTCCCACCAC-1,7
ATGCTCAGTGTTGCAT-1,3
ATGCTCTGGCGCGGTA-1,5
ATGCTTAGGAGTTGAT-1,1
ATGGAAATTTAAGGAG-1,5
ATGGAACAGAATAAAC-1,2
ATGGAACCTTTGCACA-1,1
ATGGACTGCTTAGTTG-1,6
ATGGAGCAGGCCGTGA-1,4
ATGGATCCGGCGTCCG-1,1
ATGGATTGACCAAACG-1,3
ATGGCAGCATTACGAT-1,1
ATGGCAGCCGAGAAAC-1,1
ATGGCCCGAAAGGTTA-1,6
ATGGCGGAATAGTCGC-1,1
ATGGCTGGAAATGGCC-1,8
ATGGGAACGGAAGCGG-1,8
ATGGGACCTGCTGAAC-1,7
ATGGGCCTCGGCCTCT-1,4
ATGGGTGTATACCTCC-1,1
ATGGTATTGGGAACCG-1,6
ATGGTATTTACTGATT-1,1
ATGGTCGCGTGGTTTC-1,5
ATGGTGCTCAAAGCCA-1,2
ATGGTTACGAAACATG-1,8
ATGTAAGGCTGCTCTT-1,1
ATGTACATGCGGTGAG-1,1
ATGTACGATGACGTCG-1,1
ATGTAGCGCGCGTAGG-1,1
ATGTCATAATAAACGA-1,2
ATGTCATTTCCCATTG-1,1
ATGTCTTGTTTGACTC-1,6
ATGTGAAAGCCTAATG-1,5
ATGTGCATCCGACGCA-1,3
ATGTGGACATCTTGAT-1,5
ATGTGTAGTTTAGTCA-1,8
ATGTTACGAGCAATAC-1,3
ATGTTCCTGCCCACCT-1,1
ATGTTCGTCGACCCAC-1,0
ATGTTGATTAGAGACT-1,1
ATGTTGTAGTCTGTTT-1,1
ATGTTTCGGCCCGGAG-1,1
ATGTTTGTAAGATCAT-1,2
ATTAAACATGCGGACC-1,4
ATTAAAGCGGACGAGC-1,2
ATTAACACCTGAGATA-1,1
ATTAATACTACGCGGG-1,9
ATTAATGAACCAGTCG-1,9
ATTAATTCGGTCACTC-1,0
ATTACAACTACCGGCC-1,8
ATTACATGTCAGTCTT-1,1
ATTACCACACTGCCTG-1,1
ATTACGACTCCACAGT-1,8
ATTACGCGCTGGCAGG-1,3
ATTACGGGCTACGGTT-1,1
ATTACTAGCCTCTTGC-1,3
ATTACTTACTGGGCAT-1,1
ATTAGATTCCTCAGCA-1,1
ATTAGATTGATAGCGG-1,3
ATTAGGCGATGCTTTC-1,4
ATTATACTTTGCTCGT-1,1
ATTATAGCTACTTTAC-1,1
ATTATCGGAATGTACG-1,1
ATTATCTCGACAGATC-1,8
ATTATGAGACCCAATT-1,1
ATTATGCCATAGGGAG-1,3
ATTATGCTCAGTATTG-1,8
ATTATTATGTCCGTCA-1,5
ATTATTCAGAGTCACT-1,1
ATTCAAAGTACCTGTT-1,1
ATTCAACCATTTAAGG-1,1
ATTCACTGATGTTGGA-1,5
ATTCAGATGAATCCCT-1,2
ATTCAGGACCTATTTC-1,1
ATTCAGGATCGCCTCT-1,2
ATTCAGTAGCAGGGTC-1,3
ATTCATATACTGTCCA-1,4
ATTCATCGTTGAGGCA-1,1
ATTCCCACATAAACAA-1,3
ATTCCCGAAGGTACAG-1,1
ATTCCTAAGACGTGGA-1,8
ATTCCTCCGCCAGTGC-1,3
ATTCCTTCCAGGCGGT-1,1
ATTCGACGCCGGGCCT-1,3
ATTCGCAGAGGACACT-1,8
ATTCGCGCCTTGAGAG-1,1
ATTCGTCCCGAGGTTA-1,6
ATTCGTGCTATCTCTT-1,1
ATTCGTGTACCCATTC-1,2
ATTCGTTTATCGTATT-1,6
ATTCTCGTCTCTTTAG-1,0
ATTCTGAGTATGAACT-1,8
ATTCTTCGTACTTATG-1,8
ATTGAAGATCTTAGTG-1,3
ATTGAATTCCCTGTAG-1,6
ATTGACCGGCGATGAC-1,8
ATTGACGTAACTCGGT-1,8
ATTGATAGCAACGAGA-1,1
ATTGATCACCACATTT-1,5
ATTGATGAGTCCTAAC-1,7
ATTGCCTATTAGACCG-1,1
ATTGCCTTTATGTTTG-1,1
ATTGCGATCAGTAACT-1,1
ATTGCTGCTCCTCCAT-1,3
ATTGGATTACAGCGTA-1,3
ATTGGGAATATCTTGG-1,0
ATTGGGAGTTCTGTAA-1,8
ATTGGTAGGATCCGCT-1,1
ATTGGTTGTGCATTAC-1,6
ATTGTACAACTCGGCT-1,5
ATTGTCGCAATACCTT-1,1
ATTGTCTGTTTCATGT-1,1
ATTGTGACTTCGCTGC-1,8
ATTGTTCAACGATCCG-1,1
ATTTAACTCGTATTAC-1,0
ATTTACAGTTTACTGG-1,3
ATTTACTAAGTCCATT-1,1
ATTTATACTGGTAAAG-1,6
ATTTCATTATTTCGCG-1,1
ATTTCCGGGTTCTGCG-1,5
ATTTGCCTAGTTACGA-1,2
ATTTGCGCGAGTAGCT-1,5
ATTTGGAGATTGCGGT-1,7
ATTTGTCTTGGGAGCT-1,4
ATTTGTTCCAGGGCTC-1,9
CAAACCAGGTCTGCAT-1,1
CAAACCATAAGCGTAT-1,2
CAAACCCTCCGGCGGG-1,1
CAAACGAGTATCGCAG-1,4
CAAACGGTCGCACTTT-1,3
CAAACGTGGTCTTGCG-1,8
CAAACTACGATAGAGA-1,8
CAAACTATTGAGCTTC-1,8
CAAACTCGCGACGCCG-1,7
CAAAGATTATTGGGCC-1,5
CAAAGGTCATCTGAAA-1,1
CAAAGGTTAAATTCAG-1,8
CAAAGTCAGGTTAGCT-1,1
CAAATCTCTCACAAGG-1,4
CAAATGCGGAGTGTTC-1,2
CAAATGTCCTTCCGTG-1,4
CAAATTGGATTATGCC-1,1
CAAATTGTCAGCAAGC-1,0
CAACACATCTCCTGCC-1,1
CAACAGAATAACGCTA-1,2
CAACAGTGCCAAACGG-1,2
CAACATGGCCTGATAA-1,8
CAACCAGTGGCCTACC-1,1
CAACCGCACCTAGACA-1,1
CAACCTACCGAGCAGT-1,1
CAACCTGAACCTGCCA-1,1
CAACGACCCGTTTACA-1,3
CAACGAGCTTATTATG-1,6
CAACGATCGATCCAAT-1,1
CAACGCGATGAGCCAA-1,6
CAACGGTTCTTGATAC-1,3
CAACGTGGTGGAGTCT-1,1
CAACTATATCGAATGC-1,1
CAACTCCAACGTTTAG-1,8
CAACTCCGTAACTTGC-1,8
CAACTCCTTGATCCCG-1,3
CAACTGAGGGTATGAC-1,8
CAACTGCTCATCCGAT-1,5
CAACTTGTAGTGGGCA-1,1
CAAGAAACCCTAAACT-1,8
CAAGACTCAGAAGCGC-1,1
CAAGAGGGCGGAGTAC-1,5
CAAGATATTATAACGT-1,4
CAAGCAACGTCGGAGT-1,9
CAAGCACCAAATGCCT-1,9
CAAGCGGCACATAATT-1,5
CAAGGATCGCATGTTC-1,4
CAAGGCCAGTGGTGCA-1,1
CAAGGGAGTGTATTTG-1,2
CAAGGTCCTATAGGCT-1,1
CAAGTAAGTGATAGAC-1,1
CAAGTCGTTGAAATCT-1,6
CAAGTGAACTTTGGTT-1,8
CAAGTGTGGTTGCAAA-1,4
CAATAAACCTTGGCCC-1,9
CAATACGAGAGTCTGA-1,1
CAATACGCTCTGAGGC-1,0
CAATATGTAGATTTAC-1,8
CAATATTCTTGACCTA-1,5
CAATATTGGACTAGTG-1,1
CAATCCATTATCCGTT-1,2
CAATCCCTATACCAGC-1,8
CAATCCTGCCGTGGAG-1,0
CAATGACCCTTAATTT-1,6
CAATGAGGTTCGACTA-1,1
CAATGCGAGAAGTATC-1,5
CAATGGAATCTACATA-1,8
CAATGGATCTCTACCA-1,9
CAATGGTCGGCCTGGG-1,8
CAATGTGCCAACCCTT-1,1
CAATTAAGGGTGATGA-1,3
CAATTGGGCCGCACTC-1,5
CAATTTCGTATAAGGG-1,4
CAATTTGACCGGGAAG-1,1
CACAAACCGCAGAACT-1,6
CACAAGAAAGATATTA-1,8
CACAAGCTAAGAAAGG-1,1
CACAATGAGCTGCTAT-1,4
CACACACGCTAACGAG-1,3
CACACAGCTTGCGCTC-1,1
CACACAGGGATAGATT-1,3
CACACGCGCTGTCTTA-1,4
CACACGTTTCAATGGG-1,8
CACACTTGTATTGCGA-1,8
CACAGAGACGAGGACG-1,1
CACAGCACCCACGGCA-1,3
CACAGCTAGGGAGTGA-1,3
CACAGGGCCATATAGT-1,1
CACAGGGCCGTTGTCA-1,5
CACAGTCCCGCTTCGC-1,1
CACAGTTCGCTTCCCA-1,1
CACATAAGGCGACCGT-1,2
CACATATTAGCAGGAT-1,5
CACATCGTGCACGCGC-1,5
CACATCTCACCGACGA-1,5
CACATGATTCAGCAAC-1,4
CACATGTTTGGACATG-1,1
CACATTCTTTCGATGG-1,1
CACATTTCTTGTCAGA-1,7
CACCAATCATCCGTCT-1,5
CACCACGCCACACAGA-1,1
CACCAGTCAGCATGCA-1,5
CACCATCGGAGGAGAC-1,0
CACCATGATCGCAAAG-1,8
CACCCAAATCTTATGT-1,5
CACCCACACGTCACCC-1,3
CACCCACGAGGCAATT-1,1
CACCCGCGTTTGACAC-1,6
CACCCGGTTTGTGACT-1,5
CACCCTAACAAGATCT-1,5
CACCCTTGGTGAGACC-1,5
CACCCTTTCCTCGCTC-1,1
CACCGATACACCGAGC-1,8
CACCGATGATGGGTAC-1,6
CACCGCCAGAAGGTTT-1,9
CACCGCCGACCAGCGA-1,8
CACCGCGTCCACTCTA-1,8
CACCGGAGATATCTCC-1,8
CACCGGGCATCACAAG-1,6
CACCGGTAGAGACATT-1,1
CACCGTATCCCATCCG-1,1
CACCGTTAGGGATCAC-1,5
CACCGTTGCGCGATAT-1,5
CACCTAATAGAGTCGT-1,9
CACCTAATCAGTTTAC-1,3
CACCTCGATGGTGGAC-1,0
CACCTCTACGAGTGTG-1,2
CACCTTGCGAAACTCG-1,0
CACCTTGGCGCCTTTG-1,5
CACGAAAGTTAGTCCC-1,3
CACGACCACAGACTTT-1,2
CACGACGTAATAGTAA-1,8
CACGACTAAAGTTCTG-1,8
CACGAGCAAACCAGAC-1,6
CACGATTGGTCGTTAA-1,2
CACGCACAGCGCAGCT-1,9
CACGCAGCGAGGCTTT-1,9
CACGCGGAACTGTTGC-1,5
CACGGACGTGGATGGC-1,8
CACGGCGCGCCAAAGG-1,8
CACGGGATTGAGGGTT-1,1
CACGTCAATCAATGGA-1,1
CACGTCGGCAACCTCT-1,5
CACGTCGGGTTCTAGA-1,1
CACGTCTATGATGTGG-1,8
CACGTTCGTGCTCTAG-1,9
CACGTTTCGTACACAC-1,7
CACTAAAGTTGCCTAT-1,3
CACTACGGGAGCTGCC-1,1
CACTACTCAGTTCTGT-1,8
CACTCAAGAGCTATGG-1,4
CACTCAGCTCTTGAGG-1,8
CACTCCTATGTAAGAT-1,5
CACTCCTCTCGGTCGG-1,1
CACTCGAGCTGAACAA-1,5
CACTCGGTTAGGAGGA-1,0
CACTCTCAAGCATCGA-1,1
CACTCTTCTGCTAGCC-1,1
CACTGACGATTGTGGA-1,1
CACTGTCCAAGTGAGA-1,3
CACTTAATCAGACGGA-1,3
CACTTCGCCACAGGCT-1,3
CACTTCGTCTTATCTC-1,1
CAGAACTTAGCCCTCT-1,5
CAGAATAACACACGGA-1,1
CAGAATATTCGTTATC-1,1
CAGACACCGATCGCTG-1,5
CAGACCTGTAAGTGTT-1,1
CAGACGAACCTGATAC-1,5
CAGAGACGGTCACCCA-1,5
CAGAGCATGAGCTTGC-1,9
CAGAGCGATGGATGCT-1,6
CAGAGGCGATGCATGA-1,5
CAGAGTGATTTAACGT-1,8
CAGATAATGGGCGGGT-1,1
CAGATACTAACATAGT-1,3
CAGATATGAAGATGAC-1,1
CAGATCATTTAAAGTC-1,1
CAGATCCTGGTTTGAA-1,5
CAGATGTTTGTCCCAA-1,5
CAGCAGCCCGTTCCTT-1,9
CAGCAGTCCAGACTAT-1,7
CAGCAGTCTGTGCTGC-1,7
CAGCCCTCACAGGCAG-1,8
CAGCCGGGCCCTCTAT-1,8
CAGCCTCCTGCAGAGG-1,9
CAGCCTCGATAGCGGT-1,1
CAGCCTCTCCTCAAGA-1,1
CAGCGATTCCCTTCAA-1,5
CAGCGCCAACACGATA-1,1
CAGCTCACTGAGACAT-1,3
CAGCTCGACAAGTTAA-1,9
CAGCTCGTGCTTGTGT-1,9
CAGCTCTGGGCTCACT-1,6
CAGCTGGCGTAACCGT-1,5
CAGCTTAGTAGGTAGC-1,3
CAGGAAGACTTTATAT-1,8
CAGGACAGCTGCCCTT-1,1
CAGGATATATCGTTGT-1,4
CAGGATCCGCCCGACC-1,2
CAGGCAGTCTTACCAG-1,1
CAGGCCAGTACCACCT-1,6
CAGGCCGTTTGGGTGT-1,3
CAGGCGCACGGTGGTC-1,5
CAGGCGCCATGCTAGG-1,5
CAGGGAGATAGGCCAG-1,6
CAGGGCTAACGAAACC-1,2
CAGGTTTAGTACTACA-1,8
CAGTAACTATTTATTG-1,1
CAGTAAGGGACGTCTC-1,1
CAGTAATCCCTCCCAG-1,3
CAGTACATTCTCTAAA-1,1
CAGTACCAGTTTACGT-1,5
CAGTAGATGATGTCCG-1,1
CAGTAGCCCACGCGGT-1,1
CAGTAGCGAGGTAGTA-1,1
CAGTCCAACGCCTTCT-1,8
CAGTCGAGGATGCAAT-1,1
CAGTCGGCCTAGATAT-1,7
CAGTCTCTCGGCTAAT-1,1
CAGTCTGTATACTGGG-1,5
CAGTGAATAAATGACT-1,9
CAGTGGTTGCACATGA-1,0
CAGTGTCCGCAGAATG-1,3
CAGTGTCGGCTGGCCC-1,5
CAGTGTTAATCTCTCA-1,1
CAGTTCAAATTGACAC-1,3
CAGTTCCGCGGGTCGA-1,3
CAGTTCGAGGACCCGA-1,1
CATAACGGACAGTCGT-1,4
CATAAGAAGCTTGGCT-1,5
CATAAGCTCTCCGTCT-1,5
CATAATGAGCGGGCGA-1,1
CATACAAAGCCGAACC-1,3
CATACACAAAGTCAGC-1,1
CATACACGGTTCCCAC-1,5
CATACCCGTACCCAGT-1,3
CATACGAACTAGCTGG-1,1
CATACGGCGTCTGGGC-1,4
CATACGGGTGCATGAT-1,8
CATACTATGTAATTGT-1,3
CATACTTAGGCAATAC-1,1
CATACTTCTTTCTCCG-1,1
CATAGAGGAGATACTA-1,1
CATAGCCGCCCGGGAT-1,3
CATAGCGTTGCCCACC-1,5
CATAGGGACACTTGTG-1,6
CATAGTACATTGAGAG-1,1
CATAGTAGCATAGTAG-1,3
CATAGTCAAATACATA-1,1
CATAGTCCACAAGAAC-1,4
CATAGTGGGCACGCCT-1,6
CATATACTACTGATAA-1,1
CATATAGGTACAGTCA-1,4
CATATGTCAGGCTACG-1,5
CATATTATTTGCCCTA-1,8
CATCAAACTGGCGCCC-1,8
CATCAACACCTACTAA-1,1
CATCATCTACCCGGAC-1,8
CATCATTACCCTGAGG-1,7
CATCCAATATAGTTTG-1,1
CATCCCGAGATTCATA-1,6
CATCCGCAGGCCCGAA-1,1
CATCCTCTCAAAGATC-1,7
CATCGAATGGATCTCT-1,8
CATCGCCCGCGGCCAA-1,9
CATCGGACGGGTTAAT-1,4
CATCGTCCGGTTACTA-1,1
CATCTACCCGAGAACG-1,8
CATCTAGTGAAGGGAA-1,1
CATCTATCCCGTGTCT-1,1
CATCTGCAGGATCATT-1,1
CATCTTACACCACCTC-1,5
CATGAACCGACATTTG-1,0
CATGAACCTCTTATCA-1,8
CATGACTTCGCTGAAT-1,5
CATGAGATGCACTCTC-1,5
CATGAGTCCATCACGG-1,6
CATGATACGGTGAAAC-1,6
CATGATCGCTTTGAGA-1,1
CATGATGCACAATTCT-1,3
CATGATGGAAGTTAGC-1,5
CATGCACATGAGAGGC-1,6
CATGCACGTGTTACTG-1,8
CATGCATGGAGACCCT-1,8
CATGCCAACTCGCAAA-1,4
CATGCGACCAGTTTAA-1,1
CATGCGTTAGACAGAA-1,0
CATGCGTTGAGAGGAG-1,6
CATGCTGGCTCCAATT-1,0
CATGGAAATGGGACCA-1,8
CATGGATTGTCTTCCG-1,0
CATGGCAGGAAGATCG-1,0
CATGGCTCCCTATGTC-1,1
CATGGGTATGCCTTAT-1,5
CATGGGTCGGGTGTGG-1,1
CATGGTAAGTAGCGTT-1,5
CATGGTATTAGTTTGT-1,5
CATGGTCTAGATACCG-1,9
CATGGTTTATTAATCA-1,1
CATGTAAGAGACATTT-1,5
CATGTAGGAGCGCCAA-1,8
CATGTCTCATTTATGG-1,5
CATGTGGGCTCATCAC-1,6
CATTACATAGATTGTG-1,1
CATTACGCAGGAAGGG-1,6
CATTACGTCGGCCCGT-1,9
CATTATAACAGGGTCC-1,2
CATTATCCCATTAACG-1,1
CATTATGCTTGTTGTG-1,9
CATTCACTGACAGCTA-1,8
CATTCAGGTCAGTGCG-1,1
CATTCCCATTCCGTCG-1,1
CATTCCCTAAGTACAA-1,1
CATTCGTCGTAGCGGT-1,1
CATTGATGAACACGCC-1,8
CATTGCAAAGCATAAT-1,2
CATTGCGAAATGGGCG-1,0
CATTGCGGGTCAATTC-1,1
CATTGTGTGCTAGATC-1,1
CATTTAGCGGACCATG-1,9
CATTTATCGTTCAAGA-1,8
CATTTCTAGCAGACTA-1,9
CATTTGAGTGGTACGT-1,5
CCAAACAGAACCCTCG-1,3
CCAAAGCAGTTGGTTG-1,1
CCAAAGTCCCGCTAAC-1,8
CCAAATAACAAGATTC-1,1
CCAAATCAAAGGGCAA-1,6
CCAACCTTATGTAACT-1,1
CCAACGATGCACTGAT-1,3
CCAACGCTTGCCAGGG-1,8
CCAACTTGATAGATCC-1,1
CCAAGAAAGTGGGCGA-1,5
CCAAGACTTCTGCGAA-1,9
CCAAGCGTAACTCGTA-1,9
CCAAGCTTGATCTCCT-1,2
CCAAGGAACAGAGAGG-1,3
CCAAGGTTGCCCTTTC-1,1
CCAAGTTTCTACAGAT-1,1
CCAATAGATTTCATCT-1,1
CCAATAGTGCCGTCGA-1,3
CCAATCGGTAGATCGA-1,1
CCAATGTCACAGCAAG-1,3
CCAATTACGGGTCGAG-1,1
CCAATTGAATGTTAAT-1,3
CCACAATGTACGTCTT-1,9
CCACACTGAGATATTA-1,3
CCACAGCTGAAATCAT-1,1
CCACAGTACCCATCCT-1,5
CCACATACTGCACCCA-1,1
CCACATGGCTCTTTAT-1,5
CCACCAACTTTACTGT-1,5
CCACCCAAGGAAAGTG-1,4
CCACCTGTATGGAATA-1,1
CCACGAATTTAACCTC-1,7
CCACGAGAAGAGAATC-1,1
CCACGGAGCCATAAGA-1,5
CCACGGCAGGTGTAGG-1,6
CCACGGTGCCCGGTAG-1,7
CCACGTAAATTAGACT-1,1
CCACTAAACTGAATCG-1,8
CCACTATCCGGGTCAC-1,1
CCACTCAGATCCGCAA-1,6
CCACTGGTGGCTGGTT-1,9
CCACTGTTTGGATTAA-1,1
CCACTTTCCTTCTAGG-1,2
CCAGAAACTGATGCGA-1,6
CCAGAAAGCAACTCAT-1,5
CCAGAGACAAAGCCGG-1,3
CCAGATAGTTGAGTGA-1,9
CCAGATGTAAATGGGT-1,8
CCAGCCTGGACCAATA-1,4
CCAGCGGGATCACCAG-1,1
CCAGCTACGCCTCATA-1,1
CCAGCTCGAACGCATT-1,5
CCAGCTGATGGTACTT-1,9
CCAGCTTCCGCCCGCA-1,0
CCAGGCGAGATGGTCT-1,6
CCAGGCTGGCGTCTGA-1,1
CCAGGGACGTGGCCTC-1,3
CCAGTAGTCTGATCCA-1,9
CCAGTCAAATCTCTTA-1,5
CCAGTCCATTATTCGA-1,1
CCAGTCTAGACGGCGC-1,0
CCAGTCTTGTCATAGA-1,5
CCAGTGAGCTCCTTGT-1,2
CCAGTGTACAGACCGA-1,6
CCAGTTCGGTAACTCA-1,6
CCATAAACAACCCGAC-1,1
CCATAACCTGTGCAGT-1,5
CCATACCTTTACTTGT-1,1
CCATACTCGCCTCTCC-1,1
CCATAGAGGCTGCCAG-1,7
CCATAGGTTGGCGTGG-1,9
CCATAGTCAGTAACCC-1,1
CCATATGGAAACTATA-1,7
CCATATTGGATCATGA-1,1
CCATCATAAGAACAGG-1,2
CCATCCATACCAAGTC-1,9
CCATCGCAGTTAAACT-1,5
CCATCTCACCAGTGAA-1,5
CCATCTTGTTCACAAT-1,1
CCATGCCCTAGATTTC-1,3
CCATGCCTGTTTAGTA-1,3
CCATGCTCTGCAGGAA-1,9
CCATGGCAAACGCTCA-1,6
CCATGGCCCTTGTACC-1,3
CCATGTTCATCTATAT-1,1
CCATTAGCGATAATCC-1,9
CCATTCCCTGCCCACA-1,9
CCATTGTTTCCTCCAT-1,1
CCATTTCTACCTATTA-1,5
CCCAAACATGCTGCTC-1,4
CCCAACATACGTCGCG-1,4
CCCAACCACACTAACA-1,8
CCCAAGAATGCACGGT-1,2
CCCAAGACAGAGTATG-1,8
CCCAAGTCATTACACT-1,1
CCCAATGAGATTTGCA-1,5
CCCAATTTCACAACTT-1,3
CCCACTCCACGGTATC-1,5
CCCAGAGGAGGGCGTA-1,1
CCCAGATTCCCGTGAC-1,6
CCCAGGAAGAATTCGA-1,6
CCCAGGTCTGAAGGCT-1,1
CCCAGTAAACTTGGGA-1,5
CCCAGTTAAGGCGCCG-1,4
CCCATATAGGTCGATT-1,1
CCCATTATTGTATCCT-1,6
CCCGAAGTTTCGCGAA-1,5
CCCGACCATAGTCCGC-1,0
CCCGAGTTTCTCCGTA-1,1
CCCGATAGCCTCGCCT-1,1
CCCGCAAATAATCATC-1,2
CCCGCAGCGCGAACTA-1,5
CCCGCAGGGCCCAAAG-1,8
CCCGCCATGCTCCCGT-1,3
CCCGCGCAATGCACCC-1,3
CCCGCTAGAGGGTTAA-1,2
CCCGCTTGCCCTCGTC-1,2
CCCGGCACGTGTCAGG-1,6
CCCGGCTAGGTGAGAA-1,1
CCCGGGTCGTTCAGGG-1,1
CCCGGTGGAAGAACCT-1,3
CCCGGTGTATCGGAAT-1,5
CCCGTAAGTCTAGGCC-1,3
CCCGTAGCTGGGAAGA-1,7
CCCGTCAGCGTCTGAC-1,3
CCCGTGACAGTGCCTT-1,2
CCCGTGAGGGCGGTGA-1,7
CCCGTGGGTTAATTGA-1,8
CCCGTTTCGCAGATGT-1,1
CCCTACCCACACCCAG-1,6
CCCTACTTGAACAATG-1,1
CCCTAGCTCTAAGGTC-1,2
CCCTAGGCAACAAGAG-1,5
CCCTAGTGTCAGGTGT-1,1
CCCTATGTAGAGCAGA-1,5
CCCTCAAGCTCTTAGT-1,1
CCCTCAGATCGAGAAC-1,6
CCCTCATCACAGAGTA-1,2
CCCTCATTCTGGAATT-1,3
CCCTCCTCGCTCGTAT-1,1
CCCTCGATAATACACA-1,1
CCCTCGGGAGCCTTGT-1,2
CCCTGAAATGAGTTGA-1,3
CCCTGACTAACAAATT-1,4
CCCTGATGTAACTCGT-1,1
CCCTGCCCAATCCGCT-1,4
CCCTGCGCTACGCATA-1,3
CCCTGGCTGTTCCTTC-1,5
CCCTGGGAGGGATCCT-1,6
CCCTGGTATGGGCGGC-1,8
CCCTGTTGGCAAAGAC-1,1
CCCTTCTCGTACGCGA-1,2
CCCTTTAATGGAGTTC-1,1
CCCTTTGACAGGTCTT-1,5
CCGAAACACGACCTCT-1,6
CCGAAAGTGGTGAGCA-1,9
CCGAACACTGGGCCTC-1,5
CCGAACCTTCCCGGCC-1,5
CCGAAGCATTGACCAA-1,7
CCGAAGGGCGTACCGC-1,1
CCGAAGTATATTGTTC-1,3
CCGACAAACACATGAG-1,1
CCGACAAAGGGAGTGC-1,3
CCGACAATAGGCCGCC-1,1
CCGACGGGCATGAGGT-1,5
CCGACGTAAACACAAC-1,8
CCGACTCGCATAGTCT-1,8
CCGAGAAGTCGCATAA-1,1
CCGAGCTGTGCTTGTC-1,8
CCGAGGGATGTTAGGC-1,8
CCGATATGACGTAAGG-1,1
CCGATCTCAACCTTAT-1,5
CCGATCTTAAGAGGCT-1,8
CCGATTCGAGGGACCC-1,9
CCGATTGGTCAATGAA-1,2
CCGCACAAAGACCAAC-1,9
CCGCACACGAACGTGT-1,1
CCGCACGTGACCTCGG-1,3
CCGCACTTGCAATGAC-1,1
CCGCATGTGGTACGAT-1,5
CCGCCACCACAATCCA-1,8
CCGCCGGAACTTCTCG-1,5
CCGCCGGTCAACACAC-1,0
CCGCCGTTGAGGATAA-1,1
CCGCCTGCGAATTGGT-1,1
CCGCCTTGCGATGTCG-1,5
CCGCGATTTGGTAGGT-1,0
CCGCGCAAGATACCCA-1,7
CCGCGGAATGCGTCAC-1,5
CCGCGGGTACGAAGAA-1,3
CCGCGTAGGTAAGGGC-1,3
CCGCTATCAGCACCAG-1,4
CCGCTCCAGGGCGATC-1,1
CCGCTCCGGATAAGCT-1,6
CCGCTCTTCCGAACTA-1,1
CCGCTGGTGCCATTCA-1,8
CCGCTTACCTCACTCT-1,5
CCGCTTCGCGGTTAAC-1,2
CCGCTTGCTGACATGG-1,1
CCGGAAGTGCAATATG-1,6
CCGGAAGTTATCAGTC-1,1
CCGGAATGGTTTCAGT-1,3
CCGGAGCGTACTTTCT-1,4
CCGGAGGTCTTATGGT-1,8
CCGGCACGACCGTTTC-1,7
CCGGCCGCGAGCATAT-1,7
CCGGCGCATATTGGAT-1,0
CCGGCGTGAGACTCTG-1,5
CCGGGACCCGCAGAGA-1,9
CCGGGCGGTCTCGTCA-1,9
CCGGGCTAAGAATTTC-1,1
CCGGGCTGCTCCATAC-1,4
CCGGGTTCGAGGTTAC-1,3
CCGGTAATGGCTAGTC-1,1
CCGGTATCTGGCGACT-1,2
CCGGTGCGAGTGATAG-1,1
CCGGTTTGTAATTGTG-1,5
CCGTAAGTTGGTCCCA-1,9
CCGTACCCAAGCGCCA-1,3
CCGTAGGAAATCCCTG-1,1
CCGTAGGGTTGTTTAC-1,1
CCGTATCTCGTCGTAG-1,5
CCGTATTAGCGCAGTT-1,8
CCGTCAACCTCTGGCG-1,1
CCGTGAGGCATTCATG-1,1
CCGTGCCCATGACGGC-1,9
CCGTGGAACGATCCAA-1,1
CCGTGTTAAATTCCAT-1,5
CCGTTACGTTAGAACA-1,1
CCGTTCCGAATCTCGG-1,4
CCGTTTCCTTTCCGTG-1,6
CCTAAACAGGGTCCGT-1,2
CCTAAAGGCTGACGCT-1,1
CCTAAATTAACGGTTC-1,4
CCTAAATTGTATCCTA-1,1
CCTAACCCAAACAAGT-1,5
CCTAACTAAGGCTCTA-1,1
CCTAAGTGTCTAACCG-1,2
CCTACAAGTCCGGAAT-1,8
CCTACAGTTGAGGGAG-1,2
CCTACATTCACAGACG-1,5
CCTACGCGACCTTACA-1,8
CCTACGGCTCAGTCGA-1,3
CCTACTCAACACGATT-1,1
CCTACTGCGGCGGCCA-1,8
CCTACTGCTTACACTT-1,3
CCTAGGCGTAGCGATC-1,4
CCTAGGTAAAGGTAGC-1,5
CCTAGTTAGTCGCATG-1,1
CCTATAATGAGTGCCC-1,5
CCTATACCGTCCTGTC-1,5
CCTATATCGTGTCACG-1,7
CCTATATTTGTCCTGG-1,5
CCTATCTATATCGGAA-1,1
CCTATGAAGTGGTGCC-1,7
CCTATGGCTCCTAGTG-1,1
CCTATGGGTTACCGTC-1,3
CCTATGGTCAAAGCTG-1,1
CCTATGTCCACTCCAC-1,1
CCTATTATTCCGGCCG-1,1
CCTCAACGATCGCTGT-1,1
CCTCACCAATCTTGAC-1,3
CCTCACCTGAGGGAGC-1,8
CCTCACCTTAGCATCG-1,1
CCTCACGTCAGCTAAT-1,1
CCTCATGCAGCTACGA-1,0
CCTCCCGACAATCCCT-1,1
CCTCCGACAATTCAAG-1,9
CCTCCTAGCTAGAGTC-1,1
CCTCCTGAGCCCACAT-1,1
CCTCCTGTTGTGTCGT-1,1
CCTCGAAGTGGACGGG-1,0
CCTCGACCCACTGCCT-1,8
CCTCGCCAGCAAATTA-1,1
CCTCGCGCGATATAGG-1,1
CCTCGCGCTGTGCGAT-1,4
CCTCGGACCGGGATAG-1,4
CCTCGGATGCTACCTG-1,1
CCTCGGTTTCCTTGCC-1,1
CCTCGTTACGCCTGTT-1,8
CCTCTAATCTGCCAAG-1,9
CCTCTACAAGGATTGG-1,1
CCTCTATCGATTAGCA-1,5
CCTCTCTCCCATCTAG-1,9
CCTCTGGCCTAGACGG-1,1
CCTCTGTACTATTCTA-1,5
CCTGAACGATATATTC-1,4
CCTGAATATTTACATA-1,9
CCTGACAAACTCGCGC-1,1
CCTGACCACCGATGGT-1,4
CCTGACGCAACCTTTA-1,8
CCTGAGAATAAATGCA-1,6
CCTGATTCGCGAAGAA-1,6
CCTGCCCGTTGTCTAG-1,1
CCTGCGATAGAACTGT-1,1
CCTGCGTTCTACGCTT-1,3
CCTGCTACAACCATAC-1,2
CCTGCTATTTGAGAAG-1,3
CCTGGAAACGTTCTGC-1,1
CCTGGCTAGACCCGCC-1,3
CCTGGTCGAATGTGGG-1,5
CCTGTAAGACATGATA-1,3
CCTGTACTCACGCCCA-1,4
CCTGTCACCCGGGCTC-1,3
CCTGTCCCTCACGTTA-1,1
CCTGTCGCCCGTAAAT-1,4
CCTGTCGTGTATGAAG-1,1
CCTGTGAAACCGTAAC-1,1
CCTGTGCATAGGAGAC-1,1
CCTGTGCGGATTGTAA-1,8
CCTGTTCAACCTCGGG-1,1
CCTGTTTGAAGACACG-1,1
CCTTAAGTACGCAATT-1,6
CCTTCAGTTAAAGTGA-1,5
CCTTCCGCAACGCTGC-1,6
CCTTCGTATAGAATCC-1,1
CCTTCTCAGCGTTCCT-1,5
CCTTCTTGATCCAGTG-1,1
CCTTGACCACTTTATT-1,1
CCTTGTGAACGTGGTT-1,6
CCTTTAAGGGAGCACT-1,5
CCTTTCAATGAAGAAA-1,1
CCTTTGAATTATGGCT-1,5
CGAAACATAGATGGCA-1,8
CGAAACGCAATTCATG-1,3
CGAACAGTATGGGCGT-1,7
CGAACATAGTCAGAAA-1,8
CGAACCCGCATGCGTC-1,5
CGAACCTCTTTCCTAG-1,6
CGAACGCCCAGTGCCG-1,1
CGAACGGCCGGACAAC-1,5
CGAAGACGGTGAGTGC-1,1
CGAAGACTGCCCGGGA-1,2
CGAAGATCAGTTTCAT-1,6
CGAAGCCACAGCATGG-1,6
CGAAGCTATAAATTCA-1,1
CGAAGGGTTTCAGATT-1,1
CGAAGTTGCTCTGTGT-1,9
CGAATCTGCTCGACGC-1,7
CGAATGAAGTCATTGC-1,7
CGAATGACGCATAATG-1,7
CGAATGGTAGGTCGTC-1,6
CGAATTACATGGTGTT-1,2
CGAATTCCCGGTTCAA-1,1
CGACAATTTGATCTAA-1,5
CGACACCGCTTAAGGA-1,8
CGACACGCTCCGACAG-1,5
CGACACGGATGCCCAC-1,1
CGACAGTTCGCGTTAT-1,3
CGACATGCGATCTTCT-1,8
CGACCCTTAACGCCGG-1,5
CGACCGTTGGTATTCG-1,6
CGACCTACTAGACAAT-1,1
CGACGCATCCGTACCT-1,5
CGACTCAGGATGTTAT-1,1
CGACTCGGTACACGGT-1,8
CGACTTGCCGGGAAAT-1,2
CGACTTTGTATAGCCT-1,1
CGAGACCCTAGAGTGT-1,4
CGAGACTACTGCTGCT-1,6
CGAGAGATGTGAACCT-1,9
CGAGAGCGCGTAGATA-1,5
CGAGAGCTTTCACTAC-1,1
CGAGAGGGTAGCCGCG-1,1
CGAGATGTTGCCTATA-1,2
CGAGATTTCGCTCGGG-1,1
CGAGCACTTCAAGTTT-1,3
CGAGCCGAGCACTCGA-1,1
CGAGCGTTGATCAGCC-1,0
CGAGCTGGGCTTTAGG-1,0
CGAGGAGCTTCCATAT-1,1
CGAGGATCGGGAACGA-1,1
CGAGGCCAGGCATTGG-1,1
CGAGGCTAAATATGGC-1,9
CGAGGGACTGCGGTCG-1,4
CGAGGGTATCCAGGTG-1,1
CGAGTACTAAAGAGGA-1,4
CGAGTGAAGGTACCAG-1,5
CGAGTGCTATAGTTCG-1,0
CGAGTTCTGTCCCACC-1,9
CGAGTTTATCGGACTG-1,4
CGATAACCAATTTGAG-1,8
CGATAATACTCAGGTT-1,1
CGATACCTCGCGGACA-1,3
CGATAGCGATACAGTG-1,1
CGATAGTCGTACTGCA-1,1
CGATATTAGCCGCAGG-1,1
CGATCATTAGAGGCAC-1,8
CGATCCACCATTGTTG-1,1
CGATCCGACCCAGTGC-1,3
CGATCCTCGCAACATA-1,1
CGATCGAGAAGCACCA-1,6
CGATCTGTTGGAGGAC-1,5
CGATGGACCCTACGCC-1,1
CGATGTTGTTATCTAC-1,5
CGATTAAATATCTCCT-1,4
CGATTCGCCTGGCTGC-1,5
CGATTTGTCATTAATG-1,6
CGCAAACACGAGTTAC-1,3
CGCAATCGATCATTAG-1,1
CGCAATTACTTTCGGT-1,3
CGCAATTAGGGTAATA-1,3
CGCAATTCTACAATAA-1,3
CGCACATGTCCACTAC-1,4
CGCACGTCTGTTTATG-1,1
CGCACGTGCGCTATCA-1,5
CGCAGAAACATTTGCG-1,1
CGCAGATCTTCACCCG-1,1
CGCAGGCGATCCAAAC-1,1
CGCAGTTCTATCTTTC-1,6
CGCATCATGGCTTCAG-1,8
CGCATCCATCAGCCAG-1,1
CGCATGCCGAATGCGT-1,1
CGCATGGTGCGATGCT-1,4
CGCATTAGCTAATAGG-1,9
CGCCAAGAAGCCGAGT-1,4
CGCCAATTATTGCGTT-1,8
CGCCACAGGTCGCGAT-1,5
CGCCACCCGCATTAAC-1,1
CGCCAGTAGTACCTTG-1,6
CGCCATCCGATTATGA-1,9
CGCCCAGCACGCCTAG-1,5
CGCCCAGCGTTTCACG-1,1
CGCCCGCTTCCGTACA-1,1
CGCCCTAATTGTTCAA-1,1
CGCCCTTACATCCACC-1,2
CGCCCTTGAAGGCTGA-1,9
CGCCGACTATTCGCTA-1,1
CGCCGCCCATGCCTGT-1,4
CGCCGCGTTCTGAACG-1,6
CGCCGGTGTCGCAGTA-1,1
CGCCGTCTACCCATCG-1,1
CGCCGTTCAGCATAGT-1,1
CGCCTCCCTCCTCTAT-1,4
CGCCTGGCCTACGTAA-1,4
CGCCTTTAGCATGCTC-1,1
CGCGAAGTGGCATACT-1,1
CGCGACACTGCGCAGC-1,1
CGCGACCGCGACAGAT-1,7
CGCGAGAGGGACTTGT-1,8
CGCGAGTCTGCCGGGT-1,5
CGCGCAAATGTCCAGA-1,5
CGCGCAAGGAACTACA-1,1
CGCGCATGTTTGATTG-1,5
CGCGCCCGACTTAATA-1,0
CGCGGCAGTATTACGG-1,1
CGCGGCTCAACTTGAA-1,5
CGCGGGAATTAGGCAG-1,9
CGCGGGAATTCCTTTC-1,1
CGCGGTAAGTCTAGCT-1,1
CGCGGTACGGTATACA-1,1
CGCGGTCACAAACCAA-1,1
CGCGTACATTCTGGAA-1,8
CGCGTCATATTAAACC-1,2
CGCGTGCTATCAACGA-1,2
CGCGTGGGCCTGTGTT-1,1
CGCGTTCATGAAATAC-1,3
CGCTACCGCCCTATGA-1,2
CGCTACGGGACATTTA-1,3
CGCTAGAGACCGCTGC-1,5
CGCTATACCGCCCACT-1,3
CGCTATCGTGGCTTTA-1,8
CGCTATTCAATGTATG-1,3
CGCTATTCTTAGGCTC-1,4
CGCTCGACATAATGAT-1,9
CGCTCTCCGTAGATTA-1,9
CGCTGAGGACGTCCAA-1,1
CGCTGGTGACTACCCT-1,5
CGCTGTGACGCCGCAC-1,3
CGCTGTGTGGATGTTG-1,5
CGCTTAGTATTGATAC-1,1
CGCTTATTCCCGGTCG-1,4
CGCTTCCACTGAAATC-1,3
CGCTTCGGTCTAAGAC-1,1
CGCTTGGACGGATAGA-1,1
CGCTTTCATACCGGTG-1,9
CGCTTTCCGCCAAGGT-1,1
CGCTTTCTTGCATTCG-1,9
CGGAAAGAATCAAACG-1,5
CGGAAAGCAAATGTGC-1,1
CGGAAATTTCACATCC-1,8
CGGAACGTAAACATAG-1,5
CGGACCTCTGTAGTTA-1,6
CGGACCTTTACGTCCC-1,1
CGGACGTTACTTGAAG-1,5
CGGAGCAATTTAATCG-1,5
CGGAGCATGGCGATCC-1,4
CGGAGCTTATAACACC-1,8
CGGAGTCCTAACCTGG-1,2
CGGAGTTTGAGAGACA-1,9
CGGATAAGCGGACATG-1,1
CGGATCCTCAAGGACT-1,7
CGGATGAATGCTGTGA-1,1
CGGATTCTGCCTTATG-1,2
CGGCAAACATCGTGCG-1,5
CGGCAATAAGATCGCC-1,1
CGGCACCGTTAGCGCC-1,8
CGGCACTCAAGAAAGT-1,0
CGGCAGGGTCGGGTTG-1,4
CGGCCACGCACAAAGT-1,9
CGGCCAGAGCGACCAT-1,1
CGGCCCAACCTGTAGT-1,1
CGGCCCAGGTATATCC-1,5
CGGCGCCATCAATCCC-1,1
CGGCTCTAAAGCTGCA-1,1
CGGCTCTTCGTCGAAC-1,8
CGGCTGAAGGTTACGC-1,2
CGGCTGCAAGATTAAG-1,8
CGGCTTTGTATGATAA-1,1
CGGGAACGCCCTGCAT-1,6
CGGGAAGTACCGTGGC-1,1
CGGGAATATAGTATAC-1,5
CGGGAATTTATGTAAA-1,4
CGGGAGCTTCAGTGTA-1,5
CGGGAGTATACCGCCG-1,1
CGGGATCAATGTAAGA-1,3
CGGGCAGCTAAACCGC-1,3
CGGGCCATAGCCGCAC-1,1
CGGGCCTTCTTTGTAA-1,4
CGGGCGATGGATCACG-1,1
CGGGCTACTTAAATTG-1,8
CGGGTGTACCCATTTA-1,9
CGGGTTCGGCACGTAT-1,8
CGGGTTGTAGCTTTGG-1,8
CGGGTTTGTTAGGGCT-1,1
CGGTAACAAGATACAT-1,2
CGGTACGGCAAACCCA-1,1
CGGTACTAGAATCAAA-1,4
CGGTAGAGGTGCAGGT-1,1
CGGTATAGGTATTAGC-1,8
CGGTATGGGCACTCTG-1,6
CGGTCAAGTGGGAACC-1,0
CGGTCAGTCCATATTT-1,1
CGGTCCATGAGACTCC-1,8
CGGTCCGTCGCAAGCC-1,5
CGGTCTATCAACCCGT-1,8
CGGTGAAGACTAAAGT-1,3
CGGTGCAGATAGAACG-1,4
CGGTGCGCGTTGGTCC-1,5
CGGTGGGCTCCAGCCT-1,1
CGGTGTACTTGATCCC-1,3
CGGTTATCCAACAGTG-1,0
CGGTTCAAGTAGGTGT-1,1
CGGTTCCGGCTTCTTG-1,1
CGGTTGACCTGGCATA-1,3
CGGTTGAGTATCCTTC-1,1
CGGTTGGGCAGGGTCC-1,1
CGGTTGGGTTCAAGTT-1,8
CGGTTTACTGAACATT-1,1
CGGTTTATGAAGGAAC-1,8
CGTAAACGCTTGAGTG-1,1
CGTAAAGCAAGAAATC-1,1
CGTAAATAACAAAGGG-1,6
CGTAACGGAACGATCA-1,2
CGTAACTTCGACACTT-1,1
CGTAATAATTACGAGT-1,1
CGTAATATGGCCCTTG-1,2
CGTACCGAAAGTCTAG-1,1
CGTACCTGATAGGCCT-1,3
CGTAGAGAGTAATTAT-1,1
CGTAGCGAATTGTCAG-1,1
CGTAGCGCCGACGTTG-1,1
CGTATCTAGAACTAAG-1,6
CGTATTAAGAGATCTA-1,3
CGTATTGTTTCCTAAT-1,8
CGTATTGTTTGGCGCC-1,6
CGTCAAATGGTCGCAG-1,8
CGTCAAGGCTATAAAT-1,1
CGTCAATCTTTAACAT-1,1
CGTCACGTCCATTGGT-1,4
CGTCAGCTATTTACTC-1,1
CGTCAGTGCGCACAAG-1,0
CGTCAGTTTATCGTCT-1,2
CGTCATACCATATCCA-1,0
CGTCCAGATGGCTCCA-1,1
CGTCCTCATCGCGTGC-1,6
CGTCGCATGTGAGCCA-1,1
CGTCGCGGCGGGATTT-1,1
CGTCGCTTGGTTATAC-1,7
CGTCGGATAGTGTTGA-1,4
CGTCGGGTCTAAGCGC-1,5
CGTCGTCCTTCGCGAA-1,5
CGTCTCTCGCCGAGGC-1,1
CGTCTGGAAGGGCCCG-1,9
CGTCTTGAGTGTGACG-1,1
CGTGAACTGACCCGAT-1,6
CGTGAAGTTAATTCAC-1,4
CGTGACATTGGGTCGT-1,1
CGTGACCAGTCCTCTG-1,5
CGTGCACACCACTGTA-1,6
CGTGCAGACTGGGACA-1,4
CGTGCATTGTCGACGC-1,3
CGTGCCCGACATTTGT-1,2
CGTGCCCTCCCGAAGA-1,4
CGTGCTGGCCTAGTCG-1,1
CGTGCTTCTACCTAAA-1,7
CGTGGAAGCCTCGTAC-1,1
CGTGGCCGAATATCTA-1,5
CGTGGTACCCAAAGGC-1,1
CGTGTATGGGAGCTGA-1,1
CGTGTCCCATTCGCGA-1,3
CGTGTCTCGTTACGAC-1,5
CGTGTGTTAAACCCTG-1,1
CGTTAAACTAGTTAGG-1,1
CGTTAAATACGACCAG-1,6
CGTTAATGTCCCGACG-1,1
CGTTAGCTCACAACTG-1,1
CGTTATCATACTTCCA-1,1
CGTTCAAGGAAACGGA-1,1
CGTTCAGACCCGCGAA-1,1
CGTTCATGGTGCGCGT-1,5
CGTTCTTCGCACACCT-1,1
CGTTGAATACCGCGCT-1,5
CGTTGAGCGACCGTCG-1,5
CGTTGAGTAATTGCGT-1,8
CGTTGCCCGCGTGGGA-1,1
CGTTGTAAACGTCAGG-1,1
CGTTGTAAGATTGATT-1,1
CGTTGTCGGCAATTGA-1,1
CGTTGTTTCAATTCCC-1,3
CGTTTAAGCGGAGCAC-1,0
CGTTTACAAGGCAGCT-1,8
CGTTTCACTTCGGGCG-1,1
CGTTTCGCTCATTACA-1,3
CGTTTCGGTTATATGC-1,6
CGTTTGGTGTTGTGGG-1,1
CGTTTGTGTAGAGGGT-1,5
CTAAACGGGTGTAATC-1,8
CTAAAGAATGCCTACT-1,3
CTAAAGGATGAGATAC-1,2
CTAAAGGGAAATAGGA-1,4
CTAAAGTCCGAAGCTA-1,1
CTAAATCCGGTGTACA-1,5
CTAAATCCTATTCCGG-1,9
CTAACAGCACAATAAC-1,1
CTAACCGCGCGCCCGT-1,9
CTAACGAAACTTGCTG-1,4
CTAACTGATAATCGCC-1,1
CTAACTGGTCCGGTTC-1,5
CTAAGGGAATGATTGG-1,5
CTAAGTACAGGGCTAC-1,8
CTAATGCGCCCAACAA-1,8
CTAATTATGAAGCGTA-1,8
CTAATTCGCACGCGCT-1,3
CTAATTCTCAGATATT-1,1
CTAATTTCAACAACAC-1,3
CTACAAGAAATAACCC-1,5
CTACACTAGCTTGTTC-1,1
CTACACTCGCAGATGG-1,1
CTACATATCGCGGGAC-1,1
CTACCCTAAGGTCATA-1,4
CTACGAACTAGGTCGA-1,8
CTACGACTAGCTATAA-1,9
CTACGATCCTATCCTA-1,1
CTACGCACGGAGTACC-1,3
CTACGCCATTTCCGAT-1,8
CTACGTGTTGCCACCA-1,1
CTACTATCATAGGTTT-1,5
CTACTATCTTTCAGAG-1,4
CTACTCAAGGTATAGT-1,5
CTACTCTAGGCCCGGC-1,3
CTACTGCCACCTGACC-1,3
CTAGACATATATGTAG-1,8
CTAGACTGCATTTCGT-1,8
CTAGATAAACTCCTCG-1,1
CTAGATGTGAGTGTAA-1,1
CTAGATTTACGACGGC-1,4
CTAGCAACTAATTTAC-1,2
CTAGCATAGTATAATG-1,9
CTAGCCACAGGCGAGC-1,1
CTAGCCCGGGAGACGA-1,2
CTAGCCGATGTTATGA-1,1
CTAGCGCCAATCCTAC-1,2
CTAGCTTAATGGTCCC-1,1
CTAGGCGCCCTATCAG-1,5
CTAGGCGGCAGAGAAT-1,1
CTAGGGATAGGGACAA-1,1
CTAGGTCTGAAGGAAT-1,5
CTAGGTTCGGACGTGA-1,5
CTAGTAGAAAGGGATT-1,1
CTAGTATTCGGAATTA-1,1
CTAGTCACGTCTTAAG-1,4
CTAGTGAAGGACAGGA-1,9
CTAGTTACAACCCGGT-1,5
CTAGTTGGGCCCGGTA-1,9
CTATAAGAGCCAATCG-1,1
CTATAAGTAGGGTTTG-1,6
CTATACTTAAAGCGAG-1,1
CTATAGGCGTTGATGT-1,7
CTATATCCAGCCTGGC-1,1
CTATCACAACGCTGGA-1,6
CTATCGACGAAATACA-1,0
CTATCGCGTAGAGAAC-1,1
CTATCGGGTCTCAACA-1,4
CTATGAACACCTTGCC-1,6
CTATGCCCGAATGCAA-1,7
CTATGGGAAGCGGAAT-1,3
CTATGTCACTAGCCCA-1,3
CTATGTCTATTGAAAC-1,0
CTATGTGAGTCACGGC-1,5
CTATTCATGTGTCCCA-1,5
CTATTGTGTTTGGTCA-1,8
CTATTTGCTTGGAGGA-1,1
CTATTTGGTTACGGAT-1,4
CTCAAACCACTGCCCG-1,1
CTCAACTAACCCGGAT-1,1
CTCAAGACATTAGCGC-1,8
CTCACACGCAAGCCTA-1,8
CTCACATTTACTAAAT-1,7
CTCACCAGTACAAGTG-1,1
CTCACCGATCCAAACT-1,8
CTCACTGTGATACTTA-1,7
CTCACTTGGCTGGTAA-1,9
CTCAGAGCTAATGTCG-1,6
CTCAGATTGTGATAAG-1,7
CTCAGCAGACTGCCGA-1,2
CTCAGGACTCACCTGT-1,9
CTCAGTCACGACAAAT-1,1
CTCATAAATGTGTATA-1,6
CTCATCACTTAGTGAT-1,1
CTCATGGCTCACAATC-1,0
CTCATGGTAATTTGCG-1,5
CTCATTAACGTTGCCC-1,1
CTCATTCGTGAACATC-1,1
CTCATTGCTCTAACAA-1,7
CTCATTTGATGGGCGG-1,3
CTCCCAATGAGTCGCG-1,1
CTCCCTCCTTTCGATC-1,5
CTCCCTTGTATCAAGG-1,6
CTCCGAGTAAATCCGC-1,2
CTCCGCCCACATGAGG-1,4
CTCCGGCCTAATATGC-1,9
CTCCGGCTTGTAGACA-1,1
CTCCTAAGTTATGTCT-1,9
CTCCTAGTAATCGTGA-1,6
CTCCTCCAGCTCACAC-1,5
CTCCTGTTCAAGGCAG-1,1
CTCCTTTACGCAAGTC-1,1
CTCGAATGGAACGTAT-1,8
CTCGAGACATACGATA-1,5
CTCGAGATCCAAAGCA-1,1
CTCGAGGCAAGTTTCA-1,6
CTCGAGGTCGAACAGT-1,3
CTCGATATTTGCGAGC-1,1
CTCGCACCTATATAGT-1,9
CTCGCATTGCATAGCC-1,7
CTCGCCGAATGTAGGG-1,5
CTCGCTAGGTAAGCGA-1,6
CTCGGGATAACACCTA-1,1
CTCGGGCATCGTCGGG-1,2
CTCGGGTTCTCTGGCC-1,7
CTCGGTACCACTGCTC-1,4
CTCGGTCCGTAGCCTG-1,3
CTCGGTTGTCGGCCCT-1,5
CTCGTCGAGGGCTCAT-1,5
CTCGTCTGTGCCTTCG-1,1
CTCGTGGCACTGAAAG-1,6
CTCGTTACGGCTACCA-1,1
CTCGTTTCTAATGTTT-1,1
CTCTAACACCGGCAGC-1,6
CTCTAATGCATTGATC-1,1
CTCTACACTGGCGATT-1,5
CTCTACATCCTGCGTG-1,1
CTCTAGCCCTCGGAAA-1,1
CTCTATTTGGCTGCAG-1,4
CTCTCACAATCGATGA-1,9
CTCTCGATGTGCGCCT-1,8
CTCTCGCTGTACTATG-1,1
CTCTCTAACTGCCTAG-1,5
CTCTGCAGGCATTCTT-1,6
CTCTGCGAAGCAAGCA-1,0
CTCTGGACGCCTGGTG-1,3
CTCTGTCCATGCACCA-1,6
CTCTGTGCCTGCTATG-1,2
CTCTGTTTGAGGATTC-1,1
CTCTTCTATTGACTGG-1,5
CTCTTCTGGAAGTTAG-1,7
CTCTTGTCCCGCTTGG-1,5
CTGAAACGGCCCTCAG-1,8
CTGAAAGAGATCCGAC-1,9
CTGAATCCGAGACCTC-1,4
CTGAATTTATTGCCAG-1,1
CTGACATAGAAATAGA-1,1
CTGACTGCGCAGCTCG-1,1
CTGAGAAAGTTCGGCG-1,1
CTGAGAGTAGAAATAC-1,8
CTGAGCAAGTAACAAG-1,3
CTGAGCGAGACTTATT-1,1
CTGATAGTGTATCTCA-1,3
CTGATCCCTTTATGCA-1,6
CTGCAAATGGGCTCCA-1,2
CTGCAAGCACGTTCCG-1,1
CTGCACAACTACATAT-1,5
CTGCACCTAGTCCACA-1,1
CTGCACCTGGAACCGC-1,3
CTGCACTCCAGTACAG-1,5
CTGCAGAGAATCAGAG-1,1
CTGCAGGGTGACGCTC-1,6
CTGCAGGTGCTCGGCC-1,8
CTGCCAAGGTTGGAAG-1,0
CTGCCATGCATCACAT-1,4
CTGCCCACGAAGCGTT-1,1
CTGCCTAGCCACCAAG-1,8
CTGCCTCATATGCAAC-1,1
CTGCCTTTAATACCTT-1,1
CTGCCTTTCTAGTAAA-1,1
CTGCGACCTCGCCGAA-1,1
CTGCGATTTCGAGATT-1,1
CTGCGGGTGAAATGTT-1,3
CTGCGGTAGTCACGTG-1,8
CTGCGTTACGATATAA-1,1
CTGCTCTCAACACACC-1,6
CTGCTCTGACGGCAAA-1,6
CTGCTGAGGCCACGAA-1,5
CTGCTGTCTAACGAGC-1,1
CTGCTTGGCGATAGCT-1,5
CTGCTTTATGTCCGCG-1,1
CTGGAAATGGATGCTT-1,3
CTGGAAGACACGGTGG-1,5
CTGGACGCAGTCCGGC-1,5
CTGGATTTACACTTGA-1,5
CTGGCATCCGAATGAG-1,5
CTGGCGACATAAGTCC-1,8
CTGGCGATTTACATGT-1,6
CTGGCGCACAGGTCTG-1,4
CTGGCGGGAATAAGTA-1,3
CTGGCTCCTGCGGGAT-1,1
CTGGCTGATTCATCCT-1,5
CTGGCTGCTAACGTAA-1,1
CTGGCTGGTTGTCAGT-1,5
CTGGGATAAATAATGG-1,4
CTGGGATACGCTACCC-1,1
CTGGGATCGCCCAGAT-1,2
CTGGGCACTAGTCGGA-1,2
CTGGGCCTGCTATATC-1,4
CTGGGCGGCCAAATGT-1,2
CTGGGCTACTGGAGAG-1,6
CTGGGCTATCCTTTGG-1,8
CTGGGTAGGCAGTTAA-1,4
CTGGGTTGAGTTAAAG-1,5
CTGGTAAAGACTTACA-1,6
CTGGTAAAGTGTGGGC-1,1
CTGGTAACACATAGAA-1,4
CTGGTAACGAGCTCTT-1,0
CTGGTCATTCCAATCC-1,1
CTGGTCCTAACTTGGC-1,8
CTGGTGAATGGGCCTA-1,1
CTGGTTCAACGCATCA-1,1
CTGGTTCGCGAGCTAC-1,1
CTGGTTTCGAGCAAGA-1,4
CTGTACTTCTTAGCAT-1,3
CTGTAGCCATCTCACT-1,5
CTGTAGTGAGGATCGA-1,1
CTGTATGGTGTAGAAA-1,3
CTGTCAAATGGCTCGG-1,0
CTGTCACGCCAGGCGC-1,8
CTGTCCTGCGCACTAC-1,6
CTGTCTGTGGCTGGCT-1,8
CTGTGCAGGGTAGGTC-1,4
CTGTGGTCGGGAGATA-1,5
CTGTTACCCAATCTAG-1,4
CTGTTCACTGCCTGTG-1,3
CTGTTCATCTCACGGG-1,3
CTGTTGGCTCTTCTGA-1,1
CTGTTGTTCAGTCGTA-1,1
CTTAAATAAGACCCAT-1,1
CTTAACTTACAGTATA-1,6
CTTAACTTCGAAGTAC-1,1
CTTAAGCAGCGAGCCG-1,5
CTTAATCGACTTAGTA-1,6
CTTACACGGTATTCCA-1,9
CTTACACTGGGAAATA-1,3
CTTACATAGATTTCTT-1,6
CTTACTGACTCCTCTG-1,6
CTTAGATGTTTCATCC-1,6
CTTAGCCCGGATAGTG-1,1
CTTAGCCTTCCACATG-1,0
CTTAGGTATAGACCAG-1,7
CTTAGGTCCCAATCGT-1,1
CTTAGTAGGCCTACAG-1,1
CTTAGTGTAGTAGCAT-1,7
CTTAGTTGAGGAATCG-1,1
CTTATAGATGGCTGTT-1,1
CTTATGCGCTCAGGGC-1,5
CTTATGTTGACTACCA-1,9
CTTCAACTCCACTTGG-1,5
CTTCACGCCCTGGTAC-1,6
CTTCAGTGGTCGCCTA-1,5
CTTCAGTTGGACAACG-1,6
CTTCATAGCTCAAGAA-1,3
CTTCATCACCAGGGCT-1,2
CTTCATTGTCAGTGGA-1,4
CTTCCGCTCCGTGAAG-1,5
CTTCCTGCATATTTAC-1,8
CTTCGATTGCGCAAGC-1,1
CTTCGGCCAATTGTTT-1,1
CTTCGTAGATAGGTGA-1,3
CTTCGTGCCCGCATCG-1,2
CTTCTATGTTGAAGTA-1,5
CTTCTATTAATGCTAG-1,5
CTTCTGGGCGTACCTA-1,1
CTTCTTACGTCGTATA-1,0
CTTGACCCGAAAGATA-1,0
CTTGAGGTTATCCCGA-1,0
CTTGAGTTAGGGTAAT-1,5
CTTGATGACCATCCAG-1,1
CTTGCAACCGCCTCCT-1,4
CTTGCCCACCCACGCA-1,1
CTTGCCCAGGCTCTAC-1,4
CTTGGCCAAGCTGGGA-1,5
CTTGTACTTGTTGACT-1,3
CTTGTCAACATTCGAG-1,5
CTTGTCGTACGTGTCA-1,2
CTTGTGAGGACAGCGG-1,1
CTTGTGAGTCTTTGAC-1,0
CTTGTGCTCACCGATT-1,1
CTTGTTGCTGAGTCAA-1,4
CTTGTTTATGTAGCCA-1,3
CTTTAACTTTCAAAGG-1,9
CTTTAATATTGGTCGA-1,5
CTTTACCGAATAGTAG-1,5
CTTTAGGAACACTGTT-1,4
CTTTAGTGCTATTATT-1,4
CTTTATCCGACGCATG-1,2
CTTTCTGTGCGGGCTT-1,5
CTTTGAAACATATTCC-1,2
CTTTGACGTCGCTTCT-1,1
CTTTGCATCGCTCTTG-1,1
CTTTGCTGTCATGGAT-1,1
CTTTGGCAGACAGAGT-1,8
CTTTGGCGCTTTATAC-1,1
CTTTGGCTTTAGTAAA-1,9
CTTTGGGATTGTTGCA-1,5
CTTTGTCGAATGCTCC-1,5
GAAACAGATGACCACC-1,4
GAAACAGCCATGCAGT-1,0
GAAACATAGGAAACAG-1,5
GAAACCATGGTGCGCT-1,1
GAAACCGAATTACCTT-1,4
GAAACCTATACAAATG-1,5
GAAACTCGTGCGATGC-1,3
GAAACTCTAATGAAGG-1,1
GAAAGAACAGCGTTAT-1,5
GAAAGCAGTGCACTTT-1,4
GAAAGCCCTTTGGACC-1,3
GAAAGTGACTAACTGC-1,3
GAAATACCTGCTGGCT-1,8
GAAATACTAAACGTTT-1,0
GAAATATCACCATCAG-1,3
GAAATATGCTTGAATG-1,8
GAAATCGCGCGCAACT-1,9
GAAATCTGACCAAGTT-1,1
GAAATGGCGGTGTTAG-1,3
GAAATGGGATGTAAAC-1,1
GAAATTAGCACGGATA-1,1
GAAATTCACATCGCTG-1,0
GAAATTGTCTCTATAA-1,4
GAACAACTGGGATGAA-1,1
GAACACACATCAACCA-1,3
GAACAGATTACTAAAT-1,5
GAACATTAGTATGTTA-1,8
GAACCATCTGGGAGAC-1,8
GAACCCTCTGTGTTCT-1,5
GAACCTCGACCTACAC-1,5
GAACCTTTAACGATCC-1,7
GAACGACCGAATGATA-1,9
GAACGATAAGTTAAAG-1,1
GAACGCGGGTCACACG-1,1
GAACGGTGTAAAGCAG-1,8
GAACGTCTCATGGTCG-1,9
GAACGTTAGGAAGACG-1,9
GAACGTTTGTATCCAC-1,2
GAACTGTGGAGAGACA-1,1
GAACTTAGCGCCCGGT-1,8
GAACTTGTGCACGGGA-1,8
GAAGAAACGATATTGT-1,5
GAAGAACGGTGCAGGT-1,3
GAAGACTTCAATGCCG-1,8
GAAGCAAGGCAATGTT-1,2
GAAGCCACTGATTATG-1,1
GAAGCCGGGTAAGCTC-1,1
GAAGCCTGCACATTCC-1,5
GAAGCGTGAGGAATTT-1,3
GAAGCTCGGACCCGTC-1,5
GAAGCTCTTTGCTTAG-1,1
GAAGCTTGCTGACCGC-1,3
GAAGGACTAAATTGAA-1,8
GAAGGAGTCGAGTGCG-1,1
GAAGGCTACCATTGTT-1,1
GAAGGGCATAACCATG-1,1
GAAGGGTCATTAAGAC-1,6
GAAGTCAGTTGCACTA-1,5
GAAGTCTCCCTAGCGA-1,4
GAAGTGATTTATCGTG-1,3
GAAGTGCTGGATAGCT-1,0
GAAGTTTCCACTCAAT-1,3
GAATAGACGCGACCCA-1,4
GAATAGCATTTAGGGT-1,1
GAATAGCCCTGCGGTC-1,8
GAATAGTGCTCGATTA-1,5
GAATATTCGGAGTCCC-1,8
GAATCGACATGGTCAC-1,0
GAATCGCCGGACACGG-1,9
GAATCTATACTCGGAC-1,2
GAATCTGAACATTCTC-1,4
GAATGAAGGTCTTCAG-1,8
GAATGCCGAAATGACC-1,1
GAATGCGAATCGGTTC-1,7
GAATGGGCTTATCGAC-1,7
GAATGTATGGCAGGTC-1,1
GAATGTGGTCCGGATT-1,4
GAATGTTGGGTAATCT-1,9
GAATTATAGTGAAAGG-1,9
GAATTATGCAACCTAC-1,2
GAATTCACCCGGGTGT-1,4
GAATTTCTCGCTGCAG-1,3
GACAAACATATGCAGG-1,5
GACAACGACCATTGAA-1,9
GACAACGCAGCTTACG-1,3
GACAAGACGCCCGTGC-1,6
GACAAGAGATGAGATT-1,1
GACACAAGGGAAGAAA-1,9
GACACAGCCGGGACTG-1,6
GACACCCAAAGACGCG-1,6
GACACGAGTTAGAGGA-1,3
GACACTGAGTTCAGTG-1,4
GACACTGGAACCCGAT-1,1
GACACTTCCAATTACC-1,1
GACAGAGGTCTTCAGT-1,2
GACAGATTTCTGGCTC-1,5
GACAGCCAGACCTGAC-1,4
GACAGGCACACACTAT-1,9
GACAGGTAATCCGTGT-1,6
GACATACTGTCGCAGA-1,1
GACATCCGTCGAACTG-1,1
GACATCGATTTATAAC-1,5
GACATTTCGCCCAGCC-1,6
GACCAAACGTTGACTG-1,1
GACCACACTTCCCTTT-1,1
GACCAGAGCCCTGTAG-1,3
GACCAGGTCATTCATA-1,8
GACCCAATTATGATAC-1,5
GACCCGTCGCCGGCTA-1,1
GACCGACCGCTAATAT-1,2
GACCGACGTGAAAGCA-1,7
GACCGACTGAAGCGTC-1,9
GACCGATTAAATATGT-1,1
GACCGCGTCTGACGTG-1,1
GACCGGTGATACTCTC-1,6
GACCGTCAGGTCGTGA-1,8
GACCGTGCTGACGGTG-1,4
GACCGTTACATGCGAC-1,1
GACCTGGTCTGGGCGT-1,1
GACCTTCCACGTCTAC-1,1
GACGACGATCCGCGTT-1,5
GACGACTTTCCAAGAA-1,2
GACGAGGCTAATAAAC-1,1
GACGATATCACTGGGT-1,6
GACGCATACCCGTCGG-1,1
GACGCCGTAAAGGCTA-1,5
GACGCCTGTTGCAGGG-1,0
GACGCTTGCTTCTAAA-1,3
GACGGACCGCGTTCCT-1,8
GACGGGATGTCTTATG-1,2
GACGGGCATCGAATTT-1,6
GACGGGTTGGCCCGTA-1,5
GACGGTCAATAGAAGC-1,3
GACGGTCCTAGGGTGT-1,1
GACGTGAGACTCCATG-1,1
GACGTGTAGGGATTAT-1,3
GACGTTCGTAAATACA-1,1
GACGTTGCTCGGCGGC-1,6
GACTAACACAGCACCT-1,8
GACTAAGATCATGCAC-1,3
GACTAAGTAGGCTCAC-1,9
GACTACAAAGCGGTGG-1,5
GACTACAATTGCTCGT-1,8
GACTAGGCCGTTAGGT-1,1
GACTCACCCACGTGAG-1,5
GACTCCCAGAATAAGG-1,1
GACTCCTTCCAATTGA-1,5
GACTCGCGGGAATGAC-1,3
GACTCGGTCGGCGGAT-1,8
GACTCTAGAGTTCCAA-1,6
GACTGATTGGTCACAA-1,8
GACTGCAAATCGAGCT-1,5
GACTGCACCAGCCCAG-1,5
GACTGCGGCACGTGTA-1,1
GACTGCTGGTGAGAAA-1,1
GACTGGGCGCCGCAAC-1,8
GACTTCAACGCATCAA-1,6
GACTTTCGAGCGGTTC-1,2
GAGAAACTGGATCCCA-1,6
GAGAACGGTTCTGACT-1,1
GAGAATCTCACGATCA-1,1
GAGACCCTGCAACGCC-1,8
GAGACTGATGGGTAGA-1,3
GAGACTTCGCGACCGA-1,5
GAGAGCGCAGTCCCTG-1,1
GAGAGGCCTATGTGTA-1,6
GAGAGGGCGCGAGGTT-1,3
GAGAGGTGCATTCTGG-1,4
GAGAGTCTCGGGAGAG-1,6
GAGATCGATCTTACTC-1,1
GAGATCTGCTTGGCAT-1,3
GAGATCTGTCACTCCG-1,9
GAGATCTTCCATGACA-1,5
GAGATGACAATCCTTA-1,1
GAGATGGCTTTAATCA-1,1
GAGATGGGAGTCGACA-1,5
GAGCACCTGTGTCCAG-1,5
GAGCACGGCGCCTCTT-1,1
GAGCATCAACAACTTG-1,7
GAGCATCATCCCTGGG-1,3
GAGCCACGGTAGTAGG-1,1
GAGCCAGCTACCTGTG-1,5
GAGCCGAGCGTTTATT-1,8
GAGCGAGGGAGTACCG-1,9
GAGCGCAAATACTCCG-1,1
GAGCGCGCACGAGTAG-1,5
GAGCGCTATGTCAGGC-1,2
GAGCGCTGTTAGGTAA-1,7
GAGCGGAATGCGGTGT-1,1
GAGCTAAGGGCATATC-1,9
GAGCTCAACATGAGCG-1,1
GAGCTCTCGGACCTAA-1,3
GAGCTGTCGTCTCGGA-1,1
GAGGAATATCTCTTTG-1,1
GAGGAATGGAGAGGTT-1,3
GAGGAGATCCTCATGC-1,1
GAGGAGTAATTCCTAC-1,2
GAGGATAAACAGTGCT-1,1
GAGGCATTTGCAGCAG-1,8
GAGGCCCGACTCCGCA-1,5
GAGGCCTGTTGATACA-1,1
GAGGCTATCAAAGTCG-1,3
GAGGGAGTCAGATCGC-1,1
GAGGGCATCGCGTATC-1,0
GAGGGCCATAATATTA-1,8
GAGGGCCGGCAGAGTC-1,8
GAGGGCGCAGCTCTGC-1,9
GAGGGTAGTAACAAAG-1,7
GAGGTACATCCATCTT-1,1
GAGGTACGCGTGTCCC-1,1
GAGGTCCCAAAGATCT-1,3
GAGGTCCGTTCGCTGT-1,6
GAGGTCTTAGTGGGTC-1,8
GAGTAAACCGGAAAGT-1,1
GAGTAAATTAAGAACC-1,6
GAGTAAGGCCACGGGA-1,5
GAGTACGGGTATACAA-1,3
GAGTAGATACTAGTTG-1,7
GAGTATACCCTAATCA-1,1
GAGTATCAAAGTTACA-1,1
GAGTATGCCCGCCTTG-1,5
GAGTATGCGCGTGCAT-1,1
GAGTCAGACCAGAATC-1,5
GAGTCCACCAGGTTTA-1,2
GAGTCCGCTTACCGGA-1,4
GAGTCGACAGACCCTC-1,1
GAGTCTTGTAAAGGAC-1,1
GAGTGCACGGACAACA-1,1
GAGTGTCAACCAGAAA-1,1
GAGTGTGCGGTACCCA-1,4
GAGTTCTGTGGGTGCT-1,7
GAGTTGATGGCAATTT-1,5
GAGTTGTCACCAGTCT-1,1
GATAAATCGGTGGATG-1,3
GATAACTCGCACTGTG-1,4
GATAAGGCAGATGCAA-1,0
GATAAGGGACGATTAG-1,2
GATACCGTGTCGGAGT-1,1
GATACGATGGGAGTCA-1,5
GATAGAACCCGCTAGG-1,1
GATAGATAGTACAGTC-1,6
GATAGCGTACCACGCG-1,1
GATAGGATTAATTACA-1,1
GATAGGTAACGTTGAC-1,4
GATAGGTGTCCCGGGC-1,1
GATAGTGCGAGTAAGT-1,1
GATATCAAGCAGGAGC-1,5
GATATCAGTATGTATC-1,1
GATATCTCATGCAATA-1,0
GATATGAGACACTAAC-1,4
GATATGCGGTAGCCAA-1,1
GATATGGATTACGCGG-1,0
GATATTGAGATTGGCG-1,5
GATATTTCCTACATGG-1,1
GATCAACATAAAGGGA-1,7
GATCATTCCAAACATT-1,3
GATCCAACCTTTAAAC-1,2
GATCCCTTTATACTGC-1,3
GATCCGAATATAAGTG-1,1
GATCCGGGAATTAACA-1,3
GATCCTAAATCGGGAC-1,1
GATCCTCGACACTGGC-1,5
GATCCTCTTGCGCTTA-1,8
GATCGACACTATCTGA-1,3
GATCGCGGGCTCTCCA-1,3
GATCGCTACCCGATTT-1,7
GATCGCTATATCTCAG-1,7
GATCGCTGTGGTGCGT-1,1
GATCGGATAGAACCAT-1,4
GATCGGCGATAAGTCG-1,1
GATCGGTGGCCATAAC-1,3
GATCGTGACTGATATC-1,4
GATCTAACCGTATTCA-1,5
GATCTCGACGCTGTGG-1,1
GATCTGCTATCTAAGG-1,5
GATCTTAGTGAACGTG-1,1
GATCTTCATTGTCCTC-1,1
GATCTTGGAGGGCATA-1,5
GATCTTTGCAGGGTAT-1,3
GATCTTTGCTCAAAGA-1,8
GATGACAAGTAGGGCA-1,5
GATGACGATGATCGCG-1,8
GATGAGGAACCTTCGG-1,1
GATGATTTGAAACTGG-1,2
GATGCCACACTACAGC-1,2
GATGCCAGCAGAAGGC-1,1
GATGCCTTCTGCGGCA-1,5
GATGCGAATGGTATTA-1,1
GATGCGTCCTGCATTC-1,4
GATGCTACAAGCGCCT-1,3
GATGCTACCTTCGATG-1,1
GATGCTGTATTTCATC-1,4
GATGGCGCACACATTA-1,3
GATGGTGAAATAACCC-1,8
GATGGTGCCCTAGGCA-1,8
GATGTAACGAACCACC-1,5
GATGTCCGGATCACAT-1,1
GATGTCGGTCAACTGC-1,8
GATGTGTTGTCACAAG-1,8
GATGTTCAATCCACGA-1,4
GATGTTTGTGCGAGAT-1,3
GATTAACCGAAAGCCC-1,1
GATTAATCCTGGCTCA-1,1
GATTACTGAATTTGGG-1,9
GATTAGAAACAAGCGT-1,6
GATTATCTTGCATTAT-1,6
GATTCCCTTGTCGCAG-1,9
GATTCCGCGTTTCCGT-1,1
GATTCCTATACGGCGC-1,3
GATTCGACGGTTCACG-1,4
GATTCTGTTAATGAGT-1,6
GATTGACACTCTGCTC-1,8
GATTGCTCCAGTTGCA-1,7
GATTGGGAAAGGTTGT-1,1
GATTTAGTGCGTACTG-1,1
GATTTGCGCTAACACC-1,6
GCAAACCCTACATTAT-1,5
GCAAACCTTGGCCATA-1,5
GCAAACGTAAGCGACC-1,1
GCAAACGTCGCCAGGT-1,1
GCAAAGGGCGTTAGCC-1,1
GCAAATATTACGCTTT-1,3
GCAAATGAGGACACTT-1,1
GCAACACACTAGAACT-1,5
GCAACAGCAGTATGCG-1,7
GCAACCACCAGACCGG-1,1
GCAACCACGGCCGCGT-1,4
GCAACCCAAGTTGTTT-1,1
GCAACGGCTAGTTATG-1,1
GCAAGAATTCCTTGGC-1,4
GCAAGATGTGTTCGCG-1,8
GCAAGCTGGAAACCGC-1,5
GCAAGTGCACAGAGAA-1,0
GCAAGTGTAAAGCATG-1,1
GCAATTAGTCGCACCG-1,1
GCACAAACCCTAGATG-1,1
GCACAAACGAGGCGTG-1,1
GCACAACCTCGGGCGT-1,5
GCACAAGTGGATCATA-1,1
GCACAAGTGTCGGAAG-1,1
GCACACACTGGTAGCC-1,1
GCACACAGCTATTACC-1,1
GCACACGCCCATGGTC-1,1
GCACAGCACGGGCCGA-1,6
GCACCTAGGCGAGTCC-1,6
GCACCTTCCCGAAGGT-1,6
GCACGCCGATTCCCGC-1,1
GCACGCCTACTTAGAT-1,5
GCACGTGGTTTACTTA-1,1
GCACTAGTCGCGCTAT-1,9
GCACTCCCACAGTCCC-1,2
GCACTGCCTACCTTTA-1,1
GCACTGTGCAAATGTA-1,1
GCAGAAACGTAATCCA-1,8
GCAGAAGGTAATCTCC-1,1
GCAGACCCAGCACGTA-1,5
GCAGATCCATAAGACT-1,5
GCAGATCCTCGCAAAT-1,1
GCAGATTAGGGATATC-1,4
GCAGCACACAGCCCAG-1,3
GCAGCCTATATCACAT-1,1
GCAGCGGTGGGCATTA-1,1
GCAGCTATGGACAGGT-1,8
GCAGCTGTCAACGCAT-1,1
GCAGGAACTTAGATCT-1,5
GCAGGACTATAGAATA-1,3
GCAGGTAGAGTATGGT-1,1
GCAGTGCGGGCGGATG-1,1
GCAGTGTGGCTATAGG-1,7
GCAGTTCGATCCGAGC-1,1
GCATAAATTGAACGCC-1,8
GCATACGAGGTCTTTA-1,4
GCATAGAGCACTCAGG-1,4
GCATCCCTAACTTTGA-1,3
GCATCCTCTCCTATTA-1,2
GCATCGGCCGTGTAGG-1,7
GCATGACACAAAGGAA-1,6
GCATGAGGGACGCGGC-1,4
GCATGCTAATAACGAT-1,1
GCATGGGTACTGACGC-1,1
GCATTCAAGGCAACGC-1,1
GCATTCGAAATGAACA-1,1
GCATTGACTTGCGGAA-1,5
GCATTGTAATTCATAT-1,4
GCATTTCCAAGGCTCC-1,1
GCCAACCATTTCCGGA-1,1
GCCAAGAATACTTCTG-1,5
GCCAATAGGGCATCTC-1,1
GCCACAATTTAAGGAC-1,5
GCCACCCATTCCACTT-1,8
GCCACCTTATTCGCGA-1,2
GCCACTCAGAGCGCGA-1,1
GCCACTCCTTACGGTA-1,1
GCCAGGAAAGAACACT-1,6
GCCAGGAGTAACCGAT-1,1
GCCAGGCGTTCGCATG-1,8
GCCAGGCTTAGTGGTA-1,1
GCCATATTGCACACAG-1,1
GCCATCGAGCTGCGTG-1,5
GCCATCGATGCTGCAT-1,1
GCCATTAGCCTCAAAC-1,5
GCCCACCAAGGCTGTC-1,3
GCCCACTGGTCCACAA-1,8
GCCCAGATGCTGGAGA-1,1
GCCCAGCGACACAAAG-1,2
GCCCAGTTGGTATGCC-1,3
GCCCATGGGTGCAATG-1,2
GCCCGACTTCTTCCCG-1,5
GCCCGAGAGTCTAAAT-1,7
GCCCGATCTGTGGTCG-1,5
GCCCGATGCCCAGTTC-1,6
GCCCGCGCGTAAACGG-1,5
GCCCGCGCGTTTGACA-1,9
GCCCGTAATACCTTCT-1,9
GCCCGTCAAGCCCAAT-1,6
GCCCGTTCACACAATT-1,2
GCCCTAAGTGCAGGAT-1,6
GCCCTAGCCGTCGCGA-1,5
GCCCTGAGGATGGGCT-1,1
GCCGAAATTCCTACGT-1,3
GCCGACCCACGACTGC-1,7
GCCGATTGGCCAAGCT-1,4
GCCGCACTCCGTTTCA-1,1
GCCGCATTAGTCCGGC-1,9
GCCGCTAGATACGCAG-1,2
GCCGCTTGTGAGAAAC-1,9
GCCGGAAACACATCTT-1,8
GCCGGGTTAGGGTCGC-1,4
GCCGGTCGTATCTCTC-1,1
GCCGGTTTGGGCGGAT-1,2
GCCGTCGGTTTCGGGC-1,1
GCCGTGGAAGAAATGT-1,1
GCCTACGTTCTGTGCA-1,1
GCCTAGCGATCTGACC-1,9
GCCTATAGTGTCAGGG-1,9
GCCTATCAGGTAAGAT-1,1
GCCTATGCTGGGCCTT-1,8
GCCTATTCCGATATAG-1,3
GCCTATTTGCTACACA-1,1
GCCTCAGGTACCGGTC-1,6
GCCTCATCTGGAAATA-1,5
GCCTCCGACAATTCAC-1,1
GCCTCTATACATAGCA-1,5
GCCTGCTACACTGAGA-1,8
GCCTGTCCCGGTGCAT-1,6
GCCTTCAGCCCTACCG-1,3
GCCTTGTATATGCAGT-1,1
GCCTTTGTCAGTGGAC-1,1
GCGAAACGATCGGGAG-1,1
GCGAAACTTAACTGGA-1,5
GCGAAGAATCTGACGG-1,1
GCGAAGCCATACCCGT-1,3
GCGAATGGACTAGCGA-1,6
GCGACATGTAAACATC-1,5
GCGACCCAACCATCTG-1,5
GCGACGATAGTTGTAC-1,4
GCGACGGTAGTCTCCT-1,1
GCGAGAAACGGGAGTT-1,1
GCGAGAGGCCATGTAA-1,1
GCGAGAGTTGCGTCCA-1,1
GCGAGCGCATGCTCCC-1,5
GCGAGGCCCGAGCAGA-1,3
GCGAGGGACTGCTAGA-1,2
GCGAGTTCTGCAAAGA-1,4
GCGATGTCTGTGCTTG-1,1
GCGATTCTGGAAGCAG-1,8
GCGATTGTTAACGTTA-1,4
GCGCAAATATATTCAA-1,5
GCGCAAGAGCGCGCTG-1,5
GCGCATCCAGTCAGCA-1,0
GCGCCGTTCCACGATA-1,4
GCGCCTCCCACTCCGA-1,1
GCGCGATGGGTCAAGT-1,2
GCGCGGTCTAGTAACT-1,1
GCGCGTCATTGGTACA-1,5
GCGCGTTTAAATCGTA-1,2
GCGCTAAGTATGCATG-1,2
GCGCTAATTGAATAGA-1,9
GCGCTATGCCGAGGCA-1,4
GCGCTCGATCACCTGT-1,1
GCGCTGATCCAGACTC-1,1
GCGCTGCTTTGCATTT-1,0
GCGCTGGCGGAAAGTC-1,8
GCGCTTAAATAATTGG-1,1
GCGGACCGCGTTGTGG-1,5
GCGGAGAAACTTCGCA-1,5
GCGGAGAGGGAGAACG-1,5
GCGGATTACTTGTTCT-1,6
GCGGCAAAGTATTGCC-1,5
GCGGCTCTGACGTACC-1,3
GCGGCTTTAGCAAGTT-1,1
GCGGGAACCAGGCCCT-1,3
GCGGGCAGACGGGTGA-1,6
GCGGGCATTACGATGC-1,1
GCGGGCGAGCCTTACC-1,5
GCGGTAACCCAAATGA-1,1
GCGGTCCCGGTGAAGG-1,8
GCGGTCCCTAGACGCA-1,9
GCGGTCTTGCTTTCAC-1,1
GCGGTGAACTGCGCTC-1,1
GCGGTGCGGAGCATCG-1,1
GCGGTTCCCTATCATG-1,4
GCGTAAATGGCCATAA-1,5
GCGTCCAGCTCGTGGC-1,8
GCGTCCCTAAGACATA-1,1
GCGTCGAAATGTCGGT-1,3
GCGTCGCCAGGGTGAT-1,5
GCGTCGTAACATGGTC-1,6
GCGTCTAACCTCCTAA-1,1
GCGTCTCTGCATTGGG-1,3
GCGTGGTACTGGGTTA-1,4
GCGTGTATGTCGTATT-1,8
GCGTTATATTTGGAAC-1,1
GCGTTCGGAGACCGGG-1,1
GCGTTCTGACTAAGCG-1,1
GCTAAACCTGAGGTGA-1,3
GCTAACTGAAGTCTGA-1,1
GCTAAGCCCAGTATGC-1,6
GCTAAGTAAAGGCGAT-1,1
GCTAAGTAGTTTCTCT-1,9
GCTAATACCGAATGCC-1,3
GCTACAATCGAGGATA-1,1
GCTACACTGTCCGAAC-1,2
GCTACAGTACGGACCG-1,4
GCTACGACTTATTGGG-1,5
GCTACTATAGTAGAGT-1,5
GCTACTCGGACGCAGA-1,6
GCTAGACCGTCTACTG-1,5
GCTAGAGTAGAGATGT-1,0
GCTAGCAACGCACCTA-1,6
GCTAGCACCTGGGCCA-1,1
GCTAGCAGGGAGTGGG-1,8
GCTAGCGATAGGTCTT-1,1
GCTAGCTTGAATAGCT-1,5
GCTAGGCACCACGGAG-1,5
GCTAGTAGAGCTTGTA-1,4
GCTAGTTTCATTGAGG-1,3
GCTATAAGGGCCAGGA-1,6
GCTATACGTCTCGGAC-1,5
GCTATCATACTCATGG-1,5
GCTATCGCGGCGCAAC-1,3
GCTATGCCAGCTTATG-1,1
GCTCAACCTCTTAGAG-1,1
GCTCAATCCGTTTATT-1,5
GCTCAATGTAATACCG-1,5
GCTCATTACTGCATGT-1,1
GCTCATTGATCATATC-1,6
GCTCCATGAGTGCAGA-1,1
GCTCCATGCAAAGCAA-1,1
GCTCCCAGTCGGTCCA-1,1
GCTCCGCTCGCTTCAG-1,1
GCTCCGGACGTTGATA-1,8
GCTCCTGACATACTGG-1,5
GCTCGACCGAACTGAA-1,2
GCTCGCGGTTCCGCTC-1,1
GCTCGCTCATGTCCAA-1,5
GCTCGGAATTTAAAGC-1,0
GCTCTAAACCCTGACG-1,3
GCTCTATGTTACGTGC-1,9
GCTCTCGGGTACCGAA-1,9
GCTCTTTCCGCTAGTG-1,7
GCTGAACTCTCCAGGG-1,1
GCTGAAGGGTTCTTGG-1,1
GCTGAATCTTCCAATC-1,5
GCTGAGCAACGGTTCT-1,1
GCTGAGGCGTGAGTAT-1,4
GCTGCACGGTTTCTTA-1,4
GCTGCGAAGAATTATT-1,6
GCTGCGCCTCCCACGT-1,1
GCTGCTAAGTAGTCGA-1,4
GCTGCTACTGCGTAGC-1,5
GCTGCTCTCCGGACAC-1,3
GCTGGACCCAAAGTGG-1,8
GCTGGCAGGTGCCGTG-1,1
GCTGGCATATTCACCT-1,3
GCTGGCGGCGCATGCT-1,5
GCTGGGAGCGCGTCAA-1,6
GCTGGGTCCGCTGTTA-1,8
GCTGGTGACTCGTAGT-1,8
GCTGGTTTAGGCCATA-1,7
GCTGTATTACTGGCCC-1,5
GCTGTCTGTGATCGAC-1,2
GCTGTTGCTACCGAAC-1,5
GCTTAATGTAACTAAC-1,4
GCTTACGTAGTTAGTA-1,7
GCTTAGGGAAGCGGTA-1,8
GCTTATGAAGCAGGAA-1,4
GCTTCAGTGGGATTAC-1,8
GCTTCCAGCTTAGATT-1,1
GCTTCCATGTAACCGC-1,6
GCTTCCCGTAAGCTCC-1,6
GCTTCCGTCCCTAGAC-1,9
GCTTCGACGTTCAATC-1,1
GCTTGAGTGACCTCTG-1,6
GCTTGATGATAATCAG-1,3
GCTTGCAGCACAATTG-1,8
GCTTGGATCGATTAGG-1,4
GCTTTACACAACTGGG-1,6
GCTTTATTAAGTTACC-1,2
GCTTTCAGAGGAGGTG-1,4
GCTTTCTATCTCAACT-1,8
GCTTTGCTGCCGGGTA-1,2
GGAAACAGAGCTTGGG-1,6
GGAAACCTTGTTGAAT-1,1
GGAAACTAAATGGGCC-1,1
GGAAAGGGAATTGAGC-1,6
GGAAAGTCTTGATTGT-1,6
GGAAAGTGCCCATGCC-1,1
GGAACCCGAACAAGAA-1,1
GGAACCGTGTAAATTG-1,5
GGAACCTTGACTCTGC-1,5
GGAACGGCCTGCAGCC-1,1
GGAACTCGTGAATACG-1,2
GGAACTTTGGCGATTA-1,1
GGAAGATAAGACTGTA-1,8
GGAAGCTCGCTTACAG-1,8
GGAAGGACACCGTATA-1,6
GGAATAACCTCAAGAA-1,8
GGAATGCGCTAGCGTG-1,9
GGACAACCATGAAGCC-1,1
GGACAAGCCATGATCG-1,1
GGACAAGTTGCAGTGA-1,1
GGACACAAGTTTACAC-1,1
GGACACCTCGGTGTTG-1,6
GGACCAACAGGATAAC-1,5
GGACCTACGGTAACGT-1,8
GGACCTCTAGGCCGCC-1,5
GGACGGCTTGCGCAAC-1,8
GGACGGGCGACCAACC-1,6
GGACGTCCATAGTTGG-1,8
GGACTAAGTCAGGAGT-1,1
GGACTCACAAATTAGG-1,1
GGACTCGAAGCTTTCA-1,1
GGACTCGACAGCGCAT-1,1
GGACTCGTGAGTGGTC-1,1
GGACTCTTCCGGTTGA-1,1
GGACTCTTTGACTAAG-1,1
GGAGAAGTCATTGGCA-1,0
GGAGACATTCACGGGC-1,8
GGAGACCAATGTGCTT-1,8
GGAGACCATCTACATA-1,5
GGAGACGACACCTTTG-1,5
GGAGCAACATTTCAAG-1,1
GGAGCACCAAGAACTA-1,9
GGAGCGAGGCCTACTT-1,1
GGAGGAGTGTGTTTAT-1,2
GGAGGATTGAAAGGAG-1,8
GGAGGCCGAAGTCGTC-1,1
GGAGGCGAAGAACCGC-1,8
GGAGGGCTTGGTTGGC-1,9
GGAGGGTCAAGTAAGA-1,1
GGAGTACACATGAGCT-1,1
GGAGTGCCGCCCTGGA-1,9
GGAGTTGATTCTGTGT-1,1
GGATACTCATGAATTG-1,1
GGATCAAAGGACGAGG-1,8
GGATCAGAGCCATCAG-1,1
GGATCATCCCGTACGC-1,1
GGATCCCTACCAGCTA-1,1
GGATCCGGAATATACT-1,9
GGATCTACCGTTCGTC-1,2
GGATCTTACTGCCCTT-1,1
GGATCTTGACTCAACC-1,5
GGATGAAGATCGCTGA-1,5
GGATGACGCGAGTTTA-1,3
GGATGCTGGCGTTCCT-1,4
GGATGGCTTGAAGTAT-1,1
GGATGTCCTTACCGCA-1,4
GGATTAAGCTAAGGTC-1,8
GGATTAATCATGGACC-1,1
GGATTCAGTACGGTGG-1,9
GGATTCCGCTATACCC-1,1
GGATTGAAGTAGCCTC-1,6
GGATTGCTGTGACTCC-1,7
GGATTTCACTTCTATA-1,9
GGCAAAGGCGCCAATA-1,5
GGCAAATTACTTTACT-1,4
GGCAAGCCAGGGATAG-1,8
GGCAAGCCCATAGTGG-1,1
GGCAAGGCGAAATAGC-1,5
GGCAATAGTCAATGAG-1,9
GGCACGCTGCTACAGT-1,6
GGCACTCAGCCGACCC-1,1
GGCACTCCACTGGGCA-1,3
GGCACTGCGGTGGTTT-1,6
GGCAGAGAGATCGGGA-1,1
GGCAGCAAACCTATGC-1,1
GGCAGCGGTAATCCTA-1,8
GGCATACAGGTAGCGG-1,0
GGCATATCGGTTCTGC-1,1
GGCATCAACGAGCACG-1,8
GGCATTCCCTCCCTCG-1,2
GGCATTGAACATCTCA-1,6
GGCCAATTGTATAGAC-1,6
GGCCACAAGCGATGGC-1,8
GGCCACACGAAAGCCT-1,1
GGCCCAATCTAGAGGG-1,8
GGCCCAGCTGGTTTGC-1,1
GGCCCAGTTATCAGCA-1,8
GGCCCGGAGCATGTCT-1,1
GGCCCGTATACCATGC-1,1
GGCCCTCACCCACTTA-1,9
GGCCGAGACTCTGGTG-1,7
GGCCGCAGGAACCGCA-1,6
GGCCGGCGTCTGCTAT-1,1
GGCCGTTTGGGTTTCA-1,5
GGCCTGCTCTGATGTT-1,1
GGCCTGCTTCTCCCGA-1,1
GGCCTTTGCAACTGGC-1,1
GGCGAAATCTAACTTG-1,4
GGCGAACCGTTCTGAT-1,1
GGCGAGCATCGAGGAC-1,2
GGCGAGCGAAACGGCA-1,5
GGCGCACAGTTTACCT-1,2
GGCGCAGGACATCTTC-1,9
GGCGCATGAATTGATG-1,4
GGCGCGGAGATCTTTC-1,7
GGCGCGTTCGAGTTTA-1,4
GGCGCTCCTCATCAAT-1,1
GGCGCTTCATTCCCTG-1,1
GGCGGAGTAATATTAG-1,3
GGCGGGCTCTAAGAGT-1,1
GGCGGTAGGATCATTG-1,9
GGCGGTTTGCCGGTGC-1,1
GGCGTACCCTATATAA-1,2
GGCGTAGGGAAAGCTG-1,1
GGCGTCCTATCCGCTG-1,9
GGCTAAAGGGCGGGTC-1,1
GGCTAATGATTGAAAT-1,8
GGCTACTATACACTCC-1,1
GGCTATTAAGTTGTAT-1,3
GGCTCCTCCACCTGTT-1,5
GGCTCGCGTTGAGGTA-1,0
GGCTCGTGCCACCAGC-1,3
GGCTCTGCTCCAACGC-1,9
GGCTGAAATAGCAAAG-1,5
GGCTGAGCATCGTAAG-1,8
GGCTGGCAATCCCACG-1,6
GGCTGGCAGCTTTATG-1,8
GGCTGGCTAGCTTAAA-1,0
GGCTGTCCTACTGCGG-1,6
GGCTTCTCGTGGGTGG-1,6
GGCTTGGCTCTCACCT-1,1
GGCTTTCAATAAGGGT-1,5
GGGAAAGAATGCCAAC-1,6
GGGAACCACCTGTTTC-1,2
GGGAACGGGAGGTTAG-1,3
GGGAACGGTTTCAGAT-1,7
GGGAAGACGGTCTGTC-1,1
GGGAAGGGCTTTCTCA-1,1
GGGAATGAGCCCTCAC-1,1
GGGAATTCTGTCCAGT-1,1
GGGACAGAGTTACTCC-1,5
GGGACCCGTATATCTT-1,4
GGGACTGCATAGATAG-1,3
GGGAGAACTCACAGTA-1,3
GGGAGCGACCGTAGTG-1,1
GGGAGGATGCCCGAAA-1,3
GGGAGTAATGGCTGGC-1,0
GGGAGTTAATGAGGCG-1,9
GGGATACGGTAATAAT-1,1
GGGATATTGATCGCCA-1,6
GGGATCCCAATACAAA-1,8
GGGATGGACCCGCGTC-1,1
GGGATGGTCGTAACCG-1,5
GGGATTATCTCACAAC-1,8
GGGATTTACCGCACCT-1,4
GGGCAACCGCACGTGC-1,5
GGGCACGAATTGGCCG-1,1
GGGCACGTAGTACTGT-1,1
GGGCACTATTGACCAT-1,7
GGGCAGACGTCACTGC-1,5
GGGCAGAGCAATCGTT-1,5
GGGCAGGATTTCTGTG-1,1
GGGCAGTCAACGCCAA-1,1
GGGCATGCATGTCGAG-1,6
GGGCCATTCGTGCTGG-1,1
GGGCCCGTCTTAAACA-1,4
GGGCCCTACGAAAGGG-1,4
GGGCCCTTATCTATAC-1,1
GGGCCGGCCGAAGTAC-1,4
GGGCCTAAATGGGCTA-1,5
GGGCCTATACAACCGG-1,8
GGGCCTATTTAAGTAT-1,8
GGGCGAATTTCTCCAC-1,1
GGGCGATATGTGTGAA-1,3
GGGCGATCCATAGGCC-1,1
GGGCGCAGCGTTACTC-1,1
GGGCGGCAAATGAATT-1,5
GGGCGGGTTCCCTACG-1,4
GGGCGGTCCTATTGTC-1,9
GGGCGTACATTTATAT-1,3
GGGCGTCACCACGTAA-1,4
GGGCGTCCACTGGCTC-1,1
GGGCGTGGTTTCCCAG-1,7
GGGCGTTTACATTCAT-1,1
GGGCTACTATTTCGTG-1,5
GGGCTATGATCGATGG-1,5
GGGCTCATCGAACCCA-1,0
GGGCTGCCTAGGGCGA-1,9
GGGCTGGTTAGTCGCG-1,3
GGGTAATGCTGTGTTT-1,1
GGGTACACTCTGGAGG-1,8
GGGTACCCACGGTCCT-1,9
GGGTACTTCATGAACT-1,3
GGGTATGTATGCACTT-1,3
GGGTATTCTAGCAAAC-1,5
GGGTCACCGTGACGGT-1,3
GGGTCACGTGCTTATG-1,2
GGGTCACTGAGTAGTG-1,8
GGGTCAGGAGCTAGAT-1,1
GGGTCATGCGTACCAT-1,1
GGGTCCTTGGAAGAAG-1,6
GGGTCGTGGCAAGTGT-1,1
GGGTCTATCGCTTTCC-1,1
GGGTGACACCTTAACT-1,4
GGGTGCATATGAAAGC-1,1
GGGTGGTCCAGCCTGT-1,8
GGGTGTTTCAGCTATG-1,0
GGGTTAACATTTGAGT-1,5
GGGTTCAGACGAACAA-1,1
GGGTTTAGGATAGGAT-1,7
GGGTTTCCGGCTTCCA-1,2
GGTAAACTCTGCGCTG-1,1
GGTAAATGTGCGTTAC-1,8
GGTAACCGGCAAAGGT-1,8
GGTAACCGGGAGGATA-1,5
GGTAACTATGTATCTG-1,0
GGTACAAACATGCTAT-1,4
GGTACACCAGATTTAT-1,1
GGTACATCTGGGACGA-1,3
GGTACCATTAAGACGG-1,1
GGTACGTTGCGGCCGG-1,1
GGTACTAAGTGCTTTG-1,1
GGTAGAAGACCGCCTG-1,5
GGTAGACCGTTGGGCG-1,5
GGTAGGCCAATATCAC-1,6
GGTAGTGCTCGCACCA-1,9
GGTATAGTGACACATA-1,1
GGTATCAAGCATAGAA-1,8
GGTATGAAAGAACTGA-1,1
GGTATTGCCGAGTTTA-1,3
GGTCAAGACTACTTCG-1,7
GGTCACGTTAGATTCA-1,1
GGTCAGTGGGTCCCAC-1,4
GGTCATTGTAGTCATA-1,8
GGTCCACGTCTATTTG-1,6
GGTCCCATAACATAGA-1,2
GGTCCTTCATACGACT-1,1
GGTCGGATAAACGGCG-1,1
GGTCGGCCAGGAGCTT-1,9
GGTCGGTAATTAGACA-1,3
GGTCGGTCGTCCACAG-1,5
GGTCGTAAGCTCGCAC-1,5
GGTCTCCAAGTAGTGC-1,1
GGTCTCCGTCCAGGTT-1,1
GGTCTCTGAATGGACT-1,5
GGTCTGAGAATCTGGA-1,9
GGTCTTGAGCGCTCTT-1,1
GGTCTTGGTGTTAACT-1,8
GGTGAAACCGGGAATG-1,1
GGTGAACGGGCTAGCC-1,1
GGTGAAGTACAGGGAT-1,5
GGTGACTGATAGAGAG-1,8
GGTGAGATGCAGATAA-1,3
GGTGATAAGGAGCAGT-1,4
GGTGATGAAGGAAGTG-1,1
GGTGATTTCATCTTGT-1,1
GGTGCAGAGCCTATCG-1,8
GGTGCATAAATGATTA-1,1
GGTGCGGATAAGTGGC-1,3
GGTGCTGATCACAAAG-1,3
GGTGCTGGTACACATT-1,4
GGTGGACCACGTGTTA-1,8
GGTGGACTGCTCTGGC-1,5
GGTGGAGGTTGATACG-1,1
GGTGGGATTAGGTCCC-1,6
GGTGTAAATCGATTGT-1,1
GGTGTAGGTAAGTAAA-1,1
GGTGTTCTGTTTCTAC-1,8
GGTGTTGGGCGTCTTA-1,1
GGTTACCACCCTCGGG-1,4
GGTTACCCGACACTTT-1,1
GGTTACCGCTCCCTAC-1,6
GGTTAGCTATATGTCT-1,5
GGTTAGGCTTGGAGAA-1,3
GGTTAGGGATGCTAAT-1,6
GGTTAGTTACGGCGCC-1,3
GGTTCCACCCGCTTCT-1,2
GGTTCCCTAGTGTCTC-1,8
GGTTCCGTACGACTAA-1,2
GGTTCGATGCTGAGTT-1,8
GGTTCGCATTTGCCGT-1,6
GGTTCGGATTATACTA-1,1
GGTTCTACTCGTCTGA-1,5
GGTTGTATCGTGAAAT-1,2
GGTTGTGCTCTTGTCC-1,1
GGTTGTGTAGCCTGGC-1,1
GGTTTAATTACCATCG-1,7
GGTTTAATTGAGCAGG-1,1
GGTTTACAATCTCAAT-1,9
GGTTTAGCCTTTCTTG-1,5
GGTTTCAATCGGTCAG-1,4
GGTTTGACAAGAAGCT-1,8
GGTTTGAGTGCTGGAA-1,9
GGTTTGCGAACACGTA-1,8
GGTTTGTGACCTGAGG-1,1
GTAACAACTGACCTTG-1,8
GTAACAGGTTAACGGC-1,6
GTAACATCAGCTCATC-1,8
GTAACATCTAAGATAA-1,1
GTAACTACGTAGACCT-1,6
GTAACTGCCCAAGGAG-1,1
GTAACTTGCGGCAGTC-1,0
GTAAGCGGGCAGTCAG-1,3
GTAAGGATTTGTCGGA-1,8
GTAAGTAACAGTCTGG-1,4
GTAAGTAGGGTATACC-1,3
GTAAGTCCACACTCTA-1,1
GTAATAAAGGGCTCCC-1,1
GTAATCTGATTCTTCG-1,5
GTACACTTACCTGAAG-1,4
GTACAGAGGCAAGGGT-1,4
GTACGACGGCGCTGCG-1,0
GTACGAGATTGCGACA-1,3
GTACGCTTCATTGCAC-1,5
GTACGTCACGTATTAA-1,8
GTACGTTTGCCCGTCA-1,5
GTACTAAGATTTGGAG-1,3
GTACTACGGCCTCGTT-1,6
GTACTCCCTTATCGCT-1,3
GTACTCCTGGGTATGC-1,1
GTACTGAGGTCGTAAC-1,5
GTACTGCATGAAGCGT-1,0
GTACTGGAGTTAGACC-1,9
GTACTTGGGCACTTCT-1,3
GTAGAAACGGGTGGAG-1,1
GTAGACAACCGATGAA-1,8
GTAGACACGCCTGACT-1,7
GTAGACGTCGTTACAT-1,3
GTAGAGGGAGACAAGT-1,5
GTAGCCAAACATGGGA-1,5
GTAGCGCTGTTGTAGT-1,8
GTAGCGGCTATACACT-1,4
GTAGCTAGTAAGCGCG-1,2
GTAGCTCCGGGAGGCT-1,1
GTAGCTTCCTCTTGTT-1,4
GTAGGTGATCCGTGTA-1,1
GTAGTCGCGGGAATCA-1,5
GTAGTCTACGATATTG-1,7
GTAGTGAGCAACCTCA-1,6
GTAGTTAGACAATATA-1,2
GTAGTTCGAAGGCGAA-1,1
GTAGTTTAAGCACACG-1,6
GTATAATCTCCCGGAT-1,1
GTATAGGACTCAGTAG-1,9
GTATAGTGGCCCATGT-1,8
GTATATGTTACGGCGG-1,1
GTATCAAACGTTAGCT-1,1
GTATCAAGGTACTTCC-1,1
GTATCAGCTTGGGTTC-1,3
GTATCCTTTGGTAACC-1,1
GTATCGGGACGAGCTG-1,1
GTATCTCAGTCTTGAC-1,5
GTATCTCCCTAACTGT-1,2
GTATCTCGGGCGCTTT-1,6
GTATCTTGTTGCTCAC-1,2
GTATCTTTCATAACCA-1,5
GTATGAAATTTCACTC-1,5
GTATGACGTGGGAAAC-1,1
GTATGTGGGTCTAGTT-1,4
GTATTAAGGCGTCTAA-1,3
GTATTAGGGTTCGCGT-1,8
GTATTCTGAGAAACGA-1,5
GTATTCTTACCGTGCT-1,1
GTATTTAATGGCATAA-1,1
GTCAAAGAAGTGGTGT-1,5
GTCAAAGTTTACATAG-1,9
GTCAACCAGGCCTATA-1,1
GTCAAGCGGACTCGGG-1,4
GTCAATGCTATAATTT-1,8
GTCAATTGTACTGAAG-1,1
GTCACAAAGTTTCCAA-1,1
GTCACCTGTCTATGTC-1,8
GTCACTCATGAGCGAT-1,1
GTCACTCTCCAAATCT-1,3
GTCAGAATAGTCTATG-1,9
GTCAGACAGCGTTGGA-1,8
GTCAGTTGTGCTCGTT-1,8
GTCAGTTTGGTAGTCG-1,1
GTCATCCCAAACTCAC-1,2
GTCATCTCCTACAGCT-1,1
GTCATGCACCTCCGTT-1,3
GTCATGCGCGAGGGCT-1,1
GTCATGGACATGACTA-1,3
GTCATTAGAGCGAACG-1,4
GTCATTGCATTGACCC-1,0
GTCCAATATTTAGCCT-1,1
GTCCACGTCGCATTCG-1,1
GTCCAGGCACGTGTGC-1,1
GTCCATTACTGCTACG-1,5
GTCCCAACGTAAAGTA-1,9
GTCCCAATCATCCCGC-1,1
GTCCCGCGACGTTATG-1,5
GTCCGAGAGCAATCAT-1,1
GTCCGGACCTGAAATT-1,5
GTCCGGCTGAATTGCG-1,3
GTCCGGGTTCACATTA-1,1
GTCCGTTAGAGGGCCT-1,6
GTCCTACAGGCGGCTC-1,1
GTCCTACGAATAGTCT-1,5
GTCCTACTCTACGGGC-1,5
GTCCTAGGATACCTTA-1,1
GTCCTATTGTTGTGGT-1,1
GTCCTTCTACAACCCA-1,1
GTCCTTCTAGTGGGTT-1,8
GTCCTTTAATGACTTC-1,8
GTCGAATTTGGGCGCT-1,1
GTCGATAGGTGACTTT-1,1
GTCGCCGTTGTGTGTT-1,5
GTCGCGTAACCCGTTG-1,4
GTCGGAAGGATACCAG-1,8
GTCGGATATCTCAGAC-1,9
GTCGGATGTAGCGCGC-1,1
GTCGGGAACATGGTAG-1,1
GTCGGGAAGCAGAAAC-1,5
GTCGGGTGAAGTACCG-1,6
GTCGTACCATCTCGGG-1,4
GTCGTACCTACGATTG-1,1
GTCGTATTGGCGTACA-1,1
GTCGTCAATTATAAGG-1,0
GTCGTCTGGTTGGCTA-1,1
GTCGTGTCTGGTCATC-1,1
GTCGTTATTCGCTTAT-1,5
GTCTAAGATGCCCAGC-1,8
GTCTACTCAATTACAA-1,4
GTCTAGTGAGCCGCTT-1,1
GTCTATACACGCATGG-1,6
GTCTATCTGAGTTTCT-1,3
GTCTATTGCATGCTCG-1,1
GTCTATTGGTTCCGGT-1,5
GTCTCAAGGCCCGGCT-1,5
GTCTCCCGAGTCCCGT-1,6
GTCTCCGCCTCAATAC-1,1
GTCTCCTGCCAGTATG-1,5
GTCTCGACTAAGTTTG-1,1
GTCTCGATCTGCTTTC-1,1
GTCTCGCCAACACGCC-1,2
GTCTGCCGACTCGACG-1,6
GTCTGGGCGGTCGAGA-1,5
GTCTGTAGGTTGAACA-1,6
GTCTTACCACGCCAAG-1,6
GTCTTAGTACAGCCGG-1,8
GTCTTCCTCACCTAAG-1,1
GTCTTGAGGAGCAGTG-1,1
GTCTTGTAGCTATTCA-1,1
GTGAAACGGCGCCACC-1,0
GTGAAACGTGCTCCAC-1,9
GTGAACTCCCATTCGA-1,1
GTGAAGATTTCAAGTG-1,1
GTGAAGCCGTATAGTC-1,1
GTGAAGTCACGACTCG-1,5
GTGACAGCTTCCCACT-1,1
GTGACCGCACACTACG-1,4
GTGACCTAAAGAATAA-1,1
GTGACGAGGGTGACCC-1,1
GTGACGCAGGTTTCAT-1,1
GTGACTTCAGTAGTGC-1,4
GTGAGATAACCTTATA-1,1
GTGAGCGTGCTGCACT-1,3
GTGAGGACACTTAAGG-1,4
GTGAGGAGCGGTTGAG-1,1
GTGAGTCGACTAATAG-1,6
GTGAGTCTAAGACGGA-1,1
GTGAGTGGTACAACGC-1,5
GTGATCAAGCGTGCAC-1,1
GTGATCACTAACGCCT-1,5
GTGATCATAGATCTGC-1,4
GTGATCCTTGTCATGA-1,1
GTGATGCACAACATCT-1,8
GTGATTCGCCGCTCAA-1,5
GTGCAAATCACCAATA-1,2
GTGCAACAAATGTGGC-1,0
GTGCACCAGCTTCAAC-1,1
GTGCACGAAAGTGACT-1,1
GTGCAGCGTAGAGTAG-1,1
GTGCCAAACGTTTCGA-1,6
GTGCCATCACACGGTG-1,4
GTGCCCGTTCGGATTC-1,4
GTGCCGCTTCAAAGGT-1,4
GTGCCTAGCTATGCTT-1,1
GTGCCTCAGTGTACGG-1,8
GTGCCTGAGACCAAAC-1,1
GTGCGAAATCGAACAC-1,5
GTGCGACAGGGAGTGT-1,4
GTGCGCAGCTTGCTCC-1,1
GTGCGCTTACAAATGA-1,2
GTGCGGGACCATCGGC-1,1
GTGCGGGTCTCCAAAT-1,3
GTGCGTGTATATGAGC-1,4
GTGCTATCCAGCTGGA-1,6
GTGCTCAAGTACTGTC-1,3
GTGCTGCAGATAAGGA-1,1
GTGCTGTTAGAACATA-1,2
GTGCTTACATCAGCGC-1,1
GTGGAACCTACATGCG-1,1
GTGGACCAACCCGATT-1,4
GTGGACGCATTTGTCC-1,4
GTGGACGTGCTGAGAC-1,3
GTGGAGCATGTCGGCC-1,1
GTGGAGCGTTTACCGA-1,5
GTGGAGTCGGCGGTTG-1,5
GTGGCAAACAGCGGCA-1,5
GTGGCCGGTTTCTCGG-1,1
GTGGCCTAATATCATT-1,1
GTGGCGGGCCGTAGCT-1,2
GTGGCGGTCCCAGCGT-1,4
GTGGCGTGCACCAGAG-1,2
GTGGCTGTTTCTGTTC-1,1
GTGGGAACAAACCGGG-1,1
GTGGGAAGACTGAATC-1,5
GTGGGCTTAGACACAC-1,3
GTGGGTACTGAGCGTA-1,5
GTGGGTCTTCTTTGCG-1,2
GTGGTATAGTCTGCCG-1,5
GTGGTCAGCGAAGTAT-1,8
GTGGTGATGGTTTGTG-1,1
GTGGTGGCCAAGTGAA-1,5
GTGGTTACTTCTTTCG-1,1
GTGGTTTCCGCCTTTC-1,4
GTGTACCTTGGCTACG-1,0
GTGTACGAACCGTTCC-1,1
GTGTATATCAGCGGGC-1,5
GTGTATGACTTTAAAG-1,1
GTGTCAGTGTACGTGG-1,1
GTGTCCGATAAGGCAT-1,8
GTGTCGTATAGCGTTC-1,5
GTGTCGTATTCACCTT-1,8
GTGTGAATAACTTAGG-1,9
GTGTGAGCCGAGGTGC-1,2
GTGTGTCGACGTCGCT-1,1
GTGTTACTATGCGTCC-1,4
GTTAAAGTAGGACTGG-1,5
GTTAACATCACTTAAA-1,5
GTTAACTATGTTGTCA-1,1
GTTAAGGGTGCGATGT-1,5
GTTAAGTTAGAGTGGG-1,1
GTTAATAGCGTCATTA-1,6
GTTAATGTCTATCTTA-1,1
GTTACAATTGGTGACG-1,3
GTTACCAAGGCGTACG-1,6
GTTACCTACAACTTGC-1,5
GTTACGAAATCCACGC-1,8
GTTACGGCCCGACTGC-1,8
GTTACTTTGGGCCTAG-1,4
GTTAGAGTGTGCCGCT-1,8
GTTAGCCCATGACATC-1,1
GTTAGCCGTAAATCAA-1,1
GTTAGGCTACCCGTTT-1,5
GTTATAATACGGTGAA-1,1
GTTATATCAGGAGCCA-1,1
GTTATATTATCTCCCT-1,4
GTTATCAAGCTATCGA-1,6
GTTATCACCTTCTGAA-1,8
GTTATTAAATACGACC-1,8
GTTATTAACGTGGGAG-1,0
GTTCAAATCAGATGTC-1,1
GTTCAATCTATGTCAA-1,8
GTTCACAGGAGTCTAG-1,9
GTTCAGTCGCCAAATG-1,1
GTTCATCGTTTGGCTG-1,1
GTTCCAAGACAGCGAC-1,1
GTTCCAGTCTGACCAT-1,0
GTTCCCGTAAACATAT-1,1
GTTCCGTCCGCCTGCA-1,1
GTTCGACAATTGTATA-1,1
GTTCGCCATAAGTGCC-1,3
GTTCGCTGAGACGTCT-1,1
GTTCGGAGCACTCAAC-1,1
GTTCGGATCGGGAACA-1,1
GTTCGGGCGTACCATT-1,1
GTTCGGTGTGGATTTA-1,8
GTTCGTCTAAAGAACT-1,5
GTTCGTCTGGGTCCCT-1,8
GTTCGTTGCGGACCAG-1,2
GTTCTTCCCTCGATGT-1,9
GTTCTTGTAACTCAAT-1,6
GTTGAACCGGTTCCAT-1,4
GTTGAGTCCCGCCGGT-1,5
GTTGCACGGAGTTTCG-1,9
GTTGCAGTCGACAACA-1,1
GTTGCCCTAACGGGTG-1,6
GTTGCGCTAACATTAC-1,1
GTTGCGGACGGTCAGG-1,1
GTTGGACCGCATCAGG-1,8
GTTGGATTCAGTGGCT-1,1
GTTGGATTGAGAACAC-1,9
GTTGGATTTGCGTTGG-1,3
GTTGGTCATGCTATCC-1,4
GTTGTAGATTTATGAG-1,1
GTTGTCGTGTTAGTTG-1,3
GTTGTTACATTGCGCT-1,8
GTTGTTGCAAGATGGC-1,1
GTTTACGTTCCATCTG-1,4
GTTTATGGGATTTAGA-1,1
GTTTCAAACGAGTTGT-1,1
GTTTCATATCGTCGCT-1,9
GTTTCCTGGAGGGTGA-1,3
GTTTCTAGAGGCGCGG-1,1
GTTTCTGCAGTCTCCC-1,4
GTTTCTTGTTAGAGCT-1,6
GTTTGACCAAATCCTA-1,3
GTTTGAGCGGTTATGT-1,2
GTTTGGCCCAAGTTAT-1,4
GTTTGGCCGCTCAGCG-1,3
GTTTGGCGTCAGGCAC-1,8
GTTTGGGCTTGTGAGC-1,5
GTTTGGGTTTCGCCCG-1,1
GTTTGGTAGGGTCAAC-1,5
GTTTGGTGATCGGTGC-1,1
GTTTGTTAGCCAAGTA-1,5
TAAACCCAGGAGGGCA-1,5
TAAACGTCGTCAATGA-1,1
TAAAGACAACCCTTTA-1,1
TAAAGAGCCCGAAACC-1,0
TAAAGCGGTATTTCCA-1,5
TAAAGCGTTAGGAGAA-1,9
TAAAGCTGCAATAGGG-1,1
TAAAGGAGAAACTAGT-1,2
TAAAGTGCACGTCTCG-1,6
TAAATCTTTACACCTC-1,1
TAAATGAATCCGTTTC-1,3
TAAATGCCGTCTCATG-1,8
TAAATGGGCTACTGAG-1,1
TAAATTGTGGGTAAAG-1,6
TAAATTTAGTAACACC-1,6
TAACAAAGGGAGAAGC-1,3
TAACAATATTTGTTGC-1,1
TAACAGCGTTTGTGCT-1,7
TAACAGGTTCCCTTAG-1,6
TAACATACAATGTGGG-1,4
TAACATACACGCGATC-1,5
TAACCGCCCGCAGTGC-1,1
TAACCGTCCAGTTCAT-1,2
TAACCTACCGTCCGAG-1,0
TAACCTAGGGAGTCCA-1,1
TAACGCTTTGAGAGCG-1,3
TAACTATCGAAGGTCC-1,3
TAACTATTACGCCAAA-1,1
TAACTCATCCGCGCGG-1,4
TAACTCCATGGAGGCT-1,3
TAACTGAAATACGCCT-1,1
TAAGAGGGACAGGGAC-1,7
TAAGATTTAGCGGGAG-1,1
TAAGCAGGCGACACGC-1,3
TAAGCCCTTACGACCA-1,8
TAAGCGCGAATCAAAT-1,1
TAAGGAACTTGTGGGA-1,3
TAAGGCAACATAAGAT-1,9
TAAGGCATAACATCAA-1,5
TAAGGCCCGTCACCCT-1,7
TAAGGCTGAATCCCTC-1,5
TAAGGGCCTGTCCGAT-1,1
TAAGGGCTGGGAGAGG-1,3
TAAGTAAATGTGCCGC-1,8
TAAGTAACATCTTGAC-1,5
TAAGTCGCCGAGTATC-1,5
TAAGTCGGTGAGCTAG-1,6
TAAGTGAATAGTCTAC-1,6
TAAGTTGCGACGTAGG-1,1
TAATAAACAAGGAGAT-1,1
TAATACACAGTAGTAT-1,9
TAATACTAGAACAGAC-1,1
TAATAGAACAGAGTTA-1,5
TAATAGCTAAATGATG-1,1
TAATAGGTCACCAGAA-1,7
TAATAGTGACGACCAG-1,9
TAATATTGAAATTCGC-1,3
TAATCAACCAAATGGG-1,1
TAATCAGGAATGCTGC-1,2
TAATCGATCCGTACGT-1,1
TAATGAAAGACCCTTG-1,1
TAATGTCGGTTCATGG-1,6
TAATTACGTCAGTAGA-1,1
TAATTAGATGGATATG-1,0
TAATTAGGACATCCGT-1,7
TAATTCCAATGCTTCA-1,6
TAATTGCGCTGATTAC-1,6
TAATTGGAATCGGGAA-1,8
TAATTTCCGTCCAGTA-1,1
TACAAATTGCGGAGGT-1,2
TACAACAGCGCATACA-1,6
TACAACGCACAACTCA-1,4
TACAAGCTGTTCACTG-1,2
TACAAGGGCTTCTTTA-1,1
TACAAGTCTCGTGCAT-1,3
TACAATGAAACCAGCA-1,2
TACACAGCCGTGGTGC-1,1
TACACCGTCGTTAGTC-1,1
TACACCTCTTCGAATC-1,1
TACAGAAACGGTGGGC-1,7
TACATAGGCATACACC-1,4
TACATCCCTATCCCTG-1,5
TACATCTTGTTTCTTG-1,1
TACATGACCTTATCCG-1,1
TACATGCCGGAATTGT-1,1
TACATTTCTAACGTGC-1,4
TACCAAATAGCCCAGA-1,5
TACCAATAAAGTACCA-1,5
TACCAGAAGTAGGTTC-1,5
TACCAGCTAGGTTTAA-1,1
TACCAGGAATCCCGTC-1,1
TACCATGTATTGATTT-1,1
TACCCTCGGTAACCCT-1,1
TACCGAATAATTGTAA-1,1
TACCGATCCAACACTT-1,2
TACCGCGGACTTGCAG-1,4
TACCGGCTCACTGCCC-1,4
TACCGGTCGTTTCCAT-1,4
TACCGTAGGTTAACTA-1,5
TACCGTGCCTCGGACC-1,5
TACCTACTCCCAGTAT-1,5
TACCTATCCCTAGAGG-1,1
TACCTCACCAATTGTA-1,2
TACCTCACGCTTGTAC-1,9
TACCTCAGTTGTCTGT-1,5
TACCTCCACACCAATG-1,1
TACCTCTTTACCATCC-1,6
TACCTGCTGCACTGTG-1,3
TACCTTAAGATTTCCC-1,5
TACGAACACGACTTCA-1,3
TACGACGCTTGCTGCG-1,4
TACGACTGCCTCTTAG-1,5
TACGAGAACTTCACGT-1,3
TACGATCCAAGCCACT-1,8
TACGATGTTGATCATC-1,3
TACGCAGTTCTTTCCT-1,4
TACGCCATATTCTAAT-1,4
TACGCCGAGGGTACCC-1,5
TACGCCGCCTCAGAAG-1,1
TACGCCTCCATTCCGA-1,5
TACGCTATAGAAACCT-1,7
TACGCTCCTAGAACTG-1,6
TACGCTCGGTATTGGA-1,1
TACGCTGATAGTTGTA-1,6
TACGCTGCACGGTCGT-1,6
TACGCTGCTGTGTTAA-1,1
TACGGAAGCCAAACCA-1,1
TACGGCATGGACGCTA-1,1
TACGGGATGCTAGCAG-1,1
TACGGGTAATAACATA-1,6
TACGTAAAGCGGAGTG-1,1
TACGTACTAGTGCTGA-1,5
TACGTGCAAGGTTCCT-1,1
TACGTGCACTATGCTG-1,3
TACGTGGGCCCAGGGC-1,1
TACGTTTACCGGCAAT-1,3
TACTACGTGCAATGCG-1,1
TACTATGGTTCCTCAG-1,5
TACTCACAACGTAGTA-1,8
TACTCATTGACGCATC-1,6
TACTCCTCTAGTTGAC-1,1
TACTCGGCACGCCGGG-1,9
TACTCGTTTGAATCAA-1,1
TACTCTCCGAACAAAT-1,1
TACTCTTACTTTACTG-1,1
TACTCTTTCGTCTTCA-1,5
TACTGAACAGATTTAG-1,5
TACTGAGGGAAGAAAG-1,7
TACTGCAATCAATTAC-1,1
TACTGCATGATTAAAT-1,2
TACTGGACAGCTCGGC-1,3
TACTGTTTCTCTGGTA-1,1
TACTTAAACATGTACA-1,1
TACTTGTTAGTAGTCC-1,9
TACTTTACTGAGCCGG-1,0
TACTTTCCGCACGCCA-1,5
TAGAAACACAATAGTG-1,1
TAGAAACCACTAAGTA-1,8
TAGAAAGGTGGCGCTA-1,9
TAGAAATTCACGTATA-1,1
TAGAACGCCAGTAACG-1,8
TAGAAGAAGGGTTACA-1,6
TAGAATAGCCGATGAA-1,1
TAGAATTAAGGGCAAC-1,8
TAGACGAAACGCCAAT-1,1
TAGACGCCCGTACCGG-1,4
TAGACTACCTAGCGTT-1,5
TAGACTCAGTTGGCCT-1,1
TAGAGATCATGCAACT-1,4
TAGAGCTACGAAGAAC-1,0
TAGAGGGAGTTTATCT-1,6
TAGAGGTTCTACTTGT-1,1
TAGAGTCTAAGCGAAC-1,3
TAGAGTGTTCCGGGTA-1,6
TAGATATGGACTGGAA-1,5
TAGATCCGAAGTCGCA-1,8
TAGATGGTTCCTTACT-1,1
TAGATTCAAAGTGCGG-1,1
TAGATTCCTGGTTATT-1,3
TAGATTCTCTAGCAAA-1,6
TAGCAACCTGTCACAA-1,3
TAGCAGATACTTAGGG-1,6
TAGCAGTAAATACGCG-1,8
TAGCAGTATGACTAAA-1,1
TAGCCAGAGGGTCCGG-1,1
TAGCCATGATTGCCTA-1,6
TAGCCATTTCAAAGTC-1,4
TAGCCGGCGGTCAGCG-1,9
TAGCGTCCCTCGATTG-1,7
TAGCGTCCGGTGTGGT-1,5
TAGCGTCGAATATTGA-1,1
TAGCGTTGGGTCTTAC-1,4
TAGCTAAGTCCGGGAG-1,9
TAGCTAGAAGGCATGA-1,5
TAGCTAGTGATGATGG-1,5
TAGCTCACTGTGTTTG-1,6
TAGCTCAGATCCTAGT-1,8
TAGCTCGCCTGATAAC-1,5
TAGCTGATGTGAAGCG-1,5
TAGGAACAGCCTCCAG-1,8
TAGGAGGCTCGAGAAC-1,6
TAGGATCTTAACCGCA-1,6
TAGGCATGTTACGCCA-1,0
TAGGCCTATATAGTCT-1,1
TAGGCGATGAGGTCTC-1,5
TAGGCGGCTGCAAAGA-1,1
TAGGCTAAAGTGGCAC-1,1
TAGGGAGCTTGGGATG-1,4
TAGGGTGTTTCAAGAG-1,3
TAGGTCCAAGTAAGGA-1,3
TAGGTCGCCGGAACTG-1,7
TAGGTGACGATAACCT-1,7
TAGGTGAGCCCTACTC-1,3
TAGGTGCTCGCCTAGC-1,4
TAGGTGTTCCACAGAT-1,5
TAGGTTCGAGTTCGTC-1,9
TAGGTTCTGCTGAGAA-1,1
TAGTACCACAACTTTC-1,7
TAGTACCTTAGTGGTC-1,3
TAGTAGCTTATACCAG-1,5
TAGTAGTTGCCGGACA-1,2
TAGTCCCGGAGACCAC-1,1
TAGTCCGCAGAGAATG-1,9
TAGTCCGTATGCATAA-1,1
TAGTCCTGCACTAAGC-1,1
TAGTCGATCACGGGTT-1,5
TAGTCGGGATTCTTCG-1,1
TAGTCTAACAACGAGA-1,3
TAGTCTGCGGCACATT-1,6
TAGTCTGTGACGTTGC-1,1
TAGTCTTTCCGAATTG-1,1
TAGTGACAAGCTCTAC-1,6
TAGTGAGAAGTGGTTG-1,8
TAGTGCCCTCCAGAGT-1,3
TAGTGCTTGAATCCTT-1,1
TAGTGGAACTCATACA-1,8
TAGTGTCAGAAACGGC-1,0
TAGTTAAGATAGGATA-1,8
TAGTTTATTCTTGCTT-1,0
TAGTTTGATCGGTCGC-1,1
TATAAATCCACAAGCT-1,9
TATAAGTGAGGATAGC-1,3
TATACACAGACGCCTT-1,5
TATACACGCAAAGTAT-1,3
TATACCGAGTGCCACA-1,1
TATACGCGTCATCACT-1,7
TATACTCATGCGGCAA-1,0
TATAGAGTCGCTTGAA-1,7
TATAGATGGTCGCAGT-1,5
TATAGCGCACGTTATC-1,5
TATAGCTATTATCTCT-1,6
TATAGGGTACTCATGA-1,3
TATAGTTAGGTGTACT-1,6
TATATAGGGCTTTACG-1,7
TATATATCGAGAAATG-1,5
TATATCAAAGTGATCT-1,6
TATATCATTGATCAGT-1,1
TATATCCCTGGGAGGA-1,4
TATATGCTGGGTTGCC-1,1
TATATTACAAATGTCG-1,8
TATATTCGCGTCGATA-1,8
TATCAAAGGTCTGTAA-1,1
TATCACAGCACGGGCA-1,8
TATCACCATGTAAAGT-1,8
TATCACCCAACCGACC-1,1
TATCACTTCGAGTAAC-1,1
TATCAGTGGCGTAGTC-1,5
TATCCAATTGGTTATC-1,5
TATCCATATCATGCGA-1,9
TATCCATCTCGGTTAG-1,7
TATCCCTCGATCTGCA-1,6
TATCCGCACCGTCGGG-1,5
TATCCTATCAACTGGT-1,1
TATCCTGCATGGGAAT-1,0
TATCGATCTATGCATA-1,1
TATCGATGATTAAACG-1,3
TATCTACAGAGGTAAT-1,3
TATCTACCACAGCGGG-1,4
TATCTAGCCTAAAGGA-1,0
TATCTGAGCCGATATT-1,1
TATCTTGCAATACAAC-1,5
TATGAAGAATTAAGGT-1,1
TATGAAGACAGGTGCG-1,3
TATGACCTTGCGCTGG-1,1
TATGATAAATCTAACG-1,8
TATGATCCGGCACGCC-1,1
TATGATCTTCTCTTTA-1,1
TATGATTCTGCTTGGT-1,1
TATGCTCCCTACTTAC-1,3
TATGGAGTTTCTCGTT-1,1
TATGGATGTGCTACGC-1,9
TATGGCAGACTTTCGA-1,2
TATGGCCCGGCCTCGC-1,3
TATGGCTAGGCTAATT-1,1
TATGGGACCGAGCAGG-1,3
TATGGGTACGTATCGT-1,3
TATGGTCTGAGTAACA-1,4
TATGGTTAGTGGGAGA-1,5
TATGTAAAGTGCTTAA-1,1
TATGTAGAAACCCGGC-1,7
TATGTCAAGACCGACT-1,1
TATGTCTCATTGTGCC-1,9
TATTAACACCAAAGCA-1,5
TATTAACCTGACCGCG-1,5
TATTACCATCCTGCTT-1,5
TATTATGTTTGCCTGC-1,5
TATTCAATTCTAATCC-1,9
TATTCCACTCAGCTCG-1,5
TATTCCGAGCTGTTAT-1,5
TATTCCGGCAGTCCTA-1,8
TATTCCTCCGCCCACT-1,5
TATTCGTGCCAGAATA-1,9
TATTGACATTTCTGCC-1,1
TATTGCCGGGCTTGTA-1,1
TATTTAGTCTAGATCG-1,9
TATTTATACCGAGTAG-1,1
TATTTGATTTGCACAG-1,1
TATTTGTTACCCTTTA-1,9
TCAAACAACCGCGTCG-1,3
TCAAACAATTAGGACA-1,2
TCAAACTTAGATTGTT-1,3
TCAAAGAGCTATCTGT-1,5
TCAAAGTCACGGCGTC-1,1
TCAAATTATGTTCGAC-1,6
TCAAATTGTTGTGCCG-1,1
TCAAATTTGAGACTCA-1,5
TCAACAAAGATAATTC-1,5
TCAACACATTGGGTAA-1,9
TCAACATAGCGCCCTA-1,5
TCAACATCGACCGAGA-1,5
TCAACCATGTTCGGGC-1,3
TCAACGAGGAGACAAA-1,4
TCAACGCAGGAAATAA-1,5
TCAACGCGACCGGCAG-1,9
TCAACTAACGTATAAC-1,1
TCAACTGCAGAGTCAG-1,1
TCAAGAAATACTAGCT-1,1
TCAAGCGCGGACGGTA-1,1
TCAAGCTGCCTTGAAA-1,1
TCAAGGTTACTACACC-1,5
TCAATACAATTGCTGC-1,1
TCAATACGCCGTCATG-1,7
TCAATATACAGGAGGC-1,6
TCAATCCCGCGCCAAA-1,6
TCAATCCGGGAAGTTT-1,6
TCACAAACCGAGGTAC-1,1
TCACAGATCCTCAAAC-1,1
TCACAGCAAACTCGAA-1,5
TCACAGGAGAATAAGA-1,5
TCACAGGGAATCGCAA-1,5
TCACAGGTTATTGGGC-1,3
TCACATCTTATCTGAT-1,1
TCACCCTCTTAAGATT-1,4
TCACCGCTCGGCACTC-1,4
TCACGATGTCCGTGGA-1,5
TCACGATTAATACGTT-1,6
TCACGCATTGTAGATC-1,3
TCACGGCCCAAGAGAG-1,1
TCACGGTCATCGCACA-1,9
TCACGTGCCCGATTCA-1,4
TCACTACGACCAATGC-1,1
TCACTATCCCTTCGGT-1,6
TCACTATCGTGCAATC-1,1
TCACTCAGCGCATTAG-1,2
TCACTCGTGCAACGGC-1,1
TCACTCTTCGTCTGTC-1,1
TCAGAACCTCCACAGG-1,1
TCAGAACGGCGGTAAT-1,6
TCAGACGCTATAGAAG-1,5
TCAGAGCATGTCAACG-1,2
TCAGAGGACGCGTTAG-1,6
TCAGAGTGTGAGCATG-1,1
TCAGATGGAGACGTAG-1,1
TCAGCAAATGCATCTC-1,9
TCAGCAGTAGGCCCTG-1,7
TCAGCCAATCCGTAAA-1,1
TCAGCGCACGCCGTTT-1,6
TCAGCTTGAGCTTTCG-1,1
TCAGGGCGACTTCCTT-1,1
TCAGGGCGCAAACTCG-1,1
TCAGGGTGCACGAAAC-1,8
TCAGGGTGTAACGTAA-1,9
TCAGGTTCTTTGAGAA-1,9
TCAGTACTGACCCGCG-1,3
TCAGTAGGGACTATAA-1,4
TCAGTGTATACGTCAT-1,5
TCAGTTACGGAATGAT-1,8
TCATAAGTCCAAGAAG-1,1
TCATACTTACAGATCC-1,3
TCATATGAGCTTTGTT-1,1
TCATCACTCGAGCTCG-1,3
TCATCCATCTGATCAC-1,6
TCATCCCAGAGGGTGG-1,1
TCATCCTCAGCTGCTT-1,1
TCATCGACGACCGTCG-1,1
TCATCGATGGTCCCAA-1,5
TCATGAAGCGCTGCAT-1,2
TCATGCAGGTTCTCAT-1,1
TCATGGAGGCCTTTGT-1,2
TCATTCGTATAATTTG-1,8
TCATTTAAGTCTCCGA-1,4
TCATTTAGAAGTGTGA-1,1
TCCAACTCAGCTATCT-1,1
TCCAACTTTAAATTCT-1,3
TCCAAGCCTAGACACA-1,1
TCCAATAAAGGCTACC-1,5
TCCAATGCGTCGCCGC-1,1
TCCACAATGGTTTACG-1,9
TCCACATCGTATATTG-1,1
TCCACCAAGACATAGG-1,6
TCCACCTCTAGCCTTT-1,5
TCCACTTTATCTAGGT-1,9
TCCAGAGCACCGGTTC-1,4
TCCAGATGTACGCCAA-1,1
TCCAGCGCTATAAGCG-1,1
TCCAGGCAGGACGATC-1,1
TCCAGGCGAGTACGGT-1,3
TCCAGGGTATATACGA-1,5
TCCATCAATACTAATC-1,1
TCCATTAGTTGGATAG-1,1
TCCATTCCCACTAGAG-1,8
TCCATTGTGACCTCGT-1,8
TCCCAAACAGACAACG-1,1
TCCCAAACATCCTCTA-1,6
TCCCAAAGACGAAGGA-1,3
TCCCAAAGCCCTAAAT-1,1
TCCCAATATCGACGAC-1,2
TCCCACGGAGGGAGCT-1,2
TCCCACTCTCTTCCGG-1,1
TCCCAGCACACGACAT-1,1
TCCCAGCTTTAGTCTG-1,3
TCCCAGGCTTAGCTAA-1,3
TCCCGCCTATGTGCGT-1,1
TCCCGCGTACTCCTGG-1,3
TCCCGGGTGTGCTGCT-1,3
TCCCGGTCAGGAATTT-1,1
TCCCGTCAGTCCCGCA-1,9
TCCCGTCGCGTCATAG-1,1
TCCCGTGTGCAATTTG-1,5
TCCCTAGATCAATAGG-1,1
TCCCTCCGAAATCGTT-1,2
TCCCTCTTCTCAAGGG-1,1
TCCCTGGCGTATTAAC-1,5
TCCCTGGCTCGCTGGA-1,3
TCCCTTAGATTACTCG-1,1
TCCCTTGTCTGAAACT-1,6
TCCGAACGTTGCCGCT-1,1
TCCGAACTTGGCTTAC-1,3
TCCGAAGTAGTCACCA-1,8
TCCGAATGGTCCTGAG-1,1
TCCGACCGCTAATCAA-1,1
TCCGAGAAGGCTAAGC-1,1
TCCGATAATTGCCATA-1,3
TCCGATGACTGAGCTC-1,9
TCCGATGGTGCGACAT-1,3
TCCGATTACATTGCCG-1,9
TCCGCAGCCACCTAGC-1,1
TCCGCCTGTCTACAAG-1,5
TCCGCGGCAGCATCTG-1,9
TCCGCGGCCCAATGAA-1,1
TCCGCTGGGTCGATCG-1,6
TCCGCTGTCATCCCGG-1,5
TCCGCTTATCCCATTA-1,5
TCCGGAGGAAGGGCTG-1,8
TCCGGCCTAGCGTACA-1,1
TCCGGCCTGCATCGAT-1,2
TCCGGCTGTCGGGTCG-1,1
TCCGGGCCACTAACGG-1,6
TCCGGGCTTGACGGGA-1,1
TCCGGTTCGTCCGGTC-1,5
TCCGTAACCACAATCC-1,1
TCCGTTAAGCTAATAT-1,1
TCCGTTTAGCCTTGAA-1,9
TCCTAAAGATTCAGAC-1,1
TCCTAAATTGGGAAGC-1,5
TCCTAACCGTCGGGCA-1,5
TCCTACATCCACGGCC-1,5
TCCTAGCAAAGAAGCT-1,4
TCCTATCATAGGTAAC-1,1
TCCTCCTAAGACATTC-1,5
TCCTCGGGCTGGGCTT-1,4
TCCTCTACGAGATGGC-1,3
TCCTCTCCAGTTGTCC-1,1
TCCTCTGGCCCATTAG-1,8
TCCTGCAGCCGCCAAT-1,2
TCCTGCCAACTGGAGA-1,8
TCCTGCGTTGATACTC-1,3
TCCTGGCGCTGCCTGG-1,8
TCCTTACGACGGTCCG-1,5
TCCTTCAATCCCTACG-1,1
TCCTTCAGTGGTCGAA-1,9
TCCTTGTCCTTTAATT-1,1
TCCTTTAAATCCGCTT-1,1
TCCTTTCTTACGCTTA-1,3
TCGAAATTTAGGACCA-1,3
TCGAAGAACCGAGCAC-1,5
TCGAATATCCCGCAGG-1,5
TCGAATCGCAGGGTAG-1,6
TCGACAACTGAACCCG-1,5
TCGACATAGCGTAGCG-1,6
TCGACTGACGATGGCT-1,6
TCGAGACCAACACCGT-1,9
TCGAGCCAGGCAGGCC-1,5
TCGAGGGCAACAGACG-1,1
TCGAGTCTACGATTCG-1,7
TCGATAGGCTAGTCGC-1,1
TCGATGTTACGGCCGT-1,6
TCGATTTACGAAACGA-1,6
TCGCAAAGATGCATTT-1,5
TCGCACCAGGAGGCAG-1,5
TCGCACTAACGTTTGT-1,1
TCGCATAAAGGGCGCA-1,1
TCGCATCCCTAAGTGT-1,3
TCGCATTCAATGACTT-1,1
TCGCCACCCGGATTAC-1,6
TCGCCCAACTGACTCC-1,8
TCGCCCACTGCGAGAG-1,1
TCGCCGAAGTTGCGTC-1,5
TCGCCGACATATTCGC-1,1
TCGCCGCACCGCGTGA-1,5
TCGCCGGAGAGTCTTA-1,8
TCGCCGGATGGGCAAG-1,1
TCGCCGGTCGATCCGT-1,9
TCGCCTCCTTCGGCTC-1,6
TCGCCTCGACCTGTTG-1,8
TCGCGCGTTTACATGA-1,1
TCGCGTAGCAGTGTCC-1,1
TCGCGTCCAGAAGGTC-1,3
TCGCTAAACCGCTATC-1,1
TCGCTACTGGCTTTGA-1,1
TCGCTCGATATATTCC-1,3
TCGCTCGGCACCAGCG-1,1
TCGCTGCCAATGCTGT-1,1
TCGCTGGGCGGATTGT-1,9
TCGCTGTGCGTAAATC-1,3
TCGCTTAATTACGAAG-1,8
TCGCTTTAAACGTTTG-1,0
TCGGAATGACCATCAA-1,8
TCGGAATGCGCTCTGA-1,3
TCGGACGCCCAGCCCA-1,9
TCGGAGAGTATCGGGA-1,5
TCGGAGTACATGAGTA-1,9
TCGGAGTCCTGGTTGC-1,6
TCGGATCTGGATGACC-1,1
TCGGCAGGGTTAAGGG-1,6
TCGGCGAACCCAAACC-1,1
TCGGCGGTATTAGATT-1,2
TCGGCGTACTGCACAA-1,5
TCGGCTAACTTCCCTT-1,8
TCGGCTTGTATCGACG-1,1
TCGGGAACGTGCCTAG-1,1
TCGGGAGACAGCGTAC-1,5
TCGGGATTCAAACATA-1,4
TCGGGCACTTCTGGAT-1,2
TCGGGCCGTCGTGGTA-1,4
TCGGGTGAAACTGCTA-1,0
TCGGTCCCGACAATAG-1,5
TCGGTCCCTGACTCCA-1,8
TCGGTGACCGCTCCGG-1,8
TCGGTTAGCCATGTAG-1,8
TCGTAACTCCCAAGAC-1,6
TCGTAAGACGACATTG-1,9
TCGTAAGCTCCGAGGA-1,8
TCGTACCGACGTCAAG-1,1
TCGTATAGTGCAATTA-1,0
TCGTATCACCAAGCTA-1,2
TCGTATTACCCATTGC-1,9
TCGTATTTCGTCCGGA-1,8
TCGTCAAGTACGCGCA-1,5
TCGTCACACTGTTAGC-1,0
TCGTCCGCTGGCGTCT-1,9
TCGTCCGGGTACACTC-1,8
TCGTCTTAGGCGTTAA-1,5
TCGTGTACTATGGATG-1,5
TCGTGTATTGGTCACG-1,1
TCGTGTCACGCTGACA-1,4
TCGTGTTCGACCACAA-1,1
TCGTTAGGAGTCCCTA-1,5
TCGTTCGTTATTATGT-1,1
TCGTTGACAGGGTCCC-1,1
TCGTTGCTATCCGGTC-1,5
TCGTTGGCTCGTCAAT-1,1
TCGTTTACGCGACCCT-1,1
TCTAAAGAACAGTCTC-1,5
TCTAACCTAGCCTGCG-1,6
TCTAACTGTATGTAAA-1,1
TCTAATACTGCCTCAG-1,5
TCTACACGTTCATGCA-1,8
TCTACCCAATAGAGAG-1,1
TCTACCCGCATCATTT-1,6
TCTACCGTCCACAAGC-1,3
TCTACGCACGATCTCC-1,6
TCTACGGGCTCAGTTG-1,8
TCTAGCAATCTCCGCC-1,4
TCTAGCATCTTCGATG-1,9
TCTAGCATGCCCAGAA-1,4
TCTAGGTGGCGACGCT-1,1
TCTAGTGATATCGTGG-1,5
TCTAGTTATCAGAAGA-1,3
TCTATAGGTGGGTAAT-1,1
TCTATCATGCAGTTAC-1,3
TCTATCCGATTGCACA-1,6
TCTATCGGTCGCAACA-1,9
TCTATGCTATAACGAC-1,1
TCTATTACGCTGGCGA-1,3
TCTATTACTAGAGGAT-1,4
TCTCAAATCAATCGGG-1,1
TCTCAGGCTACTCGCT-1,6
TCTCATGAGATAGGGT-1,5
TCTCCAACGTAGGTTA-1,0
TCTCCACAAGTTGAAT-1,1
TCTCCCTGGGCAGCGT-1,5
TCTCGAACGAGGTCAC-1,8
TCTCGACGTATCGCCG-1,1
TCTCGAGGAGGTTCGC-1,1
TCTCGGCTCCAGGACT-1,1
TCTCGTGTTACGAGGA-1,5
TCTCTAATAGCTGGTA-1,3
TCTCTCGCCGCACATA-1,1
TCTCTTACCGCGAACC-1,1
TCTGAACCGGTCGGCT-1,9
TCTGAACTCGTACCCG-1,5
TCTGAAGCACGTGGTC-1,5
TCTGAATTCCGTACAA-1,4
TCTGACGGGCTAACCC-1,1
TCTGACTGTAATGGTT-1,1
TCTGAGCAATTGACTG-1,1
TCTGATCGGGTGCTAG-1,1
TCTGATGTATTCTGTC-1,5
TCTGATTGGAAATGGA-1,1
TCTGCACCATTAGTAA-1,1
TCTGCAGATTCGAGTC-1,1
TCTGCATACCTTGCTT-1,1
TCTGCCAGAAACTGCA-1,4
TCTGCGAATCGTTCGC-1,8
TCTGCGTCCGGTTTCT-1,0
TCTGCTTAGAACAAGC-1,1
TCTGGAGCGTAAGAGT-1,1
TCTGGCCGTTCAAGTT-1,1
TCTGGCGCAAGCCGGG-1,1
TCTGGGAACCTTTGAA-1,5
TCTGGGTAGCGCTCAT-1,3
TCTGTCATACAAGAGC-1,0
TCTGTGACTGACCGTT-1,8
TCTGTGATGGAGGTTG-1,8
TCTGTGCCATCATAGT-1,3
TCTGTGGCTACATTTC-1,8
TCTGTTACCCAGCATA-1,5
TCTGTTTAGATTGTTC-1,6
TCTTAACTCGGATGTA-1,1
TCTTACAGAGGTACCG-1,9
TCTTACCGGAACTCGT-1,1
TCTTACGGCATCCGAC-1,3
TCTTACTTATGCCTCT-1,5
TCTTAGAGCTCCAATT-1,5
TCTTAGAGTGAACTCT-1,5
TCTTATGGGTAGTACC-1,2
TCTTCCCATGGGCACA-1,4
TCTTCGAATAGACGTT-1,4
TCTTCGATACCAATAA-1,3
TCTTCGCGGTGAGAGG-1,1
TCTTCTATAACCCGCC-1,1
TCTTGATGCGTAGCGA-1,3
TCTTGCTCCCGATACT-1,1
TCTTGGTAACACCAAA-1,9
TCTTGGTCAATGATAC-1,6
TCTTTAAGACTATGAA-1,4
TCTTTAGAGTCTAACA-1,1
TCTTTAGCAGGCGAAC-1,1
TCTTTCATCCGTCCTT-1,1
TCTTTCCTTCGAGATA-1,1
TCTTTCGGCGGGACAC-1,8
TCTTTCTCTTAAGGAG-1,8
TGAAACCTCAACTCAC-1,2
TGAAACTTATGCAAGC-1,8
TGAAAGGACCTGACTC-1,9
TGAACAAGCAGGGACT-1,1
TGAACACCCGAAGCAG-1,2
TGAACCTGAATGTGAG-1,6
TGAACTGCTATGACTT-1,1
TGAAGAGCGGTCCTAG-1,1
TGAAGTAGCTTACGGA-1,1
TGAATACCGACGCGTA-1,1
TGAATATGCTATAAAC-1,8
TGAATGAGATACAGCA-1,8
TGAATGAGTGTTTCCC-1,1
TGAATGTCAGCCGGCC-1,7
TGAATTTCACTTGCCT-1,1
TGACAACGCATGTCGC-1,1
TGACAACTTAAAGGTG-1,2
TGACACTTCTCTTTGC-1,8
TGACAGAAATCTTGCT-1,6
TGACAGGACAAGTCCA-1,5
TGACATATATGACGAT-1,1
TGACATCGAGCGGACC-1,5
TGACATGTAACGTGAC-1,1
TGACCAAATCTTAAAC-1,1
TGACCAGCTTCAAAGT-1,8
TGACCCAACTCACATT-1,2
TGACCCACGTTAGACA-1,3
TGACCCAGCATTCCCG-1,8
TGACGAATATTTCCCT-1,5
TGACGATGCACTAGAA-1,5
TGACTATAATCCTTTC-1,5
TGACTCCGAATCATAC-1,7
TGACTCTAACTGGTAA-1,6
TGAGAATGCTTTACCG-1,9
TGAGACGTACCTCTCA-1,1
TGAGAGATTTACCACG-1,4
TGAGATCAAATACTCA-1,8
TGAGATTAGGCCCTAA-1,1
TGAGCAGTCGTGAAGT-1,1
TGAGCCATACAGTCTC-1,4
TGAGCGGAAAGTGTTC-1,5
TGAGCTCAACTGTATA-1,1
TGAGCTTTAATGACGC-1,1
TGAGGAGTGCCAGCTT-1,5
TGAGGCATGTACTGTG-1,5
TGAGGTGTGTGGCGGA-1,1
TGAGGTTGATCCCAAG-1,2
TGAGTAAATTAGCGTA-1,4
TGAGTGCCTCTTAAAT-1,5
TGAGTGGTCCGTGACG-1,9
TGAGTGTAACAACGGG-1,6
TGAGTTAAAGACATTC-1,1
TGATACATTTAGCCGT-1,5
TGATAGCGGGATTCTA-1,1
TGATCACCACACTGAC-1,1
TGATCAGGGAACTGCT-1,4
TGATCCCAGCATTAGT-1,1
TGATCGGTTTGACCCT-1,3
TGATCTACGCTGATCT-1,1
TGATCTATCACACTCT-1,6
TGATCTCCGGCGCCAG-1,3
TGATGCTCACGTAGTC-1,8
TGATGGCTGTTTCTGA-1,1
TGATGGGACTAAGTCA-1,8
TGATGTCAATTAAGTG-1,1
TGATTATGGCACGCAG-1,8
TGATTCAGGTCCCGCG-1,5
TGATTCCCGGTTACCT-1,1
TGATTCGTCTATCACT-1,3
TGATTCTGTCGCCGGT-1,5
TGATTTATTAGCTGTG-1,3
TGATTTCCTCCTGACG-1,3
TGCAAACCCACATCAA-1,2
TGCAAACGTACTAGTT-1,2
TGCAAAGTTCGTCTGT-1,1
TGCAACCCATCTGCGG-1,1
TGCAACTACTGGTTGA-1,1
TGCAAGAATGACGTAA-1,3
TGCAATCTAACACGGT-1,1
TGCAATTTGGGCACGG-1,8
TGCACAGTGAAGTTAT-1,8
TGCACGAGTCGGCAGC-1,8
TGCACTATGTGAGTGC-1,1
TGCAGAACTATATCGT-1,4
TGCAGAGTACCGAGCA-1,3
TGCAGATCGTCCTAGG-1,4
TGCAGCTACGTACTTC-1,4
TGCAGGATCGGCAAAG-1,9
TGCAGTGAGGCTCGGG-1,8
TGCAGTGGTAGGGAAC-1,1
TGCAGTTTCCTCCCAT-1,4
TGCATATGTCTGTCAC-1,4
TGCATCTCCGGATCTT-1,8
TGCATGAGTAGATTCG-1,2
TGCATGGATCGGATCT-1,3
TGCATGGCAGTCTTGC-1,2
TGCATGTGACCCATAG-1,1
TGCATGTGGTAATCTA-1,9
TGCCAAAGTCAGACTT-1,4
TGCCAATGGGTACTCT-1,5
TGCCACACTAGAGGAA-1,1
TGCCACCTGGCGAAAC-1,0
TGCCAGTACGTGGAGA-1,5
TGCCATGGCTTATAAG-1,8
TGCCATTACTAAAGAA-1,1
TGCCCGATAGTTAGAA-1,1
TGCCCGTACCGTTAAA-1,5
TGCCGAAAGCGTATTC-1,1
TGCCGATGTCATCAAT-1,2
TGCCGGATGTACGAGC-1,7
TGCCGTGGATCGTCCT-1,5
TGCCGTGGGACCCAAT-1,1
TGCCGTTCTTAATCGG-1,1
TGCCTAAATTTAATAG-1,1
TGCCTAATTGAAGATT-1,1
TGCCTGACATCGGTCA-1,1
TGCCTGATCAAACGAT-1,3
TGCCTTGCCCTTACGG-1,2
TGCCTTGGCCAGGCAA-1,5
TGCGAATATGGGATTT-1,5
TGCGACACCCTAGTGC-1,4
TGCGACGGCCGAACGT-1,5
TGCGAGAAACGTTACG-1,8
TGCGAGAATATTACCC-1,5
TGCGAGATGGCGGCCA-1,8
TGCGAGCCCTTCCGCG-1,8
TGCGATGCTAATGGCT-1,1
TGCGCAAAGCATTTGG-1,3
TGCGCCGTTAATAACG-1,1
TGCGCGATTAACGGAG-1,9
TGCGGACTTGACTCCG-1,1
TGCGGAGTAAAGGTGC-1,9
TGCGGCATAGTTCAAC-1,0
TGCGGGTATTGGGATC-1,2
TGCGGTCTACGAGTAA-1,2
TGCGGTGAAATTTCAT-1,0
TGCGTAAGAACCTGAT-1,4
TGCGTACGGCTAATTG-1,1
TGCGTCATGACTGAGC-1,5
TGCGTGATTGGGTGTC-1,1
TGCGTTTGTTGACACT-1,4
TGCTAAGTGTCTATTT-1,5
TGCTATACAAACGGAC-1,8
TGCTATGGCAAAGGGA-1,1
TGCTCAAAGGATGCAC-1,2
TGCTCACACAACAACC-1,2
TGCTCCACAGTTCTTA-1,5
TGCTCGGCGAAACCCA-1,4
TGCTCGGTGGGTCACC-1,1
TGCTCTGCCGGTTCAC-1,1
TGCTCTTGAGAGTTTG-1,1
TGCTGCGTCAGAGTTA-1,8
TGCTGGTTGGACAATT-1,3
TGCTGTTGAAGAACTC-1,4
TGCTTAGAGAGAATGC-1,7
TGCTTCCCAAGCAGTA-1,7
TGCTTGAAACCATGCA-1,1
TGGAAACGGAGTGAAC-1,1
TGGAACCACTGACACA-1,1
TGGAAGAAGGGAACGT-1,3
TGGAAGACGAACACCA-1,3
TGGAAGGATAAAGATG-1,9
TGGAATATCCTTGACC-1,1
TGGAATTAGACGCTTT-1,0
TGGACACCGTTGCTTG-1,1
TGGACCAATCTAAGAT-1,7
TGGACCACGGCGTTGA-1,1
TGGACGCAATCCAGCC-1,5
TGGACGTAGGCGAATC-1,1
TGGACTGTTCGCTCAA-1,4
TGGAGAATAATCGTCC-1,6
TGGAGCTAAAGTTCCC-1,8
TGGAGGGAAACACCTC-1,8
TGGAGTGATGCGATGA-1,3
TGGATAGAGTAACAGA-1,1
TGGATGGCATCTTGGA-1,2
TGGCAAACTAAATTAC-1,5
TGGCAACTCGCGCGCC-1,1
TGGCAAGCACAAGTCG-1,1
TGGCAATGGGACGGCG-1,1
TGGCACGAGCTCGAGT-1,8
TGGCAGATTACGATCA-1,4
TGGCAGCAGTAATAGT-1,4
TGGCATGAAGTTTGGG-1,5
TGGCCAAACTGAAGTA-1,9
TGGCCAATTTGGTACT-1,5
TGGCCGTATATTGACC-1,9
TGGCGACTGCTCCAAA-1,5
TGGCGATCAAGTTATG-1,5
TGGCGGTGTGCGATTG-1,1
TGGCTACACTCTACCT-1,1
TGGCTATGTGACATAC-1,7
TGGCTCTTGTCGCGTA-1,5
TGGCTTATGTATAATG-1,1
TGGCTTGTACAAGCTT-1,8
TGGCTTTGGGTAGACA-1,3
TGGGAAATGCCTTTCC-1,3
TGGGACCATTGGGAGT-1,8
TGGGATGCACTCATTC-1,8
TGGGCAATAGTTGGGT-1,1
TGGGCACAAACAGAAC-1,1
TGGGCACGTTCTATGG-1,1
TGGGCAGGCCACCGCA-1,1
TGGGCCACAAGAGCGC-1,1
TGGGCCCATACTAATT-1,5
TGGGCCTTGCCTGCAT-1,1
TGGGCGATACAATAAG-1,1
TGGGTAAGGTTCCCGC-1,8
TGGGTGCACAAGCCAT-1,1
TGGGTGGGATGTCATT-1,8
TGGGTGTAATAGATTT-1,1
TGGGTGTTAAGTAGAA-1,1
TGGGTTCCCGGACGGA-1,1
TGGGTTTCGGGCGTAC-1,6
TGGTAAGCAGGATTGA-1,5
TGGTACCGGCACAGCC-1,2
TGGTAGAATATATGGG-1,5
TGGTATCGCATCCCAA-1,8
TGGTATCGGTCTGTAT-1,8
TGGTCCCACGCTACGG-1,5
TGGTCGATATACCTCT-1,6
TGGTCGGGTACAGGGC-1,6
TGGTCGTGCAAGGCAA-1,1
TGGTCGTTTGATAGAT-1,2
TGGTCTAGCTTACATG-1,1
TGGTCTGTTGGGCGTA-1,3
TGGTGATCGTATTTGT-1,1
TGGTGCCCTGCCTTAC-1,6
TGGTGTGACAGACGAT-1,2
TGGTTAACTTACATTT-1,7
TGGTTAAGGGCGCTGG-1,1
TGGTTATGCTTGCGGT-1,1
TGGTTCAACGGGTAAT-1,5
TGGTTCGTAGCAAAGG-1,3
TGGTTGGAGGATCCTG-1,8
TGGTTTAAACGTGGGT-1,1
TGTAACTTGTCAACCT-1,8
TGTAAGACTGATAAGA-1,1
TGTAATGACCACAATA-1,9
TGTAATGCCTTCGGAC-1,8
TGTACCCGACCCTAAT-1,1
TGTACCTACACGAGGG-1,1
TGTACGAACAAATCCG-1,4
TGTACGCTATCAGCTT-1,2
TGTACTACTCTCACGG-1,8
TGTACTATCGCTCGTT-1,6
TGTACTGTGCCAAAGT-1,1
TGTACTTCCGGGCATG-1,6
TGTAGCCAATTCCGTT-1,1
TGTAGCCATCCCATTC-1,1
TGTAGGAGAAATTTCC-1,9
TGTAGTGATCTATAAT-1,3
TGTATAACAGATCCTG-1,9
TGTATACGGATGATGA-1,6
TGTATCAGACTGAAGC-1,8
TGTATCCTTATTCCAT-1,0
TGTATGGCGCAGACAG-1,5
TGTATTTACCTAATGC-1,8
TGTCATTTGTTGGGAA-1,1
TGTCCACGGCTCAACT-1,1
TGTCCCGACATAGCAC-1,0
TGTCCGCAAACAATTC-1,6
TGTCCGTGGCGCCTTT-1,9
TGTCCTAAGTCACCGC-1,9
TGTCGGCATGGTGGAA-1,1
TGTCGTGGGTATAGGC-1,6
TGTCGTTATCACATAT-1,7
TGTCTACAGTTTCTGT-1,0
TGTGACTACGCCAGTC-1,9
TGTGACTAGAGTTTGC-1,1
TGTGAGACTAGCCCAA-1,5
TGTGATTCCAGCGCTT-1,2
TGTGCCAGAGGCAAAG-1,1
TGTGCCGGTGCCGGAA-1,1
TGTGCTTTACGTAAGA-1,3
TGTGGACTATCTACGT-1,1
TGTGGAGGAAGCTTAA-1,2
TGTGGCAAAGCGTATG-1,9
TGTGGCGGGCTTCTGG-1,1
TGTGGCTCCCACCAAC-1,1
TGTGGTAGGGTGCCTT-1,1
TGTGGTTGCTAAAGCT-1,1
TGTGTAGTAGCACGTG-1,1
TGTGTCGAAGTCGAGG-1,1
TGTGTCGCGAGTTGCA-1,3
TGTGTGACCATGAATC-1,7
TGTGTTCGTATCCAAG-1,3
TGTTAACAAAGTGACT-1,6
TGTTATTGTATGTGGC-1,4
TGTTCATAAATGTGCT-1,1
TGTTCCGCTTCCATGA-1,3
TGTTCCGGCCTGAGCT-1,1
TGTTCGTATTGCGGTG-1,5
TGTTCTCATACTATAG-1,1
TGTTCTCTACTCCCTA-1,8
TGTTCTTCCATTGACT-1,3
TGTTGATCACTGTTTA-1,2
TGTTGCCGTCGTCCCA-1,1
TGTTGGCTGGCGGAAG-1,2
TGTTGTCAAGAAGTCT-1,9
TGTTTAATACTTCATC-1,8
TGTTTCGGTACTTCTC-1,0
TGTTTCTGAAGCGTGC-1,7
TGTTTGAGATCGTCAG-1,1
TTAAACAGAGTCCCGC-1,1
TTAAACCGGTAGCGAC-1,1
TTAAACCTGGTTCCTT-1,1
TTAAACTCGAATTCAT-1,4
TTAAAGGCGATGCTCG-1,6
TTAAAGTAAGTCGCCA-1,1
TTAACACCTCGAACAT-1,3
TTAACCAACCCTCCCT-1,9
TTAACCCGAGGCGTGT-1,6
TTAACGAACAAGCAGT-1,1
TTAACGTCGCAAGACC-1,0
TTAACGTTAAAGCCTG-1,1
TTAACTCACGCGTGGA-1,1
TTAACTGATCGTTTGG-1,1
TTAACTTCAGGTAGGA-1,5
TTAAGACGAACGAACC-1,8
TTAAGATACCCAGAGA-1,6
TTAAGATAGGATTGAC-1,5
TTAAGCCGACAACTTC-1,1
TTAAGCGCCTGACCCA-1,9
TTAAGGATACGGAGGT-1,1
TTAAGGCCCGTACTTT-1,5
TTAAGTATTGTTATCC-1,1
TTAATCAGTACGTCAG-1,1
TTAATGCGAGGTAACT-1,8
TTAATGTAGACCAGGT-1,3
TTAATGTGTTTGCAGG-1,1
TTAATTGCTTTGGGTG-1,7
TTAATTTCAGACGCGG-1,0
TTACAACTACGCATCC-1,1
TTACACGATCTGCGAC-1,1
TTACAGACCTAAATGA-1,1
TTACATCGTGGCCTGG-1,3
TTACATGCCACAACTA-1,5
TTACCATTGATTACCC-1,3
TTACCCATTGCCGGGT-1,1
TTACCCTAACAGTCCT-1,3
TTACCCTAGGGATTGG-1,5
TTACCGCCTTAGGGAA-1,1
TTACGGATGGTTCGAG-1,4
TTACGGTGTCACCGAG-1,1
TTACGTAGCGCGTGCT-1,2
TTACGTATCTATGACA-1,1
TTACTAAAGGACTTTA-1,5
TTACTATCGGCTTCTC-1,3
TTACTCCGGCCGGGAA-1,9
TTACTCTGGTACGTAC-1,4
TTACTGGGATATTTCA-1,4
TTACTGTCTAGAGCTC-1,8
TTACTGTTTCTCTACG-1,2
TTAGAAGAACATGACT-1,5
TTAGAATAAGGGTCGG-1,5
TTAGACACGATCGTTG-1,1
TTAGACGAGTCACCTC-1,5
TTAGAGGGATATACAG-1,1
TTAGAGTATTGTCGAG-1,6
TTAGAGTTTAGAAGGA-1,5
TTAGATAGGTCGATAC-1,1
TTAGCAACATGGATGT-1,3
TTAGCATCCCTCACGT-1,6
TTAGCCATAGGGCTCG-1,6
TTAGCGAATAGATAGG-1,2
TTAGCTAATACGATCT-1,1
TTAGCTCTGTAATCCG-1,3
TTAGCTGATTTGCCGT-1,5
TTAGGATGGGAGGGTA-1,1
TTAGGTCATAACCGAC-1,7
TTAGGTGTGACTGGTC-1,8
TTAGTAAACCTGCTCT-1,1
TTAGTAGGGCGGCGGG-1,3
TTAGTTATTCGTGGCA-1,5
TTAGTTCAAGTGTTCG-1,1
TTATAGATGCACATTA-1,8
TTATAGGTAATTGTCT-1,5
TTATAGTCCAAGGTGC-1,8
TTATATACGCTGTCAC-1,4
TTATATTTGGCAATCC-1,9
TTATCATACTCGCAAA-1,2
TTATCCAATCGAACTC-1,3
TTATCCGGGATCTATA-1,5
TTATCCTCAAGGAATA-1,5
TTATCGCCTGCGAAGC-1,1
TTATCTGACATTAGGA-1,5
TTATCTGTATCATAAC-1,3
TTATGAATGAAAGGGA-1,4
TTATGACAAACTGGAT-1,3
TTATGATCTTAACGAA-1,4
TTATGCGTCCCGGTCC-1,1
TTATGTTTGCGATAGA-1,3
TTATTAGAGCGTGTTC-1,5
TTATTAGGGAAGCATC-1,9
TTATTATCTGGAAGGC-1,1
TTATTTAGGTTCCTTA-1,6
TTATTTCATCCCAAAC-1,2
TTCAAAGTCTCTAGCC-1,9
TTCAACGACCCGACCG-1,3
TTCAAGCCGAGCTGAG-1,1
TTCAATACTCTGAATC-1,4
TTCAATTAGCCATAAT-1,8
TTCACGAAAGGATCAC-1,9
TTCACGGTCGTCACGT-1,6
TTCACTCGAGCACCTA-1,5
TTCACTTCCTAGAACG-1,1
TTCAGAGTAACCTGAC-1,1
TTCAGCCCTGGTCCAC-1,5
TTCAGCTGGCGTGCCC-1,1
TTCAGGCGTCAAAGCC-1,4
TTCAGTTCAAGAGGAG-1,6
TTCAGTTTGTGGCAGC-1,1
TTCATAGCCTTGTAAC-1,1
TTCATAGGGTGTCCAT-1,1
TTCATGGCGCAACAGG-1,1
TTCCAATCAGAGCTAG-1,1
TTCCAATCTGGCTATC-1,5
TTCCACACAGATTTGA-1,5
TTCCACATTTCTCGTC-1,2
TTCCAGACGAGATTTA-1,7
TTCCAGTGGGTTTCGT-1,6
TTCCATCATGCGGTGA-1,8
TTCCATCGACAGCGTG-1,1
TTCCCAAAGTACTGAT-1,2
TTCCCGACGCTTCACT-1,2
TTCCCGGCGCCAATAG-1,5
TTCCGCAGAGAAATAT-1,1
TTCCGCGTGAGGCGAT-1,4
TTCCGGCCTTGAGGCT-1,5
TTCCGGCTCGACTTCT-1,8
TTCCGGTATCTGTGTC-1,1
TTCCGGTTACCCACTT-1,4
TTCCTCGAGGGTGTCT-1,9
TTCCTCGGACTAACCA-1,5
TTCCTCTGCCCGAATA-1,9
TTCCTTTCTGTGTTGC-1,1
TTCGAACGAAACATGC-1,6
TTCGACAGAGCCCGTG-1,5
TTCGACGGGAAGGGCG-1,9
TTCGAGCCGGCGCTAC-1,8
TTCGCACTCGCGTGCT-1,3
TTCGCACTGTACGACA-1,5
TTCGCATCCGGAAGCA-1,1
TTCGCCGCTCGCGCTA-1,5
TTCGCGCGCCATACGA-1,5
TTCGCTAGGAAGTTGT-1,1
TTCGCTATCTGACGTG-1,1
TTCGGACTGATGCCTT-1,8
TTCGGACTGGGCATGG-1,1
TTCGGCAACCCGCTGA-1,1
TTCGGCTAGAGATGGT-1,3
TTCGGGACTAATCGCG-1,4
TTCGGGCGCTAGTCTT-1,5
TTCGGGTTGCCACGGG-1,1
TTCGGTACTGTAGAGG-1,1
TTCGGTGGAGACGCCC-1,1
TTCGTAATCCCAGCGG-1,8
TTCGTACTCCAGAACG-1,3
TTCGTGCATGTTATAG-1,2
TTCGTGGGCTGGAAGC-1,8
TTCGTTCAACGAAGTT-1,1
TTCTAACCGAAGCTTA-1,4
TTCTACCTCAATCGGT-1,1
TTCTACCTTTATGTTG-1,8
TTCTACTTGCGAGGGC-1,3
TTCTAGAAAGTCTTAT-1,5
TTCTAGGCCAATTGTG-1,9
TTCTATGCCTTTCGCA-1,1
TTCTATTAAACGCAGC-1,1
TTCTCAATTGCTACAA-1,6
TTCTCTTACAGGTGAT-1,7
TTCTGACCGGGCTCAA-1,5
TTCTGCCGCGCCTAGA-1,5
TTCTGCGAGCGCCCTT-1,3
TTCTGCGGGTTAGCGG-1,4
TTCTGCTAGACTCCAA-1,1
TTCTGTTTCCTGTCGC-1,1
TTCTTAGTGAACGGTG-1,3
TTCTTAGTGGCTCAGA-1,9
TTCTTATCCGCTGGGT-1,7
TTCTTCCCTTTGATAT-1,2
TTCTTCGCAATAGAGC-1,2
TTCTTGAGCCGCGCTA-1,5
TTCTTGCTAGCATCTC-1,1
TTCTTGGACGATCTGC-1,5
TTCTTGGAGTAATGAG-1,0
TTCTTGTAACCTAATG-1,3
TTCTTGTGTCCATCAG-1,1
TTCTTTGGTCGCGACG-1,1
TTGAAACCCTCATTCC-1,6
TTGAAAGGTGTAAAGG-1,8
TTGAACGAATCCTTTG-1,0
TTGAACGACGTGCTGA-1,1
TTGAAGAATTCCCAGG-1,3
TTGAAGGATGGGCGCC-1,7
TTGAAGTGCATCTACA-1,2
TTGAATATGGACTTTC-1,9
TTGAATCGTTGTATAA-1,5
TTGAATTCACGTGAGG-1,5
TTGACAGGAGCTCCCG-1,5
TTGACATGAACGTGGA-1,4
TTGACCAGGAACAACT-1,1
TTGACCATGTTCTCCG-1,9
TTGACCGTGTTAATGA-1,5
TTGACGATTCAGCACG-1,1
TTGACGCTCCATGAGC-1,5
TTGACTACCATATGGT-1,4
TTGACTATTGTCCGGC-1,5
TTGAGAAGTTTAGCAT-1,5
TTGAGAGTACTGCTAA-1,4
TTGAGCAGCCCACGGT-1,1
TTGAGCGCCACGTGAT-1,1
TTGAGGCATTTAACTC-1,8
TTGAGGGTCGAACGCG-1,8
TTGAGTCCCGCTGCTG-1,1
TTGATAGTCAATACAT-1,1
TTGATCTAACTTTGTC-1,3
TTGATGCCGCTCGTCG-1,1
TTGATGTGTAGTCCCG-1,1
TTGATTAGCTGTTTCT-1,5
TTGATTATGCAGATGA-1,3
TTGCAAGAAGACTCCT-1,1
TTGCACAATTCAGAAA-1,4
TTGCACGGAGCAGCAC-1,3
TTGCAGGTCATGAAGT-1,2
TTGCATGCTGATCACG-1,3
TTGCCAAGCAGAACCC-1,1
TTGCCATAGCCCGCTC-1,5
TTGCCCTGATCACGGG-1,3
TTGCCGCAGACCTACA-1,7
TTGCCGCTTTCTAGTA-1,1
TTGCCGGTGATCCCTC-1,8
TTGCCTAATCCAAAGT-1,1
TTGCCTTCTCGCCGGG-1,1
TTGCGCACAACCACGT-1,6
TTGCGCTCTCTCGCTT-1,1
TTGCGCTTGATCAATA-1,1
TTGCGGAAAGCTGCCC-1,6
TTGCGGCATCAGAAAG-1,5
TTGCGGCGACTCATGC-1,2
TTGCGTAGTTTGAGGA-1,0
TTGCGTCGGCCAACCG-1,5
TTGCGTGAACGCTTAG-1,1
TTGCGTGTGTAGGCAT-1,1
TTGCTAGCTACCAATC-1,8
TTGCTCATAGTACGTG-1,1
TTGCTCCCATACCGGA-1,9
TTGCTGAAGGAACCAC-1,0
TTGCTGATCATGTTCG-1,3
TTGCTGCACCTATCCA-1,3
TTGCTGGCCGGGCTTC-1,8
TTGGAAGAATACAGTC-1,5
TTGGACATGTGGCTTA-1,9
TTGGACCATCTGGCAA-1,1
TTGGACCTATAACAGT-1,5
TTGGAGTCTCCCTTCT-1,1
TTGGATATCGTCTACG-1,5
TTGGATCGACTTCTGG-1,0
TTGGATTGGGTACCAC-1,0
TTGGCCAAATTGTATC-1,6
TTGGCCATCTTGCGCT-1,0
TTGGCCTAGAATTTCG-1,1
TTGGCGATCCGAATAT-1,1
TTGGCTCAATATGTGT-1,1
TTGGCTCGCATGAGAC-1,9
TTGGGAAGACGAGCCG-1,1
TTGGGACACTGCCCGC-1,3
TTGGGACGTAAGAGTT-1,1
TTGGGCGGCGGTTGCC-1,9
TTGGGTTTATTCAGCG-1,8
TTGGTATGGCTTGTGT-1,1
TTGGTCACACTCGTAA-1,5
TTGGTGCGGTGTTGAA-1,8
TTGGTTCGCTCAAAGG-1,1
TTGGTTGCGGTGCGCG-1,5
TTGTAACTTCATAGCG-1,2
TTGTAAGGACCTAAGT-1,5
TTGTAAGGCCAGTTGG-1,9
TTGTAATCCGTACTCG-1,3
TTGTACACCTCGAACA-1,1
TTGTATCACACAGAAT-1,1
TTGTCACCGCGGTATC-1,5
TTGTCGTTCAGTTACC-1,3
TTGTCTCGGCAAGATG-1,6
TTGTGAACCTAATCCG-1,1
TTGTGAGGCATGACGC-1,5
TTGTGATCTGTTCAGT-1,1
TTGTGCAGCCACGTCA-1,7
TTGTGCGGAAGCGGAT-1,1
TTGTGGAGACAGCCGG-1,6
TTGTGGCCCTGACAGT-1,3
TTGTGGTAGGAGGGAT-1,5
TTGTGGTATAGGTATG-1,8
TTGTGGTGGTACTAAG-1,1
TTGTGTATGCCACCAA-1,4
TTGTGTTTCCCGAAAG-1,5
TTGTTAGCAAATTCGA-1,0
TTGTTCAGTGTGCTAC-1,3
TTGTTCTAGATACGCT-1,1
TTGTTGGCAATGACTG-1,6
TTGTTGTGTGTCAAGA-1,9
TTGTTTCACATCCAGG-1,5
TTGTTTCATTAGTCTA-1,5
TTGTTTCCATACAACT-1,5
TTGTTTGTATTACACG-1,6
TTGTTTGTGTAAATTC-1,1
