barcode,cluster
AAACAACGAATAGTTC-1,19
AAACAAGTATCTCCCA-1,21
AAACAATCTACTAGCA-1,4
AAACACCAATAACTGC-1,17
AAACAGAGCGACTCCT-1,41
AAACAGCTTTCAGAAG-1,12
AAACAGGGTCTATATT-1,1
AAACAGTGTTCCTGGG-1,28
AAACATGGTGAGAGGA-1,18
AAACATTTCCCGGATT-1,21
AAACCACTACACAGAT-1,38
AAACCCGAACGAAATC-1,0
AAACCGGAAATGTTAA-1,19
AAACCGGGTAGGTACC-1,25
AAACCGTTCGTCCAGG-1,0
AAACCTAAGCAGCCGG-1,3
AAACCTCATGAAGTTG-1,12
AAACGAAGAACATACC-1,1
AAACGAAGATGGAGTA-1,2
AAACGAGACGGTTGAT-1,3
AAACGCCCGAGATCGG-1,37
AAACGCTGGGCACGAC-1,16
AAACGGGCGTACGGGT-1,0
AAACGGGTTGGTATCC-1,3
AAACGGTTGCGAACTG-1,24
AAACGTGTTCGCCCTA-1,14
AAACTAACGTGGCGAC-1,7
AAACTCGGTTCGCAAT-1,11
AAACTCGTGATATAAG-1,16
AAACTGCTGGCTCCAA-1,7
AAACTTAATTGCACGC-1,24
AAACTTGCAAACGTAT-1,5
AAAGAATGACCTTAGA-1,9
AAAGAATGTGGACTAA-1,23
AAAGACATGAAGTTTA-1,34
AAAGACCCAAGTCGCG-1,6
AAAGACTGGGCGCTTT-1,1
AAAGCTTGCCTACATA-1,29
AAAGGCCCTATAATAC-1,7
AAAGGCTACGGACCAT-1,1
AAAGGCTCTCGCGCCG-1,7
AAAGGGATGTAGCAAG-1,33
AAAGGGCAGCTTGAAT-1,14
AAAGGTAAGCTGTACC-1,6
AAAGTAGCATTGCTCA-1,9
AAAGTCACTGATGTAA-1,6
AAAGTCGACCCTCAGT-1,25
AAAGTGCCATCAATTA-1,4
AAAGTGTGATTTATCT-1,36
AAAGTTGACTCCCGTA-1,23
AAATAACCATACGGGA-1,27
AAATAAGGTAGTGCCC-1,33
AAATACCTATAAGCAT-1,14
AAATAGCTTAGACTTT-1,1
AAATAGGGTGCTATTG-1,19
AAATCCGATACACGCC-1,0
AAATCGCGGAAGGAGT-1,17
AAATCGTGTACCACAA-1,35
AAATCTAGCCCTGCTA-1,36
AAATGACTGATCAAAC-1,7
AAATGATTCGATCAGC-1,9
AAATGCTCGTTACGTT-1,14
AAATGGCATGTCTTGT-1,10
AAATGGCCCGTGCCCT-1,5
AAATGGTCAATGTGCC-1,31
AAATGTATCTTATCCC-1,22
AAATGTGGGTGCTCCT-1,7
AAATTAACGGGTAGCT-1,32
AAATTAATAAGCGCGA-1,9
AAATTACACGACTCTG-1,6
AAATTACCTATCGATG-1,38
AAATTCCAGGTCCAAA-1,15
AAATTGATAGTCCTTT-1,6
AAATTGCGGCGGTTCT-1,26
AAATTGGTGAGAAGCA-1,17
AAATTTACCGAAATCC-1,14
AAATTTGCGGGTGTGG-1,4
AACAACTGGTAGTTGC-1,2
AACAATACATTGTCGA-1,10
AACAATTACTCTACGC-1,3
AACACACGCTCGCCGC-1,1
AACACGACTGTACTGA-1,13
AACACGAGACGCGGCC-1,2
AACACGCGGCCGCGAA-1,26
AACAGCTGTGTGGCAA-1,3
AACAGGAAATCGAATA-1,37
AACAGGATGGGCCGCG-1,19
AACAGGTAGTATGGAT-1,34
AACATAGCGTGTATCG-1,3
AACATATCAACTGGTG-1,38
AACATCGATACGTCTA-1,1
AACATTGAAGTTGATC-1,11
AACATTGGTCAGCCGT-1,1
AACATTGTGACTCGAG-1,10
AACCAAGACTTCTCTG-1,24
AACCAGTATCACTCTT-1,7
AACCATAGGGTTGAAC-1,19
AACCATGGGATCGCTA-1,5
AACCCAGAGACGGAGA-1,7
AACCCATCCCATGATC-1,14
AACCCGACAACCCGTG-1,32
AACCCGAGCAGAATCG-1,34
AACCCGATAGGGCTTC-1,15
AACCCGCTGTATTCCA-1,0
AACCCTACTGTCAATA-1,9
AACCCTGGTGGAACCA-1,24
AACCGAGCTTGGTCAT-1,42
AACCGCTAAGGGATGC-1,30
AACCGTTGTGTTTGCT-1,27
AACCTAAAGCCGTCCG-1,18
AACCTCGCTTTAGCCC-1,18
AACCTGTCACGGAATT-1,38
AACCTTTAAATACGGT-1,7
AACCTTTACGACGTCT-1,28
AACGAAAGTCGTCCCA-1,22
AACGACCTCCTAGCCG-1,1
AACGATAATGCCGTAG-1,21
AACGATAGAAGGGCCG-1,11
AACGATATGTCAACTG-1,10
AACGCATGATCTGGGT-1,19
AACGCGAACGGCAACA-1,2
AACGCGACCTTGGGCG-1,5
AACGCGGTCTCCAGCC-1,15
AACGCTGTTGCTGAAA-1,0
AACGGACGTACGTATA-1,17
AACGGCCATCTCCGGT-1,3
AACGTACTGTGGGTAC-1,24
AACGTAGTCTACCCAT-1,9
AACGTCAGACTAGTGG-1,20
AACGTCATCCGGCTTG-1,0
AACGTCGCTGCACTTC-1,20
AACGTGATGAAGGACA-1,12
AACGTGCGAAAGTCTC-1,1
AACGTTATCAGCACCT-1,31
AACGTTCTACCATTGT-1,3
AACTACCCGTTTGTCA-1,17
AACTAGCGTATCGCAC-1,23
AACTAGGCTTGGGTGT-1,7
AACTCAAGTTAATTGC-1,24
AACTCCAGAGCGTGTT-1,0
AACTCCTAATCCCATG-1,0
AACTCGATAAACACGT-1,2
AACTCGATGGCGCAGT-1,3
AACTCTCAATAGAGCG-1,24
AACTCTCAGTGTGCTC-1,20
AACTGAGGTCAGCGTC-1,24
AACTGAGTTATACTGA-1,3
AACTGATATTAGGCCT-1,38
AACTGGGTCCCGACGT-1,43
AACTGGGTTCGAGCCG-1,7
AACTGGTGTGGGCCTT-1,24
AACTTCTGCGTCTATC-1,14
AACTTGCCCGTATGCA-1,7
AACTTGCGTTCTCGCG-1,5
AACTTTACGGGAGCTT-1,11
AACTTTAGCTGCTGAG-1,8
AACTTTCTCGATCATG-1,29
AAGAAATCACCAGATT-1,14
AAGAAGGATCAGTTAG-1,30
AAGACATACGTGGTTT-1,1
AAGACCAAATAACTCA-1,5
AAGACCCAACTGAACA-1,5
AAGACTAACCCGTTGT-1,30
AAGACTCACGCCCACT-1,33
AAGACTGCAAGCTACT-1,4
AAGAGATGAATCGGTA-1,7
AAGAGCTCTTTATCGG-1,13
AAGAGGATGTACGCGA-1,27
AAGAGGCATGGATCGC-1,16
AAGAGGCCCTTTGGAA-1,6
AAGATGGCACCGGACC-1,17
AAGATTGGCGGAACGT-1,10
AAGCACCCTGCGTATC-1,19
AAGCATACTCTCCTGA-1,34
AAGCCACTTGCAGGTA-1,35
AAGCCGAAGCGGTTTA-1,25
AAGCCGCCGTGAAATC-1,32
AAGCCGCTTTACCTTG-1,14
AAGCCGGAGAGCAGGA-1,2
AAGCGCAGGGCTTTGA-1,21
AAGCGGAGTGCGCGCA-1,6
AAGCGGCGTCATGGGT-1,16
AAGCGTCCCTCATCGA-1,5
AAGCTAGATCGAGTAA-1,6
AAGCTCGTGCCAAGTC-1,1
AAGCTCTTTCATGGTG-1,2
AAGGAGAACTTATAAG-1,20
AAGGAGCGGTTGGTGC-1,2
AAGGATCGATCGCTTG-1,23
AAGGATGAGGGACCTC-1,38
AAGGCAGGCTGTCTCC-1,18
AAGGCGCGTAAAGCTT-1,30
AAGGCTGTGCTCATCG-1,18
AAGGGAACGACTGGCT-1,8
AAGGGACAGATTCTGT-1,15
AAGGGACTATGCATTC-1,18
AAGGGTTAGCCATGCG-1,7
AAGGGTTTGATTTCAG-1,4
AAGGTATCCTAATATA-1,15
AAGGTGATAAACCAGC-1,26
AAGTAAGCTTCCAAAC-1,29
AAGTAGAAGACCGGGT-1,9
AAGTAGTGACGCGAGG-1,18
AAGTCAATTGTCGTCA-1,5
AAGTCTAGTAGCTGCC-1,29
AAGTCTTCTGTGGCCT-1,22
AAGTGACGACCGAATT-1,1
AAGTGAGTCGGGTTTA-1,1
AAGTGCAAAGGTAGAC-1,14
AAGTGCCTTGACTGTA-1,7
AAGTGCGTTAGAATCT-1,11
AAGTGCTTCTCTATTG-1,18
AAGTGTTTGGAGACGG-1,35
AAGTTCACTCCAAGCT-1,11
AAGTTCAGTCTGCGTA-1,2
AAGTTCGGCCAACAGG-1,12
AAGTTGTGATGTTATA-1,11
AAGTTTACTAATGGCA-1,28
AAGTTTATGGGCCCAA-1,4
AATAACAACGCTCGGC-1,1
AATAACACTAGAACAA-1,5
AATAACGTCGCGCCCA-1,25
AATAAGTCCTCGAGAC-1,18
AATAATCTTCGTATCG-1,10
AATACAATGTTTCAGG-1,18
AATACCGGAGGGCTGT-1,13
AATACCTGATGTGAAC-1,21
AATAGAACAGAGTGGC-1,4
AATAGAATCTGTTTCA-1,20
AATAGCAAGCCTCCTG-1,7
AATAGCTACCGCGTGC-1,20
AATAGGCACGACCCTT-1,32
AATAGTCCGTCCCGAC-1,1
AATAGTCGCGAGTCGG-1,23
AATATCAAGGTCGGAT-1,12
AATATCCTAGCAAACT-1,12
AATATCGAATCAATGC-1,20
AATATCGAGGGTTCTC-1,28
AATATTGGAGTATTGA-1,9
AATCAGACTGCAGGAC-1,36
AATCAGGTTTCATTTA-1,5
AATCATGTAAAGACTC-1,21
AATCCAAGGGCCTGAG-1,20
AATCCATGCAAGGGTG-1,22
AATCCCGCTCAGAGCC-1,7
AATCGAGGTCTCAAGG-1,1
AATCGCCTCAGCGCCA-1,23
AATCGCGCAGAGGACT-1,29
AATCGGGACACTACGA-1,28
AATCGGTATAGCCCTC-1,9
AATCGTGAGCCGAGCA-1,5
AATCTAGGTTTACTTG-1,2
AATCTATGCCGGAGCC-1,14
AATCTCTACTGTGGTT-1,31
AATCTGCGTTGGGACG-1,33
AATCTGGCTTTCTAGT-1,4
AATCTGGGTAGACCCT-1,13
AATGACAGCAATGTCT-1,5
AATGACGTAGGATGTC-1,9
AATGACTGTCAGCCGG-1,23
AATGAGTTCGCATATG-1,2
AATGATGATACGCTAT-1,16
AATGATGCGACTCCTG-1,32
AATGCAACCGGGTACC-1,19
AATGCACCAAGCAATG-1,16
AATGGTCCACCGTTCA-1,9
AATGGTTCTCACAAGC-1,26
AATGTATGGCACTGTA-1,22
AATGTGCCCGAGGTGT-1,20
AATGTGCTAATCTGAG-1,21
AATGTTAAGACCCTGA-1,3
AATGTTGTCGTGAGAC-1,35
AATTAAAGGTCGGCGT-1,27
AATTAACGGATTTCCA-1,25
AATTACGAGACCCATC-1,12
AATTACTCGTACGCTC-1,12
AATTAGCGCTGCAGCG-1,4
AATTATACCCAGCAAG-1,3
AATTCATAAGGGATCT-1,37
AATTCATTGTCATGCA-1,3
AATTCCAACTTGGTGA-1,3
AATTCCAAGCATGTAC-1,17
AATTCGATTCGAGGAT-1,7
AATTCTAGAGTTAGGC-1,6
AATTGAACGCTCTGGT-1,2
AATTGCAGCAATCGAC-1,20
AATTGCGTGGATTACA-1,11
AATTGTGGTTGCCAAA-1,3
AATTTGGGACATAGTA-1,20
AATTTGGTTCCAAAGA-1,10
ACAAACCATGCGTCCT-1,7
ACAAACCGACAAGGCG-1,0
ACAAACTCCATCAGAG-1,32
ACAAAGAAGGTAGGCC-1,1
ACAAAGCATGACCTAG-1,9
ACAAATCGCACCGAAT-1,5
ACAAATGGTAGTGTTT-1,30
ACAAATTCAGATCTGA-1,7
ACAACAGCATGAGCTA-1,37
ACAACGGTCCCTGCGA-1,11
ACAAGCAGTGCCTAGC-1,0
ACAAGCTATATGGAAG-1,8
ACAAGGAAATCCGCCC-1,34
ACAAGGACAAGAGGTT-1,21
ACAAGGATGCTTTAGG-1,29
ACAAGGCCTACCAGCC-1,16
ACAAGGGCAGGCTCTG-1,1
ACAATAGTCGTACGTT-1,0
ACAATCCATTTAAACC-1,12
ACAATCGATCTTTATA-1,31
ACAATGAATACGGAGA-1,25
ACAATGATTCTTCTAC-1,4
ACAATTGTGTCTCTTT-1,25
ACAATTTAGGAGGCTC-1,26
ACAATTTGAGCAGTGG-1,27
ACAATTTGGCCATATT-1,10
ACACAAAGACGGGTGG-1,1
ACACAAATATTCCTAG-1,8
ACACACCAGGACCAGT-1,23
ACACACTTTCTACACG-1,18
ACACATGATCAAATCT-1,2
ACACATTGACGCAACA-1,14
ACACATTTCCGTAGAC-1,39
ACACCACATAATTAGC-1,15
ACACCCAGCATGCAGC-1,4
ACACCCGAGAAATCCG-1,2
ACACCGAGCGCTCTTT-1,32
ACACCGGTCTGACCGC-1,36
ACACCTTAAGTAGGGC-1,4
ACACCTTACTACTTGC-1,29
ACACGAGACTCCTTCT-1,41
ACACGGCACTATGCAT-1,24
ACACGGGAACTTAGGG-1,38
ACACGTAGGCCACAAG-1,3
ACACTCCAATGTCACT-1,20
ACACTGATCAAGGTGT-1,20
ACACTGGGACAGTCGT-1,3
ACAGAACTGAGAACAA-1,4
ACAGATTAGGTTAGTG-1,28
ACAGCATAGAGCCAGT-1,10
ACAGCGACATTCTCAT-1,27
ACAGCGCACCCGCAGC-1,19
ACAGGAGGCGCAGCCG-1,23
ACAGGCACGGATCCTT-1,25
ACAGGCTTGCCCGACT-1,27
ACAGGTGGAGGTGAGG-1,4
ACAGGTGTGTTGTTGC-1,11
ACAGTAATACAACTTG-1,0
ACAGTATACCGTGGGA-1,29
ACATAAGTCGTGGTGA-1,17
ACATAATAAGGCGGTG-1,8
ACATACAATCAAGCGG-1,28
ACATCAGCTGGGACGC-1,9
ACATCCCGGCCATACG-1,22
ACATCCTGGTAACTGT-1,26
ACATCGATCGTTTACC-1,5
ACATCGCAATATTCGG-1,9
ACATCGGTCAGCCGCG-1,1
ACATCGTATGCAATGG-1,3
ACATCGTTAACCTAGT-1,8
ACATCTCAACGCGTAA-1,14
ACATGGCGCCAAAGTA-1,23
ACATGGCTCAATTTAG-1,8
ACATTAGTTTATATCC-1,19
ACATTCGCGCGGAATA-1,31
ACATTTGAAACCTAAC-1,13
ACCAAACACCCAGCGA-1,6
ACCAAACTAGAAATCC-1,34
ACCAACACCACACACT-1,34
ACCAACCGCACTCCAC-1,11
ACCAACGCTTATTTAT-1,5
ACCAAGAACGCGTGTC-1,30
ACCAAGTCATCGGCAG-1,23
ACCAATATGCAAGTTA-1,14
ACCACAACTCAGAACA-1,2
ACCACAAGTTTCTATC-1,23
ACCACACGGTTGATGG-1,17
ACCACCAATGTAACAA-1,9
ACCACCCTCTCTTCTA-1,30
ACCACGTGCAGCTATA-1,11
ACCACTGTTCAAGAAG-1,21
ACCAGACCATAACAAC-1,30
ACCAGCCCGGTCTTTG-1,19
ACCAGGAGTGTGATCT-1,2
ACCAGTGCCCGGTCAA-1,32
ACCAGTGCGGGAGACG-1,8
ACCATATCCGCAATAA-1,12
ACCATCCGCCAACTAG-1,3
ACCATCGTATATGGTA-1,17
ACCATTAAGGGTGTCA-1,2
ACCCAACGCCCGTGGC-1,42
ACCCACCTACATGCTC-1,14
ACCCATCTTGAGGGTA-1,24
ACCCATTTGTCCCTCT-1,34
ACCCGAGCGAAATTAC-1,7
ACCCGATTGGTTCCGA-1,17
ACCCGGAAACTCCCAG-1,21
ACCCGGAGCACCACAA-1,23
ACCCGGATGACGCATC-1,8
ACCCGGTTACACTTCC-1,0
ACCCGTAGTCTAGTTG-1,25
ACCCGTGTCATCAGTA-1,22
ACCCTATAGGACTGAG-1,5
ACCCTATGCCATATCG-1,24
ACCCTCCCGTCAGGGC-1,34
ACCCTCCCTTGCTATT-1,5
ACCCTGGTAACGCCCT-1,22
ACCCTTCATCTGCGAA-1,27
ACCCTTGCCTGGGTCG-1,7
ACCCTTTAGTTCTCCA-1,16
ACCGAAAGGGCCCTGC-1,12
ACCGAAGAGTCTGGTT-1,22
ACCGACACATCTCCCA-1,11
ACCGACTGAGTCCCAC-1,38
ACCGAGTCTCCTTATT-1,1
ACCGATAGGCATAACC-1,11
ACCGATATTTAATCAT-1,3
ACCGATGGTAGCATCG-1,12
ACCGCAATAACTGCCT-1,34
ACCGCGGTGGAAGTCG-1,2
ACCGCTAGTCATTGGT-1,17
ACCGGGCCTTTGTTGA-1,26
ACCGGTCAGGTACACC-1,25
ACCGGTCTGAGTACGG-1,41
ACCGTCCACTGGGCCC-1,13
ACCGTGACCACGTGGG-1,18
ACCGTTCCCGCTCTGA-1,21
ACCTAAGTACCTTTCA-1,18
ACCTAATCGACTTCCT-1,23
ACCTACAGTATGTGGT-1,11
ACCTACTATAAATCTA-1,35
ACCTCAGCGAGGCGCA-1,0
ACCTCCGCCCTCGCTG-1,24
ACCTCCGTTATTCACC-1,31
ACCTCGAACTTATGCT-1,3
ACCTGCGTGTCATGTT-1,8
ACCTTTCCTTTAGAAG-1,9
ACGAAATGGGCGGCAC-1,2
ACGACCCATGAGTTGC-1,0
ACGACTCTAGGGCCGA-1,21
ACGACTGGTCATACTC-1,25
ACGAGAACCCATCACG-1,3
ACGAGATATTTGCTTA-1,7
ACGAGGATACCACTCT-1,2
ACGAGGTTTACAACGT-1,17
ACGAGTACGGATGCCC-1,37
ACGAGTCGCCGGCGTT-1,9
ACGATACATAGAACTA-1,43
ACGATACCTATCCTGA-1,30
ACGATCATACATAGAG-1,33
ACGATCATCTTGTAAA-1,9
ACGATGCATATGTTAT-1,7
ACGATGGATCCGATGC-1,17
ACGCAAACTAATAGAT-1,5
ACGCAATCACTACAGC-1,25
ACGCATAAATGACATG-1,41
ACGCATACGTTTACTA-1,16
ACGCATTCGTGAGTAC-1,37
ACGCCACTCGAAACAG-1,22
ACGCCAGATGATTTCT-1,24
ACGCCAGTGCGTTTGC-1,0
ACGCCCAGCTGTCGAT-1,4
ACGCCGCTAGACGACC-1,0
ACGCCTGACACGCGCT-1,7
ACGCGAAGTCAGACGA-1,25
ACGCGCTACACAGGGT-1,18
ACGCGGGCCAAGGACA-1,0
ACGCGTTTCTTAAGAG-1,26
ACGCTACTGAATGGGC-1,4
ACGCTAGTGATACACT-1,16
ACGCTGTGAGGCGTAG-1,21
ACGCTTAGTGTCTCTC-1,19
ACGGAACACGAGTGCC-1,3
ACGGAATTTAGCAAAT-1,30
ACGGACTCTCAAAGCG-1,9
ACGGAGCGCAAATTAC-1,9
ACGGATGGTGCGGATA-1,11
ACGGCACTTGCTTGGG-1,11
ACGGCCAACATGGACT-1,8
ACGGCGACGATGGGAA-1,34
ACGGCGGGTTGCCCTG-1,3
ACGGCTGGATGTAGAA-1,20
ACGGGAGTGTCGGCCC-1,8
ACGGGCGTATGCGACA-1,18
ACGGGTCATGTGACTT-1,14
ACGGTACAGTTCAATG-1,5
ACGGTCACCGAGAACA-1,10
ACGTACAGATTTCTCT-1,27
ACGTACTTTGGCACGG-1,6
ACGTAGATTGCTGATG-1,16
ACGTAGGAGAGTCGCT-1,34
ACGTATTACTCCGATC-1,26
ACGTCCTAAACGAGAT-1,2
ACGTCGGGCAACTCGG-1,3
ACGTCTCGTTCCGGGA-1,36
ACGTGACAAAGTAAGT-1,2
ACGTGCGCCTCGTGCA-1,1
ACGTGGTCGAATGTGC-1,25
ACGTTAATGTCGAAGA-1,1
ACGTTAGATTTGCCCG-1,1
ACGTTATTGGTCACTC-1,11
ACGTTCACTATGCCGC-1,41
ACGTTCCGCGCTCCGT-1,24
ACGTTCGCAATCAATT-1,16
ACGTTCGTTCAGGAAA-1,3
ACGTTCTGTACAAGTC-1,17
ACGTTGTCGTTGAAAG-1,10
ACGTTTAGTTGTGATC-1,16
ACGTTTCGGTGCACTT-1,5
ACTAAGGACGCACACC-1,23
ACTAATACGTCAGGCG-1,41
ACTACAAAGAGAGGTG-1,21
ACTACATCCCGACAAG-1,19
ACTACCAGCTCTCTGG-1,22
ACTACCATCCGAGGGC-1,4
ACTACGCGTTAGAATT-1,19
ACTAGTTGCGATCGTC-1,23
ACTATATGCTGTGTTC-1,9
ACTATCCAGGGCATGG-1,4
ACTATCGCCGGCTAAA-1,4
ACTATCTGCCCGCGTA-1,16
ACTATGTCCAGCTGCC-1,20
ACTATTCGTCCGTGGT-1,28
ACTATTTCCGGGCCCA-1,19
ACTCAACGAATGTATT-1,30
ACTCAAGTGCAAGGCT-1,3
ACTCAATAAAGGCACG-1,43
ACTCAGACCTGCTTCT-1,41
ACTCATGGCAGCCTTC-1,30
ACTCCAATATCATCAT-1,31
ACTCCCATTCCTAAAG-1,5
ACTCCCGAATTCGTTT-1,27
ACTCCCGTAGACTAGG-1,14
ACTCCCTAATGCTAAA-1,12
ACTCCCTAGAATAGTA-1,0
ACTCCGGCCGACCACT-1,6
ACTCGATGTATTTCAT-1,22
ACTCGCCGTTCGATAA-1,5
ACTCGCGATCTGACGC-1,27
ACTCGTAACCCGTCCT-1,4
ACTCGTCAGTAATCCC-1,32
ACTCTAAACCTGGGAT-1,28
ACTCTCTGACTTAGGT-1,4
ACTCTCTTATACACGA-1,12
ACTCTGACCTAATAGA-1,0
ACTCTTCAGCTCCCGC-1,15
ACTCTTGTATAGTAAC-1,24
ACTGAAACGCCGTTAG-1,1
ACTGAATGGCGAAAGT-1,21
ACTGATTTAGTGATTC-1,19
ACTGCCCGCCATTCTC-1,5
ACTGCCGTCGTAACTC-1,38
ACTGCGGACACACCGT-1,38
ACTGCTCGGAAGGATG-1,14
ACTGGCGAACCTGCGT-1,16
ACTGGGATGCCAGTGC-1,27
ACTGTACGATACACAT-1,42
ACTGTAGCACTTTGGA-1,4
ACTGTATACGCGAGCA-1,29
ACTGTCCAGGATTATA-1,10
ACTGTCTTCTTTAGAA-1,10
ACTGTGCTAGTAGATC-1,18
ACTGTTTAGTGTAGGC-1,35
ACTTACCGGGCGCGCA-1,24
ACTTACGCATCCACGC-1,5
ACTTAGTACGACAAGA-1,22
ACTTATACTTACCCGG-1,9
ACTTATCTGATCTATA-1,7
ACTTATTAGGATCGGT-1,24
ACTTATTTATGTGCCA-1,9
ACTTCAGGCTGATCCC-1,0
ACTTCCAGTGGAAGCT-1,4
ACTTCCATGCGGGACA-1,5
ACTTCGCCATACGCAC-1,15
ACTTCGCTAGCGAGTG-1,32
ACTTGACTCCCTCTTT-1,27
ACTTGCCATATTGTAC-1,24
ACTTGCTCTATCTACC-1,10
ACTTGGGACCCGGTGG-1,4
ACTTGGGCTTTCGCCA-1,32
ACTTGTAGTCCCTTCA-1,7
ACTTGTGGATGGAACG-1,6
ACTTGTTACCGGATCA-1,7
ACTTTACCCTCATGAA-1,40
ACTTTCCTATAGCTTC-1,38
ACTTTGACTGCATCCT-1,31
ACTTTGGTCGTGCTCC-1,5
ACTTTGTCGACGCACT-1,4
AGAAATTATGACTCGC-1,40
AGAACCCAGCGTGACA-1,6
AGAACCCTCAATTGGG-1,19
AGAACGTGGTACATTC-1,38
AGAACTGTACTTTGTA-1,3
AGAAGAGCGCCGTTCC-1,29
AGAAGGTACACTTCAC-1,2
AGAAGGTTGCCGAATT-1,17
AGAAGGTTGTAGGTCG-1,4
AGAAGTGATTCGTGAT-1,26
AGAATAAATCTTCAGG-1,13
AGAATACAGGCTATCC-1,0
AGAATGCGGGTTCGGA-1,8
AGAATTATGGATTCGA-1,15
AGAATTGTTTGACATA-1,8
AGACAGCTCAGAATCC-1,13
AGACAGGCATCTCAGC-1,9
AGACATAGATCCTTCC-1,19
AGACCAAACCACACCT-1,11
AGACCATGGGATACAA-1,22
AGACCCACCGCTGATC-1,0
AGACCCGCCCTCCTCG-1,12
AGACCGCTCCGCGGTT-1,10
AGACCGGGAAACCCTG-1,31
AGACGAAGTGCCGGTC-1,34
AGACGACGATGCCGCT-1,12
AGACGCCCACTTCGCC-1,2
AGACGGGATTGGTATA-1,0
AGACGGGCCGATTTAA-1,28
AGACTAGCCTTCCAGA-1,11
AGACTGTTACCGGGTC-1,20
AGAGAAACACCAGAAA-1,3
AGAGAACCGTCTAGGA-1,40
AGAGAAGGAGTACAAT-1,11
AGAGATCTCTAAAGCG-1,18
AGAGCAGTTATGAGAC-1,3
AGAGCCGCCGAGATTT-1,3
AGAGCGCTTGTAACGG-1,26
AGAGCGGGCTAATCAT-1,21
AGAGCGTACAAGCTCG-1,8
AGAGCTACGAAAGCAT-1,7
AGAGGCTTCGGAAACC-1,27
AGAGGGACAATTGTCC-1,19
AGAGGTATCTCGGTCC-1,23
AGAGTAAACTTCACTA-1,14
AGAGTATAGTGTTACG-1,22
AGAGTCTTAATGAAAG-1,12
AGAGTTAGAGACCGAT-1,16
AGAGTTGCAGGCCTCC-1,8
AGATAACTTCAGGGCC-1,16
AGATACCAATAGAACC-1,22
AGATACCAGCACTTCA-1,25
AGATACCGGTGTTCAC-1,1
AGATACGACTTCATAT-1,4
AGATACTCAAGATCGA-1,0
AGATATAATACGACTA-1,5
AGATCGTGCATAAGAT-1,35
AGATCTCAGGTGTGAT-1,10
AGATGACTCGCCCACG-1,4
AGATGAGGGTTGCGAT-1,3
AGATGATGGAGTCTGG-1,1
AGATGCAAGACGTGCA-1,2
AGATGCATCCTGTGTC-1,14
AGATGCTATAACGAGC-1,3
AGATTATAGGACGTTT-1,7
AGATTCAAGCGGGTCG-1,6
AGATTCACAACCGATA-1,25
AGCAAAGGCCGCTAGT-1,5
AGCAACATATCTTATT-1,29
AGCAACCGAAAGTAAT-1,14
AGCACACGTTTAGACT-1,31
AGCACCAGTACTCACG-1,33
AGCACTACCGGCCTGT-1,21
AGCACTACCTCACCAG-1,10
AGCACTTAAGGACGCC-1,23
AGCAGAAGGAGAAAGA-1,14
AGCAGCCAGATGAATA-1,22
AGCAGTCGAAGCATGC-1,1
AGCATATCAATATGCT-1,7
AGCATCATTTCGAAAG-1,22
AGCATCGTCGATAATT-1,19
AGCATTACGAGGCAAG-1,20
AGCCAAGCTTTGTGTC-1,14
AGCCACAGGTTACCCG-1,5
AGCCACTCCCGTGCTT-1,42
AGCCATATAGTATGTG-1,37
AGCCCATACATGTAAG-1,19
AGCCCGCAACAAGCAG-1,14
AGCCCGCACTACAATG-1,5
AGCCCGGCATTAGAGG-1,16
AGCCCGGTAGCCTGTA-1,0
AGCCCTAAGCGAAGTT-1,10
AGCCCTCCCTGGTGGC-1,17
AGCCCTGTCGCACCGT-1,38
AGCCCTTCTAATCCGA-1,3
AGCCCTTGGACATCCC-1,1
AGCCGCAAATTCAAAT-1,8
AGCCGCTTGATTAGCG-1,10
AGCCGTGGCTAAATGT-1,17
AGCCTAATACCCACGT-1,19
AGCCTTAAAGCGGAAG-1,19
AGCGACAGGAACGGTC-1,7
AGCGACATCCCATTCA-1,12
AGCGACCAACGATATT-1,11
AGCGACTTTGAAGACA-1,28
AGCGAGACGTGAAGGC-1,20
AGCGATGCGCCTAATA-1,23
AGCGCATAATGAATCG-1,12
AGCGCGGGTGCCAATG-1,16
AGCGCTAGAGCGATGT-1,33
AGCGCTTATGGGCAAG-1,7
AGCGGACACTTCGTAG-1,17
AGCGGCGGTTAGCGGT-1,5
AGCGGGAAGGGTCCAT-1,4
AGCGGGTCTGACACTC-1,18
AGCGGTTGAGATGTAC-1,10
AGCGGTTGCCGCTCTG-1,26
AGCGTACGAGAGCTAG-1,12
AGCGTAGCGCTAGACC-1,29
AGCGTCTGAACCCGCA-1,23
AGCGTGGTATTCTACT-1,39
AGCGTTCCGATTTAAA-1,16
AGCTAACAAGCAATGT-1,20
AGCTAAGCTCCGTCCG-1,37
AGCTAAGTACGCAGGC-1,0
AGCTACGAATGGTGGT-1,7
AGCTAGAAGCAGAAGT-1,14
AGCTATTTAATCCAAC-1,28
AGCTCCATATATGTTC-1,32
AGCTCCTTCGCACATC-1,14
AGCTCGTTGATGGAAA-1,5
AGCTCTAGACGTTCCA-1,39
AGCTCTTCCCAGTGCA-1,32
AGCTCTTCGTAACCTT-1,29
AGCTCTTTACTCAGTT-1,31
AGCTGAAGTAAACCAA-1,34
AGCTGCATTTGAGGTG-1,15
AGCTGTAACCTCAATC-1,12
AGCTTATAGAGACCTG-1,20
AGCTTCAATACTTTGA-1,14
AGCTTCTTCTCGAGCA-1,0
AGCTTGATCTTAACTT-1,6
AGGAAAGCCTCTGATG-1,18
AGGAACGAACGACTTC-1,18
AGGAAGCTGTCCGCCG-1,19
AGGACAGTCGAATCCC-1,8
AGGACATCGCACGTCG-1,30
AGGACATCGGCACACT-1,27
AGGACGACCCATTAGA-1,5
AGGACGCTCGATGTTG-1,17
AGGACTTATAGGAGAA-1,14
AGGAGACATCCACAGT-1,4
AGGAGAGTCTGGCTAC-1,12
AGGAGCGTTTATTATC-1,1
AGGAGGCCTTCGCGCG-1,39
AGGATAAAGTCGGGAT-1,6
AGGATATAGGGATTTA-1,30
AGGATATCCGACTGCA-1,0
AGGATCACGCGATCTG-1,20
AGGATTGCTTACGACA-1,15
AGGCAAAGAGGAATCA-1,8
AGGCAATACGGAGGAC-1,23
AGGCACGTGACTGTCC-1,13
AGGCAGATGCGTAAAC-1,38
AGGCAGGGAGCGTACT-1,10
AGGCATTGTCGTAGGG-1,9
AGGCCACATTGGTTAC-1,13
AGGCCACCCGTTATGA-1,19
AGGCCCAGTGACTGGT-1,9
AGGCCCATTGTACAGG-1,8
AGGCCCTAGAACGCCA-1,22
AGGCCTATCATACCAA-1,0
AGGCCTGAGAATCTCG-1,6
AGGCGATAACTGGCGT-1,23
AGGCGGTTTGTCCCGC-1,35
AGGCGTCTATGGACGG-1,21
AGGCTATGGTTAGCTT-1,9
AGGCTTAAGTTGCACA-1,0
AGGCTTCCCGAAGAAG-1,0
AGGCTTGCTAGACACC-1,18
AGGGAAACGAGGTACT-1,0
AGGGACAGCACGGCGG-1,8
AGGGACCGGCTGCGTT-1,19
AGGGACTCTACGCGAC-1,17
AGGGAGACATACTTCG-1,33
AGGGCAGCGGCGTGGT-1,1
AGGGCCCTAATGTTCT-1,3
AGGGCGAGCAGCTGAT-1,4
AGGGCGTGATCGGCTA-1,8
AGGGCTGCAGTTACAG-1,39
AGGGTCAGAGCACTCG-1,6
AGGGTCAGTAACCCTA-1,23
AGGGTCGATGCGAACT-1,22
AGGGTCTGGACGCAGT-1,5
AGGGTGCCGTTCTTTA-1,21
AGGGTGCTCTCGAGGG-1,15
AGGGTGGATAGTGCAT-1,9
AGGGTTCAGACGGTCC-1,0
AGGGTTCCCTTTGGTT-1,33
AGGGTTTAGTTCGGGA-1,10
AGGTAACCTCCTATTC-1,12
AGGTACGATATTGCCA-1,39
AGGTAGATCGAGATAT-1,25
AGGTAGGTACAAAGCT-1,19
AGGTATAATTGATAGT-1,24
AGGTATGCGGACATTA-1,28
AGGTCAGGTGAGAGTG-1,11
AGGTCGCCACTTCGGT-1,8
AGGTCGCCTCCCAACA-1,23
AGGTCGCGGAGTTACT-1,41
AGGTGCACGTCCACAT-1,25
AGGTGGTGACCTTCGC-1,5
AGGTGTATCGCCATGA-1,24
AGGTGTTGCCGACCAC-1,21
AGGTTACACCATGCCG-1,17
AGGTTCTCCTTTCCGG-1,20
AGGTTGAGGCACGCTT-1,16
AGGTTTCACACACCTT-1,0
AGTAACGTTCATCCTG-1,21
AGTAACTATAGCAGCC-1,9
AGTAAGGGACAGAATC-1,4
AGTAATCTAAGGGTGG-1,35
AGTAATGTCTTGCCGC-1,2
AGTAATTTGCAAGCGT-1,5
AGTACAGAAGCTTATA-1,0
AGTACATCATTTATCA-1,27
AGTACCTTCGAGTGCT-1,1
AGTACGGCCCGTATCG-1,2
AGTACGGGCACCTGGC-1,28
AGTACGTGGCCTGTCT-1,3
AGTACTCTTATGCCCA-1,7
AGTAGAAGGCGCCTCA-1,35
AGTAGCGTGAACGAAC-1,11
AGTAGCTAGACGCCGA-1,38
AGTAGGAAGGAAGTTG-1,18
AGTAGGTAACATACAT-1,4
AGTATAATACTAGGCA-1,21
AGTATACACAGCGACA-1,39
AGTATCCATAATAACG-1,8
AGTATGCTGGAGACCA-1,19
AGTATTTGGCACGACC-1,5
AGTCAAATGATGTGAT-1,11
AGTCAACACCACCATC-1,0
AGTCAAGATGACACTT-1,14
AGTCACTAGCTCTCGA-1,38
AGTCACTCCGCCTCAT-1,2
AGTCAGCCACCGCCTG-1,29
AGTCCAGCGGGTACGT-1,22
AGTCCATTGGCTGATG-1,29
AGTCCCGCCTTTAATT-1,32
AGTCCCTCGCAGAAAG-1,12
AGTCGAAACGATTCAG-1,6
AGTCGAATTAGCGTAA-1,39
AGTCGACGGTCTCAAG-1,36
AGTCGGCCCAAACGAC-1,4
AGTCGGCTCAACTTTA-1,26
AGTCGGTTGCGTGAGA-1,29
AGTCGTATAAAGCAGA-1,11
AGTCGTCGACCACCAA-1,7
AGTCGTGGGCATTACG-1,17
AGTCTAAAGTATACTC-1,10
AGTCTCACAAGACTAC-1,5
AGTCTGGACATCCTTG-1,8
AGTCTTCTCCTCAAAT-1,43
AGTCTTTAAAGTGTCC-1,4
AGTGAACAAACTTCTC-1,19
AGTGAAGATGGTGTCC-1,9
AGTGACCTACTTTACG-1,18
AGTGACTGTGACACAA-1,7
AGTGAGACTTCCAGTA-1,0
AGTGAGCCTCGCCGCC-1,15
AGTGAGGGTTTCTGAC-1,28
AGTGAGTCGAATTAAC-1,14
AGTGATAACCTGCGCG-1,11
AGTGATATGAGTAGTT-1,3
AGTGATTCAAGCAGGA-1,40
AGTGCACGCTTAAGAA-1,12
AGTGCGTAGCTCGTAA-1,12
AGTGCTAAACACAGCA-1,1
AGTGCTTGCACGAATA-1,23
AGTGGCCCGCAAATGG-1,3
AGTGGCGGCAATTTGA-1,15
AGTGGCGTCTGAAGGT-1,6
AGTGGCTCCGTCGGCC-1,13
AGTGGGAGTATACACG-1,30
AGTGGTGTTACCCGTG-1,2
AGTGGTTGCGTATAGG-1,24
AGTGTATTGCGCATTG-1,28
AGTGTGCTAAGATCGC-1,22
AGTGTGGTCTATTGTG-1,4
AGTTAAACACTTGCGA-1,25
AGTTAAGCGGTCCCGG-1,38
AGTTAAGTCAACCGCT-1,11
AGTTACCCTTAAGACT-1,21
AGTTACCGCACATGGT-1,9
AGTTACTCTATCGTGG-1,16
AGTTATTCAGACTGTG-1,3
AGTTATTGAAAGGTAA-1,26
AGTTCACCGGTTGGAC-1,29
AGTTCCTACAGAATTA-1,23
AGTTCCTATTTATGTT-1,13
AGTTCTGCGTTGTATC-1,3
AGTTGACATCGGCTGG-1,18
AGTTGACGGTCCTTGC-1,8
AGTTGCGGTCCTCAAC-1,0
AGTTGCTGACTGATAT-1,2
AGTTGGCAAGGCTAGA-1,0
AGTTTATGTAAAGACA-1,3
AGTTTCGCAGGTCGGA-1,21
AGTTTGCACCTGCCTC-1,20
AGTTTGGCACGGGTTG-1,8
AGTTTGGCCAGACCTA-1,11
ATAAACCATTGGACGG-1,9
ATAAACGGACCCGTAA-1,7
ATAAACGTTGCACCAC-1,25
ATAAAGGCTCGGTCGT-1,18
ATAAAGGTCAAGTACG-1,14
ATAAATATTAGCAGCT-1,31
ATAACGCCGGAGGGTC-1,33
ATAACGGAGTCCAACG-1,15
ATAACGTTACCTCCAC-1,18
ATAAGCAAACACCGAG-1,22
ATAAGGTGGAGAACAT-1,6
ATAAGTACCCGATTGT-1,9
ATAAGTAGGATTCAGA-1,37
ATAAGTAGGGCGACTC-1,1
ATAAGTTACCGCGACG-1,20
ATAATACCGTTAGCCG-1,14
ATAATAGCTGTTGAAT-1,3
ATAATAGTGTAGGGAC-1,17
ATAATCTTGGAGAACC-1,19
ATAATTAGCTAAGTAG-1,0
ATACAGGCCCTCCAAT-1,36
ATACCACGGGCAACTT-1,12
ATACCAGCAAATTGCT-1,3
ATACCAGGCTAATAGA-1,3
ATACCAGGTGAGCGAT-1,22
ATACCCTGGCTCAAAT-1,10
ATACCGTCATCCATAA-1,7
ATACCTAACCAAGAAA-1,17
ATACGAAGGCTTTCCA-1,24
ATACGAGGTTTGTAAG-1,17
ATACGCCGATCTACCG-1,21
ATACGCCGGCGAAACC-1,21
ATACGGAACGTCGTTT-1,20
ATACGGGTTTCGATTG-1,42
ATACGGTGAAGATGCA-1,1
ATACGTACTTAGCCAC-1,1
ATACGTCCACTCCTGT-1,8
ATACGTTATGCACGGA-1,11
ATACTACCCGTACCAC-1,6
ATACTAGCATGACCCT-1,35
ATACTCTCGCCACTCT-1,3
ATACTGCCTTACACCG-1,8
ATACTTGTTCTCGAGC-1,10
ATAGACAACGGGACCT-1,16
ATAGACGAAGAGAAAG-1,5
ATAGAGTACTGGGACA-1,2
ATAGAGTTATCAACTT-1,15
ATAGATTTGCAGTCGG-1,27
ATAGCAACTAGGGAAG-1,18
ATAGCCATAACAGTCA-1,1
ATAGCCTCAGTACCCA-1,5
ATAGCTGCTCTTGTTA-1,11
ATAGGAATCTAAGCTT-1,28
ATAGGCGGCTATAGAA-1,17
ATAGGCTAGCTTCGCA-1,33
ATAGGGATATCCTTGA-1,10
ATAGGTTGGGCAGATG-1,33
ATAGTCTTTGACGTGC-1,20
ATAGTGAAGCGTTCTC-1,15
ATAGTTCCACCCACTC-1,9
ATATAAAGCGCTCGTG-1,14
ATATAAATGTAGCTGC-1,21
ATATAACACGGGCGCA-1,12
ATATACATGTATGGTA-1,19
ATATACGCTCGTGACG-1,27
ATATAGAGTATTGGTC-1,5
ATATCAACCTACAGAG-1,2
ATATCAATTCCAGCCT-1,7
ATATCGGTAGGGAGAT-1,11
ATATCGTGCCAGACCC-1,21
ATATCGTTCCTCGAAC-1,5
ATATCTCCCTCGTTAA-1,32
ATATCTTAGGGCCTTC-1,6
ATATGGGATAGCAACT-1,39
ATATGTCTAGAGCGTG-1,3
ATATGTCTCCCTAGCC-1,14
ATATGTGCACAAACCA-1,18
ATATTATCCCGTATTT-1,2
ATATTCAGTTAAACCT-1,10
ATATTCCACATAGTGA-1,6
ATATTCCCACAGGTCA-1,13
ATATTGCTGTCAAAGT-1,2
ATATTGGAGAGGCCTT-1,9
ATATTTAACCCTCAAG-1,4
ATCAAACACTGTTCCA-1,8
ATCAAACGAAGGTTTG-1,9
ATCAAAGAGCCGTGGT-1,5
ATCAAGATCCCAGGAC-1,4
ATCAATCTGGGCTGCA-1,27
ATCAATGCCGTGGCTG-1,10
ATCACATTAGAATATC-1,15
ATCACGTGCTAATTAA-1,1
ATCACTTCATCCTCGC-1,33
ATCAGACGGCACGCCG-1,36
ATCAGCCTCATGCTGC-1,11
ATCAGCTCGTCCACTA-1,5
ATCAGGTAGCTGACAG-1,34
ATCAGGTCGCCATTGC-1,1
ATCAGTAGGCAGGGAT-1,43
ATCATAGATCGACGAG-1,28
ATCATAGCCCTATGTA-1,21
ATCATCCAATATTTGT-1,8
ATCATCTGCCCAGTGT-1,12
ATCATGGACTACCGAC-1,25
ATCATTGTACCGCATT-1,3
ATCCAACGCAGTCATA-1,2
ATCCAATGGAGGGTCC-1,26
ATCCAATGGTACCGAA-1,14
ATCCACATCGACAGAA-1,3
ATCCACGCTAAATGTT-1,19
ATCCACTTTCAGACTA-1,9
ATCCAGAGCAACAACC-1,21
ATCCAGGATTCGTGAA-1,25
ATCCCATCCACAGCGC-1,5
ATCCCATTTCCGTGGG-1,0
ATCCGGACCAGCCTGA-1,1
ATCCTACCTAAGCTCT-1,20
ATCCTGAATCGCTGCG-1,16
ATCCTGCGTGGAATGG-1,6
ATCCTGCTGCAGATAG-1,30
ATCCTTCTGAAAGAAC-1,24
ATCGACCCAATACAGA-1,16
ATCGACTCTTTCCGTT-1,19
ATCGCACGATTGTTCA-1,12
ATCGCACGCCGGGAGA-1,12
ATCGCCAGTCAACATT-1,29
ATCGCCGTGGTTCATG-1,6
ATCGCTGCGTGCAGCA-1,4
ATCGCTTTACGTCTCA-1,15
ATCGGAGACAGACGGC-1,6
ATCGGCAAGCAGTCCA-1,6
ATCGGTTACCTAGTAA-1,22
ATCGTATTCCGAGAAC-1,26
ATCGTCCAATCGAGTC-1,1
ATCGTGGAAAGTCTGG-1,2
ATCGTTAGCTAGCGGA-1,16
ATCGTTCACTTTCGCC-1,34
ATCTAACGTCCCTATG-1,7
ATCTAATATCCTACGG-1,3
ATCTACCATCTGCTCC-1,25
ATCTAGCTTGTGAGGG-1,3
ATCTATCGATGATCAA-1,14
ATCTCATAAACCTACC-1,42
ATCTCCCACGGAATAT-1,6
ATCTCCCTGCAATCTA-1,13
ATCTCGTGAGCGAAAC-1,28
ATCTGACATGGAAGGA-1,19
ATCTGATAGTGTCTTA-1,9
ATCTGCACCTCTGCGA-1,16
ATCTGCTGTTATCGCC-1,11
ATCTGGGCTGTTCTTG-1,25
ATCTGGTTAAGACTGT-1,40
ATCTGTAATTGTACCC-1,29
ATCTTAGGGCATTAAT-1,16
ATCTTATCGCACACCC-1,4
ATCTTGACCTGCAACG-1,8
ATCTTGACTTGTCCAA-1,15
ATCTTTCGTATAACCA-1,2
ATGAAGCCAAGGAGCC-1,2
ATGAAGTGGACCCAGC-1,29
ATGACGCCGGCTCTAA-1,2
ATGACGCGTTCTATCC-1,1
ATGACTATCAGCTGTG-1,17
ATGACTATGCGACATT-1,8
ATGAGGAGTGTTAATC-1,31
ATGAGGGCAGCGGCTA-1,0
ATGATCGGGAATAGAC-1,26
ATGATGCAATGGTACA-1,1
ATGCACCTTCCTTAAT-1,4
ATGCACGCGCTGTTCA-1,12
ATGCACTACCGCATTG-1,8
ATGCATGATCCAGGAT-1,44
ATGCATTCCGTGATGG-1,8
ATGCCAATCGCTCTGC-1,35
ATGCCATTTGCGACCA-1,26
ATGCCGGTCTTGCATA-1,33
ATGCCGGTTGATGGGA-1,16
ATGCGACAATTGGTCC-1,8
ATGCGACAGTCCCATT-1,6
ATGCGAGTCCCACCAC-1,2
ATGCTCAGTGTTGCAT-1,2
ATGCTCTGGCGCGGTA-1,23
ATGCTTAGGAGTTGAT-1,21
ATGGAAATTTAAGGAG-1,14
ATGGAACCTTTGCACA-1,40
ATGGACTGCTTAGTTG-1,28
ATGGAGCAGGCCGTGA-1,13
ATGGATCCGGCGTCCG-1,16
ATGGATTGACCAAACG-1,38
ATGGCAGCATTACGAT-1,20
ATGGCAGCCGAGAAAC-1,2
ATGGCCCGAAAGGTTA-1,4
ATGGCGGAATAGTCGC-1,10
ATGGCTGGAAATGGCC-1,21
ATGGGAACGGAAGCGG-1,18
ATGGGACCTGCTGAAC-1,39
ATGGGCCTCGGCCTCT-1,3
ATGGGTGTATACCTCC-1,31
ATGGTATTGGGAACCG-1,3
ATGGTATTTACTGATT-1,15
ATGGTCGCGTGGTTTC-1,2
ATGGTGCTCAAAGCCA-1,19
ATGGTTACGAAACATG-1,16
ATGTAAGGCTGCTCTT-1,31
ATGTACATGCGGTGAG-1,4
ATGTACGATGACGTCG-1,27
ATGTAGCGCGCGTAGG-1,19
ATGTCATAATAAACGA-1,7
ATGTCATTTCCCATTG-1,26
ATGTCTTGTTTGACTC-1,20
ATGTGAAAGCCTAATG-1,12
ATGTGCATCCGACGCA-1,8
ATGTGGACATCTTGAT-1,0
ATGTGTAGTTTAGTCA-1,31
ATGTTACGAGCAATAC-1,4
ATGTTCCTGCCCACCT-1,12
ATGTTCGTCGACCCAC-1,7
ATGTTGATTAGAGACT-1,0
ATGTTGTAGTCTGTTT-1,13
ATGTTTCGGCCCGGAG-1,16
ATGTTTGTAAGATCAT-1,7
ATTAAACATGCGGACC-1,16
ATTAAAGCGGACGAGC-1,17
ATTAACACCTGAGATA-1,2
ATTAATACTACGCGGG-1,10
ATTAATGAACCAGTCG-1,16
ATTAATTCGGTCACTC-1,37
ATTACAACTACCGGCC-1,35
ATTACATGTCAGTCTT-1,1
ATTACCACACTGCCTG-1,0
ATTACGACTCCACAGT-1,2
ATTACGCGCTGGCAGG-1,10
ATTACGGGCTACGGTT-1,7
ATTACTAGCCTCTTGC-1,2
ATTACTTACTGGGCAT-1,27
ATTAGATTCCTCAGCA-1,10
ATTAGATTGATAGCGG-1,26
ATTAGGCGATGCTTTC-1,1
ATTATACTTTGCTCGT-1,0
ATTATAGCTACTTTAC-1,31
ATTATCGGAATGTACG-1,6
ATTATCTCGACAGATC-1,28
ATTATGAGACCCAATT-1,11
ATTATGCCATAGGGAG-1,11
ATTATTATGTCCGTCA-1,21
ATTATTCAGAGTCACT-1,5
ATTCAAAGTACCTGTT-1,13
ATTCAACCATTTAAGG-1,21
ATTCACTGATGTTGGA-1,13
ATTCAGGACCTATTTC-1,15
ATTCAGGATCGCCTCT-1,6
ATTCAGTAGCAGGGTC-1,1
ATTCATATACTGTCCA-1,36
ATTCATCGTTGAGGCA-1,23
ATTCCCACATAAACAA-1,26
ATTCCCGAAGGTACAG-1,14
ATTCCTAAGACGTGGA-1,9
ATTCCTCCGCCAGTGC-1,8
ATTCCTTCCAGGCGGT-1,27
ATTCGACGCCGGGCCT-1,19
ATTCGCAGAGGACACT-1,3
ATTCGCGCCTTGAGAG-1,12
ATTCGTCCCGAGGTTA-1,0
ATTCGTGCTATCTCTT-1,14
ATTCGTGTACCCATTC-1,21
ATTCGTTTATCGTATT-1,19
ATTCTCGTCTCTTTAG-1,31
ATTCTGAGTATGAACT-1,3
ATTCTTCGTACTTATG-1,18
ATTGAAGATCTTAGTG-1,39
ATTGAATTCCCTGTAG-1,0
ATTGACCGGCGATGAC-1,7
ATTGACGTAACTCGGT-1,12
ATTGATAGCAACGAGA-1,26
ATTGATCACCACATTT-1,22
ATTGATGAGTCCTAAC-1,24
ATTGCCTATTAGACCG-1,36
ATTGCCTTTATGTTTG-1,9
ATTGCGATCAGTAACT-1,19
ATTGCTGCTCCTCCAT-1,13
ATTGGATTACAGCGTA-1,15
ATTGGGAATATCTTGG-1,0
ATTGGGAGTTCTGTAA-1,4
ATTGGTAGGATCCGCT-1,3
ATTGGTTGTGCATTAC-1,9
ATTGTACAACTCGGCT-1,4
ATTGTCGCAATACCTT-1,1
ATTGTCTGTTTCATGT-1,11
ATTGTGACTTCGCTGC-1,3
ATTGTTCAACGATCCG-1,3
ATTTAACTCGTATTAC-1,20
ATTTACAGTTTACTGG-1,37
ATTTACTAAGTCCATT-1,27
ATTTATACTGGTAAAG-1,3
ATTTCATTATTTCGCG-1,20
ATTTCCGGGTTCTGCG-1,2
ATTTGCCTAGTTACGA-1,34
ATTTGCGCGAGTAGCT-1,17
ATTTGGAGATTGCGGT-1,13
ATTTGTCTTGGGAGCT-1,14
ATTTGTTCCAGGGCTC-1,31
CAAACCAGGTCTGCAT-1,30
CAAACCATAAGCGTAT-1,31
CAAACCCTCCGGCGGG-1,6
CAAACGAGTATCGCAG-1,1
CAAACGGTCGCACTTT-1,13
CAAACGTGGTCTTGCG-1,22
CAAACTACGATAGAGA-1,28
CAAACTATTGAGCTTC-1,18
CAAACTCGCGACGCCG-1,1
CAAAGATTATTGGGCC-1,7
CAAAGGTCATCTGAAA-1,13
CAAAGGTTAAATTCAG-1,25
CAAAGTCAGGTTAGCT-1,2
CAAATCTCTCACAAGG-1,14
CAAATGCGGAGTGTTC-1,22
CAAATGTCCTTCCGTG-1,31
CAAATTGGATTATGCC-1,19
CAAATTGTCAGCAAGC-1,15
CAACACATCTCCTGCC-1,15
CAACAGAATAACGCTA-1,10
CAACAGTGCCAAACGG-1,2
CAACATGGCCTGATAA-1,22
CAACCAGTGGCCTACC-1,10
CAACCGCACCTAGACA-1,12
CAACCTACCGAGCAGT-1,0
CAACCTGAACCTGCCA-1,2
CAACGACCCGTTTACA-1,11
CAACGATCGATCCAAT-1,41
CAACGCGATGAGCCAA-1,35
CAACGGTTCTTGATAC-1,30
CAACGTGGTGGAGTCT-1,13
CAACTATATCGAATGC-1,31
CAACTCCAACGTTTAG-1,25
CAACTCCGTAACTTGC-1,8
CAACTCCTTGATCCCG-1,20
CAACTGAGGGTATGAC-1,23
CAACTGCTCATCCGAT-1,10
CAACTTGTAGTGGGCA-1,0
CAAGAAACCCTAAACT-1,24
CAAGACTCAGAAGCGC-1,36
CAAGAGGGCGGAGTAC-1,4
CAAGATATTATAACGT-1,23
CAAGCAACGTCGGAGT-1,0
CAAGCACCAAATGCCT-1,35
CAAGCGGCACATAATT-1,5
CAAGGATCGCATGTTC-1,0
CAAGGCCAGTGGTGCA-1,0
CAAGGGAGTGTATTTG-1,12
CAAGGTCCTATAGGCT-1,6
CAAGTAAGTGATAGAC-1,15
CAAGTCGTTGAAATCT-1,35
CAAGTGAACTTTGGTT-1,13
CAAGTGTGGTTGCAAA-1,17
CAATAAACCTTGGCCC-1,38
CAATACGAGAGTCTGA-1,21
CAATACGCTCTGAGGC-1,3
CAATATGTAGATTTAC-1,15
CAATATTCTTGACCTA-1,12
CAATATTGGACTAGTG-1,2
CAATCCATTATCCGTT-1,3
CAATCCCTATACCAGC-1,22
CAATCCTGCCGTGGAG-1,9
CAATGACCCTTAATTT-1,19
CAATGAGGTTCGACTA-1,33
CAATGCGAGAAGTATC-1,10
CAATGGAATCTACATA-1,30
CAATGGATCTCTACCA-1,24
CAATGGTCGGCCTGGG-1,31
CAATGTGCCAACCCTT-1,27
CAATTAAGGGTGATGA-1,10
CAATTGGGCCGCACTC-1,26
CAATTTCGTATAAGGG-1,26
CAATTTGACCGGGAAG-1,9
CACAAACCGCAGAACT-1,1
CACAAGAAAGATATTA-1,12
CACAAGCTAAGAAAGG-1,4
CACAATGAGCTGCTAT-1,0
CACACACGCTAACGAG-1,37
CACACAGCTTGCGCTC-1,7
CACACAGGGATAGATT-1,9
CACACGCGCTGTCTTA-1,33
CACACGTTTCAATGGG-1,13
CACACTTGTATTGCGA-1,9
CACAGAGACGAGGACG-1,5
CACAGCACCCACGGCA-1,16
CACAGCTAGGGAGTGA-1,3
CACAGGGCCATATAGT-1,0
CACAGGGCCGTTGTCA-1,17
CACAGTCCCGCTTCGC-1,21
CACAGTTCGCTTCCCA-1,16
CACATAAGGCGACCGT-1,2
CACATATTAGCAGGAT-1,0
CACATCGTGCACGCGC-1,19
CACATCTCACCGACGA-1,2
CACATGATTCAGCAAC-1,8
CACATGTTTGGACATG-1,15
CACATTCTTTCGATGG-1,31
CACATTTCTTGTCAGA-1,25
CACCAATCATCCGTCT-1,22
CACCACGCCACACAGA-1,12
CACCAGTCAGCATGCA-1,1
CACCATCGGAGGAGAC-1,10
CACCATGATCGCAAAG-1,18
CACCCAAATCTTATGT-1,1
CACCCACACGTCACCC-1,26
CACCCACGAGGCAATT-1,15
CACCCGCGTTTGACAC-1,20
CACCCGGTTTGTGACT-1,17
CACCCTAACAAGATCT-1,22
CACCCTTGGTGAGACC-1,4
CACCCTTTCCTCGCTC-1,24
CACCGATACACCGAGC-1,13
CACCGATGATGGGTAC-1,0
CACCGCCAGAAGGTTT-1,1
CACCGCCGACCAGCGA-1,12
CACCGCGTCCACTCTA-1,9
CACCGGAGATATCTCC-1,1
CACCGGGCATCACAAG-1,24
CACCGGTAGAGACATT-1,28
CACCGTATCCCATCCG-1,31
CACCGTTAGGGATCAC-1,4
CACCGTTGCGCGATAT-1,20
CACCTAATAGAGTCGT-1,2
CACCTAATCAGTTTAC-1,42
CACCTCGATGGTGGAC-1,16
CACCTTGCGAAACTCG-1,15
CACCTTGGCGCCTTTG-1,13
CACGAAAGTTAGTCCC-1,25
CACGACCACAGACTTT-1,33
CACGACGTAATAGTAA-1,13
CACGACTAAAGTTCTG-1,1
CACGAGCAAACCAGAC-1,8
CACGATTGGTCGTTAA-1,8
CACGCACAGCGCAGCT-1,43
CACGCAGCGAGGCTTT-1,1
CACGCGGAACTGTTGC-1,9
CACGGACGTGGATGGC-1,29
CACGGCGCGCCAAAGG-1,14
CACGGGATTGAGGGTT-1,18
CACGTCAATCAATGGA-1,24
CACGTCGGCAACCTCT-1,6
CACGTCGGGTTCTAGA-1,4
CACGTCTATGATGTGG-1,24
CACGTTCGTGCTCTAG-1,16
CACGTTTCGTACACAC-1,6
CACTAAAGTTGCCTAT-1,6
CACTACGGGAGCTGCC-1,27
CACTACTCAGTTCTGT-1,14
CACTCAAGAGCTATGG-1,5
CACTCAGCTCTTGAGG-1,4
CACTCCTATGTAAGAT-1,20
CACTCCTCTCGGTCGG-1,35
CACTCGAGCTGAACAA-1,0
CACTCGGTTAGGAGGA-1,3
CACTCTCAAGCATCGA-1,5
CACTCTTCTGCTAGCC-1,27
CACTGACGATTGTGGA-1,32
CACTGTCCAAGTGAGA-1,30
CACTTAATCAGACGGA-1,18
CACTTCGCCACAGGCT-1,5
CACTTCGTCTTATCTC-1,2
CAGAACTTAGCCCTCT-1,0
CAGAATAACACACGGA-1,25
CAGAATATTCGTTATC-1,15
CAGACACCGATCGCTG-1,20
CAGACCTGTAAGTGTT-1,15
CAGACGAACCTGATAC-1,5
CAGAGACGGTCACCCA-1,11
CAGAGCATGAGCTTGC-1,33
CAGAGCGATGGATGCT-1,6
CAGAGGCGATGCATGA-1,17
CAGAGTGATTTAACGT-1,2
CAGATAATGGGCGGGT-1,1
CAGATACTAACATAGT-1,2
CAGATATGAAGATGAC-1,12
CAGATCATTTAAAGTC-1,14
CAGATCCTGGTTTGAA-1,2
CAGATGTTTGTCCCAA-1,2
CAGCAGCCCGTTCCTT-1,16
CAGCAGTCCAGACTAT-1,13
CAGCAGTCTGTGCTGC-1,3
CAGCCCTCACAGGCAG-1,16
CAGCCGGGCCCTCTAT-1,21
CAGCCTCCTGCAGAGG-1,15
CAGCCTCGATAGCGGT-1,6
CAGCCTCTCCTCAAGA-1,21
CAGCGATTCCCTTCAA-1,4
CAGCGCCAACACGATA-1,30
CAGCTCACTGAGACAT-1,32
CAGCTCGACAAGTTAA-1,20
CAGCTCGTGCTTGTGT-1,2
CAGCTCTGGGCTCACT-1,0
CAGCTGGCGTAACCGT-1,11
CAGCTTAGTAGGTAGC-1,9
CAGGAAGACTTTATAT-1,9
CAGGACAGCTGCCCTT-1,28
CAGGATATATCGTTGT-1,28
CAGGATCCGCCCGACC-1,3
CAGGCAGTCTTACCAG-1,25
CAGGCCAGTACCACCT-1,10
CAGGCCGTTTGGGTGT-1,1
CAGGCGCACGGTGGTC-1,8
CAGGCGCCATGCTAGG-1,34
CAGGGAGATAGGCCAG-1,9
CAGGGCTAACGAAACC-1,36
CAGGTTTAGTACTACA-1,3
CAGTAACTATTTATTG-1,4
CAGTAAGGGACGTCTC-1,17
CAGTAATCCCTCCCAG-1,20
CAGTACATTCTCTAAA-1,6
CAGTACCAGTTTACGT-1,2
CAGTAGATGATGTCCG-1,18
CAGTAGCCCACGCGGT-1,32
CAGTAGCGAGGTAGTA-1,23
CAGTCCAACGCCTTCT-1,7
CAGTCGAGGATGCAAT-1,37
CAGTCGGCCTAGATAT-1,24
CAGTCTCTCGGCTAAT-1,26
CAGTCTGTATACTGGG-1,16
CAGTGAATAAATGACT-1,15
CAGTGGTTGCACATGA-1,9
CAGTGTCCGCAGAATG-1,22
CAGTGTCGGCTGGCCC-1,4
CAGTGTTAATCTCTCA-1,18
CAGTTCAAATTGACAC-1,14
CAGTTCCGCGGGTCGA-1,2
CAGTTCGAGGACCCGA-1,15
CATAACGGACAGTCGT-1,2
CATAAGAAGCTTGGCT-1,11
CATAAGCTCTCCGTCT-1,35
CATAATGAGCGGGCGA-1,8
CATACAAAGCCGAACC-1,3
CATACACAAAGTCAGC-1,2
CATACACGGTTCCCAC-1,6
CATACCCGTACCCAGT-1,14
CATACGAACTAGCTGG-1,31
CATACGGCGTCTGGGC-1,30
CATACGGGTGCATGAT-1,12
CATACTATGTAATTGT-1,31
CATACTTAGGCAATAC-1,6
CATACTTCTTTCTCCG-1,3
CATAGAGGAGATACTA-1,6
CATAGCCGCCCGGGAT-1,18
CATAGCGTTGCCCACC-1,11
CATAGGGACACTTGTG-1,13
CATAGTACATTGAGAG-1,32
CATAGTAGCATAGTAG-1,30
CATAGTCAAATACATA-1,19
CATAGTCCACAAGAAC-1,5
CATAGTGGGCACGCCT-1,32
CATATACTACTGATAA-1,20
CATATAGGTACAGTCA-1,13
CATATGTCAGGCTACG-1,2
CATATTATTTGCCCTA-1,7
CATCAAACTGGCGCCC-1,3
CATCAACACCTACTAA-1,7
CATCATCTACCCGGAC-1,1
CATCATTACCCTGAGG-1,1
CATCCAATATAGTTTG-1,5
CATCCCGAGATTCATA-1,25
CATCCGCAGGCCCGAA-1,11
CATCCTCTCAAAGATC-1,13
CATCGAATGGATCTCT-1,20
CATCGCCCGCGGCCAA-1,2
CATCGGACGGGTTAAT-1,25
CATCGTCCGGTTACTA-1,1
CATCTACCCGAGAACG-1,6
CATCTAGTGAAGGGAA-1,3
CATCTATCCCGTGTCT-1,23
CATCTGCAGGATCATT-1,4
CATCTTACACCACCTC-1,11
CATGAACCGACATTTG-1,11
CATGAACCTCTTATCA-1,20
CATGACTTCGCTGAAT-1,18
CATGAGATGCACTCTC-1,5
CATGAGTCCATCACGG-1,16
CATGATACGGTGAAAC-1,24
CATGATCGCTTTGAGA-1,0
CATGATGCACAATTCT-1,15
CATGATGGAAGTTAGC-1,23
CATGCACATGAGAGGC-1,15
CATGCACGTGTTACTG-1,13
CATGCATGGAGACCCT-1,21
CATGCCAACTCGCAAA-1,12
CATGCGACCAGTTTAA-1,33
CATGCGTTAGACAGAA-1,35
CATGCGTTGAGAGGAG-1,10
CATGCTGGCTCCAATT-1,22
CATGGAAATGGGACCA-1,24
CATGGATTGTCTTCCG-1,37
CATGGCAGGAAGATCG-1,8
CATGGCTCCCTATGTC-1,10
CATGGGTATGCCTTAT-1,6
CATGGGTCGGGTGTGG-1,41
CATGGTAAGTAGCGTT-1,4
CATGGTATTAGTTTGT-1,17
CATGGTCTAGATACCG-1,33
CATGGTTTATTAATCA-1,6
CATGTAAGAGACATTT-1,34
CATGTAGGAGCGCCAA-1,26
CATGTCTCATTTATGG-1,25
CATGTGGGCTCATCAC-1,1
CATTACATAGATTGTG-1,5
CATTACGCAGGAAGGG-1,1
CATTACGTCGGCCCGT-1,33
CATTATAACAGGGTCC-1,6
CATTATCCCATTAACG-1,5
CATTATGCTTGTTGTG-1,20
CATTCACTGACAGCTA-1,0
CATTCAGGTCAGTGCG-1,22
CATTCCCATTCCGTCG-1,41
CATTCCCTAAGTACAA-1,2
CATTCGTCGTAGCGGT-1,1
CATTGATGAACACGCC-1,14
CATTGCAAAGCATAAT-1,6
CATTGCGAAATGGGCG-1,12
CATTGCGGGTCAATTC-1,0
CATTGTGTGCTAGATC-1,2
CATTTAGCGGACCATG-1,6
CATTTATCGTTCAAGA-1,29
CATTTCTAGCAGACTA-1,12
CATTTGAGTGGTACGT-1,25
CCAAACAGAACCCTCG-1,11
CCAAAGCAGTTGGTTG-1,23
CCAAAGTCCCGCTAAC-1,13
CCAAATAACAAGATTC-1,16
CCAAATCAAAGGGCAA-1,13
CCAACCTTATGTAACT-1,7
CCAACGATGCACTGAT-1,11
CCAACGCTTGCCAGGG-1,27
CCAACTTGATAGATCC-1,16
CCAAGAAAGTGGGCGA-1,11
CCAAGACTTCTGCGAA-1,0
CCAAGCGTAACTCGTA-1,15
CCAAGCTTGATCTCCT-1,2
CCAAGGAACAGAGAGG-1,11
CCAAGGTTGCCCTTTC-1,13
CCAAGTTTCTACAGAT-1,18
CCAATAGATTTCATCT-1,7
CCAATAGTGCCGTCGA-1,22
CCAATCGGTAGATCGA-1,6
CCAATGTCACAGCAAG-1,0
CCAATTACGGGTCGAG-1,32
CCAATTGAATGTTAAT-1,8
CCACAATGTACGTCTT-1,33
CCACACTGAGATATTA-1,6
CCACAGCTGAAATCAT-1,32
CCACAGTACCCATCCT-1,30
CCACATACTGCACCCA-1,35
CCACATGGCTCTTTAT-1,11
CCACCAACTTTACTGT-1,12
CCACCCAAGGAAAGTG-1,21
CCACCTGTATGGAATA-1,18
CCACGAATTTAACCTC-1,8
CCACGAGAAGAGAATC-1,24
CCACGGAGCCATAAGA-1,2
CCACGGCAGGTGTAGG-1,0
CCACGGTGCCCGGTAG-1,0
CCACGTAAATTAGACT-1,16
CCACTAAACTGAATCG-1,29
CCACTATCCGGGTCAC-1,15
CCACTCAGATCCGCAA-1,18
CCACTGGTGGCTGGTT-1,10
CCACTGTTTGGATTAA-1,4
CCACTTTCCTTCTAGG-1,22
CCAGAAACTGATGCGA-1,5
CCAGAAAGCAACTCAT-1,25
CCAGAGACAAAGCCGG-1,3
CCAGATAGTTGAGTGA-1,37
CCAGATGTAAATGGGT-1,19
CCAGCCTGGACCAATA-1,2
CCAGCGGGATCACCAG-1,15
CCAGCTACGCCTCATA-1,7
CCAGCTCGAACGCATT-1,22
CCAGCTGATGGTACTT-1,36
CCAGCTTCCGCCCGCA-1,9
CCAGGCTGGCGTCTGA-1,30
CCAGGGACGTGGCCTC-1,17
CCAGTAGTCTGATCCA-1,40
CCAGTCAAATCTCTTA-1,2
CCAGTCCATTATTCGA-1,10
CCAGTCTAGACGGCGC-1,15
CCAGTCTTGTCATAGA-1,34
CCAGTGAGCTCCTTGT-1,1
CCAGTGTACAGACCGA-1,3
CCAGTTCGGTAACTCA-1,37
CCATAAACAACCCGAC-1,31
CCATAACCTGTGCAGT-1,8
CCATACCTTTACTTGT-1,33
CCATACTCGCCTCTCC-1,15
CCATAGAGGCTGCCAG-1,12
CCATAGGTTGGCGTGG-1,21
CCATAGTCAGTAACCC-1,30
CCATATGGAAACTATA-1,0
CCATATTGGATCATGA-1,7
CCATCATAAGAACAGG-1,15
CCATCCATACCAAGTC-1,1
CCATCGCAGTTAAACT-1,8
CCATCTCACCAGTGAA-1,20
CCATCTTGTTCACAAT-1,29
CCATGCCCTAGATTTC-1,40
CCATGCCTGTTTAGTA-1,21
CCATGCTCTGCAGGAA-1,5
CCATGGCAAACGCTCA-1,37
CCATGGCCCTTGTACC-1,5
CCATGTTCATCTATAT-1,31
CCATTAGCGATAATCC-1,32
CCATTCCCTGCCCACA-1,8
CCATTGTTTCCTCCAT-1,34
CCATTTCTACCTATTA-1,16
CCCAAACATGCTGCTC-1,16
CCCAACATACGTCGCG-1,5
CCCAACCACACTAACA-1,6
CCCAAGAATGCACGGT-1,21
CCCAAGACAGAGTATG-1,8
CCCAAGTCATTACACT-1,4
CCCAATGAGATTTGCA-1,17
CCCAATTTCACAACTT-1,25
CCCACTCCACGGTATC-1,1
CCCAGAGGAGGGCGTA-1,11
CCCAGATTCCCGTGAC-1,16
CCCAGGAAGAATTCGA-1,10
CCCAGGTCTGAAGGCT-1,37
CCCAGTAAACTTGGGA-1,11
CCCAGTTAAGGCGCCG-1,26
CCCATATAGGTCGATT-1,0
CCCATTATTGTATCCT-1,11
CCCGAAGTTTCGCGAA-1,5
CCCGACCATAGTCCGC-1,33
CCCGAGTTTCTCCGTA-1,9
CCCGATAGCCTCGCCT-1,40
CCCGCAAATAATCATC-1,17
CCCGCAGCGCGAACTA-1,0
CCCGCAGGGCCCAAAG-1,18
CCCGCCATGCTCCCGT-1,22
CCCGCGCAATGCACCC-1,12
CCCGCTAGAGGGTTAA-1,15
CCCGCTTGCCCTCGTC-1,29
CCCGGCACGTGTCAGG-1,7
CCCGGCTAGGTGAGAA-1,9
CCCGGGTCGTTCAGGG-1,12
CCCGGTGGAAGAACCT-1,1
CCCGGTGTATCGGAAT-1,13
CCCGTAAGTCTAGGCC-1,1
CCCGTAGCTGGGAAGA-1,4
CCCGTCAGCGTCTGAC-1,29
CCCGTGACAGTGCCTT-1,1
CCCGTGAGGGCGGTGA-1,7
CCCGTGGGTTAATTGA-1,14
CCCGTTTCGCAGATGT-1,27
CCCTACCCACACCCAG-1,21
CCCTACTTGAACAATG-1,20
CCCTAGCTCTAAGGTC-1,28
CCCTAGGCAACAAGAG-1,13
CCCTAGTGTCAGGTGT-1,34
CCCTATGTAGAGCAGA-1,20
CCCTCAAGCTCTTAGT-1,3
CCCTCAGATCGAGAAC-1,11
CCCTCATCACAGAGTA-1,7
CCCTCATTCTGGAATT-1,11
CCCTCCTCGCTCGTAT-1,18
CCCTCGATAATACACA-1,17
CCCTCGGGAGCCTTGT-1,21
CCCTGAAATGAGTTGA-1,25
CCCTGACTAACAAATT-1,24
CCCTGATGTAACTCGT-1,8
CCCTGCCCAATCCGCT-1,32
CCCTGCGCTACGCATA-1,20
CCCTGGCTGTTCCTTC-1,2
CCCTGGGAGGGATCCT-1,16
CCCTGGTATGGGCGGC-1,29
CCCTGTTGGCAAAGAC-1,24
CCCTTCTCGTACGCGA-1,8
CCCTTTAATGGAGTTC-1,1
CCCTTTGACAGGTCTT-1,1
CCGAAAGTGGTGAGCA-1,30
CCGAACACTGGGCCTC-1,4
CCGAACCTTCCCGGCC-1,6
CCGAAGCATTGACCAA-1,5
CCGAAGGGCGTACCGC-1,22
CCGAAGTATATTGTTC-1,7
CCGACAAACACATGAG-1,9
CCGACAAAGGGAGTGC-1,2
CCGACAATAGGCCGCC-1,28
CCGACGGGCATGAGGT-1,19
CCGACGTAAACACAAC-1,3
CCGACTCGCATAGTCT-1,14
CCGAGAAGTCGCATAA-1,36
CCGAGCTGTGCTTGTC-1,7
CCGAGGGATGTTAGGC-1,3
CCGATATGACGTAAGG-1,30
CCGATCTCAACCTTAT-1,8
CCGATCTTAAGAGGCT-1,2
CCGATTCGAGGGACCC-1,7
CCGATTGGTCAATGAA-1,10
CCGCACAAAGACCAAC-1,32
CCGCACACGAACGTGT-1,32
CCGCACGTGACCTCGG-1,3
CCGCACTTGCAATGAC-1,25
CCGCATGTGGTACGAT-1,0
CCGCCACCACAATCCA-1,1
CCGCCGGAACTTCTCG-1,11
CCGCCGGTCAACACAC-1,4
CCGCCGTTGAGGATAA-1,6
CCGCCTGCGAATTGGT-1,4
CCGCCTTGCGATGTCG-1,24
CCGCGATTTGGTAGGT-1,28
CCGCGCAAGATACCCA-1,22
CCGCGGAATGCGTCAC-1,4
CCGCGGGTACGAAGAA-1,9
CCGCGTAGGTAAGGGC-1,18
CCGCTATCAGCACCAG-1,19
CCGCTCCAGGGCGATC-1,10
CCGCTCTTCCGAACTA-1,5
CCGCTGGTGCCATTCA-1,2
CCGCTTACCTCACTCT-1,2
CCGCTTCGCGGTTAAC-1,29
CCGCTTGCTGACATGG-1,3
CCGGAAGTGCAATATG-1,7
CCGGAAGTTATCAGTC-1,27
CCGGAATGGTTTCAGT-1,14
CCGGAGCGTACTTTCT-1,4
CCGGAGGTCTTATGGT-1,0
CCGGCACGACCGTTTC-1,25
CCGGCCGCGAGCATAT-1,14
CCGGCGCATATTGGAT-1,23
CCGGCGTGAGACTCTG-1,12
CCGGGACCCGCAGAGA-1,14
CCGGGCGGTCTCGTCA-1,34
CCGGGCTAAGAATTTC-1,10
CCGGGCTGCTCCATAC-1,20
CCGGGTTCGAGGTTAC-1,3
CCGGTAATGGCTAGTC-1,6
CCGGTATCTGGCGACT-1,16
CCGGTGCGAGTGATAG-1,7
CCGGTTTGTAATTGTG-1,2
CCGTAAGTTGGTCCCA-1,41
CCGTACCCAAGCGCCA-1,17
CCGTAGGAAATCCCTG-1,0
CCGTAGGGTTGTTTAC-1,6
CCGTATCTCGTCGTAG-1,2
CCGTATTAGCGCAGTT-1,17
CCGTCAACCTCTGGCG-1,16
CCGTGAGGCATTCATG-1,37
CCGTGCCCATGACGGC-1,5
CCGTGGAACGATCCAA-1,4
CCGTGTTAAATTCCAT-1,1
CCGTTACGTTAGAACA-1,33
CCGTTCCGAATCTCGG-1,34
CCGTTTCCTTTCCGTG-1,0
CCTAAACAGGGTCCGT-1,17
CCTAAAGGCTGACGCT-1,13
CCTAAATTAACGGTTC-1,13
CCTAAATTGTATCCTA-1,15
CCTAACCCAAACAAGT-1,26
CCTAACTAAGGCTCTA-1,27
CCTAAGTGTCTAACCG-1,2
CCTACAAGTCCGGAAT-1,7
CCTACAGTTGAGGGAG-1,16
CCTACATTCACAGACG-1,25
CCTACGCGACCTTACA-1,27
CCTACGGCTCAGTCGA-1,30
CCTACTCAACACGATT-1,9
CCTACTGCGGCGGCCA-1,23
CCTACTGCTTACACTT-1,29
CCTAGGCGTAGCGATC-1,0
CCTAGGTAAAGGTAGC-1,22
CCTAGTTAGTCGCATG-1,35
CCTATAATGAGTGCCC-1,6
CCTATACCGTCCTGTC-1,4
CCTATATCGTGTCACG-1,12
CCTATATTTGTCCTGG-1,10
CCTATCTATATCGGAA-1,28
CCTATGAAGTGGTGCC-1,0
CCTATGGCTCCTAGTG-1,19
CCTATGGGTTACCGTC-1,15
CCTATGGTCAAAGCTG-1,9
CCTATGTCCACTCCAC-1,20
CCTATTATTCCGGCCG-1,11
CCTCAACGATCGCTGT-1,12
CCTCACCAATCTTGAC-1,30
CCTCACCTGAGGGAGC-1,32
CCTCACCTTAGCATCG-1,15
CCTCACGTCAGCTAAT-1,14
CCTCATGCAGCTACGA-1,6
CCTCCCGACAATCCCT-1,16
CCTCCGACAATTCAAG-1,19
CCTCCTAGCTAGAGTC-1,34
CCTCCTGAGCCCACAT-1,13
CCTCCTGTTGTGTCGT-1,5
CCTCGAAGTGGACGGG-1,16
CCTCGACCCACTGCCT-1,14
CCTCGCCAGCAAATTA-1,6
CCTCGCGCGATATAGG-1,31
CCTCGCGCTGTGCGAT-1,21
CCTCGGACCGGGATAG-1,14
CCTCGGATGCTACCTG-1,26
CCTCGGTTTCCTTGCC-1,19
CCTCGTTACGCCTGTT-1,31
CCTCTAATCTGCCAAG-1,37
CCTCTACAAGGATTGG-1,32
CCTCTATCGATTAGCA-1,5
CCTCTCTCCCATCTAG-1,2
CCTCTGGCCTAGACGG-1,35
CCTCTGTACTATTCTA-1,22
CCTGAACGATATATTC-1,20
CCTGAATATTTACATA-1,42
CCTGACAAACTCGCGC-1,24
CCTGACCACCGATGGT-1,6
CCTGACGCAACCTTTA-1,21
CCTGAGAATAAATGCA-1,21
CCTGATTCGCGAAGAA-1,34
CCTGCCCGTTGTCTAG-1,30
CCTGCGATAGAACTGT-1,2
CCTGCGTTCTACGCTT-1,14
CCTGCTACAACCATAC-1,4
CCTGCTATTTGAGAAG-1,11
CCTGGAAACGTTCTGC-1,29
CCTGGCTAGACCCGCC-1,5
CCTGGTCGAATGTGGG-1,11
CCTGTAAGACATGATA-1,18
CCTGTACTCACGCCCA-1,34
CCTGTCACCCGGGCTC-1,40
CCTGTCCCTCACGTTA-1,32
CCTGTCGCCCGTAAAT-1,17
CCTGTCGTGTATGAAG-1,6
CCTGTGAAACCGTAAC-1,23
CCTGTGCATAGGAGAC-1,1
CCTGTGCGGATTGTAA-1,16
CCTGTTCAACCTCGGG-1,5
CCTGTTTGAAGACACG-1,0
CCTTAAGTACGCAATT-1,3
CCTTCAGTTAAAGTGA-1,19
CCTTCCGCAACGCTGC-1,6
CCTTCGTATAGAATCC-1,16
CCTTCTCAGCGTTCCT-1,17
CCTTCTTGATCCAGTG-1,3
CCTTGACCACTTTATT-1,9
CCTTGTGAACGTGGTT-1,25
CCTTTAAGGGAGCACT-1,4
CCTTTCAATGAAGAAA-1,40
CCTTTGAATTATGGCT-1,22
CGAAACATAGATGGCA-1,14
CGAAACGCAATTCATG-1,0
CGAACAGTATGGGCGT-1,17
CGAACATAGTCAGAAA-1,14
CGAACCCGCATGCGTC-1,34
CGAACCTCTTTCCTAG-1,1
CGAACGCCCAGTGCCG-1,15
CGAACGGCCGGACAAC-1,5
CGAAGACGGTGAGTGC-1,4
CGAAGACTGCCCGGGA-1,26
CGAAGATCAGTTTCAT-1,17
CGAAGCTATAAATTCA-1,29
CGAAGGGTTTCAGATT-1,5
CGAAGTTGCTCTGTGT-1,29
CGAATCTGCTCGACGC-1,12
CGAATGAAGTCATTGC-1,3
CGAATGACGCATAATG-1,7
CGAATGGTAGGTCGTC-1,17
CGAATTACATGGTGTT-1,37
CGAATTCCCGGTTCAA-1,12
CGACAATTTGATCTAA-1,23
CGACACCGCTTAAGGA-1,3
CGACACGCTCCGACAG-1,22
CGACACGGATGCCCAC-1,12
CGACAGTTCGCGTTAT-1,0
CGACATGCGATCTTCT-1,3
CGACCCTTAACGCCGG-1,5
CGACCGTTGGTATTCG-1,12
CGACCTACTAGACAAT-1,7
CGACGCATCCGTACCT-1,14
CGACTCAGGATGTTAT-1,15
CGACTCGGTACACGGT-1,22
CGACTTTGTATAGCCT-1,15
CGAGACCCTAGAGTGT-1,37
CGAGACTACTGCTGCT-1,25
CGAGAGATGTGAACCT-1,15
CGAGAGCGCGTAGATA-1,11
CGAGAGCTTTCACTAC-1,25
CGAGAGGGTAGCCGCG-1,16
CGAGATGTTGCCTATA-1,26
CGAGATTTCGCTCGGG-1,23
CGAGCACTTCAAGTTT-1,3
CGAGCCGAGCACTCGA-1,4
CGAGCGTTGATCAGCC-1,17
CGAGCTGGGCTTTAGG-1,38
CGAGGAGCTTCCATAT-1,0
CGAGGATCGGGAACGA-1,27
CGAGGCCAGGCATTGG-1,22
CGAGGCTAAATATGGC-1,15
CGAGGGACTGCGGTCG-1,21
CGAGGGTATCCAGGTG-1,12
CGAGTACTAAAGAGGA-1,7
CGAGTGAAGGTACCAG-1,5
CGAGTGCTATAGTTCG-1,1
CGAGTTCTGTCCCACC-1,38
CGAGTTTATCGGACTG-1,26
CGATAACCAATTTGAG-1,13
CGATAATACTCAGGTT-1,9
CGATACCTCGCGGACA-1,34
CGATAGCGATACAGTG-1,5
CGATAGTCGTACTGCA-1,11
CGATATTAGCCGCAGG-1,29
CGATCATTAGAGGCAC-1,9
CGATCCACCATTGTTG-1,1
CGATCCGACCCAGTGC-1,17
CGATCCTCGCAACATA-1,24
CGATCGAGAAGCACCA-1,6
CGATCTGTTGGAGGAC-1,8
CGATGGACCCTACGCC-1,16
CGATGTTGTTATCTAC-1,7
CGATTAAATATCTCCT-1,24
CGATTCGCCTGGCTGC-1,22
CGATTTGTCATTAATG-1,25
CGCAAACACGAGTTAC-1,22
CGCAATCGATCATTAG-1,13
CGCAATTACTTTCGGT-1,26
CGCAATTAGGGTAATA-1,2
CGCAATTCTACAATAA-1,36
CGCACATGTCCACTAC-1,4
CGCACGTCTGTTTATG-1,34
CGCACGTGCGCTATCA-1,2
CGCAGAAACATTTGCG-1,6
CGCAGATCTTCACCCG-1,13
CGCAGGCGATCCAAAC-1,24
CGCAGTTCTATCTTTC-1,5
CGCATCATGGCTTCAG-1,4
CGCATCCATCAGCCAG-1,33
CGCATGCCGAATGCGT-1,1
CGCATGGTGCGATGCT-1,29
CGCATTAGCTAATAGG-1,21
CGCCAAGAAGCCGAGT-1,13
CGCCAATTATTGCGTT-1,26
CGCCACAGGTCGCGAT-1,17
CGCCACCCGCATTAAC-1,12
CGCCATCCGATTATGA-1,40
CGCCCAGCACGCCTAG-1,10
CGCCCAGCGTTTCACG-1,2
CGCCCGCTTCCGTACA-1,32
CGCCCTAATTGTTCAA-1,12
CGCCCTTACATCCACC-1,15
CGCCCTTGAAGGCTGA-1,9
CGCCGACTATTCGCTA-1,12
CGCCGCCCATGCCTGT-1,0
CGCCGCGTTCTGAACG-1,25
CGCCGGTGTCGCAGTA-1,26
CGCCGTCTACCCATCG-1,41
CGCCGTTCAGCATAGT-1,1
CGCCTCCCTCCTCTAT-1,18
CGCCTGGCCTACGTAA-1,7
CGCCTTTAGCATGCTC-1,29
CGCGAAGTGGCATACT-1,5
CGCGACACTGCGCAGC-1,26
CGCGACCGCGACAGAT-1,34
CGCGAGAGGGACTTGT-1,8
CGCGAGTCTGCCGGGT-1,14
CGCGCAAATGTCCAGA-1,2
CGCGCAAGGAACTACA-1,30
CGCGCATGTTTGATTG-1,14
CGCGCCCGACTTAATA-1,37
CGCGGCAGTATTACGG-1,19
CGCGGCTCAACTTGAA-1,12
CGCGGGAATTAGGCAG-1,13
CGCGGGAATTCCTTTC-1,19
CGCGGTAAGTCTAGCT-1,16
CGCGGTACGGTATACA-1,9
CGCGGTCACAAACCAA-1,3
CGCGTACATTCTGGAA-1,32
CGCGTCATATTAAACC-1,18
CGCGTGCTATCAACGA-1,29
CGCGTGGGCCTGTGTT-1,38
CGCGTTCATGAAATAC-1,2
CGCTACCGCCCTATGA-1,20
CGCTACGGGACATTTA-1,6
CGCTAGAGACCGCTGC-1,9
CGCTATACCGCCCACT-1,20
CGCTATTCAATGTATG-1,29
CGCTATTCTTAGGCTC-1,2
CGCTCGACATAATGAT-1,4
CGCTCTCCGTAGATTA-1,9
CGCTGAGGACGTCCAA-1,29
CGCTGGTGACTACCCT-1,0
CGCTGTGACGCCGCAC-1,11
CGCTGTGTGGATGTTG-1,17
CGCTTAGTATTGATAC-1,19
CGCTTATTCCCGGTCG-1,5
CGCTTCCACTGAAATC-1,8
CGCTTCGGTCTAAGAC-1,22
CGCTTGGACGGATAGA-1,10
CGCTTTCATACCGGTG-1,11
CGCTTTCCGCCAAGGT-1,8
CGCTTTCTTGCATTCG-1,43
CGGAAAGAATCAAACG-1,0
CGGAAAGCAAATGTGC-1,2
CGGAAATTTCACATCC-1,13
CGGAACGTAAACATAG-1,36
CGGACCTCTGTAGTTA-1,19
CGGACCTTTACGTCCC-1,3
CGGACGTTACTTGAAG-1,5
CGGAGCAATTTAATCG-1,20
CGGAGCATGGCGATCC-1,4
CGGAGCTTATAACACC-1,10
CGGAGTCCTAACCTGG-1,27
CGGAGTTTGAGAGACA-1,10
CGGATAAGCGGACATG-1,2
CGGATCCTCAAGGACT-1,5
CGGATGAATGCTGTGA-1,17
CGGATTCTGCCTTATG-1,31
CGGCAAACATCGTGCG-1,1
CGGCAATAAGATCGCC-1,21
CGGCACCGTTAGCGCC-1,29
CGGCACTCAAGAAAGT-1,3
CGGCAGGGTCGGGTTG-1,38
CGGCCACGCACAAAGT-1,21
CGGCCAGAGCGACCAT-1,7
CGGCCCAACCTGTAGT-1,37
CGGCCCAGGTATATCC-1,1
CGGCGCCATCAATCCC-1,1
CGGCTCTAAAGCTGCA-1,4
CGGCTCTTCGTCGAAC-1,22
CGGCTGCAAGATTAAG-1,25
CGGCTTTGTATGATAA-1,32
CGGGAACGCCCTGCAT-1,38
CGGGAAGTACCGTGGC-1,35
CGGGAATATAGTATAC-1,26
CGGGAATTTATGTAAA-1,6
CGGGAGCTTCAGTGTA-1,5
CGGGAGTATACCGCCG-1,8
CGGGATCAATGTAAGA-1,30
CGGGCAGCTAAACCGC-1,10
CGGGCCATAGCCGCAC-1,2
CGGGCCTTCTTTGTAA-1,13
CGGGCGATGGATCACG-1,10
CGGGCTACTTAAATTG-1,18
CGGGTGTACCCATTTA-1,38
CGGGTTCGGCACGTAT-1,41
CGGGTTGTAGCTTTGG-1,23
CGGGTTTGTTAGGGCT-1,24
CGGTAACAAGATACAT-1,3
CGGTACGGCAAACCCA-1,26
CGGTACTAGAATCAAA-1,4
CGGTAGAGGTGCAGGT-1,33
CGGTATAGGTATTAGC-1,15
CGGTATGGGCACTCTG-1,12
CGGTCAAGTGGGAACC-1,15
CGGTCAGTCCATATTT-1,5
CGGTCCATGAGACTCC-1,9
CGGTCCGTCGCAAGCC-1,1
CGGTCTATCAACCCGT-1,40
CGGTGAAGACTAAAGT-1,4
CGGTGCAGATAGAACG-1,5
CGGTGCGCGTTGGTCC-1,34
CGGTGGGCTCCAGCCT-1,6
CGGTGTACTTGATCCC-1,17
CGGTTATCCAACAGTG-1,42
CGGTTCAAGTAGGTGT-1,31
CGGTTCCGGCTTCTTG-1,21
CGGTTGACCTGGCATA-1,13
CGGTTGAGTATCCTTC-1,35
CGGTTGGGCAGGGTCC-1,4
CGGTTGGGTTCAAGTT-1,15
CGGTTTACTGAACATT-1,2
CGGTTTATGAAGGAAC-1,18
CGTAAACGCTTGAGTG-1,3
CGTAAAGCAAGAAATC-1,4
CGTAAATAACAAAGGG-1,4
CGTAACTTCGACACTT-1,21
CGTAATAATTACGAGT-1,3
CGTAATATGGCCCTTG-1,4
CGTACCGAAAGTCTAG-1,4
CGTACCTGATAGGCCT-1,33
CGTAGAGAGTAATTAT-1,6
CGTAGCGAATTGTCAG-1,16
CGTAGCGCCGACGTTG-1,24
CGTATCTAGAACTAAG-1,13
CGTATTAAGAGATCTA-1,15
CGTATTGTTTCCTAAT-1,2
CGTCAAATGGTCGCAG-1,18
CGTCAAGGCTATAAAT-1,8
CGTCAATCTTTAACAT-1,18
CGTCACGTCCATTGGT-1,14
CGTCAGCTATTTACTC-1,22
CGTCAGTGCGCACAAG-1,10
CGTCAGTTTATCGTCT-1,10
CGTCATACCATATCCA-1,1
CGTCCAGATGGCTCCA-1,12
CGTCCTCATCGCGTGC-1,28
CGTCGCATGTGAGCCA-1,2
CGTCGCGGCGGGATTT-1,9
CGTCGCTTGGTTATAC-1,32
CGTCGGATAGTGTTGA-1,7
CGTCGGGTCTAAGCGC-1,22
CGTCGTCCTTCGCGAA-1,20
CGTCTGGAAGGGCCCG-1,5
CGTCTTGAGTGTGACG-1,15
CGTGAAGTTAATTCAC-1,9
CGTGACATTGGGTCGT-1,32
CGTGACCAGTCCTCTG-1,3
CGTGCACACCACTGTA-1,16
CGTGCAGACTGGGACA-1,16
CGTGCATTGTCGACGC-1,18
CGTGCCCGACATTTGT-1,19
CGTGCCCTCCCGAAGA-1,11
CGTGCTGGCCTAGTCG-1,2
CGTGCTTCTACCTAAA-1,3
CGTGGAAGCCTCGTAC-1,7
CGTGGCCGAATATCTA-1,11
CGTGGTACCCAAAGGC-1,28
CGTGTATGGGAGCTGA-1,17
CGTGTCCCATTCGCGA-1,4
CGTGTCTCGTTACGAC-1,9
CGTGTGTTAAACCCTG-1,43
CGTTAAACTAGTTAGG-1,9
CGTTAAATACGACCAG-1,6
CGTTAATGTCCCGACG-1,5
CGTTAGCTCACAACTG-1,0
CGTTATCATACTTCCA-1,36
CGTTCAAGGAAACGGA-1,4
CGTTCAGACCCGCGAA-1,1
CGTTCATGGTGCGCGT-1,22
CGTTCTTCGCACACCT-1,14
CGTTGAATACCGCGCT-1,22
CGTTGAGCGACCGTCG-1,9
CGTTGAGTAATTGCGT-1,18
CGTTGCCCGCGTGGGA-1,12
CGTTGTAAACGTCAGG-1,1
CGTTGTAAGATTGATT-1,10
CGTTGTCGGCAATTGA-1,35
CGTTGTTTCAATTCCC-1,21
CGTTTAAGCGGAGCAC-1,11
CGTTTACAAGGCAGCT-1,12
CGTTTCACTTCGGGCG-1,32
CGTTTCGCTCATTACA-1,0
CGTTTCGGTTATATGC-1,0
CGTTTGGTGTTGTGGG-1,1
CGTTTGTGTAGAGGGT-1,2
CTAAACGGGTGTAATC-1,2
CTAAAGAATGCCTACT-1,20
CTAAAGGATGAGATAC-1,25
CTAAAGGGAAATAGGA-1,16
CTAAAGTCCGAAGCTA-1,12
CTAAATCCGGTGTACA-1,18
CTAAATCCTATTCCGG-1,38
CTAACAGCACAATAAC-1,18
CTAACCGCGCGCCCGT-1,1
CTAACGAAACTTGCTG-1,43
CTAACTGATAATCGCC-1,7
CTAACTGGTCCGGTTC-1,5
CTAAGGGAATGATTGG-1,6
CTAAGTACAGGGCTAC-1,16
CTAATGCGCCCAACAA-1,23
CTAATTATGAAGCGTA-1,4
CTAATTCGCACGCGCT-1,8
CTAATTCTCAGATATT-1,16
CTAATTTCAACAACAC-1,5
CTACAAGAAATAACCC-1,19
CTACACTAGCTTGTTC-1,5
CTACACTCGCAGATGG-1,32
CTACATATCGCGGGAC-1,1
CTACCCTAAGGTCATA-1,33
CTACGAACTAGGTCGA-1,19
CTACGACTAGCTATAA-1,21
CTACGATCCTATCCTA-1,7
CTACGCACGGAGTACC-1,5
CTACGCCATTTCCGAT-1,14
CTACGTGTTGCCACCA-1,12
CTACTATCATAGGTTT-1,22
CTACTATCTTTCAGAG-1,15
CTACTCAAGGTATAGT-1,25
CTACTCTAGGCCCGGC-1,20
CTACTGCCACCTGACC-1,16
CTAGACATATATGTAG-1,12
CTAGACTGCATTTCGT-1,10
CTAGATAAACTCCTCG-1,26
CTAGATGTGAGTGTAA-1,0
CTAGATTTACGACGGC-1,34
CTAGCAACTAATTTAC-1,30
CTAGCATAGTATAATG-1,16
CTAGCCACAGGCGAGC-1,0
CTAGCCCGGGAGACGA-1,16
CTAGCCGATGTTATGA-1,10
CTAGCTTAATGGTCCC-1,28
CTAGGCGCCCTATCAG-1,11
CTAGGCGGCAGAGAAT-1,8
CTAGGGATAGGGACAA-1,16
CTAGGTCTGAAGGAAT-1,1
CTAGGTTCGGACGTGA-1,30
CTAGTAGAAAGGGATT-1,1
CTAGTATTCGGAATTA-1,18
CTAGTCACGTCTTAAG-1,7
CTAGTGAAGGACAGGA-1,7
CTAGTTACAACCCGGT-1,21
CTAGTTGGGCCCGGTA-1,33
CTATAAGAGCCAATCG-1,35
CTATACTTAAAGCGAG-1,4
CTATAGGCGTTGATGT-1,17
CTATATCCAGCCTGGC-1,5
CTATCACAACGCTGGA-1,11
CTATCGACGAAATACA-1,7
CTATCGCGTAGAGAAC-1,1
CTATCGGGTCTCAACA-1,7
CTATGAACACCTTGCC-1,4
CTATGCCCGAATGCAA-1,11
CTATGGGAAGCGGAAT-1,38
CTATGTCACTAGCCCA-1,10
CTATGTCTATTGAAAC-1,28
CTATGTGAGTCACGGC-1,17
CTATTCATGTGTCCCA-1,19
CTATTGTGTTTGGTCA-1,5
CTATTTGCTTGGAGGA-1,34
CTATTTGGTTACGGAT-1,21
CTCAAACCACTGCCCG-1,17
CTCAACTAACCCGGAT-1,20
CTCAAGACATTAGCGC-1,4
CTCACACGCAAGCCTA-1,1
CTCACATTTACTAAAT-1,35
CTCACCAGTACAAGTG-1,14
CTCACCGATCCAAACT-1,12
CTCACTGTGATACTTA-1,36
CTCACTTGGCTGGTAA-1,10
CTCAGAGCTAATGTCG-1,1
CTCAGATTGTGATAAG-1,21
CTCAGCAGACTGCCGA-1,13
CTCAGGACTCACCTGT-1,20
CTCAGTCACGACAAAT-1,19
CTCATAAATGTGTATA-1,14
CTCATCACTTAGTGAT-1,12
CTCATGGCTCACAATC-1,18
CTCATGGTAATTTGCG-1,9
CTCATTAACGTTGCCC-1,36
CTCATTCGTGAACATC-1,3
CTCATTGCTCTAACAA-1,2
CTCATTTGATGGGCGG-1,20
CTCCCAATGAGTCGCG-1,15
CTCCCTCCTTTCGATC-1,2
CTCCGCCCACATGAGG-1,17
CTCCGGCCTAATATGC-1,30
CTCCGGCTTGTAGACA-1,29
CTCCTAAGTTATGTCT-1,10
CTCCTAGTAATCGTGA-1,24
CTCCTCCAGCTCACAC-1,0
CTCCTGTTCAAGGCAG-1,1
CTCCTTTACGCAAGTC-1,8
CTCGAATGGAACGTAT-1,6
CTCGAGACATACGATA-1,22
CTCGAGATCCAAAGCA-1,15
CTCGAGGCAAGTTTCA-1,11
CTCGAGGTCGAACAGT-1,40
CTCGATATTTGCGAGC-1,18
CTCGCACCTATATAGT-1,33
CTCGCATTGCATAGCC-1,25
CTCGCCGAATGTAGGG-1,25
CTCGCTAGGTAAGCGA-1,0
CTCGGGATAACACCTA-1,37
CTCGGGCATCGTCGGG-1,11
CTCGGGTTCTCTGGCC-1,20
CTCGGTACCACTGCTC-1,4
CTCGGTCCGTAGCCTG-1,30
CTCGGTTGTCGGCCCT-1,24
CTCGTCGAGGGCTCAT-1,3
CTCGTCTGTGCCTTCG-1,25
CTCGTGGCACTGAAAG-1,13
CTCGTTACGGCTACCA-1,25
CTCGTTTCTAATGTTT-1,4
CTCTAACACCGGCAGC-1,28
CTCTAATGCATTGATC-1,3
CTCTACACTGGCGATT-1,7
CTCTACATCCTGCGTG-1,25
CTCTAGCCCTCGGAAA-1,12
CTCTATTTGGCTGCAG-1,5
CTCTCACAATCGATGA-1,15
CTCTCGATGTGCGCCT-1,28
CTCTCGCTGTACTATG-1,20
CTCTCTAACTGCCTAG-1,11
CTCTGCAGGCATTCTT-1,10
CTCTGCGAAGCAAGCA-1,27
CTCTGGACGCCTGGTG-1,27
CTCTGTCCATGCACCA-1,25
CTCTGTGCCTGCTATG-1,1
CTCTGTTTGAGGATTC-1,35
CTCTTCTATTGACTGG-1,19
CTCTTCTGGAAGTTAG-1,12
CTCTTGTCCCGCTTGG-1,8
CTGAAACGGCCCTCAG-1,37
CTGAAAGAGATCCGAC-1,41
CTGAATCCGAGACCTC-1,19
CTGAATTTATTGCCAG-1,11
CTGACATAGAAATAGA-1,7
CTGACTGCGCAGCTCG-1,31
CTGAGAAAGTTCGGCG-1,15
CTGAGAGTAGAAATAC-1,13
CTGAGCAAGTAACAAG-1,22
CTGAGCGAGACTTATT-1,38
CTGATAGTGTATCTCA-1,14
CTGATCCCTTTATGCA-1,17
CTGCAAATGGGCTCCA-1,9
CTGCAAGCACGTTCCG-1,10
CTGCACAACTACATAT-1,16
CTGCACCTAGTCCACA-1,15
CTGCACCTGGAACCGC-1,2
CTGCACTCCAGTACAG-1,13
CTGCAGAGAATCAGAG-1,0
CTGCAGGGTGACGCTC-1,1
CTGCAGGTGCTCGGCC-1,3
CTGCCAAGGTTGGAAG-1,35
CTGCCATGCATCACAT-1,9
CTGCCCACGAAGCGTT-1,4
CTGCCTAGCCACCAAG-1,4
CTGCCTCATATGCAAC-1,40
CTGCCTTTAATACCTT-1,13
CTGCCTTTCTAGTAAA-1,4
CTGCGACCTCGCCGAA-1,7
CTGCGATTTCGAGATT-1,37
CTGCGGGTGAAATGTT-1,2
CTGCGGTAGTCACGTG-1,18
CTGCGTTACGATATAA-1,34
CTGCTCTCAACACACC-1,35
CTGCTCTGACGGCAAA-1,9
CTGCTGAGGCCACGAA-1,25
CTGCTGTCTAACGAGC-1,27
CTGCTTGGCGATAGCT-1,1
CTGCTTTATGTCCGCG-1,0
CTGGAAATGGATGCTT-1,29
CTGGAAGACACGGTGG-1,2
CTGGACGCAGTCCGGC-1,8
CTGGATTTACACTTGA-1,6
CTGGCATCCGAATGAG-1,11
CTGGCGACATAAGTCC-1,41
CTGGCGATTTACATGT-1,1
CTGGCGCACAGGTCTG-1,4
CTGGCGGGAATAAGTA-1,18
CTGGCTCCTGCGGGAT-1,12
CTGGCTGATTCATCCT-1,2
CTGGCTGCTAACGTAA-1,7
CTGGCTGGTTGTCAGT-1,2
CTGGGATAAATAATGG-1,23
CTGGGATACGCTACCC-1,38
CTGGGATCGCCCAGAT-1,10
CTGGGCACTAGTCGGA-1,27
CTGGGCCTGCTATATC-1,5
CTGGGCGGCCAAATGT-1,29
CTGGGCTACTGGAGAG-1,19
CTGGGCTATCCTTTGG-1,28
CTGGGTAGGCAGTTAA-1,23
CTGGGTTGAGTTAAAG-1,1
CTGGTAAAGACTTACA-1,25
CTGGTAAAGTGTGGGC-1,6
CTGGTAACACATAGAA-1,0
CTGGTAACGAGCTCTT-1,33
CTGGTCATTCCAATCC-1,10
CTGGTCCTAACTTGGC-1,19
CTGGTGAATGGGCCTA-1,7
CTGGTTCAACGCATCA-1,24
CTGGTTCGCGAGCTAC-1,25
CTGGTTTCGAGCAAGA-1,7
CTGTACTTCTTAGCAT-1,6
CTGTAGCCATCTCACT-1,5
CTGTAGTGAGGATCGA-1,18
CTGTATGGTGTAGAAA-1,10
CTGTCAAATGGCTCGG-1,43
CTGTCACGCCAGGCGC-1,15
CTGTCTGTGGCTGGCT-1,26
CTGTGCAGGGTAGGTC-1,15
CTGTGGTCGGGAGATA-1,1
CTGTTACCCAATCTAG-1,1
CTGTTCACTGCCTGTG-1,8
CTGTTCATCTCACGGG-1,2
CTGTTGGCTCTTCTGA-1,30
CTGTTGTTCAGTCGTA-1,17
CTTAAATAAGACCCAT-1,19
CTTAACTTACAGTATA-1,1
CTTAACTTCGAAGTAC-1,27
CTTAAGCAGCGAGCCG-1,17
CTTAATCGACTTAGTA-1,3
CTTACACGGTATTCCA-1,13
CTTACACTGGGAAATA-1,4
CTTACATAGATTTCTT-1,9
CTTACTGACTCCTCTG-1,6
CTTAGATGTTTCATCC-1,20
CTTAGCCCGGATAGTG-1,2
CTTAGCCTTCCACATG-1,15
CTTAGGTATAGACCAG-1,11
CTTAGGTCCCAATCGT-1,14
CTTAGTAGGCCTACAG-1,41
CTTAGTGTAGTAGCAT-1,1
CTTAGTTGAGGAATCG-1,25
CTTATAGATGGCTGTT-1,20
CTTATGCGCTCAGGGC-1,13
CTTATGTTGACTACCA-1,22
CTTCAACTCCACTTGG-1,5
CTTCACGCCCTGGTAC-1,15
CTTCAGTGGTCGCCTA-1,2
CTTCAGTTGGACAACG-1,13
CTTCATAGCTCAAGAA-1,2
CTTCATCACCAGGGCT-1,16
CTTCATTGTCAGTGGA-1,22
CTTCCGCTCCGTGAAG-1,12
CTTCCTGCATATTTAC-1,13
CTTCGATTGCGCAAGC-1,9
CTTCGGCCAATTGTTT-1,1
CTTCGTAGATAGGTGA-1,3
CTTCGTGCCCGCATCG-1,14
CTTCTATGTTGAAGTA-1,11
CTTCTATTAATGCTAG-1,17
CTTCTGGGCGTACCTA-1,5
CTTCTTACGTCGTATA-1,20
CTTGACCCGAAAGATA-1,24
CTTGAGGTTATCCCGA-1,12
CTTGAGTTAGGGTAAT-1,11
CTTGATGACCATCCAG-1,0
CTTGCAACCGCCTCCT-1,14
CTTGCCCACCCACGCA-1,39
CTTGCCCAGGCTCTAC-1,3
CTTGGCCAAGCTGGGA-1,10
CTTGTACTTGTTGACT-1,5
CTTGTCAACATTCGAG-1,27
CTTGTCGTACGTGTCA-1,30
CTTGTGAGGACAGCGG-1,22
CTTGTGAGTCTTTGAC-1,30
CTTGTGCTCACCGATT-1,35
CTTGTTGCTGAGTCAA-1,18
CTTGTTTATGTAGCCA-1,22
CTTTAACTTTCAAAGG-1,33
CTTTAATATTGGTCGA-1,34
CTTTACCGAATAGTAG-1,17
CTTTAGGAACACTGTT-1,9
CTTTAGTGCTATTATT-1,15
CTTTATCCGACGCATG-1,1
CTTTCTGTGCGGGCTT-1,20
CTTTGAAACATATTCC-1,18
CTTTGACGTCGCTTCT-1,2
CTTTGCATCGCTCTTG-1,23
CTTTGCTGTCATGGAT-1,3
CTTTGGCAGACAGAGT-1,16
CTTTGGCGCTTTATAC-1,3
CTTTGGCTTTAGTAAA-1,32
CTTTGGGATTGTTGCA-1,14
CTTTGTCGAATGCTCC-1,17
GAAACAGATGACCACC-1,2
GAAACAGCCATGCAGT-1,1
GAAACATAGGAAACAG-1,5
GAAACCATGGTGCGCT-1,16
GAAACCGAATTACCTT-1,1
GAAACCTATACAAATG-1,1
GAAACTCGTGCGATGC-1,23
GAAACTCTAATGAAGG-1,19
GAAAGAACAGCGTTAT-1,29
GAAAGCAGTGCACTTT-1,4
GAAAGCCCTTTGGACC-1,13
GAAAGTGACTAACTGC-1,27
GAAATACCTGCTGGCT-1,20
GAAATACTAAACGTTT-1,8
GAAATATCACCATCAG-1,7
GAAATATGCTTGAATG-1,21
GAAATCGCGCGCAACT-1,21
GAAATCTGACCAAGTT-1,3
GAAATGGCGGTGTTAG-1,39
GAAATGGGATGTAAAC-1,22
GAAATTAGCACGGATA-1,21
GAAATTCACATCGCTG-1,11
GAAATTGTCTCTATAA-1,10
GAACAACTGGGATGAA-1,19
GAACACACATCAACCA-1,22
GAACAGATTACTAAAT-1,17
GAACATTAGTATGTTA-1,16
GAACCATCTGGGAGAC-1,1
GAACCCTCTGTGTTCT-1,0
GAACCTCGACCTACAC-1,17
GAACCTTTAACGATCC-1,4
GAACGACCGAATGATA-1,28
GAACGATAAGTTAAAG-1,36
GAACGCGGGTCACACG-1,0
GAACGGTGTAAAGCAG-1,24
GAACGTCTCATGGTCG-1,44
GAACGTTAGGAAGACG-1,3
GAACGTTTGTATCCAC-1,8
GAACTGTGGAGAGACA-1,6
GAACTTAGCGCCCGGT-1,32
GAACTTGTGCACGGGA-1,24
GAAGAAACGATATTGT-1,0
GAAGAACGGTGCAGGT-1,2
GAAGACTTCAATGCCG-1,6
GAAGCAAGGCAATGTT-1,22
GAAGCCACTGATTATG-1,7
GAAGCCGGGTAAGCTC-1,10
GAAGCCTGCACATTCC-1,0
GAAGCGTGAGGAATTT-1,32
GAAGCTCGGACCCGTC-1,18
GAAGCTCTTTGCTTAG-1,27
GAAGCTTGCTGACCGC-1,29
GAAGGACTAAATTGAA-1,18
GAAGGAGTCGAGTGCG-1,17
GAAGGCTACCATTGTT-1,23
GAAGGGCATAACCATG-1,3
GAAGGGTCATTAAGAC-1,6
GAAGTCAGTTGCACTA-1,5
GAAGTCTCCCTAGCGA-1,8
GAAGTGATTTATCGTG-1,6
GAAGTGCTGGATAGCT-1,12
GAAGTTTCCACTCAAT-1,10
GAATAGACGCGACCCA-1,11
GAATAGCATTTAGGGT-1,2
GAATAGCCCTGCGGTC-1,24
GAATAGTGCTCGATTA-1,20
GAATATTCGGAGTCCC-1,11
GAATCGACATGGTCAC-1,30
GAATCGCCGGACACGG-1,1
GAATCTATACTCGGAC-1,29
GAATCTGAACATTCTC-1,6
GAATGAAGGTCTTCAG-1,28
GAATGCCGAAATGACC-1,9
GAATGCGAATCGGTTC-1,28
GAATGGGCTTATCGAC-1,32
GAATGTATGGCAGGTC-1,31
GAATGTGGTCCGGATT-1,8
GAATGTTGGGTAATCT-1,33
GAATTATAGTGAAAGG-1,35
GAATTCACCCGGGTGT-1,0
GAATTTCTCGCTGCAG-1,23
GACAAACATATGCAGG-1,1
GACAACGACCATTGAA-1,15
GACAACGCAGCTTACG-1,20
GACAAGACGCCCGTGC-1,17
GACAAGAGATGAGATT-1,21
GACACAAGGGAAGAAA-1,33
GACACAGCCGGGACTG-1,7
GACACCCAAAGACGCG-1,13
GACACGAGTTAGAGGA-1,8
GACACTGAGTTCAGTG-1,28
GACACTGGAACCCGAT-1,16
GACACTTCCAATTACC-1,6
GACAGAGGTCTTCAGT-1,6
GACAGATTTCTGGCTC-1,36
GACAGCCAGACCTGAC-1,1
GACAGGCACACACTAT-1,28
GACAGGTAATCCGTGT-1,5
GACATACTGTCGCAGA-1,12
GACATCCGTCGAACTG-1,1
GACATCGATTTATAAC-1,5
GACATTTCGCCCAGCC-1,25
GACCAAACGTTGACTG-1,0
GACCACACTTCCCTTT-1,11
GACCAGAGCCCTGTAG-1,0
GACCAGGTCATTCATA-1,23
GACCCAATTATGATAC-1,2
GACCCGTCGCCGGCTA-1,6
GACCGACCGCTAATAT-1,31
GACCGACGTGAAAGCA-1,1
GACCGACTGAAGCGTC-1,36
GACCGATTAAATATGT-1,5
GACCGCGTCTGACGTG-1,0
GACCGTCAGGTCGTGA-1,1
GACCGTGCTGACGGTG-1,27
GACCGTTACATGCGAC-1,9
GACCTGGTCTGGGCGT-1,12
GACCTTCCACGTCTAC-1,31
GACGACGATCCGCGTT-1,15
GACGACTTTCCAAGAA-1,15
GACGAGGCTAATAAAC-1,38
GACGATATCACTGGGT-1,1
GACGCATACCCGTCGG-1,36
GACGCCGTAAAGGCTA-1,19
GACGCCTGTTGCAGGG-1,0
GACGCTTGCTTCTAAA-1,24
GACGGACCGCGTTCCT-1,31
GACGGGATGTCTTATG-1,14
GACGGGCATCGAATTT-1,4
GACGGGTTGGCCCGTA-1,0
GACGGTCAATAGAAGC-1,33
GACGGTCCTAGGGTGT-1,34
GACGTGAGACTCCATG-1,1
GACGTGTAGGGATTAT-1,12
GACGTTCGTAAATACA-1,9
GACGTTGCTCGGCGGC-1,18
GACTAACACAGCACCT-1,3
GACTAAGATCATGCAC-1,4
GACTAAGTAGGCTCAC-1,11
GACTACAAAGCGGTGG-1,5
GACTACAATTGCTCGT-1,7
GACTAGGCCGTTAGGT-1,0
GACTCACCCACGTGAG-1,26
GACTCCCAGAATAAGG-1,28
GACTCCTTCCAATTGA-1,9
GACTCGCGGGAATGAC-1,38
GACTCGGTCGGCGGAT-1,26
GACTCTAGAGTTCCAA-1,19
GACTGATTGGTCACAA-1,28
GACTGCAAATCGAGCT-1,0
GACTGCACCAGCCCAG-1,24
GACTGCGGCACGTGTA-1,29
GACTGCTGGTGAGAAA-1,13
GACTGGGCGCCGCAAC-1,24
GACTTCAACGCATCAA-1,24
GACTTTCGAGCGGTTC-1,31
GAGAAACTGGATCCCA-1,28
GAGAACGGTTCTGACT-1,8
GAGAATCTCACGATCA-1,9
GAGACCCTGCAACGCC-1,18
GAGACTGATGGGTAGA-1,17
GAGACTTCGCGACCGA-1,4
GAGAGCGCAGTCCCTG-1,2
GAGAGGCCTATGTGTA-1,34
GAGAGGGCGCGAGGTT-1,14
GAGAGGTGCATTCTGG-1,11
GAGAGTCTCGGGAGAG-1,2
GAGATCGATCTTACTC-1,5
GAGATCTGCTTGGCAT-1,12
GAGATCTGTCACTCCG-1,42
GAGATCTTCCATGACA-1,2
GAGATGACAATCCTTA-1,36
GAGATGGCTTTAATCA-1,3
GAGATGGGAGTCGACA-1,10
GAGCACCTGTGTCCAG-1,12
GAGCACGGCGCCTCTT-1,40
GAGCATCAACAACTTG-1,10
GAGCATCATCCCTGGG-1,8
GAGCCACGGTAGTAGG-1,16
GAGCCAGCTACCTGTG-1,6
GAGCCGAGCGTTTATT-1,29
GAGCGAGGGAGTACCG-1,8
GAGCGCAAATACTCCG-1,15
GAGCGCGCACGAGTAG-1,23
GAGCGCTATGTCAGGC-1,23
GAGCGCTGTTAGGTAA-1,20
GAGCGGAATGCGGTGT-1,13
GAGCTAAGGGCATATC-1,42
GAGCTCAACATGAGCG-1,5
GAGCTCTCGGACCTAA-1,26
GAGCTGTCGTCTCGGA-1,8
GAGGAATATCTCTTTG-1,0
GAGGAATGGAGAGGTT-1,29
GAGGAGATCCTCATGC-1,12
GAGGAGTAATTCCTAC-1,4
GAGGATAAACAGTGCT-1,1
GAGGCATTTGCAGCAG-1,26
GAGGCCCGACTCCGCA-1,8
GAGGCCTGTTGATACA-1,7
GAGGCTATCAAAGTCG-1,22
GAGGGAGTCAGATCGC-1,17
GAGGGCATCGCGTATC-1,28
GAGGGCCATAATATTA-1,9
GAGGGCCGGCAGAGTC-1,39
GAGGGCGCAGCTCTGC-1,30
GAGGGTAGTAACAAAG-1,37
GAGGTACATCCATCTT-1,10
GAGGTACGCGTGTCCC-1,1
GAGGTCCCAAAGATCT-1,8
GAGGTCCGTTCGCTGT-1,21
GAGGTCTTAGTGGGTC-1,10
GAGTAAACCGGAAAGT-1,13
GAGTAAATTAAGAACC-1,27
GAGTAAGGCCACGGGA-1,5
GAGTACGGGTATACAA-1,4
GAGTAGATACTAGTTG-1,13
GAGTATACCCTAATCA-1,17
GAGTATCAAAGTTACA-1,29
GAGTATGCCCGCCTTG-1,4
GAGTATGCGCGTGCAT-1,0
GAGTCAGACCAGAATC-1,20
GAGTCCACCAGGTTTA-1,7
GAGTCCGCTTACCGGA-1,0
GAGTCGACAGACCCTC-1,7
GAGTCTTGTAAAGGAC-1,11
GAGTGCACGGACAACA-1,14
GAGTGTCAACCAGAAA-1,5
GAGTGTGCGGTACCCA-1,23
GAGTTCTGTGGGTGCT-1,26
GAGTTGATGGCAATTT-1,2
GAGTTGTCACCAGTCT-1,36
GATAAATCGGTGGATG-1,30
GATAACTCGCACTGTG-1,26
GATAAGGCAGATGCAA-1,1
GATAAGGGACGATTAG-1,3
GATACCGTGTCGGAGT-1,31
GATACGATGGGAGTCA-1,2
GATAGAACCCGCTAGG-1,10
GATAGATAGTACAGTC-1,25
GATAGCGTACCACGCG-1,14
GATAGGATTAATTACA-1,16
GATAGGTAACGTTGAC-1,1
GATAGGTGTCCCGGGC-1,33
GATAGTGCGAGTAAGT-1,5
GATATCAAGCAGGAGC-1,26
GATATCAGTATGTATC-1,9
GATATCTCATGCAATA-1,26
GATATGAGACACTAAC-1,27
GATATGCGGTAGCCAA-1,16
GATATGGATTACGCGG-1,14
GATATTGAGATTGGCG-1,0
GATATTTCCTACATGG-1,24
GATCAACATAAAGGGA-1,1
GATCATTCCAAACATT-1,9
GATCCCTTTATACTGC-1,38
GATCCGAATATAAGTG-1,16
GATCCGGGAATTAACA-1,10
GATCCTAAATCGGGAC-1,31
GATCCTCGACACTGGC-1,25
GATCCTCTTGCGCTTA-1,5
GATCGACACTATCTGA-1,35
GATCGCGGGCTCTCCA-1,0
GATCGCTACCCGATTT-1,9
GATCGCTATATCTCAG-1,17
GATCGCTGTGGTGCGT-1,3
GATCGGATAGAACCAT-1,33
GATCGGCGATAAGTCG-1,10
GATCGGTGGCCATAAC-1,38
GATCGTGACTGATATC-1,5
GATCTAACCGTATTCA-1,12
GATCTCGACGCTGTGG-1,37
GATCTGCTATCTAAGG-1,17
GATCTTCATTGTCCTC-1,2
GATCTTGGAGGGCATA-1,34
GATCTTTGCAGGGTAT-1,3
GATCTTTGCTCAAAGA-1,26
GATGACAAGTAGGGCA-1,12
GATGACGATGATCGCG-1,20
GATGAGGAACCTTCGG-1,14
GATGATTTGAAACTGG-1,12
GATGCCACACTACAGC-1,2
GATGCCAGCAGAAGGC-1,18
GATGCCTTCTGCGGCA-1,3
GATGCGAATGGTATTA-1,4
GATGCGTCCTGCATTC-1,4
GATGCTACAAGCGCCT-1,30
GATGCTACCTTCGATG-1,31
GATGCTGTATTTCATC-1,30
GATGGCGCACACATTA-1,11
GATGGTGAAATAACCC-1,10
GATGGTGCCCTAGGCA-1,30
GATGTAACGAACCACC-1,23
GATGTCCGGATCACAT-1,23
GATGTCGGTCAACTGC-1,22
GATGTGTTGTCACAAG-1,22
GATGTTCAATCCACGA-1,9
GATGTTTGTGCGAGAT-1,18
GATTAACCGAAAGCCC-1,0
GATTAATCCTGGCTCA-1,30
GATTACTGAATTTGGG-1,0
GATTAGAAACAAGCGT-1,1
GATTATCTTGCATTAT-1,24
GATTCCCTTGTCGCAG-1,33
GATTCCGCGTTTCCGT-1,31
GATTCCTATACGGCGC-1,12
GATTCGACGGTTCACG-1,10
GATTCTGTTAATGAGT-1,4
GATTGACACTCTGCTC-1,18
GATTGCTCCAGTTGCA-1,24
GATTGGGAAAGGTTGT-1,22
GATTTAGTGCGTACTG-1,29
GATTTGCGCTAACACC-1,1
GCAAACCCTACATTAT-1,13
GCAAACCTTGGCCATA-1,0
GCAAACGTAAGCGACC-1,5
GCAAACGTCGCCAGGT-1,12
GCAAAGGGCGTTAGCC-1,11
GCAAATATTACGCTTT-1,22
GCAAATGAGGACACTT-1,19
GCAACACACTAGAACT-1,1
GCAACAGCAGTATGCG-1,20
GCAACCACCAGACCGG-1,36
GCAACCACGGCCGCGT-1,17
GCAACCCAAGTTGTTT-1,23
GCAACGGCTAGTTATG-1,22
GCAAGAATTCCTTGGC-1,19
GCAAGATGTGTTCGCG-1,5
GCAAGCTGGAAACCGC-1,4
GCAAGTGCACAGAGAA-1,14
GCAAGTGTAAAGCATG-1,36
GCAATTAGTCGCACCG-1,33
GCACAAACCCTAGATG-1,20
GCACAAACGAGGCGTG-1,8
GCACAACCTCGGGCGT-1,20
GCACAAGTGGATCATA-1,26
GCACAAGTGTCGGAAG-1,10
GCACACACTGGTAGCC-1,41
GCACACAGCTATTACC-1,10
GCACACGCCCATGGTC-1,2
GCACAGCACGGGCCGA-1,25
GCACCTAGGCGAGTCC-1,39
GCACCTTCCCGAAGGT-1,1
GCACGCCGATTCCCGC-1,3
GCACGCCTACTTAGAT-1,5
GCACGTGGTTTACTTA-1,21
GCACTAGTCGCGCTAT-1,2
GCACTCCCACAGTCCC-1,26
GCACTGCCTACCTTTA-1,1
GCACTGTGCAAATGTA-1,4
GCAGAAACGTAATCCA-1,26
GCAGAAGGTAATCTCC-1,16
GCAGACCCAGCACGTA-1,2
GCAGATCCATAAGACT-1,25
GCAGATCCTCGCAAAT-1,27
GCAGATTAGGGATATC-1,8
GCAGCACACAGCCCAG-1,7
GCAGCCTATATCACAT-1,24
GCAGCGGTGGGCATTA-1,12
GCAGCTATGGACAGGT-1,9
GCAGCTGTCAACGCAT-1,12
GCAGGAACTTAGATCT-1,8
GCAGGACTATAGAATA-1,3
GCAGGTAGAGTATGGT-1,31
GCAGTGCGGGCGGATG-1,2
GCAGTGTGGCTATAGG-1,5
GCAGTTCGATCCGAGC-1,0
GCATAAATTGAACGCC-1,26
GCATACGAGGTCTTTA-1,32
GCATAGAGCACTCAGG-1,9
GCATCCCTAACTTTGA-1,26
GCATCCTCTCCTATTA-1,31
GCATCGGCCGTGTAGG-1,6
GCATGACACAAAGGAA-1,28
GCATGAGGGACGCGGC-1,42
GCATGCTAATAACGAT-1,22
GCATGGGTACTGACGC-1,20
GCATTCAAGGCAACGC-1,38
GCATTCGAAATGAACA-1,12
GCATTGACTTGCGGAA-1,2
GCATTGTAATTCATAT-1,16
GCATTTCCAAGGCTCC-1,38
GCCAACCATTTCCGGA-1,3
GCCAAGAATACTTCTG-1,8
GCCAATAGGGCATCTC-1,16
GCCACAATTTAAGGAC-1,5
GCCACCCATTCCACTT-1,8
GCCACTCAGAGCGCGA-1,34
GCCACTCCTTACGGTA-1,3
GCCAGGAAAGAACACT-1,17
GCCAGGAGTAACCGAT-1,15
GCCAGGCGTTCGCATG-1,26
GCCAGGCTTAGTGGTA-1,7
GCCATATTGCACACAG-1,15
GCCATCGAGCTGCGTG-1,0
GCCATCGATGCTGCAT-1,38
GCCATTAGCCTCAAAC-1,5
GCCCACCAAGGCTGTC-1,5
GCCCACTGGTCCACAA-1,7
GCCCAGATGCTGGAGA-1,38
GCCCAGTTGGTATGCC-1,26
GCCCATGGGTGCAATG-1,6
GCCCGACTTCTTCCCG-1,17
GCCCGAGAGTCTAAAT-1,5
GCCCGATCTGTGGTCG-1,1
GCCCGATGCCCAGTTC-1,3
GCCCGCGCGTAAACGG-1,4
GCCCGCGCGTTTGACA-1,11
GCCCGTAATACCTTCT-1,38
GCCCGTCAAGCCCAAT-1,21
GCCCGTTCACACAATT-1,31
GCCCTAAGTGCAGGAT-1,28
GCCCTAGCCGTCGCGA-1,2
GCCCTGAGGATGGGCT-1,13
GCCGAAATTCCTACGT-1,32
GCCGACCCACGACTGC-1,39
GCCGATTGGCCAAGCT-1,5
GCCGCACTCCGTTTCA-1,15
GCCGCATTAGTCCGGC-1,36
GCCGCTAGATACGCAG-1,6
GCCGCTTGTGAGAAAC-1,18
GCCGGAAACACATCTT-1,22
GCCGGGTTAGGGTCGC-1,8
GCCGGTCGTATCTCTC-1,34
GCCGGTTTGGGCGGAT-1,4
GCCGTCGGTTTCGGGC-1,16
GCCGTGGAAGAAATGT-1,6
GCCTACGTTCTGTGCA-1,0
GCCTAGCGATCTGACC-1,11
GCCTATAGTGTCAGGG-1,16
GCCTATCAGGTAAGAT-1,14
GCCTATGCTGGGCCTT-1,2
GCCTATTCCGATATAG-1,17
GCCTATTTGCTACACA-1,6
GCCTCATCTGGAAATA-1,0
GCCTCCGACAATTCAC-1,18
GCCTCTATACATAGCA-1,32
GCCTGCTACACTGAGA-1,7
GCCTGTCCCGGTGCAT-1,32
GCCTTCAGCCCTACCG-1,26
GCCTTGTATATGCAGT-1,20
GCCTTTGTCAGTGGAC-1,22
GCGAAACGATCGGGAG-1,4
GCGAAACTTAACTGGA-1,29
GCGAAGAATCTGACGG-1,13
GCGAAGCCATACCCGT-1,7
GCGAATGGACTAGCGA-1,5
GCGACATGTAAACATC-1,9
GCGACCCAACCATCTG-1,27
GCGACGATAGTTGTAC-1,0
GCGACGGTAGTCTCCT-1,11
GCGAGAAACGGGAGTT-1,11
GCGAGAGGCCATGTAA-1,1
GCGAGAGTTGCGTCCA-1,35
GCGAGCGCATGCTCCC-1,12
GCGAGGCCCGAGCAGA-1,37
GCGAGGGACTGCTAGA-1,39
GCGAGTTCTGCAAAGA-1,1
GCGATGTCTGTGCTTG-1,36
GCGATTCTGGAAGCAG-1,21
GCGATTGTTAACGTTA-1,31
GCGCAAATATATTCAA-1,17
GCGCAAGAGCGCGCTG-1,23
GCGCATCCAGTCAGCA-1,15
GCGCCGTTCCACGATA-1,19
GCGCCTCCCACTCCGA-1,22
GCGCGATGGGTCAAGT-1,29
GCGCGGTCTAGTAACT-1,3
GCGCGTCATTGGTACA-1,21
GCGCGTTTAAATCGTA-1,15
GCGCTAAGTATGCATG-1,0
GCGCTAATTGAATAGA-1,13
GCGCTATGCCGAGGCA-1,9
GCGCTCGATCACCTGT-1,24
GCGCTGATCCAGACTC-1,37
GCGCTGCTTTGCATTT-1,15
GCGCTGGCGGAAAGTC-1,23
GCGCTTAAATAATTGG-1,5
GCGGACCGCGTTGTGG-1,11
GCGGAGAAACTTCGCA-1,13
GCGGAGAGGGAGAACG-1,8
GCGGATTACTTGTTCT-1,20
GCGGCAAAGTATTGCC-1,11
GCGGCTCTGACGTACC-1,9
GCGGCTTTAGCAAGTT-1,13
GCGGGAACCAGGCCCT-1,11
GCGGGCAGACGGGTGA-1,25
GCGGGCATTACGATGC-1,21
GCGGGCGAGCCTTACC-1,19
GCGGTAACCCAAATGA-1,12
GCGGTCCCGGTGAAGG-1,19
GCGGTCCCTAGACGCA-1,2
GCGGTCTTGCTTTCAC-1,16
GCGGTGAACTGCGCTC-1,27
GCGGTGCGGAGCATCG-1,2
GCGGTTCCCTATCATG-1,9
GCGTAAATGGCCATAA-1,5
GCGTCCAGCTCGTGGC-1,29
GCGTCCCTAAGACATA-1,12
GCGTCGAAATGTCGGT-1,31
GCGTCGCCAGGGTGAT-1,12
GCGTCGTAACATGGTC-1,4
GCGTCTAACCTCCTAA-1,27
GCGTCTCTGCATTGGG-1,12
GCGTGGTACTGGGTTA-1,28
GCGTGTATGTCGTATT-1,13
GCGTTATATTTGGAAC-1,6
GCGTTCGGAGACCGGG-1,23
GCGTTCTGACTAAGCG-1,14
GCTAAACCTGAGGTGA-1,18
GCTAACTGAAGTCTGA-1,23
GCTAAGCCCAGTATGC-1,28
GCTAAGTAAAGGCGAT-1,10
GCTAAGTAGTTTCTCT-1,35
GCTAATACCGAATGCC-1,20
GCTACAATCGAGGATA-1,1
GCTACACTGTCCGAAC-1,26
GCTACAGTACGGACCG-1,33
GCTACGACTTATTGGG-1,10
GCTACTATAGTAGAGT-1,23
GCTAGACCGTCTACTG-1,23
GCTAGAGTAGAGATGT-1,31
GCTAGCAACGCACCTA-1,1
GCTAGCACCTGGGCCA-1,33
GCTAGCAGGGAGTGGG-1,0
GCTAGCGATAGGTCTT-1,10
GCTAGCTTGAATAGCT-1,4
GCTAGGCACCACGGAG-1,0
GCTAGTAGAGCTTGTA-1,29
GCTAGTTTCATTGAGG-1,26
GCTATAAGGGCCAGGA-1,1
GCTATACGTCTCGGAC-1,11
GCTATCATACTCATGG-1,12
GCTATCGCGGCGCAAC-1,9
GCTATGCCAGCTTATG-1,9
GCTCAACCTCTTAGAG-1,8
GCTCAATCCGTTTATT-1,4
GCTCAATGTAATACCG-1,21
GCTCATTACTGCATGT-1,0
GCTCATTGATCATATC-1,25
GCTCCATGAGTGCAGA-1,22
GCTCCATGCAAAGCAA-1,37
GCTCCCAGTCGGTCCA-1,23
GCTCCGCTCGCTTCAG-1,8
GCTCCGGACGTTGATA-1,24
GCTCCTGACATACTGG-1,1
GCTCGCGGTTCCGCTC-1,18
GCTCGCTCATGTCCAA-1,6
GCTCGGAATTTAAAGC-1,42
GCTCTAAACCCTGACG-1,12
GCTCTATGTTACGTGC-1,11
GCTCTCGGGTACCGAA-1,13
GCTCTTTCCGCTAGTG-1,25
GCTGAACTCTCCAGGG-1,38
GCTGAAGGGTTCTTGG-1,15
GCTGAATCTTCCAATC-1,1
GCTGAGCAACGGTTCT-1,4
GCTGAGGCGTGAGTAT-1,23
GCTGCACGGTTTCTTA-1,15
GCTGCGAAGAATTATT-1,0
GCTGCGCCTCCCACGT-1,7
GCTGCTAAGTAGTCGA-1,19
GCTGCTACTGCGTAGC-1,10
GCTGCTCTCCGGACAC-1,1
GCTGGACCCAAAGTGG-1,9
GCTGGCAGGTGCCGTG-1,4
GCTGGCATATTCACCT-1,4
GCTGGCGGCGCATGCT-1,0
GCTGGGAGCGCGTCAA-1,13
GCTGGGTCCGCTGTTA-1,13
GCTGGTGACTCGTAGT-1,3
GCTGGTTTAGGCCATA-1,20
GCTGTATTACTGGCCC-1,5
GCTGTCTGTGATCGAC-1,16
GCTGTTGCTACCGAAC-1,3
GCTTAATGTAACTAAC-1,29
GCTTACGTAGTTAGTA-1,6
GCTTAGGGAAGCGGTA-1,8
GCTTATGAAGCAGGAA-1,21
GCTTCAGTGGGATTAC-1,5
GCTTCCAGCTTAGATT-1,7
GCTTCCATGTAACCGC-1,0
GCTTCCCGTAAGCTCC-1,13
GCTTCCGTCCCTAGAC-1,33
GCTTCGACGTTCAATC-1,6
GCTTGAGTGACCTCTG-1,12
GCTTGATGATAATCAG-1,30
GCTTGCAGCACAATTG-1,14
GCTTGGATCGATTAGG-1,16
GCTTTACACAACTGGG-1,25
GCTTTATTAAGTTACC-1,3
GCTTTCAGAGGAGGTG-1,28
GCTTTCTATCTCAACT-1,36
GGAAACAGAGCTTGGG-1,24
GGAAACCTTGTTGAAT-1,4
GGAAACTAAATGGGCC-1,6
GGAAAGGGAATTGAGC-1,10
GGAAAGTCTTGATTGT-1,13
GGAAAGTGCCCATGCC-1,15
GGAACCCGAACAAGAA-1,3
GGAACCGTGTAAATTG-1,17
GGAACCTTGACTCTGC-1,11
GGAACGGCCTGCAGCC-1,14
GGAACTCGTGAATACG-1,13
GGAACTTTGGCGATTA-1,6
GGAAGATAAGACTGTA-1,4
GGAAGCTCGCTTACAG-1,2
GGAAGGACACCGTATA-1,32
GGAATAACCTCAAGAA-1,24
GGAATGCGCTAGCGTG-1,33
GGACAACCATGAAGCC-1,5
GGACAAGCCATGATCG-1,10
GGACAAGTTGCAGTGA-1,20
GGACACAAGTTTACAC-1,29
GGACACCTCGGTGTTG-1,3
GGACCAACAGGATAAC-1,6
GGACCTACGGTAACGT-1,8
GGACCTCTAGGCCGCC-1,0
GGACGGCTTGCGCAAC-1,28
GGACGGGCGACCAACC-1,4
GGACGTCCATAGTTGG-1,0
GGACTAAGTCAGGAGT-1,17
GGACTCACAAATTAGG-1,37
GGACTCGAAGCTTTCA-1,14
GGACTCGACAGCGCAT-1,5
GGACTCGTGAGTGGTC-1,7
GGACTCTTCCGGTTGA-1,9
GGACTCTTTGACTAAG-1,28
GGAGAAGTCATTGGCA-1,30
GGAGACATTCACGGGC-1,14
GGAGACCAATGTGCTT-1,12
GGAGACCATCTACATA-1,18
GGAGACGACACCTTTG-1,31
GGAGCAACATTTCAAG-1,0
GGAGCACCAAGAACTA-1,15
GGAGCGAGGCCTACTT-1,11
GGAGGAGTGTGTTTAT-1,12
GGAGGATTGAAAGGAG-1,11
GGAGGCCGAAGTCGTC-1,13
GGAGGCGAAGAACCGC-1,16
GGAGGGCTTGGTTGGC-1,40
GGAGGGTCAAGTAAGA-1,34
GGAGTACACATGAGCT-1,9
GGAGTGCCGCCCTGGA-1,11
GGAGTTGATTCTGTGT-1,0
GGATACTCATGAATTG-1,37
GGATCAAAGGACGAGG-1,7
GGATCAGAGCCATCAG-1,18
GGATCATCCCGTACGC-1,3
GGATCCCTACCAGCTA-1,30
GGATCCGGAATATACT-1,10
GGATCTACCGTTCGTC-1,16
GGATCTTACTGCCCTT-1,21
GGATCTTGACTCAACC-1,19
GGATGAAGATCGCTGA-1,29
GGATGACGCGAGTTTA-1,18
GGATGCTGGCGTTCCT-1,13
GGATGGCTTGAAGTAT-1,6
GGATGTCCTTACCGCA-1,3
GGATTAAGCTAAGGTC-1,13
GGATTAATCATGGACC-1,39
GGATTCAGTACGGTGG-1,9
GGATTCCGCTATACCC-1,16
GGATTGAAGTAGCCTC-1,1
GGATTGCTGTGACTCC-1,5
GGATTTCACTTCTATA-1,42
GGCAAAGGCGCCAATA-1,21
GGCAAATTACTTTACT-1,0
GGCAAGCCAGGGATAG-1,1
GGCAAGCCCATAGTGG-1,24
GGCAAGGCGAAATAGC-1,12
GGCAATAGTCAATGAG-1,15
GGCACGCTGCTACAGT-1,32
GGCACTCAGCCGACCC-1,2
GGCACTCCACTGGGCA-1,0
GGCACTGCGGTGGTTT-1,12
GGCAGAGAGATCGGGA-1,2
GGCAGCAAACCTATGC-1,6
GGCAGCGGTAATCCTA-1,9
GGCATACAGGTAGCGG-1,19
GGCATATCGGTTCTGC-1,27
GGCATCAACGAGCACG-1,8
GGCATTCCCTCCCTCG-1,1
GGCATTGAACATCTCA-1,1
GGCCAATTGTATAGAC-1,25
GGCCACAAGCGATGGC-1,8
GGCCACACGAAAGCCT-1,35
GGCCCAATCTAGAGGG-1,7
GGCCCAGCTGGTTTGC-1,10
GGCCCAGTTATCAGCA-1,18
GGCCCGGAGCATGTCT-1,38
GGCCCGTATACCATGC-1,23
GGCCCTCACCCACTTA-1,17
GGCCGAGACTCTGGTG-1,0
GGCCGCAGGAACCGCA-1,5
GGCCGGCGTCTGCTAT-1,2
GGCCGTTTGGGTTTCA-1,11
GGCCTGCTCTGATGTT-1,10
GGCCTGCTTCTCCCGA-1,10
GGCCTTTGCAACTGGC-1,8
GGCGAAATCTAACTTG-1,8
GGCGAACCGTTCTGAT-1,14
GGCGAGCATCGAGGAC-1,29
GGCGAGCGAAACGGCA-1,8
GGCGCACAGTTTACCT-1,21
GGCGCAGGACATCTTC-1,2
GGCGCATGAATTGATG-1,35
GGCGCGGAGATCTTTC-1,7
GGCGCGTTCGAGTTTA-1,14
GGCGCTCCTCATCAAT-1,26
GGCGCTTCATTCCCTG-1,9
GGCGGAGTAATATTAG-1,2
GGCGGGCTCTAAGAGT-1,2
GGCGGTAGGATCATTG-1,37
GGCGGTTTGCCGGTGC-1,2
GGCGTACCCTATATAA-1,8
GGCGTAGGGAAAGCTG-1,4
GGCGTCCTATCCGCTG-1,3
GGCTAAAGGGCGGGTC-1,5
GGCTAATGATTGAAAT-1,5
GGCTACTATACACTCC-1,5
GGCTATTAAGTTGTAT-1,1
GGCTCCTCCACCTGTT-1,27
GGCTCGCGTTGAGGTA-1,33
GGCTCGTGCCACCAGC-1,20
GGCTCTGCTCCAACGC-1,40
GGCTGAAATAGCAAAG-1,6
GGCTGAGCATCGTAAG-1,32
GGCTGGCAATCCCACG-1,31
GGCTGGCAGCTTTATG-1,29
GGCTGGCTAGCTTAAA-1,3
GGCTGTCCTACTGCGG-1,39
GGCTTCTCGTGGGTGG-1,6
GGCTTGGCTCTCACCT-1,18
GGCTTTCAATAAGGGT-1,0
GGGAAAGAATGCCAAC-1,6
GGGAACCACCTGTTTC-1,29
GGGAACGGGAGGTTAG-1,1
GGGAACGGTTTCAGAT-1,13
GGGAAGACGGTCTGTC-1,11
GGGAAGGGCTTTCTCA-1,5
GGGAATGAGCCCTCAC-1,9
GGGAATTCTGTCCAGT-1,14
GGGACAGAGTTACTCC-1,2
GGGACCCGTATATCTT-1,2
GGGACTGCATAGATAG-1,19
GGGAGAACTCACAGTA-1,10
GGGAGCGACCGTAGTG-1,23
GGGAGGATGCCCGAAA-1,21
GGGAGTAATGGCTGGC-1,0
GGGAGTTAATGAGGCG-1,15
GGGATACGGTAATAAT-1,4
GGGATATTGATCGCCA-1,1
GGGATCCCAATACAAA-1,14
GGGATGGACCCGCGTC-1,12
GGGATGGTCGTAACCG-1,24
GGGATTATCTCACAAC-1,4
GGGATTTACCGCACCT-1,18
GGGCAACCGCACGTGC-1,17
GGGCACGAATTGGCCG-1,26
GGGCACGTAGTACTGT-1,6
GGGCACTATTGACCAT-1,8
GGGCAGACGTCACTGC-1,12
GGGCAGAGCAATCGTT-1,20
GGGCAGGATTTCTGTG-1,22
GGGCAGTCAACGCCAA-1,34
GGGCATGCATGTCGAG-1,4
GGGCCATTCGTGCTGG-1,11
GGGCCCGTCTTAAACA-1,6
GGGCCCTACGAAAGGG-1,24
GGGCCCTTATCTATAC-1,18
GGGCCGGCCGAAGTAC-1,1
GGGCCTAAATGGGCTA-1,28
GGGCCTATACAACCGG-1,33
GGGCCTATTTAAGTAT-1,14
GGGCGAATTTCTCCAC-1,29
GGGCGATATGTGTGAA-1,16
GGGCGCAGCGTTACTC-1,37
GGGCGGCAAATGAATT-1,5
GGGCGGGTTCCCTACG-1,5
GGGCGGTCCTATTGTC-1,30
GGGCGTACATTTATAT-1,19
GGGCGTCACCACGTAA-1,12
GGGCGTCCACTGGCTC-1,24
GGGCGTGGTTTCCCAG-1,0
GGGCGTTTACATTCAT-1,28
GGGCTACTATTTCGTG-1,17
GGGCTATGATCGATGG-1,12
GGGCTCATCGAACCCA-1,37
GGGCTGCCTAGGGCGA-1,10
GGGCTGGTTAGTCGCG-1,12
GGGTAATGCTGTGTTT-1,36
GGGTACACTCTGGAGG-1,3
GGGTACCCACGGTCCT-1,2
GGGTACTTCATGAACT-1,12
GGGTATGTATGCACTT-1,8
GGGTATTCTAGCAAAC-1,3
GGGTCACCGTGACGGT-1,27
GGGTCACGTGCTTATG-1,36
GGGTCAGGAGCTAGAT-1,1
GGGTCATGCGTACCAT-1,27
GGGTCCTTGGAAGAAG-1,31
GGGTCGTGGCAAGTGT-1,3
GGGTCTATCGCTTTCC-1,24
GGGTGACACCTTAACT-1,0
GGGTGCATATGAAAGC-1,15
GGGTGGTCCAGCCTGT-1,4
GGGTGTTTCAGCTATG-1,37
GGGTTAACATTTGAGT-1,4
GGGTTCAGACGAACAA-1,8
GGGTTTAGGATAGGAT-1,8
GGGTTTCCGGCTTCCA-1,20
GGTAAACTCTGCGCTG-1,7
GGTAAATGTGCGTTAC-1,3
GGTAACCGGCAAAGGT-1,22
GGTAACCGGGAGGATA-1,17
GGTAACTATGTATCTG-1,2
GGTACAAACATGCTAT-1,3
GGTACACCAGATTTAT-1,11
GGTACATCTGGGACGA-1,7
GGTACCATTAAGACGG-1,37
GGTACGTTGCGGCCGG-1,22
GGTACTAAGTGCTTTG-1,15
GGTAGAAGACCGCCTG-1,13
GGTAGACCGTTGGGCG-1,3
GGTAGGCCAATATCAC-1,0
GGTAGTGCTCGCACCA-1,18
GGTATAGTGACACATA-1,24
GGTATCAAGCATAGAA-1,7
GGTATGAAAGAACTGA-1,8
GGTATTGCCGAGTTTA-1,15
GGTCAAGACTACTTCG-1,27
GGTCACGTTAGATTCA-1,8
GGTCAGTGGGTCCCAC-1,5
GGTCATTGTAGTCATA-1,10
GGTCCACGTCTATTTG-1,11
GGTCCCATAACATAGA-1,16
GGTCCTTCATACGACT-1,7
GGTCGGATAAACGGCG-1,37
GGTCGGCCAGGAGCTT-1,38
GGTCGGTAATTAGACA-1,10
GGTCGGTCGTCCACAG-1,19
GGTCGTAAGCTCGCAC-1,11
GGTCTCCAAGTAGTGC-1,10
GGTCTCCGTCCAGGTT-1,11
GGTCTCTGAATGGACT-1,17
GGTCTGAGAATCTGGA-1,42
GGTCTTGAGCGCTCTT-1,7
GGTCTTGGTGTTAACT-1,29
GGTGAAACCGGGAATG-1,26
GGTGAACGGGCTAGCC-1,14
GGTGAAGTACAGGGAT-1,19
GGTGACTGATAGAGAG-1,19
GGTGAGATGCAGATAA-1,7
GGTGATAAGGAGCAGT-1,13
GGTGATGAAGGAAGTG-1,8
GGTGATTTCATCTTGT-1,24
GGTGCAGAGCCTATCG-1,3
GGTGCATAAATGATTA-1,10
GGTGCGGATAAGTGGC-1,2
GGTGCTGATCACAAAG-1,36
GGTGCTGGTACACATT-1,10
GGTGGACCACGTGTTA-1,24
GGTGGACTGCTCTGGC-1,3
GGTGGAGGTTGATACG-1,35
GGTGGGATTAGGTCCC-1,32
GGTGTAAATCGATTGT-1,5
GGTGTAGGTAAGTAAA-1,10
GGTGTTCTGTTTCTAC-1,21
GGTGTTGGGCGTCTTA-1,15
GGTTACCACCCTCGGG-1,1
GGTTACCCGACACTTT-1,31
GGTTACCGCTCCCTAC-1,28
GGTTAGCTATATGTCT-1,20
GGTTAGGCTTGGAGAA-1,13
GGTTAGTTACGGCGCC-1,3
GGTTCCACCCGCTTCT-1,10
GGTTCCCTAGTGTCTC-1,3
GGTTCCGTACGACTAA-1,34
GGTTCGATGCTGAGTT-1,16
GGTTCGCATTTGCCGT-1,13
GGTTCGGATTATACTA-1,18
GGTTCTACTCGTCTGA-1,8
GGTTGTATCGTGAAAT-1,7
GGTTGTGCTCTTGTCC-1,28
GGTTGTGTAGCCTGGC-1,3
GGTTTAATTACCATCG-1,4
GGTTTAATTGAGCAGG-1,2
GGTTTACAATCTCAAT-1,15
GGTTTAGCCTTTCTTG-1,29
GGTTTCAATCGGTCAG-1,13
GGTTTGACAAGAAGCT-1,29
GGTTTGAGTGCTGGAA-1,22
GGTTTGCGAACACGTA-1,14
GGTTTGTGACCTGAGG-1,21
GTAACAACTGACCTTG-1,5
GTAACAGGTTAACGGC-1,5
GTAACATCAGCTCATC-1,37
GTAACATCTAAGATAA-1,0
GTAACTACGTAGACCT-1,1
GTAACTGCCCAAGGAG-1,24
GTAACTTGCGGCAGTC-1,6
GTAAGCGGGCAGTCAG-1,33
GTAAGGATTTGTCGGA-1,34
GTAAGTAACAGTCTGG-1,9
GTAAGTAGGGTATACC-1,4
GTAAGTCCACACTCTA-1,1
GTAATAAAGGGCTCCC-1,16
GTAATCTGATTCTTCG-1,11
GTACACTTACCTGAAG-1,31
GTACAGAGGCAAGGGT-1,4
GTACGACGGCGCTGCG-1,3
GTACGAGATTGCGACA-1,11
GTACGCTTCATTGCAC-1,17
GTACGTCACGTATTAA-1,3
GTACGTTTGCCCGTCA-1,32
GTACTAAGATTTGGAG-1,5
GTACTACGGCCTCGTT-1,13
GTACTCCCTTATCGCT-1,12
GTACTCCTGGGTATGC-1,28
GTACTGAGGTCGTAAC-1,0
GTACTGCATGAAGCGT-1,1
GTACTGGAGTTAGACC-1,15
GTACTTGGGCACTTCT-1,8
GTAGAAACGGGTGGAG-1,14
GTAGACAACCGATGAA-1,13
GTAGACACGCCTGACT-1,21
GTAGACGTCGTTACAT-1,30
GTAGAGGGAGACAAGT-1,39
GTAGCCAAACATGGGA-1,10
GTAGCGCTGTTGTAGT-1,30
GTAGCGGCTATACACT-1,27
GTAGCTAGTAAGCGCG-1,0
GTAGCTCCGGGAGGCT-1,13
GTAGCTTCCTCTTGTT-1,33
GTAGGTGATCCGTGTA-1,32
GTAGTCGCGGGAATCA-1,6
GTAGTCTACGATATTG-1,20
GTAGTGAGCAACCTCA-1,0
GTAGTTCGAAGGCGAA-1,13
GTAGTTTAAGCACACG-1,11
GTATAATCTCCCGGAT-1,4
GTATAGGACTCAGTAG-1,13
GTATAGTGGCCCATGT-1,28
GTATATGTTACGGCGG-1,2
GTATCAAACGTTAGCT-1,31
GTATCAAGGTACTTCC-1,17
GTATCAGCTTGGGTTC-1,8
GTATCCTTTGGTAACC-1,5
GTATCGGGACGAGCTG-1,2
GTATCTCAGTCTTGAC-1,8
GTATCTCCCTAACTGT-1,8
GTATCTCGGGCGCTTT-1,28
GTATCTTGTTGCTCAC-1,30
GTATCTTTCATAACCA-1,38
GTATGAAATTTCACTC-1,19
GTATGACGTGGGAAAC-1,12
GTATGTGGGTCTAGTT-1,4
GTATTAAGGCGTCTAA-1,5
GTATTAGGGTTCGCGT-1,14
GTATTCTGAGAAACGA-1,21
GTATTCTTACCGTGCT-1,24
GTATTTAATGGCATAA-1,15
GTCAAAGAAGTGGTGT-1,28
GTCAAAGTTTACATAG-1,14
GTCAACCAGGCCTATA-1,4
GTCAAGCGGACTCGGG-1,27
GTCAATGCTATAATTT-1,14
GTCAATTGTACTGAAG-1,25
GTCACAAAGTTTCCAA-1,37
GTCACCTGTCTATGTC-1,34
GTCACTCATGAGCGAT-1,12
GTCACTCTCCAAATCT-1,23
GTCAGAATAGTCTATG-1,27
GTCAGACAGCGTTGGA-1,30
GTCAGTTGTGCTCGTT-1,0
GTCAGTTTGGTAGTCG-1,9
GTCATCTCCTACAGCT-1,18
GTCATGCACCTCCGTT-1,40
GTCATGCGCGAGGGCT-1,4
GTCATGGACATGACTA-1,38
GTCATTAGAGCGAACG-1,36
GTCATTGCATTGACCC-1,4
GTCCAATATTTAGCCT-1,6
GTCCACGTCGCATTCG-1,10
GTCCAGGCACGTGTGC-1,27
GTCCATTACTGCTACG-1,2
GTCCCAACGTAAAGTA-1,10
GTCCCAATCATCCCGC-1,17
GTCCCGCGACGTTATG-1,23
GTCCGAGAGCAATCAT-1,2
GTCCGGACCTGAAATT-1,6
GTCCGGCTGAATTGCG-1,4
GTCCGGGTTCACATTA-1,10
GTCCGTTAGAGGGCCT-1,13
GTCCTACAGGCGGCTC-1,2
GTCCTACGAATAGTCT-1,0
GTCCTACTCTACGGGC-1,26
GTCCTAGGATACCTTA-1,12
GTCCTATTGTTGTGGT-1,3
GTCCTTCTACAACCCA-1,27
GTCCTTCTAGTGGGTT-1,33
GTCCTTTAATGACTTC-1,31
GTCGAATTTGGGCGCT-1,12
GTCGATAGGTGACTTT-1,34
GTCGCCGTTGTGTGTT-1,22
GTCGCGTAACCCGTTG-1,10
GTCGGAAGGATACCAG-1,4
GTCGGATATCTCAGAC-1,9
GTCGGATGTAGCGCGC-1,32
GTCGGGAACATGGTAG-1,7
GTCGGGAAGCAGAAAC-1,0
GTCGGGTGAAGTACCG-1,6
GTCGTACCATCTCGGG-1,1
GTCGTACCTACGATTG-1,14
GTCGTATTGGCGTACA-1,24
GTCGTCAATTATAAGG-1,1
GTCGTCTGGTTGGCTA-1,15
GTCGTGTCTGGTCATC-1,38
GTCGTTATTCGCTTAT-1,11
GTCTACTCAATTACAA-1,31
GTCTAGTGAGCCGCTT-1,20
GTCTATACACGCATGG-1,39
GTCTATCTGAGTTTCT-1,9
GTCTATTGCATGCTCG-1,2
GTCTATTGGTTCCGGT-1,11
GTCTCAAGGCCCGGCT-1,6
GTCTCCCGAGTCCCGT-1,39
GTCTCCGCCTCAATAC-1,35
GTCTCCTGCCAGTATG-1,6
GTCTCGACTAAGTTTG-1,8
GTCTCGATCTGCTTTC-1,6
GTCTCGCCAACACGCC-1,14
GTCTGCCGACTCGACG-1,16
GTCTGGGCGGTCGAGA-1,24
GTCTGTAGGTTGAACA-1,10
GTCTTACCACGCCAAG-1,9
GTCTTAGTACAGCCGG-1,20
GTCTTCCTCACCTAAG-1,30
GTCTTGAGGAGCAGTG-1,28
GTCTTGTAGCTATTCA-1,2
GTGAAACGGCGCCACC-1,15
GTGAAACGTGCTCCAC-1,21
GTGAACTCCCATTCGA-1,15
GTGAAGATTTCAAGTG-1,39
GTGAAGCCGTATAGTC-1,8
GTGAAGTCACGACTCG-1,22
GTGACAGCTTCCCACT-1,7
GTGACCGCACACTACG-1,8
GTGACCTAAAGAATAA-1,16
GTGACGAGGGTGACCC-1,15
GTGACGCAGGTTTCAT-1,28
GTGACTTCAGTAGTGC-1,20
GTGAGATAACCTTATA-1,25
GTGAGCGTGCTGCACT-1,20
GTGAGGACACTTAAGG-1,21
GTGAGGAGCGGTTGAG-1,3
GTGAGTCGACTAATAG-1,19
GTGAGTCTAAGACGGA-1,36
GTGAGTGGTACAACGC-1,29
GTGATCAAGCGTGCAC-1,24
GTGATCACTAACGCCT-1,6
GTGATCATAGATCTGC-1,0
GTGATCCTTGTCATGA-1,5
GTGATGCACAACATCT-1,21
GTGATTCGCCGCTCAA-1,9
GTGCAAATCACCAATA-1,32
GTGCAACAAATGTGGC-1,11
GTGCACCAGCTTCAAC-1,17
GTGCACGAAAGTGACT-1,32
GTGCAGCGTAGAGTAG-1,27
GTGCCATCACACGGTG-1,39
GTGCCCGTTCGGATTC-1,30
GTGCCGCTTCAAAGGT-1,14
GTGCCTAGCTATGCTT-1,31
GTGCCTCAGTGTACGG-1,1
GTGCCTGAGACCAAAC-1,6
GTGCGAAATCGAACAC-1,4
GTGCGACAGGGAGTGT-1,11
GTGCGCAGCTTGCTCC-1,19
GTGCGCTTACAAATGA-1,22
GTGCGGGACCATCGGC-1,26
GTGCGGGTCTCCAAAT-1,0
GTGCGTGTATATGAGC-1,14
GTGCTATCCAGCTGGA-1,21
GTGCTCAAGTACTGTC-1,10
GTGCTGCAGATAAGGA-1,8
GTGCTGTTAGAACATA-1,35
GTGCTTACATCAGCGC-1,29
GTGGAACCTACATGCG-1,15
GTGGACCAACCCGATT-1,9
GTGGACGCATTTGTCC-1,19
GTGGACGTGCTGAGAC-1,30
GTGGAGCATGTCGGCC-1,41
GTGGAGCGTTTACCGA-1,22
GTGGAGTCGGCGGTTG-1,11
GTGGCAAACAGCGGCA-1,17
GTGGCCGGTTTCTCGG-1,5
GTGGCCTAATATCATT-1,26
GTGGCGGGCCGTAGCT-1,39
GTGGCGGTCCCAGCGT-1,34
GTGGCGTGCACCAGAG-1,16
GTGGCTGTTTCTGTTC-1,17
GTGGGAACAAACCGGG-1,17
GTGGGAAGACTGAATC-1,7
GTGGGCTTAGACACAC-1,6
GTGGGTACTGAGCGTA-1,12
GTGGGTCTTCTTTGCG-1,7
GTGGTATAGTCTGCCG-1,11
GTGGTCAGCGAAGTAT-1,3
GTGGTGATGGTTTGTG-1,7
GTGGTGGCCAAGTGAA-1,11
GTGGTTACTTCTTTCG-1,27
GTGGTTTCCGCCTTTC-1,1
GTGTACCTTGGCTACG-1,6
GTGTACGAACCGTTCC-1,28
GTGTATATCAGCGGGC-1,11
GTGTATGACTTTAAAG-1,8
GTGTCAGTGTACGTGG-1,28
GTGTCCGATAAGGCAT-1,15
GTGTCGTATAGCGTTC-1,19
GTGTCGTATTCACCTT-1,9
GTGTGAATAACTTAGG-1,38
GTGTGAGCCGAGGTGC-1,22
GTGTGTCGACGTCGCT-1,1
GTGTTACTATGCGTCC-1,6
GTTAAAGTAGGACTGG-1,0
GTTAACATCACTTAAA-1,1
GTTAACTATGTTGTCA-1,23
GTTAAGGGTGCGATGT-1,39
GTTAAGTTAGAGTGGG-1,31
GTTAATAGCGTCATTA-1,0
GTTAATGTCTATCTTA-1,14
GTTACAATTGGTGACG-1,4
GTTACCAAGGCGTACG-1,1
GTTACCTACAACTTGC-1,4
GTTACGAAATCCACGC-1,26
GTTACGGCCCGACTGC-1,29
GTTACTTTGGGCCTAG-1,28
GTTAGAGTGTGCCGCT-1,8
GTTAGCCCATGACATC-1,19
GTTAGCCGTAAATCAA-1,10
GTTAGGCTACCCGTTT-1,17
GTTATAATACGGTGAA-1,35
GTTATATCAGGAGCCA-1,18
GTTATATTATCTCCCT-1,4
GTTATCAAGCTATCGA-1,39
GTTATCACCTTCTGAA-1,28
GTTATTAAATACGACC-1,9
GTTATTAACGTGGGAG-1,24
GTTCAAATCAGATGTC-1,16
GTTCAATCTATGTCAA-1,30
GTTCACAGGAGTCTAG-1,19
GTTCAGTCGCCAAATG-1,13
GTTCATCGTTTGGCTG-1,1
GTTCCAAGACAGCGAC-1,30
GTTCCAGTCTGACCAT-1,14
GTTCCCGTAAACATAT-1,4
GTTCCGTCCGCCTGCA-1,37
GTTCGACAATTGTATA-1,0
GTTCGCCATAAGTGCC-1,28
GTTCGCTGAGACGTCT-1,13
GTTCGGAGCACTCAAC-1,0
GTTCGGATCGGGAACA-1,8
GTTCGGGCGTACCATT-1,37
GTTCGGTGTGGATTTA-1,8
GTTCGTCTAAAGAACT-1,25
GTTCGTCTGGGTCCCT-1,23
GTTCGTTGCGGACCAG-1,8
GTTCTTCCCTCGATGT-1,17
GTTCTTGTAACTCAAT-1,25
GTTGAACCGGTTCCAT-1,13
GTTGAGTCCCGCCGGT-1,6
GTTGCACGGAGTTTCG-1,23
GTTGCAGTCGACAACA-1,3
GTTGCCCTAACGGGTG-1,13
GTTGCGCTAACATTAC-1,27
GTTGCGGACGGTCAGG-1,18
GTTGGACCGCATCAGG-1,3
GTTGGATTCAGTGGCT-1,24
GTTGGATTGAGAACAC-1,33
GTTGGATTTGCGTTGG-1,34
GTTGGTCATGCTATCC-1,1
GTTGTAGATTTATGAG-1,21
GTTGTCGTGTTAGTTG-1,19
GTTGTTACATTGCGCT-1,4
GTTGTTGCAAGATGGC-1,11
GTTTACGTTCCATCTG-1,0
GTTTATGGGATTTAGA-1,28
GTTTCAAACGAGTTGT-1,18
GTTTCATATCGTCGCT-1,3
GTTTCCTGGAGGGTGA-1,0
GTTTCTAGAGGCGCGG-1,1
GTTTCTGCAGTCTCCC-1,21
GTTTGACCAAATCCTA-1,27
GTTTGAGCGGTTATGT-1,29
GTTTGGCCCAAGTTAT-1,2
GTTTGGCCGCTCAGCG-1,18
GTTTGGCGTCAGGCAC-1,33
GTTTGGGCTTGTGAGC-1,25
GTTTGGGTTTCGCCCG-1,5
GTTTGGTAGGGTCAAC-1,4
GTTTGGTGATCGGTGC-1,17
GTTTGTTAGCCAAGTA-1,2
TAAACCCAGGAGGGCA-1,22
TAAACGTCGTCAATGA-1,1
TAAAGACAACCCTTTA-1,35
TAAAGAGCCCGAAACC-1,0
TAAAGCGGTATTTCCA-1,17
TAAAGCGTTAGGAGAA-1,38
TAAAGCTGCAATAGGG-1,34
TAAAGGAGAAACTAGT-1,9
TAAAGTGCACGTCTCG-1,0
TAAATCTTTACACCTC-1,10
TAAATGAATCCGTTTC-1,4
TAAATGCCGTCTCATG-1,0
TAAATGGGCTACTGAG-1,26
TAAATTGTGGGTAAAG-1,20
TAAATTTAGTAACACC-1,28
TAACAAAGGGAGAAGC-1,2
TAACAATATTTGTTGC-1,30
TAACAGCGTTTGTGCT-1,4
TAACAGGTTCCCTTAG-1,10
TAACATACAATGTGGG-1,19
TAACATACACGCGATC-1,26
TAACCGCCCGCAGTGC-1,21
TAACCGTCCAGTTCAT-1,1
TAACCTACCGTCCGAG-1,6
TAACCTAGGGAGTCCA-1,27
TAACGCTTTGAGAGCG-1,14
TAACTATCGAAGGTCC-1,5
TAACTATTACGCCAAA-1,37
TAACTCATCCGCGCGG-1,17
TAACTCCATGGAGGCT-1,12
TAAGAGGGACAGGGAC-1,20
TAAGATTTAGCGGGAG-1,23
TAAGCAGGCGACACGC-1,3
TAAGCCCTTACGACCA-1,27
TAAGCGCGAATCAAAT-1,32
TAAGGAACTTGTGGGA-1,30
TAAGGCAACATAAGAT-1,33
TAAGGCATAACATCAA-1,5
TAAGGCCCGTCACCCT-1,0
TAAGGCTGAATCCCTC-1,8
TAAGGGCCTGTCCGAT-1,34
TAAGGGCTGGGAGAGG-1,9
TAAGTAAATGTGCCGC-1,16
TAAGTAACATCTTGAC-1,0
TAAGTCGCCGAGTATC-1,17
TAAGTCGGTGAGCTAG-1,27
TAAGTGAATAGTCTAC-1,17
TAAGTTGCGACGTAGG-1,14
TAATAAACAAGGAGAT-1,16
TAATACACAGTAGTAT-1,42
TAATACTAGAACAGAC-1,25
TAATAGAACAGAGTTA-1,21
TAATAGCTAAATGATG-1,4
TAATAGGTCACCAGAA-1,20
TAATAGTGACGACCAG-1,38
TAATATTGAAATTCGC-1,3
TAATCAACCAAATGGG-1,0
TAATCGATCCGTACGT-1,33
TAATGAAAGACCCTTG-1,23
TAATGTCGGTTCATGG-1,12
TAATTACGTCAGTAGA-1,39
TAATTAGATGGATATG-1,30
TAATTAGGACATCCGT-1,30
TAATTCCAATGCTTCA-1,1
TAATTGGAATCGGGAA-1,26
TAATTTCCGTCCAGTA-1,18
TACAAATTGCGGAGGT-1,18
TACAACAGCGCATACA-1,36
TACAACGCACAACTCA-1,18
TACAAGCTGTTCACTG-1,13
TACAAGGGCTTCTTTA-1,14
TACAAGTCTCGTGCAT-1,2
TACAATGAAACCAGCA-1,2
TACACAGCCGTGGTGC-1,18
TACACCGTCGTTAGTC-1,32
TACACCTCTTCGAATC-1,10
TACAGAAACGGTGGGC-1,8
TACATAGGCATACACC-1,4
TACATCCCTATCCCTG-1,13
TACATCTTGTTTCTTG-1,7
TACATGACCTTATCCG-1,10
TACATGCCGGAATTGT-1,9
TACATTTCTAACGTGC-1,13
TACCAAATAGCCCAGA-1,21
TACCAATAAAGTACCA-1,21
TACCAGAAGTAGGTTC-1,6
TACCAGCTAGGTTTAA-1,15
TACCAGGAATCCCGTC-1,18
TACCATGTATTGATTT-1,28
TACCCTCGGTAACCCT-1,11
TACCGAATAATTGTAA-1,9
TACCGATCCAACACTT-1,1
TACCGCGGACTTGCAG-1,21
TACCGGCTCACTGCCC-1,6
TACCGGTCGTTTCCAT-1,10
TACCGTAGGTTAACTA-1,6
TACCGTGCCTCGGACC-1,10
TACCTACTCCCAGTAT-1,31
TACCTATCCCTAGAGG-1,14
TACCTCACCAATTGTA-1,7
TACCTCACGCTTGTAC-1,2
TACCTCAGTTGTCTGT-1,0
TACCTCCACACCAATG-1,16
TACCTCTTTACCATCC-1,7
TACCTGCTGCACTGTG-1,9
TACCTTAAGATTTCCC-1,11
TACGAACACGACTTCA-1,7
TACGACGCTTGCTGCG-1,7
TACGACTGCCTCTTAG-1,27
TACGAGAACTTCACGT-1,20
TACGATCCAAGCCACT-1,40
TACGATGTTGATCATC-1,24
TACGCAGTTCTTTCCT-1,25
TACGCCATATTCTAAT-1,3
TACGCCGAGGGTACCC-1,22
TACGCCGCCTCAGAAG-1,31
TACGCCTCCATTCCGA-1,20
TACGCTATAGAAACCT-1,6
TACGCTCCTAGAACTG-1,0
TACGCTCGGTATTGGA-1,6
TACGCTGCACGGTCGT-1,9
TACGCTGCTGTGTTAA-1,0
TACGGAAGCCAAACCA-1,15
TACGGCATGGACGCTA-1,27
TACGGGATGCTAGCAG-1,33
TACGGGTAATAACATA-1,7
TACGTAAAGCGGAGTG-1,0
TACGTACTAGTGCTGA-1,13
TACGTGCAAGGTTCCT-1,12
TACGTGCACTATGCTG-1,9
TACGTGGGCCCAGGGC-1,0
TACGTTTACCGGCAAT-1,17
TACTACGTGCAATGCG-1,35
TACTATGGTTCCTCAG-1,5
TACTCACAACGTAGTA-1,23
TACTCATTGACGCATC-1,25
TACTCCTCTAGTTGAC-1,21
TACTCGGCACGCCGGG-1,24
TACTCGTTTGAATCAA-1,19
TACTCTCCGAACAAAT-1,13
TACTCTTACTTTACTG-1,6
TACTCTTTCGTCTTCA-1,5
TACTGAACAGATTTAG-1,8
TACTGAGGGAAGAAAG-1,20
TACTGCAATCAATTAC-1,0
TACTGCATGATTAAAT-1,17
TACTGGACAGCTCGGC-1,7
TACTGTTTCTCTGGTA-1,36
TACTTAAACATGTACA-1,36
TACTTGTTAGTAGTCC-1,9
TACTTTACTGAGCCGG-1,44
TACTTTCCGCACGCCA-1,22
TAGAAACACAATAGTG-1,36
TAGAAACCACTAAGTA-1,26
TAGAAAGGTGGCGCTA-1,42
TAGAAATTCACGTATA-1,2
TAGAACGCCAGTAACG-1,30
TAGAAGAAGGGTTACA-1,3
TAGAATAGCCGATGAA-1,21
TAGAATTAAGGGCAAC-1,8
TAGACGAAACGCCAAT-1,10
TAGACGCCCGTACCGG-1,33
TAGACTACCTAGCGTT-1,29
TAGACTCAGTTGGCCT-1,10
TAGAGATCATGCAACT-1,22
TAGAGCTACGAAGAAC-1,8
TAGAGGGAGTTTATCT-1,1
TAGAGGTTCTACTTGT-1,27
TAGAGTCTAAGCGAAC-1,19
TAGAGTGTTCCGGGTA-1,1
TAGATATGGACTGGAA-1,18
TAGATCCGAAGTCGCA-1,18
TAGATGGTTCCTTACT-1,27
TAGATTCAAAGTGCGG-1,25
TAGATTCCTGGTTATT-1,1
TAGATTCTCTAGCAAA-1,7
TAGCAACCTGTCACAA-1,4
TAGCAGATACTTAGGG-1,27
TAGCAGTAAATACGCG-1,12
TAGCAGTATGACTAAA-1,23
TAGCCAGAGGGTCCGG-1,13
TAGCCATTTCAAAGTC-1,30
TAGCCGGCGGTCAGCG-1,40
TAGCGTCCCTCGATTG-1,24
TAGCGTCCGGTGTGGT-1,0
TAGCGTCGAATATTGA-1,30
TAGCGTTGGGTCTTAC-1,24
TAGCTAAGTCCGGGAG-1,9
TAGCTAGAAGGCATGA-1,20
TAGCTAGTGATGATGG-1,0
TAGCTCACTGTGTTTG-1,3
TAGCTCAGATCCTAGT-1,13
TAGCTCGCCTGATAAC-1,11
TAGCTGATGTGAAGCG-1,36
TAGGAACAGCCTCCAG-1,4
TAGGAGGCTCGAGAAC-1,18
TAGGATCTTAACCGCA-1,7
TAGGCATGTTACGCCA-1,27
TAGGCCTATATAGTCT-1,12
TAGGCGATGAGGTCTC-1,1
TAGGCGGCTGCAAAGA-1,0
TAGGCTAAAGTGGCAC-1,13
TAGGGAGCTTGGGATG-1,29
TAGGGTGTTTCAAGAG-1,2
TAGGTCCAAGTAAGGA-1,20
TAGGTCGCCGGAACTG-1,37
TAGGTGACGATAACCT-1,11
TAGGTGAGCCCTACTC-1,27
TAGGTGCTCGCCTAGC-1,8
TAGGTGTTCCACAGAT-1,13
TAGGTTCGAGTTCGTC-1,9
TAGGTTCTGCTGAGAA-1,16
TAGTACCACAACTTTC-1,6
TAGTACCTTAGTGGTC-1,22
TAGTAGCTTATACCAG-1,28
TAGTAGTTGCCGGACA-1,28
TAGTCCCGGAGACCAC-1,10
TAGTCCGCAGAGAATG-1,34
TAGTCCGTATGCATAA-1,0
TAGTCCTGCACTAAGC-1,10
TAGTCGATCACGGGTT-1,21
TAGTCGGGATTCTTCG-1,8
TAGTCTAACAACGAGA-1,17
TAGTCTGCGGCACATT-1,18
TAGTCTGTGACGTTGC-1,34
TAGTCTTTCCGAATTG-1,16
TAGTGACAAGCTCTAC-1,21
TAGTGAGAAGTGGTTG-1,30
TAGTGCCCTCCAGAGT-1,9
TAGTGCTTGAATCCTT-1,3
TAGTGGAACTCATACA-1,3
TAGTGTCAGAAACGGC-1,12
TAGTTAAGATAGGATA-1,29
TAGTTTATTCTTGCTT-1,7
TAGTTTGATCGGTCGC-1,1
TATAAATCCACAAGCT-1,1
TATAAGTGAGGATAGC-1,30
TATACACAGACGCCTT-1,0
TATACACGCAAAGTAT-1,8
TATACCGAGTGCCACA-1,32
TATACGCGTCATCACT-1,0
TATACTCATGCGGCAA-1,5
TATAGAGTCGCTTGAA-1,17
TATAGATGGTCGCAGT-1,26
TATAGCGCACGTTATC-1,11
TATAGGGTACTCATGA-1,20
TATAGTTAGGTGTACT-1,38
TATATAGGGCTTTACG-1,31
TATATATCGAGAAATG-1,21
TATATCAAAGTGATCT-1,1
TATATCATTGATCAGT-1,11
TATATCCCTGGGAGGA-1,4
TATATGCTGGGTTGCC-1,28
TATATTACAAATGTCG-1,14
TATATTCGCGTCGATA-1,13
TATCAAAGGTCTGTAA-1,30
TATCACAGCACGGGCA-1,35
TATCACCATGTAAAGT-1,6
TATCACCCAACCGACC-1,13
TATCACTTCGAGTAAC-1,5
TATCAGTGGCGTAGTC-1,11
TATCCAATTGGTTATC-1,7
TATCCATATCATGCGA-1,26
TATCCATCTCGGTTAG-1,7
TATCCCTCGATCTGCA-1,27
TATCCGCACCGTCGGG-1,21
TATCCTATCAACTGGT-1,35
TATCCTGCATGGGAAT-1,2
TATCGATCTATGCATA-1,37
TATCGATGATTAAACG-1,29
TATCTACAGAGGTAAT-1,11
TATCTACCACAGCGGG-1,12
TATCTAGCCTAAAGGA-1,14
TATCTGAGCCGATATT-1,12
TATCTTGCAATACAAC-1,20
TATGAAGAATTAAGGT-1,20
TATGAAGACAGGTGCG-1,9
TATGACCTTGCGCTGG-1,7
TATGATAAATCTAACG-1,2
TATGATCCGGCACGCC-1,14
TATGATCTTCTCTTTA-1,17
TATGATTCTGCTTGGT-1,29
TATGCTCCCTACTTAC-1,38
TATGGAGTTTCTCGTT-1,29
TATGGATGTGCTACGC-1,22
TATGGCAGACTTTCGA-1,26
TATGGCCCGGCCTCGC-1,6
TATGGCTAGGCTAATT-1,24
TATGGGACCGAGCAGG-1,22
TATGGGTACGTATCGT-1,37
TATGGTCTGAGTAACA-1,7
TATGGTTAGTGGGAGA-1,23
TATGTAAAGTGCTTAA-1,32
TATGTAGAAACCCGGC-1,7
TATGTCAAGACCGACT-1,15
TATGTCTCATTGTGCC-1,42
TATTAACACCAAAGCA-1,3
TATTAACCTGACCGCG-1,11
TATTACCATCCTGCTT-1,11
TATTATGTTTGCCTGC-1,23
TATTCAATTCTAATCC-1,10
TATTCCACTCAGCTCG-1,39
TATTCCGAGCTGTTAT-1,9
TATTCCGGCAGTCCTA-1,32
TATTCCTCCGCCCACT-1,17
TATTCGTGCCAGAATA-1,10
TATTGACATTTCTGCC-1,27
TATTGCCGGGCTTGTA-1,2
TATTTAGTCTAGATCG-1,30
TATTTATACCGAGTAG-1,9
TATTTGATTTGCACAG-1,10
TATTTGTTACCCTTTA-1,2
TCAAACAACCGCGTCG-1,34
TCAAACTTAGATTGTT-1,10
TCAAAGAGCTATCTGT-1,8
TCAAAGTCACGGCGTC-1,15
TCAAATTATGTTCGAC-1,24
TCAAATTGTTGTGCCG-1,4
TCAAATTTGAGACTCA-1,0
TCAACAAAGATAATTC-1,4
TCAACACATTGGGTAA-1,10
TCAACATAGCGCCCTA-1,19
TCAACATCGACCGAGA-1,0
TCAACCATGTTCGGGC-1,22
TCAACGAGGAGACAAA-1,34
TCAACGCAGGAAATAA-1,0
TCAACGCGACCGGCAG-1,21
TCAACTAACGTATAAC-1,3
TCAACTGCAGAGTCAG-1,36
TCAAGAAATACTAGCT-1,25
TCAAGCGCGGACGGTA-1,34
TCAAGCTGCCTTGAAA-1,2
TCAAGGTTACTACACC-1,0
TCAATACAATTGCTGC-1,19
TCAATACGCCGTCATG-1,36
TCAATATACAGGAGGC-1,1
TCAATCCCGCGCCAAA-1,0
TCAATCCGGGAAGTTT-1,0
TCACAAACCGAGGTAC-1,20
TCACAGATCCTCAAAC-1,10
TCACAGCAAACTCGAA-1,6
TCACAGGAGAATAAGA-1,3
TCACAGGGAATCGCAA-1,3
TCACAGGTTATTGGGC-1,13
TCACATCTTATCTGAT-1,3
TCACCCTCTTAAGATT-1,13
TCACCGCTCGGCACTC-1,33
TCACGATGTCCGTGGA-1,1
TCACGCATTGTAGATC-1,21
TCACGGCCCAAGAGAG-1,0
TCACGGTCATCGCACA-1,8
TCACGTGCCCGATTCA-1,4
TCACTACGACCAATGC-1,6
TCACTATCCCTTCGGT-1,5
TCACTATCGTGCAATC-1,18
TCACTCAGCGCATTAG-1,26
TCACTCGTGCAACGGC-1,13
TCACTCTTCGTCTGTC-1,9
TCAGAACCTCCACAGG-1,10
TCAGAACGGCGGTAAT-1,22
TCAGACGCTATAGAAG-1,28
TCAGAGGACGCGTTAG-1,13
TCAGAGTGTGAGCATG-1,23
TCAGATGGAGACGTAG-1,2
TCAGCAAATGCATCTC-1,43
TCAGCAGTAGGCCCTG-1,10
TCAGCCAATCCGTAAA-1,0
TCAGCGCACGCCGTTT-1,25
TCAGCTTGAGCTTTCG-1,28
TCAGGGCGACTTCCTT-1,13
TCAGGGCGCAAACTCG-1,18
TCAGGGTGCACGAAAC-1,14
TCAGGGTGTAACGTAA-1,38
TCAGGTTCTTTGAGAA-1,7
TCAGTACTGACCCGCG-1,19
TCAGTAGGGACTATAA-1,25
TCAGTGTATACGTCAT-1,1
TCAGTTACGGAATGAT-1,17
TCATAAGTCCAAGAAG-1,2
TCATACTTACAGATCC-1,5
TCATATGAGCTTTGTT-1,19
TCATCACTCGAGCTCG-1,2
TCATCCCAGAGGGTGG-1,18
TCATCCTCAGCTGCTT-1,35
TCATCGACGACCGTCG-1,21
TCATCGATGGTCCCAA-1,5
TCATGCAGGTTCTCAT-1,41
TCATGGAGGCCTTTGT-1,21
TCATTCGTATAATTTG-1,36
TCATTTAAGTCTCCGA-1,13
TCATTTAGAAGTGTGA-1,28
TCCAACTCAGCTATCT-1,12
TCCAACTTTAAATTCT-1,0
TCCAAGCCTAGACACA-1,7
TCCAATAAAGGCTACC-1,0
TCCAATGCGTCGCCGC-1,11
TCCACAATGGTTTACG-1,4
TCCACATCGTATATTG-1,11
TCCACCAAGACATAGG-1,3
TCCACCTCTAGCCTTT-1,25
TCCACTTTATCTAGGT-1,33
TCCAGAGCACCGGTTC-1,6
TCCAGATGTACGCCAA-1,2
TCCAGCGCTATAAGCG-1,41
TCCAGGCAGGACGATC-1,20
TCCAGGCGAGTACGGT-1,16
TCCAGGGTATATACGA-1,23
TCCATCAATACTAATC-1,4
TCCATTAGTTGGATAG-1,26
TCCATTCCCACTAGAG-1,2
TCCATTGTGACCTCGT-1,26
TCCCAAACAGACAACG-1,18
TCCCAAACATCCTCTA-1,31
TCCCAAAGACGAAGGA-1,37
TCCCAAAGCCCTAAAT-1,10
TCCCAATATCGACGAC-1,25
TCCCACGGAGGGAGCT-1,23
TCCCACTCTCTTCCGG-1,41
TCCCAGCACACGACAT-1,19
TCCCAGCTTTAGTCTG-1,16
TCCCAGGCTTAGCTAA-1,5
TCCCGCCTATGTGCGT-1,41
TCCCGCGTACTCCTGG-1,40
TCCCGGGTGTGCTGCT-1,3
TCCCGGTCAGGAATTT-1,12
TCCCGTCAGTCCCGCA-1,33
TCCCGTCGCGTCATAG-1,27
TCCCGTGTGCAATTTG-1,11
TCCCTAGATCAATAGG-1,16
TCCCTCCGAAATCGTT-1,9
TCCCTCTTCTCAAGGG-1,14
TCCCTGGCGTATTAAC-1,2
TCCCTGGCTCGCTGGA-1,14
TCCCTTAGATTACTCG-1,6
TCCCTTGTCTGAAACT-1,6
TCCGAACGTTGCCGCT-1,13
TCCGAACTTGGCTTAC-1,18
TCCGAAGTAGTCACCA-1,1
TCCGAATGGTCCTGAG-1,10
TCCGACCGCTAATCAA-1,17
TCCGAGAAGGCTAAGC-1,22
TCCGATAATTGCCATA-1,35
TCCGATGACTGAGCTC-1,33
TCCGATGGTGCGACAT-1,5
TCCGATTACATTGCCG-1,10
TCCGCAGCCACCTAGC-1,1
TCCGCCTGTCTACAAG-1,24
TCCGCGGCAGCATCTG-1,40
TCCGCGGCCCAATGAA-1,6
TCCGCTGTCATCCCGG-1,6
TCCGCTTATCCCATTA-1,25
TCCGGAGGAAGGGCTG-1,29
TCCGGCCTAGCGTACA-1,33
TCCGGCCTGCATCGAT-1,6
TCCGGCTGTCGGGTCG-1,10
TCCGGGCCACTAACGG-1,4
TCCGGGCTTGACGGGA-1,2
TCCGGTTCGTCCGGTC-1,11
TCCGTAACCACAATCC-1,12
TCCGTTAAGCTAATAT-1,11
TCCGTTTAGCCTTGAA-1,15
TCCTAAAGATTCAGAC-1,6
TCCTAAATTGGGAAGC-1,1
TCCTAACCGTCGGGCA-1,13
TCCTACATCCACGGCC-1,2
TCCTAGCAAAGAAGCT-1,18
TCCTATCATAGGTAAC-1,1
TCCTCCTAAGACATTC-1,12
TCCTCGGGCTGGGCTT-1,15
TCCTCTACGAGATGGC-1,4
TCCTCTCCAGTTGTCC-1,12
TCCTCTGGCCCATTAG-1,15
TCCTGCAGCCGCCAAT-1,32
TCCTGCCAACTGGAGA-1,3
TCCTGCGTTGATACTC-1,4
TCCTGGCGCTGCCTGG-1,5
TCCTTACGACGGTCCG-1,35
TCCTTCAATCCCTACG-1,1
TCCTTCAGTGGTCGAA-1,10
TCCTTGTCCTTTAATT-1,0
TCCTTTAAATCCGCTT-1,39
TCCTTTCTTACGCTTA-1,35
TCGAAATTTAGGACCA-1,2
TCGAAGAACCGAGCAC-1,27
TCGAATATCCCGCAGG-1,1
TCGAATCGCAGGGTAG-1,6
TCGACAACTGAACCCG-1,12
TCGACATAGCGTAGCG-1,25
TCGACTGACGATGGCT-1,2
TCGAGACCAACACCGT-1,19
TCGAGCCAGGCAGGCC-1,12
TCGAGGGCAACAGACG-1,4
TCGAGTCTACGATTCG-1,3
TCGATAGGCTAGTCGC-1,31
TCGATTTACGAAACGA-1,7
TCGCAAAGATGCATTT-1,22
TCGCACCAGGAGGCAG-1,21
TCGCACTAACGTTTGT-1,8
TCGCATAAAGGGCGCA-1,3
TCGCATCCCTAAGTGT-1,11
TCGCATTCAATGACTT-1,30
TCGCCACCCGGATTAC-1,20
TCGCCCAACTGACTCC-1,3
TCGCCCACTGCGAGAG-1,9
TCGCCGAAGTTGCGTC-1,9
TCGCCGACATATTCGC-1,7
TCGCCGCACCGCGTGA-1,3
TCGCCGGAGAGTCTTA-1,23
TCGCCGGATGGGCAAG-1,23
TCGCCGGTCGATCCGT-1,1
TCGCCTCCTTCGGCTC-1,16
TCGCCTCGACCTGTTG-1,12
TCGCGCGTTTACATGA-1,4
TCGCGTAGCAGTGTCC-1,41
TCGCGTCCAGAAGGTC-1,4
TCGCTAAACCGCTATC-1,32
TCGCTACTGGCTTTGA-1,32
TCGCTCGATATATTCC-1,38
TCGCTCGGCACCAGCG-1,9
TCGCTGCCAATGCTGT-1,13
TCGCTGGGCGGATTGT-1,37
TCGCTGTGCGTAAATC-1,30
TCGCTTAATTACGAAG-1,14
TCGCTTTAAACGTTTG-1,16
TCGGAATGACCATCAA-1,29
TCGGAATGCGCTCTGA-1,3
TCGGACGCCCAGCCCA-1,3
TCGGAGAGTATCGGGA-1,22
TCGGAGTACATGAGTA-1,15
TCGGATCTGGATGACC-1,30
TCGGCAGGGTTAAGGG-1,28
TCGGCGAACCCAAACC-1,9
TCGGCGTACTGCACAA-1,3
TCGGCTAACTTCCCTT-1,3
TCGGCTTGTATCGACG-1,13
TCGGGAACGTGCCTAG-1,38
TCGGGAGACAGCGTAC-1,5
TCGGGATTCAAACATA-1,27
TCGGGCACTTCTGGAT-1,8
TCGGGCCGTCGTGGTA-1,1
TCGGGTGAAACTGCTA-1,19
TCGGTCCCGACAATAG-1,22
TCGGTCCCTGACTCCA-1,17
TCGGTGACCGCTCCGG-1,3
TCGGTTAGCCATGTAG-1,24
TCGTAACTCCCAAGAC-1,0
TCGTAAGACGACATTG-1,38
TCGTAAGCTCCGAGGA-1,11
TCGTACCGACGTCAAG-1,25
TCGTATAGTGCAATTA-1,8
TCGTATTACCCATTGC-1,12
TCGTATTTCGTCCGGA-1,18
TCGTCAAGTACGCGCA-1,11
TCGTCACACTGTTAGC-1,8
TCGTCCGCTGGCGTCT-1,23
TCGTCCGGGTACACTC-1,14
TCGTCTTAGGCGTTAA-1,18
TCGTGTACTATGGATG-1,5
TCGTGTATTGGTCACG-1,15
TCGTGTCACGCTGACA-1,8
TCGTGTTCGACCACAA-1,38
TCGTTAGGAGTCCCTA-1,4
TCGTTCGTTATTATGT-1,15
TCGTTGACAGGGTCCC-1,2
TCGTTGCTATCCGGTC-1,5
TCGTTGGCTCGTCAAT-1,19
TCGTTTACGCGACCCT-1,4
TCTAAAGAACAGTCTC-1,4
TCTAACCTAGCCTGCG-1,28
TCTAACTGTATGTAAA-1,24
TCTAATACTGCCTCAG-1,17
TCTACACGTTCATGCA-1,32
TCTACCCAATAGAGAG-1,6
TCTACCCGCATCATTT-1,24
TCTACCGTCCACAAGC-1,33
TCTACGCACGATCTCC-1,24
TCTACGGGCTCAGTTG-1,14
TCTAGCAATCTCCGCC-1,5
TCTAGCATCTTCGATG-1,11
TCTAGCATGCCCAGAA-1,1
TCTAGGTGGCGACGCT-1,33
TCTAGTGATATCGTGG-1,9
TCTAGTTATCAGAAGA-1,10
TCTATAGGTGGGTAAT-1,4
TCTATCATGCAGTTAC-1,11
TCTATCCGATTGCACA-1,1
TCTATCGGTCGCAACA-1,33
TCTATGCTATAACGAC-1,14
TCTATTACGCTGGCGA-1,19
TCTATTACTAGAGGAT-1,10
TCTCAAATCAATCGGG-1,32
TCTCAGGCTACTCGCT-1,0
TCTCATGAGATAGGGT-1,5
TCTCCAACGTAGGTTA-1,15
TCTCCACAAGTTGAAT-1,23
TCTCCCTGGGCAGCGT-1,7
TCTCGAACGAGGTCAC-1,21
TCTCGACGTATCGCCG-1,19
TCTCGAGGAGGTTCGC-1,32
TCTCGGCTCCAGGACT-1,22
TCTCGTGTTACGAGGA-1,7
TCTCTAATAGCTGGTA-1,7
TCTCTCGCCGCACATA-1,0
TCTCTTACCGCGAACC-1,19
TCTGAACCGGTCGGCT-1,26
TCTGAACTCGTACCCG-1,7
TCTGAAGCACGTGGTC-1,20
TCTGAATTCCGTACAA-1,9
TCTGACGGGCTAACCC-1,14
TCTGACTGTAATGGTT-1,9
TCTGAGCAATTGACTG-1,24
TCTGATCGGGTGCTAG-1,15
TCTGATGTATTCTGTC-1,17
TCTGATTGGAAATGGA-1,15
TCTGCACCATTAGTAA-1,12
TCTGCAGATTCGAGTC-1,2
TCTGCATACCTTGCTT-1,1
TCTGCCAGAAACTGCA-1,9
TCTGCGAATCGTTCGC-1,1
TCTGCGTCCGGTTTCT-1,3
TCTGCTTAGAACAAGC-1,15
TCTGGAGCGTAAGAGT-1,24
TCTGGCCGTTCAAGTT-1,16
TCTGGCGCAAGCCGGG-1,22
TCTGGGAACCTTTGAA-1,8
TCTGGGTAGCGCTCAT-1,9
TCTGTCATACAAGAGC-1,0
TCTGTGACTGACCGTT-1,14
TCTGTGATGGAGGTTG-1,35
TCTGTGCCATCATAGT-1,38
TCTGTGGCTACATTTC-1,30
TCTGTTACCCAGCATA-1,5
TCTTAACTCGGATGTA-1,7
TCTTACAGAGGTACCG-1,2
TCTTACCGGAACTCGT-1,15
TCTTACGGCATCCGAC-1,32
TCTTACTTATGCCTCT-1,1
TCTTAGAGCTCCAATT-1,23
TCTTAGAGTGAACTCT-1,23
TCTTATGGGTAGTACC-1,30
TCTTCCCATGGGCACA-1,0
TCTTCGAATAGACGTT-1,6
TCTTCGATACCAATAA-1,34
TCTTCGCGGTGAGAGG-1,3
TCTTCTATAACCCGCC-1,7
TCTTGATGCGTAGCGA-1,6
TCTTGCTCCCGATACT-1,5
TCTTGGTAACACCAAA-1,36
TCTTGGTCAATGATAC-1,19
TCTTTAAGACTATGAA-1,0
TCTTTAGAGTCTAACA-1,27
TCTTTAGCAGGCGAAC-1,13
TCTTTCATCCGTCCTT-1,8
TCTTTCCTTCGAGATA-1,2
TCTTTCGGCGGGACAC-1,3
TCTTTCTCTTAAGGAG-1,29
TGAAACCTCAACTCAC-1,14
TGAAACTTATGCAAGC-1,34
TGAAAGGACCTGACTC-1,37
TGAACAAGCAGGGACT-1,2
TGAACACCCGAAGCAG-1,24
TGAACTGCTATGACTT-1,22
TGAAGAGCGGTCCTAG-1,29
TGAAGTAGCTTACGGA-1,36
TGAATACCGACGCGTA-1,4
TGAATATGCTATAAAC-1,1
TGAATGAGATACAGCA-1,22
TGAATGAGTGTTTCCC-1,13
TGAATGTCAGCCGGCC-1,20
TGAATTTCACTTGCCT-1,21
TGACAACGCATGTCGC-1,16
TGACAACTTAAAGGTG-1,37
TGACACTTCTCTTTGC-1,9
TGACAGGACAAGTCCA-1,12
TGACATATATGACGAT-1,17
TGACATCGAGCGGACC-1,25
TGACATGTAACGTGAC-1,10
TGACCAAATCTTAAAC-1,11
TGACCAGCTTCAAAGT-1,24
TGACCCAACTCACATT-1,2
TGACCCACGTTAGACA-1,21
TGACCCAGCATTCCCG-1,35
TGACGAATATTTCCCT-1,7
TGACGATGCACTAGAA-1,8
TGACTATAATCCTTTC-1,19
TGACTCCGAATCATAC-1,11
TGACTCTAACTGGTAA-1,0
TGAGAATGCTTTACCG-1,23
TGAGACGTACCTCTCA-1,3
TGAGAGATTTACCACG-1,8
TGAGATCAAATACTCA-1,13
TGAGATTAGGCCCTAA-1,35
TGAGCAGTCGTGAAGT-1,26
TGAGCCATACAGTCTC-1,5
TGAGCGGAAAGTGTTC-1,0
TGAGCTCAACTGTATA-1,8
TGAGCTTTAATGACGC-1,31
TGAGGAGTGCCAGCTT-1,4
TGAGGCATGTACTGTG-1,8
TGAGGTGTGTGGCGGA-1,35
TGAGGTTGATCCCAAG-1,30
TGAGTAAATTAGCGTA-1,4
TGAGTGCCTCTTAAAT-1,12
TGAGTGGTCCGTGACG-1,42
TGAGTGTAACAACGGG-1,0
TGAGTTAAAGACATTC-1,9
TGATACATTTAGCCGT-1,7
TGATAGCGGGATTCTA-1,21
TGATCACCACACTGAC-1,25
TGATCAGGGAACTGCT-1,19
TGATCCCAGCATTAGT-1,13
TGATCGGTTTGACCCT-1,2
TGATCTACGCTGATCT-1,4
TGATCTATCACACTCT-1,31
TGATCTCCGGCGCCAG-1,4
TGATGCTCACGTAGTC-1,7
TGATGGCTGTTTCTGA-1,33
TGATGGGACTAAGTCA-1,8
TGATGTCAATTAAGTG-1,27
TGATTATGGCACGCAG-1,9
TGATTCAGGTCCCGCG-1,2
TGATTCCCGGTTACCT-1,21
TGATTCGTCTATCACT-1,19
TGATTCTGTCGCCGGT-1,3
TGATTTATTAGCTGTG-1,12
TGATTTCCTCCTGACG-1,23
TGCAAACCCACATCAA-1,23
TGCAAACGTACTAGTT-1,6
TGCAAAGTTCGTCTGT-1,10
TGCAACCCATCTGCGG-1,1
TGCAACTACTGGTTGA-1,27
TGCAAGAATGACGTAA-1,3
TGCAATCTAACACGGT-1,9
TGCAATTTGGGCACGG-1,3
TGCACAGTGAAGTTAT-1,10
TGCACGAGTCGGCAGC-1,28
TGCACTATGTGAGTGC-1,23
TGCAGAACTATATCGT-1,35
TGCAGAGTACCGAGCA-1,34
TGCAGATCGTCCTAGG-1,6
TGCAGCTACGTACTTC-1,36
TGCAGGATCGGCAAAG-1,28
TGCAGTGAGGCTCGGG-1,14
TGCAGTGGTAGGGAAC-1,11
TGCAGTTTCCTCCCAT-1,26
TGCATATGTCTGTCAC-1,31
TGCATCTCCGGATCTT-1,13
TGCATGAGTAGATTCG-1,21
TGCATGGATCGGATCT-1,31
TGCATGGCAGTCTTGC-1,24
TGCATGTGACCCATAG-1,17
TGCATGTGGTAATCTA-1,42
TGCCAAAGTCAGACTT-1,0
TGCCAATGGGTACTCT-1,9
TGCCACACTAGAGGAA-1,10
TGCCACCTGGCGAAAC-1,15
TGCCAGTACGTGGAGA-1,6
TGCCATGGCTTATAAG-1,6
TGCCATTACTAAAGAA-1,15
TGCCCGATAGTTAGAA-1,3
TGCCCGTACCGTTAAA-1,5
TGCCGAAAGCGTATTC-1,28
TGCCGATGTCATCAAT-1,13
TGCCGGATGTACGAGC-1,27
TGCCGTGGATCGTCCT-1,24
TGCCGTGGGACCCAAT-1,25
TGCCGTTCTTAATCGG-1,10
TGCCTAAATTTAATAG-1,33
TGCCTAATTGAAGATT-1,34
TGCCTGACATCGGTCA-1,8
TGCCTGATCAAACGAT-1,42
TGCCTTGCCCTTACGG-1,4
TGCCTTGGCCAGGCAA-1,27
TGCGAATATGGGATTT-1,19
TGCGACACCCTAGTGC-1,36
TGCGACGGCCGAACGT-1,35
TGCGAGAAACGTTACG-1,2
TGCGAGAATATTACCC-1,21
TGCGAGATGGCGGCCA-1,18
TGCGAGCCCTTCCGCG-1,6
TGCGATGCTAATGGCT-1,7
TGCGCAAAGCATTTGG-1,15
TGCGCCGTTAATAACG-1,40
TGCGCGATTAACGGAG-1,26
TGCGGACTTGACTCCG-1,34
TGCGGAGTAAAGGTGC-1,33
TGCGGCATAGTTCAAC-1,12
TGCGGGTATTGGGATC-1,14
TGCGGTCTACGAGTAA-1,18
TGCGGTGAAATTTCAT-1,27
TGCGTAAGAACCTGAT-1,19
TGCGTACGGCTAATTG-1,23
TGCGTCATGACTGAGC-1,12
TGCGTGATTGGGTGTC-1,7
TGCGTTTGTTGACACT-1,18
TGCTAAGTGTCTATTT-1,4
TGCTATACAAACGGAC-1,34
TGCTATGGCAAAGGGA-1,17
TGCTCACACAACAACC-1,15
TGCTCCACAGTTCTTA-1,30
TGCTCGGCGAAACCCA-1,28
TGCTCGGTGGGTCACC-1,2
TGCTCTGCCGGTTCAC-1,28
TGCTCTTGAGAGTTTG-1,19
TGCTGCGTCAGAGTTA-1,14
TGCTGGTTGGACAATT-1,22
TGCTGTTGAAGAACTC-1,0
TGCTTAGAGAGAATGC-1,19
TGCTTCCCAAGCAGTA-1,34
TGCTTGAAACCATGCA-1,8
TGGAAACGGAGTGAAC-1,1
TGGAACCACTGACACA-1,18
TGGAAGAAGGGAACGT-1,21
TGGAAGACGAACACCA-1,8
TGGAAGGATAAAGATG-1,44
TGGAATATCCTTGACC-1,9
TGGAATTAGACGCTTT-1,2
TGGACACCGTTGCTTG-1,25
TGGACCAATCTAAGAT-1,9
TGGACCACGGCGTTGA-1,20
TGGACGCAATCCAGCC-1,30
TGGACGTAGGCGAATC-1,3
TGGACTGTTCGCTCAA-1,20
TGGAGAATAATCGTCC-1,21
TGGAGCTAAAGTTCCC-1,17
TGGAGGGAAACACCTC-1,23
TGGAGTGATGCGATGA-1,7
TGGATAGAGTAACAGA-1,23
TGGATGGCATCTTGGA-1,6
TGGCAAACTAAATTAC-1,35
TGGCAACTCGCGCGCC-1,13
TGGCAAGCACAAGTCG-1,24
TGGCAATGGGACGGCG-1,31
TGGCACGAGCTCGAGT-1,37
TGGCAGATTACGATCA-1,28
TGGCAGCAGTAATAGT-1,23
TGGCATGAAGTTTGGG-1,8
TGGCCAAACTGAAGTA-1,31
TGGCCAATTTGGTACT-1,17
TGGCCGTATATTGACC-1,20
TGGCGACTGCTCCAAA-1,12
TGGCGATCAAGTTATG-1,2
TGGCGGTGTGCGATTG-1,29
TGGCTACACTCTACCT-1,23
TGGCTATGTGACATAC-1,34
TGGCTCTTGTCGCGTA-1,6
TGGCTTATGTATAATG-1,2
TGGCTTGTACAAGCTT-1,11
TGGCTTTGGGTAGACA-1,2
TGGGAAATGCCTTTCC-1,13
TGGGACCATTGGGAGT-1,8
TGGGATGCACTCATTC-1,3
TGGGCAATAGTTGGGT-1,20
TGGGCACAAACAGAAC-1,39
TGGGCACGTTCTATGG-1,31
TGGGCAGGCCACCGCA-1,3
TGGGCCACAAGAGCGC-1,32
TGGGCCCATACTAATT-1,26
TGGGCCTTGCCTGCAT-1,2
TGGGCGATACAATAAG-1,7
TGGGTAAGGTTCCCGC-1,30
TGGGTGCACAAGCCAT-1,10
TGGGTGGGATGTCATT-1,26
TGGGTGTAATAGATTT-1,5
TGGGTGTTAAGTAGAA-1,3
TGGGTTCCCGGACGGA-1,19
TGGGTTTCGGGCGTAC-1,25
TGGTAAGCAGGATTGA-1,13
TGGTACCGGCACAGCC-1,36
TGGTAGAATATATGGG-1,6
TGGTATCGCATCCCAA-1,19
TGGTATCGGTCTGTAT-1,28
TGGTCCCACGCTACGG-1,6
TGGTCGATATACCTCT-1,34
TGGTCGTGCAAGGCAA-1,18
TGGTCGTTTGATAGAT-1,32
TGGTCTAGCTTACATG-1,4
TGGTCTGTTGGGCGTA-1,30
TGGTGATCGTATTTGT-1,8
TGGTGCCCTGCCTTAC-1,25
TGGTGTGACAGACGAT-1,4
TGGTTAACTTACATTT-1,1
TGGTTAAGGGCGCTGG-1,7
TGGTTATGCTTGCGGT-1,1
TGGTTCAACGGGTAAT-1,15
TGGTTCGTAGCAAAGG-1,11
TGGTTGGAGGATCCTG-1,18
TGGTTTAAACGTGGGT-1,14
TGTAACTTGTCAACCT-1,29
TGTAAGACTGATAAGA-1,14
TGTAATGACCACAATA-1,16
TGTAATGCCTTCGGAC-1,36
TGTACCCGACCCTAAT-1,36
TGTACCTACACGAGGG-1,2
TGTACGAACAAATCCG-1,24
TGTACGCTATCAGCTT-1,3
TGTACTACTCTCACGG-1,9
TGTACTATCGCTCGTT-1,3
TGTACTGTGCCAAAGT-1,2
TGTACTTCCGGGCATG-1,25
TGTAGCCAATTCCGTT-1,6
TGTAGCCATCCCATTC-1,24
TGTAGGAGAAATTTCC-1,1
TGTAGTGATCTATAAT-1,8
TGTATAACAGATCCTG-1,33
TGTATACGGATGATGA-1,4
TGTATCAGACTGAAGC-1,34
TGTATCCTTATTCCAT-1,25
TGTATGGCGCAGACAG-1,30
TGTATTTACCTAATGC-1,0
TGTCATTTGTTGGGAA-1,9
TGTCCACGGCTCAACT-1,9
TGTCCCGACATAGCAC-1,18
TGTCCGCAAACAATTC-1,5
TGTCCGTGGCGCCTTT-1,10
TGTCCTAAGTCACCGC-1,18
TGTCGGCATGGTGGAA-1,16
TGTCGTGGGTATAGGC-1,5
TGTCGTTATCACATAT-1,18
TGTCTACAGTTTCTGT-1,0
TGTGACTACGCCAGTC-1,33
TGTGACTAGAGTTTGC-1,0
TGTGAGACTAGCCCAA-1,6
TGTGATTCCAGCGCTT-1,0
TGTGCCAGAGGCAAAG-1,3
TGTGCCGGTGCCGGAA-1,6
TGTGCTTTACGTAAGA-1,28
TGTGGACTATCTACGT-1,37
TGTGGAGGAAGCTTAA-1,9
TGTGGCAAAGCGTATG-1,33
TGTGGCGGGCTTCTGG-1,11
TGTGGCTCCCACCAAC-1,7
TGTGGTAGGGTGCCTT-1,22
TGTGGTTGCTAAAGCT-1,10
TGTGTAGTAGCACGTG-1,3
TGTGTCGAAGTCGAGG-1,4
TGTGTCGCGAGTTGCA-1,17
TGTGTGACCATGAATC-1,2
TGTGTTCGTATCCAAG-1,3
TGTTAACAAAGTGACT-1,6
TGTTATTGTATGTGGC-1,14
TGTTCATAAATGTGCT-1,26
TGTTCCGCTTCCATGA-1,1
TGTTCCGGCCTGAGCT-1,6
TGTTCGTATTGCGGTG-1,20
TGTTCTCATACTATAG-1,24
TGTTCTCTACTCCCTA-1,29
TGTTCTTCCATTGACT-1,23
TGTTGCCGTCGTCCCA-1,32
TGTTGGCTGGCGGAAG-1,3
TGTTGTCAAGAAGTCT-1,32
TGTTTAATACTTCATC-1,14
TGTTTCGGTACTTCTC-1,14
TGTTTCTGAAGCGTGC-1,5
TGTTTGAGATCGTCAG-1,15
TTAAACAGAGTCCCGC-1,7
TTAAACCGGTAGCGAC-1,24
TTAAACCTGGTTCCTT-1,36
TTAAACTCGAATTCAT-1,33
TTAAAGGCGATGCTCG-1,25
TTAAAGTAAGTCGCCA-1,0
TTAACACCTCGAACAT-1,3
TTAACCAACCCTCCCT-1,2
TTAACCCGAGGCGTGT-1,13
TTAACGAACAAGCAGT-1,20
TTAACGTCGCAAGACC-1,21
TTAACGTTAAAGCCTG-1,2
TTAACTCACGCGTGGA-1,1
TTAACTGATCGTTTGG-1,21
TTAACTTCAGGTAGGA-1,26
TTAAGACGAACGAACC-1,32
TTAAGATACCCAGAGA-1,36
TTAAGATAGGATTGAC-1,20
TTAAGCCGACAACTTC-1,7
TTAAGCGCCTGACCCA-1,23
TTAAGGATACGGAGGT-1,8
TTAAGGCCCGTACTTT-1,0
TTAAGTATTGTTATCC-1,6
TTAATCAGTACGTCAG-1,28
TTAATGCGAGGTAACT-1,5
TTAATGTAGACCAGGT-1,16
TTAATGTGTTTGCAGG-1,10
TTAATTGCTTTGGGTG-1,26
TTAATTTCAGACGCGG-1,32
TTACAACTACGCATCC-1,8
TTACACGATCTGCGAC-1,32
TTACAGACCTAAATGA-1,27
TTACATCGTGGCCTGG-1,29
TTACATGCCACAACTA-1,23
TTACCATTGATTACCC-1,7
TTACCCATTGCCGGGT-1,15
TTACCCTAACAGTCCT-1,10
TTACCCTAGGGATTGG-1,16
TTACCGCCTTAGGGAA-1,11
TTACGGATGGTTCGAG-1,40
TTACGGTGTCACCGAG-1,5
TTACGTAGCGCGTGCT-1,10
TTACGTATCTATGACA-1,3
TTACTAAAGGACTTTA-1,24
TTACTATCGGCTTCTC-1,7
TTACTCCGGCCGGGAA-1,35
TTACTCTGGTACGTAC-1,4
TTACTGGGATATTTCA-1,6
TTACTGTCTAGAGCTC-1,8
TTACTGTTTCTCTACG-1,0
TTAGAAGAACATGACT-1,0
TTAGAATAAGGGTCGG-1,20
TTAGACACGATCGTTG-1,38
TTAGACGAGTCACCTC-1,18
TTAGAGGGATATACAG-1,26
TTAGAGTATTGTCGAG-1,7
TTAGAGTTTAGAAGGA-1,26
TTAGATAGGTCGATAC-1,29
TTAGCAACATGGATGT-1,0
TTAGCCATAGGGCTCG-1,16
TTAGCGAATAGATAGG-1,6
TTAGCTAATACGATCT-1,33
TTAGCTCTGTAATCCG-1,2
TTAGCTGATTTGCCGT-1,14
TTAGGATGGGAGGGTA-1,13
TTAGGTCATAACCGAC-1,13
TTAGGTGTGACTGGTC-1,2
TTAGTAAACCTGCTCT-1,0
TTAGTAGGGCGGCGGG-1,24
TTAGTTATTCGTGGCA-1,23
TTAGTTCAAGTGTTCG-1,6
TTATAGATGCACATTA-1,19
TTATAGGTAATTGTCT-1,5
TTATAGTCCAAGGTGC-1,16
TTATATACGCTGTCAC-1,28
TTATATTTGGCAATCC-1,44
TTATCATACTCGCAAA-1,3
TTATCCAATCGAACTC-1,22
TTATCCGGGATCTATA-1,0
TTATCCTCAAGGAATA-1,9
TTATCGCCTGCGAAGC-1,7
TTATCTGACATTAGGA-1,36
TTATCTGTATCATAAC-1,5
TTATGAATGAAAGGGA-1,31
TTATGACAAACTGGAT-1,36
TTATGATCTTAACGAA-1,30
TTATGCGTCCCGGTCC-1,29
TTATGTTTGCGATAGA-1,20
TTATTAGAGCGTGTTC-1,7
TTATTAGGGAAGCATC-1,22
TTATTATCTGGAAGGC-1,14
TTATTTAGGTTCCTTA-1,25
TTATTTCATCCCAAAC-1,30
TTCAAAGTCTCTAGCC-1,35
TTCAACGACCCGACCG-1,11
TTCAAGCCGAGCTGAG-1,3
TTCAATACTCTGAATC-1,26
TTCAATTAGCCATAAT-1,7
TTCACGAAAGGATCAC-1,3
TTCACGGTCGTCACGT-1,2
TTCACTCGAGCACCTA-1,16
TTCACTTCCTAGAACG-1,31
TTCAGAGTAACCTGAC-1,26
TTCAGCCCTGGTCCAC-1,0
TTCAGCTGGCGTGCCC-1,35
TTCAGGCGTCAAAGCC-1,1
TTCAGTTCAAGAGGAG-1,6
TTCAGTTTGTGGCAGC-1,3
TTCATAGCCTTGTAAC-1,12
TTCATAGGGTGTCCAT-1,12
TTCATGGCGCAACAGG-1,16
TTCCAATCAGAGCTAG-1,31
TTCCAATCTGGCTATC-1,9
TTCCACACAGATTTGA-1,7
TTCCACATTTCTCGTC-1,8
TTCCAGACGAGATTTA-1,18
TTCCAGTGGGTTTCGT-1,6
TTCCATCATGCGGTGA-1,18
TTCCATCGACAGCGTG-1,0
TTCCCAAAGTACTGAT-1,23
TTCCCGACGCTTCACT-1,6
TTCCCGGCGCCAATAG-1,13
TTCCGCAGAGAAATAT-1,14
TTCCGCGTGAGGCGAT-1,6
TTCCGGCCTTGAGGCT-1,20
TTCCGGCTCGACTTCT-1,3
TTCCGGTATCTGTGTC-1,9
TTCCGGTTACCCACTT-1,4
TTCCTCGAGGGTGTCT-1,23
TTCCTCGGACTAACCA-1,19
TTCCTCTGCCCGAATA-1,18
TTCCTTTCTGTGTTGC-1,10
TTCGAACGAAACATGC-1,13
TTCGACAGAGCCCGTG-1,3
TTCGACGGGAAGGGCG-1,26
TTCGAGCCGGCGCTAC-1,8
TTCGCACTCGCGTGCT-1,2
TTCGCACTGTACGACA-1,6
TTCGCATCCGGAAGCA-1,13
TTCGCCGCTCGCGCTA-1,2
TTCGCGCGCCATACGA-1,17
TTCGCTAGGAAGTTGT-1,10
TTCGCTATCTGACGTG-1,0
TTCGGACTGATGCCTT-1,24
TTCGGACTGGGCATGG-1,36
TTCGGCAACCCGCTGA-1,10
TTCGGCTAGAGATGGT-1,2
TTCGGGACTAATCGCG-1,25
TTCGGGCGCTAGTCTT-1,4
TTCGGGTTGCCACGGG-1,18
TTCGGTACTGTAGAGG-1,14
TTCGGTGGAGACGCCC-1,27
TTCGTAATCCCAGCGG-1,11
TTCGTACTCCAGAACG-1,23
TTCGTGCATGTTATAG-1,28
TTCGTGGGCTGGAAGC-1,15
TTCGTTCAACGAAGTT-1,6
TTCTAACCGAAGCTTA-1,6
TTCTACCTCAATCGGT-1,25
TTCTACCTTTATGTTG-1,26
TTCTACTTGCGAGGGC-1,29
TTCTAGAAAGTCTTAT-1,19
TTCTAGGCCAATTGTG-1,12
TTCTATGCCTTTCGCA-1,13
TTCTATTAAACGCAGC-1,8
TTCTCAATTGCTACAA-1,17
TTCTCTTACAGGTGAT-1,1
TTCTGACCGGGCTCAA-1,0
TTCTGCCGCGCCTAGA-1,27
TTCTGCGAGCGCCCTT-1,1
TTCTGCGGGTTAGCGG-1,8
TTCTGCTAGACTCCAA-1,41
TTCTGTTTCCTGTCGC-1,12
TTCTTAGTGAACGGTG-1,8
TTCTTAGTGGCTCAGA-1,30
TTCTTATCCGCTGGGT-1,9
TTCTTCCCTTTGATAT-1,5
TTCTTCGCAATAGAGC-1,3
TTCTTGAGCCGCGCTA-1,1
TTCTTGCTAGCATCTC-1,5
TTCTTGGACGATCTGC-1,19
TTCTTGGAGTAATGAG-1,27
TTCTTGTAACCTAATG-1,4
TTCTTGTGTCCATCAG-1,20
TTCTTTGGTCGCGACG-1,10
TTGAAACCCTCATTCC-1,3
TTGAAAGGTGTAAAGG-1,0
TTGAACGAATCCTTTG-1,26
TTGAACGACGTGCTGA-1,21
TTGAAGAATTCCCAGG-1,7
TTGAAGGATGGGCGCC-1,19
TTGAAGTGCATCTACA-1,36
TTGAATATGGACTTTC-1,16
TTGAATCGTTGTATAA-1,17
TTGAATTCACGTGAGG-1,1
TTGACAGGAGCTCCCG-1,4
TTGACATGAACGTGGA-1,1
TTGACCAGGAACAACT-1,5
TTGACCATGTTCTCCG-1,37
TTGACCGTGTTAATGA-1,1
TTGACGATTCAGCACG-1,25
TTGACGCTCCATGAGC-1,11
TTGACTACCATATGGT-1,7
TTGACTATTGTCCGGC-1,4
TTGAGAAGTTTAGCAT-1,7
TTGAGAGTACTGCTAA-1,17
TTGAGCAGCCCACGGT-1,6
TTGAGCGCCACGTGAT-1,16
TTGAGGCATTTAACTC-1,14
TTGAGTCCCGCTGCTG-1,37
TTGATAGTCAATACAT-1,3
TTGATCTAACTTTGTC-1,8
TTGATGCCGCTCGTCG-1,34
TTGATGTGTAGTCCCG-1,15
TTGATTAGCTGTTTCT-1,11
TTGATTATGCAGATGA-1,23
TTGCAAGAAGACTCCT-1,27
TTGCACAATTCAGAAA-1,34
TTGCACGGAGCAGCAC-1,11
TTGCAGGTCATGAAGT-1,31
TTGCATGCTGATCACG-1,20
TTGCCAAGCAGAACCC-1,8
TTGCCATAGCCCGCTC-1,36
TTGCCCTGATCACGGG-1,3
TTGCCGCAGACCTACA-1,19
TTGCCGCTTTCTAGTA-1,17
TTGCCGGTGATCCCTC-1,27
TTGCCTAATCCAAAGT-1,3
TTGCCTTCTCGCCGGG-1,23
TTGCGCACAACCACGT-1,22
TTGCGCTCTCTCGCTT-1,10
TTGCGCTTGATCAATA-1,0
TTGCGGAAAGCTGCCC-1,31
TTGCGGCATCAGAAAG-1,12
TTGCGGCGACTCATGC-1,16
TTGCGTAGTTTGAGGA-1,3
TTGCGTCGGCCAACCG-1,1
TTGCGTGAACGCTTAG-1,31
TTGCGTGTGTAGGCAT-1,17
TTGCTAGCTACCAATC-1,12
TTGCTCATAGTACGTG-1,36
TTGCTCCCATACCGGA-1,44
TTGCTGAAGGAACCAC-1,22
TTGCTGATCATGTTCG-1,18
TTGCTGCACCTATCCA-1,18
TTGCTGGCCGGGCTTC-1,14
TTGGAAGAATACAGTC-1,23
TTGGACATGTGGCTTA-1,1
TTGGACCATCTGGCAA-1,6
TTGGACCTATAACAGT-1,5
TTGGAGTCTCCCTTCT-1,24
TTGGATATCGTCTACG-1,20
TTGGATCGACTTCTGG-1,15
TTGGATTGGGTACCAC-1,29
TTGGCCAAATTGTATC-1,31
TTGGCCATCTTGCGCT-1,8
TTGGCCTAGAATTTCG-1,16
TTGGCGATCCGAATAT-1,34
TTGGCTCAATATGTGT-1,8
TTGGCTCGCATGAGAC-1,4
TTGGGAAGACGAGCCG-1,20
TTGGGACACTGCCCGC-1,24
TTGGGACGTAAGAGTT-1,0
TTGGGCGGCGGTTGCC-1,42
TTGGGTTTATTCAGCG-1,29
TTGGTATGGCTTGTGT-1,40
TTGGTCACACTCGTAA-1,9
TTGGTGCGGTGTTGAA-1,13
TTGGTTCGCTCAAAGG-1,15
TTGGTTGCGGTGCGCG-1,23
TTGTAACTTCATAGCG-1,44
TTGTAAGGACCTAAGT-1,2
TTGTAAGGCCAGTTGG-1,15
TTGTAATCCGTACTCG-1,13
TTGTACACCTCGAACA-1,8
TTGTATCACACAGAAT-1,25
TTGTCACCGCGGTATC-1,2
TTGTCGTTCAGTTACC-1,3
TTGTCTCGGCAAGATG-1,16
TTGTGAACCTAATCCG-1,0
TTGTGAGGCATGACGC-1,10
TTGTGATCTGTTCAGT-1,1
TTGTGCAGCCACGTCA-1,23
TTGTGCGGAAGCGGAT-1,4
TTGTGGCCCTGACAGT-1,2
TTGTGGTAGGAGGGAT-1,29
TTGTGGTATAGGTATG-1,9
TTGTGGTGGTACTAAG-1,23
TTGTGTATGCCACCAA-1,4
TTGTGTTTCCCGAAAG-1,23
TTGTTAGCAAATTCGA-1,5
TTGTTCAGTGTGCTAC-1,44
TTGTTCTAGATACGCT-1,7
TTGTTGGCAATGACTG-1,32
TTGTTGTGTGTCAAGA-1,33
TTGTTTCACATCCAGG-1,12
TTGTTTCATTAGTCTA-1,6
TTGTTTCCATACAACT-1,5
TTGTTTGTATTACACG-1,16
TTGTTTGTGTAAATTC-1,32
