barcode,cluster
AAACAACGAATAGTTC-1,8
AAACAAGTATCTCCCA-1,10
AAACAATCTACTAGCA-1,1
AAACACCAATAACTGC-1,16
AAACAGAGCGACTCCT-1,8
AAACAGCTTTCAGAAG-1,25
AAACAGGGTCTATATT-1,26
AAACAGTGTTCCTGGG-1,4
AAACATGGTGAGAGGA-1,14
AAACATTTCCCGGATT-1,21
AAACCACTACACAGAT-1,7
AAACCCGAACGAAATC-1,8
AAACCGGAAATGTTAA-1,8
AAACCGGGTAGGTACC-1,10
AAACCGTTCGTCCAGG-1,0
AAACCTAAGCAGCCGG-1,12
AAACCTCATGAAGTTG-1,17
AAACGAAGAACATACC-1,17
AAACGAAGATGGAGTA-1,26
AAACGACAGTCTTGCC-1,4
AAACGAGACGGTTGAT-1,11
AAACGCCCGAGATCGG-1,0
AAACGCTGGGCACGAC-1,18
AAACGGGCGTACGGGT-1,3
AAACGGGTTGGTATCC-1,0
AAACGGTTGCGAACTG-1,2
AAACGTGTTCGCCCTA-1,1
AAACTAACGTGGCGAC-1,23
AAACTCGGTTCGCAAT-1,3
AAACTCGTGATATAAG-1,22
AAACTGCTGGCTCCAA-1,2
AAACTTAATTGCACGC-1,16
AAACTTGCAAACGTAT-1,2
AAAGAATGACCTTAGA-1,12
AAAGAATGTGGACTAA-1,1
AAAGACATGAAGTTTA-1,0
AAAGACCCAAGTCGCG-1,2
AAAGACTGGGCGCTTT-1,15
AAAGCTTGCCTACATA-1,17
AAAGGCCCTATAATAC-1,13
AAAGGCTACGGACCAT-1,23
AAAGGCTCTCGCGCCG-1,4
AAAGGGATGTAGCAAG-1,26
AAAGGGCAGCTTGAAT-1,2
AAAGGTAAGCTGTACC-1,9
AAAGGTCAACGACATG-1,13
AAAGTAGCATTGCTCA-1,5
AAAGTCACTGATGTAA-1,2
AAAGTCGACCCTCAGT-1,19
AAAGTGCCATCAATTA-1,18
AAAGTGTGATTTATCT-1,5
AAAGTTGACTCCCGTA-1,16
AAATAACCATACGGGA-1,19
AAATAAGGTAGTGCCC-1,10
AAATACCTATAAGCAT-1,3
AAATAGCTTAGACTTT-1,24
AAATAGGGTGCTATTG-1,3
AAATCACTCCTAAACG-1,14
AAATCCGATACACGCC-1,3
AAATCGCGGAAGGAGT-1,16
AAATCGTGTACCACAA-1,13
AAATCTAGCCCTGCTA-1,1
AAATCTGCCCGCGTCC-1,3
AAATGACTGATCAAAC-1,13
AAATGATTCGATCAGC-1,5
AAATGCTCGTTACGTT-1,5
AAATGGCATGTCTTGT-1,24
AAATGGCCCGTGCCCT-1,18
AAATGGTCAATGTGCC-1,0
AAATGTATCTTATCCC-1,2
AAATGTGGGTGCTCCT-1,8
AAATTAACGGGTAGCT-1,5
AAATTAATAAGCGCGA-1,15
AAATTACACGACTCTG-1,24
AAATTACCTATCGATG-1,10
AAATTCCAGGTCCAAA-1,19
AAATTGATAGTCCTTT-1,13
AAATTGCGGCGGTTCT-1,0
AAATTGGTGAGAAGCA-1,3
AAATTTACCGAAATCC-1,18
AAATTTGCGGGTGTGG-1,19
AACAACTGGTAGTTGC-1,2
AACAATACATTGTCGA-1,14
AACAATTACTCTACGC-1,17
AACACACGCTCGCCGC-1,0
AACACGACTGTACTGA-1,11
AACACGAGACGCGGCC-1,2
AACACGCGGCCGCGAA-1,1
AACAGCTGTGTGGCAA-1,16
AACAGGAAATCGAATA-1,24
AACAGGATGGGCCGCG-1,15
AACAGGTAGTATGGAT-1,19
AACATAGCGTGTATCG-1,13
AACATATCAACTGGTG-1,2
AACATCGATACGTCTA-1,26
AACATTGAAGTTGATC-1,4
AACATTGGTCAGCCGT-1,7
AACATTGTGACTCGAG-1,1
AACCAAGACTTCTCTG-1,15
AACCAGTATCACTCTT-1,1
AACCATAGGGTTGAAC-1,23
AACCATGGGATCGCTA-1,8
AACCCAGAGACGGAGA-1,11
AACCCATCCCATGATC-1,13
AACCCGACAACCCGTG-1,22
AACCCGAGCAGAATCG-1,0
AACCCGATAGGGCTTC-1,6
AACCCGCTGTATTCCA-1,4
AACCCTACTGTCAATA-1,3
AACCCTGGTGGAACCA-1,19
AACCGAGCTTGGTCAT-1,0
AACCGCTAAGGGATGC-1,2
AACCGTTGTGTTTGCT-1,10
AACCTAAAGCCGTCCG-1,0
AACCTCGCTTTAGCCC-1,14
AACCTGTCACGGAATT-1,8
AACCTTTAAATACGGT-1,12
AACCTTTACGACGTCT-1,24
AACGAAAGTCGTCCCA-1,14
AACGACCTCCTAGCCG-1,10
AACGATAATGCCGTAG-1,1
AACGATAGAAGGGCCG-1,7
AACGATATGTCAACTG-1,0
AACGCATGATCTGGGT-1,10
AACGCGAACGGCAACA-1,5
AACGCGACCTTGGGCG-1,2
AACGCGGTCTCCAGCC-1,8
AACGCTGTTGCTGAAA-1,12
AACGGACGTACGTATA-1,0
AACGGCCATCTCCGGT-1,5
AACGTACTGTGGGTAC-1,3
AACGTAGTCTACCCAT-1,0
AACGTCAGACTAGTGG-1,13
AACGTCATCCGGCTTG-1,6
AACGTCGCTGCACTTC-1,1
AACGTGATGAAGGACA-1,19
AACGTGCGAAAGTCTC-1,5
AACGTTATCAGCACCT-1,11
AACGTTCTACCATTGT-1,11
AACTACCCGTTTGTCA-1,8
AACTAGCGTATCGCAC-1,21
AACTAGGCTTGGGTGT-1,14
AACTCAAGTTAATTGC-1,20
AACTCCAGAGCGTGTT-1,5
AACTCCTAATCCCATG-1,18
AACTCGATAAACACGT-1,21
AACTCGATGGCGCAGT-1,7
AACTCTCAATAGAGCG-1,16
AACTCTCAGTGTGCTC-1,9
AACTGAGGTCAGCGTC-1,2
AACTGAGTTATACTGA-1,24
AACTGATATTAGGCCT-1,11
AACTGGGTCCCGACGT-1,10
AACTGGGTTCGAGCCG-1,4
AACTGGTGTGGGCCTT-1,26
AACTTCTGCGTCTATC-1,18
AACTTGCCCGTATGCA-1,14
AACTTGCGTTCTCGCG-1,26
AACTTTACGGGAGCTT-1,15
AACTTTAGCTGCTGAG-1,11
AACTTTCTCGATCATG-1,0
AAGAAAGTTTGATGGG-1,13
AAGAAATCACCAGATT-1,0
AAGAAGGATCAGTTAG-1,0
AAGACATACGTGGTTT-1,1
AAGACCAAATAACTCA-1,8
AAGACCCAACTGAACA-1,4
AAGACTAACCCGTTGT-1,14
AAGACTCACGCCCACT-1,5
AAGACTGCAAGCTACT-1,8
AAGAGATGAATCGGTA-1,15
AAGAGCTCTTTATCGG-1,3
AAGAGGATGTACGCGA-1,15
AAGAGGCATGGATCGC-1,6
AAGAGGCCCTTTGGAA-1,1
AAGATGGCACCGGACC-1,3
AAGATTGGCGGAACGT-1,8
AAGCACCCTGCGTATC-1,16
AAGCATACTCTCCTGA-1,6
AAGCCACTTGCAGGTA-1,5
AAGCCGAAGCGGTTTA-1,24
AAGCCGCCGTGAAATC-1,20
AAGCCGCTTTACCTTG-1,1
AAGCCGGAGAGCAGGA-1,24
AAGCGCAGGGCTTTGA-1,12
AAGCGGAGTGCGCGCA-1,0
AAGCGGCGTCATGGGT-1,24
AAGCGTCCCTCATCGA-1,3
AAGCTAGATCGAGTAA-1,1
AAGCTATGGATTGACC-1,3
AAGCTCGTGCCAAGTC-1,4
AAGCTCTTTCATGGTG-1,6
AAGGAGAACTTATAAG-1,0
AAGGAGCGGTTGGTGC-1,11
AAGGATCGATCGCTTG-1,22
AAGGATGAGGGACCTC-1,14
AAGGCAGGCTGTCTCC-1,26
AAGGCGCGTAAAGCTT-1,22
AAGGCTGTGCTCATCG-1,0
AAGGGAACGACTGGCT-1,25
AAGGGACAGATTCTGT-1,24
AAGGGACTATGCATTC-1,13
AAGGGTTAGCCATGCG-1,2
AAGGGTTTGATTTCAG-1,16
AAGGTATCCTAATATA-1,23
AAGGTGATAAACCAGC-1,9
AAGTAAGCTTCCAAAC-1,0
AAGTAGAAGACCGGGT-1,21
AAGTAGTGACGCGAGG-1,17
AAGTCAATTGTCGTCA-1,8
AAGTCTAGTAGCTGCC-1,9
AAGTCTTCTGTGGCCT-1,0
AAGTGACGACCGAATT-1,19
AAGTGAGTCGGGTTTA-1,17
AAGTGCAAAGGTAGAC-1,1
AAGTGCCTTGACTGTA-1,1
AAGTGCGTTAGAATCT-1,13
AAGTGCTTCTCTATTG-1,9
AAGTGTTTGGAGACGG-1,23
AAGTTCACTCCAAGCT-1,14
AAGTTCAGTCTGCGTA-1,20
AAGTTCGGCCAACAGG-1,6
AAGTTGTGATGTTATA-1,0
AAGTTTACTAATGGCA-1,11
AAGTTTATGGGCCCAA-1,12
AATAACAACGCTCGGC-1,17
AATAACACTAGAACAA-1,13
AATAACGTCGCGCCCA-1,13
AATAATCTTCGTATCG-1,10
AATACAATGTTTCAGG-1,7
AATACCGGAGGGCTGT-1,3
AATACCTGATGTGAAC-1,1
AATAGAACAGAGTGGC-1,23
AATAGAATCTGTTTCA-1,7
AATAGCAAGCCTCCTG-1,21
AATAGCTACCGCGTGC-1,16
AATAGGCACGACCCTT-1,16
AATAGTCCGTCCCGAC-1,3
AATAGTCGCGAGTCGG-1,15
AATATCAAGGTCGGAT-1,4
AATATCCTAGCAAACT-1,27
AATATCGAATCAATGC-1,8
AATATCGAGGGTTCTC-1,20
AATATTGGAGTATTGA-1,17
AATCAGACTGCAGGAC-1,5
AATCAGGTTTCATTTA-1,3
AATCATGTAAAGACTC-1,5
AATCCAAGGGCCTGAG-1,21
AATCCATGCAAGGGTG-1,0
AATCCCGCTCAGAGCC-1,16
AATCGAGGTCTCAAGG-1,5
AATCGCCTCAGCGCCA-1,5
AATCGCGCAGAGGACT-1,19
AATCGGGACACTACGA-1,10
AATCGGTATAGCCCTC-1,7
AATCGTGAGCCGAGCA-1,7
AATCTAGGTTTACTTG-1,13
AATCTATGCCGGAGCC-1,19
AATCTCTACTGTGGTT-1,15
AATCTGCGTTGGGACG-1,1
AATCTGGCTTTCTAGT-1,9
AATCTGGGTAGACCCT-1,7
AATGACAGCAATGTCT-1,3
AATGACGTAGGATGTC-1,6
AATGACTGTCAGCCGG-1,2
AATGAGTTCGCATATG-1,11
AATGATGATACGCTAT-1,8
AATGATGCGACTCCTG-1,11
AATGCAACCGGGTACC-1,8
AATGCACCAAGCAATG-1,10
AATGGCCGCCAATGCG-1,2
AATGGTCCACCGTTCA-1,17
AATGGTTCTCACAAGC-1,0
AATGTATGGCACTGTA-1,13
AATGTGCCCGAGGTGT-1,9
AATGTGCTAATCTGAG-1,12
AATGTTAAGACCCTGA-1,2
AATGTTGTCGTGAGAC-1,20
AATTAAAGGTCGGCGT-1,6
AATTAACGGATTTCCA-1,14
AATTACGAGACCCATC-1,25
AATTACTCGTACGCTC-1,20
AATTAGCGCTGCAGCG-1,6
AATTATACCCAGCAAG-1,6
AATTCATAAGGGATCT-1,10
AATTCATTGTCATGCA-1,25
AATTCCAACTTGGTGA-1,22
AATTCCAAGCATGTAC-1,3
AATTCGATTCGAGGAT-1,3
AATTCTAGAGTTAGGC-1,6
AATTGAACGCTCTGGT-1,4
AATTGCAGCAATCGAC-1,2
AATTGCGTGGATTACA-1,9
AATTGTGGTTGCCAAA-1,7
AATTTGGGACATAGTA-1,10
AATTTGGTTCCAAAGA-1,20
ACAAACCATGCGTCCT-1,27
ACAAACCGACAAGGCG-1,5
ACAAACTCCATCAGAG-1,16
ACAAAGAAGGTAGGCC-1,15
ACAAAGCATGACCTAG-1,5
ACAAATCGCACCGAAT-1,0
ACAAATGGTAGTGTTT-1,3
ACAAATTCAGATCTGA-1,18
ACAACAGCATGAGCTA-1,1
ACAACGGTCCCTGCGA-1,22
ACAAGCAGTGCCTAGC-1,15
ACAAGCTATATGGAAG-1,17
ACAAGGACAAGAGGTT-1,18
ACAAGGATGCTTTAGG-1,16
ACAAGGCCTACCAGCC-1,12
ACAAGGGCAGGCTCTG-1,6
ACAAGTAATTGTAAGG-1,9
ACAATAGTCGTACGTT-1,25
ACAATCCATTTAAACC-1,25
ACAATCGATCTTTATA-1,18
ACAATGAATACGGAGA-1,5
ACAATGATTCTTCTAC-1,11
ACAATTGTGTCTCTTT-1,19
ACAATTTAGGAGGCTC-1,17
ACAATTTGAGCAGTGG-1,0
ACAATTTGGCCATATT-1,23
ACACAAAGACGGGTGG-1,8
ACACAAATATTCCTAG-1,9
ACACACCAGGACCAGT-1,14
ACACACTTTCTACACG-1,10
ACACATGATCAAATCT-1,9
ACACATTGACGCAACA-1,21
ACACATTTCCGTAGAC-1,9
ACACCACATAATTAGC-1,19
ACACCCAGCATGCAGC-1,1
ACACCCGAGAAATCCG-1,14
ACACCCGTAAATCTGT-1,1
ACACCGAGCGCTCTTT-1,15
ACACCGGTCTGACCGC-1,5
ACACCTTAAGTAGGGC-1,14
ACACCTTACTACTTGC-1,0
ACACGAGACTCCTTCT-1,23
ACACGGCACTATGCAT-1,10
ACACGGGAACTTAGGG-1,8
ACACGTAGGCCACAAG-1,1
ACACTCCAATGTCACT-1,19
ACACTGATCAAGGTGT-1,12
ACACTGGGACAGTCGT-1,19
ACAGAACTGAGAACAA-1,9
ACAGATTAGGTTAGTG-1,7
ACAGCATAGAGCCAGT-1,11
ACAGCGACATTCTCAT-1,2
ACAGCGCACCCGCAGC-1,19
ACAGGAGGCGCAGCCG-1,27
ACAGGCACGGATCCTT-1,2
ACAGGCTTGCCCGACT-1,18
ACAGGTGGAGGTGAGG-1,5
ACAGGTGTGTTGTTGC-1,14
ACAGTAATACAACTTG-1,9
ACAGTATACCGTGGGA-1,21
ACAGTGCAGCGCATTT-1,23
ACATAAGTCGTGGTGA-1,20
ACATAATAAGGCGGTG-1,10
ACATACAATCAAGCGG-1,5
ACATCAGCTGGGACGC-1,17
ACATCCCGGCCATACG-1,14
ACATCCTGGTAACTGT-1,0
ACATCGATCGTTTACC-1,20
ACATCGCAATATTCGG-1,3
ACATCGGTCAGCCGCG-1,25
ACATCGTATGCAATGG-1,4
ACATCGTTAACCTAGT-1,24
ACATCTCAACGCGTAA-1,20
ACATGCTTACGGCAGC-1,4
ACATGGCGCCAAAGTA-1,22
ACATGGCTCAATTTAG-1,6
ACATTAGTTTATATCC-1,3
ACATTCGCGCGGAATA-1,5
ACATTTGAAACCTAAC-1,14
ACCAAACACCCAGCGA-1,1
ACCAACACCACACACT-1,0
ACCAACCGCACTCCAC-1,20
ACCAACGCTTATTTAT-1,3
ACCAAGAACGCGTGTC-1,2
ACCAAGTCATCGGCAG-1,7
ACCAATATGCAAGTTA-1,3
ACCACAACTCAGAACA-1,1
ACCACAAGTTTCTATC-1,8
ACCACACGGTTGATGG-1,5
ACCACCAATGTAACAA-1,11
ACCACCCTCTCTTCTA-1,4
ACCACGTGCAGCTATA-1,4
ACCACTGTTCAAGAAG-1,15
ACCAGACCATAACAAC-1,4
ACCAGGAGTGTGATCT-1,22
ACCAGTGCCCGGTCAA-1,0
ACCAGTGCGGGAGACG-1,0
ACCATATCCGCAATAA-1,16
ACCATCCGCCAACTAG-1,2
ACCATCGTATATGGTA-1,12
ACCATTAAGGGTGTCA-1,25
ACCCAACGCCCGTGGC-1,7
ACCCACCTACATGCTC-1,15
ACCCATCTTGAGGGTA-1,17
ACCCATTTGTCCCTCT-1,11
ACCCGAGCGAAATTAC-1,5
ACCCGATTGGTTCCGA-1,9
ACCCGGAAACTCCCAG-1,12
ACCCGGAGCACCACAA-1,18
ACCCGGATGACGCATC-1,1
ACCCGGTTACACTTCC-1,7
ACCCGTAGCAGAGAAT-1,6
ACCCGTAGTCTAGTTG-1,1
ACCCGTGTCATCAGTA-1,14
ACCCTATAGGACTGAG-1,5
ACCCTATGCCATATCG-1,4
ACCCTCCCGTCAGGGC-1,17
ACCCTCCCTTGCTATT-1,0
ACCCTGGTAACGCCCT-1,14
ACCCTTCATCTGCGAA-1,20
ACCCTTGCCTGGGTCG-1,21
ACCCTTTAGTTCTCCA-1,1
ACCGAAAGGGCCCTGC-1,0
ACCGAAGAGTCTGGTT-1,6
ACCGACACATCTCCCA-1,9
ACCGACTGAGTCCCAC-1,7
ACCGAGTCTCCTTATT-1,3
ACCGATAGGCATAACC-1,22
ACCGATATTTAATCAT-1,10
ACCGATGGTAGCATCG-1,21
ACCGCGGTGGAAGTCG-1,11
ACCGCTAGTCATTGGT-1,9
ACCGGGCCTTTGTTGA-1,18
ACCGGTCAGGTACACC-1,4
ACCGGTCTGAGTACGG-1,7
ACCGTCCACTGGGCCC-1,25
ACCGTGACCACGTGGG-1,9
ACCGTTCCCGCTCTGA-1,11
ACCTAAGTACCTTTCA-1,25
ACCTAATCGACTTCCT-1,2
ACCTACAGTATGTGGT-1,10
ACCTACTATAAATCTA-1,14
ACCTCAGCGAGGCGCA-1,3
ACCTCCGCCCTCGCTG-1,7
ACCTCCGTTATTCACC-1,8
ACCTCGAACTTATGCT-1,13
ACCTGCGTGTCATGTT-1,21
ACGAAATGGGCGGCAC-1,17
ACGACCCATGAGTTGC-1,26
ACGACTCTAGGGCCGA-1,9
ACGACTGGTCATACTC-1,4
ACGAGAACCCATCACG-1,2
ACGAGATATTTGCTTA-1,26
ACGAGGATACCACTCT-1,14
ACGAGGTTTACAACGT-1,4
ACGAGTACGGATGCCC-1,8
ACGAGTCGCCGGCGTT-1,0
ACGATACATAGAACTA-1,7
ACGATACCTATCCTGA-1,17
ACGATCATACATAGAG-1,16
ACGATCATCTTGTAAA-1,19
ACGATGCATATGTTAT-1,20
ACGATGGATCCGATGC-1,26
ACGCAAACTAATAGAT-1,19
ACGCAATCACTACAGC-1,18
ACGCATAAATGACATG-1,6
ACGCATACGTTTACTA-1,6
ACGCATTCGTGAGTAC-1,8
ACGCCACTCGAAACAG-1,6
ACGCCAGATGATTTCT-1,10
ACGCCAGTGCGTTTGC-1,20
ACGCCGCTAGACGACC-1,3
ACGCCTGACACGCGCT-1,2
ACGCGAAGTCAGACGA-1,6
ACGCGCTACACAGGGT-1,0
ACGCGGGCCAAGGACA-1,7
ACGCGTTTCTTAAGAG-1,21
ACGCTACTGAATGGGC-1,18
ACGCTAGTATCAGTGC-1,4
ACGCTAGTGATACACT-1,11
ACGCTGTGAGGCGTAG-1,17
ACGCTTAGTGTCTCTC-1,5
ACGGAACACGAGTGCC-1,1
ACGGAATTTAGCAAAT-1,8
ACGGACGCAGCGACAA-1,6
ACGGACTCTCAAAGCG-1,6
ACGGAGCGCAAATTAC-1,0
ACGGATGGTGCGGATA-1,14
ACGGCACTTGCTTGGG-1,3
ACGGCCAACATGGACT-1,4
ACGGCGGGTTGCCCTG-1,0
ACGGCTGGATGTAGAA-1,14
ACGGGAGTGTCGGCCC-1,4
ACGGGCGTATGCGACA-1,9
ACGGGTCATGTGACTT-1,14
ACGGGTTGTGACCTGT-1,4
ACGGTACAGTTCAATG-1,20
ACGGTCACCGAGAACA-1,5
ACGTACAGATTTCTCT-1,11
ACGTACTTTGGCACGG-1,13
ACGTAGATTGCTGATG-1,7
ACGTAGGAGAGTCGCT-1,12
ACGTATTACTCCGATC-1,4
ACGTCCTAAACGAGAT-1,19
ACGTCGGGCAACTCGG-1,2
ACGTCTCGTTCCGGGA-1,26
ACGTGACAAAGTAAGT-1,1
ACGTGCGCCTCGTGCA-1,22
ACGTGGTCGAATGTGC-1,23
ACGTTAATGTCGAAGA-1,6
ACGTTAGATTTGCCCG-1,16
ACGTTATTGGTCACTC-1,7
ACGTTCACTATGCCGC-1,27
ACGTTCCGCGCTCCGT-1,0
ACGTTCGCAATCAATT-1,10
ACGTTCGTTCAGGAAA-1,9
ACGTTCTGTACAAGTC-1,12
ACGTTGTCGTTGAAAG-1,13
ACGTTTAGTTGTGATC-1,10
ACGTTTCGGTGCACTT-1,10
ACTAAGGACGCACACC-1,5
ACTAATACGTCAGGCG-1,24
ACTACAAAGAGAGGTG-1,13
ACTACATCCCGACAAG-1,27
ACTACCAGCTCTCTGG-1,6
ACTACCATCCGAGGGC-1,6
ACTACGCGTTAGAATT-1,9
ACTAGTTGCGATCGTC-1,19
ACTATATGCTGTGTTC-1,20
ACTATCCAGGGCATGG-1,16
ACTATCGCCGGCTAAA-1,25
ACTATCTGCCCGCGTA-1,2
ACTATGTCCAGCTGCC-1,25
ACTATTCGTCCGTGGT-1,2
ACTATTTCCGGGCCCA-1,5
ACTCAACGAATGTATT-1,1
ACTCAAGTGCAAGGCT-1,16
ACTCAATAAAGGCACG-1,11
ACTCAGACCTGCTTCT-1,1
ACTCATGGCAGCCTTC-1,6
ACTCCAATATCATCAT-1,9
ACTCCCATTCCTAAAG-1,19
ACTCCCGAATTCGTTT-1,10
ACTCCCGTAGACTAGG-1,0
ACTCCCTAATGCTAAA-1,12
ACTCCCTAGAATAGTA-1,4
ACTCCGGCCGACCACT-1,13
ACTCGATGTATTTCAT-1,17
ACTCGCCGTTCGATAA-1,1
ACTCGCGATCTGACGC-1,11
ACTCGTAACCCGTCCT-1,7
ACTCGTCAGTAATCCC-1,7
ACTCTAAACCTGGGAT-1,15
ACTCTCTGACTTAGGT-1,2
ACTCTCTTATACACGA-1,1
ACTCTGACCTAATAGA-1,21
ACTCTTCAGCTCCCGC-1,24
ACTCTTGTATAGTAAC-1,22
ACTGAAACGCCGTTAG-1,2
ACTGAATGGCGAAAGT-1,6
ACTGATTTAGTGATTC-1,23
ACTGCCCGCCATTCTC-1,6
ACTGCCGTCGTAACTC-1,24
ACTGCGGACACACCGT-1,11
ACTGCTCGGAAGGATG-1,21
ACTGGCGAACCTGCGT-1,14
ACTGGGATGCCAGTGC-1,12
ACTGTACGATACACAT-1,1
ACTGTAGCACTTTGGA-1,6
ACTGTATACGCGAGCA-1,20
ACTGTCCAGGATTATA-1,4
ACTGTCTTCTTTAGAA-1,22
ACTGTGCTAGTAGATC-1,14
ACTGTTTAGTGTAGGC-1,19
ACTTACCGGGCGCGCA-1,24
ACTTACGCATCCACGC-1,12
ACTTAGTACGACAAGA-1,22
ACTTATACTTACCCGG-1,0
ACTTATCTGATCTATA-1,15
ACTTATTAGGATCGGT-1,6
ACTTATTTATGTGCCA-1,3
ACTTCAGGCTGATCCC-1,0
ACTTCCAGTGGAAGCT-1,15
ACTTCCATGCGGGACA-1,16
ACTTCCTGTCGTGCGA-1,4
ACTTCGCCATACGCAC-1,1
ACTTCGCTAGCGAGTG-1,9
ACTTGACTCCCTCTTT-1,1
ACTTGCCATATTGTAC-1,24
ACTTGCTCTATCTACC-1,9
ACTTGGGACCCGGTGG-1,8
ACTTGGGCTTTCGCCA-1,3
ACTTGTAGTCCCTTCA-1,14
ACTTGTGGATGGAACG-1,18
ACTTGTTACCGGATCA-1,3
ACTTTACCCTCATGAA-1,20
ACTTTATACACCACTT-1,6
ACTTTCCTATAGCTTC-1,5
ACTTTGACTGCATCCT-1,15
ACTTTGGTCGTGCTCC-1,12
ACTTTGTCGACGCACT-1,11
AGAAATTATGACTCGC-1,8
AGAACACGGCGATGGT-1,9
AGAACCCAGCGTGACA-1,18
AGAACCCTCAATTGGG-1,25
AGAACGTGGTACATTC-1,1
AGAACTGTACTTTGTA-1,5
AGAAGAGCGCCGTTCC-1,21
AGAAGGTACACTTCAC-1,12
AGAAGGTTGCCGAATT-1,12
AGAAGGTTGTAGGTCG-1,4
AGAAGTGATTCGTGAT-1,5
AGAATAAATCTTCAGG-1,15
AGAATACAGGCTATCC-1,16
AGAATGCGGGTTCGGA-1,14
AGAATTATGGATTCGA-1,10
AGAATTGTTTGACATA-1,5
AGACAGCTCAGAATCC-1,15
AGACAGGCATCTCAGC-1,11
AGACATAGATCCTTCC-1,1
AGACCAAACCACACCT-1,17
AGACCATGGGATACAA-1,8
AGACCCACCGCTGATC-1,4
AGACCCGCCCTCCTCG-1,1
AGACCGCTCCGCGGTT-1,5
AGACCGGGAAACCCTG-1,15
AGACGAAGTGCCGGTC-1,0
AGACGACGATGCCGCT-1,2
AGACGCCCACTTCGCC-1,17
AGACGGGATTGGTATA-1,2
AGACGGGCCGATTTAA-1,11
AGACTAGCCTTCCAGA-1,2
AGACTGTTACCGGGTC-1,17
AGAGAAACACCAGAAA-1,9
AGAGAACCGTCTAGGA-1,7
AGAGAAGGAGTACAAT-1,5
AGAGATCTCTAAAGCG-1,18
AGAGCAGTTATGAGAC-1,15
AGAGCCGCCGAGATTT-1,10
AGAGCGCTTGTAACGG-1,6
AGAGCGGGCTAATCAT-1,1
AGAGCGTACAAGCTCG-1,10
AGAGCTACGAAAGCAT-1,12
AGAGGCTTCGGAAACC-1,26
AGAGGGACAATTGTCC-1,1
AGAGGTATCTCGGTCC-1,20
AGAGTAAACTTCACTA-1,8
AGAGTATAGTGTTACG-1,13
AGAGTCTTAATGAAAG-1,10
AGAGTGAACAGACACC-1,3
AGAGTTAGAGACCGAT-1,23
AGAGTTGCAGGCCTCC-1,11
AGATAACTTCAGGGCC-1,11
AGATAATCACACCTAT-1,14
AGATACCAATAGAACC-1,21
AGATACCAGCACTTCA-1,21
AGATACCGGTGTTCAC-1,0
AGATACGACTTCATAT-1,21
AGATACTCAAGATCGA-1,0
AGATATAATACGACTA-1,3
AGATCGTGCATAAGAT-1,10
AGATCTCAGGTGTGAT-1,1
AGATCTGGAGAGGATA-1,5
AGATGACTCGCCCACG-1,5
AGATGAGGGTTGCGAT-1,19
AGATGATGGAGTCTGG-1,18
AGATGCAAGACGTGCA-1,13
AGATGCATCCTGTGTC-1,15
AGATGCTATAACGAGC-1,17
AGATTATAGGACGTTT-1,3
AGATTCAAGCGGGTCG-1,13
AGATTCACAACCGATA-1,6
AGCAAAGGCCGCTAGT-1,16
AGCAACATATCTTATT-1,21
AGCAACCGAAAGTAAT-1,4
AGCACACGTTTAGACT-1,13
AGCACCAGTACTCACG-1,14
AGCACTACCGGCCTGT-1,17
AGCACTACCTCACCAG-1,1
AGCACTTAAGGACGCC-1,27
AGCAGAAGGAGAAAGA-1,12
AGCAGCCAGATGAATA-1,7
AGCAGTCGAAGCATGC-1,9
AGCATATCAATATGCT-1,0
AGCATCATTTCGAAAG-1,3
AGCATCGTCGATAATT-1,8
AGCATTACGAGGCAAG-1,9
AGCCAAGCTTTGTGTC-1,13
AGCCACAGGTTACCCG-1,16
AGCCACTCCCGTGCTT-1,7
AGCCATATAGTATGTG-1,2
AGCCCATACATGTAAG-1,18
AGCCCGCAACAAGCAG-1,12
AGCCCGCACTACAATG-1,13
AGCCCGGCATTAGAGG-1,6
AGCCCGGTAGCCTGTA-1,22
AGCCCTAAGCGAAGTT-1,10
AGCCCTCCCTGGTGGC-1,4
AGCCCTGTCGCACCGT-1,11
AGCCCTTCTAATCCGA-1,26
AGCCCTTGGACATCCC-1,18
AGCCGCAAATTCAAAT-1,11
AGCCGCTTGATTAGCG-1,25
AGCCGTGGCTAAATGT-1,20
AGCCTAATACCCACGT-1,2
AGCCTTAAAGCGGAAG-1,8
AGCCTTGTCACTGATA-1,2
AGCGACAGGAACGGTC-1,2
AGCGACATCCCATTCA-1,0
AGCGACCAACGATATT-1,8
AGCGACTTTGAAGACA-1,1
AGCGAGACGTGAAGGC-1,13
AGCGATGCGCCTAATA-1,0
AGCGCATAATGAATCG-1,9
AGCGCGGGTGCCAATG-1,10
AGCGCTAGAGCGATGT-1,23
AGCGCTTATGGGCAAG-1,18
AGCGGACACTTCGTAG-1,3
AGCGGCGGTTAGCGGT-1,27
AGCGGGAAGGGTCCAT-1,22
AGCGGGTCTGACACTC-1,3
AGCGGTTGAGATGTAC-1,1
AGCGGTTGCCGCTCTG-1,1
AGCGTACGAGAGCTAG-1,1
AGCGTAGCGCTAGACC-1,7
AGCGTCTGAACCCGCA-1,2
AGCGTGGTATTCTACT-1,9
AGCGTTCCGATTTAAA-1,2
AGCTAACAAGCAATGT-1,3
AGCTAAGCTCCGTCCG-1,17
AGCTAAGTACGCAGGC-1,16
AGCTACGAATGGTGGT-1,1
AGCTAGAAGCAGAAGT-1,11
AGCTATTTAATCCAAC-1,19
AGCTCCATATATGTTC-1,10
AGCTCCTTCGCACATC-1,2
AGCTCGTTGATGGAAA-1,2
AGCTCTAGACGTTCCA-1,3
AGCTCTTCCCAGTGCA-1,10
AGCTCTTCGTAACCTT-1,18
AGCTCTTTACTCAGTT-1,4
AGCTGAAGTAAACCAA-1,17
AGCTGCATTTGAGGTG-1,16
AGCTGCTGTGCCGAAT-1,13
AGCTGTAACCTCAATC-1,9
AGCTTATAGAGACCTG-1,14
AGCTTCAATACTTTGA-1,3
AGCTTCTTCTCGAGCA-1,23
AGCTTGATCAGGGTAG-1,4
AGCTTGATCTTAACTT-1,26
AGGAAAGCCTCTGATG-1,21
AGGAACGAACGACTTC-1,11
AGGAAGCTGTCCGCCG-1,9
AGGACAGTCGAATCCC-1,2
AGGACATCGCACGTCG-1,0
AGGACATCGGCACACT-1,22
AGGACGACCCATTAGA-1,2
AGGACGCTCGATGTTG-1,8
AGGACTTATAGGAGAA-1,25
AGGAGACATCCACAGT-1,1
AGGAGAGTCTGGCTAC-1,2
AGGAGCGTTTATTATC-1,5
AGGAGGCCTTCGCGCG-1,10
AGGATAAAGTCGGGAT-1,9
AGGATATAGGGATTTA-1,1
AGGATATCCGACTGCA-1,5
AGGATCACGCGATCTG-1,14
AGGATTGCTTACGACA-1,10
AGGCAAAGAGGAATCA-1,1
AGGCAATACGGAGGAC-1,27
AGGCACGTGACTGTCC-1,19
AGGCAGATGCGTAAAC-1,23
AGGCAGGGAGCGTACT-1,9
AGGCATTGTCGTAGGG-1,12
AGGCCACATTGGTTAC-1,24
AGGCCACCCGTTATGA-1,23
AGGCCCAGTGACTGGT-1,0
AGGCCCATTGTACAGG-1,21
AGGCCCTAGAACGCCA-1,17
AGGCCTATCATACCAA-1,4
AGGCCTGAGAATCTCG-1,12
AGGCGATAACTGGCGT-1,13
AGGCGGTTTGTCCCGC-1,3
AGGCGTCTATGGACGG-1,0
AGGCTATGGTTAGCTT-1,0
AGGCTTAAGTTGCACA-1,12
AGGCTTCCCGAAGAAG-1,4
AGGCTTGCTAGACACC-1,26
AGGGAAACGAGGTACT-1,19
AGGGACAGCACGGCGG-1,7
AGGGACCGGCTGCGTT-1,19
AGGGACTCTACGCGAC-1,12
AGGGAGACATACTTCG-1,19
AGGGCAGCGGCGTGGT-1,19
AGGGCCCTAATGTTCT-1,0
AGGGCGAGCAGCTGAT-1,7
AGGGCGTGATCGGCTA-1,7
AGGGCTGCAGTTACAG-1,2
AGGGTCAGAGCACTCG-1,27
AGGGTCAGTAACCCTA-1,12
AGGGTCGATGCGAACT-1,1
AGGGTCTGGACGCAGT-1,22
AGGGTGCCGTTCTTTA-1,9
AGGGTGCTCTCGAGGG-1,0
AGGGTGGATAGTGCAT-1,17
AGGGTGTGCTACACGC-1,6
AGGGTTCAGACGGTCC-1,14
AGGGTTCCCTTTGGTT-1,0
AGGGTTTAGTTCGGGA-1,4
AGGTAACCTCCTATTC-1,0
AGGTACGATATTGCCA-1,24
AGGTAGATCGAGATAT-1,13
AGGTAGGTACAAAGCT-1,17
AGGTATAATTGATAGT-1,19
AGGTATGCGGACATTA-1,10
AGGTCAGGTGAGAGTG-1,21
AGGTCGCCACTTCGGT-1,22
AGGTCGCCTCCCAACA-1,20
AGGTCGCGGAGTTACT-1,24
AGGTGCACGTCCACAT-1,18
AGGTGGTGACCTTCGC-1,3
AGGTGTATCGCCATGA-1,15
AGGTGTTGCCGACCAC-1,14
AGGTTACACCATGCCG-1,10
AGGTTCTCCTTTCCGG-1,5
AGGTTGAGGCACGCTT-1,10
AGGTTTCACACACCTT-1,1
AGTAACGTTCATCCTG-1,7
AGTAACTATAGCAGCC-1,1
AGTAAGGGACAGAATC-1,0
AGTAATCTAAGGGTGG-1,13
AGTAATGTCTTGCCGC-1,14
AGTAATTTGCAAGCGT-1,23
AGTACAGAAGCTTATA-1,6
AGTACATCATTTATCA-1,10
AGTACCTTCGAGTGCT-1,7
AGTACGGCCCGTATCG-1,17
AGTACGGGCACCTGGC-1,7
AGTACGTGGCCTGTCT-1,21
AGTACTCTTATGCCCA-1,12
AGTAGAAGGCGCCTCA-1,16
AGTAGCGTGAACGAAC-1,11
AGTAGCTAGACGCCGA-1,22
AGTAGGAAGGAAGTTG-1,10
AGTAGGTAACATACAT-1,8
AGTATAATACTAGGCA-1,17
AGTATACACAGCGACA-1,20
AGTATCCATAATAACG-1,2
AGTATGCTGGAGACCA-1,5
AGTATTTGGCACGACC-1,3
AGTCAAATGATGTGAT-1,16
AGTCAACACCACCATC-1,3
AGTCAAGATGACACTT-1,23
AGTCACTAGCTCTCGA-1,6
AGTCACTCCGCCTCAT-1,20
AGTCAGCCACCGCCTG-1,8
AGTCCAGCGGGTACGT-1,20
AGTCCATTGGCTGATG-1,7
AGTCCCGCCTTTAATT-1,19
AGTCCCTCGCAGAAAG-1,9
AGTCGAAACGATTCAG-1,6
AGTCGAATTAGCGTAA-1,26
AGTCGACGGTCTCAAG-1,0
AGTCGGCCCAAACGAC-1,13
AGTCGGCTCAACTTTA-1,1
AGTCGGTTGCGTGAGA-1,10
AGTCGTATAAAGCAGA-1,12
AGTCGTCGACCACCAA-1,0
AGTCGTGGGCATTACG-1,3
AGTCTAAAGTATACTC-1,24
AGTCTCACAAGACTAC-1,6
AGTCTGGACATCCTTG-1,17
AGTCTTCTCCTCAAAT-1,0
AGTCTTTAAAGTGTCC-1,12
AGTGAACAAACTTCTC-1,5
AGTGAAGATGGTGTCC-1,8
AGTGACCTACTTTACG-1,14
AGTGACTGTGACACAA-1,20
AGTGAGACTTCCAGTA-1,9
AGTGAGCCTCGCCGCC-1,8
AGTGAGGGTTTCTGAC-1,16
AGTGAGTCGAATTAAC-1,2
AGTGATAACCTGCGCG-1,3
AGTGATATGAGTAGTT-1,6
AGTGATTCAAGCAGGA-1,3
AGTGCACGCTTAAGAA-1,2
AGTGCGTAGCTCGTAA-1,9
AGTGCTAAACACAGCA-1,1
AGTGCTTGCACGAATA-1,16
AGTGGCCCGCAAATGG-1,20
AGTGGCGGCAATTTGA-1,8
AGTGGCGTCTGAAGGT-1,16
AGTGGCTCCGTCGGCC-1,18
AGTGGGAGTATACACG-1,25
AGTGGTGTTACCCGTG-1,16
AGTGGTTGCGTATAGG-1,17
AGTGTATTGCGCATTG-1,18
AGTGTGCTAAGATCGC-1,20
AGTGTGGTCTATTGTG-1,7
AGTTAAACACTTGCGA-1,5
AGTTAAGCGGTCCCGG-1,20
AGTTAAGTCAACCGCT-1,4
AGTTACCCTTAAGACT-1,15
AGTTACCGCACATGGT-1,7
AGTTACTCTATCGTGG-1,24
AGTTATTCAGACTGTG-1,10
AGTTATTGAAAGGTAA-1,22
AGTTCACCGGTTGGAC-1,0
AGTTCCTACAGAATTA-1,8
AGTTCCTATTTATGTT-1,2
AGTTCTGCGTTGTATC-1,0
AGTTGACATCGGCTGG-1,5
AGTTGACGGTCCTTGC-1,2
AGTTGCGGTCCTCAAC-1,20
AGTTGCTGACTGATAT-1,21
AGTTGGCAAGGCTAGA-1,10
AGTTTATGTAAAGACA-1,21
AGTTTCGCAGGTCGGA-1,19
AGTTTGCACCTGCCTC-1,3
AGTTTGGCACGGGTTG-1,22
AGTTTGGCCAGACCTA-1,2
ATAAACCATTGGACGG-1,20
ATAAACGGACCCGTAA-1,13
ATAAACGTTGCACCAC-1,7
ATAAAGGCTCGGTCGT-1,14
ATAAAGGTCAAGTACG-1,21
ATAAATATTAGCAGCT-1,15
ATAACGCCGGAGGGTC-1,6
ATAACGGAGTCCAACG-1,1
ATAACGTTACCTCCAC-1,0
ATAAGCAAACACCGAG-1,7
ATAAGGTGGAGAACAT-1,2
ATAAGTACCCGATTGT-1,13
ATAAGTAGGATTCAGA-1,23
ATAAGTAGGGCGACTC-1,11
ATAAGTTACCGCGACG-1,3
ATAATACCGTTAGCCG-1,0
ATAATAGCTGTTGAAT-1,9
ATAATAGTGTAGGGAC-1,18
ATAATCTTGGAGAACC-1,16
ATAATTAGCTAAGTAG-1,9
ATACAGCGTCCACTGA-1,3
ATACAGGCCCTCCAAT-1,6
ATACCACGGGCAACTT-1,25
ATACCAGCAAATTGCT-1,8
ATACCAGGCTAATAGA-1,2
ATACCAGGTGAGCGAT-1,20
ATACCCTCCCGGCCAA-1,6
ATACCCTGGCTCAAAT-1,27
ATACCGTCATCCATAA-1,7
ATACCTAACCAAGAAA-1,14
ATACGAAGGCTTTCCA-1,24
ATACGACAGATGGGTA-1,14
ATACGAGGTTTGTAAG-1,3
ATACGCCGATCTACCG-1,7
ATACGCCGGCGAAACC-1,21
ATACGGAACGTCGTTT-1,14
ATACGGGTTTCGATTG-1,0
ATACGGTGAAGATGCA-1,17
ATACGTACTTAGCCAC-1,6
ATACGTCCACTCCTGT-1,21
ATACGTTATGCACGGA-1,6
ATACTACCCGTACCAC-1,7
ATACTAGCATGACCCT-1,20
ATACTCTCGCCACTCT-1,4
ATACTGCCTTACACCG-1,12
ATACTTGTTCTCGAGC-1,15
ATAGACAACGGGACCT-1,19
ATAGACGAAGAGAAAG-1,19
ATAGAGTACTGGGACA-1,8
ATAGAGTTATCAACTT-1,10
ATAGCAACTAGGGAAG-1,13
ATAGCCATAACAGTCA-1,23
ATAGCCTCAGTACCCA-1,5
ATAGCTGCTCTTGTTA-1,2
ATAGGAATCTAAGCTT-1,0
ATAGGCGGCTATAGAA-1,8
ATAGGCTAGCTTCGCA-1,20
ATAGGGATATCCTTGA-1,8
ATAGGTTGGGCAGATG-1,0
ATAGTCTTTGACGTGC-1,7
ATAGTGAAGCGTTCTC-1,9
ATAGTTCCACCCACTC-1,1
ATATAAAGCGCTCGTG-1,3
ATATAAATGTAGCTGC-1,3
ATATAACACGGGCGCA-1,4
ATATACATGTATGGTA-1,27
ATATACGCTCGTGACG-1,11
ATATAGAGTATTGGTC-1,17
ATATCAACCTACAGAG-1,19
ATATCAATTCCAGCCT-1,15
ATATCGGTAGGGAGAT-1,23
ATATCGTGCCAGACCC-1,20
ATATCGTTCCTCGAAC-1,1
ATATCTCCCTCGTTAA-1,24
ATATCTTAGGGCCTTC-1,0
ATATGGGATAGCAACT-1,9
ATATGTCTAGAGCGTG-1,6
ATATGTCTCCCTAGCC-1,0
ATATGTGCACAAACCA-1,0
ATATTATCCCGTATTT-1,17
ATATTCAGTTAAACCT-1,6
ATATTCCCACAGGTCA-1,17
ATATTGCTGTCAAAGT-1,8
ATATTGGAGAGGCCTT-1,17
ATATTTAACCCTCAAG-1,2
ATCAAACACTGTTCCA-1,1
ATCAAACGAAGGTTTG-1,18
ATCAAAGAGCCGTGGT-1,13
ATCAAGATCCCAGGAC-1,4
ATCAATCTGGGCTGCA-1,4
ATCAATGCCGTGGCTG-1,26
ATCACATTAGAATATC-1,8
ATCACGTGCTAATTAA-1,0
ATCACTTCATCCTCGC-1,13
ATCAGAAGCTGGTTGC-1,20
ATCAGACGGCACGCCG-1,4
ATCAGCCTCATGCTGC-1,9
ATCAGCTCGTCCACTA-1,2
ATCAGGTAGCTGACAG-1,19
ATCAGGTCGCCATTGC-1,0
ATCAGTAGGCAGGGAT-1,0
ATCATAGATCGACGAG-1,17
ATCATAGCCCTATGTA-1,2
ATCATCCAATATTTGT-1,13
ATCATCTGCCCAGTGT-1,0
ATCATGGACTACCGAC-1,11
ATCATTGTACCGCATT-1,25
ATCCAACGCAGTCATA-1,1
ATCCAATGGAGGGTCC-1,26
ATCCAATGGTACCGAA-1,17
ATCCACATCGACAGAA-1,6
ATCCACGCTAAATGTT-1,23
ATCCACTTTCAGACTA-1,1
ATCCAGAGCAACAACC-1,9
ATCCAGGATTCGTGAA-1,4
ATCCCATCCACAGCGC-1,11
ATCCCATTTCCGTGGG-1,14
ATCCGGACCAGCCTGA-1,8
ATCCTACCTAAGCTCT-1,12
ATCCTGAATCGCTGCG-1,18
ATCCTGCGTGGAATGG-1,13
ATCCTGCTGCAGATAG-1,8
ATCCTTCTGAAAGAAC-1,1
ATCGACCCAATACAGA-1,14
ATCGACTCTTTCCGTT-1,22
ATCGCACGATTGTTCA-1,21
ATCGCACGCCGGGAGA-1,8
ATCGCCAGTCAACATT-1,0
ATCGCCGTGGTTCATG-1,18
ATCGCTGCGTGCAGCA-1,1
ATCGCTTTACGTCTCA-1,19
ATCGGAGACAGACGGC-1,23
ATCGGCAAGCAGTCCA-1,11
ATCGGTTACCTAGTAA-1,18
ATCGTATTCCGAGAAC-1,18
ATCGTCCAATCGAGTC-1,11
ATCGTGGAAAGTCTGG-1,5
ATCGTTAGCTAGCGGA-1,14
ATCGTTCACTTTCGCC-1,24
ATCTAACGTCCCTATG-1,18
ATCTAATATCCTACGG-1,12
ATCTACCATCTGCTCC-1,5
ATCTAGCTTGTGAGGG-1,13
ATCTATCGATGATCAA-1,25
ATCTCATAAACCTACC-1,4
ATCTCCCACGGAATAT-1,1
ATCTCCCTGCAATCTA-1,11
ATCTCGTGAGCGAAAC-1,20
ATCTGACATGGAAGGA-1,14
ATCTGATAGTGTCTTA-1,20
ATCTGCACCTCTGCGA-1,11
ATCTGCTGTTATCGCC-1,18
ATCTGGGCTGTTCTTG-1,13
ATCTGGTTAAGACTGT-1,7
ATCTGTAATTGTACCC-1,0
ATCTTAGGGCATTAAT-1,13
ATCTTATCGCACACCC-1,2
ATCTTGACCTGCAACG-1,21
ATCTTGACTTGTCCAA-1,11
ATCTTTCGTATAACCA-1,21
ATGAAGCCAAGGAGCC-1,5
ATGAAGTGGACCCAGC-1,15
ATGACGCCGGCTCTAA-1,1
ATGACGCGTTCTATCC-1,3
ATGACTATCAGCTGTG-1,13
ATGACTATGCGACATT-1,26
ATGAGGAGTGTTAATC-1,18
ATGAGGGCAGCGGCTA-1,18
ATGATCGGGAATAGAC-1,4
ATGATGCAATGGTACA-1,9
ATGCACCTTCCTTAAT-1,3
ATGCACGCGCTGTTCA-1,2
ATGCACTACCGCATTG-1,7
ATGCATGATCCAGGAT-1,11
ATGCATTCCGTGATGG-1,10
ATGCCAATCGCTCTGC-1,2
ATGCCATTTGCGACCA-1,3
ATGCCGGTTGATGGGA-1,19
ATGCGACAATTGGTCC-1,14
ATGCGACAGTCCCATT-1,1
ATGCGAGTCCCACCAC-1,0
ATGCTCAGTGTTGCAT-1,20
ATGCTCTGGCGCGGTA-1,16
ATGCTTAGGAGTTGAT-1,17
ATGGAAATTTAAGGAG-1,27
ATGGAACAGAATAAAC-1,4
ATGGAACCTTTGCACA-1,19
ATGGACTGCTTAGTTG-1,0
ATGGAGCAGGCCGTGA-1,7
ATGGATCCGGCGTCCG-1,11
ATGGATTGACCAAACG-1,2
ATGGCAGCATTACGAT-1,15
ATGGCAGCCGAGAAAC-1,17
ATGGCCCGAAAGGTTA-1,8
ATGGCGGAATAGTCGC-1,8
ATGGCTGGAAATGGCC-1,10
ATGGGAACGGAAGCGG-1,16
ATGGGACCTGCTGAAC-1,14
ATGGGCCTCGGCCTCT-1,4
ATGGGTGTATACCTCC-1,13
ATGGTATTGGGAACCG-1,3
ATGGTATTTACTGATT-1,13
ATGGTCGCGTGGTTTC-1,9
ATGGTGCTCAAAGCCA-1,11
ATGGTTACGAAACATG-1,1
ATGTAAGGCTGCTCTT-1,19
ATGTACATGCGGTGAG-1,1
ATGTACGATGACGTCG-1,3
ATGTAGCGCGCGTAGG-1,12
ATGTCATAATAAACGA-1,13
ATGTCATTTCCCATTG-1,25
ATGTCTTGTTTGACTC-1,1
ATGTGAAAGCCTAATG-1,2
ATGTGCATCCGACGCA-1,0
ATGTGGACATCTTGAT-1,0
ATGTGTAGTTTAGTCA-1,8
ATGTTACGAGCAATAC-1,8
ATGTTCCTGCCCACCT-1,4
ATGTTCGTCGACCCAC-1,15
ATGTTGATTAGAGACT-1,12
ATGTTGTAGTCTGTTT-1,9
ATGTTTCGGCCCGGAG-1,10
ATGTTTGTAAGATCAT-1,9
ATTAAACATGCGGACC-1,6
ATTAAAGCGGACGAGC-1,17
ATTAACACCTGAGATA-1,15
ATTAATACTACGCGGG-1,7
ATTAATGAACCAGTCG-1,26
ATTAATTCGGTCACTC-1,8
ATTACAACTACCGGCC-1,10
ATTACATGTCAGTCTT-1,10
ATTACCACACTGCCTG-1,11
ATTACGACTCCACAGT-1,1
ATTACGCGCTGGCAGG-1,17
ATTACGGGCTACGGTT-1,20
ATTACTAGCCTCTTGC-1,4
ATTACTTACTGGGCAT-1,11
ATTAGATTCCTCAGCA-1,19
ATTAGATTGATAGCGG-1,1
ATTAGGCGATGCTTTC-1,14
ATTATACTTTGCTCGT-1,8
ATTATAGCTACTTTAC-1,24
ATTATCGGAATGTACG-1,12
ATTATCTCGACAGATC-1,8
ATTATGAGACCCAATT-1,6
ATTATGCCATAGGGAG-1,1
ATTATGCTCAGTATTG-1,5
ATTATTATGTCCGTCA-1,2
ATTATTCAGAGTCACT-1,23
ATTCAAAGTACCTGTT-1,15
ATTCAACCATTTAAGG-1,7
ATTCACTGATGTTGGA-1,4
ATTCAGATGAATCCCT-1,12
ATTCAGGACCTATTTC-1,24
ATTCAGGATCGCCTCT-1,5
ATTCAGTAGCAGGGTC-1,25
ATTCATATACTGTCCA-1,16
ATTCATCGTTGAGGCA-1,14
ATTCCCACATAAACAA-1,1
ATTCCCGAAGGTACAG-1,25
ATTCCTAAGACGTGGA-1,14
ATTCCTCCGCCAGTGC-1,2
ATTCCTTCCAGGCGGT-1,7
ATTCGACGCCGGGCCT-1,15
ATTCGCAGAGGACACT-1,1
ATTCGCGCCTTGAGAG-1,27
ATTCGTCCCGAGGTTA-1,11
ATTCGTGCTATCTCTT-1,8
ATTCGTGTACCCATTC-1,12
ATTCGTTTATCGTATT-1,13
ATTCTCGTCTCTTTAG-1,7
ATTCTGAGTATGAACT-1,14
ATTCTTCGTACTTATG-1,1
ATTGAAGATCTTAGTG-1,8
ATTGAATTCCCTGTAG-1,11
ATTGACCGGCGATGAC-1,7
ATTGACGTAACTCGGT-1,19
ATTGATAGCAACGAGA-1,0
ATTGATCACCACATTT-1,15
ATTGATGAGTCCTAAC-1,0
ATTGCCTATTAGACCG-1,5
ATTGCCTTTATGTTTG-1,16
ATTGCGATCAGTAACT-1,18
ATTGCTGCTCCTCCAT-1,26
ATTGGATTACAGCGTA-1,3
ATTGGGAATATCTTGG-1,24
ATTGGGAGTTCTGTAA-1,9
ATTGGTAGGATCCGCT-1,17
ATTGGTTGTGCATTAC-1,14
ATTGTACAACTCGGCT-1,18
ATTGTCGCAATACCTT-1,8
ATTGTCTGTTTCATGT-1,3
ATTGTGACTTCGCTGC-1,0
ATTGTTCAACGATCCG-1,11
ATTTAACTCGTATTAC-1,20
ATTTACAGTTTACTGG-1,1
ATTTACTAAGTCCATT-1,19
ATTTATACTGGTAAAG-1,13
ATTTCATTATTTCGCG-1,24
ATTTCCGGGTTCTGCG-1,5
ATTTGCCTAGTTACGA-1,8
ATTTGCGCGAGTAGCT-1,3
ATTTGGAGATTGCGGT-1,21
ATTTGTCTTGGGAGCT-1,9
ATTTGTTCCAGGGCTC-1,0
CAAACCAGGTCTGCAT-1,15
CAAACCATAAGCGTAT-1,1
CAAACCCTCCGGCGGG-1,4
CAAACGAGTATCGCAG-1,3
CAAACGGTCGCACTTT-1,1
CAAACGTGGTCTTGCG-1,11
CAAACTACGATAGAGA-1,24
CAAACTATTGAGCTTC-1,10
CAAACTCGCGACGCCG-1,18
CAAAGATTATTGGGCC-1,4
CAAAGGTCATCTGAAA-1,10
CAAAGGTTAAATTCAG-1,5
CAAAGTCAGGTTAGCT-1,1
CAAATCTCTCACAAGG-1,15
CAAATGCGGAGTGTTC-1,24
CAAATGTCCTTCCGTG-1,2
CAAATTGGATTATGCC-1,0
CAAATTGTCAGCAAGC-1,19
CAACACATCTCCTGCC-1,19
CAACAGAATAACGCTA-1,11
CAACAGTGCCAAACGG-1,11
CAACATGGCCTGATAA-1,2
CAACCAGTGGCCTACC-1,21
CAACCGCACCTAGACA-1,25
CAACCTACCGAGCAGT-1,0
CAACCTGAACCTGCCA-1,11
CAACGACCCGTTTACA-1,12
CAACGAGCTTATTATG-1,20
CAACGATCGATCCAAT-1,8
CAACGCGATGAGCCAA-1,16
CAACGGTTCTTGATAC-1,7
CAACGTGGTGGAGTCT-1,13
CAACTATATCGAATGC-1,10
CAACTCCAACGTTTAG-1,4
CAACTCCGTAACTTGC-1,21
CAACTCCTTGATCCCG-1,7
CAACTGAGGGTATGAC-1,7
CAACTGCTCATCCGAT-1,5
CAACTTGTAGTGGGCA-1,8
CAAGAAACCCTAAACT-1,7
CAAGACTCAGAAGCGC-1,14
CAAGAGGGCGGAGTAC-1,3
CAAGATATTATAACGT-1,13
CAAGCAACGTCGGAGT-1,12
CAAGCACCAAATGCCT-1,24
CAAGCGGCACATAATT-1,9
CAAGGATCGCATGTTC-1,1
CAAGGCCAGTGGTGCA-1,3
CAAGGGAGTGTATTTG-1,1
CAAGGTCCTATAGGCT-1,10
CAAGTAAGTGATAGAC-1,3
CAAGTCGTTGAAATCT-1,7
CAAGTGAACTTTGGTT-1,26
CAAGTGTGGTTGCAAA-1,3
CAATAAACCTTGGCCC-1,0
CAATACGAGAGTCTGA-1,11
CAATACGCTCTGAGGC-1,10
CAATATGTAGATTTAC-1,7
CAATATTCTTGACCTA-1,9
CAATATTGGACTAGTG-1,7
CAATCCATTATCCGTT-1,6
CAATCCCTATACCAGC-1,19
CAATCCTGCCGTGGAG-1,15
CAATGACCCTTAATTT-1,5
CAATGAGGTTCGACTA-1,7
CAATGCGAGAAGTATC-1,12
CAATGGAATCTACATA-1,16
CAATGGATCTCTACCA-1,1
CAATGGTCGGCCTGGG-1,10
CAATGTGCCAACCCTT-1,1
CAATTAAGGGTGATGA-1,4
CAATTGGGCCGCACTC-1,15
CAATTTCGTATAAGGG-1,14
CAATTTGACCGGGAAG-1,16
CACAAACCGCAGAACT-1,5
CACAAGAAAGATATTA-1,14
CACAAGCTAAGAAAGG-1,23
CACAATGAGCTGCTAT-1,3
CACACACGCTAACGAG-1,7
CACACAGCTTGCGCTC-1,18
CACACAGGGATAGATT-1,18
CACACGCGCTGTCTTA-1,12
CACACGTTTCAATGGG-1,13
CACACTTGTATTGCGA-1,0
CACAGAGACGAGGACG-1,21
CACAGCACCCACGGCA-1,4
CACAGCTAGGGAGTGA-1,0
CACAGGGCCATATAGT-1,0
CACAGGGCCGTTGTCA-1,14
CACAGTCCCGCTTCGC-1,2
CACAGTTCGCTTCCCA-1,8
CACATAAGGCGACCGT-1,21
CACATATTAGCAGGAT-1,3
CACATCGTGCACGCGC-1,6
CACATCTCACCGACGA-1,3
CACATGATTCAGCAAC-1,4
CACATGTTTGGACATG-1,7
CACATTCTTTCGATGG-1,24
CACATTTCTTGTCAGA-1,19
CACCAATCATCCGTCT-1,27
CACCACGCCACACAGA-1,1
CACCAGTCAGCATGCA-1,3
CACCATCGGAGGAGAC-1,11
CACCATGATCGCAAAG-1,0
CACCCAAATCTTATGT-1,18
CACCCACACGTCACCC-1,8
CACCCACGAGGCAATT-1,10
CACCCGCGTTTGACAC-1,1
CACCCGGTTTGTGACT-1,14
CACCCTAACAAGATCT-1,9
CACCCTTGGTGAGACC-1,16
CACCCTTTCCTCGCTC-1,10
CACCGATACACCGAGC-1,26
CACCGATGATGGGTAC-1,0
CACCGCCAGAAGGTTT-1,12
CACCGCCGACCAGCGA-1,17
CACCGCGTCCACTCTA-1,1
CACCGGAGATATCTCC-1,7
CACCGGGCATCACAAG-1,1
CACCGGTAGAGACATT-1,13
CACCGTATCCCATCCG-1,17
CACCGTTAGGGATCAC-1,9
CACCGTTGCGCGATAT-1,17
CACCTAATAGAGTCGT-1,3
CACCTAATCAGTTTAC-1,7
CACCTCGATGGTGGAC-1,11
CACCTCTACGAGTGTG-1,13
CACCTTGCGAAACTCG-1,10
CACCTTGGCGCCTTTG-1,13
CACGAAAGTTAGTCCC-1,25
CACGACCACAGACTTT-1,14
CACGACGTAATAGTAA-1,1
CACGACTAAAGTTCTG-1,16
CACGAGCAAACCAGAC-1,5
CACGATTGGTCGTTAA-1,11
CACGCACAGCGCAGCT-1,2
CACGCAGCGAGGCTTT-1,21
CACGCGGAACTGTTGC-1,16
CACGGACGTGGATGGC-1,3
CACGGCGCGCCAAAGG-1,4
CACGGGATTGAGGGTT-1,2
CACGTCAATCAATGGA-1,26
CACGTCGGCAACCTCT-1,1
CACGTCGGGTTCTAGA-1,24
CACGTCTATGATGTGG-1,16
CACGTTCGTGCTCTAG-1,6
CACGTTTCGTACACAC-1,0
CACTAAAGTTGCCTAT-1,2
CACTACGGGAGCTGCC-1,2
CACTACTCAGTTCTGT-1,23
CACTCAAGAGCTATGG-1,6
CACTCAGCTCTTGAGG-1,19
CACTCCTATGTAAGAT-1,6
CACTCCTCTCGGTCGG-1,24
CACTCGAGCTGAACAA-1,7
CACTCGGTTAGGAGGA-1,26
CACTCTCAAGCATCGA-1,16
CACTCTTCTGCTAGCC-1,27
CACTGACGATTGTGGA-1,12
CACTGTCCAAGTGAGA-1,7
CACTTAATCAGACGGA-1,11
CACTTCGCCACAGGCT-1,11
CACTTCGTCTTATCTC-1,2
CAGAACTTAGCCCTCT-1,3
CAGAATAACACACGGA-1,8
CAGAATATTCGTTATC-1,24
CAGACACCGATCGCTG-1,4
CAGACCTGTAAGTGTT-1,24
CAGACGAACCTGATAC-1,14
CAGAGACGGTCACCCA-1,4
CAGAGCATGAGCTTGC-1,2
CAGAGCGATGGATGCT-1,10
CAGAGGCGATGCATGA-1,3
CAGAGTGATTTAACGT-1,24
CAGATAATGGGCGGGT-1,1
CAGATACTAACATAGT-1,7
CAGATATGAAGATGAC-1,9
CAGATCATTTAAAGTC-1,1
CAGATCCTGGTTTGAA-1,5
CAGATGTTTGTCCCAA-1,15
CAGCAGCCCGTTCCTT-1,0
CAGCAGTCCAGACTAT-1,26
CAGCAGTCTGTGCTGC-1,3
CAGCCCTCACAGGCAG-1,11
CAGCCGGGCCCTCTAT-1,10
CAGCCTCCTGCAGAGG-1,1
CAGCCTCGATAGCGGT-1,6
CAGCCTCTCCTCAAGA-1,19
CAGCGATTCCCTTCAA-1,6
CAGCGCCAACACGATA-1,0
CAGCTCACTGAGACAT-1,11
CAGCTCGACAAGTTAA-1,8
CAGCTCGTGCTTGTGT-1,26
CAGCTCTGGGCTCACT-1,17
CAGCTGGCGTAACCGT-1,4
CAGCTTAGTAGGTAGC-1,17
CAGGAAGACTTTATAT-1,8
CAGGACAGCTGCCCTT-1,18
CAGGATATATCGTTGT-1,9
CAGGATCCGCCCGACC-1,11
CAGGCAGTCTTACCAG-1,14
CAGGCCAGTACCACCT-1,4
CAGGCCGTTTGGGTGT-1,14
CAGGCGCACGGTGGTC-1,14
CAGGCGCCATGCTAGG-1,23
CAGGGAGATAGGCCAG-1,9
CAGGGCTAACGAAACC-1,0
CAGGTTTAGTACTACA-1,3
CAGTAACTATTTATTG-1,19
CAGTAAGGGACGTCTC-1,18
CAGTAATCCCTCCCAG-1,0
CAGTACATTCTCTAAA-1,19
CAGTACCAGTTTACGT-1,14
CAGTAGATGATGTCCG-1,15
CAGTAGCCCACGCGGT-1,19
CAGTAGCGAGGTAGTA-1,7
CAGTCCAACGCCTTCT-1,2
CAGTCGAGGATGCAAT-1,23
CAGTCGGCCTAGATAT-1,15
CAGTCTCTCGGCTAAT-1,8
CAGTCTGTATACTGGG-1,0
CAGTGAATAAATGACT-1,23
CAGTGGTTGCACATGA-1,17
CAGTGTCCGCAGAATG-1,0
CAGTGTCGGCTGGCCC-1,1
CAGTGTTAATCTCTCA-1,6
CAGTTCAAATTGACAC-1,21
CAGTTCCGCGGGTCGA-1,15
CAGTTCGAGGACCCGA-1,9
CATAACGGACAGTCGT-1,2
CATAAGAAGCTTGGCT-1,12
CATAAGCTCTCCGTCT-1,15
CATAATGAGCGGGCGA-1,0
CATACAAAGCCGAACC-1,0
CATACACAAAGTCAGC-1,25
CATACACGGTTCCCAC-1,9
CATACCCGTACCCAGT-1,18
CATACGAACTAGCTGG-1,9
CATACGGCGTCTGGGC-1,6
CATACGGGTGCATGAT-1,8
CATACTATGTAATTGT-1,2
CATACTTAGGCAATAC-1,20
CATACTTCTTTCTCCG-1,3
CATAGAGGAGATACTA-1,4
CATAGCCGCCCGGGAT-1,27
CATAGCGTTGCCCACC-1,9
CATAGGGACACTTGTG-1,13
CATAGTACATTGAGAG-1,10
CATAGTAGCATAGTAG-1,22
CATAGTCAAATACATA-1,6
CATAGTCCACAAGAAC-1,11
CATAGTGGGCACGCCT-1,22
CATATACTACTGATAA-1,19
CATATAGGTACAGTCA-1,9
CATATGTCAGGCTACG-1,16
CATATTATTTGCCCTA-1,8
CATCAAACTGGCGCCC-1,5
CATCAACACCTACTAA-1,17
CATCATCTACCCGGAC-1,11
CATCATTACCCTGAGG-1,22
CATCCAATATAGTTTG-1,4
CATCCCGAGATTCATA-1,26
CATCCGCAGGCCCGAA-1,21
CATCCTCTCAAAGATC-1,7
CATCGAATGGATCTCT-1,7
CATCGCCCGCGGCCAA-1,3
CATCGGACGGGTTAAT-1,0
CATCGTCCGGTTACTA-1,17
CATCTACCCGAGAACG-1,16
CATCTAGTGAAGGGAA-1,20
CATCTATCCCGTGTCT-1,10
CATCTGCAGGATCATT-1,15
CATCTTACACCACCTC-1,1
CATGAACCGACATTTG-1,2
CATGAACCTCTTATCA-1,18
CATGACTTCGCTGAAT-1,26
CATGAGATGCACTCTC-1,14
CATGAGTCCATCACGG-1,16
CATGATACGGTGAAAC-1,4
CATGATCGCTTTGAGA-1,18
CATGATGCACAATTCT-1,11
CATGATGGAAGTTAGC-1,16
CATGCACATGAGAGGC-1,4
CATGCACGTGTTACTG-1,1
CATGCATGGAGACCCT-1,24
CATGCCAACTCGCAAA-1,25
CATGCGACCAGTTTAA-1,20
CATGCGTTAGACAGAA-1,11
CATGCGTTGAGAGGAG-1,1
CATGCTGGCTCCAATT-1,20
CATGGAAATGGGACCA-1,19
CATGGATTGTCTTCCG-1,7
CATGGCAGGAAGATCG-1,16
CATGGCTCCCTATGTC-1,27
CATGGGTATGCCTTAT-1,3
CATGGGTCGGGTGTGG-1,8
CATGGTAAGTAGCGTT-1,14
CATGGTATTAGTTTGT-1,3
CATGGTCTAGATACCG-1,8
CATGGTTTATTAATCA-1,4
CATGTAAGAGACATTT-1,2
CATGTAGGAGCGCCAA-1,6
CATGTGGGCTCATCAC-1,20
CATTACATAGATTGTG-1,13
CATTACGCAGGAAGGG-1,18
CATTACGTCGGCCCGT-1,10
CATTATCCCATTAACG-1,5
CATTATGCTTGTTGTG-1,20
CATTCACTGACAGCTA-1,8
CATTCAGGTCAGTGCG-1,7
CATTCCCATTCCGTCG-1,19
CATTCCCTAAGTACAA-1,21
CATTCGTCGTAGCGGT-1,0
CATTGATGAACACGCC-1,7
CATTGCAAAGCATAAT-1,5
CATTGCGAAATGGGCG-1,15
CATTGCGGGTCAATTC-1,2
CATTGTGTGCTAGATC-1,27
CATTTAGCGGACCATG-1,23
CATTTATCGTTCAAGA-1,19
CATTTCTAGCAGACTA-1,11
CATTTGAGTGGTACGT-1,20
CCAAACAGAACCCTCG-1,8
CCAAAGCAGTTGGTTG-1,0
CCAAAGTCCCGCTAAC-1,18
CCAAATAACAAGATTC-1,8
CCAAATCAAAGGGCAA-1,16
CCAACCTTATGTAACT-1,3
CCAACGATGCACTGAT-1,1
CCAACGCTTGCCAGGG-1,7
CCAACTTGATAGATCC-1,18
CCAAGAAAGTGGGCGA-1,9
CCAAGACTTCTGCGAA-1,0
CCAAGCGTAACTCGTA-1,21
CCAAGCTTGATCTCCT-1,1
CCAAGGAACAGAGAGG-1,13
CCAAGGTTGCCCTTTC-1,12
CCAAGTTTCTACAGAT-1,3
CCAATAGATTTCATCT-1,15
CCAATAGTGCCGTCGA-1,15
CCAATCGGTAGATCGA-1,11
CCAATGTCACAGCAAG-1,1
CCAATTACGGGTCGAG-1,24
CCAATTGAATGTTAAT-1,7
CCACAATGTACGTCTT-1,7
CCACACTGAGATATTA-1,0
CCACAGCTGAAATCAT-1,1
CCACAGTACCCATCCT-1,14
CCACATACTGCACCCA-1,11
CCACATGGCTCTTTAT-1,25
CCACCAACTTTACTGT-1,12
CCACCCAAGGAAAGTG-1,0
CCACCTGTATGGAATA-1,1
CCACGAATTTAACCTC-1,10
CCACGAGAAGAGAATC-1,10
CCACGGAGCCATAAGA-1,6
CCACGGCAGGTGTAGG-1,3
CCACGGTGCCCGGTAG-1,18
CCACGTAAATTAGACT-1,8
CCACTAAACTGAATCG-1,20
CCACTATCCGGGTCAC-1,19
CCACTCAGATCCGCAA-1,4
CCACTGGTGGCTGGTT-1,18
CCACTGTTTGGATTAA-1,10
CCACTTTCCTTCTAGG-1,19
CCAGAAACTGATGCGA-1,20
CCAGAAAGCAACTCAT-1,3
CCAGAGACAAAGCCGG-1,15
CCAGATAGTTGAGTGA-1,7
CCAGATGTAAATGGGT-1,21
CCAGCCTGGACCAATA-1,14
CCAGCGGGATCACCAG-1,10
CCAGCTACGCCTCATA-1,7
CCAGCTCGAACGCATT-1,3
CCAGCTGATGGTACTT-1,15
CCAGCTTCCGCCCGCA-1,27
CCAGGCGAGATGGTCT-1,12
CCAGGCTGGCGTCTGA-1,11
CCAGGGACGTGGCCTC-1,7
CCAGTAGTCTGATCCA-1,8
CCAGTCAAATCTCTTA-1,27
CCAGTCCATTATTCGA-1,5
CCAGTCTAGACGGCGC-1,21
CCAGTCTTGTCATAGA-1,9
CCAGTGAGCTCCTTGT-1,18
CCAGTGTACAGACCGA-1,13
CCAGTTCGGTAACTCA-1,20
CCATAAACAACCCGAC-1,17
CCATAACCTGTGCAGT-1,27
CCATACCTTTACTTGT-1,11
CCATACTCGCCTCTCC-1,15
CCATAGAGGCTGCCAG-1,25
CCATAGGTTGGCGTGG-1,0
CCATAGTCAGTAACCC-1,17
CCATATGGAAACTATA-1,2
CCATATTGGATCATGA-1,0
CCATCATAAGAACAGG-1,7
CCATCCATACCAAGTC-1,2
CCATCGCAGTTAAACT-1,6
CCATCTCACCAGTGAA-1,12
CCATCTTGTTCACAAT-1,0
CCATGCCCTAGATTTC-1,5
CCATGCCTGTTTAGTA-1,21
CCATGCTCTGCAGGAA-1,5
CCATGGCAAACGCTCA-1,16
CCATGGCCCTTGTACC-1,17
CCATGTTCATCTATAT-1,6
CCATTAGCGATAATCC-1,22
CCATTCCCTGCCCACA-1,15
CCATTGTTTCCTCCAT-1,18
CCATTTCTACCTATTA-1,4
CCCAAACATGCTGCTC-1,26
CCCAACATACGTCGCG-1,5
CCCAACCACACTAACA-1,18
CCCAAGAATGCACGGT-1,0
CCCAAGACAGAGTATG-1,20
CCCAAGTCATTACACT-1,16
CCCAATGAGATTTGCA-1,9
CCCAATTTCACAACTT-1,14
CCCACTCCACGGTATC-1,25
CCCAGAGGAGGGCGTA-1,10
CCCAGATTCCCGTGAC-1,16
CCCAGGAAGAATTCGA-1,13
CCCAGGTCTGAAGGCT-1,18
CCCAGTAAACTTGGGA-1,12
CCCAGTTAAGGCGCCG-1,3
CCCATATAGGTCGATT-1,20
CCCATTATTGTATCCT-1,26
CCCGAAGTTTCGCGAA-1,4
CCCGACCATAGTCCGC-1,24
CCCGAGTTTCTCCGTA-1,2
CCCGATAGCCTCGCCT-1,10
CCCGCAAATAATCATC-1,15
CCCGCAGCGCGAACTA-1,5
CCCGCAGGGCCCAAAG-1,11
CCCGCCATGCTCCCGT-1,0
CCCGCGCAATGCACCC-1,27
CCCGCTAGAGGGTTAA-1,1
CCCGCTTGCCCTCGTC-1,7
CCCGGCACGTGTCAGG-1,9
CCCGGCTAGGTGAGAA-1,2
CCCGGGTCGTTCAGGG-1,20
CCCGGTGGAAGAACCT-1,4
CCCGGTGTATCGGAAT-1,2
CCCGTAAGTCTAGGCC-1,10
CCCGTAGCTGGGAAGA-1,14
CCCGTCAGCGTCTGAC-1,21
CCCGTGACAGTGCCTT-1,6
CCCGTGAGGGCGGTGA-1,16
CCCGTGGGTTAATTGA-1,8
CCCGTTTCGCAGATGT-1,22
CCCTACCCACACCCAG-1,20
CCCTACTTGAACAATG-1,6
CCCTAGCTCTAAGGTC-1,27
CCCTAGGCAACAAGAG-1,25
CCCTAGTGTCAGGTGT-1,12
CCCTATGTAGAGCAGA-1,6
CCCTCAAGCTCTTAGT-1,17
CCCTCAGATCGAGAAC-1,4
CCCTCATCACAGAGTA-1,6
CCCTCATTCTGGAATT-1,0
CCCTCCTCGCTCGTAT-1,26
CCCTCGATAATACACA-1,9
CCCTCGGGAGCCTTGT-1,8
CCCTGAAATGAGTTGA-1,26
CCCTGACTAACAAATT-1,18
CCCTGATGTAACTCGT-1,27
CCCTGCCCAATCCGCT-1,15
CCCTGCGCTACGCATA-1,18
CCCTGGCTGTTCCTTC-1,25
CCCTGGGAGGGATCCT-1,5
CCCTGGTATGGGCGGC-1,19
CCCTGTTGGCAAAGAC-1,20
CCCTTCTCGTACGCGA-1,1
CCCTTTAATGGAGTTC-1,21
CCCTTTGACAGGTCTT-1,14
CCGAAACACGACCTCT-1,9
CCGAAAGTGGTGAGCA-1,11
CCGAACACTGGGCCTC-1,18
CCGAACCTTCCCGGCC-1,6
CCGAAGCATTGACCAA-1,15
CCGAAGGGCGTACCGC-1,23
CCGAAGTATATTGTTC-1,11
CCGACAAACACATGAG-1,25
CCGACAAAGGGAGTGC-1,15
CCGACAATAGGCCGCC-1,11
CCGACGGGCATGAGGT-1,5
CCGACGTAAACACAAC-1,8
CCGACTCGCATAGTCT-1,8
CCGAGAAGTCGCATAA-1,11
CCGAGCTGTGCTTGTC-1,2
CCGAGGGATGTTAGGC-1,10
CCGATATGACGTAAGG-1,11
CCGATCTCAACCTTAT-1,11
CCGATCTTAAGAGGCT-1,7
CCGATTCGAGGGACCC-1,15
CCGATTGGTCAATGAA-1,1
CCGCACAAAGACCAAC-1,1
CCGCACACGAACGTGT-1,23
CCGCACGTGACCTCGG-1,17
CCGCACTTGCAATGAC-1,22
CCGCATGTGGTACGAT-1,26
CCGCCACCACAATCCA-1,19
CCGCCGGAACTTCTCG-1,11
CCGCCGGTCAACACAC-1,26
CCGCCGTTGAGGATAA-1,23
CCGCCTGCGAATTGGT-1,24
CCGCCTTGCGATGTCG-1,17
CCGCGATTTGGTAGGT-1,19
CCGCGCAAGATACCCA-1,25
CCGCGGAATGCGTCAC-1,17
CCGCGGGTACGAAGAA-1,2
CCGCGTAGGTAAGGGC-1,27
CCGCTATCAGCACCAG-1,9
CCGCTCCAGGGCGATC-1,2
CCGCTCCGGATAAGCT-1,3
CCGCTCTTCCGAACTA-1,6
CCGCTTACCTCACTCT-1,0
CCGCTTCGCGGTTAAC-1,0
CCGCTTGCTGACATGG-1,10
CCGGAAGTGCAATATG-1,22
CCGGAAGTTATCAGTC-1,24
CCGGAATGGTTTCAGT-1,26
CCGGAGCGTACTTTCT-1,3
CCGGAGGTCTTATGGT-1,22
CCGGCACGACCGTTTC-1,19
CCGGCCGCGAGCATAT-1,18
CCGGCGCATATTGGAT-1,1
CCGGCGTGAGACTCTG-1,10
CCGGGACCCGCAGAGA-1,13
CCGGGCTAAGAATTTC-1,13
CCGGGCTGCTCCATAC-1,13
CCGGGTTCGAGGTTAC-1,15
CCGGTAATGGCTAGTC-1,8
CCGGTATCTGGCGACT-1,5
CCGGTGCGAGTGATAG-1,17
CCGGTTTGTAATTGTG-1,18
CCGTAAGTTGGTCCCA-1,1
CCGTACCCAAGCGCCA-1,1
CCGTAGGAAATCCCTG-1,16
CCGTAGGGTTGTTTAC-1,1
CCGTATCTCGTCGTAG-1,12
CCGTATTAGCGCAGTT-1,1
CCGTCAACCTCTGGCG-1,3
CCGTGAGGCATTCATG-1,24
CCGTGCCCATGACGGC-1,0
CCGTGGAACGATCCAA-1,19
CCGTGTTAAATTCCAT-1,5
CCGTTACGTTAGAACA-1,8
CCGTTCCGAATCTCGG-1,16
CCGTTTCCTTTCCGTG-1,3
CCTAAACAGGGTCCGT-1,8
CCTAAAGGCTGACGCT-1,8
CCTAAATTAACGGTTC-1,20
CCTAAATTGTATCCTA-1,20
CCTAACTAAGGCTCTA-1,10
CCTAAGTGTCTAACCG-1,7
CCTACAAGTCCGGAAT-1,22
CCTACAGTTGAGGGAG-1,6
CCTACATTCACAGACG-1,5
CCTACGCGACCTTACA-1,3
CCTACGGCTCAGTCGA-1,8
CCTACTCAACACGATT-1,2
CCTACTGCGGCGGCCA-1,8
CCTACTGCTTACACTT-1,23
CCTAGGCGTAGCGATC-1,21
CCTAGGTAAAGGTAGC-1,27
CCTAGTTAGTCGCATG-1,1
CCTATAATGAGTGCCC-1,4
CCTATACCGTCCTGTC-1,13
CCTATATCGTGTCACG-1,3
CCTATATTTGTCCTGG-1,21
CCTATCTATATCGGAA-1,7
CCTATGAAGTGGTGCC-1,23
CCTATGGCTCCTAGTG-1,3
CCTATGGGTTACCGTC-1,16
CCTATGGTCAAAGCTG-1,12
CCTATGTCCACTCCAC-1,3
CCTATTATTCCGGCCG-1,9
CCTCAACGATCGCTGT-1,21
CCTCACCAATCTTGAC-1,0
CCTCACCTGAGGGAGC-1,11
CCTCACCTTAGCATCG-1,8
CCTCACGTCAGCTAAT-1,20
CCTCATGCAGCTACGA-1,7
CCTCCCGACAATCCCT-1,11
CCTCCGACAATTCAAG-1,25
CCTCCTAGCTAGAGTC-1,9
CCTCCTGAGCCCACAT-1,27
CCTCCTGTTGTGTCGT-1,5
CCTCGAAGTGGACGGG-1,11
CCTCGACCCACTGCCT-1,23
CCTCGCCAGCAAATTA-1,1
CCTCGCGCGATATAGG-1,8
CCTCGCGCTGTGCGAT-1,2
CCTCGGACCGGGATAG-1,14
CCTCGGATGCTACCTG-1,17
CCTCGGTTTCCTTGCC-1,3
CCTCGTTACGCCTGTT-1,7
CCTCTAATCTGCCAAG-1,0
CCTCTACAAGGATTGG-1,9
CCTCTATCGATTAGCA-1,3
CCTCTCTCCCATCTAG-1,25
CCTCTGGCCTAGACGG-1,19
CCTCTGTACTATTCTA-1,9
CCTGAACGATATATTC-1,9
CCTGAATATTTACATA-1,22
CCTGACAAACTCGCGC-1,18
CCTGACCACCGATGGT-1,1
CCTGACGCAACCTTTA-1,0
CCTGAGAATAAATGCA-1,9
CCTGATTCGCGAAGAA-1,13
CCTGCCCGTTGTCTAG-1,27
CCTGCGATAGAACTGT-1,5
CCTGCGTTCTACGCTT-1,12
CCTGCTACAACCATAC-1,0
CCTGCTATTTGAGAAG-1,20
CCTGGAAACGTTCTGC-1,8
CCTGGCTAGACCCGCC-1,7
CCTGGTCGAATGTGGG-1,3
CCTGTAAGACATGATA-1,5
CCTGTACTCACGCCCA-1,25
CCTGTCACCCGGGCTC-1,0
CCTGTCCCTCACGTTA-1,19
CCTGTCGCCCGTAAAT-1,3
CCTGTCGTGTATGAAG-1,23
CCTGTGAAACCGTAAC-1,2
CCTGTGCATAGGAGAC-1,0
CCTGTGCGGATTGTAA-1,0
CCTGTTCAACCTCGGG-1,14
CCTGTTTGAAGACACG-1,21
CCTTAAGTACGCAATT-1,5
CCTTCAGTTAAAGTGA-1,3
CCTTCCGCAACGCTGC-1,5
CCTTCGTATAGAATCC-1,16
CCTTCTCAGCGTTCCT-1,16
CCTTCTTGATCCAGTG-1,7
CCTTGACCACTTTATT-1,26
CCTTGTGAACGTGGTT-1,14
CCTTTAAGGGAGCACT-1,9
CCTTTCAATGAAGAAA-1,10
CCTTTGAATTATGGCT-1,9
CGAAACATAGATGGCA-1,11
CGAAACGCAATTCATG-1,25
CGAACAGTATGGGCGT-1,17
CGAACATAGTCAGAAA-1,6
CGAACCCGCATGCGTC-1,3
CGAACCTCTTTCCTAG-1,3
CGAACGCCCAGTGCCG-1,24
CGAACGGCCGGACAAC-1,15
CGAAGACGGTGAGTGC-1,18
CGAAGACTGCCCGGGA-1,24
CGAAGATCAGTTTCAT-1,13
CGAAGCCACAGCATGG-1,5
CGAAGCTATAAATTCA-1,19
CGAAGGGTTTCAGATT-1,12
CGAAGTTGCTCTGTGT-1,15
CGAATCTGCTCGACGC-1,15
CGAATGAAGTCATTGC-1,27
CGAATGACGCATAATG-1,23
CGAATGGTAGGTCGTC-1,6
CGAATTACATGGTGTT-1,21
CGAATTCCCGGTTCAA-1,7
CGACAATTTGATCTAA-1,12
CGACACCGCTTAAGGA-1,0
CGACACGCTCCGACAG-1,12
CGACACGGATGCCCAC-1,16
CGACAGTTCGCGTTAT-1,26
CGACATGCGATCTTCT-1,24
CGACCCTTAACGCCGG-1,18
CGACCGTTGGTATTCG-1,12
CGACCTACTAGACAAT-1,25
CGACGCATCCGTACCT-1,15
CGACTCAGGATGTTAT-1,10
CGACTCGGTACACGGT-1,11
CGACTTGCCGGGAAAT-1,23
CGACTTTGTATAGCCT-1,10
CGAGACCCTAGAGTGT-1,4
CGAGACTACTGCTGCT-1,18
CGAGAGATGTGAACCT-1,12
CGAGAGCGCGTAGATA-1,25
CGAGAGCTTTCACTAC-1,2
CGAGAGGGTAGCCGCG-1,12
CGAGATGTTGCCTATA-1,18
CGAGATTTCGCTCGGG-1,24
CGAGCACTTCAAGTTT-1,11
CGAGCCGAGCACTCGA-1,25
CGAGCGTTGATCAGCC-1,22
CGAGCTGGGCTTTAGG-1,8
CGAGGAGCTTCCATAT-1,2
CGAGGATCGGGAACGA-1,23
CGAGGCCAGGCATTGG-1,15
CGAGGCTAAATATGGC-1,21
CGAGGGACTGCGGTCG-1,0
CGAGGGTATCCAGGTG-1,4
CGAGTACTAAAGAGGA-1,13
CGAGTGAAGGTACCAG-1,9
CGAGTGCTATAGTTCG-1,7
CGAGTTCTGTCCCACC-1,1
CGAGTTTATCGGACTG-1,5
CGATAACCAATTTGAG-1,2
CGATAATACTCAGGTT-1,20
CGATACCTCGCGGACA-1,5
CGATAGCGATACAGTG-1,6
CGATAGTCGTACTGCA-1,21
CGATATTAGCCGCAGG-1,0
CGATCATTAGAGGCAC-1,18
CGATCCACCATTGTTG-1,3
CGATCCGACCCAGTGC-1,22
CGATCCTCGCAACATA-1,3
CGATCGAGAAGCACCA-1,5
CGATCTGTTGGAGGAC-1,5
CGATGGACCCTACGCC-1,24
CGATGTTGTTATCTAC-1,27
CGATTAAATATCTCCT-1,27
CGATTCGCCTGGCTGC-1,12
CGATTTGTCATTAATG-1,9
CGCAAACACGAGTTAC-1,20
CGCAATCGATCATTAG-1,3
CGCAATTACTTTCGGT-1,1
CGCAATTAGGGTAATA-1,8
CGCAATTCTACAATAA-1,25
CGCACATGTCCACTAC-1,14
CGCACGTCTGTTTATG-1,6
CGCACGTGCGCTATCA-1,11
CGCAGAAACATTTGCG-1,8
CGCAGATCTTCACCCG-1,12
CGCAGGCGATCCAAAC-1,26
CGCAGTTCTATCTTTC-1,5
CGCATCATGGCTTCAG-1,21
CGCATCCATCAGCCAG-1,18
CGCATGCCGAATGCGT-1,23
CGCATGGTGCGATGCT-1,9
CGCATTAGCTAATAGG-1,8
CGCCAAGAAGCCGAGT-1,15
CGCCAATTATTGCGTT-1,27
CGCCACAGGTCGCGAT-1,15
CGCCACCCGCATTAAC-1,21
CGCCAGTAGTACCTTG-1,23
CGCCATCCGATTATGA-1,8
CGCCCAGCACGCCTAG-1,9
CGCCCAGCGTTTCACG-1,18
CGCCCGCTTCCGTACA-1,10
CGCCCTAATTGTTCAA-1,23
CGCCCTTACATCCACC-1,5
CGCCCTTGAAGGCTGA-1,25
CGCCGACTATTCGCTA-1,15
CGCCGCCCATGCCTGT-1,12
CGCCGCGTTCTGAACG-1,9
CGCCGGTGTCGCAGTA-1,16
CGCCGTCTACCCATCG-1,23
CGCCGTTCAGCATAGT-1,26
CGCCTCCCTCCTCTAT-1,6
CGCCTGGCCTACGTAA-1,0
CGCCTTTAGCATGCTC-1,23
CGCGAAGTGGCATACT-1,12
CGCGACACTGCGCAGC-1,15
CGCGACCGCGACAGAT-1,3
CGCGAGAGGGACTTGT-1,11
CGCGAGTCTGCCGGGT-1,13
CGCGCAAATGTCCAGA-1,6
CGCGCAAGGAACTACA-1,12
CGCGCATGTTTGATTG-1,3
CGCGCCCGACTTAATA-1,12
CGCGGCAGTATTACGG-1,21
CGCGGCTCAACTTGAA-1,4
CGCGGGAATTAGGCAG-1,14
CGCGGGAATTCCTTTC-1,5
CGCGGTAAGTCTAGCT-1,15
CGCGGTACGGTATACA-1,1
CGCGGTCACAAACCAA-1,20
CGCGTACATTCTGGAA-1,5
CGCGTCATATTAAACC-1,11
CGCGTGCTATCAACGA-1,7
CGCGTGGGCCTGTGTT-1,14
CGCGTTCATGAAATAC-1,7
CGCTACCGCCCTATGA-1,1
CGCTACGGGACATTTA-1,9
CGCTAGAGACCGCTGC-1,7
CGCTATACCGCCCACT-1,7
CGCTATCGTGGCTTTA-1,4
CGCTATTCAATGTATG-1,2
CGCTATTCTTAGGCTC-1,7
CGCTCGACATAATGAT-1,9
CGCTCTCCGTAGATTA-1,27
CGCTGAGGACGTCCAA-1,16
CGCTGGTGACTACCCT-1,26
CGCTGTGACGCCGCAC-1,12
CGCTGTGTGGATGTTG-1,12
CGCTTAGTATTGATAC-1,16
CGCTTATTCCCGGTCG-1,15
CGCTTCCACTGAAATC-1,20
CGCTTCGGTCTAAGAC-1,16
CGCTTGGACGGATAGA-1,22
CGCTTTCATACCGGTG-1,22
CGCTTTCCGCCAAGGT-1,14
CGCTTTCTTGCATTCG-1,1
CGGAAAGAATCAAACG-1,9
CGGAAAGCAAATGTGC-1,1
CGGAAATTTCACATCC-1,5
CGGAACGTAAACATAG-1,6
CGGACCTCTGTAGTTA-1,2
CGGACCTTTACGTCCC-1,16
CGGACGTTACTTGAAG-1,15
CGGAGCAATTTAATCG-1,3
CGGAGCATGGCGATCC-1,7
CGGAGCTTATAACACC-1,11
CGGAGTCCTAACCTGG-1,14
CGGAGTTTGAGAGACA-1,0
CGGATAAGCGGACATG-1,0
CGGATCCTCAAGGACT-1,12
CGGATGAATGCTGTGA-1,13
CGGATTCTGCCTTATG-1,23
CGGCAAACATCGTGCG-1,2
CGGCAATAAGATCGCC-1,10
CGGCACCGTTAGCGCC-1,18
CGGCACTCAAGAAAGT-1,1
CGGCAGGGTCGGGTTG-1,0
CGGCCACGCACAAAGT-1,12
CGGCCAGAGCGACCAT-1,4
CGGCCCAACCTGTAGT-1,19
CGGCCCAGGTATATCC-1,7
CGGCGCCATCAATCCC-1,6
CGGCTCTAAAGCTGCA-1,19
CGGCTCTTCGTCGAAC-1,18
CGGCTGAAGGTTACGC-1,6
CGGCTGCAAGATTAAG-1,23
CGGCTTTGTATGATAA-1,19
CGGGAACGCCCTGCAT-1,16
CGGGAAGTACCGTGGC-1,5
CGGGAATATAGTATAC-1,18
CGGGAATTTATGTAAA-1,6
CGGGAGCTTCAGTGTA-1,22
CGGGAGTATACCGCCG-1,1
CGGGATCAATGTAAGA-1,22
CGGGCAGCTAAACCGC-1,7
CGGGCCATAGCCGCAC-1,4
CGGGCCTTCTTTGTAA-1,5
CGGGCGATGGATCACG-1,3
CGGGCTACTTAAATTG-1,5
CGGGTGTACCCATTTA-1,26
CGGGTTCGGCACGTAT-1,14
CGGGTTGTAGCTTTGG-1,12
CGGGTTTGTTAGGGCT-1,21
CGGTAACAAGATACAT-1,12
CGGTACGGCAAACCCA-1,27
CGGTACTAGAATCAAA-1,4
CGGTAGAGGTGCAGGT-1,8
CGGTATAGGTATTAGC-1,8
CGGTATGGGCACTCTG-1,12
CGGTCAAGTGGGAACC-1,8
CGGTCAGTCCATATTT-1,10
CGGTCCATGAGACTCC-1,20
CGGTCCGTCGCAAGCC-1,15
CGGTCTATCAACCCGT-1,19
CGGTGAAGACTAAAGT-1,18
CGGTGCAGATAGAACG-1,25
CGGTGCGCGTTGGTCC-1,3
CGGTGGGCTCCAGCCT-1,24
CGGTGTACTTGATCCC-1,22
CGGTTATCCAACAGTG-1,20
CGGTTCAAGTAGGTGT-1,11
CGGTTCCGGCTTCTTG-1,1
CGGTTGACCTGGCATA-1,15
CGGTTGAGTATCCTTC-1,14
CGGTTGGGCAGGGTCC-1,9
CGGTTGGGTTCAAGTT-1,0
CGGTTTACTGAACATT-1,6
CGGTTTATGAAGGAAC-1,1
CGTAAACGCTTGAGTG-1,13
CGTAAAGCAAGAAATC-1,5
CGTAAATAACAAAGGG-1,12
CGTAACGGAACGATCA-1,3
CGTAACTTCGACACTT-1,3
CGTAATAATTACGAGT-1,18
CGTAATATGGCCCTTG-1,11
CGTACCGAAAGTCTAG-1,19
CGTACCTGATAGGCCT-1,19
CGTAGCGAATTGTCAG-1,24
CGTAGCGCCGACGTTG-1,2
CGTATCTAGAACTAAG-1,2
CGTATTAAGAGATCTA-1,7
CGTATTGTTTCCTAAT-1,14
CGTATTGTTTGGCGCC-1,16
CGTCAAATGGTCGCAG-1,0
CGTCAAGGCTATAAAT-1,2
CGTCAATCTTTAACAT-1,20
CGTCACGTCCATTGGT-1,9
CGTCAGCTATTTACTC-1,21
CGTCAGTGCGCACAAG-1,11
CGTCAGTTTATCGTCT-1,22
CGTCATACCATATCCA-1,12
CGTCCAGATGGCTCCA-1,25
CGTCCTCATCGCGTGC-1,1
CGTCGCATGTGAGCCA-1,12
CGTCGCGGCGGGATTT-1,22
CGTCGCTTGGTTATAC-1,3
CGTCGGATAGTGTTGA-1,18
CGTCGGGTCTAAGCGC-1,6
CGTCGTCCTTCGCGAA-1,12
CGTCTCTCGCCGAGGC-1,16
CGTCTGGAAGGGCCCG-1,12
CGTCTTGAGTGTGACG-1,19
CGTGAACTGACCCGAT-1,12
CGTGAAGTTAATTCAC-1,9
CGTGACATTGGGTCGT-1,24
CGTGACCAGTCCTCTG-1,6
CGTGCACACCACTGTA-1,9
CGTGCAGACTGGGACA-1,2
CGTGCATTGTCGACGC-1,15
CGTGCCCGACATTTGT-1,24
CGTGCCCTCCCGAAGA-1,4
CGTGCTGGCCTAGTCG-1,11
CGTGCTTCTACCTAAA-1,13
CGTGGAAGCCTCGTAC-1,24
CGTGGCCGAATATCTA-1,1
CGTGGTACCCAAAGGC-1,6
CGTGTATGGGAGCTGA-1,6
CGTGTCCCATTCGCGA-1,2
CGTGTCTCGTTACGAC-1,3
CGTGTGTTAAACCCTG-1,19
CGTTAAACTAGTTAGG-1,18
CGTTAAATACGACCAG-1,8
CGTTAATGTCCCGACG-1,12
CGTTAGCTCACAACTG-1,24
CGTTATCATACTTCCA-1,15
CGTTCAAGGAAACGGA-1,16
CGTTCAGACCCGCGAA-1,3
CGTTCATGGTGCGCGT-1,17
CGTTCTTCGCACACCT-1,0
CGTTGAATACCGCGCT-1,12
CGTTGAGCGACCGTCG-1,1
CGTTGAGTAATTGCGT-1,20
CGTTGCCCGCGTGGGA-1,4
CGTTGTAAACGTCAGG-1,10
CGTTGTAAGATTGATT-1,19
CGTTGTCGGCAATTGA-1,9
CGTTGTTTCAATTCCC-1,25
CGTTTAAGCGGAGCAC-1,10
CGTTTACAAGGCAGCT-1,14
CGTTTCACTTCGGGCG-1,10
CGTTTCGCTCATTACA-1,1
CGTTTCGGTTATATGC-1,26
CGTTTGGTGTTGTGGG-1,16
CGTTTGTGTAGAGGGT-1,20
CTAAACGGGTGTAATC-1,12
CTAAAGAATGCCTACT-1,15
CTAAAGGATGAGATAC-1,21
CTAAAGGGAAATAGGA-1,9
CTAAAGTCCGAAGCTA-1,7
CTAAATCCGGTGTACA-1,2
CTAACAGCACAATAAC-1,13
CTAACCGCGCGCCCGT-1,25
CTAACGAAACTTGCTG-1,7
CTAACTGATAATCGCC-1,19
CTAACTGGTCCGGTTC-1,2
CTAAGGGAATGATTGG-1,23
CTAAGTACAGGGCTAC-1,8
CTAATGCGCCCAACAA-1,1
CTAATTATGAAGCGTA-1,4
CTAATTCGCACGCGCT-1,21
CTAATTCTCAGATATT-1,20
CTAATTTCAACAACAC-1,0
CTACAAGAAATAACCC-1,12
CTACACTAGCTTGTTC-1,7
CTACACTCGCAGATGG-1,23
CTACATATCGCGGGAC-1,23
CTACCCTAAGGTCATA-1,7
CTACGACTAGCTATAA-1,25
CTACGATCCTATCCTA-1,3
CTACGCACGGAGTACC-1,3
CTACGCCATTTCCGAT-1,24
CTACGTGTTGCCACCA-1,4
CTACTATCATAGGTTT-1,4
CTACTATCTTTCAGAG-1,12
CTACTCAAGGTATAGT-1,4
CTACTCTAGGCCCGGC-1,15
CTACTGCCACCTGACC-1,2
CTAGACATATATGTAG-1,2
CTAGACTGCATTTCGT-1,10
CTAGATAAACTCCTCG-1,5
CTAGATGTGAGTGTAA-1,1
CTAGATTTACGACGGC-1,3
CTAGCAACTAATTTAC-1,0
CTAGCATAGTATAATG-1,1
CTAGCCACAGGCGAGC-1,23
CTAGCCCGGGAGACGA-1,2
CTAGCCGATGTTATGA-1,20
CTAGCGCCAATCCTAC-1,22
CTAGCTTAATGGTCCC-1,24
CTAGGCGCCCTATCAG-1,17
CTAGGCGGCAGAGAAT-1,2
CTAGGGATAGGGACAA-1,14
CTAGGTCTGAAGGAAT-1,10
CTAGGTTCGGACGTGA-1,3
CTAGTAGAAAGGGATT-1,1
CTAGTATTCGGAATTA-1,8
CTAGTCACGTCTTAAG-1,14
CTAGTGAAGGACAGGA-1,25
CTAGTTACAACCCGGT-1,5
CTAGTTGGGCCCGGTA-1,0
CTATAAGAGCCAATCG-1,23
CTATAAGTAGGGTTTG-1,12
CTATACTTAAAGCGAG-1,27
CTATAGGCGTTGATGT-1,6
CTATATCCAGCCTGGC-1,20
CTATCACAACGCTGGA-1,21
CTATCGACGAAATACA-1,4
CTATCGCGTAGAGAAC-1,11
CTATCGGGTCTCAACA-1,4
CTATGAACACCTTGCC-1,5
CTATGCCCGAATGCAA-1,4
CTATGGGAAGCGGAAT-1,14
CTATGTCACTAGCCCA-1,8
CTATGTCTATTGAAAC-1,7
CTATGTGAGTCACGGC-1,21
CTATTCATGTGTCCCA-1,3
CTATTGTGTTTGGTCA-1,2
CTATTTGCTTGGAGGA-1,0
CTATTTGGTTACGGAT-1,14
CTCAAACCACTGCCCG-1,24
CTCAACTAACCCGGAT-1,12
CTCAAGACATTAGCGC-1,22
CTCACACGCAAGCCTA-1,7
CTCACATTTACTAAAT-1,6
CTCACCAGTACAAGTG-1,17
CTCACCGATCCAAACT-1,2
CTCACTGTGATACTTA-1,3
CTCACTTGGCTGGTAA-1,15
CTCAGAGCTAATGTCG-1,26
CTCAGATTGTGATAAG-1,17
CTCAGCAGACTGCCGA-1,12
CTCAGGACTCACCTGT-1,17
CTCAGTCACGACAAAT-1,26
CTCATAAATGTGTATA-1,20
CTCATCACTTAGTGAT-1,23
CTCATGGCTCACAATC-1,10
CTCATGGTAATTTGCG-1,3
CTCATTAACGTTGCCC-1,26
CTCATTCGTGAACATC-1,27
CTCATTGCTCTAACAA-1,14
CTCATTTGATGGGCGG-1,8
CTCCCAATGAGTCGCG-1,8
CTCCCTCCTTTCGATC-1,14
CTCCCTTGTATCAAGG-1,9
CTCCGAGTAAATCCGC-1,6
CTCCGCCCACATGAGG-1,5
CTCCGGCCTAATATGC-1,8
CTCCGGCTTGTAGACA-1,2
CTCCTAAGTTATGTCT-1,5
CTCCTAGTAATCGTGA-1,6
CTCCTCCAGCTCACAC-1,9
CTCCTGTTCAAGGCAG-1,8
CTCCTTTACGCAAGTC-1,16
CTCGAATGGAACGTAT-1,22
CTCGAGACATACGATA-1,17
CTCGAGATCCAAAGCA-1,22
CTCGAGGCAAGTTTCA-1,16
CTCGAGGTCGAACAGT-1,11
CTCGATATTTGCGAGC-1,8
CTCGCACCTATATAGT-1,7
CTCGCATTGCATAGCC-1,6
CTCGCCGAATGTAGGG-1,23
CTCGCTAGGTAAGCGA-1,3
CTCGGGATAACACCTA-1,10
CTCGGGCATCGTCGGG-1,7
CTCGGGTTCTCTGGCC-1,2
CTCGGTACCACTGCTC-1,5
CTCGGTCCGTAGCCTG-1,0
CTCGGTTGTCGGCCCT-1,12
CTCGTCGAGGGCTCAT-1,4
CTCGTCTGTGCCTTCG-1,6
CTCGTGGCACTGAAAG-1,12
CTCGTTACGGCTACCA-1,26
CTCGTTTCTAATGTTT-1,19
CTCTAACACCGGCAGC-1,13
CTCTAATGCATTGATC-1,1
CTCTACACTGGCGATT-1,15
CTCTACATCCTGCGTG-1,5
CTCTAGCCCTCGGAAA-1,3
CTCTATTTGGCTGCAG-1,5
CTCTCACAATCGATGA-1,1
CTCTCGATGTGCGCCT-1,23
CTCTCGCTGTACTATG-1,27
CTCTCTAACTGCCTAG-1,4
CTCTGCAGGCATTCTT-1,16
CTCTGCGAAGCAAGCA-1,12
CTCTGGACGCCTGGTG-1,6
CTCTGTCCATGCACCA-1,5
CTCTGTGCCTGCTATG-1,0
CTCTGTTTGAGGATTC-1,26
CTCTTCTATTGACTGG-1,5
CTCTTCTGGAAGTTAG-1,9
CTCTTGTCCCGCTTGG-1,6
CTGAAACGGCCCTCAG-1,17
CTGAAAGAGATCCGAC-1,10
CTGAATCCGAGACCTC-1,3
CTGAATTTATTGCCAG-1,18
CTGACATAGAAATAGA-1,19
CTGACTGCGCAGCTCG-1,10
CTGAGAAAGTTCGGCG-1,11
CTGAGAGTAGAAATAC-1,2
CTGAGCAAGTAACAAG-1,0
CTGAGCGAGACTTATT-1,11
CTGATAGTGTATCTCA-1,17
CTGATCCCTTTATGCA-1,9
CTGCAAGCACGTTCCG-1,16
CTGCACCTAGTCCACA-1,26
CTGCACCTGGAACCGC-1,11
CTGCACTCCAGTACAG-1,3
CTGCAGAGAATCAGAG-1,18
CTGCAGGGTGACGCTC-1,8
CTGCAGGTGCTCGGCC-1,18
CTGCCAAGGTTGGAAG-1,21
CTGCCATGCATCACAT-1,9
CTGCCCACGAAGCGTT-1,15
CTGCCTAGCCACCAAG-1,11
CTGCCTCATATGCAAC-1,24
CTGCCTTTAATACCTT-1,13
CTGCCTTTCTAGTAAA-1,14
CTGCGACCTCGCCGAA-1,14
CTGCGATTTCGAGATT-1,6
CTGCGGGTGAAATGTT-1,17
CTGCGGTAGTCACGTG-1,10
CTGCGTTACGATATAA-1,11
CTGCTCTCAACACACC-1,22
CTGCTCTGACGGCAAA-1,5
CTGCTGAGGCCACGAA-1,23
CTGCTGTCTAACGAGC-1,10
CTGCTTGGCGATAGCT-1,21
CTGCTTTATGTCCGCG-1,1
CTGGAAATGGATGCTT-1,11
CTGGAAGACACGGTGG-1,26
CTGGACGCAGTCCGGC-1,12
CTGGATTTACACTTGA-1,5
CTGGCATCCGAATGAG-1,3
CTGGCGACATAAGTCC-1,24
CTGGCGATTTACATGT-1,22
CTGGCGCACAGGTCTG-1,5
CTGGCGGGAATAAGTA-1,6
CTGGCTCCTGCGGGAT-1,7
CTGGCTGATTCATCCT-1,3
CTGGCTGCTAACGTAA-1,8
CTGGCTGGTTGTCAGT-1,2
CTGGGATAAATAATGG-1,2
CTGGGATACGCTACCC-1,8
CTGGGATCGCCCAGAT-1,1
CTGGGCACTAGTCGGA-1,22
CTGGGCCTGCTATATC-1,25
CTGGGCGGCCAAATGT-1,0
CTGGGCTACTGGAGAG-1,18
CTGGGCTATCCTTTGG-1,0
CTGGGTAGGCAGTTAA-1,7
CTGGGTTGAGTTAAAG-1,7
CTGGTAAAGACTTACA-1,1
CTGGTAAAGTGTGGGC-1,10
CTGGTAACACATAGAA-1,13
CTGGTAACGAGCTCTT-1,11
CTGGTCATTCCAATCC-1,27
CTGGTCCTAACTTGGC-1,10
CTGGTGAATGGGCCTA-1,6
CTGGTTCAACGCATCA-1,12
CTGGTTCGCGAGCTAC-1,23
CTGGTTTCGAGCAAGA-1,7
CTGTACTTCTTAGCAT-1,0
CTGTAGCCATCTCACT-1,6
CTGTAGTGAGGATCGA-1,16
CTGTATGGTGTAGAAA-1,22
CTGTCAAATGGCTCGG-1,0
CTGTCACGCCAGGCGC-1,19
CTGTCCTGCGCACTAC-1,5
CTGTCTGTGGCTGGCT-1,10
CTGTGCAGGGTAGGTC-1,13
CTGTGGTCGGGAGATA-1,7
CTGTTACCCAATCTAG-1,6
CTGTTCACTGCCTGTG-1,22
CTGTTCATCTCACGGG-1,2
CTGTTGGCTCTTCTGA-1,15
CTGTTGTTCAGTCGTA-1,6
CTTAAATAAGACCCAT-1,27
CTTAACTTACAGTATA-1,20
CTTAACTTCGAAGTAC-1,24
CTTAAGCAGCGAGCCG-1,25
CTTAATCGACTTAGTA-1,9
CTTACACGGTATTCCA-1,26
CTTACACTGGGAAATA-1,22
CTTACATAGATTTCTT-1,21
CTTACTGACTCCTCTG-1,13
CTTAGATGTTTCATCC-1,13
CTTAGCCCGGATAGTG-1,27
CTTAGCCTTCCACATG-1,7
CTTAGGTATAGACCAG-1,15
CTTAGGTCCCAATCGT-1,1
CTTAGTAGGCCTACAG-1,20
CTTAGTGTAGTAGCAT-1,12
CTTAGTTGAGGAATCG-1,6
CTTATAGATGGCTGTT-1,18
CTTATGCGCTCAGGGC-1,1
CTTATGTTGACTACCA-1,22
CTTCAACTCCACTTGG-1,6
CTTCACGCCCTGGTAC-1,16
CTTCAGTGGTCGCCTA-1,13
CTTCAGTTGGACAACG-1,1
CTTCATAGCTCAAGAA-1,14
CTTCATCACCAGGGCT-1,4
CTTCATTGTCAGTGGA-1,22
CTTCCGCTCCGTGAAG-1,3
CTTCCTGCATATTTAC-1,0
CTTCGATTGCGCAAGC-1,13
CTTCGGCCAATTGTTT-1,18
CTTCGTAGATAGGTGA-1,1
CTTCGTGCCCGCATCG-1,19
CTTCTATGTTGAAGTA-1,21
CTTCTATTAATGCTAG-1,23
CTTCTGGGCGTACCTA-1,2
CTTCTTACGTCGTATA-1,1
CTTGACCCGAAAGATA-1,8
CTTGAGGTTATCCCGA-1,27
CTTGAGTTAGGGTAAT-1,7
CTTGATGACCATCCAG-1,12
CTTGCAACCGCCTCCT-1,25
CTTGCCCACCCACGCA-1,19
CTTGCCCAGGCTCTAC-1,6
CTTGGCCAAGCTGGGA-1,18
CTTGTACTTGTTGACT-1,21
CTTGTCAACATTCGAG-1,4
CTTGTCGTACGTGTCA-1,18
CTTGTGAGGACAGCGG-1,11
CTTGTGAGTCTTTGAC-1,11
CTTGTGCTCACCGATT-1,8
CTTGTTGCTGAGTCAA-1,6
CTTGTTTATGTAGCCA-1,21
CTTTAACTTTCAAAGG-1,22
CTTTACCGAATAGTAG-1,14
CTTTAGGAACACTGTT-1,6
CTTTAGTGCTATTATT-1,6
CTTTATCCGACGCATG-1,4
CTTTCTGTGCGGGCTT-1,2
CTTTGAAACATATTCC-1,9
CTTTGACGTCGCTTCT-1,15
CTTTGCATCGCTCTTG-1,13
CTTTGCTGTCATGGAT-1,20
CTTTGGCAGACAGAGT-1,5
CTTTGGCGCTTTATAC-1,17
CTTTGGCTTTAGTAAA-1,2
CTTTGGGATTGTTGCA-1,9
CTTTGTCGAATGCTCC-1,27
GAAACAGATGACCACC-1,4
GAAACAGCCATGCAGT-1,21
GAAACATAGGAAACAG-1,3
GAAACCATGGTGCGCT-1,10
GAAACCGAATTACCTT-1,2
GAAACCTATACAAATG-1,5
GAAACTCGTGCGATGC-1,25
GAAACTCTAATGAAGG-1,19
GAAAGAACAGCGTTAT-1,24
GAAAGCAGTGCACTTT-1,2
GAAAGCCCTTTGGACC-1,27
GAAAGTGACTAACTGC-1,25
GAAATACCTGCTGGCT-1,3
GAAATACTAAACGTTT-1,24
GAAATATCACCATCAG-1,27
GAAATATGCTTGAATG-1,12
GAAATCGCGCGCAACT-1,0
GAAATCTGACCAAGTT-1,15
GAAATGGCGGTGTTAG-1,17
GAAATGGGATGTAAAC-1,4
GAAATTAGCACGGATA-1,11
GAAATTCACATCGCTG-1,25
GAAATTGTCTCTATAA-1,9
GAACAACTGGGATGAA-1,15
GAACACACATCAACCA-1,7
GAACAGATTACTAAAT-1,6
GAACATTAGTATGTTA-1,0
GAACCATCTGGGAGAC-1,0
GAACCCTCTGTGTTCT-1,16
GAACCTCGACCTACAC-1,26
GAACCTTTAACGATCC-1,12
GAACGACCGAATGATA-1,26
GAACGATAAGTTAAAG-1,23
GAACGCGGGTCACACG-1,10
GAACGGTGTAAAGCAG-1,0
GAACGTCTCATGGTCG-1,0
GAACGTTAGGAAGACG-1,16
GAACGTTTGTATCCAC-1,8
GAACTGTGGAGAGACA-1,2
GAACTTAGCGCCCGGT-1,22
GAACTTGTGCACGGGA-1,5
GAAGAAACGATATTGT-1,3
GAAGAACGGTGCAGGT-1,5
GAAGACTTCAATGCCG-1,10
GAAGCAAGGCAATGTT-1,7
GAAGCCACTGATTATG-1,4
GAAGCCGGGTAAGCTC-1,2
GAAGCCTGCACATTCC-1,9
GAAGCGTGAGGAATTT-1,7
GAAGCTCGGACCCGTC-1,5
GAAGCTCTTTGCTTAG-1,15
GAAGCTTGCTGACCGC-1,19
GAAGGACTAAATTGAA-1,1
GAAGGAGTCGAGTGCG-1,2
GAAGGCTACCATTGTT-1,5
GAAGGGCATAACCATG-1,1
GAAGGGTCATTAAGAC-1,5
GAAGTCAGTTGCACTA-1,6
GAAGTCTCCCTAGCGA-1,12
GAAGTGATTTATCGTG-1,6
GAAGTGCTGGATAGCT-1,23
GAAGTTTCCACTCAAT-1,7
GAATAGACGCGACCCA-1,4
GAATAGCATTTAGGGT-1,18
GAATAGCCCTGCGGTC-1,7
GAATAGTGCTCGATTA-1,9
GAATATTCGGAGTCCC-1,8
GAATCGACATGGTCAC-1,22
GAATCGCCGGACACGG-1,0
GAATCTATACTCGGAC-1,22
GAATCTGAACATTCTC-1,7
GAATGAAGGTCTTCAG-1,0
GAATGCCGAAATGACC-1,0
GAATGCGAATCGGTTC-1,16
GAATGGGCTTATCGAC-1,18
GAATGTATGGCAGGTC-1,8
GAATGTGGTCCGGATT-1,6
GAATGTTGGGTAATCT-1,1
GAATTATAGTGAAAGG-1,0
GAATTATGCAACCTAC-1,5
GAATTCACCCGGGTGT-1,5
GAATTTCTCGCTGCAG-1,2
GACAAACATATGCAGG-1,2
GACAACGACCATTGAA-1,0
GACAACGCAGCTTACG-1,4
GACAAGACGCCCGTGC-1,8
GACAAGAGATGAGATT-1,23
GACACAAGGGAAGAAA-1,6
GACACAGCCGGGACTG-1,0
GACACCCAAAGACGCG-1,25
GACACGAGTTAGAGGA-1,0
GACACTGAGTTCAGTG-1,4
GACACTGGAACCCGAT-1,26
GACACTTCCAATTACC-1,3
GACAGAGGTCTTCAGT-1,9
GACAGATTTCTGGCTC-1,1
GACAGCCAGACCTGAC-1,4
GACAGGCACACACTAT-1,15
GACAGGTAATCCGTGT-1,19
GACATACTGTCGCAGA-1,11
GACATCCGTCGAACTG-1,12
GACATCGATTTATAAC-1,4
GACATTTCGCCCAGCC-1,13
GACCAAACGTTGACTG-1,1
GACCACACTTCCCTTT-1,5
GACCAGAGCCCTGTAG-1,11
GACCCAATTATGATAC-1,20
GACCCGTCGCCGGCTA-1,20
GACCGACCGCTAATAT-1,21
GACCGACGTGAAAGCA-1,23
GACCGACTGAAGCGTC-1,25
GACCGATTAAATATGT-1,5
GACCGCGTCTGACGTG-1,10
GACCGGTGATACTCTC-1,3
GACCGTCAGGTCGTGA-1,10
GACCGTGCTGACGGTG-1,20
GACCGTTACATGCGAC-1,15
GACCTGGTCTGGGCGT-1,25
GACCTTCCACGTCTAC-1,6
GACGACGATCCGCGTT-1,6
GACGACTTTCCAAGAA-1,7
GACGAGGCTAATAAAC-1,3
GACGATATCACTGGGT-1,4
GACGCATACCCGTCGG-1,12
GACGCCGTAAAGGCTA-1,12
GACGCCTGTTGCAGGG-1,8
GACGCTTGCTTCTAAA-1,2
GACGGACCGCGTTCCT-1,22
GACGGGATGTCTTATG-1,8
GACGGGCATCGAATTT-1,14
GACGGGTTGGCCCGTA-1,6
GACGGTCAATAGAAGC-1,11
GACGGTCCTAGGGTGT-1,16
GACGTGAGACTCCATG-1,20
GACGTGTAGGGATTAT-1,25
GACGTTCGTAAATACA-1,1
GACGTTGCTCGGCGGC-1,2
GACTAACACAGCACCT-1,11
GACTAAGATCATGCAC-1,1
GACTAAGTAGGCTCAC-1,11
GACTACAAAGCGGTGG-1,10
GACTACAATTGCTCGT-1,17
GACTAGGCCGTTAGGT-1,4
GACTCACCCACGTGAG-1,8
GACTCCCAGAATAAGG-1,18
GACTCCTTCCAATTGA-1,16
GACTCGCGGGAATGAC-1,10
GACTCGGTCGGCGGAT-1,17
GACTCTAGAGTTCCAA-1,12
GACTGATTGGTCACAA-1,1
GACTGCAAATCGAGCT-1,14
GACTGCACCAGCCCAG-1,7
GACTGCGGCACGTGTA-1,7
GACTGCTGGTGAGAAA-1,6
GACTGGGCGCCGCAAC-1,13
GACTTCAACGCATCAA-1,6
GACTTTCGAGCGGTTC-1,13
GAGAAACTGGATCCCA-1,1
GAGAACGGTTCTGACT-1,1
GAGAATCTCACGATCA-1,15
GAGACCCTGCAACGCC-1,1
GAGACTGATGGGTAGA-1,21
GAGACTTCGCGACCGA-1,6
GAGAGCGCAGTCCCTG-1,15
GAGAGGCCTATGTGTA-1,6
GAGAGGGCGCGAGGTT-1,20
GAGAGGTGCATTCTGG-1,5
GAGAGTCTCGGGAGAG-1,15
GAGATCGATCTTACTC-1,12
GAGATCTGCTTGGCAT-1,22
GAGATCTGTCACTCCG-1,23
GAGATCTTCCATGACA-1,14
GAGATGACAATCCTTA-1,18
GAGATGGCTTTAATCA-1,13
GAGATGGGAGTCGACA-1,4
GAGCACCTGTGTCCAG-1,9
GAGCACGGCGCCTCTT-1,11
GAGCATCAACAACTTG-1,6
GAGCATCATCCCTGGG-1,0
GAGCCACGGTAGTAGG-1,10
GAGCCAGCTACCTGTG-1,1
GAGCCGAGCGTTTATT-1,1
GAGCGAGGGAGTACCG-1,8
GAGCGCAAATACTCCG-1,26
GAGCGCGCACGAGTAG-1,26
GAGCGCTATGTCAGGC-1,2
GAGCGCTGTTAGGTAA-1,3
GAGCGGAATGCGGTGT-1,5
GAGCTAAGGGCATATC-1,7
GAGCTCAACATGAGCG-1,2
GAGCTCTCGGACCTAA-1,11
GAGCTGTCGTCTCGGA-1,21
GAGGAATATCTCTTTG-1,16
GAGGAATGGAGAGGTT-1,15
GAGGAGATCCTCATGC-1,17
GAGGAGTAATTCCTAC-1,1
GAGGATAAACAGTGCT-1,23
GAGGCATTTGCAGCAG-1,8
GAGGCCCGACTCCGCA-1,12
GAGGCCTGTTGATACA-1,26
GAGGCTATCAAAGTCG-1,15
GAGGGAGTCAGATCGC-1,14
GAGGGCATCGCGTATC-1,7
GAGGGCCATAATATTA-1,0
GAGGGCCGGCAGAGTC-1,2
GAGGGCGCAGCTCTGC-1,4
GAGGGTAGTAACAAAG-1,6
GAGGTACATCCATCTT-1,11
GAGGTACGCGTGTCCC-1,14
GAGGTCCCAAAGATCT-1,15
GAGGTCCGTTCGCTGT-1,2
GAGGTCTTAGTGGGTC-1,0
GAGTAAACCGGAAAGT-1,2
GAGTAAATTAAGAACC-1,0
GAGTAAGGCCACGGGA-1,14
GAGTACGGGTATACAA-1,7
GAGTAGATACTAGTTG-1,12
GAGTATACCCTAATCA-1,3
GAGTATCAAAGTTACA-1,10
GAGTATGCCCGCCTTG-1,3
GAGTATGCGCGTGCAT-1,17
GAGTCAGACCAGAATC-1,6
GAGTCCACCAGGTTTA-1,23
GAGTCCGCTTACCGGA-1,6
GAGTCGACAGACCCTC-1,27
GAGTCTTGTAAAGGAC-1,15
GAGTGCACGGACAACA-1,21
GAGTGTCAACCAGAAA-1,14
GAGTGTGCGGTACCCA-1,1
GAGTTCTGTGGGTGCT-1,18
GAGTTGATGGCAATTT-1,4
GAGTTGTCACCAGTCT-1,5
GATAAATCGGTGGATG-1,0
GATAACTCGCACTGTG-1,0
GATAAGGCAGATGCAA-1,4
GATAAGGGACGATTAG-1,16
GATACCGTGTCGGAGT-1,24
GATACGATGGGAGTCA-1,4
GATAGAACCCGCTAGG-1,16
GATAGATAGTACAGTC-1,2
GATAGCGTACCACGCG-1,25
GATAGGATTAATTACA-1,17
GATAGGTAACGTTGAC-1,4
GATAGGTGTCCCGGGC-1,20
GATAGTGCGAGTAAGT-1,9
GATATCAAGCAGGAGC-1,26
GATATCAGTATGTATC-1,25
GATATCTCATGCAATA-1,17
GATATGAGACACTAAC-1,2
GATATGCGGTAGCCAA-1,10
GATATGGATTACGCGG-1,21
GATATTGAGATTGGCG-1,22
GATATTTCCTACATGG-1,24
GATCAACATAAAGGGA-1,3
GATCATTCCAAACATT-1,7
GATCCAACCTTTAAAC-1,4
GATCCCTTTATACTGC-1,7
GATCCGAATATAAGTG-1,24
GATCCGGGAATTAACA-1,4
GATCCTAAATCGGGAC-1,19
GATCCTCGACACTGGC-1,14
GATCCTCTTGCGCTTA-1,11
GATCGACACTATCTGA-1,0
GATCGCGGGCTCTCCA-1,0
GATCGCTACCCGATTT-1,10
GATCGCTATATCTCAG-1,12
GATCGCTGTGGTGCGT-1,14
GATCGGATAGAACCAT-1,27
GATCGGCGATAAGTCG-1,6
GATCGGTGGCCATAAC-1,9
GATCGTGACTGATATC-1,4
GATCTAACCGTATTCA-1,17
GATCTCGACGCTGTGG-1,1
GATCTGCTATCTAAGG-1,23
GATCTTAGTGAACGTG-1,21
GATCTTCATTGTCCTC-1,1
GATCTTGGAGGGCATA-1,16
GATCTTTGCAGGGTAT-1,15
GATCTTTGCTCAAAGA-1,2
GATGACAAGTAGGGCA-1,4
GATGACGATGATCGCG-1,5
GATGAGGAACCTTCGG-1,6
GATGATTTGAAACTGG-1,20
GATGCCACACTACAGC-1,26
GATGCCAGCAGAAGGC-1,15
GATGCCTTCTGCGGCA-1,5
GATGCGAATGGTATTA-1,15
GATGCGTCCTGCATTC-1,14
GATGCTACAAGCGCCT-1,2
GATGCTACCTTCGATG-1,16
GATGCTGTATTTCATC-1,4
GATGGCGCACACATTA-1,14
GATGGTGAAATAACCC-1,0
GATGGTGCCCTAGGCA-1,10
GATGTAACGAACCACC-1,14
GATGTCCGGATCACAT-1,7
GATGTCGGTCAACTGC-1,10
GATGTGTTGTCACAAG-1,22
GATGTTCAATCCACGA-1,5
GATGTTTGTGCGAGAT-1,9
GATTAACCGAAAGCCC-1,13
GATTAATCCTGGCTCA-1,22
GATTACTGAATTTGGG-1,6
GATTAGAAACAAGCGT-1,3
GATTATCTTGCATTAT-1,14
GATTCCCTTGTCGCAG-1,22
GATTCCGCGTTTCCGT-1,10
GATTCCTATACGGCGC-1,7
GATTCGACGGTTCACG-1,4
GATTCTGTTAATGAGT-1,3
GATTGACACTCTGCTC-1,19
GATTGCTCCAGTTGCA-1,6
GATTGGGAAAGGTTGT-1,16
GATTTAGTGCGTACTG-1,14
GATTTGCGCTAACACC-1,12
GCAAACCCTACATTAT-1,4
GCAAACCTTGGCCATA-1,6
GCAAACGTAAGCGACC-1,4
GCAAACGTCGCCAGGT-1,8
GCAAAGGGCGTTAGCC-1,4
GCAAATATTACGCTTT-1,26
GCAAATGAGGACACTT-1,7
GCAACACACTAGAACT-1,18
GCAACAGCAGTATGCG-1,7
GCAACCACCAGACCGG-1,10
GCAACCACGGCCGCGT-1,25
GCAACCCAAGTTGTTT-1,15
GCAACGGCTAGTTATG-1,10
GCAAGAATTCCTTGGC-1,7
GCAAGATGTGTTCGCG-1,2
GCAAGCTGGAAACCGC-1,26
GCAAGTGCACAGAGAA-1,2
GCAAGTGTAAAGCATG-1,6
GCAATTAGTCGCACCG-1,0
GCACAAACCCTAGATG-1,4
GCACAAACGAGGCGTG-1,11
GCACAACCTCGGGCGT-1,5
GCACAAGTGGATCATA-1,25
GCACAAGTGTCGGAAG-1,11
GCACACACTGGTAGCC-1,13
GCACACAGCTATTACC-1,6
GCACACGCCCATGGTC-1,15
GCACAGCACGGGCCGA-1,19
GCACCTAGGCGAGTCC-1,8
GCACCTTCCCGAAGGT-1,26
GCACGCCGATTCCCGC-1,6
GCACGCCTACTTAGAT-1,5
GCACGTGGTTTACTTA-1,1
GCACTAGTCGCGCTAT-1,7
GCACTCCCACAGTCCC-1,10
GCACTGCCTACCTTTA-1,13
GCACTGTGCAAATGTA-1,5
GCAGAAACGTAATCCA-1,3
GCAGAAGGTAATCTCC-1,2
GCAGACCCAGCACGTA-1,11
GCAGATCCATAAGACT-1,4
GCAGATCCTCGCAAAT-1,27
GCAGATTAGGGATATC-1,6
GCAGCACACAGCCCAG-1,9
GCAGCCTATATCACAT-1,19
GCAGCGGTGGGCATTA-1,19
GCAGCTATGGACAGGT-1,11
GCAGCTGTCAACGCAT-1,12
GCAGGAACTTAGATCT-1,9
GCAGGACTATAGAATA-1,25
GCAGGTAGAGTATGGT-1,24
GCAGTGCGGGCGGATG-1,11
GCAGTGTGGCTATAGG-1,9
GCAGTTCGATCCGAGC-1,8
GCATAAATTGAACGCC-1,13
GCATACGAGGTCTTTA-1,17
GCATAGAGCACTCAGG-1,0
GCATCCCTAACTTTGA-1,1
GCATCCTCTCCTATTA-1,27
GCATCGGCCGTGTAGG-1,19
GCATGACACAAAGGAA-1,19
GCATGAGGGACGCGGC-1,1
GCATGCTAATAACGAT-1,4
GCATGGGTACTGACGC-1,22
GCATTCAAGGCAACGC-1,8
GCATTCGAAATGAACA-1,16
GCATTGACTTGCGGAA-1,15
GCATTGTAATTCATAT-1,15
GCATTTCCAAGGCTCC-1,11
GCCAACCATTTCCGGA-1,11
GCCAAGAATACTTCTG-1,1
GCCAATAGGGCATCTC-1,24
GCCACAATTTAAGGAC-1,12
GCCACCCATTCCACTT-1,8
GCCACCTTATTCGCGA-1,5
GCCACTCAGAGCGCGA-1,13
GCCACTCCTTACGGTA-1,10
GCCAGGAAAGAACACT-1,3
GCCAGGAGTAACCGAT-1,24
GCCAGGCGTTCGCATG-1,20
GCCAGGCTTAGTGGTA-1,6
GCCATATTGCACACAG-1,24
GCCATCGAGCTGCGTG-1,6
GCCATCGATGCTGCAT-1,10
GCCATTAGCCTCAAAC-1,5
GCCCACCAAGGCTGTC-1,1
GCCCACTGGTCCACAA-1,2
GCCCAGATGCTGGAGA-1,8
GCCCAGCGACACAAAG-1,13
GCCCAGTTGGTATGCC-1,5
GCCCATGGGTGCAATG-1,6
GCCCGACTTCTTCCCG-1,23
GCCCGAGAGTCTAAAT-1,25
GCCCGATCTGTGGTCG-1,2
GCCCGATGCCCAGTTC-1,9
GCCCGCGCGTAAACGG-1,16
GCCCGCGCGTTTGACA-1,0
GCCCGTAATACCTTCT-1,2
GCCCGTCAAGCCCAAT-1,10
GCCCGTTCACACAATT-1,22
GCCCTAAGTGCAGGAT-1,6
GCCCTAGCCGTCGCGA-1,26
GCCCTGAGGATGGGCT-1,12
GCCGAAATTCCTACGT-1,12
GCCGACCCACGACTGC-1,9
GCCGATTGGCCAAGCT-1,14
GCCGCACTCCGTTTCA-1,11
GCCGCATTAGTCCGGC-1,18
GCCGCTAGATACGCAG-1,1
GCCGCTTGTGAGAAAC-1,16
GCCGGAAACACATCTT-1,11
GCCGGGTTAGGGTCGC-1,6
GCCGGTCGTATCTCTC-1,6
GCCGGTTTGGGCGGAT-1,20
GCCGTCGGTTTCGGGC-1,2
GCCGTGGAAGAAATGT-1,11
GCCTACGTTCTGTGCA-1,23
GCCTAGCGATCTGACC-1,7
GCCTATAGTGTCAGGG-1,20
GCCTATCAGGTAAGAT-1,8
GCCTATGCTGGGCCTT-1,8
GCCTATTCCGATATAG-1,25
GCCTATTTGCTACACA-1,1
GCCTCAGGTACCGGTC-1,13
GCCTCATCTGGAAATA-1,14
GCCTCCGACAATTCAC-1,6
GCCTCTATACATAGCA-1,16
GCCTGCTACACTGAGA-1,2
GCCTGTCCCGGTGCAT-1,5
GCCTTCAGCCCTACCG-1,1
GCCTTGTATATGCAGT-1,26
GCCTTTGTCAGTGGAC-1,15
GCGAAACGATCGGGAG-1,7
GCGAAACTTAACTGGA-1,9
GCGAAGAATCTGACGG-1,4
GCGAAGCCATACCCGT-1,6
GCGAATGGACTAGCGA-1,6
GCGACATGTAAACATC-1,20
GCGACCCAACCATCTG-1,2
GCGACGATAGTTGTAC-1,6
GCGACGGTAGTCTCCT-1,4
GCGAGAAACGGGAGTT-1,5
GCGAGAGGCCATGTAA-1,11
GCGAGAGTTGCGTCCA-1,8
GCGAGCGCATGCTCCC-1,17
GCGAGGCCCGAGCAGA-1,21
GCGAGGGACTGCTAGA-1,7
GCGAGTTCTGCAAAGA-1,22
GCGATGTCTGTGCTTG-1,25
GCGATTCTGGAAGCAG-1,10
GCGATTGTTAACGTTA-1,13
GCGCAAATATATTCAA-1,9
GCGCAAGAGCGCGCTG-1,1
GCGCATCCAGTCAGCA-1,10
GCGCCGTTCCACGATA-1,4
GCGCCTCCCACTCCGA-1,23
GCGCGATGGGTCAAGT-1,23
GCGCGGTCTAGTAACT-1,27
GCGCGTCATTGGTACA-1,13
GCGCGTTTAAATCGTA-1,7
GCGCTAAGTATGCATG-1,7
GCGCTAATTGAATAGA-1,22
GCGCTATGCCGAGGCA-1,4
GCGCTCGATCACCTGT-1,23
GCGCTGATCCAGACTC-1,10
GCGCTGCTTTGCATTT-1,26
GCGCTGGCGGAAAGTC-1,2
GCGCTTAAATAATTGG-1,0
GCGGACCGCGTTGTGG-1,3
GCGGAGAAACTTCGCA-1,5
GCGGAGAGGGAGAACG-1,0
GCGGATTACTTGTTCT-1,2
GCGGCAAAGTATTGCC-1,9
GCGGCTCTGACGTACC-1,7
GCGGCTTTAGCAAGTT-1,3
GCGGGAACCAGGCCCT-1,27
GCGGGCAGACGGGTGA-1,4
GCGGGCATTACGATGC-1,10
GCGGGCGAGCCTTACC-1,13
GCGGTAACCCAAATGA-1,26
GCGGTCCCGGTGAAGG-1,22
GCGGTCCCTAGACGCA-1,0
GCGGTCTTGCTTTCAC-1,13
GCGGTGAACTGCGCTC-1,10
GCGGTGCGGAGCATCG-1,17
GCGGTTCCCTATCATG-1,3
GCGTAAATGGCCATAA-1,8
GCGTCCAGCTCGTGGC-1,20
GCGTCCCTAAGACATA-1,21
GCGTCGAAATGTCGGT-1,22
GCGTCGCCAGGGTGAT-1,5
GCGTCGTAACATGGTC-1,2
GCGTCTAACCTCCTAA-1,16
GCGTCTCTGCATTGGG-1,0
GCGTGGTACTGGGTTA-1,1
GCGTGTATGTCGTATT-1,10
GCGTTATATTTGGAAC-1,15
GCGTTCGGAGACCGGG-1,10
GCGTTCTGACTAAGCG-1,19
GCTAAACCTGAGGTGA-1,1
GCTAACTGAAGTCTGA-1,6
GCTAAGCCCAGTATGC-1,7
GCTAAGTAAAGGCGAT-1,16
GCTAAGTAGTTTCTCT-1,4
GCTAATACCGAATGCC-1,0
GCTACAATCGAGGATA-1,5
GCTACACTGTCCGAAC-1,2
GCTACAGTACGGACCG-1,17
GCTACGACTTATTGGG-1,9
GCTACTATAGTAGAGT-1,2
GCTACTCGGACGCAGA-1,13
GCTAGACCGTCTACTG-1,1
GCTAGAGTAGAGATGT-1,3
GCTAGCAACGCACCTA-1,17
GCTAGCACCTGGGCCA-1,8
GCTAGCAGGGAGTGGG-1,8
GCTAGCGATAGGTCTT-1,23
GCTAGCTTGAATAGCT-1,6
GCTAGGCACCACGGAG-1,2
GCTAGTAGAGCTTGTA-1,4
GCTAGTTTCATTGAGG-1,1
GCTATAAGGGCCAGGA-1,19
GCTATACGTCTCGGAC-1,0
GCTATCATACTCATGG-1,14
GCTATCGCGGCGCAAC-1,0
GCTATGCCAGCTTATG-1,4
GCTCAACCTCTTAGAG-1,2
GCTCAATCCGTTTATT-1,3
GCTCAATGTAATACCG-1,4
GCTCATTACTGCATGT-1,26
GCTCATTGATCATATC-1,4
GCTCCATGAGTGCAGA-1,20
GCTCCATGCAAAGCAA-1,3
GCTCCCAGTCGGTCCA-1,8
GCTCCGCTCGCTTCAG-1,8
GCTCCGGACGTTGATA-1,5
GCTCCTGACATACTGG-1,14
GCTCGACCGAACTGAA-1,16
GCTCGCGGTTCCGCTC-1,15
GCTCGCTCATGTCCAA-1,1
GCTCGGAATTTAAAGC-1,26
GCTCTAAACCCTGACG-1,8
GCTCTATGTTACGTGC-1,26
GCTCTCGGGTACCGAA-1,8
GCTCTTTCCGCTAGTG-1,2
GCTGAACTCTCCAGGG-1,23
GCTGAAGGGTTCTTGG-1,12
GCTGAATCTTCCAATC-1,13
GCTGAGCAACGGTTCT-1,19
GCTGAGGCGTGAGTAT-1,3
GCTGCACGGTTTCTTA-1,22
GCTGCGAAGAATTATT-1,4
GCTGCGCCTCCCACGT-1,25
GCTGCTAAGTAGTCGA-1,1
GCTGCTCTCCGGACAC-1,3
GCTGGACCCAAAGTGG-1,1
GCTGGCAGGTGCCGTG-1,17
GCTGGCATATTCACCT-1,17
GCTGGCGGCGCATGCT-1,23
GCTGGGAGCGCGTCAA-1,9
GCTGGGTCCGCTGTTA-1,7
GCTGGTGACTCGTAGT-1,2
GCTGGTTTAGGCCATA-1,9
GCTGTATTACTGGCCC-1,4
GCTGTCTGTGATCGAC-1,12
GCTGTTGCTACCGAAC-1,13
GCTTAATGTAACTAAC-1,4
GCTTACGTAGTTAGTA-1,11
GCTTAGGGAAGCGGTA-1,21
GCTTATGAAGCAGGAA-1,1
GCTTCAGTGGGATTAC-1,8
GCTTCCAGCTTAGATT-1,14
GCTTCCATGTAACCGC-1,19
GCTTCCCGTAAGCTCC-1,13
GCTTCCGTCCCTAGAC-1,1
GCTTCGACGTTCAATC-1,2
GCTTGAGTGACCTCTG-1,2
GCTTGATGATAATCAG-1,20
GCTTGCAGCACAATTG-1,3
GCTTGGATCGATTAGG-1,19
GCTTTACACAACTGGG-1,23
GCTTTATTAAGTTACC-1,13
GCTTTCAGAGGAGGTG-1,12
GCTTTCTATCTCAACT-1,7
GCTTTGCTGCCGGGTA-1,16
GGAAACAGAGCTTGGG-1,13
GGAAACCTTGTTGAAT-1,12
GGAAACTAAATGGGCC-1,20
GGAAAGGGAATTGAGC-1,9
GGAAAGTCTTGATTGT-1,1
GGAAAGTGCCCATGCC-1,8
GGAACCCGAACAAGAA-1,15
GGAACCGTGTAAATTG-1,5
GGAACCTTGACTCTGC-1,13
GGAACGGCCTGCAGCC-1,17
GGAACTCGTGAATACG-1,15
GGAACTTTGGCGATTA-1,12
GGAAGATAAGACTGTA-1,13
GGAAGCTCGCTTACAG-1,11
GGAAGGACACCGTATA-1,5
GGAATAACCTCAAGAA-1,24
GGAATGCGCTAGCGTG-1,22
GGACAACCATGAAGCC-1,18
GGACAAGCCATGATCG-1,13
GGACAAGTTGCAGTGA-1,18
GGACACAAGTTTACAC-1,19
GGACACCTCGGTGTTG-1,2
GGACCAACAGGATAAC-1,6
GGACCTACGGTAACGT-1,1
GGACCTCTAGGCCGCC-1,3
GGACGGCTTGCGCAAC-1,2
GGACGGGCGACCAACC-1,5
GGACGTCCATAGTTGG-1,8
GGACTAAGTCAGGAGT-1,15
GGACTCACAAATTAGG-1,18
GGACTCGAAGCTTTCA-1,19
GGACTCGACAGCGCAT-1,4
GGACTCGTGAGTGGTC-1,6
GGACTCTTCCGGTTGA-1,11
GGACTCTTTGACTAAG-1,13
GGAGAAGTCATTGGCA-1,1
GGAGACATTCACGGGC-1,25
GGAGACCAATGTGCTT-1,7
GGAGACCATCTACATA-1,27
GGAGACGACACCTTTG-1,5
GGAGCAACATTTCAAG-1,0
GGAGCACCAAGAACTA-1,19
GGAGCGAGGCCTACTT-1,4
GGAGGAGTGTGTTTAT-1,25
GGAGGATTGAAAGGAG-1,23
GGAGGCCGAAGTCGTC-1,23
GGAGGCGAAGAACCGC-1,7
GGAGGGCTTGGTTGGC-1,23
GGAGGGTCAAGTAAGA-1,2
GGAGTACACATGAGCT-1,25
GGAGTGCCGCCCTGGA-1,1
GGAGTTGATTCTGTGT-1,7
GGATACTCATGAATTG-1,20
GGATCAAAGGACGAGG-1,13
GGATCAGAGCCATCAG-1,26
GGATCATCCCGTACGC-1,8
GGATCCCTACCAGCTA-1,21
GGATCCGGAATATACT-1,21
GGATCTACCGTTCGTC-1,17
GGATCTTACTGCCCTT-1,12
GGATCTTGACTCAACC-1,4
GGATGAAGATCGCTGA-1,13
GGATGACGCGAGTTTA-1,7
GGATGCTGGCGTTCCT-1,15
GGATGGCTTGAAGTAT-1,14
GGATGTCCTTACCGCA-1,6
GGATTAAGCTAAGGTC-1,4
GGATTAATCATGGACC-1,3
GGATTCAGTACGGTGG-1,0
GGATTCCGCTATACCC-1,11
GGATTGAAGTAGCCTC-1,14
GGATTGCTGTGACTCC-1,16
GGATTTCACTTCTATA-1,14
GGCAAAGGCGCCAATA-1,20
GGCAAATTACTTTACT-1,6
GGCAAGCCAGGGATAG-1,4
GGCAAGCCCATAGTGG-1,4
GGCAAGGCGAAATAGC-1,9
GGCAATAGTCAATGAG-1,22
GGCACGCTGCTACAGT-1,0
GGCACTCAGCCGACCC-1,1
GGCACTCCACTGGGCA-1,4
GGCACTGCGGTGGTTT-1,0
GGCAGAGAGATCGGGA-1,16
GGCAGCAAACCTATGC-1,10
GGCAGCGGTAATCCTA-1,7
GGCATACAGGTAGCGG-1,17
GGCATATCGGTTCTGC-1,10
GGCATCAACGAGCACG-1,10
GGCATTCCCTCCCTCG-1,7
GGCATTGAACATCTCA-1,13
GGCCAATTGTATAGAC-1,1
GGCCACAAGCGATGGC-1,7
GGCCACACGAAAGCCT-1,7
GGCCCAATCTAGAGGG-1,1
GGCCCAGCTGGTTTGC-1,5
GGCCCAGTTATCAGCA-1,6
GGCCCGGAGCATGTCT-1,10
GGCCCGTATACCATGC-1,7
GGCCCTCACCCACTTA-1,15
GGCCGAGACTCTGGTG-1,9
GGCCGCAGGAACCGCA-1,1
GGCCGGCGTCTGCTAT-1,6
GGCCGTTTGGGTTTCA-1,9
GGCCTGCTCTGATGTT-1,2
GGCCTGCTTCTCCCGA-1,22
GGCCTTTGCAACTGGC-1,15
GGCGAAATCTAACTTG-1,14
GGCGAACCGTTCTGAT-1,2
GGCGAGCATCGAGGAC-1,1
GGCGAGCGAAACGGCA-1,27
GGCGCACAGTTTACCT-1,4
GGCGCAGGACATCTTC-1,17
GGCGCATGAATTGATG-1,12
GGCGCGGAGATCTTTC-1,6
GGCGCGTTCGAGTTTA-1,5
GGCGCTCCTCATCAAT-1,4
GGCGCTTCATTCCCTG-1,9
GGCGGAGTAATATTAG-1,20
GGCGGGCTCTAAGAGT-1,11
GGCGGTAGGATCATTG-1,9
GGCGGTTTGCCGGTGC-1,15
GGCGTACCCTATATAA-1,20
GGCGTAGGGAAAGCTG-1,12
GGCGTCCTATCCGCTG-1,25
GGCTAAAGGGCGGGTC-1,8
GGCTAATGATTGAAAT-1,13
GGCTACTATACACTCC-1,18
GGCTATTAAGTTGTAT-1,17
GGCTCCTCCACCTGTT-1,4
GGCTCGCGTTGAGGTA-1,19
GGCTCGTGCCACCAGC-1,8
GGCTCTGCTCCAACGC-1,26
GGCTGAGCATCGTAAG-1,26
GGCTGGCAATCCCACG-1,1
GGCTGGCAGCTTTATG-1,2
GGCTGGCTAGCTTAAA-1,7
GGCTGTCCTACTGCGG-1,3
GGCTTCTCGTGGGTGG-1,13
GGCTTGGCTCTCACCT-1,16
GGCTTTCAATAAGGGT-1,3
GGGAAAGAATGCCAAC-1,10
GGGAACCACCTGTTTC-1,7
GGGAACGGGAGGTTAG-1,18
GGGAACGGTTTCAGAT-1,14
GGGAAGACGGTCTGTC-1,6
GGGAAGGGCTTTCTCA-1,16
GGGAATGAGCCCTCAC-1,18
GGGAATTCTGTCCAGT-1,27
GGGACAGAGTTACTCC-1,4
GGGACCCGTATATCTT-1,3
GGGACTGCATAGATAG-1,0
GGGAGAACTCACAGTA-1,4
GGGAGCGACCGTAGTG-1,14
GGGAGGATGCCCGAAA-1,0
GGGAGTAATGGCTGGC-1,21
GGGAGTTAATGAGGCG-1,7
GGGATACGGTAATAAT-1,18
GGGATATTGATCGCCA-1,13
GGGATCCCAATACAAA-1,8
GGGATGGACCCGCGTC-1,4
GGGATGGTCGTAACCG-1,14
GGGATTATCTCACAAC-1,0
GGGATTTACCGCACCT-1,5
GGGCAACCGCACGTGC-1,4
GGGCACGAATTGGCCG-1,17
GGGCACGTAGTACTGT-1,12
GGGCACTATTGACCAT-1,16
GGGCAGACGTCACTGC-1,18
GGGCAGAGCAATCGTT-1,14
GGGCAGGATTTCTGTG-1,6
GGGCAGTCAACGCCAA-1,5
GGGCATGCATGTCGAG-1,12
GGGCCATTCGTGCTGG-1,9
GGGCCCGTCTTAAACA-1,12
GGGCCCTACGAAAGGG-1,27
GGGCCCTTATCTATAC-1,27
GGGCCGGCCGAAGTAC-1,14
GGGCCTAAATGGGCTA-1,7
GGGCCTATACAACCGG-1,5
GGGCCTATTTAAGTAT-1,4
GGGCGAATTTCTCCAC-1,0
GGGCGATATGTGTGAA-1,2
GGGCGATCCATAGGCC-1,5
GGGCGCAGCGTTACTC-1,19
GGGCGGCAAATGAATT-1,9
GGGCGGGTTCCCTACG-1,23
GGGCGGTCCTATTGTC-1,8
GGGCGTACATTTATAT-1,17
GGGCGTCACCACGTAA-1,3
GGGCGTCCACTGGCTC-1,8
GGGCGTGGTTTCCCAG-1,16
GGGCGTTTACATTCAT-1,5
GGGCTACTATTTCGTG-1,17
GGGCTATGATCGATGG-1,6
GGGCTCATCGAACCCA-1,10
GGGCTGCCTAGGGCGA-1,4
GGGCTGGTTAGTCGCG-1,22
GGGTAATGCTGTGTTT-1,4
GGGTACACTCTGGAGG-1,12
GGGTACCCACGGTCCT-1,22
GGGTACTTCATGAACT-1,1
GGGTATGTATGCACTT-1,27
GGGTATTCTAGCAAAC-1,20
GGGTCACCGTGACGGT-1,22
GGGTCACGTGCTTATG-1,4
GGGTCACTGAGTAGTG-1,6
GGGTCAGGAGCTAGAT-1,4
GGGTCATGCGTACCAT-1,25
GGGTCCTTGGAAGAAG-1,9
GGGTCGTGGCAAGTGT-1,10
GGGTCTATCGCTTTCC-1,14
GGGTGACACCTTAACT-1,6
GGGTGCATATGAAAGC-1,10
GGGTGGTCCAGCCTGT-1,10
GGGTGTTTCAGCTATG-1,10
GGGTTAACATTTGAGT-1,12
GGGTTCAGACGAACAA-1,18
GGGTTTAGGATAGGAT-1,10
GGGTTTCCGGCTTCCA-1,0
GGTAAACTCTGCGCTG-1,16
GGTAAATGTGCGTTAC-1,11
GGTAACCGGCAAAGGT-1,25
GGTAACCGGGAGGATA-1,13
GGTAACTATGTATCTG-1,0
GGTACAAACATGCTAT-1,1
GGTACACCAGATTTAT-1,9
GGTACATCTGGGACGA-1,27
GGTACCATTAAGACGG-1,20
GGTACGTTGCGGCCGG-1,21
GGTACTAAGTGCTTTG-1,24
GGTAGAAGACCGCCTG-1,6
GGTAGACCGTTGGGCG-1,5
GGTAGGCCAATATCAC-1,4
GGTAGTGCTCGCACCA-1,7
GGTATAGTGACACATA-1,19
GGTATCAAGCATAGAA-1,22
GGTATGAAAGAACTGA-1,16
GGTATTGCCGAGTTTA-1,3
GGTCAAGACTACTTCG-1,1
GGTCACGTTAGATTCA-1,3
GGTCAGTGGGTCCCAC-1,4
GGTCATTGTAGTCATA-1,2
GGTCCACGTCTATTTG-1,6
GGTCCCATAACATAGA-1,4
GGTCCTTCATACGACT-1,16
GGTCGGATAAACGGCG-1,24
GGTCGGCCAGGAGCTT-1,21
GGTCGGTAATTAGACA-1,1
GGTCGGTCGTCCACAG-1,6
GGTCGTAAGCTCGCAC-1,14
GGTCTCCAAGTAGTGC-1,23
GGTCTCCGTCCAGGTT-1,1
GGTCTCTGAATGGACT-1,13
GGTCTGAGAATCTGGA-1,1
GGTCTTGAGCGCTCTT-1,14
GGTCTTGGTGTTAACT-1,21
GGTGAAACCGGGAATG-1,3
GGTGAACGGGCTAGCC-1,7
GGTGAAGTACAGGGAT-1,2
GGTGACTGATAGAGAG-1,24
GGTGAGATGCAGATAA-1,22
GGTGATAAGGAGCAGT-1,9
GGTGATGAAGGAAGTG-1,15
GGTGATTTCATCTTGT-1,0
GGTGCAGAGCCTATCG-1,8
GGTGCATAAATGATTA-1,12
GGTGCGGATAAGTGGC-1,11
GGTGCTGATCACAAAG-1,1
GGTGCTGGTACACATT-1,9
GGTGGACCACGTGTTA-1,1
GGTGGACTGCTCTGGC-1,9
GGTGGAGGTTGATACG-1,10
GGTGGGATTAGGTCCC-1,16
GGTGTAAATCGATTGT-1,12
GGTGTAGGTAAGTAAA-1,3
GGTGTTCTGTTTCTAC-1,1
GGTGTTGGGCGTCTTA-1,8
GGTTACCACCCTCGGG-1,4
GGTTACCCGACACTTT-1,19
GGTTACCGCTCCCTAC-1,2
GGTTAGCTATATGTCT-1,4
GGTTAGGCTTGGAGAA-1,18
GGTTAGGGATGCTAAT-1,13
GGTTAGTTACGGCGCC-1,16
GGTTCCACCCGCTTCT-1,3
GGTTCCCTAGTGTCTC-1,4
GGTTCCGTACGACTAA-1,25
GGTTCGATGCTGAGTT-1,13
GGTTCGCATTTGCCGT-1,19
GGTTCGGATTATACTA-1,27
GGTTCTACTCGTCTGA-1,26
GGTTGTATCGTGAAAT-1,0
GGTTGTGCTCTTGTCC-1,25
GGTTGTGTAGCCTGGC-1,15
GGTTTAATTACCATCG-1,13
GGTTTAATTGAGCAGG-1,14
GGTTTACAATCTCAAT-1,0
GGTTTAGCCTTTCTTG-1,0
GGTTTCAATCGGTCAG-1,5
GGTTTGACAAGAAGCT-1,5
GGTTTGAGTGCTGGAA-1,2
GGTTTGCGAACACGTA-1,0
GGTTTGTGACCTGAGG-1,26
GTAACAACTGACCTTG-1,2
GTAACAGGTTAACGGC-1,26
GTAACATCAGCTCATC-1,3
GTAACATCTAAGATAA-1,10
GTAACTACGTAGACCT-1,23
GTAACTGCCCAAGGAG-1,12
GTAACTTGCGGCAGTC-1,22
GTAAGCGGGCAGTCAG-1,8
GTAAGGATTTGTCGGA-1,10
GTAAGTAACAGTCTGG-1,21
GTAAGTAGGGTATACC-1,8
GTAAGTCCACACTCTA-1,24
GTAATAAAGGGCTCCC-1,24
GTAATCTGATTCTTCG-1,12
GTACACTTACCTGAAG-1,4
GTACAGAGGCAAGGGT-1,4
GTACGACGGCGCTGCG-1,22
GTACGAGATTGCGACA-1,0
GTACGCTTCATTGCAC-1,13
GTACGTCACGTATTAA-1,20
GTACGTTTGCCCGTCA-1,6
GTACTAAGATTTGGAG-1,18
GTACTACGGCCTCGTT-1,3
GTACTCCCTTATCGCT-1,25
GTACTCCTGGGTATGC-1,8
GTACTGAGGTCGTAAC-1,13
GTACTGCATGAAGCGT-1,1
GTACTGGAGTTAGACC-1,2
GTACTTGGGCACTTCT-1,0
GTAGAAACGGGTGGAG-1,17
GTAGACAACCGATGAA-1,0
GTAGACACGCCTGACT-1,0
GTAGACGTCGTTACAT-1,8
GTAGAGGGAGACAAGT-1,6
GTAGCCAAACATGGGA-1,4
GTAGCGCTGTTGTAGT-1,0
GTAGCGGCTATACACT-1,6
GTAGCTAGTAAGCGCG-1,15
GTAGCTCCGGGAGGCT-1,13
GTAGCTTCCTCTTGTT-1,1
GTAGGTGATCCGTGTA-1,8
GTAGTCTACGATATTG-1,16
GTAGTGAGCAACCTCA-1,1
GTAGTTAGACAATATA-1,3
GTAGTTCGAAGGCGAA-1,9
GTAGTTTAAGCACACG-1,13
GTATAATCTCCCGGAT-1,11
GTATAGGACTCAGTAG-1,1
GTATAGTGGCCCATGT-1,13
GTATATGTTACGGCGG-1,22
GTATCAAACGTTAGCT-1,5
GTATCAAGGTACTTCC-1,6
GTATCAGCTTGGGTTC-1,0
GTATCCTTTGGTAACC-1,3
GTATCGGGACGAGCTG-1,17
GTATCTCAGTCTTGAC-1,9
GTATCTCCCTAACTGT-1,20
GTATCTCGGGCGCTTT-1,13
GTATCTTGTTGCTCAC-1,24
GTATCTTTCATAACCA-1,17
GTATGAAATTTCACTC-1,9
GTATGACGTGGGAAAC-1,2
GTATGTGGGTCTAGTT-1,0
GTATTAAGGCGTCTAA-1,14
GTATTAGGGTTCGCGT-1,22
GTATTCTGAGAAACGA-1,14
GTATTCTTACCGTGCT-1,7
GTATTTAATGGCATAA-1,22
GTCAAAGAAGTGGTGT-1,4
GTCAAAGTTTACATAG-1,11
GTCAACCAGGCCTATA-1,11
GTCAAGCGGACTCGGG-1,7
GTCAATGCTATAATTT-1,11
GTCAATTGTACTGAAG-1,0
GTCACAAAGTTTCCAA-1,8
GTCACCTGTCTATGTC-1,16
GTCACTCATGAGCGAT-1,5
GTCACTCTCCAAATCT-1,10
GTCAGAATAGTCTATG-1,15
GTCAGACAGCGTTGGA-1,25
GTCAGTTGTGCTCGTT-1,8
GTCAGTTTGGTAGTCG-1,16
GTCATCCCAAACTCAC-1,9
GTCATCTCCTACAGCT-1,0
GTCATGCACCTCCGTT-1,4
GTCATGCGCGAGGGCT-1,13
GTCATGGACATGACTA-1,21
GTCATTAGAGCGAACG-1,9
GTCATTGCATTGACCC-1,7
GTCCAATATTTAGCCT-1,16
GTCCACGTCGCATTCG-1,1
GTCCAGGCACGTGTGC-1,14
GTCCATTACTGCTACG-1,20
GTCCCAACGTAAAGTA-1,7
GTCCCAATCATCCCGC-1,10
GTCCCGCGACGTTATG-1,14
GTCCGAGAGCAATCAT-1,12
GTCCGGACCTGAAATT-1,6
GTCCGGCTGAATTGCG-1,7
GTCCGGGTTCACATTA-1,6
GTCCGTTAGAGGGCCT-1,13
GTCCTACAGGCGGCTC-1,12
GTCCTACGAATAGTCT-1,0
GTCCTACTCTACGGGC-1,27
GTCCTAGGATACCTTA-1,4
GTCCTATTGTTGTGGT-1,17
GTCCTTCTACAACCCA-1,27
GTCCTTCTAGTGGGTT-1,19
GTCCTTTAATGACTTC-1,0
GTCGAATTTGGGCGCT-1,5
GTCGATAGGTGACTTT-1,11
GTCGCCGTTGTGTGTT-1,4
GTCGCGTAACCCGTTG-1,4
GTCGGAAGGATACCAG-1,22
GTCGGATATCTCAGAC-1,25
GTCGGATGTAGCGCGC-1,26
GTCGGGAACATGGTAG-1,7
GTCGGGAAGCAGAAAC-1,1
GTCGGGTGAAGTACCG-1,23
GTCGTACCATCTCGGG-1,12
GTCGTACCTACGATTG-1,15
GTCGTATTGGCGTACA-1,10
GTCGTCAATTATAAGG-1,11
GTCGTCTGGTTGGCTA-1,11
GTCGTGTCTGGTCATC-1,10
GTCGTTATTCGCTTAT-1,13
GTCTAAGATGCCCAGC-1,2
GTCTACTCAATTACAA-1,15
GTCTAGTGAGCCGCTT-1,4
GTCTATACACGCATGG-1,14
GTCTATCTGAGTTTCT-1,0
GTCTATTGCATGCTCG-1,2
GTCTATTGGTTCCGGT-1,4
GTCTCAAGGCCCGGCT-1,3
GTCTCCCGAGTCCCGT-1,0
GTCTCCGCCTCAATAC-1,6
GTCTCCTGCCAGTATG-1,6
GTCTCGACTAAGTTTG-1,26
GTCTCGATCTGCTTTC-1,17
GTCTCGCCAACACGCC-1,22
GTCTGCCGACTCGACG-1,7
GTCTGGGCGGTCGAGA-1,2
GTCTGTAGGTTGAACA-1,17
GTCTTACCACGCCAAG-1,11
GTCTTAGTACAGCCGG-1,24
GTCTTCCTCACCTAAG-1,18
GTCTTGAGGAGCAGTG-1,26
GTCTTGTAGCTATTCA-1,11
GTGAAACGGCGCCACC-1,8
GTGAAACGTGCTCCAC-1,7
GTGAACTCCCATTCGA-1,20
GTGAAGATTTCAAGTG-1,24
GTGAAGCCGTATAGTC-1,12
GTGAAGTCACGACTCG-1,25
GTGACAGCTTCCCACT-1,4
GTGACCGCACACTACG-1,5
GTGACCTAAAGAATAA-1,10
GTGACGAGGGTGACCC-1,17
GTGACGCAGGTTTCAT-1,13
GTGACTTCAGTAGTGC-1,9
GTGAGATAACCTTATA-1,9
GTGAGCGTGCTGCACT-1,17
GTGAGGACACTTAAGG-1,4
GTGAGGAGCGGTTGAG-1,24
GTGAGTCGACTAATAG-1,13
GTGAGTCTAAGACGGA-1,27
GTGAGTGGTACAACGC-1,9
GTGATCAAGCGTGCAC-1,9
GTGATCACTAACGCCT-1,1
GTGATCATAGATCTGC-1,6
GTGATCCTTGTCATGA-1,16
GTGATGCACAACATCT-1,19
GTGATTCGCCGCTCAA-1,17
GTGCAAATCACCAATA-1,27
GTGCAACAAATGTGGC-1,0
GTGCACCAGCTTCAAC-1,3
GTGCACGAAAGTGACT-1,20
GTGCAGCGTAGAGTAG-1,10
GTGCCAAACGTTTCGA-1,6
GTGCCATCACACGGTG-1,25
GTGCCCGTTCGGATTC-1,5
GTGCCGCTTCAAAGGT-1,5
GTGCCTAGCTATGCTT-1,20
GTGCCTCAGTGTACGG-1,19
GTGCCTGAGACCAAAC-1,5
GTGCGAAATCGAACAC-1,5
GTGCGACAGGGAGTGT-1,12
GTGCGCAGCTTGCTCC-1,26
GTGCGCTTACAAATGA-1,26
GTGCGGGACCATCGGC-1,4
GTGCGGGTCTCCAAAT-1,1
GTGCGTGTATATGAGC-1,6
GTGCTATCCAGCTGGA-1,4
GTGCTCAAGTACTGTC-1,2
GTGCTGCAGATAAGGA-1,1
GTGCTGTTAGAACATA-1,16
GTGCTTACATCAGCGC-1,19
GTGGAACCTACATGCG-1,10
GTGGACCAACCCGATT-1,16
GTGGACGCATTTGTCC-1,12
GTGGACGTGCTGAGAC-1,1
GTGGAGCATGTCGGCC-1,11
GTGGAGCGTTTACCGA-1,9
GTGGAGTCGGCGGTTG-1,9
GTGGCAAACAGCGGCA-1,9
GTGGCCGGTTTCTCGG-1,9
GTGGCCTAATATCATT-1,17
GTGGCGGGCCGTAGCT-1,23
GTGGCGGTCCCAGCGT-1,15
GTGGCGTGCACCAGAG-1,14
GTGGCTGTTTCTGTTC-1,13
GTGGGAACAAACCGGG-1,3
GTGGGAAGACTGAATC-1,2
GTGGGCTTAGACACAC-1,0
GTGGGTACTGAGCGTA-1,15
GTGGGTCTTCTTTGCG-1,12
GTGGTATAGTCTGCCG-1,13
GTGGTCAGCGAAGTAT-1,0
GTGGTGATGGTTTGTG-1,10
GTGGTGGCCAAGTGAA-1,4
GTGGTTACTTCTTTCG-1,11
GTGGTTTCCGCCTTTC-1,17
GTGTACCTTGGCTACG-1,0
GTGTACGAACCGTTCC-1,24
GTGTATATCAGCGGGC-1,2
GTGTATGACTTTAAAG-1,2
GTGTCAGTGTACGTGG-1,17
GTGTCCGATAAGGCAT-1,7
GTGTCGTATAGCGTTC-1,6
GTGTCGTATTCACCTT-1,5
GTGTGAATAACTTAGG-1,1
GTGTGAGCCGAGGTGC-1,1
GTGTGTCGACGTCGCT-1,15
GTGTTACTATGCGTCC-1,6
GTTAACATCACTTAAA-1,9
GTTAACTATGTTGTCA-1,8
GTTAAGGGTGCGATGT-1,6
GTTAAGTTAGAGTGGG-1,8
GTTAATAGCGTCATTA-1,18
GTTAATGTCTATCTTA-1,27
GTTACAATTGGTGACG-1,15
GTTACCAAGGCGTACG-1,23
GTTACCTACAACTTGC-1,0
GTTACGAAATCCACGC-1,8
GTTACGGCCCGACTGC-1,1
GTTACTTTGGGCCTAG-1,2
GTTAGAGTGTGCCGCT-1,23
GTTAGCCCATGACATC-1,16
GTTAGCCGTAAATCAA-1,19
GTTAGGCTACCCGTTT-1,15
GTTATAATACGGTGAA-1,13
GTTATATCAGGAGCCA-1,14
GTTATATTATCTCCCT-1,6
GTTATCAAGCTATCGA-1,16
GTTATCACCTTCTGAA-1,24
GTTATTAAATACGACC-1,11
GTTATTAACGTGGGAG-1,15
GTTCAAATCAGATGTC-1,3
GTTCAATCTATGTCAA-1,3
GTTCACAGGAGTCTAG-1,15
GTTCAGTCGCCAAATG-1,4
GTTCATCGTTTGGCTG-1,8
GTTCCAAGACAGCGAC-1,2
GTTCCAGTCTGACCAT-1,8
GTTCCCGTAAACATAT-1,20
GTTCCGTCCGCCTGCA-1,5
GTTCGACAATTGTATA-1,3
GTTCGCCATAAGTGCC-1,6
GTTCGCTGAGACGTCT-1,8
GTTCGGAGCACTCAAC-1,22
GTTCGGATCGGGAACA-1,18
GTTCGGGCGTACCATT-1,10
GTTCGGTGTGGATTTA-1,16
GTTCGTCTAAAGAACT-1,19
GTTCGTCTGGGTCCCT-1,1
GTTCGTTGCGGACCAG-1,21
GTTCTTCCCTCGATGT-1,20
GTTCTTGTAACTCAAT-1,6
GTTGAACCGGTTCCAT-1,1
GTTGAGTCCCGCCGGT-1,23
GTTGCACGGAGTTTCG-1,22
GTTGCAGTCGACAACA-1,0
GTTGCCCTAACGGGTG-1,3
GTTGCGCTAACATTAC-1,23
GTTGCGGACGGTCAGG-1,2
GTTGGACCGCATCAGG-1,5
GTTGGATTCAGTGGCT-1,10
GTTGGATTGAGAACAC-1,1
GTTGGATTTGCGTTGG-1,9
GTTGGTCATGCTATCC-1,9
GTTGTAGATTTATGAG-1,6
GTTGTCGTGTTAGTTG-1,5
GTTGTTACATTGCGCT-1,21
GTTGTTGCAAGATGGC-1,7
GTTTACGTTCCATCTG-1,9
GTTTATGGGATTTAGA-1,27
GTTTCAAACGAGTTGT-1,7
GTTTCATATCGTCGCT-1,2
GTTTCCTGGAGGGTGA-1,1
GTTTCTAGAGGCGCGG-1,6
GTTTCTGCAGTCTCCC-1,7
GTTTCTTGTTAGAGCT-1,9
GTTTGACCAAATCCTA-1,1
GTTTGAGCGGTTATGT-1,8
GTTTGGCCCAAGTTAT-1,14
GTTTGGCCGCTCAGCG-1,14
GTTTGGCGTCAGGCAC-1,12
GTTTGGGCTTGTGAGC-1,6
GTTTGGGTTTCGCCCG-1,16
GTTTGGTAGGGTCAAC-1,4
GTTTGGTGATCGGTGC-1,6
GTTTGTTAGCCAAGTA-1,25
TAAACCCAGGAGGGCA-1,9
TAAACGTCGTCAATGA-1,6
TAAAGACAACCCTTTA-1,2
TAAAGAGCCCGAAACC-1,13
TAAAGCGGTATTTCCA-1,23
TAAAGCGTTAGGAGAA-1,16
TAAAGCTGCAATAGGG-1,10
TAAAGGAGAAACTAGT-1,22
TAAAGTGCACGTCTCG-1,4
TAAATCTTTACACCTC-1,3
TAAATGAATCCGTTTC-1,15
TAAATGCCGTCTCATG-1,16
TAAATGGGCTACTGAG-1,11
TAAATTGTGGGTAAAG-1,6
TAAATTTAGTAACACC-1,25
TAACAAAGGGAGAAGC-1,0
TAACAATATTTGTTGC-1,17
TAACAGCGTTTGTGCT-1,6
TAACAGGTTCCCTTAG-1,9
TAACATACAATGTGGG-1,14
TAACATACACGCGATC-1,9
TAACCGCCCGCAGTGC-1,8
TAACCGTCCAGTTCAT-1,19
TAACCTACCGTCCGAG-1,8
TAACCTAGGGAGTCCA-1,10
TAACGCTTTGAGAGCG-1,26
TAACTATCGAAGGTCC-1,12
TAACTATTACGCCAAA-1,11
TAACTCATCCGCGCGG-1,5
TAACTCCATGGAGGCT-1,6
TAACTGAAATACGCCT-1,4
TAAGAGGGACAGGGAC-1,12
TAAGATTTAGCGGGAG-1,7
TAAGCAGGCGACACGC-1,15
TAAGCCCTTACGACCA-1,20
TAAGCGCGAATCAAAT-1,5
TAAGGAACTTGTGGGA-1,0
TAAGGCAACATAAGAT-1,0
TAAGGCATAACATCAA-1,16
TAAGGCCCGTCACCCT-1,13
TAAGGCTGAATCCCTC-1,18
TAAGGGCCTGTCCGAT-1,5
TAAGGGCTGGGAGAGG-1,18
TAAGTAAATGTGCCGC-1,13
TAAGTAACATCTTGAC-1,4
TAAGTCGCCGAGTATC-1,13
TAAGTCGGTGAGCTAG-1,8
TAAGTGAATAGTCTAC-1,9
TAAGTTGCGACGTAGG-1,1
TAATAAACAAGGAGAT-1,10
TAATACACAGTAGTAT-1,8
TAATACTAGAACAGAC-1,6
TAATAGAACAGAGTTA-1,18
TAATAGCTAAATGATG-1,7
TAATAGGTCACCAGAA-1,16
TAATAGTGACGACCAG-1,23
TAATATTGAAATTCGC-1,11
TAATCAACCAAATGGG-1,11
TAATCAGGAATGCTGC-1,0
TAATCGATCCGTACGT-1,20
TAATGAAAGACCCTTG-1,0
TAATGTCGGTTCATGG-1,13
TAATTACGTCAGTAGA-1,18
TAATTAGATGGATATG-1,21
TAATTAGGACATCCGT-1,24
TAATTCCAATGCTTCA-1,16
TAATTGCGCTGATTAC-1,12
TAATTGGAATCGGGAA-1,20
TAATTTCCGTCCAGTA-1,20
TACAAATTGCGGAGGT-1,3
TACAACAGCGCATACA-1,14
TACAACGCACAACTCA-1,6
TACAAGCTGTTCACTG-1,10
TACAAGGGCTTCTTTA-1,7
TACAAGTCTCGTGCAT-1,27
TACAATGAAACCAGCA-1,8
TACACAGCCGTGGTGC-1,6
TACACCGTCGTTAGTC-1,0
TACACCTCTTCGAATC-1,9
TACAGAAACGGTGGGC-1,2
TACATAGGCATACACC-1,4
TACATCCCTATCCCTG-1,21
TACATCTTGTTTCTTG-1,15
TACATGACCTTATCCG-1,18
TACATGCCGGAATTGT-1,8
TACATTTCTAACGTGC-1,9
TACCAAATAGCCCAGA-1,1
TACCAATAAAGTACCA-1,6
TACCAGAAGTAGGTTC-1,3
TACCAGCTAGGTTTAA-1,10
TACCAGGAATCCCGTC-1,13
TACCATGTATTGATTT-1,1
TACCCTCGGTAACCCT-1,19
TACCGAATAATTGTAA-1,4
TACCGATCCAACACTT-1,12
TACCGCGGACTTGCAG-1,0
TACCGGCTCACTGCCC-1,9
TACCGGTCGTTTCCAT-1,20
TACCGTAGGTTAACTA-1,13
TACCGTGCCTCGGACC-1,9
TACCTACTCCCAGTAT-1,19
TACCTATCCCTAGAGG-1,18
TACCTCACCAATTGTA-1,11
TACCTCACGCTTGTAC-1,2
TACCTCAGTTGTCTGT-1,3
TACCTCCACACCAATG-1,5
TACCTCTTTACCATCC-1,4
TACCTGCTGCACTGTG-1,17
TACCTTAAGATTTCCC-1,5
TACGAACACGACTTCA-1,22
TACGACGCTTGCTGCG-1,5
TACGACTGCCTCTTAG-1,6
TACGAGAACTTCACGT-1,15
TACGATCCAAGCCACT-1,22
TACGATGTTGATCATC-1,17
TACGCAGTTCTTTCCT-1,9
TACGCCATATTCTAAT-1,1
TACGCCGAGGGTACCC-1,3
TACGCCGCCTCAGAAG-1,8
TACGCCTCCATTCCGA-1,2
TACGCTATAGAAACCT-1,10
TACGCTCCTAGAACTG-1,4
TACGCTCGGTATTGGA-1,1
TACGCTGATAGTTGTA-1,3
TACGCTGCACGGTCGT-1,26
TACGCTGCTGTGTTAA-1,6
TACGGAAGCCAAACCA-1,3
TACGGCATGGACGCTA-1,21
TACGGGATGCTAGCAG-1,10
TACGGGTAATAACATA-1,0
TACGTAAAGCGGAGTG-1,1
TACGTACTAGTGCTGA-1,4
TACGTGCAAGGTTCCT-1,24
TACGTGCACTATGCTG-1,14
TACGTGGGCCCAGGGC-1,3
TACGTTTACCGGCAAT-1,17
TACTACGTGCAATGCG-1,8
TACTATGGTTCCTCAG-1,9
TACTCACAACGTAGTA-1,7
TACTCATTGACGCATC-1,23
TACTCCTCTAGTTGAC-1,0
TACTCGGCACGCCGGG-1,27
TACTCGTTTGAATCAA-1,14
TACTCTCCGAACAAAT-1,2
TACTCTTACTTTACTG-1,18
TACTCTTTCGTCTTCA-1,5
TACTGAACAGATTTAG-1,14
TACTGAGGGAAGAAAG-1,17
TACTGCAATCAATTAC-1,8
TACTGCATGATTAAAT-1,27
TACTGGACAGCTCGGC-1,16
TACTGTTTCTCTGGTA-1,23
TACTTAAACATGTACA-1,7
TACTTGTTAGTAGTCC-1,5
TACTTTACTGAGCCGG-1,10
TACTTTCCGCACGCCA-1,7
TAGAAACACAATAGTG-1,25
TAGAAACCACTAAGTA-1,21
TAGAAAGGTGGCGCTA-1,9
TAGAAATTCACGTATA-1,27
TAGAACGCCAGTAACG-1,10
TAGAAGAAGGGTTACA-1,14
TAGAATAGCCGATGAA-1,2
TAGAATTAAGGGCAAC-1,2
TAGACGAAACGCCAAT-1,16
TAGACGCCCGTACCGG-1,18
TAGACTACCTAGCGTT-1,10
TAGACTCAGTTGGCCT-1,6
TAGAGATCATGCAACT-1,25
TAGAGCTACGAAGAAC-1,6
TAGAGGGAGTTTATCT-1,3
TAGAGGTTCTACTTGT-1,9
TAGAGTCTAAGCGAAC-1,0
TAGAGTGTTCCGGGTA-1,23
TAGATATGGACTGGAA-1,9
TAGATCCGAAGTCGCA-1,18
TAGATGGTTCCTTACT-1,21
TAGATTCAAAGTGCGG-1,0
TAGATTCCTGGTTATT-1,19
TAGATTCTCTAGCAAA-1,26
TAGCAACCTGTCACAA-1,0
TAGCAGATACTTAGGG-1,22
TAGCAGTAAATACGCG-1,13
TAGCAGTATGACTAAA-1,1
TAGCCAGAGGGTCCGG-1,11
TAGCCATGATTGCCTA-1,5
TAGCCATTTCAAAGTC-1,9
TAGCCGGCGGTCAGCG-1,9
TAGCGTCCCTCGATTG-1,22
TAGCGTCCGGTGTGGT-1,13
TAGCGTCGAATATTGA-1,15
TAGCGTTGGGTCTTAC-1,6
TAGCTAAGTCCGGGAG-1,23
TAGCTAGAAGGCATGA-1,2
TAGCTAGTGATGATGG-1,13
TAGCTCACTGTGTTTG-1,23
TAGCTCAGATCCTAGT-1,1
TAGCTCGCCTGATAAC-1,6
TAGCTGATGTGAAGCG-1,15
TAGGAACAGCCTCCAG-1,4
TAGGAGGCTCGAGAAC-1,0
TAGGATCTTAACCGCA-1,13
TAGGCATGTTACGCCA-1,9
TAGGCCTATATAGTCT-1,2
TAGGCGATGAGGTCTC-1,5
TAGGCGGCTGCAAAGA-1,18
TAGGCTAAAGTGGCAC-1,0
TAGGGAGCTTGGGATG-1,0
TAGGGTGTTTCAAGAG-1,17
TAGGTCCAAGTAAGGA-1,18
TAGGTCGCCGGAACTG-1,19
TAGGTGACGATAACCT-1,16
TAGGTGAGCCCTACTC-1,7
TAGGTGCTCGCCTAGC-1,14
TAGGTGTTCCACAGAT-1,13
TAGGTTCGAGTTCGTC-1,6
TAGGTTCTGCTGAGAA-1,2
TAGTACCACAACTTTC-1,18
TAGTACCTTAGTGGTC-1,11
TAGTAGCTTATACCAG-1,9
TAGTAGTTGCCGGACA-1,20
TAGTCCCGGAGACCAC-1,14
TAGTCCGCAGAGAATG-1,14
TAGTCCGTATGCATAA-1,19
TAGTCCTGCACTAAGC-1,12
TAGTCGATCACGGGTT-1,13
TAGTCGGGATTCTTCG-1,25
TAGTCTAACAACGAGA-1,2
TAGTCTGCGGCACATT-1,1
TAGTCTGTGACGTTGC-1,24
TAGTCTTTCCGAATTG-1,10
TAGTGACAAGCTCTAC-1,7
TAGTGAGAAGTGGTTG-1,0
TAGTGCCCTCCAGAGT-1,7
TAGTGCTTGAATCCTT-1,2
TAGTGGAACTCATACA-1,2
TAGTGTCAGAAACGGC-1,5
TAGTTAAGATAGGATA-1,20
TAGTTTATTCTTGCTT-1,8
TAGTTTGATCGGTCGC-1,12
TATAAATCCACAAGCT-1,0
TATAAGTGAGGATAGC-1,27
TATACACAGACGCCTT-1,6
TATACACGCAAAGTAT-1,5
TATACCGAGTGCCACA-1,19
TATACGCGTCATCACT-1,4
TATACTCATGCGGCAA-1,18
TATAGAGTCGCTTGAA-1,13
TATAGATGGTCGCAGT-1,26
TATAGCGCACGTTATC-1,25
TATAGCTATTATCTCT-1,5
TATAGGGTACTCATGA-1,15
TATAGTTAGGTGTACT-1,6
TATATAGGGCTTTACG-1,6
TATATATCGAGAAATG-1,5
TATATCAAAGTGATCT-1,12
TATATCATTGATCAGT-1,15
TATATCCCTGGGAGGA-1,8
TATATGCTGGGTTGCC-1,27
TATATTACAAATGTCG-1,23
TATATTCGCGTCGATA-1,20
TATCAAAGGTCTGTAA-1,15
TATCACAGCACGGGCA-1,8
TATCACCATGTAAAGT-1,24
TATCACCCAACCGACC-1,8
TATCACTTCGAGTAAC-1,10
TATCAGTGGCGTAGTC-1,3
TATCCAATTGGTTATC-1,4
TATCCATATCATGCGA-1,22
TATCCATCTCGGTTAG-1,27
TATCCCTCGATCTGCA-1,13
TATCCGCACCGTCGGG-1,23
TATCCTATCAACTGGT-1,14
TATCCTGCATGGGAAT-1,10
TATCGATCTATGCATA-1,10
TATCGATGATTAAACG-1,5
TATCTACAGAGGTAAT-1,27
TATCTACCACAGCGGG-1,6
TATCTAGCCTAAAGGA-1,15
TATCTGAGCCGATATT-1,18
TATCTTGCAATACAAC-1,4
TATGAAGAATTAAGGT-1,13
TATGAAGACAGGTGCG-1,15
TATGACCTTGCGCTGG-1,1
TATGATAAATCTAACG-1,4
TATGATCCGGCACGCC-1,21
TATGATCTTCTCTTTA-1,1
TATGATTCTGCTTGGT-1,20
TATGCTCCCTACTTAC-1,10
TATGGAGTTTCTCGTT-1,11
TATGGATGTGCTACGC-1,10
TATGGCAGACTTTCGA-1,14
TATGGCCCGGCCTCGC-1,25
TATGGGACCGAGCAGG-1,14
TATGGGTACGTATCGT-1,9
TATGGTCTGAGTAACA-1,22
TATGGTTAGTGGGAGA-1,8
TATGTAAAGTGCTTAA-1,2
TATGTAGAAACCCGGC-1,15
TATGTCAAGACCGACT-1,8
TATGTCTCATTGTGCC-1,0
TATTAACACCAAAGCA-1,2
TATTAACCTGACCGCG-1,9
TATTACCATCCTGCTT-1,21
TATTATGTTTGCCTGC-1,14
TATTCAATTCTAATCC-1,9
TATTCCACTCAGCTCG-1,6
TATTCCGAGCTGTTAT-1,3
TATTCCGGCAGTCCTA-1,20
TATTCCTCCGCCCACT-1,1
TATTCGTGCCAGAATA-1,21
TATTGACATTTCTGCC-1,19
TATTGCCGGGCTTGTA-1,13
TATTTAGTCTAGATCG-1,18
TATTTATACCGAGTAG-1,10
TATTTGATTTGCACAG-1,11
TATTTGTTACCCTTTA-1,0
TCAAACAACCGCGTCG-1,8
TCAAACAATTAGGACA-1,13
TCAAACTTAGATTGTT-1,7
TCAAAGAGCTATCTGT-1,18
TCAAAGTCACGGCGTC-1,5
TCAAATTATGTTCGAC-1,8
TCAAATTGTTGTGCCG-1,3
TCAAATTTGAGACTCA-1,14
TCAACAAAGATAATTC-1,14
TCAACACATTGGGTAA-1,22
TCAACATAGCGCCCTA-1,5
TCAACATCGACCGAGA-1,7
TCAACCATGTTCGGGC-1,7
TCAACGAGGAGACAAA-1,12
TCAACGCAGGAAATAA-1,16
TCAACGCGACCGGCAG-1,18
TCAACTAACGTATAAC-1,2
TCAACTGCAGAGTCAG-1,18
TCAAGAAATACTAGCT-1,19
TCAAGCGCGGACGGTA-1,8
TCAAGCTGCCTTGAAA-1,10
TCAAGGTTACTACACC-1,1
TCAATACAATTGCTGC-1,15
TCAATACGCCGTCATG-1,3
TCAATATACAGGAGGC-1,23
TCAATCCCGCGCCAAA-1,4
TCAATCCGGGAAGTTT-1,13
TCACAAACCGAGGTAC-1,1
TCACAGATCCTCAAAC-1,0
TCACAGCAAACTCGAA-1,5
TCACAGGAGAATAAGA-1,6
TCACAGGGAATCGCAA-1,3
TCACAGGTTATTGGGC-1,17
TCACATCTTATCTGAT-1,15
TCACCCTCTTAAGATT-1,9
TCACCGCTCGGCACTC-1,2
TCACGATGTCCGTGGA-1,9
TCACGATTAATACGTT-1,14
TCACGCATTGTAGATC-1,14
TCACGGCCCAAGAGAG-1,9
TCACGGTCATCGCACA-1,11
TCACGTGCCCGATTCA-1,0
TCACTACGACCAATGC-1,10
TCACTATCCCTTCGGT-1,8
TCACTATCGTGCAATC-1,7
TCACTCAGCGCATTAG-1,18
TCACTCGTGCAACGGC-1,10
TCACTCTTCGTCTGTC-1,14
TCAGAACCTCCACAGG-1,8
TCAGAACGGCGGTAAT-1,20
TCAGACGCTATAGAAG-1,21
TCAGAGCATGTCAACG-1,4
TCAGAGGACGCGTTAG-1,7
TCAGAGTGTGAGCATG-1,10
TCAGATGGAGACGTAG-1,7
TCAGCAGTAGGCCCTG-1,4
TCAGCCAATCCGTAAA-1,20
TCAGCGCACGCCGTTT-1,5
TCAGCTTGAGCTTTCG-1,17
TCAGGGCGACTTCCTT-1,18
TCAGGGCGCAAACTCG-1,2
TCAGGGTGCACGAAAC-1,20
TCAGGGTGTAACGTAA-1,7
TCAGGTTCTTTGAGAA-1,0
TCAGTACTGACCCGCG-1,17
TCAGTAGGGACTATAA-1,20
TCAGTGTATACGTCAT-1,2
TCAGTTACGGAATGAT-1,14
TCATAAGTCCAAGAAG-1,26
TCATACTTACAGATCC-1,17
TCATATGAGCTTTGTT-1,3
TCATCACTCGAGCTCG-1,2
TCATCCATCTGATCAC-1,13
TCATCCCAGAGGGTGG-1,10
TCATCCTCAGCTGCTT-1,3
TCATCGACGACCGTCG-1,11
TCATCGATGGTCCCAA-1,4
TCATGAAGCGCTGCAT-1,4
TCATGCAGGTTCTCAT-1,10
TCATGGAGGCCTTTGT-1,8
TCATTCGTATAATTTG-1,22
TCATTTAAGTCTCCGA-1,22
TCATTTAGAAGTGTGA-1,19
TCCAACTCAGCTATCT-1,13
TCCAACTTTAAATTCT-1,22
TCCAAGCCTAGACACA-1,12
TCCAATGCGTCGCCGC-1,1
TCCACAATGGTTTACG-1,11
TCCACATCGTATATTG-1,9
TCCACCAAGACATAGG-1,0
TCCACCTCTAGCCTTT-1,16
TCCACTTTATCTAGGT-1,12
TCCAGAGCACCGGTTC-1,12
TCCAGATGTACGCCAA-1,1
TCCAGCGCTATAAGCG-1,10
TCCAGGCAGGACGATC-1,4
TCCAGGCGAGTACGGT-1,8
TCCAGGGTATATACGA-1,6
TCCATCAATACTAATC-1,27
TCCATTAGTTGGATAG-1,1
TCCATTCCCACTAGAG-1,5
TCCATTGTGACCTCGT-1,8
TCCCAAACAGACAACG-1,21
TCCCAAACATCCTCTA-1,11
TCCCAAAGACGAAGGA-1,22
TCCCAAAGCCCTAAAT-1,18
TCCCAATATCGACGAC-1,3
TCCCACGGAGGGAGCT-1,23
TCCCACTCTCTTCCGG-1,11
TCCCAGCACACGACAT-1,20
TCCCAGCTTTAGTCTG-1,0
TCCCAGGCTTAGCTAA-1,10
TCCCGCCTATGTGCGT-1,10
TCCCGCGTACTCCTGG-1,0
TCCCGGGTGTGCTGCT-1,17
TCCCGGTCAGGAATTT-1,6
TCCCGTCAGTCCCGCA-1,1
TCCCGTCGCGTCATAG-1,10
TCCCGTGTGCAATTTG-1,14
TCCCTAGATCAATAGG-1,10
TCCCTCCGAAATCGTT-1,1
TCCCTCTTCTCAAGGG-1,0
TCCCTGGCGTATTAAC-1,6
TCCCTGGCTCGCTGGA-1,17
TCCCTTAGATTACTCG-1,24
TCCCTTGTCTGAAACT-1,9
TCCGAACGTTGCCGCT-1,10
TCCGAACTTGGCTTAC-1,15
TCCGAAGTAGTCACCA-1,21
TCCGAATGGTCCTGAG-1,19
TCCGACCGCTAATCAA-1,9
TCCGAGAAGGCTAAGC-1,23
TCCGATAATTGCCATA-1,22
TCCGATGACTGAGCTC-1,12
TCCGATGGTGCGACAT-1,7
TCCGATTACATTGCCG-1,27
TCCGCAGCCACCTAGC-1,1
TCCGCCTGTCTACAAG-1,3
TCCGCGGCAGCATCTG-1,1
TCCGCGGCCCAATGAA-1,12
TCCGCTGGGTCGATCG-1,9
TCCGCTGTCATCCCGG-1,4
TCCGCTTATCCCATTA-1,7
TCCGGAGGAAGGGCTG-1,12
TCCGGCCTAGCGTACA-1,19
TCCGGCCTGCATCGAT-1,14
TCCGGCTGTCGGGTCG-1,20
TCCGGGCCACTAACGG-1,6
TCCGGGCTTGACGGGA-1,3
TCCGGTTCGTCCGGTC-1,9
TCCGTAACCACAATCC-1,0
TCCGTTAAGCTAATAT-1,2
TCCGTTTAGCCTTGAA-1,2
TCCTAAATTGGGAAGC-1,5
TCCTAACCGTCGGGCA-1,13
TCCTACATCCACGGCC-1,4
TCCTAGCAAAGAAGCT-1,2
TCCTATCATAGGTAAC-1,8
TCCTCCTAAGACATTC-1,12
TCCTCGGGCTGGGCTT-1,4
TCCTCTACGAGATGGC-1,17
TCCTCTCCAGTTGTCC-1,16
TCCTCTGGCCCATTAG-1,18
TCCTGCAGCCGCCAAT-1,6
TCCTGCCAACTGGAGA-1,19
TCCTGCGTTGATACTC-1,17
TCCTGGCGCTGCCTGG-1,0
TCCTTACGACGGTCCG-1,13
TCCTTCAATCCCTACG-1,0
TCCTTCAGTGGTCGAA-1,7
TCCTTGTCCTTTAATT-1,21
TCCTTTAAATCCGCTT-1,16
TCCTTTCTTACGCTTA-1,2
TCGAAATTTAGGACCA-1,11
TCGAAGAACCGAGCAC-1,1
TCGAATATCCCGCAGG-1,4
TCGAATCGCAGGGTAG-1,12
TCGACAACTGAACCCG-1,4
TCGACATAGCGTAGCG-1,9
TCGACTGACGATGGCT-1,10
TCGAGACCAACACCGT-1,5
TCGAGCCAGGCAGGCC-1,3
TCGAGGGCAACAGACG-1,13
TCGAGTCTACGATTCG-1,25
TCGATAGGCTAGTCGC-1,25
TCGATGTTACGGCCGT-1,5
TCGATTTACGAAACGA-1,3
TCGCAAAGATGCATTT-1,5
TCGCACTAACGTTTGT-1,18
TCGCATAAAGGGCGCA-1,3
TCGCATCCCTAAGTGT-1,7
TCGCATTCAATGACTT-1,7
TCGCCACCCGGATTAC-1,5
TCGCCCAACTGACTCC-1,4
TCGCCCACTGCGAGAG-1,16
TCGCCGAAGTTGCGTC-1,5
TCGCCGACATATTCGC-1,15
TCGCCGCACCGCGTGA-1,15
TCGCCGGAGAGTCTTA-1,16
TCGCCGGATGGGCAAG-1,16
TCGCCGGTCGATCCGT-1,17
TCGCCTCCTTCGGCTC-1,5
TCGCCTCGACCTGTTG-1,17
TCGCGCGTTTACATGA-1,6
TCGCGTAGCAGTGTCC-1,0
TCGCGTCCAGAAGGTC-1,17
TCGCTAAACCGCTATC-1,24
TCGCTACTGGCTTTGA-1,12
TCGCTCGATATATTCC-1,16
TCGCTCGGCACCAGCG-1,10
TCGCTGCCAATGCTGT-1,3
TCGCTGGGCGGATTGT-1,17
TCGCTGTGCGTAAATC-1,20
TCGCTTAATTACGAAG-1,3
TCGCTTTAAACGTTTG-1,10
TCGGAATGACCATCAA-1,23
TCGGAATGCGCTCTGA-1,27
TCGGACGCCCAGCCCA-1,1
TCGGAGAGTATCGGGA-1,18
TCGGAGTCCTGGTTGC-1,3
TCGGATCTGGATGACC-1,3
TCGGCAGGGTTAAGGG-1,11
TCGGCGAACCCAAACC-1,18
TCGGCGGTATTAGATT-1,14
TCGGCGTACTGCACAA-1,15
TCGGCTAACTTCCCTT-1,22
TCGGCTTGTATCGACG-1,17
TCGGGAACGTGCCTAG-1,8
TCGGGAGACAGCGTAC-1,16
TCGGGATTCAAACATA-1,15
TCGGGCACTTCTGGAT-1,8
TCGGGCCGTCGTGGTA-1,9
TCGGGTGAAACTGCTA-1,20
TCGGTCCCGACAATAG-1,9
TCGGTCCCTGACTCCA-1,24
TCGGTGACCGCTCCGG-1,8
TCGGTTAGCCATGTAG-1,2
TCGTAACTCCCAAGAC-1,0
TCGTAAGACGACATTG-1,11
TCGTAAGCTCCGAGGA-1,0
TCGTACCGACGTCAAG-1,3
TCGTATAGTGCAATTA-1,1
TCGTATCACCAAGCTA-1,7
TCGTATTACCCATTGC-1,27
TCGTATTTCGTCCGGA-1,5
TCGTCAAGTACGCGCA-1,9
TCGTCACACTGTTAGC-1,12
TCGTCCGCTGGCGTCT-1,7
TCGTCCGGGTACACTC-1,12
TCGTCTTAGGCGTTAA-1,9
TCGTGTACTATGGATG-1,13
TCGTGTATTGGTCACG-1,18
TCGTGTCACGCTGACA-1,15
TCGTGTTCGACCACAA-1,2
TCGTTAGGAGTCCCTA-1,16
TCGTTCGTTATTATGT-1,8
TCGTTGACAGGGTCCC-1,15
TCGTTGCTATCCGGTC-1,13
TCGTTGGCTCGTCAAT-1,0
TCGTTTACGCGACCCT-1,4
TCTAAAGAACAGTCTC-1,15
TCTAACCTAGCCTGCG-1,17
TCTAACTGTATGTAAA-1,16
TCTAATACTGCCTCAG-1,5
TCTACACGTTCATGCA-1,20
TCTACCCAATAGAGAG-1,1
TCTACCCGCATCATTT-1,11
TCTACCGTCCACAAGC-1,22
TCTACGCACGATCTCC-1,16
TCTACGGGCTCAGTTG-1,10
TCTAGCAATCTCCGCC-1,13
TCTAGCATCTTCGATG-1,0
TCTAGCATGCCCAGAA-1,6
TCTAGGTGGCGACGCT-1,11
TCTAGTGATATCGTGG-1,18
TCTAGTTATCAGAAGA-1,21
TCTATAGGTGGGTAAT-1,21
TCTATCATGCAGTTAC-1,12
TCTATCCGATTGCACA-1,5
TCTATCGGTCGCAACA-1,12
TCTATGCTATAACGAC-1,3
TCTATTACGCTGGCGA-1,8
TCTATTACTAGAGGAT-1,25
TCTCAAATCAATCGGG-1,6
TCTCAGGCTACTCGCT-1,13
TCTCCAACGTAGGTTA-1,2
TCTCCACAAGTTGAAT-1,5
TCTCCCTGGGCAGCGT-1,2
TCTCGAACGAGGTCAC-1,11
TCTCGACGTATCGCCG-1,26
TCTCGAGGAGGTTCGC-1,1
TCTCGGCTCCAGGACT-1,22
TCTCGTGTTACGAGGA-1,15
TCTCTAATAGCTGGTA-1,0
TCTCTCGCCGCACATA-1,17
TCTCTTACCGCGAACC-1,3
TCTGAACCGGTCGGCT-1,0
TCTGAACTCGTACCCG-1,26
TCTGAAGCACGTGGTC-1,6
TCTGAATTCCGTACAA-1,1
TCTGACGGGCTAACCC-1,11
TCTGACTGTAATGGTT-1,7
TCTGAGCAATTGACTG-1,10
TCTGATCGGGTGCTAG-1,10
TCTGATGTATTCTGTC-1,7
TCTGATTGGAAATGGA-1,8
TCTGCACCATTAGTAA-1,17
TCTGCAGATTCGAGTC-1,15
TCTGCATACCTTGCTT-1,1
TCTGCCAGAAACTGCA-1,9
TCTGCGAATCGTTCGC-1,7
TCTGCGTCCGGTTTCT-1,0
TCTGCTTAGAACAAGC-1,8
TCTGGAGCGTAAGAGT-1,19
TCTGGCCGTTCAAGTT-1,20
TCTGGCGCAAGCCGGG-1,15
TCTGGGAACCTTTGAA-1,7
TCTGGGTAGCGCTCAT-1,8
TCTGTCATACAAGAGC-1,4
TCTGTGACTGACCGTT-1,11
TCTGTGATGGAGGTTG-1,7
TCTGTGCCATCATAGT-1,1
TCTGTGGCTACATTTC-1,21
TCTGTTACCCAGCATA-1,3
TCTGTTTAGATTGTTC-1,9
TCTTAACTCGGATGTA-1,15
TCTTACAGAGGTACCG-1,4
TCTTACCGGAACTCGT-1,10
TCTTACGGCATCCGAC-1,7
TCTTACTTATGCCTCT-1,5
TCTTAGAGCTCCAATT-1,10
TCTTAGAGTGAACTCT-1,2
TCTTATGGGTAGTACC-1,0
TCTTCCCATGGGCACA-1,22
TCTTCGAATAGACGTT-1,6
TCTTCGATACCAATAA-1,11
TCTTCGCGGTGAGAGG-1,26
TCTTCTATAACCCGCC-1,22
TCTTGATGCGTAGCGA-1,9
TCTTGCTCCCGATACT-1,9
TCTTGGTAACACCAAA-1,0
TCTTGGTCAATGATAC-1,23
TCTTTAAGACTATGAA-1,19
TCTTTAGAGTCTAACA-1,11
TCTTTAGCAGGCGAAC-1,24
TCTTTCATCCGTCCTT-1,3
TCTTTCCTTCGAGATA-1,11
TCTTTCGGCGGGACAC-1,17
TCTTTCTCTTAAGGAG-1,19
TGAAACCTCAACTCAC-1,10
TGAAACTTATGCAAGC-1,18
TGAAAGGACCTGACTC-1,2
TGAACAAGCAGGGACT-1,9
TGAACACCCGAAGCAG-1,27
TGAACCTGAATGTGAG-1,13
TGAACTGCTATGACTT-1,0
TGAAGAGCGGTCCTAG-1,3
TGAAGTAGCTTACGGA-1,25
TGAATACCGACGCGTA-1,6
TGAATATGCTATAAAC-1,1
TGAATGAGATACAGCA-1,0
TGAATGAGTGTTTCCC-1,12
TGAATGTCAGCCGGCC-1,12
TGAATTTCACTTGCCT-1,25
TGACAACGCATGTCGC-1,20
TGACAACTTAAAGGTG-1,16
TGACACTTCTCTTTGC-1,24
TGACAGAAATCTTGCT-1,13
TGACAGGACAAGTCCA-1,5
TGACATATATGACGAT-1,22
TGACATCGAGCGGACC-1,8
TGACATGTAACGTGAC-1,14
TGACCAAATCTTAAAC-1,5
TGACCAGCTTCAAAGT-1,0
TGACCCAACTCACATT-1,12
TGACCCACGTTAGACA-1,26
TGACCCAGCATTCCCG-1,13
TGACGAATATTTCCCT-1,19
TGACGATGCACTAGAA-1,1
TGACTATAATCCTTTC-1,0
TGACTCCGAATCATAC-1,27
TGACTCTAACTGGTAA-1,11
TGAGAATGCTTTACCG-1,4
TGAGACGTACCTCTCA-1,2
TGAGAGATTTACCACG-1,6
TGAGATCAAATACTCA-1,0
TGAGATTAGGCCCTAA-1,19
TGAGCAGTCGTGAAGT-1,0
TGAGCCATACAGTCTC-1,7
TGAGCGGAAAGTGTTC-1,16
TGAGCTCAACTGTATA-1,23
TGAGCTTTAATGACGC-1,26
TGAGGAGTGCCAGCTT-1,2
TGAGGCATGTACTGTG-1,23
TGAGGTGTGTGGCGGA-1,14
TGAGGTTGATCCCAAG-1,2
TGAGTAAATTAGCGTA-1,12
TGAGTGCCTCTTAAAT-1,4
TGAGTGGTCCGTGACG-1,16
TGAGTGTAACAACGGG-1,13
TGAGTTAAAGACATTC-1,19
TGATACATTTAGCCGT-1,3
TGATAGCGGGATTCTA-1,15
TGATCACCACACTGAC-1,9
TGATCAGGGAACTGCT-1,25
TGATCCCAGCATTAGT-1,8
TGATCGGTTTGACCCT-1,3
TGATCTACGCTGATCT-1,24
TGATCTATCACACTCT-1,3
TGATCTCCGGCGCCAG-1,0
TGATGCTCACGTAGTC-1,21
TGATGGCTGTTTCTGA-1,10
TGATGGGACTAAGTCA-1,8
TGATGTCAATTAAGTG-1,22
TGATTATGGCACGCAG-1,22
TGATTCAGGTCCCGCG-1,15
TGATTCCCGGTTACCT-1,23
TGATTCGTCTATCACT-1,10
TGATTCTGTCGCCGGT-1,5
TGATTTATTAGCTGTG-1,27
TGATTTCCTCCTGACG-1,0
TGCAAACCCACATCAA-1,7
TGCAAACGTACTAGTT-1,14
TGCAAAGTTCGTCTGT-1,3
TGCAACCCATCTGCGG-1,0
TGCAACTACTGGTTGA-1,5
TGCAAGAATGACGTAA-1,0
TGCAATCTAACACGGT-1,3
TGCAATTTGGGCACGG-1,2
TGCACAGTGAAGTTAT-1,7
TGCACGAGTCGGCAGC-1,8
TGCACTATGTGAGTGC-1,20
TGCAGAACTATATCGT-1,19
TGCAGAGTACCGAGCA-1,0
TGCAGATCGTCCTAGG-1,17
TGCAGCTACGTACTTC-1,15
TGCAGGATCGGCAAAG-1,22
TGCAGTGAGGCTCGGG-1,4
TGCAGTGGTAGGGAAC-1,6
TGCAGTTTCCTCCCAT-1,6
TGCATATGTCTGTCAC-1,2
TGCATCTCCGGATCTT-1,14
TGCATGAGTAGATTCG-1,2
TGCATGGATCGGATCT-1,10
TGCATGGCAGTCTTGC-1,4
TGCATGTGACCCATAG-1,6
TGCATGTGGTAATCTA-1,0
TGCCAAAGTCAGACTT-1,0
TGCCAATGGGTACTCT-1,18
TGCCACACTAGAGGAA-1,24
TGCCACCTGGCGAAAC-1,1
TGCCAGTACGTGGAGA-1,13
TGCCATGGCTTATAAG-1,5
TGCCATTACTAAAGAA-1,10
TGCCCGATAGTTAGAA-1,23
TGCCCGTACCGTTAAA-1,3
TGCCGAAAGCGTATTC-1,24
TGCCGATGTCATCAAT-1,7
TGCCGGATGTACGAGC-1,9
TGCCGTGGATCGTCCT-1,3
TGCCGTGGGACCCAAT-1,5
TGCCGTTCTTAATCGG-1,15
TGCCTAAATTTAATAG-1,24
TGCCTAATTGAAGATT-1,3
TGCCTGACATCGGTCA-1,26
TGCCTGATCAAACGAT-1,8
TGCCTTGCCCTTACGG-1,7
TGCCTTGGCCAGGCAA-1,23
TGCGAATATGGGATTT-1,7
TGCGACACCCTAGTGC-1,3
TGCGACGGCCGAACGT-1,12
TGCGAGAAACGTTACG-1,19
TGCGAGAATATTACCC-1,14
TGCGAGATGGCGGCCA-1,4
TGCGAGCCCTTCCGCG-1,10
TGCGCAAAGCATTTGG-1,1
TGCGCCGTTAATAACG-1,11
TGCGCGATTAACGGAG-1,0
TGCGGACTTGACTCCG-1,4
TGCGGAGTAAAGGTGC-1,5
TGCGGCATAGTTCAAC-1,1
TGCGGGTATTGGGATC-1,5
TGCGGTCTACGAGTAA-1,1
TGCGGTGAAATTTCAT-1,24
TGCGTAAGAACCTGAT-1,4
TGCGTACGGCTAATTG-1,26
TGCGTCATGACTGAGC-1,5
TGCGTGATTGGGTGTC-1,18
TGCGTTTGTTGACACT-1,13
TGCTAAGTGTCTATTT-1,21
TGCTATACAAACGGAC-1,10
TGCTATGGCAAAGGGA-1,5
TGCTCAAAGGATGCAC-1,5
TGCTCACACAACAACC-1,5
TGCTCCACAGTTCTTA-1,12
TGCTCGGCGAAACCCA-1,1
TGCTCGGTGGGTCACC-1,14
TGCTCTGCCGGTTCAC-1,21
TGCTCTTGAGAGTTTG-1,9
TGCTGCGTCAGAGTTA-1,20
TGCTGGTTGGACAATT-1,0
TGCTGTTGAAGAACTC-1,12
TGCTTAGAGAGAATGC-1,20
TGCTTCCCAAGCAGTA-1,4
TGCTTGAAACCATGCA-1,8
TGGAAACGGAGTGAAC-1,11
TGGAACCACTGACACA-1,8
TGGAAGAAGGGAACGT-1,17
TGGAAGACGAACACCA-1,7
TGGAAGGATAAAGATG-1,8
TGGAATATCCTTGACC-1,10
TGGAATTAGACGCTTT-1,1
TGGACACCGTTGCTTG-1,1
TGGACCAATCTAAGAT-1,12
TGGACCACGGCGTTGA-1,0
TGGACGCAATCCAGCC-1,6
TGGACGTAGGCGAATC-1,2
TGGACTGTTCGCTCAA-1,14
TGGAGAATAATCGTCC-1,18
TGGAGCTAAAGTTCCC-1,24
TGGAGGGAAACACCTC-1,1
TGGAGTGATGCGATGA-1,1
TGGATAGAGTAACAGA-1,26
TGGATGGCATCTTGGA-1,2
TGGCAACTCGCGCGCC-1,8
TGGCAAGCACAAGTCG-1,9
TGGCAATGGGACGGCG-1,1
TGGCACGAGCTCGAGT-1,1
TGGCAGATTACGATCA-1,26
TGGCAGCAGTAATAGT-1,9
TGGCATGAAGTTTGGG-1,23
TGGCCAAACTGAAGTA-1,4
TGGCCAATTTGGTACT-1,15
TGGCCGTATATTGACC-1,0
TGGCGACTGCTCCAAA-1,14
TGGCGATCAAGTTATG-1,5
TGGCGGTGTGCGATTG-1,5
TGGCTACACTCTACCT-1,0
TGGCTATGTGACATAC-1,16
TGGCTCTTGTCGCGTA-1,7
TGGCTTATGTATAATG-1,27
TGGCTTGTACAAGCTT-1,22
TGGCTTTGGGTAGACA-1,0
TGGGAAATGCCTTTCC-1,0
TGGGACCATTGGGAGT-1,25
TGGGATGCACTCATTC-1,8
TGGGCAATAGTTGGGT-1,1
TGGGCACAAACAGAAC-1,4
TGGGCACGTTCTATGG-1,8
TGGGCAGGCCACCGCA-1,8
TGGGCCACAAGAGCGC-1,8
TGGGCCCATACTAATT-1,0
TGGGCCTTGCCTGCAT-1,27
TGGGCGATACAATAAG-1,4
TGGGTAAGGTTCCCGC-1,24
TGGGTGCACAAGCCAT-1,2
TGGGTGGGATGTCATT-1,21
TGGGTGTAATAGATTT-1,21
TGGGTGTTAAGTAGAA-1,4
TGGGTTCCCGGACGGA-1,15
TGGGTTTCGGGCGTAC-1,9
TGGTAAGCAGGATTGA-1,1
TGGTACCGGCACAGCC-1,22
TGGTAGAATATATGGG-1,1
TGGTATCGCATCCCAA-1,19
TGGTATCGGTCTGTAT-1,11
TGGTCCCACGCTACGG-1,16
TGGTCGATATACCTCT-1,16
TGGTCGGGTACAGGGC-1,12
TGGTCGTGCAAGGCAA-1,18
TGGTCGTTTGATAGAT-1,4
TGGTCTAGCTTACATG-1,1
TGGTCTGTTGGGCGTA-1,17
TGGTGATCGTATTTGT-1,15
TGGTGCCCTGCCTTAC-1,16
TGGTGTGACAGACGAT-1,25
TGGTTAACTTACATTT-1,3
TGGTTAAGGGCGCTGG-1,5
TGGTTATGCTTGCGGT-1,15
TGGTTCGTAGCAAAGG-1,8
TGGTTGGAGGATCCTG-1,24
TGGTTTAAACGTGGGT-1,7
TGTAACTTGTCAACCT-1,22
TGTAAGACTGATAAGA-1,3
TGTAATGACCACAATA-1,17
TGTAATGCCTTCGGAC-1,5
TGTACCCGACCCTAAT-1,3
TGTACCTACACGAGGG-1,9
TGTACGAACAAATCCG-1,2
TGTACGCTATCAGCTT-1,21
TGTACTACTCTCACGG-1,11
TGTACTATCGCTCGTT-1,5
TGTACTGTGCCAAAGT-1,9
TGTACTTCCGGGCATG-1,26
TGTAGCCAATTCCGTT-1,5
TGTAGCCATCCCATTC-1,2
TGTAGGAGAAATTTCC-1,6
TGTAGTGATCTATAAT-1,16
TGTATAACAGATCCTG-1,7
TGTATACGGATGATGA-1,22
TGTATCAGACTGAAGC-1,0
TGTATCCTTATTCCAT-1,6
TGTATGGCGCAGACAG-1,9
TGTATTTACCTAATGC-1,1
TGTCATTTGTTGGGAA-1,4
TGTCCACGGCTCAACT-1,1
TGTCCCGACATAGCAC-1,0
TGTCCGCAAACAATTC-1,12
TGTCCGTGGCGCCTTT-1,15
TGTCCTAAGTCACCGC-1,15
TGTCGGCATGGTGGAA-1,5
TGTCGTGGGTATAGGC-1,13
TGTCGTTATCACATAT-1,25
TGTCTACAGTTTCTGT-1,26
TGTGACTACGCCAGTC-1,21
TGTGACTAGAGTTTGC-1,17
TGTGAGACTAGCCCAA-1,3
TGTGATTCCAGCGCTT-1,12
TGTGCCAGAGGCAAAG-1,15
TGTGCCGGTGCCGGAA-1,2
TGTGCTTTACGTAAGA-1,27
TGTGGACTATCTACGT-1,19
TGTGGAGGAAGCTTAA-1,8
TGTGGCAAAGCGTATG-1,14
TGTGGCGGGCTTCTGG-1,9
TGTGGCTCCCACCAAC-1,10
TGTGGTAGGGTGCCTT-1,26
TGTGGTTGCTAAAGCT-1,12
TGTGTAGTAGCACGTG-1,18
TGTGTCGAAGTCGAGG-1,0
TGTGTCGCGAGTTGCA-1,12
TGTGTGACCATGAATC-1,17
TGTGTTCGTATCCAAG-1,15
TGTTAACAAAGTGACT-1,22
TGTTATTGTATGTGGC-1,14
TGTTCATAAATGTGCT-1,27
TGTTCCGCTTCCATGA-1,0
TGTTCCGGCCTGAGCT-1,9
TGTTCGTATTGCGGTG-1,6
TGTTCTCATACTATAG-1,24
TGTTCTCTACTCCCTA-1,1
TGTTCTTCCATTGACT-1,18
TGTTGATCACTGTTTA-1,5
TGTTGCCGTCGTCCCA-1,23
TGTTGGCTGGCGGAAG-1,19
TGTTGTCAAGAAGTCT-1,1
TGTTTAATACTTCATC-1,10
TGTTTCGGTACTTCTC-1,22
TGTTTCTGAAGCGTGC-1,25
TGTTTGAGATCGTCAG-1,26
TTAAACAGAGTCCCGC-1,1
TTAAACCGGTAGCGAC-1,1
TTAAACCTGGTTCCTT-1,16
TTAAACTCGAATTCAT-1,10
TTAAAGGCGATGCTCG-1,14
TTAAAGTAAGTCGCCA-1,5
TTAACACCTCGAACAT-1,18
TTAACCAACCCTCCCT-1,20
TTAACCCGAGGCGTGT-1,11
TTAACGAACAAGCAGT-1,4
TTAACGTCGCAAGACC-1,2
TTAACGTTAAAGCCTG-1,17
TTAACTCACGCGTGGA-1,15
TTAACTGATCGTTTGG-1,27
TTAACTTCAGGTAGGA-1,20
TTAAGACGAACGAACC-1,21
TTAAGATACCCAGAGA-1,4
TTAAGATAGGATTGAC-1,2
TTAAGCCGACAACTTC-1,24
TTAAGCGCCTGACCCA-1,4
TTAAGGATACGGAGGT-1,22
TTAAGGCCCGTACTTT-1,13
TTAAGTATTGTTATCC-1,12
TTAATCAGTACGTCAG-1,5
TTAATGTAGACCAGGT-1,4
TTAATGTGTTTGCAGG-1,2
TTAATTGCTTTGGGTG-1,6
TTAATTTCAGACGCGG-1,18
TTACAACTACGCATCC-1,22
TTACACGATCTGCGAC-1,21
TTACAGACCTAAATGA-1,11
TTACATCGTGGCCTGG-1,0
TTACATGCCACAACTA-1,0
TTACCATTGATTACCC-1,17
TTACCCATTGCCGGGT-1,8
TTACCCTAACAGTCCT-1,7
TTACCCTAGGGATTGG-1,6
TTACCGCCTTAGGGAA-1,20
TTACGGATGGTTCGAG-1,18
TTACGGTGTCACCGAG-1,21
TTACGTAGCGCGTGCT-1,4
TTACGTATCTATGACA-1,7
TTACTAAAGGACTTTA-1,5
TTACTATCGGCTTCTC-1,15
TTACTCCGGCCGGGAA-1,0
TTACTCTGGTACGTAC-1,27
TTACTGGGATATTTCA-1,5
TTACTGTCTAGAGCTC-1,5
TTAGAAGAACATGACT-1,9
TTAGAATAAGGGTCGG-1,6
TTAGACACGATCGTTG-1,11
TTAGACGAGTCACCTC-1,1
TTAGAGGGATATACAG-1,2
TTAGAGTATTGTCGAG-1,13
TTAGAGTTTAGAAGGA-1,5
TTAGATAGGTCGATAC-1,1
TTAGCAACATGGATGT-1,0
TTAGCATCCCTCACGT-1,4
TTAGCCATAGGGCTCG-1,3
TTAGCGAATAGATAGG-1,21
TTAGCTAATACGATCT-1,8
TTAGCTCTGTAATCCG-1,17
TTAGCTGATTTGCCGT-1,12
TTAGGATGGGAGGGTA-1,24
TTAGGTCATAACCGAC-1,3
TTAGGTGTGACTGGTC-1,14
TTAGTAAACCTGCTCT-1,2
TTAGTAGGGCGGCGGG-1,22
TTAGTTATTCGTGGCA-1,1
TTAGTTCAAGTGTTCG-1,7
TTATAGATGCACATTA-1,12
TTATAGGTAATTGTCT-1,12
TTATAGTCCAAGGTGC-1,14
TTATATACGCTGTCAC-1,9
TTATATTTGGCAATCC-1,0
TTATCATACTCGCAAA-1,0
TTATCCAATCGAACTC-1,7
TTATCCGGGATCTATA-1,1
TTATCCTCAAGGAATA-1,3
TTATCGCCTGCGAAGC-1,12
TTATCTGACATTAGGA-1,25
TTATCTGTATCATAAC-1,7
TTATGAATGAAAGGGA-1,9
TTATGACAAACTGGAT-1,2
TTATGATCTTAACGAA-1,21
TTATGCGTCCCGGTCC-1,1
TTATGTTTGCGATAGA-1,14
TTATTAGAGCGTGTTC-1,9
TTATTAGGGAAGCATC-1,21
TTATTATCTGGAAGGC-1,20
TTATTTAGGTTCCTTA-1,11
TTATTTCATCCCAAAC-1,0
TTCAAAGTCTCTAGCC-1,22
TTCAACGACCCGACCG-1,6
TTCAAGCCGAGCTGAG-1,10
TTCAATACTCTGAATC-1,4
TTCAATTAGCCATAAT-1,2
TTCACGAAAGGATCAC-1,21
TTCACGGTCGTCACGT-1,13
TTCACTCGAGCACCTA-1,12
TTCACTTCCTAGAACG-1,3
TTCAGAGTAACCTGAC-1,5
TTCAGCCCTGGTCCAC-1,7
TTCAGCTGGCGTGCCC-1,3
TTCAGGCGTCAAAGCC-1,25
TTCAGTTCAAGAGGAG-1,27
TTCAGTTTGTGGCAGC-1,15
TTCATAGCCTTGTAAC-1,3
TTCATAGGGTGTCCAT-1,15
TTCATGGCGCAACAGG-1,1
TTCCAATCAGAGCTAG-1,8
TTCCAATCTGGCTATC-1,6
TTCCACACAGATTTGA-1,2
TTCCACATTTCTCGTC-1,16
TTCCAGACGAGATTTA-1,23
TTCCAGTGGGTTTCGT-1,4
TTCCATCATGCGGTGA-1,24
TTCCATCGACAGCGTG-1,26
TTCCCAAAGTACTGAT-1,24
TTCCCGACGCTTCACT-1,0
TTCCCGGCGCCAATAG-1,7
TTCCGCAGAGAAATAT-1,8
TTCCGCGTGAGGCGAT-1,0
TTCCGGCCTTGAGGCT-1,3
TTCCGGCTCGACTTCT-1,9
TTCCGGTATCTGTGTC-1,11
TTCCGGTTACCCACTT-1,13
TTCCTCGAGGGTGTCT-1,0
TTCCTCTGCCCGAATA-1,19
TTCCTTTCTGTGTTGC-1,8
TTCGAACGAAACATGC-1,25
TTCGACAGAGCCCGTG-1,6
TTCGACGGGAAGGGCG-1,7
TTCGAGCCGGCGCTAC-1,0
TTCGCACTCGCGTGCT-1,7
TTCGCACTGTACGACA-1,23
TTCGCATCCGGAAGCA-1,11
TTCGCCGCTCGCGCTA-1,2
TTCGCGCGCCATACGA-1,9
TTCGCTAGGAAGTTGT-1,23
TTCGCTATCTGACGTG-1,8
TTCGGACTGATGCCTT-1,10
TTCGGACTGGGCATGG-1,5
TTCGGCAACCCGCTGA-1,24
TTCGGCTAGAGATGGT-1,0
TTCGGGACTAATCGCG-1,5
TTCGGGCGCTAGTCTT-1,5
TTCGGGTTGCCACGGG-1,2
TTCGGTACTGTAGAGG-1,5
TTCGGTGGAGACGCCC-1,26
TTCGTAATCCCAGCGG-1,24
TTCGTACTCCAGAACG-1,16
TTCGTGCATGTTATAG-1,4
TTCGTGGGCTGGAAGC-1,9
TTCGTTCAACGAAGTT-1,19
TTCTAACCGAAGCTTA-1,4
TTCTACCTCAATCGGT-1,4
TTCTACCTTTATGTTG-1,2
TTCTACTTGCGAGGGC-1,17
TTCTAGAAAGTCTTAT-1,5
TTCTAGGCCAATTGTG-1,3
TTCTATGCCTTTCGCA-1,7
TTCTATTAAACGCAGC-1,14
TTCTCAATTGCTACAA-1,5
TTCTCTTACAGGTGAT-1,25
TTCTGACCGGGCTCAA-1,7
TTCTGCCGCGCCTAGA-1,21
TTCTGCGAGCGCCCTT-1,17
TTCTGCGGGTTAGCGG-1,13
TTCTGCTAGACTCCAA-1,10
TTCTGTTTCCTGTCGC-1,14
TTCTTAGTGAACGGTG-1,11
TTCTTAGTGGCTCAGA-1,0
TTCTTATCCGCTGGGT-1,22
TTCTTCGCAATAGAGC-1,0
TTCTTGAGCCGCGCTA-1,20
TTCTTGCTAGCATCTC-1,17
TTCTTGGACGATCTGC-1,5
TTCTTGGAGTAATGAG-1,21
TTCTTGTAACCTAATG-1,13
TTCTTGTGTCCATCAG-1,16
TTCTTTGGTCGCGACG-1,19
TTGAAACCCTCATTCC-1,0
TTGAAAGGTGTAAAGG-1,23
TTGAACGAATCCTTTG-1,17
TTGAACGACGTGCTGA-1,12
TTGAAGAATTCCCAGG-1,21
TTGAAGGATGGGCGCC-1,27
TTGAAGTGCATCTACA-1,8
TTGAATCGTTGTATAA-1,25
TTGAATTCACGTGAGG-1,2
TTGACAGGAGCTCCCG-1,7
TTGACATGAACGTGGA-1,17
TTGACCAGGAACAACT-1,14
TTGACCATGTTCTCCG-1,0
TTGACCGTGTTAATGA-1,12
TTGACGATTCAGCACG-1,0
TTGACGCTCCATGAGC-1,0
TTGACTACCATATGGT-1,6
TTGACTATTGTCCGGC-1,0
TTGAGAAGTTTAGCAT-1,7
TTGAGAGTACTGCTAA-1,6
TTGAGCAGCCCACGGT-1,11
TTGAGCGCCACGTGAT-1,24
TTGAGGCATTTAACTC-1,0
TTGAGGGTCGAACGCG-1,14
TTGAGTCCCGCTGCTG-1,23
TTGATAGTCAATACAT-1,10
TTGATCTAACTTTGTC-1,11
TTGATGCCGCTCGTCG-1,3
TTGATGTGTAGTCCCG-1,18
TTGATTAGCTGTTTCT-1,3
TTGATTATGCAGATGA-1,18
TTGCAAGAAGACTCCT-1,3
TTGCACAATTCAGAAA-1,4
TTGCACGGAGCAGCAC-1,1
TTGCAGGTCATGAAGT-1,0
TTGCATGCTGATCACG-1,25
TTGCCAAGCAGAACCC-1,26
TTGCCATAGCCCGCTC-1,3
TTGCCCTGATCACGGG-1,25
TTGCCGCAGACCTACA-1,18
TTGCCGCTTTCTAGTA-1,16
TTGCCGGTGATCCCTC-1,11
TTGCCTAATCCAAAGT-1,3
TTGCCTTCTCGCCGGG-1,16
TTGCGCACAACCACGT-1,1
TTGCGCTCTCTCGCTT-1,14
TTGCGCTTGATCAATA-1,21
TTGCGGAAAGCTGCCC-1,27
TTGCGGCATCAGAAAG-1,16
TTGCGTAGTTTGAGGA-1,4
TTGCGTCGGCCAACCG-1,12
TTGCGTGAACGCTTAG-1,10
TTGCGTGTGTAGGCAT-1,13
TTGCTAGCTACCAATC-1,20
TTGCTCATAGTACGTG-1,5
TTGCTCCCATACCGGA-1,1
TTGCTGAAGGAACCAC-1,5
TTGCTGATCATGTTCG-1,1
TTGCTGCACCTATCCA-1,0
TTGCTGGCCGGGCTTC-1,24
TTGGAAGAATACAGTC-1,3
TTGGACATGTGGCTTA-1,25
TTGGACCATCTGGCAA-1,10
TTGGACCTATAACAGT-1,5
TTGGAGTCTCCCTTCT-1,9
TTGGATATCGTCTACG-1,3
TTGGATCGACTTCTGG-1,19
TTGGATTGGGTACCAC-1,12
TTGGCCAAATTGTATC-1,13
TTGGCCATCTTGCGCT-1,1
TTGGCCTAGAATTTCG-1,24
TTGGCGATCCGAATAT-1,24
TTGGCTCAATATGTGT-1,6
TTGGCTCGCATGAGAC-1,7
TTGGGAAGACGAGCCG-1,13
TTGGGACACTGCCCGC-1,7
TTGGGACGTAAGAGTT-1,10
TTGGGCGGCGGTTGCC-1,1
TTGGGTTTATTCAGCG-1,13
TTGGTATGGCTTGTGT-1,19
TTGGTCACACTCGTAA-1,9
TTGGTGCGGTGTTGAA-1,3
TTGGTTCGCTCAAAGG-1,11
TTGGTTGCGGTGCGCG-1,2
TTGTAACTTCATAGCG-1,0
TTGTAAGGACCTAAGT-1,4
TTGTAAGGCCAGTTGG-1,7
TTGTAATCCGTACTCG-1,1
TTGTACACCTCGAACA-1,15
TTGTATCACACAGAAT-1,18
TTGTCACCGCGGTATC-1,2
TTGTCGTTCAGTTACC-1,0
TTGTCTCGGCAAGATG-1,16
TTGTGAACCTAATCCG-1,3
TTGTGAGGCATGACGC-1,17
TTGTGATCTGTTCAGT-1,23
TTGTGCAGCCACGTCA-1,12
TTGTGCGGAAGCGGAT-1,18
TTGTGGAGACAGCCGG-1,9
TTGTGGCCCTGACAGT-1,23
TTGTGGTAGGAGGGAT-1,12
TTGTGGTATAGGTATG-1,22
TTGTGGTGGTACTAAG-1,12
TTGTGTATGCCACCAA-1,17
TTGTGTTTCCCGAAAG-1,5
TTGTTCAGTGTGCTAC-1,19
TTGTTCTAGATACGCT-1,0
TTGTTGGCAATGACTG-1,9
TTGTTGTGTGTCAAGA-1,23
TTGTTTCACATCCAGG-1,3
TTGTTTCATTAGTCTA-1,20
TTGTTTCCATACAACT-1,9
TTGTTTGTATTACACG-1,25
TTGTTTGTGTAAATTC-1,17
