barcode,cluster
AAACAACGAATAGTTC-1,0
AAACAAGTATCTCCCA-1,6
AAACAATCTACTAGCA-1,2
AAACACCAATAACTGC-1,9
AAACAGAGCGACTCCT-1,11
AAACAGCTTTCAGAAG-1,2
AAACAGGGTCTATATT-1,4
AAACAGTGTTCCTGGG-1,5
AAACATGGTGAGAGGA-1,5
AAACATTTCCCGGATT-1,0
AAACCACTACACAGAT-1,3
AAACCCGAACGAAATC-1,10
AAACCGGAAATGTTAA-1,4
AAACCGGGTAGGTACC-1,2
AAACCGTTCGTCCAGG-1,10
AAACCTAAGCAGCCGG-1,2
AAACCTCATGAAGTTG-1,12
AAACGAAGAACATACC-1,3
AAACGAAGATGGAGTA-1,8
AAACGACAGTCTTGCC-1,3
AAACGAGACGGTTGAT-1,4
AAACGCCCGAGATCGG-1,9
AAACGCTGGGCACGAC-1,2
AAACGGGCGTACGGGT-1,1
AAACGGGTTGGTATCC-1,1
AAACGGTTGCGAACTG-1,1
AAACGTGTTCGCCCTA-1,3
AAACTAACGTGGCGAC-1,3
AAACTCGGTTCGCAAT-1,4
AAACTCGTGATATAAG-1,3
AAACTGCTGGCTCCAA-1,4
AAACTTAATTGCACGC-1,8
AAACTTGCAAACGTAT-1,0
AAAGAATGACCTTAGA-1,7
AAAGAATGTGGACTAA-1,6
AAAGACATGAAGTTTA-1,9
AAAGACCCAAGTCGCG-1,2
AAAGACTGGGCGCTTT-1,9
AAAGCTTGCCTACATA-1,4
AAAGGCCCTATAATAC-1,8
AAAGGCTACGGACCAT-1,6
AAAGGCTCTCGCGCCG-1,10
AAAGGGATGTAGCAAG-1,5
AAAGGGCAGCTTGAAT-1,0
AAAGGTAAGCTGTACC-1,3
AAAGGTCAACGACATG-1,9
AAAGTAGCATTGCTCA-1,1
AAAGTCACTGATGTAA-1,1
AAAGTCGACCCTCAGT-1,12
AAAGTGCCATCAATTA-1,13
AAAGTGTGATTTATCT-1,0
AAAGTTGACTCCCGTA-1,2
AAATAACCATACGGGA-1,7
AAATAAGGTAGTGCCC-1,13
AAATACCTATAAGCAT-1,7
AAATAGCTTAGACTTT-1,6
AAATAGGGTGCTATTG-1,13
AAATCACTCCTAAACG-1,3
AAATCCGATACACGCC-1,2
AAATCGCGGAAGGAGT-1,8
AAATCGTGTACCACAA-1,7
AAATCTAGCCCTGCTA-1,0
AAATCTGCCCGCGTCC-1,8
AAATGACTGATCAAAC-1,10
AAATGATTCGATCAGC-1,3
AAATGCTCGTTACGTT-1,2
AAATGGCATGTCTTGT-1,0
AAATGGCCCGTGCCCT-1,2
AAATGGTCAATGTGCC-1,1
AAATGTATCTTATCCC-1,5
AAATGTGGGTGCTCCT-1,3
AAATTAACGGGTAGCT-1,8
AAATTAATAAGCGCGA-1,12
AAATTACACGACTCTG-1,11
AAATTACCTATCGATG-1,3
AAATTCCAGGTCCAAA-1,6
AAATTGATAGTCCTTT-1,0
AAATTGCGGCGGTTCT-1,12
AAATTGGTGAGAAGCA-1,11
AAATTTACCGAAATCC-1,3
AAATTTGCGGGTGTGG-1,2
AACAACTGGTAGTTGC-1,4
AACAATACATTGTCGA-1,0
AACAATTACTCTACGC-1,6
AACACACGCTCGCCGC-1,2
AACACGACTGTACTGA-1,3
AACACGAGACGCGGCC-1,7
AACACGCGGCCGCGAA-1,0
AACAGCTGTGTGGCAA-1,5
AACAGGAAATCGAATA-1,11
AACAGGATGGGCCGCG-1,2
AACAGGTAGTATGGAT-1,4
AACATAGCGTGTATCG-1,4
AACATATCAACTGGTG-1,3
AACATCGATACGTCTA-1,11
AACATTGAAGTTGATC-1,8
AACATTGGTCAGCCGT-1,0
AACATTGTGACTCGAG-1,0
AACCAAGACTTCTCTG-1,12
AACCAGTATCACTCTT-1,3
AACCATAGGGTTGAAC-1,8
AACCATGGGATCGCTA-1,1
AACCCAGAGACGGAGA-1,0
AACCCATCCCATGATC-1,5
AACCCGACAACCCGTG-1,0
AACCCGAGCAGAATCG-1,4
AACCCGATAGGGCTTC-1,3
AACCCGCTGTATTCCA-1,8
AACCCTACTGTCAATA-1,2
AACCCTGGTGGAACCA-1,3
AACCGAGCTTGGTCAT-1,9
AACCGCTAAGGGATGC-1,2
AACCGTTGTGTTTGCT-1,1
AACCTAAAGCCGTCCG-1,10
AACCTCGCTTTAGCCC-1,2
AACCTGTCACGGAATT-1,6
AACCTTTAAATACGGT-1,2
AACCTTTACGACGTCT-1,11
AACGAAAGTCGTCCCA-1,9
AACGACCTCCTAGCCG-1,4
AACGATAATGCCGTAG-1,1
AACGATAGAAGGGCCG-1,0
AACGATATGTCAACTG-1,11
AACGCATGATCTGGGT-1,3
AACGCGAACGGCAACA-1,7
AACGCGACCTTGGGCG-1,2
AACGCGGTCTCCAGCC-1,5
AACGCTGTTGCTGAAA-1,2
AACGGACGTACGTATA-1,2
AACGGCCATCTCCGGT-1,1
AACGTACTGTGGGTAC-1,8
AACGTAGTCTACCCAT-1,4
AACGTCAGACTAGTGG-1,6
AACGTCATCCGGCTTG-1,8
AACGTGATGAAGGACA-1,11
AACGTGCGAAAGTCTC-1,4
AACGTTATCAGCACCT-1,5
AACGTTCTACCATTGT-1,10
AACTACCCGTTTGTCA-1,7
AACTAGCGTATCGCAC-1,5
AACTAGGCTTGGGTGT-1,4
AACTCAAGTTAATTGC-1,10
AACTCCAGAGCGTGTT-1,1
AACTCCTAATCCCATG-1,3
AACTCGATAAACACGT-1,12
AACTCGATGGCGCAGT-1,1
AACTCTCAATAGAGCG-1,1
AACTCTCAGTGTGCTC-1,10
AACTGAGGTCAGCGTC-1,3
AACTGAGTTATACTGA-1,9
AACTGATATTAGGCCT-1,3
AACTGGGTCCCGACGT-1,11
AACTGGGTTCGAGCCG-1,13
AACTGGTGTGGGCCTT-1,1
AACTTCTGCGTCTATC-1,0
AACTTGCCCGTATGCA-1,7
AACTTGCGTTCTCGCG-1,1
AACTTTACGGGAGCTT-1,5
AACTTTAGCTGCTGAG-1,5
AACTTTCTCGATCATG-1,3
AAGAAAGTTTGATGGG-1,14
AAGAAATCACCAGATT-1,3
AAGAAGGATCAGTTAG-1,0
AAGACATACGTGGTTT-1,4
AAGACCAAATAACTCA-1,8
AAGACCCAACTGAACA-1,6
AAGACTAACCCGTTGT-1,6
AAGACTCACGCCCACT-1,9
AAGACTGCAAGCTACT-1,11
AAGAGATGAATCGGTA-1,7
AAGAGCTCTTTATCGG-1,12
AAGAGGATGTACGCGA-1,10
AAGAGGCATGGATCGC-1,1
AAGAGGCCCTTTGGAA-1,1
AAGATGGCACCGGACC-1,3
AAGATTGGCGGAACGT-1,5
AAGCACCCTGCGTATC-1,0
AAGCATACTCTCCTGA-1,2
AAGCCACTTGCAGGTA-1,8
AAGCCGAAGCGGTTTA-1,4
AAGCCGCCGTGAAATC-1,8
AAGCCGCTTTACCTTG-1,3
AAGCCGGAGAGCAGGA-1,13
AAGCGCAGGGCTTTGA-1,6
AAGCGGAGTGCGCGCA-1,3
AAGCGGCGTCATGGGT-1,3
AAGCGTCCCTCATCGA-1,10
AAGCTAGATCGAGTAA-1,2
AAGCTATGGATTGACC-1,14
AAGCTCGTGCCAAGTC-1,10
AAGCTCTTTCATGGTG-1,6
AAGGAGAACTTATAAG-1,3
AAGGAGCGGTTGGTGC-1,2
AAGGATCGATCGCTTG-1,0
AAGGATGAGGGACCTC-1,9
AAGGCAGGCTGTCTCC-1,6
AAGGCGCGTAAAGCTT-1,0
AAGGCTGTGCTCATCG-1,0
AAGGGAACGACTGGCT-1,8
AAGGGACAGATTCTGT-1,11
AAGGGACTATGCATTC-1,5
AAGGGTTAGCCATGCG-1,5
AAGGGTTTGATTTCAG-1,8
AAGGTATCCTAATATA-1,8
AAGGTGATAAACCAGC-1,2
AAGTAAGCTTCCAAAC-1,9
AAGTAGAAGACCGGGT-1,2
AAGTAGTGACGCGAGG-1,2
AAGTCAATTGTCGTCA-1,4
AAGTCTAGTAGCTGCC-1,3
AAGTCTTCTGTGGCCT-1,2
AAGTGACGACCGAATT-1,12
AAGTGAGTCGGGTTTA-1,4
AAGTGCAAAGGTAGAC-1,5
AAGTGCCTTGACTGTA-1,6
AAGTGCGTTAGAATCT-1,0
AAGTGCTTCTCTATTG-1,1
AAGTGTTTGGAGACGG-1,4
AAGTTCACTCCAAGCT-1,4
AAGTTCAGTCTGCGTA-1,3
AAGTTCGGCCAACAGG-1,2
AAGTTGTGATGTTATA-1,1
AAGTTTACTAATGGCA-1,3
AAGTTTATGGGCCCAA-1,0
AATAACAACGCTCGGC-1,5
AATAACACTAGAACAA-1,10
AATAACGTCGCGCCCA-1,6
AATAAGTCCTCGAGAC-1,7
AATAATCTTCGTATCG-1,6
AATACAATGTTTCAGG-1,4
AATACCGGAGGGCTGT-1,13
AATACCTGATGTGAAC-1,1
AATAGAACAGAGTGGC-1,10
AATAGAATCTGTTTCA-1,2
AATAGCAAGCCTCCTG-1,13
AATAGCTACCGCGTGC-1,11
AATAGGCACGACCCTT-1,14
AATAGTCCGTCCCGAC-1,3
AATAGTCGCGAGTCGG-1,10
AATATCAAGGTCGGAT-1,1
AATATCCTAGCAAACT-1,2
AATATCGAATCAATGC-1,1
AATATCGAGGGTTCTC-1,3
AATATTGGAGTATTGA-1,12
AATCAGACTGCAGGAC-1,12
AATCAGGTTTCATTTA-1,5
AATCATGTAAAGACTC-1,0
AATCCAAGGGCCTGAG-1,7
AATCCATGCAAGGGTG-1,6
AATCCCGCTCAGAGCC-1,10
AATCGAGGTCTCAAGG-1,1
AATCGCCTCAGCGCCA-1,4
AATCGCGCAGAGGACT-1,13
AATCGGGACACTACGA-1,11
AATCGGTATAGCCCTC-1,2
AATCGTGAGCCGAGCA-1,6
AATCTAGGTTTACTTG-1,2
AATCTATGCCGGAGCC-1,3
AATCTCTACTGTGGTT-1,12
AATCTGCGTTGGGACG-1,1
AATCTGGCTTTCTAGT-1,0
AATCTGGGTAGACCCT-1,4
AATGACAGCAATGTCT-1,1
AATGACGTAGGATGTC-1,2
AATGACTGTCAGCCGG-1,2
AATGAGTTCGCATATG-1,2
AATGATGATACGCTAT-1,8
AATGATGCGACTCCTG-1,3
AATGCAACCGGGTACC-1,10
AATGCACCAAGCAATG-1,5
AATGGCCGCCAATGCG-1,3
AATGGTCCACCGTTCA-1,5
AATGGTTCTCACAAGC-1,0
AATGTATGGCACTGTA-1,8
AATGTGCCCGAGGTGT-1,7
AATGTGCTAATCTGAG-1,9
AATGTTAAGACCCTGA-1,1
AATGTTGTCGTGAGAC-1,2
AATTAAAGGTCGGCGT-1,10
AATTAACGGATTTCCA-1,0
AATTACGAGACCCATC-1,5
AATTACTCGTACGCTC-1,12
AATTAGCGCTGCAGCG-1,4
AATTATACCCAGCAAG-1,10
AATTCATAAGGGATCT-1,11
AATTCATTGTCATGCA-1,8
AATTCCAACTTGGTGA-1,0
AATTCCAAGCATGTAC-1,2
AATTCGATTCGAGGAT-1,0
AATTCTAGAGTTAGGC-1,1
AATTGAACGCTCTGGT-1,2
AATTGCAGCAATCGAC-1,4
AATTGCGTGGATTACA-1,11
AATTGTGGTTGCCAAA-1,6
AATTTGGGACATAGTA-1,3
AATTTGGTTCCAAAGA-1,10
ACAAACCATGCGTCCT-1,8
ACAAACCGACAAGGCG-1,10
ACAAACTCCATCAGAG-1,8
ACAAAGAAGGTAGGCC-1,10
ACAAAGCATGACCTAG-1,6
ACAAATCGCACCGAAT-1,0
ACAAATGGTAGTGTTT-1,12
ACAAATTCAGATCTGA-1,6
ACAACAGCATGAGCTA-1,3
ACAACGGTCCCTGCGA-1,0
ACAAGCAGTGCCTAGC-1,7
ACAAGGAAATCCGCCC-1,1
ACAAGGACAAGAGGTT-1,0
ACAAGGATGCTTTAGG-1,6
ACAAGGCCTACCAGCC-1,2
ACAAGGGCAGGCTCTG-1,2
ACAATAGTCGTACGTT-1,2
ACAATCCATTTAAACC-1,5
ACAATCGATCTTTATA-1,4
ACAATGAATACGGAGA-1,1
ACAATGATTCTTCTAC-1,3
ACAATTGTGTCTCTTT-1,2
ACAATTTAGGAGGCTC-1,10
ACAATTTGAGCAGTGG-1,4
ACAATTTGGCCATATT-1,6
ACACAAAGACGGGTGG-1,5
ACACAAATATTCCTAG-1,3
ACACACCAGGACCAGT-1,2
ACACACTTTCTACACG-1,11
ACACATGATCAAATCT-1,3
ACACATTGACGCAACA-1,0
ACACATTTCCGTAGAC-1,2
ACACCACATAATTAGC-1,6
ACACCCAGCATGCAGC-1,6
ACACCCGAGAAATCCG-1,0
ACACCCGTAAATCTGT-1,6
ACACCGAGCGCTCTTT-1,4
ACACCGGTCTGACCGC-1,8
ACACCTTAAGTAGGGC-1,0
ACACCTTACTACTTGC-1,1
ACACGAGACTCCTTCT-1,10
ACACGGCACTATGCAT-1,1
ACACGGGAACTTAGGG-1,10
ACACGTAGGCCACAAG-1,4
ACACTCCAATGTCACT-1,2
ACACTGATCAAGGTGT-1,0
ACACTGGGACAGTCGT-1,4
ACAGAACTGAGAACAA-1,3
ACAGATTAGGTTAGTG-1,11
ACAGCATAGAGCCAGT-1,4
ACAGCGACATTCTCAT-1,2
ACAGCGCACCCGCAGC-1,5
ACAGGAGGCGCAGCCG-1,2
ACAGGCACGGATCCTT-1,6
ACAGGCTTGCCCGACT-1,2
ACAGGTGGAGGTGAGG-1,10
ACAGGTGTGTTGTTGC-1,2
ACAGTAATACAACTTG-1,2
ACAGTATACCGTGGGA-1,3
ACAGTGCAGCGCATTT-1,9
ACATAAGTCGTGGTGA-1,8
ACATAATAAGGCGGTG-1,3
ACATACAATCAAGCGG-1,6
ACATCAGCTGGGACGC-1,5
ACATCCCGGCCATACG-1,6
ACATCCTGGTAACTGT-1,1
ACATCGATCGTTTACC-1,7
ACATCGGTCAGCCGCG-1,11
ACATCGTATGCAATGG-1,2
ACATCGTTAACCTAGT-1,5
ACATCTCAACGCGTAA-1,9
ACATGCTTACGGCAGC-1,8
ACATGGCGCCAAAGTA-1,9
ACATGGCTCAATTTAG-1,1
ACATTAGTTTATATCC-1,7
ACATTCGCGCGGAATA-1,8
ACATTTGAAACCTAAC-1,1
ACCAAACACCCAGCGA-1,5
ACCAAACTAGAAATCC-1,7
ACCAACACCACACACT-1,11
ACCAACCGCACTCCAC-1,6
ACCAACGCTTATTTAT-1,1
ACCAAGAACGCGTGTC-1,0
ACCAAGTCATCGGCAG-1,4
ACCAATATGCAAGTTA-1,2
ACCACAACTCAGAACA-1,5
ACCACAAGTTTCTATC-1,5
ACCACACGGTTGATGG-1,12
ACCACCAATGTAACAA-1,9
ACCACCCTCTCTTCTA-1,3
ACCACGTGCAGCTATA-1,2
ACCACTGTTCAAGAAG-1,12
ACCAGACCATAACAAC-1,0
ACCAGCCCGGTCTTTG-1,1
ACCAGGAGTGTGATCT-1,0
ACCAGTGCCCGGTCAA-1,3
ACCAGTGCGGGAGACG-1,0
ACCATATCCGCAATAA-1,10
ACCATCCGCCAACTAG-1,2
ACCATCGTATATGGTA-1,5
ACCATTAAGGGTGTCA-1,1
ACCCAACGCCCGTGGC-1,4
ACCCACCTACATGCTC-1,2
ACCCATCTTGAGGGTA-1,12
ACCCATTTGTCCCTCT-1,2
ACCCGAGCGAAATTAC-1,5
ACCCGATTGGTTCCGA-1,5
ACCCGGAAACTCCCAG-1,0
ACCCGGAGCACCACAA-1,4
ACCCGGATGACGCATC-1,1
ACCCGGTTACACTTCC-1,10
ACCCGTAGCAGAGAAT-1,8
ACCCGTAGTCTAGTTG-1,2
ACCCGTGTCATCAGTA-1,4
ACCCTATAGGACTGAG-1,1
ACCCTATGCCATATCG-1,10
ACCCTCCCGTCAGGGC-1,7
ACCCTCCCTTGCTATT-1,0
ACCCTGGTAACGCCCT-1,7
ACCCTTCATCTGCGAA-1,11
ACCCTTGCCTGGGTCG-1,3
ACCCTTTAGTTCTCCA-1,5
ACCGAAAGGGCCCTGC-1,6
ACCGAAGAGTCTGGTT-1,10
ACCGACACATCTCCCA-1,10
ACCGACTGAGTCCCAC-1,10
ACCGAGTCTCCTTATT-1,0
ACCGATAGGCATAACC-1,4
ACCGATATTTAATCAT-1,6
ACCGATGGTAGCATCG-1,12
ACCGCAATAACTGCCT-1,2
ACCGCGGTGGAAGTCG-1,2
ACCGCTAGTCATTGGT-1,8
ACCGGGCCTTTGTTGA-1,0
ACCGGTCAGGTACACC-1,3
ACCGGTCTGAGTACGG-1,9
ACCGTCCACTGGGCCC-1,8
ACCGTGACCACGTGGG-1,1
ACCGTTCCCGCTCTGA-1,3
ACCTAAGTACCTTTCA-1,1
ACCTAATCGACTTCCT-1,0
ACCTACAGTATGTGGT-1,6
ACCTACTATAAATCTA-1,1
ACCTCCGCCCTCGCTG-1,4
ACCTCCGTTATTCACC-1,4
ACCTCGAACTTATGCT-1,8
ACCTGCGTGTCATGTT-1,2
ACCTTTCCTTTAGAAG-1,0
ACGAAATGGGCGGCAC-1,12
ACGACCCATGAGTTGC-1,6
ACGACTCTAGGGCCGA-1,4
ACGACTGGTCATACTC-1,0
ACGAGAACCCATCACG-1,0
ACGAGATATTTGCTTA-1,11
ACGAGGATACCACTCT-1,2
ACGAGGTTTACAACGT-1,3
ACGAGTACGGATGCCC-1,7
ACGAGTCGCCGGCGTT-1,12
ACGATACATAGAACTA-1,10
ACGATACCTATCCTGA-1,6
ACGATCATACATAGAG-1,10
ACGATCATCTTGTAAA-1,9
ACGATGCATATGTTAT-1,2
ACGATGGATCCGATGC-1,1
ACGCAAACTAATAGAT-1,4
ACGCAATCACTACAGC-1,3
ACGCATAAATGACATG-1,3
ACGCATACGTTTACTA-1,7
ACGCATTCGTGAGTAC-1,5
ACGCCACTCGAAACAG-1,1
ACGCCAGATGATTTCT-1,10
ACGCCAGTGCGTTTGC-1,4
ACGCCCAGCTGTCGAT-1,4
ACGCCGCTAGACGACC-1,2
ACGCCTGACACGCGCT-1,13
ACGCGAAGTCAGACGA-1,7
ACGCGCTACACAGGGT-1,2
ACGCGGGCCAAGGACA-1,12
ACGCGTTTCTTAAGAG-1,5
ACGCTACTGAATGGGC-1,5
ACGCTAGTATCAGTGC-1,3
ACGCTAGTGATACACT-1,11
ACGCTGTGAGGCGTAG-1,12
ACGCTTAGTGTCTCTC-1,5
ACGGAACACGAGTGCC-1,2
ACGGAATTTAGCAAAT-1,0
ACGGACGCAGCGACAA-1,14
ACGGACTCTCAAAGCG-1,6
ACGGAGCGCAAATTAC-1,3
ACGGATGGTGCGGATA-1,2
ACGGCACTTGCTTGGG-1,7
ACGGCCAACATGGACT-1,0
ACGGCGACGATGGGAA-1,2
ACGGCGGGTTGCCCTG-1,0
ACGGCTGGATGTAGAA-1,5
ACGGGAGTGTCGGCCC-1,0
ACGGGCGTATGCGACA-1,3
ACGGGTCATGTGACTT-1,7
ACGGGTTGTGACCTGT-1,8
ACGGTACAGTTCAATG-1,4
ACGGTCACCGAGAACA-1,11
ACGTACAGATTTCTCT-1,3
ACGTACTTTGGCACGG-1,5
ACGTAGATTGCTGATG-1,5
ACGTAGGAGAGTCGCT-1,1
ACGTATTACTCCGATC-1,0
ACGTCCTAAACGAGAT-1,4
ACGTCGGGCAACTCGG-1,11
ACGTCTCGTTCCGGGA-1,1
ACGTGACAAAGTAAGT-1,1
ACGTGCGCCTCGTGCA-1,13
ACGTGGTCGAATGTGC-1,9
ACGTTAATGTCGAAGA-1,2
ACGTTAGATTTGCCCG-1,10
ACGTTATTGGTCACTC-1,13
ACGTTCACTATGCCGC-1,10
ACGTTCCGCGCTCCGT-1,1
ACGTTCGCAATCAATT-1,6
ACGTTCGTTCAGGAAA-1,13
ACGTTCTGTACAAGTC-1,6
ACGTTGTCGTTGAAAG-1,8
ACGTTTAGTTGTGATC-1,11
ACGTTTCGGTGCACTT-1,5
ACTAAGGACGCACACC-1,3
ACTAATACGTCAGGCG-1,3
ACTACAAAGAGAGGTG-1,4
ACTACATCCCGACAAG-1,8
ACTACCAGCTCTCTGG-1,1
ACTACCATCCGAGGGC-1,8
ACTACGCGTTAGAATT-1,6
ACTAGTTGCGATCGTC-1,2
ACTATATGCTGTGTTC-1,3
ACTATCCAGGGCATGG-1,4
ACTATCGCCGGCTAAA-1,0
ACTATCTGCCCGCGTA-1,2
ACTATGTCCAGCTGCC-1,8
ACTATTCGTCCGTGGT-1,5
ACTATTTCCGGGCCCA-1,1
ACTCAACGAATGTATT-1,0
ACTCAAGTGCAAGGCT-1,6
ACTCAATAAAGGCACG-1,10
ACTCAGACCTGCTTCT-1,1
ACTCATGGCAGCCTTC-1,8
ACTCCAATATCATCAT-1,5
ACTCCCATTCCTAAAG-1,2
ACTCCCGAATTCGTTT-1,1
ACTCCCGTAGACTAGG-1,11
ACTCCCTAATGCTAAA-1,0
ACTCCCTAGAATAGTA-1,2
ACTCCGGCCGACCACT-1,1
ACTCGATGTATTTCAT-1,1
ACTCGCCGTTCGATAA-1,6
ACTCGCGATCTGACGC-1,3
ACTCGTAACCCGTCCT-1,2
ACTCGTCAGTAATCCC-1,1
ACTCTAAACCTGGGAT-1,5
ACTCTCTGACTTAGGT-1,2
ACTCTCTTATACACGA-1,11
ACTCTGACCTAATAGA-1,6
ACTCTTCAGCTCCCGC-1,6
ACTCTTGTATAGTAAC-1,11
ACTGAAACGCCGTTAG-1,0
ACTGAATGGCGAAAGT-1,2
ACTGATTTAGTGATTC-1,11
ACTGCCCGCCATTCTC-1,5
ACTGCCGTCGTAACTC-1,10
ACTGCGGACACACCGT-1,4
ACTGCTCGGAAGGATG-1,8
ACTGGCGAACCTGCGT-1,3
ACTGGGATGCCAGTGC-1,9
ACTGTACGATACACAT-1,4
ACTGTAGCACTTTGGA-1,0
ACTGTATACGCGAGCA-1,0
ACTGTCCAGGATTATA-1,8
ACTGTCTTCTTTAGAA-1,12
ACTGTGCTAGTAGATC-1,1
ACTGTTTAGTGTAGGC-1,6
ACTTACCGGGCGCGCA-1,3
ACTTACGCATCCACGC-1,0
ACTTAGTACGACAAGA-1,7
ACTTATACTTACCCGG-1,1
ACTTATCTGATCTATA-1,2
ACTTATTAGGATCGGT-1,10
ACTTATTTATGTGCCA-1,2
ACTTCAGGCTGATCCC-1,1
ACTTCCAGTGGAAGCT-1,8
ACTTCCATGCGGGACA-1,6
ACTTCCTGTCGTGCGA-1,9
ACTTCGCCATACGCAC-1,11
ACTTCGCTAGCGAGTG-1,4
ACTTGACTCCCTCTTT-1,2
ACTTGCCATATTGTAC-1,0
ACTTGCTCTATCTACC-1,8
ACTTGGGACCCGGTGG-1,2
ACTTGGGCTTTCGCCA-1,10
ACTTGTAGTCCCTTCA-1,6
ACTTGTGGATGGAACG-1,0
ACTTGTTACCGGATCA-1,8
ACTTTACCCTCATGAA-1,9
ACTTTATACACCACTT-1,14
ACTTTCCTATAGCTTC-1,12
ACTTTGACTGCATCCT-1,12
ACTTTGGTCGTGCTCC-1,5
ACTTTGTCGACGCACT-1,6
AGAAATTATGACTCGC-1,3
AGAACACGGCGATGGT-1,14
AGAACCCAGCGTGACA-1,4
AGAACCCTCAATTGGG-1,8
AGAACGTGGTACATTC-1,8
AGAACTGTACTTTGTA-1,6
AGAAGAGCGCCGTTCC-1,12
AGAAGGTACACTTCAC-1,5
AGAAGGTTGCCGAATT-1,10
AGAAGGTTGTAGGTCG-1,6
AGAAGTGATTCGTGAT-1,1
AGAATAAATCTTCAGG-1,12
AGAATACAGGCTATCC-1,1
AGAATGCGGGTTCGGA-1,9
AGAATTATGGATTCGA-1,10
AGAATTGTTTGACATA-1,7
AGACAGCTCAGAATCC-1,13
AGACAGGCATCTCAGC-1,4
AGACATAGATCCTTCC-1,1
AGACCAAACCACACCT-1,10
AGACCATGGGATACAA-1,0
AGACCCACCGCTGATC-1,10
AGACCCGCCCTCCTCG-1,5
AGACCGCTCCGCGGTT-1,12
AGACCGGGAAACCCTG-1,13
AGACGAAGTGCCGGTC-1,2
AGACGACGATGCCGCT-1,0
AGACGCCCACTTCGCC-1,4
AGACGGGATTGGTATA-1,9
AGACGGGCCGATTTAA-1,3
AGACTAGCCTTCCAGA-1,0
AGACTGTTACCGGGTC-1,4
AGAGAAACACCAGAAA-1,5
AGAGAACCGTCTAGGA-1,11
AGAGAAGGAGTACAAT-1,10
AGAGATCTCTAAAGCG-1,5
AGAGCAGTTATGAGAC-1,7
AGAGCCGCCGAGATTT-1,6
AGAGCGCTTGTAACGG-1,3
AGAGCGGGCTAATCAT-1,3
AGAGCGTACAAGCTCG-1,1
AGAGCTACGAAAGCAT-1,4
AGAGGCTTCGGAAACC-1,6
AGAGGGACAATTGTCC-1,3
AGAGGTATCTCGGTCC-1,5
AGAGTAAACTTCACTA-1,4
AGAGTATAGTGTTACG-1,4
AGAGTCTTAATGAAAG-1,9
AGAGTGAACAGACACC-1,3
AGAGTTAGAGACCGAT-1,1
AGAGTTGCAGGCCTCC-1,3
AGATAACTTCAGGGCC-1,1
AGATAATCACACCTAT-1,14
AGATACCAATAGAACC-1,12
AGATACCAGCACTTCA-1,5
AGATACCGGTGTTCAC-1,10
AGATACGACTTCATAT-1,7
AGATACTCAAGATCGA-1,2
AGATATAATACGACTA-1,6
AGATCGTGCATAAGAT-1,3
AGATCTCAGGTGTGAT-1,10
AGATCTGGAGAGGATA-1,14
AGATGACTCGCCCACG-1,4
AGATGAGGGTTGCGAT-1,3
AGATGATGGAGTCTGG-1,9
AGATGCAAGACGTGCA-1,5
AGATGCATCCTGTGTC-1,1
AGATGCTATAACGAGC-1,1
AGATTATAGGACGTTT-1,10
AGATTCAAGCGGGTCG-1,3
AGATTCACAACCGATA-1,5
AGCAAAGGCCGCTAGT-1,2
AGCAACATATCTTATT-1,2
AGCAACCGAAAGTAAT-1,7
AGCACACGTTTAGACT-1,5
AGCACCAGTACTCACG-1,10
AGCACTACCGGCCTGT-1,10
AGCACTACCTCACCAG-1,6
AGCACTTAAGGACGCC-1,0
AGCAGAAGGAGAAAGA-1,13
AGCAGCCAGATGAATA-1,0
AGCAGTCGAAGCATGC-1,13
AGCATATCAATATGCT-1,2
AGCATCATTTCGAAAG-1,7
AGCATCGTCGATAATT-1,1
AGCATTACGAGGCAAG-1,2
AGCCAAGCTTTGTGTC-1,0
AGCCACAGGTTACCCG-1,4
AGCCACTCCCGTGCTT-1,9
AGCCATATAGTATGTG-1,6
AGCCCATACATGTAAG-1,0
AGCCCGCAACAAGCAG-1,4
AGCCCGCACTACAATG-1,6
AGCCCGGCATTAGAGG-1,5
AGCCCGGTAGCCTGTA-1,0
AGCCCTAAGCGAAGTT-1,11
AGCCCTCCCTGGTGGC-1,8
AGCCCTGTCGCACCGT-1,4
AGCCCTTCTAATCCGA-1,3
AGCCCTTGGACATCCC-1,2
AGCCGCTTGATTAGCG-1,6
AGCCGTGGCTAAATGT-1,7
AGCCTAATACCCACGT-1,10
AGCCTTAAAGCGGAAG-1,0
AGCCTTGTCACTGATA-1,14
AGCGACAGGAACGGTC-1,3
AGCGACATCCCATTCA-1,2
AGCGACCAACGATATT-1,5
AGCGACTTTGAAGACA-1,9
AGCGAGACGTGAAGGC-1,8
AGCGATGCGCCTAATA-1,1
AGCGCATAATGAATCG-1,10
AGCGCGGGTGCCAATG-1,11
AGCGCTAGAGCGATGT-1,4
AGCGCTTATGGGCAAG-1,3
AGCGGACACTTCGTAG-1,0
AGCGGCGGTTAGCGGT-1,5
AGCGGGAAGGGTCCAT-1,0
AGCGGGTCTGACACTC-1,4
AGCGGTTGAGATGTAC-1,4
AGCGGTTGCCGCTCTG-1,11
AGCGTACGAGAGCTAG-1,1
AGCGTAGCGCTAGACC-1,6
AGCGTCTGAACCCGCA-1,9
AGCGTGGTATTCTACT-1,2
AGCGTTCCGATTTAAA-1,13
AGCTAACAAGCAATGT-1,13
AGCTAAGCTCCGTCCG-1,8
AGCTAAGTACGCAGGC-1,1
AGCTAGAAGCAGAAGT-1,3
AGCTATTTAATCCAAC-1,5
AGCTCCATATATGTTC-1,2
AGCTCCTTCGCACATC-1,2
AGCTCGTTGATGGAAA-1,3
AGCTCTAGACGTTCCA-1,2
AGCTCTTCCCAGTGCA-1,11
AGCTCTTCGTAACCTT-1,1
AGCTCTTTACTCAGTT-1,10
AGCTGAAGTAAACCAA-1,3
AGCTGCATTTGAGGTG-1,4
AGCTGCTGTGCCGAAT-1,9
AGCTGTAACCTCAATC-1,13
AGCTTATAGAGACCTG-1,5
AGCTTCAATACTTTGA-1,1
AGCTTCTTCTCGAGCA-1,1
AGCTTGATCAGGGTAG-1,11
AGCTTGATCTTAACTT-1,2
AGGAAAGCCTCTGATG-1,12
AGGAACGAACGACTTC-1,4
AGGAAGCTGTCCGCCG-1,3
AGGACAGTCGAATCCC-1,2
AGGACATCGCACGTCG-1,4
AGGACATCGGCACACT-1,4
AGGACGACCCATTAGA-1,1
AGGACGCTCGATGTTG-1,8
AGGACTTATAGGAGAA-1,2
AGGAGACATCCACAGT-1,3
AGGAGAGTCTGGCTAC-1,9
AGGAGGCCTTCGCGCG-1,4
AGGATAAAGTCGGGAT-1,3
AGGATATAGGGATTTA-1,4
AGGATATCCGACTGCA-1,0
AGGATCACGCGATCTG-1,13
AGGATTGCTTACGACA-1,4
AGGCAAAGAGGAATCA-1,13
AGGCAATACGGAGGAC-1,1
AGGCACGTGACTGTCC-1,6
AGGCAGATGCGTAAAC-1,11
AGGCAGGGAGCGTACT-1,7
AGGCATTGTCGTAGGG-1,7
AGGCCACATTGGTTAC-1,9
AGGCCACCCGTTATGA-1,0
AGGCCCAGTGACTGGT-1,0
AGGCCCATTGTACAGG-1,6
AGGCCCTAGAACGCCA-1,2
AGGCCTATCATACCAA-1,2
AGGCCTGAGAATCTCG-1,2
AGGCGATAACTGGCGT-1,4
AGGCGGTTTGTCCCGC-1,3
AGGCGTCTATGGACGG-1,11
AGGCTATGGTTAGCTT-1,12
AGGCTTAAGTTGCACA-1,8
AGGCTTCCCGAAGAAG-1,10
AGGCTTGCTAGACACC-1,0
AGGGAAACGAGGTACT-1,11
AGGGACAGCACGGCGG-1,5
AGGGACCGGCTGCGTT-1,4
AGGGACTCTACGCGAC-1,5
AGGGAGACATACTTCG-1,9
AGGGCAGCGGCGTGGT-1,9
AGGGCCCTAATGTTCT-1,4
AGGGCGAGCAGCTGAT-1,7
AGGGCGTGATCGGCTA-1,0
AGGGCTGCAGTTACAG-1,3
AGGGTCAGTAACCCTA-1,11
AGGGTCGATGCGAACT-1,0
AGGGTCTGGACGCAGT-1,0
AGGGTGCCGTTCTTTA-1,5
AGGGTGCTCTCGAGGG-1,13
AGGGTGGATAGTGCAT-1,5
AGGGTGTGCTACACGC-1,3
AGGGTTCAGACGGTCC-1,12
AGGGTTCCCTTTGGTT-1,11
AGGGTTTAGTTCGGGA-1,12
AGGTAACCTCCTATTC-1,0
AGGTACGATATTGCCA-1,12
AGGTAGATCGAGATAT-1,6
AGGTAGGTACAAAGCT-1,5
AGGTATAATTGATAGT-1,3
AGGTATGCGGACATTA-1,9
AGGTCAGGTGAGAGTG-1,0
AGGTCGCCACTTCGGT-1,0
AGGTCGCCTCCCAACA-1,4
AGGTCGCGGAGTTACT-1,7
AGGTGCACGTCCACAT-1,7
AGGTGGTGACCTTCGC-1,4
AGGTGTATCGCCATGA-1,8
AGGTGTTGCCGACCAC-1,13
AGGTTACACCATGCCG-1,1
AGGTTCTCCTTTCCGG-1,8
AGGTTGAGGCACGCTT-1,11
AGGTTTCACACACCTT-1,0
AGTAACGTTCATCCTG-1,3
AGTAACTATAGCAGCC-1,2
AGTAATCTAAGGGTGG-1,1
AGTAATGTCTTGCCGC-1,13
AGTAATTTGCAAGCGT-1,8
AGTACAGAAGCTTATA-1,2
AGTACATCATTTATCA-1,3
AGTACCTTCGAGTGCT-1,3
AGTACGGCCCGTATCG-1,12
AGTACGGGCACCTGGC-1,5
AGTACGTGGCCTGTCT-1,3
AGTACTCTTATGCCCA-1,2
AGTAGAAGGCGCCTCA-1,1
AGTAGCGTGAACGAAC-1,1
AGTAGCTAGACGCCGA-1,9
AGTAGGAAGGAAGTTG-1,3
AGTAGGTAACATACAT-1,7
AGTATAATACTAGGCA-1,0
AGTATACACAGCGACA-1,0
AGTATCCATAATAACG-1,0
AGTATGCTGGAGACCA-1,7
AGTATTTGGCACGACC-1,1
AGTCAAATGATGTGAT-1,1
AGTCAACACCACCATC-1,10
AGTCAAGATGACACTT-1,2
AGTCACTAGCTCTCGA-1,2
AGTCACTCCGCCTCAT-1,1
AGTCAGCCACCGCCTG-1,7
AGTCCAGCGGGTACGT-1,1
AGTCCATTGGCTGATG-1,6
AGTCCCGCCTTTAATT-1,3
AGTCCCTCGCAGAAAG-1,3
AGTCGAAACGATTCAG-1,11
AGTCGACGGTCTCAAG-1,0
AGTCGGCCCAAACGAC-1,0
AGTCGGCTCAACTTTA-1,0
AGTCGGTTGCGTGAGA-1,6
AGTCGTATAAAGCAGA-1,6
AGTCGTCGACCACCAA-1,4
AGTCGTGGGCATTACG-1,0
AGTCTAAAGTATACTC-1,9
AGTCTCACAAGACTAC-1,7
AGTCTGGACATCCTTG-1,0
AGTCTTCTCCTCAAAT-1,5
AGTCTTTAAAGTGTCC-1,0
AGTGAACAAACTTCTC-1,4
AGTGAAGATGGTGTCC-1,11
AGTGACCTACTTTACG-1,10
AGTGACTGTGACACAA-1,5
AGTGAGACTTCCAGTA-1,1
AGTGAGCCTCGCCGCC-1,3
AGTGAGGGTTTCTGAC-1,3
AGTGAGTCGAATTAAC-1,2
AGTGATAACCTGCGCG-1,2
AGTGATATGAGTAGTT-1,10
AGTGATTCAAGCAGGA-1,1
AGTGCACGCTTAAGAA-1,2
AGTGCGTAGCTCGTAA-1,5
AGTGCTAAACACAGCA-1,6
AGTGCTTGCACGAATA-1,2
AGTGGCCCGCAAATGG-1,7
AGTGGCGGCAATTTGA-1,11
AGTGGCGTCTGAAGGT-1,1
AGTGGCTCCGTCGGCC-1,5
AGTGGGAGTATACACG-1,9
AGTGGTGTTACCCGTG-1,6
AGTGGTTGCGTATAGG-1,12
AGTGTATTGCGCATTG-1,11
AGTGTGCTAAGATCGC-1,7
AGTGTGGTCTATTGTG-1,0
AGTTAAACACTTGCGA-1,10
AGTTAAGCGGTCCCGG-1,3
AGTTAAGTCAACCGCT-1,7
AGTTACCCTTAAGACT-1,5
AGTTACCGCACATGGT-1,5
AGTTACTCTATCGTGG-1,3
AGTTATTCAGACTGTG-1,0
AGTTATTGAAAGGTAA-1,5
AGTTCACCGGTTGGAC-1,1
AGTTCCTACAGAATTA-1,1
AGTTCCTATTTATGTT-1,7
AGTTCTGCGTTGTATC-1,1
AGTTGACATCGGCTGG-1,0
AGTTGACGGTCCTTGC-1,4
AGTTGCGGTCCTCAAC-1,8
AGTTGCTGACTGATAT-1,1
AGTTGGCAAGGCTAGA-1,2
AGTTTATGTAAAGACA-1,3
AGTTTCGCAGGTCGGA-1,0
AGTTTGCACCTGCCTC-1,0
AGTTTGGCACGGGTTG-1,0
AGTTTGGCCAGACCTA-1,1
ATAAACCATTGGACGG-1,2
ATAAACGGACCCGTAA-1,7
ATAAACGTTGCACCAC-1,1
ATAAAGGCTCGGTCGT-1,10
ATAAAGGTCAAGTACG-1,3
ATAAATATTAGCAGCT-1,12
ATAACGCCGGAGGGTC-1,6
ATAACGGAGTCCAACG-1,10
ATAACGTTACCTCCAC-1,3
ATAAGCAAACACCGAG-1,3
ATAAGGTGGAGAACAT-1,2
ATAAGTACCCGATTGT-1,9
ATAAGTAGGATTCAGA-1,1
ATAAGTAGGGCGACTC-1,6
ATAAGTTACCGCGACG-1,8
ATAATACCGTTAGCCG-1,0
ATAATAGCTGTTGAAT-1,7
ATAATAGTGTAGGGAC-1,1
ATAATCTTGGAGAACC-1,6
ATAATTAGCTAAGTAG-1,6
ATACAGCGTCCACTGA-1,14
ATACAGGCCCTCCAAT-1,1
ATACCACGGGCAACTT-1,5
ATACCAGCAAATTGCT-1,0
ATACCAGGCTAATAGA-1,4
ATACCAGGTGAGCGAT-1,4
ATACCCTCCCGGCCAA-1,14
ATACCCTGGCTCAAAT-1,0
ATACCGTCATCCATAA-1,5
ATACCTAACCAAGAAA-1,6
ATACGAAGGCTTTCCA-1,13
ATACGACAGATGGGTA-1,13
ATACGAGGTTTGTAAG-1,10
ATACGCCGATCTACCG-1,4
ATACGCCGGCGAAACC-1,0
ATACGGAACGTCGTTT-1,1
ATACGGGTTTCGATTG-1,3
ATACGGTGAAGATGCA-1,12
ATACGTACTTAGCCAC-1,2
ATACGTCCACTCCTGT-1,2
ATACGTTATGCACGGA-1,6
ATACTACCCGTACCAC-1,1
ATACTAGCATGACCCT-1,11
ATACTCTCGCCACTCT-1,0
ATACTGCCTTACACCG-1,4
ATACTTGTTCTCGAGC-1,5
ATAGACAACGGGACCT-1,3
ATAGACGAAGAGAAAG-1,1
ATAGAGTACTGGGACA-1,13
ATAGAGTTATCAACTT-1,8
ATAGATTTGCAGTCGG-1,6
ATAGCAACTAGGGAAG-1,4
ATAGCCATAACAGTCA-1,6
ATAGCCTCAGTACCCA-1,0
ATAGCTGCTCTTGTTA-1,1
ATAGGAATCTAAGCTT-1,4
ATAGGCGGCTATAGAA-1,2
ATAGGCTAGCTTCGCA-1,3
ATAGGGATATCCTTGA-1,5
ATAGGTTGGGCAGATG-1,1
ATAGTCTTTGACGTGC-1,3
ATAGTGAAGCGTTCTC-1,10
ATAGTTCCACCCACTC-1,9
ATATAAAGCGCTCGTG-1,6
ATATAAATGTAGCTGC-1,6
ATATAACACGGGCGCA-1,0
ATATACATGTATGGTA-1,2
ATATACGCTCGTGACG-1,1
ATATAGAGTATTGGTC-1,8
ATATCAACCTACAGAG-1,0
ATATCAATTCCAGCCT-1,5
ATATCGGTAGGGAGAT-1,4
ATATCGTGCCAGACCC-1,11
ATATCGTTCCTCGAAC-1,2
ATATCTCCCTCGTTAA-1,3
ATATCTTAGGGCCTTC-1,12
ATATGGGATAGCAACT-1,1
ATATGTCTAGAGCGTG-1,1
ATATGTCTCCCTAGCC-1,1
ATATGTGCACAAACCA-1,3
ATATTATCCCGTATTT-1,7
ATATTCAGTTAAACCT-1,5
ATATTCCACATAGTGA-1,2
ATATTCCCACAGGTCA-1,4
ATATTGCTGTCAAAGT-1,7
ATATTGGAGAGGCCTT-1,0
ATATTTAACCCTCAAG-1,12
ATCAAACACTGTTCCA-1,2
ATCAAACGAAGGTTTG-1,2
ATCAAAGAGCCGTGGT-1,10
ATCAAGATCCCAGGAC-1,5
ATCAATCTGGGCTGCA-1,5
ATCAATGCCGTGGCTG-1,10
ATCACATTAGAATATC-1,4
ATCACGTGCTAATTAA-1,6
ATCACTTCATCCTCGC-1,10
ATCAGAAGCTGGTTGC-1,14
ATCAGACGGCACGCCG-1,5
ATCAGCCTCATGCTGC-1,6
ATCAGCTCGTCCACTA-1,1
ATCAGGTAGCTGACAG-1,4
ATCAGGTCGCCATTGC-1,3
ATCAGTAGGCAGGGAT-1,11
ATCATAGATCGACGAG-1,5
ATCATAGCCCTATGTA-1,7
ATCATCCAATATTTGT-1,8
ATCATCTGCCCAGTGT-1,9
ATCATGGACTACCGAC-1,13
ATCATTGTACCGCATT-1,8
ATCCAACGCAGTCATA-1,7
ATCCAATGGAGGGTCC-1,1
ATCCAATGGTACCGAA-1,12
ATCCACATCGACAGAA-1,6
ATCCACGCTAAATGTT-1,3
ATCCACTTTCAGACTA-1,3
ATCCAGAGCAACAACC-1,7
ATCCAGGATTCGTGAA-1,10
ATCCCATCCACAGCGC-1,8
ATCCCATTTCCGTGGG-1,12
ATCCGGACCAGCCTGA-1,4
ATCCTACCTAAGCTCT-1,5
ATCCTGAATCGCTGCG-1,12
ATCCTGCGTGGAATGG-1,5
ATCCTGCTGCAGATAG-1,2
ATCCTTCTGAAAGAAC-1,9
ATCGACCCAATACAGA-1,7
ATCGACTCTTTCCGTT-1,3
ATCGCACGATTGTTCA-1,12
ATCGCACGCCGGGAGA-1,5
ATCGCCAGTCAACATT-1,6
ATCGCCGTGGTTCATG-1,6
ATCGCTGCGTGCAGCA-1,3
ATCGCTTTACGTCTCA-1,6
ATCGGAGACAGACGGC-1,4
ATCGGCAAGCAGTCCA-1,11
ATCGGTTACCTAGTAA-1,12
ATCGTATTCCGAGAAC-1,5
ATCGTCCAATCGAGTC-1,1
ATCGTGGAAAGTCTGG-1,5
ATCGTTAGCTAGCGGA-1,2
ATCGTTCACTTTCGCC-1,3
ATCTAACGTCCCTATG-1,12
ATCTAATATCCTACGG-1,0
ATCTACCATCTGCTCC-1,4
ATCTAGCTTGTGAGGG-1,6
ATCTATCGATGATCAA-1,4
ATCTCATAAACCTACC-1,13
ATCTCCCACGGAATAT-1,7
ATCTCCCTGCAATCTA-1,5
ATCTCGTGAGCGAAAC-1,4
ATCTGACATGGAAGGA-1,1
ATCTGATAGTGTCTTA-1,4
ATCTGCACCTCTGCGA-1,10
ATCTGCTGTTATCGCC-1,2
ATCTGGGCTGTTCTTG-1,1
ATCTGGTTAAGACTGT-1,11
ATCTGTAATTGTACCC-1,13
ATCTTAGGGCATTAAT-1,8
ATCTTATCGCACACCC-1,2
ATCTTGACCTGCAACG-1,0
ATCTTGACTTGTCCAA-1,9
ATCTTTCGTATAACCA-1,3
ATGAAGCCAAGGAGCC-1,13
ATGAAGTGGACCCAGC-1,5
ATGACGCCGGCTCTAA-1,6
ATGACGCGTTCTATCC-1,6
ATGACTATCAGCTGTG-1,4
ATGACTATGCGACATT-1,1
ATGAGGAGTGTTAATC-1,7
ATGAGGGCAGCGGCTA-1,4
ATGATCGGGAATAGAC-1,0
ATGATGCAATGGTACA-1,10
ATGCACCTTCCTTAAT-1,5
ATGCACGCGCTGTTCA-1,5
ATGCACTACCGCATTG-1,2
ATGCATGATCCAGGAT-1,9
ATGCATTCCGTGATGG-1,10
ATGCCAATCGCTCTGC-1,1
ATGCCATTTGCGACCA-1,2
ATGCCGGTCTTGCATA-1,4
ATGCCGGTTGATGGGA-1,4
ATGCGACAATTGGTCC-1,3
ATGCGACAGTCCCATT-1,10
ATGCGAGTCCCACCAC-1,4
ATGCTCAGTGTTGCAT-1,0
ATGCTCTGGCGCGGTA-1,6
ATGCTTAGGAGTTGAT-1,6
ATGGAAATTTAAGGAG-1,8
ATGGAACAGAATAAAC-1,4
ATGGAACCTTTGCACA-1,6
ATGGACTGCTTAGTTG-1,5
ATGGAGCAGGCCGTGA-1,10
ATGGATCCGGCGTCCG-1,5
ATGGATTGACCAAACG-1,5
ATGGCAGCATTACGAT-1,8
ATGGCAGCCGAGAAAC-1,12
ATGGCCCGAAAGGTTA-1,9
ATGGCGGAATAGTCGC-1,6
ATGGCTGGAAATGGCC-1,3
ATGGGAACGGAAGCGG-1,6
ATGGGACCTGCTGAAC-1,6
ATGGGCCTCGGCCTCT-1,2
ATGGGTGTATACCTCC-1,8
ATGGTATTGGGAACCG-1,5
ATGGTATTTACTGATT-1,10
ATGGTCGCGTGGTTTC-1,1
ATGGTGCTCAAAGCCA-1,4
ATGGTTACGAAACATG-1,3
ATGTAAGGCTGCTCTT-1,6
ATGTACATGCGGTGAG-1,2
ATGTACGATGACGTCG-1,6
ATGTAGCGCGCGTAGG-1,4
ATGTCATAATAAACGA-1,8
ATGTCATTTCCCATTG-1,1
ATGTCTTGTTTGACTC-1,8
ATGTGAAAGCCTAATG-1,2
ATGTGCATCCGACGCA-1,5
ATGTGGACATCTTGAT-1,2
ATGTGTAGTTTAGTCA-1,13
ATGTTACGAGCAATAC-1,7
ATGTTCCTGCCCACCT-1,0
ATGTTCGTCGACCCAC-1,12
ATGTTGATTAGAGACT-1,7
ATGTTGTAGTCTGTTT-1,0
ATGTTTCGGCCCGGAG-1,6
ATGTTTGTAAGATCAT-1,9
ATTAAACATGCGGACC-1,7
ATTAAAGCGGACGAGC-1,4
ATTAACACCTGAGATA-1,13
ATTAATACTACGCGGG-1,5
ATTAATGAACCAGTCG-1,5
ATTAATTCGGTCACTC-1,11
ATTACAACTACCGGCC-1,11
ATTACATGTCAGTCTT-1,2
ATTACCACACTGCCTG-1,0
ATTACGACTCCACAGT-1,3
ATTACGCGCTGGCAGG-1,1
ATTACGGGCTACGGTT-1,11
ATTACTAGCCTCTTGC-1,1
ATTACTTACTGGGCAT-1,3
ATTAGATTCCTCAGCA-1,3
ATTAGATTGATAGCGG-1,0
ATTAGGCGATGCTTTC-1,1
ATTATACTTTGCTCGT-1,3
ATTATAGCTACTTTAC-1,6
ATTATCGGAATGTACG-1,1
ATTATCTCGACAGATC-1,3
ATTATGAGACCCAATT-1,10
ATTATGCCATAGGGAG-1,2
ATTATGCTCAGTATTG-1,3
ATTATTATGTCCGTCA-1,6
ATTATTCAGAGTCACT-1,1
ATTCAAAGTACCTGTT-1,0
ATTCAACCATTTAAGG-1,0
ATTCACTGATGTTGGA-1,0
ATTCAGATGAATCCCT-1,9
ATTCAGGACCTATTTC-1,11
ATTCAGGATCGCCTCT-1,3
ATTCAGTAGCAGGGTC-1,2
ATTCATATACTGTCCA-1,7
ATTCATCGTTGAGGCA-1,4
ATTCCCACATAAACAA-1,1
ATTCCCGAAGGTACAG-1,8
ATTCCTAAGACGTGGA-1,11
ATTCCTCCGCCAGTGC-1,0
ATTCCTTCCAGGCGGT-1,0
ATTCGACGCCGGGCCT-1,12
ATTCGCAGAGGACACT-1,3
ATTCGCGCCTTGAGAG-1,1
ATTCGTCCCGAGGTTA-1,5
ATTCGTGCTATCTCTT-1,13
ATTCGTTTATCGTATT-1,1
ATTCTCGTCTCTTTAG-1,0
ATTCTGAGTATGAACT-1,3
ATTCTTCGTACTTATG-1,11
ATTGAAGATCTTAGTG-1,2
ATTGAATTCCCTGTAG-1,9
ATTGACCGGCGATGAC-1,11
ATTGACGTAACTCGGT-1,10
ATTGATAGCAACGAGA-1,1
ATTGATCACCACATTT-1,8
ATTGATGAGTCCTAAC-1,1
ATTGCCTATTAGACCG-1,8
ATTGCCTTTATGTTTG-1,0
ATTGCGATCAGTAACT-1,2
ATTGCTGCTCCTCCAT-1,6
ATTGGATTACAGCGTA-1,4
ATTGGGAATATCTTGG-1,0
ATTGGGAGTTCTGTAA-1,3
ATTGGTAGGATCCGCT-1,5
ATTGGTTGTGCATTAC-1,0
ATTGTACAACTCGGCT-1,9
ATTGTCGCAATACCTT-1,11
ATTGTCTGTTTCATGT-1,1
ATTGTGACTTCGCTGC-1,3
ATTGTTCAACGATCCG-1,4
ATTTAACTCGTATTAC-1,7
ATTTACAGTTTACTGG-1,4
ATTTACTAAGTCCATT-1,9
ATTTATACTGGTAAAG-1,1
ATTTCATTATTTCGCG-1,12
ATTTCCGGGTTCTGCG-1,12
ATTTGCCTAGTTACGA-1,4
ATTTGCGCGAGTAGCT-1,0
ATTTGGAGATTGCGGT-1,10
ATTTGTCTTGGGAGCT-1,12
ATTTGTTCCAGGGCTC-1,5
CAAACCAGGTCTGCAT-1,6
CAAACCCTCCGGCGGG-1,4
CAAACGAGTATCGCAG-1,5
CAAACGGTCGCACTTT-1,1
CAAACGTGGTCTTGCG-1,10
CAAACTACGATAGAGA-1,3
CAAACTATTGAGCTTC-1,12
CAAACTCGCGACGCCG-1,4
CAAAGATTATTGGGCC-1,12
CAAAGGTCATCTGAAA-1,4
CAAAGGTTAAATTCAG-1,3
CAAAGTCAGGTTAGCT-1,1
CAAATCTCTCACAAGG-1,0
CAAATGCGGAGTGTTC-1,4
CAAATGTCCTTCCGTG-1,7
CAAATTGGATTATGCC-1,11
CAAATTGTCAGCAAGC-1,11
CAACACATCTCCTGCC-1,4
CAACAGAATAACGCTA-1,9
CAACAGTGCCAAACGG-1,4
CAACATGGCCTGATAA-1,5
CAACCAGTGGCCTACC-1,4
CAACCGCACCTAGACA-1,1
CAACCTACCGAGCAGT-1,1
CAACCTGAACCTGCCA-1,3
CAACGACCCGTTTACA-1,0
CAACGAGCTTATTATG-1,8
CAACGATCGATCCAAT-1,9
CAACGCGATGAGCCAA-1,5
CAACGGTTCTTGATAC-1,0
CAACGTGGTGGAGTCT-1,6
CAACTATATCGAATGC-1,5
CAACTCCAACGTTTAG-1,13
CAACTCCGTAACTTGC-1,3
CAACTCCTTGATCCCG-1,0
CAACTGAGGGTATGAC-1,3
CAACTGCTCATCCGAT-1,2
CAACTTGTAGTGGGCA-1,2
CAAGAAACCCTAAACT-1,3
CAAGACTCAGAAGCGC-1,9
CAAGAGGGCGGAGTAC-1,2
CAAGATATTATAACGT-1,0
CAAGCAACGTCGGAGT-1,9
CAAGCACCAAATGCCT-1,3
CAAGCGGCACATAATT-1,1
CAAGGATCGCATGTTC-1,0
CAAGGCCAGTGGTGCA-1,0
CAAGGGAGTGTATTTG-1,7
CAAGGTCCTATAGGCT-1,3
CAAGTAAGTGATAGAC-1,6
CAAGTCGTTGAAATCT-1,9
CAAGTGAACTTTGGTT-1,5
CAAGTGTGGTTGCAAA-1,2
CAATAAACCTTGGCCC-1,11
CAATACGAGAGTCTGA-1,4
CAATACGCTCTGAGGC-1,9
CAATATGTAGATTTAC-1,6
CAATATTCTTGACCTA-1,10
CAATATTGGACTAGTG-1,1
CAATCCATTATCCGTT-1,9
CAATCCCTATACCAGC-1,3
CAATCCTGCCGTGGAG-1,0
CAATGACCCTTAATTT-1,5
CAATGAGGTTCGACTA-1,4
CAATGCGAGAAGTATC-1,6
CAATGGAATCTACATA-1,3
CAATGGATCTCTACCA-1,3
CAATGGTCGGCCTGGG-1,11
CAATGTGCCAACCCTT-1,4
CAATTAAGGGTGATGA-1,5
CAATTGGGCCGCACTC-1,10
CAATTTCGTATAAGGG-1,3
CAATTTGACCGGGAAG-1,1
CACAAACCGCAGAACT-1,4
CACAAGAAAGATATTA-1,3
CACAAGCTAAGAAAGG-1,10
CACAATGAGCTGCTAT-1,10
CACACACGCTAACGAG-1,1
CACACAGCTTGCGCTC-1,1
CACACAGGGATAGATT-1,0
CACACGCGCTGTCTTA-1,1
CACACGTTTCAATGGG-1,3
CACACTTGTATTGCGA-1,3
CACAGAGACGAGGACG-1,8
CACAGCACCCACGGCA-1,12
CACAGCTAGGGAGTGA-1,3
CACAGGGCCATATAGT-1,2
CACAGGGCCGTTGTCA-1,4
CACAGTCCCGCTTCGC-1,6
CACAGTTCGCTTCCCA-1,6
CACATAAGGCGACCGT-1,2
CACATATTAGCAGGAT-1,2
CACATCGTGCACGCGC-1,6
CACATCTCACCGACGA-1,2
CACATGATTCAGCAAC-1,4
CACATGTTTGGACATG-1,0
CACATTCTTTCGATGG-1,9
CACATTTCTTGTCAGA-1,2
CACCAATCATCCGTCT-1,12
CACCACGCCACACAGA-1,6
CACCAGTCAGCATGCA-1,5
CACCATCGGAGGAGAC-1,0
CACCATGATCGCAAAG-1,3
CACCCAAATCTTATGT-1,1
CACCCACACGTCACCC-1,0
CACCCACGAGGCAATT-1,3
CACCCGCGTTTGACAC-1,6
CACCCGGTTTGTGACT-1,10
CACCCTAACAAGATCT-1,2
CACCCTTGGTGAGACC-1,0
CACCCTTTCCTCGCTC-1,1
CACCGATACACCGAGC-1,11
CACCGATGATGGGTAC-1,0
CACCGCCAGAAGGTTT-1,10
CACCGCCGACCAGCGA-1,1
CACCGCGTCCACTCTA-1,3
CACCGGAGATATCTCC-1,3
CACCGGGCATCACAAG-1,6
CACCGGTAGAGACATT-1,8
CACCGTATCCCATCCG-1,0
CACCGTTAGGGATCAC-1,10
CACCGTTGCGCGATAT-1,1
CACCTAATAGAGTCGT-1,0
CACCTAATCAGTTTAC-1,5
CACCTCGATGGTGGAC-1,11
CACCTCTACGAGTGTG-1,9
CACCTTGCGAAACTCG-1,5
CACCTTGGCGCCTTTG-1,1
CACGAAAGTTAGTCCC-1,2
CACGACCACAGACTTT-1,11
CACGACGTAATAGTAA-1,3
CACGACTAAAGTTCTG-1,12
CACGAGCAAACCAGAC-1,11
CACGATTGGTCGTTAA-1,6
CACGCACAGCGCAGCT-1,8
CACGCAGCGAGGCTTT-1,6
CACGCGGAACTGTTGC-1,13
CACGGACGTGGATGGC-1,3
CACGGCGCGCCAAAGG-1,3
CACGGGATTGAGGGTT-1,5
CACGTCAATCAATGGA-1,6
CACGTCGGCAACCTCT-1,6
CACGTCGGGTTCTAGA-1,0
CACGTCTATGATGTGG-1,3
CACGTTCGTGCTCTAG-1,1
CACGTTTCGTACACAC-1,0
CACTAAAGTTGCCTAT-1,12
CACTACGGGAGCTGCC-1,7
CACTACTCAGTTCTGT-1,9
CACTCAAGAGCTATGG-1,3
CACTCAGCTCTTGAGG-1,5
CACTCCTATGTAAGAT-1,10
CACTCCTCTCGGTCGG-1,11
CACTCGAGCTGAACAA-1,2
CACTCGGTTAGGAGGA-1,12
CACTCTCAAGCATCGA-1,1
CACTCTTCTGCTAGCC-1,2
CACTGACGATTGTGGA-1,4
CACTGTCCAAGTGAGA-1,0
CACTTAATCAGACGGA-1,6
CACTTCGCCACAGGCT-1,7
CACTTCGTCTTATCTC-1,0
CAGAACTTAGCCCTCT-1,2
CAGAATAACACACGGA-1,6
CAGAATATTCGTTATC-1,6
CAGACACCGATCGCTG-1,0
CAGACCTGTAAGTGTT-1,11
CAGACGAACCTGATAC-1,4
CAGAGACGGTCACCCA-1,7
CAGAGCATGAGCTTGC-1,5
CAGAGCGATGGATGCT-1,4
CAGAGGCGATGCATGA-1,4
CAGAGTGATTTAACGT-1,3
CAGATAATGGGCGGGT-1,1
CAGATACTAACATAGT-1,0
CAGATATGAAGATGAC-1,8
CAGATCATTTAAAGTC-1,3
CAGATCCTGGTTTGAA-1,7
CAGATGTTTGTCCCAA-1,7
CAGCAGCCCGTTCCTT-1,9
CAGCAGTCCAGACTAT-1,6
CAGCAGTCTGTGCTGC-1,6
CAGCCCTCACAGGCAG-1,3
CAGCCGGGCCCTCTAT-1,3
CAGCCTCCTGCAGAGG-1,11
CAGCCTCGATAGCGGT-1,4
CAGCCTCTCCTCAAGA-1,11
CAGCGATTCCCTTCAA-1,10
CAGCGCCAACACGATA-1,2
CAGCTCACTGAGACAT-1,12
CAGCTCGACAAGTTAA-1,9
CAGCTCGTGCTTGTGT-1,0
CAGCTCTGGGCTCACT-1,10
CAGCTGGCGTAACCGT-1,1
CAGCTTAGTAGGTAGC-1,2
CAGGAAGACTTTATAT-1,11
CAGGACAGCTGCCCTT-1,4
CAGGATATATCGTTGT-1,7
CAGGATCCGCCCGACC-1,2
CAGGCAGTCTTACCAG-1,0
CAGGCCAGTACCACCT-1,8
CAGGCCGTTTGGGTGT-1,10
CAGGCGCACGGTGGTC-1,7
CAGGCGCCATGCTAGG-1,4
CAGGGAGATAGGCCAG-1,14
CAGGGCTAACGAAACC-1,2
CAGGTTTAGTACTACA-1,3
CAGTAACTATTTATTG-1,3
CAGTAAGGGACGTCTC-1,8
CAGTAATCCCTCCCAG-1,0
CAGTACATTCTCTAAA-1,3
CAGTACCAGTTTACGT-1,1
CAGTAGATGATGTCCG-1,1
CAGTAGCCCACGCGGT-1,11
CAGTAGCGAGGTAGTA-1,1
CAGTCCAACGCCTTCT-1,3
CAGTCGAGGATGCAAT-1,3
CAGTCGGCCTAGATAT-1,7
CAGTCTCTCGGCTAAT-1,0
CAGTCTGTATACTGGG-1,1
CAGTGAATAAATGACT-1,8
CAGTGGTTGCACATGA-1,6
CAGTGTCCGCAGAATG-1,0
CAGTGTCGGCTGGCCC-1,2
CAGTGTTAATCTCTCA-1,8
CAGTTCAAATTGACAC-1,7
CAGTTCCGCGGGTCGA-1,7
CAGTTCGAGGACCCGA-1,0
CATAACGGACAGTCGT-1,1
CATAAGAAGCTTGGCT-1,6
CATAAGCTCTCCGTCT-1,4
CATAATGAGCGGGCGA-1,12
CATACAAAGCCGAACC-1,0
CATACACAAAGTCAGC-1,10
CATACACGGTTCCCAC-1,0
CATACCCGTACCCAGT-1,5
CATACGAACTAGCTGG-1,9
CATACGGCGTCTGGGC-1,6
CATACGGGTGCATGAT-1,12
CATACTATGTAATTGT-1,8
CATACTTAGGCAATAC-1,6
CATACTTCTTTCTCCG-1,2
CATAGAGGAGATACTA-1,6
CATAGCCGCCCGGGAT-1,2
CATAGCGTTGCCCACC-1,7
CATAGGGACACTTGTG-1,8
CATAGTACATTGAGAG-1,8
CATAGTAGCATAGTAG-1,2
CATAGTCAAATACATA-1,0
CATAGTCCACAAGAAC-1,0
CATAGTGGGCACGCCT-1,3
CATATACTACTGATAA-1,11
CATATAGGTACAGTCA-1,10
CATATGTCAGGCTACG-1,1
CATATTATTTGCCCTA-1,11
CATCAAACTGGCGCCC-1,5
CATCAACACCTACTAA-1,1
CATCATCTACCCGGAC-1,11
CATCATTACCCTGAGG-1,2
CATCCAATATAGTTTG-1,8
CATCCCGAGATTCATA-1,6
CATCCGCAGGCCCGAA-1,0
CATCCTCTCAAAGATC-1,1
CATCGAATGGATCTCT-1,1
CATCGCCCGCGGCCAA-1,1
CATCGGACGGGTTAAT-1,1
CATCGTCCGGTTACTA-1,9
CATCTACCCGAGAACG-1,13
CATCTAGTGAAGGGAA-1,4
CATCTATCCCGTGTCT-1,11
CATCTGCAGGATCATT-1,5
CATCTTACACCACCTC-1,1
CATGAACCGACATTTG-1,0
CATGAACCTCTTATCA-1,1
CATGACTTCGCTGAAT-1,9
CATGAGATGCACTCTC-1,0
CATGAGTCCATCACGG-1,11
CATGATACGGTGAAAC-1,1
CATGATCGCTTTGAGA-1,4
CATGATGCACAATTCT-1,5
CATGATGGAAGTTAGC-1,6
CATGCACATGAGAGGC-1,8
CATGCACGTGTTACTG-1,4
CATGCATGGAGACCCT-1,3
CATGCCAACTCGCAAA-1,0
CATGCGACCAGTTTAA-1,3
CATGCGTTAGACAGAA-1,3
CATGCGTTGAGAGGAG-1,5
CATGCTGGCTCCAATT-1,7
CATGGAAATGGGACCA-1,3
CATGGATTGTCTTCCG-1,2
CATGGCAGGAAGATCG-1,13
CATGGCTCCCTATGTC-1,5
CATGGGTATGCCTTAT-1,2
CATGGGTCGGGTGTGG-1,3
CATGGTAAGTAGCGTT-1,2
CATGGTATTAGTTTGT-1,8
CATGGTCTAGATACCG-1,5
CATGGTTTATTAATCA-1,0
CATGTAAGAGACATTT-1,2
CATGTAGGAGCGCCAA-1,5
CATGTCTCATTTATGG-1,2
CATGTGGGCTCATCAC-1,1
CATTACATAGATTGTG-1,4
CATTACGCAGGAAGGG-1,0
CATTACGTCGGCCCGT-1,11
CATTATAACAGGGTCC-1,13
CATTATCCCATTAACG-1,5
CATTATGCTTGTTGTG-1,0
CATTCACTGACAGCTA-1,13
CATTCAGGTCAGTGCG-1,1
CATTCCCATTCCGTCG-1,2
CATTCCCTAAGTACAA-1,0
CATTCGTCGTAGCGGT-1,4
CATTGATGAACACGCC-1,7
CATTGCAAAGCATAAT-1,5
CATTGCGAAATGGGCG-1,12
CATTGCGGGTCAATTC-1,3
CATTGTGTGCTAGATC-1,0
CATTTAGCGGACCATG-1,8
CATTTATCGTTCAAGA-1,9
CATTTCTAGCAGACTA-1,7
CATTTGAGTGGTACGT-1,10
CCAAACAGAACCCTCG-1,0
CCAAAGCAGTTGGTTG-1,12
CCAAAGTCCCGCTAAC-1,1
CCAAATAACAAGATTC-1,4
CCAAATCAAAGGGCAA-1,8
CCAACCTTATGTAACT-1,1
CCAACGATGCACTGAT-1,0
CCAACGCTTGCCAGGG-1,3
CCAACTTGATAGATCC-1,9
CCAAGAAAGTGGGCGA-1,0
CCAAGACTTCTGCGAA-1,3
CCAAGCGTAACTCGTA-1,9
CCAAGCTTGATCTCCT-1,2
CCAAGGAACAGAGAGG-1,0
CCAAGGTTGCCCTTTC-1,6
CCAAGTTTCTACAGAT-1,1
CCAATAGATTTCATCT-1,5
CCAATAGTGCCGTCGA-1,9
CCAATCGGTAGATCGA-1,3
CCAATGTCACAGCAAG-1,3
CCAATTACGGGTCGAG-1,10
CCAATTGAATGTTAAT-1,2
CCACAATGTACGTCTT-1,4
CCACACTGAGATATTA-1,1
CCACAGCTGAAATCAT-1,0
CCACAGTACCCATCCT-1,0
CCACATACTGCACCCA-1,6
CCACATGGCTCTTTAT-1,5
CCACCAACTTTACTGT-1,10
CCACCCAAGGAAAGTG-1,6
CCACCTGTATGGAATA-1,4
CCACGAATTTAACCTC-1,9
CCACGAGAAGAGAATC-1,8
CCACGGAGCCATAAGA-1,6
CCACGGCAGGTGTAGG-1,8
CCACGGTGCCCGGTAG-1,6
CCACGTAAATTAGACT-1,4
CCACTAAACTGAATCG-1,12
CCACTATCCGGGTCAC-1,6
CCACTCAGATCCGCAA-1,1
CCACTGGTGGCTGGTT-1,8
CCACTGTTTGGATTAA-1,7
CCAGAAACTGATGCGA-1,2
CCAGAAAGCAACTCAT-1,6
CCAGAGACAAAGCCGG-1,1
CCAGATAGTTGAGTGA-1,1
CCAGATGTAAATGGGT-1,3
CCAGCCTGGACCAATA-1,10
CCAGCGGGATCACCAG-1,4
CCAGCTACGCCTCATA-1,1
CCAGCTCGAACGCATT-1,0
CCAGCTGATGGTACTT-1,12
CCAGCTTCCGCCCGCA-1,9
CCAGGCGAGATGGTCT-1,8
CCAGGCTGGCGTCTGA-1,4
CCAGTAGTCTGATCCA-1,11
CCAGTCAAATCTCTTA-1,1
CCAGTCCATTATTCGA-1,1
CCAGTCTAGACGGCGC-1,8
CCAGTCTTGTCATAGA-1,0
CCAGTGAGCTCCTTGT-1,6
CCAGTGTACAGACCGA-1,8
CCAGTTCGGTAACTCA-1,1
CCATAAACAACCCGAC-1,10
CCATAACCTGTGCAGT-1,1
CCATACCTTTACTTGT-1,10
CCATACTCGCCTCTCC-1,6
CCATAGAGGCTGCCAG-1,8
CCATAGGTTGGCGTGG-1,9
CCATAGTCAGTAACCC-1,1
CCATATGGAAACTATA-1,0
CCATATTGGATCATGA-1,12
CCATCATAAGAACAGG-1,6
CCATCCATACCAAGTC-1,0
CCATCGCAGTTAAACT-1,7
CCATCTCACCAGTGAA-1,0
CCATCTTGTTCACAAT-1,7
CCATGCCCTAGATTTC-1,0
CCATGCCTGTTTAGTA-1,5
CCATGCTCTGCAGGAA-1,7
CCATGGCAAACGCTCA-1,9
CCATGGCCCTTGTACC-1,1
CCATGTTCATCTATAT-1,5
CCATTAGCGATAATCC-1,0
CCATTCCCTGCCCACA-1,2
CCATTGTTTCCTCCAT-1,4
CCATTTCTACCTATTA-1,2
CCCAAACATGCTGCTC-1,4
CCCAACATACGTCGCG-1,2
CCCAACCACACTAACA-1,11
CCCAAGAATGCACGGT-1,4
CCCAAGACAGAGTATG-1,5
CCCAAGTCATTACACT-1,0
CCCAATGAGATTTGCA-1,7
CCCAATTTCACAACTT-1,5
CCCAGAGGAGGGCGTA-1,11
CCCAGATTCCCGTGAC-1,8
CCCAGGAAGAATTCGA-1,13
CCCAGGTCTGAAGGCT-1,0
CCCAGTAAACTTGGGA-1,5
CCCAGTTAAGGCGCCG-1,2
CCCATATAGGTCGATT-1,6
CCCATTATTGTATCCT-1,6
CCCGAAGTTTCGCGAA-1,0
CCCGACCATAGTCCGC-1,5
CCCGAGTTTCTCCGTA-1,4
CCCGATAGCCTCGCCT-1,4
CCCGCAAATAATCATC-1,8
CCCGCAGCGCGAACTA-1,7
CCCGCAGGGCCCAAAG-1,5
CCCGCCATGCTCCCGT-1,0
CCCGCGCAATGCACCC-1,7
CCCGCTAGAGGGTTAA-1,10
CCCGCTTGCCCTCGTC-1,13
CCCGGCACGTGTCAGG-1,4
CCCGGCTAGGTGAGAA-1,0
CCCGGGTCGTTCAGGG-1,6
CCCGGTGGAAGAACCT-1,2
CCCGGTGTATCGGAAT-1,0
CCCGTAAGTCTAGGCC-1,1
CCCGTAGCTGGGAAGA-1,6
CCCGTCAGCGTCTGAC-1,1
CCCGTGAGGGCGGTGA-1,3
CCCGTGGGTTAATTGA-1,0
CCCGTTTCGCAGATGT-1,0
CCCTACCCACACCCAG-1,1
CCCTACTTGAACAATG-1,1
CCCTAGCTCTAAGGTC-1,11
CCCTAGGCAACAAGAG-1,0
CCCTAGTGTCAGGTGT-1,4
CCCTATGTAGAGCAGA-1,10
CCCTCAAGCTCTTAGT-1,5
CCCTCAGATCGAGAAC-1,8
CCCTCATTCTGGAATT-1,0
CCCTCCTCGCTCGTAT-1,2
CCCTCGATAATACACA-1,5
CCCTCGGGAGCCTTGT-1,4
CCCTGAAATGAGTTGA-1,2
CCCTGACTAACAAATT-1,12
CCCTGATGTAACTCGT-1,1
CCCTGCCCAATCCGCT-1,2
CCCTGCGCTACGCATA-1,5
CCCTGGCTGTTCCTTC-1,5
CCCTGGGAGGGATCCT-1,10
CCCTGGTATGGGCGGC-1,9
CCCTGTTGGCAAAGAC-1,12
CCCTTCTCGTACGCGA-1,0
CCCTTTAATGGAGTTC-1,1
CCCTTTGACAGGTCTT-1,7
CCGAAACACGACCTCT-1,14
CCGAAAGTGGTGAGCA-1,7
CCGAACACTGGGCCTC-1,7
CCGAACCTTCCCGGCC-1,2
CCGAAGCATTGACCAA-1,8
CCGAAGGGCGTACCGC-1,9
CCGAAGTATATTGTTC-1,0
CCGACAAACACATGAG-1,0
CCGACAAAGGGAGTGC-1,5
CCGACAATAGGCCGCC-1,4
CCGACGGGCATGAGGT-1,2
CCGACGTAAACACAAC-1,11
CCGACTCGCATAGTCT-1,9
CCGAGAAGTCGCATAA-1,0
CCGAGCTGTGCTTGTC-1,7
CCGAGGGATGTTAGGC-1,3
CCGATATGACGTAAGG-1,4
CCGATCTCAACCTTAT-1,10
CCGATCTTAAGAGGCT-1,3
CCGATTCGAGGGACCC-1,8
CCGATTGGTCAATGAA-1,9
CCGCACAAAGACCAAC-1,1
CCGCACACGAACGTGT-1,4
CCGCACGTGACCTCGG-1,6
CCGCACTTGCAATGAC-1,2
CCGCATGTGGTACGAT-1,6
CCGCCACCACAATCCA-1,0
CCGCCGGAACTTCTCG-1,10
CCGCCGGTCAACACAC-1,0
CCGCCGTTGAGGATAA-1,4
CCGCCTGCGAATTGGT-1,11
CCGCCTTGCGATGTCG-1,5
CCGCGATTTGGTAGGT-1,12
CCGCGCAAGATACCCA-1,5
CCGCGGAATGCGTCAC-1,4
CCGCGGGTACGAAGAA-1,1
CCGCGTAGGTAAGGGC-1,12
CCGCTATCAGCACCAG-1,7
CCGCTCCAGGGCGATC-1,2
CCGCTCCGGATAAGCT-1,14
CCGCTCTTCCGAACTA-1,6
CCGCTGGTGCCATTCA-1,5
CCGCTTACCTCACTCT-1,6
CCGCTTCGCGGTTAAC-1,0
CCGCTTGCTGACATGG-1,4
CCGGAAGTGCAATATG-1,1
CCGGAAGTTATCAGTC-1,9
CCGGAATGGTTTCAGT-1,0
CCGGAGCGTACTTTCT-1,7
CCGGAGGTCTTATGGT-1,3
CCGGCACGACCGTTTC-1,6
CCGGCCGCGAGCATAT-1,5
CCGGCGCATATTGGAT-1,2
CCGGCGTGAGACTCTG-1,4
CCGGGACCCGCAGAGA-1,0
CCGGGCGGTCTCGTCA-1,4
CCGGGCTAAGAATTTC-1,8
CCGGGCTGCTCCATAC-1,1
CCGGGTTCGAGGTTAC-1,5
CCGGTAATGGCTAGTC-1,6
CCGGTGCGAGTGATAG-1,1
CCGGTTTGTAATTGTG-1,4
CCGTAAGTTGGTCCCA-1,4
CCGTACCCAAGCGCCA-1,0
CCGTAGGAAATCCCTG-1,0
CCGTAGGGTTGTTTAC-1,2
CCGTATCTCGTCGTAG-1,1
CCGTATTAGCGCAGTT-1,3
CCGTCAACCTCTGGCG-1,8
CCGTGAGGCATTCATG-1,0
CCGTGCCCATGACGGC-1,0
CCGTGGAACGATCCAA-1,9
CCGTGTTAAATTCCAT-1,0
CCGTTACGTTAGAACA-1,3
CCGTTCCGAATCTCGG-1,11
CCGTTTCCTTTCCGTG-1,5
CCTAAACAGGGTCCGT-1,13
CCTAAAGGCTGACGCT-1,11
CCTAAATTAACGGTTC-1,2
CCTAAATTGTATCCTA-1,4
CCTAACCCAAACAAGT-1,0
CCTAACTAAGGCTCTA-1,11
CCTAAGTGTCTAACCG-1,0
CCTACAAGTCCGGAAT-1,13
CCTACAGTTGAGGGAG-1,7
CCTACATTCACAGACG-1,0
CCTACGCGACCTTACA-1,13
CCTACGGCTCAGTCGA-1,7
CCTACTCAACACGATT-1,4
CCTACTGCGGCGGCCA-1,3
CCTACTGCTTACACTT-1,2
CCTAGGCGTAGCGATC-1,5
CCTAGGTAAAGGTAGC-1,5
CCTAGTTAGTCGCATG-1,9
CCTATAATGAGTGCCC-1,0
CCTATACCGTCCTGTC-1,4
CCTATATCGTGTCACG-1,5
CCTATATTTGTCCTGG-1,0
CCTATCTATATCGGAA-1,8
CCTATGAAGTGGTGCC-1,4
CCTATGGCTCCTAGTG-1,5
CCTATGGGTTACCGTC-1,10
CCTATGGTCAAAGCTG-1,4
CCTATGTCCACTCCAC-1,6
CCTATTATTCCGGCCG-1,7
CCTCAACGATCGCTGT-1,0
CCTCACCAATCTTGAC-1,1
CCTCACCTGAGGGAGC-1,9
CCTCACCTTAGCATCG-1,11
CCTCACGTCAGCTAAT-1,6
CCTCATGCAGCTACGA-1,0
CCTCCCGACAATCCCT-1,3
CCTCCGACAATTCAAG-1,0
CCTCCTAGCTAGAGTC-1,10
CCTCCTGAGCCCACAT-1,5
CCTCCTGTTGTGTCGT-1,6
CCTCGAAGTGGACGGG-1,11
CCTCGACCCACTGCCT-1,5
CCTCGCCAGCAAATTA-1,10
CCTCGCGCGATATAGG-1,3
CCTCGCGCTGTGCGAT-1,0
CCTCGGACCGGGATAG-1,4
CCTCGGATGCTACCTG-1,5
CCTCGGTTTCCTTGCC-1,5
CCTCGTTACGCCTGTT-1,3
CCTCTAATCTGCCAAG-1,8
CCTCTACAAGGATTGG-1,8
CCTCTATCGATTAGCA-1,7
CCTCTCTCCCATCTAG-1,6
CCTCTGGCCTAGACGG-1,10
CCTCTGTACTATTCTA-1,4
CCTGAACGATATATTC-1,1
CCTGAATATTTACATA-1,5
CCTGACAAACTCGCGC-1,9
CCTGACCACCGATGGT-1,7
CCTGACGCAACCTTTA-1,3
CCTGAGAATAAATGCA-1,5
CCTGATTCGCGAAGAA-1,1
CCTGCCCGTTGTCTAG-1,12
CCTGCGATAGAACTGT-1,7
CCTGCGTTCTACGCTT-1,12
CCTGCTATTTGAGAAG-1,2
CCTGGAAACGTTCTGC-1,13
CCTGGCTAGACCCGCC-1,2
CCTGGTCGAATGTGGG-1,0
CCTGTAAGACATGATA-1,2
CCTGTACTCACGCCCA-1,8
CCTGTCACCCGGGCTC-1,3
CCTGTCCCTCACGTTA-1,6
CCTGTCGCCCGTAAAT-1,5
CCTGTCGTGTATGAAG-1,14
CCTGTGAAACCGTAAC-1,0
CCTGTGCATAGGAGAC-1,1
CCTGTGCGGATTGTAA-1,9
CCTGTTCAACCTCGGG-1,1
CCTGTTTGAAGACACG-1,2
CCTTAAGTACGCAATT-1,13
CCTTCAGTTAAAGTGA-1,7
CCTTCCGCAACGCTGC-1,8
CCTTCGTATAGAATCC-1,13
CCTTCTCAGCGTTCCT-1,2
CCTTCTTGATCCAGTG-1,5
CCTTGACCACTTTATT-1,6
CCTTGTGAACGTGGTT-1,12
CCTTTAAGGGAGCACT-1,1
CCTTTCAATGAAGAAA-1,11
CCTTTGAATTATGGCT-1,5
CGAAACATAGATGGCA-1,12
CGAAACGCAATTCATG-1,0
CGAACAGTATGGGCGT-1,2
CGAACATAGTCAGAAA-1,3
CGAACCCGCATGCGTC-1,10
CGAACCTCTTTCCTAG-1,8
CGAACGCCCAGTGCCG-1,4
CGAACGGCCGGACAAC-1,1
CGAAGACGGTGAGTGC-1,5
CGAAGACTGCCCGGGA-1,13
CGAAGATCAGTTTCAT-1,4
CGAAGCCACAGCATGG-1,14
CGAAGCTATAAATTCA-1,11
CGAAGGGTTTCAGATT-1,5
CGAAGTTGCTCTGTGT-1,6
CGAATCTGCTCGACGC-1,5
CGAATGAAGTCATTGC-1,8
CGAATGACGCATAATG-1,4
CGAATGGTAGGTCGTC-1,8
CGAATTACATGGTGTT-1,9
CGAATTCCCGGTTCAA-1,4
CGACAATTTGATCTAA-1,6
CGACACCGCTTAAGGA-1,3
CGACACGCTCCGACAG-1,0
CGACACGGATGCCCAC-1,3
CGACAGTTCGCGTTAT-1,1
CGACATGCGATCTTCT-1,3
CGACCCTTAACGCCGG-1,1
CGACCGTTGGTATTCG-1,8
CGACCTACTAGACAAT-1,2
CGACGCATCCGTACCT-1,5
CGACTCAGGATGTTAT-1,3
CGACTCGGTACACGGT-1,3
CGACTTTGTATAGCCT-1,9
CGAGACCCTAGAGTGT-1,7
CGAGACTACTGCTGCT-1,1
CGAGAGATGTGAACCT-1,12
CGAGAGCGCGTAGATA-1,9
CGAGAGCTTTCACTAC-1,2
CGAGAGGGTAGCCGCG-1,6
CGAGATGTTGCCTATA-1,4
CGAGATTTCGCTCGGG-1,6
CGAGCACTTCAAGTTT-1,0
CGAGCCGAGCACTCGA-1,1
CGAGCGTTGATCAGCC-1,7
CGAGCTGGGCTTTAGG-1,3
CGAGGAGCTTCCATAT-1,3
CGAGGATCGGGAACGA-1,13
CGAGGCCAGGCATTGG-1,1
CGAGGCTAAATATGGC-1,12
CGAGGGACTGCGGTCG-1,4
CGAGGGTATCCAGGTG-1,4
CGAGTACTAAAGAGGA-1,2
CGAGTGAAGGTACCAG-1,7
CGAGTGCTATAGTTCG-1,6
CGAGTTCTGTCCCACC-1,9
CGAGTTTATCGGACTG-1,0
CGATAACCAATTTGAG-1,3
CGATAATACTCAGGTT-1,6
CGATACCTCGCGGACA-1,10
CGATAGCGATACAGTG-1,8
CGATAGTCGTACTGCA-1,13
CGATATTAGCCGCAGG-1,6
CGATCATTAGAGGCAC-1,6
CGATCCACCATTGTTG-1,2
CGATCCGACCCAGTGC-1,11
CGATCCTCGCAACATA-1,4
CGATCGAGAAGCACCA-1,10
CGATCTGTTGGAGGAC-1,0
CGATGGACCCTACGCC-1,3
CGATGTTGTTATCTAC-1,10
CGATTAAATATCTCCT-1,7
CGATTCGCCTGGCTGC-1,4
CGATTTGTCATTAATG-1,8
CGCAAACACGAGTTAC-1,2
CGCAATCGATCATTAG-1,5
CGCAATTACTTTCGGT-1,0
CGCAATTAGGGTAATA-1,0
CGCAATTCTACAATAA-1,7
CGCACATGTCCACTAC-1,1
CGCACGTCTGTTTATG-1,5
CGCACGTGCGCTATCA-1,4
CGCAGAAACATTTGCG-1,13
CGCAGATCTTCACCCG-1,3
CGCAGGCGATCCAAAC-1,0
CGCAGTTCTATCTTTC-1,1
CGCATCATGGCTTCAG-1,3
CGCATCCATCAGCCAG-1,3
CGCATGCCGAATGCGT-1,13
CGCATGGTGCGATGCT-1,1
CGCATTAGCTAATAGG-1,5
CGCCAAGAAGCCGAGT-1,8
CGCCAATTATTGCGTT-1,12
CGCCACAGGTCGCGAT-1,13
CGCCACCCGCATTAAC-1,1
CGCCAGTAGTACCTTG-1,14
CGCCATCCGATTATGA-1,8
CGCCCAGCACGCCTAG-1,0
CGCCCAGCGTTTCACG-1,0
CGCCCGCTTCCGTACA-1,3
CGCCCTAATTGTTCAA-1,8
CGCCCTTACATCCACC-1,11
CGCCCTTGAAGGCTGA-1,2
CGCCGACTATTCGCTA-1,5
CGCCGCCCATGCCTGT-1,2
CGCCGCGTTCTGAACG-1,5
CGCCGGTGTCGCAGTA-1,3
CGCCGTCTACCCATCG-1,4
CGCCGTTCAGCATAGT-1,1
CGCCTCCCTCCTCTAT-1,2
CGCCTGGCCTACGTAA-1,1
CGCCTTTAGCATGCTC-1,1
CGCGAAGTGGCATACT-1,0
CGCGACACTGCGCAGC-1,9
CGCGACCGCGACAGAT-1,2
CGCGAGAGGGACTTGT-1,3
CGCGAGTCTGCCGGGT-1,1
CGCGCAAATGTCCAGA-1,7
CGCGCAAGGAACTACA-1,0
CGCGCATGTTTGATTG-1,7
CGCGCCCGACTTAATA-1,8
CGCGGCAGTATTACGG-1,2
CGCGGCTCAACTTGAA-1,6
CGCGGGAATTAGGCAG-1,13
CGCGGGAATTCCTTTC-1,6
CGCGGTAAGTCTAGCT-1,4
CGCGGTACGGTATACA-1,4
CGCGGTCACAAACCAA-1,3
CGCGTACATTCTGGAA-1,3
CGCGTCATATTAAACC-1,3
CGCGTGCTATCAACGA-1,13
CGCGTGGGCCTGTGTT-1,14
CGCGTTCATGAAATAC-1,4
CGCTACCGCCCTATGA-1,2
CGCTACGGGACATTTA-1,10
CGCTAGAGACCGCTGC-1,6
CGCTATACCGCCCACT-1,0
CGCTATCGTGGCTTTA-1,3
CGCTATTCAATGTATG-1,7
CGCTATTCTTAGGCTC-1,10
CGCTCGACATAATGAT-1,2
CGCTCTCCGTAGATTA-1,2
CGCTGAGGACGTCCAA-1,0
CGCTGGTGACTACCCT-1,6
CGCTGTGACGCCGCAC-1,2
CGCTGTGTGGATGTTG-1,1
CGCTTAGTATTGATAC-1,0
CGCTTATTCCCGGTCG-1,2
CGCTTCCACTGAAATC-1,0
CGCTTCGGTCTAAGAC-1,2
CGCTTGGACGGATAGA-1,4
CGCTTTCATACCGGTG-1,0
CGCTTTCCGCCAAGGT-1,1
CGCTTTCTTGCATTCG-1,1
CGGAAAGAATCAAACG-1,1
CGGAAAGCAAATGTGC-1,6
CGGAAATTTCACATCC-1,5
CGGAACGTAAACATAG-1,8
CGGACCTCTGTAGTTA-1,10
CGGACCTTTACGTCCC-1,6
CGGACGTTACTTGAAG-1,5
CGGAGCAATTTAATCG-1,3
CGGAGCATGGCGATCC-1,2
CGGAGCTTATAACACC-1,11
CGGAGTCCTAACCTGG-1,9
CGGAGTTTGAGAGACA-1,1
CGGATAAGCGGACATG-1,0
CGGATCCTCAAGGACT-1,6
CGGATGAATGCTGTGA-1,8
CGGCAAACATCGTGCG-1,6
CGGCAATAAGATCGCC-1,7
CGGCACCGTTAGCGCC-1,3
CGGCACTCAAGAAAGT-1,7
CGGCAGGGTCGGGTTG-1,1
CGGCCACGCACAAAGT-1,5
CGGCCAGAGCGACCAT-1,4
CGGCCCAACCTGTAGT-1,3
CGGCCCAGGTATATCC-1,2
CGGCGCCATCAATCCC-1,4
CGGCTCTAAAGCTGCA-1,4
CGGCTCTTCGTCGAAC-1,3
CGGCTGAAGGTTACGC-1,4
CGGCTGCAAGATTAAG-1,4
CGGCTTTGTATGATAA-1,6
CGGGAACGCCCTGCAT-1,11
CGGGAAGTACCGTGGC-1,11
CGGGAATATAGTATAC-1,0
CGGGAATTTATGTAAA-1,10
CGGGAGCTTCAGTGTA-1,2
CGGGAGTATACCGCCG-1,0
CGGGATCAATGTAAGA-1,11
CGGGCAGCTAAACCGC-1,10
CGGGCCATAGCCGCAC-1,7
CGGGCCTTCTTTGTAA-1,7
CGGGCGATGGATCACG-1,6
CGGGCTACTTAAATTG-1,3
CGGGTGTACCCATTTA-1,4
CGGGTTCGGCACGTAT-1,6
CGGGTTGTAGCTTTGG-1,1
CGGGTTTGTTAGGGCT-1,13
CGGTAACAAGATACAT-1,0
CGGTACGGCAAACCCA-1,4
CGGTACTAGAATCAAA-1,0
CGGTAGAGGTGCAGGT-1,11
CGGTATAGGTATTAGC-1,3
CGGTATGGGCACTCTG-1,1
CGGTCAAGTGGGAACC-1,10
CGGTCAGTCCATATTT-1,13
CGGTCCATGAGACTCC-1,3
CGGTCCGTCGCAAGCC-1,6
CGGTCTATCAACCCGT-1,3
CGGTGAAGACTAAAGT-1,12
CGGTGCAGATAGAACG-1,2
CGGTGCGCGTTGGTCC-1,10
CGGTGGGCTCCAGCCT-1,1
CGGTGTACTTGATCCC-1,7
CGGTTATCCAACAGTG-1,1
CGGTTCAAGTAGGTGT-1,3
CGGTTCCGGCTTCTTG-1,0
CGGTTGACCTGGCATA-1,8
CGGTTGAGTATCCTTC-1,5
CGGTTGGGCAGGGTCC-1,2
CGGTTGGGTTCAAGTT-1,6
CGGTTTACTGAACATT-1,7
CGGTTTATGAAGGAAC-1,7
CGTAAACGCTTGAGTG-1,1
CGTAAAGCAAGAAATC-1,8
CGTAAATAACAAAGGG-1,8
CGTAACGGAACGATCA-1,3
CGTAACTTCGACACTT-1,4
CGTAATAATTACGAGT-1,1
CGTACCGAAAGTCTAG-1,12
CGTACCTGATAGGCCT-1,3
CGTAGAGAGTAATTAT-1,4
CGTAGCGAATTGTCAG-1,3
CGTAGCGCCGACGTTG-1,13
CGTATCTAGAACTAAG-1,6
CGTATTAAGAGATCTA-1,5
CGTATTGTTTCCTAAT-1,3
CGTATTGTTTGGCGCC-1,14
CGTCAAATGGTCGCAG-1,3
CGTCAAGGCTATAAAT-1,5
CGTCAATCTTTAACAT-1,12
CGTCACGTCCATTGGT-1,8
CGTCAGCTATTTACTC-1,1
CGTCAGTGCGCACAAG-1,0
CGTCAGTTTATCGTCT-1,6
CGTCATACCATATCCA-1,6
CGTCCAGATGGCTCCA-1,6
CGTCCTCATCGCGTGC-1,4
CGTCGCATGTGAGCCA-1,2
CGTCGCGGCGGGATTT-1,12
CGTCGCTTGGTTATAC-1,8
CGTCGGATAGTGTTGA-1,1
CGTCGGGTCTAAGCGC-1,0
CGTCGTCCTTCGCGAA-1,2
CGTCTCTCGCCGAGGC-1,3
CGTCTGGAAGGGCCCG-1,13
CGTCTTGAGTGTGACG-1,13
CGTGAACTGACCCGAT-1,14
CGTGAAGTTAATTCAC-1,7
CGTGACATTGGGTCGT-1,11
CGTGACCAGTCCTCTG-1,2
CGTGCACACCACTGTA-1,0
CGTGCAGACTGGGACA-1,2
CGTGCATTGTCGACGC-1,5
CGTGCCCGACATTTGT-1,4
CGTGCCCTCCCGAAGA-1,2
CGTGCTGGCCTAGTCG-1,1
CGTGCTTCTACCTAAA-1,5
CGTGGAAGCCTCGTAC-1,6
CGTGGCCGAATATCTA-1,1
CGTGGTACCCAAAGGC-1,13
CGTGTATGGGAGCTGA-1,12
CGTGTCCCATTCGCGA-1,2
CGTGTCTCGTTACGAC-1,2
CGTGTGTTAAACCCTG-1,13
CGTTAAACTAGTTAGG-1,4
CGTTAAATACGACCAG-1,7
CGTTAATGTCCCGACG-1,6
CGTTAGCTCACAACTG-1,3
CGTTATCATACTTCCA-1,2
CGTTCAAGGAAACGGA-1,1
CGTTCAGACCCGCGAA-1,6
CGTTCATGGTGCGCGT-1,0
CGTTCTTCGCACACCT-1,11
CGTTGAATACCGCGCT-1,2
CGTTGAGCGACCGTCG-1,2
CGTTGAGTAATTGCGT-1,3
CGTTGCCCGCGTGGGA-1,4
CGTTGTAAACGTCAGG-1,13
CGTTGTAAGATTGATT-1,9
CGTTGTCGGCAATTGA-1,0
CGTTGTTTCAATTCCC-1,0
CGTTTAAGCGGAGCAC-1,2
CGTTTACAAGGCAGCT-1,3
CGTTTCACTTCGGGCG-1,11
CGTTTCGCTCATTACA-1,6
CGTTTCGGTTATATGC-1,6
CGTTTGGTGTTGTGGG-1,4
CGTTTGTGTAGAGGGT-1,7
CTAAACGGGTGTAATC-1,0
CTAAAGAATGCCTACT-1,1
CTAAAGGATGAGATAC-1,8
CTAAAGGGAAATAGGA-1,7
CTAAAGTCCGAAGCTA-1,0
CTAAATCCGGTGTACA-1,7
CTAAATCCTATTCCGG-1,5
CTAACAGCACAATAAC-1,8
CTAACCGCGCGCCCGT-1,5
CTAACGAAACTTGCTG-1,3
CTAACTGATAATCGCC-1,0
CTAACTGGTCCGGTTC-1,6
CTAAGGGAATGATTGG-1,2
CTAAGTACAGGGCTAC-1,3
CTAATGCGCCCAACAA-1,0
CTAATTATGAAGCGTA-1,3
CTAATTCGCACGCGCT-1,6
CTAATTCTCAGATATT-1,4
CTAATTTCAACAACAC-1,0
CTACAAGAAATAACCC-1,7
CTACACTAGCTTGTTC-1,2
CTACACTCGCAGATGG-1,1
CTACATATCGCGGGAC-1,8
CTACCCTAAGGTCATA-1,4
CTACGAACTAGGTCGA-1,13
CTACGACTAGCTATAA-1,12
CTACGATCCTATCCTA-1,8
CTACGCACGGAGTACC-1,5
CTACGCCATTTCCGAT-1,11
CTACGTGTTGCCACCA-1,0
CTACTATCATAGGTTT-1,1
CTACTATCTTTCAGAG-1,11
CTACTCAAGGTATAGT-1,0
CTACTCTAGGCCCGGC-1,7
CTACTGCCACCTGACC-1,10
CTAGACATATATGTAG-1,3
CTAGACTGCATTTCGT-1,3
CTAGATAAACTCCTCG-1,0
CTAGATGTGAGTGTAA-1,3
CTAGATTTACGACGGC-1,2
CTAGCAACTAATTTAC-1,1
CTAGCATAGTATAATG-1,5
CTAGCCACAGGCGAGC-1,4
CTAGCCCGGGAGACGA-1,14
CTAGCCGATGTTATGA-1,3
CTAGCGCCAATCCTAC-1,9
CTAGCTTAATGGTCCC-1,3
CTAGGCGCCCTATCAG-1,2
CTAGGCGGCAGAGAAT-1,13
CTAGGGATAGGGACAA-1,10
CTAGGTCTGAAGGAAT-1,9
CTAGGTTCGGACGTGA-1,6
CTAGTAGAAAGGGATT-1,2
CTAGTATTCGGAATTA-1,3
CTAGTCACGTCTTAAG-1,4
CTAGTGAAGGACAGGA-1,6
CTAGTTACAACCCGGT-1,2
CTAGTTGGGCCCGGTA-1,5
CTATAAGAGCCAATCG-1,3
CTATAAGTAGGGTTTG-1,14
CTATACTTAAAGCGAG-1,8
CTATAGGCGTTGATGT-1,1
CTATATCCAGCCTGGC-1,5
CTATCACAACGCTGGA-1,1
CTATCGACGAAATACA-1,2
CTATCGCGTAGAGAAC-1,4
CTATCGGGTCTCAACA-1,5
CTATGAACACCTTGCC-1,10
CTATGCCCGAATGCAA-1,2
CTATGGGAAGCGGAAT-1,4
CTATGTCACTAGCCCA-1,5
CTATGTCTATTGAAAC-1,0
CTATGTGAGTCACGGC-1,1
CTATTCATGTGTCCCA-1,6
CTATTGTGTTTGGTCA-1,9
CTATTTGCTTGGAGGA-1,0
CTATTTGGTTACGGAT-1,4
CTCAAACCACTGCCCG-1,13
CTCAACTAACCCGGAT-1,4
CTCAAGACATTAGCGC-1,3
CTCACACGCAAGCCTA-1,3
CTCACATTTACTAAAT-1,6
CTCACCAGTACAAGTG-1,1
CTCACCGATCCAAACT-1,3
CTCACTGTGATACTTA-1,9
CTCACTTGGCTGGTAA-1,10
CTCAGAGCTAATGTCG-1,5
CTCAGATTGTGATAAG-1,12
CTCAGCAGACTGCCGA-1,9
CTCAGGACTCACCTGT-1,7
CTCAGTCACGACAAAT-1,3
CTCATAAATGTGTATA-1,13
CTCATCACTTAGTGAT-1,3
CTCATGGCTCACAATC-1,1
CTCATGGTAATTTGCG-1,12
CTCATTAACGTTGCCC-1,4
CTCATTCGTGAACATC-1,5
CTCATTGCTCTAACAA-1,6
CTCATTTGATGGGCGG-1,11
CTCCCAATGAGTCGCG-1,6
CTCCCTCCTTTCGATC-1,0
CTCCCTTGTATCAAGG-1,14
CTCCGAGTAAATCCGC-1,3
CTCCGCCCACATGAGG-1,10
CTCCGGCCTAATATGC-1,5
CTCCGGCTTGTAGACA-1,4
CTCCTAAGTTATGTCT-1,1
CTCCTAGTAATCGTGA-1,8
CTCCTCCAGCTCACAC-1,4
CTCCTGTTCAAGGCAG-1,4
CTCCTTTACGCAAGTC-1,3
CTCGAATGGAACGTAT-1,9
CTCGAGACATACGATA-1,8
CTCGAGATCCAAAGCA-1,12
CTCGAGGCAAGTTTCA-1,5
CTCGAGGTCGAACAGT-1,5
CTCGATATTTGCGAGC-1,3
CTCGCACCTATATAGT-1,5
CTCGCATTGCATAGCC-1,5
CTCGCCGAATGTAGGG-1,10
CTCGCTAGGTAAGCGA-1,6
CTCGGGATAACACCTA-1,7
CTCGGGCATCGTCGGG-1,4
CTCGGGTTCTCTGGCC-1,5
CTCGGTACCACTGCTC-1,2
CTCGGTCCGTAGCCTG-1,1
CTCGGTTGTCGGCCCT-1,7
CTCGTCGAGGGCTCAT-1,6
CTCGTCTGTGCCTTCG-1,0
CTCGTGGCACTGAAAG-1,8
CTCGTTACGGCTACCA-1,5
CTCGTTTCTAATGTTT-1,3
CTCTAACACCGGCAGC-1,1
CTCTAATGCATTGATC-1,9
CTCTACACTGGCGATT-1,1
CTCTACATCCTGCGTG-1,9
CTCTAGCCCTCGGAAA-1,1
CTCTATTTGGCTGCAG-1,7
CTCTCACAATCGATGA-1,3
CTCTCGATGTGCGCCT-1,1
CTCTCGCTGTACTATG-1,10
CTCTCTAACTGCCTAG-1,12
CTCTGCAGGCATTCTT-1,8
CTCTGCGAAGCAAGCA-1,1
CTCTGGACGCCTGGTG-1,5
CTCTGTCCATGCACCA-1,1
CTCTGTGCCTGCTATG-1,5
CTCTGTTTGAGGATTC-1,5
CTCTTCTATTGACTGG-1,1
CTCTTCTGGAAGTTAG-1,1
CTCTTGTCCCGCTTGG-1,0
CTGAAACGGCCCTCAG-1,3
CTGAAAGAGATCCGAC-1,10
CTGAATCCGAGACCTC-1,10
CTGAATTTATTGCCAG-1,9
CTGACATAGAAATAGA-1,6
CTGACTGCGCAGCTCG-1,9
CTGAGAAAGTTCGGCG-1,1
CTGAGAGTAGAAATAC-1,6
CTGAGCAAGTAACAAG-1,7
CTGAGCGAGACTTATT-1,4
CTGATAGTGTATCTCA-1,12
CTGATCCCTTTATGCA-1,8
CTGCAAATGGGCTCCA-1,13
CTGCAAGCACGTTCCG-1,4
CTGCACAACTACATAT-1,1
CTGCACCTAGTCCACA-1,13
CTGCACCTGGAACCGC-1,1
CTGCACTCCAGTACAG-1,2
CTGCAGAGAATCAGAG-1,0
CTGCAGGGTGACGCTC-1,9
CTGCAGGTGCTCGGCC-1,12
CTGCCAAGGTTGGAAG-1,11
CTGCCATGCATCACAT-1,4
CTGCCCACGAAGCGTT-1,5
CTGCCTAGCCACCAAG-1,12
CTGCCTCATATGCAAC-1,4
CTGCCTTTAATACCTT-1,5
CTGCCTTTCTAGTAAA-1,6
CTGCGACCTCGCCGAA-1,1
CTGCGATTTCGAGATT-1,5
CTGCGGGTGAAATGTT-1,12
CTGCGGTAGTCACGTG-1,3
CTGCGTTACGATATAA-1,9
CTGCTCTCAACACACC-1,9
CTGCTCTGACGGCAAA-1,9
CTGCTGAGGCCACGAA-1,6
CTGCTGTCTAACGAGC-1,6
CTGCTTGGCGATAGCT-1,0
CTGCTTTATGTCCGCG-1,3
CTGGAAATGGATGCTT-1,3
CTGGAAGACACGGTGG-1,2
CTGGACGCAGTCCGGC-1,5
CTGGATTTACACTTGA-1,7
CTGGCATCCGAATGAG-1,0
CTGGCGACATAAGTCC-1,4
CTGGCGATTTACATGT-1,2
CTGGCGCACAGGTCTG-1,4
CTGGCGGGAATAAGTA-1,0
CTGGCTCCTGCGGGAT-1,0
CTGGCTGATTCATCCT-1,0
CTGGCTGCTAACGTAA-1,1
CTGGCTGGTTGTCAGT-1,7
CTGGGATAAATAATGG-1,2
CTGGGATACGCTACCC-1,4
CTGGGATCGCCCAGAT-1,13
CTGGGCACTAGTCGGA-1,9
CTGGGCCTGCTATATC-1,7
CTGGGCGGCCAAATGT-1,5
CTGGGCTACTGGAGAG-1,1
CTGGGCTATCCTTTGG-1,6
CTGGGTAGGCAGTTAA-1,2
CTGGGTTGAGTTAAAG-1,5
CTGGTAAAGACTTACA-1,1
CTGGTAAAGTGTGGGC-1,4
CTGGTAACACATAGAA-1,0
CTGGTAACGAGCTCTT-1,11
CTGGTCATTCCAATCC-1,0
CTGGTCCTAACTTGGC-1,0
CTGGTGAATGGGCCTA-1,8
CTGGTTCAACGCATCA-1,7
CTGGTTCGCGAGCTAC-1,3
CTGGTTTCGAGCAAGA-1,2
CTGTACTTCTTAGCAT-1,12
CTGTAGCCATCTCACT-1,13
CTGTAGTGAGGATCGA-1,13
CTGTATGGTGTAGAAA-1,1
CTGTCAAATGGCTCGG-1,5
CTGTCACGCCAGGCGC-1,3
CTGTCCTGCGCACTAC-1,8
CTGTCTGTGGCTGGCT-1,13
CTGTGCAGGGTAGGTC-1,2
CTGTGGTCGGGAGATA-1,0
CTGTTACCCAATCTAG-1,7
CTGTTCACTGCCTGTG-1,4
CTGTTCATCTCACGGG-1,0
CTGTTGGCTCTTCTGA-1,9
CTGTTGTTCAGTCGTA-1,8
CTTAAATAAGACCCAT-1,5
CTTAACTTACAGTATA-1,0
CTTAACTTCGAAGTAC-1,1
CTTAAGCAGCGAGCCG-1,1
CTTAATCGACTTAGTA-1,8
CTTACACGGTATTCCA-1,2
CTTACACTGGGAAATA-1,0
CTTACATAGATTTCTT-1,0
CTTACTGACTCCTCTG-1,2
CTTAGATGTTTCATCC-1,4
CTTAGCCCGGATAGTG-1,5
CTTAGCCTTCCACATG-1,10
CTTAGGTATAGACCAG-1,8
CTTAGGTCCCAATCGT-1,3
CTTAGTAGGCCTACAG-1,9
CTTAGTGTAGTAGCAT-1,6
CTTAGTTGAGGAATCG-1,5
CTTATAGATGGCTGTT-1,1
CTTATGCGCTCAGGGC-1,2
CTTATGTTGACTACCA-1,1
CTTCAACTCCACTTGG-1,0
CTTCACGCCCTGGTAC-1,8
CTTCAGTGGTCGCCTA-1,7
CTTCAGTTGGACAACG-1,6
CTTCATAGCTCAAGAA-1,0
CTTCATTGTCAGTGGA-1,10
CTTCCGCTCCGTGAAG-1,13
CTTCCTGCATATTTAC-1,4
CTTCGATTGCGCAAGC-1,0
CTTCGGCCAATTGTTT-1,7
CTTCGTAGATAGGTGA-1,10
CTTCGTGCCCGCATCG-1,13
CTTCTATGTTGAAGTA-1,7
CTTCTATTAATGCTAG-1,10
CTTCTGGGCGTACCTA-1,5
CTTCTTACGTCGTATA-1,1
CTTGACCCGAAAGATA-1,1
CTTGAGGTTATCCCGA-1,7
CTTGAGTTAGGGTAAT-1,4
CTTGATGACCATCCAG-1,1
CTTGCAACCGCCTCCT-1,7
CTTGCCCACCCACGCA-1,0
CTTGCCCAGGCTCTAC-1,7
CTTGGCCAAGCTGGGA-1,0
CTTGTACTTGTTGACT-1,1
CTTGTCAACATTCGAG-1,7
CTTGTCGTACGTGTCA-1,1
CTTGTGAGGACAGCGG-1,12
CTTGTGAGTCTTTGAC-1,0
CTTGTGCTCACCGATT-1,11
CTTGTTGCTGAGTCAA-1,4
CTTGTTTATGTAGCCA-1,7
CTTTAACTTTCAAAGG-1,5
CTTTAATATTGGTCGA-1,2
CTTTACCGAATAGTAG-1,2
CTTTAGGAACACTGTT-1,0
CTTTAGTGCTATTATT-1,7
CTTTATCCGACGCATG-1,8
CTTTCTGTGCGGGCTT-1,0
CTTTGAAACATATTCC-1,11
CTTTGACGTCGCTTCT-1,0
CTTTGCATCGCTCTTG-1,4
CTTTGCTGTCATGGAT-1,13
CTTTGGCAGACAGAGT-1,3
CTTTGGCGCTTTATAC-1,12
CTTTGGCTTTAGTAAA-1,0
CTTTGGGATTGTTGCA-1,2
CTTTGTCGAATGCTCC-1,10
GAAACAGATGACCACC-1,2
GAAACAGCCATGCAGT-1,13
GAAACATAGGAAACAG-1,5
GAAACCATGGTGCGCT-1,9
GAAACCGAATTACCTT-1,10
GAAACCTATACAAATG-1,4
GAAACTCGTGCGATGC-1,2
GAAACTCTAATGAAGG-1,5
GAAAGAACAGCGTTAT-1,9
GAAAGCAGTGCACTTT-1,7
GAAAGCCCTTTGGACC-1,12
GAAAGTGACTAACTGC-1,7
GAAATACCTGCTGGCT-1,3
GAAATACTAAACGTTT-1,0
GAAATATCACCATCAG-1,5
GAAATATGCTTGAATG-1,3
GAAATCGCGCGCAACT-1,3
GAAATCTGACCAAGTT-1,9
GAAATGGCGGTGTTAG-1,3
GAAATGGGATGTAAAC-1,0
GAAATTAGCACGGATA-1,11
GAAATTCACATCGCTG-1,13
GAAATTGTCTCTATAA-1,10
GAACAACTGGGATGAA-1,2
GAACACACATCAACCA-1,2
GAACAGATTACTAAAT-1,1
GAACATTAGTATGTTA-1,3
GAACCATCTGGGAGAC-1,6
GAACCCTCTGTGTTCT-1,6
GAACCTCGACCTACAC-1,2
GAACCTTTAACGATCC-1,2
GAACGACCGAATGATA-1,3
GAACGATAAGTTAAAG-1,4
GAACGCGGGTCACACG-1,0
GAACGGTGTAAAGCAG-1,3
GAACGTCTCATGGTCG-1,4
GAACGTTAGGAAGACG-1,5
GAACTGTGGAGAGACA-1,7
GAACTTAGCGCCCGGT-1,9
GAACTTGTGCACGGGA-1,3
GAAGAAACGATATTGT-1,5
GAAGAACGGTGCAGGT-1,6
GAAGACTTCAATGCCG-1,6
GAAGCAAGGCAATGTT-1,9
GAAGCCACTGATTATG-1,4
GAAGCCGGGTAAGCTC-1,5
GAAGCCTGCACATTCC-1,0
GAAGCGTGAGGAATTT-1,12
GAAGCTCGGACCCGTC-1,7
GAAGCTCTTTGCTTAG-1,0
GAAGCTTGCTGACCGC-1,0
GAAGGACTAAATTGAA-1,1
GAAGGAGTCGAGTGCG-1,4
GAAGGCTACCATTGTT-1,3
GAAGGGCATAACCATG-1,8
GAAGGGTCATTAAGAC-1,6
GAAGTCAGTTGCACTA-1,7
GAAGTCTCCCTAGCGA-1,1
GAAGTGATTTATCGTG-1,11
GAAGTGCTGGATAGCT-1,13
GAAGTTTCCACTCAAT-1,10
GAATAGACGCGACCCA-1,2
GAATAGCATTTAGGGT-1,9
GAATAGCCCTGCGGTC-1,7
GAATAGTGCTCGATTA-1,6
GAATATTCGGAGTCCC-1,11
GAATCGACATGGTCAC-1,6
GAATCGCCGGACACGG-1,6
GAATCTATACTCGGAC-1,6
GAATCTGAACATTCTC-1,1
GAATGAAGGTCTTCAG-1,11
GAATGCCGAAATGACC-1,0
GAATGCGAATCGGTTC-1,2
GAATGGGCTTATCGAC-1,1
GAATGTATGGCAGGTC-1,11
GAATGTGGTCCGGATT-1,2
GAATGTTGGGTAATCT-1,10
GAATTATAGTGAAAGG-1,12
GAATTATGCAACCTAC-1,3
GAATTCACCCGGGTGT-1,7
GAATTTCTCGCTGCAG-1,7
GACAAACATATGCAGG-1,6
GACAACGACCATTGAA-1,11
GACAACGCAGCTTACG-1,4
GACAAGACGCCCGTGC-1,2
GACAAGAGATGAGATT-1,4
GACACAAGGGAAGAAA-1,1
GACACAGCCGGGACTG-1,1
GACACCCAAAGACGCG-1,8
GACACGAGTTAGAGGA-1,0
GACACTGAGTTCAGTG-1,5
GACACTGGAACCCGAT-1,6
GACACTTCCAATTACC-1,4
GACAGAGGTCTTCAGT-1,3
GACAGATTTCTGGCTC-1,5
GACAGCCAGACCTGAC-1,2
GACAGGCACACACTAT-1,12
GACAGGTAATCCGTGT-1,3
GACATACTGTCGCAGA-1,5
GACATCCGTCGAACTG-1,4
GACATCGATTTATAAC-1,7
GACATTTCGCCCAGCC-1,8
GACCAAACGTTGACTG-1,1
GACCACACTTCCCTTT-1,1
GACCAGAGCCCTGTAG-1,0
GACCAGGTCATTCATA-1,4
GACCCAATTATGATAC-1,2
GACCCGTCGCCGGCTA-1,1
GACCGACCGCTAATAT-1,0
GACCGACGTGAAAGCA-1,4
GACCGACTGAAGCGTC-1,5
GACCGATTAAATATGT-1,8
GACCGCGTCTGACGTG-1,4
GACCGGTGATACTCTC-1,14
GACCGTCAGGTCGTGA-1,11
GACCGTGCTGACGGTG-1,10
GACCGTTACATGCGAC-1,2
GACCTGGTCTGGGCGT-1,7
GACCTTCCACGTCTAC-1,2
GACGACGATCCGCGTT-1,2
GACGACTTTCCAAGAA-1,12
GACGAGGCTAATAAAC-1,2
GACGATATCACTGGGT-1,5
GACGCATACCCGTCGG-1,8
GACGCCGTAAAGGCTA-1,7
GACGCCTGTTGCAGGG-1,6
GACGCTTGCTTCTAAA-1,5
GACGGACCGCGTTCCT-1,6
GACGGGATGTCTTATG-1,13
GACGGGCATCGAATTT-1,13
GACGGGTTGGCCCGTA-1,2
GACGGTCAATAGAAGC-1,3
GACGGTCCTAGGGTGT-1,9
GACGTGAGACTCCATG-1,1
GACGTGTAGGGATTAT-1,12
GACGTTCGTAAATACA-1,3
GACGTTGCTCGGCGGC-1,8
GACTAACACAGCACCT-1,3
GACTAAGATCATGCAC-1,4
GACTAAGTAGGCTCAC-1,0
GACTACAAAGCGGTGG-1,0
GACTACAATTGCTCGT-1,3
GACTAGGCCGTTAGGT-1,13
GACTCACCCACGTGAG-1,9
GACTCCCAGAATAAGG-1,9
GACTCCTTCCAATTGA-1,9
GACTCGCGGGAATGAC-1,11
GACTCGGTCGGCGGAT-1,3
GACTCTAGAGTTCCAA-1,5
GACTGATTGGTCACAA-1,11
GACTGCAAATCGAGCT-1,0
GACTGCACCAGCCCAG-1,0
GACTGCGGCACGTGTA-1,9
GACTGCTGGTGAGAAA-1,3
GACTGGGCGCCGCAAC-1,3
GACTTCAACGCATCAA-1,13
GACTTTCGAGCGGTTC-1,9
GAGAAACTGGATCCCA-1,6
GAGAACGGTTCTGACT-1,6
GAGAATCTCACGATCA-1,5
GAGACCCTGCAACGCC-1,3
GAGACTGATGGGTAGA-1,5
GAGACTTCGCGACCGA-1,1
GAGAGCGCAGTCCCTG-1,5
GAGAGGCCTATGTGTA-1,6
GAGAGGGCGCGAGGTT-1,10
GAGAGGTGCATTCTGG-1,9
GAGAGTCTCGGGAGAG-1,5
GAGATCGATCTTACTC-1,8
GAGATCTGCTTGGCAT-1,12
GAGATCTGTCACTCCG-1,1
GAGATCTTCCATGACA-1,1
GAGATGACAATCCTTA-1,6
GAGATGGCTTTAATCA-1,1
GAGATGGGAGTCGACA-1,1
GAGCACCTGTGTCCAG-1,13
GAGCACGGCGCCTCTT-1,6
GAGCATCAACAACTTG-1,9
GAGCATCATCCCTGGG-1,0
GAGCCACGGTAGTAGG-1,2
GAGCCAGCTACCTGTG-1,4
GAGCCGAGCGTTTATT-1,3
GAGCGAGGGAGTACCG-1,2
GAGCGCAAATACTCCG-1,4
GAGCGCGCACGAGTAG-1,2
GAGCGCTATGTCAGGC-1,4
GAGCGCTGTTAGGTAA-1,5
GAGCGGAATGCGGTGT-1,4
GAGCTAAGGGCATATC-1,3
GAGCTCAACATGAGCG-1,0
GAGCTCTCGGACCTAA-1,6
GAGCTGTCGTCTCGGA-1,11
GAGGAATATCTCTTTG-1,1
GAGGAATGGAGAGGTT-1,7
GAGGAGATCCTCATGC-1,12
GAGGAGTAATTCCTAC-1,13
GAGGATAAACAGTGCT-1,6
GAGGCATTTGCAGCAG-1,11
GAGGCCCGACTCCGCA-1,7
GAGGCCTGTTGATACA-1,1
GAGGCTATCAAAGTCG-1,5
GAGGGAGTCAGATCGC-1,0
GAGGGCATCGCGTATC-1,0
GAGGGCCATAATATTA-1,3
GAGGGCCGGCAGAGTC-1,3
GAGGGCGCAGCTCTGC-1,9
GAGGGTAGTAACAAAG-1,6
GAGGTACATCCATCTT-1,3
GAGGTACGCGTGTCCC-1,4
GAGGTCCCAAAGATCT-1,7
GAGGTCCGTTCGCTGT-1,8
GAGGTCTTAGTGGGTC-1,9
GAGTAAACCGGAAAGT-1,4
GAGTAAATTAAGAACC-1,4
GAGTAAGGCCACGGGA-1,11
GAGTACGGGTATACAA-1,1
GAGTAGATACTAGTTG-1,0
GAGTATACCCTAATCA-1,5
GAGTATCAAAGTTACA-1,4
GAGTATGCCCGCCTTG-1,8
GAGTATGCGCGTGCAT-1,2
GAGTCAGACCAGAATC-1,4
GAGTCCGCTTACCGGA-1,7
GAGTCGACAGACCCTC-1,5
GAGTCTTGTAAAGGAC-1,2
GAGTGCACGGACAACA-1,3
GAGTGTCAACCAGAAA-1,4
GAGTGTGCGGTACCCA-1,2
GAGTTCTGTGGGTGCT-1,8
GAGTTGATGGCAATTT-1,2
GAGTTGTCACCAGTCT-1,11
GATAAATCGGTGGATG-1,0
GATAACTCGCACTGTG-1,7
GATAAGGCAGATGCAA-1,7
GATAAGGGACGATTAG-1,0
GATACCGTGTCGGAGT-1,4
GATACGATGGGAGTCA-1,10
GATAGAACCCGCTAGG-1,1
GATAGATAGTACAGTC-1,1
GATAGCGTACCACGCG-1,6
GATAGGATTAATTACA-1,9
GATAGGTAACGTTGAC-1,7
GATAGGTGTCCCGGGC-1,4
GATAGTGCGAGTAAGT-1,0
GATATCAAGCAGGAGC-1,10
GATATCAGTATGTATC-1,12
GATATCTCATGCAATA-1,1
GATATGAGACACTAAC-1,2
GATATGCGGTAGCCAA-1,3
GATATGGATTACGCGG-1,0
GATATTGAGATTGGCG-1,13
GATATTTCCTACATGG-1,3
GATCAACATAAAGGGA-1,6
GATCATTCCAAACATT-1,12
GATCCCTTTATACTGC-1,5
GATCCGAATATAAGTG-1,4
GATCCGGGAATTAACA-1,1
GATCCTAAATCGGGAC-1,11
GATCCTCGACACTGGC-1,3
GATCCTCTTGCGCTTA-1,3
GATCGACACTATCTGA-1,0
GATCGCGGGCTCTCCA-1,5
GATCGCTACCCGATTT-1,2
GATCGCTATATCTCAG-1,9
GATCGCTGTGGTGCGT-1,8
GATCGGATAGAACCAT-1,0
GATCGGCGATAAGTCG-1,7
GATCGGTGGCCATAAC-1,9
GATCGTGACTGATATC-1,6
GATCTAACCGTATTCA-1,1
GATCTCGACGCTGTGG-1,0
GATCTGCTATCTAAGG-1,2
GATCTTAGTGAACGTG-1,6
GATCTTCATTGTCCTC-1,7
GATCTTGGAGGGCATA-1,2
GATCTTTGCAGGGTAT-1,2
GATCTTTGCTCAAAGA-1,3
GATGACAAGTAGGGCA-1,10
GATGACGATGATCGCG-1,9
GATGAGGAACCTTCGG-1,2
GATGATTTGAAACTGG-1,0
GATGCCACACTACAGC-1,2
GATGCCAGCAGAAGGC-1,6
GATGCCTTCTGCGGCA-1,6
GATGCGAATGGTATTA-1,5
GATGCGTCCTGCATTC-1,11
GATGCTACAAGCGCCT-1,2
GATGCTACCTTCGATG-1,9
GATGCTGTATTTCATC-1,2
GATGGCGCACACATTA-1,7
GATGGTGAAATAACCC-1,3
GATGGTGCCCTAGGCA-1,8
GATGTAACGAACCACC-1,1
GATGTCCGGATCACAT-1,7
GATGTCGGTCAACTGC-1,9
GATGTGTTGTCACAAG-1,11
GATGTTCAATCCACGA-1,10
GATGTTTGTGCGAGAT-1,7
GATTAACCGAAAGCCC-1,2
GATTAATCCTGGCTCA-1,2
GATTACTGAATTTGGG-1,10
GATTAGAAACAAGCGT-1,5
GATTATCTTGCATTAT-1,1
GATTCCCTTGTCGCAG-1,5
GATTCCGCGTTTCCGT-1,10
GATTCCTATACGGCGC-1,0
GATTCGACGGTTCACG-1,0
GATTCTGTTAATGAGT-1,8
GATTGACACTCTGCTC-1,13
GATTGCTCCAGTTGCA-1,5
GATTGGGAAAGGTTGT-1,6
GATTTAGTGCGTACTG-1,3
GATTTGCGCTAACACC-1,5
GCAAACCCTACATTAT-1,0
GCAAACCTTGGCCATA-1,13
GCAAACGTAAGCGACC-1,8
GCAAACGTCGCCAGGT-1,6
GCAAAGGGCGTTAGCC-1,8
GCAAATATTACGCTTT-1,6
GCAAATGAGGACACTT-1,7
GCAACACACTAGAACT-1,13
GCAACAGCAGTATGCG-1,6
GCAACCACCAGACCGG-1,3
GCAACCACGGCCGCGT-1,2
GCAACCCAAGTTGTTT-1,5
GCAACGGCTAGTTATG-1,9
GCAAGAATTCCTTGGC-1,6
GCAAGATGTGTTCGCG-1,3
GCAAGCTGGAAACCGC-1,10
GCAAGTGCACAGAGAA-1,6
GCAAGTGTAAAGCATG-1,0
GCAATTAGTCGCACCG-1,6
GCACAAACCCTAGATG-1,8
GCACAAACGAGGCGTG-1,9
GCACAACCTCGGGCGT-1,5
GCACAAGTGGATCATA-1,0
GCACAAGTGTCGGAAG-1,3
GCACACACTGGTAGCC-1,0
GCACACAGCTATTACC-1,0
GCACACGCCCATGGTC-1,12
GCACAGCACGGGCCGA-1,5
GCACCTAGGCGAGTCC-1,7
GCACCTTCCCGAAGGT-1,6
GCACGCCGATTCCCGC-1,4
GCACGCCTACTTAGAT-1,4
GCACGTGGTTTACTTA-1,13
GCACTAGTCGCGCTAT-1,0
GCACTCCCACAGTCCC-1,5
GCACTGCCTACCTTTA-1,4
GCACTGTGCAAATGTA-1,7
GCAGAAACGTAATCCA-1,3
GCAGAAGGTAATCTCC-1,6
GCAGACCCAGCACGTA-1,9
GCAGATCCATAAGACT-1,0
GCAGATCCTCGCAAAT-1,7
GCAGATTAGGGATATC-1,11
GCAGCACACAGCCCAG-1,10
GCAGCCTATATCACAT-1,13
GCAGCGGTGGGCATTA-1,0
GCAGCTATGGACAGGT-1,3
GCAGCTGTCAACGCAT-1,1
GCAGGAACTTAGATCT-1,0
GCAGGACTATAGAATA-1,6
GCAGGTAGAGTATGGT-1,11
GCAGTGCGGGCGGATG-1,4
GCAGTGTGGCTATAGG-1,4
GCAGTTCGATCCGAGC-1,4
GCATAAATTGAACGCC-1,3
GCATACGAGGTCTTTA-1,12
GCATAGAGCACTCAGG-1,11
GCATCCCTAACTTTGA-1,0
GCATCCTCTCCTATTA-1,6
GCATCGGCCGTGTAGG-1,12
GCATGACACAAAGGAA-1,9
GCATGAGGGACGCGGC-1,3
GCATGCTAATAACGAT-1,0
GCATGGGTACTGACGC-1,2
GCATTCAAGGCAACGC-1,3
GCATTCGAAATGAACA-1,9
GCATTGACTTGCGGAA-1,5
GCATTGTAATTCATAT-1,2
GCATTTCCAAGGCTCC-1,6
GCCAACCATTTCCGGA-1,3
GCCAAGAATACTTCTG-1,2
GCCAATAGGGCATCTC-1,3
GCCACAATTTAAGGAC-1,10
GCCACCCATTCCACTT-1,12
GCCACCTTATTCGCGA-1,14
GCCACTCAGAGCGCGA-1,0
GCCACTCCTTACGGTA-1,6
GCCAGGAAAGAACACT-1,5
GCCAGGAGTAACCGAT-1,3
GCCAGGCGTTCGCATG-1,3
GCCAGGCTTAGTGGTA-1,1
GCCATATTGCACACAG-1,3
GCCATCGAGCTGCGTG-1,13
GCCATCGATGCTGCAT-1,9
GCCATTAGCCTCAAAC-1,5
GCCCACCAAGGCTGTC-1,6
GCCCACTGGTCCACAA-1,3
GCCCAGATGCTGGAGA-1,4
GCCCAGCGACACAAAG-1,14
GCCCAGTTGGTATGCC-1,0
GCCCATGGGTGCAATG-1,9
GCCCGACTTCTTCCCG-1,2
GCCCGAGAGTCTAAAT-1,5
GCCCGATCTGTGGTCG-1,2
GCCCGATGCCCAGTTC-1,8
GCCCGCGCGTAAACGG-1,10
GCCCGCGCGTTTGACA-1,2
GCCCGTAATACCTTCT-1,5
GCCCGTCAAGCCCAAT-1,5
GCCCGTTCACACAATT-1,8
GCCCTAAGTGCAGGAT-1,3
GCCCTAGCCGTCGCGA-1,0
GCCCTGAGGATGGGCT-1,13
GCCGAAATTCCTACGT-1,2
GCCGACCCACGACTGC-1,5
GCCGATTGGCCAAGCT-1,1
GCCGCACTCCGTTTCA-1,6
GCCGCATTAGTCCGGC-1,12
GCCGCTAGATACGCAG-1,9
GCCGCTTGTGAGAAAC-1,0
GCCGGAAACACATCTT-1,13
GCCGGGTTAGGGTCGC-1,2
GCCGGTCGTATCTCTC-1,0
GCCGGTTTGGGCGGAT-1,13
GCCGTCGGTTTCGGGC-1,5
GCCGTGGAAGAAATGT-1,4
GCCTACGTTCTGTGCA-1,1
GCCTAGCGATCTGACC-1,6
GCCTATAGTGTCAGGG-1,11
GCCTATCAGGTAAGAT-1,6
GCCTATGCTGGGCCTT-1,11
GCCTATTCCGATATAG-1,1
GCCTATTTGCTACACA-1,2
GCCTCAGGTACCGGTC-1,8
GCCTCATCTGGAAATA-1,2
GCCTCCGACAATTCAC-1,4
GCCTCTATACATAGCA-1,2
GCCTGCTACACTGAGA-1,3
GCCTGTCCCGGTGCAT-1,12
GCCTTCAGCCCTACCG-1,0
GCCTTGTATATGCAGT-1,0
GCCTTTGTCAGTGGAC-1,8
GCGAAACGATCGGGAG-1,4
GCGAAACTTAACTGGA-1,2
GCGAAGAATCTGACGG-1,0
GCGAAGCCATACCCGT-1,12
GCGAATGGACTAGCGA-1,1
GCGACATGTAAACATC-1,4
GCGACCCAACCATCTG-1,1
GCGACGATAGTTGTAC-1,7
GCGACGGTAGTCTCCT-1,6
GCGAGAAACGGGAGTT-1,0
GCGAGAGGCCATGTAA-1,3
GCGAGAGTTGCGTCCA-1,9
GCGAGCGCATGCTCCC-1,4
GCGAGGCCCGAGCAGA-1,2
GCGAGGGACTGCTAGA-1,6
GCGAGTTCTGCAAAGA-1,10
GCGATGTCTGTGCTTG-1,13
GCGATTCTGGAAGCAG-1,5
GCGATTGTTAACGTTA-1,5
GCGCAAATATATTCAA-1,10
GCGCAAGAGCGCGCTG-1,0
GCGCATCCAGTCAGCA-1,11
GCGCCGTTCCACGATA-1,0
GCGCCTCCCACTCCGA-1,2
GCGCGATGGGTCAAGT-1,13
GCGCGGTCTAGTAACT-1,6
GCGCGTCATTGGTACA-1,2
GCGCGTTTAAATCGTA-1,4
GCGCTAAGTATGCATG-1,3
GCGCTAATTGAATAGA-1,5
GCGCTATGCCGAGGCA-1,10
GCGCTCGATCACCTGT-1,13
GCGCTGATCCAGACTC-1,3
GCGCTGCTTTGCATTT-1,11
GCGCTGGCGGAAAGTC-1,1
GCGCTTAAATAATTGG-1,6
GCGGACCGCGTTGTGG-1,7
GCGGAGAAACTTCGCA-1,7
GCGGAGAGGGAGAACG-1,0
GCGGATTACTTGTTCT-1,6
GCGGCAAAGTATTGCC-1,5
GCGGCTCTGACGTACC-1,5
GCGGCTTTAGCAAGTT-1,1
GCGGGAACCAGGCCCT-1,6
GCGGGCAGACGGGTGA-1,13
GCGGGCATTACGATGC-1,4
GCGGGCGAGCCTTACC-1,10
GCGGTAACCCAAATGA-1,0
GCGGTCCCGGTGAAGG-1,11
GCGGTCCCTAGACGCA-1,0
GCGGTCTTGCTTTCAC-1,0
GCGGTGAACTGCGCTC-1,11
GCGGTGCGGAGCATCG-1,9
GCGGTTCCCTATCATG-1,5
GCGTAAATGGCCATAA-1,13
GCGTCCAGCTCGTGGC-1,0
GCGTCCCTAAGACATA-1,0
GCGTCGAAATGTCGGT-1,3
GCGTCGCCAGGGTGAT-1,0
GCGTCGTAACATGGTC-1,1
GCGTCTAACCTCCTAA-1,4
GCGTCTCTGCATTGGG-1,10
GCGTGGTACTGGGTTA-1,1
GCGTGTATGTCGTATT-1,1
GCGTTATATTTGGAAC-1,5
GCGTTCGGAGACCGGG-1,3
GCGTTCTGACTAAGCG-1,4
GCTAAACCTGAGGTGA-1,7
GCTAACTGAAGTCTGA-1,4
GCTAAGCCCAGTATGC-1,4
GCTAAGTAAAGGCGAT-1,9
GCTAAGTAGTTTCTCT-1,4
GCTAATACCGAATGCC-1,2
GCTACAATCGAGGATA-1,1
GCTACACTGTCCGAAC-1,1
GCTACAGTACGGACCG-1,8
GCTACGACTTATTGGG-1,0
GCTACTATAGTAGAGT-1,2
GCTACTCGGACGCAGA-1,14
GCTAGACCGTCTACTG-1,9
GCTAGAGTAGAGATGT-1,0
GCTAGCAACGCACCTA-1,1
GCTAGCACCTGGGCCA-1,4
GCTAGCAGGGAGTGGG-1,11
GCTAGCGATAGGTCTT-1,8
GCTAGCTTGAATAGCT-1,10
GCTAGGCACCACGGAG-1,2
GCTAGTAGAGCTTGTA-1,0
GCTAGTTTCATTGAGG-1,1
GCTATAAGGGCCAGGA-1,6
GCTATACGTCTCGGAC-1,2
GCTATCATACTCATGG-1,1
GCTATCGCGGCGCAAC-1,6
GCTATGCCAGCTTATG-1,4
GCTCAACCTCTTAGAG-1,7
GCTCAATCCGTTTATT-1,6
GCTCAATGTAATACCG-1,1
GCTCATTACTGCATGT-1,11
GCTCATTGATCATATC-1,5
GCTCCATGAGTGCAGA-1,4
GCTCCATGCAAAGCAA-1,2
GCTCCCAGTCGGTCCA-1,2
GCTCCGCTCGCTTCAG-1,9
GCTCCGGACGTTGATA-1,4
GCTCCTGACATACTGG-1,7
GCTCGACCGAACTGAA-1,13
GCTCGCGGTTCCGCTC-1,5
GCTCGCTCATGTCCAA-1,2
GCTCGGAATTTAAAGC-1,11
GCTCTAAACCCTGACG-1,5
GCTCTATGTTACGTGC-1,0
GCTCTCGGGTACCGAA-1,5
GCTCTTTCCGCTAGTG-1,4
GCTGAACTCTCCAGGG-1,4
GCTGAAGGGTTCTTGG-1,0
GCTGAATCTTCCAATC-1,5
GCTGAGCAACGGTTCT-1,13
GCTGAGGCGTGAGTAT-1,6
GCTGCACGGTTTCTTA-1,2
GCTGCGAAGAATTATT-1,5
GCTGCGCCTCCCACGT-1,9
GCTGCTAAGTAGTCGA-1,3
GCTGCTACTGCGTAGC-1,4
GCTGCTCTCCGGACAC-1,12
GCTGGACCCAAAGTGG-1,3
GCTGGCAGGTGCCGTG-1,5
GCTGGCATATTCACCT-1,0
GCTGGCGGCGCATGCT-1,3
GCTGGGAGCGCGTCAA-1,5
GCTGGGTCCGCTGTTA-1,12
GCTGGTGACTCGTAGT-1,3
GCTGGTTTAGGCCATA-1,5
GCTGTATTACTGGCCC-1,2
GCTGTCTGTGATCGAC-1,9
GCTGTTGCTACCGAAC-1,2
GCTTAATGTAACTAAC-1,2
GCTTACGTAGTTAGTA-1,6
GCTTAGGGAAGCGGTA-1,3
GCTTATGAAGCAGGAA-1,13
GCTTCAGTGGGATTAC-1,3
GCTTCCAGCTTAGATT-1,1
GCTTCCATGTAACCGC-1,2
GCTTCCCGTAAGCTCC-1,1
GCTTCCGTCCCTAGAC-1,9
GCTTCGACGTTCAATC-1,8
GCTTGAGTGACCTCTG-1,6
GCTTGATGATAATCAG-1,0
GCTTGCAGCACAATTG-1,3
GCTTGGATCGATTAGG-1,1
GCTTTACACAACTGGG-1,1
GCTTTATTAAGTTACC-1,1
GCTTTCAGAGGAGGTG-1,1
GCTTTCTATCTCAACT-1,3
GCTTTGCTGCCGGGTA-1,6
GGAAACAGAGCTTGGG-1,8
GGAAACCTTGTTGAAT-1,11
GGAAACTAAATGGGCC-1,2
GGAAAGGGAATTGAGC-1,2
GGAAAGTCTTGATTGT-1,10
GGAAAGTGCCCATGCC-1,11
GGAACCCGAACAAGAA-1,5
GGAACCGTGTAAATTG-1,4
GGAACCTTGACTCTGC-1,5
GGAACGGCCTGCAGCC-1,1
GGAACTCGTGAATACG-1,9
GGAACTTTGGCGATTA-1,1
GGAAGATAAGACTGTA-1,3
GGAAGCTCGCTTACAG-1,11
GGAAGGACACCGTATA-1,2
GGAATAACCTCAAGAA-1,1
GGAATGCGCTAGCGTG-1,3
GGACAACCATGAAGCC-1,13
GGACAAGCCATGATCG-1,11
GGACAAGTTGCAGTGA-1,5
GGACACAAGTTTACAC-1,4
GGACACCTCGGTGTTG-1,8
GGACCAACAGGATAAC-1,4
GGACCTACGGTAACGT-1,3
GGACCTCTAGGCCGCC-1,5
GGACGGCTTGCGCAAC-1,3
GGACGGGCGACCAACC-1,4
GGACGTCCATAGTTGG-1,3
GGACTAAGTCAGGAGT-1,5
GGACTCACAAATTAGG-1,7
GGACTCGAAGCTTTCA-1,4
GGACTCGACAGCGCAT-1,2
GGACTCGTGAGTGGTC-1,0
GGACTCTTCCGGTTGA-1,2
GGACTCTTTGACTAAG-1,0
GGAGAAGTCATTGGCA-1,0
GGAGACATTCACGGGC-1,1
GGAGACCAATGTGCTT-1,11
GGAGACCATCTACATA-1,2
GGAGACGACACCTTTG-1,4
GGAGCAACATTTCAAG-1,1
GGAGCACCAAGAACTA-1,5
GGAGCGAGGCCTACTT-1,4
GGAGGAGTGTGTTTAT-1,0
GGAGGATTGAAAGGAG-1,9
GGAGGCCGAAGTCGTC-1,4
GGAGGCGAAGAACCGC-1,9
GGAGGGCTTGGTTGGC-1,13
GGAGGGTCAAGTAAGA-1,6
GGAGTACACATGAGCT-1,0
GGAGTGCCGCCCTGGA-1,2
GGAGTTGATTCTGTGT-1,0
GGATACTCATGAATTG-1,0
GGATCAAAGGACGAGG-1,5
GGATCAGAGCCATCAG-1,2
GGATCATCCCGTACGC-1,3
GGATCCCTACCAGCTA-1,12
GGATCCGGAATATACT-1,4
GGATCTTACTGCCCTT-1,6
GGATCTTGACTCAACC-1,13
GGATGAAGATCGCTGA-1,0
GGATGACGCGAGTTTA-1,4
GGATGCTGGCGTTCCT-1,11
GGATGGCTTGAAGTAT-1,6
GGATGTCCTTACCGCA-1,11
GGATTAAGCTAAGGTC-1,3
GGATTAATCATGGACC-1,12
GGATTCAGTACGGTGG-1,0
GGATTCCGCTATACCC-1,4
GGATTGAAGTAGCCTC-1,13
GGATTGCTGTGACTCC-1,6
GGATTTCACTTCTATA-1,3
GGCAAAGGCGCCAATA-1,2
GGCAAATTACTTTACT-1,10
GGCAAGCCAGGGATAG-1,3
GGCAAGCCCATAGTGG-1,4
GGCAAGGCGAAATAGC-1,0
GGCAATAGTCAATGAG-1,1
GGCACGCTGCTACAGT-1,0
GGCACTCAGCCGACCC-1,4
GGCACTCCACTGGGCA-1,2
GGCACTGCGGTGGTTT-1,6
GGCAGAGAGATCGGGA-1,1
GGCAGCAAACCTATGC-1,0
GGCAGCGGTAATCCTA-1,3
GGCATACAGGTAGCGG-1,0
GGCATATCGGTTCTGC-1,3
GGCATCAACGAGCACG-1,5
GGCATTGAACATCTCA-1,12
GGCCAATTGTATAGAC-1,4
GGCCACAAGCGATGGC-1,2
GGCCACACGAAAGCCT-1,5
GGCCCAATCTAGAGGG-1,3
GGCCCAGCTGGTTTGC-1,1
GGCCCAGTTATCAGCA-1,3
GGCCCGGAGCATGTCT-1,2
GGCCCGTATACCATGC-1,9
GGCCCTCACCCACTTA-1,12
GGCCGAGACTCTGGTG-1,1
GGCCGCAGGAACCGCA-1,4
GGCCGGCGTCTGCTAT-1,6
GGCCGTTTGGGTTTCA-1,13
GGCCTGCTCTGATGTT-1,1
GGCCTGCTTCTCCCGA-1,4
GGCCTTTGCAACTGGC-1,12
GGCGAAATCTAACTTG-1,2
GGCGAACCGTTCTGAT-1,3
GGCGAGCATCGAGGAC-1,4
GGCGAGCGAAACGGCA-1,2
GGCGCAGGACATCTTC-1,12
GGCGCATGAATTGATG-1,10
GGCGCGGAGATCTTTC-1,6
GGCGCGTTCGAGTTTA-1,7
GGCGCTCCTCATCAAT-1,0
GGCGCTTCATTCCCTG-1,13
GGCGGAGTAATATTAG-1,2
GGCGGGCTCTAAGAGT-1,4
GGCGGTAGGATCATTG-1,5
GGCGGTTTGCCGGTGC-1,4
GGCGTACCCTATATAA-1,13
GGCGTAGGGAAAGCTG-1,2
GGCGTCCTATCCGCTG-1,2
GGCTAAAGGGCGGGTC-1,11
GGCTAATGATTGAAAT-1,3
GGCTACTATACACTCC-1,1
GGCTATTAAGTTGTAT-1,1
GGCTCCTCCACCTGTT-1,1
GGCTCGCGTTGAGGTA-1,4
GGCTCGTGCCACCAGC-1,2
GGCTCTGCTCCAACGC-1,11
GGCTGAAATAGCAAAG-1,2
GGCTGAGCATCGTAAG-1,3
GGCTGGCAATCCCACG-1,1
GGCTGGCAGCTTTATG-1,3
GGCTGGCTAGCTTAAA-1,7
GGCTGTCCTACTGCGG-1,8
GGCTTCTCGTGGGTGG-1,4
GGCTTGGCTCTCACCT-1,5
GGCTTTCAATAAGGGT-1,0
GGGAAAGAATGCCAAC-1,0
GGGAACCACCTGTTTC-1,0
GGGAACGGGAGGTTAG-1,10
GGGAACGGTTTCAGAT-1,5
GGGAAGACGGTCTGTC-1,6
GGGAAGGGCTTTCTCA-1,13
GGGAATGAGCCCTCAC-1,11
GGGAATTCTGTCCAGT-1,5
GGGACAGAGTTACTCC-1,5
GGGACCCGTATATCTT-1,7
GGGACTGCATAGATAG-1,12
GGGAGAACTCACAGTA-1,12
GGGAGCGACCGTAGTG-1,4
GGGAGGATGCCCGAAA-1,8
GGGAGTAATGGCTGGC-1,6
GGGAGTTAATGAGGCG-1,4
GGGATACGGTAATAAT-1,5
GGGATATTGATCGCCA-1,8
GGGATCCCAATACAAA-1,3
GGGATGGACCCGCGTC-1,7
GGGATGGTCGTAACCG-1,10
GGGATTATCTCACAAC-1,1
GGGATTTACCGCACCT-1,2
GGGCAACCGCACGTGC-1,2
GGGCACGAATTGGCCG-1,5
GGGCACGTAGTACTGT-1,2
GGGCACTATTGACCAT-1,8
GGGCAGACGTCACTGC-1,5
GGGCAGAGCAATCGTT-1,13
GGGCAGGATTTCTGTG-1,8
GGGCAGTCAACGCCAA-1,2
GGGCATGCATGTCGAG-1,9
GGGCCATTCGTGCTGG-1,8
GGGCCCGTCTTAAACA-1,10
GGGCCCTACGAAAGGG-1,8
GGGCCCTTATCTATAC-1,5
GGGCCGGCCGAAGTAC-1,1
GGGCCTAAATGGGCTA-1,5
GGGCCTATACAACCGG-1,3
GGGCCTATTTAAGTAT-1,3
GGGCGAATTTCTCCAC-1,6
GGGCGATATGTGTGAA-1,10
GGGCGATCCATAGGCC-1,14
GGGCGCAGCGTTACTC-1,4
GGGCGGCAAATGAATT-1,10
GGGCGGGTTCCCTACG-1,6
GGGCGGTCCTATTGTC-1,1
GGGCGTACATTTATAT-1,1
GGGCGTCACCACGTAA-1,10
GGGCGTCCACTGGCTC-1,3
GGGCGTGGTTTCCCAG-1,2
GGGCGTTTACATTCAT-1,8
GGGCTACTATTTCGTG-1,0
GGGCTATGATCGATGG-1,6
GGGCTCATCGAACCCA-1,8
GGGCTGCCTAGGGCGA-1,5
GGGCTGGTTAGTCGCG-1,5
GGGTAATGCTGTGTTT-1,0
GGGTACACTCTGGAGG-1,12
GGGTACCCACGGTCCT-1,1
GGGTACTTCATGAACT-1,10
GGGTATGTATGCACTT-1,7
GGGTATTCTAGCAAAC-1,10
GGGTCACCGTGACGGT-1,6
GGGTCACGTGCTTATG-1,13
GGGTCACTGAGTAGTG-1,3
GGGTCAGGAGCTAGAT-1,6
GGGTCATGCGTACCAT-1,0
GGGTCCTTGGAAGAAG-1,8
GGGTCGTGGCAAGTGT-1,4
GGGTCTATCGCTTTCC-1,4
GGGTGACACCTTAACT-1,7
GGGTGCATATGAAAGC-1,9
GGGTGGTCCAGCCTGT-1,3
GGGTGTTTCAGCTATG-1,11
GGGTTAACATTTGAGT-1,1
GGGTTCAGACGAACAA-1,0
GGGTTTAGGATAGGAT-1,1
GGGTTTCCGGCTTCCA-1,1
GGTAAACTCTGCGCTG-1,2
GGTAAATGTGCGTTAC-1,5
GGTAACCGGCAAAGGT-1,12
GGTAACCGGGAGGATA-1,7
GGTAACTATGTATCTG-1,0
GGTACAAACATGCTAT-1,10
GGTACACCAGATTTAT-1,1
GGTACATCTGGGACGA-1,8
GGTACCATTAAGACGG-1,3
GGTACGTTGCGGCCGG-1,1
GGTACTAAGTGCTTTG-1,4
GGTAGAAGACCGCCTG-1,6
GGTAGACCGTTGGGCG-1,0
GGTAGGCCAATATCAC-1,9
GGTAGTGCTCGCACCA-1,4
GGTATAGTGACACATA-1,4
GGTATCAAGCATAGAA-1,12
GGTATGAAAGAACTGA-1,0
GGTATTGCCGAGTTTA-1,12
GGTCAAGACTACTTCG-1,2
GGTCACGTTAGATTCA-1,1
GGTCAGTGGGTCCCAC-1,7
GGTCATTGTAGTCATA-1,3
GGTCCACGTCTATTTG-1,8
GGTCCCATAACATAGA-1,9
GGTCCTTCATACGACT-1,0
GGTCGGATAAACGGCG-1,11
GGTCGGCCAGGAGCTT-1,4
GGTCGGTAATTAGACA-1,6
GGTCGGTCGTCCACAG-1,1
GGTCGTAAGCTCGCAC-1,2
GGTCTCCAAGTAGTGC-1,9
GGTCTCCGTCCAGGTT-1,2
GGTCTCTGAATGGACT-1,0
GGTCTGAGAATCTGGA-1,4
GGTCTTGAGCGCTCTT-1,6
GGTCTTGGTGTTAACT-1,1
GGTGAAACCGGGAATG-1,9
GGTGAACGGGCTAGCC-1,7
GGTGAAGTACAGGGAT-1,6
GGTGACTGATAGAGAG-1,9
GGTGAGATGCAGATAA-1,2
GGTGATAAGGAGCAGT-1,5
GGTGATGAAGGAAGTG-1,9
GGTGATTTCATCTTGT-1,0
GGTGCAGAGCCTATCG-1,10
GGTGCATAAATGATTA-1,1
GGTGCGGATAAGTGGC-1,6
GGTGCTGATCACAAAG-1,2
GGTGCTGGTACACATT-1,10
GGTGGACCACGTGTTA-1,3
GGTGGACTGCTCTGGC-1,0
GGTGGAGGTTGATACG-1,6
GGTGGGATTAGGTCCC-1,8
GGTGTAAATCGATTGT-1,6
GGTGTAGGTAAGTAAA-1,2
GGTGTTCTGTTTCTAC-1,3
GGTGTTGGGCGTCTTA-1,4
GGTTACCACCCTCGGG-1,1
GGTTACCCGACACTTT-1,6
GGTTACCGCTCCCTAC-1,8
GGTTAGCTATATGTCT-1,2
GGTTAGGCTTGGAGAA-1,7
GGTTAGGGATGCTAAT-1,8
GGTTAGTTACGGCGCC-1,0
GGTTCCACCCGCTTCT-1,13
GGTTCCCTAGTGTCTC-1,3
GGTTCCGTACGACTAA-1,8
GGTTCGATGCTGAGTT-1,3
GGTTCGCATTTGCCGT-1,1
GGTTCGGATTATACTA-1,2
GGTTCTACTCGTCTGA-1,9
GGTTGTATCGTGAAAT-1,3
GGTTGTGCTCTTGTCC-1,5
GGTTGTGTAGCCTGGC-1,12
GGTTTAATTACCATCG-1,1
GGTTTAATTGAGCAGG-1,3
GGTTTACAATCTCAAT-1,8
GGTTTAGCCTTTCTTG-1,1
GGTTTCAATCGGTCAG-1,13
GGTTTGACAAGAAGCT-1,3
GGTTTGAGTGCTGGAA-1,0
GGTTTGCGAACACGTA-1,9
GGTTTGTGACCTGAGG-1,1
GTAACAACTGACCTTG-1,3
GTAACAGGTTAACGGC-1,10
GTAACATCAGCTCATC-1,3
GTAACATCTAAGATAA-1,0
GTAACTACGTAGACCT-1,8
GTAACTGCCCAAGGAG-1,1
GTAACTTGCGGCAGTC-1,0
GTAAGCGGGCAGTCAG-1,5
GTAAGGATTTGTCGGA-1,1
GTAAGTAACAGTCTGG-1,2
GTAAGTAGGGTATACC-1,7
GTAAGTCCACACTCTA-1,4
GTAATAAAGGGCTCCC-1,10
GTAATCTGATTCTTCG-1,10
GTACACTTACCTGAAG-1,10
GTACAGAGGCAAGGGT-1,13
GTACGACGGCGCTGCG-1,2
GTACGAGATTGCGACA-1,3
GTACGCTTCATTGCAC-1,2
GTACGTCACGTATTAA-1,3
GTACGTTTGCCCGTCA-1,7
GTACTAAGATTTGGAG-1,10
GTACTACGGCCTCGTT-1,1
GTACTCCCTTATCGCT-1,12
GTACTCCTGGGTATGC-1,3
GTACTGAGGTCGTAAC-1,0
GTACTGCATGAAGCGT-1,6
GTACTGGAGTTAGACC-1,4
GTACTTGGGCACTTCT-1,7
GTAGAAACGGGTGGAG-1,13
GTAGACAACCGATGAA-1,1
GTAGACACGCCTGACT-1,4
GTAGACGTCGTTACAT-1,6
GTAGAGGGAGACAAGT-1,0
GTAGCCAAACATGGGA-1,2
GTAGCGCTGTTGTAGT-1,5
GTAGCGGCTATACACT-1,0
GTAGCTAGTAAGCGCG-1,9
GTAGCTCCGGGAGGCT-1,0
GTAGCTTCCTCTTGTT-1,10
GTAGGTGATCCGTGTA-1,11
GTAGTCGCGGGAATCA-1,2
GTAGTCTACGATATTG-1,0
GTAGTGAGCAACCTCA-1,6
GTAGTTAGACAATATA-1,3
GTAGTTCGAAGGCGAA-1,3
GTAGTTTAAGCACACG-1,8
GTATAATCTCCCGGAT-1,0
GTATAGGACTCAGTAG-1,5
GTATAGTGGCCCATGT-1,3
GTATATGTTACGGCGG-1,4
GTATCAAACGTTAGCT-1,2
GTATCAAGGTACTTCC-1,6
GTATCAGCTTGGGTTC-1,0
GTATCCTTTGGTAACC-1,0
GTATCGGGACGAGCTG-1,12
GTATCTCAGTCTTGAC-1,9
GTATCTCCCTAACTGT-1,13
GTATCTCGGGCGCTTT-1,8
GTATCTTGTTGCTCAC-1,6
GTATCTTTCATAACCA-1,2
GTATGAAATTTCACTC-1,10
GTATGACGTGGGAAAC-1,1
GTATGTGGGTCTAGTT-1,6
GTATTAAGGCGTCTAA-1,0
GTATTAGGGTTCGCGT-1,4
GTATTCTGAGAAACGA-1,6
GTATTCTTACCGTGCT-1,0
GTATTTAATGGCATAA-1,4
GTCAAAGAAGTGGTGT-1,7
GTCAAAGTTTACATAG-1,0
GTCAACCAGGCCTATA-1,1
GTCAAGCGGACTCGGG-1,6
GTCAATGCTATAATTT-1,11
GTCAATTGTACTGAAG-1,1
GTCACAAAGTTTCCAA-1,1
GTCACCTGTCTATGTC-1,9
GTCACTCATGAGCGAT-1,11
GTCACTCTCCAAATCT-1,0
GTCAGAATAGTCTATG-1,0
GTCAGACAGCGTTGGA-1,0
GTCAGTTGTGCTCGTT-1,4
GTCAGTTTGGTAGTCG-1,9
GTCATCTCCTACAGCT-1,12
GTCATGCACCTCCGTT-1,8
GTCATGCGCGAGGGCT-1,6
GTCATGGACATGACTA-1,10
GTCATTAGAGCGAACG-1,10
GTCATTGCATTGACCC-1,5
GTCCAATATTTAGCCT-1,1
GTCCACGTCGCATTCG-1,4
GTCCAGGCACGTGTGC-1,1
GTCCATTACTGCTACG-1,2
GTCCCAACGTAAAGTA-1,10
GTCCCAATCATCCCGC-1,0
GTCCCGCGACGTTATG-1,0
GTCCGAGAGCAATCAT-1,5
GTCCGGACCTGAAATT-1,2
GTCCGGCTGAATTGCG-1,13
GTCCGGGTTCACATTA-1,4
GTCCGTTAGAGGGCCT-1,14
GTCCTACAGGCGGCTC-1,0
GTCCTACGAATAGTCT-1,2
GTCCTACTCTACGGGC-1,10
GTCCTAGGATACCTTA-1,7
GTCCTATTGTTGTGGT-1,5
GTCCTTCTACAACCCA-1,5
GTCCTTCTAGTGGGTT-1,3
GTCCTTTAATGACTTC-1,7
GTCGAATTTGGGCGCT-1,8
GTCGATAGGTGACTTT-1,4
GTCGCCGTTGTGTGTT-1,4
GTCGCGTAACCCGTTG-1,1
GTCGGAAGGATACCAG-1,3
GTCGGATATCTCAGAC-1,0
GTCGGATGTAGCGCGC-1,11
GTCGGGAACATGGTAG-1,2
GTCGGGAAGCAGAAAC-1,13
GTCGGGTGAAGTACCG-1,4
GTCGTACCATCTCGGG-1,7
GTCGTACCTACGATTG-1,12
GTCGTATTGGCGTACA-1,11
GTCGTCAATTATAAGG-1,0
GTCGTCTGGTTGGCTA-1,4
GTCGTGTCTGGTCATC-1,5
GTCGTTATTCGCTTAT-1,0
GTCTAAGATGCCCAGC-1,3
GTCTACTCAATTACAA-1,12
GTCTAGTGAGCCGCTT-1,2
GTCTATACACGCATGG-1,5
GTCTATCTGAGTTTCT-1,10
GTCTATTGCATGCTCG-1,2
GTCTATTGGTTCCGGT-1,0
GTCTCAAGGCCCGGCT-1,6
GTCTCCCGAGTCCCGT-1,0
GTCTCCGCCTCAATAC-1,1
GTCTCCTGCCAGTATG-1,9
GTCTCGACTAAGTTTG-1,9
GTCTCGATCTGCTTTC-1,5
GTCTCGCCAACACGCC-1,6
GTCTGCCGACTCGACG-1,5
GTCTGGGCGGTCGAGA-1,5
GTCTGTAGGTTGAACA-1,5
GTCTTACCACGCCAAG-1,0
GTCTTAGTACAGCCGG-1,5
GTCTTCCTCACCTAAG-1,2
GTCTTGAGGAGCAGTG-1,13
GTCTTGTAGCTATTCA-1,5
GTGAAACGGCGCCACC-1,8
GTGAAACGTGCTCCAC-1,0
GTGAACTCCCATTCGA-1,9
GTGAAGATTTCAAGTG-1,3
GTGAAGCCGTATAGTC-1,3
GTGAAGTCACGACTCG-1,6
GTGACAGCTTCCCACT-1,0
GTGACCGCACACTACG-1,0
GTGACCTAAAGAATAA-1,9
GTGACGAGGGTGACCC-1,4
GTGACGCAGGTTTCAT-1,13
GTGACTTCAGTAGTGC-1,10
GTGAGATAACCTTATA-1,13
GTGAGCGTGCTGCACT-1,12
GTGAGGACACTTAAGG-1,2
GTGAGGAGCGGTTGAG-1,3
GTGAGTCGACTAATAG-1,6
GTGAGTCTAAGACGGA-1,5
GTGAGTGGTACAACGC-1,1
GTGATCAAGCGTGCAC-1,8
GTGATCACTAACGCCT-1,4
GTGATCATAGATCTGC-1,3
GTGATCCTTGTCATGA-1,2
GTGATGCACAACATCT-1,3
GTGATTCGCCGCTCAA-1,12
GTGCAAATCACCAATA-1,0
GTGCAACAAATGTGGC-1,1
GTGCACCAGCTTCAAC-1,4
GTGCACGAAAGTGACT-1,10
GTGCAGCGTAGAGTAG-1,4
GTGCCAAACGTTTCGA-1,8
GTGCCATCACACGGTG-1,6
GTGCCCGTTCGGATTC-1,4
GTGCCGCTTCAAAGGT-1,5
GTGCCTAGCTATGCTT-1,0
GTGCCTCAGTGTACGG-1,3
GTGCCTGAGACCAAAC-1,6
GTGCGAAATCGAACAC-1,8
GTGCGACAGGGAGTGT-1,13
GTGCGCAGCTTGCTCC-1,1
GTGCGCTTACAAATGA-1,5
GTGCGGGACCATCGGC-1,7
GTGCGGGTCTCCAAAT-1,2
GTGCGTGTATATGAGC-1,2
GTGCTATCCAGCTGGA-1,9
GTGCTCAAGTACTGTC-1,5
GTGCTGCAGATAAGGA-1,11
GTGCTGTTAGAACATA-1,10
GTGCTTACATCAGCGC-1,6
GTGGAACCTACATGCG-1,11
GTGGACCAACCCGATT-1,7
GTGGACGCATTTGTCC-1,3
GTGGACGTGCTGAGAC-1,4
GTGGAGCATGTCGGCC-1,9
GTGGAGCGTTTACCGA-1,3
GTGGAGTCGGCGGTTG-1,5
GTGGCAAACAGCGGCA-1,0
GTGGCCGGTTTCTCGG-1,11
GTGGCCTAATATCATT-1,2
GTGGCGGGCCGTAGCT-1,4
GTGGCGGTCCCAGCGT-1,10
GTGGCGTGCACCAGAG-1,11
GTGGCTGTTTCTGTTC-1,0
GTGGGAACAAACCGGG-1,4
GTGGGAAGACTGAATC-1,6
GTGGGCTTAGACACAC-1,0
GTGGGTACTGAGCGTA-1,4
GTGGGTCTTCTTTGCG-1,0
GTGGTATAGTCTGCCG-1,6
GTGGTCAGCGAAGTAT-1,3
GTGGTGATGGTTTGTG-1,4
GTGGTGGCCAAGTGAA-1,2
GTGGTTACTTCTTTCG-1,1
GTGGTTTCCGCCTTTC-1,2
GTGTACCTTGGCTACG-1,5
GTGTACGAACCGTTCC-1,9
GTGTATATCAGCGGGC-1,6
GTGTATGACTTTAAAG-1,0
GTGTCAGTGTACGTGG-1,4
GTGTCCGATAAGGCAT-1,9
GTGTCGTATAGCGTTC-1,1
GTGTCGTATTCACCTT-1,3
GTGTGAATAACTTAGG-1,1
GTGTGAGCCGAGGTGC-1,0
GTGTGTCGACGTCGCT-1,4
GTGTTACTATGCGTCC-1,1
GTTAAAGTAGGACTGG-1,2
GTTAACATCACTTAAA-1,4
GTTAACTATGTTGTCA-1,1
GTTAAGGGTGCGATGT-1,2
GTTAAGTTAGAGTGGG-1,4
GTTAATAGCGTCATTA-1,9
GTTAATGTCTATCTTA-1,10
GTTACAATTGGTGACG-1,5
GTTACCAAGGCGTACG-1,6
GTTACCTACAACTTGC-1,7
GTTACGAAATCCACGC-1,1
GTTACGGCCCGACTGC-1,0
GTTACTTTGGGCCTAG-1,10
GTTAGAGTGTGCCGCT-1,9
GTTAGCCCATGACATC-1,0
GTTAGCCGTAAATCAA-1,9
GTTAGGCTACCCGTTT-1,9
GTTATAATACGGTGAA-1,4
GTTATATCAGGAGCCA-1,3
GTTATATTATCTCCCT-1,7
GTTATCAAGCTATCGA-1,6
GTTATCACCTTCTGAA-1,11
GTTATTAAATACGACC-1,3
GTTATTAACGTGGGAG-1,0
GTTCAAATCAGATGTC-1,5
GTTCAATCTATGTCAA-1,3
GTTCACAGGAGTCTAG-1,0
GTTCAGTCGCCAAATG-1,1
GTTCATCGTTTGGCTG-1,3
GTTCCAAGACAGCGAC-1,0
GTTCCAGTCTGACCAT-1,2
GTTCCCGTAAACATAT-1,6
GTTCCGTCCGCCTGCA-1,4
GTTCGACAATTGTATA-1,5
GTTCGCCATAAGTGCC-1,10
GTTCGCTGAGACGTCT-1,6
GTTCGGAGCACTCAAC-1,4
GTTCGGATCGGGAACA-1,9
GTTCGGGCGTACCATT-1,3
GTTCGGTGTGGATTTA-1,4
GTTCGTCTAAAGAACT-1,2
GTTCGTCTGGGTCCCT-1,11
GTTCGTTGCGGACCAG-1,2
GTTCTTCCCTCGATGT-1,0
GTTCTTGTAACTCAAT-1,5
GTTGAACCGGTTCCAT-1,5
GTTGAGTCCCGCCGGT-1,2
GTTGCACGGAGTTTCG-1,2
GTTGCAGTCGACAACA-1,9
GTTGCCCTAACGGGTG-1,8
GTTGCGCTAACATTAC-1,6
GTTGCGGACGGTCAGG-1,6
GTTGGACCGCATCAGG-1,3
GTTGGATTCAGTGGCT-1,11
GTTGGATTGAGAACAC-1,4
GTTGGATTTGCGTTGG-1,10
GTTGGTCATGCTATCC-1,2
GTTGTAGATTTATGAG-1,1
GTTGTCGTGTTAGTTG-1,0
GTTGTTACATTGCGCT-1,3
GTTGTTGCAAGATGGC-1,4
GTTTACGTTCCATCTG-1,7
GTTTATGGGATTTAGA-1,5
GTTTCAAACGAGTTGT-1,12
GTTTCATATCGTCGCT-1,5
GTTTCCTGGAGGGTGA-1,0
GTTTCTAGAGGCGCGG-1,0
GTTTCTGCAGTCTCCC-1,2
GTTTCTTGTTAGAGCT-1,14
GTTTGACCAAATCCTA-1,5
GTTTGAGCGGTTATGT-1,5
GTTTGGCCCAAGTTAT-1,2
GTTTGGCCGCTCAGCG-1,0
GTTTGGCGTCAGGCAC-1,3
GTTTGGGCTTGTGAGC-1,7
GTTTGGGTTTCGCCCG-1,6
GTTTGGTAGGGTCAAC-1,4
GTTTGGTGATCGGTGC-1,1
GTTTGTTAGCCAAGTA-1,5
TAAACCCAGGAGGGCA-1,1
TAAACGTCGTCAATGA-1,2
TAAAGACAACCCTTTA-1,6
TAAAGAGCCCGAAACC-1,6
TAAAGCGGTATTTCCA-1,4
TAAAGCGTTAGGAGAA-1,3
TAAAGCTGCAATAGGG-1,3
TAAAGGAGAAACTAGT-1,9
TAAAGTGCACGTCTCG-1,4
TAAATCTTTACACCTC-1,3
TAAATGAATCCGTTTC-1,0
TAAATGCCGTCTCATG-1,9
TAAATGGGCTACTGAG-1,9
TAAATTGTGGGTAAAG-1,4
TAAATTTAGTAACACC-1,5
TAACAAAGGGAGAAGC-1,4
TAACAATATTTGTTGC-1,5
TAACAGCGTTTGTGCT-1,6
TAACAGGTTCCCTTAG-1,5
TAACATACAATGTGGG-1,4
TAACATACACGCGATC-1,7
TAACCGCCCGCAGTGC-1,4
TAACCGTCCAGTTCAT-1,0
TAACCTACCGTCCGAG-1,4
TAACCTAGGGAGTCCA-1,1
TAACGCTTTGAGAGCG-1,12
TAACTATCGAAGGTCC-1,7
TAACTATTACGCCAAA-1,3
TAACTCATCCGCGCGG-1,3
TAACTCCATGGAGGCT-1,7
TAACTGAAATACGCCT-1,8
TAAGAGGGACAGGGAC-1,8
TAAGATTTAGCGGGAG-1,1
TAAGCAGGCGACACGC-1,10
TAAGCCCTTACGACCA-1,3
TAAGCGCGAATCAAAT-1,8
TAAGGAACTTGTGGGA-1,2
TAAGGCAACATAAGAT-1,8
TAAGGCATAACATCAA-1,1
TAAGGCCCGTCACCCT-1,0
TAAGGCTGAATCCCTC-1,4
TAAGGGCCTGTCCGAT-1,2
TAAGGGCTGGGAGAGG-1,10
TAAGTAAATGTGCCGC-1,9
TAAGTAACATCTTGAC-1,5
TAAGTCGCCGAGTATC-1,2
TAAGTCGGTGAGCTAG-1,4
TAAGTGAATAGTCTAC-1,8
TAAGTTGCGACGTAGG-1,1
TAATAAACAAGGAGAT-1,3
TAATACACAGTAGTAT-1,5
TAATACTAGAACAGAC-1,2
TAATAGAACAGAGTTA-1,0
TAATAGCTAAATGATG-1,4
TAATAGGTCACCAGAA-1,5
TAATAGTGACGACCAG-1,5
TAATATTGAAATTCGC-1,0
TAATCAACCAAATGGG-1,6
TAATCAGGAATGCTGC-1,13
TAATCGATCCGTACGT-1,11
TAATGAAAGACCCTTG-1,2
TAATGTCGGTTCATGG-1,11
TAATTACGTCAGTAGA-1,2
TAATTAGATGGATATG-1,0
TAATTAGGACATCCGT-1,13
TAATTCCAATGCTTCA-1,6
TAATTGCGCTGATTAC-1,14
TAATTGGAATCGGGAA-1,3
TAATTTCCGTCCAGTA-1,1
TACAAATTGCGGAGGT-1,5
TACAACAGCGCATACA-1,1
TACAACGCACAACTCA-1,10
TACAAGCTGTTCACTG-1,0
TACAAGGGCTTCTTTA-1,4
TACAAGTCTCGTGCAT-1,2
TACAATGAAACCAGCA-1,5
TACACAGCCGTGGTGC-1,6
TACACCGTCGTTAGTC-1,3
TACACCTCTTCGAATC-1,2
TACAGAAACGGTGGGC-1,1
TACATAGGCATACACC-1,4
TACATCCCTATCCCTG-1,2
TACATCTTGTTTCTTG-1,3
TACATGACCTTATCCG-1,5
TACATGCCGGAATTGT-1,6
TACATTTCTAACGTGC-1,11
TACCAAATAGCCCAGA-1,0
TACCAATAAAGTACCA-1,6
TACCAGAAGTAGGTTC-1,13
TACCAGCTAGGTTTAA-1,11
TACCAGGAATCCCGTC-1,1
TACCATGTATTGATTT-1,9
TACCCTCGGTAACCCT-1,9
TACCGAATAATTGTAA-1,0
TACCGATCCAACACTT-1,0
TACCGCGGACTTGCAG-1,1
TACCGGCTCACTGCCC-1,7
TACCGGTCGTTTCCAT-1,12
TACCGTAGGTTAACTA-1,2
TACCGTGCCTCGGACC-1,0
TACCTACTCCCAGTAT-1,0
TACCTATCCCTAGAGG-1,9
TACCTCACGCTTGTAC-1,0
TACCTCAGTTGTCTGT-1,2
TACCTCCACACCAATG-1,5
TACCTCTTTACCATCC-1,6
TACCTGCTGCACTGTG-1,0
TACCTTAAGATTTCCC-1,12
TACGAACACGACTTCA-1,5
TACGACGCTTGCTGCG-1,7
TACGACTGCCTCTTAG-1,7
TACGAGAACTTCACGT-1,6
TACGATCCAAGCCACT-1,9
TACGATGTTGATCATC-1,0
TACGCAGTTCTTTCCT-1,10
TACGCCATATTCTAAT-1,10
TACGCCGAGGGTACCC-1,1
TACGCCGCCTCAGAAG-1,6
TACGCCTCCATTCCGA-1,0
TACGCTATAGAAACCT-1,6
TACGCTCCTAGAACTG-1,5
TACGCTCGGTATTGGA-1,6
TACGCTGATAGTTGTA-1,8
TACGCTGCACGGTCGT-1,7
TACGCTGCTGTGTTAA-1,8
TACGGAAGCCAAACCA-1,13
TACGGCATGGACGCTA-1,7
TACGGGATGCTAGCAG-1,3
TACGGGTAATAACATA-1,7
TACGTAAAGCGGAGTG-1,13
TACGTACTAGTGCTGA-1,2
TACGTGCAAGGTTCCT-1,4
TACGTGCACTATGCTG-1,0
TACGTGGGCCCAGGGC-1,6
TACGTTTACCGGCAAT-1,5
TACTACGTGCAATGCG-1,0
TACTATGGTTCCTCAG-1,1
TACTCACAACGTAGTA-1,1
TACTCATTGACGCATC-1,13
TACTCCTCTAGTTGAC-1,0
TACTCGGCACGCCGGG-1,12
TACTCGTTTGAATCAA-1,1
TACTCTCCGAACAAAT-1,11
TACTCTTACTTTACTG-1,6
TACTCTTTCGTCTTCA-1,1
TACTGAACAGATTTAG-1,1
TACTGAGGGAAGAAAG-1,8
TACTGCAATCAATTAC-1,3
TACTGCATGATTAAAT-1,9
TACTGGACAGCTCGGC-1,12
TACTGTTTCTCTGGTA-1,0
TACTTAAACATGTACA-1,2
TACTTGTTAGTAGTCC-1,0
TACTTTACTGAGCCGG-1,3
TACTTTCCGCACGCCA-1,2
TAGAAACACAATAGTG-1,9
TAGAAACCACTAAGTA-1,8
TAGAAAGGTGGCGCTA-1,13
TAGAAATTCACGTATA-1,12
TAGAACGCCAGTAACG-1,12
TAGAAGAAGGGTTACA-1,9
TAGAATAGCCGATGAA-1,2
TAGAATTAAGGGCAAC-1,5
TAGACGAAACGCCAAT-1,1
TAGACGCCCGTACCGG-1,1
TAGACTACCTAGCGTT-1,13
TAGACTCAGTTGGCCT-1,8
TAGAGATCATGCAACT-1,2
TAGAGCTACGAAGAAC-1,3
TAGAGGGAGTTTATCT-1,1
TAGAGGTTCTACTTGT-1,2
TAGAGTCTAAGCGAAC-1,12
TAGAGTGTTCCGGGTA-1,4
TAGATATGGACTGGAA-1,7
TAGATCCGAAGTCGCA-1,5
TAGATGGTTCCTTACT-1,0
TAGATTCAAAGTGCGG-1,9
TAGATTCCTGGTTATT-1,10
TAGATTCTCTAGCAAA-1,10
TAGCAACCTGTCACAA-1,7
TAGCAGATACTTAGGG-1,6
TAGCAGTAAATACGCG-1,3
TAGCAGTATGACTAAA-1,12
TAGCCAGAGGGTCCGG-1,12
TAGCCATGATTGCCTA-1,14
TAGCCATTTCAAAGTC-1,2
TAGCCGGCGGTCAGCG-1,1
TAGCGTCCCTCGATTG-1,4
TAGCGTCCGGTGTGGT-1,6
TAGCGTCGAATATTGA-1,5
TAGCGTTGGGTCTTAC-1,6
TAGCTAAGTCCGGGAG-1,5
TAGCTAGAAGGCATGA-1,7
TAGCTAGTGATGATGG-1,7
TAGCTCACTGTGTTTG-1,4
TAGCTCAGATCCTAGT-1,3
TAGCTCGCCTGATAAC-1,7
TAGCTGATGTGAAGCG-1,2
TAGGAACAGCCTCCAG-1,3
TAGGAGGCTCGAGAAC-1,6
TAGGATCTTAACCGCA-1,5
TAGGCATGTTACGCCA-1,11
TAGGCCTATATAGTCT-1,1
TAGGCGATGAGGTCTC-1,5
TAGGCGGCTGCAAAGA-1,8
TAGGCTAAAGTGGCAC-1,6
TAGGGAGCTTGGGATG-1,9
TAGGGTGTTTCAAGAG-1,2
TAGGTCCAAGTAAGGA-1,0
TAGGTCGCCGGAACTG-1,9
TAGGTGACGATAACCT-1,2
TAGGTGAGCCCTACTC-1,0
TAGGTGCTCGCCTAGC-1,4
TAGGTGTTCCACAGAT-1,0
TAGGTTCGAGTTCGTC-1,5
TAGGTTCTGCTGAGAA-1,13
TAGTACCACAACTTTC-1,8
TAGTACCTTAGTGGTC-1,0
TAGTAGCTTATACCAG-1,4
TAGTAGTTGCCGGACA-1,5
TAGTCCCGGAGACCAC-1,0
TAGTCCGCAGAGAATG-1,10
TAGTCCGTATGCATAA-1,4
TAGTCCTGCACTAAGC-1,9
TAGTCGATCACGGGTT-1,2
TAGTCGGGATTCTTCG-1,1
TAGTCTAACAACGAGA-1,1
TAGTCTGCGGCACATT-1,5
TAGTCTGTGACGTTGC-1,3
TAGTCTTTCCGAATTG-1,13
TAGTGACAAGCTCTAC-1,9
TAGTGAGAAGTGGTTG-1,2
TAGTGCCCTCCAGAGT-1,12
TAGTGCTTGAATCCTT-1,1
TAGTGGAACTCATACA-1,8
TAGTGTCAGAAACGGC-1,1
TAGTTAAGATAGGATA-1,11
TAGTTTATTCTTGCTT-1,7
TAGTTTGATCGGTCGC-1,1
TATAAATCCACAAGCT-1,7
TATAAGTGAGGATAGC-1,0
TATACACAGACGCCTT-1,7
TATACACGCAAAGTAT-1,7
TATACCGAGTGCCACA-1,6
TATACGCGTCATCACT-1,6
TATACTCATGCGGCAA-1,0
TATAGAGTCGCTTGAA-1,12
TATAGATGGTCGCAGT-1,6
TATAGCGCACGTTATC-1,2
TATAGCTATTATCTCT-1,8
TATAGGGTACTCATGA-1,12
TATAGTTAGGTGTACT-1,11
TATATAGGGCTTTACG-1,6
TATATATCGAGAAATG-1,5
TATATCAAAGTGATCT-1,5
TATATCATTGATCAGT-1,5
TATATCCCTGGGAGGA-1,1
TATATGCTGGGTTGCC-1,5
TATATTACAAATGTCG-1,3
TATATTCGCGTCGATA-1,3
TATCAAAGGTCTGTAA-1,5
TATCACAGCACGGGCA-1,6
TATCACCATGTAAAGT-1,3
TATCACCCAACCGACC-1,3
TATCACTTCGAGTAAC-1,3
TATCAGTGGCGTAGTC-1,8
TATCCAATTGGTTATC-1,2
TATCCATATCATGCGA-1,4
TATCCATCTCGGTTAG-1,5
TATCCCTCGATCTGCA-1,1
TATCCGCACCGTCGGG-1,4
TATCCTATCAACTGGT-1,1
TATCCTGCATGGGAAT-1,3
TATCGATCTATGCATA-1,3
TATCGATGATTAAACG-1,0
TATCTACAGAGGTAAT-1,7
TATCTACCACAGCGGG-1,1
TATCTAGCCTAAAGGA-1,12
TATCTGAGCCGATATT-1,8
TATCTTGCAATACAAC-1,5
TATGAAGAATTAAGGT-1,1
TATGAAGACAGGTGCG-1,2
TATGACCTTGCGCTGG-1,2
TATGATAAATCTAACG-1,3
TATGATCCGGCACGCC-1,3
TATGATCTTCTCTTTA-1,1
TATGATTCTGCTTGGT-1,1
TATGCTCCCTACTTAC-1,5
TATGGAGTTTCTCGTT-1,2
TATGGATGTGCTACGC-1,10
TATGGCAGACTTTCGA-1,0
TATGGCCCGGCCTCGC-1,0
TATGGCTAGGCTAATT-1,9
TATGGGACCGAGCAGG-1,12
TATGGGTACGTATCGT-1,5
TATGGTCTGAGTAACA-1,10
TATGGTTAGTGGGAGA-1,9
TATGTAAAGTGCTTAA-1,0
TATGTAGAAACCCGGC-1,8
TATGTCAAGACCGACT-1,11
TATGTCTCATTGTGCC-1,13
TATTAACACCAAAGCA-1,5
TATTAACCTGACCGCG-1,1
TATTACCATCCTGCTT-1,1
TATTATGTTTGCCTGC-1,5
TATTCAATTCTAATCC-1,4
TATTCCACTCAGCTCG-1,7
TATTCCGAGCTGTTAT-1,0
TATTCCGGCAGTCCTA-1,6
TATTCCTCCGCCCACT-1,2
TATTCGTGCCAGAATA-1,3
TATTGACATTTCTGCC-1,4
TATTGCCGGGCTTGTA-1,6
TATTTAGTCTAGATCG-1,6
TATTTATACCGAGTAG-1,11
TATTTGATTTGCACAG-1,6
TATTTGTTACCCTTTA-1,2
TCAAACAACCGCGTCG-1,10
TCAAACAATTAGGACA-1,6
TCAAACTTAGATTGTT-1,12
TCAAAGAGCTATCTGT-1,1
TCAAAGTCACGGCGTC-1,8
TCAAATTATGTTCGAC-1,9
TCAAATTGTTGTGCCG-1,4
TCAAATTTGAGACTCA-1,0
TCAACAAAGATAATTC-1,2
TCAACACATTGGGTAA-1,0
TCAACATAGCGCCCTA-1,0
TCAACATCGACCGAGA-1,2
TCAACCATGTTCGGGC-1,1
TCAACGAGGAGACAAA-1,10
TCAACGCAGGAAATAA-1,12
TCAACGCGACCGGCAG-1,8
TCAACTAACGTATAAC-1,5
TCAACTGCAGAGTCAG-1,6
TCAAGAAATACTAGCT-1,9
TCAAGCGCGGACGGTA-1,6
TCAAGCTGCCTTGAAA-1,9
TCAAGGTTACTACACC-1,6
TCAATACAATTGCTGC-1,5
TCAATACGCCGTCATG-1,2
TCAATATACAGGAGGC-1,1
TCAATCCCGCGCCAAA-1,4
TCAATCCGGGAAGTTT-1,4
TCACAAACCGAGGTAC-1,6
TCACAGATCCTCAAAC-1,12
TCACAGCAAACTCGAA-1,10
TCACAGGAGAATAAGA-1,4
TCACAGGGAATCGCAA-1,2
TCACAGGTTATTGGGC-1,1
TCACATCTTATCTGAT-1,7
TCACCCTCTTAAGATT-1,7
TCACCGCTCGGCACTC-1,1
TCACGATGTCCGTGGA-1,1
TCACGATTAATACGTT-1,8
TCACGCATTGTAGATC-1,6
TCACGGCCCAAGAGAG-1,5
TCACGGTCATCGCACA-1,0
TCACGTGCCCGATTCA-1,1
TCACTACGACCAATGC-1,11
TCACTATCCCTTCGGT-1,13
TCACTATCGTGCAATC-1,13
TCACTCAGCGCATTAG-1,5
TCACTCGTGCAACGGC-1,11
TCACTCTTCGTCTGTC-1,4
TCAGAACCTCCACAGG-1,10
TCAGAACGGCGGTAAT-1,6
TCAGACGCTATAGAAG-1,0
TCAGAGCATGTCAACG-1,14
TCAGAGGACGCGTTAG-1,1
TCAGAGTGTGAGCATG-1,9
TCAGATGGAGACGTAG-1,3
TCAGCAAATGCATCTC-1,4
TCAGCAGTAGGCCCTG-1,1
TCAGCCAATCCGTAAA-1,1
TCAGCGCACGCCGTTT-1,0
TCAGCTTGAGCTTTCG-1,8
TCAGGGCGACTTCCTT-1,5
TCAGGGCGCAAACTCG-1,2
TCAGGGTGCACGAAAC-1,3
TCAGGGTGTAACGTAA-1,5
TCAGGTTCTTTGAGAA-1,0
TCAGTACTGACCCGCG-1,7
TCAGTAGGGACTATAA-1,5
TCAGTGTATACGTCAT-1,0
TCAGTTACGGAATGAT-1,9
TCATAAGTCCAAGAAG-1,6
TCATACTTACAGATCC-1,0
TCATATGAGCTTTGTT-1,0
TCATCACTCGAGCTCG-1,7
TCATCCATCTGATCAC-1,14
TCATCCCAGAGGGTGG-1,1
TCATCCTCAGCTGCTT-1,0
TCATCGACGACCGTCG-1,1
TCATCGATGGTCCCAA-1,1
TCATGCAGGTTCTCAT-1,3
TCATTCGTATAATTTG-1,13
TCATTTAAGTCTCCGA-1,9
TCATTTAGAAGTGTGA-1,4
TCCAACTCAGCTATCT-1,0
TCCAACTTTAAATTCT-1,10
TCCAAGCCTAGACACA-1,0
TCCAATAAAGGCTACC-1,2
TCCAATGCGTCGCCGC-1,7
TCCACAATGGTTTACG-1,4
TCCACATCGTATATTG-1,4
TCCACCAAGACATAGG-1,7
TCCACCTCTAGCCTTT-1,4
TCCACTTTATCTAGGT-1,4
TCCAGAGCACCGGTTC-1,1
TCCAGATGTACGCCAA-1,3
TCCAGCGCTATAAGCG-1,0
TCCAGGCAGGACGATC-1,13
TCCAGGCGAGTACGGT-1,5
TCCAGGGTATATACGA-1,0
TCCATCAATACTAATC-1,8
TCCATTAGTTGGATAG-1,0
TCCATTCCCACTAGAG-1,3
TCCATTGTGACCTCGT-1,11
TCCCAAACAGACAACG-1,3
TCCCAAACATCCTCTA-1,7
TCCCAAAGACGAAGGA-1,5
TCCCAAAGCCCTAAAT-1,6
TCCCACGGAGGGAGCT-1,9
TCCCACTCTCTTCCGG-1,10
TCCCAGCACACGACAT-1,4
TCCCAGCTTTAGTCTG-1,10
TCCCAGGCTTAGCTAA-1,2
TCCCGCCTATGTGCGT-1,4
TCCCGCGTACTCCTGG-1,5
TCCCGGGTGTGCTGCT-1,0
TCCCGGTCAGGAATTT-1,0
TCCCGTCAGTCCCGCA-1,11
TCCCGTCGCGTCATAG-1,9
TCCCGTGTGCAATTTG-1,2
TCCCTAGATCAATAGG-1,3
TCCCTCCGAAATCGTT-1,0
TCCCTCTTCTCAAGGG-1,4
TCCCTGGCGTATTAAC-1,5
TCCCTGGCTCGCTGGA-1,12
TCCCTTAGATTACTCG-1,3
TCCCTTGTCTGAAACT-1,2
TCCGAACGTTGCCGCT-1,4
TCCGAACTTGGCTTAC-1,5
TCCGAAGTAGTCACCA-1,3
TCCGAATGGTCCTGAG-1,9
TCCGACCGCTAATCAA-1,5
TCCGAGAAGGCTAAGC-1,0
TCCGATAATTGCCATA-1,3
TCCGATGACTGAGCTC-1,11
TCCGATGGTGCGACAT-1,4
TCCGATTACATTGCCG-1,0
TCCGCAGCCACCTAGC-1,4
TCCGCCTGTCTACAAG-1,0
TCCGCGGCAGCATCTG-1,1
TCCGCGGCCCAATGAA-1,2
TCCGCTGGGTCGATCG-1,14
TCCGCTGTCATCCCGG-1,0
TCCGCTTATCCCATTA-1,1
TCCGGAGGAAGGGCTG-1,11
TCCGGCCTAGCGTACA-1,3
TCCGGCCTGCATCGAT-1,5
TCCGGCTGTCGGGTCG-1,6
TCCGGGCCACTAACGG-1,4
TCCGGGCTTGACGGGA-1,1
TCCGGTTCGTCCGGTC-1,7
TCCGTAACCACAATCC-1,0
TCCGTTAAGCTAATAT-1,0
TCCGTTTAGCCTTGAA-1,3
TCCTAAAGATTCAGAC-1,13
TCCTAAATTGGGAAGC-1,6
TCCTAACCGTCGGGCA-1,1
TCCTACATCCACGGCC-1,2
TCCTAGCAAAGAAGCT-1,10
TCCTATCATAGGTAAC-1,3
TCCTCCTAAGACATTC-1,1
TCCTCGGGCTGGGCTT-1,2
TCCTCTACGAGATGGC-1,7
TCCTCTCCAGTTGTCC-1,0
TCCTCTGGCCCATTAG-1,11
TCCTGCAGCCGCCAAT-1,10
TCCTGCCAACTGGAGA-1,3
TCCTGCGTTGATACTC-1,5
TCCTGGCGCTGCCTGG-1,11
TCCTTACGACGGTCCG-1,2
TCCTTCAATCCCTACG-1,7
TCCTTCAGTGGTCGAA-1,11
TCCTTGTCCTTTAATT-1,13
TCCTTTAAATCCGCTT-1,2
TCCTTTCTTACGCTTA-1,12
TCGAAATTTAGGACCA-1,1
TCGAAGAACCGAGCAC-1,2
TCGAATATCCCGCAGG-1,5
TCGAATCGCAGGGTAG-1,10
TCGACAACTGAACCCG-1,11
TCGACATAGCGTAGCG-1,5
TCGACTGACGATGGCT-1,10
TCGAGACCAACACCGT-1,5
TCGAGCCAGGCAGGCC-1,0
TCGAGGGCAACAGACG-1,2
TCGAGTCTACGATTCG-1,5
TCGATAGGCTAGTCGC-1,1
TCGATGTTACGGCCGT-1,14
TCGATTTACGAAACGA-1,5
TCGCAAAGATGCATTT-1,2
TCGCACCAGGAGGCAG-1,2
TCGCACTAACGTTTGT-1,4
TCGCATAAAGGGCGCA-1,1
TCGCATCCCTAAGTGT-1,7
TCGCATTCAATGACTT-1,0
TCGCCACCCGGATTAC-1,14
TCGCCCAACTGACTCC-1,3
TCGCCCACTGCGAGAG-1,2
TCGCCGAAGTTGCGTC-1,6
TCGCCGACATATTCGC-1,0
TCGCCGCACCGCGTGA-1,5
TCGCCGGAGAGTCTTA-1,13
TCGCCGGATGGGCAAG-1,5
TCGCCGGTCGATCCGT-1,3
TCGCCTCCTTCGGCTC-1,2
TCGCCTCGACCTGTTG-1,12
TCGCGCGTTTACATGA-1,14
TCGCGTAGCAGTGTCC-1,12
TCGCGTCCAGAAGGTC-1,0
TCGCTAAACCGCTATC-1,11
TCGCTACTGGCTTTGA-1,1
TCGCTCGATATATTCC-1,12
TCGCTCGGCACCAGCG-1,3
TCGCTGCCAATGCTGT-1,2
TCGCTGGGCGGATTGT-1,5
TCGCTGTGCGTAAATC-1,6
TCGCTTAATTACGAAG-1,3
TCGCTTTAAACGTTTG-1,8
TCGGAATGACCATCAA-1,10
TCGGAATGCGCTCTGA-1,0
TCGGACGCCCAGCCCA-1,13
TCGGAGAGTATCGGGA-1,1
TCGGAGTACATGAGTA-1,4
TCGGAGTCCTGGTTGC-1,14
TCGGATCTGGATGACC-1,8
TCGGCAGGGTTAAGGG-1,4
TCGGCGAACCCAAACC-1,2
TCGGCGGTATTAGATT-1,3
TCGGCGTACTGCACAA-1,9
TCGGCTAACTTCCCTT-1,1
TCGGCTTGTATCGACG-1,1
TCGGGAACGTGCCTAG-1,9
TCGGGAGACAGCGTAC-1,6
TCGGGATTCAAACATA-1,8
TCGGGCACTTCTGGAT-1,5
TCGGGCCGTCGTGGTA-1,13
TCGGGTGAAACTGCTA-1,13
TCGGTCCCGACAATAG-1,12
TCGGTCCCTGACTCCA-1,11
TCGGTGACCGCTCCGG-1,3
TCGGTTAGCCATGTAG-1,13
TCGTAACTCCCAAGAC-1,6
TCGTAAGACGACATTG-1,10
TCGTAAGCTCCGAGGA-1,3
TCGTACCGACGTCAAG-1,4
TCGTATAGTGCAATTA-1,12
TCGTATCACCAAGCTA-1,9
TCGTATTACCCATTGC-1,12
TCGTATTTCGTCCGGA-1,5
TCGTCAAGTACGCGCA-1,6
TCGTCACACTGTTAGC-1,7
TCGTCCGCTGGCGTCT-1,6
TCGTCCGGGTACACTC-1,3
TCGTCTTAGGCGTTAA-1,4
TCGTGTACTATGGATG-1,12
TCGTGTATTGGTCACG-1,12
TCGTGTCACGCTGACA-1,1
TCGTGTTCGACCACAA-1,12
TCGTTAGGAGTCCCTA-1,4
TCGTTCGTTATTATGT-1,9
TCGTTGACAGGGTCCC-1,5
TCGTTGCTATCCGGTC-1,3
TCGTTGGCTCGTCAAT-1,1
TCGTTTACGCGACCCT-1,0
TCTAAAGAACAGTCTC-1,8
TCTAACCTAGCCTGCG-1,0
TCTAACTGTATGTAAA-1,5
TCTAATACTGCCTCAG-1,7
TCTACACGTTCATGCA-1,13
TCTACCCAATAGAGAG-1,1
TCTACCCGCATCATTT-1,6
TCTACCGTCCACAAGC-1,10
TCTACGCACGATCTCC-1,8
TCTACGGGCTCAGTTG-1,3
TCTAGCAATCTCCGCC-1,1
TCTAGCATCTTCGATG-1,2
TCTAGCATGCCCAGAA-1,7
TCTAGGTGGCGACGCT-1,9
TCTAGTGATATCGTGG-1,0
TCTAGTTATCAGAAGA-1,5
TCTATAGGTGGGTAAT-1,12
TCTATCATGCAGTTAC-1,0
TCTATCCGATTGCACA-1,0
TCTATCGGTCGCAACA-1,5
TCTATGCTATAACGAC-1,0
TCTATTACGCTGGCGA-1,7
TCTATTACTAGAGGAT-1,7
TCTCAAATCAATCGGG-1,4
TCTCAGGCTACTCGCT-1,0
TCTCATGAGATAGGGT-1,2
TCTCCAACGTAGGTTA-1,8
TCTCCACAAGTTGAAT-1,1
TCTCCCTGGGCAGCGT-1,13
TCTCGAACGAGGTCAC-1,3
TCTCGACGTATCGCCG-1,9
TCTCGAGGAGGTTCGC-1,4
TCTCGGCTCCAGGACT-1,0
TCTCGTGTTACGAGGA-1,6
TCTCTAATAGCTGGTA-1,2
TCTCTCGCCGCACATA-1,3
TCTCTTACCGCGAACC-1,4
TCTGAACCGGTCGGCT-1,0
TCTGAACTCGTACCCG-1,2
TCTGAAGCACGTGGTC-1,1
TCTGAATTCCGTACAA-1,2
TCTGACGGGCTAACCC-1,13
TCTGACTGTAATGGTT-1,12
TCTGAGCAATTGACTG-1,6
TCTGATCGGGTGCTAG-1,2
TCTGATGTATTCTGTC-1,1
TCTGATTGGAAATGGA-1,6
TCTGCACCATTAGTAA-1,6
TCTGCAGATTCGAGTC-1,9
TCTGCATACCTTGCTT-1,0
TCTGCCAGAAACTGCA-1,2
TCTGCGAATCGTTCGC-1,3
TCTGCGTCCGGTTTCT-1,7
TCTGCTTAGAACAAGC-1,9
TCTGGAGCGTAAGAGT-1,9
TCTGGCCGTTCAAGTT-1,4
TCTGGCGCAAGCCGGG-1,12
TCTGGGAACCTTTGAA-1,6
TCTGGGTAGCGCTCAT-1,10
TCTGTCATACAAGAGC-1,0
TCTGTGACTGACCGTT-1,0
TCTGTGATGGAGGTTG-1,3
TCTGTGCCATCATAGT-1,1
TCTGTGGCTACATTTC-1,5
TCTGTTACCCAGCATA-1,0
TCTGTTTAGATTGTTC-1,14
TCTTAACTCGGATGTA-1,13
TCTTACAGAGGTACCG-1,0
TCTTACCGGAACTCGT-1,11
TCTTACGGCATCCGAC-1,1
TCTTACTTATGCCTCT-1,1
TCTTAGAGCTCCAATT-1,1
TCTTAGAGTGAACTCT-1,2
TCTTATGGGTAGTACC-1,6
TCTTCCCATGGGCACA-1,1
TCTTCGAATAGACGTT-1,0
TCTTCGATACCAATAA-1,12
TCTTCGCGGTGAGAGG-1,13
TCTTCTATAACCCGCC-1,0
TCTTGATGCGTAGCGA-1,10
TCTTGCTCCCGATACT-1,4
TCTTGGTAACACCAAA-1,5
TCTTGGTCAATGATAC-1,8
TCTTTAAGACTATGAA-1,9
TCTTTAGAGTCTAACA-1,2
TCTTTAGCAGGCGAAC-1,6
TCTTTCATCCGTCCTT-1,8
TCTTTCCTTCGAGATA-1,6
TCTTTCGGCGGGACAC-1,0
TCTTTCTCTTAAGGAG-1,11
TGAAACCTCAACTCAC-1,0
TGAAACTTATGCAAGC-1,5
TGAAAGGACCTGACTC-1,1
TGAACAAGCAGGGACT-1,7
TGAACACCCGAAGCAG-1,1
TGAACCTGAATGTGAG-1,1
TGAACTGCTATGACTT-1,2
TGAAGAGCGGTCCTAG-1,1
TGAAGTAGCTTACGGA-1,6
TGAATACCGACGCGTA-1,2
TGAATATGCTATAAAC-1,11
TGAATGAGATACAGCA-1,6
TGAATGAGTGTTTCCC-1,4
TGAATGTCAGCCGGCC-1,1
TGAATTTCACTTGCCT-1,2
TGACAACGCATGTCGC-1,9
TGACACTTCTCTTTGC-1,3
TGACAGAAATCTTGCT-1,14
TGACAGGACAAGTCCA-1,5
TGACATATATGACGAT-1,13
TGACATCGAGCGGACC-1,6
TGACATGTAACGTGAC-1,4
TGACCAAATCTTAAAC-1,6
TGACCAGCTTCAAAGT-1,7
TGACCCAACTCACATT-1,4
TGACCCACGTTAGACA-1,1
TGACCCAGCATTCCCG-1,2
TGACGAATATTTCCCT-1,0
TGACGATGCACTAGAA-1,4
TGACTATAATCCTTTC-1,2
TGACTCCGAATCATAC-1,8
TGACTCTAACTGGTAA-1,6
TGAGAATGCTTTACCG-1,6
TGAGACGTACCTCTCA-1,2
TGAGAGATTTACCACG-1,1
TGAGATCAAATACTCA-1,3
TGAGATTAGGCCCTAA-1,11
TGAGCAGTCGTGAAGT-1,0
TGAGCCATACAGTCTC-1,10
TGAGCGGAAAGTGTTC-1,6
TGAGCTCAACTGTATA-1,4
TGAGCTTTAATGACGC-1,11
TGAGGAGTGCCAGCTT-1,7
TGAGGCATGTACTGTG-1,5
TGAGGTGTGTGGCGGA-1,6
TGAGGTTGATCCCAAG-1,0
TGAGTAAATTAGCGTA-1,7
TGAGTGCCTCTTAAAT-1,5
TGAGTGGTCCGTGACG-1,9
TGAGTGTAACAACGGG-1,0
TGAGTTAAAGACATTC-1,0
TGATACATTTAGCCGT-1,7
TGATAGCGGGATTCTA-1,5
TGATCACCACACTGAC-1,4
TGATCAGGGAACTGCT-1,0
TGATCCCAGCATTAGT-1,13
TGATCGGTTTGACCCT-1,9
TGATCTACGCTGATCT-1,3
TGATCTATCACACTCT-1,0
TGATCTCCGGCGCCAG-1,0
TGATGCTCACGTAGTC-1,3
TGATGGCTGTTTCTGA-1,6
TGATGGGACTAAGTCA-1,12
TGATGTCAATTAAGTG-1,1
TGATTATGGCACGCAG-1,3
TGATTCAGGTCCCGCG-1,4
TGATTCCCGGTTACCT-1,1
TGATTCGTCTATCACT-1,0
TGATTCTGTCGCCGGT-1,8
TGATTTATTAGCTGTG-1,8
TGATTTCCTCCTGACG-1,1
TGCAAACCCACATCAA-1,4
TGCAAACGTACTAGTT-1,9
TGCAAAGTTCGTCTGT-1,9
TGCAACCCATCTGCGG-1,0
TGCAACTACTGGTTGA-1,6
TGCAAGAATGACGTAA-1,12
TGCAATCTAACACGGT-1,4
TGCAATTTGGGCACGG-1,3
TGCACAGTGAAGTTAT-1,3
TGCACGAGTCGGCAGC-1,4
TGCACTATGTGAGTGC-1,0
TGCAGAACTATATCGT-1,0
TGCAGAGTACCGAGCA-1,10
TGCAGATCGTCCTAGG-1,0
TGCAGCTACGTACTTC-1,0
TGCAGGATCGGCAAAG-1,11
TGCAGTGAGGCTCGGG-1,11
TGCAGTGGTAGGGAAC-1,8
TGCAGTTTCCTCCCAT-1,0
TGCATATGTCTGTCAC-1,9
TGCATCTCCGGATCTT-1,3
TGCATGAGTAGATTCG-1,12
TGCATGGATCGGATCT-1,3
TGCATGGCAGTCTTGC-1,4
TGCATGTGACCCATAG-1,10
TGCATGTGGTAATCTA-1,4
TGCCAAAGTCAGACTT-1,0
TGCCAATGGGTACTCT-1,7
TGCCACACTAGAGGAA-1,2
TGCCACCTGGCGAAAC-1,8
TGCCAGTACGTGGAGA-1,2
TGCCATGGCTTATAAG-1,9
TGCCATTACTAAAGAA-1,3
TGCCCGATAGTTAGAA-1,0
TGCCCGTACCGTTAAA-1,1
TGCCGAAAGCGTATTC-1,6
TGCCGATGTCATCAAT-1,12
TGCCGGATGTACGAGC-1,0
TGCCGTGGATCGTCCT-1,6
TGCCGTGGGACCCAAT-1,4
TGCCGTTCTTAATCGG-1,8
TGCCTAAATTTAATAG-1,9
TGCCTAATTGAAGATT-1,4
TGCCTGACATCGGTCA-1,0
TGCCTGATCAAACGAT-1,11
TGCCTTGCCCTTACGG-1,4
TGCCTTGGCCAGGCAA-1,4
TGCGAATATGGGATTT-1,0
TGCGACACCCTAGTGC-1,5
TGCGACGGCCGAACGT-1,10
TGCGAGAAACGTTACG-1,12
TGCGAGAATATTACCC-1,7
TGCGAGATGGCGGCCA-1,3
TGCGAGCCCTTCCGCG-1,9
TGCGATGCTAATGGCT-1,5
TGCGCAAAGCATTTGG-1,12
TGCGCCGTTAATAACG-1,13
TGCGCGATTAACGGAG-1,0
TGCGGACTTGACTCCG-1,0
TGCGGAGTAAAGGTGC-1,5
TGCGGCATAGTTCAAC-1,7
TGCGGGTATTGGGATC-1,3
TGCGGTCTACGAGTAA-1,11
TGCGGTGAAATTTCAT-1,1
TGCGTAAGAACCTGAT-1,10
TGCGTACGGCTAATTG-1,6
TGCGTCATGACTGAGC-1,2
TGCGTGATTGGGTGTC-1,0
TGCGTTTGTTGACACT-1,1
TGCTAAGTGTCTATTT-1,0
TGCTATACAAACGGAC-1,0
TGCTATGGCAAAGGGA-1,8
TGCTCACACAACAACC-1,13
TGCTCCACAGTTCTTA-1,0
TGCTCGGCGAAACCCA-1,2
TGCTCGGTGGGTCACC-1,2
TGCTCTGCCGGTTCAC-1,9
TGCTCTTGAGAGTTTG-1,0
TGCTGCGTCAGAGTTA-1,3
TGCTGGTTGGACAATT-1,0
TGCTGTTGAAGAACTC-1,4
TGCTTAGAGAGAATGC-1,5
TGCTTCCCAAGCAGTA-1,1
TGCTTGAAACCATGCA-1,1
TGGAAACGGAGTGAAC-1,12
TGGAACCACTGACACA-1,3
TGGAAGAAGGGAACGT-1,5
TGGAAGACGAACACCA-1,0
TGGAAGGATAAAGATG-1,11
TGGAATATCCTTGACC-1,3
TGGAATTAGACGCTTT-1,7
TGGACACCGTTGCTTG-1,1
TGGACCAATCTAAGAT-1,4
TGGACCACGGCGTTGA-1,0
TGGACGCAATCCAGCC-1,5
TGGACGTAGGCGAATC-1,12
TGGACTGTTCGCTCAA-1,6
TGGAGAATAATCGTCC-1,5
TGGAGCTAAAGTTCCC-1,13
TGGAGGGAAACACCTC-1,11
TGGAGTGATGCGATGA-1,7
TGGATAGAGTAACAGA-1,0
TGGATGGCATCTTGGA-1,9
TGGCAAACTAAATTAC-1,2
TGGCAACTCGCGCGCC-1,11
TGGCAAGCACAAGTCG-1,4
TGGCAATGGGACGGCG-1,4
TGGCACGAGCTCGAGT-1,9
TGGCAGATTACGATCA-1,7
TGGCAGCAGTAATAGT-1,4
TGGCATGAAGTTTGGG-1,5
TGGCCAAACTGAAGTA-1,9
TGGCCAATTTGGTACT-1,10
TGGCCGTATATTGACC-1,7
TGGCGACTGCTCCAAA-1,7
TGGCGATCAAGTTATG-1,7
TGGCGGTGTGCGATTG-1,0
TGGCTACACTCTACCT-1,6
TGGCTATGTGACATAC-1,6
TGGCTCTTGTCGCGTA-1,4
TGGCTTATGTATAATG-1,10
TGGCTTGTACAAGCTT-1,11
TGGCTTTGGGTAGACA-1,2
TGGGAAATGCCTTTCC-1,1
TGGGACCATTGGGAGT-1,0
TGGGATGCACTCATTC-1,11
TGGGCAATAGTTGGGT-1,4
TGGGCACAAACAGAAC-1,13
TGGGCACGTTCTATGG-1,5
TGGGCAGGCCACCGCA-1,6
TGGGCCACAAGAGCGC-1,9
TGGGCCCATACTAATT-1,2
TGGGCCTTGCCTGCAT-1,1
TGGGCGATACAATAAG-1,4
TGGGTAAGGTTCCCGC-1,5
TGGGTGCACAAGCCAT-1,9
TGGGTGGGATGTCATT-1,10
TGGGTGTAATAGATTT-1,0
TGGGTGTTAAGTAGAA-1,2
TGGGTTCCCGGACGGA-1,2
TGGGTTTCGGGCGTAC-1,8
TGGTAAGCAGGATTGA-1,2
TGGTACCGGCACAGCC-1,6
TGGTAGAATATATGGG-1,0
TGGTATCGCATCCCAA-1,1
TGGTATCGGTCTGTAT-1,1
TGGTCCCACGCTACGG-1,7
TGGTCGATATACCTCT-1,5
TGGTCGGGTACAGGGC-1,8
TGGTCGTGCAAGGCAA-1,0
TGGTCGTTTGATAGAT-1,4
TGGTCTAGCTTACATG-1,9
TGGTCTGTTGGGCGTA-1,12
TGGTGATCGTATTTGT-1,1
TGGTGCCCTGCCTTAC-1,5
TGGTGTGACAGACGAT-1,4
TGGTTAACTTACATTT-1,8
TGGTTAAGGGCGCTGG-1,3
TGGTTATGCTTGCGGT-1,5
TGGTTCAACGGGTAAT-1,13
TGGTTCGTAGCAAAGG-1,2
TGGTTGGAGGATCCTG-1,3
TGGTTTAAACGTGGGT-1,3
TGTAACTTGTCAACCT-1,1
TGTAAGACTGATAAGA-1,8
TGTAATGACCACAATA-1,12
TGTAATGCCTTCGGAC-1,4
TGTACCCGACCCTAAT-1,7
TGTACCTACACGAGGG-1,2
TGTACGAACAAATCCG-1,3
TGTACGCTATCAGCTT-1,7
TGTACTACTCTCACGG-1,3
TGTACTATCGCTCGTT-1,12
TGTACTGTGCCAAAGT-1,0
TGTACTTCCGGGCATG-1,6
TGTAGCCAATTCCGTT-1,1
TGTAGCCATCCCATTC-1,4
TGTAGGAGAAATTTCC-1,6
TGTAGTGATCTATAAT-1,12
TGTATAACAGATCCTG-1,4
TGTATACGGATGATGA-1,3
TGTATCAGACTGAAGC-1,3
TGTATCCTTATTCCAT-1,10
TGTATGGCGCAGACAG-1,4
TGTATTTACCTAATGC-1,7
TGTCATTTGTTGGGAA-1,3
TGTCCACGGCTCAACT-1,1
TGTCCCGACATAGCAC-1,6
TGTCCGCAAACAATTC-1,5
TGTCCGTGGCGCCTTT-1,10
TGTCCTAAGTCACCGC-1,5
TGTCGGCATGGTGGAA-1,1
TGTCGTGGGTATAGGC-1,9
TGTCGTTATCACATAT-1,10
TGTCTACAGTTTCTGT-1,0
TGTGACTACGCCAGTC-1,5
TGTGACTAGAGTTTGC-1,7
TGTGAGACTAGCCCAA-1,0
TGTGATTCCAGCGCTT-1,9
TGTGCCAGAGGCAAAG-1,2
TGTGCCGGTGCCGGAA-1,2
TGTGCTTTACGTAAGA-1,12
TGTGGACTATCTACGT-1,4
TGTGGAGGAAGCTTAA-1,0
TGTGGCAAAGCGTATG-1,3
TGTGGCGGGCTTCTGG-1,4
TGTGGCTCCCACCAAC-1,6
TGTGGTAGGGTGCCTT-1,4
TGTGGTTGCTAAAGCT-1,0
TGTGTAGTAGCACGTG-1,9
TGTGTCGAAGTCGAGG-1,2
TGTGTCGCGAGTTGCA-1,7
TGTGTGACCATGAATC-1,2
TGTGTTCGTATCCAAG-1,1
TGTTAACAAAGTGACT-1,4
TGTTATTGTATGTGGC-1,2
TGTTCATAAATGTGCT-1,5
TGTTCCGCTTCCATGA-1,2
TGTTCCGGCCTGAGCT-1,4
TGTTCGTATTGCGGTG-1,7
TGTTCTCATACTATAG-1,13
TGTTCTCTACTCCCTA-1,3
TGTTCTTCCATTGACT-1,0
TGTTGATCACTGTTTA-1,3
TGTTGCCGTCGTCCCA-1,4
TGTTGGCTGGCGGAAG-1,6
TGTTGTCAAGAAGTCT-1,12
TGTTTAATACTTCATC-1,11
TGTTTCGGTACTTCTC-1,0
TGTTTCTGAAGCGTGC-1,8
TGTTTGAGATCGTCAG-1,4
TTAAACAGAGTCCCGC-1,0
TTAAACCGGTAGCGAC-1,13
TTAAACCTGGTTCCTT-1,9
TTAAACTCGAATTCAT-1,3
TTAAAGGCGATGCTCG-1,5
TTAAAGTAAGTCGCCA-1,2
TTAACACCTCGAACAT-1,0
TTAACCAACCCTCCCT-1,4
TTAACCCGAGGCGTGT-1,5
TTAACGAACAAGCAGT-1,3
TTAACGTCGCAAGACC-1,4
TTAACGTTAAAGCCTG-1,1
TTAACTCACGCGTGGA-1,7
TTAACTGATCGTTTGG-1,13
TTAACTTCAGGTAGGA-1,0
TTAAGACGAACGAACC-1,4
TTAAGATACCCAGAGA-1,8
TTAAGATAGGATTGAC-1,4
TTAAGCCGACAACTTC-1,5
TTAAGCGCCTGACCCA-1,0
TTAAGGATACGGAGGT-1,1
TTAAGGCCCGTACTTT-1,5
TTAAGTATTGTTATCC-1,1
TTAATCAGTACGTCAG-1,12
TTAATGCGAGGTAACT-1,0
TTAATGTAGACCAGGT-1,5
TTAATGTGTTTGCAGG-1,13
TTAATTGCTTTGGGTG-1,1
TTAATTTCAGACGCGG-1,11
TTACAACTACGCATCC-1,1
TTACACGATCTGCGAC-1,1
TTACAGACCTAAATGA-1,3
TTACATCGTGGCCTGG-1,1
TTACATGCCACAACTA-1,13
TTACCATTGATTACCC-1,5
TTACCCATTGCCGGGT-1,3
TTACCCTAACAGTCCT-1,0
TTACCCTAGGGATTGG-1,2
TTACCGCCTTAGGGAA-1,6
TTACGGATGGTTCGAG-1,11
TTACGGTGTCACCGAG-1,2
TTACGTAGCGCGTGCT-1,11
TTACGTATCTATGACA-1,0
TTACTAAAGGACTTTA-1,2
TTACTATCGGCTTCTC-1,12
TTACTCCGGCCGGGAA-1,1
TTACTCTGGTACGTAC-1,7
TTACTGGGATATTTCA-1,10
TTACTGTCTAGAGCTC-1,11
TTACTGTTTCTCTACG-1,1
TTAGAAGAACATGACT-1,7
TTAGAATAAGGGTCGG-1,1
TTAGACACGATCGTTG-1,3
TTAGACGAGTCACCTC-1,2
TTAGAGGGATATACAG-1,0
TTAGAGTATTGTCGAG-1,8
TTAGAGTTTAGAAGGA-1,1
TTAGATAGGTCGATAC-1,1
TTAGCAACATGGATGT-1,7
TTAGCATCCCTCACGT-1,14
TTAGCCATAGGGCTCG-1,8
TTAGCTAATACGATCT-1,3
TTAGCTCTGTAATCCG-1,5
TTAGCTGATTTGCCGT-1,2
TTAGGATGGGAGGGTA-1,9
TTAGGTCATAACCGAC-1,6
TTAGGTGTGACTGGTC-1,6
TTAGTAAACCTGCTCT-1,6
TTAGTAGGGCGGCGGG-1,5
TTAGTTATTCGTGGCA-1,2
TTAGTTCAAGTGTTCG-1,3
TTATAGATGCACATTA-1,5
TTATAGGTAATTGTCT-1,6
TTATAGTCCAAGGTGC-1,3
TTATATACGCTGTCAC-1,2
TTATATTTGGCAATCC-1,5
TTATCATACTCGCAAA-1,0
TTATCCAATCGAACTC-1,0
TTATCCGGGATCTATA-1,1
TTATCCTCAAGGAATA-1,10
TTATCGCCTGCGAAGC-1,2
TTATCTGACATTAGGA-1,4
TTATCTGTATCATAAC-1,3
TTATGAATGAAAGGGA-1,2
TTATGACAAACTGGAT-1,2
TTATGATCTTAACGAA-1,0
TTATGCGTCCCGGTCC-1,0
TTATGTTTGCGATAGA-1,0
TTATTAGAGCGTGTTC-1,2
TTATTAGGGAAGCATC-1,1
TTATTATCTGGAAGGC-1,4
TTATTTAGGTTCCTTA-1,10
TTATTTCATCCCAAAC-1,1
TTCAAAGTCTCTAGCC-1,9
TTCAACGACCCGACCG-1,2
TTCAAGCCGAGCTGAG-1,5
TTCAATACTCTGAATC-1,1
TTCAATTAGCCATAAT-1,11
TTCACGAAAGGATCAC-1,10
TTCACGGTCGTCACGT-1,5
TTCACTCGAGCACCTA-1,0
TTCACTTCCTAGAACG-1,3
TTCAGAGTAACCTGAC-1,4
TTCAGCCCTGGTCCAC-1,1
TTCAGCTGGCGTGCCC-1,2
TTCAGGCGTCAAAGCC-1,8
TTCAGTTCAAGAGGAG-1,5
TTCAGTTTGTGGCAGC-1,10
TTCATAGCCTTGTAAC-1,1
TTCATAGGGTGTCCAT-1,0
TTCATGGCGCAACAGG-1,12
TTCCAATCAGAGCTAG-1,11
TTCCAATCTGGCTATC-1,11
TTCCACACAGATTTGA-1,10
TTCCACATTTCTCGTC-1,9
TTCCAGACGAGATTTA-1,6
TTCCAGTGGGTTTCGT-1,5
TTCCATCATGCGGTGA-1,11
TTCCATCGACAGCGTG-1,12
TTCCCGACGCTTCACT-1,9
TTCCCGGCGCCAATAG-1,0
TTCCGCAGAGAAATAT-1,3
TTCCGCGTGAGGCGAT-1,7
TTCCGGCCTTGAGGCT-1,10
TTCCGGCTCGACTTCT-1,3
TTCCGGTATCTGTGTC-1,6
TTCCGGTTACCCACTT-1,2
TTCCTCGAGGGTGTCT-1,2
TTCCTCGGACTAACCA-1,0
TTCCTCTGCCCGAATA-1,12
TTCCTTTCTGTGTTGC-1,0
TTCGAACGAAACATGC-1,5
TTCGACAGAGCCCGTG-1,2
TTCGACGGGAAGGGCG-1,0
TTCGAGCCGGCGCTAC-1,3
TTCGCACTCGCGTGCT-1,6
TTCGCACTGTACGACA-1,2
TTCGCATCCGGAAGCA-1,0
TTCGCCGCTCGCGCTA-1,5
TTCGCGCGCCATACGA-1,1
TTCGCTAGGAAGTTGT-1,6
TTCGCTATCTGACGTG-1,11
TTCGGACTGATGCCTT-1,7
TTCGGACTGGGCATGG-1,11
TTCGGCAACCCGCTGA-1,7
TTCGGCTAGAGATGGT-1,6
TTCGGGACTAATCGCG-1,4
TTCGGGCGCTAGTCTT-1,12
TTCGGGTTGCCACGGG-1,2
TTCGGTACTGTAGAGG-1,4
TTCGGTGGAGACGCCC-1,9
TTCGTAATCCCAGCGG-1,11
TTCGTACTCCAGAACG-1,0
TTCGTGCATGTTATAG-1,10
TTCGTGGGCTGGAAGC-1,3
TTCGTTCAACGAAGTT-1,3
TTCTAACCGAAGCTTA-1,1
TTCTACCTCAATCGGT-1,8
TTCTACCTTTATGTTG-1,3
TTCTACTTGCGAGGGC-1,0
TTCTAGAAAGTCTTAT-1,13
TTCTAGGCCAATTGTG-1,2
TTCTATGCCTTTCGCA-1,4
TTCTATTAAACGCAGC-1,2
TTCTCAATTGCTACAA-1,8
TTCTCTTACAGGTGAT-1,8
TTCTGACCGGGCTCAA-1,2
TTCTGCCGCGCCTAGA-1,10
TTCTGCGAGCGCCCTT-1,12
TTCTGCGGGTTAGCGG-1,2
TTCTGCTAGACTCCAA-1,3
TTCTGTTTCCTGTCGC-1,1
TTCTTAGTGAACGGTG-1,0
TTCTTAGTGGCTCAGA-1,13
TTCTTATCCGCTGGGT-1,0
TTCTTCCCTTTGATAT-1,1
TTCTTCGCAATAGAGC-1,10
TTCTTGAGCCGCGCTA-1,5
TTCTTGCTAGCATCTC-1,6
TTCTTGGACGATCTGC-1,0
TTCTTGGAGTAATGAG-1,8
TTCTTGTAACCTAATG-1,0
TTCTTGTGTCCATCAG-1,5
TTCTTTGGTCGCGACG-1,3
TTGAAACCCTCATTCC-1,0
TTGAAAGGTGTAAAGG-1,9
TTGAACGAATCCTTTG-1,0
TTGAACGACGTGCTGA-1,6
TTGAAGAATTCCCAGG-1,10
TTGAAGGATGGGCGCC-1,5
TTGAATATGGACTTTC-1,4
TTGAATCGTTGTATAA-1,2
TTGAATTCACGTGAGG-1,2
TTGACAGGAGCTCCCG-1,0
TTGACATGAACGTGGA-1,2
TTGACCAGGAACAACT-1,4
TTGACCATGTTCTCCG-1,11
TTGACCGTGTTAATGA-1,0
TTGACGATTCAGCACG-1,2
TTGACGCTCCATGAGC-1,1
TTGACTACCATATGGT-1,5
TTGACTATTGTCCGGC-1,6
TTGAGAAGTTTAGCAT-1,2
TTGAGAGTACTGCTAA-1,6
TTGAGCAGCCCACGGT-1,4
TTGAGCGCCACGTGAT-1,13
TTGAGGCATTTAACTC-1,3
TTGAGGGTCGAACGCG-1,4
TTGAGTCCCGCTGCTG-1,4
TTGATAGTCAATACAT-1,3
TTGATCTAACTTTGTC-1,0
TTGATGCCGCTCGTCG-1,5
TTGATGTGTAGTCCCG-1,9
TTGATTAGCTGTTTCT-1,2
TTGATTATGCAGATGA-1,0
TTGCAAGAAGACTCCT-1,4
TTGCACAATTCAGAAA-1,4
TTGCACGGAGCAGCAC-1,11
TTGCAGGTCATGAAGT-1,13
TTGCATGCTGATCACG-1,10
TTGCCAAGCAGAACCC-1,4
TTGCCATAGCCCGCTC-1,1
TTGCCCTGATCACGGG-1,5
TTGCCGCAGACCTACA-1,8
TTGCCGCTTTCTAGTA-1,6
TTGCCGGTGATCCCTC-1,3
TTGCCTAATCCAAAGT-1,8
TTGCCTTCTCGCCGGG-1,6
TTGCGCACAACCACGT-1,4
TTGCGCTCTCTCGCTT-1,5
TTGCGCTTGATCAATA-1,4
TTGCGGAAAGCTGCCC-1,8
TTGCGGCATCAGAAAG-1,9
TTGCGGCGACTCATGC-1,2
TTGCGTAGTTTGAGGA-1,1
TTGCGTCGGCCAACCG-1,3
TTGCGTGAACGCTTAG-1,11
TTGCGTGTGTAGGCAT-1,9
TTGCTAGCTACCAATC-1,6
TTGCTCATAGTACGTG-1,0
TTGCTCCCATACCGGA-1,5
TTGCTGAAGGAACCAC-1,4
TTGCTGATCATGTTCG-1,10
TTGCTGCACCTATCCA-1,0
TTGCTGGCCGGGCTTC-1,11
TTGGAAGAATACAGTC-1,2
TTGGACATGTGGCTTA-1,2
TTGGACCATCTGGCAA-1,0
TTGGACCTATAACAGT-1,0
TTGGAGTCTCCCTTCT-1,0
TTGGATATCGTCTACG-1,13
TTGGATCGACTTCTGG-1,0
TTGGATTGGGTACCAC-1,1
TTGGCCAAATTGTATC-1,10
TTGGCCATCTTGCGCT-1,0
TTGGCCTAGAATTTCG-1,11
TTGGCGATCCGAATAT-1,4
TTGGCTCAATATGTGT-1,13
TTGGCTCGCATGAGAC-1,4
TTGGGAAGACGAGCCG-1,6
TTGGGACACTGCCCGC-1,12
TTGGGACGTAAGAGTT-1,1
TTGGGCGGCGGTTGCC-1,13
TTGGGTTTATTCAGCG-1,3
TTGGTATGGCTTGTGT-1,6
TTGGTCACACTCGTAA-1,10
TTGGTGCGGTGTTGAA-1,3
TTGGTTCGCTCAAAGG-1,9
TTGGTTGCGGTGCGCG-1,12
TTGTAACTTCATAGCG-1,9
TTGTAAGGACCTAAGT-1,2
TTGTAAGGCCAGTTGG-1,3
TTGTAATCCGTACTCG-1,5
TTGTACACCTCGAACA-1,2
TTGTATCACACAGAAT-1,5
TTGTCACCGCGGTATC-1,8
TTGTCGTTCAGTTACC-1,5
TTGTCTCGGCAAGATG-1,10
TTGTGAACCTAATCCG-1,0
TTGTGAGGCATGACGC-1,2
TTGTGATCTGTTCAGT-1,6
TTGTGCAGCCACGTCA-1,2
TTGTGCGGAAGCGGAT-1,8
TTGTGGAGACAGCCGG-1,8
TTGTGGCCCTGACAGT-1,3
TTGTGGTAGGAGGGAT-1,1
TTGTGGTATAGGTATG-1,4
TTGTGGTGGTACTAAG-1,6
TTGTGTATGCCACCAA-1,3
TTGTGTTTCCCGAAAG-1,7
TTGTTAGCAAATTCGA-1,13
TTGTTCAGTGTGCTAC-1,1
TTGTTCTAGATACGCT-1,5
TTGTTGGCAATGACTG-1,8
TTGTTGTGTGTCAAGA-1,4
TTGTTTCACATCCAGG-1,4
TTGTTTCATTAGTCTA-1,5
TTGTTTCCATACAACT-1,7
TTGTTTGTATTACACG-1,5
TTGTTTGTGTAAATTC-1,11
