barcode,cluster
AAACAACGAATAGTTC-1,11
AAACAAGTATCTCCCA-1,6
AAACAATCTACTAGCA-1,5
AAACACCAATAACTGC-1,5
AAACAGAGCGACTCCT-1,2
AAACAGCTTTCAGAAG-1,1
AAACAGGGTCTATATT-1,1
AAACAGTGTTCCTGGG-1,7
AAACATGGTGAGAGGA-1,2
AAACATTTCCCGGATT-1,3
AAACCACTACACAGAT-1,1
AAACCCGAACGAAATC-1,4
AAACCGGAAATGTTAA-1,6
AAACCGGGTAGGTACC-1,10
AAACCGTTCGTCCAGG-1,7
AAACCTAAGCAGCCGG-1,7
AAACCTCATGAAGTTG-1,8
AAACGAAGAACATACC-1,0
AAACGAAGATGGAGTA-1,5
AAACGACAGTCTTGCC-1,7
AAACGAGACGGTTGAT-1,0
AAACGCCCGAGATCGG-1,0
AAACGCTGGGCACGAC-1,6
AAACGGGCGTACGGGT-1,3
AAACGGGTTGGTATCC-1,11
AAACGGTTGCGAACTG-1,1
AAACTAACGTGGCGAC-1,1
AAACTCGGTTCGCAAT-1,1
AAACTCGTGATATAAG-1,0
AAACTGCTGGCTCCAA-1,0
AAACTTAATTGCACGC-1,9
AAACTTGCAAACGTAT-1,7
AAAGAATGACCTTAGA-1,2
AAAGAATGTGGACTAA-1,3
AAAGACATGAAGTTTA-1,0
AAAGACCCAAGTCGCG-1,1
AAAGACTGGGCGCTTT-1,2
AAAGCTTGCCTACATA-1,7
AAAGGCCCTATAATAC-1,3
AAAGGCTACGGACCAT-1,3
AAAGGCTCTCGCGCCG-1,3
AAAGGGATGTAGCAAG-1,1
AAAGGGCAGCTTGAAT-1,11
AAAGGTAAGCTGTACC-1,2
AAAGGTCAACGACATG-1,0
AAAGTAGCATTGCTCA-1,5
AAAGTCACTGATGTAA-1,8
AAAGTCGACCCTCAGT-1,0
AAAGTGCCATCAATTA-1,6
AAAGTGTGATTTATCT-1,6
AAAGTTGACTCCCGTA-1,12
AAATAACCATACGGGA-1,7
AAATAAGGTAGTGCCC-1,0
AAATACCTATAAGCAT-1,0
AAATAGCTTAGACTTT-1,11
AAATAGGGTGCTATTG-1,9
AAATCACTCCTAAACG-1,0
AAATCCGATACACGCC-1,12
AAATCGCGGAAGGAGT-1,2
AAATCGTGTACCACAA-1,0
AAATCTAGCCCTGCTA-1,6
AAATCTGCCCGCGTCC-1,2
AAATGACTGATCAAAC-1,7
AAATGATTCGATCAGC-1,0
AAATGCTCGTTACGTT-1,2
AAATGGCATGTCTTGT-1,0
AAATGGCCCGTGCCCT-1,9
AAATGGTCAATGTGCC-1,0
AAATGTATCTTATCCC-1,4
AAATGTGGGTGCTCCT-1,5
AAATTAACGGGTAGCT-1,0
AAATTAATAAGCGCGA-1,5
AAATTACACGACTCTG-1,1
AAATTACCTATCGATG-1,7
AAATTCCAGGTCCAAA-1,4
AAATTGATAGTCCTTT-1,9
AAATTGCGGCGGTTCT-1,5
AAATTTACCGAAATCC-1,8
AAATTTGCGGGTGTGG-1,10
AACAACTGGTAGTTGC-1,0
AACAATACATTGTCGA-1,3
AACAATTACTCTACGC-1,1
AACACACGCTCGCCGC-1,4
AACACGACTGTACTGA-1,10
AACACGAGACGCGGCC-1,1
AACACGCGGCCGCGAA-1,9
AACAGCTGTGTGGCAA-1,1
AACAGGAAATCGAATA-1,8
AACAGGATGGGCCGCG-1,8
AACAGGTAGTATGGAT-1,13
AACATAGCGTGTATCG-1,2
AACATATCAACTGGTG-1,1
AACATCGATACGTCTA-1,1
AACATTGAAGTTGATC-1,3
AACATTGGTCAGCCGT-1,11
AACATTGTGACTCGAG-1,12
AACCAAGACTTCTCTG-1,0
AACCAGTATCACTCTT-1,0
AACCATAGGGTTGAAC-1,5
AACCATGGGATCGCTA-1,9
AACCCAGAGACGGAGA-1,5
AACCCATCCCATGATC-1,9
AACCCGACAACCCGTG-1,1
AACCCGAGCAGAATCG-1,6
AACCCGCTGTATTCCA-1,1
AACCCTACTGTCAATA-1,0
AACCCTGGTGGAACCA-1,8
AACCGAGCTTGGTCAT-1,10
AACCGCTAAGGGATGC-1,6
AACCGTTGTGTTTGCT-1,10
AACCTAAAGCCGTCCG-1,1
AACCTCGCTTTAGCCC-1,11
AACCTGTCACGGAATT-1,4
AACCTTTAAATACGGT-1,12
AACCTTTACGACGTCT-1,2
AACGAAAGTCGTCCCA-1,9
AACGACCTCCTAGCCG-1,12
AACGATAATGCCGTAG-1,3
AACGATAGAAGGGCCG-1,8
AACGATATGTCAACTG-1,7
AACGCGAACGGCAACA-1,5
AACGCGACCTTGGGCG-1,1
AACGCGGTCTCCAGCC-1,0
AACGCTGTTGCTGAAA-1,6
AACGGACGTACGTATA-1,12
AACGGCCATCTCCGGT-1,0
AACGTACTGTGGGTAC-1,10
AACGTAGTCTACCCAT-1,9
AACGTCAGACTAGTGG-1,8
AACGTCATCCGGCTTG-1,1
AACGTCGCTGCACTTC-1,3
AACGTGATGAAGGACA-1,8
AACGTGCGAAAGTCTC-1,1
AACGTTATCAGCACCT-1,13
AACTACCCGTTTGTCA-1,6
AACTAGCGTATCGCAC-1,5
AACTAGGCTTGGGTGT-1,3
AACTCAAGTTAATTGC-1,10
AACTCCAGAGCGTGTT-1,11
AACTCCTAATCCCATG-1,1
AACTCGATAAACACGT-1,4
AACTCGATGGCGCAGT-1,9
AACTCTCAATAGAGCG-1,0
AACTCTCAGTGTGCTC-1,4
AACTGAGGTCAGCGTC-1,0
AACTGAGTTATACTGA-1,6
AACTGATATTAGGCCT-1,0
AACTGGGTCCCGACGT-1,1
AACTGGGTTCGAGCCG-1,7
AACTGGTGTGGGCCTT-1,2
AACTTCTGCGTCTATC-1,2
AACTTGCGTTCTCGCG-1,9
AACTTTACGGGAGCTT-1,5
AACTTTAGCTGCTGAG-1,5
AACTTTCTCGATCATG-1,12
AAGAAAGTTTGATGGG-1,9
AAGAAATCACCAGATT-1,12
AAGAAGGATCAGTTAG-1,9
AAGACATACGTGGTTT-1,3
AAGACCAAATAACTCA-1,5
AAGACCCAACTGAACA-1,11
AAGACTAACCCGTTGT-1,5
AAGACTCACGCCCACT-1,0
AAGACTGCAAGCTACT-1,1
AAGAGATGAATCGGTA-1,11
AAGAGCTCTTTATCGG-1,7
AAGAGGATGTACGCGA-1,10
AAGAGGCATGGATCGC-1,0
AAGAGGCCCTTTGGAA-1,6
AAGATGGCACCGGACC-1,1
AAGATTGGCGGAACGT-1,1
AAGCACCCTGCGTATC-1,12
AAGCATACTCTCCTGA-1,3
AAGCCACTTGCAGGTA-1,1
AAGCCGAAGCGGTTTA-1,6
AAGCCGCCGTGAAATC-1,5
AAGCCGCTTTACCTTG-1,12
AAGCCGGAGAGCAGGA-1,6
AAGCGCAGGGCTTTGA-1,7
AAGCGGAGTGCGCGCA-1,0
AAGCGGCGTCATGGGT-1,2
AAGCGTCCCTCATCGA-1,1
AAGCTAGATCGAGTAA-1,5
AAGCTATGGATTGACC-1,2
AAGCTCGTGCCAAGTC-1,0
AAGCTCTTTCATGGTG-1,12
AAGGAGAACTTATAAG-1,0
AAGGAGCGGTTGGTGC-1,0
AAGGATCGATCGCTTG-1,9
AAGGATGAGGGACCTC-1,11
AAGGCAGGCTGTCTCC-1,4
AAGGCGCGTAAAGCTT-1,0
AAGGCTGTGCTCATCG-1,10
AAGGGAACGACTGGCT-1,2
AAGGGACAGATTCTGT-1,1
AAGGGACTATGCATTC-1,0
AAGGGTTTGATTTCAG-1,2
AAGGTGATAAACCAGC-1,9
AAGTAAGCTTCCAAAC-1,5
AAGTAGAAGACCGGGT-1,0
AAGTCAATTGTCGTCA-1,6
AAGTCTAGTAGCTGCC-1,12
AAGTCTTCTGTGGCCT-1,2
AAGTGACGACCGAATT-1,0
AAGTGAGTCGGGTTTA-1,8
AAGTGCAAAGGTAGAC-1,9
AAGTGCCTTGACTGTA-1,4
AAGTGCGTTAGAATCT-1,1
AAGTGCTTCTCTATTG-1,3
AAGTGTTTGGAGACGG-1,4
AAGTTCACTCCAAGCT-1,12
AAGTTCAGTCTGCGTA-1,8
AAGTTCGGCCAACAGG-1,0
AAGTTGTGATGTTATA-1,1
AAGTTTACTAATGGCA-1,0
AAGTTTATGGGCCCAA-1,7
AATAACAACGCTCGGC-1,7
AATAACACTAGAACAA-1,9
AATAAGTCCTCGAGAC-1,1
AATAATCTTCGTATCG-1,6
AATACAATGTTTCAGG-1,1
AATACCGGAGGGCTGT-1,3
AATACCTGATGTGAAC-1,3
AATAGAACAGAGTGGC-1,3
AATAGAATCTGTTTCA-1,4
AATAGCAAGCCTCCTG-1,1
AATAGCTACCGCGTGC-1,8
AATAGGCACGACCCTT-1,1
AATAGTCCGTCCCGAC-1,3
AATAGTCGCGAGTCGG-1,9
AATATCAAGGTCGGAT-1,2
AATATCCTAGCAAACT-1,4
AATATCGAATCAATGC-1,6
AATATCGAGGGTTCTC-1,0
AATATTGGAGTATTGA-1,8
AATCAGACTGCAGGAC-1,5
AATCAGGTTTCATTTA-1,3
AATCATGTAAAGACTC-1,6
AATCCAAGGGCCTGAG-1,0
AATCCATGCAAGGGTG-1,5
AATCCCGCTCAGAGCC-1,7
AATCGAGGTCTCAAGG-1,2
AATCGCGCAGAGGACT-1,4
AATCGGGACACTACGA-1,8
AATCGGTATAGCCCTC-1,7
AATCGTGAGCCGAGCA-1,7
AATCTAGGTTTACTTG-1,2
AATCTATGCCGGAGCC-1,0
AATCTCTACTGTGGTT-1,2
AATCTGCGTTGGGACG-1,1
AATCTGGCTTTCTAGT-1,4
AATCTGGGTAGACCCT-1,8
AATGACAGCAATGTCT-1,0
AATGACGTAGGATGTC-1,1
AATGACTGTCAGCCGG-1,1
AATGAGTTCGCATATG-1,4
AATGATGATACGCTAT-1,7
AATGATGCGACTCCTG-1,1
AATGCAACCGGGTACC-1,1
AATGCACCAAGCAATG-1,0
AATGGCCGCCAATGCG-1,0
AATGGTCCACCGTTCA-1,2
AATGGTTCTCACAAGC-1,5
AATGTATGGCACTGTA-1,5
AATGTGCCCGAGGTGT-1,5
AATGTGCTAATCTGAG-1,3
AATGTTAAGACCCTGA-1,2
AATTAAAGGTCGGCGT-1,11
AATTAACGGATTTCCA-1,3
AATTACGAGACCCATC-1,2
AATTACTCGTACGCTC-1,5
AATTAGCGCTGCAGCG-1,12
AATTATACCCAGCAAG-1,3
AATTCATAAGGGATCT-1,0
AATTCATTGTCATGCA-1,2
AATTCCAACTTGGTGA-1,5
AATTCCAAGCATGTAC-1,3
AATTCGATTCGAGGAT-1,7
AATTCTAGAGTTAGGC-1,3
AATTGAACGCTCTGGT-1,0
AATTGCAGCAATCGAC-1,1
AATTGCGTGGATTACA-1,2
AATTGTGGTTGCCAAA-1,6
AATTTGGGACATAGTA-1,1
AATTTGGTTCCAAAGA-1,10
ACAAACCATGCGTCCT-1,9
ACAAACCGACAAGGCG-1,7
ACAAACTCCATCAGAG-1,2
ACAAAGAAGGTAGGCC-1,4
ACAAAGCATGACCTAG-1,3
ACAAATCGCACCGAAT-1,12
ACAAATTCAGATCTGA-1,1
ACAACAGCATGAGCTA-1,0
ACAACGGTCCCTGCGA-1,1
ACAAGCAGTGCCTAGC-1,0
ACAAGCTATATGGAAG-1,4
ACAAGGAAATCCGCCC-1,4
ACAAGGACAAGAGGTT-1,10
ACAAGGATGCTTTAGG-1,3
ACAAGGCCTACCAGCC-1,0
ACAAGGGCAGGCTCTG-1,7
ACAAGTAATTGTAAGG-1,3
ACAATAGTCGTACGTT-1,8
ACAATCCATTTAAACC-1,0
ACAATCGATCTTTATA-1,5
ACAATGAATACGGAGA-1,1
ACAATGATTCTTCTAC-1,0
ACAATTGTGTCTCTTT-1,6
ACAATTTAGGAGGCTC-1,2
ACAATTTGAGCAGTGG-1,11
ACAATTTGGCCATATT-1,4
ACACAAAGACGGGTGG-1,4
ACACACCAGGACCAGT-1,7
ACACACTTTCTACACG-1,0
ACACATGATCAAATCT-1,2
ACACATTGACGCAACA-1,5
ACACATTTCCGTAGAC-1,2
ACACCACATAATTAGC-1,11
ACACCCAGCATGCAGC-1,1
ACACCCGAGAAATCCG-1,1
ACACCGAGCGCTCTTT-1,9
ACACCGGTCTGACCGC-1,5
ACACCTTAAGTAGGGC-1,10
ACACCTTACTACTTGC-1,6
ACACGAGACTCCTTCT-1,1
ACACGGCACTATGCAT-1,2
ACACGGGAACTTAGGG-1,1
ACACGTAGGCCACAAG-1,6
ACACTCCAATGTCACT-1,4
ACACTGATCAAGGTGT-1,10
ACACTGGGACAGTCGT-1,5
ACAGAACTGAGAACAA-1,5
ACAGATTAGGTTAGTG-1,1
ACAGCATAGAGCCAGT-1,8
ACAGCGACATTCTCAT-1,4
ACAGCGCACCCGCAGC-1,0
ACAGGAGGCGCAGCCG-1,9
ACAGGCACGGATCCTT-1,3
ACAGGCTTGCCCGACT-1,6
ACAGGTGGAGGTGAGG-1,5
ACAGGTGTGTTGTTGC-1,5
ACAGTAATACAACTTG-1,1
ACAGTATACCGTGGGA-1,8
ACAGTGCAGCGCATTT-1,1
ACATAAGTCGTGGTGA-1,2
ACATAATAAGGCGGTG-1,1
ACATACAATCAAGCGG-1,3
ACATCAGCTGGGACGC-1,2
ACATCCCGGCCATACG-1,3
ACATCCTGGTAACTGT-1,6
ACATCGATCGTTTACC-1,0
ACATCGCAATATTCGG-1,3
ACATCGGTCAGCCGCG-1,10
ACATCGTATGCAATGG-1,0
ACATCGTTAACCTAGT-1,7
ACATCTCAACGCGTAA-1,7
ACATGCTTACGGCAGC-1,9
ACATGGCGCCAAAGTA-1,4
ACATGGCTCAATTTAG-1,5
ACATTAGTTTATATCC-1,12
ACATTCGCGCGGAATA-1,3
ACATTTGAAACCTAAC-1,7
ACCAAACACCCAGCGA-1,0
ACCAAACTAGAAATCC-1,0
ACCAACCGCACTCCAC-1,7
ACCAACGCTTATTTAT-1,3
ACCAAGAACGCGTGTC-1,8
ACCAAGTCATCGGCAG-1,3
ACCAATATGCAAGTTA-1,7
ACCACAACTCAGAACA-1,8
ACCACAAGTTTCTATC-1,1
ACCACACGGTTGATGG-1,2
ACCACCAATGTAACAA-1,4
ACCACCCTCTCTTCTA-1,0
ACCACGTGCAGCTATA-1,9
ACCACTGTTCAAGAAG-1,5
ACCAGACCATAACAAC-1,2
ACCAGCCCGGTCTTTG-1,7
ACCAGGAGTGTGATCT-1,0
ACCAGTGCCCGGTCAA-1,7
ACCAGTGCGGGAGACG-1,4
ACCATATCCGCAATAA-1,8
ACCATCCGCCAACTAG-1,1
ACCATCGTATATGGTA-1,8
ACCATTAAGGGTGTCA-1,9
ACCCAACGCCCGTGGC-1,1
ACCCACCTACATGCTC-1,0
ACCCATCTTGAGGGTA-1,0
ACCCATTTGTCCCTCT-1,4
ACCCGAGCGAAATTAC-1,11
ACCCGATTGGTTCCGA-1,3
ACCCGGAAACTCCCAG-1,3
ACCCGGAGCACCACAA-1,6
ACCCGGATGACGCATC-1,0
ACCCGGTTACACTTCC-1,10
ACCCGTAGCAGAGAAT-1,2
ACCCGTAGTCTAGTTG-1,6
ACCCGTGTCATCAGTA-1,3
ACCCTATAGGACTGAG-1,9
ACCCTATGCCATATCG-1,8
ACCCTCCCGTCAGGGC-1,3
ACCCTCCCTTGCTATT-1,4
ACCCTGGTAACGCCCT-1,0
ACCCTTCATCTGCGAA-1,8
ACCCTTTAGTTCTCCA-1,0
ACCGAAAGGGCCCTGC-1,1
ACCGAAGAGTCTGGTT-1,9
ACCGACACATCTCCCA-1,3
ACCGACTGAGTCCCAC-1,0
ACCGAGTCTCCTTATT-1,2
ACCGATAGGCATAACC-1,6
ACCGATATTTAATCAT-1,6
ACCGATGGTAGCATCG-1,0
ACCGCAATAACTGCCT-1,4
ACCGCGGTGGAAGTCG-1,4
ACCGCTAGTCATTGGT-1,7
ACCGGGCCTTTGTTGA-1,9
ACCGGTCAGGTACACC-1,2
ACCGGTCTGAGTACGG-1,0
ACCGTCCACTGGGCCC-1,9
ACCGTGACCACGTGGG-1,3
ACCGTTCCCGCTCTGA-1,0
ACCTAAGTACCTTTCA-1,5
ACCTACAGTATGTGGT-1,6
ACCTACTATAAATCTA-1,1
ACCTCAGCGAGGCGCA-1,3
ACCTCCGCCCTCGCTG-1,6
ACCTCCGTTATTCACC-1,0
ACCTCGAACTTATGCT-1,2
ACCTGCGTGTCATGTT-1,5
ACCTTTCCTTTAGAAG-1,2
ACGAAATGGGCGGCAC-1,0
ACGACCCATGAGTTGC-1,6
ACGACTCTAGGGCCGA-1,3
ACGACTGGTCATACTC-1,11
ACGAGAACCCATCACG-1,9
ACGAGATATTTGCTTA-1,0
ACGAGGATACCACTCT-1,9
ACGAGGTTTACAACGT-1,9
ACGAGTACGGATGCCC-1,0
ACGAGTCGCCGGCGTT-1,5
ACGATACCTATCCTGA-1,2
ACGATCATACATAGAG-1,0
ACGATCATCTTGTAAA-1,0
ACGATGCATATGTTAT-1,10
ACGATGGATCCGATGC-1,0
ACGCAAACTAATAGAT-1,3
ACGCAATCACTACAGC-1,0
ACGCATAAATGACATG-1,1
ACGCATACGTTTACTA-1,6
ACGCATTCGTGAGTAC-1,10
ACGCCACTCGAAACAG-1,4
ACGCCAGATGATTTCT-1,10
ACGCCAGTGCGTTTGC-1,3
ACGCCCAGCTGTCGAT-1,1
ACGCCGCTAGACGACC-1,8
ACGCCTGACACGCGCT-1,4
ACGCGAAGTCAGACGA-1,0
ACGCGCTACACAGGGT-1,10
ACGCGGGCCAAGGACA-1,10
ACGCGTTTCTTAAGAG-1,5
ACGCTAGTGATACACT-1,1
ACGCTGTGAGGCGTAG-1,5
ACGCTTAGTGTCTCTC-1,10
ACGGAACACGAGTGCC-1,7
ACGGAATTTAGCAAAT-1,5
ACGGACGCAGCGACAA-1,2
ACGGACTCTCAAAGCG-1,12
ACGGAGCGCAAATTAC-1,0
ACGGATGGTGCGGATA-1,5
ACGGCACTTGCTTGGG-1,3
ACGGCCAACATGGACT-1,4
ACGGCGACGATGGGAA-1,4
ACGGCGGGTTGCCCTG-1,9
ACGGCTGGATGTAGAA-1,2
ACGGGAGTGTCGGCCC-1,0
ACGGGCGTATGCGACA-1,1
ACGGGTCATGTGACTT-1,4
ACGGGTTGTGACCTGT-1,4
ACGGTACAGTTCAATG-1,3
ACGGTCACCGAGAACA-1,2
ACGTACAGATTTCTCT-1,10
ACGTACTTTGGCACGG-1,3
ACGTAGATTGCTGATG-1,0
ACGTAGGAGAGTCGCT-1,7
ACGTATTACTCCGATC-1,8
ACGTCCTAAACGAGAT-1,2
ACGTCGGGCAACTCGG-1,1
ACGTCTCGTTCCGGGA-1,2
ACGTGACAAAGTAAGT-1,2
ACGTGCGCCTCGTGCA-1,0
ACGTGGTCGAATGTGC-1,1
ACGTTAGATTTGCCCG-1,10
ACGTTATTGGTCACTC-1,1
ACGTTCACTATGCCGC-1,2
ACGTTCCGCGCTCCGT-1,0
ACGTTCGCAATCAATT-1,0
ACGTTCGTTCAGGAAA-1,3
ACGTTCTGTACAAGTC-1,7
ACGTTGTCGTTGAAAG-1,1
ACGTTTAGTTGTGATC-1,0
ACGTTTCGGTGCACTT-1,4
ACTAATACGTCAGGCG-1,4
ACTACAAAGAGAGGTG-1,2
ACTACATCCCGACAAG-1,2
ACTACCAGCTCTCTGG-1,10
ACTACCATCCGAGGGC-1,3
ACTACGCGTTAGAATT-1,3
ACTAGTTGCGATCGTC-1,6
ACTATATGCTGTGTTC-1,0
ACTATCCAGGGCATGG-1,4
ACTATCGCCGGCTAAA-1,4
ACTATCTGCCCGCGTA-1,6
ACTATGTCCAGCTGCC-1,1
ACTATTCGTCCGTGGT-1,0
ACTATTTCCGGGCCCA-1,4
ACTCAACGAATGTATT-1,5
ACTCAAGTGCAAGGCT-1,11
ACTCAATAAAGGCACG-1,0
ACTCAGACCTGCTTCT-1,2
ACTCATGGCAGCCTTC-1,5
ACTCCAATATCATCAT-1,10
ACTCCCATTCCTAAAG-1,1
ACTCCCGAATTCGTTT-1,0
ACTCCCGTAGACTAGG-1,12
ACTCCCTAATGCTAAA-1,3
ACTCCCTAGAATAGTA-1,4
ACTCCGGCCGACCACT-1,1
ACTCGATGTATTTCAT-1,8
ACTCGCCGTTCGATAA-1,3
ACTCGCGATCTGACGC-1,5
ACTCGTAACCCGTCCT-1,7
ACTCGTCAGTAATCCC-1,1
ACTCTAAACCTGGGAT-1,9
ACTCTCTGACTTAGGT-1,0
ACTCTCTTATACACGA-1,0
ACTCTGACCTAATAGA-1,3
ACTCTTGTATAGTAAC-1,4
ACTGAAACGCCGTTAG-1,4
ACTGAATGGCGAAAGT-1,4
ACTGATTTAGTGATTC-1,0
ACTGCCCGCCATTCTC-1,3
ACTGCCGTCGTAACTC-1,7
ACTGCGGACACACCGT-1,4
ACTGCTCGGAAGGATG-1,4
ACTGGCGAACCTGCGT-1,1
ACTGGGATGCCAGTGC-1,7
ACTGTACGATACACAT-1,1
ACTGTAGCACTTTGGA-1,8
ACTGTATACGCGAGCA-1,5
ACTGTCCAGGATTATA-1,0
ACTGTCTTCTTTAGAA-1,0
ACTGTGCTAGTAGATC-1,5
ACTGTTTAGTGTAGGC-1,0
ACTTACCGGGCGCGCA-1,7
ACTTACGCATCCACGC-1,3
ACTTAGTACGACAAGA-1,2
ACTTATACTTACCCGG-1,12
ACTTATCTGATCTATA-1,5
ACTTATTAGGATCGGT-1,8
ACTTATTTATGTGCCA-1,9
ACTTCAGGCTGATCCC-1,4
ACTTCCAGTGGAAGCT-1,2
ACTTCCATGCGGGACA-1,11
ACTTCCTGTCGTGCGA-1,0
ACTTCGCCATACGCAC-1,2
ACTTGACTCCCTCTTT-1,4
ACTTGCCATATTGTAC-1,7
ACTTGCTCTATCTACC-1,2
ACTTGGGACCCGGTGG-1,0
ACTTGGGCTTTCGCCA-1,4
ACTTGTAGTCCCTTCA-1,1
ACTTGTGGATGGAACG-1,6
ACTTGTTACCGGATCA-1,1
ACTTTACCCTCATGAA-1,0
ACTTTATACACCACTT-1,4
ACTTTCCTATAGCTTC-1,0
ACTTTGACTGCATCCT-1,5
ACTTTGGTCGTGCTCC-1,4
ACTTTGTCGACGCACT-1,6
AGAAATTATGACTCGC-1,6
AGAACACGGCGATGGT-1,4
AGAACCCAGCGTGACA-1,6
AGAACCCTCAATTGGG-1,2
AGAACGTGGTACATTC-1,1
AGAACTGTACTTTGTA-1,3
AGAAGAGCGCCGTTCC-1,9
AGAAGGTACACTTCAC-1,2
AGAAGGTTGCCGAATT-1,10
AGAAGGTTGTAGGTCG-1,7
AGAAGTGATTCGTGAT-1,0
AGAATAAATCTTCAGG-1,2
AGAATACAGGCTATCC-1,3
AGAATGCGGGTTCGGA-1,0
AGAATTATGGATTCGA-1,7
AGAATTGTTTGACATA-1,5
AGACAGCTCAGAATCC-1,2
AGACAGGCATCTCAGC-1,6
AGACATAGATCCTTCC-1,2
AGACCAAACCACACCT-1,4
AGACCATGGGATACAA-1,0
AGACCCACCGCTGATC-1,9
AGACCCGCCCTCCTCG-1,2
AGACCGCTCCGCGGTT-1,6
AGACCGGGAAACCCTG-1,8
AGACGAAGTGCCGGTC-1,6
AGACGACGATGCCGCT-1,9
AGACGCCCACTTCGCC-1,6
AGACGGGATTGGTATA-1,7
AGACGGGCCGATTTAA-1,2
AGACTAGCCTTCCAGA-1,10
AGACTGTTACCGGGTC-1,3
AGAGAAACACCAGAAA-1,3
AGAGAACCGTCTAGGA-1,1
AGAGAAGGAGTACAAT-1,5
AGAGATCTCTAAAGCG-1,0
AGAGCAGTTATGAGAC-1,5
AGAGCCGCCGAGATTT-1,6
AGAGCGCTTGTAACGG-1,12
AGAGCGGGCTAATCAT-1,0
AGAGCGTACAAGCTCG-1,1
AGAGCTACGAAAGCAT-1,4
AGAGGCTTCGGAAACC-1,6
AGAGGGACAATTGTCC-1,1
AGAGGTATCTCGGTCC-1,5
AGAGTAAACTTCACTA-1,6
AGAGTATAGTGTTACG-1,11
AGAGTGAACAGACACC-1,2
AGAGTTAGAGACCGAT-1,11
AGAGTTGCAGGCCTCC-1,1
AGATAACTTCAGGGCC-1,10
AGATAATCACACCTAT-1,1
AGATACCAATAGAACC-1,4
AGATACCAGCACTTCA-1,0
AGATACCGGTGTTCAC-1,10
AGATACGACTTCATAT-1,5
AGATACTCAAGATCGA-1,4
AGATATAATACGACTA-1,7
AGATCTCAGGTGTGAT-1,7
AGATCTGGAGAGGATA-1,4
AGATGACTCGCCCACG-1,2
AGATGAGGGTTGCGAT-1,7
AGATGATGGAGTCTGG-1,0
AGATGCAAGACGTGCA-1,2
AGATGCATCCTGTGTC-1,9
AGATGCTATAACGAGC-1,5
AGATTATAGGACGTTT-1,8
AGATTCAAGCGGGTCG-1,0
AGATTCACAACCGATA-1,2
AGCAAAGGCCGCTAGT-1,12
AGCAACATATCTTATT-1,8
AGCAACCGAAAGTAAT-1,9
AGCACACGTTTAGACT-1,3
AGCACCAGTACTCACG-1,0
AGCACTACCGGCCTGT-1,10
AGCACTACCTCACCAG-1,4
AGCACTTAAGGACGCC-1,10
AGCAGAAGGAGAAAGA-1,7
AGCAGCCAGATGAATA-1,12
AGCAGTCGAAGCATGC-1,2
AGCATATCAATATGCT-1,6
AGCATCATTTCGAAAG-1,4
AGCATCGTCGATAATT-1,7
AGCATTACGAGGCAAG-1,7
AGCCAAGCTTTGTGTC-1,3
AGCCACAGGTTACCCG-1,3
AGCCATATAGTATGTG-1,7
AGCCCATACATGTAAG-1,8
AGCCCGCAACAAGCAG-1,7
AGCCCGGCATTAGAGG-1,3
AGCCCGGTAGCCTGTA-1,3
AGCCCTAAGCGAAGTT-1,8
AGCCCTCCCTGGTGGC-1,3
AGCCCTGTCGCACCGT-1,4
AGCCCTTGGACATCCC-1,6
AGCCGCAAATTCAAAT-1,2
AGCCGCTTGATTAGCG-1,5
AGCCGTGGCTAAATGT-1,9
AGCCTAATACCCACGT-1,9
AGCCTTAAAGCGGAAG-1,7
AGCCTTGTCACTGATA-1,2
AGCGACAGGAACGGTC-1,9
AGCGACATCCCATTCA-1,12
AGCGACCAACGATATT-1,7
AGCGACTTTGAAGACA-1,7
AGCGAGACGTGAAGGC-1,3
AGCGATGCGCCTAATA-1,3
AGCGCATAATGAATCG-1,3
AGCGCGGGTGCCAATG-1,0
AGCGCTAGAGCGATGT-1,4
AGCGCTTATGGGCAAG-1,2
AGCGGACACTTCGTAG-1,3
AGCGGCGGTTAGCGGT-1,4
AGCGGGAAGGGTCCAT-1,1
AGCGGGTCTGACACTC-1,7
AGCGGTTGAGATGTAC-1,7
AGCGGTTGCCGCTCTG-1,0
AGCGTACGAGAGCTAG-1,5
AGCGTAGCGCTAGACC-1,5
AGCGTCTGAACCCGCA-1,9
AGCGTGGTATTCTACT-1,7
AGCGTTCCGATTTAAA-1,8
AGCTAACAAGCAATGT-1,7
AGCTAAGCTCCGTCCG-1,4
AGCTAAGTACGCAGGC-1,3
AGCTATTTAATCCAAC-1,3
AGCTCCATATATGTTC-1,6
AGCTCCTTCGCACATC-1,9
AGCTCTAGACGTTCCA-1,0
AGCTCTTCCCAGTGCA-1,2
AGCTCTTCGTAACCTT-1,4
AGCTCTTTACTCAGTT-1,10
AGCTGAAGTAAACCAA-1,1
AGCTGCATTTGAGGTG-1,1
AGCTGCTGTGCCGAAT-1,0
AGCTGTAACCTCAATC-1,5
AGCTTATAGAGACCTG-1,1
AGCTTCAATACTTTGA-1,1
AGCTTCTTCTCGAGCA-1,1
AGCTTGATCAGGGTAG-1,2
AGCTTGATCTTAACTT-1,8
AGGAAAGCCTCTGATG-1,11
AGGAACGAACGACTTC-1,6
AGGAAGCTGTCCGCCG-1,3
AGGACATCGCACGTCG-1,5
AGGACATCGGCACACT-1,6
AGGACGACCCATTAGA-1,0
AGGACGCTCGATGTTG-1,0
AGGACTTATAGGAGAA-1,4
AGGAGACATCCACAGT-1,7
AGGAGAGTCTGGCTAC-1,7
AGGAGGCCTTCGCGCG-1,6
AGGATAAAGTCGGGAT-1,3
AGGATATAGGGATTTA-1,6
AGGATATCCGACTGCA-1,3
AGGATCACGCGATCTG-1,1
AGGATTGCTTACGACA-1,8
AGGCAAAGAGGAATCA-1,5
AGGCAATACGGAGGAC-1,5
AGGCACGTGACTGTCC-1,6
AGGCAGATGCGTAAAC-1,0
AGGCAGGGAGCGTACT-1,3
AGGCATTGTCGTAGGG-1,6
AGGCCACATTGGTTAC-1,6
AGGCCACCCGTTATGA-1,0
AGGCCCAGTGACTGGT-1,5
AGGCCCATTGTACAGG-1,10
AGGCCCTAGAACGCCA-1,10
AGGCCTATCATACCAA-1,7
AGGCCTGAGAATCTCG-1,3
AGGCGATAACTGGCGT-1,6
AGGCGGTTTGTCCCGC-1,2
AGGCGTCTATGGACGG-1,1
AGGCTATGGTTAGCTT-1,0
AGGCTTAAGTTGCACA-1,2
AGGCTTCCCGAAGAAG-1,5
AGGCTTGCTAGACACC-1,1
AGGGAAACGAGGTACT-1,1
AGGGACAGCACGGCGG-1,5
AGGGACCGGCTGCGTT-1,12
AGGGACTCTACGCGAC-1,3
AGGGAGACATACTTCG-1,0
AGGGCAGCGGCGTGGT-1,1
AGGGCCCTAATGTTCT-1,6
AGGGCGAGCAGCTGAT-1,0
AGGGCGTGATCGGCTA-1,0
AGGGCTGCAGTTACAG-1,0
AGGGTCAGAGCACTCG-1,3
AGGGTCAGTAACCCTA-1,0
AGGGTCGATGCGAACT-1,0
AGGGTCTGGACGCAGT-1,4
AGGGTGCCGTTCTTTA-1,8
AGGGTGCTCTCGAGGG-1,11
AGGGTGGATAGTGCAT-1,9
AGGGTGTGCTACACGC-1,0
AGGGTTCAGACGGTCC-1,12
AGGGTTCCCTTTGGTT-1,1
AGGGTTTAGTTCGGGA-1,10
AGGTAACCTCCTATTC-1,0
AGGTACGATATTGCCA-1,11
AGGTAGATCGAGATAT-1,3
AGGTAGGTACAAAGCT-1,0
AGGTATAATTGATAGT-1,11
AGGTATGCGGACATTA-1,4
AGGTCAGGTGAGAGTG-1,7
AGGTCGCCACTTCGGT-1,5
AGGTCGCCTCCCAACA-1,6
AGGTCGCGGAGTTACT-1,7
AGGTGCACGTCCACAT-1,7
AGGTGGTGACCTTCGC-1,3
AGGTGTATCGCCATGA-1,10
AGGTGTTGCCGACCAC-1,6
AGGTTACACCATGCCG-1,4
AGGTTCTCCTTTCCGG-1,5
AGGTTGAGGCACGCTT-1,0
AGTAACGTTCATCCTG-1,8
AGTAACTATAGCAGCC-1,7
AGTAAGGGACAGAATC-1,3
AGTAATCTAAGGGTGG-1,1
AGTAATGTCTTGCCGC-1,8
AGTAATTTGCAAGCGT-1,2
AGTACAGAAGCTTATA-1,2
AGTACATCATTTATCA-1,0
AGTACCTTCGAGTGCT-1,1
AGTACGGCCCGTATCG-1,2
AGTACGTGGCCTGTCT-1,8
AGTACTCTTATGCCCA-1,11
AGTAGAAGGCGCCTCA-1,1
AGTAGCGTGAACGAAC-1,1
AGTAGCTAGACGCCGA-1,0
AGTAGGAAGGAAGTTG-1,7
AGTAGGTAACATACAT-1,8
AGTATAATACTAGGCA-1,0
AGTATACACAGCGACA-1,3
AGTATCCATAATAACG-1,5
AGTATGCTGGAGACCA-1,2
AGTATTTGGCACGACC-1,3
AGTCAAATGATGTGAT-1,3
AGTCAACACCACCATC-1,10
AGTCAAGATGACACTT-1,9
AGTCACTAGCTCTCGA-1,6
AGTCACTCCGCCTCAT-1,9
AGTCAGCCACCGCCTG-1,5
AGTCCAGCGGGTACGT-1,5
AGTCCATTGGCTGATG-1,6
AGTCCCGCCTTTAATT-1,2
AGTCCCTCGCAGAAAG-1,1
AGTCGAAACGATTCAG-1,1
AGTCGACGGTCTCAAG-1,8
AGTCGGCCCAAACGAC-1,0
AGTCGGCTCAACTTTA-1,0
AGTCGGTTGCGTGAGA-1,6
AGTCGTATAAAGCAGA-1,1
AGTCGTCGACCACCAA-1,12
AGTCGTGGGCATTACG-1,9
AGTCTAAAGTATACTC-1,11
AGTCTCACAAGACTAC-1,5
AGTCTGGACATCCTTG-1,2
AGTCTTCTCCTCAAAT-1,0
AGTCTTTAAAGTGTCC-1,4
AGTGAACAAACTTCTC-1,4
AGTGAAGATGGTGTCC-1,5
AGTGACCTACTTTACG-1,0
AGTGACTGTGACACAA-1,3
AGTGAGACTTCCAGTA-1,0
AGTGAGGGTTTCTGAC-1,8
AGTGAGTCGAATTAAC-1,3
AGTGATAACCTGCGCG-1,11
AGTGATATGAGTAGTT-1,0
AGTGATTCAAGCAGGA-1,4
AGTGCACGCTTAAGAA-1,6
AGTGCGTAGCTCGTAA-1,0
AGTGCTAAACACAGCA-1,11
AGTGGCCCGCAAATGG-1,1
AGTGGCGGCAATTTGA-1,1
AGTGGCGTCTGAAGGT-1,11
AGTGGCTCCGTCGGCC-1,5
AGTGGGAGTATACACG-1,9
AGTGGTGTTACCCGTG-1,7
AGTGGTTGCGTATAGG-1,9
AGTGTATTGCGCATTG-1,2
AGTGTGCTAAGATCGC-1,9
AGTGTGGTCTATTGTG-1,1
AGTTAAACACTTGCGA-1,10
AGTTAAGCGGTCCCGG-1,1
AGTTAAGTCAACCGCT-1,2
AGTTACCCTTAAGACT-1,5
AGTTACCGCACATGGT-1,2
AGTTACTCTATCGTGG-1,2
AGTTATTGAAAGGTAA-1,5
AGTTCACCGGTTGGAC-1,2
AGTTCCTACAGAATTA-1,10
AGTTCCTATTTATGTT-1,0
AGTTCTGCGTTGTATC-1,9
AGTTGACATCGGCTGG-1,9
AGTTGACGGTCCTTGC-1,1
AGTTGCGGTCCTCAAC-1,2
AGTTGCTGACTGATAT-1,4
AGTTGGCAAGGCTAGA-1,7
AGTTTATGTAAAGACA-1,1
AGTTTCGCAGGTCGGA-1,10
AGTTTGCACCTGCCTC-1,12
AGTTTGGCACGGGTTG-1,6
AGTTTGGCCAGACCTA-1,10
ATAAACCATTGGACGG-1,5
ATAAACGGACCCGTAA-1,8
ATAAACGTTGCACCAC-1,6
ATAAAGGCTCGGTCGT-1,10
ATAAAGGTCAAGTACG-1,8
ATAAATATTAGCAGCT-1,10
ATAACGCCGGAGGGTC-1,0
ATAACGGAGTCCAACG-1,1
ATAACGTTACCTCCAC-1,0
ATAAGCAAACACCGAG-1,1
ATAAGGTGGAGAACAT-1,4
ATAAGTACCCGATTGT-1,1
ATAAGTAGGATTCAGA-1,0
ATAAGTAGGGCGACTC-1,8
ATAAGTTACCGCGACG-1,0
ATAATACCGTTAGCCG-1,4
ATAATAGCTGTTGAAT-1,0
ATAATAGTGTAGGGAC-1,9
ATAATCTTGGAGAACC-1,12
ATAATTAGCTAAGTAG-1,1
ATACAGCGTCCACTGA-1,9
ATACAGGCCCTCCAAT-1,12
ATACCACGGGCAACTT-1,0
ATACCAGCAAATTGCT-1,1
ATACCAGGCTAATAGA-1,0
ATACCAGGTGAGCGAT-1,5
ATACCCTCCCGGCCAA-1,2
ATACCCTGGCTCAAAT-1,5
ATACCGTCATCCATAA-1,11
ATACCTAACCAAGAAA-1,3
ATACGAAGGCTTTCCA-1,4
ATACGACAGATGGGTA-1,0
ATACGAGGTTTGTAAG-1,7
ATACGCCGATCTACCG-1,5
ATACGGAACGTCGTTT-1,5
ATACGGTGAAGATGCA-1,2
ATACGTACTTAGCCAC-1,4
ATACGTCCACTCCTGT-1,6
ATACGTTATGCACGGA-1,3
ATACTACCCGTACCAC-1,6
ATACTAGCATGACCCT-1,1
ATACTCTCGCCACTCT-1,13
ATACTGCCTTACACCG-1,11
ATACTTGTTCTCGAGC-1,2
ATAGACAACGGGACCT-1,7
ATAGACGAAGAGAAAG-1,10
ATAGAGTACTGGGACA-1,1
ATAGAGTTATCAACTT-1,8
ATAGATTTGCAGTCGG-1,1
ATAGCAACTAGGGAAG-1,3
ATAGCCTCAGTACCCA-1,1
ATAGCTGCTCTTGTTA-1,11
ATAGGAATCTAAGCTT-1,0
ATAGGCGGCTATAGAA-1,10
ATAGGCTAGCTTCGCA-1,2
ATAGGGATATCCTTGA-1,10
ATAGGTTGGGCAGATG-1,0
ATAGTCTTTGACGTGC-1,0
ATAGTGAAGCGTTCTC-1,10
ATAGTTCCACCCACTC-1,0
ATATAAAGCGCTCGTG-1,3
ATATAAATGTAGCTGC-1,4
ATATAACACGGGCGCA-1,3
ATATACATGTATGGTA-1,6
ATATACGCTCGTGACG-1,6
ATATAGAGTATTGGTC-1,5
ATATCAACCTACAGAG-1,10
ATATCAATTCCAGCCT-1,2
ATATCGGTAGGGAGAT-1,4
ATATCGTGCCAGACCC-1,0
ATATCGTTCCTCGAAC-1,11
ATATCTCCCTCGTTAA-1,1
ATATCTTAGGGCCTTC-1,0
ATATGGGATAGCAACT-1,7
ATATGTCTAGAGCGTG-1,4
ATATGTCTCCCTAGCC-1,11
ATATGTGCACAAACCA-1,0
ATATTATCCCGTATTT-1,11
ATATTCAGTTAAACCT-1,10
ATATTCCACATAGTGA-1,4
ATATTCCCACAGGTCA-1,8
ATATTGCTGTCAAAGT-1,5
ATATTGGAGAGGCCTT-1,6
ATATTTAACCCTCAAG-1,1
ATCAAACACTGTTCCA-1,6
ATCAAACGAAGGTTTG-1,0
ATCAAAGAGCCGTGGT-1,1
ATCAAGATCCCAGGAC-1,2
ATCAATCTGGGCTGCA-1,8
ATCAATGCCGTGGCTG-1,2
ATCACATTAGAATATC-1,1
ATCACGTGCTAATTAA-1,10
ATCACTTCATCCTCGC-1,1
ATCAGAAGCTGGTTGC-1,2
ATCAGACGGCACGCCG-1,10
ATCAGCCTCATGCTGC-1,12
ATCAGCTCGTCCACTA-1,9
ATCAGGTAGCTGACAG-1,8
ATCAGGTCGCCATTGC-1,2
ATCAGTAGGCAGGGAT-1,0
ATCATAGATCGACGAG-1,2
ATCATAGCCCTATGTA-1,6
ATCATCCAATATTTGT-1,10
ATCATCTGCCCAGTGT-1,1
ATCATGGACTACCGAC-1,4
ATCATTGTACCGCATT-1,5
ATCCAACGCAGTCATA-1,8
ATCCAATGGAGGGTCC-1,8
ATCCAATGGTACCGAA-1,13
ATCCACATCGACAGAA-1,3
ATCCACGCTAAATGTT-1,0
ATCCACTTTCAGACTA-1,0
ATCCAGAGCAACAACC-1,3
ATCCCATCCACAGCGC-1,2
ATCCCATTTCCGTGGG-1,2
ATCCGGACCAGCCTGA-1,6
ATCCTACCTAAGCTCT-1,0
ATCCTGAATCGCTGCG-1,10
ATCCTGCGTGGAATGG-1,0
ATCCTGCTGCAGATAG-1,5
ATCCTTCTGAAAGAAC-1,6
ATCGACCCAATACAGA-1,0
ATCGACTCTTTCCGTT-1,4
ATCGCACGATTGTTCA-1,5
ATCGCACGCCGGGAGA-1,7
ATCGCCAGTCAACATT-1,4
ATCGCCGTGGTTCATG-1,4
ATCGCTGCGTGCAGCA-1,0
ATCGGAGACAGACGGC-1,3
ATCGGCAAGCAGTCCA-1,0
ATCGGTTACCTAGTAA-1,5
ATCGTATTCCGAGAAC-1,5
ATCGTCCAATCGAGTC-1,5
ATCGTGGAAAGTCTGG-1,2
ATCGTTAGCTAGCGGA-1,11
ATCGTTCACTTTCGCC-1,7
ATCTAACGTCCCTATG-1,11
ATCTAATATCCTACGG-1,3
ATCTACCATCTGCTCC-1,1
ATCTAGCTTGTGAGGG-1,7
ATCTATCGATGATCAA-1,5
ATCTCATAAACCTACC-1,1
ATCTCCCACGGAATAT-1,6
ATCTCCCTGCAATCTA-1,1
ATCTCGTGAGCGAAAC-1,6
ATCTGACATGGAAGGA-1,3
ATCTGATAGTGTCTTA-1,4
ATCTGCTGTTATCGCC-1,7
ATCTGGGCTGTTCTTG-1,3
ATCTGGTTAAGACTGT-1,7
ATCTGTAATTGTACCC-1,0
ATCTTAGGGCATTAAT-1,2
ATCTTATCGCACACCC-1,1
ATCTTGACCTGCAACG-1,10
ATCTTGACTTGTCCAA-1,0
ATCTTTCGTATAACCA-1,1
ATGAAGCCAAGGAGCC-1,12
ATGAAGTGGACCCAGC-1,2
ATGACGCCGGCTCTAA-1,12
ATGACGCGTTCTATCC-1,9
ATGACTATCAGCTGTG-1,3
ATGACTATGCGACATT-1,9
ATGAGGAGTGTTAATC-1,0
ATGAGGGCAGCGGCTA-1,4
ATGATCGGGAATAGAC-1,10
ATGATGCAATGGTACA-1,10
ATGCACCTTCCTTAAT-1,7
ATGCACGCGCTGTTCA-1,2
ATGCACTACCGCATTG-1,0
ATGCATGATCCAGGAT-1,0
ATGCATTCCGTGATGG-1,2
ATGCCAATCGCTCTGC-1,11
ATGCCATTTGCGACCA-1,0
ATGCCGGTCTTGCATA-1,1
ATGCCGGTTGATGGGA-1,2
ATGCGACAATTGGTCC-1,0
ATGCGACAGTCCCATT-1,1
ATGCGAGTCCCACCAC-1,6
ATGCTCAGTGTTGCAT-1,1
ATGCTCTGGCGCGGTA-1,12
ATGCTTAGGAGTTGAT-1,6
ATGGAAATTTAAGGAG-1,9
ATGGAACAGAATAAAC-1,0
ATGGAACCTTTGCACA-1,4
ATGGACTGCTTAGTTG-1,9
ATGGAGCAGGCCGTGA-1,0
ATGGATCCGGCGTCCG-1,2
ATGGATTGACCAAACG-1,0
ATGGCAGCATTACGAT-1,5
ATGGCAGCCGAGAAAC-1,9
ATGGCGGAATAGTCGC-1,12
ATGGCTGGAAATGGCC-1,7
ATGGGAACGGAAGCGG-1,8
ATGGGACCTGCTGAAC-1,5
ATGGGCCTCGGCCTCT-1,6
ATGGGTGTATACCTCC-1,3
ATGGTATTGGGAACCG-1,7
ATGGTATTTACTGATT-1,2
ATGGTCGCGTGGTTTC-1,9
ATGGTGCTCAAAGCCA-1,2
ATGGTTACGAAACATG-1,0
ATGTAAGGCTGCTCTT-1,0
ATGTACATGCGGTGAG-1,6
ATGTACGATGACGTCG-1,7
ATGTAGCGCGCGTAGG-1,2
ATGTCATAATAAACGA-1,1
ATGTCATTTCCCATTG-1,7
ATGTCTTGTTTGACTC-1,7
ATGTGAAAGCCTAATG-1,1
ATGTGCATCCGACGCA-1,4
ATGTGGACATCTTGAT-1,4
ATGTGTAGTTTAGTCA-1,1
ATGTTACGAGCAATAC-1,5
ATGTTCCTGCCCACCT-1,3
ATGTTCGTCGACCCAC-1,2
ATGTTGATTAGAGACT-1,12
ATGTTGTAGTCTGTTT-1,3
ATGTTTGTAAGATCAT-1,3
ATTAAACATGCGGACC-1,0
ATTAAAGCGGACGAGC-1,6
ATTAACACCTGAGATA-1,1
ATTAATACTACGCGGG-1,0
ATTAATTCGGTCACTC-1,0
ATTACAACTACCGGCC-1,0
ATTACATGTCAGTCTT-1,6
ATTACCACACTGCCTG-1,6
ATTACGACTCCACAGT-1,5
ATTACGCGCTGGCAGG-1,10
ATTACGGGCTACGGTT-1,2
ATTACTAGCCTCTTGC-1,0
ATTAGATTCCTCAGCA-1,1
ATTAGATTGATAGCGG-1,0
ATTAGGCGATGCTTTC-1,1
ATTATACTTTGCTCGT-1,11
ATTATAGCTACTTTAC-1,0
ATTATCGGAATGTACG-1,1
ATTATCTCGACAGATC-1,0
ATTATGAGACCCAATT-1,2
ATTATGCCATAGGGAG-1,2
ATTATGCTCAGTATTG-1,0
ATTATTATGTCCGTCA-1,3
ATTATTCAGAGTCACT-1,7
ATTCAAAGTACCTGTT-1,11
ATTCAACCATTTAAGG-1,6
ATTCACTGATGTTGGA-1,3
ATTCAGATGAATCCCT-1,0
ATTCAGGACCTATTTC-1,8
ATTCAGGATCGCCTCT-1,1
ATTCAGTAGCAGGGTC-1,0
ATTCATATACTGTCCA-1,0
ATTCATCGTTGAGGCA-1,3
ATTCCCACATAAACAA-1,0
ATTCCCGAAGGTACAG-1,2
ATTCCTAAGACGTGGA-1,0
ATTCCTCCGCCAGTGC-1,8
ATTCCTTCCAGGCGGT-1,5
ATTCGACGCCGGGCCT-1,0
ATTCGCGCCTTGAGAG-1,7
ATTCGTGCTATCTCTT-1,4
ATTCGTGTACCCATTC-1,3
ATTCTCGTCTCTTTAG-1,8
ATTCTGAGTATGAACT-1,8
ATTCTTCGTACTTATG-1,8
ATTGAAGATCTTAGTG-1,10
ATTGACCGGCGATGAC-1,0
ATTGACGTAACTCGGT-1,1
ATTGATAGCAACGAGA-1,9
ATTGATCACCACATTT-1,2
ATTGATGAGTCCTAAC-1,7
ATTGCCTATTAGACCG-1,3
ATTGCCTTTATGTTTG-1,3
ATTGCGATCAGTAACT-1,4
ATTGCTGCTCCTCCAT-1,4
ATTGGATTACAGCGTA-1,6
ATTGGGAATATCTTGG-1,0
ATTGGGAGTTCTGTAA-1,11
ATTGGTAGGATCCGCT-1,13
ATTGGTTGTGCATTAC-1,7
ATTGTACAACTCGGCT-1,11
ATTGTCGCAATACCTT-1,1
ATTGTCTGTTTCATGT-1,2
ATTGTGACTTCGCTGC-1,0
ATTGTTCAACGATCCG-1,6
ATTTAACTCGTATTAC-1,5
ATTTACAGTTTACTGG-1,8
ATTTACTAAGTCCATT-1,10
ATTTATACTGGTAAAG-1,2
ATTTCATTATTTCGCG-1,12
ATTTCCGGGTTCTGCG-1,1
ATTTGCCTAGTTACGA-1,11
ATTTGCGCGAGTAGCT-1,5
ATTTGGAGATTGCGGT-1,5
ATTTGTTCCAGGGCTC-1,0
CAAACCAGGTCTGCAT-1,2
CAAACCATAAGCGTAT-1,4
CAAACCCTCCGGCGGG-1,2
CAAACGAGTATCGCAG-1,11
CAAACGGTCGCACTTT-1,10
CAAACGTGGTCTTGCG-1,8
CAAACTACGATAGAGA-1,8
CAAACTATTGAGCTTC-1,11
CAAACTCGCGACGCCG-1,6
CAAAGATTATTGGGCC-1,2
CAAAGGTCATCTGAAA-1,6
CAAAGGTTAAATTCAG-1,1
CAAAGTCAGGTTAGCT-1,5
CAAATCTCTCACAAGG-1,8
CAAATGCGGAGTGTTC-1,5
CAAATGTCCTTCCGTG-1,7
CAAATTGGATTATGCC-1,0
CAAATTGTCAGCAAGC-1,8
CAACACATCTCCTGCC-1,0
CAACAGAATAACGCTA-1,0
CAACAGTGCCAAACGG-1,2
CAACATGGCCTGATAA-1,11
CAACCAGTGGCCTACC-1,6
CAACCGCACCTAGACA-1,11
CAACCTACCGAGCAGT-1,4
CAACCTGAACCTGCCA-1,7
CAACGACCCGTTTACA-1,0
CAACGAGCTTATTATG-1,3
CAACGCGATGAGCCAA-1,7
CAACGGTTCTTGATAC-1,5
CAACGTGGTGGAGTCT-1,6
CAACTATATCGAATGC-1,0
CAACTCCAACGTTTAG-1,8
CAACTCCTTGATCCCG-1,8
CAACTGAGGGTATGAC-1,1
CAACTGCTCATCCGAT-1,3
CAACTTGTAGTGGGCA-1,2
CAAGAAACCCTAAACT-1,1
CAAGACTCAGAAGCGC-1,11
CAAGAGGGCGGAGTAC-1,5
CAAGATATTATAACGT-1,7
CAAGCAACGTCGGAGT-1,10
CAAGCACCAAATGCCT-1,0
CAAGCGGCACATAATT-1,12
CAAGGCCAGTGGTGCA-1,7
CAAGGGAGTGTATTTG-1,9
CAAGGTCCTATAGGCT-1,8
CAAGTAAGTGATAGAC-1,7
CAAGTCGTTGAAATCT-1,2
CAAGTGAACTTTGGTT-1,1
CAAGTGTGGTTGCAAA-1,10
CAATAAACCTTGGCCC-1,1
CAATACGAGAGTCTGA-1,4
CAATACGCTCTGAGGC-1,7
CAATATGTAGATTTAC-1,0
CAATATTCTTGACCTA-1,3
CAATATTGGACTAGTG-1,5
CAATCCATTATCCGTT-1,0
CAATCCCTATACCAGC-1,11
CAATCCTGCCGTGGAG-1,9
CAATGACCCTTAATTT-1,13
CAATGAGGTTCGACTA-1,12
CAATGCGAGAAGTATC-1,4
CAATGGAATCTACATA-1,7
CAATGGATCTCTACCA-1,1
CAATGGTCGGCCTGGG-1,7
CAATGTGCCAACCCTT-1,4
CAATTAAGGGTGATGA-1,0
CAATTGGGCCGCACTC-1,2
CAATTTCGTATAAGGG-1,8
CAATTTGACCGGGAAG-1,5
CACAAGAAAGATATTA-1,0
CACAAGCTAAGAAAGG-1,2
CACAATGAGCTGCTAT-1,10
CACACACGCTAACGAG-1,6
CACACAGCTTGCGCTC-1,9
CACACAGGGATAGATT-1,1
CACACGCGCTGTCTTA-1,1
CACACGTTTCAATGGG-1,8
CACACTTGTATTGCGA-1,0
CACAGAGACGAGGACG-1,2
CACAGCACCCACGGCA-1,0
CACAGCTAGGGAGTGA-1,7
CACAGGGCCATATAGT-1,12
CACAGGGCCGTTGTCA-1,1
CACAGTCCCGCTTCGC-1,6
CACAGTTCGCTTCCCA-1,6
CACATAAGGCGACCGT-1,9
CACATATTAGCAGGAT-1,7
CACATCGTGCACGCGC-1,3
CACATCTCACCGACGA-1,12
CACATGATTCAGCAAC-1,8
CACATGTTTGGACATG-1,5
CACATTCTTTCGATGG-1,1
CACATTTCTTGTCAGA-1,4
CACCAATCATCCGTCT-1,7
CACCACGCCACACAGA-1,2
CACCAGTCAGCATGCA-1,2
CACCATCGGAGGAGAC-1,10
CACCATGATCGCAAAG-1,0
CACCCAAATCTTATGT-1,11
CACCCACACGTCACCC-1,0
CACCCACGAGGCAATT-1,1
CACCCGGTTTGTGACT-1,9
CACCCTAACAAGATCT-1,7
CACCCTTGGTGAGACC-1,4
CACCCTTTCCTCGCTC-1,9
CACCGATACACCGAGC-1,8
CACCGCCAGAAGGTTT-1,1
CACCGCCGACCAGCGA-1,0
CACCGCGTCCACTCTA-1,0
CACCGGAGATATCTCC-1,0
CACCGGGCATCACAAG-1,1
CACCGGTAGAGACATT-1,2
CACCGTATCCCATCCG-1,9
CACCGTTAGGGATCAC-1,9
CACCGTTGCGCGATAT-1,0
CACCTAATAGAGTCGT-1,5
CACCTAATCAGTTTAC-1,11
CACCTCGATGGTGGAC-1,0
CACCTCTACGAGTGTG-1,0
CACCTTGGCGCCTTTG-1,6
CACGACCACAGACTTT-1,0
CACGACGTAATAGTAA-1,7
CACGACTAAAGTTCTG-1,5
CACGAGCAAACCAGAC-1,1
CACGATTGGTCGTTAA-1,2
CACGCACAGCGCAGCT-1,0
CACGCAGCGAGGCTTT-1,10
CACGCGGAACTGTTGC-1,4
CACGGACGTGGATGGC-1,12
CACGGCGCGCCAAAGG-1,0
CACGGGATTGAGGGTT-1,4
CACGTCAATCAATGGA-1,6
CACGTCGGCAACCTCT-1,0
CACGTCGGGTTCTAGA-1,4
CACGTCTATGATGTGG-1,1
CACGTTCGTGCTCTAG-1,0
CACGTTTCGTACACAC-1,12
CACTAAAGTTGCCTAT-1,10
CACTACGGGAGCTGCC-1,6
CACTACTCAGTTCTGT-1,1
CACTCAAGAGCTATGG-1,10
CACTCAGCTCTTGAGG-1,10
CACTCCTATGTAAGAT-1,5
CACTCCTCTCGGTCGG-1,2
CACTCGAGCTGAACAA-1,9
CACTCGGTTAGGAGGA-1,2
CACTCTCAAGCATCGA-1,3
CACTCTTCTGCTAGCC-1,6
CACTGACGATTGTGGA-1,7
CACTGTCCAAGTGAGA-1,10
CACTTAATCAGACGGA-1,10
CACTTCGCCACAGGCT-1,7
CACTTCGTCTTATCTC-1,9
CAGAACTTAGCCCTCT-1,9
CAGAATAACACACGGA-1,6
CAGAATATTCGTTATC-1,6
CAGACACCGATCGCTG-1,3
CAGACCTGTAAGTGTT-1,0
CAGACGAACCTGATAC-1,3
CAGAGACGGTCACCCA-1,3
CAGAGCATGAGCTTGC-1,0
CAGAGCGATGGATGCT-1,6
CAGAGGCGATGCATGA-1,11
CAGAGTGATTTAACGT-1,0
CAGATAATGGGCGGGT-1,5
CAGATACTAACATAGT-1,0
CAGATATGAAGATGAC-1,13
CAGATCCTGGTTTGAA-1,5
CAGATGTTTGTCCCAA-1,2
CAGCAGCCCGTTCCTT-1,1
CAGCAGTCCAGACTAT-1,9
CAGCAGTCTGTGCTGC-1,3
CAGCCCTCACAGGCAG-1,0
CAGCCGGGCCCTCTAT-1,11
CAGCCTCCTGCAGAGG-1,13
CAGCCTCGATAGCGGT-1,6
CAGCCTCTCCTCAAGA-1,2
CAGCGATTCCCTTCAA-1,3
CAGCGCCAACACGATA-1,2
CAGCTCACTGAGACAT-1,7
CAGCTCGACAAGTTAA-1,7
CAGCTCGTGCTTGTGT-1,0
CAGCTCTGGGCTCACT-1,7
CAGCTGGCGTAACCGT-1,0
CAGGAAGACTTTATAT-1,8
CAGGACAGCTGCCCTT-1,8
CAGGATATATCGTTGT-1,0
CAGGATCCGCCCGACC-1,5
CAGGCAGTCTTACCAG-1,3
CAGGCCAGTACCACCT-1,2
CAGGCCGTTTGGGTGT-1,10
CAGGCGCACGGTGGTC-1,9
CAGGCGCCATGCTAGG-1,4
CAGGGAGATAGGCCAG-1,2
CAGGGCTAACGAAACC-1,5
CAGTAACTATTTATTG-1,11
CAGTAAGGGACGTCTC-1,4
CAGTAATCCCTCCCAG-1,1
CAGTACCAGTTTACGT-1,7
CAGTAGATGATGTCCG-1,4
CAGTAGCCCACGCGGT-1,1
CAGTAGCGAGGTAGTA-1,9
CAGTCCAACGCCTTCT-1,1
CAGTCGAGGATGCAAT-1,1
CAGTCGGCCTAGATAT-1,7
CAGTCTCTCGGCTAAT-1,5
CAGTGGTTGCACATGA-1,1
CAGTGTCCGCAGAATG-1,2
CAGTGTCGGCTGGCCC-1,4
CAGTGTTAATCTCTCA-1,13
CAGTTCAAATTGACAC-1,0
CAGTTCCGCGGGTCGA-1,7
CAGTTCGAGGACCCGA-1,3
CATAACGGACAGTCGT-1,0
CATAAGAAGCTTGGCT-1,11
CATAAGCTCTCCGTCT-1,0
CATAATGAGCGGGCGA-1,2
CATACAAAGCCGAACC-1,2
CATACACAAAGTCAGC-1,4
CATACACGGTTCCCAC-1,3
CATACCCGTACCCAGT-1,7
CATACGAACTAGCTGG-1,3
CATACGGCGTCTGGGC-1,8
CATACGGGTGCATGAT-1,11
CATACTTAGGCAATAC-1,4
CATACTTCTTTCTCCG-1,1
CATAGAGGAGATACTA-1,7
CATAGCCGCCCGGGAT-1,0
CATAGCGTTGCCCACC-1,3
CATAGGGACACTTGTG-1,4
CATAGTACATTGAGAG-1,0
CATAGTAGCATAGTAG-1,0
CATAGTCAAATACATA-1,3
CATAGTCCACAAGAAC-1,10
CATAGTGGGCACGCCT-1,4
CATATACTACTGATAA-1,11
CATATAGGTACAGTCA-1,10
CATATGTCAGGCTACG-1,0
CATATTATTTGCCCTA-1,1
CATCAACACCTACTAA-1,4
CATCATCTACCCGGAC-1,10
CATCATTACCCTGAGG-1,6
CATCCAATATAGTTTG-1,5
CATCCCGAGATTCATA-1,3
CATCCGCAGGCCCGAA-1,4
CATCCTCTCAAAGATC-1,6
CATCGAATGGATCTCT-1,11
CATCGCCCGCGGCCAA-1,0
CATCGGACGGGTTAAT-1,8
CATCGTCCGGTTACTA-1,2
CATCTACCCGAGAACG-1,7
CATCTAGTGAAGGGAA-1,6
CATCTATCCCGTGTCT-1,10
CATCTGCAGGATCATT-1,5
CATCTTACACCACCTC-1,0
CATGAACCGACATTTG-1,0
CATGAACCTCTTATCA-1,2
CATGACTTCGCTGAAT-1,4
CATGAGATGCACTCTC-1,12
CATGAGTCCATCACGG-1,1
CATGATACGGTGAAAC-1,4
CATGATCGCTTTGAGA-1,6
CATGATGCACAATTCT-1,0
CATGATGGAAGTTAGC-1,4
CATGCACATGAGAGGC-1,1
CATGCACGTGTTACTG-1,8
CATGCATGGAGACCCT-1,2
CATGCCAACTCGCAAA-1,0
CATGCGACCAGTTTAA-1,7
CATGCGTTAGACAGAA-1,8
CATGCGTTGAGAGGAG-1,13
CATGCTGGCTCCAATT-1,8
CATGGAAATGGGACCA-1,1
CATGGATTGTCTTCCG-1,6
CATGGCAGGAAGATCG-1,12
CATGGCTCCCTATGTC-1,9
CATGGGTATGCCTTAT-1,5
CATGGGTCGGGTGTGG-1,8
CATGGTAAGTAGCGTT-1,1
CATGGTATTAGTTTGT-1,5
CATGGTCTAGATACCG-1,10
CATGGTTTATTAATCA-1,1
CATGTAAGAGACATTT-1,9
CATGTAGGAGCGCCAA-1,4
CATGTCTCATTTATGG-1,4
CATGTGGGCTCATCAC-1,9
CATTACATAGATTGTG-1,12
CATTACGCAGGAAGGG-1,3
CATTACGTCGGCCCGT-1,1
CATTATAACAGGGTCC-1,1
CATTATCCCATTAACG-1,3
CATTATGCTTGTTGTG-1,2
CATTCACTGACAGCTA-1,1
CATTCAGGTCAGTGCG-1,5
CATTCCCATTCCGTCG-1,0
CATTCCCTAAGTACAA-1,5
CATTCGTCGTAGCGGT-1,6
CATTGATGAACACGCC-1,7
CATTGCAAAGCATAAT-1,7
CATTGCGAAATGGGCG-1,2
CATTGCGGGTCAATTC-1,1
CATTGTGTGCTAGATC-1,9
CATTTATCGTTCAAGA-1,8
CATTTCTAGCAGACTA-1,5
CATTTGAGTGGTACGT-1,4
CCAAACAGAACCCTCG-1,0
CCAAAGCAGTTGGTTG-1,5
CCAAAGTCCCGCTAAC-1,5
CCAAATAACAAGATTC-1,6
CCAAATCAAAGGGCAA-1,1
CCAACCTTATGTAACT-1,3
CCAACGATGCACTGAT-1,10
CCAACGCTTGCCAGGG-1,1
CCAACTTGATAGATCC-1,6
CCAAGAAAGTGGGCGA-1,10
CCAAGACTTCTGCGAA-1,7
CCAAGCGTAACTCGTA-1,0
CCAAGCTTGATCTCCT-1,9
CCAAGGAACAGAGAGG-1,0
CCAAGTTTCTACAGAT-1,9
CCAATAGATTTCATCT-1,4
CCAATAGTGCCGTCGA-1,10
CCAATCGGTAGATCGA-1,0
CCAATTACGGGTCGAG-1,8
CCAATTGAATGTTAAT-1,10
CCACAATGTACGTCTT-1,1
CCACAGCTGAAATCAT-1,9
CCACAGTACCCATCCT-1,6
CCACATACTGCACCCA-1,6
CCACATGGCTCTTTAT-1,4
CCACCAACTTTACTGT-1,9
CCACCCAAGGAAAGTG-1,0
CCACCTGTATGGAATA-1,6
CCACGAATTTAACCTC-1,4
CCACGAGAAGAGAATC-1,11
CCACGGAGCCATAAGA-1,0
CCACGGCAGGTGTAGG-1,3
CCACGGTGCCCGGTAG-1,11
CCACGTAAATTAGACT-1,12
CCACTAAACTGAATCG-1,11
CCACTATCCGGGTCAC-1,0
CCACTCAGATCCGCAA-1,4
CCACTGGTGGCTGGTT-1,8
CCACTGTTTGGATTAA-1,6
CCAGAAACTGATGCGA-1,12
CCAGAAAGCAACTCAT-1,9
CCAGAGACAAAGCCGG-1,5
CCAGATAGTTGAGTGA-1,1
CCAGATGTAAATGGGT-1,12
CCAGCCTGGACCAATA-1,0
CCAGCTACGCCTCATA-1,5
CCAGCTCGAACGCATT-1,1
CCAGCTGATGGTACTT-1,8
CCAGCTTCCGCCCGCA-1,2
CCAGGCGAGATGGTCT-1,2
CCAGGCTGGCGTCTGA-1,6
CCAGGGACGTGGCCTC-1,1
CCAGTAGTCTGATCCA-1,1
CCAGTCAAATCTCTTA-1,2
CCAGTCCATTATTCGA-1,9
CCAGTCTTGTCATAGA-1,3
CCAGTGAGCTCCTTGT-1,6
CCAGTGTACAGACCGA-1,2
CCAGTTCGGTAACTCA-1,1
CCATAAACAACCCGAC-1,12
CCATAACCTGTGCAGT-1,2
CCATACTCGCCTCTCC-1,2
CCATAGAGGCTGCCAG-1,2
CCATAGGTTGGCGTGG-1,0
CCATAGTCAGTAACCC-1,4
CCATATGGAAACTATA-1,6
CCATATTGGATCATGA-1,9
CCATCATAAGAACAGG-1,0
CCATCCATACCAAGTC-1,1
CCATCGCAGTTAAACT-1,3
CCATCTCACCAGTGAA-1,0
CCATCTTGTTCACAAT-1,9
CCATGCCCTAGATTTC-1,6
CCATGCCTGTTTAGTA-1,0
CCATGCTCTGCAGGAA-1,8
CCATGGCAAACGCTCA-1,2
CCATGGCCCTTGTACC-1,0
CCATGTTCATCTATAT-1,3
CCATTAGCGATAATCC-1,10
CCATTGTTTCCTCCAT-1,11
CCATTTCTACCTATTA-1,3
CCCAAACATGCTGCTC-1,0
CCCAACATACGTCGCG-1,10
CCCAACCACACTAACA-1,10
CCCAAGAATGCACGGT-1,0
CCCAAGACAGAGTATG-1,2
CCCAAGTCATTACACT-1,3
CCCAATGAGATTTGCA-1,3
CCCAATTTCACAACTT-1,10
CCCACTCCACGGTATC-1,9
CCCAGATTCCCGTGAC-1,7
CCCAGGAAGAATTCGA-1,2
CCCAGGTCTGAAGGCT-1,6
CCCAGTAAACTTGGGA-1,2
CCCATATAGGTCGATT-1,6
CCCGAAGTTTCGCGAA-1,1
CCCGACCATAGTCCGC-1,10
CCCGAGTTTCTCCGTA-1,6
CCCGATAGCCTCGCCT-1,12
CCCGCAAATAATCATC-1,1
CCCGCAGCGCGAACTA-1,4
CCCGCAGGGCCCAAAG-1,0
CCCGCCATGCTCCCGT-1,0
CCCGCGCAATGCACCC-1,5
CCCGCTAGAGGGTTAA-1,7
CCCGCTTGCCCTCGTC-1,4
CCCGGCACGTGTCAGG-1,3
CCCGGCTAGGTGAGAA-1,11
CCCGGGTCGTTCAGGG-1,3
CCCGGTGGAAGAACCT-1,1
CCCGGTGTATCGGAAT-1,2
CCCGTAAGTCTAGGCC-1,0
CCCGTAGCTGGGAAGA-1,1
CCCGTCAGCGTCTGAC-1,2
CCCGTGACAGTGCCTT-1,4
CCCGTGAGGGCGGTGA-1,2
CCCGTGGGTTAATTGA-1,9
CCCGTTTCGCAGATGT-1,13
CCCTACCCACACCCAG-1,3
CCCTACTTGAACAATG-1,7
CCCTAGCTCTAAGGTC-1,1
CCCTAGGCAACAAGAG-1,9
CCCTAGTGTCAGGTGT-1,5
CCCTATGTAGAGCAGA-1,2
CCCTCAAGCTCTTAGT-1,9
CCCTCAGATCGAGAAC-1,3
CCCTCATCACAGAGTA-1,3
CCCTCATTCTGGAATT-1,0
CCCTCCTCGCTCGTAT-1,6
CCCTCGATAATACACA-1,3
CCCTCGGGAGCCTTGT-1,11
CCCTGAAATGAGTTGA-1,10
CCCTGACTAACAAATT-1,1
CCCTGATGTAACTCGT-1,9
CCCTGCCCAATCCGCT-1,0
CCCTGCGCTACGCATA-1,0
CCCTGGCTGTTCCTTC-1,9
CCCTGGGAGGGATCCT-1,2
CCCTGGTATGGGCGGC-1,1
CCCTGTTGGCAAAGAC-1,9
CCCTTCTCGTACGCGA-1,5
CCCTTTAATGGAGTTC-1,6
CCCTTTGACAGGTCTT-1,3
CCGAAACACGACCTCT-1,2
CCGAAAGTGGTGAGCA-1,5
CCGAACACTGGGCCTC-1,1
CCGAACCTTCCCGGCC-1,8
CCGAAGCATTGACCAA-1,2
CCGAAGGGCGTACCGC-1,11
CCGAAGTATATTGTTC-1,1
CCGACAAACACATGAG-1,4
CCGACAAAGGGAGTGC-1,0
CCGACAATAGGCCGCC-1,6
CCGACGGGCATGAGGT-1,5
CCGACGTAAACACAAC-1,4
CCGACTCGCATAGTCT-1,0
CCGAGAAGTCGCATAA-1,6
CCGAGCTGTGCTTGTC-1,1
CCGAGGGATGTTAGGC-1,0
CCGATATGACGTAAGG-1,6
CCGATCTCAACCTTAT-1,0
CCGATCTTAAGAGGCT-1,1
CCGATTCGAGGGACCC-1,0
CCGATTGGTCAATGAA-1,0
CCGCACAAAGACCAAC-1,7
CCGCACACGAACGTGT-1,4
CCGCACGTGACCTCGG-1,7
CCGCATGTGGTACGAT-1,3
CCGCCACCACAATCCA-1,0
CCGCCGGAACTTCTCG-1,4
CCGCCGGTCAACACAC-1,0
CCGCCGTTGAGGATAA-1,6
CCGCCTGCGAATTGGT-1,2
CCGCCTTGCGATGTCG-1,2
CCGCGATTTGGTAGGT-1,2
CCGCGCAAGATACCCA-1,2
CCGCGGAATGCGTCAC-1,3
CCGCGGGTACGAAGAA-1,0
CCGCGTAGGTAAGGGC-1,0
CCGCTATCAGCACCAG-1,0
CCGCTCCAGGGCGATC-1,2
CCGCTCCGGATAAGCT-1,2
CCGCTCTTCCGAACTA-1,1
CCGCTGGTGCCATTCA-1,0
CCGCTTACCTCACTCT-1,10
CCGCTTCGCGGTTAAC-1,5
CCGCTTGCTGACATGG-1,7
CCGGAAGTGCAATATG-1,4
CCGGAAGTTATCAGTC-1,6
CCGGAATGGTTTCAGT-1,0
CCGGAGCGTACTTTCT-1,3
CCGGAGGTCTTATGGT-1,0
CCGGCACGACCGTTTC-1,0
CCGGCCGCGAGCATAT-1,9
CCGGCGCATATTGGAT-1,0
CCGGCGTGAGACTCTG-1,1
CCGGGACCCGCAGAGA-1,10
CCGGGCGGTCTCGTCA-1,0
CCGGGCTAAGAATTTC-1,2
CCGGGCTGCTCCATAC-1,0
CCGGGTTCGAGGTTAC-1,10
CCGGTAATGGCTAGTC-1,4
CCGGTATCTGGCGACT-1,7
CCGGTGCGAGTGATAG-1,11
CCGGTTTGTAATTGTG-1,3
CCGTAAGTTGGTCCCA-1,8
CCGTACCCAAGCGCCA-1,2
CCGTAGGAAATCCCTG-1,11
CCGTAGGGTTGTTTAC-1,6
CCGTATCTCGTCGTAG-1,9
CCGTATTAGCGCAGTT-1,1
CCGTCAACCTCTGGCG-1,2
CCGTGAGGCATTCATG-1,4
CCGTGCCCATGACGGC-1,0
CCGTGGAACGATCCAA-1,0
CCGTGTTAAATTCCAT-1,3
CCGTTACGTTAGAACA-1,8
CCGTTCCGAATCTCGG-1,8
CCGTTTCCTTTCCGTG-1,7
CCTAAACAGGGTCCGT-1,5
CCTAAAGGCTGACGCT-1,0
CCTAAATTGTATCCTA-1,6
CCTAACCCAAACAAGT-1,9
CCTAACTAAGGCTCTA-1,4
CCTAAGTGTCTAACCG-1,5
CCTACAAGTCCGGAAT-1,7
CCTACAGTTGAGGGAG-1,2
CCTACATTCACAGACG-1,5
CCTACGCGACCTTACA-1,8
CCTACGGCTCAGTCGA-1,5
CCTACTCAACACGATT-1,6
CCTACTGCGGCGGCCA-1,12
CCTACTGCTTACACTT-1,1
CCTAGGCGTAGCGATC-1,7
CCTAGGTAAAGGTAGC-1,4
CCTAGTTAGTCGCATG-1,3
CCTATAATGAGTGCCC-1,4
CCTATACCGTCCTGTC-1,3
CCTATATCGTGTCACG-1,2
CCTATATTTGTCCTGG-1,3
CCTATCTATATCGGAA-1,1
CCTATGAAGTGGTGCC-1,4
CCTATGGCTCCTAGTG-1,1
CCTATGGGTTACCGTC-1,1
CCTATGGTCAAAGCTG-1,7
CCTATGTCCACTCCAC-1,3
CCTATTATTCCGGCCG-1,9
CCTCAACGATCGCTGT-1,2
CCTCACCAATCTTGAC-1,2
CCTCACCTTAGCATCG-1,7
CCTCACGTCAGCTAAT-1,6
CCTCATGCAGCTACGA-1,5
CCTCCCGACAATCCCT-1,10
CCTCCGACAATTCAAG-1,10
CCTCCTAGCTAGAGTC-1,2
CCTCCTGAGCCCACAT-1,2
CCTCCTGTTGTGTCGT-1,12
CCTCGAAGTGGACGGG-1,1
CCTCGACCCACTGCCT-1,5
CCTCGCCAGCAAATTA-1,0
CCTCGCGCGATATAGG-1,0
CCTCGCGCTGTGCGAT-1,11
CCTCGGATGCTACCTG-1,9
CCTCGGTTTCCTTGCC-1,3
CCTCGTTACGCCTGTT-1,0
CCTCTAATCTGCCAAG-1,0
CCTCTACAAGGATTGG-1,3
CCTCTATCGATTAGCA-1,9
CCTCTGGCCTAGACGG-1,0
CCTCTGTACTATTCTA-1,5
CCTGAACGATATATTC-1,8
CCTGAATATTTACATA-1,11
CCTGACAAACTCGCGC-1,4
CCTGACCACCGATGGT-1,0
CCTGACGCAACCTTTA-1,0
CCTGAGAATAAATGCA-1,7
CCTGATTCGCGAAGAA-1,4
CCTGCCCGTTGTCTAG-1,5
CCTGCGATAGAACTGT-1,5
CCTGCGTTCTACGCTT-1,2
CCTGCTATTTGAGAAG-1,4
CCTGGAAACGTTCTGC-1,6
CCTGGCTAGACCCGCC-1,0
CCTGGTCGAATGTGGG-1,3
CCTGTACTCACGCCCA-1,10
CCTGTCACCCGGGCTC-1,0
CCTGTCCCTCACGTTA-1,4
CCTGTCGCCCGTAAAT-1,4
CCTGTCGTGTATGAAG-1,2
CCTGTGAAACCGTAAC-1,5
CCTGTGCATAGGAGAC-1,11
CCTGTGCGGATTGTAA-1,0
CCTGTTCAACCTCGGG-1,2
CCTGTTTGAAGACACG-1,4
CCTTAAGTACGCAATT-1,4
CCTTCAGTTAAAGTGA-1,3
CCTTCCGCAACGCTGC-1,2
CCTTCGTATAGAATCC-1,1
CCTTCTCAGCGTTCCT-1,0
CCTTCTTGATCCAGTG-1,10
CCTTGACCACTTTATT-1,6
CCTTGTGAACGTGGTT-1,13
CCTTTAAGGGAGCACT-1,3
CCTTTCAATGAAGAAA-1,2
CCTTTGAATTATGGCT-1,13
CGAAACATAGATGGCA-1,11
CGAAACGCAATTCATG-1,10
CGAACAGTATGGGCGT-1,6
CGAACATAGTCAGAAA-1,7
CGAACCCGCATGCGTC-1,3
CGAACCTCTTTCCTAG-1,4
CGAACGCCCAGTGCCG-1,7
CGAACGGCCGGACAAC-1,1
CGAAGACGGTGAGTGC-1,13
CGAAGACTGCCCGGGA-1,5
CGAAGATCAGTTTCAT-1,13
CGAAGCCACAGCATGG-1,2
CGAAGCTATAAATTCA-1,0
CGAAGGGTTTCAGATT-1,2
CGAATCTGCTCGACGC-1,5
CGAATGAAGTCATTGC-1,2
CGAATGACGCATAATG-1,3
CGAATGGTAGGTCGTC-1,3
CGAATTACATGGTGTT-1,8
CGAATTCCCGGTTCAA-1,6
CGACAATTTGATCTAA-1,12
CGACACCGCTTAAGGA-1,0
CGACACGCTCCGACAG-1,6
CGACAGTTCGCGTTAT-1,10
CGACATGCGATCTTCT-1,0
CGACCCTTAACGCCGG-1,4
CGACCGTTGGTATTCG-1,3
CGACCTACTAGACAAT-1,4
CGACGCATCCGTACCT-1,9
CGACTCAGGATGTTAT-1,0
CGACTCGGTACACGGT-1,0
CGACTTGCCGGGAAAT-1,7
CGACTTTGTATAGCCT-1,0
CGAGACCCTAGAGTGT-1,0
CGAGACTACTGCTGCT-1,3
CGAGAGATGTGAACCT-1,0
CGAGAGCGCGTAGATA-1,2
CGAGAGCTTTCACTAC-1,12
CGAGAGGGTAGCCGCG-1,6
CGAGATGTTGCCTATA-1,9
CGAGATTTCGCTCGGG-1,4
CGAGCACTTCAAGTTT-1,0
CGAGCCGAGCACTCGA-1,5
CGAGCGTTGATCAGCC-1,7
CGAGCTGGGCTTTAGG-1,10
CGAGGAGCTTCCATAT-1,1
CGAGGATCGGGAACGA-1,0
CGAGGCCAGGCATTGG-1,9
CGAGGCTAAATATGGC-1,1
CGAGGGTATCCAGGTG-1,4
CGAGTACTAAAGAGGA-1,10
CGAGTGAAGGTACCAG-1,9
CGAGTGCTATAGTTCG-1,7
CGAGTTCTGTCCCACC-1,0
CGAGTTTATCGGACTG-1,0
CGATAATACTCAGGTT-1,6
CGATACCTCGCGGACA-1,0
CGATAGCGATACAGTG-1,2
CGATAGTCGTACTGCA-1,3
CGATATTAGCCGCAGG-1,5
CGATCCACCATTGTTG-1,4
CGATCCTCGCAACATA-1,3
CGATCGAGAAGCACCA-1,7
CGATCTGTTGGAGGAC-1,0
CGATGTTGTTATCTAC-1,2
CGATTAAATATCTCCT-1,3
CGATTCGCCTGGCTGC-1,9
CGATTTGTCATTAATG-1,8
CGCAAACACGAGTTAC-1,0
CGCAATCGATCATTAG-1,9
CGCAATTACTTTCGGT-1,0
CGCAATTAGGGTAATA-1,10
CGCAATTCTACAATAA-1,0
CGCACATGTCCACTAC-1,8
CGCACGTCTGTTTATG-1,3
CGCACGTGCGCTATCA-1,10
CGCAGAAACATTTGCG-1,8
CGCAGATCTTCACCCG-1,7
CGCAGGCGATCCAAAC-1,6
CGCATCATGGCTTCAG-1,8
CGCATCCATCAGCCAG-1,0
CGCATGCCGAATGCGT-1,7
CGCATTAGCTAATAGG-1,1
CGCCAAGAAGCCGAGT-1,0
CGCCAATTATTGCGTT-1,11
CGCCACAGGTCGCGAT-1,9
CGCCACCCGCATTAAC-1,5
CGCCAGTAGTACCTTG-1,4
CGCCCAGCACGCCTAG-1,3
CGCCCAGCGTTTCACG-1,4
CGCCCGCTTCCGTACA-1,1
CGCCCTAATTGTTCAA-1,2
CGCCCTTACATCCACC-1,0
CGCCCTTGAAGGCTGA-1,0
CGCCGACTATTCGCTA-1,2
CGCCGCGTTCTGAACG-1,2
CGCCGGTGTCGCAGTA-1,1
CGCCGTCTACCCATCG-1,4
CGCCGTTCAGCATAGT-1,6
CGCCTCCCTCCTCTAT-1,0
CGCCTGGCCTACGTAA-1,10
CGCCTTTAGCATGCTC-1,6
CGCGAAGTGGCATACT-1,3
CGCGACACTGCGCAGC-1,2
CGCGACCGCGACAGAT-1,12
CGCGAGAGGGACTTGT-1,7
CGCGAGTCTGCCGGGT-1,5
CGCGCAAATGTCCAGA-1,9
CGCGCAAGGAACTACA-1,5
CGCGCATGTTTGATTG-1,3
CGCGCCCGACTTAATA-1,1
CGCGGCAGTATTACGG-1,5
CGCGGCTCAACTTGAA-1,6
CGCGGGAATTAGGCAG-1,0
CGCGGGAATTCCTTTC-1,7
CGCGGTAAGTCTAGCT-1,0
CGCGGTACGGTATACA-1,6
CGCGGTCACAAACCAA-1,0
CGCGTACATTCTGGAA-1,1
CGCGTCATATTAAACC-1,1
CGCGTGCTATCAACGA-1,5
CGCGTGGGCCTGTGTT-1,1
CGCGTTCATGAAATAC-1,1
CGCTACCGCCCTATGA-1,9
CGCTAGAGACCGCTGC-1,0
CGCTATACCGCCCACT-1,1
CGCTATCGTGGCTTTA-1,0
CGCTATTCAATGTATG-1,5
CGCTATTCTTAGGCTC-1,8
CGCTCGACATAATGAT-1,0
CGCTGAGGACGTCCAA-1,9
CGCTGGTGACTACCCT-1,6
CGCTGTGACGCCGCAC-1,0
CGCTGTGTGGATGTTG-1,4
CGCTTAGTATTGATAC-1,3
CGCTTATTCCCGGTCG-1,10
CGCTTCCACTGAAATC-1,7
CGCTTCGGTCTAAGAC-1,7
CGCTTGGACGGATAGA-1,6
CGCTTTCATACCGGTG-1,7
CGCTTTCCGCCAAGGT-1,2
CGCTTTCTTGCATTCG-1,1
CGGAAAGAATCAAACG-1,8
CGGAAAGCAAATGTGC-1,7
CGGAAATTTCACATCC-1,8
CGGAACGTAAACATAG-1,5
CGGACCTCTGTAGTTA-1,2
CGGACCTTTACGTCCC-1,2
CGGACGTTACTTGAAG-1,2
CGGAGCAATTTAATCG-1,11
CGGAGCTTATAACACC-1,11
CGGAGTCCTAACCTGG-1,8
CGGAGTTTGAGAGACA-1,8
CGGATAAGCGGACATG-1,2
CGGATCCTCAAGGACT-1,12
CGGATGAATGCTGTGA-1,7
CGGATTCTGCCTTATG-1,3
CGGCAAACATCGTGCG-1,3
CGGCAATAAGATCGCC-1,6
CGGCACCGTTAGCGCC-1,0
CGGCACTCAAGAAAGT-1,5
CGGCAGGGTCGGGTTG-1,1
CGGCCACGCACAAAGT-1,8
CGGCCAGAGCGACCAT-1,1
CGGCCCAACCTGTAGT-1,11
CGGCCCAGGTATATCC-1,4
CGGCGCCATCAATCCC-1,11
CGGCTCTAAAGCTGCA-1,6
CGGCTCTTCGTCGAAC-1,8
CGGCTGAAGGTTACGC-1,1
CGGCTGCAAGATTAAG-1,1
CGGCTTTGTATGATAA-1,0
CGGGAACGCCCTGCAT-1,2
CGGGAAGTACCGTGGC-1,2
CGGGAATATAGTATAC-1,6
CGGGAATTTATGTAAA-1,0
CGGGAGCTTCAGTGTA-1,4
CGGGAGTATACCGCCG-1,5
CGGGATCAATGTAAGA-1,7
CGGGCAGCTAAACCGC-1,0
CGGGCCATAGCCGCAC-1,9
CGGGCCTTCTTTGTAA-1,8
CGGGCGATGGATCACG-1,2
CGGGCTACTTAAATTG-1,11
CGGGTGTACCCATTTA-1,0
CGGGTTCGGCACGTAT-1,1
CGGGTTGTAGCTTTGG-1,2
CGGGTTTGTTAGGGCT-1,6
CGGTAACAAGATACAT-1,9
CGGTACGGCAAACCCA-1,2
CGGTAGAGGTGCAGGT-1,8
CGGTATAGGTATTAGC-1,7
CGGTATGGGCACTCTG-1,2
CGGTCAGTCCATATTT-1,6
CGGTCCATGAGACTCC-1,0
CGGTCCGTCGCAAGCC-1,12
CGGTCTATCAACCCGT-1,7
CGGTGAAGACTAAAGT-1,0
CGGTGCAGATAGAACG-1,10
CGGTGCGCGTTGGTCC-1,3
CGGTGGGCTCCAGCCT-1,7
CGGTGTACTTGATCCC-1,13
CGGTTATCCAACAGTG-1,1
CGGTTCCGGCTTCTTG-1,13
CGGTTGACCTGGCATA-1,8
CGGTTGAGTATCCTTC-1,11
CGGTTGGGCAGGGTCC-1,2
CGGTTGGGTTCAAGTT-1,1
CGGTTTACTGAACATT-1,5
CGGTTTATGAAGGAAC-1,2
CGTAAACGCTTGAGTG-1,9
CGTAAAGCAAGAAATC-1,3
CGTAAATAACAAAGGG-1,2
CGTAACGGAACGATCA-1,0
CGTAACTTCGACACTT-1,3
CGTAATAATTACGAGT-1,4
CGTACCGAAAGTCTAG-1,5
CGTACCTGATAGGCCT-1,0
CGTAGAGAGTAATTAT-1,3
CGTAGCGAATTGTCAG-1,7
CGTAGCGCCGACGTTG-1,1
CGTATCTAGAACTAAG-1,6
CGTATTAAGAGATCTA-1,1
CGTATTGTTTCCTAAT-1,12
CGTATTGTTTGGCGCC-1,2
CGTCAAATGGTCGCAG-1,12
CGTCAAGGCTATAAAT-1,2
CGTCAATCTTTAACAT-1,5
CGTCACGTCCATTGGT-1,4
CGTCAGCTATTTACTC-1,1
CGTCAGTGCGCACAAG-1,8
CGTCAGTTTATCGTCT-1,5
CGTCATACCATATCCA-1,9
CGTCCAGATGGCTCCA-1,5
CGTCCTCATCGCGTGC-1,3
CGTCGCATGTGAGCCA-1,7
CGTCGCGGCGGGATTT-1,5
CGTCGCTTGGTTATAC-1,11
CGTCGGATAGTGTTGA-1,8
CGTCGGGTCTAAGCGC-1,5
CGTCGTCCTTCGCGAA-1,4
CGTCTGGAAGGGCCCG-1,10
CGTCTTGAGTGTGACG-1,6
CGTGAACTGACCCGAT-1,9
CGTGAAGTTAATTCAC-1,8
CGTGACATTGGGTCGT-1,0
CGTGACCAGTCCTCTG-1,3
CGTGCACACCACTGTA-1,1
CGTGCAGACTGGGACA-1,8
CGTGCATTGTCGACGC-1,8
CGTGCCCGACATTTGT-1,1
CGTGCCCTCCCGAAGA-1,8
CGTGCTGGCCTAGTCG-1,5
CGTGCTTCTACCTAAA-1,11
CGTGGAAGCCTCGTAC-1,6
CGTGGCCGAATATCTA-1,9
CGTGGTACCCAAAGGC-1,3
CGTGTATGGGAGCTGA-1,9
CGTGTCCCATTCGCGA-1,8
CGTGTCTCGTTACGAC-1,7
CGTGTGTTAAACCCTG-1,0
CGTTAAACTAGTTAGG-1,6
CGTTAATGTCCCGACG-1,11
CGTTAGCTCACAACTG-1,2
CGTTATCATACTTCCA-1,9
CGTTCAAGGAAACGGA-1,3
CGTTCAGACCCGCGAA-1,7
CGTTCATGGTGCGCGT-1,1
CGTTCTTCGCACACCT-1,8
CGTTGAATACCGCGCT-1,12
CGTTGAGCGACCGTCG-1,1
CGTTGAGTAATTGCGT-1,4
CGTTGCCCGCGTGGGA-1,3
CGTTGTAAACGTCAGG-1,4
CGTTGTAAGATTGATT-1,0
CGTTGTCGGCAATTGA-1,7
CGTTTAAGCGGAGCAC-1,8
CGTTTACAAGGCAGCT-1,7
CGTTTCACTTCGGGCG-1,1
CGTTTCGCTCATTACA-1,8
CGTTTGGTGTTGTGGG-1,6
CGTTTGTGTAGAGGGT-1,5
CTAAACGGGTGTAATC-1,5
CTAAAGGATGAGATAC-1,1
CTAAAGGGAAATAGGA-1,0
CTAAAGTCCGAAGCTA-1,5
CTAAATCCGGTGTACA-1,3
CTAAATCCTATTCCGG-1,0
CTAACAGCACAATAAC-1,2
CTAACCGCGCGCCCGT-1,10
CTAACGAAACTTGCTG-1,1
CTAACTGATAATCGCC-1,9
CTAACTGGTCCGGTTC-1,3
CTAAGGGAATGATTGG-1,8
CTAAGTACAGGGCTAC-1,1
CTAATGCGCCCAACAA-1,5
CTAATTATGAAGCGTA-1,0
CTAATTCGCACGCGCT-1,10
CTAATTCTCAGATATT-1,7
CTAATTTCAACAACAC-1,1
CTACAAGAAATAACCC-1,3
CTACACTAGCTTGTTC-1,5
CTACACTCGCAGATGG-1,9
CTACATATCGCGGGAC-1,2
CTACCCTAAGGTCATA-1,7
CTACGAACTAGGTCGA-1,7
CTACGACTAGCTATAA-1,10
CTACGATCCTATCCTA-1,2
CTACGCACGGAGTACC-1,8
CTACGCCATTTCCGAT-1,10
CTACGTGTTGCCACCA-1,5
CTACTATCATAGGTTT-1,9
CTACTATCTTTCAGAG-1,4
CTACTCAAGGTATAGT-1,8
CTACTCTAGGCCCGGC-1,8
CTACTGCCACCTGACC-1,10
CTAGACATATATGTAG-1,7
CTAGACTGCATTTCGT-1,1
CTAGATAAACTCCTCG-1,5
CTAGATGTGAGTGTAA-1,8
CTAGATTTACGACGGC-1,0
CTAGCAACTAATTTAC-1,5
CTAGCATAGTATAATG-1,0
CTAGCCACAGGCGAGC-1,6
CTAGCCCGGGAGACGA-1,7
CTAGCGCCAATCCTAC-1,1
CTAGCTTAATGGTCCC-1,6
CTAGGCGCCCTATCAG-1,4
CTAGGCGGCAGAGAAT-1,9
CTAGGGATAGGGACAA-1,1
CTAGGTCTGAAGGAAT-1,0
CTAGGTTCGGACGTGA-1,3
CTAGTAGAAAGGGATT-1,11
CTAGTATTCGGAATTA-1,0
CTAGTCACGTCTTAAG-1,7
CTAGTTACAACCCGGT-1,3
CTAGTTGGGCCCGGTA-1,10
CTATAAGAGCCAATCG-1,0
CTATAAGTAGGGTTTG-1,2
CTATACTTAAAGCGAG-1,5
CTATAGGCGTTGATGT-1,3
CTATATCCAGCCTGGC-1,3
CTATCACAACGCTGGA-1,2
CTATCGACGAAATACA-1,6
CTATCGCGTAGAGAAC-1,6
CTATCGGGTCTCAACA-1,0
CTATGAACACCTTGCC-1,3
CTATGCCCGAATGCAA-1,3
CTATGGGAAGCGGAAT-1,6
CTATGTCACTAGCCCA-1,0
CTATGTCTATTGAAAC-1,0
CTATGTGAGTCACGGC-1,1
CTATTCATGTGTCCCA-1,3
CTATTGTGTTTGGTCA-1,4
CTATTTGCTTGGAGGA-1,7
CTATTTGGTTACGGAT-1,8
CTCAAACCACTGCCCG-1,10
CTCAACTAACCCGGAT-1,11
CTCAAGACATTAGCGC-1,0
CTCACACGCAAGCCTA-1,12
CTCACATTTACTAAAT-1,3
CTCACCAGTACAAGTG-1,2
CTCACCGATCCAAACT-1,7
CTCACTGTGATACTTA-1,1
CTCACTTGGCTGGTAA-1,10
CTCAGAGCTAATGTCG-1,2
CTCAGATTGTGATAAG-1,2
CTCAGCAGACTGCCGA-1,0
CTCAGGACTCACCTGT-1,9
CTCAGTCACGACAAAT-1,7
CTCATCACTTAGTGAT-1,7
CTCATGGCTCACAATC-1,10
CTCATGGTAATTTGCG-1,9
CTCATTAACGTTGCCC-1,11
CTCATTCGTGAACATC-1,13
CTCATTGCTCTAACAA-1,12
CTCATTTGATGGGCGG-1,7
CTCCCAATGAGTCGCG-1,6
CTCCCTCCTTTCGATC-1,2
CTCCCTTGTATCAAGG-1,9
CTCCGAGTAAATCCGC-1,0
CTCCGCCCACATGAGG-1,10
CTCCGGCCTAATATGC-1,7
CTCCGGCTTGTAGACA-1,4
CTCCTAAGTTATGTCT-1,5
CTCCTAGTAATCGTGA-1,3
CTCCTCCAGCTCACAC-1,3
CTCCTGTTCAAGGCAG-1,6
CTCCTTTACGCAAGTC-1,0
CTCGAATGGAACGTAT-1,1
CTCGAGACATACGATA-1,4
CTCGAGATCCAAAGCA-1,5
CTCGAGGCAAGTTTCA-1,1
CTCGAGGTCGAACAGT-1,0
CTCGCACCTATATAGT-1,10
CTCGCATTGCATAGCC-1,2
CTCGCCGAATGTAGGG-1,12
CTCGCTAGGTAAGCGA-1,3
CTCGGGATAACACCTA-1,8
CTCGGGCATCGTCGGG-1,2
CTCGGGTTCTCTGGCC-1,0
CTCGGTCCGTAGCCTG-1,0
CTCGGTTGTCGGCCCT-1,9
CTCGTCGAGGGCTCAT-1,2
CTCGTCTGTGCCTTCG-1,7
CTCGTGGCACTGAAAG-1,1
CTCGTTACGGCTACCA-1,2
CTCGTTTCTAATGTTT-1,0
CTCTAACACCGGCAGC-1,4
CTCTAATGCATTGATC-1,1
CTCTACACTGGCGATT-1,0
CTCTACATCCTGCGTG-1,2
CTCTAGCCCTCGGAAA-1,3
CTCTATTTGGCTGCAG-1,4
CTCTCACAATCGATGA-1,0
CTCTCGATGTGCGCCT-1,0
CTCTCGCTGTACTATG-1,4
CTCTCTAACTGCCTAG-1,13
CTCTGCAGGCATTCTT-1,3
CTCTGCGAAGCAAGCA-1,10
CTCTGGACGCCTGGTG-1,0
CTCTGTCCATGCACCA-1,4
CTCTGTGCCTGCTATG-1,5
CTCTGTTTGAGGATTC-1,8
CTCTTCTATTGACTGG-1,6
CTCTTCTGGAAGTTAG-1,3
CTCTTGTCCCGCTTGG-1,3
CTGAAACGGCCCTCAG-1,1
CTGAAAGAGATCCGAC-1,0
CTGAATCCGAGACCTC-1,0
CTGAATTTATTGCCAG-1,0
CTGACATAGAAATAGA-1,6
CTGAGAAAGTTCGGCG-1,6
CTGAGAGTAGAAATAC-1,6
CTGAGCAAGTAACAAG-1,2
CTGAGCGAGACTTATT-1,8
CTGATAGTGTATCTCA-1,1
CTGATCCCTTTATGCA-1,3
CTGCAAATGGGCTCCA-1,2
CTGCAAGCACGTTCCG-1,6
CTGCACAACTACATAT-1,9
CTGCACCTAGTCCACA-1,0
CTGCACCTGGAACCGC-1,0
CTGCACTCCAGTACAG-1,12
CTGCAGAGAATCAGAG-1,12
CTGCAGGTGCTCGGCC-1,11
CTGCCAAGGTTGGAAG-1,8
CTGCCCACGAAGCGTT-1,5
CTGCCTAGCCACCAAG-1,12
CTGCCTCATATGCAAC-1,11
CTGCCTTTAATACCTT-1,8
CTGCCTTTCTAGTAAA-1,3
CTGCGACCTCGCCGAA-1,2
CTGCGATTTCGAGATT-1,1
CTGCGGGTGAAATGTT-1,1
CTGCGGTAGTCACGTG-1,1
CTGCGTTACGATATAA-1,2
CTGCTCTGACGGCAAA-1,2
CTGCTGAGGCCACGAA-1,0
CTGCTGTCTAACGAGC-1,6
CTGCTTGGCGATAGCT-1,3
CTGGAAATGGATGCTT-1,0
CTGGAAGACACGGTGG-1,4
CTGGACGCAGTCCGGC-1,2
CTGGATTTACACTTGA-1,3
CTGGCATCCGAATGAG-1,0
CTGGCGACATAAGTCC-1,1
CTGGCGATTTACATGT-1,3
CTGGCGCACAGGTCTG-1,8
CTGGCGGGAATAAGTA-1,5
CTGGCTCCTGCGGGAT-1,5
CTGGCTGATTCATCCT-1,6
CTGGCTGCTAACGTAA-1,5
CTGGCTGGTTGTCAGT-1,3
CTGGGATAAATAATGG-1,8
CTGGGATACGCTACCC-1,4
CTGGGATCGCCCAGAT-1,1
CTGGGCACTAGTCGGA-1,11
CTGGGCCTGCTATATC-1,10
CTGGGCGGCCAAATGT-1,7
CTGGGCTATCCTTTGG-1,1
CTGGGTAGGCAGTTAA-1,0
CTGGGTTGAGTTAAAG-1,2
CTGGTAAAGACTTACA-1,3
CTGGTAAAGTGTGGGC-1,6
CTGGTAACGAGCTCTT-1,7
CTGGTCATTCCAATCC-1,1
CTGGTCCTAACTTGGC-1,0
CTGGTGAATGGGCCTA-1,2
CTGGTTCAACGCATCA-1,9
CTGGTTCGCGAGCTAC-1,6
CTGGTTTCGAGCAAGA-1,7
CTGTACTTCTTAGCAT-1,9
CTGTAGCCATCTCACT-1,3
CTGTAGTGAGGATCGA-1,5
CTGTATGGTGTAGAAA-1,2
CTGTCACGCCAGGCGC-1,7
CTGTCCTGCGCACTAC-1,3
CTGTCTGTGGCTGGCT-1,11
CTGTGCAGGGTAGGTC-1,0
CTGTGGTCGGGAGATA-1,12
CTGTTACCCAATCTAG-1,8
CTGTTCACTGCCTGTG-1,2
CTGTTCATCTCACGGG-1,4
CTGTTGGCTCTTCTGA-1,4
CTGTTGTTCAGTCGTA-1,3
CTTAAATAAGACCCAT-1,9
CTTAACTTACAGTATA-1,3
CTTAACTTCGAAGTAC-1,10
CTTAAGCAGCGAGCCG-1,2
CTTAATCGACTTAGTA-1,1
CTTACACGGTATTCCA-1,11
CTTACACTGGGAAATA-1,8
CTTACATAGATTTCTT-1,2
CTTACTGACTCCTCTG-1,6
CTTAGATGTTTCATCC-1,7
CTTAGCCCGGATAGTG-1,4
CTTAGCCTTCCACATG-1,1
CTTAGGTATAGACCAG-1,2
CTTAGGTCCCAATCGT-1,12
CTTAGTAGGCCTACAG-1,7
CTTAGTGTAGTAGCAT-1,11
CTTAGTTGAGGAATCG-1,3
CTTATAGATGGCTGTT-1,6
CTTATGCGCTCAGGGC-1,2
CTTATGTTGACTACCA-1,5
CTTCAACTCCACTTGG-1,12
CTTCACGCCCTGGTAC-1,2
CTTCAGTGGTCGCCTA-1,9
CTTCAGTTGGACAACG-1,1
CTTCATAGCTCAAGAA-1,2
CTTCATCACCAGGGCT-1,9
CTTCATTGTCAGTGGA-1,9
CTTCCGCTCCGTGAAG-1,3
CTTCCTGCATATTTAC-1,0
CTTCGATTGCGCAAGC-1,1
CTTCGGCCAATTGTTT-1,13
CTTCGTGCCCGCATCG-1,11
CTTCTATGTTGAAGTA-1,0
CTTCTATTAATGCTAG-1,3
CTTCTGGGCGTACCTA-1,3
CTTCTTACGTCGTATA-1,8
CTTGACCCGAAAGATA-1,8
CTTGAGGTTATCCCGA-1,9
CTTGAGTTAGGGTAAT-1,8
CTTGATGACCATCCAG-1,3
CTTGCAACCGCCTCCT-1,8
CTTGCCCACCCACGCA-1,3
CTTGCCCAGGCTCTAC-1,0
CTTGGCCAAGCTGGGA-1,3
CTTGTACTTGTTGACT-1,1
CTTGTCAACATTCGAG-1,9
CTTGTCGTACGTGTCA-1,5
CTTGTGAGGACAGCGG-1,11
CTTGTGAGTCTTTGAC-1,9
CTTGTGCTCACCGATT-1,4
CTTGTTTATGTAGCCA-1,2
CTTTAACTTTCAAAGG-1,0
CTTTAATATTGGTCGA-1,1
CTTTACCGAATAGTAG-1,1
CTTTAGTGCTATTATT-1,0
CTTTATCCGACGCATG-1,7
CTTTCTGTGCGGGCTT-1,3
CTTTGAAACATATTCC-1,0
CTTTGACGTCGCTTCT-1,4
CTTTGCATCGCTCTTG-1,11
CTTTGCTGTCATGGAT-1,6
CTTTGGCAGACAGAGT-1,7
CTTTGGCGCTTTATAC-1,1
CTTTGGCTTTAGTAAA-1,10
CTTTGGGATTGTTGCA-1,12
CTTTGTCGAATGCTCC-1,2
GAAACAGATGACCACC-1,10
GAAACAGCCATGCAGT-1,10
GAAACATAGGAAACAG-1,2
GAAACCATGGTGCGCT-1,0
GAAACCGAATTACCTT-1,0
GAAACCTATACAAATG-1,3
GAAACTCGTGCGATGC-1,0
GAAACTCTAATGAAGG-1,7
GAAAGAACAGCGTTAT-1,0
GAAAGCAGTGCACTTT-1,3
GAAAGCCCTTTGGACC-1,8
GAAAGTGACTAACTGC-1,0
GAAATACCTGCTGGCT-1,8
GAAATACTAAACGTTT-1,2
GAAATATCACCATCAG-1,8
GAAATATGCTTGAATG-1,13
GAAATCGCGCGCAACT-1,0
GAAATCTGACCAAGTT-1,11
GAAATGGCGGTGTTAG-1,0
GAAATGGGATGTAAAC-1,9
GAAATTAGCACGGATA-1,0
GAAATTCACATCGCTG-1,10
GAAATTGTCTCTATAA-1,0
GAACAACTGGGATGAA-1,1
GAACACACATCAACCA-1,7
GAACAGATTACTAAAT-1,12
GAACCATCTGGGAGAC-1,1
GAACCCTCTGTGTTCT-1,3
GAACCTCGACCTACAC-1,1
GAACCTTTAACGATCC-1,11
GAACGACCGAATGATA-1,0
GAACGATAAGTTAAAG-1,0
GAACGCGGGTCACACG-1,6
GAACGGTGTAAAGCAG-1,0
GAACGTCTCATGGTCG-1,7
GAACGTTAGGAAGACG-1,2
GAACTGTGGAGAGACA-1,12
GAACTTAGCGCCCGGT-1,0
GAACTTGTGCACGGGA-1,12
GAAGAAACGATATTGT-1,1
GAAGAACGGTGCAGGT-1,0
GAAGACTTCAATGCCG-1,0
GAAGCAAGGCAATGTT-1,2
GAAGCCACTGATTATG-1,1
GAAGCCGGGTAAGCTC-1,13
GAAGCCTGCACATTCC-1,12
GAAGCGTGAGGAATTT-1,0
GAAGCTCGGACCCGTC-1,5
GAAGCTCTTTGCTTAG-1,4
GAAGCTTGCTGACCGC-1,12
GAAGGACTAAATTGAA-1,11
GAAGGAGTCGAGTGCG-1,1
GAAGGCTACCATTGTT-1,1
GAAGGGCATAACCATG-1,5
GAAGGGTCATTAAGAC-1,2
GAAGTCAGTTGCACTA-1,8
GAAGTCTCCCTAGCGA-1,8
GAAGTGCTGGATAGCT-1,10
GAAGTTTCCACTCAAT-1,10
GAATAGACGCGACCCA-1,0
GAATAGCATTTAGGGT-1,4
GAATAGCCCTGCGGTC-1,0
GAATAGTGCTCGATTA-1,0
GAATATTCGGAGTCCC-1,8
GAATCGACATGGTCAC-1,10
GAATCGCCGGACACGG-1,1
GAATCTATACTCGGAC-1,8
GAATGAAGGTCTTCAG-1,0
GAATGCCGAAATGACC-1,1
GAATGCGAATCGGTTC-1,1
GAATGGGCTTATCGAC-1,2
GAATGTATGGCAGGTC-1,2
GAATGTGGTCCGGATT-1,8
GAATGTTGGGTAATCT-1,11
GAATTATAGTGAAAGG-1,0
GAATTATGCAACCTAC-1,7
GAATTCACCCGGGTGT-1,12
GAATTTCTCGCTGCAG-1,8
GACAAACATATGCAGG-1,4
GACAACGCAGCTTACG-1,1
GACAAGACGCCCGTGC-1,6
GACAAGAGATGAGATT-1,6
GACACAAGGGAAGAAA-1,0
GACACAGCCGGGACTG-1,3
GACACCCAAAGACGCG-1,4
GACACGAGTTAGAGGA-1,5
GACACTGAGTTCAGTG-1,0
GACACTGGAACCCGAT-1,6
GACACTTCCAATTACC-1,3
GACAGAGGTCTTCAGT-1,2
GACAGATTTCTGGCTC-1,2
GACAGGCACACACTAT-1,8
GACATACTGTCGCAGA-1,2
GACATCCGTCGAACTG-1,1
GACATCGATTTATAAC-1,3
GACATTTCGCCCAGCC-1,2
GACCAAACGTTGACTG-1,6
GACCACACTTCCCTTT-1,2
GACCAGAGCCCTGTAG-1,10
GACCAGGTCATTCATA-1,0
GACCCAATTATGATAC-1,9
GACCCGTCGCCGGCTA-1,8
GACCGACCGCTAATAT-1,5
GACCGACGTGAAAGCA-1,9
GACCGACTGAAGCGTC-1,8
GACCGATTAAATATGT-1,2
GACCGCGTCTGACGTG-1,6
GACCGGTGATACTCTC-1,2
GACCGTCAGGTCGTGA-1,8
GACCGTGCTGACGGTG-1,10
GACCGTTACATGCGAC-1,2
GACCTGGTCTGGGCGT-1,11
GACCTTCCACGTCTAC-1,7
GACGACGATCCGCGTT-1,5
GACGACTTTCCAAGAA-1,5
GACGAGGCTAATAAAC-1,6
GACGATATCACTGGGT-1,1
GACGCATACCCGTCGG-1,5
GACGCCGTAAAGGCTA-1,3
GACGCCTGTTGCAGGG-1,9
GACGCTTGCTTCTAAA-1,10
GACGGACCGCGTTCCT-1,8
GACGGGATGTCTTATG-1,5
GACGGGCATCGAATTT-1,4
GACGGGTTGGCCCGTA-1,3
GACGGTCCTAGGGTGT-1,4
GACGTGAGACTCCATG-1,9
GACGTGTAGGGATTAT-1,4
GACGTTCGTAAATACA-1,1
GACGTTGCTCGGCGGC-1,3
GACTAACACAGCACCT-1,10
GACTAAGATCATGCAC-1,13
GACTAAGTAGGCTCAC-1,0
GACTACAAAGCGGTGG-1,4
GACTACAATTGCTCGT-1,0
GACTAGGCCGTTAGGT-1,4
GACTCACCCACGTGAG-1,12
GACTCCCAGAATAAGG-1,11
GACTCCTTCCAATTGA-1,2
GACTCGCGGGAATGAC-1,2
GACTCGGTCGGCGGAT-1,1
GACTCTAGAGTTCCAA-1,2
GACTGATTGGTCACAA-1,2
GACTGCAAATCGAGCT-1,12
GACTGCACCAGCCCAG-1,0
GACTGCGGCACGTGTA-1,2
GACTGCTGGTGAGAAA-1,3
GACTGGGCGCCGCAAC-1,0
GACTTCAACGCATCAA-1,3
GACTTTCGAGCGGTTC-1,2
GAGAAACTGGATCCCA-1,6
GAGAACGGTTCTGACT-1,4
GAGAATCTCACGATCA-1,5
GAGACCCTGCAACGCC-1,0
GAGACTGATGGGTAGA-1,1
GAGACTTCGCGACCGA-1,12
GAGAGCGCAGTCCCTG-1,13
GAGAGGCCTATGTGTA-1,6
GAGAGGGCGCGAGGTT-1,10
GAGAGGTGCATTCTGG-1,10
GAGAGTCTCGGGAGAG-1,1
GAGATCGATCTTACTC-1,5
GAGATCTGCTTGGCAT-1,4
GAGATCTGTCACTCCG-1,2
GAGATCTTCCATGACA-1,1
GAGATGACAATCCTTA-1,1
GAGATGGCTTTAATCA-1,4
GAGATGGGAGTCGACA-1,3
GAGCACCTGTGTCCAG-1,3
GAGCACGGCGCCTCTT-1,4
GAGCATCAACAACTTG-1,3
GAGCATCATCCCTGGG-1,0
GAGCCACGGTAGTAGG-1,1
GAGCCAGCTACCTGTG-1,6
GAGCCGAGCGTTTATT-1,0
GAGCGAGGGAGTACCG-1,8
GAGCGCAAATACTCCG-1,13
GAGCGCGCACGAGTAG-1,4
GAGCGCTATGTCAGGC-1,9
GAGCGCTGTTAGGTAA-1,2
GAGCGGAATGCGGTGT-1,3
GAGCTAAGGGCATATC-1,11
GAGCTCAACATGAGCG-1,2
GAGCTCTCGGACCTAA-1,2
GAGGAATATCTCTTTG-1,12
GAGGAATGGAGAGGTT-1,12
GAGGAGATCCTCATGC-1,9
GAGGAGTAATTCCTAC-1,5
GAGGATAAACAGTGCT-1,6
GAGGCATTTGCAGCAG-1,0
GAGGCCCGACTCCGCA-1,5
GAGGCCTGTTGATACA-1,12
GAGGCTATCAAAGTCG-1,0
GAGGGAGTCAGATCGC-1,3
GAGGGCATCGCGTATC-1,9
GAGGGCCATAATATTA-1,12
GAGGGCGCAGCTCTGC-1,1
GAGGGTAGTAACAAAG-1,3
GAGGTACATCCATCTT-1,10
GAGGTACGCGTGTCCC-1,7
GAGGTCCCAAAGATCT-1,5
GAGGTCCGTTCGCTGT-1,7
GAGGTCTTAGTGGGTC-1,8
GAGTAAACCGGAAAGT-1,6
GAGTAAATTAAGAACC-1,6
GAGTAAGGCCACGGGA-1,2
GAGTACGGGTATACAA-1,0
GAGTAGATACTAGTTG-1,3
GAGTATACCCTAATCA-1,3
GAGTATCAAAGTTACA-1,6
GAGTATGCCCGCCTTG-1,10
GAGTATGCGCGTGCAT-1,1
GAGTCAGACCAGAATC-1,3
GAGTCCACCAGGTTTA-1,7
GAGTCCGCTTACCGGA-1,0
GAGTCGACAGACCCTC-1,5
GAGTCTTGTAAAGGAC-1,9
GAGTGCACGGACAACA-1,12
GAGTGTCAACCAGAAA-1,11
GAGTTCTGTGGGTGCT-1,2
GAGTTGATGGCAATTT-1,2
GAGTTGTCACCAGTCT-1,2
GATAAATCGGTGGATG-1,5
GATAACTCGCACTGTG-1,0
GATAAGGCAGATGCAA-1,9
GATAAGGGACGATTAG-1,9
GATACCGTGTCGGAGT-1,6
GATACGATGGGAGTCA-1,0
GATAGAACCCGCTAGG-1,5
GATAGATAGTACAGTC-1,7
GATAGCGTACCACGCG-1,4
GATAGGATTAATTACA-1,4
GATAGGTAACGTTGAC-1,4
GATAGGTGTCCCGGGC-1,6
GATAGTGCGAGTAAGT-1,5
GATATCAAGCAGGAGC-1,4
GATATCAGTATGTATC-1,5
GATATCTCATGCAATA-1,8
GATATGCGGTAGCCAA-1,8
GATATGGATTACGCGG-1,2
GATATTGAGATTGGCG-1,1
GATATTTCCTACATGG-1,2
GATCAACATAAAGGGA-1,11
GATCATTCCAAACATT-1,1
GATCCAACCTTTAAAC-1,1
GATCCCTTTATACTGC-1,0
GATCCGAATATAAGTG-1,12
GATCCGGGAATTAACA-1,0
GATCCTAAATCGGGAC-1,2
GATCCTCGACACTGGC-1,5
GATCCTCTTGCGCTTA-1,8
GATCGACACTATCTGA-1,1
GATCGCTACCCGATTT-1,9
GATCGCTATATCTCAG-1,1
GATCGCTGTGGTGCGT-1,13
GATCGGATAGAACCAT-1,11
GATCGGCGATAAGTCG-1,2
GATCGGTGGCCATAAC-1,0
GATCGTGACTGATATC-1,1
GATCTAACCGTATTCA-1,2
GATCTCGACGCTGTGG-1,6
GATCTGCTATCTAAGG-1,3
GATCTTCATTGTCCTC-1,1
GATCTTGGAGGGCATA-1,9
GATGACAAGTAGGGCA-1,7
GATGACGATGATCGCG-1,8
GATGAGGAACCTTCGG-1,1
GATGATTTGAAACTGG-1,9
GATGCCACACTACAGC-1,5
GATGCCAGCAGAAGGC-1,8
GATGCCTTCTGCGGCA-1,2
GATGCGAATGGTATTA-1,9
GATGCGTCCTGCATTC-1,8
GATGCTACAAGCGCCT-1,0
GATGCTACCTTCGATG-1,1
GATGCTGTATTTCATC-1,1
GATGGCGCACACATTA-1,2
GATGGTGAAATAACCC-1,1
GATGGTGCCCTAGGCA-1,0
GATGTAACGAACCACC-1,2
GATGTCCGGATCACAT-1,11
GATGTCGGTCAACTGC-1,7
GATGTGTTGTCACAAG-1,0
GATGTTCAATCCACGA-1,10
GATGTTTGTGCGAGAT-1,2
GATTAACCGAAAGCCC-1,12
GATTAATCCTGGCTCA-1,5
GATTACTGAATTTGGG-1,10
GATTAGAAACAAGCGT-1,2
GATTATCTTGCATTAT-1,7
GATTCCCTTGTCGCAG-1,10
GATTCCGCGTTTCCGT-1,0
GATTCCTATACGGCGC-1,1
GATTCGACGGTTCACG-1,0
GATTCTGTTAATGAGT-1,7
GATTGACACTCTGCTC-1,0
GATTGCTCCAGTTGCA-1,11
GATTGGGAAAGGTTGT-1,2
GATTTGCGCTAACACC-1,7
GCAAACCCTACATTAT-1,4
GCAAACCTTGGCCATA-1,3
GCAAACGTAAGCGACC-1,2
GCAAACGTCGCCAGGT-1,4
GCAAAGGGCGTTAGCC-1,2
GCAAATGAGGACACTT-1,5
GCAACACACTAGAACT-1,0
GCAACAGCAGTATGCG-1,9
GCAACCACCAGACCGG-1,2
GCAACCACGGCCGCGT-1,10
GCAACCCAAGTTGTTT-1,2
GCAACGGCTAGTTATG-1,4
GCAAGAATTCCTTGGC-1,10
GCAAGATGTGTTCGCG-1,1
GCAAGCTGGAAACCGC-1,2
GCAAGTGCACAGAGAA-1,0
GCAAGTGTAAAGCATG-1,3
GCAATTAGTCGCACCG-1,0
GCACAAACCCTAGATG-1,1
GCACAAACGAGGCGTG-1,6
GCACAACCTCGGGCGT-1,5
GCACAAGTGGATCATA-1,8
GCACAAGTGTCGGAAG-1,10
GCACACACTGGTAGCC-1,12
GCACACAGCTATTACC-1,2
GCACACGCCCATGGTC-1,2
GCACAGCACGGGCCGA-1,1
GCACCTAGGCGAGTCC-1,3
GCACCTTCCCGAAGGT-1,6
GCACGCCGATTCCCGC-1,2
GCACGCCTACTTAGAT-1,3
GCACGTGGTTTACTTA-1,3
GCACTAGTCGCGCTAT-1,0
GCACTCCCACAGTCCC-1,5
GCACTGCCTACCTTTA-1,1
GCACTGTGCAAATGTA-1,9
GCAGAAACGTAATCCA-1,1
GCAGAAGGTAATCTCC-1,6
GCAGACCCAGCACGTA-1,0
GCAGATCCATAAGACT-1,6
GCAGATCCTCGCAAAT-1,1
GCAGATTAGGGATATC-1,8
GCAGCACACAGCCCAG-1,10
GCAGCCTATATCACAT-1,4
GCAGCGGTGGGCATTA-1,5
GCAGCTATGGACAGGT-1,12
GCAGCTGTCAACGCAT-1,1
GCAGGAACTTAGATCT-1,2
GCAGGTAGAGTATGGT-1,0
GCAGTGCGGGCGGATG-1,6
GCAGTGTGGCTATAGG-1,11
GCAGTTCGATCCGAGC-1,6
GCATAAATTGAACGCC-1,1
GCATACGAGGTCTTTA-1,8
GCATAGAGCACTCAGG-1,8
GCATCCCTAACTTTGA-1,0
GCATCCTCTCCTATTA-1,5
GCATCGGCCGTGTAGG-1,9
GCATGACACAAAGGAA-1,4
GCATGAGGGACGCGGC-1,1
GCATGCTAATAACGAT-1,3
GCATGGGTACTGACGC-1,2
GCATTCAAGGCAACGC-1,0
GCATTCGAAATGAACA-1,5
GCATTGACTTGCGGAA-1,4
GCATTGTAATTCATAT-1,8
GCATTTCCAAGGCTCC-1,8
GCCAACCATTTCCGGA-1,0
GCCAAGAATACTTCTG-1,2
GCCAATAGGGCATCTC-1,0
GCCACAATTTAAGGAC-1,11
GCCACCCATTCCACTT-1,9
GCCACCTTATTCGCGA-1,1
GCCACTCAGAGCGCGA-1,11
GCCACTCCTTACGGTA-1,6
GCCAGGAAAGAACACT-1,1
GCCAGGAGTAACCGAT-1,0
GCCAGGCGTTCGCATG-1,12
GCCAGGCTTAGTGGTA-1,5
GCCATATTGCACACAG-1,8
GCCATCGAGCTGCGTG-1,3
GCCATCGATGCTGCAT-1,0
GCCATTAGCCTCAAAC-1,4
GCCCACCAAGGCTGTC-1,1
GCCCACTGGTCCACAA-1,0
GCCCAGATGCTGGAGA-1,4
GCCCAGCGACACAAAG-1,2
GCCCAGTTGGTATGCC-1,0
GCCCATGGGTGCAATG-1,7
GCCCGACTTCTTCCCG-1,2
GCCCGAGAGTCTAAAT-1,2
GCCCGATCTGTGGTCG-1,12
GCCCGATGCCCAGTTC-1,2
GCCCGCGCGTAAACGG-1,10
GCCCGCGCGTTTGACA-1,0
GCCCGTTCACACAATT-1,2
GCCCTAAGTGCAGGAT-1,4
GCCCTAGCCGTCGCGA-1,4
GCCCTGAGGATGGGCT-1,7
GCCGAAATTCCTACGT-1,10
GCCGACCCACGACTGC-1,11
GCCGATTGGCCAAGCT-1,0
GCCGCACTCCGTTTCA-1,4
GCCGCATTAGTCCGGC-1,1
GCCGCTAGATACGCAG-1,0
GCCGGAAACACATCTT-1,2
GCCGGGTTAGGGTCGC-1,10
GCCGGTCGTATCTCTC-1,1
GCCGGTTTGGGCGGAT-1,5
GCCGTCGGTTTCGGGC-1,1
GCCGTGGAAGAAATGT-1,9
GCCTACGTTCTGTGCA-1,7
GCCTAGCGATCTGACC-1,11
GCCTATAGTGTCAGGG-1,7
GCCTATCAGGTAAGAT-1,6
GCCTATGCTGGGCCTT-1,0
GCCTATTCCGATATAG-1,1
GCCTATTTGCTACACA-1,5
GCCTCAGGTACCGGTC-1,3
GCCTCATCTGGAAATA-1,0
GCCTCCGACAATTCAC-1,11
GCCTCTATACATAGCA-1,4
GCCTGCTACACTGAGA-1,1
GCCTGTCCCGGTGCAT-1,2
GCCTTCAGCCCTACCG-1,0
GCCTTGTATATGCAGT-1,4
GCCTTTGTCAGTGGAC-1,9
GCGAAACGATCGGGAG-1,6
GCGAAACTTAACTGGA-1,0
GCGAAGAATCTGACGG-1,7
GCGAAGCCATACCCGT-1,0
GCGAATGGACTAGCGA-1,13
GCGACATGTAAACATC-1,0
GCGACCCAACCATCTG-1,5
GCGACGATAGTTGTAC-1,0
GCGACGGTAGTCTCCT-1,2
GCGAGAAACGGGAGTT-1,4
GCGAGAGGCCATGTAA-1,8
GCGAGAGTTGCGTCCA-1,0
GCGAGCGCATGCTCCC-1,12
GCGAGGGACTGCTAGA-1,5
GCGAGTTCTGCAAAGA-1,0
GCGATGTCTGTGCTTG-1,4
GCGATTCTGGAAGCAG-1,0
GCGATTGTTAACGTTA-1,0
GCGCAAATATATTCAA-1,1
GCGCAAGAGCGCGCTG-1,8
GCGCATCCAGTCAGCA-1,13
GCGCCTCCCACTCCGA-1,9
GCGCGATGGGTCAAGT-1,9
GCGCGGTCTAGTAACT-1,7
GCGCGTCATTGGTACA-1,4
GCGCGTTTAAATCGTA-1,5
GCGCTAAGTATGCATG-1,1
GCGCTAATTGAATAGA-1,0
GCGCTATGCCGAGGCA-1,0
GCGCTCGATCACCTGT-1,6
GCGCTGATCCAGACTC-1,2
GCGCTGCTTTGCATTT-1,2
GCGCTGGCGGAAAGTC-1,11
GCGCTTAAATAATTGG-1,4
GCGGACCGCGTTGTGG-1,7
GCGGAGAAACTTCGCA-1,1
GCGGAGAGGGAGAACG-1,1
GCGGCAAAGTATTGCC-1,3
GCGGCTCTGACGTACC-1,10
GCGGCTTTAGCAAGTT-1,2
GCGGGAACCAGGCCCT-1,8
GCGGGCAGACGGGTGA-1,2
GCGGGCATTACGATGC-1,11
GCGGGCGAGCCTTACC-1,3
GCGGTAACCCAAATGA-1,5
GCGGTCCCGGTGAAGG-1,0
GCGGTCCCTAGACGCA-1,0
GCGGTCTTGCTTTCAC-1,7
GCGGTGAACTGCGCTC-1,0
GCGGTGCGGAGCATCG-1,4
GCGGTTCCCTATCATG-1,0
GCGTAAATGGCCATAA-1,7
GCGTCCAGCTCGTGGC-1,9
GCGTCCCTAAGACATA-1,3
GCGTCGAAATGTCGGT-1,10
GCGTCGCCAGGGTGAT-1,3
GCGTCGTAACATGGTC-1,4
GCGTCTCTGCATTGGG-1,10
GCGTGGTACTGGGTTA-1,11
GCGTGTATGTCGTATT-1,0
GCGTTATATTTGGAAC-1,2
GCGTTCGGAGACCGGG-1,11
GCGTTCTGACTAAGCG-1,6
GCTAAACCTGAGGTGA-1,7
GCTAACTGAAGTCTGA-1,11
GCTAAGTAAAGGCGAT-1,5
GCTAAGTAGTTTCTCT-1,0
GCTAATACCGAATGCC-1,0
GCTACAATCGAGGATA-1,4
GCTACACTGTCCGAAC-1,11
GCTACAGTACGGACCG-1,1
GCTACGACTTATTGGG-1,0
GCTACTATAGTAGAGT-1,4
GCTACTCGGACGCAGA-1,9
GCTAGACCGTCTACTG-1,4
GCTAGAGTAGAGATGT-1,12
GCTAGCAACGCACCTA-1,3
GCTAGCACCTGGGCCA-1,4
GCTAGCAGGGAGTGGG-1,7
GCTAGCGATAGGTCTT-1,11
GCTAGCTTGAATAGCT-1,7
GCTAGGCACCACGGAG-1,6
GCTAGTTTCATTGAGG-1,1
GCTATACGTCTCGGAC-1,9
GCTATCATACTCATGG-1,9
GCTATCGCGGCGCAAC-1,2
GCTATGCCAGCTTATG-1,4
GCTCAACCTCTTAGAG-1,11
GCTCAATCCGTTTATT-1,5
GCTCAATGTAATACCG-1,3
GCTCATTACTGCATGT-1,1
GCTCATTGATCATATC-1,2
GCTCCATGAGTGCAGA-1,6
GCTCCATGCAAAGCAA-1,1
GCTCCCAGTCGGTCCA-1,4
GCTCCGCTCGCTTCAG-1,4
GCTCCGGACGTTGATA-1,12
GCTCCTGACATACTGG-1,1
GCTCGACCGAACTGAA-1,0
GCTCGCGGTTCCGCTC-1,2
GCTCGCTCATGTCCAA-1,8
GCTCTAAACCCTGACG-1,8
GCTCTATGTTACGTGC-1,10
GCTCTCGGGTACCGAA-1,1
GCTCTTTCCGCTAGTG-1,3
GCTGAACTCTCCAGGG-1,9
GCTGAAGGGTTCTTGG-1,1
GCTGAATCTTCCAATC-1,2
GCTGAGCAACGGTTCT-1,1
GCTGCACGGTTTCTTA-1,0
GCTGCGAAGAATTATT-1,2
GCTGCGCCTCCCACGT-1,9
GCTGCTAAGTAGTCGA-1,3
GCTGCTACTGCGTAGC-1,4
GCTGCTCTCCGGACAC-1,0
GCTGGACCCAAAGTGG-1,0
GCTGGCAGGTGCCGTG-1,13
GCTGGCGGCGCATGCT-1,3
GCTGGGAGCGCGTCAA-1,1
GCTGGGTCCGCTGTTA-1,11
GCTGGTGACTCGTAGT-1,0
GCTGGTTTAGGCCATA-1,2
GCTGTATTACTGGCCC-1,10
GCTGTCTGTGATCGAC-1,8
GCTGTTGCTACCGAAC-1,0
GCTTACGTAGTTAGTA-1,4
GCTTATGAAGCAGGAA-1,0
GCTTCAGTGGGATTAC-1,0
GCTTCCAGCTTAGATT-1,5
GCTTCCATGTAACCGC-1,3
GCTTCCCGTAAGCTCC-1,9
GCTTCCGTCCCTAGAC-1,13
GCTTCGACGTTCAATC-1,2
GCTTGATGATAATCAG-1,11
GCTTGCAGCACAATTG-1,0
GCTTGGATCGATTAGG-1,1
GCTTTATTAAGTTACC-1,2
GCTTTCAGAGGAGGTG-1,1
GCTTTCTATCTCAACT-1,1
GGAAACAGAGCTTGGG-1,3
GGAAACTAAATGGGCC-1,4
GGAAAGGGAATTGAGC-1,7
GGAAAGTCTTGATTGT-1,4
GGAAAGTGCCCATGCC-1,8
GGAACCCGAACAAGAA-1,9
GGAACCGTGTAAATTG-1,8
GGAACCTTGACTCTGC-1,2
GGAACGGCCTGCAGCC-1,2
GGAACTCGTGAATACG-1,7
GGAACTTTGGCGATTA-1,6
GGAAGATAAGACTGTA-1,1
GGAAGCTCGCTTACAG-1,0
GGAAGGACACCGTATA-1,2
GGAATAACCTCAAGAA-1,1
GGAATGCGCTAGCGTG-1,1
GGACAACCATGAAGCC-1,3
GGACAAGCCATGATCG-1,5
GGACAAGTTGCAGTGA-1,5
GGACACAAGTTTACAC-1,6
GGACACCTCGGTGTTG-1,1
GGACCAACAGGATAAC-1,3
GGACCTACGGTAACGT-1,0
GGACCTCTAGGCCGCC-1,1
GGACGGCTTGCGCAAC-1,7
GGACGGGCGACCAACC-1,6
GGACTAAGTCAGGAGT-1,13
GGACTCACAAATTAGG-1,6
GGACTCGAAGCTTTCA-1,6
GGACTCGACAGCGCAT-1,1
GGACTCGTGAGTGGTC-1,12
GGACTCTTCCGGTTGA-1,6
GGACTCTTTGACTAAG-1,7
GGAGAAGTCATTGGCA-1,0
GGAGACATTCACGGGC-1,9
GGAGACCAATGTGCTT-1,0
GGAGACCATCTACATA-1,9
GGAGACGACACCTTTG-1,0
GGAGCAACATTTCAAG-1,6
GGAGCGAGGCCTACTT-1,7
GGAGGAGTGTGTTTAT-1,5
GGAGGATTGAAAGGAG-1,1
GGAGGCCGAAGTCGTC-1,4
GGAGGCGAAGAACCGC-1,0
GGAGGGCTTGGTTGGC-1,0
GGAGGGTCAAGTAAGA-1,6
GGAGTACACATGAGCT-1,4
GGAGTGCCGCCCTGGA-1,0
GGAGTTGATTCTGTGT-1,3
GGATACTCATGAATTG-1,2
GGATCAAAGGACGAGG-1,2
GGATCAGAGCCATCAG-1,2
GGATCCCTACCAGCTA-1,5
GGATCCGGAATATACT-1,0
GGATCTACCGTTCGTC-1,3
GGATCTTACTGCCCTT-1,3
GGATCTTGACTCAACC-1,4
GGATGAAGATCGCTGA-1,3
GGATGACGCGAGTTTA-1,10
GGATGCTGGCGTTCCT-1,8
GGATGGCTTGAAGTAT-1,3
GGATGTCCTTACCGCA-1,0
GGATTAAGCTAAGGTC-1,8
GGATTAATCATGGACC-1,2
GGATTCAGTACGGTGG-1,9
GGATTCCGCTATACCC-1,7
GGATTGAAGTAGCCTC-1,3
GGATTGCTGTGACTCC-1,12
GGATTTCACTTCTATA-1,1
GGCAAAGGCGCCAATA-1,5
GGCAAATTACTTTACT-1,10
GGCAAGCCAGGGATAG-1,0
GGCAAGCCCATAGTGG-1,7
GGCAAGGCGAAATAGC-1,0
GGCAATAGTCAATGAG-1,1
GGCACTCAGCCGACCC-1,6
GGCACTCCACTGGGCA-1,7
GGCACTGCGGTGGTTT-1,3
GGCAGAGAGATCGGGA-1,5
GGCAGCAAACCTATGC-1,6
GGCAGCGGTAATCCTA-1,7
GGCATACAGGTAGCGG-1,10
GGCATATCGGTTCTGC-1,1
GGCATCAACGAGCACG-1,2
GGCATTGAACATCTCA-1,7
GGCCAATTGTATAGAC-1,3
GGCCACAAGCGATGGC-1,9
GGCCACACGAAAGCCT-1,13
GGCCCAATCTAGAGGG-1,0
GGCCCAGCTGGTTTGC-1,2
GGCCCAGTTATCAGCA-1,0
GGCCCGGAGCATGTCT-1,12
GGCCCGTATACCATGC-1,1
GGCCCTCACCCACTTA-1,10
GGCCGAGACTCTGGTG-1,1
GGCCGCAGGAACCGCA-1,12
GGCCGGCGTCTGCTAT-1,2
GGCCGTTTGGGTTTCA-1,1
GGCCTGCTCTGATGTT-1,2
GGCCTGCTTCTCCCGA-1,6
GGCCTTTGCAACTGGC-1,2
GGCGAGCATCGAGGAC-1,11
GGCGAGCGAAACGGCA-1,4
GGCGCACAGTTTACCT-1,3
GGCGCAGGACATCTTC-1,7
GGCGCATGAATTGATG-1,10
GGCGCGGAGATCTTTC-1,12
GGCGCGTTCGAGTTTA-1,0
GGCGCTCCTCATCAAT-1,1
GGCGCTTCATTCCCTG-1,1
GGCGGAGTAATATTAG-1,10
GGCGGGCTCTAAGAGT-1,6
GGCGGTAGGATCATTG-1,1
GGCGGTTTGCCGGTGC-1,4
GGCGTACCCTATATAA-1,5
GGCGTAGGGAAAGCTG-1,3
GGCTAAAGGGCGGGTC-1,8
GGCTAATGATTGAAAT-1,0
GGCTACTATACACTCC-1,3
GGCTATTAAGTTGTAT-1,8
GGCTCCTCCACCTGTT-1,3
GGCTCGCGTTGAGGTA-1,1
GGCTCGTGCCACCAGC-1,1
GGCTCTGCTCCAACGC-1,1
GGCTGAAATAGCAAAG-1,4
GGCTGAGCATCGTAAG-1,7
GGCTGGCAATCCCACG-1,9
GGCTGGCAGCTTTATG-1,5
GGCTGGCTAGCTTAAA-1,5
GGCTGTCCTACTGCGG-1,2
GGCTTCTCGTGGGTGG-1,2
GGCTTGGCTCTCACCT-1,9
GGCTTTCAATAAGGGT-1,3
GGGAAAGAATGCCAAC-1,7
GGGAACCACCTGTTTC-1,5
GGGAACGGGAGGTTAG-1,10
GGGAACGGTTTCAGAT-1,3
GGGAAGACGGTCTGTC-1,1
GGGAAGGGCTTTCTCA-1,3
GGGAATGAGCCCTCAC-1,8
GGGAATTCTGTCCAGT-1,13
GGGACAGAGTTACTCC-1,9
GGGACCCGTATATCTT-1,3
GGGACTGCATAGATAG-1,7
GGGAGAACTCACAGTA-1,0
GGGAGCGACCGTAGTG-1,1
GGGAGTAATGGCTGGC-1,1
GGGAGTTAATGAGGCG-1,8
GGGATACGGTAATAAT-1,4
GGGATATTGATCGCCA-1,4
GGGATCCCAATACAAA-1,12
GGGATGGACCCGCGTC-1,5
GGGATGGTCGTAACCG-1,8
GGGATTATCTCACAAC-1,9
GGGCAACCGCACGTGC-1,5
GGGCACGAATTGGCCG-1,5
GGGCACGTAGTACTGT-1,3
GGGCACTATTGACCAT-1,2
GGGCAGACGTCACTGC-1,4
GGGCAGAGCAATCGTT-1,11
GGGCAGGATTTCTGTG-1,13
GGGCAGTCAACGCCAA-1,2
GGGCATGCATGTCGAG-1,2
GGGCCATTCGTGCTGG-1,2
GGGCCCGTCTTAAACA-1,0
GGGCCCTACGAAAGGG-1,0
GGGCCCTTATCTATAC-1,5
GGGCCGGCCGAAGTAC-1,8
GGGCCTAAATGGGCTA-1,1
GGGCCTATACAACCGG-1,1
GGGCGAATTTCTCCAC-1,4
GGGCGATATGTGTGAA-1,0
GGGCGATCCATAGGCC-1,7
GGGCGCAGCGTTACTC-1,12
GGGCGGCAAATGAATT-1,10
GGGCGGGTTCCCTACG-1,0
GGGCGGTCCTATTGTC-1,9
GGGCGTACATTTATAT-1,4
GGGCGTCACCACGTAA-1,3
GGGCGTCCACTGGCTC-1,7
GGGCGTGGTTTCCCAG-1,12
GGGCGTTTACATTCAT-1,3
GGGCTACTATTTCGTG-1,2
GGGCTATGATCGATGG-1,3
GGGCTCATCGAACCCA-1,8
GGGCTGCCTAGGGCGA-1,10
GGGCTGGTTAGTCGCG-1,0
GGGTAATGCTGTGTTT-1,5
GGGTACACTCTGGAGG-1,11
GGGTACCCACGGTCCT-1,9
GGGTATGTATGCACTT-1,8
GGGTATTCTAGCAAAC-1,9
GGGTCACCGTGACGGT-1,10
GGGTCACGTGCTTATG-1,8
GGGTCACTGAGTAGTG-1,1
GGGTCAGGAGCTAGAT-1,3
GGGTCATGCGTACCAT-1,1
GGGTCCTTGGAAGAAG-1,2
GGGTCGTGGCAAGTGT-1,0
GGGTCTATCGCTTTCC-1,6
GGGTGACACCTTAACT-1,0
GGGTGCATATGAAAGC-1,12
GGGTGGTCCAGCCTGT-1,8
GGGTGTTTCAGCTATG-1,1
GGGTTAACATTTGAGT-1,3
GGGTTCAGACGAACAA-1,5
GGGTTTAGGATAGGAT-1,4
GGGTTTCCGGCTTCCA-1,11
GGTAAACTCTGCGCTG-1,6
GGTAAATGTGCGTTAC-1,0
GGTAACCGGCAAAGGT-1,5
GGTAACCGGGAGGATA-1,2
GGTAACTATGTATCTG-1,4
GGTACAAACATGCTAT-1,10
GGTACACCAGATTTAT-1,0
GGTACATCTGGGACGA-1,8
GGTACCATTAAGACGG-1,0
GGTACGTTGCGGCCGG-1,12
GGTACTAAGTGCTTTG-1,6
GGTAGAAGACCGCCTG-1,12
GGTAGACCGTTGGGCG-1,3
GGTAGGCCAATATCAC-1,2
GGTAGTGCTCGCACCA-1,0
GGTATAGTGACACATA-1,12
GGTATCAAGCATAGAA-1,9
GGTATGAAAGAACTGA-1,13
GGTATTGCCGAGTTTA-1,0
GGTCAAGACTACTTCG-1,6
GGTCACGTTAGATTCA-1,5
GGTCAGTGGGTCCCAC-1,11
GGTCCACGTCTATTTG-1,3
GGTCCCATAACATAGA-1,0
GGTCCTTCATACGACT-1,9
GGTCGGCCAGGAGCTT-1,1
GGTCGGTAATTAGACA-1,2
GGTCGGTCGTCCACAG-1,3
GGTCGTAAGCTCGCAC-1,9
GGTCTCCAAGTAGTGC-1,9
GGTCTCCGTCCAGGTT-1,1
GGTCTCTGAATGGACT-1,5
GGTCTGAGAATCTGGA-1,0
GGTCTTGAGCGCTCTT-1,7
GGTCTTGGTGTTAACT-1,11
GGTGAAACCGGGAATG-1,5
GGTGAACGGGCTAGCC-1,13
GGTGAAGTACAGGGAT-1,10
GGTGACTGATAGAGAG-1,6
GGTGAGATGCAGATAA-1,1
GGTGATAAGGAGCAGT-1,0
GGTGATGAAGGAAGTG-1,2
GGTGATTTCATCTTGT-1,5
GGTGCAGAGCCTATCG-1,7
GGTGCATAAATGATTA-1,3
GGTGCGGATAAGTGGC-1,0
GGTGCTGATCACAAAG-1,2
GGTGCTGGTACACATT-1,8
GGTGGACCACGTGTTA-1,2
GGTGGACTGCTCTGGC-1,4
GGTGGAGGTTGATACG-1,4
GGTGGGATTAGGTCCC-1,1
GGTGTAAATCGATTGT-1,13
GGTGTAGGTAAGTAAA-1,3
GGTGTTCTGTTTCTAC-1,0
GGTGTTGGGCGTCTTA-1,6
GGTTACCACCCTCGGG-1,0
GGTTACCCGACACTTT-1,8
GGTTACCGCTCCCTAC-1,7
GGTTAGCTATATGTCT-1,6
GGTTAGGCTTGGAGAA-1,10
GGTTAGGGATGCTAAT-1,7
GGTTAGTTACGGCGCC-1,0
GGTTCCACCCGCTTCT-1,8
GGTTCCCTAGTGTCTC-1,1
GGTTCCGTACGACTAA-1,2
GGTTCGATGCTGAGTT-1,0
GGTTCGCATTTGCCGT-1,4
GGTTCGGATTATACTA-1,2
GGTTCTACTCGTCTGA-1,4
GGTTGTATCGTGAAAT-1,9
GGTTGTGCTCTTGTCC-1,2
GGTTGTGTAGCCTGGC-1,2
GGTTTAATTACCATCG-1,12
GGTTTAATTGAGCAGG-1,1
GGTTTACAATCTCAAT-1,10
GGTTTAGCCTTTCTTG-1,9
GGTTTCAATCGGTCAG-1,0
GGTTTGACAAGAAGCT-1,0
GGTTTGAGTGCTGGAA-1,0
GGTTTGTGACCTGAGG-1,6
GTAACAACTGACCTTG-1,0
GTAACAGGTTAACGGC-1,7
GTAACATCAGCTCATC-1,1
GTAACATCTAAGATAA-1,6
GTAACTACGTAGACCT-1,2
GTAACTGCCCAAGGAG-1,3
GTAACTTGCGGCAGTC-1,2
GTAAGCGGGCAGTCAG-1,7
GTAAGGATTTGTCGGA-1,0
GTAAGTAGGGTATACC-1,8
GTAAGTCCACACTCTA-1,4
GTAATAAAGGGCTCCC-1,0
GTAATCTGATTCTTCG-1,12
GTACACTTACCTGAAG-1,1
GTACAGAGGCAAGGGT-1,8
GTACGACGGCGCTGCG-1,5
GTACGAGATTGCGACA-1,7
GTACGCTTCATTGCAC-1,9
GTACGTCACGTATTAA-1,0
GTACGTTTGCCCGTCA-1,0
GTACTAAGATTTGGAG-1,4
GTACTACGGCCTCGTT-1,7
GTACTCCCTTATCGCT-1,7
GTACTCCTGGGTATGC-1,0
GTACTGAGGTCGTAAC-1,7
GTACTGCATGAAGCGT-1,1
GTACTGGAGTTAGACC-1,0
GTACTTGGGCACTTCT-1,5
GTAGAAACGGGTGGAG-1,1
GTAGACAACCGATGAA-1,7
GTAGACACGCCTGACT-1,1
GTAGACGTCGTTACAT-1,1
GTAGAGGGAGACAAGT-1,4
GTAGCCAAACATGGGA-1,4
GTAGCGCTGTTGTAGT-1,2
GTAGCTAGTAAGCGCG-1,0
GTAGCTCCGGGAGGCT-1,3
GTAGCTTCCTCTTGTT-1,0
GTAGGTGATCCGTGTA-1,11
GTAGTCGCGGGAATCA-1,4
GTAGTCTACGATATTG-1,3
GTAGTTAGACAATATA-1,0
GTAGTTCGAAGGCGAA-1,10
GTAGTTTAAGCACACG-1,1
GTATAATCTCCCGGAT-1,4
GTATAGGACTCAGTAG-1,7
GTATAGTGGCCCATGT-1,8
GTATATGTTACGGCGG-1,5
GTATCAAACGTTAGCT-1,6
GTATCAAGGTACTTCC-1,2
GTATCAGCTTGGGTTC-1,5
GTATCCTTTGGTAACC-1,3
GTATCGGGACGAGCTG-1,11
GTATCTCAGTCTTGAC-1,2
GTATCTCCCTAACTGT-1,5
GTATCTCGGGCGCTTT-1,13
GTATCTTGTTGCTCAC-1,5
GTATCTTTCATAACCA-1,0
GTATGAAATTTCACTC-1,4
GTATGACGTGGGAAAC-1,5
GTATGTGGGTCTAGTT-1,8
GTATTAAGGCGTCTAA-1,2
GTATTAGGGTTCGCGT-1,7
GTATTCTGAGAAACGA-1,10
GTATTCTTACCGTGCT-1,5
GTATTTAATGGCATAA-1,6
GTCAAAGAAGTGGTGT-1,9
GTCAAAGTTTACATAG-1,9
GTCAACCAGGCCTATA-1,7
GTCAATGCTATAATTT-1,12
GTCAATTGTACTGAAG-1,5
GTCACAAAGTTTCCAA-1,8
GTCACCTGTCTATGTC-1,0
GTCACTCATGAGCGAT-1,2
GTCACTCTCCAAATCT-1,8
GTCAGAATAGTCTATG-1,0
GTCAGACAGCGTTGGA-1,11
GTCAGTTGTGCTCGTT-1,0
GTCAGTTTGGTAGTCG-1,5
GTCATCCCAAACTCAC-1,3
GTCATCTCCTACAGCT-1,9
GTCATGCACCTCCGTT-1,0
GTCATGCGCGAGGGCT-1,7
GTCATGGACATGACTA-1,4
GTCATTAGAGCGAACG-1,0
GTCATTGCATTGACCC-1,5
GTCCAATATTTAGCCT-1,3
GTCCACGTCGCATTCG-1,6
GTCCAGGCACGTGTGC-1,1
GTCCATTACTGCTACG-1,4
GTCCCAACGTAAAGTA-1,0
GTCCCAATCATCCCGC-1,2
GTCCCGCGACGTTATG-1,12
GTCCGAGAGCAATCAT-1,5
GTCCGGACCTGAAATT-1,6
GTCCGGCTGAATTGCG-1,4
GTCCGGGTTCACATTA-1,2
GTCCGTTAGAGGGCCT-1,2
GTCCTACAGGCGGCTC-1,1
GTCCTACGAATAGTCT-1,6
GTCCTACTCTACGGGC-1,4
GTCCTAGGATACCTTA-1,2
GTCCTATTGTTGTGGT-1,2
GTCCTTCTACAACCCA-1,6
GTCCTTCTAGTGGGTT-1,8
GTCCTTTAATGACTTC-1,7
GTCGAATTTGGGCGCT-1,13
GTCGATAGGTGACTTT-1,6
GTCGCCGTTGTGTGTT-1,1
GTCGCGTAACCCGTTG-1,0
GTCGGAAGGATACCAG-1,11
GTCGGATATCTCAGAC-1,10
GTCGGATGTAGCGCGC-1,11
GTCGGGAACATGGTAG-1,2
GTCGGGAAGCAGAAAC-1,3
GTCGTACCATCTCGGG-1,8
GTCGTACCTACGATTG-1,2
GTCGTATTGGCGTACA-1,0
GTCGTCAATTATAAGG-1,0
GTCGTCTGGTTGGCTA-1,8
GTCGTGTCTGGTCATC-1,4
GTCGTTATTCGCTTAT-1,1
GTCTAAGATGCCCAGC-1,0
GTCTACTCAATTACAA-1,1
GTCTAGTGAGCCGCTT-1,3
GTCTATACACGCATGG-1,1
GTCTATCTGAGTTTCT-1,10
GTCTATTGCATGCTCG-1,11
GTCTATTGGTTCCGGT-1,9
GTCTCAAGGCCCGGCT-1,3
GTCTCCCGAGTCCCGT-1,3
GTCTCCGCCTCAATAC-1,1
GTCTCCTGCCAGTATG-1,2
GTCTCGACTAAGTTTG-1,0
GTCTCGATCTGCTTTC-1,7
GTCTCGCCAACACGCC-1,7
GTCTGCCGACTCGACG-1,2
GTCTGGGCGGTCGAGA-1,8
GTCTGTAGGTTGAACA-1,9
GTCTTAGTACAGCCGG-1,11
GTCTTCCTCACCTAAG-1,2
GTCTTGAGGAGCAGTG-1,4
GTCTTGTAGCTATTCA-1,9
GTGAAACGGCGCCACC-1,8
GTGAAACGTGCTCCAC-1,1
GTGAACTCCCATTCGA-1,0
GTGAAGTCACGACTCG-1,9
GTGACAGCTTCCCACT-1,7
GTGACCGCACACTACG-1,0
GTGACCTAAAGAATAA-1,11
GTGACGAGGGTGACCC-1,0
GTGACGCAGGTTTCAT-1,2
GTGACTTCAGTAGTGC-1,0
GTGAGATAACCTTATA-1,7
GTGAGCGTGCTGCACT-1,0
GTGAGGAGCGGTTGAG-1,0
GTGAGTCTAAGACGGA-1,2
GTGAGTGGTACAACGC-1,4
GTGATCAAGCGTGCAC-1,8
GTGATCACTAACGCCT-1,4
GTGATCATAGATCTGC-1,0
GTGATCCTTGTCATGA-1,11
GTGATGCACAACATCT-1,7
GTGATTCGCCGCTCAA-1,0
GTGCAAATCACCAATA-1,9
GTGCAACAAATGTGGC-1,0
GTGCACCAGCTTCAAC-1,3
GTGCACGAAAGTGACT-1,3
GTGCAGCGTAGAGTAG-1,6
GTGCCAAACGTTTCGA-1,7
GTGCCATCACACGGTG-1,10
GTGCCGCTTCAAAGGT-1,0
GTGCCTAGCTATGCTT-1,9
GTGCCTCAGTGTACGG-1,1
GTGCCTGAGACCAAAC-1,7
GTGCGAAATCGAACAC-1,11
GTGCGACAGGGAGTGT-1,1
GTGCGCAGCTTGCTCC-1,5
GTGCGCTTACAAATGA-1,5
GTGCGGGACCATCGGC-1,5
GTGCGGGTCTCCAAAT-1,7
GTGCTATCCAGCTGGA-1,2
GTGCTCAAGTACTGTC-1,10
GTGCTGCAGATAAGGA-1,5
GTGCTGTTAGAACATA-1,2
GTGCTTACATCAGCGC-1,9
GTGGAACCTACATGCG-1,1
GTGGACCAACCCGATT-1,10
GTGGACGCATTTGTCC-1,3
GTGGACGTGCTGAGAC-1,0
GTGGAGCATGTCGGCC-1,12
GTGGAGCGTTTACCGA-1,2
GTGGAGTCGGCGGTTG-1,1
GTGGCAAACAGCGGCA-1,9
GTGGCCGGTTTCTCGG-1,2
GTGGCCTAATATCATT-1,5
GTGGCGGGCCGTAGCT-1,7
GTGGCGGTCCCAGCGT-1,0
GTGGCGTGCACCAGAG-1,0
GTGGCTGTTTCTGTTC-1,3
GTGGGAACAAACCGGG-1,1
GTGGGAAGACTGAATC-1,0
GTGGGCTTAGACACAC-1,10
GTGGGTACTGAGCGTA-1,4
GTGGGTCTTCTTTGCG-1,11
GTGGTATAGTCTGCCG-1,5
GTGGTCAGCGAAGTAT-1,1
GTGGTGATGGTTTGTG-1,6
GTGGTGGCCAAGTGAA-1,0
GTGGTTACTTCTTTCG-1,1
GTGGTTTCCGCCTTTC-1,10
GTGTACGAACCGTTCC-1,6
GTGTATATCAGCGGGC-1,12
GTGTATGACTTTAAAG-1,9
GTGTCAGTGTACGTGG-1,1
GTGTCCGATAAGGCAT-1,0
GTGTCGTATAGCGTTC-1,9
GTGTCGTATTCACCTT-1,7
GTGTGAATAACTTAGG-1,0
GTGTGAGCCGAGGTGC-1,5
GTGTGTCGACGTCGCT-1,6
GTGTTACTATGCGTCC-1,4
GTTAAAGTAGGACTGG-1,12
GTTAACATCACTTAAA-1,4
GTTAACTATGTTGTCA-1,4
GTTAAGGGTGCGATGT-1,12
GTTAAGTTAGAGTGGG-1,4
GTTAATGTCTATCTTA-1,5
GTTACAATTGGTGACG-1,0
GTTACCAAGGCGTACG-1,4
GTTACCTACAACTTGC-1,0
GTTACGAAATCCACGC-1,5
GTTACGGCCCGACTGC-1,4
GTTACTTTGGGCCTAG-1,10
GTTAGAGTGTGCCGCT-1,1
GTTAGCCCATGACATC-1,1
GTTAGCCGTAAATCAA-1,0
GTTAGGCTACCCGTTT-1,4
GTTATAATACGGTGAA-1,6
GTTATATCAGGAGCCA-1,0
GTTATATTATCTCCCT-1,3
GTTATCAAGCTATCGA-1,3
GTTATCACCTTCTGAA-1,1
GTTATTAAATACGACC-1,0
GTTATTAACGTGGGAG-1,1
GTTCAAATCAGATGTC-1,13
GTTCAATCTATGTCAA-1,8
GTTCACAGGAGTCTAG-1,10
GTTCAGTCGCCAAATG-1,7
GTTCATCGTTTGGCTG-1,0
GTTCCAAGACAGCGAC-1,5
GTTCCAGTCTGACCAT-1,10
GTTCCCGTAAACATAT-1,6
GTTCCGTCCGCCTGCA-1,4
GTTCGACAATTGTATA-1,3
GTTCGCCATAAGTGCC-1,10
GTTCGCTGAGACGTCT-1,6
GTTCGGAGCACTCAAC-1,6
GTTCGGATCGGGAACA-1,4
GTTCGGGCGTACCATT-1,0
GTTCGGTGTGGATTTA-1,9
GTTCGTCTAAAGAACT-1,9
GTTCGTCTGGGTCCCT-1,12
GTTCGTTGCGGACCAG-1,5
GTTCTTCCCTCGATGT-1,0
GTTCTTGTAACTCAAT-1,3
GTTGAACCGGTTCCAT-1,10
GTTGAGTCCCGCCGGT-1,5
GTTGCACGGAGTTTCG-1,7
GTTGCAGTCGACAACA-1,6
GTTGCCCTAACGGGTG-1,2
GTTGCGCTAACATTAC-1,4
GTTGCGGACGGTCAGG-1,6
GTTGGACCGCATCAGG-1,8
GTTGGATTCAGTGGCT-1,2
GTTGGATTGAGAACAC-1,0
GTTGGTCATGCTATCC-1,3
GTTGTAGATTTATGAG-1,1
GTTGTCGTGTTAGTTG-1,0
GTTGTTACATTGCGCT-1,0
GTTGTTGCAAGATGGC-1,6
GTTTACGTTCCATCTG-1,3
GTTTATGGGATTTAGA-1,4
GTTTCAAACGAGTTGT-1,6
GTTTCATATCGTCGCT-1,10
GTTTCCTGGAGGGTGA-1,1
GTTTCTAGAGGCGCGG-1,7
GTTTCTGCAGTCTCCC-1,0
GTTTCTTGTTAGAGCT-1,2
GTTTGACCAAATCCTA-1,1
GTTTGAGCGGTTATGT-1,4
GTTTGGCCGCTCAGCG-1,9
GTTTGGCGTCAGGCAC-1,1
GTTTGGGCTTGTGAGC-1,9
GTTTGGGTTTCGCCCG-1,3
GTTTGGTAGGGTCAAC-1,3
GTTTGGTGATCGGTGC-1,3
GTTTGTTAGCCAAGTA-1,2
TAAACCCAGGAGGGCA-1,11
TAAACGTCGTCAATGA-1,1
TAAAGACAACCCTTTA-1,4
TAAAGAGCCCGAAACC-1,1
TAAAGCGGTATTTCCA-1,3
TAAAGCGTTAGGAGAA-1,1
TAAAGCTGCAATAGGG-1,1
TAAAGGAGAAACTAGT-1,1
TAAAGTGCACGTCTCG-1,7
TAAATCTTTACACCTC-1,1
TAAATGAATCCGTTTC-1,0
TAAATGCCGTCTCATG-1,7
TAAATGGGCTACTGAG-1,6
TAAATTGTGGGTAAAG-1,7
TAAATTTAGTAACACC-1,12
TAACAAAGGGAGAAGC-1,1
TAACAATATTTGTTGC-1,5
TAACAGCGTTTGTGCT-1,4
TAACAGGTTCCCTTAG-1,4
TAACATACAATGTGGG-1,8
TAACATACACGCGATC-1,5
TAACCGCCCGCAGTGC-1,1
TAACCGTCCAGTTCAT-1,5
TAACCTACCGTCCGAG-1,1
TAACCTAGGGAGTCCA-1,6
TAACGCTTTGAGAGCG-1,0
TAACTATCGAAGGTCC-1,0
TAACTATTACGCCAAA-1,0
TAACTCATCCGCGCGG-1,10
TAACTCCATGGAGGCT-1,2
TAACTGAAATACGCCT-1,2
TAAGAGGGACAGGGAC-1,2
TAAGATTTAGCGGGAG-1,9
TAAGCAGGCGACACGC-1,1
TAAGCCCTTACGACCA-1,0
TAAGCGCGAATCAAAT-1,3
TAAGGAACTTGTGGGA-1,0
TAAGGCAACATAAGAT-1,10
TAAGGCATAACATCAA-1,8
TAAGGCCCGTCACCCT-1,3
TAAGGCTGAATCCCTC-1,6
TAAGGGCCTGTCCGAT-1,4
TAAGGGCTGGGAGAGG-1,1
TAAGTAAATGTGCCGC-1,0
TAAGTAACATCTTGAC-1,0
TAAGTCGCCGAGTATC-1,9
TAAGTCGGTGAGCTAG-1,6
TAAGTGAATAGTCTAC-1,3
TAAGTTGCGACGTAGG-1,6
TAATAAACAAGGAGAT-1,2
TAATACACAGTAGTAT-1,1
TAATACTAGAACAGAC-1,7
TAATAGAACAGAGTTA-1,10
TAATAGCTAAATGATG-1,1
TAATAGGTCACCAGAA-1,2
TAATAGTGACGACCAG-1,0
TAATATTGAAATTCGC-1,7
TAATCAACCAAATGGG-1,6
TAATCAGGAATGCTGC-1,7
TAATCGATCCGTACGT-1,1
TAATGAAAGACCCTTG-1,2
TAATGTCGGTTCATGG-1,3
TAATTACGTCAGTAGA-1,3
TAATTAGATGGATATG-1,9
TAATTAGGACATCCGT-1,4
TAATTCCAATGCTTCA-1,6
TAATTGCGCTGATTAC-1,2
TAATTGGAATCGGGAA-1,11
TAATTTCCGTCCAGTA-1,2
TACAAATTGCGGAGGT-1,1
TACAACGCACAACTCA-1,10
TACAAGCTGTTCACTG-1,2
TACAAGGGCTTCTTTA-1,3
TACAAGTCTCGTGCAT-1,0
TACAATGAAACCAGCA-1,9
TACACAGCCGTGGTGC-1,2
TACACCGTCGTTAGTC-1,1
TACACCTCTTCGAATC-1,1
TACAGAAACGGTGGGC-1,11
TACATAGGCATACACC-1,0
TACATCCCTATCCCTG-1,0
TACATCTTGTTTCTTG-1,4
TACATGACCTTATCCG-1,13
TACATGCCGGAATTGT-1,6
TACATTTCTAACGTGC-1,9
TACCAAATAGCCCAGA-1,11
TACCAATAAAGTACCA-1,6
TACCAGAAGTAGGTTC-1,3
TACCAGCTAGGTTTAA-1,8
TACCAGGAATCCCGTC-1,3
TACCATGTATTGATTT-1,6
TACCCTCGGTAACCCT-1,6
TACCGAATAATTGTAA-1,3
TACCGATCCAACACTT-1,6
TACCGCGGACTTGCAG-1,1
TACCGGCTCACTGCCC-1,0
TACCGGTCGTTTCCAT-1,4
TACCGTAGGTTAACTA-1,3
TACCGTGCCTCGGACC-1,11
TACCTACTCCCAGTAT-1,11
TACCTATCCCTAGAGG-1,2
TACCTCACGCTTGTAC-1,10
TACCTCAGTTGTCTGT-1,3
TACCTCCACACCAATG-1,8
TACCTCTTTACCATCC-1,6
TACCTGCTGCACTGTG-1,1
TACCTTAAGATTTCCC-1,0
TACGAACACGACTTCA-1,0
TACGACGCTTGCTGCG-1,0
TACGACTGCCTCTTAG-1,0
TACGATCCAAGCCACT-1,0
TACGCAGTTCTTTCCT-1,10
TACGCCATATTCTAAT-1,10
TACGCCGAGGGTACCC-1,1
TACGCCGCCTCAGAAG-1,6
TACGCCTCCATTCCGA-1,3
TACGCTATAGAAACCT-1,0
TACGCTCCTAGAACTG-1,2
TACGCTCGGTATTGGA-1,6
TACGCTGATAGTTGTA-1,2
TACGCTGCTGTGTTAA-1,3
TACGGAAGCCAAACCA-1,2
TACGGCATGGACGCTA-1,6
TACGGGATGCTAGCAG-1,8
TACGGGTAATAACATA-1,1
TACGTAAAGCGGAGTG-1,3
TACGTACTAGTGCTGA-1,12
TACGTGCACTATGCTG-1,0
TACGTGGGCCCAGGGC-1,2
TACGTTTACCGGCAAT-1,10
TACTACGTGCAATGCG-1,7
TACTATGGTTCCTCAG-1,3
TACTCACAACGTAGTA-1,5
TACTCATTGACGCATC-1,4
TACTCCTCTAGTTGAC-1,3
TACTCGGCACGCCGGG-1,0
TACTCGTTTGAATCAA-1,2
TACTCTCCGAACAAAT-1,1
TACTCTTACTTTACTG-1,6
TACTCTTTCGTCTTCA-1,3
TACTGAACAGATTTAG-1,11
TACTGAGGGAAGAAAG-1,2
TACTGCATGATTAAAT-1,1
TACTGGACAGCTCGGC-1,0
TACTGTTTCTCTGGTA-1,9
TACTTAAACATGTACA-1,1
TACTTGTTAGTAGTCC-1,7
TACTTTACTGAGCCGG-1,1
TACTTTCCGCACGCCA-1,1
TAGAAACACAATAGTG-1,9
TAGAAACCACTAAGTA-1,0
TAGAAAGGTGGCGCTA-1,4
TAGAAATTCACGTATA-1,2
TAGAACGCCAGTAACG-1,5
TAGAAGAAGGGTTACA-1,6
TAGAATAGCCGATGAA-1,3
TAGAATTAAGGGCAAC-1,8
TAGACGAAACGCCAAT-1,3
TAGACGCCCGTACCGG-1,0
TAGACTACCTAGCGTT-1,0
TAGACTCAGTTGGCCT-1,2
TAGAGATCATGCAACT-1,10
TAGAGCTACGAAGAAC-1,0
TAGAGGGAGTTTATCT-1,2
TAGAGGTTCTACTTGT-1,6
TAGAGTCTAAGCGAAC-1,8
TAGAGTGTTCCGGGTA-1,4
TAGATATGGACTGGAA-1,3
TAGATCCGAAGTCGCA-1,8
TAGATGGTTCCTTACT-1,11
TAGATTCAAAGTGCGG-1,7
TAGATTCCTGGTTATT-1,8
TAGCAACCTGTCACAA-1,1
TAGCAGATACTTAGGG-1,3
TAGCAGTAAATACGCG-1,0
TAGCAGTATGACTAAA-1,5
TAGCCAGAGGGTCCGG-1,12
TAGCCATGATTGCCTA-1,2
TAGCCGGCGGTCAGCG-1,0
TAGCGTCCCTCGATTG-1,6
TAGCGTCCGGTGTGGT-1,4
TAGCGTCGAATATTGA-1,5
TAGCGTTGGGTCTTAC-1,8
TAGCTAAGTCCGGGAG-1,7
TAGCTAGAAGGCATGA-1,3
TAGCTAGTGATGATGG-1,3
TAGCTCACTGTGTTTG-1,4
TAGCTCAGATCCTAGT-1,11
TAGCTCGCCTGATAAC-1,3
TAGCTGATGTGAAGCG-1,4
TAGGAACAGCCTCCAG-1,8
TAGGATCTTAACCGCA-1,2
TAGGCCTATATAGTCT-1,3
TAGGCGATGAGGTCTC-1,4
TAGGCGGCTGCAAAGA-1,5
TAGGCTAAAGTGGCAC-1,7
TAGGGAGCTTGGGATG-1,11
TAGGGTGTTTCAAGAG-1,2
TAGGTCCAAGTAAGGA-1,1
TAGGTCGCCGGAACTG-1,7
TAGGTGACGATAACCT-1,12
TAGGTGAGCCCTACTC-1,0
TAGGTGTTCCACAGAT-1,3
TAGGTTCGAGTTCGTC-1,0
TAGGTTCTGCTGAGAA-1,1
TAGTACCACAACTTTC-1,2
TAGTACCTTAGTGGTC-1,1
TAGTAGCTTATACCAG-1,3
TAGTAGTTGCCGGACA-1,7
TAGTCCCGGAGACCAC-1,3
TAGTCCGCAGAGAATG-1,4
TAGTCCGTATGCATAA-1,4
TAGTCCTGCACTAAGC-1,3
TAGTCGATCACGGGTT-1,6
TAGTCGGGATTCTTCG-1,4
TAGTCTAACAACGAGA-1,10
TAGTCTGCGGCACATT-1,1
TAGTCTGTGACGTTGC-1,0
TAGTCTTTCCGAATTG-1,6
TAGTGAGAAGTGGTTG-1,9
TAGTGCCCTCCAGAGT-1,7
TAGTGCTTGAATCCTT-1,5
TAGTGGAACTCATACA-1,0
TAGTGTCAGAAACGGC-1,1
TAGTTAAGATAGGATA-1,0
TAGTTTATTCTTGCTT-1,8
TAGTTTGATCGGTCGC-1,3
TATAAATCCACAAGCT-1,10
TATAAGTGAGGATAGC-1,0
TATACACAGACGCCTT-1,3
TATACACGCAAAGTAT-1,2
TATACCGAGTGCCACA-1,6
TATACGCGTCATCACT-1,3
TATACTCATGCGGCAA-1,9
TATAGAGTCGCTTGAA-1,4
TATAGATGGTCGCAGT-1,12
TATAGCGCACGTTATC-1,13
TATAGCTATTATCTCT-1,2
TATAGGGTACTCATGA-1,0
TATAGTTAGGTGTACT-1,2
TATATAGGGCTTTACG-1,3
TATATATCGAGAAATG-1,0
TATATCAAAGTGATCT-1,3
TATATCATTGATCAGT-1,2
TATATCCCTGGGAGGA-1,7
TATATGCTGGGTTGCC-1,5
TATATTACAAATGTCG-1,0
TATATTCGCGTCGATA-1,0
TATCAAAGGTCTGTAA-1,4
TATCACAGCACGGGCA-1,0
TATCACCATGTAAAGT-1,2
TATCACCCAACCGACC-1,0
TATCACTTCGAGTAAC-1,0
TATCAGTGGCGTAGTC-1,4
TATCCAATTGGTTATC-1,4
TATCCATATCATGCGA-1,11
TATCCATCTCGGTTAG-1,2
TATCCCTCGATCTGCA-1,4
TATCCGCACCGTCGGG-1,3
TATCCTATCAACTGGT-1,1
TATCCTGCATGGGAAT-1,11
TATCGATCTATGCATA-1,0
TATCGATGATTAAACG-1,1
TATCTACAGAGGTAAT-1,0
TATCTACCACAGCGGG-1,8
TATCTAGCCTAAAGGA-1,2
TATCTGAGCCGATATT-1,9
TATCTTGCAATACAAC-1,9
TATGAAGAATTAAGGT-1,7
TATGAAGACAGGTGCG-1,2
TATGACCTTGCGCTGG-1,9
TATGATAAATCTAACG-1,0
TATGATCCGGCACGCC-1,1
TATGATCTTCTCTTTA-1,11
TATGATTCTGCTTGGT-1,9
TATGCTCCCTACTTAC-1,0
TATGGAGTTTCTCGTT-1,4
TATGGATGTGCTACGC-1,5
TATGGCAGACTTTCGA-1,11
TATGGCTAGGCTAATT-1,7
TATGGGACCGAGCAGG-1,4
TATGGGTACGTATCGT-1,0
TATGGTCTGAGTAACA-1,8
TATGGTTAGTGGGAGA-1,6
TATGTAAAGTGCTTAA-1,3
TATGTAGAAACCCGGC-1,2
TATGTCAAGACCGACT-1,0
TATGTCTCATTGTGCC-1,1
TATTAACACCAAAGCA-1,4
TATTAACCTGACCGCG-1,4
TATTACCATCCTGCTT-1,0
TATTATGTTTGCCTGC-1,9
TATTCAATTCTAATCC-1,0
TATTCCACTCAGCTCG-1,7
TATTCCGAGCTGTTAT-1,9
TATTCCGGCAGTCCTA-1,1
TATTCCTCCGCCCACT-1,10
TATTCGTGCCAGAATA-1,10
TATTGACATTTCTGCC-1,4
TATTGCCGGGCTTGTA-1,12
TATTTAGTCTAGATCG-1,0
TATTTATACCGAGTAG-1,10
TATTTGATTTGCACAG-1,6
TATTTGTTACCCTTTA-1,0
TCAAACAACCGCGTCG-1,7
TCAAACAATTAGGACA-1,1
TCAAACTTAGATTGTT-1,0
TCAAAGAGCTATCTGT-1,9
TCAAAGTCACGGCGTC-1,3
TCAAATTGTTGTGCCG-1,2
TCAAATTTGAGACTCA-1,11
TCAACAAAGATAATTC-1,5
TCAACACATTGGGTAA-1,2
TCAACATAGCGCCCTA-1,3
TCAACATCGACCGAGA-1,0
TCAACCATGTTCGGGC-1,2
TCAACGAGGAGACAAA-1,10
TCAACGCAGGAAATAA-1,0
TCAACGCGACCGGCAG-1,8
TCAACTAACGTATAAC-1,2
TCAACTGCAGAGTCAG-1,6
TCAAGAAATACTAGCT-1,0
TCAAGCGCGGACGGTA-1,6
TCAAGCTGCCTTGAAA-1,0
TCAAGGTTACTACACC-1,6
TCAATACAATTGCTGC-1,2
TCAATACGCCGTCATG-1,12
TCAATATACAGGAGGC-1,12
TCAATCCCGCGCCAAA-1,6
TCAATCCGGGAAGTTT-1,3
TCACAAACCGAGGTAC-1,11
TCACAGATCCTCAAAC-1,5
TCACAGCAAACTCGAA-1,3
TCACAGGAGAATAAGA-1,4
TCACAGGGAATCGCAA-1,4
TCACAGGTTATTGGGC-1,10
TCACATCTTATCTGAT-1,2
TCACCCTCTTAAGATT-1,0
TCACCGCTCGGCACTC-1,7
TCACGATGTCCGTGGA-1,4
TCACGATTAATACGTT-1,9
TCACGCATTGTAGATC-1,0
TCACGGCCCAAGAGAG-1,13
TCACGGTCATCGCACA-1,0
TCACGTGCCCGATTCA-1,0
TCACTACGACCAATGC-1,7
TCACTATCCCTTCGGT-1,3
TCACTATCGTGCAATC-1,5
TCACTCAGCGCATTAG-1,9
TCACTCGTGCAACGGC-1,13
TCACTCTTCGTCTGTC-1,4
TCAGAACCTCCACAGG-1,0
TCAGAACGGCGGTAAT-1,2
TCAGACGCTATAGAAG-1,9
TCAGAGCATGTCAACG-1,2
TCAGAGGACGCGTTAG-1,4
TCAGAGTGTGAGCATG-1,6
TCAGATGGAGACGTAG-1,0
TCAGCAAATGCATCTC-1,2
TCAGCAGTAGGCCCTG-1,3
TCAGCCAATCCGTAAA-1,3
TCAGCGCACGCCGTTT-1,2
TCAGCTTGAGCTTTCG-1,2
TCAGGGCGACTTCCTT-1,4
TCAGGGCGCAAACTCG-1,3
TCAGGGTGCACGAAAC-1,8
TCAGGGTGTAACGTAA-1,1
TCAGGTTCTTTGAGAA-1,0
TCAGTACTGACCCGCG-1,10
TCAGTAGGGACTATAA-1,7
TCAGTGTATACGTCAT-1,3
TCAGTTACGGAATGAT-1,8
TCATAAGTCCAAGAAG-1,6
TCATACTTACAGATCC-1,8
TCATATGAGCTTTGTT-1,12
TCATCACTCGAGCTCG-1,5
TCATCCATCTGATCAC-1,7
TCATCCCAGAGGGTGG-1,0
TCATCCTCAGCTGCTT-1,3
TCATCGACGACCGTCG-1,2
TCATCGATGGTCCCAA-1,2
TCATGAAGCGCTGCAT-1,1
TCATGCAGGTTCTCAT-1,2
TCATTCGTATAATTTG-1,1
TCATTTAAGTCTCCGA-1,8
TCATTTAGAAGTGTGA-1,6
TCCAACTCAGCTATCT-1,3
TCCAACTTTAAATTCT-1,10
TCCAAGCCTAGACACA-1,7
TCCAATAAAGGCTACC-1,12
TCCAATGCGTCGCCGC-1,2
TCCACAATGGTTTACG-1,0
TCCACATCGTATATTG-1,7
TCCACCAAGACATAGG-1,7
TCCACCTCTAGCCTTT-1,3
TCCACTTTATCTAGGT-1,0
TCCAGATGTACGCCAA-1,1
TCCAGCGCTATAAGCG-1,6
TCCAGGCAGGACGATC-1,5
TCCAGGCGAGTACGGT-1,1
TCCAGGGTATATACGA-1,3
TCCATCAATACTAATC-1,9
TCCATTAGTTGGATAG-1,5
TCCATTCCCACTAGAG-1,12
TCCATTGTGACCTCGT-1,0
TCCCAAACAGACAACG-1,10
TCCCAAACATCCTCTA-1,9
TCCCAAAGACGAAGGA-1,1
TCCCAAAGCCCTAAAT-1,4
TCCCAATATCGACGAC-1,7
TCCCACGGAGGGAGCT-1,1
TCCCACTCTCTTCCGG-1,0
TCCCAGCACACGACAT-1,6
TCCCAGCTTTAGTCTG-1,8
TCCCAGGCTTAGCTAA-1,10
TCCCGCCTATGTGCGT-1,0
TCCCGCGTACTCCTGG-1,0
TCCCGGTCAGGAATTT-1,5
TCCCGTCAGTCCCGCA-1,1
TCCCGTCGCGTCATAG-1,0
TCCCGTGTGCAATTTG-1,5
TCCCTAGATCAATAGG-1,0
TCCCTCCGAAATCGTT-1,5
TCCCTCTTCTCAAGGG-1,6
TCCCTGGCGTATTAAC-1,13
TCCCTGGCTCGCTGGA-1,1
TCCCTTAGATTACTCG-1,2
TCCCTTGTCTGAAACT-1,6
TCCGAACGTTGCCGCT-1,6
TCCGAACTTGGCTTAC-1,5
TCCGAAGTAGTCACCA-1,0
TCCGAATGGTCCTGAG-1,12
TCCGACCGCTAATCAA-1,3
TCCGAGAAGGCTAAGC-1,5
TCCGATAATTGCCATA-1,0
TCCGATGACTGAGCTC-1,8
TCCGATGGTGCGACAT-1,4
TCCGCAGCCACCTAGC-1,9
TCCGCCTGTCTACAAG-1,4
TCCGCGGCAGCATCTG-1,0
TCCGCGGCCCAATGAA-1,6
TCCGCTGGGTCGATCG-1,7
TCCGCTGTCATCCCGG-1,4
TCCGCTTATCCCATTA-1,11
TCCGGAGGAAGGGCTG-1,0
TCCGGCCTAGCGTACA-1,4
TCCGGCCTGCATCGAT-1,7
TCCGGCTGTCGGGTCG-1,6
TCCGGGCCACTAACGG-1,7
TCCGGGCTTGACGGGA-1,7
TCCGGTTCGTCCGGTC-1,3
TCCGTAACCACAATCC-1,9
TCCGTTAAGCTAATAT-1,6
TCCGTTTAGCCTTGAA-1,7
TCCTAAAGATTCAGAC-1,1
TCCTAAATTGGGAAGC-1,3
TCCTAACCGTCGGGCA-1,3
TCCTACATCCACGGCC-1,4
TCCTAGCAAAGAAGCT-1,10
TCCTATCATAGGTAAC-1,4
TCCTCCTAAGACATTC-1,0
TCCTCTACGAGATGGC-1,12
TCCTCTCCAGTTGTCC-1,5
TCCTCTGGCCCATTAG-1,1
TCCTGCAGCCGCCAAT-1,4
TCCTGCCAACTGGAGA-1,1
TCCTGCGTTGATACTC-1,10
TCCTGGCGCTGCCTGG-1,11
TCCTTACGACGGTCCG-1,6
TCCTTCAATCCCTACG-1,2
TCCTTCAGTGGTCGAA-1,8
TCCTTGTCCTTTAATT-1,7
TCCTTTAAATCCGCTT-1,4
TCCTTTCTTACGCTTA-1,0
TCGAAATTTAGGACCA-1,10
TCGAAGAACCGAGCAC-1,6
TCGAATATCCCGCAGG-1,2
TCGAATCGCAGGGTAG-1,2
TCGACAACTGAACCCG-1,2
TCGACATAGCGTAGCG-1,3
TCGAGACCAACACCGT-1,8
TCGAGCCAGGCAGGCC-1,5
TCGAGGGCAACAGACG-1,6
TCGAGTCTACGATTCG-1,9
TCGATAGGCTAGTCGC-1,2
TCGATGTTACGGCCGT-1,9
TCGATTTACGAAACGA-1,2
TCGCAAAGATGCATTT-1,5
TCGCACCAGGAGGCAG-1,9
TCGCACTAACGTTTGT-1,4
TCGCATAAAGGGCGCA-1,6
TCGCATCCCTAAGTGT-1,2
TCGCATTCAATGACTT-1,5
TCGCCACCCGGATTAC-1,9
TCGCCCAACTGACTCC-1,1
TCGCCCACTGCGAGAG-1,5
TCGCCGAAGTTGCGTC-1,10
TCGCCGACATATTCGC-1,3
TCGCCGCACCGCGTGA-1,2
TCGCCGGAGAGTCTTA-1,5
TCGCCGGATGGGCAAG-1,13
TCGCCGGTCGATCCGT-1,7
TCGCCTCCTTCGGCTC-1,3
TCGCCTCGACCTGTTG-1,11
TCGCGCGTTTACATGA-1,2
TCGCGTAGCAGTGTCC-1,9
TCGCTAAACCGCTATC-1,0
TCGCTACTGGCTTTGA-1,7
TCGCTCGATATATTCC-1,0
TCGCTCGGCACCAGCG-1,0
TCGCTGCCAATGCTGT-1,1
TCGCTGGGCGGATTGT-1,1
TCGCTGTGCGTAAATC-1,0
TCGCTTTAAACGTTTG-1,4
TCGGAATGACCATCAA-1,0
TCGGACGCCCAGCCCA-1,1
TCGGAGAGTATCGGGA-1,1
TCGGAGTACATGAGTA-1,0
TCGGAGTCCTGGTTGC-1,4
TCGGATCTGGATGACC-1,2
TCGGCAGGGTTAAGGG-1,6
TCGGCGAACCCAAACC-1,6
TCGGCGGTATTAGATT-1,1
TCGGCGTACTGCACAA-1,9
TCGGCTAACTTCCCTT-1,0
TCGGCTTGTATCGACG-1,11
TCGGGAACGTGCCTAG-1,0
TCGGGAGACAGCGTAC-1,12
TCGGGATTCAAACATA-1,8
TCGGGCACTTCTGGAT-1,5
TCGGGCCGTCGTGGTA-1,8
TCGGGTGAAACTGCTA-1,11
TCGGTCCCGACAATAG-1,2
TCGGTCCCTGACTCCA-1,1
TCGGTGACCGCTCCGG-1,0
TCGGTTAGCCATGTAG-1,8
TCGTAACTCCCAAGAC-1,6
TCGTAAGACGACATTG-1,7
TCGTAAGCTCCGAGGA-1,1
TCGTACCGACGTCAAG-1,7
TCGTATAGTGCAATTA-1,8
TCGTATCACCAAGCTA-1,11
TCGTATTACCCATTGC-1,8
TCGTATTTCGTCCGGA-1,8
TCGTCAAGTACGCGCA-1,7
TCGTCACACTGTTAGC-1,2
TCGTCCGCTGGCGTCT-1,0
TCGTCCGGGTACACTC-1,1
TCGTCTTAGGCGTTAA-1,9
TCGTGTACTATGGATG-1,9
TCGTGTATTGGTCACG-1,9
TCGTGTCACGCTGACA-1,4
TCGTGTTCGACCACAA-1,9
TCGTTAGGAGTCCCTA-1,10
TCGTTCGTTATTATGT-1,8
TCGTTGACAGGGTCCC-1,13
TCGTTGCTATCCGGTC-1,1
TCGTTGGCTCGTCAAT-1,5
TCGTTTACGCGACCCT-1,7
TCTAAAGAACAGTCTC-1,2
TCTAACTGTATGTAAA-1,5
TCTAATACTGCCTCAG-1,2
TCTACACGTTCATGCA-1,8
TCTACCCAATAGAGAG-1,6
TCTACCGTCCACAAGC-1,0
TCTACGCACGATCTCC-1,3
TCTACGGGCTCAGTTG-1,0
TCTAGCAATCTCCGCC-1,10
TCTAGCATCTTCGATG-1,10
TCTAGCATGCCCAGAA-1,3
TCTAGGTGGCGACGCT-1,1
TCTAGTGATATCGTGG-1,6
TCTAGTTATCAGAAGA-1,10
TCTATAGGTGGGTAAT-1,3
TCTATCATGCAGTTAC-1,1
TCTATCCGATTGCACA-1,2
TCTATCGGTCGCAACA-1,1
TCTATGCTATAACGAC-1,3
TCTATTACGCTGGCGA-1,2
TCTATTACTAGAGGAT-1,10
TCTCAAATCAATCGGG-1,1
TCTCATGAGATAGGGT-1,9
TCTCCAACGTAGGTTA-1,8
TCTCCACAAGTTGAAT-1,3
TCTCCCTGGGCAGCGT-1,6
TCTCGAACGAGGTCAC-1,7
TCTCGACGTATCGCCG-1,6
TCTCGAGGAGGTTCGC-1,6
TCTCGGCTCCAGGACT-1,5
TCTCGTGTTACGAGGA-1,13
TCTCTAATAGCTGGTA-1,7
TCTCTCGCCGCACATA-1,6
TCTCTTACCGCGAACC-1,3
TCTGAACCGGTCGGCT-1,8
TCTGAACTCGTACCCG-1,6
TCTGAAGCACGTGGTC-1,4
TCTGAATTCCGTACAA-1,0
TCTGACGGGCTAACCC-1,0
TCTGACTGTAATGGTT-1,5
TCTGAGCAATTGACTG-1,6
TCTGATCGGGTGCTAG-1,4
TCTGATGTATTCTGTC-1,1
TCTGATTGGAAATGGA-1,12
TCTGCACCATTAGTAA-1,7
TCTGCAGATTCGAGTC-1,4
TCTGCATACCTTGCTT-1,12
TCTGCGTCCGGTTTCT-1,9
TCTGCTTAGAACAAGC-1,6
TCTGGCCGTTCAAGTT-1,12
TCTGGCGCAAGCCGGG-1,5
TCTGGGAACCTTTGAA-1,0
TCTGGGTAGCGCTCAT-1,10
TCTGTCATACAAGAGC-1,5
TCTGTGACTGACCGTT-1,9
TCTGTGATGGAGGTTG-1,0
TCTGTGCCATCATAGT-1,8
TCTGTGGCTACATTTC-1,9
TCTGTTACCCAGCATA-1,5
TCTGTTTAGATTGTTC-1,9
TCTTAACTCGGATGTA-1,9
TCTTACAGAGGTACCG-1,0
TCTTACCGGAACTCGT-1,8
TCTTACGGCATCCGAC-1,0
TCTTACTTATGCCTCT-1,6
TCTTAGAGCTCCAATT-1,4
TCTTAGAGTGAACTCT-1,4
TCTTATGGGTAGTACC-1,5
TCTTCCCATGGGCACA-1,1
TCTTCGAATAGACGTT-1,8
TCTTCGATACCAATAA-1,0
TCTTCGCGGTGAGAGG-1,6
TCTTCTATAACCCGCC-1,4
TCTTGATGCGTAGCGA-1,0
TCTTGCTCCCGATACT-1,7
TCTTGGTAACACCAAA-1,1
TCTTGGTCAATGATAC-1,2
TCTTTAAGACTATGAA-1,11
TCTTTAGAGTCTAACA-1,6
TCTTTAGCAGGCGAAC-1,4
TCTTTCATCCGTCCTT-1,9
TCTTTCCTTCGAGATA-1,6
TCTTTCGGCGGGACAC-1,9
TCTTTCTCTTAAGGAG-1,12
TGAAACCTCAACTCAC-1,9
TGAAACTTATGCAAGC-1,8
TGAAAGGACCTGACTC-1,0
TGAACAAGCAGGGACT-1,3
TGAACACCCGAAGCAG-1,9
TGAACCTGAATGTGAG-1,2
TGAACTGCTATGACTT-1,2
TGAAGAGCGGTCCTAG-1,1
TGAAGTAGCTTACGGA-1,1
TGAATACCGACGCGTA-1,1
TGAATATGCTATAAAC-1,0
TGAATGAGTGTTTCCC-1,4
TGAATGTCAGCCGGCC-1,6
TGAATTTCACTTGCCT-1,2
TGACAACGCATGTCGC-1,6
TGACAACTTAAAGGTG-1,7
TGACAGAAATCTTGCT-1,2
TGACAGGACAAGTCCA-1,4
TGACATATATGACGAT-1,2
TGACATCGAGCGGACC-1,7
TGACATGTAACGTGAC-1,7
TGACCAAATCTTAAAC-1,7
TGACCAGCTTCAAAGT-1,7
TGACCCAACTCACATT-1,5
TGACCCACGTTAGACA-1,0
TGACCCAGCATTCCCG-1,10
TGACGAATATTTCCCT-1,0
TGACGATGCACTAGAA-1,0
TGACTATAATCCTTTC-1,0
TGACTCCGAATCATAC-1,2
TGACTCTAACTGGTAA-1,6
TGAGAATGCTTTACCG-1,0
TGAGACGTACCTCTCA-1,5
TGAGAGATTTACCACG-1,0
TGAGATCAAATACTCA-1,8
TGAGATTAGGCCCTAA-1,2
TGAGCAGTCGTGAAGT-1,5
TGAGCCATACAGTCTC-1,10
TGAGCGGAAAGTGTTC-1,3
TGAGCTCAACTGTATA-1,6
TGAGCTTTAATGACGC-1,7
TGAGGAGTGCCAGCTT-1,3
TGAGGCATGTACTGTG-1,2
TGAGGTGTGTGGCGGA-1,1
TGAGGTTGATCCCAAG-1,5
TGAGTAAATTAGCGTA-1,10
TGAGTGCCTCTTAAAT-1,12
TGAGTGGTCCGTGACG-1,7
TGAGTGTAACAACGGG-1,3
TGAGTTAAAGACATTC-1,6
TGATACATTTAGCCGT-1,8
TGATAGCGGGATTCTA-1,5
TGATCACCACACTGAC-1,3
TGATCAGGGAACTGCT-1,8
TGATCCCAGCATTAGT-1,0
TGATCGGTTTGACCCT-1,7
TGATCTATCACACTCT-1,1
TGATCTCCGGCGCCAG-1,1
TGATGGCTGTTTCTGA-1,8
TGATGGGACTAAGTCA-1,5
TGATGTCAATTAAGTG-1,6
TGATTATGGCACGCAG-1,8
TGATTCAGGTCCCGCG-1,4
TGATTCCCGGTTACCT-1,4
TGATTCGTCTATCACT-1,10
TGATTCTGTCGCCGGT-1,10
TGATTTATTAGCTGTG-1,10
TGATTTCCTCCTGACG-1,5
TGCAAACCCACATCAA-1,11
TGCAAACGTACTAGTT-1,2
TGCAAAGTTCGTCTGT-1,7
TGCAACCCATCTGCGG-1,11
TGCAACTACTGGTTGA-1,3
TGCAAGAATGACGTAA-1,0
TGCAATCTAACACGGT-1,3
TGCAATTTGGGCACGG-1,0
TGCACAGTGAAGTTAT-1,7
TGCACGAGTCGGCAGC-1,0
TGCACTATGTGAGTGC-1,12
TGCAGAACTATATCGT-1,8
TGCAGATCGTCCTAGG-1,11
TGCAGCTACGTACTTC-1,11
TGCAGGATCGGCAAAG-1,1
TGCAGTGGTAGGGAAC-1,1
TGCAGTTTCCTCCCAT-1,8
TGCATATGTCTGTCAC-1,0
TGCATCTCCGGATCTT-1,0
TGCATGAGTAGATTCG-1,6
TGCATGGATCGGATCT-1,0
TGCATGGCAGTCTTGC-1,1
TGCATGTGACCCATAG-1,3
TGCATGTGGTAATCTA-1,11
TGCCAAAGTCAGACTT-1,8
TGCCAATGGGTACTCT-1,3
TGCCACACTAGAGGAA-1,2
TGCCACCTGGCGAAAC-1,1
TGCCAGTACGTGGAGA-1,5
TGCCATGGCTTATAAG-1,0
TGCCATTACTAAAGAA-1,8
TGCCCGATAGTTAGAA-1,7
TGCCCGTACCGTTAAA-1,11
TGCCGAAAGCGTATTC-1,4
TGCCGATGTCATCAAT-1,6
TGCCGGATGTACGAGC-1,1
TGCCGTGGATCGTCCT-1,3
TGCCGTGGGACCCAAT-1,2
TGCCGTTCTTAATCGG-1,13
TGCCTAAATTTAATAG-1,4
TGCCTAATTGAAGATT-1,6
TGCCTGACATCGGTCA-1,4
TGCCTGATCAAACGAT-1,0
TGCCTTGCCCTTACGG-1,5
TGCCTTGGCCAGGCAA-1,4
TGCGAATATGGGATTT-1,1
TGCGACACCCTAGTGC-1,5
TGCGACGGCCGAACGT-1,5
TGCGAGAAACGTTACG-1,5
TGCGAGAATATTACCC-1,10
TGCGAGATGGCGGCCA-1,0
TGCGAGCCCTTCCGCG-1,7
TGCGATGCTAATGGCT-1,5
TGCGCAAAGCATTTGG-1,1
TGCGCCGTTAATAACG-1,6
TGCGCGATTAACGGAG-1,8
TGCGGACTTGACTCCG-1,7
TGCGGAGTAAAGGTGC-1,11
TGCGGCATAGTTCAAC-1,0
TGCGGGTATTGGGATC-1,1
TGCGGTCTACGAGTAA-1,12
TGCGGTGAAATTTCAT-1,10
TGCGTAAGAACCTGAT-1,10
TGCGTACGGCTAATTG-1,5
TGCGTCATGACTGAGC-1,5
TGCGTGATTGGGTGTC-1,5
TGCGTTTGTTGACACT-1,0
TGCTAAGTGTCTATTT-1,9
TGCTATACAAACGGAC-1,1
TGCTATGGCAAAGGGA-1,3
TGCTCAAAGGATGCAC-1,11
TGCTCACACAACAACC-1,0
TGCTCCACAGTTCTTA-1,6
TGCTCGGCGAAACCCA-1,11
TGCTCGGTGGGTCACC-1,1
TGCTCTGCCGGTTCAC-1,0
TGCTCTTGAGAGTTTG-1,7
TGCTGCGTCAGAGTTA-1,1
TGCTGGTTGGACAATT-1,8
TGCTGTTGAAGAACTC-1,8
TGCTTAGAGAGAATGC-1,3
TGCTTCCCAAGCAGTA-1,1
TGCTTGAAACCATGCA-1,9
TGGAAACGGAGTGAAC-1,5
TGGAACCACTGACACA-1,0
TGGAAGAAGGGAACGT-1,10
TGGAAGACGAACACCA-1,10
TGGAAGGATAAAGATG-1,1
TGGAATATCCTTGACC-1,0
TGGAATTAGACGCTTT-1,2
TGGACACCGTTGCTTG-1,2
TGGACCAATCTAAGAT-1,12
TGGACCACGGCGTTGA-1,5
TGGACGCAATCCAGCC-1,2
TGGACGTAGGCGAATC-1,5
TGGACTGTTCGCTCAA-1,1
TGGAGAATAATCGTCC-1,1
TGGAGCTAAAGTTCCC-1,7
TGGAGGGAAACACCTC-1,5
TGGAGTGATGCGATGA-1,0
TGGATAGAGTAACAGA-1,5
TGGATGGCATCTTGGA-1,7
TGGCAAACTAAATTAC-1,4
TGGCAACTCGCGCGCC-1,8
TGGCAAGCACAAGTCG-1,3
TGGCAATGGGACGGCG-1,6
TGGCACGAGCTCGAGT-1,0
TGGCAGATTACGATCA-1,0
TGGCAGCAGTAATAGT-1,0
TGGCATGAAGTTTGGG-1,5
TGGCCAAACTGAAGTA-1,13
TGGCCAATTTGGTACT-1,4
TGGCCGTATATTGACC-1,10
TGGCGACTGCTCCAAA-1,8
TGGCGATCAAGTTATG-1,3
TGGCGGTGTGCGATTG-1,2
TGGCTACACTCTACCT-1,7
TGGCTATGTGACATAC-1,12
TGGCTCTTGTCGCGTA-1,1
TGGCTTATGTATAATG-1,4
TGGCTTGTACAAGCTT-1,11
TGGCTTTGGGTAGACA-1,0
TGGGAAATGCCTTTCC-1,0
TGGGACCATTGGGAGT-1,11
TGGGATGCACTCATTC-1,7
TGGGCAATAGTTGGGT-1,6
TGGGCACAAACAGAAC-1,2
TGGGCACGTTCTATGG-1,7
TGGGCAGGCCACCGCA-1,6
TGGGCCACAAGAGCGC-1,0
TGGGCCCATACTAATT-1,9
TGGGCCTTGCCTGCAT-1,5
TGGGCGATACAATAAG-1,7
TGGGTAAGGTTCCCGC-1,0
TGGGTGCACAAGCCAT-1,7
TGGGTGGGATGTCATT-1,0
TGGGTGTAATAGATTT-1,1
TGGGTGTTAAGTAGAA-1,2
TGGGTTCCCGGACGGA-1,7
TGGGTTTCGGGCGTAC-1,3
TGGTAAGCAGGATTGA-1,1
TGGTACCGGCACAGCC-1,6
TGGTAGAATATATGGG-1,9
TGGTATCGCATCCCAA-1,0
TGGTATCGGTCTGTAT-1,7
TGGTCCCACGCTACGG-1,3
TGGTCGATATACCTCT-1,12
TGGTCGGGTACAGGGC-1,4
TGGTCGTGCAAGGCAA-1,2
TGGTCGTTTGATAGAT-1,0
TGGTCTAGCTTACATG-1,4
TGGTCTGTTGGGCGTA-1,0
TGGTGATCGTATTTGT-1,2
TGGTGCCCTGCCTTAC-1,4
TGGTGTGACAGACGAT-1,9
TGGTTAACTTACATTT-1,2
TGGTTAAGGGCGCTGG-1,1
TGGTTATGCTTGCGGT-1,9
TGGTTCAACGGGTAAT-1,4
TGGTTCGTAGCAAAGG-1,13
TGGTTGGAGGATCCTG-1,1
TGGTTTAAACGTGGGT-1,0
TGTAACTTGTCAACCT-1,9
TGTAAGACTGATAAGA-1,7
TGTAATGACCACAATA-1,1
TGTAATGCCTTCGGAC-1,10
TGTACCCGACCCTAAT-1,5
TGTACCTACACGAGGG-1,11
TGTACGAACAAATCCG-1,0
TGTACGCTATCAGCTT-1,4
TGTACTACTCTCACGG-1,5
TGTACTATCGCTCGTT-1,3
TGTACTGTGCCAAAGT-1,9
TGTAGCCAATTCCGTT-1,7
TGTAGCCATCCCATTC-1,6
TGTAGGAGAAATTTCC-1,0
TGTAGTGATCTATAAT-1,0
TGTATAACAGATCCTG-1,1
TGTATACGGATGATGA-1,7
TGTATCAGACTGAAGC-1,0
TGTATCCTTATTCCAT-1,7
TGTATGGCGCAGACAG-1,4
TGTATTTACCTAATGC-1,1
TGTCCACGGCTCAACT-1,7
TGTCCCGACATAGCAC-1,8
TGTCCGCAAACAATTC-1,7
TGTCCGTGGCGCCTTT-1,2
TGTCCTAAGTCACCGC-1,0
TGTCGGCATGGTGGAA-1,5
TGTCGTGGGTATAGGC-1,2
TGTCGTTATCACATAT-1,2
TGTCTACAGTTTCTGT-1,10
TGTGACTACGCCAGTC-1,0
TGTGACTAGAGTTTGC-1,3
TGTGAGACTAGCCCAA-1,3
TGTGATTCCAGCGCTT-1,7
TGTGCCAGAGGCAAAG-1,2
TGTGCCGGTGCCGGAA-1,6
TGTGCTTTACGTAAGA-1,0
TGTGGACTATCTACGT-1,6
TGTGGAGGAAGCTTAA-1,2
TGTGGCAAAGCGTATG-1,1
TGTGGCGGGCTTCTGG-1,4
TGTGGCTCCCACCAAC-1,6
TGTGGTAGGGTGCCTT-1,6
TGTGGTTGCTAAAGCT-1,12
TGTGTAGTAGCACGTG-1,6
TGTGTCGAAGTCGAGG-1,2
TGTGTCGCGAGTTGCA-1,7
TGTGTGACCATGAATC-1,9
TGTGTTCGTATCCAAG-1,0
TGTTAACAAAGTGACT-1,4
TGTTCATAAATGTGCT-1,5
TGTTCCGCTTCCATGA-1,10
TGTTCCGGCCTGAGCT-1,7
TGTTCGTATTGCGGTG-1,10
TGTTCTCATACTATAG-1,6
TGTTCTTCCATTGACT-1,4
TGTTGATCACTGTTTA-1,1
TGTTGCCGTCGTCCCA-1,6
TGTTGGCTGGCGGAAG-1,6
TGTTTAATACTTCATC-1,1
TGTTTCGGTACTTCTC-1,1
TGTTTCTGAAGCGTGC-1,9
TGTTTGAGATCGTCAG-1,13
TTAAACAGAGTCCCGC-1,4
TTAAACCGGTAGCGAC-1,1
TTAAACCTGGTTCCTT-1,2
TTAAACTCGAATTCAT-1,7
TTAAAGGCGATGCTCG-1,2
TTAACACCTCGAACAT-1,11
TTAACCAACCCTCCCT-1,0
TTAACGAACAAGCAGT-1,0
TTAACGTCGCAAGACC-1,8
TTAACGTTAAAGCCTG-1,2
TTAACTCACGCGTGGA-1,1
TTAACTGATCGTTTGG-1,6
TTAACTTCAGGTAGGA-1,10
TTAAGACGAACGAACC-1,11
TTAAGATACCCAGAGA-1,3
TTAAGATAGGATTGAC-1,9
TTAAGCCGACAACTTC-1,11
TTAAGCGCCTGACCCA-1,10
TTAAGGATACGGAGGT-1,5
TTAAGGCCCGTACTTT-1,2
TTAAGTATTGTTATCC-1,3
TTAATCAGTACGTCAG-1,11
TTAATGCGAGGTAACT-1,1
TTAATGTAGACCAGGT-1,1
TTAATGTGTTTGCAGG-1,5
TTAATTGCTTTGGGTG-1,12
TTAATTTCAGACGCGG-1,0
TTACAACTACGCATCC-1,2
TTACACGATCTGCGAC-1,6
TTACAGACCTAAATGA-1,2
TTACATCGTGGCCTGG-1,1
TTACATGCCACAACTA-1,4
TTACCATTGATTACCC-1,0
TTACCCATTGCCGGGT-1,1
TTACCCTAACAGTCCT-1,11
TTACCCTAGGGATTGG-1,3
TTACCGCCTTAGGGAA-1,5
TTACGGATGGTTCGAG-1,7
TTACGGTGTCACCGAG-1,5
TTACGTAGCGCGTGCT-1,0
TTACGTATCTATGACA-1,6
TTACTAAAGGACTTTA-1,9
TTACTATCGGCTTCTC-1,1
TTACTCCGGCCGGGAA-1,1
TTACTCTGGTACGTAC-1,10
TTACTGGGATATTTCA-1,0
TTACTGTCTAGAGCTC-1,0
TTACTGTTTCTCTACG-1,1
TTAGAAGAACATGACT-1,12
TTAGAATAAGGGTCGG-1,7
TTAGACACGATCGTTG-1,2
TTAGACGAGTCACCTC-1,4
TTAGAGGGATATACAG-1,4
TTAGAGTATTGTCGAG-1,3
TTAGAGTTTAGAAGGA-1,11
TTAGATAGGTCGATAC-1,9
TTAGCAACATGGATGT-1,1
TTAGCATCCCTCACGT-1,2
TTAGCCATAGGGCTCG-1,3
TTAGCGAATAGATAGG-1,7
TTAGCTCTGTAATCCG-1,2
TTAGCTGATTTGCCGT-1,10
TTAGGATGGGAGGGTA-1,6
TTAGGTCATAACCGAC-1,3
TTAGGTGTGACTGGTC-1,9
TTAGTAAACCTGCTCT-1,12
TTAGTAGGGCGGCGGG-1,4
TTAGTTATTCGTGGCA-1,4
TTAGTTCAAGTGTTCG-1,8
TTATAGATGCACATTA-1,2
TTATAGGTAATTGTCT-1,12
TTATAGTCCAAGGTGC-1,1
TTATATACGCTGTCAC-1,0
TTATATTTGGCAATCC-1,0
TTATCATACTCGCAAA-1,5
TTATCCAATCGAACTC-1,2
TTATCCGGGATCTATA-1,6
TTATCCTCAAGGAATA-1,2
TTATCGCCTGCGAAGC-1,5
TTATCTGACATTAGGA-1,2
TTATCTGTATCATAAC-1,4
TTATGACAAACTGGAT-1,10
TTATGCGTCCCGGTCC-1,2
TTATGTTTGCGATAGA-1,1
TTATTAGAGCGTGTTC-1,0
TTATTAGGGAAGCATC-1,10
TTATTATCTGGAAGGC-1,6
TTATTTAGGTTCCTTA-1,6
TTATTTCATCCCAAAC-1,11
TTCAAAGTCTCTAGCC-1,1
TTCAACGACCCGACCG-1,0
TTCAAGCCGAGCTGAG-1,11
TTCAATACTCTGAATC-1,0
TTCAATTAGCCATAAT-1,0
TTCACGAAAGGATCAC-1,8
TTCACGGTCGTCACGT-1,8
TTCACTCGAGCACCTA-1,3
TTCACTTCCTAGAACG-1,3
TTCAGAGTAACCTGAC-1,5
TTCAGCCCTGGTCCAC-1,12
TTCAGCTGGCGTGCCC-1,5
TTCAGGCGTCAAAGCC-1,11
TTCAGTTCAAGAGGAG-1,1
TTCAGTTTGTGGCAGC-1,4
TTCATAGCCTTGTAAC-1,5
TTCATAGGGTGTCCAT-1,9
TTCATGGCGCAACAGG-1,11
TTCCAATCAGAGCTAG-1,1
TTCCAATCTGGCTATC-1,8
TTCCACACAGATTTGA-1,8
TTCCACATTTCTCGTC-1,1
TTCCAGACGAGATTTA-1,6
TTCCAGTGGGTTTCGT-1,2
TTCCATCATGCGGTGA-1,7
TTCCATCGACAGCGTG-1,6
TTCCCGACGCTTCACT-1,1
TTCCCGGCGCCAATAG-1,1
TTCCGCGTGAGGCGAT-1,8
TTCCGGCCTTGAGGCT-1,5
TTCCGGCTCGACTTCT-1,0
TTCCGGTATCTGTGTC-1,4
TTCCGGTTACCCACTT-1,9
TTCCTCGAGGGTGTCT-1,1
TTCCTCGGACTAACCA-1,4
TTCCTCTGCCCGAATA-1,1
TTCCTTTCTGTGTTGC-1,5
TTCGAACGAAACATGC-1,4
TTCGACAGAGCCCGTG-1,3
TTCGACGGGAAGGGCG-1,8
TTCGAGCCGGCGCTAC-1,1
TTCGCACTCGCGTGCT-1,0
TTCGCACTGTACGACA-1,3
TTCGCATCCGGAAGCA-1,5
TTCGCCGCTCGCGCTA-1,2
TTCGCGCGCCATACGA-1,8
TTCGCTAGGAAGTTGT-1,6
TTCGGACTGATGCCTT-1,7
TTCGGACTGGGCATGG-1,4
TTCGGCAACCCGCTGA-1,2
TTCGGCTAGAGATGGT-1,5
TTCGGGACTAATCGCG-1,0
TTCGGGCGCTAGTCTT-1,3
TTCGGGTTGCCACGGG-1,6
TTCGGTACTGTAGAGG-1,7
TTCGGTGGAGACGCCC-1,6
TTCGTAATCCCAGCGG-1,8
TTCGTGCATGTTATAG-1,3
TTCGTGGGCTGGAAGC-1,1
TTCGTTCAACGAAGTT-1,0
TTCTAACCGAAGCTTA-1,0
TTCTACCTCAATCGGT-1,3
TTCTACCTTTATGTTG-1,8
TTCTACTTGCGAGGGC-1,1
TTCTAGAAAGTCTTAT-1,3
TTCTAGGCCAATTGTG-1,0
TTCTATGCCTTTCGCA-1,11
TTCTATTAAACGCAGC-1,3
TTCTCAATTGCTACAA-1,2
TTCTCTTACAGGTGAT-1,2
TTCTGACCGGGCTCAA-1,4
TTCTGCCGCGCCTAGA-1,8
TTCTGCGAGCGCCCTT-1,7
TTCTGCTAGACTCCAA-1,0
TTCTGTTTCCTGTCGC-1,2
TTCTTAGTGAACGGTG-1,5
TTCTTAGTGGCTCAGA-1,10
TTCTTATCCGCTGGGT-1,6
TTCTTCCCTTTGATAT-1,0
TTCTTCGCAATAGAGC-1,1
TTCTTGAGCCGCGCTA-1,5
TTCTTGCTAGCATCTC-1,6
TTCTTGGACGATCTGC-1,9
TTCTTGGAGTAATGAG-1,1
TTCTTGTAACCTAATG-1,8
TTCTTGTGTCCATCAG-1,5
TTCTTTGGTCGCGACG-1,0
TTGAAACCCTCATTCC-1,6
TTGAAAGGTGTAAAGG-1,7
TTGAACGAATCCTTTG-1,5
TTGAACGACGTGCTGA-1,11
TTGAAGAATTCCCAGG-1,0
TTGAAGGATGGGCGCC-1,2
TTGAATATGGACTTTC-1,0
TTGAATCGTTGTATAA-1,4
TTGAATTCACGTGAGG-1,10
TTGACAGGAGCTCCCG-1,6
TTGACATGAACGTGGA-1,10
TTGACCAGGAACAACT-1,3
TTGACCGTGTTAATGA-1,5
TTGACGATTCAGCACG-1,5
TTGACGCTCCATGAGC-1,4
TTGACTACCATATGGT-1,10
TTGACTATTGTCCGGC-1,4
TTGAGAAGTTTAGCAT-1,4
TTGAGAGTACTGCTAA-1,10
TTGAGCAGCCCACGGT-1,4
TTGAGCGCCACGTGAT-1,4
TTGAGGCATTTAACTC-1,0
TTGAGGGTCGAACGCG-1,1
TTGAGTCCCGCTGCTG-1,4
TTGATAGTCAATACAT-1,12
TTGATCTAACTTTGTC-1,0
TTGATGCCGCTCGTCG-1,7
TTGATGTGTAGTCCCG-1,0
TTGATTAGCTGTTTCT-1,0
TTGATTATGCAGATGA-1,12
TTGCAAGAAGACTCCT-1,7
TTGCACAATTCAGAAA-1,0
TTGCACGGAGCAGCAC-1,2
TTGCAGGTCATGAAGT-1,7
TTGCATGCTGATCACG-1,10
TTGCCAAGCAGAACCC-1,4
TTGCCATAGCCCGCTC-1,5
TTGCCCTGATCACGGG-1,0
TTGCCGCAGACCTACA-1,2
TTGCCGCTTTCTAGTA-1,11
TTGCCGGTGATCCCTC-1,7
TTGCCTAATCCAAAGT-1,1
TTGCCTTCTCGCCGGG-1,7
TTGCGCACAACCACGT-1,3
TTGCGCTCTCTCGCTT-1,13
TTGCGCTTGATCAATA-1,3
TTGCGGAAAGCTGCCC-1,7
TTGCGGCATCAGAAAG-1,3
TTGCGGCGACTCATGC-1,0
TTGCGTAGTTTGAGGA-1,1
TTGCGTCGGCCAACCG-1,5
TTGCGTGAACGCTTAG-1,2
TTGCGTGTGTAGGCAT-1,7
TTGCTAGCTACCAATC-1,5
TTGCTCATAGTACGTG-1,7
TTGCTCCCATACCGGA-1,0
TTGCTGAAGGAACCAC-1,1
TTGCTGATCATGTTCG-1,0
TTGCTGCACCTATCCA-1,7
TTGCTGGCCGGGCTTC-1,1
TTGGAAGAATACAGTC-1,9
TTGGACATGTGGCTTA-1,8
TTGGACCATCTGGCAA-1,6
TTGGACCTATAACAGT-1,3
TTGGAGTCTCCCTTCT-1,1
TTGGATATCGTCTACG-1,8
TTGGATCGACTTCTGG-1,8
TTGGATTGGGTACCAC-1,11
TTGGCCAAATTGTATC-1,2
TTGGCCATCTTGCGCT-1,1
TTGGCCTAGAATTTCG-1,1
TTGGCGATCCGAATAT-1,12
TTGGCTCAATATGTGT-1,6
TTGGCTCGCATGAGAC-1,0
TTGGGAAGACGAGCCG-1,7
TTGGGACACTGCCCGC-1,0
TTGGGACGTAAGAGTT-1,6
TTGGGCGGCGGTTGCC-1,2
TTGGTATGGCTTGTGT-1,12
TTGGTCACACTCGTAA-1,8
TTGGTGCGGTGTTGAA-1,7
TTGGTTCGCTCAAAGG-1,4
TTGGTTGCGGTGCGCG-1,5
TTGTAACTTCATAGCG-1,0
TTGTAAGGACCTAAGT-1,0
TTGTAATCCGTACTCG-1,0
TTGTACACCTCGAACA-1,2
TTGTATCACACAGAAT-1,11
TTGTCACCGCGGTATC-1,2
TTGTCGTTCAGTTACC-1,13
TTGTCTCGGCAAGATG-1,4
TTGTGAACCTAATCCG-1,4
TTGTGAGGCATGACGC-1,0
TTGTGCAGCCACGTCA-1,4
TTGTGCGGAAGCGGAT-1,2
TTGTGGAGACAGCCGG-1,1
TTGTGGCCCTGACAGT-1,0
TTGTGGTAGGAGGGAT-1,5
TTGTGGTATAGGTATG-1,0
TTGTGGTGGTACTAAG-1,3
TTGTGTATGCCACCAA-1,11
TTGTGTTTCCCGAAAG-1,3
TTGTTAGCAAATTCGA-1,0
TTGTTCAGTGTGCTAC-1,0
TTGTTCTAGATACGCT-1,9
TTGTTGGCAATGACTG-1,0
TTGTTGTGTGTCAAGA-1,0
TTGTTTCACATCCAGG-1,5
TTGTTTCATTAGTCTA-1,5
TTGTTTCCATACAACT-1,10
TTGTTTGTATTACACG-1,9
TTGTTTGTGTAAATTC-1,2
