,SpatialGlue
AAACAACGAATAGTTC-1,1
AAACAAGTATCTCCCA-1,6
AAACAATCTACTAGCA-1,1
AAACACCAATAACTGC-1,2
AAACAGAGCGACTCCT-1,1
AAACAGCTTTCAGAAG-1,2
AAACAGGGTCTATATT-1,2
AAACAGTGTTCCTGGG-1,4
AAACATGGTGAGAGGA-1,4
AAACATTTCCCGGATT-1,3
AAACCACTACACAGAT-1,1
AAACCCGAACGAAATC-1,6
AAACCGGAAATGTTAA-1,1
AAACCGGGTAGGTACC-1,2
AAACCGTTCGTCCAGG-1,3
AAACCTAAGCAGCCGG-1,4
AAACCTCATGAAGTTG-1,1
AAACGAAGAACATACC-1,1
AAACGAAGATGGAGTA-1,3
AAACGAGACGGTTGAT-1,6
AAACGCCCGAGATCGG-1,1
AAACGCTGGGCACGAC-1,1
AAACGGGCGTACGGGT-1,3
AAACGGGTTGGTATCC-1,1
AAACGGTTGCGAACTG-1,4
AAACGTGTTCGCCCTA-1,1
AAACTAACGTGGCGAC-1,1
AAACTCGGTTCGCAAT-1,4
AAACTCGTGATATAAG-1,1
AAACTGCTGGCTCCAA-1,1
AAACTTAATTGCACGC-1,3
AAACTTGCAAACGTAT-1,2
AAAGAATGACCTTAGA-1,4
AAAGAATGTGGACTAA-1,3
AAAGACATGAAGTTTA-1,1
AAAGACCCAAGTCGCG-1,1
AAAGACTGGGCGCTTT-1,1
AAAGCTTGCCTACATA-1,1
AAAGGCCCTATAATAC-1,4
AAAGGCTACGGACCAT-1,4
AAAGGCTCTCGCGCCG-1,3
AAAGGGATGTAGCAAG-1,1
AAAGGGCAGCTTGAAT-1,1
AAAGGTAAGCTGTACC-1,1
AAAGTAGCATTGCTCA-1,2
AAAGTCACTGATGTAA-1,1
AAAGTCGACCCTCAGT-1,1
AAAGTGCCATCAATTA-1,1
AAAGTGTGATTTATCT-1,6
AAAGTTGACTCCCGTA-1,6
AAATAACCATACGGGA-1,1
AAATAAGGTAGTGCCC-1,1
AAATACCTATAAGCAT-1,1
AAATAGCTTAGACTTT-1,6
AAATAGGGTGCTATTG-1,1
AAATCCGATACACGCC-1,4
AAATCGCGGAAGGAGT-1,2
AAATCGTGTACCACAA-1,1
AAATCTAGCCCTGCTA-1,1
AAATGACTGATCAAAC-1,4
AAATGATTCGATCAGC-1,1
AAATGCTCGTTACGTT-1,5
AAATGGCATGTCTTGT-1,1
AAATGGCCCGTGCCCT-1,2
AAATGGTCAATGTGCC-1,5
AAATGTATCTTATCCC-1,5
AAATGTGGGTGCTCCT-1,1
AAATTAACGGGTAGCT-1,1
AAATTAATAAGCGCGA-1,1
AAATTACACGACTCTG-1,1
AAATTACCTATCGATG-1,1
AAATTCCAGGTCCAAA-1,6
AAATTGATAGTCCTTT-1,4
AAATTGCGGCGGTTCT-1,1
AAATTGGTGAGAAGCA-1,1
AAATTTACCGAAATCC-1,1
AAATTTGCGGGTGTGG-1,3
AACAACTGGTAGTTGC-1,5
AACAATACATTGTCGA-1,4
AACAATTACTCTACGC-1,1
AACACACGCTCGCCGC-1,1
AACACGACTGTACTGA-1,1
AACACGAGACGCGGCC-1,2
AACACGCGGCCGCGAA-1,1
AACAGCTGTGTGGCAA-1,4
AACAGGAAATCGAATA-1,1
AACAGGATGGGCCGCG-1,1
AACAGGTAGTATGGAT-1,1
AACATAGCGTGTATCG-1,4
AACATATCAACTGGTG-1,1
AACATCGATACGTCTA-1,1
AACATTGAAGTTGATC-1,4
AACATTGGTCAGCCGT-1,1
AACATTGTGACTCGAG-1,4
AACCAAGACTTCTCTG-1,1
AACCAGTATCACTCTT-1,1
AACCATAGGGTTGAAC-1,3
AACCATGGGATCGCTA-1,5
AACCCAGAGACGGAGA-1,5
AACCCATCCCATGATC-1,2
AACCCGACAACCCGTG-1,4
AACCCGAGCAGAATCG-1,1
AACCCGATAGGGCTTC-1,1
AACCCGCTGTATTCCA-1,4
AACCCTACTGTCAATA-1,6
AACCCTGGTGGAACCA-1,1
AACCGAGCTTGGTCAT-1,1
AACCGCTAAGGGATGC-1,6
AACCGTTGTGTTTGCT-1,1
AACCTAAAGCCGTCCG-1,1
AACCTCGCTTTAGCCC-1,3
AACCTGTCACGGAATT-1,6
AACCTTTAAATACGGT-1,3
AACCTTTACGACGTCT-1,1
AACGAAAGTCGTCCCA-1,2
AACGACCTCCTAGCCG-1,3
AACGATAATGCCGTAG-1,1
AACGATAGAAGGGCCG-1,5
AACGATATGTCAACTG-1,1
AACGCATGATCTGGGT-1,1
AACGCGAACGGCAACA-1,1
AACGCGACCTTGGGCG-1,4
AACGCGGTCTCCAGCC-1,1
AACGCTGTTGCTGAAA-1,1
AACGGACGTACGTATA-1,1
AACGGCCATCTCCGGT-1,2
AACGTACTGTGGGTAC-1,2
AACGTAGTCTACCCAT-1,1
AACGTCAGACTAGTGG-1,5
AACGTCATCCGGCTTG-1,4
AACGTCGCTGCACTTC-1,1
AACGTGATGAAGGACA-1,1
AACGTGCGAAAGTCTC-1,1
AACGTTATCAGCACCT-1,5
AACGTTCTACCATTGT-1,1
AACTACCCGTTTGTCA-1,6
AACTAGCGTATCGCAC-1,1
AACTAGGCTTGGGTGT-1,3
AACTCAAGTTAATTGC-1,1
AACTCCAGAGCGTGTT-1,3
AACTCCTAATCCCATG-1,1
AACTCGATAAACACGT-1,1
AACTCGATGGCGCAGT-1,5
AACTCTCAATAGAGCG-1,6
AACTCTCAGTGTGCTC-1,3
AACTGAGGTCAGCGTC-1,1
AACTGAGTTATACTGA-1,1
AACTGATATTAGGCCT-1,1
AACTGGGTCCCGACGT-1,1
AACTGGGTTCGAGCCG-1,1
AACTGGTGTGGGCCTT-1,1
AACTTCTGCGTCTATC-1,5
AACTTGCCCGTATGCA-1,1
AACTTGCGTTCTCGCG-1,5
AACTTTACGGGAGCTT-1,1
AACTTTAGCTGCTGAG-1,1
AACTTTCTCGATCATG-1,1
AAGAAATCACCAGATT-1,1
AAGAAGGATCAGTTAG-1,5
AAGACATACGTGGTTT-1,3
AAGACCAAATAACTCA-1,4
AAGACCCAACTGAACA-1,4
AAGACTAACCCGTTGT-1,1
AAGACTCACGCCCACT-1,1
AAGACTGCAAGCTACT-1,1
AAGAGATGAATCGGTA-1,1
AAGAGCTCTTTATCGG-1,6
AAGAGGATGTACGCGA-1,1
AAGAGGCATGGATCGC-1,6
AAGAGGCCCTTTGGAA-1,1
AAGATGGCACCGGACC-1,4
AAGATTGGCGGAACGT-1,1
AAGCACCCTGCGTATC-1,3
AAGCATACTCTCCTGA-1,1
AAGCCACTTGCAGGTA-1,4
AAGCCGAAGCGGTTTA-1,6
AAGCCGCCGTGAAATC-1,4
AAGCCGCTTTACCTTG-1,1
AAGCCGGAGAGCAGGA-1,1
AAGCGCAGGGCTTTGA-1,4
AAGCGGAGTGCGCGCA-1,1
AAGCGGCGTCATGGGT-1,1
AAGCGTCCCTCATCGA-1,4
AAGCTAGATCGAGTAA-1,1
AAGCTCGTGCCAAGTC-1,1
AAGCTCTTTCATGGTG-1,3
AAGGAGAACTTATAAG-1,1
AAGGAGCGGTTGGTGC-1,5
AAGGATCGATCGCTTG-1,6
AAGGATGAGGGACCTC-1,1
AAGGCAGGCTGTCTCC-1,6
AAGGCGCGTAAAGCTT-1,5
AAGGCTGTGCTCATCG-1,5
AAGGGAACGACTGGCT-1,2
AAGGGACAGATTCTGT-1,1
AAGGGACTATGCATTC-1,4
AAGGGTTAGCCATGCG-1,1
AAGGGTTTGATTTCAG-1,3
AAGGTATCCTAATATA-1,1
AAGGTGATAAACCAGC-1,6
AAGTAAGCTTCCAAAC-1,1
AAGTAGAAGACCGGGT-1,5
AAGTAGTGACGCGAGG-1,1
AAGTCAATTGTCGTCA-1,6
AAGTCTAGTAGCTGCC-1,1
AAGTCTTCTGTGGCCT-1,5
AAGTGACGACCGAATT-1,1
AAGTGAGTCGGGTTTA-1,4
AAGTGCAAAGGTAGAC-1,1
AAGTGCCTTGACTGTA-1,6
AAGTGCGTTAGAATCT-1,2
AAGTGCTTCTCTATTG-1,4
AAGTGTTTGGAGACGG-1,1
AAGTTCACTCCAAGCT-1,3
AAGTTCAGTCTGCGTA-1,1
AAGTTCGGCCAACAGG-1,2
AAGTTGTGATGTTATA-1,3
AAGTTTACTAATGGCA-1,1
AAGTTTATGGGCCCAA-1,4
AATAACAACGCTCGGC-1,1
AATAACACTAGAACAA-1,3
AATAACGTCGCGCCCA-1,1
AATAAGTCCTCGAGAC-1,1
AATAATCTTCGTATCG-1,1
AATACAATGTTTCAGG-1,5
AATACCGGAGGGCTGT-1,4
AATACCTGATGTGAAC-1,1
AATAGAACAGAGTGGC-1,3
AATAGAATCTGTTTCA-1,1
AATAGCAAGCCTCCTG-1,1
AATAGCTACCGCGTGC-1,1
AATAGGCACGACCCTT-1,4
AATAGTCCGTCCCGAC-1,3
AATAGTCGCGAGTCGG-1,1
AATATCAAGGTCGGAT-1,1
AATATCCTAGCAAACT-1,2
AATATCGAATCAATGC-1,6
AATATCGAGGGTTCTC-1,1
AATATTGGAGTATTGA-1,1
AATCAGACTGCAGGAC-1,1
AATCAGGTTTCATTTA-1,4
AATCATGTAAAGACTC-1,1
AATCCAAGGGCCTGAG-1,5
AATCCATGCAAGGGTG-1,1
AATCCCGCTCAGAGCC-1,4
AATCGAGGTCTCAAGG-1,4
AATCGCCTCAGCGCCA-1,6
AATCGCGCAGAGGACT-1,6
AATCGGGACACTACGA-1,1
AATCGGTATAGCCCTC-1,3
AATCGTGAGCCGAGCA-1,4
AATCTAGGTTTACTTG-1,2
AATCTATGCCGGAGCC-1,1
AATCTCTACTGTGGTT-1,1
AATCTGCGTTGGGACG-1,6
AATCTGGCTTTCTAGT-1,2
AATCTGGGTAGACCCT-1,1
AATGACAGCAATGTCT-1,3
AATGACGTAGGATGTC-1,1
AATGACTGTCAGCCGG-1,5
AATGAGTTCGCATATG-1,5
AATGATGATACGCTAT-1,1
AATGATGCGACTCCTG-1,1
AATGCAACCGGGTACC-1,5
AATGCACCAAGCAATG-1,1
AATGGTCCACCGTTCA-1,1
AATGGTTCTCACAAGC-1,5
AATGTATGGCACTGTA-1,3
AATGTGCCCGAGGTGT-1,2
AATGTGCTAATCTGAG-1,4
AATGTTAAGACCCTGA-1,4
AATGTTGTCGTGAGAC-1,3
AATTAAAGGTCGGCGT-1,2
AATTAACGGATTTCCA-1,3
AATTACGAGACCCATC-1,3
AATTACTCGTACGCTC-1,1
AATTAGCGCTGCAGCG-1,1
AATTATACCCAGCAAG-1,4
AATTCATAAGGGATCT-1,1
AATTCATTGTCATGCA-1,3
AATTCCAACTTGGTGA-1,1
AATTCCAAGCATGTAC-1,4
AATTCGATTCGAGGAT-1,4
AATTCTAGAGTTAGGC-1,1
AATTGAACGCTCTGGT-1,1
AATTGCAGCAATCGAC-1,3
AATTGCGTGGATTACA-1,4
AATTGTGGTTGCCAAA-1,3
AATTTGGGACATAGTA-1,1
AATTTGGTTCCAAAGA-1,1
ACAAACCATGCGTCCT-1,4
ACAAACCGACAAGGCG-1,1
ACAAACTCCATCAGAG-1,4
ACAAAGAAGGTAGGCC-1,1
ACAAAGCATGACCTAG-1,3
ACAAATCGCACCGAAT-1,1
ACAAATGGTAGTGTTT-1,1
ACAAATTCAGATCTGA-1,1
ACAACAGCATGAGCTA-1,1
ACAACGGTCCCTGCGA-1,5
ACAAGCAGTGCCTAGC-1,1
ACAAGCTATATGGAAG-1,1
ACAAGGAAATCCGCCC-1,1
ACAAGGACAAGAGGTT-1,1
ACAAGGATGCTTTAGG-1,3
ACAAGGCCTACCAGCC-1,1
ACAAGGGCAGGCTCTG-1,1
ACAATAGTCGTACGTT-1,2
ACAATCCATTTAAACC-1,1
ACAATCGATCTTTATA-1,1
ACAATGAATACGGAGA-1,4
ACAATGATTCTTCTAC-1,1
ACAATTGTGTCTCTTT-1,1
ACAATTTAGGAGGCTC-1,1
ACAATTTGAGCAGTGG-1,1
ACAATTTGGCCATATT-1,6
ACACAAAGACGGGTGG-1,5
ACACAAATATTCCTAG-1,1
ACACACCAGGACCAGT-1,6
ACACACTTTCTACACG-1,1
ACACATGATCAAATCT-1,4
ACACATTGACGCAACA-1,1
ACACATTTCCGTAGAC-1,4
ACACCACATAATTAGC-1,1
ACACCCAGCATGCAGC-1,5
ACACCCGAGAAATCCG-1,5
ACACCGAGCGCTCTTT-1,1
ACACCGGTCTGACCGC-1,4
ACACCTTAAGTAGGGC-1,5
ACACCTTACTACTTGC-1,6
ACACGAGACTCCTTCT-1,1
ACACGGCACTATGCAT-1,1
ACACGGGAACTTAGGG-1,1
ACACGTAGGCCACAAG-1,1
ACACTCCAATGTCACT-1,5
ACACTGATCAAGGTGT-1,3
ACACTGGGACAGTCGT-1,1
ACAGAACTGAGAACAA-1,2
ACAGATTAGGTTAGTG-1,1
ACAGCATAGAGCCAGT-1,1
ACAGCGACATTCTCAT-1,1
ACAGCGCACCCGCAGC-1,1
ACAGGAGGCGCAGCCG-1,1
ACAGGCACGGATCCTT-1,3
ACAGGCTTGCCCGACT-1,1
ACAGGTGGAGGTGAGG-1,3
ACAGGTGTGTTGTTGC-1,1
ACAGTAATACAACTTG-1,2
ACAGTATACCGTGGGA-1,1
ACATAAGTCGTGGTGA-1,4
ACATAATAAGGCGGTG-1,1
ACATACAATCAAGCGG-1,1
ACATCAGCTGGGACGC-1,1
ACATCCCGGCCATACG-1,3
ACATCCTGGTAACTGT-1,6
ACATCGATCGTTTACC-1,1
ACATCGCAATATTCGG-1,4
ACATCGGTCAGCCGCG-1,2
ACATCGTATGCAATGG-1,1
ACATCGTTAACCTAGT-1,1
ACATCTCAACGCGTAA-1,1
ACATGGCGCCAAAGTA-1,6
ACATGGCTCAATTTAG-1,1
ACATTAGTTTATATCC-1,3
ACATTCGCGCGGAATA-1,3
ACATTTGAAACCTAAC-1,1
ACCAAACACCCAGCGA-1,1
ACCAAACTAGAAATCC-1,1
ACCAACACCACACACT-1,1
ACCAACCGCACTCCAC-1,3
ACCAACGCTTATTTAT-1,3
ACCAAGAACGCGTGTC-1,5
ACCAAGTCATCGGCAG-1,3
ACCAATATGCAAGTTA-1,3
ACCACAACTCAGAACA-1,1
ACCACAAGTTTCTATC-1,5
ACCACACGGTTGATGG-1,4
ACCACCAATGTAACAA-1,6
ACCACCCTCTCTTCTA-1,1
ACCACGTGCAGCTATA-1,1
ACCACTGTTCAAGAAG-1,1
ACCAGACCATAACAAC-1,1
ACCAGCCCGGTCTTTG-1,1
ACCAGGAGTGTGATCT-1,1
ACCAGTGCCCGGTCAA-1,1
ACCAGTGCGGGAGACG-1,6
ACCATATCCGCAATAA-1,1
ACCATCCGCCAACTAG-1,2
ACCATCGTATATGGTA-1,2
ACCATTAAGGGTGTCA-1,1
ACCCAACGCCCGTGGC-1,1
ACCCACCTACATGCTC-1,5
ACCCATCTTGAGGGTA-1,1
ACCCATTTGTCCCTCT-1,3
ACCCGAGCGAAATTAC-1,4
ACCCGATTGGTTCCGA-1,4
ACCCGGAAACTCCCAG-1,3
ACCCGGAGCACCACAA-1,1
ACCCGGATGACGCATC-1,6
ACCCGGTTACACTTCC-1,2
ACCCGTAGTCTAGTTG-1,3
ACCCGTGTCATCAGTA-1,3
ACCCTATAGGACTGAG-1,5
ACCCTATGCCATATCG-1,4
ACCCTCCCGTCAGGGC-1,3
ACCCTCCCTTGCTATT-1,1
ACCCTGGTAACGCCCT-1,1
ACCCTTCATCTGCGAA-1,1
ACCCTTGCCTGGGTCG-1,1
ACCCTTTAGTTCTCCA-1,1
ACCGAAAGGGCCCTGC-1,1
ACCGAAGAGTCTGGTT-1,4
ACCGACACATCTCCCA-1,4
ACCGACTGAGTCCCAC-1,1
ACCGAGTCTCCTTATT-1,4
ACCGATAGGCATAACC-1,1
ACCGATATTTAATCAT-1,1
ACCGATGGTAGCATCG-1,6
ACCGCAATAACTGCCT-1,1
ACCGCGGTGGAAGTCG-1,6
ACCGCTAGTCATTGGT-1,4
ACCGGGCCTTTGTTGA-1,6
ACCGGTCAGGTACACC-1,4
ACCGGTCTGAGTACGG-1,1
ACCGTCCACTGGGCCC-1,4
ACCGTGACCACGTGGG-1,4
ACCGTTCCCGCTCTGA-1,1
ACCTAAGTACCTTTCA-1,2
ACCTAATCGACTTCCT-1,1
ACCTACAGTATGTGGT-1,6
ACCTACTATAAATCTA-1,4
ACCTCAGCGAGGCGCA-1,1
ACCTCCGCCCTCGCTG-1,1
ACCTCCGTTATTCACC-1,6
ACCTCGAACTTATGCT-1,4
ACCTGCGTGTCATGTT-1,2
ACCTTTCCTTTAGAAG-1,1
ACGAAATGGGCGGCAC-1,1
ACGACCCATGAGTTGC-1,1
ACGACTCTAGGGCCGA-1,4
ACGACTGGTCATACTC-1,4
ACGAGAACCCATCACG-1,5
ACGAGATATTTGCTTA-1,1
ACGAGGATACCACTCT-1,2
ACGAGGTTTACAACGT-1,4
ACGAGTACGGATGCCC-1,1
ACGAGTCGCCGGCGTT-1,1
ACGATACATAGAACTA-1,1
ACGATACCTATCCTGA-1,1
ACGATCATACATAGAG-1,5
ACGATCATCTTGTAAA-1,6
ACGATGCATATGTTAT-1,1
ACGATGGATCCGATGC-1,1
ACGCAAACTAATAGAT-1,4
ACGCAATCACTACAGC-1,1
ACGCATAAATGACATG-1,1
ACGCATACGTTTACTA-1,1
ACGCATTCGTGAGTAC-1,1
ACGCCACTCGAAACAG-1,4
ACGCCAGATGATTTCT-1,1
ACGCCAGTGCGTTTGC-1,4
ACGCCCAGCTGTCGAT-1,1
ACGCCGCTAGACGACC-1,1
ACGCCTGACACGCGCT-1,1
ACGCGAAGTCAGACGA-1,3
ACGCGCTACACAGGGT-1,2
ACGCGGGCCAAGGACA-1,1
ACGCGTTTCTTAAGAG-1,5
ACGCTACTGAATGGGC-1,1
ACGCTAGTGATACACT-1,1
ACGCTGTGAGGCGTAG-1,1
ACGCTTAGTGTCTCTC-1,1
ACGGAACACGAGTGCC-1,1
ACGGAATTTAGCAAAT-1,5
ACGGACTCTCAAAGCG-1,3
ACGGAGCGCAAATTAC-1,1
ACGGATGGTGCGGATA-1,3
ACGGCACTTGCTTGGG-1,3
ACGGCCAACATGGACT-1,3
ACGGCGACGATGGGAA-1,1
ACGGCGGGTTGCCCTG-1,1
ACGGCTGGATGTAGAA-1,2
ACGGGAGTGTCGGCCC-1,2
ACGGGCGTATGCGACA-1,1
ACGGGTCATGTGACTT-1,5
ACGGTACAGTTCAATG-1,3
ACGGTCACCGAGAACA-1,4
ACGTACAGATTTCTCT-1,1
ACGTACTTTGGCACGG-1,4
ACGTAGATTGCTGATG-1,1
ACGTAGGAGAGTCGCT-1,4
ACGTATTACTCCGATC-1,6
ACGTCCTAAACGAGAT-1,1
ACGTCGGGCAACTCGG-1,4
ACGTCTCGTTCCGGGA-1,2
ACGTGACAAAGTAAGT-1,4
ACGTGCGCCTCGTGCA-1,1
ACGTGGTCGAATGTGC-1,1
ACGTTAATGTCGAAGA-1,1
ACGTTAGATTTGCCCG-1,1
ACGTTATTGGTCACTC-1,5
ACGTTCACTATGCCGC-1,4
ACGTTCCGCGCTCCGT-1,1
ACGTTCGCAATCAATT-1,6
ACGTTCGTTCAGGAAA-1,4
ACGTTCTGTACAAGTC-1,3
ACGTTGTCGTTGAAAG-1,4
ACGTTTAGTTGTGATC-1,1
ACGTTTCGGTGCACTT-1,1
ACTAAGGACGCACACC-1,1
ACTAATACGTCAGGCG-1,1
ACTACAAAGAGAGGTG-1,4
ACTACATCCCGACAAG-1,2
ACTACCAGCTCTCTGG-1,5
ACTACCATCCGAGGGC-1,4
ACTACGCGTTAGAATT-1,3
ACTAGTTGCGATCGTC-1,6
ACTATATGCTGTGTTC-1,1
ACTATCCAGGGCATGG-1,6
ACTATCGCCGGCTAAA-1,1
ACTATCTGCCCGCGTA-1,1
ACTATGTCCAGCTGCC-1,4
ACTATTCGTCCGTGGT-1,1
ACTATTTCCGGGCCCA-1,4
ACTCAACGAATGTATT-1,1
ACTCAAGTGCAAGGCT-1,2
ACTCAATAAAGGCACG-1,1
ACTCAGACCTGCTTCT-1,1
ACTCATGGCAGCCTTC-1,4
ACTCCAATATCATCAT-1,4
ACTCCCATTCCTAAAG-1,2
ACTCCCGAATTCGTTT-1,6
ACTCCCGTAGACTAGG-1,1
ACTCCCTAATGCTAAA-1,3
ACTCCCTAGAATAGTA-1,1
ACTCCGGCCGACCACT-1,4
ACTCGATGTATTTCAT-1,5
ACTCGCCGTTCGATAA-1,3
ACTCGCGATCTGACGC-1,1
ACTCGTAACCCGTCCT-1,2
ACTCGTCAGTAATCCC-1,6
ACTCTAAACCTGGGAT-1,5
ACTCTCTGACTTAGGT-1,1
ACTCTCTTATACACGA-1,1
ACTCTGACCTAATAGA-1,3
ACTCTTCAGCTCCCGC-1,6
ACTCTTGTATAGTAAC-1,1
ACTGAAACGCCGTTAG-1,1
ACTGAATGGCGAAAGT-1,1
ACTGATTTAGTGATTC-1,1
ACTGCCCGCCATTCTC-1,4
ACTGCCGTCGTAACTC-1,1
ACTGCGGACACACCGT-1,6
ACTGCTCGGAAGGATG-1,2
ACTGGCGAACCTGCGT-1,1
ACTGGGATGCCAGTGC-1,3
ACTGTACGATACACAT-1,1
ACTGTAGCACTTTGGA-1,5
ACTGTATACGCGAGCA-1,5
ACTGTCCAGGATTATA-1,1
ACTGTCTTCTTTAGAA-1,1
ACTGTGCTAGTAGATC-1,5
ACTGTTTAGTGTAGGC-1,1
ACTTACCGGGCGCGCA-1,1
ACTTACGCATCCACGC-1,3
ACTTAGTACGACAAGA-1,5
ACTTATACTTACCCGG-1,6
ACTTATCTGATCTATA-1,1
ACTTATTAGGATCGGT-1,1
ACTTATTTATGTGCCA-1,6
ACTTCAGGCTGATCCC-1,1
ACTTCCAGTGGAAGCT-1,2
ACTTCCATGCGGGACA-1,3
ACTTCGCCATACGCAC-1,1
ACTTCGCTAGCGAGTG-1,1
ACTTGACTCCCTCTTT-1,1
ACTTGCCATATTGTAC-1,1
ACTTGCTCTATCTACC-1,4
ACTTGGGACCCGGTGG-1,5
ACTTGGGCTTTCGCCA-1,4
ACTTGTAGTCCCTTCA-1,2
ACTTGTGGATGGAACG-1,6
ACTTGTTACCGGATCA-1,4
ACTTTACCCTCATGAA-1,6
ACTTTCCTATAGCTTC-1,5
ACTTTGACTGCATCCT-1,1
ACTTTGGTCGTGCTCC-1,2
ACTTTGTCGACGCACT-1,1
AGAAATTATGACTCGC-1,1
AGAACCCAGCGTGACA-1,6
AGAACCCTCAATTGGG-1,4
AGAACGTGGTACATTC-1,1
AGAACTGTACTTTGTA-1,1
AGAAGAGCGCCGTTCC-1,6
AGAAGGTACACTTCAC-1,2
AGAAGGTTGCCGAATT-1,2
AGAAGGTTGTAGGTCG-1,4
AGAAGTGATTCGTGAT-1,2
AGAATAAATCTTCAGG-1,1
AGAATACAGGCTATCC-1,1
AGAATGCGGGTTCGGA-1,1
AGAATTATGGATTCGA-1,6
AGAATTGTTTGACATA-1,5
AGACAGCTCAGAATCC-1,5
AGACAGGCATCTCAGC-1,1
AGACATAGATCCTTCC-1,1
AGACCAAACCACACCT-1,2
AGACCATGGGATACAA-1,5
AGACCCACCGCTGATC-1,1
AGACCCGCCCTCCTCG-1,5
AGACCGCTCCGCGGTT-1,6
AGACCGGGAAACCCTG-1,1
AGACGAAGTGCCGGTC-1,6
AGACGACGATGCCGCT-1,4
AGACGCCCACTTCGCC-1,1
AGACGGGATTGGTATA-1,1
AGACGGGCCGATTTAA-1,1
AGACTAGCCTTCCAGA-1,5
AGACTGTTACCGGGTC-1,4
AGAGAAACACCAGAAA-1,4
AGAGAACCGTCTAGGA-1,1
AGAGAAGGAGTACAAT-1,4
AGAGATCTCTAAAGCG-1,1
AGAGCAGTTATGAGAC-1,5
AGAGCCGCCGAGATTT-1,1
AGAGCGCTTGTAACGG-1,1
AGAGCGGGCTAATCAT-1,1
AGAGCGTACAAGCTCG-1,5
AGAGCTACGAAAGCAT-1,1
AGAGGCTTCGGAAACC-1,1
AGAGGGACAATTGTCC-1,1
AGAGGTATCTCGGTCC-1,1
AGAGTAAACTTCACTA-1,6
AGAGTATAGTGTTACG-1,1
AGAGTCTTAATGAAAG-1,1
AGAGTTAGAGACCGAT-1,1
AGAGTTGCAGGCCTCC-1,1
AGATAACTTCAGGGCC-1,1
AGATACCAATAGAACC-1,3
AGATACCAGCACTTCA-1,1
AGATACCGGTGTTCAC-1,2
AGATACGACTTCATAT-1,5
AGATACTCAAGATCGA-1,1
AGATATAATACGACTA-1,4
AGATCGTGCATAAGAT-1,1
AGATCTCAGGTGTGAT-1,1
AGATGACTCGCCCACG-1,5
AGATGAGGGTTGCGAT-1,1
AGATGATGGAGTCTGG-1,1
AGATGCAAGACGTGCA-1,4
AGATGCATCCTGTGTC-1,2
AGATGCTATAACGAGC-1,1
AGATTATAGGACGTTT-1,1
AGATTCAAGCGGGTCG-1,1
AGATTCACAACCGATA-1,2
AGCAAAGGCCGCTAGT-1,3
AGCAACATATCTTATT-1,6
AGCAACCGAAAGTAAT-1,2
AGCACACGTTTAGACT-1,4
AGCACCAGTACTCACG-1,1
AGCACTACCGGCCTGT-1,1
AGCACTACCTCACCAG-1,1
AGCACTTAAGGACGCC-1,1
AGCAGAAGGAGAAAGA-1,4
AGCAGCCAGATGAATA-1,3
AGCAGTCGAAGCATGC-1,4
AGCATATCAATATGCT-1,1
AGCATCATTTCGAAAG-1,2
AGCATCGTCGATAATT-1,5
AGCATTACGAGGCAAG-1,3
AGCCAAGCTTTGTGTC-1,3
AGCCACAGGTTACCCG-1,3
AGCCACTCCCGTGCTT-1,1
AGCCATATAGTATGTG-1,4
AGCCCATACATGTAAG-1,2
AGCCCGCAACAAGCAG-1,4
AGCCCGCACTACAATG-1,1
AGCCCGGCATTAGAGG-1,4
AGCCCGGTAGCCTGTA-1,4
AGCCCTAAGCGAAGTT-1,1
AGCCCTCCCTGGTGGC-1,4
AGCCCTGTCGCACCGT-1,6
AGCCCTTCTAATCCGA-1,1
AGCCCTTGGACATCCC-1,1
AGCCGCAAATTCAAAT-1,1
AGCCGCTTGATTAGCG-1,1
AGCCGTGGCTAAATGT-1,2
AGCCTAATACCCACGT-1,2
AGCCTTAAAGCGGAAG-1,5
AGCGACAGGAACGGTC-1,3
AGCGACATCCCATTCA-1,5
AGCGACCAACGATATT-1,5
AGCGACTTTGAAGACA-1,4
AGCGAGACGTGAAGGC-1,2
AGCGATGCGCCTAATA-1,3
AGCGCATAATGAATCG-1,3
AGCGCGGGTGCCAATG-1,1
AGCGCTAGAGCGATGT-1,6
AGCGCTTATGGGCAAG-1,1
AGCGGACACTTCGTAG-1,4
AGCGGCGGTTAGCGGT-1,2
AGCGGGAAGGGTCCAT-1,5
AGCGGGTCTGACACTC-1,4
AGCGGTTGAGATGTAC-1,1
AGCGGTTGCCGCTCTG-1,1
AGCGTACGAGAGCTAG-1,1
AGCGTAGCGCTAGACC-1,1
AGCGTCTGAACCCGCA-1,1
AGCGTGGTATTCTACT-1,1
AGCGTTCCGATTTAAA-1,1
AGCTAACAAGCAATGT-1,4
AGCTAAGCTCCGTCCG-1,4
AGCTAAGTACGCAGGC-1,3
AGCTACGAATGGTGGT-1,1
AGCTAGAAGCAGAAGT-1,1
AGCTATTTAATCCAAC-1,1
AGCTCCATATATGTTC-1,1
AGCTCCTTCGCACATC-1,1
AGCTCGTTGATGGAAA-1,1
AGCTCTAGACGTTCCA-1,6
AGCTCTTCCCAGTGCA-1,1
AGCTCTTCGTAACCTT-1,6
AGCTCTTTACTCAGTT-1,2
AGCTGAAGTAAACCAA-1,1
AGCTGCATTTGAGGTG-1,1
AGCTGTAACCTCAATC-1,2
AGCTTATAGAGACCTG-1,1
AGCTTCAATACTTTGA-1,1
AGCTTCTTCTCGAGCA-1,3
AGCTTGATCTTAACTT-1,1
AGGAAAGCCTCTGATG-1,1
AGGAACGAACGACTTC-1,1
AGGAAGCTGTCCGCCG-1,3
AGGACAGTCGAATCCC-1,6
AGGACATCGCACGTCG-1,5
AGGACATCGGCACACT-1,3
AGGACGACCCATTAGA-1,2
AGGACGCTCGATGTTG-1,1
AGGACTTATAGGAGAA-1,1
AGGAGACATCCACAGT-1,1
AGGAGAGTCTGGCTAC-1,1
AGGAGCGTTTATTATC-1,1
AGGAGGCCTTCGCGCG-1,1
AGGATAAAGTCGGGAT-1,3
AGGATATAGGGATTTA-1,6
AGGATATCCGACTGCA-1,3
AGGATCACGCGATCTG-1,2
AGGATTGCTTACGACA-1,1
AGGCAAAGAGGAATCA-1,1
AGGCAATACGGAGGAC-1,1
AGGCACGTGACTGTCC-1,1
AGGCAGATGCGTAAAC-1,1
AGGCAGGGAGCGTACT-1,3
AGGCATTGTCGTAGGG-1,6
AGGCCACATTGGTTAC-1,6
AGGCCACCCGTTATGA-1,5
AGGCCCAGTGACTGGT-1,1
AGGCCCATTGTACAGG-1,5
AGGCCCTAGAACGCCA-1,2
AGGCCTATCATACCAA-1,3
AGGCCTGAGAATCTCG-1,3
AGGCGATAACTGGCGT-1,1
AGGCGGTTTGTCCCGC-1,4
AGGCGTCTATGGACGG-1,1
AGGCTATGGTTAGCTT-1,1
AGGCTTAAGTTGCACA-1,4
AGGCTTCCCGAAGAAG-1,3
AGGCTTGCTAGACACC-1,1
AGGGAAACGAGGTACT-1,1
AGGGACAGCACGGCGG-1,1
AGGGACCGGCTGCGTT-1,1
AGGGACTCTACGCGAC-1,3
AGGGAGACATACTTCG-1,1
AGGGCAGCGGCGTGGT-1,1
AGGGCCCTAATGTTCT-1,1
AGGGCGAGCAGCTGAT-1,2
AGGGCGTGATCGGCTA-1,5
AGGGCTGCAGTTACAG-1,1
AGGGTCAGAGCACTCG-1,4
AGGGTCAGTAACCCTA-1,1
AGGGTCGATGCGAACT-1,6
AGGGTCTGGACGCAGT-1,3
AGGGTGCCGTTCTTTA-1,4
AGGGTGCTCTCGAGGG-1,6
AGGGTGGATAGTGCAT-1,1
AGGGTTCAGACGGTCC-1,4
AGGGTTCCCTTTGGTT-1,6
AGGGTTTAGTTCGGGA-1,1
AGGTAACCTCCTATTC-1,5
AGGTACGATATTGCCA-1,1
AGGTAGATCGAGATAT-1,4
AGGTAGGTACAAAGCT-1,1
AGGTATAATTGATAGT-1,1
AGGTATGCGGACATTA-1,6
AGGTCAGGTGAGAGTG-1,2
AGGTCGCCACTTCGGT-1,1
AGGTCGCCTCCCAACA-1,1
AGGTCGCGGAGTTACT-1,1
AGGTGCACGTCCACAT-1,3
AGGTGGTGACCTTCGC-1,4
AGGTGTATCGCCATGA-1,1
AGGTGTTGCCGACCAC-1,1
AGGTTACACCATGCCG-1,6
AGGTTCTCCTTTCCGG-1,2
AGGTTGAGGCACGCTT-1,1
AGGTTTCACACACCTT-1,1
AGTAACGTTCATCCTG-1,1
AGTAACTATAGCAGCC-1,3
AGTAAGGGACAGAATC-1,1
AGTAATCTAAGGGTGG-1,4
AGTAATGTCTTGCCGC-1,5
AGTAATTTGCAAGCGT-1,4
AGTACAGAAGCTTATA-1,4
AGTACATCATTTATCA-1,6
AGTACCTTCGAGTGCT-1,1
AGTACGGCCCGTATCG-1,1
AGTACGGGCACCTGGC-1,1
AGTACGTGGCCTGTCT-1,1
AGTACTCTTATGCCCA-1,3
AGTAGAAGGCGCCTCA-1,4
AGTAGCGTGAACGAAC-1,1
AGTAGCTAGACGCCGA-1,1
AGTAGGAAGGAAGTTG-1,1
AGTAGGTAACATACAT-1,5
AGTATAATACTAGGCA-1,5
AGTATACACAGCGACA-1,4
AGTATCCATAATAACG-1,1
AGTATGCTGGAGACCA-1,4
AGTATTTGGCACGACC-1,4
AGTCAAATGATGTGAT-1,4
AGTCAACACCACCATC-1,2
AGTCAAGATGACACTT-1,1
AGTCACTAGCTCTCGA-1,1
AGTCACTCCGCCTCAT-1,1
AGTCAGCCACCGCCTG-1,5
AGTCCAGCGGGTACGT-1,1
AGTCCATTGGCTGATG-1,6
AGTCCCGCCTTTAATT-1,1
AGTCCCTCGCAGAAAG-1,1
AGTCGAAACGATTCAG-1,4
AGTCGAATTAGCGTAA-1,1
AGTCGACGGTCTCAAG-1,6
AGTCGGCCCAAACGAC-1,5
AGTCGGCTCAACTTTA-1,2
AGTCGGTTGCGTGAGA-1,6
AGTCGTATAAAGCAGA-1,3
AGTCGTCGACCACCAA-1,3
AGTCGTGGGCATTACG-1,2
AGTCTAAAGTATACTC-1,1
AGTCTCACAAGACTAC-1,4
AGTCTGGACATCCTTG-1,5
AGTCTTCTCCTCAAAT-1,1
AGTCTTTAAAGTGTCC-1,4
AGTGAACAAACTTCTC-1,6
AGTGAAGATGGTGTCC-1,1
AGTGACCTACTTTACG-1,1
AGTGACTGTGACACAA-1,4
AGTGAGACTTCCAGTA-1,6
AGTGAGCCTCGCCGCC-1,6
AGTGAGGGTTTCTGAC-1,1
AGTGAGTCGAATTAAC-1,3
AGTGATAACCTGCGCG-1,3
AGTGATATGAGTAGTT-1,2
AGTGATTCAAGCAGGA-1,1
AGTGCACGCTTAAGAA-1,1
AGTGCGTAGCTCGTAA-1,2
AGTGCTAAACACAGCA-1,3
AGTGCTTGCACGAATA-1,6
AGTGGCCCGCAAATGG-1,4
AGTGGCGGCAATTTGA-1,1
AGTGGCGTCTGAAGGT-1,3
AGTGGCTCCGTCGGCC-1,1
AGTGGGAGTATACACG-1,1
AGTGGTGTTACCCGTG-1,2
AGTGGTTGCGTATAGG-1,1
AGTGTATTGCGCATTG-1,1
AGTGTGCTAAGATCGC-1,5
AGTGTGGTCTATTGTG-1,5
AGTTAAACACTTGCGA-1,2
AGTTAAGCGGTCCCGG-1,1
AGTTAAGTCAACCGCT-1,2
AGTTACCCTTAAGACT-1,1
AGTTACCGCACATGGT-1,1
AGTTACTCTATCGTGG-1,1
AGTTATTCAGACTGTG-1,1
AGTTATTGAAAGGTAA-1,1
AGTTCACCGGTTGGAC-1,5
AGTTCCTACAGAATTA-1,5
AGTTCCTATTTATGTT-1,1
AGTTCTGCGTTGTATC-1,5
AGTTGACATCGGCTGG-1,5
AGTTGACGGTCCTTGC-1,4
AGTTGCGGTCCTCAAC-1,4
AGTTGCTGACTGATAT-1,5
AGTTGGCAAGGCTAGA-1,3
AGTTTATGTAAAGACA-1,1
AGTTTCGCAGGTCGGA-1,5
AGTTTGCACCTGCCTC-1,3
AGTTTGGCACGGGTTG-1,6
AGTTTGGCCAGACCTA-1,3
ATAAACCATTGGACGG-1,1
ATAAACGGACCCGTAA-1,1
ATAAACGTTGCACCAC-1,1
ATAAAGGCTCGGTCGT-1,1
ATAAAGGTCAAGTACG-1,1
ATAAATATTAGCAGCT-1,1
ATAACGCCGGAGGGTC-1,6
ATAACGGAGTCCAACG-1,1
ATAACGTTACCTCCAC-1,1
ATAAGCAAACACCGAG-1,1
ATAAGGTGGAGAACAT-1,1
ATAAGTACCCGATTGT-1,1
ATAAGTAGGATTCAGA-1,1
ATAAGTAGGGCGACTC-1,6
ATAAGTTACCGCGACG-1,2
ATAATACCGTTAGCCG-1,5
ATAATAGCTGTTGAAT-1,1
ATAATAGTGTAGGGAC-1,5
ATAATCTTGGAGAACC-1,4
ATAATTAGCTAAGTAG-1,4
ATACAGGCCCTCCAAT-1,3
ATACCACGGGCAACTT-1,1
ATACCAGCAAATTGCT-1,1
ATACCAGGCTAATAGA-1,1
ATACCAGGTGAGCGAT-1,1
ATACCCTGGCTCAAAT-1,1
ATACCGTCATCCATAA-1,1
ATACCTAACCAAGAAA-1,3
ATACGAAGGCTTTCCA-1,6
ATACGAGGTTTGTAAG-1,4
ATACGCCGATCTACCG-1,1
ATACGCCGGCGAAACC-1,1
ATACGGAACGTCGTTT-1,2
ATACGGGTTTCGATTG-1,1
ATACGGTGAAGATGCA-1,1
ATACGTACTTAGCCAC-1,3
ATACGTCCACTCCTGT-1,6
ATACGTTATGCACGGA-1,4
ATACTACCCGTACCAC-1,1
ATACTAGCATGACCCT-1,5
ATACTCTCGCCACTCT-1,1
ATACTGCCTTACACCG-1,3
ATACTTGTTCTCGAGC-1,1
ATAGACAACGGGACCT-1,1
ATAGACGAAGAGAAAG-1,1
ATAGAGTACTGGGACA-1,5
ATAGAGTTATCAACTT-1,1
ATAGATTTGCAGTCGG-1,1
ATAGCAACTAGGGAAG-1,3
ATAGCCATAACAGTCA-1,1
ATAGCCTCAGTACCCA-1,5
ATAGCTGCTCTTGTTA-1,5
ATAGGAATCTAAGCTT-1,1
ATAGGCGGCTATAGAA-1,2
ATAGGCTAGCTTCGCA-1,1
ATAGGGATATCCTTGA-1,1
ATAGGTTGGGCAGATG-1,5
ATAGTCTTTGACGTGC-1,1
ATAGTGAAGCGTTCTC-1,1
ATAGTTCCACCCACTC-1,6
ATATAAAGCGCTCGTG-1,3
ATATAAATGTAGCTGC-1,1
ATATAACACGGGCGCA-1,3
ATATACATGTATGGTA-1,3
ATATACGCTCGTGACG-1,1
ATATAGAGTATTGGTC-1,3
ATATCAACCTACAGAG-1,6
ATATCAATTCCAGCCT-1,2
ATATCGGTAGGGAGAT-1,6
ATATCGTGCCAGACCC-1,1
ATATCGTTCCTCGAAC-1,3
ATATCTCCCTCGTTAA-1,1
ATATCTTAGGGCCTTC-1,1
ATATGGGATAGCAACT-1,4
ATATGTCTAGAGCGTG-1,4
ATATGTCTCCCTAGCC-1,6
ATATGTGCACAAACCA-1,1
ATATTATCCCGTATTT-1,1
ATATTCAGTTAAACCT-1,2
ATATTCCACATAGTGA-1,1
ATATTCCCACAGGTCA-1,5
ATATTGCTGTCAAAGT-1,5
ATATTGGAGAGGCCTT-1,1
ATATTTAACCCTCAAG-1,5
ATCAAACACTGTTCCA-1,6
ATCAAACGAAGGTTTG-1,3
ATCAAAGAGCCGTGGT-1,4
ATCAAGATCCCAGGAC-1,4
ATCAATCTGGGCTGCA-1,1
ATCAATGCCGTGGCTG-1,3
ATCACATTAGAATATC-1,1
ATCACGTGCTAATTAA-1,2
ATCACTTCATCCTCGC-1,1
ATCAGACGGCACGCCG-1,2
ATCAGCCTCATGCTGC-1,3
ATCAGCTCGTCCACTA-1,2
ATCAGGTAGCTGACAG-1,1
ATCAGGTCGCCATTGC-1,1
ATCAGTAGGCAGGGAT-1,1
ATCATAGATCGACGAG-1,4
ATCATAGCCCTATGTA-1,3
ATCATCCAATATTTGT-1,1
ATCATCTGCCCAGTGT-1,1
ATCATGGACTACCGAC-1,1
ATCATTGTACCGCATT-1,4
ATCCAACGCAGTCATA-1,5
ATCCAATGGAGGGTCC-1,2
ATCCAATGGTACCGAA-1,1
ATCCACATCGACAGAA-1,4
ATCCACGCTAAATGTT-1,1
ATCCACTTTCAGACTA-1,1
ATCCAGAGCAACAACC-1,3
ATCCAGGATTCGTGAA-1,2
ATCCCATCCACAGCGC-1,2
ATCCCATTTCCGTGGG-1,4
ATCCGGACCAGCCTGA-1,1
ATCCTACCTAAGCTCT-1,2
ATCCTGAATCGCTGCG-1,1
ATCCTGCGTGGAATGG-1,2
ATCCTGCTGCAGATAG-1,1
ATCCTTCTGAAAGAAC-1,6
ATCGACCCAATACAGA-1,1
ATCGACTCTTTCCGTT-1,5
ATCGCACGATTGTTCA-1,1
ATCGCACGCCGGGAGA-1,5
ATCGCCAGTCAACATT-1,6
ATCGCCGTGGTTCATG-1,1
ATCGCTGCGTGCAGCA-1,1
ATCGCTTTACGTCTCA-1,1
ATCGGAGACAGACGGC-1,1
ATCGGCAAGCAGTCCA-1,1
ATCGGTTACCTAGTAA-1,1
ATCGTATTCCGAGAAC-1,5
ATCGTCCAATCGAGTC-1,1
ATCGTGGAAAGTCTGG-1,4
ATCGTTAGCTAGCGGA-1,1
ATCGTTCACTTTCGCC-1,1
ATCTAACGTCCCTATG-1,1
ATCTAATATCCTACGG-1,3
ATCTACCATCTGCTCC-1,4
ATCTAGCTTGTGAGGG-1,4
ATCTATCGATGATCAA-1,1
ATCTCATAAACCTACC-1,1
ATCTCCCACGGAATAT-1,1
ATCTCCCTGCAATCTA-1,1
ATCTCGTGAGCGAAAC-1,1
ATCTGACATGGAAGGA-1,4
ATCTGATAGTGTCTTA-1,5
ATCTGCACCTCTGCGA-1,6
ATCTGCTGTTATCGCC-1,4
ATCTGGGCTGTTCTTG-1,3
ATCTGGTTAAGACTGT-1,1
ATCTGTAATTGTACCC-1,5
ATCTTAGGGCATTAAT-1,4
ATCTTATCGCACACCC-1,3
ATCTTGACCTGCAACG-1,5
ATCTTGACTTGTCCAA-1,6
ATCTTTCGTATAACCA-1,1
ATGAAGCCAAGGAGCC-1,5
ATGAAGTGGACCCAGC-1,1
ATGACGCCGGCTCTAA-1,5
ATGACGCGTTCTATCC-1,2
ATGACTATCAGCTGTG-1,4
ATGACTATGCGACATT-1,1
ATGAGGAGTGTTAATC-1,5
ATGAGGGCAGCGGCTA-1,6
ATGATCGGGAATAGAC-1,5
ATGATGCAATGGTACA-1,2
ATGCACCTTCCTTAAT-1,5
ATGCACGCGCTGTTCA-1,4
ATGCACTACCGCATTG-1,5
ATGCATGATCCAGGAT-1,5
ATGCATTCCGTGATGG-1,1
ATGCCAATCGCTCTGC-1,1
ATGCCATTTGCGACCA-1,6
ATGCCGGTCTTGCATA-1,6
ATGCCGGTTGATGGGA-1,1
ATGCGACAATTGGTCC-1,1
ATGCGACAGTCCCATT-1,1
ATGCGAGTCCCACCAC-1,6
ATGCTCAGTGTTGCAT-1,5
ATGCTCTGGCGCGGTA-1,3
ATGCTTAGGAGTTGAT-1,1
ATGGAAATTTAAGGAG-1,2
ATGGAACCTTTGCACA-1,6
ATGGACTGCTTAGTTG-1,4
ATGGAGCAGGCCGTGA-1,1
ATGGATCCGGCGTCCG-1,1
ATGGATTGACCAAACG-1,5
ATGGCAGCATTACGAT-1,4
ATGGCAGCCGAGAAAC-1,1
ATGGCCCGAAAGGTTA-1,1
ATGGCGGAATAGTCGC-1,1
ATGGCTGGAAATGGCC-1,1
ATGGGAACGGAAGCGG-1,1
ATGGGACCTGCTGAAC-1,4
ATGGGCCTCGGCCTCT-1,6
ATGGGTGTATACCTCC-1,4
ATGGTATTGGGAACCG-1,4
ATGGTATTTACTGATT-1,4
ATGGTCGCGTGGTTTC-1,6
ATGGTGCTCAAAGCCA-1,1
ATGGTTACGAAACATG-1,1
ATGTAAGGCTGCTCTT-1,6
ATGTACATGCGGTGAG-1,3
ATGTACGATGACGTCG-1,4
ATGTAGCGCGCGTAGG-1,4
ATGTCATAATAAACGA-1,4
ATGTCATTTCCCATTG-1,5
ATGTCTTGTTTGACTC-1,4
ATGTGAAAGCCTAATG-1,2
ATGTGCATCCGACGCA-1,5
ATGTGGACATCTTGAT-1,1
ATGTGTAGTTTAGTCA-1,1
ATGTTACGAGCAATAC-1,5
ATGTTCCTGCCCACCT-1,5
ATGTTCGTCGACCCAC-1,1
ATGTTGATTAGAGACT-1,4
ATGTTGTAGTCTGTTT-1,4
ATGTTTCGGCCCGGAG-1,1
ATGTTTGTAAGATCAT-1,1
ATTAAACATGCGGACC-1,1
ATTAAAGCGGACGAGC-1,1
ATTAACACCTGAGATA-1,1
ATTAATACTACGCGGG-1,1
ATTAATGAACCAGTCG-1,1
ATTAATTCGGTCACTC-1,1
ATTACAACTACCGGCC-1,1
ATTACATGTCAGTCTT-1,1
ATTACCACACTGCCTG-1,1
ATTACGACTCCACAGT-1,1
ATTACGCGCTGGCAGG-1,3
ATTACGGGCTACGGTT-1,2
ATTACTAGCCTCTTGC-1,5
ATTACTTACTGGGCAT-1,1
ATTAGATTCCTCAGCA-1,1
ATTAGATTGATAGCGG-1,5
ATTAGGCGATGCTTTC-1,1
ATTATACTTTGCTCGT-1,1
ATTATAGCTACTTTAC-1,1
ATTATCGGAATGTACG-1,4
ATTATCTCGACAGATC-1,1
ATTATGAGACCCAATT-1,4
ATTATGCCATAGGGAG-1,5
ATTATTATGTCCGTCA-1,4
ATTATTCAGAGTCACT-1,3
ATTCAAAGTACCTGTT-1,1
ATTCAACCATTTAAGG-1,1
ATTCACTGATGTTGGA-1,3
ATTCAGGACCTATTTC-1,1
ATTCAGGATCGCCTCT-1,1
ATTCAGTAGCAGGGTC-1,5
ATTCATATACTGTCCA-1,1
ATTCATCGTTGAGGCA-1,3
ATTCCCACATAAACAA-1,1
ATTCCCGAAGGTACAG-1,2
ATTCCTAAGACGTGGA-1,1
ATTCCTCCGCCAGTGC-1,5
ATTCCTTCCAGGCGGT-1,1
ATTCGACGCCGGGCCT-1,1
ATTCGCAGAGGACACT-1,1
ATTCGCGCCTTGAGAG-1,3
ATTCGTCCCGAGGTTA-1,1
ATTCGTGCTATCTCTT-1,6
ATTCGTGTACCCATTC-1,1
ATTCGTTTATCGTATT-1,1
ATTCTCGTCTCTTTAG-1,1
ATTCTGAGTATGAACT-1,1
ATTCTTCGTACTTATG-1,1
ATTGAAGATCTTAGTG-1,5
ATTGAATTCCCTGTAG-1,1
ATTGACCGGCGATGAC-1,1
ATTGACGTAACTCGGT-1,1
ATTGATAGCAACGAGA-1,5
ATTGATCACCACATTT-1,2
ATTGATGAGTCCTAAC-1,6
ATTGCCTATTAGACCG-1,4
ATTGCCTTTATGTTTG-1,4
ATTGCGATCAGTAACT-1,1
ATTGCTGCTCCTCCAT-1,1
ATTGGATTACAGCGTA-1,1
ATTGGGAATATCTTGG-1,5
ATTGGGAGTTCTGTAA-1,1
ATTGGTAGGATCCGCT-1,5
ATTGGTTGTGCATTAC-1,3
ATTGTACAACTCGGCT-1,6
ATTGTCGCAATACCTT-1,1
ATTGTCTGTTTCATGT-1,4
ATTGTGACTTCGCTGC-1,1
ATTGTTCAACGATCCG-1,1
ATTTAACTCGTATTAC-1,5
ATTTACAGTTTACTGG-1,1
ATTTACTAAGTCCATT-1,6
ATTTATACTGGTAAAG-1,4
ATTTCATTATTTCGCG-1,1
ATTTCCGGGTTCTGCG-1,4
ATTTGCCTAGTTACGA-1,1
ATTTGCGCGAGTAGCT-1,2
ATTTGGAGATTGCGGT-1,4
ATTTGTCTTGGGAGCT-1,6
ATTTGTTCCAGGGCTC-1,1
CAAACCAGGTCTGCAT-1,1
CAAACCATAAGCGTAT-1,1
CAAACCCTCCGGCGGG-1,4
CAAACGAGTATCGCAG-1,2
CAAACGGTCGCACTTT-1,5
CAAACGTGGTCTTGCG-1,1
CAAACTACGATAGAGA-1,1
CAAACTATTGAGCTTC-1,1
CAAACTCGCGACGCCG-1,6
CAAAGATTATTGGGCC-1,4
CAAAGGTCATCTGAAA-1,1
CAAAGGTTAAATTCAG-1,1
CAAAGTCAGGTTAGCT-1,1
CAAATCTCTCACAAGG-1,2
CAAATGCGGAGTGTTC-1,1
CAAATGTCCTTCCGTG-1,1
CAAATTGGATTATGCC-1,1
CAAATTGTCAGCAAGC-1,1
CAACACATCTCCTGCC-1,1
CAACAGAATAACGCTA-1,1
CAACAGTGCCAAACGG-1,1
CAACATGGCCTGATAA-1,1
CAACCAGTGGCCTACC-1,1
CAACCGCACCTAGACA-1,1
CAACCTACCGAGCAGT-1,3
CAACCTGAACCTGCCA-1,1
CAACGACCCGTTTACA-1,5
CAACGATCGATCCAAT-1,1
CAACGCGATGAGCCAA-1,4
CAACGGTTCTTGATAC-1,5
CAACGTGGTGGAGTCT-1,1
CAACTATATCGAATGC-1,1
CAACTCCAACGTTTAG-1,1
CAACTCCGTAACTTGC-1,1
CAACTCCTTGATCCCG-1,5
CAACTGAGGGTATGAC-1,1
CAACTGCTCATCCGAT-1,4
CAACTTGTAGTGGGCA-1,1
CAAGAAACCCTAAACT-1,1
CAAGACTCAGAAGCGC-1,1
CAAGAGGGCGGAGTAC-1,1
CAAGATATTATAACGT-1,6
CAAGCAACGTCGGAGT-1,1
CAAGCACCAAATGCCT-1,1
CAAGCGGCACATAATT-1,1
CAAGGATCGCATGTTC-1,1
CAAGGCCAGTGGTGCA-1,3
CAAGGGAGTGTATTTG-1,1
CAAGGTCCTATAGGCT-1,1
CAAGTAAGTGATAGAC-1,4
CAAGTCGTTGAAATCT-1,4
CAAGTGAACTTTGGTT-1,1
CAAGTGTGGTTGCAAA-1,6
CAATAAACCTTGGCCC-1,1
CAATACGAGAGTCTGA-1,6
CAATACGCTCTGAGGC-1,1
CAATATGTAGATTTAC-1,1
CAATATTCTTGACCTA-1,4
CAATATTGGACTAGTG-1,1
CAATCCATTATCCGTT-1,1
CAATCCCTATACCAGC-1,1
CAATCCTGCCGTGGAG-1,5
CAATGACCCTTAATTT-1,4
CAATGAGGTTCGACTA-1,1
CAATGCGAGAAGTATC-1,1
CAATGGAATCTACATA-1,1
CAATGGATCTCTACCA-1,1
CAATGGTCGGCCTGGG-1,1
CAATGTGCCAACCCTT-1,6
CAATTAAGGGTGATGA-1,1
CAATTGGGCCGCACTC-1,2
CAATTTCGTATAAGGG-1,1
CAATTTGACCGGGAAG-1,1
CACAAACCGCAGAACT-1,3
CACAAGAAAGATATTA-1,1
CACAAGCTAAGAAAGG-1,4
CACAATGAGCTGCTAT-1,2
CACACACGCTAACGAG-1,1
CACACAGCTTGCGCTC-1,6
CACACAGGGATAGATT-1,5
CACACGCGCTGTCTTA-1,6
CACACGTTTCAATGGG-1,1
CACACTTGTATTGCGA-1,1
CACAGAGACGAGGACG-1,4
CACAGCACCCACGGCA-1,5
CACAGCTAGGGAGTGA-1,5
CACAGGGCCATATAGT-1,1
CACAGGGCCGTTGTCA-1,4
CACAGTCCCGCTTCGC-1,1
CACAGTTCGCTTCCCA-1,1
CACATAAGGCGACCGT-1,1
CACATATTAGCAGGAT-1,1
CACATCGTGCACGCGC-1,4
CACATCTCACCGACGA-1,3
CACATGATTCAGCAAC-1,1
CACATGTTTGGACATG-1,1
CACATTCTTTCGATGG-1,1
CACATTTCTTGTCAGA-1,6
CACCAATCATCCGTCT-1,2
CACCACGCCACACAGA-1,1
CACCAGTCAGCATGCA-1,2
CACCATCGGAGGAGAC-1,1
CACCATGATCGCAAAG-1,1
CACCCAAATCTTATGT-1,1
CACCCACACGTCACCC-1,5
CACCCACGAGGCAATT-1,1
CACCCGCGTTTGACAC-1,1
CACCCGGTTTGTGACT-1,4
CACCCTAACAAGATCT-1,3
CACCCTTGGTGAGACC-1,2
CACCCTTTCCTCGCTC-1,1
CACCGATACACCGAGC-1,1
CACCGATGATGGGTAC-1,3
CACCGCCAGAAGGTTT-1,5
CACCGCCGACCAGCGA-1,1
CACCGCGTCCACTCTA-1,1
CACCGGAGATATCTCC-1,1
CACCGGGCATCACAAG-1,4
CACCGGTAGAGACATT-1,4
CACCGTATCCCATCCG-1,1
CACCGTTAGGGATCAC-1,3
CACCGTTGCGCGATAT-1,2
CACCTAATAGAGTCGT-1,5
CACCTAATCAGTTTAC-1,1
CACCTCGATGGTGGAC-1,1
CACCTTGCGAAACTCG-1,1
CACCTTGGCGCCTTTG-1,6
CACGAAAGTTAGTCCC-1,1
CACGACCACAGACTTT-1,1
CACGACGTAATAGTAA-1,1
CACGACTAAAGTTCTG-1,1
CACGAGCAAACCAGAC-1,4
CACGATTGGTCGTTAA-1,1
CACGCACAGCGCAGCT-1,1
CACGCAGCGAGGCTTT-1,5
CACGCGGAACTGTTGC-1,6
CACGGACGTGGATGGC-1,1
CACGGCGCGCCAAAGG-1,1
CACGGGATTGAGGGTT-1,1
CACGTCAATCAATGGA-1,1
CACGTCGGCAACCTCT-1,2
CACGTCGGGTTCTAGA-1,1
CACGTCTATGATGTGG-1,1
CACGTTCGTGCTCTAG-1,6
CACGTTTCGTACACAC-1,1
CACTAAAGTTGCCTAT-1,1
CACTACGGGAGCTGCC-1,1
CACTACTCAGTTCTGT-1,1
CACTCAAGAGCTATGG-1,1
CACTCAGCTCTTGAGG-1,1
CACTCCTATGTAAGAT-1,4
CACTCCTCTCGGTCGG-1,1
CACTCGAGCTGAACAA-1,1
CACTCGGTTAGGAGGA-1,1
CACTCTCAAGCATCGA-1,4
CACTCTTCTGCTAGCC-1,1
CACTGACGATTGTGGA-1,4
CACTGTCCAAGTGAGA-1,5
CACTTAATCAGACGGA-1,1
CACTTCGCCACAGGCT-1,5
CACTTCGTCTTATCTC-1,5
CAGAACTTAGCCCTCT-1,1
CAGAATAACACACGGA-1,1
CAGAATATTCGTTATC-1,6
CAGACACCGATCGCTG-1,3
CAGACCTGTAAGTGTT-1,6
CAGACGAACCTGATAC-1,3
CAGAGACGGTCACCCA-1,3
CAGAGCATGAGCTTGC-1,1
CAGAGCGATGGATGCT-1,2
CAGAGGCGATGCATGA-1,3
CAGAGTGATTTAACGT-1,1
CAGATAATGGGCGGGT-1,3
CAGATACTAACATAGT-1,5
CAGATATGAAGATGAC-1,4
CAGATCATTTAAAGTC-1,1
CAGATCCTGGTTTGAA-1,2
CAGATGTTTGTCCCAA-1,2
CAGCAGCCCGTTCCTT-1,1
CAGCAGTCCAGACTAT-1,6
CAGCAGTCTGTGCTGC-1,4
CAGCCCTCACAGGCAG-1,1
CAGCCGGGCCCTCTAT-1,1
CAGCCTCCTGCAGAGG-1,1
CAGCCTCGATAGCGGT-1,1
CAGCCTCTCCTCAAGA-1,1
CAGCGATTCCCTTCAA-1,3
CAGCGCCAACACGATA-1,1
CAGCTCACTGAGACAT-1,1
CAGCTCGACAAGTTAA-1,1
CAGCTCGTGCTTGTGT-1,5
CAGCTCTGGGCTCACT-1,4
CAGCTGGCGTAACCGT-1,2
CAGCTTAGTAGGTAGC-1,1
CAGGAAGACTTTATAT-1,1
CAGGACAGCTGCCCTT-1,1
CAGGATATATCGTTGT-1,1
CAGGATCCGCCCGACC-1,1
CAGGCAGTCTTACCAG-1,4
CAGGCCAGTACCACCT-1,4
CAGGCCGTTTGGGTGT-1,2
CAGGCGCACGGTGGTC-1,4
CAGGCGCCATGCTAGG-1,1
CAGGGAGATAGGCCAG-1,4
CAGGGCTAACGAAACC-1,1
CAGGTTTAGTACTACA-1,1
CAGTAACTATTTATTG-1,1
CAGTAAGGGACGTCTC-1,4
CAGTAATCCCTCCCAG-1,5
CAGTACATTCTCTAAA-1,1
CAGTACCAGTTTACGT-1,2
CAGTAGATGATGTCCG-1,1
CAGTAGCCCACGCGGT-1,1
CAGTAGCGAGGTAGTA-1,1
CAGTCCAACGCCTTCT-1,1
CAGTCGAGGATGCAAT-1,1
CAGTCGGCCTAGATAT-1,2
CAGTCTCTCGGCTAAT-1,1
CAGTCTGTATACTGGG-1,1
CAGTGAATAAATGACT-1,1
CAGTGGTTGCACATGA-1,5
CAGTGTCCGCAGAATG-1,5
CAGTGTCGGCTGGCCC-1,1
CAGTGTTAATCTCTCA-1,4
CAGTTCAAATTGACAC-1,5
CAGTTCCGCGGGTCGA-1,5
CAGTTCGAGGACCCGA-1,4
CATAACGGACAGTCGT-1,6
CATAAGAAGCTTGGCT-1,3
CATAAGCTCTCCGTCT-1,1
CATAATGAGCGGGCGA-1,1
CATACAAAGCCGAACC-1,5
CATACACAAAGTCAGC-1,4
CATACACGGTTCCCAC-1,4
CATACCCGTACCCAGT-1,1
CATACGAACTAGCTGG-1,4
CATACGGCGTCTGGGC-1,1
CATACGGGTGCATGAT-1,1
CATACTATGTAATTGT-1,1
CATACTTAGGCAATAC-1,6
CATACTTCTTTCTCCG-1,4
CATAGAGGAGATACTA-1,3
CATAGCCGCCCGGGAT-1,5
CATAGCGTTGCCCACC-1,4
CATAGGGACACTTGTG-1,4
CATAGTACATTGAGAG-1,1
CATAGTAGCATAGTAG-1,5
CATAGTCAAATACATA-1,4
CATAGTCCACAAGAAC-1,2
CATAGTGGGCACGCCT-1,1
CATATACTACTGATAA-1,1
CATATAGGTACAGTCA-1,1
CATATGTCAGGCTACG-1,2
CATATTATTTGCCCTA-1,1
CATCAAACTGGCGCCC-1,1
CATCAACACCTACTAA-1,5
CATCATCTACCCGGAC-1,1
CATCATTACCCTGAGG-1,1
CATCCAATATAGTTTG-1,4
CATCCCGAGATTCATA-1,3
CATCCGCAGGCCCGAA-1,5
CATCCTCTCAAAGATC-1,1
CATCGAATGGATCTCT-1,1
CATCGCCCGCGGCCAA-1,5
CATCGGACGGGTTAAT-1,1
CATCGTCCGGTTACTA-1,5
CATCTACCCGAGAACG-1,1
CATCTAGTGAAGGGAA-1,6
CATCTATCCCGTGTCT-1,1
CATCTGCAGGATCATT-1,1
CATCTTACACCACCTC-1,6
CATGAACCGACATTTG-1,5
CATGAACCTCTTATCA-1,1
CATGACTTCGCTGAAT-1,6
CATGAGATGCACTCTC-1,3
CATGAGTCCATCACGG-1,4
CATGATACGGTGAAAC-1,4
CATGATCGCTTTGAGA-1,3
CATGATGCACAATTCT-1,1
CATGATGGAAGTTAGC-1,6
CATGCACATGAGAGGC-1,4
CATGCACGTGTTACTG-1,1
CATGCATGGAGACCCT-1,1
CATGCCAACTCGCAAA-1,2
CATGCGACCAGTTTAA-1,1
CATGCGTTAGACAGAA-1,5
CATGCGTTGAGAGGAG-1,4
CATGCTGGCTCCAATT-1,5
CATGGAAATGGGACCA-1,1
CATGGATTGTCTTCCG-1,1
CATGGCAGGAAGATCG-1,5
CATGGCTCCCTATGTC-1,5
CATGGGTATGCCTTAT-1,3
CATGGGTCGGGTGTGG-1,1
CATGGTAAGTAGCGTT-1,1
CATGGTATTAGTTTGT-1,3
CATGGTCTAGATACCG-1,5
CATGGTTTATTAATCA-1,3
CATGTAAGAGACATTT-1,1
CATGTAGGAGCGCCAA-1,1
CATGTCTCATTTATGG-1,1
CATGTGGGCTCATCAC-1,4
CATTACATAGATTGTG-1,1
CATTACGCAGGAAGGG-1,4
CATTACGTCGGCCCGT-1,1
CATTATAACAGGGTCC-1,1
CATTATCCCATTAACG-1,4
CATTATGCTTGTTGTG-1,5
CATTCACTGACAGCTA-1,1
CATTCAGGTCAGTGCG-1,1
CATTCCCATTCCGTCG-1,1
CATTCCCTAAGTACAA-1,5
CATTCGTCGTAGCGGT-1,1
CATTGATGAACACGCC-1,1
CATTGCAAAGCATAAT-1,1
CATTGCGAAATGGGCG-1,1
CATTGCGGGTCAATTC-1,1
CATTGTGTGCTAGATC-1,5
CATTTAGCGGACCATG-1,1
CATTTATCGTTCAAGA-1,1
CATTTCTAGCAGACTA-1,5
CATTTGAGTGGTACGT-1,3
CCAAACAGAACCCTCG-1,5
CCAAAGCAGTTGGTTG-1,1
CCAAAGTCCCGCTAAC-1,1
CCAAATAACAAGATTC-1,1
CCAAATCAAAGGGCAA-1,4
CCAACCTTATGTAACT-1,4
CCAACGATGCACTGAT-1,1
CCAACGCTTGCCAGGG-1,1
CCAACTTGATAGATCC-1,6
CCAAGAAAGTGGGCGA-1,3
CCAAGACTTCTGCGAA-1,5
CCAAGCGTAACTCGTA-1,1
CCAAGCTTGATCTCCT-1,1
CCAAGGAACAGAGAGG-1,5
CCAAGGTTGCCCTTTC-1,3
CCAAGTTTCTACAGAT-1,1
CCAATAGATTTCATCT-1,5
CCAATAGTGCCGTCGA-1,1
CCAATCGGTAGATCGA-1,1
CCAATGTCACAGCAAG-1,1
CCAATTACGGGTCGAG-1,1
CCAATTGAATGTTAAT-1,5
CCACAATGTACGTCTT-1,1
CCACACTGAGATATTA-1,1
CCACAGCTGAAATCAT-1,1
CCACAGTACCCATCCT-1,1
CCACATACTGCACCCA-1,1
CCACATGGCTCTTTAT-1,1
CCACCAACTTTACTGT-1,3
CCACCCAAGGAAAGTG-1,6
CCACCTGTATGGAATA-1,1
CCACGAATTTAACCTC-1,6
CCACGAGAAGAGAATC-1,1
CCACGGAGCCATAAGA-1,2
CCACGGCAGGTGTAGG-1,2
CCACGGTGCCCGGTAG-1,1
CCACGTAAATTAGACT-1,6
CCACTAAACTGAATCG-1,1
CCACTATCCGGGTCAC-1,1
CCACTCAGATCCGCAA-1,4
CCACTGGTGGCTGGTT-1,1
CCACTGTTTGGATTAA-1,1
CCACTTTCCTTCTAGG-1,1
CCAGAAACTGATGCGA-1,3
CCAGAAAGCAACTCAT-1,3
CCAGAGACAAAGCCGG-1,5
CCAGATAGTTGAGTGA-1,1
CCAGATGTAAATGGGT-1,1
CCAGCCTGGACCAATA-1,1
CCAGCGGGATCACCAG-1,1
CCAGCTACGCCTCATA-1,5
CCAGCTCGAACGCATT-1,3
CCAGCTGATGGTACTT-1,1
CCAGCTTCCGCCCGCA-1,1
CCAGGCTGGCGTCTGA-1,1
CCAGGGACGTGGCCTC-1,5
CCAGTAGTCTGATCCA-1,1
CCAGTCAAATCTCTTA-1,2
CCAGTCCATTATTCGA-1,1
CCAGTCTAGACGGCGC-1,1
CCAGTCTTGTCATAGA-1,3
CCAGTGAGCTCCTTGT-1,1
CCAGTGTACAGACCGA-1,4
CCAGTTCGGTAACTCA-1,4
CCATAAACAACCCGAC-1,1
CCATAACCTGTGCAGT-1,2
CCATACCTTTACTTGT-1,6
CCATACTCGCCTCTCC-1,1
CCATAGAGGCTGCCAG-1,2
CCATAGGTTGGCGTGG-1,5
CCATAGTCAGTAACCC-1,5
CCATATGGAAACTATA-1,1
CCATATTGGATCATGA-1,1
CCATCATAAGAACAGG-1,1
CCATCCATACCAAGTC-1,5
CCATCGCAGTTAAACT-1,1
CCATCTCACCAGTGAA-1,6
CCATCTTGTTCACAAT-1,1
CCATGCCCTAGATTTC-1,1
CCATGCCTGTTTAGTA-1,1
CCATGCTCTGCAGGAA-1,5
CCATGGCAAACGCTCA-1,4
CCATGGCCCTTGTACC-1,1
CCATGTTCATCTATAT-1,4
CCATTAGCGATAATCC-1,1
CCATTCCCTGCCCACA-1,1
CCATTGTTTCCTCCAT-1,1
CCATTTCTACCTATTA-1,1
CCCAAACATGCTGCTC-1,6
CCCAACATACGTCGCG-1,2
CCCAACCACACTAACA-1,1
CCCAAGAATGCACGGT-1,1
CCCAAGACAGAGTATG-1,1
CCCAAGTCATTACACT-1,3
CCCAATGAGATTTGCA-1,4
CCCAATTTCACAACTT-1,1
CCCACTCCACGGTATC-1,2
CCCAGAGGAGGGCGTA-1,1
CCCAGATTCCCGTGAC-1,4
CCCAGGAAGAATTCGA-1,4
CCCAGGTCTGAAGGCT-1,1
CCCAGTAAACTTGGGA-1,2
CCCAGTTAAGGCGCCG-1,1
CCCATATAGGTCGATT-1,3
CCCATTATTGTATCCT-1,1
CCCGAAGTTTCGCGAA-1,2
CCCGACCATAGTCCGC-1,1
CCCGAGTTTCTCCGTA-1,6
CCCGATAGCCTCGCCT-1,6
CCCGCAAATAATCATC-1,4
CCCGCAGCGCGAACTA-1,2
CCCGCAGGGCCCAAAG-1,1
CCCGCCATGCTCCCGT-1,5
CCCGCGCAATGCACCC-1,5
CCCGCTAGAGGGTTAA-1,1
CCCGCTTGCCCTCGTC-1,1
CCCGGCACGTGTCAGG-1,1
CCCGGCTAGGTGAGAA-1,1
CCCGGGTCGTTCAGGG-1,3
CCCGGTGGAAGAACCT-1,5
CCCGGTGTATCGGAAT-1,2
CCCGTAAGTCTAGGCC-1,1
CCCGTAGCTGGGAAGA-1,4
CCCGTCAGCGTCTGAC-1,5
CCCGTGACAGTGCCTT-1,4
CCCGTGAGGGCGGTGA-1,2
CCCGTGGGTTAATTGA-1,1
CCCGTTTCGCAGATGT-1,1
CCCTACCCACACCCAG-1,4
CCCTACTTGAACAATG-1,3
CCCTAGCTCTAAGGTC-1,3
CCCTAGGCAACAAGAG-1,2
CCCTAGTGTCAGGTGT-1,5
CCCTATGTAGAGCAGA-1,2
CCCTCAAGCTCTTAGT-1,5
CCCTCAGATCGAGAAC-1,2
CCCTCATCACAGAGTA-1,4
CCCTCATTCTGGAATT-1,5
CCCTCCTCGCTCGTAT-1,6
CCCTCGATAATACACA-1,2
CCCTCGGGAGCCTTGT-1,1
CCCTGAAATGAGTTGA-1,1
CCCTGACTAACAAATT-1,1
CCCTGATGTAACTCGT-1,5
CCCTGCCCAATCCGCT-1,1
CCCTGCGCTACGCATA-1,1
CCCTGGCTGTTCCTTC-1,1
CCCTGGGAGGGATCCT-1,4
CCCTGGTATGGGCGGC-1,1
CCCTGTTGGCAAAGAC-1,1
CCCTTCTCGTACGCGA-1,1
CCCTTTAATGGAGTTC-1,3
CCCTTTGACAGGTCTT-1,3
CCGAAAGTGGTGAGCA-1,5
CCGAACACTGGGCCTC-1,2
CCGAACCTTCCCGGCC-1,1
CCGAAGCATTGACCAA-1,4
CCGAAGGGCGTACCGC-1,1
CCGAAGTATATTGTTC-1,5
CCGACAAACACATGAG-1,5
CCGACAAAGGGAGTGC-1,1
CCGACAATAGGCCGCC-1,1
CCGACGGGCATGAGGT-1,2
CCGACGTAAACACAAC-1,1
CCGACTCGCATAGTCT-1,1
CCGAGAAGTCGCATAA-1,6
CCGAGCTGTGCTTGTC-1,1
CCGAGGGATGTTAGGC-1,1
CCGATATGACGTAAGG-1,1
CCGATCTCAACCTTAT-1,6
CCGATCTTAAGAGGCT-1,1
CCGATTCGAGGGACCC-1,1
CCGATTGGTCAATGAA-1,1
CCGCACAAAGACCAAC-1,6
CCGCACACGAACGTGT-1,6
CCGCACGTGACCTCGG-1,1
CCGCACTTGCAATGAC-1,3
CCGCATGTGGTACGAT-1,3
CCGCCACCACAATCCA-1,1
CCGCCGGAACTTCTCG-1,3
CCGCCGGTCAACACAC-1,5
CCGCCGTTGAGGATAA-1,6
CCGCCTGCGAATTGGT-1,1
CCGCCTTGCGATGTCG-1,2
CCGCGATTTGGTAGGT-1,1
CCGCGCAAGATACCCA-1,4
CCGCGGAATGCGTCAC-1,3
CCGCGGGTACGAAGAA-1,1
CCGCGTAGGTAAGGGC-1,1
CCGCTATCAGCACCAG-1,1
CCGCTCCAGGGCGATC-1,4
CCGCTCTTCCGAACTA-1,3
CCGCTGGTGCCATTCA-1,1
CCGCTTACCTCACTCT-1,2
CCGCTTCGCGGTTAAC-1,1
CCGCTTGCTGACATGG-1,1
CCGGAAGTGCAATATG-1,1
CCGGAAGTTATCAGTC-1,6
CCGGAATGGTTTCAGT-1,5
CCGGAGCGTACTTTCT-1,3
CCGGAGGTCTTATGGT-1,1
CCGGCACGACCGTTTC-1,1
CCGGCCGCGAGCATAT-1,4
CCGGCGCATATTGGAT-1,5
CCGGCGTGAGACTCTG-1,2
CCGGGACCCGCAGAGA-1,5
CCGGGCGGTCTCGTCA-1,6
CCGGGCTAAGAATTTC-1,4
CCGGGCTGCTCCATAC-1,1
CCGGGTTCGAGGTTAC-1,1
CCGGTAATGGCTAGTC-1,6
CCGGTATCTGGCGACT-1,4
CCGGTGCGAGTGATAG-1,1
CCGGTTTGTAATTGTG-1,4
CCGTAAGTTGGTCCCA-1,6
CCGTACCCAAGCGCCA-1,5
CCGTAGGAAATCCCTG-1,3
CCGTAGGGTTGTTTAC-1,1
CCGTATCTCGTCGTAG-1,2
CCGTATTAGCGCAGTT-1,1
CCGTCAACCTCTGGCG-1,4
CCGTGAGGCATTCATG-1,6
CCGTGCCCATGACGGC-1,5
CCGTGGAACGATCCAA-1,1
CCGTGTTAAATTCCAT-1,2
CCGTTACGTTAGAACA-1,1
CCGTTCCGAATCTCGG-1,1
CCGTTTCCTTTCCGTG-1,4
CCTAAACAGGGTCCGT-1,1
CCTAAAGGCTGACGCT-1,1
CCTAAATTAACGGTTC-1,1
CCTAAATTGTATCCTA-1,1
CCTAACCCAAACAAGT-1,1
CCTAACTAAGGCTCTA-1,1
CCTAAGTGTCTAACCG-1,1
CCTACAAGTCCGGAAT-1,1
CCTACAGTTGAGGGAG-1,4
CCTACATTCACAGACG-1,2
CCTACGCGACCTTACA-1,1
CCTACGGCTCAGTCGA-1,5
CCTACTCAACACGATT-1,1
CCTACTGCGGCGGCCA-1,1
CCTACTGCTTACACTT-1,5
CCTAGGCGTAGCGATC-1,6
CCTAGGTAAAGGTAGC-1,2
CCTAGTTAGTCGCATG-1,1
CCTATAATGAGTGCCC-1,1
CCTATACCGTCCTGTC-1,4
CCTATATCGTGTCACG-1,4
CCTATATTTGTCCTGG-1,4
CCTATCTATATCGGAA-1,1
CCTATGAAGTGGTGCC-1,6
CCTATGGCTCCTAGTG-1,4
CCTATGGGTTACCGTC-1,1
CCTATGGTCAAAGCTG-1,4
CCTATGTCCACTCCAC-1,3
CCTATTATTCCGGCCG-1,4
CCTCAACGATCGCTGT-1,2
CCTCACCAATCTTGAC-1,5
CCTCACCTGAGGGAGC-1,1
CCTCACCTTAGCATCG-1,1
CCTCACGTCAGCTAAT-1,1
CCTCATGCAGCTACGA-1,5
CCTCCCGACAATCCCT-1,1
CCTCCGACAATTCAAG-1,1
CCTCCTAGCTAGAGTC-1,4
CCTCCTGAGCCCACAT-1,1
CCTCCTGTTGTGTCGT-1,3
CCTCGAAGTGGACGGG-1,1
CCTCGACCCACTGCCT-1,1
CCTCGCCAGCAAATTA-1,1
CCTCGCGCGATATAGG-1,1
CCTCGCGCTGTGCGAT-1,3
CCTCGGACCGGGATAG-1,6
CCTCGGATGCTACCTG-1,1
CCTCGGTTTCCTTGCC-1,2
CCTCGTTACGCCTGTT-1,1
CCTCTAATCTGCCAAG-1,1
CCTCTACAAGGATTGG-1,4
CCTCTATCGATTAGCA-1,2
CCTCTCTCCCATCTAG-1,1
CCTCTGGCCTAGACGG-1,1
CCTCTGTACTATTCTA-1,3
CCTGAACGATATATTC-1,6
CCTGAATATTTACATA-1,1
CCTGACAAACTCGCGC-1,5
CCTGACCACCGATGGT-1,1
CCTGACGCAACCTTTA-1,1
CCTGAGAATAAATGCA-1,4
CCTGATTCGCGAAGAA-1,1
CCTGCCCGTTGTCTAG-1,1
CCTGCGATAGAACTGT-1,1
CCTGCGTTCTACGCTT-1,1
CCTGCTACAACCATAC-1,1
CCTGCTATTTGAGAAG-1,5
CCTGGAAACGTTCTGC-1,6
CCTGGCTAGACCCGCC-1,5
CCTGGTCGAATGTGGG-1,3
CCTGTAAGACATGATA-1,1
CCTGTACTCACGCCCA-1,1
CCTGTCACCCGGGCTC-1,1
CCTGTCCCTCACGTTA-1,6
CCTGTCGCCCGTAAAT-1,1
CCTGTCGTGTATGAAG-1,4
CCTGTGAAACCGTAAC-1,1
CCTGTGCATAGGAGAC-1,1
CCTGTGCGGATTGTAA-1,1
CCTGTTCAACCTCGGG-1,3
CCTGTTTGAAGACACG-1,3
CCTTAAGTACGCAATT-1,1
CCTTCAGTTAAAGTGA-1,4
CCTTCCGCAACGCTGC-1,4
CCTTCGTATAGAATCC-1,4
CCTTCTCAGCGTTCCT-1,2
CCTTCTTGATCCAGTG-1,1
CCTTGACCACTTTATT-1,1
CCTTGTGAACGTGGTT-1,4
CCTTTAAGGGAGCACT-1,4
CCTTTCAATGAAGAAA-1,1
CCTTTGAATTATGGCT-1,2
CGAAACATAGATGGCA-1,1
CGAAACGCAATTCATG-1,2
CGAACAGTATGGGCGT-1,1
CGAACATAGTCAGAAA-1,1
CGAACCCGCATGCGTC-1,3
CGAACCTCTTTCCTAG-1,4
CGAACGCCCAGTGCCG-1,1
CGAACGGCCGGACAAC-1,2
CGAAGACGGTGAGTGC-1,1
CGAAGACTGCCCGGGA-1,1
CGAAGATCAGTTTCAT-1,3
CGAAGCTATAAATTCA-1,1
CGAAGGGTTTCAGATT-1,4
CGAAGTTGCTCTGTGT-1,1
CGAATCTGCTCGACGC-1,4
CGAATGAAGTCATTGC-1,3
CGAATGACGCATAATG-1,4
CGAATGGTAGGTCGTC-1,2
CGAATTACATGGTGTT-1,1
CGAATTCCCGGTTCAA-1,1
CGACAATTTGATCTAA-1,6
CGACACCGCTTAAGGA-1,1
CGACACGCTCCGACAG-1,6
CGACACGGATGCCCAC-1,1
CGACAGTTCGCGTTAT-1,1
CGACATGCGATCTTCT-1,1
CGACCCTTAACGCCGG-1,2
CGACCGTTGGTATTCG-1,4
CGACCTACTAGACAAT-1,2
CGACGCATCCGTACCT-1,2
CGACTCAGGATGTTAT-1,1
CGACTCGGTACACGGT-1,1
CGACTTTGTATAGCCT-1,6
CGAGACCCTAGAGTGT-1,1
CGAGACTACTGCTGCT-1,4
CGAGAGATGTGAACCT-1,1
CGAGAGCGCGTAGATA-1,2
CGAGAGCTTTCACTAC-1,3
CGAGAGGGTAGCCGCG-1,1
CGAGATGTTGCCTATA-1,1
CGAGATTTCGCTCGGG-1,6
CGAGCACTTCAAGTTT-1,5
CGAGCCGAGCACTCGA-1,1
CGAGCGTTGATCAGCC-1,5
CGAGCTGGGCTTTAGG-1,1
CGAGGAGCTTCCATAT-1,1
CGAGGATCGGGAACGA-1,1
CGAGGCCAGGCATTGG-1,5
CGAGGCTAAATATGGC-1,1
CGAGGGACTGCGGTCG-1,6
CGAGGGTATCCAGGTG-1,4
CGAGTACTAAAGAGGA-1,2
CGAGTGAAGGTACCAG-1,4
CGAGTGCTATAGTTCG-1,5
CGAGTTCTGTCCCACC-1,1
CGAGTTTATCGGACTG-1,6
CGATAACCAATTTGAG-1,1
CGATAATACTCAGGTT-1,6
CGATACCTCGCGGACA-1,2
CGATAGCGATACAGTG-1,2
CGATAGTCGTACTGCA-1,4
CGATATTAGCCGCAGG-1,1
CGATCATTAGAGGCAC-1,1
CGATCCACCATTGTTG-1,4
CGATCCGACCCAGTGC-1,1
CGATCCTCGCAACATA-1,4
CGATCGAGAAGCACCA-1,4
CGATCTGTTGGAGGAC-1,2
CGATGGACCCTACGCC-1,1
CGATGTTGTTATCTAC-1,4
CGATTAAATATCTCCT-1,3
CGATTCGCCTGGCTGC-1,3
CGATTTGTCATTAATG-1,4
CGCAAACACGAGTTAC-1,5
CGCAATCGATCATTAG-1,5
CGCAATTACTTTCGGT-1,5
CGCAATTAGGGTAATA-1,5
CGCAATTCTACAATAA-1,5
CGCACATGTCCACTAC-1,6
CGCACGTCTGTTTATG-1,4
CGCACGTGCGCTATCA-1,6
CGCAGAAACATTTGCG-1,1
CGCAGATCTTCACCCG-1,1
CGCAGGCGATCCAAAC-1,1
CGCAGTTCTATCTTTC-1,1
CGCATCATGGCTTCAG-1,1
CGCATCCATCAGCCAG-1,1
CGCATGCCGAATGCGT-1,3
CGCATGGTGCGATGCT-1,1
CGCATTAGCTAATAGG-1,5
CGCCAAGAAGCCGAGT-1,1
CGCCAATTATTGCGTT-1,1
CGCCACAGGTCGCGAT-1,2
CGCCACCCGCATTAAC-1,1
CGCCATCCGATTATGA-1,1
CGCCCAGCACGCCTAG-1,4
CGCCCAGCGTTTCACG-1,3
CGCCCGCTTCCGTACA-1,1
CGCCCTAATTGTTCAA-1,4
CGCCCTTACATCCACC-1,1
CGCCCTTGAAGGCTGA-1,5
CGCCGACTATTCGCTA-1,1
CGCCGCCCATGCCTGT-1,6
CGCCGCGTTCTGAACG-1,4
CGCCGGTGTCGCAGTA-1,1
CGCCGTCTACCCATCG-1,6
CGCCGTTCAGCATAGT-1,1
CGCCTCCCTCCTCTAT-1,1
CGCCTGGCCTACGTAA-1,2
CGCCTTTAGCATGCTC-1,6
CGCGAAGTGGCATACT-1,3
CGCGACACTGCGCAGC-1,5
CGCGACCGCGACAGAT-1,3
CGCGAGAGGGACTTGT-1,1
CGCGAGTCTGCCGGGT-1,2
CGCGCAAATGTCCAGA-1,2
CGCGCAAGGAACTACA-1,1
CGCGCATGTTTGATTG-1,3
CGCGCCCGACTTAATA-1,1
CGCGGCAGTATTACGG-1,5
CGCGGCTCAACTTGAA-1,6
CGCGGGAATTAGGCAG-1,1
CGCGGGAATTCCTTTC-1,4
CGCGGTAAGTCTAGCT-1,1
CGCGGTACGGTATACA-1,1
CGCGGTCACAAACCAA-1,1
CGCGTACATTCTGGAA-1,1
CGCGTCATATTAAACC-1,1
CGCGTGCTATCAACGA-1,1
CGCGTGGGCCTGTGTT-1,4
CGCGTTCATGAAATAC-1,5
CGCTACCGCCCTATGA-1,1
CGCTACGGGACATTTA-1,1
CGCTAGAGACCGCTGC-1,6
CGCTATACCGCCCACT-1,5
CGCTATTCAATGTATG-1,5
CGCTATTCTTAGGCTC-1,1
CGCTCGACATAATGAT-1,5
CGCTCTCCGTAGATTA-1,1
CGCTGAGGACGTCCAA-1,1
CGCTGGTGACTACCCT-1,6
CGCTGTGACGCCGCAC-1,5
CGCTGTGTGGATGTTG-1,4
CGCTTAGTATTGATAC-1,4
CGCTTATTCCCGGTCG-1,2
CGCTTCCACTGAAATC-1,5
CGCTTCGGTCTAAGAC-1,3
CGCTTGGACGGATAGA-1,3
CGCTTTCATACCGGTG-1,5
CGCTTTCCGCCAAGGT-1,4
CGCTTTCTTGCATTCG-1,6
CGGAAAGAATCAAACG-1,4
CGGAAAGCAAATGTGC-1,5
CGGAAATTTCACATCC-1,1
CGGAACGTAAACATAG-1,2
CGGACCTCTGTAGTTA-1,3
CGGACCTTTACGTCCC-1,4
CGGACGTTACTTGAAG-1,2
CGGAGCAATTTAATCG-1,3
CGGAGCATGGCGATCC-1,1
CGGAGCTTATAACACC-1,1
CGGAGTCCTAACCTGG-1,1
CGGAGTTTGAGAGACA-1,1
CGGATAAGCGGACATG-1,5
CGGATCCTCAAGGACT-1,3
CGGATGAATGCTGTGA-1,4
CGGATTCTGCCTTATG-1,4
CGGCAAACATCGTGCG-1,1
CGGCAATAAGATCGCC-1,1
CGGCACCGTTAGCGCC-1,1
CGGCACTCAAGAAAGT-1,5
CGGCAGGGTCGGGTTG-1,6
CGGCCACGCACAAAGT-1,1
CGGCCAGAGCGACCAT-1,4
CGGCCCAACCTGTAGT-1,1
CGGCCCAGGTATATCC-1,6
CGGCGCCATCAATCCC-1,3
CGGCTCTAAAGCTGCA-1,6
CGGCTCTTCGTCGAAC-1,1
CGGCTGCAAGATTAAG-1,1
CGGCTTTGTATGATAA-1,1
CGGGAACGCCCTGCAT-1,4
CGGGAAGTACCGTGGC-1,4
CGGGAATATAGTATAC-1,6
CGGGAATTTATGTAAA-1,1
CGGGAGCTTCAGTGTA-1,1
CGGGAGTATACCGCCG-1,5
CGGGATCAATGTAAGA-1,5
CGGGCAGCTAAACCGC-1,1
CGGGCCATAGCCGCAC-1,5
CGGGCCTTCTTTGTAA-1,1
CGGGCGATGGATCACG-1,4
CGGGCTACTTAAATTG-1,1
CGGGTGTACCCATTTA-1,6
CGGGTTCGGCACGTAT-1,1
CGGGTTGTAGCTTTGG-1,1
CGGGTTTGTTAGGGCT-1,1
CGGTAACAAGATACAT-1,1
CGGTACGGCAAACCCA-1,2
CGGTACTAGAATCAAA-1,6
CGGTAGAGGTGCAGGT-1,1
CGGTATAGGTATTAGC-1,1
CGGTATGGGCACTCTG-1,4
CGGTCAAGTGGGAACC-1,1
CGGTCAGTCCATATTT-1,1
CGGTCCATGAGACTCC-1,1
CGGTCCGTCGCAAGCC-1,4
CGGTCTATCAACCCGT-1,1
CGGTGAAGACTAAAGT-1,1
CGGTGCAGATAGAACG-1,2
CGGTGCGCGTTGGTCC-1,3
CGGTGGGCTCCAGCCT-1,1
CGGTGTACTTGATCCC-1,5
CGGTTATCCAACAGTG-1,6
CGGTTCAAGTAGGTGT-1,1
CGGTTCCGGCTTCTTG-1,1
CGGTTGACCTGGCATA-1,1
CGGTTGAGTATCCTTC-1,4
CGGTTGGGCAGGGTCC-1,4
CGGTTGGGTTCAAGTT-1,1
CGGTTTACTGAACATT-1,4
CGGTTTATGAAGGAAC-1,1
CGTAAACGCTTGAGTG-1,5
CGTAAAGCAAGAAATC-1,2
CGTAAATAACAAAGGG-1,4
CGTAACTTCGACACTT-1,4
CGTAATAATTACGAGT-1,1
CGTAATATGGCCCTTG-1,1
CGTACCGAAAGTCTAG-1,1
CGTACCTGATAGGCCT-1,1
CGTAGAGAGTAATTAT-1,4
CGTAGCGAATTGTCAG-1,1
CGTAGCGCCGACGTTG-1,1
CGTATCTAGAACTAAG-1,3
CGTATTAAGAGATCTA-1,5
CGTATTGTTTCCTAAT-1,1
CGTCAAATGGTCGCAG-1,1
CGTCAAGGCTATAAAT-1,1
CGTCAATCTTTAACAT-1,1
CGTCACGTCCATTGGT-1,2
CGTCAGCTATTTACTC-1,5
CGTCAGTGCGCACAAG-1,1
CGTCAGTTTATCGTCT-1,1
CGTCATACCATATCCA-1,5
CGTCCAGATGGCTCCA-1,1
CGTCCTCATCGCGTGC-1,3
CGTCGCATGTGAGCCA-1,4
CGTCGCGGCGGGATTT-1,5
CGTCGCTTGGTTATAC-1,4
CGTCGGATAGTGTTGA-1,6
CGTCGGGTCTAAGCGC-1,2
CGTCGTCCTTCGCGAA-1,3
CGTCTGGAAGGGCCCG-1,5
CGTCTTGAGTGTGACG-1,6
CGTGAAGTTAATTCAC-1,1
CGTGACATTGGGTCGT-1,1
CGTGACCAGTCCTCTG-1,3
CGTGCACACCACTGTA-1,4
CGTGCAGACTGGGACA-1,1
CGTGCATTGTCGACGC-1,1
CGTGCCCGACATTTGT-1,1
CGTGCCCTCCCGAAGA-1,1
CGTGCTGGCCTAGTCG-1,1
CGTGCTTCTACCTAAA-1,4
CGTGGAAGCCTCGTAC-1,6
CGTGGCCGAATATCTA-1,6
CGTGGTACCCAAAGGC-1,4
CGTGTATGGGAGCTGA-1,3
CGTGTCCCATTCGCGA-1,5
CGTGTCTCGTTACGAC-1,4
CGTGTGTTAAACCCTG-1,1
CGTTAAACTAGTTAGG-1,6
CGTTAAATACGACCAG-1,1
CGTTAATGTCCCGACG-1,3
CGTTAGCTCACAACTG-1,1
CGTTATCATACTTCCA-1,2
CGTTCAAGGAAACGGA-1,4
CGTTCAGACCCGCGAA-1,3
CGTTCATGGTGCGCGT-1,2
CGTTCTTCGCACACCT-1,1
CGTTGAATACCGCGCT-1,3
CGTTGAGCGACCGTCG-1,1
CGTTGAGTAATTGCGT-1,1
CGTTGCCCGCGTGGGA-1,4
CGTTGTAAACGTCAGG-1,5
CGTTGTAAGATTGATT-1,1
CGTTGTCGGCAATTGA-1,3
CGTTGTTTCAATTCCC-1,1
CGTTTAAGCGGAGCAC-1,5
CGTTTACAAGGCAGCT-1,1
CGTTTCACTTCGGGCG-1,1
CGTTTCGCTCATTACA-1,1
CGTTTCGGTTATATGC-1,1
CGTTTGGTGTTGTGGG-1,1
CGTTTGTGTAGAGGGT-1,4
CTAAACGGGTGTAATC-1,1
CTAAAGAATGCCTACT-1,1
CTAAAGGATGAGATAC-1,4
CTAAAGGGAAATAGGA-1,1
CTAAAGTCCGAAGCTA-1,1
CTAAATCCGGTGTACA-1,4
CTAAATCCTATTCCGG-1,1
CTAACAGCACAATAAC-1,4
CTAACCGCGCGCCCGT-1,1
CTAACGAAACTTGCTG-1,1
CTAACTGATAATCGCC-1,1
CTAACTGGTCCGGTTC-1,3
CTAAGGGAATGATTGG-1,1
CTAAGTACAGGGCTAC-1,1
CTAATGCGCCCAACAA-1,1
CTAATTATGAAGCGTA-1,1
CTAATTCGCACGCGCT-1,1
CTAATTCTCAGATATT-1,1
CTAATTTCAACAACAC-1,5
CTACAAGAAATAACCC-1,4
CTACACTAGCTTGTTC-1,1
CTACACTCGCAGATGG-1,1
CTACATATCGCGGGAC-1,4
CTACCCTAAGGTCATA-1,6
CTACGAACTAGGTCGA-1,1
CTACGACTAGCTATAA-1,1
CTACGATCCTATCCTA-1,4
CTACGCACGGAGTACC-1,1
CTACGCCATTTCCGAT-1,1
CTACGTGTTGCCACCA-1,1
CTACTATCATAGGTTT-1,2
CTACTATCTTTCAGAG-1,1
CTACTCAAGGTATAGT-1,4
CTACTCTAGGCCCGGC-1,1
CTACTGCCACCTGACC-1,5
CTAGACATATATGTAG-1,1
CTAGACTGCATTTCGT-1,1
CTAGATAAACTCCTCG-1,1
CTAGATGTGAGTGTAA-1,1
CTAGATTTACGACGGC-1,1
CTAGCAACTAATTTAC-1,1
CTAGCATAGTATAATG-1,1
CTAGCCACAGGCGAGC-1,1
CTAGCCCGGGAGACGA-1,4
CTAGCCGATGTTATGA-1,1
CTAGCTTAATGGTCCC-1,6
CTAGGCGCCCTATCAG-1,1
CTAGGCGGCAGAGAAT-1,1
CTAGGGATAGGGACAA-1,4
CTAGGTCTGAAGGAAT-1,6
CTAGGTTCGGACGTGA-1,3
CTAGTAGAAAGGGATT-1,3
CTAGTATTCGGAATTA-1,1
CTAGTCACGTCTTAAG-1,1
CTAGTGAAGGACAGGA-1,1
CTAGTTACAACCCGGT-1,3
CTAGTTGGGCCCGGTA-1,1
CTATAAGAGCCAATCG-1,1
CTATACTTAAAGCGAG-1,4
CTATAGGCGTTGATGT-1,4
CTATATCCAGCCTGGC-1,4
CTATCACAACGCTGGA-1,3
CTATCGACGAAATACA-1,1
CTATCGCGTAGAGAAC-1,1
CTATCGGGTCTCAACA-1,1
CTATGAACACCTTGCC-1,2
CTATGCCCGAATGCAA-1,4
CTATGGGAAGCGGAAT-1,1
CTATGTCACTAGCCCA-1,1
CTATGTCTATTGAAAC-1,5
CTATGTGAGTCACGGC-1,2
CTATTCATGTGTCCCA-1,3
CTATTGTGTTTGGTCA-1,1
CTATTTGCTTGGAGGA-1,4
CTATTTGGTTACGGAT-1,6
CTCAAACCACTGCCCG-1,4
CTCAACTAACCCGGAT-1,3
CTCAAGACATTAGCGC-1,1
CTCACACGCAAGCCTA-1,1
CTCACATTTACTAAAT-1,3
CTCACCAGTACAAGTG-1,1
CTCACCGATCCAAACT-1,1
CTCACTGTGATACTTA-1,4
CTCACTTGGCTGGTAA-1,1
CTCAGAGCTAATGTCG-1,4
CTCAGATTGTGATAAG-1,2
CTCAGCAGACTGCCGA-1,1
CTCAGGACTCACCTGT-1,5
CTCAGTCACGACAAAT-1,1
CTCATAAATGTGTATA-1,1
CTCATCACTTAGTGAT-1,1
CTCATGGCTCACAATC-1,1
CTCATGGTAATTTGCG-1,2
CTCATTAACGTTGCCC-1,1
CTCATTCGTGAACATC-1,5
CTCATTGCTCTAACAA-1,3
CTCATTTGATGGGCGG-1,1
CTCCCAATGAGTCGCG-1,1
CTCCCTCCTTTCGATC-1,2
CTCCGCCCACATGAGG-1,2
CTCCGGCCTAATATGC-1,5
CTCCGGCTTGTAGACA-1,5
CTCCTAAGTTATGTCT-1,5
CTCCTAGTAATCGTGA-1,4
CTCCTCCAGCTCACAC-1,4
CTCCTGTTCAAGGCAG-1,6
CTCCTTTACGCAAGTC-1,1
CTCGAATGGAACGTAT-1,1
CTCGAGACATACGATA-1,2
CTCGAGATCCAAAGCA-1,1
CTCGAGGCAAGTTTCA-1,4
CTCGAGGTCGAACAGT-1,1
CTCGATATTTGCGAGC-1,1
CTCGCACCTATATAGT-1,1
CTCGCATTGCATAGCC-1,4
CTCGCCGAATGTAGGG-1,3
CTCGCTAGGTAAGCGA-1,4
CTCGGGATAACACCTA-1,1
CTCGGGCATCGTCGGG-1,1
CTCGGGTTCTCTGGCC-1,4
CTCGGTACCACTGCTC-1,6
CTCGGTCCGTAGCCTG-1,5
CTCGGTTGTCGGCCCT-1,2
CTCGTCGAGGGCTCAT-1,2
CTCGTCTGTGCCTTCG-1,4
CTCGTGGCACTGAAAG-1,4
CTCGTTACGGCTACCA-1,4
CTCGTTTCTAATGTTT-1,1
CTCTAACACCGGCAGC-1,4
CTCTAATGCATTGATC-1,1
CTCTACACTGGCGATT-1,2
CTCTACATCCTGCGTG-1,4
CTCTAGCCCTCGGAAA-1,3
CTCTATTTGGCTGCAG-1,1
CTCTCACAATCGATGA-1,1
CTCTCGATGTGCGCCT-1,1
CTCTCGCTGTACTATG-1,5
CTCTCTAACTGCCTAG-1,2
CTCTGCAGGCATTCTT-1,4
CTCTGCGAAGCAAGCA-1,5
CTCTGGACGCCTGGTG-1,1
CTCTGTCCATGCACCA-1,1
CTCTGTGCCTGCTATG-1,1
CTCTGTTTGAGGATTC-1,1
CTCTTCTATTGACTGG-1,6
CTCTTCTGGAAGTTAG-1,4
CTCTTGTCCCGCTTGG-1,3
CTGAAACGGCCCTCAG-1,1
CTGAAAGAGATCCGAC-1,1
CTGAATCCGAGACCTC-1,3
CTGAATTTATTGCCAG-1,1
CTGACATAGAAATAGA-1,1
CTGACTGCGCAGCTCG-1,6
CTGAGAAAGTTCGGCG-1,1
CTGAGAGTAGAAATAC-1,1
CTGAGCAAGTAACAAG-1,5
CTGAGCGAGACTTATT-1,1
CTGATAGTGTATCTCA-1,1
CTGATCCCTTTATGCA-1,2
CTGCAAATGGGCTCCA-1,1
CTGCAAGCACGTTCCG-1,1
CTGCACAACTACATAT-1,1
CTGCACCTAGTCCACA-1,1
CTGCACCTGGAACCGC-1,5
CTGCACTCCAGTACAG-1,1
CTGCAGAGAATCAGAG-1,3
CTGCAGGGTGACGCTC-1,1
CTGCAGGTGCTCGGCC-1,1
CTGCCAAGGTTGGAAG-1,1
CTGCCATGCATCACAT-1,1
CTGCCCACGAAGCGTT-1,1
CTGCCTAGCCACCAAG-1,1
CTGCCTCATATGCAAC-1,1
CTGCCTTTAATACCTT-1,4
CTGCCTTTCTAGTAAA-1,3
CTGCGACCTCGCCGAA-1,4
CTGCGATTTCGAGATT-1,4
CTGCGGGTGAAATGTT-1,1
CTGCGGTAGTCACGTG-1,1
CTGCGTTACGATATAA-1,1
CTGCTCTCAACACACC-1,1
CTGCTCTGACGGCAAA-1,4
CTGCTGAGGCCACGAA-1,3
CTGCTGTCTAACGAGC-1,1
CTGCTTGGCGATAGCT-1,1
CTGCTTTATGTCCGCG-1,1
CTGGAAATGGATGCTT-1,5
CTGGAAGACACGGTGG-1,1
CTGGACGCAGTCCGGC-1,2
CTGGATTTACACTTGA-1,3
CTGGCATCCGAATGAG-1,2
CTGGCGACATAAGTCC-1,1
CTGGCGATTTACATGT-1,1
CTGGCGCACAGGTCTG-1,6
CTGGCGGGAATAAGTA-1,5
CTGGCTCCTGCGGGAT-1,1
CTGGCTGATTCATCCT-1,6
CTGGCTGCTAACGTAA-1,1
CTGGCTGGTTGTCAGT-1,3
CTGGGATAAATAATGG-1,6
CTGGGATACGCTACCC-1,6
CTGGGATCGCCCAGAT-1,1
CTGGGCACTAGTCGGA-1,1
CTGGGCCTGCTATATC-1,2
CTGGGCGGCCAAATGT-1,1
CTGGGCTACTGGAGAG-1,1
CTGGGCTATCCTTTGG-1,1
CTGGGTAGGCAGTTAA-1,1
CTGGGTTGAGTTAAAG-1,2
CTGGTAAAGACTTACA-1,4
CTGGTAAAGTGTGGGC-1,1
CTGGTAACACATAGAA-1,6
CTGGTAACGAGCTCTT-1,6
CTGGTCATTCCAATCC-1,5
CTGGTCCTAACTTGGC-1,1
CTGGTGAATGGGCCTA-1,4
CTGGTTCAACGCATCA-1,1
CTGGTTCGCGAGCTAC-1,1
CTGGTTTCGAGCAAGA-1,6
CTGTACTTCTTAGCAT-1,1
CTGTAGCCATCTCACT-1,4
CTGTAGTGAGGATCGA-1,4
CTGTATGGTGTAGAAA-1,5
CTGTCAAATGGCTCGG-1,1
CTGTCACGCCAGGCGC-1,1
CTGTCTGTGGCTGGCT-1,1
CTGTGCAGGGTAGGTC-1,1
CTGTGGTCGGGAGATA-1,1
CTGTTACCCAATCTAG-1,3
CTGTTCACTGCCTGTG-1,5
CTGTTCATCTCACGGG-1,5
CTGTTGGCTCTTCTGA-1,5
CTGTTGTTCAGTCGTA-1,4
CTTAAATAAGACCCAT-1,1
CTTAACTTACAGTATA-1,3
CTTAACTTCGAAGTAC-1,1
CTTAAGCAGCGAGCCG-1,2
CTTAATCGACTTAGTA-1,4
CTTACACGGTATTCCA-1,5
CTTACACTGGGAAATA-1,5
CTTACATAGATTTCTT-1,4
CTTACTGACTCCTCTG-1,3
CTTAGATGTTTCATCC-1,4
CTTAGCCCGGATAGTG-1,1
CTTAGCCTTCCACATG-1,1
CTTAGGTATAGACCAG-1,2
CTTAGGTCCCAATCGT-1,1
CTTAGTAGGCCTACAG-1,1
CTTAGTGTAGTAGCAT-1,3
CTTAGTTGAGGAATCG-1,4
CTTATAGATGGCTGTT-1,1
CTTATGCGCTCAGGGC-1,2
CTTATGTTGACTACCA-1,5
CTTCAACTCCACTTGG-1,3
CTTCACGCCCTGGTAC-1,4
CTTCAGTGGTCGCCTA-1,2
CTTCAGTTGGACAACG-1,4
CTTCATAGCTCAAGAA-1,5
CTTCATCACCAGGGCT-1,4
CTTCATTGTCAGTGGA-1,1
CTTCCGCTCCGTGAAG-1,4
CTTCCTGCATATTTAC-1,1
CTTCGATTGCGCAAGC-1,4
CTTCGGCCAATTGTTT-1,1
CTTCGTAGATAGGTGA-1,2
CTTCGTGCCCGCATCG-1,1
CTTCTATGTTGAAGTA-1,2
CTTCTATTAATGCTAG-1,3
CTTCTGGGCGTACCTA-1,4
CTTCTTACGTCGTATA-1,5
CTTGACCCGAAAGATA-1,1
CTTGAGGTTATCCCGA-1,5
CTTGAGTTAGGGTAAT-1,6
CTTGATGACCATCCAG-1,3
CTTGCAACCGCCTCCT-1,2
CTTGCCCACCCACGCA-1,3
CTTGCCCAGGCTCTAC-1,1
CTTGGCCAAGCTGGGA-1,3
CTTGTACTTGTTGACT-1,5
CTTGTCAACATTCGAG-1,1
CTTGTCGTACGTGTCA-1,1
CTTGTGAGGACAGCGG-1,1
CTTGTGAGTCTTTGAC-1,5
CTTGTGCTCACCGATT-1,1
CTTGTTGCTGAGTCAA-1,6
CTTGTTTATGTAGCCA-1,5
CTTTAACTTTCAAAGG-1,1
CTTTAATATTGGTCGA-1,1
CTTTACCGAATAGTAG-1,1
CTTTAGGAACACTGTT-1,6
CTTTAGTGCTATTATT-1,1
CTTTATCCGACGCATG-1,4
CTTTCTGTGCGGGCTT-1,3
CTTTGAAACATATTCC-1,1
CTTTGACGTCGCTTCT-1,2
CTTTGCATCGCTCTTG-1,3
CTTTGCTGTCATGGAT-1,6
CTTTGGCAGACAGAGT-1,1
CTTTGGCGCTTTATAC-1,1
CTTTGGCTTTAGTAAA-1,1
CTTTGGGATTGTTGCA-1,4
CTTTGTCGAATGCTCC-1,2
GAAACAGATGACCACC-1,6
GAAACAGCCATGCAGT-1,5
GAAACATAGGAAACAG-1,2
GAAACCATGGTGCGCT-1,1
GAAACCGAATTACCTT-1,2
GAAACCTATACAAATG-1,4
GAAACTCGTGCGATGC-1,1
GAAACTCTAATGAAGG-1,1
GAAAGAACAGCGTTAT-1,6
GAAAGCAGTGCACTTT-1,3
GAAAGCCCTTTGGACC-1,1
GAAAGTGACTAACTGC-1,5
GAAATACCTGCTGGCT-1,1
GAAATACTAAACGTTT-1,5
GAAATATCACCATCAG-1,1
GAAATATGCTTGAATG-1,1
GAAATCGCGCGCAACT-1,1
GAAATCTGACCAAGTT-1,5
GAAATGGCGGTGTTAG-1,5
GAAATGGGATGTAAAC-1,5
GAAATTAGCACGGATA-1,1
GAAATTCACATCGCTG-1,5
GAAATTGTCTCTATAA-1,1
GAACAACTGGGATGAA-1,4
GAACACACATCAACCA-1,5
GAACAGATTACTAAAT-1,3
GAACATTAGTATGTTA-1,1
GAACCATCTGGGAGAC-1,1
GAACCCTCTGTGTTCT-1,3
GAACCTCGACCTACAC-1,2
GAACCTTTAACGATCC-1,3
GAACGACCGAATGATA-1,5
GAACGATAAGTTAAAG-1,1
GAACGCGGGTCACACG-1,6
GAACGGTGTAAAGCAG-1,1
GAACGTCTCATGGTCG-1,6
GAACGTTAGGAAGACG-1,1
GAACGTTTGTATCCAC-1,1
GAACTGTGGAGAGACA-1,4
GAACTTAGCGCCCGGT-1,1
GAACTTGTGCACGGGA-1,1
GAAGAAACGATATTGT-1,4
GAAGAACGGTGCAGGT-1,5
GAAGACTTCAATGCCG-1,1
GAAGCAAGGCAATGTT-1,1
GAAGCCACTGATTATG-1,4
GAAGCCGGGTAAGCTC-1,5
GAAGCCTGCACATTCC-1,3
GAAGCGTGAGGAATTT-1,1
GAAGCTCGGACCCGTC-1,2
GAAGCTCTTTGCTTAG-1,1
GAAGCTTGCTGACCGC-1,1
GAAGGACTAAATTGAA-1,5
GAAGGAGTCGAGTGCG-1,4
GAAGGCTACCATTGTT-1,1
GAAGGGCATAACCATG-1,1
GAAGGGTCATTAAGAC-1,4
GAAGTCAGTTGCACTA-1,3
GAAGTCTCCCTAGCGA-1,6
GAAGTGATTTATCGTG-1,1
GAAGTGCTGGATAGCT-1,5
GAAGTTTCCACTCAAT-1,1
GAATAGACGCGACCCA-1,6
GAATAGCATTTAGGGT-1,6
GAATAGCCCTGCGGTC-1,1
GAATAGTGCTCGATTA-1,4
GAATATTCGGAGTCCC-1,1
GAATCGACATGGTCAC-1,5
GAATCGCCGGACACGG-1,5
GAATCTATACTCGGAC-1,1
GAATCTGAACATTCTC-1,1
GAATGAAGGTCTTCAG-1,1
GAATGCCGAAATGACC-1,5
GAATGCGAATCGGTTC-1,3
GAATGGGCTTATCGAC-1,1
GAATGTATGGCAGGTC-1,1
GAATGTGGTCCGGATT-1,1
GAATGTTGGGTAATCT-1,1
GAATTATAGTGAAAGG-1,1
GAATTCACCCGGGTGT-1,1
GAATTTCTCGCTGCAG-1,1
GACAAACATATGCAGG-1,6
GACAACGACCATTGAA-1,1
GACAACGCAGCTTACG-1,5
GACAAGACGCCCGTGC-1,3
GACAAGAGATGAGATT-1,1
GACACAAGGGAAGAAA-1,1
GACACAGCCGGGACTG-1,4
GACACCCAAAGACGCG-1,4
GACACGAGTTAGAGGA-1,5
GACACTGAGTTCAGTG-1,2
GACACTGGAACCCGAT-1,6
GACACTTCCAATTACC-1,3
GACAGAGGTCTTCAGT-1,4
GACAGATTTCTGGCTC-1,2
GACAGCCAGACCTGAC-1,6
GACAGGCACACACTAT-1,1
GACAGGTAATCCGTGT-1,1
GACATACTGTCGCAGA-1,5
GACATCCGTCGAACTG-1,4
GACATCGATTTATAAC-1,3
GACATTTCGCCCAGCC-1,4
GACCAAACGTTGACTG-1,1
GACCACACTTCCCTTT-1,4
GACCAGAGCCCTGTAG-1,5
GACCAGGTCATTCATA-1,1
GACCCAATTATGATAC-1,2
GACCCGTCGCCGGCTA-1,1
GACCGACCGCTAATAT-1,1
GACCGACGTGAAAGCA-1,6
GACCGACTGAAGCGTC-1,1
GACCGATTAAATATGT-1,4
GACCGCGTCTGACGTG-1,6
GACCGTCAGGTCGTGA-1,1
GACCGTGCTGACGGTG-1,2
GACCGTTACATGCGAC-1,1
GACCTGGTCTGGGCGT-1,1
GACCTTCCACGTCTAC-1,4
GACGACGATCCGCGTT-1,1
GACGACTTTCCAAGAA-1,1
GACGAGGCTAATAAAC-1,1
GACGATATCACTGGGT-1,4
GACGCATACCCGTCGG-1,3
GACGCCGTAAAGGCTA-1,3
GACGCCTGTTGCAGGG-1,5
GACGCTTGCTTCTAAA-1,1
GACGGACCGCGTTCCT-1,1
GACGGGATGTCTTATG-1,1
GACGGGCATCGAATTT-1,1
GACGGGTTGGCCCGTA-1,4
GACGGTCAATAGAAGC-1,6
GACGGTCCTAGGGTGT-1,1
GACGTGAGACTCCATG-1,5
GACGTGTAGGGATTAT-1,1
GACGTTCGTAAATACA-1,1
GACGTTGCTCGGCGGC-1,4
GACTAACACAGCACCT-1,1
GACTAAGATCATGCAC-1,5
GACTAAGTAGGCTCAC-1,5
GACTACAAAGCGGTGG-1,2
GACTACAATTGCTCGT-1,1
GACTAGGCCGTTAGGT-1,4
GACTCACCCACGTGAG-1,6
GACTCCCAGAATAAGG-1,1
GACTCCTTCCAATTGA-1,2
GACTCGCGGGAATGAC-1,1
GACTCGGTCGGCGGAT-1,1
GACTCTAGAGTTCCAA-1,4
GACTGATTGGTCACAA-1,1
GACTGCAAATCGAGCT-1,3
GACTGCACCAGCCCAG-1,1
GACTGCGGCACGTGTA-1,1
GACTGCTGGTGAGAAA-1,4
GACTGGGCGCCGCAAC-1,1
GACTTCAACGCATCAA-1,1
GACTTTCGAGCGGTTC-1,4
GAGAAACTGGATCCCA-1,1
GAGAACGGTTCTGACT-1,3
GAGAATCTCACGATCA-1,1
GAGACCCTGCAACGCC-1,1
GAGACTGATGGGTAGA-1,5
GAGACTTCGCGACCGA-1,3
GAGAGCGCAGTCCCTG-1,5
GAGAGGCCTATGTGTA-1,3
GAGAGGGCGCGAGGTT-1,1
GAGAGGTGCATTCTGG-1,2
GAGAGTCTCGGGAGAG-1,4
GAGATCGATCTTACTC-1,4
GAGATCTGCTTGGCAT-1,1
GAGATCTGTCACTCCG-1,1
GAGATCTTCCATGACA-1,1
GAGATGACAATCCTTA-1,1
GAGATGGCTTTAATCA-1,1
GAGATGGGAGTCGACA-1,1
GAGCACCTGTGTCCAG-1,3
GAGCACGGCGCCTCTT-1,6
GAGCATCAACAACTTG-1,4
GAGCATCATCCCTGGG-1,5
GAGCCACGGTAGTAGG-1,1
GAGCCAGCTACCTGTG-1,1
GAGCCGAGCGTTTATT-1,1
GAGCGAGGGAGTACCG-1,5
GAGCGCAAATACTCCG-1,6
GAGCGCGCACGAGTAG-1,6
GAGCGCTATGTCAGGC-1,1
GAGCGCTGTTAGGTAA-1,4
GAGCGGAATGCGGTGT-1,4
GAGCTAAGGGCATATC-1,1
GAGCTCAACATGAGCG-1,3
GAGCTCTCGGACCTAA-1,5
GAGCTGTCGTCTCGGA-1,1
GAGGAATATCTCTTTG-1,4
GAGGAATGGAGAGGTT-1,1
GAGGAGATCCTCATGC-1,1
GAGGAGTAATTCCTAC-1,1
GAGGATAAACAGTGCT-1,6
GAGGCATTTGCAGCAG-1,1
GAGGCCCGACTCCGCA-1,2
GAGGCCTGTTGATACA-1,3
GAGGCTATCAAAGTCG-1,1
GAGGGAGTCAGATCGC-1,4
GAGGGCATCGCGTATC-1,5
GAGGGCCATAATATTA-1,1
GAGGGCCGGCAGAGTC-1,1
GAGGGCGCAGCTCTGC-1,1
GAGGGTAGTAACAAAG-1,4
GAGGTACATCCATCTT-1,1
GAGGTACGCGTGTCCC-1,4
GAGGTCCCAAAGATCT-1,5
GAGGTCCGTTCGCTGT-1,4
GAGGTCTTAGTGGGTC-1,1
GAGTAAACCGGAAAGT-1,1
GAGTAAATTAAGAACC-1,1
GAGTAAGGCCACGGGA-1,2
GAGTACGGGTATACAA-1,5
GAGTAGATACTAGTTG-1,3
GAGTATACCCTAATCA-1,2
GAGTATCAAAGTTACA-1,1
GAGTATGCCCGCCTTG-1,3
GAGTATGCGCGTGCAT-1,4
GAGTCAGACCAGAATC-1,4
GAGTCCACCAGGTTTA-1,1
GAGTCCGCTTACCGGA-1,1
GAGTCGACAGACCCTC-1,1
GAGTCTTGTAAAGGAC-1,2
GAGTGCACGGACAACA-1,1
GAGTGTCAACCAGAAA-1,3
GAGTGTGCGGTACCCA-1,6
GAGTTCTGTGGGTGCT-1,2
GAGTTGATGGCAATTT-1,2
GAGTTGTCACCAGTCT-1,3
GATAAATCGGTGGATG-1,5
GATAACTCGCACTGTG-1,6
GATAAGGCAGATGCAA-1,1
GATAAGGGACGATTAG-1,1
GATACCGTGTCGGAGT-1,6
GATACGATGGGAGTCA-1,2
GATAGAACCCGCTAGG-1,4
GATAGATAGTACAGTC-1,4
GATAGCGTACCACGCG-1,1
GATAGGATTAATTACA-1,6
GATAGGTAACGTTGAC-1,3
GATAGGTGTCCCGGGC-1,6
GATAGTGCGAGTAAGT-1,4
GATATCAAGCAGGAGC-1,4
GATATCAGTATGTATC-1,1
GATATCTCATGCAATA-1,5
GATATGAGACACTAAC-1,6
GATATGCGGTAGCCAA-1,1
GATATGGATTACGCGG-1,1
GATATTGAGATTGGCG-1,6
GATATTTCCTACATGG-1,1
GATCAACATAAAGGGA-1,4
GATCATTCCAAACATT-1,5
GATCCCTTTATACTGC-1,5
GATCCGAATATAAGTG-1,6
GATCCGGGAATTAACA-1,1
GATCCTAAATCGGGAC-1,1
GATCCTCGACACTGGC-1,3
GATCCTCTTGCGCTTA-1,1
GATCGACACTATCTGA-1,5
GATCGCGGGCTCTCCA-1,1
GATCGCTACCCGATTT-1,1
GATCGCTATATCTCAG-1,4
GATCGCTGTGGTGCGT-1,4
GATCGGATAGAACCAT-1,1
GATCGGCGATAAGTCG-1,5
GATCGGTGGCCATAAC-1,1
GATCGTGACTGATATC-1,1
GATCTAACCGTATTCA-1,2
GATCTCGACGCTGTGG-1,1
GATCTGCTATCTAAGG-1,3
GATCTTCATTGTCCTC-1,5
GATCTTGGAGGGCATA-1,1
GATCTTTGCAGGGTAT-1,1
GATCTTTGCTCAAAGA-1,1
GATGACAAGTAGGGCA-1,4
GATGACGATGATCGCG-1,1
GATGAGGAACCTTCGG-1,4
GATGATTTGAAACTGG-1,1
GATGCCACACTACAGC-1,1
GATGCCAGCAGAAGGC-1,5
GATGCCTTCTGCGGCA-1,4
GATGCGAATGGTATTA-1,1
GATGCGTCCTGCATTC-1,1
GATGCTACAAGCGCCT-1,5
GATGCTACCTTCGATG-1,4
GATGCTGTATTTCATC-1,1
GATGGCGCACACATTA-1,5
GATGGTGAAATAACCC-1,1
GATGGTGCCCTAGGCA-1,1
GATGTAACGAACCACC-1,2
GATGTCCGGATCACAT-1,1
GATGTCGGTCAACTGC-1,1
GATGTGTTGTCACAAG-1,1
GATGTTCAATCCACGA-1,2
GATGTTTGTGCGAGAT-1,5
GATTAACCGAAAGCCC-1,1
GATTAATCCTGGCTCA-1,1
GATTACTGAATTTGGG-1,2
GATTAGAAACAAGCGT-1,4
GATTATCTTGCATTAT-1,4
GATTCCCTTGTCGCAG-1,1
GATTCCGCGTTTCCGT-1,1
GATTCCTATACGGCGC-1,5
GATTCGACGGTTCACG-1,1
GATTCTGTTAATGAGT-1,4
GATTGACACTCTGCTC-1,1
GATTGCTCCAGTTGCA-1,4
GATTGGGAAAGGTTGT-1,4
GATTTAGTGCGTACTG-1,1
GATTTGCGCTAACACC-1,4
GCAAACCCTACATTAT-1,1
GCAAACCTTGGCCATA-1,3
GCAAACGTAAGCGACC-1,4
GCAAACGTCGCCAGGT-1,6
GCAAAGGGCGTTAGCC-1,4
GCAAATATTACGCTTT-1,1
GCAAATGAGGACACTT-1,2
GCAACACACTAGAACT-1,2
GCAACAGCAGTATGCG-1,6
GCAACCACCAGACCGG-1,1
GCAACCACGGCCGCGT-1,2
GCAACCCAAGTTGTTT-1,1
GCAACGGCTAGTTATG-1,6
GCAAGAATTCCTTGGC-1,2
GCAAGATGTGTTCGCG-1,1
GCAAGCTGGAAACCGC-1,2
GCAAGTGCACAGAGAA-1,5
GCAAGTGTAAAGCATG-1,4
GCAATTAGTCGCACCG-1,1
GCACAAACCCTAGATG-1,4
GCACAAACGAGGCGTG-1,6
GCACAACCTCGGGCGT-1,4
GCACAAGTGGATCATA-1,5
GCACAAGTGTCGGAAG-1,1
GCACACACTGGTAGCC-1,1
GCACACAGCTATTACC-1,4
GCACACGCCCATGGTC-1,1
GCACAGCACGGGCCGA-1,4
GCACCTAGGCGAGTCC-1,1
GCACCTTCCCGAAGGT-1,3
GCACGCCGATTCCCGC-1,4
GCACGCCTACTTAGAT-1,4
GCACGTGGTTTACTTA-1,3
GCACTAGTCGCGCTAT-1,5
GCACTCCCACAGTCCC-1,1
GCACTGCCTACCTTTA-1,4
GCACTGTGCAAATGTA-1,5
GCAGAAACGTAATCCA-1,1
GCAGAAGGTAATCTCC-1,6
GCAGACCCAGCACGTA-1,6
GCAGATCCATAAGACT-1,1
GCAGATCCTCGCAAAT-1,5
GCAGATTAGGGATATC-1,1
GCAGCACACAGCCCAG-1,1
GCAGCCTATATCACAT-1,6
GCAGCGGTGGGCATTA-1,1
GCAGCTATGGACAGGT-1,1
GCAGCTGTCAACGCAT-1,3
GCAGGAACTTAGATCT-1,2
GCAGGACTATAGAATA-1,1
GCAGGTAGAGTATGGT-1,1
GCAGTGCGGGCGGATG-1,1
GCAGTGTGGCTATAGG-1,3
GCAGTTCGATCCGAGC-1,1
GCATAAATTGAACGCC-1,1
GCATACGAGGTCTTTA-1,1
GCATAGAGCACTCAGG-1,1
GCATCCCTAACTTTGA-1,5
GCATCCTCTCCTATTA-1,1
GCATCGGCCGTGTAGG-1,6
GCATGACACAAAGGAA-1,1
GCATGAGGGACGCGGC-1,6
GCATGCTAATAACGAT-1,3
GCATGGGTACTGACGC-1,2
GCATTCAAGGCAACGC-1,1
GCATTCGAAATGAACA-1,1
GCATTGACTTGCGGAA-1,2
GCATTGTAATTCATAT-1,1
GCATTTCCAAGGCTCC-1,6
GCCAACCATTTCCGGA-1,1
GCCAAGAATACTTCTG-1,2
GCCAATAGGGCATCTC-1,1
GCCACAATTTAAGGAC-1,2
GCCACCCATTCCACTT-1,1
GCCACTCAGAGCGCGA-1,3
GCCACTCCTTACGGTA-1,1
GCCAGGAAAGAACACT-1,4
GCCAGGAGTAACCGAT-1,1
GCCAGGCGTTCGCATG-1,1
GCCAGGCTTAGTGGTA-1,1
GCCATATTGCACACAG-1,1
GCCATCGAGCTGCGTG-1,3
GCCATCGATGCTGCAT-1,6
GCCATTAGCCTCAAAC-1,2
GCCCACCAAGGCTGTC-1,5
GCCCACTGGTCCACAA-1,1
GCCCAGATGCTGGAGA-1,6
GCCCAGTTGGTATGCC-1,5
GCCCATGGGTGCAATG-1,1
GCCCGACTTCTTCCCG-1,2
GCCCGAGAGTCTAAAT-1,2
GCCCGATCTGTGGTCG-1,3
GCCCGATGCCCAGTTC-1,4
GCCCGCGCGTAAACGG-1,3
GCCCGCGCGTTTGACA-1,5
GCCCGTAATACCTTCT-1,1
GCCCGTCAAGCCCAAT-1,1
GCCCGTTCACACAATT-1,4
GCCCTAAGTGCAGGAT-1,4
GCCCTAGCCGTCGCGA-1,2
GCCCTGAGGATGGGCT-1,4
GCCGAAATTCCTACGT-1,1
GCCGACCCACGACTGC-1,4
GCCGATTGGCCAAGCT-1,5
GCCGCACTCCGTTTCA-1,6
GCCGCATTAGTCCGGC-1,1
GCCGCTAGATACGCAG-1,1
GCCGCTTGTGAGAAAC-1,1
GCCGGAAACACATCTT-1,1
GCCGGGTTAGGGTCGC-1,1
GCCGGTCGTATCTCTC-1,4
GCCGGTTTGGGCGGAT-1,1
GCCGTCGGTTTCGGGC-1,4
GCCGTGGAAGAAATGT-1,6
GCCTACGTTCTGTGCA-1,4
GCCTAGCGATCTGACC-1,5
GCCTATAGTGTCAGGG-1,1
GCCTATCAGGTAAGAT-1,1
GCCTATGCTGGGCCTT-1,1
GCCTATTCCGATATAG-1,5
GCCTATTTGCTACACA-1,1
GCCTCATCTGGAAATA-1,6
GCCTCCGACAATTCAC-1,3
GCCTCTATACATAGCA-1,3
GCCTGCTACACTGAGA-1,1
GCCTGTCCCGGTGCAT-1,4
GCCTTCAGCCCTACCG-1,5
GCCTTGTATATGCAGT-1,5
GCCTTTGTCAGTGGAC-1,3
GCGAAACGATCGGGAG-1,1
GCGAAACTTAACTGGA-1,1
GCGAAGAATCTGACGG-1,4
GCGAAGCCATACCCGT-1,1
GCGAATGGACTAGCGA-1,4
GCGACATGTAAACATC-1,6
GCGACCCAACCATCTG-1,4
GCGACGATAGTTGTAC-1,3
GCGACGGTAGTCTCCT-1,4
GCGAGAAACGGGAGTT-1,5
GCGAGAGGCCATGTAA-1,1
GCGAGAGTTGCGTCCA-1,1
GCGAGCGCATGCTCCC-1,6
GCGAGGCCCGAGCAGA-1,1
GCGAGGGACTGCTAGA-1,1
GCGAGTTCTGCAAAGA-1,1
GCGATGTCTGTGCTTG-1,1
GCGATTCTGGAAGCAG-1,1
GCGATTGTTAACGTTA-1,6
GCGCAAATATATTCAA-1,4
GCGCAAGAGCGCGCTG-1,6
GCGCATCCAGTCAGCA-1,1
GCGCCGTTCCACGATA-1,1
GCGCCTCCCACTCCGA-1,6
GCGCGATGGGTCAAGT-1,1
GCGCGGTCTAGTAACT-1,4
GCGCGTCATTGGTACA-1,3
GCGCGTTTAAATCGTA-1,1
GCGCTAAGTATGCATG-1,1
GCGCTAATTGAATAGA-1,1
GCGCTATGCCGAGGCA-1,2
GCGCTCGATCACCTGT-1,6
GCGCTGATCCAGACTC-1,1
GCGCTGCTTTGCATTT-1,1
GCGCTGGCGGAAAGTC-1,1
GCGCTTAAATAATTGG-1,3
GCGGACCGCGTTGTGG-1,3
GCGGAGAAACTTCGCA-1,4
GCGGAGAGGGAGAACG-1,1
GCGGATTACTTGTTCT-1,1
GCGGCAAAGTATTGCC-1,4
GCGGCTCTGACGTACC-1,1
GCGGCTTTAGCAAGTT-1,3
GCGGGAACCAGGCCCT-1,5
GCGGGCAGACGGGTGA-1,4
GCGGGCATTACGATGC-1,1
GCGGGCGAGCCTTACC-1,3
GCGGTAACCCAAATGA-1,1
GCGGTCCCGGTGAAGG-1,1
GCGGTCCCTAGACGCA-1,5
GCGGTCTTGCTTTCAC-1,4
GCGGTGAACTGCGCTC-1,1
GCGGTGCGGAGCATCG-1,5
GCGGTTCCCTATCATG-1,3
GCGTAAATGGCCATAA-1,1
GCGTCCAGCTCGTGGC-1,1
GCGTCCCTAAGACATA-1,4
GCGTCGAAATGTCGGT-1,1
GCGTCGCCAGGGTGAT-1,3
GCGTCGTAACATGGTC-1,4
GCGTCTAACCTCCTAA-1,1
GCGTCTCTGCATTGGG-1,2
GCGTGGTACTGGGTTA-1,6
GCGTGTATGTCGTATT-1,1
GCGTTATATTTGGAAC-1,1
GCGTTCGGAGACCGGG-1,1
GCGTTCTGACTAAGCG-1,1
GCTAAACCTGAGGTGA-1,5
GCTAACTGAAGTCTGA-1,3
GCTAAGCCCAGTATGC-1,1
GCTAAGTAAAGGCGAT-1,1
GCTAAGTAGTTTCTCT-1,6
GCTAATACCGAATGCC-1,5
GCTACAATCGAGGATA-1,3
GCTACACTGTCCGAAC-1,1
GCTACAGTACGGACCG-1,1
GCTACGACTTATTGGG-1,1
GCTACTATAGTAGAGT-1,1
GCTAGACCGTCTACTG-1,6
GCTAGAGTAGAGATGT-1,1
GCTAGCAACGCACCTA-1,1
GCTAGCACCTGGGCCA-1,6
GCTAGCAGGGAGTGGG-1,1
GCTAGCGATAGGTCTT-1,4
GCTAGCTTGAATAGCT-1,3
GCTAGGCACCACGGAG-1,1
GCTAGTAGAGCTTGTA-1,1
GCTAGTTTCATTGAGG-1,5
GCTATAAGGGCCAGGA-1,1
GCTATACGTCTCGGAC-1,1
GCTATCATACTCATGG-1,1
GCTATCGCGGCGCAAC-1,5
GCTATGCCAGCTTATG-1,2
GCTCAACCTCTTAGAG-1,5
GCTCAATCCGTTTATT-1,4
GCTCAATGTAATACCG-1,3
GCTCATTACTGCATGT-1,1
GCTCATTGATCATATC-1,4
GCTCCATGAGTGCAGA-1,1
GCTCCATGCAAAGCAA-1,4
GCTCCCAGTCGGTCCA-1,6
GCTCCGCTCGCTTCAG-1,6
GCTCCGGACGTTGATA-1,1
GCTCCTGACATACTGG-1,4
GCTCGCGGTTCCGCTC-1,1
GCTCGCTCATGTCCAA-1,6
GCTCGGAATTTAAAGC-1,1
GCTCTAAACCCTGACG-1,5
GCTCTATGTTACGTGC-1,5
GCTCTCGGGTACCGAA-1,5
GCTCTTTCCGCTAGTG-1,4
GCTGAACTCTCCAGGG-1,6
GCTGAAGGGTTCTTGG-1,4
GCTGAATCTTCCAATC-1,2
GCTGAGCAACGGTTCT-1,5
GCTGAGGCGTGAGTAT-1,1
GCTGCACGGTTTCTTA-1,1
GCTGCGAAGAATTATT-1,4
GCTGCGCCTCCCACGT-1,5
GCTGCTAAGTAGTCGA-1,3
GCTGCTACTGCGTAGC-1,1
GCTGCTCTCCGGACAC-1,1
GCTGGACCCAAAGTGG-1,1
GCTGGCAGGTGCCGTG-1,5
GCTGGCATATTCACCT-1,1
GCTGGCGGCGCATGCT-1,3
GCTGGGAGCGCGTCAA-1,4
GCTGGGTCCGCTGTTA-1,1
GCTGGTGACTCGTAGT-1,1
GCTGGTTTAGGCCATA-1,4
GCTGTATTACTGGCCC-1,2
GCTGTCTGTGATCGAC-1,1
GCTGTTGCTACCGAAC-1,6
GCTTAATGTAACTAAC-1,6
GCTTACGTAGTTAGTA-1,1
GCTTAGGGAAGCGGTA-1,1
GCTTATGAAGCAGGAA-1,6
GCTTCAGTGGGATTAC-1,1
GCTTCCAGCTTAGATT-1,1
GCTTCCATGTAACCGC-1,1
GCTTCCCGTAAGCTCC-1,1
GCTTCCGTCCCTAGAC-1,1
GCTTCGACGTTCAATC-1,4
GCTTGAGTGACCTCTG-1,1
GCTTGATGATAATCAG-1,5
GCTTGCAGCACAATTG-1,1
GCTTGGATCGATTAGG-1,6
GCTTTACACAACTGGG-1,3
GCTTTATTAAGTTACC-1,4
GCTTTCAGAGGAGGTG-1,1
GCTTTCTATCTCAACT-1,1
GGAAACAGAGCTTGGG-1,4
GGAAACCTTGTTGAAT-1,1
GGAAACTAAATGGGCC-1,1
GGAAAGGGAATTGAGC-1,4
GGAAAGTCTTGATTGT-1,4
GGAAAGTGCCCATGCC-1,1
GGAACCCGAACAAGAA-1,5
GGAACCGTGTAAATTG-1,3
GGAACCTTGACTCTGC-1,2
GGAACGGCCTGCAGCC-1,1
GGAACTCGTGAATACG-1,4
GGAACTTTGGCGATTA-1,1
GGAAGATAAGACTGTA-1,1
GGAAGCTCGCTTACAG-1,1
GGAAGGACACCGTATA-1,4
GGAATAACCTCAAGAA-1,1
GGAATGCGCTAGCGTG-1,6
GGACAACCATGAAGCC-1,3
GGACAAGCCATGATCG-1,4
GGACAAGTTGCAGTGA-1,1
GGACACAAGTTTACAC-1,6
GGACACCTCGGTGTTG-1,4
GGACCAACAGGATAAC-1,1
GGACCTACGGTAACGT-1,1
GGACCTCTAGGCCGCC-1,4
GGACGGCTTGCGCAAC-1,1
GGACGGGCGACCAACC-1,3
GGACGTCCATAGTTGG-1,1
GGACTAAGTCAGGAGT-1,1
GGACTCACAAATTAGG-1,6
GGACTCGAAGCTTTCA-1,1
GGACTCGACAGCGCAT-1,4
GGACTCGTGAGTGGTC-1,4
GGACTCTTCCGGTTGA-1,1
GGACTCTTTGACTAAG-1,4
GGAGAAGTCATTGGCA-1,5
GGAGACATTCACGGGC-1,1
GGAGACCAATGTGCTT-1,1
GGAGACCATCTACATA-1,2
GGAGACGACACCTTTG-1,1
GGAGCAACATTTCAAG-1,1
GGAGCACCAAGAACTA-1,1
GGAGCGAGGCCTACTT-1,4
GGAGGAGTGTGTTTAT-1,1
GGAGGATTGAAAGGAG-1,1
GGAGGCCGAAGTCGTC-1,6
GGAGGCGAAGAACCGC-1,1
GGAGGGCTTGGTTGGC-1,1
GGAGGGTCAAGTAAGA-1,1
GGAGTACACATGAGCT-1,1
GGAGTGCCGCCCTGGA-1,5
GGAGTTGATTCTGTGT-1,3
GGATACTCATGAATTG-1,1
GGATCAAAGGACGAGG-1,1
GGATCAGAGCCATCAG-1,2
GGATCATCCCGTACGC-1,1
GGATCCCTACCAGCTA-1,1
GGATCCGGAATATACT-1,6
GGATCTACCGTTCGTC-1,4
GGATCTTACTGCCCTT-1,4
GGATCTTGACTCAACC-1,2
GGATGAAGATCGCTGA-1,6
GGATGACGCGAGTTTA-1,1
GGATGCTGGCGTTCCT-1,1
GGATGGCTTGAAGTAT-1,3
GGATGTCCTTACCGCA-1,6
GGATTAAGCTAAGGTC-1,1
GGATTAATCATGGACC-1,4
GGATTCAGTACGGTGG-1,5
GGATTCCGCTATACCC-1,1
GGATTGAAGTAGCCTC-1,1
GGATTGCTGTGACTCC-1,3
GGATTTCACTTCTATA-1,6
GGCAAAGGCGCCAATA-1,4
GGCAAATTACTTTACT-1,1
GGCAAGCCAGGGATAG-1,1
GGCAAGCCCATAGTGG-1,4
GGCAAGGCGAAATAGC-1,1
GGCAATAGTCAATGAG-1,1
GGCACGCTGCTACAGT-1,3
GGCACTCAGCCGACCC-1,1
GGCACTCCACTGGGCA-1,1
GGCACTGCGGTGGTTT-1,3
GGCAGAGAGATCGGGA-1,1
GGCAGCAAACCTATGC-1,6
GGCAGCGGTAATCCTA-1,1
GGCATACAGGTAGCGG-1,1
GGCATATCGGTTCTGC-1,1
GGCATCAACGAGCACG-1,1
GGCATTCCCTCCCTCG-1,1
GGCATTGAACATCTCA-1,4
GGCCAATTGTATAGAC-1,1
GGCCACAAGCGATGGC-1,1
GGCCACACGAAAGCCT-1,5
GGCCCAATCTAGAGGG-1,1
GGCCCAGCTGGTTTGC-1,4
GGCCCAGTTATCAGCA-1,1
GGCCCGGAGCATGTCT-1,6
GGCCCGTATACCATGC-1,1
GGCCCTCACCCACTTA-1,1
GGCCGAGACTCTGGTG-1,4
GGCCGCAGGAACCGCA-1,3
GGCCGGCGTCTGCTAT-1,4
GGCCGTTTGGGTTTCA-1,4
GGCCTGCTCTGATGTT-1,4
GGCCTGCTTCTCCCGA-1,1
GGCCTTTGCAACTGGC-1,1
GGCGAAATCTAACTTG-1,6
GGCGAACCGTTCTGAT-1,1
GGCGAGCATCGAGGAC-1,1
GGCGAGCGAAACGGCA-1,2
GGCGCACAGTTTACCT-1,1
GGCGCAGGACATCTTC-1,1
GGCGCATGAATTGATG-1,1
GGCGCGGAGATCTTTC-1,3
GGCGCGTTCGAGTTTA-1,1
GGCGCTCCTCATCAAT-1,5
GGCGCTTCATTCCCTG-1,3
GGCGGAGTAATATTAG-1,1
GGCGGGCTCTAAGAGT-1,1
GGCGGTAGGATCATTG-1,1
GGCGGTTTGCCGGTGC-1,5
GGCGTACCCTATATAA-1,1
GGCGTAGGGAAAGCTG-1,3
GGCGTCCTATCCGCTG-1,1
GGCTAAAGGGCGGGTC-1,1
GGCTAATGATTGAAAT-1,1
GGCTACTATACACTCC-1,4
GGCTATTAAGTTGTAT-1,1
GGCTCCTCCACCTGTT-1,4
GGCTCGCGTTGAGGTA-1,6
GGCTCGTGCCACCAGC-1,5
GGCTCTGCTCCAACGC-1,1
GGCTGAAATAGCAAAG-1,1
GGCTGAGCATCGTAAG-1,1
GGCTGGCAATCCCACG-1,1
GGCTGGCAGCTTTATG-1,1
GGCTGGCTAGCTTAAA-1,1
GGCTGTCCTACTGCGG-1,4
GGCTTCTCGTGGGTGG-1,4
GGCTTGGCTCTCACCT-1,5
GGCTTTCAATAAGGGT-1,3
GGGAAAGAATGCCAAC-1,3
GGGAACCACCTGTTTC-1,1
GGGAACGGGAGGTTAG-1,1
GGGAACGGTTTCAGAT-1,4
GGGAAGACGGTCTGTC-1,4
GGGAAGGGCTTTCTCA-1,3
GGGAATGAGCCCTCAC-1,1
GGGAATTCTGTCCAGT-1,1
GGGACAGAGTTACTCC-1,2
GGGACCCGTATATCTT-1,3
GGGACTGCATAGATAG-1,1
GGGAGAACTCACAGTA-1,1
GGGAGCGACCGTAGTG-1,3
GGGAGGATGCCCGAAA-1,1
GGGAGTAATGGCTGGC-1,5
GGGAGTTAATGAGGCG-1,6
GGGATACGGTAATAAT-1,5
GGGATATTGATCGCCA-1,4
GGGATCCCAATACAAA-1,1
GGGATGGACCCGCGTC-1,3
GGGATGGTCGTAACCG-1,2
GGGATTATCTCACAAC-1,1
GGGATTTACCGCACCT-1,6
GGGCAACCGCACGTGC-1,2
GGGCACGAATTGGCCG-1,1
GGGCACGTAGTACTGT-1,4
GGGCACTATTGACCAT-1,4
GGGCAGACGTCACTGC-1,1
GGGCAGAGCAATCGTT-1,3
GGGCAGGATTTCTGTG-1,3
GGGCAGTCAACGCCAA-1,4
GGGCATGCATGTCGAG-1,3
GGGCCATTCGTGCTGG-1,4
GGGCCCGTCTTAAACA-1,2
GGGCCCTACGAAAGGG-1,1
GGGCCCTTATCTATAC-1,1
GGGCCGGCCGAAGTAC-1,1
GGGCCTAAATGGGCTA-1,2
GGGCCTATACAACCGG-1,1
GGGCCTATTTAAGTAT-1,1
GGGCGAATTTCTCCAC-1,5
GGGCGATATGTGTGAA-1,5
GGGCGCAGCGTTACTC-1,6
GGGCGGCAAATGAATT-1,2
GGGCGGGTTCCCTACG-1,2
GGGCGGTCCTATTGTC-1,5
GGGCGTACATTTATAT-1,5
GGGCGTCACCACGTAA-1,3
GGGCGTCCACTGGCTC-1,1
GGGCGTGGTTTCCCAG-1,3
GGGCGTTTACATTCAT-1,4
GGGCTACTATTTCGTG-1,2
GGGCTATGATCGATGG-1,3
GGGCTCATCGAACCCA-1,1
GGGCTGCCTAGGGCGA-1,1
GGGCTGGTTAGTCGCG-1,5
GGGTAATGCTGTGTTT-1,1
GGGTACACTCTGGAGG-1,1
GGGTACCCACGGTCCT-1,5
GGGTACTTCATGAACT-1,1
GGGTATGTATGCACTT-1,1
GGGTATTCTAGCAAAC-1,2
GGGTCACCGTGACGGT-1,1
GGGTCACGTGCTTATG-1,1
GGGTCAGGAGCTAGAT-1,4
GGGTCATGCGTACCAT-1,5
GGGTCCTTGGAAGAAG-1,4
GGGTCGTGGCAAGTGT-1,1
GGGTCTATCGCTTTCC-1,1
GGGTGACACCTTAACT-1,1
GGGTGCATATGAAAGC-1,6
GGGTGGTCCAGCCTGT-1,1
GGGTGTTTCAGCTATG-1,1
GGGTTAACATTTGAGT-1,3
GGGTTCAGACGAACAA-1,5
GGGTTTAGGATAGGAT-1,6
GGGTTTCCGGCTTCCA-1,1
GGTAAACTCTGCGCTG-1,3
GGTAAATGTGCGTTAC-1,1
GGTAACCGGCAAAGGT-1,1
GGTAACCGGGAGGATA-1,4
GGTAACTATGTATCTG-1,5
GGTACAAACATGCTAT-1,1
GGTACACCAGATTTAT-1,1
GGTACATCTGGGACGA-1,1
GGTACCATTAAGACGG-1,1
GGTACGTTGCGGCCGG-1,3
GGTACTAAGTGCTTTG-1,1
GGTAGAAGACCGCCTG-1,1
GGTAGACCGTTGGGCG-1,3
GGTAGGCCAATATCAC-1,3
GGTAGTGCTCGCACCA-1,1
GGTATAGTGACACATA-1,6
GGTATCAAGCATAGAA-1,1
GGTATGAAAGAACTGA-1,1
GGTATTGCCGAGTTTA-1,1
GGTCAAGACTACTTCG-1,1
GGTCACGTTAGATTCA-1,1
GGTCAGTGGGTCCCAC-1,1
GGTCATTGTAGTCATA-1,1
GGTCCACGTCTATTTG-1,2
GGTCCCATAACATAGA-1,1
GGTCCTTCATACGACT-1,1
GGTCGGATAAACGGCG-1,1
GGTCGGCCAGGAGCTT-1,6
GGTCGGTAATTAGACA-1,5
GGTCGGTCGTCCACAG-1,3
GGTCGTAAGCTCGCAC-1,2
GGTCTCCAAGTAGTGC-1,6
GGTCTCCGTCCAGGTT-1,3
GGTCTCTGAATGGACT-1,3
GGTCTGAGAATCTGGA-1,1
GGTCTTGAGCGCTCTT-1,4
GGTCTTGGTGTTAACT-1,1
GGTGAAACCGGGAATG-1,1
GGTGAACGGGCTAGCC-1,5
GGTGAAGTACAGGGAT-1,2
GGTGACTGATAGAGAG-1,1
GGTGAGATGCAGATAA-1,5
GGTGATAAGGAGCAGT-1,6
GGTGATGAAGGAAGTG-1,1
GGTGATTTCATCTTGT-1,1
GGTGCAGAGCCTATCG-1,1
GGTGCATAAATGATTA-1,4
GGTGCGGATAAGTGGC-1,5
GGTGCTGATCACAAAG-1,5
GGTGCTGGTACACATT-1,2
GGTGGACCACGTGTTA-1,1
GGTGGACTGCTCTGGC-1,1
GGTGGAGGTTGATACG-1,6
GGTGGGATTAGGTCCC-1,4
GGTGTAAATCGATTGT-1,4
GGTGTAGGTAAGTAAA-1,4
GGTGTTCTGTTTCTAC-1,1
GGTGTTGGGCGTCTTA-1,6
GGTTACCACCCTCGGG-1,2
GGTTACCCGACACTTT-1,1
GGTTACCGCTCCCTAC-1,4
GGTTAGCTATATGTCT-1,1
GGTTAGGCTTGGAGAA-1,5
GGTTAGTTACGGCGCC-1,5
GGTTCCACCCGCTTCT-1,1
GGTTCCCTAGTGTCTC-1,1
GGTTCCGTACGACTAA-1,4
GGTTCGATGCTGAGTT-1,1
GGTTCGCATTTGCCGT-1,1
GGTTCGGATTATACTA-1,1
GGTTCTACTCGTCTGA-1,6
GGTTGTATCGTGAAAT-1,1
GGTTGTGCTCTTGTCC-1,1
GGTTGTGTAGCCTGGC-1,1
GGTTTAATTACCATCG-1,4
GGTTTAATTGAGCAGG-1,1
GGTTTACAATCTCAAT-1,1
GGTTTAGCCTTTCTTG-1,6
GGTTTCAATCGGTCAG-1,6
GGTTTGACAAGAAGCT-1,1
GGTTTGAGTGCTGGAA-1,5
GGTTTGCGAACACGTA-1,1
GGTTTGTGACCTGAGG-1,1
GTAACAACTGACCTTG-1,1
GTAACAGGTTAACGGC-1,3
GTAACATCAGCTCATC-1,1
GTAACATCTAAGATAA-1,1
GTAACTACGTAGACCT-1,4
GTAACTGCCCAAGGAG-1,4
GTAACTTGCGGCAGTC-1,5
GTAAGCGGGCAGTCAG-1,1
GTAAGGATTTGTCGGA-1,1
GTAAGTAACAGTCTGG-1,6
GTAAGTAGGGTATACC-1,5
GTAAGTCCACACTCTA-1,6
GTAATAAAGGGCTCCC-1,6
GTAATCTGATTCTTCG-1,3
GTACACTTACCTGAAG-1,1
GTACAGAGGCAAGGGT-1,6
GTACGACGGCGCTGCG-1,5
GTACGAGATTGCGACA-1,5
GTACGCTTCATTGCAC-1,1
GTACGTCACGTATTAA-1,1
GTACGTTTGCCCGTCA-1,1
GTACTAAGATTTGGAG-1,5
GTACTACGGCCTCGTT-1,4
GTACTCCCTTATCGCT-1,1
GTACTCCTGGGTATGC-1,1
GTACTGAGGTCGTAAC-1,5
GTACTGCATGAAGCGT-1,5
GTACTGGAGTTAGACC-1,6
GTACTTGGGCACTTCT-1,5
GTAGAAACGGGTGGAG-1,1
GTAGACAACCGATGAA-1,1
GTAGACACGCCTGACT-1,3
GTAGACGTCGTTACAT-1,5
GTAGAGGGAGACAAGT-1,2
GTAGCCAAACATGGGA-1,1
GTAGCGCTGTTGTAGT-1,1
GTAGCGGCTATACACT-1,1
GTAGCTAGTAAGCGCG-1,1
GTAGCTCCGGGAGGCT-1,4
GTAGCTTCCTCTTGTT-1,6
GTAGGTGATCCGTGTA-1,1
GTAGTCGCGGGAATCA-1,1
GTAGTCTACGATATTG-1,4
GTAGTGAGCAACCTCA-1,3
GTAGTTCGAAGGCGAA-1,4
GTAGTTTAAGCACACG-1,4
GTATAATCTCCCGGAT-1,5
GTATAGGACTCAGTAG-1,5
GTATAGTGGCCCATGT-1,1
GTATATGTTACGGCGG-1,1
GTATCAAACGTTAGCT-1,1
GTATCAAGGTACTTCC-1,4
GTATCAGCTTGGGTTC-1,5
GTATCCTTTGGTAACC-1,3
GTATCGGGACGAGCTG-1,5
GTATCTCAGTCTTGAC-1,2
GTATCTCCCTAACTGT-1,1
GTATCTCGGGCGCTTT-1,4
GTATCTTGTTGCTCAC-1,1
GTATCTTTCATAACCA-1,1
GTATGAAATTTCACTC-1,2
GTATGACGTGGGAAAC-1,1
GTATGTGGGTCTAGTT-1,6
GTATTAAGGCGTCTAA-1,5
GTATTAGGGTTCGCGT-1,1
GTATTCTGAGAAACGA-1,2
GTATTCTTACCGTGCT-1,1
GTATTTAATGGCATAA-1,6
GTCAAAGAAGTGGTGT-1,3
GTCAAAGTTTACATAG-1,5
GTCAACCAGGCCTATA-1,3
GTCAAGCGGACTCGGG-1,1
GTCAATGCTATAATTT-1,1
GTCAATTGTACTGAAG-1,1
GTCACAAAGTTTCCAA-1,1
GTCACCTGTCTATGTC-1,1
GTCACTCATGAGCGAT-1,4
GTCACTCTCCAAATCT-1,5
GTCAGAATAGTCTATG-1,1
GTCAGACAGCGTTGGA-1,1
GTCAGTTGTGCTCGTT-1,1
GTCAGTTTGGTAGTCG-1,1
GTCATCTCCTACAGCT-1,5
GTCATGCACCTCCGTT-1,5
GTCATGCGCGAGGGCT-1,3
GTCATGGACATGACTA-1,5
GTCATTAGAGCGAACG-1,1
GTCATTGCATTGACCC-1,1
GTCCAATATTTAGCCT-1,4
GTCCACGTCGCATTCG-1,3
GTCCAGGCACGTGTGC-1,4
GTCCATTACTGCTACG-1,6
GTCCCAACGTAAAGTA-1,6
GTCCCAATCATCCCGC-1,2
GTCCCGCGACGTTATG-1,3
GTCCGAGAGCAATCAT-1,1
GTCCGGACCTGAAATT-1,1
GTCCGGCTGAATTGCG-1,5
GTCCGGGTTCACATTA-1,4
GTCCGTTAGAGGGCCT-1,4
GTCCTACAGGCGGCTC-1,5
GTCCTACGAATAGTCT-1,1
GTCCTACTCTACGGGC-1,2
GTCCTAGGATACCTTA-1,2
GTCCTATTGTTGTGGT-1,5
GTCCTTCTACAACCCA-1,5
GTCCTTCTAGTGGGTT-1,1
GTCCTTTAATGACTTC-1,1
GTCGAATTTGGGCGCT-1,4
GTCGATAGGTGACTTT-1,6
GTCGCCGTTGTGTGTT-1,4
GTCGCGTAACCCGTTG-1,1
GTCGGAAGGATACCAG-1,1
GTCGGATATCTCAGAC-1,1
GTCGGATGTAGCGCGC-1,1
GTCGGGAACATGGTAG-1,1
GTCGGGAAGCAGAAAC-1,3
GTCGGGTGAAGTACCG-1,1
GTCGTACCATCTCGGG-1,1
GTCGTACCTACGATTG-1,1
GTCGTATTGGCGTACA-1,1
GTCGTCAATTATAAGG-1,5
GTCGTCTGGTTGGCTA-1,1
GTCGTGTCTGGTCATC-1,1
GTCGTTATTCGCTTAT-1,1
GTCTACTCAATTACAA-1,1
GTCTAGTGAGCCGCTT-1,3
GTCTATACACGCATGG-1,4
GTCTATCTGAGTTTCT-1,2
GTCTATTGCATGCTCG-1,3
GTCTATTGGTTCCGGT-1,1
GTCTCAAGGCCCGGCT-1,3
GTCTCCCGAGTCCCGT-1,1
GTCTCCGCCTCAATAC-1,4
GTCTCCTGCCAGTATG-1,4
GTCTCGACTAAGTTTG-1,1
GTCTCGATCTGCTTTC-1,1
GTCTCGCCAACACGCC-1,1
GTCTGCCGACTCGACG-1,4
GTCTGGGCGGTCGAGA-1,2
GTCTGTAGGTTGAACA-1,4
GTCTTACCACGCCAAG-1,1
GTCTTAGTACAGCCGG-1,1
GTCTTCCTCACCTAAG-1,1
GTCTTGAGGAGCAGTG-1,6
GTCTTGTAGCTATTCA-1,6
GTGAAACGGCGCCACC-1,1
GTGAAACGTGCTCCAC-1,5
GTGAACTCCCATTCGA-1,6
GTGAAGATTTCAAGTG-1,1
GTGAAGCCGTATAGTC-1,1
GTGAAGTCACGACTCG-1,2
GTGACAGCTTCCCACT-1,4
GTGACCGCACACTACG-1,6
GTGACCTAAAGAATAA-1,1
GTGACGAGGGTGACCC-1,6
GTGACGCAGGTTTCAT-1,4
GTGACTTCAGTAGTGC-1,2
GTGAGATAACCTTATA-1,4
GTGAGCGTGCTGCACT-1,1
GTGAGGACACTTAAGG-1,1
GTGAGGAGCGGTTGAG-1,1
GTGAGTCGACTAATAG-1,3
GTGAGTCTAAGACGGA-1,1
GTGAGTGGTACAACGC-1,3
GTGATCAAGCGTGCAC-1,4
GTGATCACTAACGCCT-1,6
GTGATCATAGATCTGC-1,1
GTGATCCTTGTCATGA-1,3
GTGATGCACAACATCT-1,1
GTGATTCGCCGCTCAA-1,3
GTGCAAATCACCAATA-1,1
GTGCAACAAATGTGGC-1,5
GTGCACCAGCTTCAAC-1,4
GTGCACGAAAGTGACT-1,1
GTGCAGCGTAGAGTAG-1,1
GTGCCATCACACGGTG-1,2
GTGCCCGTTCGGATTC-1,6
GTGCCGCTTCAAAGGT-1,2
GTGCCTAGCTATGCTT-1,5
GTGCCTCAGTGTACGG-1,1
GTGCCTGAGACCAAAC-1,4
GTGCGAAATCGAACAC-1,2
GTGCGACAGGGAGTGT-1,6
GTGCGCAGCTTGCTCC-1,1
GTGCGCTTACAAATGA-1,1
GTGCGGGACCATCGGC-1,1
GTGCGGGTCTCCAAAT-1,5
GTGCGTGTATATGAGC-1,6
GTGCTATCCAGCTGGA-1,4
GTGCTCAAGTACTGTC-1,1
GTGCTGCAGATAAGGA-1,1
GTGCTGTTAGAACATA-1,4
GTGCTTACATCAGCGC-1,6
GTGGAACCTACATGCG-1,1
GTGGACCAACCCGATT-1,2
GTGGACGCATTTGTCC-1,3
GTGGACGTGCTGAGAC-1,5
GTGGAGCATGTCGGCC-1,6
GTGGAGCGTTTACCGA-1,4
GTGGAGTCGGCGGTTG-1,4
GTGGCAAACAGCGGCA-1,2
GTGGCCGGTTTCTCGG-1,4
GTGGCCTAATATCATT-1,1
GTGGCGGGCCGTAGCT-1,1
GTGGCGGTCCCAGCGT-1,1
GTGGCGTGCACCAGAG-1,1
GTGGCTGTTTCTGTTC-1,4
GTGGGAACAAACCGGG-1,4
GTGGGAAGACTGAATC-1,2
GTGGGCTTAGACACAC-1,5
GTGGGTACTGAGCGTA-1,2
GTGGGTCTTCTTTGCG-1,1
GTGGTATAGTCTGCCG-1,4
GTGGTCAGCGAAGTAT-1,1
GTGGTGATGGTTTGTG-1,1
GTGGTGGCCAAGTGAA-1,1
GTGGTTACTTCTTTCG-1,6
GTGGTTTCCGCCTTTC-1,2
GTGTACCTTGGCTACG-1,1
GTGTACGAACCGTTCC-1,1
GTGTATATCAGCGGGC-1,3
GTGTATGACTTTAAAG-1,1
GTGTCAGTGTACGTGG-1,4
GTGTCCGATAAGGCAT-1,1
GTGTCGTATAGCGTTC-1,1
GTGTCGTATTCACCTT-1,1
GTGTGAATAACTTAGG-1,6
GTGTGAGCCGAGGTGC-1,1
GTGTGTCGACGTCGCT-1,1
GTGTTACTATGCGTCC-1,1
GTTAAAGTAGGACTGG-1,1
GTTAACATCACTTAAA-1,1
GTTAACTATGTTGTCA-1,6
GTTAAGGGTGCGATGT-1,3
GTTAAGTTAGAGTGGG-1,6
GTTAATAGCGTCATTA-1,1
GTTAATGTCTATCTTA-1,1
GTTACAATTGGTGACG-1,1
GTTACCAAGGCGTACG-1,3
GTTACCTACAACTTGC-1,1
GTTACGAAATCCACGC-1,1
GTTACGGCCCGACTGC-1,1
GTTACTTTGGGCCTAG-1,2
GTTAGAGTGTGCCGCT-1,1
GTTAGCCCATGACATC-1,4
GTTAGCCGTAAATCAA-1,6
GTTAGGCTACCCGTTT-1,2
GTTATAATACGGTGAA-1,1
GTTATATCAGGAGCCA-1,1
GTTATATTATCTCCCT-1,1
GTTATCAAGCTATCGA-1,3
GTTATCACCTTCTGAA-1,1
GTTATTAAATACGACC-1,1
GTTATTAACGTGGGAG-1,5
GTTCAAATCAGATGTC-1,1
GTTCAATCTATGTCAA-1,1
GTTCACAGGAGTCTAG-1,1
GTTCAGTCGCCAAATG-1,4
GTTCATCGTTTGGCTG-1,6
GTTCCAAGACAGCGAC-1,1
GTTCCAGTCTGACCAT-1,5
GTTCCCGTAAACATAT-1,1
GTTCCGTCCGCCTGCA-1,4
GTTCGACAATTGTATA-1,4
GTTCGCCATAAGTGCC-1,1
GTTCGCTGAGACGTCT-1,1
GTTCGGAGCACTCAAC-1,3
GTTCGGATCGGGAACA-1,6
GTTCGGGCGTACCATT-1,6
GTTCGGTGTGGATTTA-1,1
GTTCGTCTAAAGAACT-1,1
GTTCGTCTGGGTCCCT-1,1
GTTCGTTGCGGACCAG-1,1
GTTCTTCCCTCGATGT-1,5
GTTCTTGTAACTCAAT-1,4
GTTGAACCGGTTCCAT-1,2
GTTGAGTCCCGCCGGT-1,1
GTTGCACGGAGTTTCG-1,5
GTTGCAGTCGACAACA-1,1
GTTGCCCTAACGGGTG-1,4
GTTGCGCTAACATTAC-1,6
GTTGCGGACGGTCAGG-1,6
GTTGGACCGCATCAGG-1,1
GTTGGATTCAGTGGCT-1,1
GTTGGATTGAGAACAC-1,6
GTTGGATTTGCGTTGG-1,1
GTTGGTCATGCTATCC-1,3
GTTGTAGATTTATGAG-1,4
GTTGTCGTGTTAGTTG-1,5
GTTGTTACATTGCGCT-1,1
GTTGTTGCAAGATGGC-1,1
GTTTACGTTCCATCTG-1,1
GTTTATGGGATTTAGA-1,5
GTTTCAAACGAGTTGT-1,1
GTTTCATATCGTCGCT-1,1
GTTTCCTGGAGGGTGA-1,5
GTTTCTAGAGGCGCGG-1,4
GTTTCTGCAGTCTCCC-1,1
GTTTGACCAAATCCTA-1,1
GTTTGAGCGGTTATGT-1,1
GTTTGGCCCAAGTTAT-1,1
GTTTGGCCGCTCAGCG-1,5
GTTTGGCGTCAGGCAC-1,1
GTTTGGGCTTGTGAGC-1,1
GTTTGGGTTTCGCCCG-1,3
GTTTGGTAGGGTCAAC-1,3
GTTTGGTGATCGGTGC-1,4
GTTTGTTAGCCAAGTA-1,2
TAAACCCAGGAGGGCA-1,3
TAAACGTCGTCAATGA-1,5
TAAAGACAACCCTTTA-1,6
TAAAGAGCCCGAAACC-1,1
TAAAGCGGTATTTCCA-1,4
TAAAGCGTTAGGAGAA-1,1
TAAAGCTGCAATAGGG-1,1
TAAAGGAGAAACTAGT-1,1
TAAAGTGCACGTCTCG-1,4
TAAATCTTTACACCTC-1,1
TAAATGAATCCGTTTC-1,5
TAAATGCCGTCTCATG-1,1
TAAATGGGCTACTGAG-1,1
TAAATTGTGGGTAAAG-1,4
TAAATTTAGTAACACC-1,4
TAACAAAGGGAGAAGC-1,5
TAACAATATTTGTTGC-1,1
TAACAGCGTTTGTGCT-1,4
TAACAGGTTCCCTTAG-1,4
TAACATACAATGTGGG-1,1
TAACATACACGCGATC-1,2
TAACCGCCCGCAGTGC-1,1
TAACCGTCCAGTTCAT-1,1
TAACCTACCGTCCGAG-1,1
TAACCTAGGGAGTCCA-1,1
TAACGCTTTGAGAGCG-1,1
TAACTATCGAAGGTCC-1,5
TAACTATTACGCCAAA-1,6
TAACTCATCCGCGCGG-1,2
TAACTCCATGGAGGCT-1,5
TAAGAGGGACAGGGAC-1,2
TAAGATTTAGCGGGAG-1,1
TAAGCAGGCGACACGC-1,1
TAAGCCCTTACGACCA-1,1
TAAGCGCGAATCAAAT-1,4
TAAGGAACTTGTGGGA-1,5
TAAGGCAACATAAGAT-1,1
TAAGGCATAACATCAA-1,4
TAAGGCCCGTCACCCT-1,4
TAAGGCTGAATCCCTC-1,6
TAAGGGCCTGTCCGAT-1,3
TAAGGGCTGGGAGAGG-1,1
TAAGTAAATGTGCCGC-1,1
TAAGTAACATCTTGAC-1,3
TAAGTCGCCGAGTATC-1,4
TAAGTCGGTGAGCTAG-1,1
TAAGTGAATAGTCTAC-1,4
TAAGTTGCGACGTAGG-1,1
TAATAAACAAGGAGAT-1,1
TAATACACAGTAGTAT-1,1
TAATACTAGAACAGAC-1,4
TAATAGAACAGAGTTA-1,3
TAATAGCTAAATGATG-1,1
TAATAGGTCACCAGAA-1,2
TAATAGTGACGACCAG-1,1
TAATATTGAAATTCGC-1,5
TAATCAACCAAATGGG-1,1
TAATCGATCCGTACGT-1,1
TAATGAAAGACCCTTG-1,1
TAATGTCGGTTCATGG-1,4
TAATTACGTCAGTAGA-1,3
TAATTAGATGGATATG-1,5
TAATTAGGACATCCGT-1,6
TAATTCCAATGCTTCA-1,1
TAATTGGAATCGGGAA-1,1
TAATTTCCGTCCAGTA-1,1
TACAAATTGCGGAGGT-1,1
TACAACAGCGCATACA-1,1
TACAACGCACAACTCA-1,2
TACAAGCTGTTCACTG-1,1
TACAAGGGCTTCTTTA-1,3
TACAAGTCTCGTGCAT-1,1
TACAATGAAACCAGCA-1,1
TACACAGCCGTGGTGC-1,4
TACACCGTCGTTAGTC-1,1
TACACCTCTTCGAATC-1,4
TACAGAAACGGTGGGC-1,3
TACATAGGCATACACC-1,1
TACATCCCTATCCCTG-1,2
TACATCTTGTTTCTTG-1,5
TACATGACCTTATCCG-1,5
TACATGCCGGAATTGT-1,1
TACATTTCTAACGTGC-1,1
TACCAAATAGCCCAGA-1,3
TACCAATAAAGTACCA-1,3
TACCAGAAGTAGGTTC-1,3
TACCAGCTAGGTTTAA-1,1
TACCAGGAATCCCGTC-1,4
TACCATGTATTGATTT-1,6
TACCCTCGGTAACCCT-1,1
TACCGAATAATTGTAA-1,3
TACCGATCCAACACTT-1,1
TACCGCGGACTTGCAG-1,6
TACCGGCTCACTGCCC-1,1
TACCGGTCGTTTCCAT-1,2
TACCGTAGGTTAACTA-1,3
TACCGTGCCTCGGACC-1,1
TACCTACTCCCAGTAT-1,3
TACCTATCCCTAGAGG-1,1
TACCTCACCAATTGTA-1,1
TACCTCACGCTTGTAC-1,5
TACCTCAGTTGTCTGT-1,4
TACCTCCACACCAATG-1,4
TACCTCTTTACCATCC-1,1
TACCTGCTGCACTGTG-1,1
TACCTTAAGATTTCCC-1,2
TACGAACACGACTTCA-1,5
TACGACGCTTGCTGCG-1,2
TACGACTGCCTCTTAG-1,1
TACGAGAACTTCACGT-1,1
TACGATCCAAGCCACT-1,1
TACGATGTTGATCATC-1,1
TACGCAGTTCTTTCCT-1,2
TACGCCATATTCTAAT-1,1
TACGCCGAGGGTACCC-1,4
TACGCCGCCTCAGAAG-1,1
TACGCCTCCATTCCGA-1,3
TACGCTATAGAAACCT-1,1
TACGCTCCTAGAACTG-1,4
TACGCTCGGTATTGGA-1,1
TACGCTGCACGGTCGT-1,1
TACGCTGCTGTGTTAA-1,4
TACGGAAGCCAAACCA-1,4
TACGGCATGGACGCTA-1,3
TACGGGATGCTAGCAG-1,1
TACGGGTAATAACATA-1,4
TACGTAAAGCGGAGTG-1,3
TACGTACTAGTGCTGA-1,4
TACGTGCAAGGTTCCT-1,1
TACGTGCACTATGCTG-1,5
TACGTGGGCCCAGGGC-1,4
TACGTTTACCGGCAAT-1,2
TACTACGTGCAATGCG-1,3
TACTATGGTTCCTCAG-1,4
TACTCACAACGTAGTA-1,1
TACTCATTGACGCATC-1,1
TACTCCTCTAGTTGAC-1,4
TACTCGGCACGCCGGG-1,1
TACTCGTTTGAATCAA-1,4
TACTCTCCGAACAAAT-1,1
TACTCTTACTTTACTG-1,1
TACTCTTTCGTCTTCA-1,4
TACTGAACAGATTTAG-1,4
TACTGAGGGAAGAAAG-1,2
TACTGCAATCAATTAC-1,1
TACTGCATGATTAAAT-1,4
TACTGGACAGCTCGGC-1,1
TACTGTTTCTCTGGTA-1,6
TACTTAAACATGTACA-1,3
TACTTGTTAGTAGTCC-1,6
TACTTTACTGAGCCGG-1,6
TACTTTCCGCACGCCA-1,2
TAGAAACACAATAGTG-1,1
TAGAAACCACTAAGTA-1,1
TAGAAAGGTGGCGCTA-1,6
TAGAAATTCACGTATA-1,1
TAGAACGCCAGTAACG-1,1
TAGAAGAAGGGTTACA-1,1
TAGAATAGCCGATGAA-1,3
TAGAATTAAGGGCAAC-1,1
TAGACGAAACGCCAAT-1,4
TAGACGCCCGTACCGG-1,6
TAGACTACCTAGCGTT-1,6
TAGACTCAGTTGGCCT-1,4
TAGAGATCATGCAACT-1,2
TAGAGCTACGAAGAAC-1,5
TAGAGGGAGTTTATCT-1,4
TAGAGGTTCTACTTGT-1,1
TAGAGTCTAAGCGAAC-1,5
TAGAGTGTTCCGGGTA-1,1
TAGATATGGACTGGAA-1,3
TAGATCCGAAGTCGCA-1,1
TAGATGGTTCCTTACT-1,1
TAGATTCAAAGTGCGG-1,4
TAGATTCCTGGTTATT-1,1
TAGATTCTCTAGCAAA-1,1
TAGCAACCTGTCACAA-1,5
TAGCAGATACTTAGGG-1,4
TAGCAGTAAATACGCG-1,1
TAGCAGTATGACTAAA-1,3
TAGCCAGAGGGTCCGG-1,1
TAGCCATTTCAAAGTC-1,6
TAGCCGGCGGTCAGCG-1,1
TAGCGTCCCTCGATTG-1,6
TAGCGTCCGGTGTGGT-1,1
TAGCGTCGAATATTGA-1,1
TAGCGTTGGGTCTTAC-1,1
TAGCTAAGTCCGGGAG-1,5
TAGCTAGAAGGCATGA-1,3
TAGCTAGTGATGATGG-1,4
TAGCTCACTGTGTTTG-1,1
TAGCTCAGATCCTAGT-1,1
TAGCTCGCCTGATAAC-1,3
TAGCTGATGTGAAGCG-1,2
TAGGAACAGCCTCCAG-1,1
TAGGAGGCTCGAGAAC-1,1
TAGGATCTTAACCGCA-1,4
TAGGCATGTTACGCCA-1,1
TAGGCCTATATAGTCT-1,3
TAGGCGATGAGGTCTC-1,3
TAGGCGGCTGCAAAGA-1,2
TAGGCTAAAGTGGCAC-1,3
TAGGGAGCTTGGGATG-1,6
TAGGGTGTTTCAAGAG-1,5
TAGGTCCAAGTAAGGA-1,1
TAGGTCGCCGGAACTG-1,1
TAGGTGACGATAACCT-1,3
TAGGTGAGCCCTACTC-1,1
TAGGTGCTCGCCTAGC-1,6
TAGGTGTTCCACAGAT-1,3
TAGGTTCGAGTTCGTC-1,1
TAGGTTCTGCTGAGAA-1,4
TAGTACCACAACTTTC-1,3
TAGTACCTTAGTGGTC-1,5
TAGTAGCTTATACCAG-1,4
TAGTAGTTGCCGGACA-1,4
TAGTCCCGGAGACCAC-1,4
TAGTCCGCAGAGAATG-1,1
TAGTCCGTATGCATAA-1,5
TAGTCCTGCACTAAGC-1,4
TAGTCGATCACGGGTT-1,6
TAGTCGGGATTCTTCG-1,1
TAGTCTAACAACGAGA-1,2
TAGTCTGCGGCACATT-1,4
TAGTCTGTGACGTTGC-1,1
TAGTCTTTCCGAATTG-1,1
TAGTGACAAGCTCTAC-1,1
TAGTGAGAAGTGGTTG-1,1
TAGTGCCCTCCAGAGT-1,5
TAGTGCTTGAATCCTT-1,1
TAGTGGAACTCATACA-1,1
TAGTGTCAGAAACGGC-1,5
TAGTTAAGATAGGATA-1,1
TAGTTTATTCTTGCTT-1,5
TAGTTTGATCGGTCGC-1,4
TATAAATCCACAAGCT-1,5
TATAAGTGAGGATAGC-1,5
TATACACAGACGCCTT-1,3
TATACACGCAAAGTAT-1,5
TATACCGAGTGCCACA-1,1
TATACGCGTCATCACT-1,3
TATACTCATGCGGCAA-1,5
TATAGAGTCGCTTGAA-1,4
TATAGATGGTCGCAGT-1,6
TATAGCGCACGTTATC-1,2
TATAGGGTACTCATGA-1,1
TATAGTTAGGTGTACT-1,4
TATATAGGGCTTTACG-1,4
TATATATCGAGAAATG-1,4
TATATCAAAGTGATCT-1,2
TATATCATTGATCAGT-1,1
TATATCCCTGGGAGGA-1,6
TATATGCTGGGTTGCC-1,5
TATATTACAAATGTCG-1,1
TATATTCGCGTCGATA-1,1
TATCAAAGGTCTGTAA-1,1
TATCACAGCACGGGCA-1,1
TATCACCATGTAAAGT-1,1
TATCACCCAACCGACC-1,1
TATCACTTCGAGTAAC-1,1
TATCAGTGGCGTAGTC-1,2
TATCCAATTGGTTATC-1,1
TATCCATATCATGCGA-1,5
TATCCATCTCGGTTAG-1,3
TATCCCTCGATCTGCA-1,4
TATCCGCACCGTCGGG-1,4
TATCCTATCAACTGGT-1,4
TATCCTGCATGGGAAT-1,5
TATCGATCTATGCATA-1,1
TATCGATGATTAAACG-1,5
TATCTACAGAGGTAAT-1,1
TATCTACCACAGCGGG-1,1
TATCTAGCCTAAAGGA-1,1
TATCTGAGCCGATATT-1,3
TATCTTGCAATACAAC-1,3
TATGAAGAATTAAGGT-1,3
TATGAAGACAGGTGCG-1,5
TATGACCTTGCGCTGG-1,3
TATGATAAATCTAACG-1,1
TATGATCCGGCACGCC-1,1
TATGATCTTCTCTTTA-1,3
TATGATTCTGCTTGGT-1,1
TATGCTCCCTACTTAC-1,5
TATGGAGTTTCTCGTT-1,1
TATGGATGTGCTACGC-1,5
TATGGCAGACTTTCGA-1,1
TATGGCCCGGCCTCGC-1,1
TATGGCTAGGCTAATT-1,1
TATGGGACCGAGCAGG-1,1
TATGGGTACGTATCGT-1,1
TATGGTCTGAGTAACA-1,1
TATGGTTAGTGGGAGA-1,6
TATGTAAAGTGCTTAA-1,4
TATGTAGAAACCCGGC-1,4
TATGTCAAGACCGACT-1,1
TATGTCTCATTGTGCC-1,1
TATTAACACCAAAGCA-1,3
TATTAACCTGACCGCG-1,4
TATTACCATCCTGCTT-1,6
TATTATGTTTGCCTGC-1,3
TATTCAATTCTAATCC-1,1
TATTCCACTCAGCTCG-1,3
TATTCCGAGCTGTTAT-1,1
TATTCCGGCAGTCCTA-1,1
TATTCCTCCGCCCACT-1,3
TATTCGTGCCAGAATA-1,1
TATTGACATTTCTGCC-1,6
TATTGCCGGGCTTGTA-1,3
TATTTAGTCTAGATCG-1,5
TATTTATACCGAGTAG-1,1
TATTTGATTTGCACAG-1,6
TATTTGTTACCCTTTA-1,5
TCAAACAACCGCGTCG-1,5
TCAAACTTAGATTGTT-1,1
TCAAAGAGCTATCTGT-1,2
TCAAAGTCACGGCGTC-1,4
TCAAATTATGTTCGAC-1,1
TCAAATTGTTGTGCCG-1,4
TCAAATTTGAGACTCA-1,3
TCAACAAAGATAATTC-1,2
TCAACACATTGGGTAA-1,5
TCAACATAGCGCCCTA-1,4
TCAACATCGACCGAGA-1,2
TCAACCATGTTCGGGC-1,5
TCAACGAGGAGACAAA-1,1
TCAACGCAGGAAATAA-1,3
TCAACGCGACCGGCAG-1,1
TCAACTAACGTATAAC-1,1
TCAACTGCAGAGTCAG-1,1
TCAAGAAATACTAGCT-1,1
TCAAGCGCGGACGGTA-1,1
TCAAGCTGCCTTGAAA-1,1
TCAAGGTTACTACACC-1,6
TCAATACAATTGCTGC-1,1
TCAATACGCCGTCATG-1,4
TCAATATACAGGAGGC-1,3
TCAATCCCGCGCCAAA-1,3
TCAATCCGGGAAGTTT-1,1
TCACAAACCGAGGTAC-1,3
TCACAGATCCTCAAAC-1,5
TCACAGCAAACTCGAA-1,3
TCACAGGAGAATAAGA-1,4
TCACAGGGAATCGCAA-1,1
TCACAGGTTATTGGGC-1,5
TCACATCTTATCTGAT-1,5
TCACCCTCTTAAGATT-1,1
TCACCGCTCGGCACTC-1,1
TCACGATGTCCGTGGA-1,2
TCACGCATTGTAGATC-1,1
TCACGGCCCAAGAGAG-1,4
TCACGGTCATCGCACA-1,5
TCACGTGCCCGATTCA-1,1
TCACTACGACCAATGC-1,1
TCACTATCCCTTCGGT-1,3
TCACTATCGTGCAATC-1,1
TCACTCAGCGCATTAG-1,5
TCACTCGTGCAACGGC-1,1
TCACTCTTCGTCTGTC-1,5
TCAGAACCTCCACAGG-1,6
TCAGAACGGCGGTAAT-1,4
TCAGACGCTATAGAAG-1,1
TCAGAGGACGCGTTAG-1,4
TCAGAGTGTGAGCATG-1,1
TCAGATGGAGACGTAG-1,1
TCAGCAAATGCATCTC-1,1
TCAGCAGTAGGCCCTG-1,4
TCAGCCAATCCGTAAA-1,3
TCAGCGCACGCCGTTT-1,4
TCAGCTTGAGCTTTCG-1,4
TCAGGGCGACTTCCTT-1,5
TCAGGGCGCAAACTCG-1,5
TCAGGGTGCACGAAAC-1,1
TCAGGGTGTAACGTAA-1,1
TCAGGTTCTTTGAGAA-1,5
TCAGTACTGACCCGCG-1,5
TCAGTAGGGACTATAA-1,2
TCAGTGTATACGTCAT-1,4
TCAGTTACGGAATGAT-1,1
TCATAAGTCCAAGAAG-1,1
TCATACTTACAGATCC-1,5
TCATATGAGCTTTGTT-1,3
TCATCACTCGAGCTCG-1,5
TCATCCCAGAGGGTGG-1,1
TCATCCTCAGCTGCTT-1,4
TCATCGACGACCGTCG-1,3
TCATCGATGGTCCCAA-1,4
TCATGCAGGTTCTCAT-1,1
TCATGGAGGCCTTTGT-1,1
TCATTCGTATAATTTG-1,1
TCATTTAAGTCTCCGA-1,6
TCATTTAGAAGTGTGA-1,1
TCCAACTCAGCTATCT-1,4
TCCAACTTTAAATTCT-1,2
TCCAAGCCTAGACACA-1,4
TCCAATAAAGGCTACC-1,4
TCCAATGCGTCGCCGC-1,4
TCCACAATGGTTTACG-1,1
TCCACATCGTATATTG-1,4
TCCACCAAGACATAGG-1,3
TCCACCTCTAGCCTTT-1,4
TCCACTTTATCTAGGT-1,1
TCCAGAGCACCGGTTC-1,1
TCCAGATGTACGCCAA-1,1
TCCAGCGCTATAAGCG-1,1
TCCAGGCAGGACGATC-1,4
TCCAGGCGAGTACGGT-1,1
TCCAGGGTATATACGA-1,3
TCCATCAATACTAATC-1,2
TCCATTAGTTGGATAG-1,1
TCCATTCCCACTAGAG-1,1
TCCATTGTGACCTCGT-1,1
TCCCAAACAGACAACG-1,1
TCCCAAACATCCTCTA-1,4
TCCCAAAGACGAAGGA-1,5
TCCCAAAGCCCTAAAT-1,6
TCCCAATATCGACGAC-1,1
TCCCACGGAGGGAGCT-1,1
TCCCACTCTCTTCCGG-1,6
TCCCAGCACACGACAT-1,1
TCCCAGCTTTAGTCTG-1,1
TCCCAGGCTTAGCTAA-1,5
TCCCGCCTATGTGCGT-1,1
TCCCGCGTACTCCTGG-1,1
TCCCGGGTGTGCTGCT-1,1
TCCCGGTCAGGAATTT-1,1
TCCCGTCAGTCCCGCA-1,1
TCCCGTCGCGTCATAG-1,1
TCCCGTGTGCAATTTG-1,1
TCCCTAGATCAATAGG-1,1
TCCCTCCGAAATCGTT-1,1
TCCCTCTTCTCAAGGG-1,3
TCCCTGGCGTATTAAC-1,3
TCCCTGGCTCGCTGGA-1,1
TCCCTTAGATTACTCG-1,1
TCCCTTGTCTGAAACT-1,3
TCCGAACGTTGCCGCT-1,6
TCCGAACTTGGCTTAC-1,1
TCCGAAGTAGTCACCA-1,1
TCCGAATGGTCCTGAG-1,6
TCCGACCGCTAATCAA-1,4
TCCGAGAAGGCTAAGC-1,1
TCCGATAATTGCCATA-1,1
TCCGATGACTGAGCTC-1,1
TCCGATGGTGCGACAT-1,5
TCCGATTACATTGCCG-1,1
TCCGCAGCCACCTAGC-1,1
TCCGCCTGTCTACAAG-1,3
TCCGCGGCAGCATCTG-1,6
TCCGCGGCCCAATGAA-1,1
TCCGCTGTCATCCCGG-1,1
TCCGCTTATCCCATTA-1,1
TCCGGAGGAAGGGCTG-1,1
TCCGGCCTAGCGTACA-1,1
TCCGGCCTGCATCGAT-1,1
TCCGGCTGTCGGGTCG-1,1
TCCGGGCCACTAACGG-1,1
TCCGGGCTTGACGGGA-1,3
TCCGGTTCGTCCGGTC-1,3
TCCGTAACCACAATCC-1,5
TCCGTTAAGCTAATAT-1,1
TCCGTTTAGCCTTGAA-1,1
TCCTAAAGATTCAGAC-1,3
TCCTAAATTGGGAAGC-1,3
TCCTAACCGTCGGGCA-1,4
TCCTACATCCACGGCC-1,1
TCCTAGCAAAGAAGCT-1,2
TCCTATCATAGGTAAC-1,6
TCCTCCTAAGACATTC-1,2
TCCTCGGGCTGGGCTT-1,1
TCCTCTACGAGATGGC-1,1
TCCTCTCCAGTTGTCC-1,1
TCCTCTGGCCCATTAG-1,1
TCCTGCAGCCGCCAAT-1,4
TCCTGCCAACTGGAGA-1,1
TCCTGCGTTGATACTC-1,1
TCCTGGCGCTGCCTGG-1,1
TCCTTACGACGGTCCG-1,1
TCCTTCAATCCCTACG-1,1
TCCTTCAGTGGTCGAA-1,1
TCCTTGTCCTTTAATT-1,4
TCCTTTAAATCCGCTT-1,1
TCCTTTCTTACGCTTA-1,1
TCGAAATTTAGGACCA-1,5
TCGAAGAACCGAGCAC-1,6
TCGAATATCCCGCAGG-1,4
TCGAATCGCAGGGTAG-1,4
TCGACAACTGAACCCG-1,2
TCGACATAGCGTAGCG-1,2
TCGACTGACGATGGCT-1,1
TCGAGACCAACACCGT-1,1
TCGAGCCAGGCAGGCC-1,4
TCGAGGGCAACAGACG-1,1
TCGAGTCTACGATTCG-1,4
TCGATAGGCTAGTCGC-1,1
TCGATTTACGAAACGA-1,4
TCGCAAAGATGCATTT-1,1
TCGCACCAGGAGGCAG-1,1
TCGCACTAACGTTTGT-1,1
TCGCATAAAGGGCGCA-1,3
TCGCATCCCTAAGTGT-1,5
TCGCATTCAATGACTT-1,5
TCGCCACCCGGATTAC-1,4
TCGCCCAACTGACTCC-1,1
TCGCCCACTGCGAGAG-1,1
TCGCCGAAGTTGCGTC-1,2
TCGCCGACATATTCGC-1,4
TCGCCGCACCGCGTGA-1,2
TCGCCGGAGAGTCTTA-1,1
TCGCCGGATGGGCAAG-1,5
TCGCCGGTCGATCCGT-1,5
TCGCCTCCTTCGGCTC-1,1
TCGCCTCGACCTGTTG-1,1
TCGCGCGTTTACATGA-1,4
TCGCGTAGCAGTGTCC-1,1
TCGCGTCCAGAAGGTC-1,1
TCGCTAAACCGCTATC-1,1
TCGCTACTGGCTTTGA-1,4
TCGCTCGATATATTCC-1,1
TCGCTCGGCACCAGCG-1,1
TCGCTGCCAATGCTGT-1,4
TCGCTGGGCGGATTGT-1,1
TCGCTGTGCGTAAATC-1,5
TCGCTTAATTACGAAG-1,1
TCGCTTTAAACGTTTG-1,1
TCGGAATGACCATCAA-1,1
TCGGAATGCGCTCTGA-1,1
TCGGACGCCCAGCCCA-1,6
TCGGAGAGTATCGGGA-1,2
TCGGAGTACATGAGTA-1,6
TCGGATCTGGATGACC-1,2
TCGGCAGGGTTAAGGG-1,2
TCGGCGAACCCAAACC-1,6
TCGGCGTACTGCACAA-1,2
TCGGCTAACTTCCCTT-1,1
TCGGCTTGTATCGACG-1,1
TCGGGAACGTGCCTAG-1,6
TCGGGAGACAGCGTAC-1,3
TCGGGATTCAAACATA-1,1
TCGGGCACTTCTGGAT-1,1
TCGGGCCGTCGTGGTA-1,6
TCGGGTGAAACTGCTA-1,1
TCGGTCCCGACAATAG-1,2
TCGGTCCCTGACTCCA-1,1
TCGGTGACCGCTCCGG-1,1
TCGGTTAGCCATGTAG-1,1
TCGTAACTCCCAAGAC-1,3
TCGTAAGACGACATTG-1,1
TCGTAAGCTCCGAGGA-1,1
TCGTACCGACGTCAAG-1,4
TCGTATAGTGCAATTA-1,5
TCGTATTACCCATTGC-1,1
TCGTATTTCGTCCGGA-1,1
TCGTCAAGTACGCGCA-1,4
TCGTCACACTGTTAGC-1,5
TCGTCCGCTGGCGTCT-1,5
TCGTCCGGGTACACTC-1,1
TCGTCTTAGGCGTTAA-1,1
TCGTGTACTATGGATG-1,1
TCGTGTATTGGTCACG-1,1
TCGTGTCACGCTGACA-1,2
TCGTGTTCGACCACAA-1,1
TCGTTAGGAGTCCCTA-1,3
TCGTTCGTTATTATGT-1,1
TCGTTGACAGGGTCCC-1,1
TCGTTGCTATCCGGTC-1,4
TCGTTGGCTCGTCAAT-1,5
TCGTTTACGCGACCCT-1,4
TCTAAAGAACAGTCTC-1,2
TCTAACCTAGCCTGCG-1,1
TCTAACTGTATGTAAA-1,1
TCTAATACTGCCTCAG-1,2
TCTACACGTTCATGCA-1,1
TCTACCCAATAGAGAG-1,1
TCTACCCGCATCATTT-1,1
TCTACCGTCCACAAGC-1,5
TCTACGCACGATCTCC-1,4
TCTACGGGCTCAGTTG-1,1
TCTAGCAATCTCCGCC-1,2
TCTAGCATCTTCGATG-1,5
TCTAGCATGCCCAGAA-1,1
TCTAGGTGGCGACGCT-1,6
TCTAGTGATATCGTGG-1,6
TCTAGTTATCAGAAGA-1,1
TCTATAGGTGGGTAAT-1,3
TCTATCATGCAGTTAC-1,5
TCTATCCGATTGCACA-1,4
TCTATCGGTCGCAACA-1,1
TCTATGCTATAACGAC-1,3
TCTATTACGCTGGCGA-1,5
TCTATTACTAGAGGAT-1,1
TCTCAAATCAATCGGG-1,4
TCTCAGGCTACTCGCT-1,1
TCTCATGAGATAGGGT-1,1
TCTCCAACGTAGGTTA-1,1
TCTCCACAAGTTGAAT-1,3
TCTCCCTGGGCAGCGT-1,1
TCTCGAACGAGGTCAC-1,1
TCTCGACGTATCGCCG-1,6
TCTCGAGGAGGTTCGC-1,1
TCTCGGCTCCAGGACT-1,5
TCTCGTGTTACGAGGA-1,2
TCTCTAATAGCTGGTA-1,5
TCTCTCGCCGCACATA-1,1
TCTCTTACCGCGAACC-1,4
TCTGAACCGGTCGGCT-1,5
TCTGAACTCGTACCCG-1,6
TCTGAAGCACGTGGTC-1,3
TCTGAATTCCGTACAA-1,6
TCTGACGGGCTAACCC-1,1
TCTGACTGTAATGGTT-1,1
TCTGAGCAATTGACTG-1,1
TCTGATCGGGTGCTAG-1,6
TCTGATGTATTCTGTC-1,1
TCTGATTGGAAATGGA-1,1
TCTGCACCATTAGTAA-1,1
TCTGCAGATTCGAGTC-1,5
TCTGCATACCTTGCTT-1,3
TCTGCCAGAAACTGCA-1,1
TCTGCGAATCGTTCGC-1,1
TCTGCGTCCGGTTTCT-1,5
TCTGCTTAGAACAAGC-1,6
TCTGGAGCGTAAGAGT-1,6
TCTGGCCGTTCAAGTT-1,6
TCTGGCGCAAGCCGGG-1,1
TCTGGGAACCTTTGAA-1,6
TCTGGGTAGCGCTCAT-1,2
TCTGTCATACAAGAGC-1,1
TCTGTGACTGACCGTT-1,1
TCTGTGATGGAGGTTG-1,1
TCTGTGCCATCATAGT-1,6
TCTGTGGCTACATTTC-1,1
TCTGTTACCCAGCATA-1,3
TCTTAACTCGGATGTA-1,1
TCTTACAGAGGTACCG-1,5
TCTTACCGGAACTCGT-1,1
TCTTACGGCATCCGAC-1,5
TCTTACTTATGCCTCT-1,6
TCTTAGAGCTCCAATT-1,6
TCTTAGAGTGAACTCT-1,6
TCTTATGGGTAGTACC-1,1
TCTTCCCATGGGCACA-1,6
TCTTCGAATAGACGTT-1,1
TCTTCGATACCAATAA-1,1
TCTTCGCGGTGAGAGG-1,1
TCTTCTATAACCCGCC-1,6
TCTTGATGCGTAGCGA-1,1
TCTTGCTCCCGATACT-1,3
TCTTGGTAACACCAAA-1,1
TCTTGGTCAATGATAC-1,4
TCTTTAAGACTATGAA-1,6
TCTTTAGAGTCTAACA-1,1
TCTTTAGCAGGCGAAC-1,6
TCTTTCATCCGTCCTT-1,4
TCTTTCCTTCGAGATA-1,1
TCTTTCGGCGGGACAC-1,1
TCTTTCTCTTAAGGAG-1,1
TGAAACCTCAACTCAC-1,1
TGAAACTTATGCAAGC-1,1
TGAAAGGACCTGACTC-1,6
TGAACAAGCAGGGACT-1,4
TGAACACCCGAAGCAG-1,1
TGAACTGCTATGACTT-1,5
TGAAGAGCGGTCCTAG-1,5
TGAAGTAGCTTACGGA-1,5
TGAATACCGACGCGTA-1,4
TGAATATGCTATAAAC-1,1
TGAATGAGATACAGCA-1,1
TGAATGAGTGTTTCCC-1,4
TGAATGTCAGCCGGCC-1,6
TGAATTTCACTTGCCT-1,2
TGACAACGCATGTCGC-1,6
TGACAACTTAAAGGTG-1,4
TGACACTTCTCTTTGC-1,1
TGACAGGACAAGTCCA-1,3
TGACATATATGACGAT-1,1
TGACATCGAGCGGACC-1,6
TGACATGTAACGTGAC-1,4
TGACCAAATCTTAAAC-1,4
TGACCAGCTTCAAAGT-1,1
TGACCCAACTCACATT-1,1
TGACCCACGTTAGACA-1,1
TGACCCAGCATTCCCG-1,1
TGACGAATATTTCCCT-1,2
TGACGATGCACTAGAA-1,6
TGACTATAATCCTTTC-1,1
TGACTCCGAATCATAC-1,2
TGACTCTAACTGGTAA-1,1
TGAGAATGCTTTACCG-1,5
TGAGACGTACCTCTCA-1,1
TGAGAGATTTACCACG-1,6
TGAGATCAAATACTCA-1,1
TGAGATTAGGCCCTAA-1,1
TGAGCAGTCGTGAAGT-1,1
TGAGCCATACAGTCTC-1,2
TGAGCGGAAAGTGTTC-1,3
TGAGCTCAACTGTATA-1,1
TGAGCTTTAATGACGC-1,1
TGAGGAGTGCCAGCTT-1,3
TGAGGCATGTACTGTG-1,3
TGAGGTGTGTGGCGGA-1,4
TGAGGTTGATCCCAAG-1,5
TGAGTAAATTAGCGTA-1,1
TGAGTGCCTCTTAAAT-1,2
TGAGTGGTCCGTGACG-1,6
TGAGTGTAACAACGGG-1,1
TGAGTTAAAGACATTC-1,6
TGATACATTTAGCCGT-1,4
TGATAGCGGGATTCTA-1,1
TGATCACCACACTGAC-1,4
TGATCAGGGAACTGCT-1,2
TGATCCCAGCATTAGT-1,1
TGATCGGTTTGACCCT-1,5
TGATCTACGCTGATCT-1,1
TGATCTATCACACTCT-1,4
TGATCTCCGGCGCCAG-1,5
TGATGCTCACGTAGTC-1,1
TGATGGCTGTTTCTGA-1,1
TGATGGGACTAAGTCA-1,1
TGATGTCAATTAAGTG-1,1
TGATTATGGCACGCAG-1,1
TGATTCAGGTCCCGCG-1,2
TGATTCCCGGTTACCT-1,4
TGATTCGTCTATCACT-1,1
TGATTCTGTCGCCGGT-1,2
TGATTTATTAGCTGTG-1,1
TGATTTCCTCCTGACG-1,5
TGCAAACCCACATCAA-1,1
TGCAAACGTACTAGTT-1,4
TGCAAAGTTCGTCTGT-1,4
TGCAACCCATCTGCGG-1,3
TGCAACTACTGGTTGA-1,4
TGCAAGAATGACGTAA-1,1
TGCAATCTAACACGGT-1,3
TGCAATTTGGGCACGG-1,1
TGCACAGTGAAGTTAT-1,1
TGCACGAGTCGGCAGC-1,1
TGCACTATGTGAGTGC-1,5
TGCAGAACTATATCGT-1,2
TGCAGAGTACCGAGCA-1,2
TGCAGATCGTCCTAGG-1,1
TGCAGCTACGTACTTC-1,2
TGCAGGATCGGCAAAG-1,1
TGCAGTGAGGCTCGGG-1,1
TGCAGTGGTAGGGAAC-1,4
TGCAGTTTCCTCCCAT-1,6
TGCATATGTCTGTCAC-1,1
TGCATCTCCGGATCTT-1,1
TGCATGAGTAGATTCG-1,5
TGCATGGATCGGATCT-1,1
TGCATGGCAGTCTTGC-1,1
TGCATGTGACCCATAG-1,4
TGCATGTGGTAATCTA-1,1
TGCCAAAGTCAGACTT-1,2
TGCCAATGGGTACTCT-1,3
TGCCACACTAGAGGAA-1,2
TGCCACCTGGCGAAAC-1,1
TGCCAGTACGTGGAGA-1,1
TGCCATGGCTTATAAG-1,1
TGCCATTACTAAAGAA-1,1
TGCCCGATAGTTAGAA-1,4
TGCCCGTACCGTTAAA-1,1
TGCCGAAAGCGTATTC-1,1
TGCCGATGTCATCAAT-1,1
TGCCGGATGTACGAGC-1,4
TGCCGTGGATCGTCCT-1,3
TGCCGTGGGACCCAAT-1,4
TGCCGTTCTTAATCGG-1,4
TGCCTAAATTTAATAG-1,6
TGCCTAATTGAAGATT-1,1
TGCCTGACATCGGTCA-1,5
TGCCTGATCAAACGAT-1,1
TGCCTTGCCCTTACGG-1,1
TGCCTTGGCCAGGCAA-1,1
TGCGAATATGGGATTT-1,2
TGCGACACCCTAGTGC-1,2
TGCGACGGCCGAACGT-1,4
TGCGAGAAACGTTACG-1,1
TGCGAGAATATTACCC-1,3
TGCGAGATGGCGGCCA-1,1
TGCGAGCCCTTCCGCG-1,1
TGCGATGCTAATGGCT-1,5
TGCGCAAAGCATTTGG-1,1
TGCGCCGTTAATAACG-1,6
TGCGCGATTAACGGAG-1,5
TGCGGACTTGACTCCG-1,4
TGCGGAGTAAAGGTGC-1,1
TGCGGCATAGTTCAAC-1,5
TGCGGGTATTGGGATC-1,1
TGCGGTCTACGAGTAA-1,1
TGCGGTGAAATTTCAT-1,1
TGCGTAAGAACCTGAT-1,2
TGCGTACGGCTAATTG-1,3
TGCGTCATGACTGAGC-1,2
TGCGTGATTGGGTGTC-1,5
TGCGTTTGTTGACACT-1,1
TGCTAAGTGTCTATTT-1,1
TGCTATACAAACGGAC-1,1
TGCTATGGCAAAGGGA-1,4
TGCTCACACAACAACC-1,1
TGCTCCACAGTTCTTA-1,6
TGCTCGGCGAAACCCA-1,3
TGCTCGGTGGGTCACC-1,4
TGCTCTGCCGGTTCAC-1,1
TGCTCTTGAGAGTTTG-1,3
TGCTGCGTCAGAGTTA-1,1
TGCTGGTTGGACAATT-1,5
TGCTGTTGAAGAACTC-1,1
TGCTTAGAGAGAATGC-1,4
TGCTTCCCAAGCAGTA-1,3
TGCTTGAAACCATGCA-1,1
TGGAAACGGAGTGAAC-1,1
TGGAACCACTGACACA-1,1
TGGAAGAAGGGAACGT-1,1
TGGAAGACGAACACCA-1,5
TGGAAGGATAAAGATG-1,1
TGGAATATCCTTGACC-1,1
TGGAATTAGACGCTTT-1,1
TGGACACCGTTGCTTG-1,5
TGGACCAATCTAAGAT-1,3
TGGACCACGGCGTTGA-1,1
TGGACGCAATCCAGCC-1,2
TGGACGTAGGCGAATC-1,1
TGGACTGTTCGCTCAA-1,1
TGGAGAATAATCGTCC-1,4
TGGAGCTAAAGTTCCC-1,1
TGGAGGGAAACACCTC-1,1
TGGAGTGATGCGATGA-1,5
TGGATAGAGTAACAGA-1,1
TGGATGGCATCTTGGA-1,4
TGGCAAACTAAATTAC-1,1
TGGCAACTCGCGCGCC-1,1
TGGCAAGCACAAGTCG-1,3
TGGCAATGGGACGGCG-1,1
TGGCACGAGCTCGAGT-1,1
TGGCAGATTACGATCA-1,1
TGGCAGCAGTAATAGT-1,1
TGGCATGAAGTTTGGG-1,2
TGGCCAAACTGAAGTA-1,1
TGGCCAATTTGGTACT-1,2
TGGCCGTATATTGACC-1,5
TGGCGACTGCTCCAAA-1,4
TGGCGATCAAGTTATG-1,3
TGGCGGTGTGCGATTG-1,1
TGGCTACACTCTACCT-1,3
TGGCTATGTGACATAC-1,3
TGGCTCTTGTCGCGTA-1,2
TGGCTTATGTATAATG-1,4
TGGCTTGTACAAGCTT-1,1
TGGCTTTGGGTAGACA-1,5
TGGGAAATGCCTTTCC-1,5
TGGGACCATTGGGAGT-1,1
TGGGATGCACTCATTC-1,1
TGGGCAATAGTTGGGT-1,6
TGGGCACAAACAGAAC-1,1
TGGGCACGTTCTATGG-1,1
TGGGCAGGCCACCGCA-1,1
TGGGCCACAAGAGCGC-1,1
TGGGCCCATACTAATT-1,6
TGGGCCTTGCCTGCAT-1,1
TGGGCGATACAATAAG-1,4
TGGGTAAGGTTCCCGC-1,1
TGGGTGCACAAGCCAT-1,3
TGGGTGGGATGTCATT-1,1
TGGGTGTAATAGATTT-1,3
TGGGTGTTAAGTAGAA-1,4
TGGGTTCCCGGACGGA-1,5
TGGGTTTCGGGCGTAC-1,4
TGGTAAGCAGGATTGA-1,1
TGGTACCGGCACAGCC-1,1
TGGTAGAATATATGGG-1,1
TGGTATCGCATCCCAA-1,1
TGGTATCGGTCTGTAT-1,1
TGGTCCCACGCTACGG-1,1
TGGTCGATATACCTCT-1,4
TGGTCGTGCAAGGCAA-1,2
TGGTCGTTTGATAGAT-1,1
TGGTCTAGCTTACATG-1,5
TGGTCTGTTGGGCGTA-1,1
TGGTGATCGTATTTGT-1,1
TGGTGCCCTGCCTTAC-1,4
TGGTGTGACAGACGAT-1,1
TGGTTAACTTACATTT-1,4
TGGTTAAGGGCGCTGG-1,1
TGGTTATGCTTGCGGT-1,5
TGGTTCAACGGGTAAT-1,1
TGGTTCGTAGCAAAGG-1,5
TGGTTGGAGGATCCTG-1,1
TGGTTTAAACGTGGGT-1,1
TGTAACTTGTCAACCT-1,1
TGTAAGACTGATAAGA-1,4
TGTAATGACCACAATA-1,1
TGTAATGCCTTCGGAC-1,1
TGTACCCGACCCTAAT-1,3
TGTACCTACACGAGGG-1,3
TGTACGAACAAATCCG-1,1
TGTACGCTATCAGCTT-1,1
TGTACTACTCTCACGG-1,1
TGTACTATCGCTCGTT-1,1
TGTACTGTGCCAAAGT-1,1
TGTACTTCCGGGCATG-1,3
TGTAGCCAATTCCGTT-1,4
TGTAGCCATCCCATTC-1,1
TGTAGGAGAAATTTCC-1,6
TGTAGTGATCTATAAT-1,1
TGTATAACAGATCCTG-1,1
TGTATACGGATGATGA-1,1
TGTATCAGACTGAAGC-1,1
TGTATCCTTATTCCAT-1,1
TGTATGGCGCAGACAG-1,6
TGTATTTACCTAATGC-1,1
TGTCATTTGTTGGGAA-1,1
TGTCCACGGCTCAACT-1,3
TGTCCCGACATAGCAC-1,5
TGTCCGCAAACAATTC-1,4
TGTCCGTGGCGCCTTT-1,1
TGTCCTAAGTCACCGC-1,1
TGTCGGCATGGTGGAA-1,1
TGTCGTGGGTATAGGC-1,4
TGTCGTTATCACATAT-1,2
TGTCTACAGTTTCTGT-1,5
TGTGACTACGCCAGTC-1,1
TGTGACTAGAGTTTGC-1,3
TGTGAGACTAGCCCAA-1,3
TGTGATTCCAGCGCTT-1,1
TGTGCCAGAGGCAAAG-1,2
TGTGCCGGTGCCGGAA-1,1
TGTGCTTTACGTAAGA-1,1
TGTGGACTATCTACGT-1,1
TGTGGAGGAAGCTTAA-1,1
TGTGGCAAAGCGTATG-1,1
TGTGGCGGGCTTCTGG-1,4
TGTGGCTCCCACCAAC-1,6
TGTGGTAGGGTGCCTT-1,1
TGTGGTTGCTAAAGCT-1,4
TGTGTAGTAGCACGTG-1,1
TGTGTCGAAGTCGAGG-1,2
TGTGTCGCGAGTTGCA-1,5
TGTGTGACCATGAATC-1,2
TGTGTTCGTATCCAAG-1,1
TGTTAACAAAGTGACT-1,1
TGTTATTGTATGTGGC-1,6
TGTTCATAAATGTGCT-1,6
TGTTCCGCTTCCATGA-1,1
TGTTCCGGCCTGAGCT-1,4
TGTTCGTATTGCGGTG-1,1
TGTTCTCATACTATAG-1,1
TGTTCTCTACTCCCTA-1,1
TGTTCTTCCATTGACT-1,1
TGTTGCCGTCGTCCCA-1,6
TGTTGGCTGGCGGAAG-1,1
TGTTGTCAAGAAGTCT-1,1
TGTTTAATACTTCATC-1,1
TGTTTCGGTACTTCTC-1,5
TGTTTCTGAAGCGTGC-1,4
TGTTTGAGATCGTCAG-1,1
TTAAACAGAGTCCCGC-1,1
TTAAACCGGTAGCGAC-1,1
TTAAACCTGGTTCCTT-1,1
TTAAACTCGAATTCAT-1,6
TTAAAGGCGATGCTCG-1,4
TTAAAGTAAGTCGCCA-1,3
TTAACACCTCGAACAT-1,5
TTAACCAACCCTCCCT-1,5
TTAACCCGAGGCGTGT-1,1
TTAACGAACAAGCAGT-1,1
TTAACGTCGCAAGACC-1,1
TTAACGTTAAAGCCTG-1,1
TTAACTCACGCGTGGA-1,1
TTAACTGATCGTTTGG-1,2
TTAACTTCAGGTAGGA-1,3
TTAAGACGAACGAACC-1,1
TTAAGATACCCAGAGA-1,4
TTAAGATAGGATTGAC-1,6
TTAAGCCGACAACTTC-1,1
TTAAGCGCCTGACCCA-1,5
TTAAGGATACGGAGGT-1,1
TTAAGGCCCGTACTTT-1,4
TTAAGTATTGTTATCC-1,3
TTAATCAGTACGTCAG-1,1
TTAATGCGAGGTAACT-1,1
TTAATGTAGACCAGGT-1,1
TTAATGTGTTTGCAGG-1,1
TTAATTGCTTTGGGTG-1,4
TTAATTTCAGACGCGG-1,1
TTACAACTACGCATCC-1,5
TTACACGATCTGCGAC-1,1
TTACAGACCTAAATGA-1,1
TTACATCGTGGCCTGG-1,5
TTACATGCCACAACTA-1,6
TTACCATTGATTACCC-1,1
TTACCCATTGCCGGGT-1,1
TTACCCTAACAGTCCT-1,5
TTACCCTAGGGATTGG-1,3
TTACCGCCTTAGGGAA-1,5
TTACGGATGGTTCGAG-1,6
TTACGGTGTCACCGAG-1,1
TTACGTAGCGCGTGCT-1,1
TTACGTATCTATGACA-1,3
TTACTAAAGGACTTTA-1,1
TTACTATCGGCTTCTC-1,1
TTACTCCGGCCGGGAA-1,6
TTACTCTGGTACGTAC-1,2
TTACTGGGATATTTCA-1,1
TTACTGTCTAGAGCTC-1,1
TTACTGTTTCTCTACG-1,1
TTAGAAGAACATGACT-1,1
TTAGAATAAGGGTCGG-1,4
TTAGACACGATCGTTG-1,1
TTAGACGAGTCACCTC-1,1
TTAGAGGGATATACAG-1,2
TTAGAGTATTGTCGAG-1,4
TTAGAGTTTAGAAGGA-1,6
TTAGATAGGTCGATAC-1,5
TTAGCAACATGGATGT-1,5
TTAGCCATAGGGCTCG-1,4
TTAGCGAATAGATAGG-1,1
TTAGCTAATACGATCT-1,1
TTAGCTCTGTAATCCG-1,1
TTAGCTGATTTGCCGT-1,6
TTAGGATGGGAGGGTA-1,6
TTAGGTCATAACCGAC-1,4
TTAGGTGTGACTGGTC-1,1
TTAGTAAACCTGCTCT-1,3
TTAGTAGGGCGGCGGG-1,1
TTAGTTATTCGTGGCA-1,6
TTAGTTCAAGTGTTCG-1,1
TTATAGATGCACATTA-1,1
TTATAGGTAATTGTCT-1,3
TTATAGTCCAAGGTGC-1,1
TTATATACGCTGTCAC-1,1
TTATATTTGGCAATCC-1,5
TTATCATACTCGCAAA-1,1
TTATCCAATCGAACTC-1,5
TTATCCGGGATCTATA-1,1
TTATCCTCAAGGAATA-1,2
TTATCGCCTGCGAAGC-1,1
TTATCTGACATTAGGA-1,2
TTATCTGTATCATAAC-1,5
TTATGAATGAAAGGGA-1,1
TTATGACAAACTGGAT-1,5
TTATGATCTTAACGAA-1,6
TTATGCGTCCCGGTCC-1,1
TTATGTTTGCGATAGA-1,5
TTATTAGAGCGTGTTC-1,1
TTATTAGGGAAGCATC-1,5
TTATTATCTGGAAGGC-1,1
TTATTTAGGTTCCTTA-1,1
TTATTTCATCCCAAAC-1,1
TTCAAAGTCTCTAGCC-1,1
TTCAACGACCCGACCG-1,5
TTCAAGCCGAGCTGAG-1,1
TTCAATACTCTGAATC-1,6
TTCAATTAGCCATAAT-1,1
TTCACGAAAGGATCAC-1,1
TTCACGGTCGTCACGT-1,4
TTCACTCGAGCACCTA-1,3
TTCACTTCCTAGAACG-1,4
TTCAGAGTAACCTGAC-1,1
TTCAGCCCTGGTCCAC-1,1
TTCAGCTGGCGTGCCC-1,1
TTCAGGCGTCAAAGCC-1,1
TTCAGTTCAAGAGGAG-1,4
TTCAGTTTGTGGCAGC-1,1
TTCATAGCCTTGTAAC-1,1
TTCATAGGGTGTCCAT-1,5
TTCATGGCGCAACAGG-1,1
TTCCAATCAGAGCTAG-1,1
TTCCAATCTGGCTATC-1,2
TTCCACACAGATTTGA-1,3
TTCCACATTTCTCGTC-1,1
TTCCAGACGAGATTTA-1,6
TTCCAGTGGGTTTCGT-1,4
TTCCATCATGCGGTGA-1,1
TTCCATCGACAGCGTG-1,1
TTCCCAAAGTACTGAT-1,1
TTCCCGACGCTTCACT-1,1
TTCCCGGCGCCAATAG-1,2
TTCCGCAGAGAAATAT-1,1
TTCCGCGTGAGGCGAT-1,1
TTCCGGCCTTGAGGCT-1,3
TTCCGGCTCGACTTCT-1,1
TTCCGGTATCTGTGTC-1,6
TTCCGGTTACCCACTT-1,6
TTCCTCGAGGGTGTCT-1,5
TTCCTCGGACTAACCA-1,1
TTCCTCTGCCCGAATA-1,1
TTCCTTTCTGTGTTGC-1,5
TTCGAACGAAACATGC-1,4
TTCGACAGAGCCCGTG-1,1
TTCGACGGGAAGGGCG-1,5
TTCGAGCCGGCGCTAC-1,1
TTCGCACTCGCGTGCT-1,5
TTCGCACTGTACGACA-1,3
TTCGCATCCGGAAGCA-1,5
TTCGCCGCTCGCGCTA-1,2
TTCGCGCGCCATACGA-1,4
TTCGCTAGGAAGTTGT-1,6
TTCGCTATCTGACGTG-1,1
TTCGGACTGATGCCTT-1,1
TTCGGACTGGGCATGG-1,3
TTCGGCAACCCGCTGA-1,1
TTCGGCTAGAGATGGT-1,5
TTCGGGACTAATCGCG-1,1
TTCGGGCGCTAGTCTT-1,3
TTCGGGTTGCCACGGG-1,6
TTCGGTACTGTAGAGG-1,4
TTCGGTGGAGACGCCC-1,6
TTCGTAATCCCAGCGG-1,1
TTCGTACTCCAGAACG-1,1
TTCGTGCATGTTATAG-1,4
TTCGTGGGCTGGAAGC-1,1
TTCGTTCAACGAAGTT-1,1
TTCTAACCGAAGCTTA-1,6
TTCTACCTCAATCGGT-1,4
TTCTACCTTTATGTTG-1,1
TTCTACTTGCGAGGGC-1,5
TTCTAGAAAGTCTTAT-1,4
TTCTAGGCCAATTGTG-1,5
TTCTATGCCTTTCGCA-1,1
TTCTATTAAACGCAGC-1,4
TTCTCAATTGCTACAA-1,4
TTCTCTTACAGGTGAT-1,4
TTCTGACCGGGCTCAA-1,1
TTCTGCCGCGCCTAGA-1,1
TTCTGCGAGCGCCCTT-1,1
TTCTGCGGGTTAGCGG-1,1
TTCTGCTAGACTCCAA-1,1
TTCTGTTTCCTGTCGC-1,5
TTCTTAGTGAACGGTG-1,5
TTCTTAGTGGCTCAGA-1,5
TTCTTATCCGCTGGGT-1,6
TTCTTCCCTTTGATAT-1,1
TTCTTCGCAATAGAGC-1,1
TTCTTGAGCCGCGCTA-1,3
TTCTTGCTAGCATCTC-1,6
TTCTTGGACGATCTGC-1,2
TTCTTGGAGTAATGAG-1,1
TTCTTGTAACCTAATG-1,5
TTCTTGTGTCCATCAG-1,5
TTCTTTGGTCGCGACG-1,1
TTGAAACCCTCATTCC-1,3
TTGAAAGGTGTAAAGG-1,1
TTGAACGAATCCTTTG-1,5
TTGAACGACGTGCTGA-1,3
TTGAAGAATTCCCAGG-1,5
TTGAAGGATGGGCGCC-1,3
TTGAAGTGCATCTACA-1,1
TTGAATATGGACTTTC-1,6
TTGAATCGTTGTATAA-1,2
TTGAATTCACGTGAGG-1,6
TTGACAGGAGCTCCCG-1,6
TTGACATGAACGTGGA-1,2
TTGACCAGGAACAACT-1,3
TTGACCATGTTCTCCG-1,1
TTGACCGTGTTAATGA-1,3
TTGACGATTCAGCACG-1,1
TTGACGCTCCATGAGC-1,6
TTGACTACCATATGGT-1,2
TTGACTATTGTCCGGC-1,6
TTGAGAAGTTTAGCAT-1,1
TTGAGAGTACTGCTAA-1,2
TTGAGCAGCCCACGGT-1,6
TTGAGCGCCACGTGAT-1,6
TTGAGGCATTTAACTC-1,1
TTGAGTCCCGCTGCTG-1,6
TTGATAGTCAATACAT-1,1
TTGATCTAACTTTGTC-1,5
TTGATGCCGCTCGTCG-1,4
TTGATGTGTAGTCCCG-1,1
TTGATTAGCTGTTTCT-1,2
TTGATTATGCAGATGA-1,1
TTGCAAGAAGACTCCT-1,4
TTGCACAATTCAGAAA-1,1
TTGCACGGAGCAGCAC-1,5
TTGCAGGTCATGAAGT-1,1
TTGCATGCTGATCACG-1,2
TTGCCAAGCAGAACCC-1,6
TTGCCATAGCCCGCTC-1,2
TTGCCCTGATCACGGG-1,1
TTGCCGCAGACCTACA-1,3
TTGCCGCTTTCTAGTA-1,3
TTGCCGGTGATCCCTC-1,1
TTGCCTAATCCAAAGT-1,4
TTGCCTTCTCGCCGGG-1,3
TTGCGCACAACCACGT-1,1
TTGCGCTCTCTCGCTT-1,5
TTGCGCTTGATCAATA-1,3
TTGCGGAAAGCTGCCC-1,4
TTGCGGCATCAGAAAG-1,3
TTGCGGCGACTCATGC-1,1
TTGCGTAGTTTGAGGA-1,1
TTGCGTCGGCCAACCG-1,3
TTGCGTGAACGCTTAG-1,1
TTGCGTGTGTAGGCAT-1,3
TTGCTAGCTACCAATC-1,1
TTGCTCATAGTACGTG-1,3
TTGCTCCCATACCGGA-1,1
TTGCTGAAGGAACCAC-1,5
TTGCTGATCATGTTCG-1,1
TTGCTGCACCTATCCA-1,5
TTGCTGGCCGGGCTTC-1,1
TTGGAAGAATACAGTC-1,2
TTGGACATGTGGCTTA-1,2
TTGGACCATCTGGCAA-1,6
TTGGACCTATAACAGT-1,3
TTGGAGTCTCCCTTCT-1,1
TTGGATATCGTCTACG-1,3
TTGGATCGACTTCTGG-1,1
TTGGATTGGGTACCAC-1,5
TTGGCCAAATTGTATC-1,4
TTGGCCATCTTGCGCT-1,5
TTGGCCTAGAATTTCG-1,1
TTGGCGATCCGAATAT-1,6
TTGGCTCAATATGTGT-1,3
TTGGCTCGCATGAGAC-1,5
TTGGGAAGACGAGCCG-1,4
TTGGGACACTGCCCGC-1,1
TTGGGACGTAAGAGTT-1,6
TTGGGCGGCGGTTGCC-1,1
TTGGGTTTATTCAGCG-1,1
TTGGTATGGCTTGTGT-1,1
TTGGTCACACTCGTAA-1,3
TTGGTGCGGTGTTGAA-1,1
TTGGTTCGCTCAAAGG-1,6
TTGGTTGCGGTGCGCG-1,2
TTGTAACTTCATAGCG-1,1
TTGTAAGGACCTAAGT-1,2
TTGTAAGGCCAGTTGG-1,1
TTGTAATCCGTACTCG-1,1
TTGTACACCTCGAACA-1,2
TTGTATCACACAGAAT-1,1
TTGTCACCGCGGTATC-1,2
TTGTCGTTCAGTTACC-1,5
TTGTCTCGGCAAGATG-1,4
TTGTGAACCTAATCCG-1,3
TTGTGAGGCATGACGC-1,2
TTGTGATCTGTTCAGT-1,3
TTGTGCAGCCACGTCA-1,3
TTGTGCGGAAGCGGAT-1,2
TTGTGGCCCTGACAGT-1,5
TTGTGGTAGGAGGGAT-1,2
TTGTGGTATAGGTATG-1,1
TTGTGGTGGTACTAAG-1,3
TTGTGTATGCCACCAA-1,3
TTGTGTTTCCCGAAAG-1,3
TTGTTAGCAAATTCGA-1,5
TTGTTCAGTGTGCTAC-1,1
TTGTTCTAGATACGCT-1,5
TTGTTGGCAATGACTG-1,4
TTGTTGTGTGTCAAGA-1,1
TTGTTTCACATCCAGG-1,4
TTGTTTCATTAGTCTA-1,4
TTGTTTCCATACAACT-1,2
TTGTTTGTATTACACG-1,4
TTGTTTGTGTAAATTC-1,1
