,SpatialGlue
AAACAACGAATAGTTC-1,4
AAACAAGTATCTCCCA-1,6
AAACAATCTACTAGCA-1,4
AAACACCAATAACTGC-1,5
AAACAGAGCGACTCCT-1,6
AAACAGCTTTCAGAAG-1,1
AAACAGGGTCTATATT-1,1
AAACAGTGTTCCTGGG-1,6
AAACATGGTGAGAGGA-1,5
AAACATTTCCCGGATT-1,1
AAACCACTACACAGAT-1,1
AAACCCGAACGAAATC-1,6
AAACCGGAAATGTTAA-1,6
AAACCGGGTAGGTACC-1,1
AAACCGTTCGTCCAGG-1,6
AAACCTAAGCAGCCGG-1,1
AAACCTCATGAAGTTG-1,1
AAACGAAGAACATACC-1,6
AAACGAAGATGGAGTA-1,1
AAACGACAGTCTTGCC-1,1
AAACGAGACGGTTGAT-1,3
AAACGCCCGAGATCGG-1,1
AAACGCTGGGCACGAC-1,6
AAACGGGCGTACGGGT-1,1
AAACGGGTTGGTATCC-1,4
AAACGGTTGCGAACTG-1,1
AAACGTGTTCGCCCTA-1,1
AAACTAACGTGGCGAC-1,1
AAACTCGGTTCGCAAT-1,2
AAACTCGTGATATAAG-1,1
AAACTGCTGGCTCCAA-1,3
AAACTTAATTGCACGC-1,5
AAACTTGCAAACGTAT-1,4
AAAGAATGACCTTAGA-1,5
AAAGAATGTGGACTAA-1,1
AAAGACATGAAGTTTA-1,1
AAAGACCCAAGTCGCG-1,4
AAAGACTGGGCGCTTT-1,1
AAAGCTTGCCTACATA-1,1
AAAGGCCCTATAATAC-1,5
AAAGGCTACGGACCAT-1,5
AAAGGCTCTCGCGCCG-1,6
AAAGGGATGTAGCAAG-1,1
AAAGGGCAGCTTGAAT-1,4
AAAGGTAAGCTGTACC-1,1
AAAGGTCAACGACATG-1,1
AAAGTAGCATTGCTCA-1,5
AAAGTCACTGATGTAA-1,4
AAAGTCGACCCTCAGT-1,1
AAAGTGCCATCAATTA-1,6
AAAGTGTGATTTATCT-1,6
AAAGTTGACTCCCGTA-1,6
AAATAACCATACGGGA-1,6
AAATAAGGTAGTGCCC-1,6
AAATACCTATAAGCAT-1,3
AAATAGCTTAGACTTT-1,6
AAATAGGGTGCTATTG-1,6
AAATCACTCCTAAACG-1,1
AAATCCGATACACGCC-1,1
AAATCGCGGAAGGAGT-1,6
AAATCGTGTACCACAA-1,3
AAATCTAGCCCTGCTA-1,1
AAATCTGCCCGCGTCC-1,6
AAATGACTGATCAAAC-1,2
AAATGATTCGATCAGC-1,1
AAATGCTCGTTACGTT-1,4
AAATGGCATGTCTTGT-1,6
AAATGGCCCGTGCCCT-1,6
AAATGGTCAATGTGCC-1,3
AAATGTATCTTATCCC-1,1
AAATGTGGGTGCTCCT-1,6
AAATTAACGGGTAGCT-1,3
AAATTAATAAGCGCGA-1,1
AAATTACACGACTCTG-1,6
AAATTACCTATCGATG-1,6
AAATTCCAGGTCCAAA-1,6
AAATTGATAGTCCTTT-1,5
AAATTGCGGCGGTTCT-1,4
AAATTGGTGAGAAGCA-1,1
AAATTTACCGAAATCC-1,1
AAATTTGCGGGTGTGG-1,4
AACAACTGGTAGTTGC-1,3
AACAATACATTGTCGA-1,5
AACAATTACTCTACGC-1,1
AACACACGCTCGCCGC-1,6
AACACGACTGTACTGA-1,6
AACACGAGACGCGGCC-1,4
AACACGCGGCCGCGAA-1,4
AACAGCTGTGTGGCAA-1,5
AACAGGAAATCGAATA-1,6
AACAGGATGGGCCGCG-1,4
AACAGGTAGTATGGAT-1,6
AACATAGCGTGTATCG-1,2
AACATATCAACTGGTG-1,6
AACATCGATACGTCTA-1,1
AACATTGAAGTTGATC-1,5
AACATTGGTCAGCCGT-1,4
AACATTGTGACTCGAG-1,6
AACCAAGACTTCTCTG-1,1
AACCAGTATCACTCTT-1,1
AACCATAGGGTTGAAC-1,5
AACCATGGGATCGCTA-1,4
AACCCAGAGACGGAGA-1,4
AACCCATCCCATGATC-1,5
AACCCGACAACCCGTG-1,5
AACCCGAGCAGAATCG-1,6
AACCCGATAGGGCTTC-1,1
AACCCGCTGTATTCCA-1,5
AACCCTACTGTCAATA-1,6
AACCCTGGTGGAACCA-1,6
AACCGAGCTTGGTCAT-1,6
AACCGCTAAGGGATGC-1,6
AACCGTTGTGTTTGCT-1,6
AACCTAAAGCCGTCCG-1,1
AACCTCGCTTTAGCCC-1,1
AACCTGTCACGGAATT-1,6
AACCTTTAAATACGGT-1,1
AACCTTTACGACGTCT-1,6
AACGAAAGTCGTCCCA-1,5
AACGACCTCCTAGCCG-1,6
AACGATAATGCCGTAG-1,3
AACGATAGAAGGGCCG-1,4
AACGATATGTCAACTG-1,6
AACGCATGATCTGGGT-1,6
AACGCGAACGGCAACA-1,4
AACGCGACCTTGGGCG-1,6
AACGCGGTCTCCAGCC-1,6
AACGCTGTTGCTGAAA-1,1
AACGGACGTACGTATA-1,6
AACGGCCATCTCCGGT-1,3
AACGTACTGTGGGTAC-1,3
AACGTAGTCTACCCAT-1,4
AACGTCAGACTAGTGG-1,4
AACGTCATCCGGCTTG-1,2
AACGTCGCTGCACTTC-1,6
AACGTGATGAAGGACA-1,6
AACGTGCGAAAGTCTC-1,3
AACGTTATCAGCACCT-1,1
AACGTTCTACCATTGT-1,6
AACTACCCGTTTGTCA-1,6
AACTAGCGTATCGCAC-1,4
AACTAGGCTTGGGTGT-1,6
AACTCAAGTTAATTGC-1,3
AACTCCAGAGCGTGTT-1,1
AACTCCTAATCCCATG-1,6
AACTCGATAAACACGT-1,4
AACTCGATGGCGCAGT-1,4
AACTCTCAATAGAGCG-1,6
AACTCTCAGTGTGCTC-1,5
AACTGAGGTCAGCGTC-1,1
AACTGAGTTATACTGA-1,6
AACTGATATTAGGCCT-1,6
AACTGGGTCCCGACGT-1,6
AACTGGGTTCGAGCCG-1,1
AACTGGTGTGGGCCTT-1,4
AACTTCTGCGTCTATC-1,4
AACTTGCCCGTATGCA-1,4
AACTTGCGTTCTCGCG-1,4
AACTTTACGGGAGCTT-1,1
AACTTTAGCTGCTGAG-1,6
AACTTTCTCGATCATG-1,1
AAGAAAGTTTGATGGG-1,5
AAGAAATCACCAGATT-1,1
AAGAAGGATCAGTTAG-1,4
AAGACATACGTGGTTT-1,1
AAGACCAAATAACTCA-1,5
AAGACCCAACTGAACA-1,5
AAGACTAACCCGTTGT-1,4
AAGACTCACGCCCACT-1,1
AAGACTGCAAGCTACT-1,3
AAGAGATGAATCGGTA-1,4
AAGAGCTCTTTATCGG-1,3
AAGAGGATGTACGCGA-1,6
AAGAGGCATGGATCGC-1,3
AAGAGGCCCTTTGGAA-1,6
AAGATGGCACCGGACC-1,5
AAGATTGGCGGAACGT-1,6
AAGCACCCTGCGTATC-1,6
AAGCATACTCTCCTGA-1,3
AAGCCACTTGCAGGTA-1,5
AAGCCGAAGCGGTTTA-1,6
AAGCCGCCGTGAAATC-1,5
AAGCCGCTTTACCTTG-1,1
AAGCCGGAGAGCAGGA-1,6
AAGCGCAGGGCTTTGA-1,6
AAGCGGAGTGCGCGCA-1,1
AAGCGGCGTCATGGGT-1,6
AAGCGTCCCTCATCGA-1,5
AAGCTAGATCGAGTAA-1,3
AAGCTATGGATTGACC-1,5
AAGCTCGTGCCAAGTC-1,3
AAGCTCTTTCATGGTG-1,6
AAGGAGAACTTATAAG-1,6
AAGGAGCGGTTGGTGC-1,4
AAGGATCGATCGCTTG-1,6
AAGGATGAGGGACCTC-1,6
AAGGCAGGCTGTCTCC-1,6
AAGGCGCGTAAAGCTT-1,4
AAGGCTGTGCTCATCG-1,3
AAGGGAACGACTGGCT-1,5
AAGGGACAGATTCTGT-1,6
AAGGGACTATGCATTC-1,5
AAGGGTTAGCCATGCG-1,6
AAGGGTTTGATTTCAG-1,1
AAGGTATCCTAATATA-1,6
AAGGTGATAAACCAGC-1,6
AAGTAAGCTTCCAAAC-1,4
AAGTAGAAGACCGGGT-1,4
AAGTAGTGACGCGAGG-1,6
AAGTCAATTGTCGTCA-1,6
AAGTCTAGTAGCTGCC-1,1
AAGTCTTCTGTGGCCT-1,1
AAGTGACGACCGAATT-1,4
AAGTGAGTCGGGTTTA-1,5
AAGTGCAAAGGTAGAC-1,1
AAGTGCCTTGACTGTA-1,6
AAGTGCGTTAGAATCT-1,1
AAGTGCTTCTCTATTG-1,5
AAGTGTTTGGAGACGG-1,1
AAGTTCACTCCAAGCT-1,1
AAGTTCAGTCTGCGTA-1,6
AAGTTCGGCCAACAGG-1,4
AAGTTGTGATGTTATA-1,1
AAGTTTACTAATGGCA-1,6
AAGTTTATGGGCCCAA-1,6
AATAACAACGCTCGGC-1,1
AATAACACTAGAACAA-1,5
AATAACGTCGCGCCCA-1,6
AATAATCTTCGTATCG-1,6
AATACAATGTTTCAGG-1,4
AATACCGGAGGGCTGT-1,5
AATACCTGATGTGAAC-1,2
AATAGAACAGAGTGGC-1,3
AATAGAATCTGTTTCA-1,6
AATAGCAAGCCTCCTG-1,1
AATAGCTACCGCGTGC-1,1
AATAGGCACGACCCTT-1,5
AATAGTCCGTCCCGAC-1,5
AATAGTCGCGAGTCGG-1,1
AATATCAAGGTCGGAT-1,6
AATATCCTAGCAAACT-1,1
AATATCGAATCAATGC-1,6
AATATCGAGGGTTCTC-1,6
AATATTGGAGTATTGA-1,1
AATCAGACTGCAGGAC-1,4
AATCAGGTTTCATTTA-1,5
AATCATGTAAAGACTC-1,1
AATCCAAGGGCCTGAG-1,4
AATCCATGCAAGGGTG-1,4
AATCCCGCTCAGAGCC-1,1
AATCGAGGTCTCAAGG-1,2
AATCGCCTCAGCGCCA-1,3
AATCGCGCAGAGGACT-1,6
AATCGGGACACTACGA-1,6
AATCGGTATAGCCCTC-1,6
AATCGTGAGCCGAGCA-1,1
AATCTAGGTTTACTTG-1,5
AATCTATGCCGGAGCC-1,6
AATCTCTACTGTGGTT-1,1
AATCTGCGTTGGGACG-1,6
AATCTGGCTTTCTAGT-1,5
AATCTGGGTAGACCCT-1,1
AATGACAGCAATGTCT-1,5
AATGACGTAGGATGTC-1,3
AATGACTGTCAGCCGG-1,4
AATGAGTTCGCATATG-1,4
AATGATGATACGCTAT-1,6
AATGATGCGACTCCTG-1,6
AATGCAACCGGGTACC-1,4
AATGCACCAAGCAATG-1,6
AATGGCCGCCAATGCG-1,1
AATGGTCCACCGTTCA-1,1
AATGGTTCTCACAAGC-1,6
AATGTATGGCACTGTA-1,5
AATGTGCCCGAGGTGT-1,5
AATGTGCTAATCTGAG-1,5
AATGTTAAGACCCTGA-1,2
AATGTTGTCGTGAGAC-1,1
AATTAAAGGTCGGCGT-1,3
AATTAACGGATTTCCA-1,1
AATTACGAGACCCATC-1,5
AATTACTCGTACGCTC-1,1
AATTAGCGCTGCAGCG-1,3
AATTATACCCAGCAAG-1,2
AATTCATAAGGGATCT-1,6
AATTCATTGTCATGCA-1,5
AATTCCAACTTGGTGA-1,4
AATTCCAAGCATGTAC-1,1
AATTCGATTCGAGGAT-1,6
AATTCTAGAGTTAGGC-1,3
AATTGAACGCTCTGGT-1,3
AATTGCAGCAATCGAC-1,1
AATTGCGTGGATTACA-1,5
AATTGTGGTTGCCAAA-1,6
AATTTGGGACATAGTA-1,6
AATTTGGTTCCAAAGA-1,6
ACAAACCATGCGTCCT-1,5
ACAAACCGACAAGGCG-1,1
ACAAACTCCATCAGAG-1,1
ACAAAGAAGGTAGGCC-1,1
ACAAAGCATGACCTAG-1,1
ACAAATCGCACCGAAT-1,6
ACAAATGGTAGTGTTT-1,3
ACAAATTCAGATCTGA-1,1
ACAACAGCATGAGCTA-1,3
ACAACGGTCCCTGCGA-1,4
ACAAGCAGTGCCTAGC-1,1
ACAAGCTATATGGAAG-1,1
ACAAGGACAAGAGGTT-1,4
ACAAGGATGCTTTAGG-1,1
ACAAGGCCTACCAGCC-1,1
ACAAGGGCAGGCTCTG-1,3
ACAAGTAATTGTAAGG-1,5
ACAATAGTCGTACGTT-1,1
ACAATCCATTTAAACC-1,1
ACAATCGATCTTTATA-1,6
ACAATGAATACGGAGA-1,5
ACAATGATTCTTCTAC-1,1
ACAATTGTGTCTCTTT-1,6
ACAATTTAGGAGGCTC-1,1
ACAATTTGAGCAGTGG-1,6
ACAATTTGGCCATATT-1,6
ACACAAAGACGGGTGG-1,4
ACACAAATATTCCTAG-1,1
ACACACCAGGACCAGT-1,6
ACACACTTTCTACACG-1,6
ACACATGATCAAATCT-1,5
ACACATTGACGCAACA-1,4
ACACATTTCCGTAGAC-1,2
ACACCACATAATTAGC-1,6
ACACCCAGCATGCAGC-1,4
ACACCCGAGAAATCCG-1,4
ACACCCGTAAATCTGT-1,1
ACACCGAGCGCTCTTT-1,6
ACACCGGTCTGACCGC-1,5
ACACCTTAAGTAGGGC-1,6
ACACCTTACTACTTGC-1,6
ACACGAGACTCCTTCT-1,3
ACACGGCACTATGCAT-1,6
ACACGGGAACTTAGGG-1,6
ACACGTAGGCCACAAG-1,6
ACACTCCAATGTCACT-1,4
ACACTGATCAAGGTGT-1,5
ACACTGGGACAGTCGT-1,6
ACAGAACTGAGAACAA-1,5
ACAGATTAGGTTAGTG-1,6
ACAGCATAGAGCCAGT-1,4
ACAGCGACATTCTCAT-1,1
ACAGCGCACCCGCAGC-1,6
ACAGGAGGCGCAGCCG-1,1
ACAGGCACGGATCCTT-1,1
ACAGGCTTGCCCGACT-1,6
ACAGGTGGAGGTGAGG-1,6
ACAGGTGTGTTGTTGC-1,1
ACAGTAATACAACTTG-1,4
ACAGTATACCGTGGGA-1,1
ACAGTGCAGCGCATTT-1,1
ACATAAGTCGTGGTGA-1,5
ACATAATAAGGCGGTG-1,6
ACATACAATCAAGCGG-1,2
ACATCAGCTGGGACGC-1,1
ACATCCCGGCCATACG-1,6
ACATCCTGGTAACTGT-1,6
ACATCGATCGTTTACC-1,3
ACATCGCAATATTCGG-1,5
ACATCGGTCAGCCGCG-1,4
ACATCGTATGCAATGG-1,3
ACATCGTTAACCTAGT-1,6
ACATCTCAACGCGTAA-1,1
ACATGCTTACGGCAGC-1,5
ACATGGCGCCAAAGTA-1,6
ACATGGCTCAATTTAG-1,4
ACATTAGTTTATATCC-1,3
ACATTCGCGCGGAATA-1,5
ACATTTGAAACCTAAC-1,2
ACCAAACACCCAGCGA-1,1
ACCAACACCACACACT-1,1
ACCAACCGCACTCCAC-1,1
ACCAACGCTTATTTAT-1,4
ACCAAGAACGCGTGTC-1,4
ACCAAGTCATCGGCAG-1,6
ACCAATATGCAAGTTA-1,6
ACCACAACTCAGAACA-1,6
ACCACAAGTTTCTATC-1,4
ACCACACGGTTGATGG-1,2
ACCACCAATGTAACAA-1,6
ACCACCCTCTCTTCTA-1,1
ACCACGTGCAGCTATA-1,1
ACCACTGTTCAAGAAG-1,1
ACCAGACCATAACAAC-1,1
ACCAGGAGTGTGATCT-1,6
ACCAGTGCCCGGTCAA-1,1
ACCAGTGCGGGAGACG-1,6
ACCATATCCGCAATAA-1,3
ACCATCCGCCAACTAG-1,3
ACCATCGTATATGGTA-1,3
ACCATTAAGGGTGTCA-1,1
ACCCAACGCCCGTGGC-1,6
ACCCACCTACATGCTC-1,4
ACCCATCTTGAGGGTA-1,6
ACCCATTTGTCCCTCT-1,1
ACCCGAGCGAAATTAC-1,5
ACCCGATTGGTTCCGA-1,5
ACCCGGAAACTCCCAG-1,6
ACCCGGAGCACCACAA-1,6
ACCCGGATGACGCATC-1,6
ACCCGGTTACACTTCC-1,3
ACCCGTAGCAGAGAAT-1,5
ACCCGTAGTCTAGTTG-1,6
ACCCGTGTCATCAGTA-1,5
ACCCTATAGGACTGAG-1,4
ACCCTATGCCATATCG-1,5
ACCCTCCCGTCAGGGC-1,1
ACCCTCCCTTGCTATT-1,3
ACCCTGGTAACGCCCT-1,1
ACCCTTCATCTGCGAA-1,6
ACCCTTGCCTGGGTCG-1,1
ACCCTTTAGTTCTCCA-1,6
ACCGAAAGGGCCCTGC-1,4
ACCGAAGAGTCTGGTT-1,5
ACCGACACATCTCCCA-1,2
ACCGACTGAGTCCCAC-1,3
ACCGAGTCTCCTTATT-1,2
ACCGATAGGCATAACC-1,6
ACCGATATTTAATCAT-1,6
ACCGATGGTAGCATCG-1,6
ACCGCGGTGGAAGTCG-1,6
ACCGCTAGTCATTGGT-1,5
ACCGGGCCTTTGTTGA-1,6
ACCGGTCAGGTACACC-1,5
ACCGGTCTGAGTACGG-1,1
ACCGTCCACTGGGCCC-1,5
ACCGTGACCACGTGGG-1,5
ACCGTTCCCGCTCTGA-1,6
ACCTAAGTACCTTTCA-1,5
ACCTAATCGACTTCCT-1,1
ACCTACAGTATGTGGT-1,6
ACCTACTATAAATCTA-1,6
ACCTCAGCGAGGCGCA-1,2
ACCTCCGCCCTCGCTG-1,6
ACCTCCGTTATTCACC-1,6
ACCTCGAACTTATGCT-1,5
ACCTGCGTGTCATGTT-1,4
ACGAAATGGGCGGCAC-1,1
ACGACCCATGAGTTGC-1,6
ACGACTCTAGGGCCGA-1,2
ACGACTGGTCATACTC-1,5
ACGAGAACCCATCACG-1,4
ACGAGATATTTGCTTA-1,6
ACGAGGATACCACTCT-1,6
ACGAGGTTTACAACGT-1,5
ACGAGTACGGATGCCC-1,6
ACGAGTCGCCGGCGTT-1,4
ACGATACATAGAACTA-1,6
ACGATACCTATCCTGA-1,1
ACGATCATACATAGAG-1,6
ACGATCATCTTGTAAA-1,6
ACGATGCATATGTTAT-1,3
ACGATGGATCCGATGC-1,6
ACGCAAACTAATAGAT-1,5
ACGCAATCACTACAGC-1,6
ACGCATAAATGACATG-1,1
ACGCATACGTTTACTA-1,1
ACGCATTCGTGAGTAC-1,3
ACGCCACTCGAAACAG-1,2
ACGCCAGATGATTTCT-1,6
ACGCCAGTGCGTTTGC-1,1
ACGCCGCTAGACGACC-1,3
ACGCCTGACACGCGCT-1,6
ACGCGAAGTCAGACGA-1,3
ACGCGCTACACAGGGT-1,1
ACGCGGGCCAAGGACA-1,3
ACGCGTTTCTTAAGAG-1,1
ACGCTACTGAATGGGC-1,6
ACGCTAGTATCAGTGC-1,1
ACGCTAGTGATACACT-1,6
ACGCTGTGAGGCGTAG-1,6
ACGCTTAGTGTCTCTC-1,1
ACGGAACACGAGTGCC-1,1
ACGGAATTTAGCAAAT-1,4
ACGGACGCAGCGACAA-1,5
ACGGACTCTCAAAGCG-1,1
ACGGAGCGCAAATTAC-1,1
ACGGATGGTGCGGATA-1,6
ACGGCACTTGCTTGGG-1,3
ACGGCCAACATGGACT-1,5
ACGGCGGGTTGCCCTG-1,4
ACGGCTGGATGTAGAA-1,5
ACGGGAGTGTCGGCCC-1,6
ACGGGCGTATGCGACA-1,1
ACGGGTCATGTGACTT-1,1
ACGGGTTGTGACCTGT-1,5
ACGGTACAGTTCAATG-1,1
ACGGTCACCGAGAACA-1,5
ACGTACAGATTTCTCT-1,6
ACGTACTTTGGCACGG-1,5
ACGTAGATTGCTGATG-1,3
ACGTAGGAGAGTCGCT-1,2
ACGTATTACTCCGATC-1,6
ACGTCCTAAACGAGAT-1,6
ACGTCGGGCAACTCGG-1,5
ACGTCTCGTTCCGGGA-1,1
ACGTGACAAAGTAAGT-1,6
ACGTGCGCCTCGTGCA-1,6
ACGTGGTCGAATGTGC-1,1
ACGTTAATGTCGAAGA-1,3
ACGTTAGATTTGCCCG-1,3
ACGTTATTGGTCACTC-1,4
ACGTTCACTATGCCGC-1,5
ACGTTCCGCGCTCCGT-1,4
ACGTTCGCAATCAATT-1,6
ACGTTCGTTCAGGAAA-1,5
ACGTTCTGTACAAGTC-1,1
ACGTTGTCGTTGAAAG-1,5
ACGTTTAGTTGTGATC-1,6
ACGTTTCGGTGCACTT-1,6
ACTAAGGACGCACACC-1,1
ACTAATACGTCAGGCG-1,1
ACTACAAAGAGAGGTG-1,6
ACTACATCCCGACAAG-1,5
ACTACCAGCTCTCTGG-1,4
ACTACCATCCGAGGGC-1,5
ACTACGCGTTAGAATT-1,5
ACTAGTTGCGATCGTC-1,6
ACTATATGCTGTGTTC-1,1
ACTATCCAGGGCATGG-1,6
ACTATCGCCGGCTAAA-1,6
ACTATCTGCCCGCGTA-1,6
ACTATGTCCAGCTGCC-1,5
ACTATTCGTCCGTGGT-1,6
ACTATTTCCGGGCCCA-1,5
ACTCAACGAATGTATT-1,4
ACTCAAGTGCAAGGCT-1,1
ACTCAATAAAGGCACG-1,6
ACTCAGACCTGCTTCT-1,4
ACTCATGGCAGCCTTC-1,5
ACTCCAATATCATCAT-1,5
ACTCCCATTCCTAAAG-1,1
ACTCCCGAATTCGTTT-1,6
ACTCCCGTAGACTAGG-1,1
ACTCCCTAATGCTAAA-1,1
ACTCCCTAGAATAGTA-1,3
ACTCCGGCCGACCACT-1,2
ACTCGATGTATTTCAT-1,4
ACTCGCCGTTCGATAA-1,1
ACTCGCGATCTGACGC-1,6
ACTCGTAACCCGTCCT-1,6
ACTCGTCAGTAATCCC-1,3
ACTCTAAACCTGGGAT-1,1
ACTCTCTGACTTAGGT-1,3
ACTCTCTTATACACGA-1,1
ACTCTGACCTAATAGA-1,1
ACTCTTCAGCTCCCGC-1,6
ACTCTTGTATAGTAAC-1,3
ACTGAAACGCCGTTAG-1,1
ACTGAATGGCGAAAGT-1,3
ACTGATTTAGTGATTC-1,1
ACTGCCCGCCATTCTC-1,5
ACTGCCGTCGTAACTC-1,6
ACTGCGGACACACCGT-1,6
ACTGCTCGGAAGGATG-1,1
ACTGGCGAACCTGCGT-1,1
ACTGGGATGCCAGTGC-1,6
ACTGTACGATACACAT-1,6
ACTGTAGCACTTTGGA-1,4
ACTGTATACGCGAGCA-1,4
ACTGTCCAGGATTATA-1,3
ACTGTCTTCTTTAGAA-1,3
ACTGTGCTAGTAGATC-1,4
ACTGTTTAGTGTAGGC-1,6
ACTTACCGGGCGCGCA-1,6
ACTTACGCATCCACGC-1,6
ACTTAGTACGACAAGA-1,4
ACTTATACTTACCCGG-1,3
ACTTATCTGATCTATA-1,4
ACTTATTAGGATCGGT-1,3
ACTTATTTATGTGCCA-1,6
ACTTCAGGCTGATCCC-1,6
ACTTCCAGTGGAAGCT-1,1
ACTTCCATGCGGGACA-1,6
ACTTCCTGTCGTGCGA-1,1
ACTTCGCCATACGCAC-1,6
ACTTCGCTAGCGAGTG-1,1
ACTTGACTCCCTCTTT-1,3
ACTTGCCATATTGTAC-1,6
ACTTGCTCTATCTACC-1,5
ACTTGGGACCCGGTGG-1,4
ACTTGGGCTTTCGCCA-1,2
ACTTGTAGTCCCTTCA-1,4
ACTTGTGGATGGAACG-1,6
ACTTGTTACCGGATCA-1,1
ACTTTACCCTCATGAA-1,6
ACTTTATACACCACTT-1,5
ACTTTCCTATAGCTTC-1,3
ACTTTGACTGCATCCT-1,1
ACTTTGGTCGTGCTCC-1,5
ACTTTGTCGACGCACT-1,6
AGAAATTATGACTCGC-1,6
AGAACACGGCGATGGT-1,5
AGAACCCAGCGTGACA-1,6
AGAACCCTCAATTGGG-1,5
AGAACGTGGTACATTC-1,6
AGAACTGTACTTTGTA-1,2
AGAAGAGCGCCGTTCC-1,6
AGAAGGTACACTTCAC-1,5
AGAAGGTTGCCGAATT-1,3
AGAAGGTTGTAGGTCG-1,6
AGAAGTGATTCGTGAT-1,6
AGAATAAATCTTCAGG-1,1
AGAATACAGGCTATCC-1,2
AGAATGCGGGTTCGGA-1,1
AGAATTATGGATTCGA-1,6
AGAATTGTTTGACATA-1,4
AGACAGCTCAGAATCC-1,1
AGACAGGCATCTCAGC-1,6
AGACATAGATCCTTCC-1,4
AGACCAAACCACACCT-1,1
AGACCATGGGATACAA-1,4
AGACCCACCGCTGATC-1,3
AGACCCGCCCTCCTCG-1,4
AGACCGCTCCGCGGTT-1,6
AGACCGGGAAACCCTG-1,1
AGACGAAGTGCCGGTC-1,6
AGACGACGATGCCGCT-1,5
AGACGCCCACTTCGCC-1,6
AGACGGGATTGGTATA-1,1
AGACGGGCCGATTTAA-1,1
AGACTAGCCTTCCAGA-1,4
AGACTGTTACCGGGTC-1,5
AGAGAAACACCAGAAA-1,5
AGAGAACCGTCTAGGA-1,6
AGAGAAGGAGTACAAT-1,5
AGAGATCTCTAAAGCG-1,6
AGAGCAGTTATGAGAC-1,1
AGAGCCGCCGAGATTT-1,6
AGAGCGCTTGTAACGG-1,1
AGAGCGGGCTAATCAT-1,6
AGAGCGTACAAGCTCG-1,4
AGAGCTACGAAAGCAT-1,4
AGAGGCTTCGGAAACC-1,6
AGAGGGACAATTGTCC-1,1
AGAGGTATCTCGGTCC-1,4
AGAGTAAACTTCACTA-1,6
AGAGTATAGTGTTACG-1,1
AGAGTCTTAATGAAAG-1,6
AGAGTGAACAGACACC-1,1
AGAGTTAGAGACCGAT-1,1
AGAGTTGCAGGCCTCC-1,1
AGATAACTTCAGGGCC-1,4
AGATAATCACACCTAT-1,5
AGATACCAATAGAACC-1,1
AGATACCAGCACTTCA-1,1
AGATACCGGTGTTCAC-1,4
AGATACGACTTCATAT-1,4
AGATACTCAAGATCGA-1,3
AGATATAATACGACTA-1,2
AGATCGTGCATAAGAT-1,6
AGATCTCAGGTGTGAT-1,6
AGATCTGGAGAGGATA-1,5
AGATGACTCGCCCACG-1,4
AGATGAGGGTTGCGAT-1,6
AGATGATGGAGTCTGG-1,6
AGATGCAAGACGTGCA-1,5
AGATGCATCCTGTGTC-1,1
AGATGCTATAACGAGC-1,1
AGATTATAGGACGTTT-1,3
AGATTCAAGCGGGTCG-1,1
AGATTCACAACCGATA-1,5
AGCAAAGGCCGCTAGT-1,6
AGCAACATATCTTATT-1,6
AGCAACCGAAAGTAAT-1,5
AGCACACGTTTAGACT-1,5
AGCACCAGTACTCACG-1,4
AGCACTACCGGCCTGT-1,1
AGCACTACCTCACCAG-1,6
AGCACTTAAGGACGCC-1,4
AGCAGAAGGAGAAAGA-1,2
AGCAGCCAGATGAATA-1,5
AGCAGTCGAAGCATGC-1,2
AGCATATCAATATGCT-1,6
AGCATCATTTCGAAAG-1,5
AGCATCGTCGATAATT-1,4
AGCATTACGAGGCAAG-1,1
AGCCAAGCTTTGTGTC-1,2
AGCCACAGGTTACCCG-1,1
AGCCACTCCCGTGCTT-1,6
AGCCATATAGTATGTG-1,2
AGCCCATACATGTAAG-1,1
AGCCCGCAACAAGCAG-1,6
AGCCCGCACTACAATG-1,6
AGCCCGGCATTAGAGG-1,5
AGCCCGGTAGCCTGTA-1,5
AGCCCTAAGCGAAGTT-1,6
AGCCCTCCCTGGTGGC-1,5
AGCCCTGTCGCACCGT-1,6
AGCCCTTCTAATCCGA-1,6
AGCCCTTGGACATCCC-1,6
AGCCGCAAATTCAAAT-1,1
AGCCGCTTGATTAGCG-1,1
AGCCGTGGCTAAATGT-1,5
AGCCTAATACCCACGT-1,6
AGCCTTAAAGCGGAAG-1,1
AGCCTTGTCACTGATA-1,5
AGCGACAGGAACGGTC-1,6
AGCGACATCCCATTCA-1,4
AGCGACCAACGATATT-1,4
AGCGACTTTGAAGACA-1,6
AGCGAGACGTGAAGGC-1,5
AGCGATGCGCCTAATA-1,1
AGCGCATAATGAATCG-1,5
AGCGCGGGTGCCAATG-1,6
AGCGCTAGAGCGATGT-1,6
AGCGCTTATGGGCAAG-1,6
AGCGGACACTTCGTAG-1,2
AGCGGCGGTTAGCGGT-1,6
AGCGGGAAGGGTCCAT-1,4
AGCGGGTCTGACACTC-1,2
AGCGGTTGAGATGTAC-1,1
AGCGGTTGCCGCTCTG-1,1
AGCGTACGAGAGCTAG-1,4
AGCGTAGCGCTAGACC-1,4
AGCGTCTGAACCCGCA-1,4
AGCGTGGTATTCTACT-1,3
AGCGTTCCGATTTAAA-1,1
AGCTAACAAGCAATGT-1,6
AGCTAAGCTCCGTCCG-1,5
AGCTAAGTACGCAGGC-1,1
AGCTACGAATGGTGGT-1,1
AGCTAGAAGCAGAAGT-1,6
AGCTATTTAATCCAAC-1,6
AGCTCCATATATGTTC-1,6
AGCTCCTTCGCACATC-1,6
AGCTCGTTGATGGAAA-1,1
AGCTCTAGACGTTCCA-1,3
AGCTCTTCCCAGTGCA-1,6
AGCTCTTCGTAACCTT-1,6
AGCTCTTTACTCAGTT-1,3
AGCTGAAGTAAACCAA-1,6
AGCTGCATTTGAGGTG-1,1
AGCTGCTGTGCCGAAT-1,1
AGCTGTAACCTCAATC-1,5
AGCTTATAGAGACCTG-1,4
AGCTTCAATACTTTGA-1,1
AGCTTCTTCTCGAGCA-1,1
AGCTTGATCAGGGTAG-1,5
AGCTTGATCTTAACTT-1,4
AGGAAAGCCTCTGATG-1,4
AGGAACGAACGACTTC-1,6
AGGAAGCTGTCCGCCG-1,2
AGGACAGTCGAATCCC-1,3
AGGACATCGCACGTCG-1,4
AGGACATCGGCACACT-1,6
AGGACGACCCATTAGA-1,3
AGGACGCTCGATGTTG-1,6
AGGACTTATAGGAGAA-1,1
AGGAGACATCCACAGT-1,1
AGGAGAGTCTGGCTAC-1,1
AGGAGCGTTTATTATC-1,6
AGGAGGCCTTCGCGCG-1,1
AGGATAAAGTCGGGAT-1,2
AGGATATAGGGATTTA-1,6
AGGATATCCGACTGCA-1,1
AGGATCACGCGATCTG-1,6
AGGATTGCTTACGACA-1,6
AGGCAAAGAGGAATCA-1,4
AGGCAATACGGAGGAC-1,1
AGGCACGTGACTGTCC-1,6
AGGCAGATGCGTAAAC-1,6
AGGCAGGGAGCGTACT-1,5
AGGCATTGTCGTAGGG-1,6
AGGCCACATTGGTTAC-1,6
AGGCCACCCGTTATGA-1,4
AGGCCCAGTGACTGGT-1,4
AGGCCCATTGTACAGG-1,4
AGGCCCTAGAACGCCA-1,6
AGGCCTATCATACCAA-1,6
AGGCCTGAGAATCTCG-1,1
AGGCGATAACTGGCGT-1,6
AGGCGGTTTGTCCCGC-1,5
AGGCGTCTATGGACGG-1,1
AGGCTATGGTTAGCTT-1,4
AGGCTTAAGTTGCACA-1,2
AGGCTTCCCGAAGAAG-1,2
AGGCTTGCTAGACACC-1,4
AGGGAAACGAGGTACT-1,6
AGGGACAGCACGGCGG-1,4
AGGGACCGGCTGCGTT-1,6
AGGGACTCTACGCGAC-1,6
AGGGAGACATACTTCG-1,6
AGGGCAGCGGCGTGGT-1,6
AGGGCCCTAATGTTCT-1,6
AGGGCGAGCAGCTGAT-1,4
AGGGCGTGATCGGCTA-1,4
AGGGCTGCAGTTACAG-1,3
AGGGTCAGAGCACTCG-1,5
AGGGTCAGTAACCCTA-1,1
AGGGTCGATGCGAACT-1,6
AGGGTCTGGACGCAGT-1,6
AGGGTGCCGTTCTTTA-1,5
AGGGTGCTCTCGAGGG-1,6
AGGGTGGATAGTGCAT-1,1
AGGGTGTGCTACACGC-1,1
AGGGTTCAGACGGTCC-1,6
AGGGTTCCCTTTGGTT-1,6
AGGGTTTAGTTCGGGA-1,3
AGGTAACCTCCTATTC-1,4
AGGTACGATATTGCCA-1,6
AGGTAGATCGAGATAT-1,5
AGGTAGGTACAAAGCT-1,1
AGGTATAATTGATAGT-1,6
AGGTATGCGGACATTA-1,6
AGGTCAGGTGAGAGTG-1,4
AGGTCGCCACTTCGGT-1,4
AGGTCGCCTCCCAACA-1,6
AGGTCGCGGAGTTACT-1,6
AGGTGCACGTCCACAT-1,6
AGGTGGTGACCTTCGC-1,2
AGGTGTATCGCCATGA-1,6
AGGTGTTGCCGACCAC-1,1
AGGTTACACCATGCCG-1,6
AGGTTCTCCTTTCCGG-1,5
AGGTTGAGGCACGCTT-1,6
AGGTTTCACACACCTT-1,3
AGTAACGTTCATCCTG-1,1
AGTAACTATAGCAGCC-1,6
AGTAAGGGACAGAATC-1,1
AGTAATCTAAGGGTGG-1,2
AGTAATGTCTTGCCGC-1,4
AGTAATTTGCAAGCGT-1,5
AGTACAGAAGCTTATA-1,2
AGTACATCATTTATCA-1,6
AGTACCTTCGAGTGCT-1,1
AGTACGGCCCGTATCG-1,1
AGTACGGGCACCTGGC-1,6
AGTACGTGGCCTGTCT-1,1
AGTACTCTTATGCCCA-1,1
AGTAGAAGGCGCCTCA-1,6
AGTAGCGTGAACGAAC-1,1
AGTAGCTAGACGCCGA-1,1
AGTAGGAAGGAAGTTG-1,6
AGTAGGTAACATACAT-1,4
AGTATAATACTAGGCA-1,4
AGTATACACAGCGACA-1,5
AGTATCCATAATAACG-1,4
AGTATGCTGGAGACCA-1,5
AGTATTTGGCACGACC-1,5
AGTCAAATGATGTGAT-1,5
AGTCAACACCACCATC-1,3
AGTCAAGATGACACTT-1,6
AGTCACTAGCTCTCGA-1,1
AGTCACTCCGCCTCAT-1,4
AGTCAGCCACCGCCTG-1,4
AGTCCAGCGGGTACGT-1,4
AGTCCATTGGCTGATG-1,6
AGTCCCGCCTTTAATT-1,6
AGTCCCTCGCAGAAAG-1,1
AGTCGAAACGATTCAG-1,5
AGTCGAATTAGCGTAA-1,6
AGTCGACGGTCTCAAG-1,1
AGTCGGCCCAAACGAC-1,4
AGTCGGCTCAACTTTA-1,6
AGTCGGTTGCGTGAGA-1,6
AGTCGTATAAAGCAGA-1,6
AGTCGTCGACCACCAA-1,1
AGTCGTGGGCATTACG-1,5
AGTCTAAAGTATACTC-1,6
AGTCTCACAAGACTAC-1,5
AGTCTGGACATCCTTG-1,4
AGTCTTCTCCTCAAAT-1,6
AGTCTTTAAAGTGTCC-1,6
AGTGAACAAACTTCTC-1,6
AGTGAAGATGGTGTCC-1,1
AGTGACCTACTTTACG-1,3
AGTGACTGTGACACAA-1,5
AGTGAGACTTCCAGTA-1,3
AGTGAGCCTCGCCGCC-1,6
AGTGAGGGTTTCTGAC-1,1
AGTGAGTCGAATTAAC-1,1
AGTGATAACCTGCGCG-1,1
AGTGATATGAGTAGTT-1,3
AGTGATTCAAGCAGGA-1,6
AGTGCACGCTTAAGAA-1,1
AGTGCGTAGCTCGTAA-1,3
AGTGCTAAACACAGCA-1,1
AGTGCTTGCACGAATA-1,6
AGTGGCCCGCAAATGG-1,2
AGTGGCGGCAATTTGA-1,6
AGTGGCGTCTGAAGGT-1,6
AGTGGCTCCGTCGGCC-1,6
AGTGGGAGTATACACG-1,1
AGTGGTGTTACCCGTG-1,6
AGTGGTTGCGTATAGG-1,1
AGTGTATTGCGCATTG-1,6
AGTGTGCTAAGATCGC-1,1
AGTGTGGTCTATTGTG-1,4
AGTTAAACACTTGCGA-1,3
AGTTAAGCGGTCCCGG-1,6
AGTTAAGTCAACCGCT-1,5
AGTTACCCTTAAGACT-1,1
AGTTACCGCACATGGT-1,1
AGTTACTCTATCGTGG-1,6
AGTTATTCAGACTGTG-1,6
AGTTATTGAAAGGTAA-1,6
AGTTCACCGGTTGGAC-1,1
AGTTCCTACAGAATTA-1,4
AGTTCCTATTTATGTT-1,3
AGTTCTGCGTTGTATC-1,4
AGTTGACATCGGCTGG-1,4
AGTTGACGGTCCTTGC-1,2
AGTTGCGGTCCTCAAC-1,5
AGTTGCTGACTGATAT-1,4
AGTTGGCAAGGCTAGA-1,1
AGTTTATGTAAAGACA-1,1
AGTTTCGCAGGTCGGA-1,6
AGTTTGCACCTGCCTC-1,1
AGTTTGGCACGGGTTG-1,6
AGTTTGGCCAGACCTA-1,4
ATAAACCATTGGACGG-1,4
ATAAACGGACCCGTAA-1,3
ATAAACGTTGCACCAC-1,6
ATAAAGGCTCGGTCGT-1,3
ATAAAGGTCAAGTACG-1,1
ATAAATATTAGCAGCT-1,4
ATAACGCCGGAGGGTC-1,3
ATAACGGAGTCCAACG-1,6
ATAACGTTACCTCCAC-1,1
ATAAGCAAACACCGAG-1,1
ATAAGGTGGAGAACAT-1,3
ATAAGTACCCGATTGT-1,1
ATAAGTAGGATTCAGA-1,6
ATAAGTAGGGCGACTC-1,6
ATAAGTTACCGCGACG-1,3
ATAATACCGTTAGCCG-1,4
ATAATAGCTGTTGAAT-1,3
ATAATAGTGTAGGGAC-1,4
ATAATCTTGGAGAACC-1,1
ATAATTAGCTAAGTAG-1,2
ATACAGCGTCCACTGA-1,6
ATACAGGCCCTCCAAT-1,1
ATACCACGGGCAACTT-1,1
ATACCAGCAAATTGCT-1,6
ATACCAGGCTAATAGA-1,4
ATACCAGGTGAGCGAT-1,6
ATACCCTCCCGGCCAA-1,5
ATACCCTGGCTCAAAT-1,4
ATACCGTCATCCATAA-1,1
ATACCTAACCAAGAAA-1,6
ATACGAAGGCTTTCCA-1,6
ATACGACAGATGGGTA-1,1
ATACGAGGTTTGTAAG-1,6
ATACGCCGATCTACCG-1,4
ATACGCCGGCGAAACC-1,3
ATACGGAACGTCGTTT-1,5
ATACGGGTTTCGATTG-1,6
ATACGGTGAAGATGCA-1,1
ATACGTACTTAGCCAC-1,6
ATACGTCCACTCCTGT-1,6
ATACGTTATGCACGGA-1,2
ATACTACCCGTACCAC-1,6
ATACTAGCATGACCCT-1,4
ATACTCTCGCCACTCT-1,4
ATACTGCCTTACACCG-1,6
ATACTTGTTCTCGAGC-1,1
ATAGACAACGGGACCT-1,6
ATAGACGAAGAGAAAG-1,6
ATAGAGTACTGGGACA-1,4
ATAGAGTTATCAACTT-1,6
ATAGCAACTAGGGAAG-1,1
ATAGCCATAACAGTCA-1,6
ATAGCCTCAGTACCCA-1,4
ATAGCTGCTCTTGTTA-1,1
ATAGGAATCTAAGCTT-1,1
ATAGGCGGCTATAGAA-1,1
ATAGGCTAGCTTCGCA-1,6
ATAGGGATATCCTTGA-1,6
ATAGGTTGGGCAGATG-1,4
ATAGTCTTTGACGTGC-1,6
ATAGTGAAGCGTTCTC-1,3
ATAGTTCCACCCACTC-1,6
ATATAAAGCGCTCGTG-1,1
ATATAAATGTAGCTGC-1,6
ATATAACACGGGCGCA-1,1
ATATACATGTATGGTA-1,6
ATATACGCTCGTGACG-1,6
ATATAGAGTATTGGTC-1,5
ATATCAACCTACAGAG-1,6
ATATCAATTCCAGCCT-1,6
ATATCGGTAGGGAGAT-1,6
ATATCGTGCCAGACCC-1,1
ATATCGTTCCTCGAAC-1,1
ATATCTCCCTCGTTAA-1,6
ATATCTTAGGGCCTTC-1,3
ATATGGGATAGCAACT-1,6
ATATGTCTAGAGCGTG-1,2
ATATGTCTCCCTAGCC-1,6
ATATGTGCACAAACCA-1,1
ATATTATCCCGTATTT-1,1
ATATTCAGTTAAACCT-1,3
ATATTCCCACAGGTCA-1,4
ATATTGCTGTCAAAGT-1,4
ATATTGGAGAGGCCTT-1,6
ATATTTAACCCTCAAG-1,3
ATCAAACACTGTTCCA-1,6
ATCAAACGAAGGTTTG-1,5
ATCAAAGAGCCGTGGT-1,5
ATCAAGATCCCAGGAC-1,6
ATCAATCTGGGCTGCA-1,3
ATCAATGCCGTGGCTG-1,5
ATCACATTAGAATATC-1,6
ATCACGTGCTAATTAA-1,4
ATCACTTCATCCTCGC-1,6
ATCAGAAGCTGGTTGC-1,5
ATCAGACGGCACGCCG-1,3
ATCAGCCTCATGCTGC-1,1
ATCAGCTCGTCCACTA-1,6
ATCAGGTAGCTGACAG-1,6
ATCAGGTCGCCATTGC-1,6
ATCAGTAGGCAGGGAT-1,6
ATCATAGATCGACGAG-1,6
ATCATAGCCCTATGTA-1,1
ATCATCCAATATTTGT-1,3
ATCATCTGCCCAGTGT-1,1
ATCATGGACTACCGAC-1,6
ATCATTGTACCGCATT-1,5
ATCCAACGCAGTCATA-1,4
ATCCAATGGAGGGTCC-1,6
ATCCAATGGTACCGAA-1,1
ATCCACATCGACAGAA-1,6
ATCCACGCTAAATGTT-1,1
ATCCACTTTCAGACTA-1,1
ATCCAGAGCAACAACC-1,3
ATCCAGGATTCGTGAA-1,3
ATCCCATCCACAGCGC-1,5
ATCCCATTTCCGTGGG-1,6
ATCCGGACCAGCCTGA-1,6
ATCCTACCTAAGCTCT-1,3
ATCCTGAATCGCTGCG-1,1
ATCCTGCGTGGAATGG-1,3
ATCCTGCTGCAGATAG-1,4
ATCCTTCTGAAAGAAC-1,6
ATCGACCCAATACAGA-1,3
ATCGACTCTTTCCGTT-1,6
ATCGCACGATTGTTCA-1,4
ATCGCACGCCGGGAGA-1,4
ATCGCCAGTCAACATT-1,6
ATCGCCGTGGTTCATG-1,6
ATCGCTGCGTGCAGCA-1,1
ATCGCTTTACGTCTCA-1,6
ATCGGAGACAGACGGC-1,1
ATCGGCAAGCAGTCCA-1,6
ATCGGTTACCTAGTAA-1,1
ATCGTATTCCGAGAAC-1,1
ATCGTCCAATCGAGTC-1,4
ATCGTGGAAAGTCTGG-1,5
ATCGTTAGCTAGCGGA-1,1
ATCGTTCACTTTCGCC-1,6
ATCTAACGTCCCTATG-1,1
ATCTAATATCCTACGG-1,6
ATCTACCATCTGCTCC-1,2
ATCTAGCTTGTGAGGG-1,2
ATCTATCGATGATCAA-1,1
ATCTCATAAACCTACC-1,1
ATCTCCCACGGAATAT-1,6
ATCTCCCTGCAATCTA-1,6
ATCTCGTGAGCGAAAC-1,6
ATCTGACATGGAAGGA-1,5
ATCTGATAGTGTCTTA-1,1
ATCTGCACCTCTGCGA-1,6
ATCTGCTGTTATCGCC-1,1
ATCTGGGCTGTTCTTG-1,2
ATCTGGTTAAGACTGT-1,6
ATCTGTAATTGTACCC-1,4
ATCTTAGGGCATTAAT-1,5
ATCTTATCGCACACCC-1,1
ATCTTGACCTGCAACG-1,6
ATCTTGACTTGTCCAA-1,6
ATCTTTCGTATAACCA-1,1
ATGAAGCCAAGGAGCC-1,4
ATGAAGTGGACCCAGC-1,1
ATGACGCCGGCTCTAA-1,4
ATGACGCGTTCTATCC-1,5
ATGACTATCAGCTGTG-1,5
ATGACTATGCGACATT-1,6
ATGAGGAGTGTTAATC-1,4
ATGAGGGCAGCGGCTA-1,6
ATGATCGGGAATAGAC-1,4
ATGATGCAATGGTACA-1,3
ATGCACCTTCCTTAAT-1,1
ATGCACGCGCTGTTCA-1,5
ATGCACTACCGCATTG-1,4
ATGCATGATCCAGGAT-1,6
ATGCATTCCGTGATGG-1,4
ATGCCAATCGCTCTGC-1,1
ATGCCATTTGCGACCA-1,6
ATGCCGGTTGATGGGA-1,6
ATGCGACAATTGGTCC-1,1
ATGCGACAGTCCCATT-1,3
ATGCGAGTCCCACCAC-1,6
ATGCTCAGTGTTGCAT-1,4
ATGCTCTGGCGCGGTA-1,6
ATGCTTAGGAGTTGAT-1,6
ATGGAAATTTAAGGAG-1,6
ATGGAACAGAATAAAC-1,1
ATGGAACCTTTGCACA-1,6
ATGGACTGCTTAGTTG-1,1
ATGGAGCAGGCCGTGA-1,3
ATGGATCCGGCGTCCG-1,6
ATGGATTGACCAAACG-1,4
ATGGCAGCATTACGAT-1,5
ATGGCAGCCGAGAAAC-1,1
ATGGCCCGAAAGGTTA-1,6
ATGGCGGAATAGTCGC-1,6
ATGGCTGGAAATGGCC-1,6
ATGGGAACGGAAGCGG-1,1
ATGGGACCTGCTGAAC-1,5
ATGGGCCTCGGCCTCT-1,6
ATGGGTGTATACCTCC-1,5
ATGGTATTGGGAACCG-1,5
ATGGTATTTACTGATT-1,5
ATGGTCGCGTGGTTTC-1,3
ATGGTGCTCAAAGCCA-1,6
ATGGTTACGAAACATG-1,6
ATGTAAGGCTGCTCTT-1,6
ATGTACATGCGGTGAG-1,3
ATGTACGATGACGTCG-1,2
ATGTAGCGCGCGTAGG-1,6
ATGTCATAATAAACGA-1,2
ATGTCATTTCCCATTG-1,1
ATGTCTTGTTTGACTC-1,5
ATGTGAAAGCCTAATG-1,4
ATGTGCATCCGACGCA-1,4
ATGTGGACATCTTGAT-1,3
ATGTGTAGTTTAGTCA-1,6
ATGTTACGAGCAATAC-1,6
ATGTTCCTGCCCACCT-1,1
ATGTTCGTCGACCCAC-1,1
ATGTTGATTAGAGACT-1,1
ATGTTGTAGTCTGTTT-1,6
ATGTTTCGGCCCGGAG-1,6
ATGTTTGTAAGATCAT-1,1
ATTAAACATGCGGACC-1,3
ATTAAAGCGGACGAGC-1,6
ATTAACACCTGAGATA-1,1
ATTAATACTACGCGGG-1,6
ATTAATGAACCAGTCG-1,6
ATTAATTCGGTCACTC-1,6
ATTACAACTACCGGCC-1,6
ATTACATGTCAGTCTT-1,6
ATTACCACACTGCCTG-1,6
ATTACGACTCCACAGT-1,1
ATTACGCGCTGGCAGG-1,1
ATTACGGGCTACGGTT-1,5
ATTACTAGCCTCTTGC-1,4
ATTACTTACTGGGCAT-1,6
ATTAGATTCCTCAGCA-1,6
ATTAGATTGATAGCGG-1,4
ATTAGGCGATGCTTTC-1,3
ATTATACTTTGCTCGT-1,6
ATTATAGCTACTTTAC-1,6
ATTATCGGAATGTACG-1,6
ATTATCTCGACAGATC-1,6
ATTATGAGACCCAATT-1,5
ATTATGCCATAGGGAG-1,4
ATTATGCTCAGTATTG-1,1
ATTATTATGTCCGTCA-1,5
ATTATTCAGAGTCACT-1,1
ATTCAAAGTACCTGTT-1,1
ATTCAACCATTTAAGG-1,1
ATTCACTGATGTTGGA-1,6
ATTCAGATGAATCCCT-1,1
ATTCAGGACCTATTTC-1,6
ATTCAGGATCGCCTCT-1,1
ATTCAGTAGCAGGGTC-1,3
ATTCATATACTGTCCA-1,3
ATTCATCGTTGAGGCA-1,1
ATTCCCACATAAACAA-1,3
ATTCCCGAAGGTACAG-1,1
ATTCCTAAGACGTGGA-1,1
ATTCCTCCGCCAGTGC-1,4
ATTCCTTCCAGGCGGT-1,4
ATTCGACGCCGGGCCT-1,4
ATTCGCAGAGGACACT-1,1
ATTCGCGCCTTGAGAG-1,1
ATTCGTCCCGAGGTTA-1,6
ATTCGTGCTATCTCTT-1,6
ATTCGTGTACCCATTC-1,2
ATTCGTTTATCGTATT-1,1
ATTCTCGTCTCTTTAG-1,4
ATTCTGAGTATGAACT-1,1
ATTCTTCGTACTTATG-1,6
ATTGAAGATCTTAGTG-1,6
ATTGAATTCCCTGTAG-1,6
ATTGACCGGCGATGAC-1,1
ATTGACGTAACTCGGT-1,6
ATTGATAGCAACGAGA-1,4
ATTGATCACCACATTT-1,1
ATTGATGAGTCCTAAC-1,6
ATTGCCTATTAGACCG-1,5
ATTGCCTTTATGTTTG-1,1
ATTGCGATCAGTAACT-1,6
ATTGCTGCTCCTCCAT-1,3
ATTGGATTACAGCGTA-1,3
ATTGGGAATATCTTGG-1,4
ATTGGGAGTTCTGTAA-1,1
ATTGGTAGGATCCGCT-1,1
ATTGGTTGTGCATTAC-1,1
ATTGTACAACTCGGCT-1,6
ATTGTCGCAATACCTT-1,6
ATTGTCTGTTTCATGT-1,6
ATTGTGACTTCGCTGC-1,1
ATTGTTCAACGATCCG-1,6
ATTTAACTCGTATTAC-1,4
ATTTACAGTTTACTGG-1,4
ATTTACTAAGTCCATT-1,6
ATTTATACTGGTAAAG-1,2
ATTTCATTATTTCGCG-1,6
ATTTCCGGGTTCTGCG-1,5
ATTTGCCTAGTTACGA-1,6
ATTTGCGCGAGTAGCT-1,5
ATTTGGAGATTGCGGT-1,1
ATTTGTCTTGGGAGCT-1,3
ATTTGTTCCAGGGCTC-1,6
CAAACCAGGTCTGCAT-1,1
CAAACCATAAGCGTAT-1,2
CAAACCCTCCGGCGGG-1,2
CAAACGAGTATCGCAG-1,3
CAAACGGTCGCACTTT-1,4
CAAACGTGGTCTTGCG-1,6
CAAACTACGATAGAGA-1,6
CAAACTATTGAGCTTC-1,6
CAAACTCGCGACGCCG-1,6
CAAAGATTATTGGGCC-1,5
CAAAGGTCATCTGAAA-1,6
CAAAGGTTAAATTCAG-1,1
CAAAGTCAGGTTAGCT-1,4
CAAATCTCTCACAAGG-1,6
CAAATGCGGAGTGTTC-1,6
CAAATGTCCTTCCGTG-1,3
CAAATTGGATTATGCC-1,1
CAAATTGTCAGCAAGC-1,6
CAACACATCTCCTGCC-1,6
CAACAGAATAACGCTA-1,1
CAACAGTGCCAAACGG-1,1
CAACATGGCCTGATAA-1,4
CAACCAGTGGCCTACC-1,6
CAACCGCACCTAGACA-1,1
CAACCTACCGAGCAGT-1,1
CAACCTGAACCTGCCA-1,1
CAACGACCCGTTTACA-1,4
CAACGAGCTTATTATG-1,5
CAACGATCGATCCAAT-1,6
CAACGCGATGAGCCAA-1,5
CAACGGTTCTTGATAC-1,4
CAACGTGGTGGAGTCT-1,6
CAACTATATCGAATGC-1,6
CAACTCCAACGTTTAG-1,1
CAACTCCGTAACTTGC-1,1
CAACTCCTTGATCCCG-1,4
CAACTGAGGGTATGAC-1,1
CAACTGCTCATCCGAT-1,5
CAACTTGTAGTGGGCA-1,4
CAAGAAACCCTAAACT-1,1
CAAGACTCAGAAGCGC-1,1
CAAGAGGGCGGAGTAC-1,3
CAAGATATTATAACGT-1,6
CAAGCAACGTCGGAGT-1,4
CAAGCACCAAATGCCT-1,6
CAAGCGGCACATAATT-1,3
CAAGGATCGCATGTTC-1,3
CAAGGCCAGTGGTGCA-1,1
CAAGGGAGTGTATTTG-1,4
CAAGGTCCTATAGGCT-1,6
CAAGTAAGTGATAGAC-1,6
CAAGTCGTTGAAATCT-1,6
CAAGTGAACTTTGGTT-1,4
CAAGTGTGGTTGCAAA-1,6
CAATAAACCTTGGCCC-1,6
CAATACGAGAGTCTGA-1,6
CAATACGCTCTGAGGC-1,1
CAATATGTAGATTTAC-1,1
CAATATTCTTGACCTA-1,5
CAATATTGGACTAGTG-1,4
CAATCCATTATCCGTT-1,1
CAATCCCTATACCAGC-1,6
CAATCCTGCCGTGGAG-1,4
CAATGACCCTTAATTT-1,1
CAATGAGGTTCGACTA-1,1
CAATGCGAGAAGTATC-1,6
CAATGGAATCTACATA-1,1
CAATGGATCTCTACCA-1,6
CAATGGTCGGCCTGGG-1,6
CAATGTGCCAACCCTT-1,6
CAATTAAGGGTGATGA-1,3
CAATTGGGCCGCACTC-1,1
CAATTTCGTATAAGGG-1,3
CAATTTGACCGGGAAG-1,4
CACAAACCGCAGAACT-1,6
CACAAGAAAGATATTA-1,1
CACAAGCTAAGAAAGG-1,5
CACAATGAGCTGCTAT-1,3
CACACACGCTAACGAG-1,3
CACACAGCTTGCGCTC-1,6
CACACAGGGATAGATT-1,4
CACACGCGCTGTCTTA-1,6
CACACGTTTCAATGGG-1,1
CACACTTGTATTGCGA-1,1
CACAGAGACGAGGACG-1,5
CACAGCACCCACGGCA-1,3
CACAGCTAGGGAGTGA-1,4
CACAGGGCCATATAGT-1,1
CACAGGGCCGTTGTCA-1,2
CACAGTCCCGCTTCGC-1,6
CACAGTTCGCTTCCCA-1,6
CACATAAGGCGACCGT-1,4
CACATATTAGCAGGAT-1,3
CACATCGTGCACGCGC-1,5
CACATCTCACCGACGA-1,6
CACATGATTCAGCAAC-1,3
CACATGTTTGGACATG-1,3
CACATTCTTTCGATGG-1,6
CACATTTCTTGTCAGA-1,6
CACCAATCATCCGTCT-1,1
CACCACGCCACACAGA-1,1
CACCAGTCAGCATGCA-1,5
CACCATCGGAGGAGAC-1,6
CACCATGATCGCAAAG-1,1
CACCCAAATCTTATGT-1,6
CACCCACACGTCACCC-1,4
CACCCACGAGGCAATT-1,6
CACCCGCGTTTGACAC-1,6
CACCCGGTTTGTGACT-1,5
CACCCTAACAAGATCT-1,6
CACCCTTGGTGAGACC-1,6
CACCCTTTCCTCGCTC-1,6
CACCGATACACCGAGC-1,6
CACCGATGATGGGTAC-1,6
CACCGCCAGAAGGTTT-1,4
CACCGCCGACCAGCGA-1,6
CACCGCGTCCACTCTA-1,6
CACCGGAGATATCTCC-1,1
CACCGGGCATCACAAG-1,2
CACCGGTAGAGACATT-1,5
CACCGTATCCCATCCG-1,6
CACCGTTAGGGATCAC-1,5
CACCGTTGCGCGATAT-1,4
CACCTAATAGAGTCGT-1,4
CACCTAATCAGTTTAC-1,6
CACCTCGATGGTGGAC-1,6
CACCTCTACGAGTGTG-1,1
CACCTTGCGAAACTCG-1,6
CACCTTGGCGCCTTTG-1,6
CACGAAAGTTAGTCCC-1,6
CACGACCACAGACTTT-1,1
CACGACGTAATAGTAA-1,1
CACGACTAAAGTTCTG-1,4
CACGAGCAAACCAGAC-1,5
CACGATTGGTCGTTAA-1,6
CACGCACAGCGCAGCT-1,6
CACGCAGCGAGGCTTT-1,4
CACGCGGAACTGTTGC-1,6
CACGGACGTGGATGGC-1,1
CACGGCGCGCCAAAGG-1,6
CACGGGATTGAGGGTT-1,1
CACGTCAATCAATGGA-1,6
CACGTCGGCAACCTCT-1,5
CACGTCGGGTTCTAGA-1,6
CACGTCTATGATGTGG-1,1
CACGTTCGTGCTCTAG-1,3
CACGTTTCGTACACAC-1,1
CACTAAAGTTGCCTAT-1,3
CACTACGGGAGCTGCC-1,6
CACTACTCAGTTCTGT-1,1
CACTCAAGAGCTATGG-1,3
CACTCAGCTCTTGAGG-1,6
CACTCCTATGTAAGAT-1,5
CACTCCTCTCGGTCGG-1,6
CACTCGAGCTGAACAA-1,1
CACTCGGTTAGGAGGA-1,1
CACTCTCAAGCATCGA-1,6
CACTCTTCTGCTAGCC-1,1
CACTGACGATTGTGGA-1,6
CACTGTCCAAGTGAGA-1,4
CACTTAATCAGACGGA-1,3
CACTTCGCCACAGGCT-1,4
CACTTCGTCTTATCTC-1,4
CAGAACTTAGCCCTCT-1,6
CAGAATAACACACGGA-1,6
CAGAATATTCGTTATC-1,6
CAGACACCGATCGCTG-1,3
CAGACCTGTAAGTGTT-1,6
CAGACGAACCTGATAC-1,3
CAGAGACGGTCACCCA-1,3
CAGAGCATGAGCTTGC-1,6
CAGAGCGATGGATGCT-1,6
CAGAGGCGATGCATGA-1,2
CAGAGTGATTTAACGT-1,6
CAGATAATGGGCGGGT-1,1
CAGATACTAACATAGT-1,4
CAGATATGAAGATGAC-1,5
CAGATCATTTAAAGTC-1,6
CAGATCCTGGTTTGAA-1,5
CAGATGTTTGTCCCAA-1,6
CAGCAGCCCGTTCCTT-1,6
CAGCAGTCCAGACTAT-1,6
CAGCAGTCTGTGCTGC-1,1
CAGCCCTCACAGGCAG-1,6
CAGCCGGGCCCTCTAT-1,6
CAGCCTCCTGCAGAGG-1,6
CAGCCTCGATAGCGGT-1,6
CAGCCTCTCCTCAAGA-1,6
CAGCGATTCCCTTCAA-1,5
CAGCGCCAACACGATA-1,1
CAGCTCACTGAGACAT-1,3
CAGCTCGACAAGTTAA-1,6
CAGCTCGTGCTTGTGT-1,4
CAGCTCTGGGCTCACT-1,5
CAGCTGGCGTAACCGT-1,6
CAGCTTAGTAGGTAGC-1,1
CAGGAAGACTTTATAT-1,6
CAGGACAGCTGCCCTT-1,6
CAGGATATATCGTTGT-1,3
CAGGATCCGCCCGACC-1,6
CAGGCAGTCTTACCAG-1,1
CAGGCCAGTACCACCT-1,5
CAGGCCGTTTGGGTGT-1,3
CAGGCGCACGGTGGTC-1,5
CAGGCGCCATGCTAGG-1,1
CAGGGAGATAGGCCAG-1,5
CAGGGCTAACGAAACC-1,4
CAGGTTTAGTACTACA-1,1
CAGTAACTATTTATTG-1,6
CAGTAAGGGACGTCTC-1,5
CAGTAATCCCTCCCAG-1,4
CAGTACATTCTCTAAA-1,6
CAGTACCAGTTTACGT-1,1
CAGTAGATGATGTCCG-1,1
CAGTAGCCCACGCGGT-1,6
CAGTAGCGAGGTAGTA-1,4
CAGTCCAACGCCTTCT-1,1
CAGTCGAGGATGCAAT-1,6
CAGTCGGCCTAGATAT-1,1
CAGTCTCTCGGCTAAT-1,4
CAGTCTGTATACTGGG-1,3
CAGTGAATAAATGACT-1,6
CAGTGGTTGCACATGA-1,4
CAGTGTCCGCAGAATG-1,4
CAGTGTCGGCTGGCCC-1,6
CAGTGTTAATCTCTCA-1,5
CAGTTCAAATTGACAC-1,4
CAGTTCCGCGGGTCGA-1,4
CAGTTCGAGGACCCGA-1,5
CATAACGGACAGTCGT-1,6
CATAAGAAGCTTGGCT-1,6
CATAAGCTCTCCGTCT-1,1
CATAATGAGCGGGCGA-1,4
CATACAAAGCCGAACC-1,4
CATACACAAAGTCAGC-1,1
CATACACGGTTCCCAC-1,5
CATACCCGTACCCAGT-1,1
CATACGAACTAGCTGG-1,5
CATACGGCGTCTGGGC-1,3
CATACGGGTGCATGAT-1,4
CATACTATGTAATTGT-1,3
CATACTTAGGCAATAC-1,6
CATACTTCTTTCTCCG-1,1
CATAGAGGAGATACTA-1,2
CATAGCCGCCCGGGAT-1,4
CATAGCGTTGCCCACC-1,5
CATAGGGACACTTGTG-1,5
CATAGTACATTGAGAG-1,6
CATAGTAGCATAGTAG-1,6
CATAGTCAAATACATA-1,1
CATAGTCCACAAGAAC-1,4
CATAGTGGGCACGCCT-1,6
CATATACTACTGATAA-1,6
CATATAGGTACAGTCA-1,3
CATATGTCAGGCTACG-1,6
CATATTATTTGCCCTA-1,6
CATCAAACTGGCGCCC-1,1
CATCAACACCTACTAA-1,1
CATCATCTACCCGGAC-1,6
CATCATTACCCTGAGG-1,1
CATCCAATATAGTTTG-1,5
CATCCCGAGATTCATA-1,6
CATCCGCAGGCCCGAA-1,4
CATCCTCTCAAAGATC-1,1
CATCGAATGGATCTCT-1,4
CATCGCCCGCGGCCAA-1,4
CATCGGACGGGTTAAT-1,3
CATCGTCCGGTTACTA-1,1
CATCTACCCGAGAACG-1,1
CATCTAGTGAAGGGAA-1,6
CATCTATCCCGTGTCT-1,6
CATCTGCAGGATCATT-1,1
CATCTTACACCACCTC-1,6
CATGAACCGACATTTG-1,4
CATGAACCTCTTATCA-1,6
CATGACTTCGCTGAAT-1,6
CATGAGATGCACTCTC-1,6
CATGAGTCCATCACGG-1,5
CATGATACGGTGAAAC-1,2
CATGATCGCTTTGAGA-1,6
CATGATGCACAATTCT-1,6
CATGATGGAAGTTAGC-1,6
CATGCACATGAGAGGC-1,5
CATGCACGTGTTACTG-1,1
CATGCATGGAGACCCT-1,6
CATGCCAACTCGCAAA-1,1
CATGCGACCAGTTTAA-1,6
CATGCGTTAGACAGAA-1,6
CATGCGTTGAGAGGAG-1,6
CATGCTGGCTCCAATT-1,4
CATGGAAATGGGACCA-1,1
CATGGATTGTCTTCCG-1,3
CATGGCAGGAAGATCG-1,4
CATGGCTCCCTATGTC-1,1
CATGGGTATGCCTTAT-1,6
CATGGGTCGGGTGTGG-1,6
CATGGTAAGTAGCGTT-1,3
CATGGTATTAGTTTGT-1,5
CATGGTCTAGATACCG-1,4
CATGGTTTATTAATCA-1,6
CATGTAAGAGACATTT-1,1
CATGTAGGAGCGCCAA-1,1
CATGTGGGCTCATCAC-1,2
CATTACATAGATTGTG-1,1
CATTACGCAGGAAGGG-1,1
CATTACGTCGGCCCGT-1,6
CATTATCCCATTAACG-1,5
CATTATGCTTGTTGTG-1,4
CATTCACTGACAGCTA-1,6
CATTCAGGTCAGTGCG-1,4
CATTCCCATTCCGTCG-1,6
CATTCCCTAAGTACAA-1,4
CATTCGTCGTAGCGGT-1,6
CATTGATGAACACGCC-1,1
CATTGCAAAGCATAAT-1,1
CATTGCGAAATGGGCG-1,1
CATTGCGGGTCAATTC-1,3
CATTGTGTGCTAGATC-1,4
CATTTAGCGGACCATG-1,6
CATTTATCGTTCAAGA-1,6
CATTTCTAGCAGACTA-1,4
CATTTGAGTGGTACGT-1,3
CCAAACAGAACCCTCG-1,4
CCAAAGCAGTTGGTTG-1,4
CCAAAGTCCCGCTAAC-1,4
CCAAATAACAAGATTC-1,6
CCAAATCAAAGGGCAA-1,5
CCAACCTTATGTAACT-1,5
CCAACGATGCACTGAT-1,1
CCAACGCTTGCCAGGG-1,1
CCAACTTGATAGATCC-1,6
CCAAGAAAGTGGGCGA-1,3
CCAAGACTTCTGCGAA-1,4
CCAAGCGTAACTCGTA-1,3
CCAAGCTTGATCTCCT-1,4
CCAAGGAACAGAGAGG-1,4
CCAAGGTTGCCCTTTC-1,1
CCAAGTTTCTACAGAT-1,1
CCAATAGATTTCATCT-1,1
CCAATAGTGCCGTCGA-1,4
CCAATCGGTAGATCGA-1,6
CCAATGTCACAGCAAG-1,3
CCAATTACGGGTCGAG-1,6
CCAATTGAATGTTAAT-1,4
CCACAATGTACGTCTT-1,6
CCACACTGAGATATTA-1,3
CCACAGCTGAAATCAT-1,4
CCACAGTACCCATCCT-1,6
CCACATACTGCACCCA-1,6
CCACATGGCTCTTTAT-1,1
CCACCAACTTTACTGT-1,5
CCACCCAAGGAAAGTG-1,3
CCACCTGTATGGAATA-1,6
CCACGAATTTAACCTC-1,6
CCACGAGAAGAGAATC-1,6
CCACGGAGCCATAAGA-1,4
CCACGGCAGGTGTAGG-1,5
CCACGGTGCCCGGTAG-1,6
CCACGTAAATTAGACT-1,6
CCACTAAACTGAATCG-1,4
CCACTATCCGGGTCAC-1,6
CCACTCAGATCCGCAA-1,2
CCACTGGTGGCTGGTT-1,1
CCACTGTTTGGATTAA-1,6
CCACTTTCCTTCTAGG-1,1
CCAGAAACTGATGCGA-1,6
CCAGAAAGCAACTCAT-1,5
CCAGAGACAAAGCCGG-1,4
CCAGATAGTTGAGTGA-1,6
CCAGATGTAAATGGGT-1,1
CCAGCCTGGACCAATA-1,3
CCAGCGGGATCACCAG-1,6
CCAGCTACGCCTCATA-1,4
CCAGCTCGAACGCATT-1,2
CCAGCTGATGGTACTT-1,1
CCAGCTTCCGCCCGCA-1,4
CCAGGCGAGATGGTCT-1,5
CCAGGCTGGCGTCTGA-1,6
CCAGGGACGTGGCCTC-1,6
CCAGTAGTCTGATCCA-1,6
CCAGTCAAATCTCTTA-1,6
CCAGTCCATTATTCGA-1,4
CCAGTCTAGACGGCGC-1,6
CCAGTCTTGTCATAGA-1,5
CCAGTGAGCTCCTTGT-1,4
CCAGTGTACAGACCGA-1,5
CCAGTTCGGTAACTCA-1,2
CCATAAACAACCCGAC-1,6
CCATAACCTGTGCAGT-1,1
CCATACCTTTACTTGT-1,6
CCATACTCGCCTCTCC-1,1
CCATAGAGGCTGCCAG-1,5
CCATAGGTTGGCGTGG-1,6
CCATAGTCAGTAACCC-1,4
CCATATGGAAACTATA-1,3
CCATATTGGATCATGA-1,4
CCATCATAAGAACAGG-1,1
CCATCCATACCAAGTC-1,4
CCATCGCAGTTAAACT-1,3
CCATCTCACCAGTGAA-1,6
CCATCTTGTTCACAAT-1,6
CCATGCCCTAGATTTC-1,1
CCATGCCTGTTTAGTA-1,3
CCATGCTCTGCAGGAA-1,4
CCATGGCAAACGCTCA-1,1
CCATGGCCCTTGTACC-1,1
CCATGTTCATCTATAT-1,5
CCATTAGCGATAATCC-1,3
CCATTCCCTGCCCACA-1,4
CCATTGTTTCCTCCAT-1,1
CCATTTCTACCTATTA-1,1
CCCAAACATGCTGCTC-1,3
CCCAACATACGTCGCG-1,4
CCCAACCACACTAACA-1,6
CCCAAGAATGCACGGT-1,1
CCCAAGACAGAGTATG-1,4
CCCAAGTCATTACACT-1,1
CCCAATGAGATTTGCA-1,5
CCCAATTTCACAACTT-1,1
CCCACTCCACGGTATC-1,1
CCCAGAGGAGGGCGTA-1,6
CCCAGATTCCCGTGAC-1,1
CCCAGGAAGAATTCGA-1,2
CCCAGGTCTGAAGGCT-1,6
CCCAGTAAACTTGGGA-1,5
CCCAGTTAAGGCGCCG-1,3
CCCATATAGGTCGATT-1,6
CCCATTATTGTATCCT-1,6
CCCGAAGTTTCGCGAA-1,3
CCCGACCATAGTCCGC-1,6
CCCGAGTTTCTCCGTA-1,6
CCCGATAGCCTCGCCT-1,6
CCCGCAAATAATCATC-1,1
CCCGCAGCGCGAACTA-1,3
CCCGCAGGGCCCAAAG-1,6
CCCGCCATGCTCCCGT-1,4
CCCGCGCAATGCACCC-1,4
CCCGCTAGAGGGTTAA-1,1
CCCGCTTGCCCTCGTC-1,4
CCCGGCACGTGTCAGG-1,1
CCCGGCTAGGTGAGAA-1,1
CCCGGGTCGTTCAGGG-1,2
CCCGGTGGAAGAACCT-1,4
CCCGGTGTATCGGAAT-1,5
CCCGTAAGTCTAGGCC-1,4
CCCGTAGCTGGGAAGA-1,5
CCCGTCAGCGTCTGAC-1,4
CCCGTGACAGTGCCTT-1,2
CCCGTGAGGGCGGTGA-1,1
CCCGTGGGTTAATTGA-1,4
CCCGTTTCGCAGATGT-1,6
CCCTACCCACACCCAG-1,2
CCCTACTTGAACAATG-1,2
CCCTAGCTCTAAGGTC-1,1
CCCTAGGCAACAAGAG-1,1
CCCTAGTGTCAGGTGT-1,4
CCCTATGTAGAGCAGA-1,5
CCCTCAAGCTCTTAGT-1,1
CCCTCAGATCGAGAAC-1,5
CCCTCATCACAGAGTA-1,5
CCCTCATTCTGGAATT-1,4
CCCTCCTCGCTCGTAT-1,6
CCCTCGATAATACACA-1,5
CCCTCGGGAGCCTTGT-1,6
CCCTGAAATGAGTTGA-1,3
CCCTGACTAACAAATT-1,1
CCCTGATGTAACTCGT-1,4
CCCTGCCCAATCCGCT-1,1
CCCTGCGCTACGCATA-1,1
CCCTGGCTGTTCCTTC-1,1
CCCTGGGAGGGATCCT-1,2
CCCTGGTATGGGCGGC-1,6
CCCTGTTGGCAAAGAC-1,1
CCCTTCTCGTACGCGA-1,4
CCCTTTAATGGAGTTC-1,1
CCCTTTGACAGGTCTT-1,3
CCGAAACACGACCTCT-1,5
CCGAAAGTGGTGAGCA-1,4
CCGAACACTGGGCCTC-1,4
CCGAACCTTCCCGGCC-1,3
CCGAAGCATTGACCAA-1,5
CCGAAGGGCGTACCGC-1,6
CCGAAGTATATTGTTC-1,4
CCGACAAACACATGAG-1,4
CCGACAAAGGGAGTGC-1,1
CCGACAATAGGCCGCC-1,6
CCGACGGGCATGAGGT-1,5
CCGACGTAAACACAAC-1,6
CCGACTCGCATAGTCT-1,6
CCGAGAAGTCGCATAA-1,6
CCGAGCTGTGCTTGTC-1,1
CCGAGGGATGTTAGGC-1,6
CCGATATGACGTAAGG-1,6
CCGATCTCAACCTTAT-1,6
CCGATCTTAAGAGGCT-1,1
CCGATTCGAGGGACCC-1,6
CCGATTGGTCAATGAA-1,1
CCGCACAAAGACCAAC-1,3
CCGCACACGAACGTGT-1,6
CCGCACGTGACCTCGG-1,1
CCGCACTTGCAATGAC-1,1
CCGCATGTGGTACGAT-1,6
CCGCCACCACAATCCA-1,6
CCGCCGGAACTTCTCG-1,5
CCGCCGGTCAACACAC-1,6
CCGCCGTTGAGGATAA-1,6
CCGCCTGCGAATTGGT-1,6
CCGCCTTGCGATGTCG-1,6
CCGCGATTTGGTAGGT-1,1
CCGCGCAAGATACCCA-1,5
CCGCGGAATGCGTCAC-1,3
CCGCGGGTACGAAGAA-1,1
CCGCGTAGGTAAGGGC-1,6
CCGCTATCAGCACCAG-1,3
CCGCTCCAGGGCGATC-1,2
CCGCTCCGGATAAGCT-1,5
CCGCTCTTCCGAACTA-1,1
CCGCTTACCTCACTCT-1,4
CCGCTTCGCGGTTAAC-1,4
CCGCTTGCTGACATGG-1,6
CCGGAAGTGCAATATG-1,1
CCGGAAGTTATCAGTC-1,6
CCGGAATGGTTTCAGT-1,4
CCGGAGCGTACTTTCT-1,5
CCGGAGGTCTTATGGT-1,1
CCGGCACGACCGTTTC-1,6
CCGGCCGCGAGCATAT-1,1
CCGGCGCATATTGGAT-1,4
CCGGCGTGAGACTCTG-1,6
CCGGGACCCGCAGAGA-1,4
CCGGGCTAAGAATTTC-1,5
CCGGGCTGCTCCATAC-1,3
CCGGGTTCGAGGTTAC-1,6
CCGGTAATGGCTAGTC-1,6
CCGGTATCTGGCGACT-1,2
CCGGTGCGAGTGATAG-1,1
CCGGTTTGTAATTGTG-1,5
CCGTAAGTTGGTCCCA-1,3
CCGTACCCAAGCGCCA-1,4
CCGTAGGAAATCCCTG-1,1
CCGTAGGGTTGTTTAC-1,6
CCGTATCTCGTCGTAG-1,5
CCGTATTAGCGCAGTT-1,1
CCGTCAACCTCTGGCG-1,5
CCGTGAGGCATTCATG-1,6
CCGTGCCCATGACGGC-1,4
CCGTGGAACGATCCAA-1,6
CCGTGTTAAATTCCAT-1,6
CCGTTACGTTAGAACA-1,6
CCGTTCCGAATCTCGG-1,1
CCGTTTCCTTTCCGTG-1,6
CCTAAACAGGGTCCGT-1,6
CCTAAAGGCTGACGCT-1,6
CCTAAATTAACGGTTC-1,3
CCTAAATTGTATCCTA-1,6
CCTAACTAAGGCTCTA-1,6
CCTAAGTGTCTAACCG-1,4
CCTACAAGTCCGGAAT-1,1
CCTACAGTTGAGGGAG-1,2
CCTACATTCACAGACG-1,5
CCTACGCGACCTTACA-1,1
CCTACGGCTCAGTCGA-1,4
CCTACTCAACACGATT-1,6
CCTACTGCGGCGGCCA-1,1
CCTACTGCTTACACTT-1,4
CCTAGGCGTAGCGATC-1,3
CCTAGGTAAAGGTAGC-1,1
CCTAGTTAGTCGCATG-1,6
CCTATAATGAGTGCCC-1,6
CCTATACCGTCCTGTC-1,5
CCTATATCGTGTCACG-1,5
CCTATATTTGTCCTGG-1,5
CCTATCTATATCGGAA-1,6
CCTATGAAGTGGTGCC-1,6
CCTATGGCTCCTAGTG-1,5
CCTATGGGTTACCGTC-1,3
CCTATGGTCAAAGCTG-1,2
CCTATGTCCACTCCAC-1,1
CCTATTATTCCGGCCG-1,5
CCTCAACGATCGCTGT-1,6
CCTCACCAATCTTGAC-1,4
CCTCACCTGAGGGAGC-1,6
CCTCACCTTAGCATCG-1,6
CCTCACGTCAGCTAAT-1,6
CCTCATGCAGCTACGA-1,4
CCTCCCGACAATCCCT-1,6
CCTCCGACAATTCAAG-1,6
CCTCCTAGCTAGAGTC-1,5
CCTCCTGAGCCCACAT-1,1
CCTCCTGTTGTGTCGT-1,1
CCTCGAAGTGGACGGG-1,6
CCTCGACCCACTGCCT-1,1
CCTCGCCAGCAAATTA-1,6
CCTCGCGCGATATAGG-1,6
CCTCGCGCTGTGCGAT-1,6
CCTCGGACCGGGATAG-1,3
CCTCGGATGCTACCTG-1,1
CCTCGGTTTCCTTGCC-1,5
CCTCGTTACGCCTGTT-1,1
CCTCTAATCTGCCAAG-1,6
CCTCTACAAGGATTGG-1,5
CCTCTATCGATTAGCA-1,5
CCTCTCTCCCATCTAG-1,6
CCTCTGGCCTAGACGG-1,6
CCTCTGTACTATTCTA-1,3
CCTGAACGATATATTC-1,3
CCTGAATATTTACATA-1,6
CCTGACAAACTCGCGC-1,1
CCTGACCACCGATGGT-1,3
CCTGACGCAACCTTTA-1,1
CCTGAGAATAAATGCA-1,5
CCTGATTCGCGAAGAA-1,2
CCTGCCCGTTGTCTAG-1,1
CCTGCGATAGAACTGT-1,4
CCTGCGTTCTACGCTT-1,1
CCTGCTACAACCATAC-1,2
CCTGCTATTTGAGAAG-1,4
CCTGGAAACGTTCTGC-1,6
CCTGGCTAGACCCGCC-1,3
CCTGGTCGAATGTGGG-1,1
CCTGTAAGACATGATA-1,3
CCTGTACTCACGCCCA-1,4
CCTGTCACCCGGGCTC-1,3
CCTGTCCCTCACGTTA-1,6
CCTGTCGCCCGTAAAT-1,3
CCTGTCGTGTATGAAG-1,5
CCTGTGAAACCGTAAC-1,1
CCTGTGCATAGGAGAC-1,4
CCTGTGCGGATTGTAA-1,1
CCTGTTCAACCTCGGG-1,6
CCTGTTTGAAGACACG-1,1
CCTTAAGTACGCAATT-1,2
CCTTCAGTTAAAGTGA-1,5
CCTTCCGCAACGCTGC-1,5
CCTTCGTATAGAATCC-1,6
CCTTCTCAGCGTTCCT-1,1
CCTTCTTGATCCAGTG-1,6
CCTTGACCACTTTATT-1,6
CCTTGTGAACGTGGTT-1,6
CCTTTAAGGGAGCACT-1,5
CCTTTCAATGAAGAAA-1,6
CCTTTGAATTATGGCT-1,5
CGAAACATAGATGGCA-1,6
CGAAACGCAATTCATG-1,4
CGAACAGTATGGGCGT-1,6
CGAACATAGTCAGAAA-1,1
CGAACCCGCATGCGTC-1,3
CGAACCTCTTTCCTAG-1,5
CGAACGCCCAGTGCCG-1,6
CGAACGGCCGGACAAC-1,1
CGAAGACGGTGAGTGC-1,1
CGAAGACTGCCCGGGA-1,6
CGAAGATCAGTTTCAT-1,2
CGAAGCCACAGCATGG-1,5
CGAAGCTATAAATTCA-1,6
CGAAGGGTTTCAGATT-1,5
CGAAGTTGCTCTGTGT-1,1
CGAATCTGCTCGACGC-1,5
CGAATGAAGTCATTGC-1,5
CGAATGACGCATAATG-1,2
CGAATGGTAGGTCGTC-1,5
CGAATTACATGGTGTT-1,1
CGAATTCCCGGTTCAA-1,6
CGACAATTTGATCTAA-1,6
CGACACCGCTTAAGGA-1,1
CGACACGCTCCGACAG-1,6
CGACACGGATGCCCAC-1,1
CGACAGTTCGCGTTAT-1,3
CGACATGCGATCTTCT-1,6
CGACCCTTAACGCCGG-1,6
CGACCGTTGGTATTCG-1,5
CGACCTACTAGACAAT-1,1
CGACGCATCCGTACCT-1,1
CGACTCAGGATGTTAT-1,6
CGACTCGGTACACGGT-1,1
CGACTTGCCGGGAAAT-1,5
CGACTTTGTATAGCCT-1,6
CGAGACCCTAGAGTGT-1,3
CGAGACTACTGCTGCT-1,1
CGAGAGATGTGAACCT-1,6
CGAGAGCGCGTAGATA-1,1
CGAGAGCTTTCACTAC-1,1
CGAGAGGGTAGCCGCG-1,3
CGAGATGTTGCCTATA-1,4
CGAGATTTCGCTCGGG-1,6
CGAGCACTTCAAGTTT-1,4
CGAGCCGAGCACTCGA-1,1
CGAGCGTTGATCAGCC-1,4
CGAGCTGGGCTTTAGG-1,6
CGAGGAGCTTCCATAT-1,1
CGAGGATCGGGAACGA-1,6
CGAGGCCAGGCATTGG-1,4
CGAGGCTAAATATGGC-1,6
CGAGGGACTGCGGTCG-1,3
CGAGGGTATCCAGGTG-1,2
CGAGTACTAAAGAGGA-1,4
CGAGTGAAGGTACCAG-1,5
CGAGTGCTATAGTTCG-1,4
CGAGTTCTGTCCCACC-1,6
CGAGTTTATCGGACTG-1,6
CGATAACCAATTTGAG-1,1
CGATAATACTCAGGTT-1,6
CGATACCTCGCGGACA-1,3
CGATAGCGATACAGTG-1,5
CGATAGTCGTACTGCA-1,1
CGATATTAGCCGCAGG-1,4
CGATCATTAGAGGCAC-1,1
CGATCCACCATTGTTG-1,6
CGATCCGACCCAGTGC-1,3
CGATCCTCGCAACATA-1,5
CGATCGAGAAGCACCA-1,2
CGATCTGTTGGAGGAC-1,6
CGATGGACCCTACGCC-1,6
CGATGTTGTTATCTAC-1,5
CGATTAAATATCTCCT-1,6
CGATTCGCCTGGCTGC-1,6
CGATTTGTCATTAATG-1,5
CGCAAACACGAGTTAC-1,4
CGCAATCGATCATTAG-1,1
CGCAATTACTTTCGGT-1,4
CGCAATTAGGGTAATA-1,4
CGCAATTCTACAATAA-1,4
CGCACATGTCCACTAC-1,3
CGCACGTCTGTTTATG-1,5
CGCACGTGCGCTATCA-1,6
CGCAGAAACATTTGCG-1,6
CGCAGATCTTCACCCG-1,4
CGCAGGCGATCCAAAC-1,6
CGCAGTTCTATCTTTC-1,6
CGCATCATGGCTTCAG-1,6
CGCATCCATCAGCCAG-1,6
CGCATGCCGAATGCGT-1,1
CGCATGGTGCGATGCT-1,3
CGCATTAGCTAATAGG-1,4
CGCCAAGAAGCCGAGT-1,6
CGCCAATTATTGCGTT-1,1
CGCCACAGGTCGCGAT-1,1
CGCCACCCGCATTAAC-1,4
CGCCAGTAGTACCTTG-1,5
CGCCATCCGATTATGA-1,6
CGCCCAGCACGCCTAG-1,5
CGCCCAGCGTTTCACG-1,1
CGCCCGCTTCCGTACA-1,6
CGCCCTAATTGTTCAA-1,5
CGCCCTTACATCCACC-1,1
CGCCCTTGAAGGCTGA-1,4
CGCCGACTATTCGCTA-1,1
CGCCGCCCATGCCTGT-1,3
CGCCGCGTTCTGAACG-1,1
CGCCGGTGTCGCAGTA-1,1
CGCCGTCTACCCATCG-1,6
CGCCGTTCAGCATAGT-1,6
CGCCTCCCTCCTCTAT-1,3
CGCCTGGCCTACGTAA-1,4
CGCCTTTAGCATGCTC-1,6
CGCGAAGTGGCATACT-1,1
CGCGACACTGCGCAGC-1,1
CGCGACCGCGACAGAT-1,6
CGCGAGAGGGACTTGT-1,1
CGCGAGTCTGCCGGGT-1,5
CGCGCAAATGTCCAGA-1,5
CGCGCAAGGAACTACA-1,4
CGCGCATGTTTGATTG-1,3
CGCGCCCGACTTAATA-1,6
CGCGGCAGTATTACGG-1,4
CGCGGCTCAACTTGAA-1,6
CGCGGGAATTAGGCAG-1,6
CGCGGGAATTCCTTTC-1,2
CGCGGTAAGTCTAGCT-1,6
CGCGGTACGGTATACA-1,6
CGCGGTCACAAACCAA-1,1
CGCGTACATTCTGGAA-1,1
CGCGTCATATTAAACC-1,6
CGCGTGCTATCAACGA-1,4
CGCGTGGGCCTGTGTT-1,5
CGCGTTCATGAAATAC-1,4
CGCTACCGCCCTATGA-1,4
CGCTACGGGACATTTA-1,3
CGCTAGAGACCGCTGC-1,6
CGCTATACCGCCCACT-1,4
CGCTATCGTGGCTTTA-1,1
CGCTATTCAATGTATG-1,4
CGCTATTCTTAGGCTC-1,3
CGCTCGACATAATGAT-1,4
CGCTCTCCGTAGATTA-1,1
CGCTGAGGACGTCCAA-1,4
CGCTGGTGACTACCCT-1,6
CGCTGTGACGCCGCAC-1,4
CGCTGTGTGGATGTTG-1,5
CGCTTAGTATTGATAC-1,6
CGCTTATTCCCGGTCG-1,6
CGCTTCCACTGAAATC-1,4
CGCTTCGGTCTAAGAC-1,1
CGCTTGGACGGATAGA-1,6
CGCTTTCATACCGGTG-1,4
CGCTTTCCGCCAAGGT-1,2
CGCTTTCTTGCATTCG-1,6
CGGAAAGAATCAAACG-1,5
CGGAAAGCAAATGTGC-1,1
CGGAAATTTCACATCC-1,1
CGGAACGTAAACATAG-1,3
CGGACCTCTGTAGTTA-1,1
CGGACCTTTACGTCCC-1,2
CGGACGTTACTTGAAG-1,6
CGGAGCAATTTAATCG-1,3
CGGAGCATGGCGATCC-1,3
CGGAGCTTATAACACC-1,6
CGGAGTCCTAACCTGG-1,1
CGGAGTTTGAGAGACA-1,4
CGGATAAGCGGACATG-1,4
CGGATCCTCAAGGACT-1,1
CGGATGAATGCTGTGA-1,6
CGGATTCTGCCTTATG-1,5
CGGCAAACATCGTGCG-1,3
CGGCAATAAGATCGCC-1,6
CGGCACCGTTAGCGCC-1,6
CGGCACTCAAGAAAGT-1,4
CGGCAGGGTCGGGTTG-1,6
CGGCCACGCACAAAGT-1,3
CGGCCAGAGCGACCAT-1,5
CGGCCCAACCTGTAGT-1,6
CGGCCCAGGTATATCC-1,6
CGGCGCCATCAATCCC-1,1
CGGCTCTAAAGCTGCA-1,6
CGGCTCTTCGTCGAAC-1,1
CGGCTGAAGGTTACGC-1,1
CGGCTGCAAGATTAAG-1,6
CGGCTTTGTATGATAA-1,4
CGGGAACGCCCTGCAT-1,5
CGGGAAGTACCGTGGC-1,5
CGGGAATATAGTATAC-1,6
CGGGAATTTATGTAAA-1,3
CGGGAGCTTCAGTGTA-1,6
CGGGAGTATACCGCCG-1,4
CGGGATCAATGTAAGA-1,6
CGGGCAGCTAAACCGC-1,3
CGGGCCATAGCCGCAC-1,4
CGGGCCTTCTTTGTAA-1,3
CGGGCGATGGATCACG-1,6
CGGGCTACTTAAATTG-1,1
CGGGTGTACCCATTTA-1,6
CGGGTTCGGCACGTAT-1,1
CGGGTTGTAGCTTTGG-1,4
CGGGTTTGTTAGGGCT-1,6
CGGTAACAAGATACAT-1,1
CGGTACGGCAAACCCA-1,6
CGGTACTAGAATCAAA-1,3
CGGTAGAGGTGCAGGT-1,6
CGGTATAGGTATTAGC-1,1
CGGTATGGGCACTCTG-1,2
CGGTCAAGTGGGAACC-1,6
CGGTCAGTCCATATTT-1,6
CGGTCCATGAGACTCC-1,1
CGGTCCGTCGCAAGCC-1,5
CGGTCTATCAACCCGT-1,6
CGGTGAAGACTAAAGT-1,1
CGGTGCAGATAGAACG-1,1
CGGTGCGCGTTGGTCC-1,6
CGGTGGGCTCCAGCCT-1,6
CGGTGTACTTGATCCC-1,4
CGGTTATCCAACAGTG-1,6
CGGTTCAAGTAGGTGT-1,6
CGGTTCCGGCTTCTTG-1,4
CGGTTGACCTGGCATA-1,6
CGGTTGAGTATCCTTC-1,5
CGGTTGGGCAGGGTCC-1,2
CGGTTGGGTTCAAGTT-1,1
CGGTTTACTGAACATT-1,5
CGGTTTATGAAGGAAC-1,1
CGTAAACGCTTGAGTG-1,4
CGTAAAGCAAGAAATC-1,5
CGTAAATAACAAAGGG-1,1
CGTAACGGAACGATCA-1,1
CGTAACTTCGACACTT-1,5
CGTAATAATTACGAGT-1,1
CGTAATATGGCCCTTG-1,6
CGTACCGAAAGTCTAG-1,4
CGTACCTGATAGGCCT-1,6
CGTAGCGAATTGTCAG-1,6
CGTAGCGCCGACGTTG-1,4
CGTATCTAGAACTAAG-1,6
CGTATTAAGAGATCTA-1,3
CGTATTGTTTCCTAAT-1,1
CGTATTGTTTGGCGCC-1,5
CGTCAAATGGTCGCAG-1,1
CGTCAAGGCTATAAAT-1,1
CGTCAATCTTTAACAT-1,1
CGTCACGTCCATTGGT-1,3
CGTCAGCTATTTACTC-1,4
CGTCAGTGCGCACAAG-1,4
CGTCAGTTTATCGTCT-1,6
CGTCATACCATATCCA-1,4
CGTCCAGATGGCTCCA-1,6
CGTCCTCATCGCGTGC-1,6
CGTCGCATGTGAGCCA-1,6
CGTCGCGGCGGGATTT-1,4
CGTCGCTTGGTTATAC-1,5
CGTCGGATAGTGTTGA-1,6
CGTCGGGTCTAAGCGC-1,5
CGTCGTCCTTCGCGAA-1,6
CGTCTCTCGCCGAGGC-1,1
CGTCTGGAAGGGCCCG-1,6
CGTCTTGAGTGTGACG-1,6
CGTGAACTGACCCGAT-1,6
CGTGAAGTTAATTCAC-1,3
CGTGACATTGGGTCGT-1,6
CGTGACCAGTCCTCTG-1,2
CGTGCACACCACTGTA-1,2
CGTGCAGACTGGGACA-1,3
CGTGCATTGTCGACGC-1,6
CGTGCCCGACATTTGT-1,6
CGTGCCCTCCCGAAGA-1,3
CGTGCTGGCCTAGTCG-1,4
CGTGCTTCTACCTAAA-1,5
CGTGGAAGCCTCGTAC-1,6
CGTGGCCGAATATCTA-1,6
CGTGGTACCCAAAGGC-1,5
CGTGTATGGGAGCTGA-1,6
CGTGTCCCATTCGCGA-1,3
CGTGTCTCGTTACGAC-1,5
CGTGTGTTAAACCCTG-1,6
CGTTAAACTAGTTAGG-1,6
CGTTAAATACGACCAG-1,6
CGTTAATGTCCCGACG-1,1
CGTTAGCTCACAACTG-1,6
CGTTATCATACTTCCA-1,1
CGTTCAAGGAAACGGA-1,6
CGTTCAGACCCGCGAA-1,2
CGTTCATGGTGCGCGT-1,6
CGTTCTTCGCACACCT-1,1
CGTTGAATACCGCGCT-1,6
CGTTGAGCGACCGTCG-1,3
CGTTGAGTAATTGCGT-1,1
CGTTGCCCGCGTGGGA-1,6
CGTTGTAAACGTCAGG-1,1
CGTTGTAAGATTGATT-1,6
CGTTGTCGGCAATTGA-1,2
CGTTGTTTCAATTCCC-1,1
CGTTTAAGCGGAGCAC-1,4
CGTTTACAAGGCAGCT-1,1
CGTTTCACTTCGGGCG-1,6
CGTTTCGCTCATTACA-1,3
CGTTTCGGTTATATGC-1,6
CGTTTGGTGTTGTGGG-1,6
CGTTTGTGTAGAGGGT-1,5
CTAAACGGGTGTAATC-1,4
CTAAAGAATGCCTACT-1,4
CTAAAGGATGAGATAC-1,2
CTAAAGGGAAATAGGA-1,3
CTAAAGTCCGAAGCTA-1,4
CTAAATCCGGTGTACA-1,5
CTAACAGCACAATAAC-1,5
CTAACCGCGCGCCCGT-1,4
CTAACGAAACTTGCTG-1,6
CTAACTGATAATCGCC-1,1
CTAACTGGTCCGGTTC-1,2
CTAAGGGAATGATTGG-1,3
CTAAGTACAGGGCTAC-1,1
CTAATGCGCCCAACAA-1,1
CTAATTATGAAGCGTA-1,1
CTAATTCGCACGCGCT-1,4
CTAATTCTCAGATATT-1,6
CTAATTTCAACAACAC-1,4
CTACAAGAAATAACCC-1,5
CTACACTAGCTTGTTC-1,4
CTACACTCGCAGATGG-1,1
CTACATATCGCGGGAC-1,5
CTACCCTAAGGTCATA-1,6
CTACGACTAGCTATAA-1,1
CTACGATCCTATCCTA-1,5
CTACGCACGGAGTACC-1,3
CTACGCCATTTCCGAT-1,6
CTACGTGTTGCCACCA-1,4
CTACTATCATAGGTTT-1,5
CTACTATCTTTCAGAG-1,6
CTACTCAAGGTATAGT-1,5
CTACTCTAGGCCCGGC-1,1
CTACTGCCACCTGACC-1,4
CTAGACATATATGTAG-1,1
CTAGACTGCATTTCGT-1,6
CTAGATAAACTCCTCG-1,4
CTAGATGTGAGTGTAA-1,6
CTAGATTTACGACGGC-1,3
CTAGCAACTAATTTAC-1,4
CTAGCATAGTATAATG-1,3
CTAGCCACAGGCGAGC-1,6
CTAGCCCGGGAGACGA-1,1
CTAGCCGATGTTATGA-1,6
CTAGCGCCAATCCTAC-1,1
CTAGCTTAATGGTCCC-1,6
CTAGGCGCCCTATCAG-1,6
CTAGGCGGCAGAGAAT-1,4
CTAGGGATAGGGACAA-1,5
CTAGGTCTGAAGGAAT-1,6
CTAGGTTCGGACGTGA-1,6
CTAGTAGAAAGGGATT-1,1
CTAGTATTCGGAATTA-1,6
CTAGTCACGTCTTAAG-1,3
CTAGTGAAGGACAGGA-1,4
CTAGTTACAACCCGGT-1,1
CTAGTTGGGCCCGGTA-1,6
CTATAAGAGCCAATCG-1,6
CTATAAGTAGGGTTTG-1,5
CTATACTTAAAGCGAG-1,5
CTATAGGCGTTGATGT-1,5
CTATATCCAGCCTGGC-1,5
CTATCACAACGCTGGA-1,2
CTATCGACGAAATACA-1,1
CTATCGCGTAGAGAAC-1,6
CTATCGGGTCTCAACA-1,3
CTATGAACACCTTGCC-1,5
CTATGCCCGAATGCAA-1,2
CTATGGGAAGCGGAAT-1,3
CTATGTCACTAGCCCA-1,3
CTATGTCTATTGAAAC-1,4
CTATGTGAGTCACGGC-1,4
CTATTCATGTGTCCCA-1,3
CTATTGTGTTTGGTCA-1,6
CTATTTGCTTGGAGGA-1,6
CTATTTGGTTACGGAT-1,3
CTCAAACCACTGCCCG-1,5
CTCAACTAACCCGGAT-1,1
CTCAAGACATTAGCGC-1,1
CTCACACGCAAGCCTA-1,1
CTCACATTTACTAAAT-1,2
CTCACCAGTACAAGTG-1,1
CTCACCGATCCAAACT-1,1
CTCACTGTGATACTTA-1,6
CTCACTTGGCTGGTAA-1,1
CTCAGAGCTAATGTCG-1,6
CTCAGATTGTGATAAG-1,1
CTCAGCAGACTGCCGA-1,1
CTCAGGACTCACCTGT-1,4
CTCAGTCACGACAAAT-1,6
CTCATAAATGTGTATA-1,1
CTCATCACTTAGTGAT-1,1
CTCATGGCTCACAATC-1,6
CTCATGGTAATTTGCG-1,5
CTCATTAACGTTGCCC-1,1
CTCATTCGTGAACATC-1,1
CTCATTGCTCTAACAA-1,6
CTCATTTGATGGGCGG-1,6
CTCCCAATGAGTCGCG-1,6
CTCCCTCCTTTCGATC-1,5
CTCCCTTGTATCAAGG-1,5
CTCCGAGTAAATCCGC-1,1
CTCCGCCCACATGAGG-1,3
CTCCGGCCTAATATGC-1,4
CTCCGGCTTGTAGACA-1,4
CTCCTAAGTTATGTCT-1,4
CTCCTAGTAATCGTGA-1,5
CTCCTCCAGCTCACAC-1,5
CTCCTGTTCAAGGCAG-1,6
CTCCTTTACGCAAGTC-1,6
CTCGAATGGAACGTAT-1,1
CTCGAGACATACGATA-1,1
CTCGAGATCCAAAGCA-1,4
CTCGAGGCAAGTTTCA-1,5
CTCGAGGTCGAACAGT-1,3
CTCGATATTTGCGAGC-1,6
CTCGCACCTATATAGT-1,6
CTCGCATTGCATAGCC-1,5
CTCGCCGAATGTAGGG-1,2
CTCGCTAGGTAAGCGA-1,1
CTCGGGATAACACCTA-1,6
CTCGGGCATCGTCGGG-1,1
CTCGGGTTCTCTGGCC-1,5
CTCGGTACCACTGCTC-1,3
CTCGGTCCGTAGCCTG-1,4
CTCGGTTGTCGGCCCT-1,5
CTCGTCGAGGGCTCAT-1,5
CTCGTCTGTGCCTTCG-1,2
CTCGTGGCACTGAAAG-1,2
CTCGTTACGGCTACCA-1,5
CTCGTTTCTAATGTTT-1,6
CTCTAACACCGGCAGC-1,2
CTCTAATGCATTGATC-1,6
CTCTACACTGGCGATT-1,1
CTCTACATCCTGCGTG-1,2
CTCTAGCCCTCGGAAA-1,1
CTCTATTTGGCTGCAG-1,3
CTCTCACAATCGATGA-1,3
CTCTCGATGTGCGCCT-1,6
CTCTCGCTGTACTATG-1,1
CTCTCTAACTGCCTAG-1,5
CTCTGCAGGCATTCTT-1,5
CTCTGCGAAGCAAGCA-1,4
CTCTGGACGCCTGGTG-1,3
CTCTGTCCATGCACCA-1,2
CTCTGTGCCTGCTATG-1,6
CTCTGTTTGAGGATTC-1,6
CTCTTCTATTGACTGG-1,6
CTCTTCTGGAAGTTAG-1,5
CTCTTGTCCCGCTTGG-1,5
CTGAAACGGCCCTCAG-1,1
CTGAAAGAGATCCGAC-1,6
CTGAATCCGAGACCTC-1,3
CTGAATTTATTGCCAG-1,6
CTGACATAGAAATAGA-1,6
CTGACTGCGCAGCTCG-1,6
CTGAGAAAGTTCGGCG-1,6
CTGAGAGTAGAAATAC-1,6
CTGAGCAAGTAACAAG-1,4
CTGAGCGAGACTTATT-1,6
CTGATAGTGTATCTCA-1,1
CTGATCCCTTTATGCA-1,5
CTGCAAGCACGTTCCG-1,6
CTGCACCTAGTCCACA-1,6
CTGCACCTGGAACCGC-1,6
CTGCACTCCAGTACAG-1,3
CTGCAGAGAATCAGAG-1,1
CTGCAGGGTGACGCTC-1,6
CTGCAGGTGCTCGGCC-1,1
CTGCCAAGGTTGGAAG-1,6
CTGCCATGCATCACAT-1,3
CTGCCCACGAAGCGTT-1,1
CTGCCTAGCCACCAAG-1,6
CTGCCTCATATGCAAC-1,6
CTGCCTTTAATACCTT-1,5
CTGCCTTTCTAGTAAA-1,1
CTGCGACCTCGCCGAA-1,2
CTGCGATTTCGAGATT-1,6
CTGCGGGTGAAATGTT-1,1
CTGCGGTAGTCACGTG-1,6
CTGCGTTACGATATAA-1,6
CTGCTCTCAACACACC-1,6
CTGCTCTGACGGCAAA-1,2
CTGCTGAGGCCACGAA-1,5
CTGCTGTCTAACGAGC-1,6
CTGCTTGGCGATAGCT-1,1
CTGCTTTATGTCCGCG-1,1
CTGGAAATGGATGCTT-1,4
CTGGAAGACACGGTGG-1,6
CTGGACGCAGTCCGGC-1,6
CTGGATTTACACTTGA-1,3
CTGGCATCCGAATGAG-1,1
CTGGCGACATAAGTCC-1,6
CTGGCGATTTACATGT-1,6
CTGGCGCACAGGTCTG-1,3
CTGGCGGGAATAAGTA-1,4
CTGGCTCCTGCGGGAT-1,4
CTGGCTGATTCATCCT-1,6
CTGGCTGCTAACGTAA-1,4
CTGGCTGGTTGTCAGT-1,1
CTGGGATAAATAATGG-1,3
CTGGGATACGCTACCC-1,6
CTGGGATCGCCCAGAT-1,6
CTGGGCACTAGTCGGA-1,1
CTGGGCCTGCTATATC-1,4
CTGGGCGGCCAAATGT-1,1
CTGGGCTACTGGAGAG-1,2
CTGGGCTATCCTTTGG-1,1
CTGGGTAGGCAGTTAA-1,3
CTGGGTTGAGTTAAAG-1,5
CTGGTAAAGACTTACA-1,1
CTGGTAAAGTGTGGGC-1,6
CTGGTAACACATAGAA-1,6
CTGGTAACGAGCTCTT-1,6
CTGGTCATTCCAATCC-1,1
CTGGTCCTAACTTGGC-1,6
CTGGTGAATGGGCCTA-1,5
CTGGTTCAACGCATCA-1,4
CTGGTTCGCGAGCTAC-1,6
CTGGTTTCGAGCAAGA-1,6
CTGTACTTCTTAGCAT-1,3
CTGTAGCCATCTCACT-1,5
CTGTAGTGAGGATCGA-1,6
CTGTATGGTGTAGAAA-1,4
CTGTCAAATGGCTCGG-1,6
CTGTCACGCCAGGCGC-1,6
CTGTCCTGCGCACTAC-1,5
CTGTCTGTGGCTGGCT-1,1
CTGTGCAGGGTAGGTC-1,3
CTGTGGTCGGGAGATA-1,1
CTGTTACCCAATCTAG-1,3
CTGTTCACTGCCTGTG-1,4
CTGTTCATCTCACGGG-1,4
CTGTTGGCTCTTCTGA-1,1
CTGTTGTTCAGTCGTA-1,5
CTTAAATAAGACCCAT-1,1
CTTAACTTACAGTATA-1,6
CTTAACTTCGAAGTAC-1,6
CTTAAGCAGCGAGCCG-1,1
CTTAATCGACTTAGTA-1,2
CTTACACGGTATTCCA-1,4
CTTACACTGGGAAATA-1,4
CTTACATAGATTTCTT-1,2
CTTACTGACTCCTCTG-1,6
CTTAGATGTTTCATCC-1,2
CTTAGCCCGGATAGTG-1,1
CTTAGCCTTCCACATG-1,6
CTTAGGTATAGACCAG-1,5
CTTAGGTCCCAATCGT-1,1
CTTAGTAGGCCTACAG-1,6
CTTAGTGTAGTAGCAT-1,1
CTTAGTTGAGGAATCG-1,5
CTTATAGATGGCTGTT-1,6
CTTATGCGCTCAGGGC-1,1
CTTATGTTGACTACCA-1,4
CTTCAACTCCACTTGG-1,6
CTTCACGCCCTGGTAC-1,5
CTTCAGTGGTCGCCTA-1,5
CTTCAGTTGGACAACG-1,2
CTTCATAGCTCAAGAA-1,4
CTTCATCACCAGGGCT-1,2
CTTCATTGTCAGTGGA-1,3
CTTCCGCTCCGTGAAG-1,5
CTTCCTGCATATTTAC-1,1
CTTCGATTGCGCAAGC-1,1
CTTCGGCCAATTGTTT-1,6
CTTCGTAGATAGGTGA-1,3
CTTCGTGCCCGCATCG-1,4
CTTCTATGTTGAAGTA-1,4
CTTCTATTAATGCTAG-1,3
CTTCTGGGCGTACCTA-1,5
CTTCTTACGTCGTATA-1,6
CTTGACCCGAAAGATA-1,4
CTTGAGGTTATCCCGA-1,4
CTTGAGTTAGGGTAAT-1,6
CTTGATGACCATCCAG-1,1
CTTGCAACCGCCTCCT-1,1
CTTGCCCACCCACGCA-1,1
CTTGCCCAGGCTCTAC-1,3
CTTGGCCAAGCTGGGA-1,2
CTTGTACTTGTTGACT-1,4
CTTGTCAACATTCGAG-1,3
CTTGTCGTACGTGTCA-1,4
CTTGTGAGGACAGCGG-1,4
CTTGTGAGTCTTTGAC-1,4
CTTGTGCTCACCGATT-1,6
CTTGTTGCTGAGTCAA-1,3
CTTGTTTATGTAGCCA-1,4
CTTTAACTTTCAAAGG-1,6
CTTTACCGAATAGTAG-1,1
CTTTAGGAACACTGTT-1,6
CTTTAGTGCTATTATT-1,3
CTTTATCCGACGCATG-1,2
CTTTCTGTGCGGGCTT-1,1
CTTTGAAACATATTCC-1,1
CTTTGACGTCGCTTCT-1,1
CTTTGCATCGCTCTTG-1,1
CTTTGCTGTCATGGAT-1,6
CTTTGGCAGACAGAGT-1,1
CTTTGGCGCTTTATAC-1,1
CTTTGGCTTTAGTAAA-1,4
CTTTGGGATTGTTGCA-1,5
CTTTGTCGAATGCTCC-1,1
GAAACAGATGACCACC-1,6
GAAACAGCCATGCAGT-1,4
GAAACATAGGAAACAG-1,5
GAAACCATGGTGCGCT-1,6
GAAACCGAATTACCTT-1,3
GAAACCTATACAAATG-1,5
GAAACTCGTGCGATGC-1,3
GAAACTCTAATGAAGG-1,6
GAAAGAACAGCGTTAT-1,6
GAAAGCAGTGCACTTT-1,6
GAAAGCCCTTTGGACC-1,1
GAAAGTGACTAACTGC-1,4
GAAATACCTGCTGGCT-1,1
GAAATACTAAACGTTT-1,4
GAAATATCACCATCAG-1,1
GAAATATGCTTGAATG-1,1
GAAATCGCGCGCAACT-1,6
GAAATCTGACCAAGTT-1,1
GAAATGGCGGTGTTAG-1,4
GAAATGGGATGTAAAC-1,4
GAAATTAGCACGGATA-1,6
GAAATTCACATCGCTG-1,4
GAAATTGTCTCTATAA-1,3
GAACAACTGGGATGAA-1,1
GAACACACATCAACCA-1,4
GAACAGATTACTAAAT-1,1
GAACATTAGTATGTTA-1,1
GAACCATCTGGGAGAC-1,6
GAACCCTCTGTGTTCT-1,1
GAACCTCGACCTACAC-1,1
GAACCTTTAACGATCC-1,6
GAACGACCGAATGATA-1,6
GAACGATAAGTTAAAG-1,3
GAACGCGGGTCACACG-1,6
GAACGGTGTAAAGCAG-1,1
GAACGTCTCATGGTCG-1,6
GAACGTTAGGAAGACG-1,1
GAACGTTTGTATCCAC-1,6
GAACTGTGGAGAGACA-1,6
GAACTTAGCGCCCGGT-1,1
GAACTTGTGCACGGGA-1,1
GAAGAAACGATATTGT-1,5
GAAGAACGGTGCAGGT-1,4
GAAGACTTCAATGCCG-1,6
GAAGCAAGGCAATGTT-1,4
GAAGCCACTGATTATG-1,2
GAAGCCGGGTAAGCTC-1,1
GAAGCCTGCACATTCC-1,2
GAAGCGTGAGGAATTT-1,3
GAAGCTCGGACCCGTC-1,5
GAAGCTCTTTGCTTAG-1,1
GAAGCTTGCTGACCGC-1,4
GAAGGACTAAATTGAA-1,4
GAAGGAGTCGAGTGCG-1,2
GAAGGCTACCATTGTT-1,1
GAAGGGCATAACCATG-1,4
GAAGGGTCATTAAGAC-1,2
GAAGTCAGTTGCACTA-1,3
GAAGTCTCCCTAGCGA-1,3
GAAGTGATTTATCGTG-1,3
GAAGTGCTGGATAGCT-1,6
GAAGTTTCCACTCAAT-1,3
GAATAGACGCGACCCA-1,6
GAATAGCATTTAGGGT-1,6
GAATAGCCCTGCGGTC-1,1
GAATAGTGCTCGATTA-1,5
GAATATTCGGAGTCCC-1,6
GAATCGACATGGTCAC-1,4
GAATCGCCGGACACGG-1,4
GAATCTATACTCGGAC-1,1
GAATCTGAACATTCTC-1,3
GAATGAAGGTCTTCAG-1,1
GAATGCCGAAATGACC-1,4
GAATGCGAATCGGTTC-1,2
GAATGGGCTTATCGAC-1,1
GAATGTATGGCAGGTC-1,6
GAATGTGGTCCGGATT-1,3
GAATGTTGGGTAATCT-1,6
GAATTATAGTGAAAGG-1,3
GAATTATGCAACCTAC-1,1
GAATTCACCCGGGTGT-1,3
GAATTTCTCGCTGCAG-1,4
GACAAACATATGCAGG-1,6
GACAACGACCATTGAA-1,6
GACAACGCAGCTTACG-1,4
GACAAGACGCCCGTGC-1,6
GACAAGAGATGAGATT-1,6
GACACAAGGGAAGAAA-1,1
GACACAGCCGGGACTG-1,1
GACACCCAAAGACGCG-1,5
GACACGAGTTAGAGGA-1,4
GACACTGAGTTCAGTG-1,3
GACACTGGAACCCGAT-1,6
GACACTTCCAATTACC-1,1
GACAGAGGTCTTCAGT-1,2
GACAGATTTCTGGCTC-1,1
GACAGCCAGACCTGAC-1,6
GACAGGCACACACTAT-1,6
GACAGGTAATCCGTGT-1,6
GACATACTGTCGCAGA-1,1
GACATCCGTCGAACTG-1,2
GACATCGATTTATAAC-1,3
GACATTTCGCCCAGCC-1,5
GACCAAACGTTGACTG-1,6
GACCACACTTCCCTTT-1,2
GACCAGAGCCCTGTAG-1,4
GACCCAATTATGATAC-1,5
GACCCGTCGCCGGCTA-1,6
GACCGACCGCTAATAT-1,4
GACCGACGTGAAAGCA-1,6
GACCGACTGAAGCGTC-1,1
GACCGATTAAATATGT-1,5
GACCGCGTCTGACGTG-1,6
GACCGGTGATACTCTC-1,6
GACCGTCAGGTCGTGA-1,6
GACCGTGCTGACGGTG-1,3
GACCGTTACATGCGAC-1,1
GACCTGGTCTGGGCGT-1,1
GACCTTCCACGTCTAC-1,2
GACGACGATCCGCGTT-1,3
GACGACTTTCCAAGAA-1,4
GACGAGGCTAATAAAC-1,1
GACGATATCACTGGGT-1,5
GACGCATACCCGTCGG-1,5
GACGCCGTAAAGGCTA-1,3
GACGCCTGTTGCAGGG-1,4
GACGCTTGCTTCTAAA-1,4
GACGGACCGCGTTCCT-1,6
GACGGGATGTCTTATG-1,4
GACGGGCATCGAATTT-1,1
GACGGGTTGGCCCGTA-1,5
GACGGTCAATAGAAGC-1,6
GACGGTCCTAGGGTGT-1,6
GACGTGAGACTCCATG-1,4
GACGTGTAGGGATTAT-1,4
GACGTTCGTAAATACA-1,1
GACGTTGCTCGGCGGC-1,5
GACTAACACAGCACCT-1,1
GACTAAGATCATGCAC-1,4
GACTAAGTAGGCTCAC-1,3
GACTACAAAGCGGTGG-1,6
GACTACAATTGCTCGT-1,6
GACTAGGCCGTTAGGT-1,6
GACTCACCCACGTGAG-1,6
GACTCCCAGAATAAGG-1,6
GACTCCTTCCAATTGA-1,5
GACTCGCGGGAATGAC-1,6
GACTCGGTCGGCGGAT-1,1
GACTCTAGAGTTCCAA-1,1
GACTGATTGGTCACAA-1,1
GACTGCAAATCGAGCT-1,6
GACTGCACCAGCCCAG-1,3
GACTGCGGCACGTGTA-1,1
GACTGCTGGTGAGAAA-1,5
GACTGGGCGCCGCAAC-1,1
GACTTCAACGCATCAA-1,2
GACTTTCGAGCGGTTC-1,2
GAGAAACTGGATCCCA-1,6
GAGAACGGTTCTGACT-1,6
GAGAATCTCACGATCA-1,1
GAGACCCTGCAACGCC-1,1
GAGACTGATGGGTAGA-1,4
GAGACTTCGCGACCGA-1,5
GAGAGCGCAGTCCCTG-1,1
GAGAGGCCTATGTGTA-1,1
GAGAGGGCGCGAGGTT-1,3
GAGAGGTGCATTCTGG-1,6
GAGAGTCTCGGGAGAG-1,5
GAGATCGATCTTACTC-1,5
GAGATCTGCTTGGCAT-1,4
GAGATCTGTCACTCCG-1,6
GAGATCTTCCATGACA-1,3
GAGATGACAATCCTTA-1,1
GAGATGGCTTTAATCA-1,2
GAGATGGGAGTCGACA-1,3
GAGCACCTGTGTCCAG-1,6
GAGCACGGCGCCTCTT-1,6
GAGCATCAACAACTTG-1,5
GAGCATCATCCCTGGG-1,4
GAGCCACGGTAGTAGG-1,4
GAGCCAGCTACCTGTG-1,6
GAGCCGAGCGTTTATT-1,1
GAGCGAGGGAGTACCG-1,6
GAGCGCAAATACTCCG-1,6
GAGCGCGCACGAGTAG-1,6
GAGCGCTATGTCAGGC-1,4
GAGCGCTGTTAGGTAA-1,5
GAGCGGAATGCGGTGT-1,5
GAGCTAAGGGCATATC-1,6
GAGCTCAACATGAGCG-1,2
GAGCTCTCGGACCTAA-1,4
GAGCTGTCGTCTCGGA-1,1
GAGGAATATCTCTTTG-1,6
GAGGAATGGAGAGGTT-1,1
GAGGAGATCCTCATGC-1,1
GAGGAGTAATTCCTAC-1,6
GAGGATAAACAGTGCT-1,6
GAGGCATTTGCAGCAG-1,1
GAGGCCCGACTCCGCA-1,5
GAGGCCTGTTGATACA-1,1
GAGGCTATCAAAGTCG-1,1
GAGGGAGTCAGATCGC-1,5
GAGGGCATCGCGTATC-1,4
GAGGGCCATAATATTA-1,1
GAGGGCCGGCAGAGTC-1,1
GAGGGCGCAGCTCTGC-1,6
GAGGGTAGTAACAAAG-1,5
GAGGTACATCCATCTT-1,6
GAGGTACGCGTGTCCC-1,2
GAGGTCCCAAAGATCT-1,4
GAGGTCCGTTCGCTGT-1,5
GAGGTCTTAGTGGGTC-1,1
GAGTAAACCGGAAAGT-1,6
GAGTAAATTAAGAACC-1,6
GAGTAAGGCCACGGGA-1,6
GAGTACGGGTATACAA-1,4
GAGTAGATACTAGTTG-1,2
GAGTATACCCTAATCA-1,5
GAGTATCAAAGTTACA-1,6
GAGTATGCCCGCCTTG-1,3
GAGTATGCGCGTGCAT-1,1
GAGTCAGACCAGAATC-1,5
GAGTCCACCAGGTTTA-1,2
GAGTCCGCTTACCGGA-1,3
GAGTCGACAGACCCTC-1,1
GAGTCTTGTAAAGGAC-1,1
GAGTGCACGGACAACA-1,1
GAGTGTCAACCAGAAA-1,1
GAGTGTGCGGTACCCA-1,3
GAGTTCTGTGGGTGCT-1,1
GAGTTGATGGCAATTT-1,5
GAGTTGTCACCAGTCT-1,5
GATAAATCGGTGGATG-1,4
GATAACTCGCACTGTG-1,1
GATAAGGCAGATGCAA-1,4
GATAAGGGACGATTAG-1,1
GATACCGTGTCGGAGT-1,6
GATACGATGGGAGTCA-1,3
GATAGAACCCGCTAGG-1,6
GATAGATAGTACAGTC-1,2
GATAGCGTACCACGCG-1,1
GATAGGATTAATTACA-1,6
GATAGGTAACGTTGAC-1,3
GATAGGTGTCCCGGGC-1,6
GATAGTGCGAGTAAGT-1,6
GATATCAAGCAGGAGC-1,1
GATATCAGTATGTATC-1,4
GATATCTCATGCAATA-1,4
GATATGAGACACTAAC-1,3
GATATGCGGTAGCCAA-1,6
GATATGGATTACGCGG-1,4
GATATTGAGATTGGCG-1,6
GATATTTCCTACATGG-1,6
GATCAACATAAAGGGA-1,5
GATCATTCCAAACATT-1,3
GATCCAACCTTTAAAC-1,5
GATCCCTTTATACTGC-1,3
GATCCGAATATAAGTG-1,6
GATCCGGGAATTAACA-1,3
GATCCTAAATCGGGAC-1,6
GATCCTCGACACTGGC-1,5
GATCCTCTTGCGCTTA-1,1
GATCGACACTATCTGA-1,4
GATCGCGGGCTCTCCA-1,3
GATCGCTACCCGATTT-1,6
GATCGCTATATCTCAG-1,5
GATCGCTGTGGTGCGT-1,5
GATCGGATAGAACCAT-1,1
GATCGGCGATAAGTCG-1,6
GATCGGTGGCCATAAC-1,6
GATCGTGACTGATATC-1,3
GATCTAACCGTATTCA-1,1
GATCTCGACGCTGTGG-1,6
GATCTGCTATCTAAGG-1,2
GATCTTAGTGAACGTG-1,1
GATCTTCATTGTCCTC-1,1
GATCTTGGAGGGCATA-1,3
GATCTTTGCAGGGTAT-1,4
GATCTTTGCTCAAAGA-1,1
GATGACAAGTAGGGCA-1,5
GATGACGATGATCGCG-1,1
GATGAGGAACCTTCGG-1,6
GATGATTTGAAACTGG-1,4
GATGCCACACTACAGC-1,4
GATGCCAGCAGAAGGC-1,4
GATGCCTTCTGCGGCA-1,5
GATGCGAATGGTATTA-1,1
GATGCGTCCTGCATTC-1,3
GATGCTACAAGCGCCT-1,4
GATGCTACCTTCGATG-1,1
GATGCTGTATTTCATC-1,3
GATGGCGCACACATTA-1,4
GATGGTGAAATAACCC-1,1
GATGGTGCCCTAGGCA-1,6
GATGTAACGAACCACC-1,5
GATGTCCGGATCACAT-1,4
GATGTCGGTCAACTGC-1,6
GATGTGTTGTCACAAG-1,6
GATGTTCAATCCACGA-1,3
GATGTTTGTGCGAGAT-1,4
GATTAACCGAAAGCCC-1,1
GATTAATCCTGGCTCA-1,4
GATTACTGAATTTGGG-1,3
GATTAGAAACAAGCGT-1,6
GATTATCTTGCATTAT-1,2
GATTCCCTTGTCGCAG-1,6
GATTCCGCGTTTCCGT-1,6
GATTCCTATACGGCGC-1,3
GATTCGACGGTTCACG-1,3
GATTCTGTTAATGAGT-1,2
GATTGACACTCTGCTC-1,6
GATTGCTCCAGTTGCA-1,5
GATTGGGAAAGGTTGT-1,6
GATTTAGTGCGTACTG-1,1
GATTTGCGCTAACACC-1,6
GCAAACCCTACATTAT-1,1
GCAAACCTTGGCCATA-1,1
GCAAACGTAAGCGACC-1,5
GCAAACGTCGCCAGGT-1,6
GCAAAGGGCGTTAGCC-1,5
GCAAATATTACGCTTT-1,4
GCAAATGAGGACACTT-1,1
GCAACACACTAGAACT-1,1
GCAACAGCAGTATGCG-1,6
GCAACCACCAGACCGG-1,6
GCAACCACGGCCGCGT-1,1
GCAACCCAAGTTGTTT-1,1
GCAACGGCTAGTTATG-1,6
GCAAGAATTCCTTGGC-1,4
GCAAGATGTGTTCGCG-1,1
GCAAGCTGGAAACCGC-1,6
GCAAGTGCACAGAGAA-1,6
GCAAGTGTAAAGCATG-1,6
GCAATTAGTCGCACCG-1,6
GCACAAACCCTAGATG-1,5
GCACAAACGAGGCGTG-1,6
GCACAACCTCGGGCGT-1,5
GCACAAGTGGATCATA-1,6
GCACAAGTGTCGGAAG-1,6
GCACACACTGGTAGCC-1,1
GCACACAGCTATTACC-1,2
GCACACGCCCATGGTC-1,1
GCACAGCACGGGCCGA-1,5
GCACCTAGGCGAGTCC-1,1
GCACCTTCCCGAAGGT-1,6
GCACGCCGATTCCCGC-1,2
GCACGCCTACTTAGAT-1,5
GCACGTGGTTTACTTA-1,1
GCACTAGTCGCGCTAT-1,4
GCACTCCCACAGTCCC-1,6
GCACTGCCTACCTTTA-1,2
GCACTGTGCAAATGTA-1,4
GCAGAAACGTAATCCA-1,1
GCAGAAGGTAATCTCC-1,6
GCAGACCCAGCACGTA-1,6
GCAGATCCATAAGACT-1,6
GCAGATCCTCGCAAAT-1,1
GCAGATTAGGGATATC-1,3
GCAGCACACAGCCCAG-1,3
GCAGCCTATATCACAT-1,6
GCAGCGGTGGGCATTA-1,4
GCAGCTATGGACAGGT-1,1
GCAGCTGTCAACGCAT-1,2
GCAGGAACTTAGATCT-1,5
GCAGGACTATAGAATA-1,4
GCAGGTAGAGTATGGT-1,6
GCAGTGCGGGCGGATG-1,6
GCAGTGTGGCTATAGG-1,6
GCAGTTCGATCCGAGC-1,6
GCATAAATTGAACGCC-1,1
GCATACGAGGTCTTTA-1,1
GCATAGAGCACTCAGG-1,3
GCATCCCTAACTTTGA-1,4
GCATCCTCTCCTATTA-1,4
GCATCGGCCGTGTAGG-1,6
GCATGACACAAAGGAA-1,6
GCATGAGGGACGCGGC-1,6
GCATGCTAATAACGAT-1,1
GCATGGGTACTGACGC-1,1
GCATTCAAGGCAACGC-1,6
GCATTCGAAATGAACA-1,1
GCATTGACTTGCGGAA-1,1
GCATTGTAATTCATAT-1,6
GCATTTCCAAGGCTCC-1,6
GCCAACCATTTCCGGA-1,6
GCCAAGAATACTTCTG-1,4
GCCAATAGGGCATCTC-1,6
GCCACAATTTAAGGAC-1,3
GCCACCCATTCCACTT-1,1
GCCACCTTATTCGCGA-1,5
GCCACTCAGAGCGCGA-1,1
GCCACTCCTTACGGTA-1,6
GCCAGGAAAGAACACT-1,5
GCCAGGAGTAACCGAT-1,6
GCCAGGCGTTCGCATG-1,6
GCCAGGCTTAGTGGTA-1,1
GCCATATTGCACACAG-1,6
GCCATCGAGCTGCGTG-1,6
GCCATCGATGCTGCAT-1,6
GCCATTAGCCTCAAAC-1,5
GCCCACCAAGGCTGTC-1,4
GCCCACTGGTCCACAA-1,1
GCCCAGATGCTGGAGA-1,6
GCCCAGCGACACAAAG-1,5
GCCCAGTTGGTATGCC-1,4
GCCCATGGGTGCAATG-1,1
GCCCGACTTCTTCCCG-1,1
GCCCGAGAGTCTAAAT-1,5
GCCCGATCTGTGGTCG-1,3
GCCCGATGCCCAGTTC-1,5
GCCCGCGCGTAAACGG-1,4
GCCCGCGCGTTTGACA-1,4
GCCCGTAATACCTTCT-1,6
GCCCGTCAAGCCCAAT-1,6
GCCCGTTCACACAATT-1,1
GCCCTAAGTGCAGGAT-1,2
GCCCTAGCCGTCGCGA-1,5
GCCCTGAGGATGGGCT-1,6
GCCGAAATTCCTACGT-1,3
GCCGACCCACGACTGC-1,5
GCCGATTGGCCAAGCT-1,3
GCCGCACTCCGTTTCA-1,6
GCCGCATTAGTCCGGC-1,1
GCCGCTAGATACGCAG-1,1
GCCGCTTGTGAGAAAC-1,3
GCCGGAAACACATCTT-1,6
GCCGGGTTAGGGTCGC-1,3
GCCGGTCGTATCTCTC-1,6
GCCGGTTTGGGCGGAT-1,4
GCCGTCGGTTTCGGGC-1,5
GCCGTGGAAGAAATGT-1,6
GCCTACGTTCTGTGCA-1,2
GCCTAGCGATCTGACC-1,6
GCCTATAGTGTCAGGG-1,6
GCCTATCAGGTAAGAT-1,6
GCCTATGCTGGGCCTT-1,1
GCCTATTCCGATATAG-1,4
GCCTATTTGCTACACA-1,4
GCCTCAGGTACCGGTC-1,5
GCCTCATCTGGAAATA-1,6
GCCTCCGACAATTCAC-1,1
GCCTCTATACATAGCA-1,1
GCCTGCTACACTGAGA-1,1
GCCTGTCCCGGTGCAT-1,2
GCCTTCAGCCCTACCG-1,4
GCCTTGTATATGCAGT-1,4
GCCTTTGTCAGTGGAC-1,5
GCGAAACGATCGGGAG-1,3
GCGAAACTTAACTGGA-1,3
GCGAAGAATCTGACGG-1,1
GCGAAGCCATACCCGT-1,3
GCGAATGGACTAGCGA-1,2
GCGACATGTAAACATC-1,6
GCGACCCAACCATCTG-1,5
GCGACGATAGTTGTAC-1,3
GCGACGGTAGTCTCCT-1,2
GCGAGAAACGGGAGTT-1,4
GCGAGAGGCCATGTAA-1,1
GCGAGAGTTGCGTCCA-1,6
GCGAGCGCATGCTCCC-1,6
GCGAGGCCCGAGCAGA-1,3
GCGAGGGACTGCTAGA-1,4
GCGAGTTCTGCAAAGA-1,3
GCGATGTCTGTGCTTG-1,6
GCGATTCTGGAAGCAG-1,6
GCGATTGTTAACGTTA-1,3
GCGCAAATATATTCAA-1,5
GCGCAAGAGCGCGCTG-1,6
GCGCATCCAGTCAGCA-1,6
GCGCCGTTCCACGATA-1,3
GCGCCTCCCACTCCGA-1,6
GCGCGATGGGTCAAGT-1,6
GCGCGGTCTAGTAACT-1,6
GCGCGTCATTGGTACA-1,6
GCGCGTTTAAATCGTA-1,4
GCGCTAAGTATGCATG-1,1
GCGCTAATTGAATAGA-1,3
GCGCTATGCCGAGGCA-1,3
GCGCTCGATCACCTGT-1,6
GCGCTGATCCAGACTC-1,6
GCGCTGCTTTGCATTT-1,6
GCGCTGGCGGAAAGTC-1,1
GCGCTTAAATAATTGG-1,1
GCGGACCGCGTTGTGG-1,6
GCGGAGAAACTTCGCA-1,5
GCGGAGAGGGAGAACG-1,3
GCGGATTACTTGTTCT-1,6
GCGGCAAAGTATTGCC-1,5
GCGGCTCTGACGTACC-1,4
GCGGCTTTAGCAAGTT-1,2
GCGGGAACCAGGCCCT-1,4
GCGGGCAGACGGGTGA-1,2
GCGGGCATTACGATGC-1,6
GCGGGCGAGCCTTACC-1,6
GCGGTAACCCAAATGA-1,4
GCGGTCCCGGTGAAGG-1,1
GCGGTCCCTAGACGCA-1,4
GCGGTCTTGCTTTCAC-1,2
GCGGTGAACTGCGCTC-1,6
GCGGTGCGGAGCATCG-1,1
GCGGTTCCCTATCATG-1,3
GCGTAAATGGCCATAA-1,6
GCGTCCAGCTCGTGGC-1,4
GCGTCCCTAAGACATA-1,5
GCGTCGAAATGTCGGT-1,6
GCGTCGCCAGGGTGAT-1,1
GCGTCGTAACATGGTC-1,2
GCGTCTAACCTCCTAA-1,1
GCGTCTCTGCATTGGG-1,3
GCGTGGTACTGGGTTA-1,6
GCGTGTATGTCGTATT-1,6
GCGTTATATTTGGAAC-1,1
GCGTTCGGAGACCGGG-1,6
GCGTTCTGACTAAGCG-1,6
GCTAAACCTGAGGTGA-1,4
GCTAACTGAAGTCTGA-1,1
GCTAAGCCCAGTATGC-1,6
GCTAAGTAAAGGCGAT-1,1
GCTAAGTAGTTTCTCT-1,3
GCTAATACCGAATGCC-1,4
GCTACAATCGAGGATA-1,1
GCTACACTGTCCGAAC-1,4
GCTACAGTACGGACCG-1,1
GCTACGACTTATTGGG-1,3
GCTACTATAGTAGAGT-1,6
GCTACTCGGACGCAGA-1,5
GCTAGACCGTCTACTG-1,6
GCTAGAGTAGAGATGT-1,1
GCTAGCAACGCACCTA-1,2
GCTAGCACCTGGGCCA-1,6
GCTAGCAGGGAGTGGG-1,1
GCTAGCGATAGGTCTT-1,5
GCTAGCTTGAATAGCT-1,6
GCTAGGCACCACGGAG-1,6
GCTAGTAGAGCTTGTA-1,3
GCTAGTTTCATTGAGG-1,4
GCTATAAGGGCCAGGA-1,1
GCTATACGTCTCGGAC-1,6
GCTATCATACTCATGG-1,6
GCTATCGCGGCGCAAC-1,4
GCTATGCCAGCTTATG-1,1
GCTCAACCTCTTAGAG-1,4
GCTCAATCCGTTTATT-1,5
GCTCAATGTAATACCG-1,2
GCTCATTACTGCATGT-1,6
GCTCATTGATCATATC-1,6
GCTCCATGAGTGCAGA-1,6
GCTCCATGCAAAGCAA-1,6
GCTCCCAGTCGGTCCA-1,6
GCTCCGCTCGCTTCAG-1,6
GCTCCGGACGTTGATA-1,1
GCTCCTGACATACTGG-1,5
GCTCGACCGAACTGAA-1,1
GCTCGCGGTTCCGCTC-1,1
GCTCGCTCATGTCCAA-1,6
GCTCGGAATTTAAAGC-1,6
GCTCTAAACCCTGACG-1,6
GCTCTATGTTACGTGC-1,3
GCTCTCGGGTACCGAA-1,4
GCTCTTTCCGCTAGTG-1,6
GCTGAACTCTCCAGGG-1,6
GCTGAAGGGTTCTTGG-1,6
GCTGAATCTTCCAATC-1,5
GCTGAGCAACGGTTCT-1,1
GCTGAGGCGTGAGTAT-1,3
GCTGCACGGTTTCTTA-1,3
GCTGCGAAGAATTATT-1,6
GCTGCGCCTCCCACGT-1,1
GCTGCTAAGTAGTCGA-1,6
GCTGCTCTCCGGACAC-1,3
GCTGGACCCAAAGTGG-1,1
GCTGGCAGGTGCCGTG-1,1
GCTGGCATATTCACCT-1,4
GCTGGCGGCGCATGCT-1,2
GCTGGGAGCGCGTCAA-1,5
GCTGGGTCCGCTGTTA-1,4
GCTGGTGACTCGTAGT-1,1
GCTGGTTTAGGCCATA-1,5
GCTGTATTACTGGCCC-1,4
GCTGTCTGTGATCGAC-1,1
GCTGTTGCTACCGAAC-1,6
GCTTAATGTAACTAAC-1,3
GCTTACGTAGTTAGTA-1,6
GCTTAGGGAAGCGGTA-1,1
GCTTATGAAGCAGGAA-1,3
GCTTCAGTGGGATTAC-1,1
GCTTCCAGCTTAGATT-1,4
GCTTCCATGTAACCGC-1,1
GCTTCCCGTAAGCTCC-1,2
GCTTCCGTCCCTAGAC-1,6
GCTTCGACGTTCAATC-1,5
GCTTGAGTGACCTCTG-1,6
GCTTGATGATAATCAG-1,4
GCTTGCAGCACAATTG-1,1
GCTTGGATCGATTAGG-1,6
GCTTTACACAACTGGG-1,6
GCTTTATTAAGTTACC-1,2
GCTTTCAGAGGAGGTG-1,6
GCTTTCTATCTCAACT-1,1
GCTTTGCTGCCGGGTA-1,1
GGAAACAGAGCTTGGG-1,5
GGAAACCTTGTTGAAT-1,6
GGAAACTAAATGGGCC-1,6
GGAAAGGGAATTGAGC-1,2
GGAAAGTCTTGATTGT-1,6
GGAAAGTGCCCATGCC-1,6
GGAACCCGAACAAGAA-1,1
GGAACCGTGTAAATTG-1,3
GGAACCTTGACTCTGC-1,5
GGAACGGCCTGCAGCC-1,1
GGAACTCGTGAATACG-1,5
GGAACTTTGGCGATTA-1,6
GGAAGATAAGACTGTA-1,1
GGAAGCTCGCTTACAG-1,6
GGAAGGACACCGTATA-1,2
GGAATAACCTCAAGAA-1,6
GGAATGCGCTAGCGTG-1,3
GGACAACCATGAAGCC-1,6
GGACAAGCCATGATCG-1,5
GGACAAGTTGCAGTGA-1,1
GGACACAAGTTTACAC-1,6
GGACACCTCGGTGTTG-1,2
GGACCAACAGGATAAC-1,3
GGACCTACGGTAACGT-1,1
GGACCTCTAGGCCGCC-1,5
GGACGGCTTGCGCAAC-1,1
GGACGGGCGACCAACC-1,6
GGACGTCCATAGTTGG-1,1
GGACTAAGTCAGGAGT-1,1
GGACTCACAAATTAGG-1,6
GGACTCGAAGCTTTCA-1,6
GGACTCGACAGCGCAT-1,6
GGACTCGTGAGTGGTC-1,5
GGACTCTTCCGGTTGA-1,6
GGACTCTTTGACTAAG-1,2
GGAGAAGTCATTGGCA-1,4
GGAGACATTCACGGGC-1,1
GGAGACCAATGTGCTT-1,1
GGAGACCATCTACATA-1,1
GGAGACGACACCTTTG-1,3
GGAGCAACATTTCAAG-1,1
GGAGCACCAAGAACTA-1,6
GGAGCGAGGCCTACTT-1,2
GGAGGAGTGTGTTTAT-1,1
GGAGGATTGAAAGGAG-1,6
GGAGGCCGAAGTCGTC-1,6
GGAGGCGAAGAACCGC-1,1
GGAGGGCTTGGTTGGC-1,1
GGAGGGTCAAGTAAGA-1,6
GGAGTACACATGAGCT-1,6
GGAGTGCCGCCCTGGA-1,4
GGAGTTGATTCTGTGT-1,1
GGATACTCATGAATTG-1,4
GGATCAAAGGACGAGG-1,4
GGATCAGAGCCATCAG-1,1
GGATCATCCCGTACGC-1,6
GGATCCCTACCAGCTA-1,4
GGATCCGGAATATACT-1,3
GGATCTACCGTTCGTC-1,5
GGATCTTACTGCCCTT-1,5
GGATCTTGACTCAACC-1,5
GGATGAAGATCGCTGA-1,6
GGATGACGCGAGTTTA-1,3
GGATGCTGGCGTTCCT-1,6
GGATGGCTTGAAGTAT-1,1
GGATGTCCTTACCGCA-1,6
GGATTAAGCTAAGGTC-1,1
GGATTAATCATGGACC-1,2
GGATTCAGTACGGTGG-1,4
GGATTCCGCTATACCC-1,6
GGATTGAAGTAGCCTC-1,1
GGATTGCTGTGACTCC-1,6
GGATTTCACTTCTATA-1,6
GGCAAAGGCGCCAATA-1,5
GGCAAATTACTTTACT-1,3
GGCAAGCCAGGGATAG-1,1
GGCAAGCCCATAGTGG-1,1
GGCAAGGCGAAATAGC-1,3
GGCAATAGTCAATGAG-1,3
GGCACGCTGCTACAGT-1,6
GGCACTCAGCCGACCC-1,6
GGCACTCCACTGGGCA-1,3
GGCACTGCGGTGGTTT-1,6
GGCAGAGAGATCGGGA-1,1
GGCAGCAAACCTATGC-1,6
GGCAGCGGTAATCCTA-1,6
GGCATACAGGTAGCGG-1,6
GGCATATCGGTTCTGC-1,6
GGCATCAACGAGCACG-1,4
GGCATTCCCTCCCTCG-1,1
GGCATTGAACATCTCA-1,5
GGCCAATTGTATAGAC-1,2
GGCCACAAGCGATGGC-1,4
GGCCACACGAAAGCCT-1,1
GGCCCAATCTAGAGGG-1,6
GGCCCAGCTGGTTTGC-1,2
GGCCCAGTTATCAGCA-1,1
GGCCCGGAGCATGTCT-1,6
GGCCCGTATACCATGC-1,1
GGCCCTCACCCACTTA-1,1
GGCCGAGACTCTGGTG-1,5
GGCCGCAGGAACCGCA-1,6
GGCCGGCGTCTGCTAT-1,6
GGCCGTTTGGGTTTCA-1,5
GGCCTGCTCTGATGTT-1,2
GGCCTGCTTCTCCCGA-1,6
GGCCTTTGCAACTGGC-1,1
GGCGAAATCTAACTTG-1,3
GGCGAACCGTTCTGAT-1,1
GGCGAGCATCGAGGAC-1,4
GGCGAGCGAAACGGCA-1,1
GGCGCACAGTTTACCT-1,2
GGCGCAGGACATCTTC-1,1
GGCGCATGAATTGATG-1,3
GGCGCGGAGATCTTTC-1,1
GGCGCGTTCGAGTTTA-1,3
GGCGCTCCTCATCAAT-1,3
GGCGCTTCATTCCCTG-1,6
GGCGGAGTAATATTAG-1,4
GGCGGGCTCTAAGAGT-1,6
GGCGGTAGGATCATTG-1,3
GGCGGTTTGCCGGTGC-1,1
GGCGTACCCTATATAA-1,6
GGCGTAGGGAAAGCTG-1,1
GGCGTCCTATCCGCTG-1,4
GGCTAAAGGGCGGGTC-1,6
GGCTAATGATTGAAAT-1,1
GGCTACTATACACTCC-1,5
GGCTATTAAGTTGTAT-1,4
GGCTCCTCCACCTGTT-1,5
GGCTCGCGTTGAGGTA-1,6
GGCTCGTGCCACCAGC-1,4
GGCTCTGCTCCAACGC-1,6
GGCTGAGCATCGTAAG-1,1
GGCTGGCAATCCCACG-1,2
GGCTGGCAGCTTTATG-1,1
GGCTGGCTAGCTTAAA-1,4
GGCTGTCCTACTGCGG-1,6
GGCTTCTCGTGGGTGG-1,2
GGCTTGGCTCTCACCT-1,1
GGCTTTCAATAAGGGT-1,2
GGGAAAGAATGCCAAC-1,6
GGGAACCACCTGTTTC-1,4
GGGAACGGGAGGTTAG-1,4
GGGAACGGTTTCAGAT-1,5
GGGAAGACGGTCTGTC-1,6
GGGAAGGGCTTTCTCA-1,1
GGGAATGAGCCCTCAC-1,1
GGGAATTCTGTCCAGT-1,1
GGGACAGAGTTACTCC-1,5
GGGACCCGTATATCTT-1,5
GGGACTGCATAGATAG-1,3
GGGAGAACTCACAGTA-1,3
GGGAGCGACCGTAGTG-1,1
GGGAGGATGCCCGAAA-1,3
GGGAGTAATGGCTGGC-1,4
GGGAGTTAATGAGGCG-1,6
GGGATACGGTAATAAT-1,1
GGGATATTGATCGCCA-1,5
GGGATCCCAATACAAA-1,1
GGGATGGACCCGCGTC-1,5
GGGATGGTCGTAACCG-1,3
GGGATTATCTCACAAC-1,1
GGGATTTACCGCACCT-1,6
GGGCAACCGCACGTGC-1,5
GGGCACGAATTGGCCG-1,1
GGGCACGTAGTACTGT-1,6
GGGCACTATTGACCAT-1,5
GGGCAGACGTCACTGC-1,1
GGGCAGAGCAATCGTT-1,6
GGGCAGGATTTCTGTG-1,5
GGGCAGTCAACGCCAA-1,2
GGGCATGCATGTCGAG-1,1
GGGCCATTCGTGCTGG-1,5
GGGCCCGTCTTAAACA-1,3
GGGCCCTACGAAAGGG-1,6
GGGCCCTTATCTATAC-1,1
GGGCCGGCCGAAGTAC-1,3
GGGCCTAAATGGGCTA-1,6
GGGCCTATACAACCGG-1,1
GGGCCTATTTAAGTAT-1,1
GGGCGAATTTCTCCAC-1,1
GGGCGATATGTGTGAA-1,6
GGGCGATCCATAGGCC-1,5
GGGCGCAGCGTTACTC-1,6
GGGCGGCAAATGAATT-1,3
GGGCGGGTTCCCTACG-1,4
GGGCGGTCCTATTGTC-1,4
GGGCGTACATTTATAT-1,4
GGGCGTCACCACGTAA-1,3
GGGCGTCCACTGGCTC-1,6
GGGCGTGGTTTCCCAG-1,1
GGGCGTTTACATTCAT-1,5
GGGCTACTATTTCGTG-1,1
GGGCTATGATCGATGG-1,5
GGGCTCATCGAACCCA-1,6
GGGCTGCCTAGGGCGA-1,3
GGGCTGGTTAGTCGCG-1,4
GGGTAATGCTGTGTTT-1,4
GGGTACACTCTGGAGG-1,1
GGGTACCCACGGTCCT-1,4
GGGTACTTCATGAACT-1,4
GGGTATGTATGCACTT-1,4
GGGTATTCTAGCAAAC-1,5
GGGTCACCGTGACGGT-1,3
GGGTCACGTGCTTATG-1,1
GGGTCACTGAGTAGTG-1,1
GGGTCAGGAGCTAGAT-1,1
GGGTCATGCGTACCAT-1,1
GGGTCCTTGGAAGAAG-1,5
GGGTCGTGGCAAGTGT-1,6
GGGTCTATCGCTTTCC-1,1
GGGTGACACCTTAACT-1,3
GGGTGCATATGAAAGC-1,6
GGGTGGTCCAGCCTGT-1,6
GGGTGTTTCAGCTATG-1,6
GGGTTAACATTTGAGT-1,6
GGGTTCAGACGAACAA-1,1
GGGTTTAGGATAGGAT-1,6
GGGTTTCCGGCTTCCA-1,4
GGTAAACTCTGCGCTG-1,1
GGTAAATGTGCGTTAC-1,6
GGTAACCGGCAAAGGT-1,1
GGTAACCGGGAGGATA-1,5
GGTAACTATGTATCTG-1,4
GGTACAAACATGCTAT-1,3
GGTACACCAGATTTAT-1,1
GGTACATCTGGGACGA-1,6
GGTACCATTAAGACGG-1,6
GGTACGTTGCGGCCGG-1,1
GGTACTAAGTGCTTTG-1,6
GGTAGAAGACCGCCTG-1,3
GGTAGACCGTTGGGCG-1,3
GGTAGGCCAATATCAC-1,1
GGTAGTGCTCGCACCA-1,3
GGTATAGTGACACATA-1,6
GGTATCAAGCATAGAA-1,4
GGTATGAAAGAACTGA-1,1
GGTATTGCCGAGTTTA-1,3
GGTCAAGACTACTTCG-1,6
GGTCACGTTAGATTCA-1,4
GGTCAGTGGGTCCCAC-1,3
GGTCATTGTAGTCATA-1,1
GGTCCACGTCTATTTG-1,5
GGTCCCATAACATAGA-1,1
GGTCCTTCATACGACT-1,1
GGTCGGATAAACGGCG-1,6
GGTCGGCCAGGAGCTT-1,1
GGTCGGTAATTAGACA-1,4
GGTCGGTCGTCCACAG-1,5
GGTCGTAAGCTCGCAC-1,6
GGTCTCCAAGTAGTGC-1,6
GGTCTCCGTCCAGGTT-1,1
GGTCTCTGAATGGACT-1,5
GGTCTGAGAATCTGGA-1,6
GGTCTTGAGCGCTCTT-1,5
GGTCTTGGTGTTAACT-1,1
GGTGAAACCGGGAATG-1,4
GGTGAACGGGCTAGCC-1,4
GGTGAAGTACAGGGAT-1,4
GGTGACTGATAGAGAG-1,6
GGTGAGATGCAGATAA-1,4
GGTGATAAGGAGCAGT-1,3
GGTGATGAAGGAAGTG-1,1
GGTGATTTCATCTTGT-1,4
GGTGCAGAGCCTATCG-1,1
GGTGCATAAATGATTA-1,6
GGTGCGGATAAGTGGC-1,4
GGTGCTGATCACAAAG-1,4
GGTGCTGGTACACATT-1,3
GGTGGACCACGTGTTA-1,1
GGTGGACTGCTCTGGC-1,6
GGTGGAGGTTGATACG-1,6
GGTGGGATTAGGTCCC-1,5
GGTGTAAATCGATTGT-1,6
GGTGTAGGTAAGTAAA-1,1
GGTGTTCTGTTTCTAC-1,1
GGTGTTGGGCGTCTTA-1,6
GGTTACCACCCTCGGG-1,4
GGTTACCCGACACTTT-1,6
GGTTACCGCTCCCTAC-1,1
GGTTAGCTATATGTCT-1,3
GGTTAGGCTTGGAGAA-1,4
GGTTAGGGATGCTAAT-1,5
GGTTAGTTACGGCGCC-1,4
GGTTCCACCCGCTTCT-1,1
GGTTCCCTAGTGTCTC-1,1
GGTTCCGTACGACTAA-1,5
GGTTCGATGCTGAGTT-1,1
GGTTCGCATTTGCCGT-1,1
GGTTCGGATTATACTA-1,1
GGTTCTACTCGTCTGA-1,6
GGTTGTATCGTGAAAT-1,6
GGTTGTGCTCTTGTCC-1,1
GGTTGTGTAGCCTGGC-1,1
GGTTTAATTACCATCG-1,5
GGTTTAATTGAGCAGG-1,1
GGTTTACAATCTCAAT-1,6
GGTTTAGCCTTTCTTG-1,6
GGTTTCAATCGGTCAG-1,6
GGTTTGACAAGAAGCT-1,1
GGTTTGAGTGCTGGAA-1,4
GGTTTGCGAACACGTA-1,1
GGTTTGTGACCTGAGG-1,1
GTAACAACTGACCTTG-1,1
GTAACAGGTTAACGGC-1,1
GTAACATCAGCTCATC-1,1
GTAACATCTAAGATAA-1,6
GTAACTACGTAGACCT-1,5
GTAACTGCCCAAGGAG-1,6
GTAACTTGCGGCAGTC-1,4
GTAAGCGGGCAGTCAG-1,6
GTAAGGATTTGTCGGA-1,6
GTAAGTAACAGTCTGG-1,3
GTAAGTAGGGTATACC-1,4
GTAAGTCCACACTCTA-1,6
GTAATAAAGGGCTCCC-1,6
GTAATCTGATTCTTCG-1,2
GTACACTTACCTGAAG-1,3
GTACAGAGGCAAGGGT-1,3
GTACGACGGCGCTGCG-1,4
GTACGAGATTGCGACA-1,4
GTACGCTTCATTGCAC-1,3
GTACGTCACGTATTAA-1,1
GTACGTTTGCCCGTCA-1,3
GTACTAAGATTTGGAG-1,4
GTACTACGGCCTCGTT-1,2
GTACTCCCTTATCGCT-1,1
GTACTCCTGGGTATGC-1,6
GTACTGAGGTCGTAAC-1,4
GTACTGCATGAAGCGT-1,4
GTACTGGAGTTAGACC-1,3
GTACTTGGGCACTTCT-1,4
GTAGAAACGGGTGGAG-1,1
GTAGACAACCGATGAA-1,4
GTAGACACGCCTGACT-1,2
GTAGACGTCGTTACAT-1,4
GTAGAGGGAGACAAGT-1,5
GTAGCCAAACATGGGA-1,3
GTAGCGCTGTTGTAGT-1,4
GTAGCGGCTATACACT-1,3
GTAGCTAGTAAGCGCG-1,1
GTAGCTCCGGGAGGCT-1,5
GTAGCTTCCTCTTGTT-1,6
GTAGGTGATCCGTGTA-1,6
GTAGTCTACGATATTG-1,6
GTAGTGAGCAACCTCA-1,6
GTAGTTAGACAATATA-1,1
GTAGTTCGAAGGCGAA-1,5
GTAGTTTAAGCACACG-1,5
GTATAATCTCCCGGAT-1,1
GTATAGGACTCAGTAG-1,4
GTATAGTGGCCCATGT-1,1
GTATATGTTACGGCGG-1,4
GTATCAAACGTTAGCT-1,1
GTATCAAGGTACTTCC-1,2
GTATCAGCTTGGGTTC-1,4
GTATCCTTTGGTAACC-1,1
GTATCGGGACGAGCTG-1,4
GTATCTCAGTCTTGAC-1,5
GTATCTCCCTAACTGT-1,1
GTATCTCGGGCGCTTT-1,5
GTATCTTGTTGCTCAC-1,6
GTATCTTTCATAACCA-1,3
GTATGAAATTTCACTC-1,5
GTATGACGTGGGAAAC-1,4
GTATGTGGGTCTAGTT-1,3
GTATTAAGGCGTCTAA-1,4
GTATTAGGGTTCGCGT-1,1
GTATTCTGAGAAACGA-1,2
GTATTCTTACCGTGCT-1,4
GTATTTAATGGCATAA-1,6
GTCAAAGAAGTGGTGT-1,5
GTCAAAGTTTACATAG-1,4
GTCAACCAGGCCTATA-1,1
GTCAAGCGGACTCGGG-1,3
GTCAATGCTATAATTT-1,1
GTCAATTGTACTGAAG-1,4
GTCACAAAGTTTCCAA-1,6
GTCACCTGTCTATGTC-1,1
GTCACTCATGAGCGAT-1,5
GTCACTCTCCAAATCT-1,4
GTCAGAATAGTCTATG-1,4
GTCAGACAGCGTTGGA-1,1
GTCAGTTGTGCTCGTT-1,6
GTCAGTTTGGTAGTCG-1,1
GTCATCCCAAACTCAC-1,5
GTCATCTCCTACAGCT-1,1
GTCATGCACCTCCGTT-1,3
GTCATGCGCGAGGGCT-1,1
GTCATGGACATGACTA-1,6
GTCATTAGAGCGAACG-1,3
GTCATTGCATTGACCC-1,1
GTCCAATATTTAGCCT-1,6
GTCCACGTCGCATTCG-1,6
GTCCAGGCACGTGTGC-1,6
GTCCATTACTGCTACG-1,6
GTCCCAACGTAAAGTA-1,3
GTCCCAATCATCCCGC-1,1
GTCCCGCGACGTTATG-1,6
GTCCGAGAGCAATCAT-1,1
GTCCGGACCTGAAATT-1,6
GTCCGGCTGAATTGCG-1,4
GTCCGGGTTCACATTA-1,6
GTCCGTTAGAGGGCCT-1,2
GTCCTACAGGCGGCTC-1,4
GTCCTACGAATAGTCT-1,1
GTCCTACTCTACGGGC-1,6
GTCCTAGGATACCTTA-1,5
GTCCTATTGTTGTGGT-1,1
GTCCTTCTACAACCCA-1,1
GTCCTTCTAGTGGGTT-1,6
GTCCTTTAATGACTTC-1,1
GTCGAATTTGGGCGCT-1,5
GTCGATAGGTGACTTT-1,6
GTCGCCGTTGTGTGTT-1,5
GTCGCGTAACCCGTTG-1,3
GTCGGAAGGATACCAG-1,1
GTCGGATATCTCAGAC-1,1
GTCGGATGTAGCGCGC-1,6
GTCGGGAACATGGTAG-1,1
GTCGGGAAGCAGAAAC-1,2
GTCGGGTGAAGTACCG-1,6
GTCGTACCATCTCGGG-1,3
GTCGTACCTACGATTG-1,1
GTCGTATTGGCGTACA-1,6
GTCGTCAATTATAAGG-1,4
GTCGTCTGGTTGGCTA-1,6
GTCGTGTCTGGTCATC-1,6
GTCGTTATTCGCTTAT-1,3
GTCTAAGATGCCCAGC-1,1
GTCTACTCAATTACAA-1,6
GTCTAGTGAGCCGCTT-1,1
GTCTATACACGCATGG-1,6
GTCTATCTGAGTTTCT-1,3
GTCTATTGCATGCTCG-1,1
GTCTATTGGTTCCGGT-1,6
GTCTCAAGGCCCGGCT-1,2
GTCTCCCGAGTCCCGT-1,6
GTCTCCGCCTCAATAC-1,6
GTCTCCTGCCAGTATG-1,5
GTCTCGACTAAGTTTG-1,6
GTCTCGATCTGCTTTC-1,6
GTCTCGCCAACACGCC-1,1
GTCTGCCGACTCGACG-1,2
GTCTGGGCGGTCGAGA-1,3
GTCTGTAGGTTGAACA-1,5
GTCTTACCACGCCAAG-1,6
GTCTTAGTACAGCCGG-1,6
GTCTTCCTCACCTAAG-1,1
GTCTTGAGGAGCAGTG-1,6
GTCTTGTAGCTATTCA-1,6
GTGAAACGGCGCCACC-1,6
GTGAAACGTGCTCCAC-1,4
GTGAACTCCCATTCGA-1,6
GTGAAGATTTCAAGTG-1,6
GTGAAGCCGTATAGTC-1,1
GTGAAGTCACGACTCG-1,1
GTGACAGCTTCCCACT-1,6
GTGACCGCACACTACG-1,3
GTGACCTAAAGAATAA-1,1
GTGACGAGGGTGACCC-1,6
GTGACGCAGGTTTCAT-1,2
GTGACTTCAGTAGTGC-1,3
GTGAGATAACCTTATA-1,6
GTGAGCGTGCTGCACT-1,6
GTGAGGACACTTAAGG-1,3
GTGAGGAGCGGTTGAG-1,6
GTGAGTCGACTAATAG-1,6
GTGAGTCTAAGACGGA-1,1
GTGAGTGGTACAACGC-1,3
GTGATCAAGCGTGCAC-1,5
GTGATCACTAACGCCT-1,6
GTGATCATAGATCTGC-1,3
GTGATCCTTGTCATGA-1,1
GTGATGCACAACATCT-1,6
GTGATTCGCCGCTCAA-1,4
GTGCAAATCACCAATA-1,1
GTGCAACAAATGTGGC-1,6
GTGCACCAGCTTCAAC-1,6
GTGCACGAAAGTGACT-1,6
GTGCAGCGTAGAGTAG-1,6
GTGCCAAACGTTTCGA-1,5
GTGCCATCACACGGTG-1,4
GTGCCCGTTCGGATTC-1,3
GTGCCGCTTCAAAGGT-1,3
GTGCCTAGCTATGCTT-1,1
GTGCCTCAGTGTACGG-1,6
GTGCCTGAGACCAAAC-1,2
GTGCGAAATCGAACAC-1,3
GTGCGACAGGGAGTGT-1,6
GTGCGCAGCTTGCTCC-1,4
GTGCGCTTACAAATGA-1,4
GTGCGGGACCATCGGC-1,4
GTGCGGGTCTCCAAAT-1,4
GTGCGTGTATATGAGC-1,3
GTGCTATCCAGCTGGA-1,2
GTGCTCAAGTACTGTC-1,3
GTGCTGCAGATAAGGA-1,1
GTGCTGTTAGAACATA-1,2
GTGCTTACATCAGCGC-1,6
GTGGAACCTACATGCG-1,6
GTGGACCAACCCGATT-1,4
GTGGACGCATTTGTCC-1,1
GTGGACGTGCTGAGAC-1,4
GTGGAGCATGTCGGCC-1,6
GTGGAGCGTTTACCGA-1,5
GTGGAGTCGGCGGTTG-1,5
GTGGCAAACAGCGGCA-1,5
GTGGCCGGTTTCTCGG-1,5
GTGGCCTAATATCATT-1,1
GTGGCGGGCCGTAGCT-1,1
GTGGCGGTCCCAGCGT-1,1
GTGGCGTGCACCAGAG-1,1
GTGGCTGTTTCTGTTC-1,2
GTGGGAACAAACCGGG-1,6
GTGGGAAGACTGAATC-1,4
GTGGGCTTAGACACAC-1,3
GTGGGTACTGAGCGTA-1,6
GTGGGTCTTCTTTGCG-1,4
GTGGTATAGTCTGCCG-1,5
GTGGTCAGCGAAGTAT-1,1
GTGGTGATGGTTTGTG-1,6
GTGGTGGCCAAGTGAA-1,3
GTGGTTACTTCTTTCG-1,6
GTGGTTTCCGCCTTTC-1,1
GTGTACCTTGGCTACG-1,6
GTGTACGAACCGTTCC-1,6
GTGTATATCAGCGGGC-1,1
GTGTATGACTTTAAAG-1,4
GTGTCAGTGTACGTGG-1,6
GTGTCCGATAAGGCAT-1,1
GTGTCGTATAGCGTTC-1,6
GTGTCGTATTCACCTT-1,1
GTGTGAATAACTTAGG-1,3
GTGTGAGCCGAGGTGC-1,4
GTGTGTCGACGTCGCT-1,6
GTGTTACTATGCGTCC-1,3
GTTAACATCACTTAAA-1,6
GTTAACTATGTTGTCA-1,6
GTTAAGGGTGCGATGT-1,6
GTTAAGTTAGAGTGGG-1,6
GTTAATAGCGTCATTA-1,6
GTTAATGTCTATCTTA-1,1
GTTACAATTGGTGACG-1,1
GTTACCAAGGCGTACG-1,6
GTTACCTACAACTTGC-1,3
GTTACGAAATCCACGC-1,4
GTTACGGCCCGACTGC-1,4
GTTACTTTGGGCCTAG-1,3
GTTAGAGTGTGCCGCT-1,1
GTTAGCCCATGACATC-1,6
GTTAGCCGTAAATCAA-1,6
GTTAGGCTACCCGTTT-1,5
GTTATAATACGGTGAA-1,6
GTTATATCAGGAGCCA-1,1
GTTATATTATCTCCCT-1,3
GTTATCAAGCTATCGA-1,1
GTTATCACCTTCTGAA-1,6
GTTATTAAATACGACC-1,1
GTTATTAACGTGGGAG-1,4
GTTCAAATCAGATGTC-1,1
GTTCAATCTATGTCAA-1,1
GTTCACAGGAGTCTAG-1,1
GTTCAGTCGCCAAATG-1,6
GTTCATCGTTTGGCTG-1,6
GTTCCAAGACAGCGAC-1,4
GTTCCAGTCTGACCAT-1,4
GTTCCCGTAAACATAT-1,6
GTTCCGTCCGCCTGCA-1,5
GTTCGACAATTGTATA-1,5
GTTCGCCATAAGTGCC-1,3
GTTCGCTGAGACGTCT-1,6
GTTCGGAGCACTCAAC-1,1
GTTCGGATCGGGAACA-1,6
GTTCGGGCGTACCATT-1,6
GTTCGGTGTGGATTTA-1,1
GTTCGTCTAAAGAACT-1,6
GTTCGTCTGGGTCCCT-1,1
GTTCGTTGCGGACCAG-1,4
GTTCTTCCCTCGATGT-1,4
GTTCTTGTAACTCAAT-1,2
GTTGAACCGGTTCCAT-1,3
GTTGAGTCCCGCCGGT-1,1
GTTGCACGGAGTTTCG-1,4
GTTGCAGTCGACAACA-1,6
GTTGCCCTAACGGGTG-1,5
GTTGCGCTAACATTAC-1,6
GTTGCGGACGGTCAGG-1,6
GTTGGACCGCATCAGG-1,1
GTTGGATTCAGTGGCT-1,6
GTTGGATTGAGAACAC-1,6
GTTGGATTTGCGTTGG-1,3
GTTGGTCATGCTATCC-1,6
GTTGTAGATTTATGAG-1,6
GTTGTCGTGTTAGTTG-1,4
GTTGTTACATTGCGCT-1,1
GTTGTTGCAAGATGGC-1,6
GTTTACGTTCCATCTG-1,3
GTTTATGGGATTTAGA-1,1
GTTTCAAACGAGTTGT-1,6
GTTTCATATCGTCGCT-1,1
GTTTCCTGGAGGGTGA-1,4
GTTTCTAGAGGCGCGG-1,1
GTTTCTGCAGTCTCCC-1,3
GTTTCTTGTTAGAGCT-1,6
GTTTGACCAAATCCTA-1,3
GTTTGAGCGGTTATGT-1,4
GTTTGGCCCAAGTTAT-1,3
GTTTGGCCGCTCAGCG-1,4
GTTTGGCGTCAGGCAC-1,1
GTTTGGGCTTGTGAGC-1,3
GTTTGGGTTTCGCCCG-1,1
GTTTGGTAGGGTCAAC-1,3
GTTTGGTGATCGGTGC-1,5
GTTTGTTAGCCAAGTA-1,6
TAAACCCAGGAGGGCA-1,5
TAAACGTCGTCAATGA-1,4
TAAAGACAACCCTTTA-1,6
TAAAGAGCCCGAAACC-1,4
TAAAGCGGTATTTCCA-1,5
TAAAGCGTTAGGAGAA-1,6
TAAAGCTGCAATAGGG-1,6
TAAAGGAGAAACTAGT-1,1
TAAAGTGCACGTCTCG-1,6
TAAATCTTTACACCTC-1,1
TAAATGAATCCGTTTC-1,4
TAAATGCCGTCTCATG-1,1
TAAATGGGCTACTGAG-1,6
TAAATTGTGGGTAAAG-1,2
TAAATTTAGTAACACC-1,5
TAACAAAGGGAGAAGC-1,4
TAACAATATTTGTTGC-1,3
TAACAGCGTTTGTGCT-1,5
TAACAGGTTCCCTTAG-1,5
TAACATACAATGTGGG-1,3
TAACATACACGCGATC-1,5
TAACCGCCCGCAGTGC-1,4
TAACCGTCCAGTTCAT-1,4
TAACCTACCGTCCGAG-1,6
TAACCTAGGGAGTCCA-1,6
TAACGCTTTGAGAGCG-1,4
TAACTATCGAAGGTCC-1,4
TAACTATTACGCCAAA-1,6
TAACTCATCCGCGCGG-1,3
TAACTCCATGGAGGCT-1,4
TAACTGAAATACGCCT-1,5
TAAGAGGGACAGGGAC-1,5
TAAGATTTAGCGGGAG-1,4
TAAGCAGGCGACACGC-1,1
TAAGCCCTTACGACCA-1,1
TAAGCGCGAATCAAAT-1,5
TAAGGAACTTGTGGGA-1,4
TAAGGCAACATAAGAT-1,6
TAAGGCATAACATCAA-1,5
TAAGGCCCGTCACCCT-1,2
TAAGGCTGAATCCCTC-1,6
TAAGGGCCTGTCCGAT-1,1
TAAGGGCTGGGAGAGG-1,1
TAAGTAAATGTGCCGC-1,1
TAAGTAACATCTTGAC-1,3
TAAGTCGCCGAGTATC-1,5
TAAGTCGGTGAGCTAG-1,6
TAAGTGAATAGTCTAC-1,5
TAAGTTGCGACGTAGG-1,1
TAATAAACAAGGAGAT-1,6
TAATACACAGTAGTAT-1,6
TAATACTAGAACAGAC-1,2
TAATAGAACAGAGTTA-1,5
TAATAGCTAAATGATG-1,1
TAATAGGTCACCAGAA-1,5
TAATAGTGACGACCAG-1,6
TAATATTGAAATTCGC-1,4
TAATCAACCAAATGGG-1,6
TAATCAGGAATGCTGC-1,1
TAATCGATCCGTACGT-1,6
TAATGAAAGACCCTTG-1,4
TAATGTCGGTTCATGG-1,5
TAATTACGTCAGTAGA-1,1
TAATTAGATGGATATG-1,4
TAATTAGGACATCCGT-1,6
TAATTCCAATGCTTCA-1,6
TAATTGCGCTGATTAC-1,5
TAATTGGAATCGGGAA-1,1
TAATTTCCGTCCAGTA-1,1
TACAAATTGCGGAGGT-1,1
TACAACAGCGCATACA-1,1
TACAACGCACAACTCA-1,3
TACAAGCTGTTCACTG-1,6
TACAAGGGCTTCTTTA-1,1
TACAAGTCTCGTGCAT-1,4
TACAATGAAACCAGCA-1,6
TACACAGCCGTGGTGC-1,2
TACACCGTCGTTAGTC-1,1
TACACCTCTTCGAATC-1,2
TACAGAAACGGTGGGC-1,6
TACATAGGCATACACC-1,3
TACATCCCTATCCCTG-1,4
TACATCTTGTTTCTTG-1,6
TACATGACCTTATCCG-1,1
TACATGCCGGAATTGT-1,6
TACATTTCTAACGTGC-1,3
TACCAAATAGCCCAGA-1,2
TACCAATAAAGTACCA-1,6
TACCAGAAGTAGGTTC-1,3
TACCAGCTAGGTTTAA-1,6
TACCAGGAATCCCGTC-1,5
TACCATGTATTGATTT-1,6
TACCCTCGGTAACCCT-1,6
TACCGAATAATTGTAA-1,1
TACCGATCCAACACTT-1,1
TACCGCGGACTTGCAG-1,6
TACCGGCTCACTGCCC-1,3
TACCGGTCGTTTCCAT-1,4
TACCGTAGGTTAACTA-1,5
TACCGTGCCTCGGACC-1,3
TACCTACTCCCAGTAT-1,6
TACCTATCCCTAGAGG-1,1
TACCTCACCAATTGTA-1,6
TACCTCACGCTTGTAC-1,4
TACCTCAGTTGTCTGT-1,5
TACCTCCACACCAATG-1,5
TACCTCTTTACCATCC-1,6
TACCTGCTGCACTGTG-1,4
TACCTTAAGATTTCCC-1,1
TACGAACACGACTTCA-1,3
TACGACGCTTGCTGCG-1,3
TACGACTGCCTCTTAG-1,3
TACGAGAACTTCACGT-1,1
TACGATCCAAGCCACT-1,1
TACGATGTTGATCATC-1,6
TACGCAGTTCTTTCCT-1,3
TACGCCATATTCTAAT-1,3
TACGCCGAGGGTACCC-1,5
TACGCCGCCTCAGAAG-1,6
TACGCCTCCATTCCGA-1,6
TACGCTATAGAAACCT-1,6
TACGCTCCTAGAACTG-1,6
TACGCTCGGTATTGGA-1,6
TACGCTGATAGTTGTA-1,5
TACGCTGCACGGTCGT-1,6
TACGCTGCTGTGTTAA-1,5
TACGGAAGCCAAACCA-1,6
TACGGCATGGACGCTA-1,6
TACGGGATGCTAGCAG-1,6
TACGGGTAATAACATA-1,2
TACGTAAAGCGGAGTG-1,1
TACGTACTAGTGCTGA-1,5
TACGTGCAAGGTTCCT-1,6
TACGTGCACTATGCTG-1,4
TACGTGGGCCCAGGGC-1,2
TACGTTTACCGGCAAT-1,1
TACTACGTGCAATGCG-1,2
TACTATGGTTCCTCAG-1,5
TACTCACAACGTAGTA-1,1
TACTCATTGACGCATC-1,6
TACTCCTCTAGTTGAC-1,5
TACTCGGCACGCCGGG-1,1
TACTCGTTTGAATCAA-1,2
TACTCTCCGAACAAAT-1,6
TACTCTTACTTTACTG-1,6
TACTCTTTCGTCTTCA-1,5
TACTGAACAGATTTAG-1,5
TACTGAGGGAAGAAAG-1,5
TACTGCAATCAATTAC-1,6
TACTGCATGATTAAAT-1,6
TACTGGACAGCTCGGC-1,1
TACTGTTTCTCTGGTA-1,6
TACTTAAACATGTACA-1,1
TACTTGTTAGTAGTCC-1,3
TACTTTACTGAGCCGG-1,6
TACTTTCCGCACGCCA-1,4
TAGAAACACAATAGTG-1,6
TAGAAACCACTAAGTA-1,6
TAGAAAGGTGGCGCTA-1,6
TAGAAATTCACGTATA-1,1
TAGAACGCCAGTAACG-1,1
TAGAAGAAGGGTTACA-1,6
TAGAATAGCCGATGAA-1,1
TAGAATTAAGGGCAAC-1,6
TAGACGAAACGCCAAT-1,6
TAGACGCCCGTACCGG-1,6
TAGACTACCTAGCGTT-1,6
TAGACTCAGTTGGCCT-1,5
TAGAGATCATGCAACT-1,1
TAGAGCTACGAAGAAC-1,4
TAGAGGGAGTTTATCT-1,2
TAGAGGTTCTACTTGT-1,1
TAGAGTCTAAGCGAAC-1,4
TAGAGTGTTCCGGGTA-1,1
TAGATATGGACTGGAA-1,3
TAGATCCGAAGTCGCA-1,6
TAGATGGTTCCTTACT-1,1
TAGATTCAAAGTGCGG-1,5
TAGATTCCTGGTTATT-1,1
TAGATTCTCTAGCAAA-1,6
TAGCAACCTGTCACAA-1,4
TAGCAGATACTTAGGG-1,2
TAGCAGTAAATACGCG-1,1
TAGCAGTATGACTAAA-1,1
TAGCCAGAGGGTCCGG-1,4
TAGCCATGATTGCCTA-1,5
TAGCCATTTCAAAGTC-1,6
TAGCCGGCGGTCAGCG-1,3
TAGCGTCCCTCGATTG-1,6
TAGCGTCCGGTGTGGT-1,6
TAGCGTCGAATATTGA-1,1
TAGCGTTGGGTCTTAC-1,3
TAGCTAAGTCCGGGAG-1,4
TAGCTAGAAGGCATGA-1,3
TAGCTAGTGATGATGG-1,5
TAGCTCACTGTGTTTG-1,6
TAGCTCAGATCCTAGT-1,1
TAGCTCGCCTGATAAC-1,3
TAGCTGATGTGAAGCG-1,1
TAGGAACAGCCTCCAG-1,1
TAGGAGGCTCGAGAAC-1,6
TAGGATCTTAACCGCA-1,2
TAGGCATGTTACGCCA-1,6
TAGGCCTATATAGTCT-1,1
TAGGCGATGAGGTCTC-1,5
TAGGCGGCTGCAAAGA-1,5
TAGGCTAAAGTGGCAC-1,1
TAGGGAGCTTGGGATG-1,6
TAGGGTGTTTCAAGAG-1,4
TAGGTCCAAGTAAGGA-1,4
TAGGTCGCCGGAACTG-1,6
TAGGTGACGATAACCT-1,6
TAGGTGAGCCCTACTC-1,4
TAGGTGCTCGCCTAGC-1,3
TAGGTGTTCCACAGAT-1,2
TAGGTTCGAGTTCGTC-1,3
TAGGTTCTGCTGAGAA-1,1
TAGTACCACAACTTTC-1,5
TAGTACCTTAGTGGTC-1,4
TAGTAGCTTATACCAG-1,5
TAGTAGTTGCCGGACA-1,2
TAGTCCCGGAGACCAC-1,6
TAGTCCGCAGAGAATG-1,3
TAGTCCGTATGCATAA-1,4
TAGTCCTGCACTAAGC-1,5
TAGTCGATCACGGGTT-1,6
TAGTCGGGATTCTTCG-1,1
TAGTCTAACAACGAGA-1,4
TAGTCTGCGGCACATT-1,5
TAGTCTGTGACGTTGC-1,6
TAGTCTTTCCGAATTG-1,6
TAGTGACAAGCTCTAC-1,6
TAGTGAGAAGTGGTTG-1,4
TAGTGCCCTCCAGAGT-1,3
TAGTGCTTGAATCCTT-1,1
TAGTGGAACTCATACA-1,1
TAGTGTCAGAAACGGC-1,4
TAGTTAAGATAGGATA-1,6
TAGTTTATTCTTGCTT-1,4
TAGTTTGATCGGTCGC-1,5
TATAAATCCACAAGCT-1,4
TATAAGTGAGGATAGC-1,4
TATACACAGACGCCTT-1,3
TATACACGCAAAGTAT-1,4
TATACCGAGTGCCACA-1,6
TATACGCGTCATCACT-1,2
TATACTCATGCGGCAA-1,4
TATAGAGTCGCTTGAA-1,6
TATAGATGGTCGCAGT-1,6
TATAGCGCACGTTATC-1,1
TATAGCTATTATCTCT-1,5
TATAGGGTACTCATGA-1,1
TATAGTTAGGTGTACT-1,5
TATATAGGGCTTTACG-1,5
TATATATCGAGAAATG-1,5
TATATCAAAGTGATCT-1,5
TATATCATTGATCAGT-1,1
TATATCCCTGGGAGGA-1,6
TATATGCTGGGTTGCC-1,1
TATATTACAAATGTCG-1,1
TATATTCGCGTCGATA-1,6
TATCAAAGGTCTGTAA-1,1
TATCACAGCACGGGCA-1,6
TATCACCATGTAAAGT-1,6
TATCACCCAACCGACC-1,6
TATCACTTCGAGTAAC-1,6
TATCAGTGGCGTAGTC-1,6
TATCCAATTGGTTATC-1,6
TATCCATATCATGCGA-1,4
TATCCATCTCGGTTAG-1,5
TATCCCTCGATCTGCA-1,2
TATCCGCACCGTCGGG-1,5
TATCCTATCAACTGGT-1,1
TATCCTGCATGGGAAT-1,4
TATCGATCTATGCATA-1,6
TATCGATGATTAAACG-1,4
TATCTACAGAGGTAAT-1,1
TATCTACCACAGCGGG-1,3
TATCTAGCCTAAAGGA-1,1
TATCTGAGCCGATATT-1,5
TATCTTGCAATACAAC-1,5
TATGAAGAATTAAGGT-1,1
TATGAAGACAGGTGCG-1,1
TATGACCTTGCGCTGG-1,1
TATGATAAATCTAACG-1,6
TATGATCCGGCACGCC-1,6
TATGATCTTCTCTTTA-1,1
TATGATTCTGCTTGGT-1,4
TATGCTCCCTACTTAC-1,1
TATGGAGTTTCTCGTT-1,4
TATGGATGTGCTACGC-1,4
TATGGCAGACTTTCGA-1,6
TATGGCCCGGCCTCGC-1,4
TATGGGACCGAGCAGG-1,3
TATGGGTACGTATCGT-1,3
TATGGTCTGAGTAACA-1,3
TATGGTTAGTGGGAGA-1,6
TATGTAAAGTGCTTAA-1,5
TATGTAGAAACCCGGC-1,5
TATGTCAAGACCGACT-1,6
TATGTCTCATTGTGCC-1,6
TATTAACACCAAAGCA-1,5
TATTAACCTGACCGCG-1,5
TATTACCATCCTGCTT-1,6
TATTATGTTTGCCTGC-1,5
TATTCAATTCTAATCC-1,3
TATTCCACTCAGCTCG-1,3
TATTCCGAGCTGTTAT-1,6
TATTCCGGCAGTCCTA-1,6
TATTCCTCCGCCCACT-1,6
TATTCGTGCCAGAATA-1,3
TATTGACATTTCTGCC-1,6
TATTGCCGGGCTTGTA-1,3
TATTTAGTCTAGATCG-1,4
TATTTATACCGAGTAG-1,6
TATTTGATTTGCACAG-1,6
TATTTGTTACCCTTTA-1,4
TCAAACAACCGCGTCG-1,6
TCAAACAATTAGGACA-1,1
TCAAACTTAGATTGTT-1,3
TCAAAGAGCTATCTGT-1,1
TCAAAGTCACGGCGTC-1,5
TCAAATTATGTTCGAC-1,6
TCAAATTGTTGTGCCG-1,2
TCAAATTTGAGACTCA-1,6
TCAACAAAGATAATTC-1,5
TCAACACATTGGGTAA-1,4
TCAACATAGCGCCCTA-1,5
TCAACATCGACCGAGA-1,4
TCAACCATGTTCGGGC-1,4
TCAACGAGGAGACAAA-1,3
TCAACGCAGGAAATAA-1,4
TCAACGCGACCGGCAG-1,6
TCAACTAACGTATAAC-1,1
TCAACTGCAGAGTCAG-1,6
TCAAGAAATACTAGCT-1,6
TCAAGCGCGGACGGTA-1,6
TCAAGCTGCCTTGAAA-1,1
TCAAGGTTACTACACC-1,6
TCAATACAATTGCTGC-1,1
TCAATACGCCGTCATG-1,2
TCAATATACAGGAGGC-1,6
TCAATCCCGCGCCAAA-1,6
TCAATCCGGGAAGTTT-1,1
TCACAAACCGAGGTAC-1,1
TCACAGATCCTCAAAC-1,4
TCACAGCAAACTCGAA-1,3
TCACAGGAGAATAAGA-1,5
TCACAGGGAATCGCAA-1,3
TCACAGGTTATTGGGC-1,6
TCACATCTTATCTGAT-1,4
TCACCCTCTTAAGATT-1,3
TCACCGCTCGGCACTC-1,6
TCACGATGTCCGTGGA-1,5
TCACGATTAATACGTT-1,6
TCACGCATTGTAGATC-1,3
TCACGGCCCAAGAGAG-1,5
TCACGGTCATCGCACA-1,4
TCACGTGCCCGATTCA-1,3
TCACTACGACCAATGC-1,6
TCACTATCCCTTCGGT-1,1
TCACTATCGTGCAATC-1,4
TCACTCAGCGCATTAG-1,4
TCACTCGTGCAACGGC-1,6
TCACTCTTCGTCTGTC-1,1
TCAGAACCTCCACAGG-1,6
TCAGAACGGCGGTAAT-1,2
TCAGACGCTATAGAAG-1,3
TCAGAGCATGTCAACG-1,5
TCAGAGGACGCGTTAG-1,2
TCAGAGTGTGAGCATG-1,6
TCAGATGGAGACGTAG-1,1
TCAGCAGTAGGCCCTG-1,5
TCAGCCAATCCGTAAA-1,1
TCAGCGCACGCCGTTT-1,2
TCAGCTTGAGCTTTCG-1,5
TCAGGGCGACTTCCTT-1,1
TCAGGGCGCAAACTCG-1,1
TCAGGGTGCACGAAAC-1,1
TCAGGGTGTAACGTAA-1,6
TCAGGTTCTTTGAGAA-1,3
TCAGTACTGACCCGCG-1,4
TCAGTAGGGACTATAA-1,3
TCAGTGTATACGTCAT-1,5
TCAGTTACGGAATGAT-1,1
TCATAAGTCCAAGAAG-1,6
TCATACTTACAGATCC-1,4
TCATATGAGCTTTGTT-1,2
TCATCACTCGAGCTCG-1,4
TCATCCATCTGATCAC-1,5
TCATCCCAGAGGGTGG-1,6
TCATCCTCAGCTGCTT-1,2
TCATCGACGACCGTCG-1,2
TCATCGATGGTCCCAA-1,5
TCATGAAGCGCTGCAT-1,5
TCATGCAGGTTCTCAT-1,6
TCATGGAGGCCTTTGT-1,6
TCATTCGTATAATTTG-1,1
TCATTTAAGTCTCCGA-1,6
TCATTTAGAAGTGTGA-1,6
TCCAACTCAGCTATCT-1,1
TCCAACTTTAAATTCT-1,3
TCCAAGCCTAGACACA-1,6
TCCAATGCGTCGCCGC-1,5
TCCACAATGGTTTACG-1,4
TCCACATCGTATATTG-1,6
TCCACCAAGACATAGG-1,6
TCCACCTCTAGCCTTT-1,5
TCCACTTTATCTAGGT-1,6
TCCAGAGCACCGGTTC-1,3
TCCAGATGTACGCCAA-1,1
TCCAGCGCTATAAGCG-1,6
TCCAGGCAGGACGATC-1,6
TCCAGGCGAGTACGGT-1,3
TCCAGGGTATATACGA-1,2
TCCATCAATACTAATC-1,5
TCCATTAGTTGGATAG-1,3
TCCATTCCCACTAGAG-1,1
TCCATTGTGACCTCGT-1,6
TCCCAAACAGACAACG-1,1
TCCCAAACATCCTCTA-1,5
TCCCAAAGACGAAGGA-1,4
TCCCAAAGCCCTAAAT-1,6
TCCCAATATCGACGAC-1,2
TCCCACGGAGGGAGCT-1,1
TCCCACTCTCTTCCGG-1,6
TCCCAGCACACGACAT-1,6
TCCCAGCTTTAGTCTG-1,3
TCCCAGGCTTAGCTAA-1,6
TCCCGCCTATGTGCGT-1,6
TCCCGCGTACTCCTGG-1,6
TCCCGGGTGTGCTGCT-1,1
TCCCGGTCAGGAATTT-1,4
TCCCGTCAGTCCCGCA-1,6
TCCCGTCGCGTCATAG-1,6
TCCCGTGTGCAATTTG-1,3
TCCCTAGATCAATAGG-1,6
TCCCTCCGAAATCGTT-1,4
TCCCTCTTCTCAAGGG-1,1
TCCCTGGCGTATTAAC-1,5
TCCCTGGCTCGCTGGA-1,1
TCCCTTAGATTACTCG-1,6
TCCCTTGTCTGAAACT-1,1
TCCGAACGTTGCCGCT-1,6
TCCGAACTTGGCTTAC-1,1
TCCGAAGTAGTCACCA-1,6
TCCGAATGGTCCTGAG-1,6
TCCGACCGCTAATCAA-1,5
TCCGAGAAGGCTAAGC-1,6
TCCGATAATTGCCATA-1,6
TCCGATGACTGAGCTC-1,6
TCCGATGGTGCGACAT-1,4
TCCGATTACATTGCCG-1,4
TCCGCAGCCACCTAGC-1,1
TCCGCCTGTCTACAAG-1,6
TCCGCGGCAGCATCTG-1,3
TCCGCGGCCCAATGAA-1,1
TCCGCTGGGTCGATCG-1,5
TCCGCTGTCATCCCGG-1,3
TCCGCTTATCCCATTA-1,3
TCCGGAGGAAGGGCTG-1,1
TCCGGCCTAGCGTACA-1,6
TCCGGCCTGCATCGAT-1,1
TCCGGCTGTCGGGTCG-1,6
TCCGGGCCACTAACGG-1,2
TCCGGGCTTGACGGGA-1,1
TCCGGTTCGTCCGGTC-1,3
TCCGTAACCACAATCC-1,1
TCCGTTAAGCTAATAT-1,6
TCCGTTTAGCCTTGAA-1,6
TCCTAAATTGGGAAGC-1,1
TCCTAACCGTCGGGCA-1,5
TCCTACATCCACGGCC-1,3
TCCTAGCAAAGAAGCT-1,3
TCCTATCATAGGTAAC-1,6
TCCTCCTAAGACATTC-1,6
TCCTCGGGCTGGGCTT-1,3
TCCTCTACGAGATGGC-1,4
TCCTCTCCAGTTGTCC-1,1
TCCTCTGGCCCATTAG-1,6
TCCTGCAGCCGCCAAT-1,2
TCCTGCCAACTGGAGA-1,6
TCCTGCGTTGATACTC-1,6
TCCTGGCGCTGCCTGG-1,1
TCCTTACGACGGTCCG-1,6
TCCTTCAATCCCTACG-1,1
TCCTTCAGTGGTCGAA-1,6
TCCTTGTCCTTTAATT-1,2
TCCTTTAAATCCGCTT-1,1
TCCTTTCTTACGCTTA-1,3
TCGAAATTTAGGACCA-1,4
TCGAAGAACCGAGCAC-1,6
TCGAATATCCCGCAGG-1,5
TCGAATCGCAGGGTAG-1,1
TCGACAACTGAACCCG-1,5
TCGACATAGCGTAGCG-1,5
TCGACTGACGATGGCT-1,6
TCGAGACCAACACCGT-1,3
TCGAGCCAGGCAGGCC-1,5
TCGAGGGCAACAGACG-1,6
TCGAGTCTACGATTCG-1,1
TCGATAGGCTAGTCGC-1,4
TCGATGTTACGGCCGT-1,6
TCGATTTACGAAACGA-1,2
TCGCAAAGATGCATTT-1,3
TCGCACTAACGTTTGT-1,6
TCGCATAAAGGGCGCA-1,4
TCGCATCCCTAAGTGT-1,6
TCGCATTCAATGACTT-1,4
TCGCCACCCGGATTAC-1,5
TCGCCCAACTGACTCC-1,1
TCGCCCACTGCGAGAG-1,1
TCGCCGAAGTTGCGTC-1,4
TCGCCGACATATTCGC-1,1
TCGCCGCACCGCGTGA-1,1
TCGCCGGAGAGTCTTA-1,1
TCGCCGGATGGGCAAG-1,1
TCGCCGGTCGATCCGT-1,6
TCGCCTCCTTCGGCTC-1,2
TCGCCTCGACCTGTTG-1,4
TCGCGCGTTTACATGA-1,5
TCGCGTAGCAGTGTCC-1,6
TCGCGTCCAGAAGGTC-1,4
TCGCTAAACCGCTATC-1,6
TCGCTACTGGCTTTGA-1,2
TCGCTCGATATATTCC-1,3
TCGCTCGGCACCAGCG-1,6
TCGCTGCCAATGCTGT-1,2
TCGCTGGGCGGATTGT-1,6
TCGCTGTGCGTAAATC-1,4
TCGCTTAATTACGAAG-1,1
TCGCTTTAAACGTTTG-1,6
TCGGAATGACCATCAA-1,6
TCGGAATGCGCTCTGA-1,4
TCGGACGCCCAGCCCA-1,3
TCGGAGAGTATCGGGA-1,6
TCGGAGTCCTGGTTGC-1,6
TCGGATCTGGATGACC-1,5
TCGGCAGGGTTAAGGG-1,6
TCGGCGAACCCAAACC-1,6
TCGGCGGTATTAGATT-1,1
TCGGCGTACTGCACAA-1,6
TCGGCTAACTTCCCTT-1,1
TCGGCTTGTATCGACG-1,1
TCGGGAACGTGCCTAG-1,6
TCGGGAGACAGCGTAC-1,6
TCGGGATTCAAACATA-1,6
TCGGGCACTTCTGGAT-1,6
TCGGGCCGTCGTGGTA-1,6
TCGGGTGAAACTGCTA-1,4
TCGGTCCCGACAATAG-1,5
TCGGTCCCTGACTCCA-1,6
TCGGTGACCGCTCCGG-1,1
TCGGTTAGCCATGTAG-1,1
TCGTAACTCCCAAGAC-1,6
TCGTAAGACGACATTG-1,6
TCGTAAGCTCCGAGGA-1,1
TCGTACCGACGTCAAG-1,6
TCGTATAGTGCAATTA-1,6
TCGTATCACCAAGCTA-1,1
TCGTATTACCCATTGC-1,1
TCGTATTTCGTCCGGA-1,6
TCGTCAAGTACGCGCA-1,5
TCGTCACACTGTTAGC-1,4
TCGTCCGCTGGCGTCT-1,4
TCGTCCGGGTACACTC-1,1
TCGTCTTAGGCGTTAA-1,6
TCGTGTACTATGGATG-1,3
TCGTGTATTGGTCACG-1,6
TCGTGTCACGCTGACA-1,6
TCGTGTTCGACCACAA-1,6
TCGTTAGGAGTCCCTA-1,3
TCGTTCGTTATTATGT-1,6
TCGTTGACAGGGTCCC-1,1
TCGTTGCTATCCGGTC-1,5
TCGTTGGCTCGTCAAT-1,4
TCGTTTACGCGACCCT-1,1
TCTAAAGAACAGTCTC-1,6
TCTAACCTAGCCTGCG-1,1
TCTAACTGTATGTAAA-1,1
TCTAATACTGCCTCAG-1,5
TCTACACGTTCATGCA-1,1
TCTACCCAATAGAGAG-1,6
TCTACCCGCATCATTT-1,6
TCTACCGTCCACAAGC-1,6
TCTACGCACGATCTCC-1,5
TCTACGGGCTCAGTTG-1,1
TCTAGCAATCTCCGCC-1,4
TCTAGCATCTTCGATG-1,4
TCTAGCATGCCCAGAA-1,3
TCTAGGTGGCGACGCT-1,6
TCTAGTGATATCGTGG-1,6
TCTAGTTATCAGAAGA-1,3
TCTATAGGTGGGTAAT-1,1
TCTATCATGCAGTTAC-1,4
TCTATCCGATTGCACA-1,2
TCTATCGGTCGCAACA-1,6
TCTATGCTATAACGAC-1,1
TCTATTACGCTGGCGA-1,4
TCTATTACTAGAGGAT-1,1
TCTCAAATCAATCGGG-1,2
TCTCAGGCTACTCGCT-1,6
TCTCCAACGTAGGTTA-1,6
TCTCCACAAGTTGAAT-1,1
TCTCCCTGGGCAGCGT-1,6
TCTCGAACGAGGTCAC-1,6
TCTCGACGTATCGCCG-1,6
TCTCGAGGAGGTTCGC-1,6
TCTCGGCTCCAGGACT-1,4
TCTCGTGTTACGAGGA-1,1
TCTCTAATAGCTGGTA-1,4
TCTCTCGCCGCACATA-1,6
TCTCTTACCGCGAACC-1,2
TCTGAACCGGTCGGCT-1,4
TCTGAACTCGTACCCG-1,6
TCTGAAGCACGTGGTC-1,6
TCTGAATTCCGTACAA-1,6
TCTGACGGGCTAACCC-1,1
TCTGACTGTAATGGTT-1,4
TCTGAGCAATTGACTG-1,6
TCTGATCGGGTGCTAG-1,6
TCTGATGTATTCTGTC-1,6
TCTGATTGGAAATGGA-1,6
TCTGCACCATTAGTAA-1,1
TCTGCAGATTCGAGTC-1,1
TCTGCATACCTTGCTT-1,1
TCTGCCAGAAACTGCA-1,3
TCTGCGAATCGTTCGC-1,1
TCTGCGTCCGGTTTCT-1,4
TCTGCTTAGAACAAGC-1,6
TCTGGAGCGTAAGAGT-1,6
TCTGGCCGTTCAAGTT-1,6
TCTGGCGCAAGCCGGG-1,1
TCTGGGAACCTTTGAA-1,6
TCTGGGTAGCGCTCAT-1,4
TCTGTCATACAAGAGC-1,4
TCTGTGACTGACCGTT-1,4
TCTGTGATGGAGGTTG-1,1
TCTGTGCCATCATAGT-1,1
TCTGTGGCTACATTTC-1,4
TCTGTTACCCAGCATA-1,2
TCTGTTTAGATTGTTC-1,5
TCTTAACTCGGATGTA-1,6
TCTTACAGAGGTACCG-1,4
TCTTACCGGAACTCGT-1,6
TCTTACGGCATCCGAC-1,4
TCTTACTTATGCCTCT-1,6
TCTTAGAGCTCCAATT-1,6
TCTTAGAGTGAACTCT-1,6
TCTTATGGGTAGTACC-1,6
TCTTCCCATGGGCACA-1,6
TCTTCGAATAGACGTT-1,3
TCTTCGATACCAATAA-1,3
TCTTCGCGGTGAGAGG-1,6
TCTTCTATAACCCGCC-1,6
TCTTGATGCGTAGCGA-1,3
TCTTGCTCCCGATACT-1,2
TCTTGGTAACACCAAA-1,6
TCTTGGTCAATGATAC-1,5
TCTTTAAGACTATGAA-1,6
TCTTTAGAGTCTAACA-1,6
TCTTTAGCAGGCGAAC-1,6
TCTTTCATCCGTCCTT-1,5
TCTTTCCTTCGAGATA-1,6
TCTTTCGGCGGGACAC-1,1
TCTTTCTCTTAAGGAG-1,6
TGAAACCTCAACTCAC-1,4
TGAAACTTATGCAAGC-1,6
TGAAAGGACCTGACTC-1,3
TGAACAAGCAGGGACT-1,5
TGAACACCCGAAGCAG-1,4
TGAACCTGAATGTGAG-1,5
TGAACTGCTATGACTT-1,1
TGAAGAGCGGTCCTAG-1,4
TGAAGTAGCTTACGGA-1,6
TGAATACCGACGCGTA-1,6
TGAATATGCTATAAAC-1,1
TGAATGAGATACAGCA-1,1
TGAATGAGTGTTTCCC-1,6
TGAATGTCAGCCGGCC-1,6
TGAATTTCACTTGCCT-1,1
TGACAACGCATGTCGC-1,6
TGACAACTTAAAGGTG-1,5
TGACACTTCTCTTTGC-1,6
TGACAGAAATCTTGCT-1,5
TGACAGGACAAGTCCA-1,2
TGACATATATGACGAT-1,1
TGACATCGAGCGGACC-1,6
TGACATGTAACGTGAC-1,6
TGACCAAATCTTAAAC-1,2
TGACCAGCTTCAAAGT-1,1
TGACCCAACTCACATT-1,4
TGACCCACGTTAGACA-1,6
TGACCCAGCATTCCCG-1,1
TGACGAATATTTCCCT-1,6
TGACGATGCACTAGAA-1,6
TGACTATAATCCTTTC-1,3
TGACTCCGAATCATAC-1,5
TGACTCTAACTGGTAA-1,6
TGAGAATGCTTTACCG-1,4
TGAGACGTACCTCTCA-1,1
TGAGAGATTTACCACG-1,6
TGAGATCAAATACTCA-1,6
TGAGATTAGGCCCTAA-1,6
TGAGCAGTCGTGAAGT-1,4
TGAGCCATACAGTCTC-1,3
TGAGCGGAAAGTGTTC-1,6
TGAGCTCAACTGTATA-1,6
TGAGCTTTAATGACGC-1,6
TGAGGAGTGCCAGCTT-1,5
TGAGGCATGTACTGTG-1,2
TGAGGTGTGTGGCGGA-1,6
TGAGGTTGATCCCAAG-1,4
TGAGTAAATTAGCGTA-1,3
TGAGTGCCTCTTAAAT-1,3
TGAGTGGTCCGTGACG-1,6
TGAGTGTAACAACGGG-1,1
TGAGTTAAAGACATTC-1,6
TGATACATTTAGCCGT-1,5
TGATAGCGGGATTCTA-1,1
TGATCACCACACTGAC-1,5
TGATCAGGGAACTGCT-1,4
TGATCCCAGCATTAGT-1,6
TGATCGGTTTGACCCT-1,4
TGATCTACGCTGATCT-1,6
TGATCTATCACACTCT-1,2
TGATCTCCGGCGCCAG-1,4
TGATGCTCACGTAGTC-1,1
TGATGGCTGTTTCTGA-1,6
TGATGGGACTAAGTCA-1,4
TGATGTCAATTAAGTG-1,6
TGATTATGGCACGCAG-1,1
TGATTCAGGTCCCGCG-1,1
TGATTCCCGGTTACCT-1,5
TGATTCGTCTATCACT-1,4
TGATTCTGTCGCCGGT-1,3
TGATTTATTAGCTGTG-1,4
TGATTTCCTCCTGACG-1,4
TGCAAACCCACATCAA-1,4
TGCAAACGTACTAGTT-1,6
TGCAAAGTTCGTCTGT-1,6
TGCAACCCATCTGCGG-1,1
TGCAACTACTGGTTGA-1,2
TGCAAGAATGACGTAA-1,3
TGCAATCTAACACGGT-1,1
TGCAATTTGGGCACGG-1,1
TGCACAGTGAAGTTAT-1,1
TGCACGAGTCGGCAGC-1,6
TGCACTATGTGAGTGC-1,4
TGCAGAACTATATCGT-1,4
TGCAGAGTACCGAGCA-1,3
TGCAGATCGTCCTAGG-1,1
TGCAGCTACGTACTTC-1,1
TGCAGGATCGGCAAAG-1,6
TGCAGTGAGGCTCGGG-1,1
TGCAGTGGTAGGGAAC-1,5
TGCAGTTTCCTCCCAT-1,6
TGCATATGTCTGTCAC-1,3
TGCATCTCCGGATCTT-1,1
TGCATGAGTAGATTCG-1,4
TGCATGGATCGGATCT-1,6
TGCATGGCAGTCTTGC-1,1
TGCATGTGACCCATAG-1,5
TGCATGTGGTAATCTA-1,6
TGCCAAAGTCAGACTT-1,1
TGCCAATGGGTACTCT-1,2
TGCCACACTAGAGGAA-1,1
TGCCACCTGGCGAAAC-1,6
TGCCAGTACGTGGAGA-1,3
TGCCATGGCTTATAAG-1,1
TGCCATTACTAAAGAA-1,6
TGCCCGATAGTTAGAA-1,2
TGCCCGTACCGTTAAA-1,3
TGCCGAAAGCGTATTC-1,6
TGCCGATGTCATCAAT-1,4
TGCCGGATGTACGAGC-1,5
TGCCGTGGATCGTCCT-1,6
TGCCGTGGGACCCAAT-1,2
TGCCGTTCTTAATCGG-1,1
TGCCTAAATTTAATAG-1,6
TGCCTAATTGAAGATT-1,6
TGCCTGACATCGGTCA-1,4
TGCCTGATCAAACGAT-1,6
TGCCTTGCCCTTACGG-1,4
TGCCTTGGCCAGGCAA-1,6
TGCGAATATGGGATTT-1,4
TGCGACACCCTAGTGC-1,3
TGCGACGGCCGAACGT-1,5
TGCGAGAAACGTTACG-1,4
TGCGAGAATATTACCC-1,6
TGCGAGATGGCGGCCA-1,1
TGCGAGCCCTTCCGCG-1,1
TGCGCAAAGCATTTGG-1,3
TGCGCCGTTAATAACG-1,6
TGCGCGATTAACGGAG-1,4
TGCGGACTTGACTCCG-1,6
TGCGGAGTAAAGGTGC-1,6
TGCGGCATAGTTCAAC-1,4
TGCGGGTATTGGGATC-1,1
TGCGGTCTACGAGTAA-1,1
TGCGGTGAAATTTCAT-1,6
TGCGTAAGAACCTGAT-1,3
TGCGTACGGCTAATTG-1,1
TGCGTCATGACTGAGC-1,5
TGCGTGATTGGGTGTC-1,4
TGCGTTTGTTGACACT-1,3
TGCTAAGTGTCTATTT-1,6
TGCTATACAAACGGAC-1,6
TGCTATGGCAAAGGGA-1,5
TGCTCAAAGGATGCAC-1,5
TGCTCACACAACAACC-1,1
TGCTCCACAGTTCTTA-1,6
TGCTCGGCGAAACCCA-1,6
TGCTCGGTGGGTCACC-1,6
TGCTCTGCCGGTTCAC-1,1
TGCTCTTGAGAGTTTG-1,2
TGCTGCGTCAGAGTTA-1,1
TGCTGGTTGGACAATT-1,6
TGCTGTTGAAGAACTC-1,3
TGCTTAGAGAGAATGC-1,5
TGCTTCCCAAGCAGTA-1,2
TGCTTGAAACCATGCA-1,4
TGGAAACGGAGTGAAC-1,4
TGGAACCACTGACACA-1,6
TGGAAGAAGGGAACGT-1,1
TGGAAGACGAACACCA-1,4
TGGAAGGATAAAGATG-1,6
TGGAATATCCTTGACC-1,6
TGGAATTAGACGCTTT-1,4
TGGACACCGTTGCTTG-1,1
TGGACCAATCTAAGAT-1,1
TGGACCACGGCGTTGA-1,4
TGGACGCAATCCAGCC-1,5
TGGACGTAGGCGAATC-1,1
TGGACTGTTCGCTCAA-1,3
TGGAGAATAATCGTCC-1,1
TGGAGCTAAAGTTCCC-1,6
TGGAGGGAAACACCTC-1,1
TGGAGTGATGCGATGA-1,3
TGGATAGAGTAACAGA-1,4
TGGATGGCATCTTGGA-1,6
TGGCAACTCGCGCGCC-1,6
TGGCAAGCACAAGTCG-1,1
TGGCAATGGGACGGCG-1,6
TGGCACGAGCTCGAGT-1,1
TGGCAGATTACGATCA-1,3
TGGCAGCAGTAATAGT-1,3
TGGCATGAAGTTTGGG-1,5
TGGCCAAACTGAAGTA-1,6
TGGCCAATTTGGTACT-1,6
TGGCCGTATATTGACC-1,4
TGGCGACTGCTCCAAA-1,5
TGGCGATCAAGTTATG-1,3
TGGCGGTGTGCGATTG-1,4
TGGCTACACTCTACCT-1,1
TGGCTATGTGACATAC-1,6
TGGCTCTTGTCGCGTA-1,1
TGGCTTATGTATAATG-1,1
TGGCTTGTACAAGCTT-1,1
TGGCTTTGGGTAGACA-1,4
TGGGAAATGCCTTTCC-1,4
TGGGACCATTGGGAGT-1,1
TGGGATGCACTCATTC-1,1
TGGGCAATAGTTGGGT-1,6
TGGGCACAAACAGAAC-1,4
TGGGCACGTTCTATGG-1,6
TGGGCAGGCCACCGCA-1,6
TGGGCCACAAGAGCGC-1,6
TGGGCCCATACTAATT-1,6
TGGGCCTTGCCTGCAT-1,4
TGGGCGATACAATAAG-1,1
TGGGTAAGGTTCCCGC-1,6
TGGGTGCACAAGCCAT-1,2
TGGGTGGGATGTCATT-1,1
TGGGTGTAATAGATTT-1,1
TGGGTGTTAAGTAGAA-1,2
TGGGTTCCCGGACGGA-1,1
TGGGTTTCGGGCGTAC-1,5
TGGTAAGCAGGATTGA-1,1
TGGTACCGGCACAGCC-1,4
TGGTAGAATATATGGG-1,6
TGGTATCGCATCCCAA-1,6
TGGTATCGGTCTGTAT-1,6
TGGTCCCACGCTACGG-1,3
TGGTCGATATACCTCT-1,5
TGGTCGGGTACAGGGC-1,5
TGGTCGTGCAAGGCAA-1,1
TGGTCGTTTGATAGAT-1,1
TGGTCTAGCTTACATG-1,1
TGGTCTGTTGGGCGTA-1,1
TGGTGATCGTATTTGT-1,4
TGGTGCCCTGCCTTAC-1,6
TGGTGTGACAGACGAT-1,1
TGGTTAACTTACATTT-1,5
TGGTTAAGGGCGCTGG-1,6
TGGTTATGCTTGCGGT-1,1
TGGTTCGTAGCAAAGG-1,4
TGGTTGGAGGATCCTG-1,6
TGGTTTAAACGTGGGT-1,1
TGTAACTTGTCAACCT-1,4
TGTAAGACTGATAAGA-1,5
TGTAATGACCACAATA-1,1
TGTAATGCCTTCGGAC-1,1
TGTACCCGACCCTAAT-1,5
TGTACCTACACGAGGG-1,1
TGTACGAACAAATCCG-1,3
TGTACGCTATCAGCTT-1,1
TGTACTACTCTCACGG-1,1
TGTACTATCGCTCGTT-1,2
TGTACTGTGCCAAAGT-1,6
TGTACTTCCGGGCATG-1,6
TGTAGCCAATTCCGTT-1,2
TGTAGCCATCCCATTC-1,6
TGTAGGAGAAATTTCC-1,3
TGTAGTGATCTATAAT-1,4
TGTATAACAGATCCTG-1,6
TGTATACGGATGATGA-1,1
TGTATCAGACTGAAGC-1,1
TGTATCCTTATTCCAT-1,4
TGTATGGCGCAGACAG-1,6
TGTATTTACCTAATGC-1,1
TGTCATTTGTTGGGAA-1,1
TGTCCACGGCTCAACT-1,1
TGTCCCGACATAGCAC-1,4
TGTCCGCAAACAATTC-1,6
TGTCCGTGGCGCCTTT-1,1
TGTCCTAAGTCACCGC-1,1
TGTCGGCATGGTGGAA-1,4
TGTCGTGGGTATAGGC-1,2
TGTCGTTATCACATAT-1,5
TGTCTACAGTTTCTGT-1,4
TGTGACTACGCCAGTC-1,6
TGTGACTAGAGTTTGC-1,1
TGTGAGACTAGCCCAA-1,2
TGTGATTCCAGCGCTT-1,1
TGTGCCAGAGGCAAAG-1,1
TGTGCCGGTGCCGGAA-1,1
TGTGCTTTACGTAAGA-1,1
TGTGGACTATCTACGT-1,6
TGTGGAGGAAGCTTAA-1,6
TGTGGCAAAGCGTATG-1,6
TGTGGCGGGCTTCTGG-1,2
TGTGGCTCCCACCAAC-1,6
TGTGGTAGGGTGCCTT-1,6
TGTGGTTGCTAAAGCT-1,6
TGTGTAGTAGCACGTG-1,6
TGTGTCGAAGTCGAGG-1,1
TGTGTCGCGAGTTGCA-1,4
TGTGTGACCATGAATC-1,1
TGTGTTCGTATCCAAG-1,1
TGTTAACAAAGTGACT-1,6
TGTTATTGTATGTGGC-1,3
TGTTCATAAATGTGCT-1,1
TGTTCCGCTTCCATGA-1,3
TGTTCCGGCCTGAGCT-1,2
TGTTCGTATTGCGGTG-1,3
TGTTCTCATACTATAG-1,6
TGTTCTCTACTCCCTA-1,1
TGTTCTTCCATTGACT-1,6
TGTTGATCACTGTTTA-1,1
TGTTGCCGTCGTCCCA-1,6
TGTTGGCTGGCGGAAG-1,1
TGTTGTCAAGAAGTCT-1,6
TGTTTAATACTTCATC-1,6
TGTTTCGGTACTTCTC-1,6
TGTTTCTGAAGCGTGC-1,5
TGTTTGAGATCGTCAG-1,6
TTAAACAGAGTCCCGC-1,4
TTAAACCGGTAGCGAC-1,4
TTAAACCTGGTTCCTT-1,1
TTAAACTCGAATTCAT-1,6
TTAAAGGCGATGCTCG-1,6
TTAAAGTAAGTCGCCA-1,6
TTAACACCTCGAACAT-1,4
TTAACCAACCCTCCCT-1,4
TTAACCCGAGGCGTGT-1,6
TTAACGAACAAGCAGT-1,1
TTAACGTCGCAAGACC-1,4
TTAACGTTAAAGCCTG-1,1
TTAACTCACGCGTGGA-1,1
TTAACTGATCGTTTGG-1,6
TTAACTTCAGGTAGGA-1,4
TTAAGACGAACGAACC-1,1
TTAAGATACCCAGAGA-1,5
TTAAGATAGGATTGAC-1,6
TTAAGCCGACAACTTC-1,6
TTAAGCGCCTGACCCA-1,4
TTAAGGATACGGAGGT-1,4
TTAAGGCCCGTACTTT-1,5
TTAAGTATTGTTATCC-1,1
TTAATCAGTACGTCAG-1,6
TTAATGTAGACCAGGT-1,3
TTAATGTGTTTGCAGG-1,1
TTAATTGCTTTGGGTG-1,6
TTAATTTCAGACGCGG-1,6
TTACAACTACGCATCC-1,4
TTACACGATCTGCGAC-1,6
TTACAGACCTAAATGA-1,6
TTACATCGTGGCCTGG-1,4
TTACATGCCACAACTA-1,6
TTACCATTGATTACCC-1,6
TTACCCATTGCCGGGT-1,6
TTACCCTAACAGTCCT-1,4
TTACCCTAGGGATTGG-1,5
TTACCGCCTTAGGGAA-1,3
TTACGGATGGTTCGAG-1,6
TTACGGTGTCACCGAG-1,4
TTACGTAGCGCGTGCT-1,1
TTACGTATCTATGACA-1,6
TTACTAAAGGACTTTA-1,3
TTACTATCGGCTTCTC-1,1
TTACTCCGGCCGGGAA-1,3
TTACTCTGGTACGTAC-1,4
TTACTGGGATATTTCA-1,3
TTACTGTCTAGAGCTC-1,1
TTAGAAGAACATGACT-1,3
TTAGAATAAGGGTCGG-1,5
TTAGACACGATCGTTG-1,6
TTAGACGAGTCACCTC-1,3
TTAGAGGGATATACAG-1,6
TTAGAGTATTGTCGAG-1,5
TTAGAGTTTAGAAGGA-1,3
TTAGATAGGTCGATAC-1,4
TTAGCAACATGGATGT-1,4
TTAGCATCCCTCACGT-1,6
TTAGCCATAGGGCTCG-1,5
TTAGCGAATAGATAGG-1,2
TTAGCTAATACGATCT-1,6
TTAGCTCTGTAATCCG-1,1
TTAGCTGATTTGCCGT-1,6
TTAGGATGGGAGGGTA-1,6
TTAGGTCATAACCGAC-1,5
TTAGGTGTGACTGGTC-1,4
TTAGTAAACCTGCTCT-1,1
TTAGTAGGGCGGCGGG-1,6
TTAGTTATTCGTGGCA-1,6
TTAGTTCAAGTGTTCG-1,1
TTATAGATGCACATTA-1,4
TTATAGGTAATTGTCT-1,6
TTATAGTCCAAGGTGC-1,1
TTATATACGCTGTCAC-1,3
TTATATTTGGCAATCC-1,6
TTATCATACTCGCAAA-1,4
TTATCCAATCGAACTC-1,4
TTATCCGGGATCTATA-1,6
TTATCCTCAAGGAATA-1,5
TTATCGCCTGCGAAGC-1,3
TTATCTGACATTAGGA-1,1
TTATCTGTATCATAAC-1,4
TTATGAATGAAAGGGA-1,3
TTATGACAAACTGGAT-1,4
TTATGATCTTAACGAA-1,3
TTATGCGTCCCGGTCC-1,4
TTATGTTTGCGATAGA-1,4
TTATTAGAGCGTGTTC-1,3
TTATTAGGGAAGCATC-1,4
TTATTATCTGGAAGGC-1,6
TTATTTAGGTTCCTTA-1,6
TTATTTCATCCCAAAC-1,4
TTCAAAGTCTCTAGCC-1,3
TTCAACGACCCGACCG-1,4
TTCAAGCCGAGCTGAG-1,6
TTCAATACTCTGAATC-1,3
TTCAATTAGCCATAAT-1,6
TTCACGAAAGGATCAC-1,3
TTCACGGTCGTCACGT-1,5
TTCACTCGAGCACCTA-1,1
TTCACTTCCTAGAACG-1,1
TTCAGAGTAACCTGAC-1,4
TTCAGCCCTGGTCCAC-1,6
TTCAGCTGGCGTGCCC-1,1
TTCAGGCGTCAAAGCC-1,1
TTCAGTTCAAGAGGAG-1,5
TTCAGTTTGTGGCAGC-1,1
TTCATAGCCTTGTAAC-1,4
TTCATAGGGTGTCCAT-1,6
TTCATGGCGCAACAGG-1,6
TTCCAATCAGAGCTAG-1,6
TTCCAATCTGGCTATC-1,3
TTCCACACAGATTTGA-1,3
TTCCACATTTCTCGTC-1,1
TTCCAGACGAGATTTA-1,6
TTCCAGTGGGTTTCGT-1,6
TTCCATCATGCGGTGA-1,6
TTCCATCGACAGCGTG-1,6
TTCCCAAAGTACTGAT-1,6
TTCCCGACGCTTCACT-1,1
TTCCCGGCGCCAATAG-1,6
TTCCGCAGAGAAATAT-1,6
TTCCGCGTGAGGCGAT-1,3
TTCCGGCCTTGAGGCT-1,5
TTCCGGCTCGACTTCT-1,1
TTCCGGTATCTGTGTC-1,6
TTCCGGTTACCCACTT-1,3
TTCCTCGAGGGTGTCT-1,4
TTCCTCTGCCCGAATA-1,1
TTCCTTTCTGTGTTGC-1,4
TTCGAACGAAACATGC-1,6
TTCGACAGAGCCCGTG-1,3
TTCGACGGGAAGGGCG-1,4
TTCGAGCCGGCGCTAC-1,1
TTCGCACTCGCGTGCT-1,4
TTCGCACTGTACGACA-1,2
TTCGCATCCGGAAGCA-1,4
TTCGCCGCTCGCGCTA-1,5
TTCGCGCGCCATACGA-1,5
TTCGCTAGGAAGTTGT-1,6
TTCGCTATCTGACGTG-1,6
TTCGGACTGATGCCTT-1,1
TTCGGACTGGGCATGG-1,5
TTCGGCAACCCGCTGA-1,6
TTCGGCTAGAGATGGT-1,4
TTCGGGACTAATCGCG-1,3
TTCGGGCGCTAGTCTT-1,5
TTCGGGTTGCCACGGG-1,6
TTCGGTACTGTAGAGG-1,2
TTCGGTGGAGACGCCC-1,6
TTCGTAATCCCAGCGG-1,6
TTCGTACTCCAGAACG-1,1
TTCGTGCATGTTATAG-1,2
TTCGTGGGCTGGAAGC-1,1
TTCGTTCAACGAAGTT-1,6
TTCTAACCGAAGCTTA-1,6
TTCTACCTCAATCGGT-1,5
TTCTACCTTTATGTTG-1,1
TTCTACTTGCGAGGGC-1,4
TTCTAGAAAGTCTTAT-1,5
TTCTAGGCCAATTGTG-1,4
TTCTATGCCTTTCGCA-1,1
TTCTATTAAACGCAGC-1,6
TTCTCAATTGCTACAA-1,5
TTCTCTTACAGGTGAT-1,5
TTCTGACCGGGCTCAA-1,6
TTCTGCCGCGCCTAGA-1,3
TTCTGCGAGCGCCCTT-1,1
TTCTGCGGGTTAGCGG-1,3
TTCTGCTAGACTCCAA-1,6
TTCTGTTTCCTGTCGC-1,1
TTCTTAGTGAACGGTG-1,6
TTCTTAGTGGCTCAGA-1,4
TTCTTATCCGCTGGGT-1,6
TTCTTCGCAATAGAGC-1,1
TTCTTGAGCCGCGCTA-1,3
TTCTTGCTAGCATCTC-1,6
TTCTTGGACGATCTGC-1,5
TTCTTGGAGTAATGAG-1,6
TTCTTGTAACCTAATG-1,4
TTCTTGTGTCCATCAG-1,1
TTCTTTGGTCGCGACG-1,6
TTGAAACCCTCATTCC-1,6
TTGAAAGGTGTAAAGG-1,1
TTGAACGAATCCTTTG-1,4
TTGAACGACGTGCTGA-1,1
TTGAAGAATTCCCAGG-1,3
TTGAAGGATGGGCGCC-1,5
TTGAAGTGCATCTACA-1,6
TTGAATCGTTGTATAA-1,6
TTGAATTCACGTGAGG-1,6
TTGACAGGAGCTCCCG-1,6
TTGACATGAACGTGGA-1,4
TTGACCAGGAACAACT-1,1
TTGACCATGTTCTCCG-1,6
TTGACCGTGTTAATGA-1,6
TTGACGATTCAGCACG-1,4
TTGACGCTCCATGAGC-1,6
TTGACTACCATATGGT-1,3
TTGACTATTGTCCGGC-1,6
TTGAGAAGTTTAGCAT-1,6
TTGAGAGTACTGCTAA-1,4
TTGAGCAGCCCACGGT-1,6
TTGAGCGCCACGTGAT-1,6
TTGAGGCATTTAACTC-1,1
TTGAGGGTCGAACGCG-1,1
TTGAGTCCCGCTGCTG-1,6
TTGATAGTCAATACAT-1,6
TTGATCTAACTTTGTC-1,4
TTGATGCCGCTCGTCG-1,5
TTGATGTGTAGTCCCG-1,6
TTGATTAGCTGTTTCT-1,4
TTGATTATGCAGATGA-1,4
TTGCAAGAAGACTCCT-1,2
TTGCACAATTCAGAAA-1,3
TTGCACGGAGCAGCAC-1,4
TTGCAGGTCATGAAGT-1,1
TTGCATGCTGATCACG-1,4
TTGCCAAGCAGAACCC-1,6
TTGCCATAGCCCGCTC-1,5
TTGCCCTGATCACGGG-1,6
TTGCCGCAGACCTACA-1,5
TTGCCGCTTTCTAGTA-1,6
TTGCCGGTGATCCCTC-1,1
TTGCCTAATCCAAAGT-1,5
TTGCCTTCTCGCCGGG-1,6
TTGCGCACAACCACGT-1,1
TTGCGCTCTCTCGCTT-1,1
TTGCGCTTGATCAATA-1,1
TTGCGGAAAGCTGCCC-1,6
TTGCGGCATCAGAAAG-1,6
TTGCGTAGTTTGAGGA-1,4
TTGCGTCGGCCAACCG-1,5
TTGCGTGAACGCTTAG-1,6
TTGCGTGTGTAGGCAT-1,2
TTGCTAGCTACCAATC-1,4
TTGCTCATAGTACGTG-1,1
TTGCTCCCATACCGGA-1,6
TTGCTGAAGGAACCAC-1,4
TTGCTGATCATGTTCG-1,3
TTGCTGCACCTATCCA-1,4
TTGCTGGCCGGGCTTC-1,6
TTGGAAGAATACAGTC-1,5
TTGGACATGTGGCTTA-1,1
TTGGACCATCTGGCAA-1,6
TTGGACCTATAACAGT-1,1
TTGGAGTCTCCCTTCT-1,4
TTGGATATCGTCTACG-1,3
TTGGATCGACTTCTGG-1,6
TTGGATTGGGTACCAC-1,4
TTGGCCAAATTGTATC-1,2
TTGGCCATCTTGCGCT-1,4
TTGGCCTAGAATTTCG-1,6
TTGGCGATCCGAATAT-1,6
TTGGCTCAATATGTGT-1,1
TTGGCTCGCATGAGAC-1,4
TTGGGAAGACGAGCCG-1,2
TTGGGACACTGCCCGC-1,6
TTGGGACGTAAGAGTT-1,6
TTGGGCGGCGGTTGCC-1,6
TTGGGTTTATTCAGCG-1,1
TTGGTATGGCTTGTGT-1,6
TTGGTCACACTCGTAA-1,3
TTGGTGCGGTGTTGAA-1,1
TTGGTTCGCTCAAAGG-1,6
TTGGTTGCGGTGCGCG-1,5
TTGTAACTTCATAGCG-1,1
TTGTAAGGACCTAAGT-1,4
TTGTAAGGCCAGTTGG-1,6
TTGTAATCCGTACTCG-1,3
TTGTACACCTCGAACA-1,1
TTGTATCACACAGAAT-1,6
TTGTCACCGCGGTATC-1,1
TTGTCGTTCAGTTACC-1,6
TTGTCTCGGCAAGATG-1,6
TTGTGAACCTAATCCG-1,1
TTGTGAGGCATGACGC-1,3
TTGTGATCTGTTCAGT-1,6
TTGTGCAGCCACGTCA-1,6
TTGTGCGGAAGCGGAT-1,5
TTGTGGAGACAGCCGG-1,5
TTGTGGCCCTGACAGT-1,4
TTGTGGTAGGAGGGAT-1,6
TTGTGGTATAGGTATG-1,1
TTGTGGTGGTACTAAG-1,1
TTGTGTATGCCACCAA-1,5
TTGTGTTTCCCGAAAG-1,3
TTGTTCAGTGTGCTAC-1,6
TTGTTCTAGATACGCT-1,1
TTGTTGGCAATGACTG-1,5
TTGTTGTGTGTCAAGA-1,1
TTGTTTCACATCCAGG-1,5
TTGTTTCATTAGTCTA-1,5
TTGTTTCCATACAACT-1,6
TTGTTTGTATTACACG-1,5
TTGTTTGTGTAAATTC-1,4
