,SpatialGlue
AAACAACGAATAGTTC-1,1
AAACAAGTATCTCCCA-1,4
AAACAATCTACTAGCA-1,4
AAACACCAATAACTGC-1,5
AAACAGAGCGACTCCT-1,2
AAACAGCTTTCAGAAG-1,4
AAACAGGGTCTATATT-1,4
AAACAGTGTTCCTGGG-1,5
AAACATGGTGAGAGGA-1,3
AAACATTTCCCGGATT-1,4
AAACCACTACACAGAT-1,2
AAACCCGAACGAAATC-1,1
AAACCGGAAATGTTAA-1,4
AAACCGGGTAGGTACC-1,4
AAACCGTTCGTCCAGG-1,3
AAACCTAAGCAGCCGG-1,4
AAACCTCATGAAGTTG-1,5
AAACGAAGAACATACC-1,2
AAACGAAGATGGAGTA-1,3
AAACGACAGTCTTGCC-1,4
AAACGAGACGGTTGAT-1,4
AAACGCCCGAGATCGG-1,2
AAACGCTGGGCACGAC-1,4
AAACGGGCGTACGGGT-1,4
AAACGGGTTGGTATCC-1,4
AAACGGTTGCGAACTG-1,4
AAACGTGTTCGCCCTA-1,2
AAACTAACGTGGCGAC-1,2
AAACTCGGTTCGCAAT-1,4
AAACTCGTGATATAAG-1,2
AAACTGCTGGCTCCAA-1,1
AAACTTAATTGCACGC-1,3
AAACTTGCAAACGTAT-1,4
AAAGAATGACCTTAGA-1,1
AAAGAATGTGGACTAA-1,1
AAAGACATGAAGTTTA-1,2
AAAGACCCAAGTCGCG-1,4
AAAGACTGGGCGCTTT-1,2
AAAGCTTGCCTACATA-1,4
AAAGGCCCTATAATAC-1,3
AAAGGCTACGGACCAT-1,4
AAAGGCTCTCGCGCCG-1,1
AAAGGGATGTAGCAAG-1,5
AAAGGGCAGCTTGAAT-1,4
AAAGGTAAGCTGTACC-1,2
AAAGGTCAACGACATG-1,5
AAAGTAGCATTGCTCA-1,3
AAAGTCACTGATGTAA-1,1
AAAGTCGACCCTCAGT-1,5
AAAGTGCCATCAATTA-1,4
AAAGTGTGATTTATCT-1,4
AAAGTTGACTCCCGTA-1,4
AAATAACCATACGGGA-1,2
AAATAAGGTAGTGCCC-1,4
AAATACCTATAAGCAT-1,1
AAATAGCTTAGACTTT-1,4
AAATAGGGTGCTATTG-1,4
AAATCACTCCTAAACG-1,2
AAATCCGATACACGCC-1,4
AAATCGCGGAAGGAGT-1,3
AAATCGTGTACCACAA-1,1
AAATCTAGCCCTGCTA-1,4
AAATCTGCCCGCGTCC-1,6
AAATGACTGATCAAAC-1,3
AAATGATTCGATCAGC-1,2
AAATGCTCGTTACGTT-1,1
AAATGGCATGTCTTGT-1,2
AAATGGCCCGTGCCCT-1,4
AAATGGTCAATGTGCC-1,3
AAATGTATCTTATCCC-1,5
AAATGTGGGTGCTCCT-1,4
AAATTAACGGGTAGCT-1,3
AAATTAATAAGCGCGA-1,5
AAATTACACGACTCTG-1,2
AAATTACCTATCGATG-1,2
AAATTCCAGGTCCAAA-1,4
AAATTGATAGTCCTTT-1,4
AAATTGCGGCGGTTCT-1,5
AAATTGGTGAGAAGCA-1,2
AAATTTACCGAAATCC-1,2
AAATTTGCGGGTGTGG-1,4
AACAACTGGTAGTTGC-1,4
AACAATACATTGTCGA-1,1
AACAATTACTCTACGC-1,1
AACACACGCTCGCCGC-1,4
AACACGACTGTACTGA-1,2
AACACGAGACGCGGCC-1,1
AACACGCGGCCGCGAA-1,4
AACAGCTGTGTGGCAA-1,5
AACAGGAAATCGAATA-1,2
AACAGGATGGGCCGCG-1,4
AACAGGTAGTATGGAT-1,4
AACATAGCGTGTATCG-1,4
AACATATCAACTGGTG-1,2
AACATCGATACGTCTA-1,2
AACATTGAAGTTGATC-1,3
AACATTGGTCAGCCGT-1,1
AACATTGTGACTCGAG-1,4
AACCAAGACTTCTCTG-1,5
AACCAGTATCACTCTT-1,2
AACCATAGGGTTGAAC-1,3
AACCATGGGATCGCTA-1,1
AACCCAGAGACGGAGA-1,1
AACCCATCCCATGATC-1,5
AACCCGACAACCCGTG-1,1
AACCCGAGCAGAATCG-1,4
AACCCGATAGGGCTTC-1,2
AACCCGCTGTATTCCA-1,3
AACCCTACTGTCAATA-1,4
AACCCTGGTGGAACCA-1,2
AACCGAGCTTGGTCAT-1,3
AACCGCTAAGGGATGC-1,4
AACCGTTGTGTTTGCT-1,2
AACCTAAAGCCGTCCG-1,5
AACCTCGCTTTAGCCC-1,4
AACCTGTCACGGAATT-1,4
AACCTTTAAATACGGT-1,4
AACCTTTACGACGTCT-1,2
AACGAAAGTCGTCCCA-1,5
AACGACCTCCTAGCCG-1,4
AACGATAATGCCGTAG-1,3
AACGATAGAAGGGCCG-1,1
AACGATATGTCAACTG-1,2
AACGCATGATCTGGGT-1,2
AACGCGAACGGCAACA-1,1
AACGCGACCTTGGGCG-1,4
AACGCGGTCTCCAGCC-1,5
AACGCTGTTGCTGAAA-1,4
AACGGACGTACGTATA-1,4
AACGGCCATCTCCGGT-1,1
AACGTACTGTGGGTAC-1,5
AACGTAGTCTACCCAT-1,4
AACGTCAGACTAGTGG-1,1
AACGTCATCCGGCTTG-1,3
AACGTGATGAAGGACA-1,2
AACGTGCGAAAGTCTC-1,4
AACGTTATCAGCACCT-1,5
AACGTTCTACCATTGT-1,3
AACTACCCGTTTGTCA-1,1
AACTAGCGTATCGCAC-1,5
AACTAGGCTTGGGTGT-1,1
AACTCAAGTTAATTGC-1,3
AACTCCAGAGCGTGTT-1,4
AACTCCTAATCCCATG-1,2
AACTCGATAAACACGT-1,5
AACTCGATGGCGCAGT-1,1
AACTCTCAATAGAGCG-1,4
AACTCTCAGTGTGCTC-1,3
AACTGAGGTCAGCGTC-1,2
AACTGAGTTATACTGA-1,3
AACTGATATTAGGCCT-1,2
AACTGGGTCCCGACGT-1,2
AACTGGGTTCGAGCCG-1,2
AACTGGTGTGGGCCTT-1,1
AACTTCTGCGTCTATC-1,1
AACTTGCCCGTATGCA-1,1
AACTTGCGTTCTCGCG-1,1
AACTTTACGGGAGCTT-1,5
AACTTTAGCTGCTGAG-1,5
AACTTTCTCGATCATG-1,2
AAGAAAGTTTGATGGG-1,6
AAGAAATCACCAGATT-1,2
AAGAAGGATCAGTTAG-1,1
AAGACATACGTGGTTT-1,4
AAGACCAAATAACTCA-1,3
AAGACCCAACTGAACA-1,4
AAGACTAACCCGTTGT-1,1
AAGACTCACGCCCACT-1,2
AAGACTGCAAGCTACT-1,3
AAGAGATGAATCGGTA-1,1
AAGAGCTCTTTATCGG-1,1
AAGAGGATGTACGCGA-1,5
AAGAGGCATGGATCGC-1,4
AAGAGGCCCTTTGGAA-1,1
AAGATGGCACCGGACC-1,2
AAGATTGGCGGAACGT-1,2
AAGCACCCTGCGTATC-1,4
AAGCATACTCTCCTGA-1,4
AAGCCACTTGCAGGTA-1,3
AAGCCGAAGCGGTTTA-1,4
AAGCCGCCGTGAAATC-1,3
AAGCCGCTTTACCTTG-1,2
AAGCCGGAGAGCAGGA-1,4
AAGCGCAGGGCTTTGA-1,4
AAGCGGAGTGCGCGCA-1,2
AAGCGGCGTCATGGGT-1,2
AAGCGTCCCTCATCGA-1,3
AAGCTAGATCGAGTAA-1,1
AAGCTATGGATTGACC-1,6
AAGCTCGTGCCAAGTC-1,4
AAGCTCTTTCATGGTG-1,4
AAGGAGAACTTATAAG-1,4
AAGGAGCGGTTGGTGC-1,4
AAGGATCGATCGCTTG-1,4
AAGGATGAGGGACCTC-1,2
AAGGCAGGCTGTCTCC-1,4
AAGGCGCGTAAAGCTT-1,1
AAGGCTGTGCTCATCG-1,4
AAGGGAACGACTGGCT-1,6
AAGGGACAGATTCTGT-1,2
AAGGGACTATGCATTC-1,5
AAGGGTTAGCCATGCG-1,3
AAGGGTTTGATTTCAG-1,3
AAGGTATCCTAATATA-1,3
AAGGTGATAAACCAGC-1,4
AAGTAAGCTTCCAAAC-1,5
AAGTAGAAGACCGGGT-1,1
AAGTAGTGACGCGAGG-1,4
AAGTCAATTGTCGTCA-1,4
AAGTCTAGTAGCTGCC-1,2
AAGTCTTCTGTGGCCT-1,4
AAGTGACGACCGAATT-1,3
AAGTGAGTCGGGTTTA-1,4
AAGTGCAAAGGTAGAC-1,5
AAGTGCCTTGACTGTA-1,4
AAGTGCGTTAGAATCT-1,1
AAGTGCTTCTCTATTG-1,5
AAGTGTTTGGAGACGG-1,4
AAGTTCACTCCAAGCT-1,4
AAGTTCAGTCTGCGTA-1,2
AAGTTCGGCCAACAGG-1,4
AAGTTGTGATGTTATA-1,4
AAGTTTACTAATGGCA-1,2
AAGTTTATGGGCCCAA-1,4
AATAACAACGCTCGGC-1,5
AATAACACTAGAACAA-1,3
AATAACGTCGCGCCCA-1,1
AATAAGTCCTCGAGAC-1,1
AATAATCTTCGTATCG-1,4
AATACAATGTTTCAGG-1,4
AATACCGGAGGGCTGT-1,4
AATACCTGATGTGAAC-1,1
AATAGAACAGAGTGGC-1,3
AATAGAATCTGTTTCA-1,4
AATAGCAAGCCTCCTG-1,2
AATAGCTACCGCGTGC-1,2
AATAGGCACGACCCTT-1,6
AATAGTCCGTCCCGAC-1,1
AATAGTCGCGAGTCGG-1,5
AATATCAAGGTCGGAT-1,1
AATATCCTAGCAAACT-1,4
AATATCGAATCAATGC-1,4
AATATCGAGGGTTCTC-1,2
AATATTGGAGTATTGA-1,5
AATCAGACTGCAGGAC-1,1
AATCAGGTTTCATTTA-1,5
AATCATGTAAAGACTC-1,4
AATCCAAGGGCCTGAG-1,1
AATCCATGCAAGGGTG-1,4
AATCCCGCTCAGAGCC-1,3
AATCGAGGTCTCAAGG-1,1
AATCGCCTCAGCGCCA-1,4
AATCGCGCAGAGGACT-1,4
AATCGGGACACTACGA-1,2
AATCGGTATAGCCCTC-1,4
AATCGTGAGCCGAGCA-1,4
AATCTAGGTTTACTTG-1,4
AATCTATGCCGGAGCC-1,2
AATCTCTACTGTGGTT-1,5
AATCTGCGTTGGGACG-1,4
AATCTGGCTTTCTAGT-1,4
AATCTGGGTAGACCCT-1,4
AATGACAGCAATGTCT-1,4
AATGACGTAGGATGTC-1,4
AATGACTGTCAGCCGG-1,4
AATGAGTTCGCATATG-1,1
AATGATGATACGCTAT-1,2
AATGATGCGACTCCTG-1,2
AATGCAACCGGGTACC-1,3
AATGCACCAAGCAATG-1,2
AATGGCCGCCAATGCG-1,2
AATGGTCCACCGTTCA-1,5
AATGGTTCTCACAAGC-1,4
AATGTATGGCACTGTA-1,3
AATGTGCCCGAGGTGT-1,1
AATGTGCTAATCTGAG-1,5
AATGTTAAGACCCTGA-1,1
AATGTTGTCGTGAGAC-1,4
AATTAAAGGTCGGCGT-1,3
AATTAACGGATTTCCA-1,1
AATTACGAGACCCATC-1,3
AATTACTCGTACGCTC-1,5
AATTAGCGCTGCAGCG-1,1
AATTATACCCAGCAAG-1,3
AATTCATAAGGGATCT-1,2
AATTCATTGTCATGCA-1,3
AATTCCAACTTGGTGA-1,1
AATTCCAAGCATGTAC-1,4
AATTCGATTCGAGGAT-1,1
AATTCTAGAGTTAGGC-1,1
AATTGAACGCTCTGGT-1,4
AATTGCAGCAATCGAC-1,4
AATTGCGTGGATTACA-1,3
AATTGTGGTTGCCAAA-1,4
AATTTGGGACATAGTA-1,2
AATTTGGTTCCAAAGA-1,2
ACAAACCATGCGTCCT-1,3
ACAAACCGACAAGGCG-1,1
ACAAACTCCATCAGAG-1,3
ACAAAGAAGGTAGGCC-1,1
ACAAAGCATGACCTAG-1,4
ACAAATCGCACCGAAT-1,4
ACAAATGGTAGTGTTT-1,4
ACAAATTCAGATCTGA-1,4
ACAACAGCATGAGCTA-1,1
ACAACGGTCCCTGCGA-1,1
ACAAGCAGTGCCTAGC-1,1
ACAAGGAAATCCGCCC-1,4
ACAAGGACAAGAGGTT-1,1
ACAAGGATGCTTTAGG-1,4
ACAAGGCCTACCAGCC-1,4
ACAAGGGCAGGCTCTG-1,4
ACAATAGTCGTACGTT-1,4
ACAATCCATTTAAACC-1,5
ACAATCGATCTTTATA-1,1
ACAATGAATACGGAGA-1,3
ACAATGATTCTTCTAC-1,2
ACAATTGTGTCTCTTT-1,4
ACAATTTAGGAGGCTC-1,5
ACAATTTGAGCAGTGG-1,4
ACAATTTGGCCATATT-1,4
ACACAAAGACGGGTGG-1,5
ACACAAATATTCCTAG-1,2
ACACACCAGGACCAGT-1,4
ACACACTTTCTACACG-1,2
ACACATGATCAAATCT-1,1
ACACATTGACGCAACA-1,1
ACACATTTCCGTAGAC-1,4
ACACCACATAATTAGC-1,4
ACACCCAGCATGCAGC-1,4
ACACCCGAGAAATCCG-1,4
ACACCCGTAAATCTGT-1,4
ACACCGAGCGCTCTTT-1,4
ACACCGGTCTGACCGC-1,3
ACACCTTAAGTAGGGC-1,1
ACACCTTACTACTTGC-1,1
ACACGAGACTCCTTCT-1,1
ACACGGCACTATGCAT-1,3
ACACGGGAACTTAGGG-1,3
ACACGTAGGCCACAAG-1,4
ACACTCCAATGTCACT-1,4
ACACTGATCAAGGTGT-1,1
ACACTGGGACAGTCGT-1,4
ACAGAACTGAGAACAA-1,3
ACAGATTAGGTTAGTG-1,2
ACAGCATAGAGCCAGT-1,4
ACAGCGACATTCTCAT-1,4
ACAGCGCACCCGCAGC-1,2
ACAGGAGGCGCAGCCG-1,4
ACAGGCACGGATCCTT-1,4
ACAGGCTTGCCCGACT-1,4
ACAGGTGGAGGTGAGG-1,3
ACAGGTGTGTTGTTGC-1,4
ACAGTAATACAACTTG-1,4
ACAGTATACCGTGGGA-1,2
ACAGTGCAGCGCATTT-1,4
ACATAAGTCGTGGTGA-1,3
ACATAATAAGGCGGTG-1,2
ACATACAATCAAGCGG-1,4
ACATCAGCTGGGACGC-1,5
ACATCCCGGCCATACG-1,1
ACATCCTGGTAACTGT-1,4
ACATCGATCGTTTACC-1,4
ACATCGGTCAGCCGCG-1,3
ACATCGTATGCAATGG-1,4
ACATCGTTAACCTAGT-1,5
ACATCTCAACGCGTAA-1,5
ACATGCTTACGGCAGC-1,6
ACATGGCGCCAAAGTA-1,5
ACATGGCTCAATTTAG-1,4
ACATTAGTTTATATCC-1,1
ACATTCGCGCGGAATA-1,3
ACATTTGAAACCTAAC-1,1
ACCAAACACCCAGCGA-1,2
ACCAAACTAGAAATCC-1,1
ACCAACACCACACACT-1,2
ACCAACCGCACTCCAC-1,4
ACCAACGCTTATTTAT-1,3
ACCAAGAACGCGTGTC-1,4
ACCAAGTCATCGGCAG-1,4
ACCAATATGCAAGTTA-1,4
ACCACAACTCAGAACA-1,2
ACCACAAGTTTCTATC-1,5
ACCACACGGTTGATGG-1,1
ACCACCAATGTAACAA-1,4
ACCACCCTCTCTTCTA-1,2
ACCACGTGCAGCTATA-1,4
ACCACTGTTCAAGAAG-1,5
ACCAGACCATAACAAC-1,4
ACCAGCCCGGTCTTTG-1,1
ACCAGGAGTGTGATCT-1,4
ACCAGTGCCCGGTCAA-1,2
ACCAGTGCGGGAGACG-1,4
ACCATATCCGCAATAA-1,3
ACCATCCGCCAACTAG-1,4
ACCATCGTATATGGTA-1,3
ACCATTAAGGGTGTCA-1,4
ACCCAACGCCCGTGGC-1,4
ACCCACCTACATGCTC-1,1
ACCCATCTTGAGGGTA-1,5
ACCCATTTGTCCCTCT-1,4
ACCCGAGCGAAATTAC-1,5
ACCCGATTGGTTCCGA-1,5
ACCCGGAAACTCCCAG-1,1
ACCCGGAGCACCACAA-1,4
ACCCGGATGACGCATC-1,1
ACCCGGTTACACTTCC-1,3
ACCCGTAGCAGAGAAT-1,6
ACCCGTAGTCTAGTTG-1,4
ACCCGTGTCATCAGTA-1,4
ACCCTATAGGACTGAG-1,1
ACCCTATGCCATATCG-1,3
ACCCTCCCGTCAGGGC-1,1
ACCCTCCCTTGCTATT-1,4
ACCCTGGTAACGCCCT-1,2
ACCCTTCATCTGCGAA-1,2
ACCCTTGCCTGGGTCG-1,2
ACCCTTTAGTTCTCCA-1,3
ACCGAAAGGGCCCTGC-1,4
ACCGAAGAGTCTGGTT-1,1
ACCGACACATCTCCCA-1,3
ACCGACTGAGTCCCAC-1,1
ACCGAGTCTCCTTATT-1,4
ACCGATAGGCATAACC-1,4
ACCGATATTTAATCAT-1,4
ACCGATGGTAGCATCG-1,5
ACCGCAATAACTGCCT-1,4
ACCGCGGTGGAAGTCG-1,4
ACCGCTAGTCATTGGT-1,3
ACCGGGCCTTTGTTGA-1,4
ACCGGTCAGGTACACC-1,3
ACCGGTCTGAGTACGG-1,2
ACCGTCCACTGGGCCC-1,3
ACCGTGACCACGTGGG-1,1
ACCGTTCCCGCTCTGA-1,4
ACCTAAGTACCTTTCA-1,1
ACCTAATCGACTTCCT-1,4
ACCTACAGTATGTGGT-1,4
ACCTACTATAAATCTA-1,1
ACCTCCGCCCTCGCTG-1,4
ACCTCCGTTATTCACC-1,4
ACCTCGAACTTATGCT-1,3
ACCTGCGTGTCATGTT-1,4
ACCTTTCCTTTAGAAG-1,4
ACGAAATGGGCGGCAC-1,5
ACGACCCATGAGTTGC-1,4
ACGACTCTAGGGCCGA-1,4
ACGACTGGTCATACTC-1,1
ACGAGAACCCATCACG-1,1
ACGAGATATTTGCTTA-1,2
ACGAGGATACCACTCT-1,4
ACGAGGTTTACAACGT-1,3
ACGAGTACGGATGCCC-1,1
ACGAGTCGCCGGCGTT-1,5
ACGATACATAGAACTA-1,3
ACGATACCTATCCTGA-1,1
ACGATCATACATAGAG-1,3
ACGATCATCTTGTAAA-1,5
ACGATGCATATGTTAT-1,4
ACGATGGATCCGATGC-1,2
ACGCAAACTAATAGAT-1,4
ACGCAATCACTACAGC-1,2
ACGCATAAATGACATG-1,2
ACGCATACGTTTACTA-1,1
ACGCATTCGTGAGTAC-1,5
ACGCCACTCGAAACAG-1,4
ACGCCAGATGATTTCT-1,3
ACGCCAGTGCGTTTGC-1,4
ACGCCCAGCTGTCGAT-1,4
ACGCCGCTAGACGACC-1,4
ACGCCTGACACGCGCT-1,4
ACGCGAAGTCAGACGA-1,1
ACGCGCTACACAGGGT-1,4
ACGCGGGCCAAGGACA-1,5
ACGCGTTTCTTAAGAG-1,5
ACGCTACTGAATGGGC-1,3
ACGCTAGTATCAGTGC-1,2
ACGCTAGTGATACACT-1,2
ACGCTGTGAGGCGTAG-1,5
ACGCTTAGTGTCTCTC-1,5
ACGGAACACGAGTGCC-1,4
ACGGAATTTAGCAAAT-1,1
ACGGACGCAGCGACAA-1,6
ACGGACTCTCAAAGCG-1,4
ACGGAGCGCAAATTAC-1,2
ACGGATGGTGCGGATA-1,4
ACGGCACTTGCTTGGG-1,1
ACGGCCAACATGGACT-1,1
ACGGCGACGATGGGAA-1,4
ACGGCGGGTTGCCCTG-1,1
ACGGCTGGATGTAGAA-1,3
ACGGGAGTGTCGGCCC-1,1
ACGGGCGTATGCGACA-1,2
ACGGGTCATGTGACTT-1,1
ACGGGTTGTGACCTGT-1,6
ACGGTACAGTTCAATG-1,4
ACGGTCACCGAGAACA-1,3
ACGTACAGATTTCTCT-1,2
ACGTACTTTGGCACGG-1,5
ACGTAGATTGCTGATG-1,5
ACGTAGGAGAGTCGCT-1,4
ACGTATTACTCCGATC-1,4
ACGTCCTAAACGAGAT-1,4
ACGTCGGGCAACTCGG-1,3
ACGTCTCGTTCCGGGA-1,5
ACGTGACAAAGTAAGT-1,3
ACGTGCGCCTCGTGCA-1,2
ACGTGGTCGAATGTGC-1,5
ACGTTAATGTCGAAGA-1,4
ACGTTAGATTTGCCCG-1,3
ACGTTATTGGTCACTC-1,4
ACGTTCACTATGCCGC-1,3
ACGTTCCGCGCTCCGT-1,4
ACGTTCGCAATCAATT-1,4
ACGTTCGTTCAGGAAA-1,4
ACGTTCTGTACAAGTC-1,4
ACGTTGTCGTTGAAAG-1,3
ACGTTTAGTTGTGATC-1,2
ACGTTTCGGTGCACTT-1,3
ACTAAGGACGCACACC-1,2
ACTAATACGTCAGGCG-1,2
ACTACAAAGAGAGGTG-1,4
ACTACATCCCGACAAG-1,3
ACTACCAGCTCTCTGG-1,4
ACTACCATCCGAGGGC-1,3
ACTACGCGTTAGAATT-1,4
ACTAGTTGCGATCGTC-1,4
ACTATATGCTGTGTTC-1,2
ACTATCCAGGGCATGG-1,4
ACTATCGCCGGCTAAA-1,1
ACTATCTGCCCGCGTA-1,4
ACTATGTCCAGCTGCC-1,3
ACTATTCGTCCGTGGT-1,5
ACTATTTCCGGGCCCA-1,1
ACTCAACGAATGTATT-1,1
ACTCAAGTGCAAGGCT-1,4
ACTCAATAAAGGCACG-1,3
ACTCAGACCTGCTTCT-1,1
ACTCATGGCAGCCTTC-1,3
ACTCCAATATCATCAT-1,5
ACTCCCATTCCTAAAG-1,4
ACTCCCGAATTCGTTT-1,1
ACTCCCGTAGACTAGG-1,2
ACTCCCTAATGCTAAA-1,1
ACTCCCTAGAATAGTA-1,4
ACTCCGGCCGACCACT-1,4
ACTCGATGTATTTCAT-1,1
ACTCGCCGTTCGATAA-1,4
ACTCGCGATCTGACGC-1,3
ACTCGTAACCCGTCCT-1,4
ACTCGTCAGTAATCCC-1,2
ACTCTAAACCTGGGAT-1,5
ACTCTCTGACTTAGGT-1,4
ACTCTCTTATACACGA-1,2
ACTCTGACCTAATAGA-1,4
ACTCTTCAGCTCCCGC-1,4
ACTCTTGTATAGTAAC-1,3
ACTGAAACGCCGTTAG-1,4
ACTGAATGGCGAAAGT-1,4
ACTGATTTAGTGATTC-1,2
ACTGCCCGCCATTCTC-1,5
ACTGCCGTCGTAACTC-1,2
ACTGCGGACACACCGT-1,4
ACTGCTCGGAAGGATG-1,3
ACTGGCGAACCTGCGT-1,2
ACTGGGATGCCAGTGC-1,5
ACTGTACGATACACAT-1,1
ACTGTAGCACTTTGGA-1,4
ACTGTATACGCGAGCA-1,4
ACTGTCCAGGATTATA-1,3
ACTGTCTTCTTTAGAA-1,5
ACTGTGCTAGTAGATC-1,1
ACTGTTTAGTGTAGGC-1,4
ACTTACCGGGCGCGCA-1,2
ACTTACGCATCCACGC-1,4
ACTTAGTACGACAAGA-1,1
ACTTATACTTACCCGG-1,4
ACTTATCTGATCTATA-1,4
ACTTATTAGGATCGGT-1,3
ACTTATTTATGTGCCA-1,4
ACTTCAGGCTGATCCC-1,4
ACTTCCAGTGGAAGCT-1,3
ACTTCCATGCGGGACA-1,4
ACTTCCTGTCGTGCGA-1,2
ACTTCGCCATACGCAC-1,2
ACTTCGCTAGCGAGTG-1,4
ACTTGACTCCCTCTTT-1,4
ACTTGCCATATTGTAC-1,4
ACTTGCTCTATCTACC-1,3
ACTTGGGACCCGGTGG-1,4
ACTTGGGCTTTCGCCA-1,3
ACTTGTAGTCCCTTCA-1,4
ACTTGTGGATGGAACG-1,4
ACTTGTTACCGGATCA-1,3
ACTTTACCCTCATGAA-1,3
ACTTTATACACCACTT-1,6
ACTTTCCTATAGCTTC-1,5
ACTTTGACTGCATCCT-1,5
ACTTTGGTCGTGCTCC-1,3
ACTTTGTCGACGCACT-1,4
AGAAATTATGACTCGC-1,4
AGAACACGGCGATGGT-1,6
AGAACCCAGCGTGACA-1,4
AGAACCCTCAATTGGG-1,3
AGAACGTGGTACATTC-1,3
AGAACTGTACTTTGTA-1,4
AGAAGAGCGCCGTTCC-1,1
AGAAGGTACACTTCAC-1,5
AGAAGGTTGCCGAATT-1,3
AGAAGGTTGTAGGTCG-1,4
AGAAGTGATTCGTGAT-1,1
AGAATAAATCTTCAGG-1,5
AGAATACAGGCTATCC-1,4
AGAATGCGGGTTCGGA-1,2
AGAATTATGGATTCGA-1,1
AGAATTGTTTGACATA-1,1
AGACAGCTCAGAATCC-1,4
AGACAGGCATCTCAGC-1,4
AGACATAGATCCTTCC-1,1
AGACCAAACCACACCT-1,3
AGACCATGGGATACAA-1,4
AGACCCACCGCTGATC-1,1
AGACCCGCCCTCCTCG-1,5
AGACCGCTCCGCGGTT-1,1
AGACCGGGAAACCCTG-1,4
AGACGAAGTGCCGGTC-1,4
AGACGACGATGCCGCT-1,4
AGACGCCCACTTCGCC-1,4
AGACGGGATTGGTATA-1,5
AGACGGGCCGATTTAA-1,2
AGACTAGCCTTCCAGA-1,1
AGACTGTTACCGGGTC-1,4
AGAGAAACACCAGAAA-1,5
AGAGAACCGTCTAGGA-1,2
AGAGAAGGAGTACAAT-1,3
AGAGATCTCTAAAGCG-1,3
AGAGCAGTTATGAGAC-1,1
AGAGCCGCCGAGATTT-1,1
AGAGCGCTTGTAACGG-1,2
AGAGCGGGCTAATCAT-1,2
AGAGCGTACAAGCTCG-1,1
AGAGCTACGAAAGCAT-1,4
AGAGGCTTCGGAAACC-1,4
AGAGGGACAATTGTCC-1,2
AGAGGTATCTCGGTCC-1,5
AGAGTAAACTTCACTA-1,4
AGAGTATAGTGTTACG-1,4
AGAGTCTTAATGAAAG-1,3
AGAGTGAACAGACACC-1,1
AGAGTTAGAGACCGAT-1,4
AGAGTTGCAGGCCTCC-1,2
AGATAACTTCAGGGCC-1,4
AGATAATCACACCTAT-1,6
AGATACCAATAGAACC-1,5
AGATACCAGCACTTCA-1,2
AGATACCGGTGTTCAC-1,3
AGATACGACTTCATAT-1,1
AGATACTCAAGATCGA-1,4
AGATATAATACGACTA-1,4
AGATCGTGCATAAGAT-1,2
AGATCTCAGGTGTGAT-1,3
AGATCTGGAGAGGATA-1,6
AGATGACTCGCCCACG-1,4
AGATGAGGGTTGCGAT-1,2
AGATGATGGAGTCTGG-1,5
AGATGCAAGACGTGCA-1,5
AGATGCATCCTGTGTC-1,4
AGATGCTATAACGAGC-1,1
AGATTATAGGACGTTT-1,3
AGATTCAAGCGGGTCG-1,2
AGATTCACAACCGATA-1,5
AGCAAAGGCCGCTAGT-1,4
AGCAACATATCTTATT-1,4
AGCAACCGAAAGTAAT-1,1
AGCACACGTTTAGACT-1,3
AGCACCAGTACTCACG-1,5
AGCACTACCGGCCTGT-1,5
AGCACTACCTCACCAG-1,4
AGCACTTAAGGACGCC-1,1
AGCAGAAGGAGAAAGA-1,4
AGCAGCCAGATGAATA-1,1
AGCAGTCGAAGCATGC-1,4
AGCATATCAATATGCT-1,4
AGCATCATTTCGAAAG-1,1
AGCATCGTCGATAATT-1,4
AGCATTACGAGGCAAG-1,4
AGCCAAGCTTTGTGTC-1,4
AGCCACAGGTTACCCG-1,4
AGCCACTCCCGTGCTT-1,3
AGCCATATAGTATGTG-1,4
AGCCCATACATGTAAG-1,1
AGCCCGCAACAAGCAG-1,4
AGCCCGCACTACAATG-1,4
AGCCCGGCATTAGAGG-1,3
AGCCCGGTAGCCTGTA-1,4
AGCCCTAAGCGAAGTT-1,2
AGCCCTCCCTGGTGGC-1,3
AGCCCTGTCGCACCGT-1,4
AGCCCTTCTAATCCGA-1,2
AGCCCTTGGACATCCC-1,4
AGCCGCTTGATTAGCG-1,1
AGCCGTGGCTAAATGT-1,1
AGCCTAATACCCACGT-1,4
AGCCTTAAAGCGGAAG-1,4
AGCCTTGTCACTGATA-1,6
AGCGACAGGAACGGTC-1,1
AGCGACATCCCATTCA-1,4
AGCGACCAACGATATT-1,5
AGCGACTTTGAAGACA-1,3
AGCGAGACGTGAAGGC-1,3
AGCGATGCGCCTAATA-1,4
AGCGCATAATGAATCG-1,1
AGCGCGGGTGCCAATG-1,2
AGCGCTAGAGCGATGT-1,4
AGCGCTTATGGGCAAG-1,2
AGCGGACACTTCGTAG-1,4
AGCGGCGGTTAGCGGT-1,5
AGCGGGAAGGGTCCAT-1,1
AGCGGGTCTGACACTC-1,4
AGCGGTTGAGATGTAC-1,4
AGCGGTTGCCGCTCTG-1,2
AGCGTACGAGAGCTAG-1,1
AGCGTAGCGCTAGACC-1,4
AGCGTCTGAACCCGCA-1,1
AGCGTGGTATTCTACT-1,4
AGCGTTCCGATTTAAA-1,4
AGCTAACAAGCAATGT-1,4
AGCTAAGCTCCGTCCG-1,3
AGCTAAGTACGCAGGC-1,4
AGCTAGAAGCAGAAGT-1,2
AGCTATTTAATCCAAC-1,3
AGCTCCATATATGTTC-1,4
AGCTCCTTCGCACATC-1,4
AGCTCGTTGATGGAAA-1,2
AGCTCTAGACGTTCCA-1,4
AGCTCTTCCCAGTGCA-1,2
AGCTCTTCGTAACCTT-1,4
AGCTCTTTACTCAGTT-1,3
AGCTGAAGTAAACCAA-1,2
AGCTGCATTTGAGGTG-1,4
AGCTGCTGTGCCGAAT-1,2
AGCTGTAACCTCAATC-1,3
AGCTTATAGAGACCTG-1,5
AGCTTCAATACTTTGA-1,1
AGCTTCTTCTCGAGCA-1,4
AGCTTGATCAGGGTAG-1,3
AGCTTGATCTTAACTT-1,4
AGGAAAGCCTCTGATG-1,5
AGGAACGAACGACTTC-1,4
AGGAAGCTGTCCGCCG-1,2
AGGACAGTCGAATCCC-1,4
AGGACATCGCACGTCG-1,1
AGGACATCGGCACACT-1,4
AGGACGACCCATTAGA-1,3
AGGACGCTCGATGTTG-1,2
AGGACTTATAGGAGAA-1,4
AGGAGACATCCACAGT-1,2
AGGAGAGTCTGGCTAC-1,2
AGGAGGCCTTCGCGCG-1,4
AGGATAAAGTCGGGAT-1,1
AGGATATAGGGATTTA-1,4
AGGATATCCGACTGCA-1,4
AGGATCACGCGATCTG-1,4
AGGATTGCTTACGACA-1,4
AGGCAAAGAGGAATCA-1,4
AGGCAATACGGAGGAC-1,4
AGGCACGTGACTGTCC-1,4
AGGCAGATGCGTAAAC-1,3
AGGCAGGGAGCGTACT-1,1
AGGCATTGTCGTAGGG-1,1
AGGCCACATTGGTTAC-1,3
AGGCCACCCGTTATGA-1,4
AGGCCCAGTGACTGGT-1,4
AGGCCCATTGTACAGG-1,1
AGGCCCTAGAACGCCA-1,4
AGGCCTATCATACCAA-1,4
AGGCCTGAGAATCTCG-1,4
AGGCGATAACTGGCGT-1,4
AGGCGGTTTGTCCCGC-1,3
AGGCGTCTATGGACGG-1,2
AGGCTATGGTTAGCTT-1,5
AGGCTTAAGTTGCACA-1,3
AGGCTTCCCGAAGAAG-1,3
AGGCTTGCTAGACACC-1,4
AGGGAAACGAGGTACT-1,2
AGGGACAGCACGGCGG-1,5
AGGGACCGGCTGCGTT-1,4
AGGGACTCTACGCGAC-1,5
AGGGAGACATACTTCG-1,2
AGGGCAGCGGCGTGGT-1,5
AGGGCCCTAATGTTCT-1,4
AGGGCGAGCAGCTGAT-1,1
AGGGCGTGATCGGCTA-1,1
AGGGCTGCAGTTACAG-1,3
AGGGTCAGTAACCCTA-1,2
AGGGTCGATGCGAACT-1,4
AGGGTCTGGACGCAGT-1,4
AGGGTGCCGTTCTTTA-1,5
AGGGTGCTCTCGAGGG-1,4
AGGGTGGATAGTGCAT-1,5
AGGGTGTGCTACACGC-1,2
AGGGTTCAGACGGTCC-1,1
AGGGTTCCCTTTGGTT-1,2
AGGGTTTAGTTCGGGA-1,5
AGGTAACCTCCTATTC-1,1
AGGTACGATATTGCCA-1,5
AGGTAGATCGAGATAT-1,1
AGGTAGGTACAAAGCT-1,5
AGGTATAATTGATAGT-1,1
AGGTATGCGGACATTA-1,5
AGGTCAGGTGAGAGTG-1,4
AGGTCGCCACTTCGGT-1,1
AGGTCGCCTCCCAACA-1,4
AGGTCGCGGAGTTACT-1,2
AGGTGCACGTCCACAT-1,1
AGGTGGTGACCTTCGC-1,4
AGGTGTATCGCCATGA-1,5
AGGTGTTGCCGACCAC-1,4
AGGTTACACCATGCCG-1,4
AGGTTCTCCTTTCCGG-1,3
AGGTTGAGGCACGCTT-1,3
AGGTTTCACACACCTT-1,4
AGTAACGTTCATCCTG-1,2
AGTAACTATAGCAGCC-1,4
AGTAATCTAAGGGTGG-1,1
AGTAATGTCTTGCCGC-1,1
AGTAATTTGCAAGCGT-1,3
AGTACAGAAGCTTATA-1,4
AGTACATCATTTATCA-1,2
AGTACCTTCGAGTGCT-1,2
AGTACGGCCCGTATCG-1,5
AGTACGGGCACCTGGC-1,3
AGTACGTGGCCTGTCT-1,2
AGTACTCTTATGCCCA-1,4
AGTAGAAGGCGCCTCA-1,4
AGTAGCGTGAACGAAC-1,1
AGTAGCTAGACGCCGA-1,2
AGTAGGAAGGAAGTTG-1,2
AGTAGGTAACATACAT-1,1
AGTATAATACTAGGCA-1,1
AGTATACACAGCGACA-1,1
AGTATCCATAATAACG-1,1
AGTATGCTGGAGACCA-1,1
AGTATTTGGCACGACC-1,4
AGTCAAATGATGTGAT-1,5
AGTCAACACCACCATC-1,3
AGTCAAGATGACACTT-1,4
AGTCACTAGCTCTCGA-1,4
AGTCACTCCGCCTCAT-1,1
AGTCAGCCACCGCCTG-1,1
AGTCCAGCGGGTACGT-1,1
AGTCCATTGGCTGATG-1,4
AGTCCCGCCTTTAATT-1,2
AGTCCCTCGCAGAAAG-1,2
AGTCGAAACGATTCAG-1,2
AGTCGACGGTCTCAAG-1,4
AGTCGGCCCAAACGAC-1,1
AGTCGGCTCAACTTTA-1,4
AGTCGGTTGCGTGAGA-1,4
AGTCGTATAAAGCAGA-1,4
AGTCGTCGACCACCAA-1,4
AGTCGTGGGCATTACG-1,4
AGTCTAAAGTATACTC-1,2
AGTCTCACAAGACTAC-1,1
AGTCTGGACATCCTTG-1,1
AGTCTTCTCCTCAAAT-1,5
AGTCTTTAAAGTGTCC-1,1
AGTGAACAAACTTCTC-1,4
AGTGAAGATGGTGTCC-1,2
AGTGACCTACTTTACG-1,3
AGTGACTGTGACACAA-1,3
AGTGAGACTTCCAGTA-1,4
AGTGAGCCTCGCCGCC-1,3
AGTGAGGGTTTCTGAC-1,2
AGTGAGTCGAATTAAC-1,4
AGTGATAACCTGCGCG-1,4
AGTGATATGAGTAGTT-1,3
AGTGATTCAAGCAGGA-1,4
AGTGCACGCTTAAGAA-1,4
AGTGCGTAGCTCGTAA-1,5
AGTGCTAAACACAGCA-1,1
AGTGCTTGCACGAATA-1,4
AGTGGCCCGCAAATGG-1,1
AGTGGCGGCAATTTGA-1,2
AGTGGCGTCTGAAGGT-1,4
AGTGGCTCCGTCGGCC-1,5
AGTGGGAGTATACACG-1,1
AGTGGTGTTACCCGTG-1,4
AGTGGTTGCGTATAGG-1,5
AGTGTATTGCGCATTG-1,2
AGTGTGCTAAGATCGC-1,1
AGTGTGGTCTATTGTG-1,1
AGTTAAACACTTGCGA-1,3
AGTTAAGCGGTCCCGG-1,2
AGTTAAGTCAACCGCT-1,1
AGTTACCCTTAAGACT-1,5
AGTTACCGCACATGGT-1,5
AGTTACTCTATCGTGG-1,2
AGTTATTCAGACTGTG-1,1
AGTTATTGAAAGGTAA-1,5
AGTTCACCGGTTGGAC-1,4
AGTTCCTACAGAATTA-1,4
AGTTCCTATTTATGTT-1,1
AGTTCTGCGTTGTATC-1,1
AGTTGACATCGGCTGG-1,1
AGTTGACGGTCCTTGC-1,4
AGTTGCGGTCCTCAAC-1,3
AGTTGCTGACTGATAT-1,1
AGTTGGCAAGGCTAGA-1,4
AGTTTATGTAAAGACA-1,2
AGTTTCGCAGGTCGGA-1,2
AGTTTGCACCTGCCTC-1,4
AGTTTGGCACGGGTTG-1,1
AGTTTGGCCAGACCTA-1,4
ATAAACCATTGGACGG-1,4
ATAAACGGACCCGTAA-1,1
ATAAACGTTGCACCAC-1,1
ATAAAGGCTCGGTCGT-1,1
ATAAAGGTCAAGTACG-1,2
ATAAATATTAGCAGCT-1,5
ATAACGCCGGAGGGTC-1,4
ATAACGGAGTCCAACG-1,3
ATAACGTTACCTCCAC-1,2
ATAAGCAAACACCGAG-1,2
ATAAGGTGGAGAACAT-1,4
ATAAGTACCCGATTGT-1,2
ATAAGTAGGATTCAGA-1,1
ATAAGTAGGGCGACTC-1,4
ATAAGTTACCGCGACG-1,3
ATAATACCGTTAGCCG-1,1
ATAATAGCTGTTGAAT-1,1
ATAATAGTGTAGGGAC-1,4
ATAATCTTGGAGAACC-1,4
ATAATTAGCTAAGTAG-1,4
ATACAGCGTCCACTGA-1,6
ATACAGGCCCTCCAAT-1,4
ATACCACGGGCAACTT-1,5
ATACCAGCAAATTGCT-1,1
ATACCAGGCTAATAGA-1,4
ATACCAGGTGAGCGAT-1,4
ATACCCTCCCGGCCAA-1,6
ATACCCTGGCTCAAAT-1,1
ATACCGTCATCCATAA-1,2
ATACCTAACCAAGAAA-1,4
ATACGAAGGCTTTCCA-1,4
ATACGACAGATGGGTA-1,2
ATACGAGGTTTGTAAG-1,5
ATACGCCGATCTACCG-1,4
ATACGCCGGCGAAACC-1,4
ATACGGAACGTCGTTT-1,3
ATACGGGTTTCGATTG-1,2
ATACGGTGAAGATGCA-1,5
ATACGTACTTAGCCAC-1,4
ATACGTCCACTCCTGT-1,4
ATACGTTATGCACGGA-1,4
ATACTACCCGTACCAC-1,1
ATACTAGCATGACCCT-1,2
ATACTCTCGCCACTCT-1,1
ATACTGCCTTACACCG-1,4
ATACTTGTTCTCGAGC-1,5
ATAGACAACGGGACCT-1,2
ATAGACGAAGAGAAAG-1,1
ATAGAGTACTGGGACA-1,4
ATAGAGTTATCAACTT-1,2
ATAGATTTGCAGTCGG-1,4
ATAGCAACTAGGGAAG-1,4
ATAGCCATAACAGTCA-1,4
ATAGCCTCAGTACCCA-1,4
ATAGCTGCTCTTGTTA-1,1
ATAGGAATCTAAGCTT-1,4
ATAGGCGGCTATAGAA-1,4
ATAGGCTAGCTTCGCA-1,2
ATAGGGATATCCTTGA-1,5
ATAGGTTGGGCAGATG-1,5
ATAGTCTTTGACGTGC-1,2
ATAGTGAAGCGTTCTC-1,3
ATAGTTCCACCCACTC-1,1
ATATAAAGCGCTCGTG-1,1
ATATAAATGTAGCTGC-1,4
ATATAACACGGGCGCA-1,4
ATATACATGTATGGTA-1,4
ATATACGCTCGTGACG-1,5
ATATAGAGTATTGGTC-1,3
ATATCAACCTACAGAG-1,4
ATATCAATTCCAGCCT-1,3
ATATCGGTAGGGAGAT-1,4
ATATCGTGCCAGACCC-1,2
ATATCGTTCCTCGAAC-1,4
ATATCTCCCTCGTTAA-1,2
ATATCTTAGGGCCTTC-1,5
ATATGGGATAGCAACT-1,4
ATATGTCTAGAGCGTG-1,1
ATATGTCTCCCTAGCC-1,4
ATATGTGCACAAACCA-1,2
ATATTATCCCGTATTT-1,1
ATATTCAGTTAAACCT-1,3
ATATTCCACATAGTGA-1,4
ATATTCCCACAGGTCA-1,4
ATATTGCTGTCAAAGT-1,1
ATATTGGAGAGGCCTT-1,4
ATATTTAACCCTCAAG-1,5
ATCAAACACTGTTCCA-1,4
ATCAAACGAAGGTTTG-1,4
ATCAAAGAGCCGTGGT-1,3
ATCAAGATCCCAGGAC-1,5
ATCAATCTGGGCTGCA-1,5
ATCAATGCCGTGGCTG-1,3
ATCACATTAGAATATC-1,4
ATCACGTGCTAATTAA-1,4
ATCACTTCATCCTCGC-1,3
ATCAGAAGCTGGTTGC-1,6
ATCAGACGGCACGCCG-1,3
ATCAGCCTCATGCTGC-1,4
ATCAGCTCGTCCACTA-1,4
ATCAGGTAGCTGACAG-1,4
ATCAGGTCGCCATTGC-1,2
ATCAGTAGGCAGGGAT-1,2
ATCATAGATCGACGAG-1,3
ATCATAGCCCTATGTA-1,4
ATCATCCAATATTTGT-1,3
ATCATCTGCCCAGTGT-1,5
ATCATGGACTACCGAC-1,4
ATCATTGTACCGCATT-1,3
ATCCAACGCAGTCATA-1,1
ATCCAATGGAGGGTCC-1,1
ATCCAATGGTACCGAA-1,5
ATCCACATCGACAGAA-1,4
ATCCACGCTAAATGTT-1,1
ATCCACTTTCAGACTA-1,2
ATCCAGAGCAACAACC-1,1
ATCCAGGATTCGTGAA-1,3
ATCCCATCCACAGCGC-1,3
ATCCCATTTCCGTGGG-1,5
ATCCGGACCAGCCTGA-1,4
ATCCTACCTAAGCTCT-1,3
ATCCTGAATCGCTGCG-1,5
ATCCTGCGTGGAATGG-1,3
ATCCTGCTGCAGATAG-1,4
ATCCTTCTGAAAGAAC-1,3
ATCGACCCAATACAGA-1,1
ATCGACTCTTTCCGTT-1,2
ATCGCACGATTGTTCA-1,5
ATCGCACGCCGGGAGA-1,5
ATCGCCAGTCAACATT-1,1
ATCGCCGTGGTTCATG-1,1
ATCGCTGCGTGCAGCA-1,2
ATCGCTTTACGTCTCA-1,4
ATCGGAGACAGACGGC-1,4
ATCGGCAAGCAGTCCA-1,2
ATCGGTTACCTAGTAA-1,5
ATCGTATTCCGAGAAC-1,5
ATCGTCCAATCGAGTC-1,4
ATCGTGGAAAGTCTGG-1,5
ATCGTTAGCTAGCGGA-1,4
ATCGTTCACTTTCGCC-1,2
ATCTAACGTCCCTATG-1,5
ATCTAATATCCTACGG-1,1
ATCTACCATCTGCTCC-1,4
ATCTAGCTTGTGAGGG-1,1
ATCTATCGATGATCAA-1,4
ATCTCATAAACCTACC-1,2
ATCTCCCACGGAATAT-1,1
ATCTCCCTGCAATCTA-1,3
ATCTCGTGAGCGAAAC-1,4
ATCTGACATGGAAGGA-1,1
ATCTGATAGTGTCTTA-1,4
ATCTGCACCTCTGCGA-1,1
ATCTGCTGTTATCGCC-1,4
ATCTGGGCTGTTCTTG-1,4
ATCTGGTTAAGACTGT-1,3
ATCTGTAATTGTACCC-1,4
ATCTTAGGGCATTAAT-1,3
ATCTTATCGCACACCC-1,4
ATCTTGACCTGCAACG-1,1
ATCTTGACTTGTCCAA-1,2
ATCTTTCGTATAACCA-1,2
ATGAAGCCAAGGAGCC-1,4
ATGAAGTGGACCCAGC-1,5
ATGACGCCGGCTCTAA-1,4
ATGACGCGTTCTATCC-1,4
ATGACTATCAGCTGTG-1,4
ATGACTATGCGACATT-1,4
ATGAGGAGTGTTAATC-1,1
ATGAGGGCAGCGGCTA-1,4
ATGATCGGGAATAGAC-1,1
ATGATGCAATGGTACA-1,3
ATGCACCTTCCTTAAT-1,5
ATGCACGCGCTGTTCA-1,5
ATGCACTACCGCATTG-1,4
ATGCATGATCCAGGAT-1,3
ATGCATTCCGTGATGG-1,5
ATGCCAATCGCTCTGC-1,2
ATGCCATTTGCGACCA-1,4
ATGCCGGTCTTGCATA-1,4
ATGCCGGTTGATGGGA-1,4
ATGCGACAATTGGTCC-1,2
ATGCGACAGTCCCATT-1,3
ATGCGAGTCCCACCAC-1,4
ATGCTCAGTGTTGCAT-1,1
ATGCTCTGGCGCGGTA-1,4
ATGCTTAGGAGTTGAT-1,4
ATGGAAATTTAAGGAG-1,3
ATGGAACAGAATAAAC-1,1
ATGGAACCTTTGCACA-1,4
ATGGACTGCTTAGTTG-1,3
ATGGAGCAGGCCGTGA-1,3
ATGGATCCGGCGTCCG-1,5
ATGGATTGACCAAACG-1,5
ATGGCAGCATTACGAT-1,3
ATGGCAGCCGAGAAAC-1,5
ATGGCCCGAAAGGTTA-1,3
ATGGCGGAATAGTCGC-1,4
ATGGCTGGAAATGGCC-1,2
ATGGGAACGGAAGCGG-1,2
ATGGGACCTGCTGAAC-1,3
ATGGGCCTCGGCCTCT-1,4
ATGGGTGTATACCTCC-1,3
ATGGTATTGGGAACCG-1,5
ATGGTATTTACTGATT-1,3
ATGGTCGCGTGGTTTC-1,4
ATGGTGCTCAAAGCCA-1,4
ATGGTTACGAAACATG-1,2
ATGTAAGGCTGCTCTT-1,4
ATGTACATGCGGTGAG-1,4
ATGTACGATGACGTCG-1,4
ATGTAGCGCGCGTAGG-1,4
ATGTCATAATAAACGA-1,3
ATGTCATTTCCCATTG-1,1
ATGTCTTGTTTGACTC-1,3
ATGTGAAAGCCTAATG-1,4
ATGTGCATCCGACGCA-1,5
ATGTGGACATCTTGAT-1,4
ATGTGTAGTTTAGTCA-1,4
ATGTTACGAGCAATAC-1,1
ATGTTCCTGCCCACCT-1,1
ATGTTCGTCGACCCAC-1,5
ATGTTGATTAGAGACT-1,1
ATGTTGTAGTCTGTTT-1,1
ATGTTTCGGCCCGGAG-1,4
ATGTTTGTAAGATCAT-1,4
ATTAAACATGCGGACC-1,1
ATTAAAGCGGACGAGC-1,4
ATTAACACCTGAGATA-1,4
ATTAATACTACGCGGG-1,5
ATTAATGAACCAGTCG-1,3
ATTAATTCGGTCACTC-1,2
ATTACAACTACCGGCC-1,2
ATTACATGTCAGTCTT-1,4
ATTACCACACTGCCTG-1,1
ATTACGACTCCACAGT-1,2
ATTACGCGCTGGCAGG-1,4
ATTACGGGCTACGGTT-1,3
ATTACTAGCCTCTTGC-1,4
ATTACTTACTGGGCAT-1,2
ATTAGATTCCTCAGCA-1,2
ATTAGATTGATAGCGG-1,4
ATTAGGCGATGCTTTC-1,1
ATTATACTTTGCTCGT-1,1
ATTATAGCTACTTTAC-1,4
ATTATCGGAATGTACG-1,1
ATTATCTCGACAGATC-1,2
ATTATGAGACCCAATT-1,3
ATTATGCCATAGGGAG-1,4
ATTATGCTCAGTATTG-1,2
ATTATTATGTCCGTCA-1,1
ATTATTCAGAGTCACT-1,1
ATTCAAAGTACCTGTT-1,1
ATTCAACCATTTAAGG-1,4
ATTCACTGATGTTGGA-1,1
ATTCAGATGAATCCCT-1,5
ATTCAGGACCTATTTC-1,2
ATTCAGGATCGCCTCT-1,2
ATTCAGTAGCAGGGTC-1,4
ATTCATATACTGTCCA-1,1
ATTCATCGTTGAGGCA-1,4
ATTCCCACATAAACAA-1,1
ATTCCCGAAGGTACAG-1,3
ATTCCTAAGACGTGGA-1,2
ATTCCTCCGCCAGTGC-1,1
ATTCCTTCCAGGCGGT-1,1
ATTCGACGCCGGGCCT-1,5
ATTCGCAGAGGACACT-1,2
ATTCGCGCCTTGAGAG-1,4
ATTCGTCCCGAGGTTA-1,3
ATTCGTGCTATCTCTT-1,4
ATTCGTTTATCGTATT-1,1
ATTCTCGTCTCTTTAG-1,1
ATTCTGAGTATGAACT-1,2
ATTCTTCGTACTTATG-1,2
ATTGAAGATCTTAGTG-1,4
ATTGAATTCCCTGTAG-1,3
ATTGACCGGCGATGAC-1,2
ATTGACGTAACTCGGT-1,3
ATTGATAGCAACGAGA-1,1
ATTGATCACCACATTT-1,3
ATTGATGAGTCCTAAC-1,1
ATTGCCTATTAGACCG-1,3
ATTGCCTTTATGTTTG-1,4
ATTGCGATCAGTAACT-1,4
ATTGCTGCTCCTCCAT-1,1
ATTGGATTACAGCGTA-1,4
ATTGGGAATATCTTGG-1,1
ATTGGGAGTTCTGTAA-1,2
ATTGGTAGGATCCGCT-1,5
ATTGGTTGTGCATTAC-1,4
ATTGTACAACTCGGCT-1,5
ATTGTCGCAATACCTT-1,2
ATTGTCTGTTTCATGT-1,4
ATTGTGACTTCGCTGC-1,2
ATTGTTCAACGATCCG-1,4
ATTTAACTCGTATTAC-1,2
ATTTACAGTTTACTGG-1,4
ATTTACTAAGTCCATT-1,5
ATTTATACTGGTAAAG-1,1
ATTTCATTATTTCGCG-1,5
ATTTCCGGGTTCTGCG-1,5
ATTTGCCTAGTTACGA-1,4
ATTTGCGCGAGTAGCT-1,4
ATTTGGAGATTGCGGT-1,3
ATTTGTCTTGGGAGCT-1,4
ATTTGTTCCAGGGCTC-1,3
CAAACCAGGTCTGCAT-1,4
CAAACCCTCCGGCGGG-1,4
CAAACGAGTATCGCAG-1,3
CAAACGGTCGCACTTT-1,1
CAAACGTGGTCTTGCG-1,3
CAAACTACGATAGAGA-1,2
CAAACTATTGAGCTTC-1,5
CAAACTCGCGACGCCG-1,4
CAAAGATTATTGGGCC-1,1
CAAAGGTCATCTGAAA-1,4
CAAAGGTTAAATTCAG-1,2
CAAAGTCAGGTTAGCT-1,1
CAAATCTCTCACAAGG-1,1
CAAATGCGGAGTGTTC-1,4
CAAATGTCCTTCCGTG-1,3
CAAATTGGATTATGCC-1,2
CAAATTGTCAGCAAGC-1,2
CAACACATCTCCTGCC-1,4
CAACAGAATAACGCTA-1,2
CAACAGTGCCAAACGG-1,4
CAACATGGCCTGATAA-1,5
CAACCAGTGGCCTACC-1,4
CAACCGCACCTAGACA-1,1
CAACCTACCGAGCAGT-1,4
CAACCTGAACCTGCCA-1,2
CAACGACCCGTTTACA-1,4
CAACGAGCTTATTATG-1,6
CAACGATCGATCCAAT-1,2
CAACGCGATGAGCCAA-1,3
CAACGGTTCTTGATAC-1,4
CAACGTGGTGGAGTCT-1,1
CAACTATATCGAATGC-1,2
CAACTCCAACGTTTAG-1,2
CAACTCCGTAACTTGC-1,2
CAACTCCTTGATCCCG-1,1
CAACTGAGGGTATGAC-1,2
CAACTGCTCATCCGAT-1,4
CAACTTGTAGTGGGCA-1,4
CAAGAAACCCTAAACT-1,2
CAAGACTCAGAAGCGC-1,4
CAAGAGGGCGGAGTAC-1,4
CAAGATATTATAACGT-1,4
CAAGCAACGTCGGAGT-1,4
CAAGCACCAAATGCCT-1,2
CAAGCGGCACATAATT-1,4
CAAGGATCGCATGTTC-1,4
CAAGGCCAGTGGTGCA-1,1
CAAGGGAGTGTATTTG-1,1
CAAGGTCCTATAGGCT-1,4
CAAGTAAGTGATAGAC-1,4
CAAGTCGTTGAAATCT-1,3
CAAGTGAACTTTGGTT-1,5
CAAGTGTGGTTGCAAA-1,4
CAATAAACCTTGGCCC-1,2
CAATACGAGAGTCTGA-1,4
CAATACGCTCTGAGGC-1,5
CAATATGTAGATTTAC-1,4
CAATATTCTTGACCTA-1,3
CAATATTGGACTAGTG-1,4
CAATCCATTATCCGTT-1,2
CAATCCCTATACCAGC-1,2
CAATCCTGCCGTGGAG-1,1
CAATGACCCTTAATTT-1,3
CAATGAGGTTCGACTA-1,4
CAATGCGAGAAGTATC-1,4
CAATGGAATCTACATA-1,2
CAATGGATCTCTACCA-1,2
CAATGGTCGGCCTGGG-1,2
CAATGTGCCAACCCTT-1,4
CAATTAAGGGTGATGA-1,5
CAATTGGGCCGCACTC-1,3
CAATTTCGTATAAGGG-1,3
CAATTTGACCGGGAAG-1,5
CACAAACCGCAGAACT-1,4
CACAAGAAAGATATTA-1,2
CACAAGCTAAGAAAGG-1,3
CACAATGAGCTGCTAT-1,3
CACACACGCTAACGAG-1,1
CACACAGCTTGCGCTC-1,4
CACACAGGGATAGATT-1,1
CACACGCGCTGTCTTA-1,4
CACACGTTTCAATGGG-1,2
CACACTTGTATTGCGA-1,2
CACAGAGACGAGGACG-1,3
CACAGCACCCACGGCA-1,5
CACAGCTAGGGAGTGA-1,2
CACAGGGCCATATAGT-1,4
CACAGGGCCGTTGTCA-1,4
CACAGTCCCGCTTCGC-1,4
CACAGTTCGCTTCCCA-1,4
CACATAAGGCGACCGT-1,4
CACATATTAGCAGGAT-1,4
CACATCGTGCACGCGC-1,1
CACATCTCACCGACGA-1,4
CACATGATTCAGCAAC-1,4
CACATGTTTGGACATG-1,1
CACATTCTTTCGATGG-1,2
CACATTTCTTGTCAGA-1,4
CACCAATCATCCGTCT-1,3
CACCACGCCACACAGA-1,4
CACCAGTCAGCATGCA-1,5
CACCATCGGAGGAGAC-1,5
CACCATGATCGCAAAG-1,2
CACCCAAATCTTATGT-1,1
CACCCACACGTCACCC-1,1
CACCCACGAGGCAATT-1,2
CACCCGCGTTTGACAC-1,4
CACCCGGTTTGTGACT-1,3
CACCCTAACAAGATCT-1,4
CACCCTTGGTGAGACC-1,4
CACCCTTTCCTCGCTC-1,1
CACCGATACACCGAGC-1,2
CACCGATGATGGGTAC-1,4
CACCGCCAGAAGGTTT-1,3
CACCGCCGACCAGCGA-1,2
CACCGCGTCCACTCTA-1,2
CACCGGAGATATCTCC-1,2
CACCGGGCATCACAAG-1,4
CACCGGTAGAGACATT-1,3
CACCGTATCCCATCCG-1,4
CACCGTTAGGGATCAC-1,3
CACCGTTGCGCGATAT-1,1
CACCTAATAGAGTCGT-1,1
CACCTAATCAGTTTAC-1,5
CACCTCGATGGTGGAC-1,2
CACCTCTACGAGTGTG-1,4
CACCTTGCGAAACTCG-1,3
CACCTTGGCGCCTTTG-1,4
CACGAAAGTTAGTCCC-1,4
CACGACCACAGACTTT-1,2
CACGACGTAATAGTAA-1,2
CACGACTAAAGTTCTG-1,5
CACGAGCAAACCAGAC-1,3
CACGATTGGTCGTTAA-1,4
CACGCACAGCGCAGCT-1,3
CACGCAGCGAGGCTTT-1,4
CACGCGGAACTGTTGC-1,4
CACGGACGTGGATGGC-1,2
CACGGCGCGCCAAAGG-1,2
CACGGGATTGAGGGTT-1,5
CACGTCAATCAATGGA-1,4
CACGTCGGCAACCTCT-1,1
CACGTCGGGTTCTAGA-1,1
CACGTCTATGATGTGG-1,2
CACGTTCGTGCTCTAG-1,4
CACGTTTCGTACACAC-1,4
CACTAAAGTTGCCTAT-1,5
CACTACGGGAGCTGCC-1,1
CACTACTCAGTTCTGT-1,5
CACTCAAGAGCTATGG-1,2
CACTCAGCTCTTGAGG-1,2
CACTCCTATGTAAGAT-1,1
CACTCCTCTCGGTCGG-1,2
CACTCGAGCTGAACAA-1,4
CACTCGGTTAGGAGGA-1,5
CACTCTCAAGCATCGA-1,4
CACTCTTCTGCTAGCC-1,4
CACTGACGATTGTGGA-1,4
CACTGTCCAAGTGAGA-1,1
CACTTAATCAGACGGA-1,1
CACTTCGCCACAGGCT-1,1
CACTTCGTCTTATCTC-1,1
CAGAACTTAGCCCTCT-1,4
CAGAATAACACACGGA-1,1
CAGAATATTCGTTATC-1,1
CAGACACCGATCGCTG-1,4
CAGACCTGTAAGTGTT-1,3
CAGACGAACCTGATAC-1,4
CAGAGACGGTCACCCA-1,1
CAGAGCATGAGCTTGC-1,5
CAGAGCGATGGATGCT-1,4
CAGAGGCGATGCATGA-1,4
CAGAGTGATTTAACGT-1,2
CAGATAATGGGCGGGT-1,1
CAGATACTAACATAGT-1,4
CAGATATGAAGATGAC-1,3
CAGATCATTTAAAGTC-1,2
CAGATCCTGGTTTGAA-1,1
CAGATGTTTGTCCCAA-1,4
CAGCAGCCCGTTCCTT-1,5
CAGCAGTCCAGACTAT-1,4
CAGCAGTCTGTGCTGC-1,4
CAGCCCTCACAGGCAG-1,4
CAGCCGGGCCCTCTAT-1,2
CAGCCTCCTGCAGAGG-1,2
CAGCCTCGATAGCGGT-1,4
CAGCCTCTCCTCAAGA-1,2
CAGCGATTCCCTTCAA-1,3
CAGCGCCAACACGATA-1,4
CAGCTCACTGAGACAT-1,3
CAGCTCGACAAGTTAA-1,2
CAGCTCGTGCTTGTGT-1,1
CAGCTCTGGGCTCACT-1,3
CAGCTGGCGTAACCGT-1,4
CAGCTTAGTAGGTAGC-1,4
CAGGAAGACTTTATAT-1,2
CAGGACAGCTGCCCTT-1,4
CAGGATATATCGTTGT-1,1
CAGGATCCGCCCGACC-1,4
CAGGCAGTCTTACCAG-1,4
CAGGCCAGTACCACCT-1,3
CAGGCCGTTTGGGTGT-1,3
CAGGCGCACGGTGGTC-1,1
CAGGCGCCATGCTAGG-1,4
CAGGGAGATAGGCCAG-1,6
CAGGGCTAACGAAACC-1,4
CAGGTTTAGTACTACA-1,2
CAGTAACTATTTATTG-1,2
CAGTAAGGGACGTCTC-1,3
CAGTAATCCCTCCCAG-1,1
CAGTACATTCTCTAAA-1,2
CAGTACCAGTTTACGT-1,4
CAGTAGATGATGTCCG-1,5
CAGTAGCCCACGCGGT-1,2
CAGTAGCGAGGTAGTA-1,1
CAGTCCAACGCCTTCT-1,2
CAGTCGAGGATGCAAT-1,2
CAGTCGGCCTAGATAT-1,1
CAGTCTCTCGGCTAAT-1,1
CAGTCTGTATACTGGG-1,4
CAGTGAATAAATGACT-1,3
CAGTGGTTGCACATGA-1,4
CAGTGTCCGCAGAATG-1,1
CAGTGTCGGCTGGCCC-1,4
CAGTGTTAATCTCTCA-1,3
CAGTTCAAATTGACAC-1,1
CAGTTCCGCGGGTCGA-1,1
CAGTTCGAGGACCCGA-1,4
CATAACGGACAGTCGT-1,4
CATAAGAAGCTTGGCT-1,4
CATAAGCTCTCCGTCT-1,4
CATAATGAGCGGGCGA-1,5
CATACAAAGCCGAACC-1,1
CATACACAAAGTCAGC-1,3
CATACACGGTTCCCAC-1,1
CATACCCGTACCCAGT-1,5
CATACGAACTAGCTGG-1,5
CATACGGCGTCTGGGC-1,4
CATACGGGTGCATGAT-1,5
CATACTATGTAATTGT-1,3
CATACTTAGGCAATAC-1,4
CATACTTCTTTCTCCG-1,4
CATAGAGGAGATACTA-1,4
CATAGCCGCCCGGGAT-1,4
CATAGCGTTGCCCACC-1,3
CATAGGGACACTTGTG-1,3
CATAGTACATTGAGAG-1,3
CATAGTAGCATAGTAG-1,1
CATAGTCAAATACATA-1,4
CATAGTCCACAAGAAC-1,1
CATAGTGGGCACGCCT-1,4
CATATACTACTGATAA-1,2
CATATAGGTACAGTCA-1,3
CATATGTCAGGCTACG-1,1
CATATTATTTGCCCTA-1,2
CATCAAACTGGCGCCC-1,2
CATCAACACCTACTAA-1,1
CATCATCTACCCGGAC-1,2
CATCATTACCCTGAGG-1,4
CATCCAATATAGTTTG-1,3
CATCCCGAGATTCATA-1,4
CATCCGCAGGCCCGAA-1,4
CATCCTCTCAAAGATC-1,4
CATCGAATGGATCTCT-1,1
CATCGCCCGCGGCCAA-1,1
CATCGGACGGGTTAAT-1,3
CATCGTCCGGTTACTA-1,5
CATCTACCCGAGAACG-1,2
CATCTAGTGAAGGGAA-1,4
CATCTATCCCGTGTCT-1,2
CATCTGCAGGATCATT-1,5
CATCTTACACCACCTC-1,1
CATGAACCGACATTTG-1,1
CATGAACCTCTTATCA-1,4
CATGACTTCGCTGAAT-1,5
CATGAGATGCACTCTC-1,4
CATGAGTCCATCACGG-1,3
CATGATACGGTGAAAC-1,1
CATGATCGCTTTGAGA-1,4
CATGATGCACAATTCT-1,3
CATGATGGAAGTTAGC-1,4
CATGCACATGAGAGGC-1,3
CATGCACGTGTTACTG-1,4
CATGCATGGAGACCCT-1,2
CATGCCAACTCGCAAA-1,4
CATGCGACCAGTTTAA-1,2
CATGCGTTAGACAGAA-1,2
CATGCGTTGAGAGGAG-1,5
CATGCTGGCTCCAATT-1,1
CATGGAAATGGGACCA-1,2
CATGGATTGTCTTCCG-1,4
CATGGCAGGAAGATCG-1,4
CATGGCTCCCTATGTC-1,5
CATGGGTATGCCTTAT-1,4
CATGGGTCGGGTGTGG-1,2
CATGGTAAGTAGCGTT-1,4
CATGGTATTAGTTTGT-1,3
CATGGTCTAGATACCG-1,5
CATGGTTTATTAATCA-1,1
CATGTAAGAGACATTT-1,4
CATGTAGGAGCGCCAA-1,5
CATGTCTCATTTATGG-1,4
CATGTGGGCTCATCAC-1,1
CATTACATAGATTGTG-1,2
CATTACGCAGGAAGGG-1,1
CATTACGTCGGCCCGT-1,2
CATTATAACAGGGTCC-1,4
CATTATCCCATTAACG-1,5
CATTATGCTTGTTGTG-1,4
CATTCACTGACAGCTA-1,4
CATTCAGGTCAGTGCG-1,1
CATTCCCATTCCGTCG-1,4
CATTCCCTAAGTACAA-1,1
CATTCGTCGTAGCGGT-1,4
CATTGATGAACACGCC-1,1
CATTGCAAAGCATAAT-1,5
CATTGCGAAATGGGCG-1,5
CATTGCGGGTCAATTC-1,2
CATTGTGTGCTAGATC-1,1
CATTTAGCGGACCATG-1,3
CATTTATCGTTCAAGA-1,5
CATTTCTAGCAGACTA-1,1
CATTTGAGTGGTACGT-1,3
CCAAACAGAACCCTCG-1,4
CCAAAGCAGTTGGTTG-1,5
CCAAAGTCCCGCTAAC-1,1
CCAAATAACAAGATTC-1,4
CCAAATCAAAGGGCAA-1,3
CCAACCTTATGTAACT-1,1
CCAACGATGCACTGAT-1,4
CCAACGCTTGCCAGGG-1,2
CCAACTTGATAGATCC-1,3
CCAAGAAAGTGGGCGA-1,1
CCAAGACTTCTGCGAA-1,2
CCAAGCGTAACTCGTA-1,5
CCAAGCTTGATCTCCT-1,4
CCAAGGAACAGAGAGG-1,1
CCAAGGTTGCCCTTTC-1,4
CCAAGTTTCTACAGAT-1,4
CCAATAGATTTCATCT-1,5
CCAATAGTGCCGTCGA-1,1
CCAATCGGTAGATCGA-1,2
CCAATGTCACAGCAAG-1,2
CCAATTACGGGTCGAG-1,2
CCAATTGAATGTTAAT-1,1
CCACAATGTACGTCTT-1,4
CCACACTGAGATATTA-1,3
CCACAGCTGAAATCAT-1,1
CCACAGTACCCATCCT-1,4
CCACATACTGCACCCA-1,4
CCACATGGCTCTTTAT-1,3
CCACCAACTTTACTGT-1,3
CCACCCAAGGAAAGTG-1,4
CCACCTGTATGGAATA-1,4
CCACGAATTTAACCTC-1,4
CCACGAGAAGAGAATC-1,3
CCACGGAGCCATAAGA-1,1
CCACGGCAGGTGTAGG-1,3
CCACGGTGCCCGGTAG-1,1
CCACGTAAATTAGACT-1,4
CCACTAAACTGAATCG-1,5
CCACTATCCGGGTCAC-1,4
CCACTCAGATCCGCAA-1,4
CCACTGGTGGCTGGTT-1,3
CCACTGTTTGGATTAA-1,1
CCAGAAACTGATGCGA-1,4
CCAGAAAGCAACTCAT-1,4
CCAGAGACAAAGCCGG-1,1
CCAGATAGTTGAGTGA-1,1
CCAGATGTAAATGGGT-1,2
CCAGCCTGGACCAATA-1,3
CCAGCGGGATCACCAG-1,4
CCAGCTACGCCTCATA-1,4
CCAGCTCGAACGCATT-1,1
CCAGCTGATGGTACTT-1,5
CCAGCTTCCGCCCGCA-1,1
CCAGGCGAGATGGTCT-1,6
CCAGGCTGGCGTCTGA-1,4
CCAGTAGTCTGATCCA-1,2
CCAGTCAAATCTCTTA-1,4
CCAGTCCATTATTCGA-1,1
CCAGTCTAGACGGCGC-1,3
CCAGTCTTGTCATAGA-1,4
CCAGTGAGCTCCTTGT-1,4
CCAGTGTACAGACCGA-1,3
CCAGTTCGGTAACTCA-1,4
CCATAAACAACCCGAC-1,3
CCATAACCTGTGCAGT-1,3
CCATACCTTTACTTGT-1,1
CCATACTCGCCTCTCC-1,1
CCATAGAGGCTGCCAG-1,3
CCATAGGTTGGCGTGG-1,2
CCATAGTCAGTAACCC-1,1
CCATATGGAAACTATA-1,4
CCATATTGGATCATGA-1,5
CCATCATAAGAACAGG-1,4
CCATCCATACCAAGTC-1,1
CCATCGCAGTTAAACT-1,1
CCATCTCACCAGTGAA-1,4
CCATCTTGTTCACAAT-1,1
CCATGCCCTAGATTTC-1,4
CCATGCCTGTTTAGTA-1,3
CCATGCTCTGCAGGAA-1,1
CCATGGCAAACGCTCA-1,3
CCATGGCCCTTGTACC-1,5
CCATGTTCATCTATAT-1,3
CCATTAGCGATAATCC-1,1
CCATTCCCTGCCCACA-1,1
CCATTGTTTCCTCCAT-1,4
CCATTTCTACCTATTA-1,4
CCCAAACATGCTGCTC-1,4
CCCAACATACGTCGCG-1,4
CCCAACCACACTAACA-1,2
CCCAAGAATGCACGGT-1,4
CCCAAGACAGAGTATG-1,5
CCCAAGTCATTACACT-1,4
CCCAATGAGATTTGCA-1,1
CCCAATTTCACAACTT-1,3
CCCAGAGGAGGGCGTA-1,2
CCCAGATTCCCGTGAC-1,3
CCCAGGAAGAATTCGA-1,4
CCCAGGTCTGAAGGCT-1,1
CCCAGTAAACTTGGGA-1,5
CCCAGTTAAGGCGCCG-1,4
CCCATATAGGTCGATT-1,4
CCCATTATTGTATCCT-1,1
CCCGAAGTTTCGCGAA-1,4
CCCGACCATAGTCCGC-1,5
CCCGAGTTTCTCCGTA-1,1
CCCGATAGCCTCGCCT-1,4
CCCGCAAATAATCATC-1,3
CCCGCAGCGCGAACTA-1,1
CCCGCAGGGCCCAAAG-1,3
CCCGCCATGCTCCCGT-1,1
CCCGCGCAATGCACCC-1,1
CCCGCTAGAGGGTTAA-1,5
CCCGCTTGCCCTCGTC-1,4
CCCGGCACGTGTCAGG-1,4
CCCGGCTAGGTGAGAA-1,1
CCCGGGTCGTTCAGGG-1,4
CCCGGTGGAAGAACCT-1,1
CCCGGTGTATCGGAAT-1,1
CCCGTAAGTCTAGGCC-1,4
CCCGTAGCTGGGAAGA-1,1
CCCGTCAGCGTCTGAC-1,4
CCCGTGAGGGCGGTGA-1,4
CCCGTGGGTTAATTGA-1,1
CCCGTTTCGCAGATGT-1,4
CCCTACCCACACCCAG-1,1
CCCTACTTGAACAATG-1,1
CCCTAGCTCTAAGGTC-1,3
CCCTAGGCAACAAGAG-1,4
CCCTAGTGTCAGGTGT-1,4
CCCTATGTAGAGCAGA-1,3
CCCTCAAGCTCTTAGT-1,5
CCCTCAGATCGAGAAC-1,3
CCCTCATTCTGGAATT-1,1
CCCTCCTCGCTCGTAT-1,4
CCCTCGATAATACACA-1,3
CCCTCGGGAGCCTTGT-1,4
CCCTGAAATGAGTTGA-1,4
CCCTGACTAACAAATT-1,5
CCCTGATGTAACTCGT-1,1
CCCTGCCCAATCCGCT-1,4
CCCTGCGCTACGCATA-1,5
CCCTGGCTGTTCCTTC-1,5
CCCTGGGAGGGATCCT-1,3
CCCTGGTATGGGCGGC-1,2
CCCTGTTGGCAAAGAC-1,1
CCCTTCTCGTACGCGA-1,4
CCCTTTAATGGAGTTC-1,5
CCCTTTGACAGGTCTT-1,1
CCGAAACACGACCTCT-1,6
CCGAAAGTGGTGAGCA-1,1
CCGAACACTGGGCCTC-1,1
CCGAACCTTCCCGGCC-1,4
CCGAAGCATTGACCAA-1,3
CCGAAGGGCGTACCGC-1,1
CCGAAGTATATTGTTC-1,1
CCGACAAACACATGAG-1,4
CCGACAAAGGGAGTGC-1,5
CCGACAATAGGCCGCC-1,4
CCGACGGGCATGAGGT-1,4
CCGACGTAAACACAAC-1,2
CCGACTCGCATAGTCT-1,6
CCGAGAAGTCGCATAA-1,1
CCGAGCTGTGCTTGTC-1,2
CCGAGGGATGTTAGGC-1,2
CCGATATGACGTAAGG-1,4
CCGATCTCAACCTTAT-1,1
CCGATCTTAAGAGGCT-1,2
CCGATTCGAGGGACCC-1,3
CCGATTGGTCAATGAA-1,2
CCGCACAAAGACCAAC-1,4
CCGCACACGAACGTGT-1,4
CCGCACGTGACCTCGG-1,1
CCGCACTTGCAATGAC-1,4
CCGCATGTGGTACGAT-1,1
CCGCCACCACAATCCA-1,1
CCGCCGGAACTTCTCG-1,5
CCGCCGGTCAACACAC-1,1
CCGCCGTTGAGGATAA-1,4
CCGCCTGCGAATTGGT-1,2
CCGCCTTGCGATGTCG-1,5
CCGCGATTTGGTAGGT-1,5
CCGCGCAAGATACCCA-1,3
CCGCGGAATGCGTCAC-1,3
CCGCGGGTACGAAGAA-1,1
CCGCGTAGGTAAGGGC-1,5
CCGCTATCAGCACCAG-1,1
CCGCTCCAGGGCGATC-1,4
CCGCTCCGGATAAGCT-1,6
CCGCTCTTCCGAACTA-1,4
CCGCTGGTGCCATTCA-1,5
CCGCTTACCTCACTCT-1,4
CCGCTTCGCGGTTAAC-1,4
CCGCTTGCTGACATGG-1,4
CCGGAAGTGCAATATG-1,4
CCGGAAGTTATCAGTC-1,3
CCGGAATGGTTTCAGT-1,1
CCGGAGCGTACTTTCT-1,1
CCGGAGGTCTTATGGT-1,2
CCGGCACGACCGTTTC-1,4
CCGGCCGCGAGCATAT-1,3
CCGGCGCATATTGGAT-1,4
CCGGCGTGAGACTCTG-1,4
CCGGGACCCGCAGAGA-1,4
CCGGGCGGTCTCGTCA-1,4
CCGGGCTAAGAATTTC-1,3
CCGGGCTGCTCCATAC-1,5
CCGGGTTCGAGGTTAC-1,5
CCGGTAATGGCTAGTC-1,4
CCGGTGCGAGTGATAG-1,1
CCGGTTTGTAATTGTG-1,4
CCGTAAGTTGGTCCCA-1,4
CCGTACCCAAGCGCCA-1,1
CCGTAGGAAATCCCTG-1,4
CCGTAGGGTTGTTTAC-1,4
CCGTATCTCGTCGTAG-1,3
CCGTATTAGCGCAGTT-1,2
CCGTCAACCTCTGGCG-1,3
CCGTGAGGCATTCATG-1,4
CCGTGCCCATGACGGC-1,1
CCGTGGAACGATCCAA-1,2
CCGTGTTAAATTCCAT-1,1
CCGTTACGTTAGAACA-1,2
CCGTTCCGAATCTCGG-1,3
CCGTTTCCTTTCCGTG-1,3
CCTAAACAGGGTCCGT-1,4
CCTAAAGGCTGACGCT-1,2
CCTAAATTAACGGTTC-1,4
CCTAAATTGTATCCTA-1,4
CCTAACCCAAACAAGT-1,4
CCTAACTAAGGCTCTA-1,2
CCTAAGTGTCTAACCG-1,1
CCTACAAGTCCGGAAT-1,2
CCTACAGTTGAGGGAG-1,4
CCTACATTCACAGACG-1,1
CCTACGCGACCTTACA-1,4
CCTACGGCTCAGTCGA-1,1
CCTACTCAACACGATT-1,4
CCTACTGCGGCGGCCA-1,2
CCTACTGCTTACACTT-1,4
CCTAGGCGTAGCGATC-1,4
CCTAGGTAAAGGTAGC-1,5
CCTAGTTAGTCGCATG-1,5
CCTATAATGAGTGCCC-1,4
CCTATACCGTCCTGTC-1,3
CCTATATCGTGTCACG-1,3
CCTATATTTGTCCTGG-1,4
CCTATCTATATCGGAA-1,3
CCTATGAAGTGGTGCC-1,4
CCTATGGCTCCTAGTG-1,5
CCTATGGGTTACCGTC-1,1
CCTATGGTCAAAGCTG-1,4
CCTATGTCCACTCCAC-1,4
CCTATTATTCCGGCCG-1,1
CCTCAACGATCGCTGT-1,4
CCTCACCAATCTTGAC-1,1
CCTCACCTGAGGGAGC-1,3
CCTCACCTTAGCATCG-1,2
CCTCACGTCAGCTAAT-1,4
CCTCATGCAGCTACGA-1,1
CCTCCCGACAATCCCT-1,2
CCTCCGACAATTCAAG-1,4
CCTCCTAGCTAGAGTC-1,3
CCTCCTGAGCCCACAT-1,3
CCTCCTGTTGTGTCGT-1,4
CCTCGAAGTGGACGGG-1,2
CCTCGACCCACTGCCT-1,5
CCTCGCCAGCAAATTA-1,3
CCTCGCGCGATATAGG-1,2
CCTCGCGCTGTGCGAT-1,1
CCTCGGACCGGGATAG-1,4
CCTCGGATGCTACCTG-1,5
CCTCGGTTTCCTTGCC-1,5
CCTCGTTACGCCTGTT-1,2
CCTCTAATCTGCCAAG-1,3
CCTCTACAAGGATTGG-1,3
CCTCTATCGATTAGCA-1,1
CCTCTCTCCCATCTAG-1,4
CCTCTGGCCTAGACGG-1,3
CCTCTGTACTATTCTA-1,1
CCTGAACGATATATTC-1,4
CCTGAATATTTACATA-1,5
CCTGACAAACTCGCGC-1,5
CCTGACCACCGATGGT-1,1
CCTGACGCAACCTTTA-1,2
CCTGAGAATAAATGCA-1,5
CCTGATTCGCGAAGAA-1,4
CCTGCCCGTTGTCTAG-1,5
CCTGCGATAGAACTGT-1,1
CCTGCGTTCTACGCTT-1,5
CCTGCTATTTGAGAAG-1,4
CCTGGAAACGTTCTGC-1,4
CCTGGCTAGACCCGCC-1,4
CCTGGTCGAATGTGGG-1,1
CCTGTAAGACATGATA-1,4
CCTGTACTCACGCCCA-1,3
CCTGTCACCCGGGCTC-1,5
CCTGTCCCTCACGTTA-1,4
CCTGTCGCCCGTAAAT-1,3
CCTGTCGTGTATGAAG-1,6
CCTGTGAAACCGTAAC-1,4
CCTGTGCATAGGAGAC-1,1
CCTGTGCGGATTGTAA-1,2
CCTGTTCAACCTCGGG-1,4
CCTGTTTGAAGACACG-1,4
CCTTAAGTACGCAATT-1,4
CCTTCAGTTAAAGTGA-1,4
CCTTCCGCAACGCTGC-1,3
CCTTCGTATAGAATCC-1,4
CCTTCTCAGCGTTCCT-1,4
CCTTCTTGATCCAGTG-1,5
CCTTGACCACTTTATT-1,1
CCTTGTGAACGTGGTT-1,5
CCTTTAAGGGAGCACT-1,4
CCTTTCAATGAAGAAA-1,2
CCTTTGAATTATGGCT-1,5
CGAAACATAGATGGCA-1,5
CGAAACGCAATTCATG-1,4
CGAACAGTATGGGCGT-1,4
CGAACATAGTCAGAAA-1,2
CGAACCCGCATGCGTC-1,3
CGAACCTCTTTCCTAG-1,3
CGAACGCCCAGTGCCG-1,1
CGAACGGCCGGACAAC-1,4
CGAAGACGGTGAGTGC-1,5
CGAAGACTGCCCGGGA-1,4
CGAAGATCAGTTTCAT-1,4
CGAAGCCACAGCATGG-1,6
CGAAGCTATAAATTCA-1,2
CGAAGGGTTTCAGATT-1,3
CGAAGTTGCTCTGTGT-1,4
CGAATCTGCTCGACGC-1,5
CGAATGAAGTCATTGC-1,3
CGAATGACGCATAATG-1,4
CGAATGGTAGGTCGTC-1,3
CGAATTACATGGTGTT-1,2
CGAATTCCCGGTTCAA-1,4
CGACAATTTGATCTAA-1,4
CGACACCGCTTAAGGA-1,2
CGACACGCTCCGACAG-1,4
CGACACGGATGCCCAC-1,2
CGACAGTTCGCGTTAT-1,4
CGACATGCGATCTTCT-1,2
CGACCCTTAACGCCGG-1,1
CGACCGTTGGTATTCG-1,3
CGACCTACTAGACAAT-1,4
CGACGCATCCGTACCT-1,3
CGACTCAGGATGTTAT-1,2
CGACTCGGTACACGGT-1,2
CGACTTTGTATAGCCT-1,5
CGAGACCCTAGAGTGT-1,1
CGAGACTACTGCTGCT-1,1
CGAGAGATGTGAACCT-1,5
CGAGAGCGCGTAGATA-1,5
CGAGAGCTTTCACTAC-1,4
CGAGAGGGTAGCCGCG-1,4
CGAGATGTTGCCTATA-1,4
CGAGATTTCGCTCGGG-1,4
CGAGCACTTCAAGTTT-1,1
CGAGCCGAGCACTCGA-1,1
CGAGCGTTGATCAGCC-1,1
CGAGCTGGGCTTTAGG-1,2
CGAGGAGCTTCCATAT-1,2
CGAGGATCGGGAACGA-1,4
CGAGGCCAGGCATTGG-1,1
CGAGGCTAAATATGGC-1,5
CGAGGGACTGCGGTCG-1,4
CGAGGGTATCCAGGTG-1,4
CGAGTACTAAAGAGGA-1,4
CGAGTGAAGGTACCAG-1,1
CGAGTGCTATAGTTCG-1,4
CGAGTTCTGTCCCACC-1,2
CGAGTTTATCGGACTG-1,4
CGATAACCAATTTGAG-1,2
CGATAATACTCAGGTT-1,4
CGATACCTCGCGGACA-1,3
CGATAGCGATACAGTG-1,3
CGATAGTCGTACTGCA-1,4
CGATATTAGCCGCAGG-1,4
CGATCATTAGAGGCAC-1,2
CGATCCACCATTGTTG-1,4
CGATCCGACCCAGTGC-1,3
CGATCCTCGCAACATA-1,4
CGATCGAGAAGCACCA-1,5
CGATCTGTTGGAGGAC-1,1
CGATGGACCCTACGCC-1,2
CGATGTTGTTATCTAC-1,3
CGATTAAATATCTCCT-1,1
CGATTCGCCTGGCTGC-1,4
CGATTTGTCATTAATG-1,3
CGCAAACACGAGTTAC-1,4
CGCAATCGATCATTAG-1,5
CGCAATTACTTTCGGT-1,1
CGCAATTAGGGTAATA-1,4
CGCAATTCTACAATAA-1,1
CGCACATGTCCACTAC-1,4
CGCACGTCTGTTTATG-1,5
CGCACGTGCGCTATCA-1,4
CGCAGAAACATTTGCG-1,2
CGCAGATCTTCACCCG-1,2
CGCAGGCGATCCAAAC-1,4
CGCAGTTCTATCTTTC-1,5
CGCATCATGGCTTCAG-1,2
CGCATCCATCAGCCAG-1,2
CGCATGCCGAATGCGT-1,4
CGCATGGTGCGATGCT-1,4
CGCATTAGCTAATAGG-1,5
CGCCAAGAAGCCGAGT-1,3
CGCCAATTATTGCGTT-1,5
CGCCACAGGTCGCGAT-1,4
CGCCACCCGCATTAAC-1,5
CGCCAGTAGTACCTTG-1,6
CGCCATCCGATTATGA-1,3
CGCCCAGCACGCCTAG-1,4
CGCCCAGCGTTTCACG-1,4
CGCCCGCTTCCGTACA-1,2
CGCCCTAATTGTTCAA-1,3
CGCCCTTACATCCACC-1,2
CGCCCTTGAAGGCTGA-1,1
CGCCGACTATTCGCTA-1,5
CGCCGCCCATGCCTGT-1,4
CGCCGCGTTCTGAACG-1,5
CGCCGGTGTCGCAGTA-1,2
CGCCGTCTACCCATCG-1,4
CGCCGTTCAGCATAGT-1,5
CGCCTCCCTCCTCTAT-1,4
CGCCTGGCCTACGTAA-1,4
CGCCTTTAGCATGCTC-1,4
CGCGAAGTGGCATACT-1,4
CGCGACACTGCGCAGC-1,5
CGCGACCGCGACAGAT-1,4
CGCGAGAGGGACTTGT-1,2
CGCGAGTCTGCCGGGT-1,4
CGCGCAAATGTCCAGA-1,1
CGCGCAAGGAACTACA-1,1
CGCGCATGTTTGATTG-1,1
CGCGCCCGACTTAATA-1,3
CGCGGCAGTATTACGG-1,4
CGCGGCTCAACTTGAA-1,4
CGCGGGAATTAGGCAG-1,4
CGCGGGAATTCCTTTC-1,4
CGCGGTAAGTCTAGCT-1,4
CGCGGTACGGTATACA-1,4
CGCGGTCACAAACCAA-1,2
CGCGTACATTCTGGAA-1,2
CGCGTCATATTAAACC-1,4
CGCGTGCTATCAACGA-1,4
CGCGTGGGCCTGTGTT-1,6
CGCGTTCATGAAATAC-1,4
CGCTACCGCCCTATGA-1,4
CGCTACGGGACATTTA-1,3
CGCTAGAGACCGCTGC-1,4
CGCTATACCGCCCACT-1,1
CGCTATCGTGGCTTTA-1,2
CGCTATTCAATGTATG-1,1
CGCTATTCTTAGGCTC-1,3
CGCTCGACATAATGAT-1,1
CGCTCTCCGTAGATTA-1,4
CGCTGAGGACGTCCAA-1,4
CGCTGGTGACTACCCT-1,1
CGCTGTGACGCCGCAC-1,4
CGCTGTGTGGATGTTG-1,4
CGCTTAGTATTGATAC-1,4
CGCTTATTCCCGGTCG-1,4
CGCTTCCACTGAAATC-1,1
CGCTTCGGTCTAAGAC-1,4
CGCTTGGACGGATAGA-1,4
CGCTTTCATACCGGTG-1,1
CGCTTTCCGCCAAGGT-1,4
CGCTTTCTTGCATTCG-1,3
CGGAAAGAATCAAACG-1,3
CGGAAAGCAAATGTGC-1,4
CGGAAATTTCACATCC-1,3
CGGAACGTAAACATAG-1,3
CGGACCTCTGTAGTTA-1,3
CGGACCTTTACGTCCC-1,4
CGGACGTTACTTGAAG-1,5
CGGAGCAATTTAATCG-1,4
CGGAGCATGGCGATCC-1,4
CGGAGCTTATAACACC-1,2
CGGAGTCCTAACCTGG-1,2
CGGAGTTTGAGAGACA-1,4
CGGATAAGCGGACATG-1,4
CGGATCCTCAAGGACT-1,4
CGGATGAATGCTGTGA-1,3
CGGCAAACATCGTGCG-1,1
CGGCAATAAGATCGCC-1,1
CGGCACCGTTAGCGCC-1,2
CGGCACTCAAGAAAGT-1,1
CGGCAGGGTCGGGTTG-1,5
CGGCCACGCACAAAGT-1,5
CGGCCAGAGCGACCAT-1,4
CGGCCCAACCTGTAGT-1,2
CGGCCCAGGTATATCC-1,4
CGGCGCCATCAATCCC-1,4
CGGCTCTAAAGCTGCA-1,4
CGGCTCTTCGTCGAAC-1,2
CGGCTGAAGGTTACGC-1,4
CGGCTGCAAGATTAAG-1,4
CGGCTTTGTATGATAA-1,2
CGGGAACGCCCTGCAT-1,6
CGGGAAGTACCGTGGC-1,3
CGGGAATATAGTATAC-1,1
CGGGAATTTATGTAAA-1,1
CGGGAGCTTCAGTGTA-1,4
CGGGAGTATACCGCCG-1,1
CGGGATCAATGTAAGA-1,3
CGGGCAGCTAAACCGC-1,1
CGGGCCATAGCCGCAC-1,1
CGGGCCTTCTTTGTAA-1,3
CGGGCGATGGATCACG-1,4
CGGGCTACTTAAATTG-1,2
CGGGTGTACCCATTTA-1,4
CGGGTTCGGCACGTAT-1,4
CGGGTTGTAGCTTTGG-1,1
CGGGTTTGTTAGGGCT-1,4
CGGTAACAAGATACAT-1,4
CGGTACGGCAAACCCA-1,4
CGGTACTAGAATCAAA-1,4
CGGTAGAGGTGCAGGT-1,2
CGGTATAGGTATTAGC-1,2
CGGTATGGGCACTCTG-1,1
CGGTCAAGTGGGAACC-1,3
CGGTCAGTCCATATTT-1,4
CGGTCCATGAGACTCC-1,2
CGGTCCGTCGCAAGCC-1,4
CGGTCTATCAACCCGT-1,2
CGGTGAAGACTAAAGT-1,5
CGGTGCAGATAGAACG-1,4
CGGTGCGCGTTGGTCC-1,3
CGGTGGGCTCCAGCCT-1,2
CGGTGTACTTGATCCC-1,1
CGGTTATCCAACAGTG-1,2
CGGTTCAAGTAGGTGT-1,2
CGGTTCCGGCTTCTTG-1,1
CGGTTGACCTGGCATA-1,5
CGGTTGAGTATCCTTC-1,5
CGGTTGGGCAGGGTCC-1,4
CGGTTGGGTTCAAGTT-1,2
CGGTTTACTGAACATT-1,1
CGGTTTATGAAGGAAC-1,2
CGTAAACGCTTGAGTG-1,1
CGTAAAGCAAGAAATC-1,3
CGTAAATAACAAAGGG-1,3
CGTAACGGAACGATCA-1,2
CGTAACTTCGACACTT-1,4
CGTAATAATTACGAGT-1,4
CGTACCGAAAGTCTAG-1,5
CGTACCTGATAGGCCT-1,3
CGTAGAGAGTAATTAT-1,4
CGTAGCGAATTGTCAG-1,1
CGTAGCGCCGACGTTG-1,4
CGTATCTAGAACTAAG-1,4
CGTATTAAGAGATCTA-1,5
CGTATTGTTTCCTAAT-1,2
CGTATTGTTTGGCGCC-1,6
CGTCAAATGGTCGCAG-1,2
CGTCAAGGCTATAAAT-1,5
CGTCAATCTTTAACAT-1,5
CGTCACGTCCATTGGT-1,3
CGTCAGCTATTTACTC-1,1
CGTCAGTGCGCACAAG-1,1
CGTCAGTTTATCGTCT-1,4
CGTCATACCATATCCA-1,1
CGTCCAGATGGCTCCA-1,1
CGTCCTCATCGCGTGC-1,4
CGTCGCATGTGAGCCA-1,4
CGTCGCGGCGGGATTT-1,5
CGTCGCTTGGTTATAC-1,3
CGTCGGATAGTGTTGA-1,1
CGTCGGGTCTAAGCGC-1,1
CGTCGTCCTTCGCGAA-1,4
CGTCTCTCGCCGAGGC-1,2
CGTCTGGAAGGGCCCG-1,2
CGTCTTGAGTGTGACG-1,4
CGTGAACTGACCCGAT-1,6
CGTGAAGTTAATTCAC-1,2
CGTGACATTGGGTCGT-1,2
CGTGACCAGTCCTCTG-1,4
CGTGCACACCACTGTA-1,4
CGTGCAGACTGGGACA-1,4
CGTGCATTGTCGACGC-1,5
CGTGCCCGACATTTGT-1,4
CGTGCCCTCCCGAAGA-1,4
CGTGCTGGCCTAGTCG-1,1
CGTGCTTCTACCTAAA-1,5
CGTGGAAGCCTCGTAC-1,1
CGTGGCCGAATATCTA-1,4
CGTGGTACCCAAAGGC-1,4
CGTGTATGGGAGCTGA-1,5
CGTGTCCCATTCGCGA-1,4
CGTGTCTCGTTACGAC-1,4
CGTGTGTTAAACCCTG-1,4
CGTTAAACTAGTTAGG-1,1
CGTTAAATACGACCAG-1,1
CGTTAATGTCCCGACG-1,4
CGTTAGCTCACAACTG-1,2
CGTTATCATACTTCCA-1,4
CGTTCAAGGAAACGGA-1,4
CGTTCAGACCCGCGAA-1,4
CGTTCATGGTGCGCGT-1,4
CGTTCTTCGCACACCT-1,2
CGTTGAATACCGCGCT-1,4
CGTTGAGCGACCGTCG-1,4
CGTTGAGTAATTGCGT-1,1
CGTTGCCCGCGTGGGA-1,4
CGTTGTAAACGTCAGG-1,4
CGTTGTAAGATTGATT-1,2
CGTTGTCGGCAATTGA-1,4
CGTTGTTTCAATTCCC-1,1
CGTTTAAGCGGAGCAC-1,4
CGTTTACAAGGCAGCT-1,2
CGTTTCACTTCGGGCG-1,2
CGTTTCGCTCATTACA-1,4
CGTTTCGGTTATATGC-1,4
CGTTTGGTGTTGTGGG-1,4
CGTTTGTGTAGAGGGT-1,3
CTAAACGGGTGTAATC-1,4
CTAAAGAATGCCTACT-1,1
CTAAAGGATGAGATAC-1,3
CTAAAGGGAAATAGGA-1,1
CTAAAGTCCGAAGCTA-1,1
CTAAATCCGGTGTACA-1,1
CTAAATCCTATTCCGG-1,3
CTAACAGCACAATAAC-1,3
CTAACCGCGCGCCCGT-1,5
CTAACGAAACTTGCTG-1,2
CTAACTGATAATCGCC-1,4
CTAACTGGTCCGGTTC-1,1
CTAAGGGAATGATTGG-1,4
CTAAGTACAGGGCTAC-1,2
CTAATGCGCCCAACAA-1,1
CTAATTATGAAGCGTA-1,2
CTAATTCGCACGCGCT-1,1
CTAATTCTCAGATATT-1,4
CTAATTTCAACAACAC-1,1
CTACAAGAAATAACCC-1,1
CTACACTAGCTTGTTC-1,4
CTACACTCGCAGATGG-1,4
CTACATATCGCGGGAC-1,3
CTACCCTAAGGTCATA-1,4
CTACGAACTAGGTCGA-1,4
CTACGACTAGCTATAA-1,5
CTACGATCCTATCCTA-1,3
CTACGCACGGAGTACC-1,3
CTACGCCATTTCCGAT-1,3
CTACGTGTTGCCACCA-1,1
CTACTATCATAGGTTT-1,1
CTACTATCTTTCAGAG-1,2
CTACTCAAGGTATAGT-1,4
CTACTCTAGGCCCGGC-1,1
CTACTGCCACCTGACC-1,5
CTAGACATATATGTAG-1,2
CTAGACTGCATTTCGT-1,2
CTAGATAAACTCCTCG-1,1
CTAGATGTGAGTGTAA-1,1
CTAGATTTACGACGGC-1,4
CTAGCAACTAATTTAC-1,4
CTAGCATAGTATAATG-1,5
CTAGCCACAGGCGAGC-1,4
CTAGCCCGGGAGACGA-1,6
CTAGCCGATGTTATGA-1,2
CTAGCGCCAATCCTAC-1,5
CTAGCTTAATGGTCCC-1,2
CTAGGCGCCCTATCAG-1,4
CTAGGCGGCAGAGAAT-1,4
CTAGGGATAGGGACAA-1,5
CTAGGTCTGAAGGAAT-1,1
CTAGGTTCGGACGTGA-1,4
CTAGTAGAAAGGGATT-1,4
CTAGTATTCGGAATTA-1,2
CTAGTCACGTCTTAAG-1,4
CTAGTGAAGGACAGGA-1,4
CTAGTTACAACCCGGT-1,4
CTAGTTGGGCCCGGTA-1,5
CTATAAGAGCCAATCG-1,2
CTATAAGTAGGGTTTG-1,6
CTATACTTAAAGCGAG-1,3
CTATAGGCGTTGATGT-1,1
CTATATCCAGCCTGGC-1,5
CTATCACAACGCTGGA-1,4
CTATCGACGAAATACA-1,4
CTATCGCGTAGAGAAC-1,4
CTATCGGGTCTCAACA-1,5
CTATGAACACCTTGCC-1,3
CTATGCCCGAATGCAA-1,4
CTATGGGAAGCGGAAT-1,4
CTATGTCACTAGCCCA-1,5
CTATGTCTATTGAAAC-1,1
CTATGTGAGTCACGGC-1,4
CTATTCATGTGTCCCA-1,1
CTATTGTGTTTGGTCA-1,2
CTATTTGCTTGGAGGA-1,4
CTATTTGGTTACGGAT-1,4
CTCAAACCACTGCCCG-1,4
CTCAACTAACCCGGAT-1,4
CTCAAGACATTAGCGC-1,2
CTCACACGCAAGCCTA-1,2
CTCACATTTACTAAAT-1,4
CTCACCAGTACAAGTG-1,5
CTCACCGATCCAAACT-1,2
CTCACTGTGATACTTA-1,4
CTCACTTGGCTGGTAA-1,5
CTCAGAGCTAATGTCG-1,5
CTCAGATTGTGATAAG-1,5
CTCAGCAGACTGCCGA-1,4
CTCAGGACTCACCTGT-1,1
CTCAGTCACGACAAAT-1,2
CTCATAAATGTGTATA-1,4
CTCATCACTTAGTGAT-1,4
CTCATGGCTCACAATC-1,2
CTCATGGTAATTTGCG-1,1
CTCATTAACGTTGCCC-1,4
CTCATTCGTGAACATC-1,5
CTCATTGCTCTAACAA-1,4
CTCATTTGATGGGCGG-1,2
CTCCCAATGAGTCGCG-1,4
CTCCCTCCTTTCGATC-1,1
CTCCCTTGTATCAAGG-1,6
CTCCGAGTAAATCCGC-1,2
CTCCGCCCACATGAGG-1,3
CTCCGGCCTAATATGC-1,3
CTCCGGCTTGTAGACA-1,4
CTCCTAAGTTATGTCT-1,1
CTCCTAGTAATCGTGA-1,3
CTCCTCCAGCTCACAC-1,4
CTCCTGTTCAAGGCAG-1,4
CTCCTTTACGCAAGTC-1,2
CTCGAATGGAACGTAT-1,2
CTCGAGACATACGATA-1,3
CTCGAGATCCAAAGCA-1,5
CTCGAGGCAAGTTTCA-1,3
CTCGAGGTCGAACAGT-1,5
CTCGATATTTGCGAGC-1,2
CTCGCACCTATATAGT-1,5
CTCGCATTGCATAGCC-1,3
CTCGCCGAATGTAGGG-1,5
CTCGCTAGGTAAGCGA-1,4
CTCGGGATAACACCTA-1,4
CTCGGGCATCGTCGGG-1,4
CTCGGGTTCTCTGGCC-1,5
CTCGGTACCACTGCTC-1,4
CTCGGTCCGTAGCCTG-1,1
CTCGGTTGTCGGCCCT-1,1
CTCGTCGAGGGCTCAT-1,1
CTCGTCTGTGCCTTCG-1,1
CTCGTGGCACTGAAAG-1,3
CTCGTTACGGCTACCA-1,5
CTCGTTTCTAATGTTT-1,2
CTCTAACACCGGCAGC-1,3
CTCTAATGCATTGATC-1,2
CTCTACACTGGCGATT-1,4
CTCTACATCCTGCGTG-1,4
CTCTAGCCCTCGGAAA-1,4
CTCTATTTGGCTGCAG-1,1
CTCTCACAATCGATGA-1,3
CTCTCGATGTGCGCCT-1,1
CTCTCGCTGTACTATG-1,5
CTCTCTAACTGCCTAG-1,5
CTCTGCAGGCATTCTT-1,3
CTCTGCGAAGCAAGCA-1,4
CTCTGGACGCCTGGTG-1,5
CTCTGTCCATGCACCA-1,4
CTCTGTGCCTGCTATG-1,3
CTCTGTTTGAGGATTC-1,5
CTCTTCTATTGACTGG-1,4
CTCTTCTGGAAGTTAG-1,1
CTCTTGTCCCGCTTGG-1,1
CTGAAACGGCCCTCAG-1,2
CTGAAAGAGATCCGAC-1,2
CTGAATCCGAGACCTC-1,3
CTGAATTTATTGCCAG-1,2
CTGACATAGAAATAGA-1,4
CTGACTGCGCAGCTCG-1,2
CTGAGAAAGTTCGGCG-1,4
CTGAGAGTAGAAATAC-1,4
CTGAGCAAGTAACAAG-1,1
CTGAGCGAGACTTATT-1,4
CTGATAGTGTATCTCA-1,5
CTGATCCCTTTATGCA-1,3
CTGCAAATGGGCTCCA-1,4
CTGCAAGCACGTTCCG-1,4
CTGCACAACTACATAT-1,4
CTGCACCTAGTCCACA-1,4
CTGCACCTGGAACCGC-1,4
CTGCACTCCAGTACAG-1,4
CTGCAGAGAATCAGAG-1,4
CTGCAGGGTGACGCTC-1,3
CTGCAGGTGCTCGGCC-1,1
CTGCCAAGGTTGGAAG-1,3
CTGCCATGCATCACAT-1,4
CTGCCCACGAAGCGTT-1,5
CTGCCTAGCCACCAAG-1,5
CTGCCTCATATGCAAC-1,4
CTGCCTTTAATACCTT-1,5
CTGCCTTTCTAGTAAA-1,1
CTGCGACCTCGCCGAA-1,4
CTGCGATTTCGAGATT-1,3
CTGCGGGTGAAATGTT-1,5
CTGCGGTAGTCACGTG-1,2
CTGCGTTACGATATAA-1,2
CTGCTCTCAACACACC-1,3
CTGCTCTGACGGCAAA-1,3
CTGCTGAGGCCACGAA-1,1
CTGCTGTCTAACGAGC-1,1
CTGCTTGGCGATAGCT-1,1
CTGCTTTATGTCCGCG-1,2
CTGGAAATGGATGCTT-1,3
CTGGAAGACACGGTGG-1,4
CTGGACGCAGTCCGGC-1,5
CTGGATTTACACTTGA-1,1
CTGGCATCCGAATGAG-1,1
CTGGCGACATAAGTCC-1,1
CTGGCGATTTACATGT-1,4
CTGGCGCACAGGTCTG-1,4
CTGGCGGGAATAAGTA-1,1
CTGGCTCCTGCGGGAT-1,1
CTGGCTGATTCATCCT-1,4
CTGGCTGCTAACGTAA-1,1
CTGGCTGGTTGTCAGT-1,1
CTGGGATAAATAATGG-1,4
CTGGGATACGCTACCC-1,4
CTGGGATCGCCCAGAT-1,4
CTGGGCACTAGTCGGA-1,2
CTGGGCCTGCTATATC-1,1
CTGGGCGGCCAAATGT-1,5
CTGGGCTACTGGAGAG-1,1
CTGGGCTATCCTTTGG-1,1
CTGGGTAGGCAGTTAA-1,4
CTGGGTTGAGTTAAAG-1,5
CTGGTAAAGACTTACA-1,1
CTGGTAAAGTGTGGGC-1,4
CTGGTAACACATAGAA-1,4
CTGGTAACGAGCTCTT-1,2
CTGGTCATTCCAATCC-1,1
CTGGTCCTAACTTGGC-1,2
CTGGTGAATGGGCCTA-1,3
CTGGTTCAACGCATCA-1,1
CTGGTTCGCGAGCTAC-1,4
CTGGTTTCGAGCAAGA-1,4
CTGTACTTCTTAGCAT-1,3
CTGTAGCCATCTCACT-1,4
CTGTAGTGAGGATCGA-1,4
CTGTATGGTGTAGAAA-1,1
CTGTCAAATGGCTCGG-1,2
CTGTCACGCCAGGCGC-1,2
CTGTCCTGCGCACTAC-1,6
CTGTCTGTGGCTGGCT-1,1
CTGTGCAGGGTAGGTC-1,4
CTGTGGTCGGGAGATA-1,4
CTGTTACCCAATCTAG-1,1
CTGTTCACTGCCTGTG-1,1
CTGTTCATCTCACGGG-1,1
CTGTTGGCTCTTCTGA-1,5
CTGTTGTTCAGTCGTA-1,3
CTTAAATAAGACCCAT-1,5
CTTAACTTACAGTATA-1,1
CTTAACTTCGAAGTAC-1,2
CTTAAGCAGCGAGCCG-1,3
CTTAATCGACTTAGTA-1,3
CTTACACGGTATTCCA-1,4
CTTACACTGGGAAATA-1,1
CTTACATAGATTTCTT-1,4
CTTACTGACTCCTCTG-1,4
CTTAGATGTTTCATCC-1,4
CTTAGCCCGGATAGTG-1,5
CTTAGCCTTCCACATG-1,1
CTTAGGTATAGACCAG-1,3
CTTAGGTCCCAATCGT-1,2
CTTAGTAGGCCTACAG-1,2
CTTAGTGTAGTAGCAT-1,4
CTTAGTTGAGGAATCG-1,5
CTTATAGATGGCTGTT-1,4
CTTATGCGCTCAGGGC-1,4
CTTATGTTGACTACCA-1,1
CTTCAACTCCACTTGG-1,4
CTTCACGCCCTGGTAC-1,3
CTTCAGTGGTCGCCTA-1,1
CTTCAGTTGGACAACG-1,4
CTTCATAGCTCAAGAA-1,1
CTTCATTGTCAGTGGA-1,3
CTTCCGCTCCGTGAAG-1,4
CTTCCTGCATATTTAC-1,4
CTTCGATTGCGCAAGC-1,4
CTTCGGCCAATTGTTT-1,1
CTTCGTAGATAGGTGA-1,3
CTTCGTGCCCGCATCG-1,4
CTTCTATGTTGAAGTA-1,1
CTTCTATTAATGCTAG-1,3
CTTCTGGGCGTACCTA-1,5
CTTCTTACGTCGTATA-1,4
CTTGACCCGAAAGATA-1,2
CTTGAGGTTATCCCGA-1,1
CTTGAGTTAGGGTAAT-1,4
CTTGATGACCATCCAG-1,5
CTTGCAACCGCCTCCT-1,1
CTTGCCCACCCACGCA-1,1
CTTGCCCAGGCTCTAC-1,1
CTTGGCCAAGCTGGGA-1,4
CTTGTACTTGTTGACT-1,4
CTTGTCAACATTCGAG-1,1
CTTGTCGTACGTGTCA-1,4
CTTGTGAGGACAGCGG-1,5
CTTGTGAGTCTTTGAC-1,1
CTTGTGCTCACCGATT-1,2
CTTGTTGCTGAGTCAA-1,4
CTTGTTTATGTAGCCA-1,1
CTTTAACTTTCAAAGG-1,5
CTTTAATATTGGTCGA-1,4
CTTTACCGAATAGTAG-1,4
CTTTAGGAACACTGTT-1,4
CTTTAGTGCTATTATT-1,1
CTTTATCCGACGCATG-1,3
CTTTCTGTGCGGGCTT-1,1
CTTTGAAACATATTCC-1,2
CTTTGACGTCGCTTCT-1,4
CTTTGCATCGCTCTTG-1,4
CTTTGCTGTCATGGAT-1,1
CTTTGGCAGACAGAGT-1,4
CTTTGGCGCTTTATAC-1,5
CTTTGGCTTTAGTAAA-1,1
CTTTGGGATTGTTGCA-1,4
CTTTGTCGAATGCTCC-1,3
GAAACAGATGACCACC-1,4
GAAACAGCCATGCAGT-1,4
GAAACATAGGAAACAG-1,5
GAAACCATGGTGCGCT-1,2
GAAACCGAATTACCTT-1,3
GAAACCTATACAAATG-1,4
GAAACTCGTGCGATGC-1,4
GAAACTCTAATGAAGG-1,5
GAAAGAACAGCGTTAT-1,4
GAAAGCAGTGCACTTT-1,1
GAAAGCCCTTTGGACC-1,5
GAAAGTGACTAACTGC-1,1
GAAATACCTGCTGGCT-1,2
GAAATACTAAACGTTT-1,1
GAAATATCACCATCAG-1,5
GAAATATGCTTGAATG-1,2
GAAATCGCGCGCAACT-1,2
GAAATCTGACCAAGTT-1,5
GAAATGGCGGTGTTAG-1,3
GAAATGGGATGTAAAC-1,1
GAAATTAGCACGGATA-1,2
GAAATTCACATCGCTG-1,4
GAAATTGTCTCTATAA-1,3
GAACAACTGGGATGAA-1,4
GAACACACATCAACCA-1,4
GAACAGATTACTAAAT-1,4
GAACATTAGTATGTTA-1,2
GAACCATCTGGGAGAC-1,4
GAACCCTCTGTGTTCT-1,1
GAACCTCGACCTACAC-1,4
GAACCTTTAACGATCC-1,4
GAACGACCGAATGATA-1,2
GAACGATAAGTTAAAG-1,4
GAACGCGGGTCACACG-1,1
GAACGGTGTAAAGCAG-1,2
GAACGTCTCATGGTCG-1,4
GAACGTTAGGAAGACG-1,5
GAACTGTGGAGAGACA-1,1
GAACTTAGCGCCCGGT-1,2
GAACTTGTGCACGGGA-1,2
GAAGAAACGATATTGT-1,5
GAAGAACGGTGCAGGT-1,1
GAAGACTTCAATGCCG-1,4
GAAGCAAGGCAATGTT-1,5
GAAGCCACTGATTATG-1,4
GAAGCCGGGTAAGCTC-1,5
GAAGCCTGCACATTCC-1,4
GAAGCGTGAGGAATTT-1,5
GAAGCTCGGACCCGTC-1,1
GAAGCTCTTTGCTTAG-1,4
GAAGCTTGCTGACCGC-1,4
GAAGGACTAAATTGAA-1,5
GAAGGAGTCGAGTGCG-1,4
GAAGGCTACCATTGTT-1,2
GAAGGGCATAACCATG-1,5
GAAGGGTCATTAAGAC-1,4
GAAGTCAGTTGCACTA-1,1
GAAGTCTCCCTAGCGA-1,4
GAAGTGATTTATCGTG-1,3
GAAGTGCTGGATAGCT-1,4
GAAGTTTCCACTCAAT-1,4
GAATAGACGCGACCCA-1,4
GAATAGCATTTAGGGT-1,1
GAATAGCCCTGCGGTC-1,2
GAATAGTGCTCGATTA-1,1
GAATATTCGGAGTCCC-1,2
GAATCGACATGGTCAC-1,4
GAATCGCCGGACACGG-1,1
GAATCTATACTCGGAC-1,1
GAATCTGAACATTCTC-1,1
GAATGAAGGTCTTCAG-1,2
GAATGCCGAAATGACC-1,4
GAATGCGAATCGGTTC-1,4
GAATGGGCTTATCGAC-1,4
GAATGTATGGCAGGTC-1,2
GAATGTGGTCCGGATT-1,4
GAATGTTGGGTAATCT-1,3
GAATTATAGTGAAAGG-1,5
GAATTATGCAACCTAC-1,1
GAATTCACCCGGGTGT-1,1
GAATTTCTCGCTGCAG-1,1
GACAAACATATGCAGG-1,4
GACAACGACCATTGAA-1,3
GACAACGCAGCTTACG-1,4
GACAAGACGCCCGTGC-1,4
GACAAGAGATGAGATT-1,4
GACACAAGGGAAGAAA-1,5
GACACAGCCGGGACTG-1,1
GACACCCAAAGACGCG-1,3
GACACGAGTTAGAGGA-1,1
GACACTGAGTTCAGTG-1,3
GACACTGGAACCCGAT-1,1
GACACTTCCAATTACC-1,4
GACAGAGGTCTTCAGT-1,3
GACAGATTTCTGGCTC-1,5
GACAGCCAGACCTGAC-1,4
GACAGGCACACACTAT-1,5
GACAGGTAATCCGTGT-1,1
GACATACTGTCGCAGA-1,5
GACATCCGTCGAACTG-1,4
GACATCGATTTATAAC-1,1
GACATTTCGCCCAGCC-1,3
GACCAAACGTTGACTG-1,1
GACCACACTTCCCTTT-1,4
GACCAGAGCCCTGTAG-1,4
GACCAGGTCATTCATA-1,4
GACCCAATTATGATAC-1,4
GACCCGTCGCCGGCTA-1,2
GACCGACCGCTAATAT-1,4
GACCGACGTGAAAGCA-1,4
GACCGACTGAAGCGTC-1,5
GACCGATTAAATATGT-1,3
GACCGCGTCTGACGTG-1,4
GACCGGTGATACTCTC-1,6
GACCGTCAGGTCGTGA-1,2
GACCGTGCTGACGGTG-1,3
GACCGTTACATGCGAC-1,4
GACCTGGTCTGGGCGT-1,1
GACCTTCCACGTCTAC-1,4
GACGACGATCCGCGTT-1,4
GACGACTTTCCAAGAA-1,5
GACGAGGCTAATAAAC-1,4
GACGATATCACTGGGT-1,3
GACGCATACCCGTCGG-1,3
GACGCCGTAAAGGCTA-1,1
GACGCCTGTTGCAGGG-1,1
GACGCTTGCTTCTAAA-1,5
GACGGACCGCGTTCCT-1,4
GACGGGATGTCTTATG-1,4
GACGGGCATCGAATTT-1,4
GACGGGTTGGCCCGTA-1,4
GACGGTCAATAGAAGC-1,2
GACGGTCCTAGGGTGT-1,1
GACGTGAGACTCCATG-1,1
GACGTGTAGGGATTAT-1,5
GACGTTCGTAAATACA-1,2
GACGTTGCTCGGCGGC-1,3
GACTAACACAGCACCT-1,2
GACTAAGATCATGCAC-1,4
GACTAAGTAGGCTCAC-1,1
GACTACAAAGCGGTGG-1,1
GACTACAATTGCTCGT-1,2
GACTAGGCCGTTAGGT-1,4
GACTCACCCACGTGAG-1,4
GACTCCCAGAATAAGG-1,2
GACTCCTTCCAATTGA-1,5
GACTCGCGGGAATGAC-1,2
GACTCGGTCGGCGGAT-1,2
GACTCTAGAGTTCCAA-1,3
GACTGATTGGTCACAA-1,2
GACTGCAAATCGAGCT-1,4
GACTGCACCAGCCCAG-1,4
GACTGCGGCACGTGTA-1,5
GACTGCTGGTGAGAAA-1,2
GACTGGGCGCCGCAAC-1,2
GACTTCAACGCATCAA-1,4
GACTTTCGAGCGGTTC-1,3
GAGAAACTGGATCCCA-1,4
GAGAACGGTTCTGACT-1,1
GAGAATCTCACGATCA-1,5
GAGACCCTGCAACGCC-1,2
GAGACTGATGGGTAGA-1,5
GAGACTTCGCGACCGA-1,1
GAGAGCGCAGTCCCTG-1,5
GAGAGGCCTATGTGTA-1,4
GAGAGGGCGCGAGGTT-1,3
GAGAGGTGCATTCTGG-1,1
GAGAGTCTCGGGAGAG-1,5
GAGATCGATCTTACTC-1,3
GAGATCTGCTTGGCAT-1,1
GAGATCTGTCACTCCG-1,5
GAGATCTTCCATGACA-1,4
GAGATGACAATCCTTA-1,4
GAGATGGCTTTAATCA-1,4
GAGATGGGAGTCGACA-1,1
GAGCACCTGTGTCCAG-1,4
GAGCACGGCGCCTCTT-1,4
GAGCATCAACAACTTG-1,5
GAGCATCATCCCTGGG-1,1
GAGCCACGGTAGTAGG-1,4
GAGCCAGCTACCTGTG-1,4
GAGCCGAGCGTTTATT-1,2
GAGCGAGGGAGTACCG-1,4
GAGCGCAAATACTCCG-1,4
GAGCGCGCACGAGTAG-1,4
GAGCGCTATGTCAGGC-1,4
GAGCGCTGTTAGGTAA-1,5
GAGCGGAATGCGGTGT-1,4
GAGCTAAGGGCATATC-1,2
GAGCTCAACATGAGCG-1,4
GAGCTCTCGGACCTAA-1,1
GAGCTGTCGTCTCGGA-1,2
GAGGAATATCTCTTTG-1,4
GAGGAATGGAGAGGTT-1,1
GAGGAGATCCTCATGC-1,5
GAGGAGTAATTCCTAC-1,4
GAGGATAAACAGTGCT-1,4
GAGGCATTTGCAGCAG-1,2
GAGGCCCGACTCCGCA-1,1
GAGGCCTGTTGATACA-1,4
GAGGCTATCAAAGTCG-1,5
GAGGGAGTCAGATCGC-1,1
GAGGGCATCGCGTATC-1,1
GAGGGCCATAATATTA-1,2
GAGGGCCGGCAGAGTC-1,2
GAGGGCGCAGCTCTGC-1,2
GAGGGTAGTAACAAAG-1,4
GAGGTACATCCATCTT-1,2
GAGGTACGCGTGTCCC-1,4
GAGGTCCCAAAGATCT-1,1
GAGGTCCGTTCGCTGT-1,3
GAGGTCTTAGTGGGTC-1,2
GAGTAAACCGGAAAGT-1,4
GAGTAAATTAAGAACC-1,4
GAGTAAGGCCACGGGA-1,3
GAGTACGGGTATACAA-1,1
GAGTAGATACTAGTTG-1,1
GAGTATACCCTAATCA-1,5
GAGTATCAAAGTTACA-1,4
GAGTATGCCCGCCTTG-1,3
GAGTATGCGCGTGCAT-1,4
GAGTCAGACCAGAATC-1,4
GAGTCCGCTTACCGGA-1,1
GAGTCGACAGACCCTC-1,3
GAGTCTTGTAAAGGAC-1,4
GAGTGCACGGACAACA-1,2
GAGTGTCAACCAGAAA-1,4
GAGTGTGCGGTACCCA-1,4
GAGTTCTGTGGGTGCT-1,3
GAGTTGATGGCAATTT-1,4
GAGTTGTCACCAGTCT-1,3
GATAAATCGGTGGATG-1,1
GATAACTCGCACTGTG-1,1
GATAAGGCAGATGCAA-1,1
GATAAGGGACGATTAG-1,4
GATACCGTGTCGGAGT-1,3
GATACGATGGGAGTCA-1,3
GATAGAACCCGCTAGG-1,1
GATAGATAGTACAGTC-1,4
GATAGCGTACCACGCG-1,1
GATAGGATTAATTACA-1,3
GATAGGTAACGTTGAC-1,1
GATAGGTGTCCCGGGC-1,4
GATAGTGCGAGTAAGT-1,1
GATATCAAGCAGGAGC-1,3
GATATCAGTATGTATC-1,5
GATATCTCATGCAATA-1,1
GATATGAGACACTAAC-1,4
GATATGCGGTAGCCAA-1,2
GATATGGATTACGCGG-1,1
GATATTGAGATTGGCG-1,4
GATATTTCCTACATGG-1,2
GATCAACATAAAGGGA-1,1
GATCATTCCAAACATT-1,5
GATCCCTTTATACTGC-1,5
GATCCGAATATAAGTG-1,4
GATCCGGGAATTAACA-1,4
GATCCTAAATCGGGAC-1,2
GATCCTCGACACTGGC-1,1
GATCCTCTTGCGCTTA-1,2
GATCGACACTATCTGA-1,1
GATCGCGGGCTCTCCA-1,3
GATCGCTACCCGATTT-1,4
GATCGCTATATCTCAG-1,5
GATCGCTGTGGTGCGT-1,3
GATCGGATAGAACCAT-1,1
GATCGGCGATAAGTCG-1,4
GATCGGTGGCCATAAC-1,5
GATCGTGACTGATATC-1,4
GATCTAACCGTATTCA-1,5
GATCTCGACGCTGTGG-1,4
GATCTGCTATCTAAGG-1,4
GATCTTAGTGAACGTG-1,1
GATCTTCATTGTCCTC-1,1
GATCTTGGAGGGCATA-1,4
GATCTTTGCAGGGTAT-1,4
GATCTTTGCTCAAAGA-1,2
GATGACAAGTAGGGCA-1,3
GATGACGATGATCGCG-1,2
GATGAGGAACCTTCGG-1,4
GATGATTTGAAACTGG-1,4
GATGCCACACTACAGC-1,4
GATGCCAGCAGAAGGC-1,4
GATGCCTTCTGCGGCA-1,1
GATGCGAATGGTATTA-1,5
GATGCGTCCTGCATTC-1,3
GATGCTACAAGCGCCT-1,1
GATGCTACCTTCGATG-1,1
GATGCTGTATTTCATC-1,4
GATGGCGCACACATTA-1,1
GATGGTGAAATAACCC-1,2
GATGGTGCCCTAGGCA-1,3
GATGTAACGAACCACC-1,5
GATGTCCGGATCACAT-1,1
GATGTCGGTCAACTGC-1,2
GATGTGTTGTCACAAG-1,3
GATGTTCAATCCACGA-1,1
GATGTTTGTGCGAGAT-1,1
GATTAACCGAAAGCCC-1,4
GATTAATCCTGGCTCA-1,1
GATTACTGAATTTGGG-1,3
GATTAGAAACAAGCGT-1,3
GATTATCTTGCATTAT-1,1
GATTCCCTTGTCGCAG-1,5
GATTCCGCGTTTCCGT-1,3
GATTCCTATACGGCGC-1,1
GATTCGACGGTTCACG-1,4
GATTCTGTTAATGAGT-1,3
GATTGACACTCTGCTC-1,4
GATTGCTCCAGTTGCA-1,5
GATTGGGAAAGGTTGT-1,4
GATTTAGTGCGTACTG-1,2
GATTTGCGCTAACACC-1,3
GCAAACCCTACATTAT-1,4
GCAAACCTTGGCCATA-1,4
GCAAACGTAAGCGACC-1,6
GCAAACGTCGCCAGGT-1,1
GCAAAGGGCGTTAGCC-1,3
GCAAATATTACGCTTT-1,1
GCAAATGAGGACACTT-1,4
GCAACACACTAGAACT-1,4
GCAACAGCAGTATGCG-1,4
GCAACCACCAGACCGG-1,2
GCAACCACGGCCGCGT-1,1
GCAACCCAAGTTGTTT-1,5
GCAACGGCTAGTTATG-1,4
GCAAGAATTCCTTGGC-1,4
GCAAGATGTGTTCGCG-1,2
GCAAGCTGGAAACCGC-1,5
GCAAGTGCACAGAGAA-1,1
GCAAGTGTAAAGCATG-1,4
GCAATTAGTCGCACCG-1,4
GCACAAACCCTAGATG-1,3
GCACAAACGAGGCGTG-1,1
GCACAACCTCGGGCGT-1,5
GCACAAGTGGATCATA-1,4
GCACAAGTGTCGGAAG-1,2
GCACACACTGGTAGCC-1,4
GCACACAGCTATTACC-1,4
GCACACGCCCATGGTC-1,5
GCACAGCACGGGCCGA-1,5
GCACCTAGGCGAGTCC-1,4
GCACCTTCCCGAAGGT-1,4
GCACGCCGATTCCCGC-1,4
GCACGCCTACTTAGAT-1,4
GCACGTGGTTTACTTA-1,4
GCACTAGTCGCGCTAT-1,1
GCACTCCCACAGTCCC-1,5
GCACTGCCTACCTTTA-1,4
GCACTGTGCAAATGTA-1,1
GCAGAAACGTAATCCA-1,2
GCAGAAGGTAATCTCC-1,4
GCAGACCCAGCACGTA-1,5
GCAGATCCATAAGACT-1,4
GCAGATCCTCGCAAAT-1,1
GCAGATTAGGGATATC-1,3
GCAGCACACAGCCCAG-1,3
GCAGCCTATATCACAT-1,4
GCAGCGGTGGGCATTA-1,4
GCAGCTATGGACAGGT-1,2
GCAGCTGTCAACGCAT-1,1
GCAGGAACTTAGATCT-1,4
GCAGGACTATAGAATA-1,4
GCAGGTAGAGTATGGT-1,2
GCAGTGCGGGCGGATG-1,4
GCAGTGTGGCTATAGG-1,4
GCAGTTCGATCCGAGC-1,1
GCATAAATTGAACGCC-1,2
GCATACGAGGTCTTTA-1,5
GCATAGAGCACTCAGG-1,3
GCATCCCTAACTTTGA-1,1
GCATCCTCTCCTATTA-1,4
GCATCGGCCGTGTAGG-1,1
GCATGACACAAAGGAA-1,2
GCATGAGGGACGCGGC-1,2
GCATGCTAATAACGAT-1,4
GCATGGGTACTGACGC-1,4
GCATTCAAGGCAACGC-1,2
GCATTCGAAATGAACA-1,5
GCATTGACTTGCGGAA-1,3
GCATTGTAATTCATAT-1,4
GCATTTCCAAGGCTCC-1,4
GCCAACCATTTCCGGA-1,1
GCCAAGAATACTTCTG-1,4
GCCAATAGGGCATCTC-1,2
GCCACAATTTAAGGAC-1,3
GCCACCCATTCCACTT-1,5
GCCACCTTATTCGCGA-1,6
GCCACTCAGAGCGCGA-1,4
GCCACTCCTTACGGTA-1,1
GCCAGGAAAGAACACT-1,5
GCCAGGAGTAACCGAT-1,2
GCCAGGCGTTCGCATG-1,2
GCCAGGCTTAGTGGTA-1,1
GCCATATTGCACACAG-1,2
GCCATCGAGCTGCGTG-1,3
GCCATCGATGCTGCAT-1,3
GCCATTAGCCTCAAAC-1,5
GCCCACCAAGGCTGTC-1,1
GCCCACTGGTCCACAA-1,2
GCCCAGATGCTGGAGA-1,4
GCCCAGCGACACAAAG-1,6
GCCCAGTTGGTATGCC-1,1
GCCCATGGGTGCAATG-1,2
GCCCGACTTCTTCCCG-1,4
GCCCGAGAGTCTAAAT-1,3
GCCCGATCTGTGGTCG-1,4
GCCCGATGCCCAGTTC-1,3
GCCCGCGCGTAAACGG-1,3
GCCCGCGCGTTTGACA-1,4
GCCCGTAATACCTTCT-1,5
GCCCGTCAAGCCCAAT-1,3
GCCCGTTCACACAATT-1,3
GCCCTAAGTGCAGGAT-1,1
GCCCTAGCCGTCGCGA-1,1
GCCCTGAGGATGGGCT-1,4
GCCGAAATTCCTACGT-1,4
GCCGACCCACGACTGC-1,5
GCCGATTGGCCAAGCT-1,1
GCCGCACTCCGTTTCA-1,4
GCCGCATTAGTCCGGC-1,5
GCCGCTAGATACGCAG-1,2
GCCGCTTGTGAGAAAC-1,4
GCCGGAAACACATCTT-1,4
GCCGGGTTAGGGTCGC-1,4
GCCGGTCGTATCTCTC-1,4
GCCGGTTTGGGCGGAT-1,4
GCCGTCGGTTTCGGGC-1,5
GCCGTGGAAGAAATGT-1,4
GCCTACGTTCTGTGCA-1,4
GCCTAGCGATCTGACC-1,1
GCCTATAGTGTCAGGG-1,2
GCCTATCAGGTAAGAT-1,4
GCCTATGCTGGGCCTT-1,2
GCCTATTCCGATATAG-1,1
GCCTATTTGCTACACA-1,4
GCCTCAGGTACCGGTC-1,3
GCCTCATCTGGAAATA-1,4
GCCTCCGACAATTCAC-1,4
GCCTCTATACATAGCA-1,4
GCCTGCTACACTGAGA-1,4
GCCTGTCCCGGTGCAT-1,5
GCCTTCAGCCCTACCG-1,4
GCCTTGTATATGCAGT-1,1
GCCTTTGTCAGTGGAC-1,3
GCGAAACGATCGGGAG-1,4
GCGAAACTTAACTGGA-1,4
GCGAAGAATCTGACGG-1,4
GCGAAGCCATACCCGT-1,5
GCGAATGGACTAGCGA-1,3
GCGACATGTAAACATC-1,4
GCGACCCAACCATCTG-1,5
GCGACGATAGTTGTAC-1,1
GCGACGGTAGTCTCCT-1,4
GCGAGAAACGGGAGTT-1,1
GCGAGAGGCCATGTAA-1,2
GCGAGAGTTGCGTCCA-1,5
GCGAGCGCATGCTCCC-1,4
GCGAGGCCCGAGCAGA-1,4
GCGAGGGACTGCTAGA-1,4
GCGAGTTCTGCAAAGA-1,3
GCGATGTCTGTGCTTG-1,4
GCGATTCTGGAAGCAG-1,5
GCGATTGTTAACGTTA-1,4
GCGCAAATATATTCAA-1,5
GCGCAAGAGCGCGCTG-1,1
GCGCATCCAGTCAGCA-1,2
GCGCCGTTCCACGATA-1,4
GCGCCTCCCACTCCGA-1,1
GCGCGATGGGTCAAGT-1,4
GCGCGGTCTAGTAACT-1,4
GCGCGTCATTGGTACA-1,4
GCGCGTTTAAATCGTA-1,4
GCGCTAAGTATGCATG-1,2
GCGCTAATTGAATAGA-1,5
GCGCTATGCCGAGGCA-1,3
GCGCTCGATCACCTGT-1,4
GCGCTGATCCAGACTC-1,2
GCGCTGCTTTGCATTT-1,2
GCGCTGGCGGAAAGTC-1,1
GCGCTTAAATAATTGG-1,4
GCGGACCGCGTTGTGG-1,3
GCGGAGAAACTTCGCA-1,1
GCGGAGAGGGAGAACG-1,4
GCGGATTACTTGTTCT-1,4
GCGGCAAAGTATTGCC-1,5
GCGGCTCTGACGTACC-1,3
GCGGCTTTAGCAAGTT-1,4
GCGGGAACCAGGCCCT-1,1
GCGGGCAGACGGGTGA-1,1
GCGGGCATTACGATGC-1,4
GCGGGCGAGCCTTACC-1,3
GCGGTAACCCAAATGA-1,1
GCGGTCCCGGTGAAGG-1,2
GCGGTCCCTAGACGCA-1,1
GCGGTCTTGCTTTCAC-1,4
GCGGTGAACTGCGCTC-1,2
GCGGTGCGGAGCATCG-1,5
GCGGTTCCCTATCATG-1,3
GCGTAAATGGCCATAA-1,4
GCGTCCAGCTCGTGGC-1,4
GCGTCCCTAAGACATA-1,4
GCGTCGAAATGTCGGT-1,2
GCGTCGCCAGGGTGAT-1,1
GCGTCGTAACATGGTC-1,1
GCGTCTAACCTCCTAA-1,4
GCGTCTCTGCATTGGG-1,3
GCGTGGTACTGGGTTA-1,4
GCGTGTATGTCGTATT-1,1
GCGTTATATTTGGAAC-1,5
GCGTTCGGAGACCGGG-1,2
GCGTTCTGACTAAGCG-1,4
GCTAAACCTGAGGTGA-1,1
GCTAACTGAAGTCTGA-1,4
GCTAAGCCCAGTATGC-1,4
GCTAAGTAAAGGCGAT-1,5
GCTAAGTAGTTTCTCT-1,4
GCTAATACCGAATGCC-1,4
GCTACAATCGAGGATA-1,4
GCTACACTGTCCGAAC-1,1
GCTACAGTACGGACCG-1,5
GCTACGACTTATTGGG-1,4
GCTACTATAGTAGAGT-1,4
GCTACTCGGACGCAGA-1,6
GCTAGACCGTCTACTG-1,4
GCTAGAGTAGAGATGT-1,4
GCTAGCAACGCACCTA-1,4
GCTAGCACCTGGGCCA-1,4
GCTAGCAGGGAGTGGG-1,2
GCTAGCGATAGGTCTT-1,3
GCTAGCTTGAATAGCT-1,3
GCTAGGCACCACGGAG-1,4
GCTAGTAGAGCTTGTA-1,4
GCTAGTTTCATTGAGG-1,1
GCTATAAGGGCCAGGA-1,4
GCTATACGTCTCGGAC-1,4
GCTATCATACTCATGG-1,4
GCTATCGCGGCGCAAC-1,1
GCTATGCCAGCTTATG-1,4
GCTCAACCTCTTAGAG-1,1
GCTCAATCCGTTTATT-1,1
GCTCAATGTAATACCG-1,4
GCTCATTACTGCATGT-1,2
GCTCATTGATCATATC-1,5
GCTCCATGAGTGCAGA-1,4
GCTCCATGCAAAGCAA-1,4
GCTCCCAGTCGGTCCA-1,4
GCTCCGCTCGCTTCAG-1,1
GCTCCGGACGTTGATA-1,4
GCTCCTGACATACTGG-1,1
GCTCGACCGAACTGAA-1,1
GCTCGCGGTTCCGCTC-1,5
GCTCGCTCATGTCCAA-1,4
GCTCGGAATTTAAAGC-1,2
GCTCTAAACCCTGACG-1,5
GCTCTATGTTACGTGC-1,1
GCTCTCGGGTACCGAA-1,5
GCTCTTTCCGCTAGTG-1,4
GCTGAACTCTCCAGGG-1,4
GCTGAAGGGTTCTTGG-1,3
GCTGAATCTTCCAATC-1,5
GCTGAGCAACGGTTCT-1,1
GCTGAGGCGTGAGTAT-1,4
GCTGCACGGTTTCTTA-1,4
GCTGCGAAGAATTATT-1,3
GCTGCGCCTCCCACGT-1,5
GCTGCTAAGTAGTCGA-1,1
GCTGCTACTGCGTAGC-1,4
GCTGCTCTCCGGACAC-1,5
GCTGGACCCAAAGTGG-1,2
GCTGGCAGGTGCCGTG-1,5
GCTGGCATATTCACCT-1,4
GCTGGCGGCGCATGCT-1,4
GCTGGGAGCGCGTCAA-1,3
GCTGGGTCCGCTGTTA-1,5
GCTGGTGACTCGTAGT-1,2
GCTGGTTTAGGCCATA-1,3
GCTGTATTACTGGCCC-1,4
GCTGTCTGTGATCGAC-1,2
GCTGTTGCTACCGAAC-1,4
GCTTAATGTAACTAAC-1,4
GCTTACGTAGTTAGTA-1,4
GCTTAGGGAAGCGGTA-1,2
GCTTATGAAGCAGGAA-1,4
GCTTCAGTGGGATTAC-1,2
GCTTCCAGCTTAGATT-1,4
GCTTCCATGTAACCGC-1,4
GCTTCCCGTAAGCTCC-1,1
GCTTCCGTCCCTAGAC-1,5
GCTTCGACGTTCAATC-1,3
GCTTGAGTGACCTCTG-1,4
GCTTGATGATAATCAG-1,1
GCTTGCAGCACAATTG-1,2
GCTTGGATCGATTAGG-1,1
GCTTTACACAACTGGG-1,4
GCTTTATTAAGTTACC-1,1
GCTTTCAGAGGAGGTG-1,1
GCTTTCTATCTCAACT-1,2
GCTTTGCTGCCGGGTA-1,4
GGAAACAGAGCTTGGG-1,3
GGAAACCTTGTTGAAT-1,2
GGAAACTAAATGGGCC-1,4
GGAAAGGGAATTGAGC-1,4
GGAAAGTCTTGATTGT-1,5
GGAAAGTGCCCATGCC-1,2
GGAACCCGAACAAGAA-1,5
GGAACCGTGTAAATTG-1,4
GGAACCTTGACTCTGC-1,5
GGAACGGCCTGCAGCC-1,1
GGAACTCGTGAATACG-1,3
GGAACTTTGGCGATTA-1,4
GGAAGATAAGACTGTA-1,2
GGAAGCTCGCTTACAG-1,2
GGAAGGACACCGTATA-1,4
GGAATAACCTCAAGAA-1,2
GGAATGCGCTAGCGTG-1,1
GGACAACCATGAAGCC-1,4
GGACAAGCCATGATCG-1,3
GGACAAGTTGCAGTGA-1,5
GGACACAAGTTTACAC-1,4
GGACACCTCGGTGTTG-1,3
GGACCAACAGGATAAC-1,1
GGACCTACGGTAACGT-1,2
GGACCTCTAGGCCGCC-1,5
GGACGGCTTGCGCAAC-1,4
GGACGGGCGACCAACC-1,4
GGACGTCCATAGTTGG-1,2
GGACTAAGTCAGGAGT-1,5
GGACTCACAAATTAGG-1,1
GGACTCGAAGCTTTCA-1,4
GGACTCGACAGCGCAT-1,4
GGACTCGTGAGTGGTC-1,1
GGACTCTTCCGGTTGA-1,4
GGACTCTTTGACTAAG-1,1
GGAGAAGTCATTGGCA-1,1
GGAGACATTCACGGGC-1,1
GGAGACCAATGTGCTT-1,2
GGAGACCATCTACATA-1,4
GGAGACGACACCTTTG-1,4
GGAGCAACATTTCAAG-1,5
GGAGCACCAAGAACTA-1,5
GGAGCGAGGCCTACTT-1,4
GGAGGAGTGTGTTTAT-1,4
GGAGGATTGAAAGGAG-1,5
GGAGGCCGAAGTCGTC-1,4
GGAGGCGAAGAACCGC-1,2
GGAGGGCTTGGTTGGC-1,4
GGAGGGTCAAGTAAGA-1,1
GGAGTACACATGAGCT-1,1
GGAGTGCCGCCCTGGA-1,4
GGAGTTGATTCTGTGT-1,1
GGATACTCATGAATTG-1,1
GGATCAAAGGACGAGG-1,5
GGATCAGAGCCATCAG-1,4
GGATCATCCCGTACGC-1,2
GGATCCCTACCAGCTA-1,5
GGATCCGGAATATACT-1,4
GGATCTTACTGCCCTT-1,1
GGATCTTGACTCAACC-1,4
GGATGAAGATCGCTGA-1,4
GGATGACGCGAGTTTA-1,4
GGATGCTGGCGTTCCT-1,3
GGATGGCTTGAAGTAT-1,4
GGATGTCCTTACCGCA-1,3
GGATTAAGCTAAGGTC-1,2
GGATTAATCATGGACC-1,4
GGATTCAGTACGGTGG-1,4
GGATTCCGCTATACCC-1,4
GGATTGAAGTAGCCTC-1,4
GGATTGCTGTGACTCC-1,4
GGATTTCACTTCTATA-1,2
GGCAAAGGCGCCAATA-1,4
GGCAAATTACTTTACT-1,3
GGCAAGCCAGGGATAG-1,2
GGCAAGCCCATAGTGG-1,4
GGCAAGGCGAAATAGC-1,4
GGCAATAGTCAATGAG-1,1
GGCACGCTGCTACAGT-1,4
GGCACTCAGCCGACCC-1,4
GGCACTCCACTGGGCA-1,4
GGCACTGCGGTGGTTT-1,4
GGCAGAGAGATCGGGA-1,4
GGCAGCAAACCTATGC-1,4
GGCAGCGGTAATCCTA-1,2
GGCATACAGGTAGCGG-1,4
GGCATATCGGTTCTGC-1,2
GGCATCAACGAGCACG-1,5
GGCATTGAACATCTCA-1,3
GGCCAATTGTATAGAC-1,4
GGCCACAAGCGATGGC-1,4
GGCCACACGAAAGCCT-1,5
GGCCCAATCTAGAGGG-1,2
GGCCCAGCTGGTTTGC-1,4
GGCCCAGTTATCAGCA-1,2
GGCCCGGAGCATGTCT-1,4
GGCCCGTATACCATGC-1,2
GGCCCTCACCCACTTA-1,5
GGCCGAGACTCTGGTG-1,1
GGCCGCAGGAACCGCA-1,4
GGCCGGCGTCTGCTAT-1,4
GGCCGTTTGGGTTTCA-1,4
GGCCTGCTCTGATGTT-1,3
GGCCTGCTTCTCCCGA-1,4
GGCCTTTGCAACTGGC-1,5
GGCGAAATCTAACTTG-1,4
GGCGAACCGTTCTGAT-1,2
GGCGAGCATCGAGGAC-1,4
GGCGAGCGAAACGGCA-1,4
GGCGCAGGACATCTTC-1,5
GGCGCATGAATTGATG-1,3
GGCGCGGAGATCTTTC-1,4
GGCGCGTTCGAGTTTA-1,1
GGCGCTCCTCATCAAT-1,1
GGCGCTTCATTCCCTG-1,4
GGCGGAGTAATATTAG-1,4
GGCGGGCTCTAAGAGT-1,4
GGCGGTAGGATCATTG-1,5
GGCGGTTTGCCGGTGC-1,1
GGCGTACCCTATATAA-1,4
GGCGTAGGGAAAGCTG-1,4
GGCGTCCTATCCGCTG-1,4
GGCTAAAGGGCGGGTC-1,2
GGCTAATGATTGAAAT-1,2
GGCTACTATACACTCC-1,4
GGCTATTAAGTTGTAT-1,1
GGCTCCTCCACCTGTT-1,1
GGCTCGCGTTGAGGTA-1,4
GGCTCGTGCCACCAGC-1,4
GGCTCTGCTCCAACGC-1,3
GGCTGAAATAGCAAAG-1,4
GGCTGAGCATCGTAAG-1,2
GGCTGGCAATCCCACG-1,5
GGCTGGCAGCTTTATG-1,1
GGCTGGCTAGCTTAAA-1,1
GGCTGTCCTACTGCGG-1,3
GGCTTCTCGTGGGTGG-1,4
GGCTTGGCTCTCACCT-1,5
GGCTTTCAATAAGGGT-1,1
GGGAAAGAATGCCAAC-1,4
GGGAACCACCTGTTTC-1,4
GGGAACGGGAGGTTAG-1,3
GGGAACGGTTTCAGAT-1,5
GGGAAGACGGTCTGTC-1,4
GGGAAGGGCTTTCTCA-1,4
GGGAATGAGCCCTCAC-1,2
GGGAATTCTGTCCAGT-1,5
GGGACAGAGTTACTCC-1,5
GGGACCCGTATATCTT-1,1
GGGACTGCATAGATAG-1,5
GGGAGAACTCACAGTA-1,5
GGGAGCGACCGTAGTG-1,4
GGGAGGATGCCCGAAA-1,3
GGGAGTAATGGCTGGC-1,4
GGGAGTTAATGAGGCG-1,4
GGGATACGGTAATAAT-1,5
GGGATATTGATCGCCA-1,3
GGGATCCCAATACAAA-1,2
GGGATGGACCCGCGTC-1,1
GGGATGGTCGTAACCG-1,3
GGGATTATCTCACAAC-1,5
GGGATTTACCGCACCT-1,4
GGGCAACCGCACGTGC-1,4
GGGCACGAATTGGCCG-1,5
GGGCACGTAGTACTGT-1,4
GGGCACTATTGACCAT-1,3
GGGCAGACGTCACTGC-1,5
GGGCAGAGCAATCGTT-1,4
GGGCAGGATTTCTGTG-1,3
GGGCAGTCAACGCCAA-1,4
GGGCATGCATGTCGAG-1,3
GGGCCATTCGTGCTGG-1,3
GGGCCCGTCTTAAACA-1,3
GGGCCCTACGAAAGGG-1,3
GGGCCCTTATCTATAC-1,5
GGGCCGGCCGAAGTAC-1,5
GGGCCTAAATGGGCTA-1,5
GGGCCTATACAACCGG-1,4
GGGCCTATTTAAGTAT-1,2
GGGCGAATTTCTCCAC-1,4
GGGCGATATGTGTGAA-1,1
GGGCGATCCATAGGCC-1,6
GGGCGCAGCGTTACTC-1,4
GGGCGGCAAATGAATT-1,1
GGGCGGGTTCCCTACG-1,4
GGGCGGTCCTATTGTC-1,4
GGGCGTACATTTATAT-1,2
GGGCGTCACCACGTAA-1,3
GGGCGTCCACTGGCTC-1,2
GGGCGTGGTTTCCCAG-1,4
GGGCGTTTACATTCAT-1,3
GGGCTACTATTTCGTG-1,4
GGGCTATGATCGATGG-1,4
GGGCTCATCGAACCCA-1,2
GGGCTGCCTAGGGCGA-1,5
GGGCTGGTTAGTCGCG-1,3
GGGTAATGCTGTGTTT-1,4
GGGTACACTCTGGAGG-1,5
GGGTACCCACGGTCCT-1,4
GGGTACTTCATGAACT-1,5
GGGTATGTATGCACTT-1,1
GGGTATTCTAGCAAAC-1,2
GGGTCACCGTGACGGT-1,4
GGGTCACGTGCTTATG-1,4
GGGTCACTGAGTAGTG-1,2
GGGTCAGGAGCTAGAT-1,4
GGGTCATGCGTACCAT-1,4
GGGTCCTTGGAAGAAG-1,3
GGGTCGTGGCAAGTGT-1,1
GGGTCTATCGCTTTCC-1,4
GGGTGACACCTTAACT-1,1
GGGTGCATATGAAAGC-1,2
GGGTGGTCCAGCCTGT-1,2
GGGTGTTTCAGCTATG-1,2
GGGTTAACATTTGAGT-1,3
GGGTTCAGACGAACAA-1,1
GGGTTTAGGATAGGAT-1,4
GGGTTTCCGGCTTCCA-1,1
GGTAAACTCTGCGCTG-1,4
GGTAAATGTGCGTTAC-1,2
GGTAACCGGCAAAGGT-1,5
GGTAACCGGGAGGATA-1,1
GGTAACTATGTATCTG-1,1
GGTACAAACATGCTAT-1,3
GGTACACCAGATTTAT-1,2
GGTACATCTGGGACGA-1,3
GGTACCATTAAGACGG-1,1
GGTACGTTGCGGCCGG-1,4
GGTACTAAGTGCTTTG-1,4
GGTAGAAGACCGCCTG-1,4
GGTAGACCGTTGGGCG-1,1
GGTAGGCCAATATCAC-1,4
GGTAGTGCTCGCACCA-1,4
GGTATAGTGACACATA-1,4
GGTATCAAGCATAGAA-1,5
GGTATGAAAGAACTGA-1,4
GGTATTGCCGAGTTTA-1,5
GGTCAAGACTACTTCG-1,4
GGTCACGTTAGATTCA-1,1
GGTCAGTGGGTCCCAC-1,1
GGTCATTGTAGTCATA-1,2
GGTCCACGTCTATTTG-1,3
GGTCCCATAACATAGA-1,2
GGTCCTTCATACGACT-1,1
GGTCGGATAAACGGCG-1,2
GGTCGGCCAGGAGCTT-1,4
GGTCGGTAATTAGACA-1,1
GGTCGGTCGTCCACAG-1,1
GGTCGTAAGCTCGCAC-1,4
GGTCTCCAAGTAGTGC-1,3
GGTCTCCGTCCAGGTT-1,4
GGTCTCTGAATGGACT-1,1
GGTCTGAGAATCTGGA-1,4
GGTCTTGAGCGCTCTT-1,4
GGTCTTGGTGTTAACT-1,1
GGTGAAACCGGGAATG-1,5
GGTGAACGGGCTAGCC-1,1
GGTGAAGTACAGGGAT-1,1
GGTGACTGATAGAGAG-1,5
GGTGAGATGCAGATAA-1,4
GGTGATAAGGAGCAGT-1,4
GGTGATGAAGGAAGTG-1,5
GGTGATTTCATCTTGT-1,1
GGTGCAGAGCCTATCG-1,2
GGTGCATAAATGATTA-1,4
GGTGCGGATAAGTGGC-1,1
GGTGCTGATCACAAAG-1,4
GGTGCTGGTACACATT-1,3
GGTGGACCACGTGTTA-1,4
GGTGGACTGCTCTGGC-1,4
GGTGGAGGTTGATACG-1,4
GGTGGGATTAGGTCCC-1,6
GGTGTAAATCGATTGT-1,1
GGTGTAGGTAAGTAAA-1,4
GGTGTTCTGTTTCTAC-1,2
GGTGTTGGGCGTCTTA-1,4
GGTTACCACCCTCGGG-1,1
GGTTACCCGACACTTT-1,4
GGTTACCGCTCCCTAC-1,3
GGTTAGCTATATGTCT-1,4
GGTTAGGCTTGGAGAA-1,1
GGTTAGGGATGCTAAT-1,6
GGTTAGTTACGGCGCC-1,4
GGTTCCACCCGCTTCT-1,4
GGTTCCCTAGTGTCTC-1,2
GGTTCCGTACGACTAA-1,3
GGTTCGATGCTGAGTT-1,4
GGTTCGCATTTGCCGT-1,4
GGTTCGGATTATACTA-1,4
GGTTCTACTCGTCTGA-1,5
GGTTGTATCGTGAAAT-1,4
GGTTGTGCTCTTGTCC-1,5
GGTTGTGTAGCCTGGC-1,5
GGTTTAATTACCATCG-1,1
GGTTTAATTGAGCAGG-1,2
GGTTTACAATCTCAAT-1,3
GGTTTAGCCTTTCTTG-1,4
GGTTTCAATCGGTCAG-1,4
GGTTTGACAAGAAGCT-1,2
GGTTTGAGTGCTGGAA-1,1
GGTTTGCGAACACGTA-1,2
GGTTTGTGACCTGAGG-1,4
GTAACAACTGACCTTG-1,2
GTAACAGGTTAACGGC-1,3
GTAACATCAGCTCATC-1,4
GTAACATCTAAGATAA-1,1
GTAACTACGTAGACCT-1,3
GTAACTGCCCAAGGAG-1,4
GTAACTTGCGGCAGTC-1,1
GTAAGCGGGCAGTCAG-1,5
GTAAGGATTTGTCGGA-1,2
GTAAGTAACAGTCTGG-1,4
GTAAGTAGGGTATACC-1,1
GTAAGTCCACACTCTA-1,4
GTAATAAAGGGCTCCC-1,5
GTAATCTGATTCTTCG-1,3
GTACACTTACCTGAAG-1,3
GTACAGAGGCAAGGGT-1,4
GTACGACGGCGCTGCG-1,4
GTACGAGATTGCGACA-1,3
GTACGCTTCATTGCAC-1,4
GTACGTCACGTATTAA-1,2
GTACGTTTGCCCGTCA-1,1
GTACTAAGATTTGGAG-1,5
GTACTACGGCCTCGTT-1,3
GTACTCCCTTATCGCT-1,5
GTACTCCTGGGTATGC-1,2
GTACTGAGGTCGTAAC-1,1
GTACTGCATGAAGCGT-1,1
GTACTGGAGTTAGACC-1,4
GTACTTGGGCACTTCT-1,1
GTAGAAACGGGTGGAG-1,1
GTAGACAACCGATGAA-1,6
GTAGACACGCCTGACT-1,4
GTAGACGTCGTTACAT-1,1
GTAGAGGGAGACAAGT-1,1
GTAGCCAAACATGGGA-1,4
GTAGCGCTGTTGTAGT-1,5
GTAGCGGCTATACACT-1,4
GTAGCTAGTAAGCGCG-1,5
GTAGCTCCGGGAGGCT-1,1
GTAGCTTCCTCTTGTT-1,3
GTAGGTGATCCGTGTA-1,2
GTAGTCGCGGGAATCA-1,4
GTAGTCTACGATATTG-1,4
GTAGTGAGCAACCTCA-1,1
GTAGTTAGACAATATA-1,2
GTAGTTCGAAGGCGAA-1,4
GTAGTTTAAGCACACG-1,3
GTATAATCTCCCGGAT-1,1
GTATAGGACTCAGTAG-1,5
GTATAGTGGCCCATGT-1,4
GTATATGTTACGGCGG-1,1
GTATCAAACGTTAGCT-1,4
GTATCAAGGTACTTCC-1,4
GTATCAGCTTGGGTTC-1,1
GTATCCTTTGGTAACC-1,4
GTATCGGGACGAGCTG-1,5
GTATCTCAGTCTTGAC-1,5
GTATCTCCCTAACTGT-1,4
GTATCTCGGGCGCTTT-1,3
GTATCTTGTTGCTCAC-1,4
GTATCTTTCATAACCA-1,1
GTATGAAATTTCACTC-1,3
GTATGACGTGGGAAAC-1,1
GTATGTGGGTCTAGTT-1,4
GTATTAAGGCGTCTAA-1,1
GTATTAGGGTTCGCGT-1,4
GTATTCTGAGAAACGA-1,1
GTATTCTTACCGTGCT-1,1
GTATTTAATGGCATAA-1,4
GTCAAAGAAGTGGTGT-1,1
GTCAAAGTTTACATAG-1,1
GTCAACCAGGCCTATA-1,4
GTCAAGCGGACTCGGG-1,4
GTCAATGCTATAATTT-1,2
GTCAATTGTACTGAAG-1,4
GTCACAAAGTTTCCAA-1,2
GTCACCTGTCTATGTC-1,2
GTCACTCATGAGCGAT-1,3
GTCACTCTCCAAATCT-1,1
GTCAGAATAGTCTATG-1,4
GTCAGACAGCGTTGGA-1,1
GTCAGTTGTGCTCGTT-1,1
GTCAGTTTGGTAGTCG-1,5
GTCATCTCCTACAGCT-1,1
GTCATGCACCTCCGTT-1,3
GTCATGCGCGAGGGCT-1,1
GTCATGGACATGACTA-1,3
GTCATTAGAGCGAACG-1,1
GTCATTGCATTGACCC-1,5
GTCCAATATTTAGCCT-1,4
GTCCACGTCGCATTCG-1,4
GTCCAGGCACGTGTGC-1,4
GTCCATTACTGCTACG-1,4
GTCCCAACGTAAAGTA-1,3
GTCCCAATCATCCCGC-1,4
GTCCCGCGACGTTATG-1,4
GTCCGAGAGCAATCAT-1,5
GTCCGGACCTGAAATT-1,4
GTCCGGCTGAATTGCG-1,1
GTCCGGGTTCACATTA-1,4
GTCCGTTAGAGGGCCT-1,1
GTCCTACAGGCGGCTC-1,1
GTCCTACGAATAGTCT-1,4
GTCCTACTCTACGGGC-1,3
GTCCTAGGATACCTTA-1,1
GTCCTATTGTTGTGGT-1,5
GTCCTTCTACAACCCA-1,5
GTCCTTCTAGTGGGTT-1,2
GTCCTTTAATGACTTC-1,1
GTCGAATTTGGGCGCT-1,3
GTCGATAGGTGACTTT-1,4
GTCGCCGTTGTGTGTT-1,4
GTCGCGTAACCCGTTG-1,4
GTCGGAAGGATACCAG-1,2
GTCGGATATCTCAGAC-1,4
GTCGGATGTAGCGCGC-1,3
GTCGGGAACATGGTAG-1,4
GTCGGGAAGCAGAAAC-1,4
GTCGGGTGAAGTACCG-1,4
GTCGTACCATCTCGGG-1,1
GTCGTACCTACGATTG-1,5
GTCGTATTGGCGTACA-1,2
GTCGTCAATTATAAGG-1,1
GTCGTCTGGTTGGCTA-1,4
GTCGTGTCTGGTCATC-1,5
GTCGTTATTCGCTTAT-1,4
GTCTAAGATGCCCAGC-1,2
GTCTACTCAATTACAA-1,5
GTCTAGTGAGCCGCTT-1,4
GTCTATACACGCATGG-1,3
GTCTATCTGAGTTTCT-1,3
GTCTATTGCATGCTCG-1,4
GTCTATTGGTTCCGGT-1,4
GTCTCAAGGCCCGGCT-1,1
GTCTCCCGAGTCCCGT-1,4
GTCTCCGCCTCAATAC-1,1
GTCTCCTGCCAGTATG-1,3
GTCTCGACTAAGTTTG-1,2
GTCTCGATCTGCTTTC-1,3
GTCTCGCCAACACGCC-1,4
GTCTGCCGACTCGACG-1,5
GTCTGGGCGGTCGAGA-1,3
GTCTGTAGGTTGAACA-1,3
GTCTTACCACGCCAAG-1,4
GTCTTAGTACAGCCGG-1,3
GTCTTCCTCACCTAAG-1,1
GTCTTGAGGAGCAGTG-1,4
GTCTTGTAGCTATTCA-1,5
GTGAAACGGCGCCACC-1,2
GTGAAACGTGCTCCAC-1,4
GTGAACTCCCATTCGA-1,3
GTGAAGATTTCAAGTG-1,2
GTGAAGCCGTATAGTC-1,2
GTGAAGTCACGACTCG-1,4
GTGACAGCTTCCCACT-1,4
GTGACCGCACACTACG-1,4
GTGACCTAAAGAATAA-1,1
GTGACGAGGGTGACCC-1,4
GTGACGCAGGTTTCAT-1,4
GTGACTTCAGTAGTGC-1,3
GTGAGATAACCTTATA-1,2
GTGAGCGTGCTGCACT-1,5
GTGAGGACACTTAAGG-1,4
GTGAGGAGCGGTTGAG-1,2
GTGAGTCGACTAATAG-1,4
GTGAGTCTAAGACGGA-1,5
GTGAGTGGTACAACGC-1,1
GTGATCAAGCGTGCAC-1,3
GTGATCACTAACGCCT-1,4
GTGATCATAGATCTGC-1,1
GTGATCCTTGTCATGA-1,4
GTGATGCACAACATCT-1,2
GTGATTCGCCGCTCAA-1,3
GTGCAAATCACCAATA-1,1
GTGCAACAAATGTGGC-1,2
GTGCACCAGCTTCAAC-1,4
GTGCACGAAAGTGACT-1,1
GTGCAGCGTAGAGTAG-1,4
GTGCCAAACGTTTCGA-1,6
GTGCCATCACACGGTG-1,4
GTGCCCGTTCGGATTC-1,4
GTGCCGCTTCAAAGGT-1,3
GTGCCTAGCTATGCTT-1,1
GTGCCTCAGTGTACGG-1,2
GTGCCTGAGACCAAAC-1,4
GTGCGAAATCGAACAC-1,3
GTGCGACAGGGAGTGT-1,4
GTGCGCAGCTTGCTCC-1,4
GTGCGCTTACAAATGA-1,5
GTGCGGGACCATCGGC-1,1
GTGCGGGTCTCCAAAT-1,4
GTGCGTGTATATGAGC-1,4
GTGCTATCCAGCTGGA-1,3
GTGCTCAAGTACTGTC-1,5
GTGCTGCAGATAAGGA-1,3
GTGCTGTTAGAACATA-1,1
GTGCTTACATCAGCGC-1,1
GTGGAACCTACATGCG-1,2
GTGGACCAACCCGATT-1,1
GTGGACGCATTTGTCC-1,2
GTGGACGTGCTGAGAC-1,4
GTGGAGCATGTCGGCC-1,4
GTGGAGCGTTTACCGA-1,3
GTGGAGTCGGCGGTTG-1,3
GTGGCAAACAGCGGCA-1,4
GTGGCCGGTTTCTCGG-1,3
GTGGCCTAATATCATT-1,4
GTGGCGGGCCGTAGCT-1,4
GTGGCGGTCCCAGCGT-1,3
GTGGCGTGCACCAGAG-1,2
GTGGCTGTTTCTGTTC-1,4
GTGGGAACAAACCGGG-1,4
GTGGGAAGACTGAATC-1,4
GTGGGCTTAGACACAC-1,4
GTGGGTACTGAGCGTA-1,4
GTGGGTCTTCTTTGCG-1,1
GTGGTATAGTCTGCCG-1,1
GTGGTCAGCGAAGTAT-1,2
GTGGTGATGGTTTGTG-1,4
GTGGTGGCCAAGTGAA-1,4
GTGGTTACTTCTTTCG-1,1
GTGGTTTCCGCCTTTC-1,4
GTGTACCTTGGCTACG-1,5
GTGTACGAACCGTTCC-1,3
GTGTATATCAGCGGGC-1,4
GTGTATGACTTTAAAG-1,1
GTGTCAGTGTACGTGG-1,4
GTGTCCGATAAGGCAT-1,2
GTGTCGTATAGCGTTC-1,4
GTGTCGTATTCACCTT-1,2
GTGTGAATAACTTAGG-1,4
GTGTGAGCCGAGGTGC-1,4
GTGTGTCGACGTCGCT-1,4
GTGTTACTATGCGTCC-1,4
GTTAAAGTAGGACTGG-1,4
GTTAACATCACTTAAA-1,4
GTTAACTATGTTGTCA-1,4
GTTAAGGGTGCGATGT-1,4
GTTAAGTTAGAGTGGG-1,4
GTTAATAGCGTCATTA-1,3
GTTAATGTCTATCTTA-1,5
GTTACAATTGGTGACG-1,5
GTTACCAAGGCGTACG-1,4
GTTACCTACAACTTGC-1,1
GTTACGAAATCCACGC-1,4
GTTACGGCCCGACTGC-1,4
GTTACTTTGGGCCTAG-1,3
GTTAGAGTGTGCCGCT-1,2
GTTAGCCCATGACATC-1,4
GTTAGCCGTAAATCAA-1,2
GTTAGGCTACCCGTTT-1,5
GTTATAATACGGTGAA-1,4
GTTATATCAGGAGCCA-1,2
GTTATATTATCTCCCT-1,1
GTTATCAAGCTATCGA-1,1
GTTATCACCTTCTGAA-1,2
GTTATTAAATACGACC-1,2
GTTATTAACGTGGGAG-1,1
GTTCAAATCAGATGTC-1,5
GTTCAATCTATGTCAA-1,2
GTTCACAGGAGTCTAG-1,4
GTTCAGTCGCCAAATG-1,1
GTTCATCGTTTGGCTG-1,1
GTTCCAAGACAGCGAC-1,4
GTTCCAGTCTGACCAT-1,1
GTTCCCGTAAACATAT-1,4
GTTCCGTCCGCCTGCA-1,4
GTTCGACAATTGTATA-1,3
GTTCGCCATAAGTGCC-1,3
GTTCGCTGAGACGTCT-1,4
GTTCGGAGCACTCAAC-1,4
GTTCGGATCGGGAACA-1,4
GTTCGGGCGTACCATT-1,1
GTTCGGTGTGGATTTA-1,4
GTTCGTCTAAAGAACT-1,4
GTTCGTCTGGGTCCCT-1,2
GTTCGTTGCGGACCAG-1,4
GTTCTTCCCTCGATGT-1,1
GTTCTTGTAACTCAAT-1,3
GTTGAACCGGTTCCAT-1,5
GTTGAGTCCCGCCGGT-1,4
GTTGCACGGAGTTTCG-1,4
GTTGCAGTCGACAACA-1,4
GTTGCCCTAACGGGTG-1,3
GTTGCGCTAACATTAC-1,4
GTTGCGGACGGTCAGG-1,1
GTTGGACCGCATCAGG-1,2
GTTGGATTCAGTGGCT-1,2
GTTGGATTGAGAACAC-1,4
GTTGGATTTGCGTTGG-1,3
GTTGGTCATGCTATCC-1,4
GTTGTAGATTTATGAG-1,1
GTTGTCGTGTTAGTTG-1,1
GTTGTTACATTGCGCT-1,2
GTTGTTGCAAGATGGC-1,4
GTTTACGTTCCATCTG-1,1
GTTTATGGGATTTAGA-1,5
GTTTCAAACGAGTTGT-1,5
GTTTCATATCGTCGCT-1,5
GTTTCCTGGAGGGTGA-1,4
GTTTCTAGAGGCGCGG-1,4
GTTTCTGCAGTCTCCC-1,4
GTTTCTTGTTAGAGCT-1,6
GTTTGACCAAATCCTA-1,5
GTTTGAGCGGTTATGT-1,5
GTTTGGCCCAAGTTAT-1,4
GTTTGGCCGCTCAGCG-1,1
GTTTGGCGTCAGGCAC-1,2
GTTTGGGCTTGTGAGC-1,1
GTTTGGGTTTCGCCCG-1,4
GTTTGGTAGGGTCAAC-1,1
GTTTGGTGATCGGTGC-1,1
GTTTGTTAGCCAAGTA-1,5
TAAACCCAGGAGGGCA-1,5
TAAACGTCGTCAATGA-1,4
TAAAGACAACCCTTTA-1,4
TAAAGAGCCCGAAACC-1,1
TAAAGCGGTATTTCCA-1,4
TAAAGCGTTAGGAGAA-1,2
TAAAGCTGCAATAGGG-1,2
TAAAGGAGAAACTAGT-1,5
TAAAGTGCACGTCTCG-1,4
TAAATCTTTACACCTC-1,2
TAAATGAATCCGTTTC-1,1
TAAATGCCGTCTCATG-1,2
TAAATGGGCTACTGAG-1,5
TAAATTGTGGGTAAAG-1,4
TAAATTTAGTAACACC-1,5
TAACAAAGGGAGAAGC-1,1
TAACAATATTTGTTGC-1,5
TAACAGCGTTTGTGCT-1,4
TAACAGGTTCCCTTAG-1,3
TAACATACAATGTGGG-1,4
TAACATACACGCGATC-1,1
TAACCGCCCGCAGTGC-1,4
TAACCGTCCAGTTCAT-1,1
TAACCTACCGTCCGAG-1,4
TAACCTAGGGAGTCCA-1,5
TAACGCTTTGAGAGCG-1,1
TAACTATCGAAGGTCC-1,1
TAACTATTACGCCAAA-1,2
TAACTCATCCGCGCGG-1,1
TAACTCCATGGAGGCT-1,1
TAACTGAAATACGCCT-1,6
TAAGAGGGACAGGGAC-1,3
TAAGATTTAGCGGGAG-1,1
TAAGCAGGCGACACGC-1,5
TAAGCCCTTACGACCA-1,2
TAAGCGCGAATCAAAT-1,3
TAAGGAACTTGTGGGA-1,4
TAAGGCAACATAAGAT-1,3
TAAGGCATAACATCAA-1,4
TAAGGCCCGTCACCCT-1,4
TAAGGCTGAATCCCTC-1,4
TAAGGGCCTGTCCGAT-1,4
TAAGGGCTGGGAGAGG-1,5
TAAGTAAATGTGCCGC-1,2
TAAGTAACATCTTGAC-1,5
TAAGTCGCCGAGTATC-1,4
TAAGTCGGTGAGCTAG-1,4
TAAGTGAATAGTCTAC-1,3
TAAGTTGCGACGTAGG-1,4
TAATAAACAAGGAGAT-1,2
TAATACACAGTAGTAT-1,2
TAATACTAGAACAGAC-1,4
TAATAGAACAGAGTTA-1,1
TAATAGCTAAATGATG-1,4
TAATAGGTCACCAGAA-1,5
TAATAGTGACGACCAG-1,3
TAATATTGAAATTCGC-1,1
TAATCAACCAAATGGG-1,4
TAATCAGGAATGCTGC-1,4
TAATCGATCCGTACGT-1,2
TAATGAAAGACCCTTG-1,4
TAATGTCGGTTCATGG-1,3
TAATTACGTCAGTAGA-1,4
TAATTAGATGGATATG-1,1
TAATTAGGACATCCGT-1,4
TAATTCCAATGCTTCA-1,4
TAATTGCGCTGATTAC-1,6
TAATTGGAATCGGGAA-1,2
TAATTTCCGTCCAGTA-1,1
TACAAATTGCGGAGGT-1,5
TACAACAGCGCATACA-1,4
TACAACGCACAACTCA-1,3
TACAAGCTGTTCACTG-1,1
TACAAGGGCTTCTTTA-1,4
TACAAGTCTCGTGCAT-1,4
TACAATGAAACCAGCA-1,5
TACACAGCCGTGGTGC-1,4
TACACCGTCGTTAGTC-1,2
TACACCTCTTCGAATC-1,4
TACAGAAACGGTGGGC-1,4
TACATAGGCATACACC-1,3
TACATCCCTATCCCTG-1,4
TACATCTTGTTTCTTG-1,1
TACATGACCTTATCCG-1,5
TACATGCCGGAATTGT-1,4
TACATTTCTAACGTGC-1,3
TACCAAATAGCCCAGA-1,1
TACCAATAAAGTACCA-1,4
TACCAGAAGTAGGTTC-1,3
TACCAGCTAGGTTTAA-1,2
TACCAGGAATCCCGTC-1,5
TACCATGTATTGATTT-1,3
TACCCTCGGTAACCCT-1,5
TACCGAATAATTGTAA-1,4
TACCGATCCAACACTT-1,4
TACCGCGGACTTGCAG-1,1
TACCGGCTCACTGCCC-1,1
TACCGGTCGTTTCCAT-1,1
TACCGTAGGTTAACTA-1,4
TACCGTGCCTCGGACC-1,4
TACCTACTCCCAGTAT-1,1
TACCTATCCCTAGAGG-1,4
TACCTCACGCTTGTAC-1,4
TACCTCAGTTGTCTGT-1,4
TACCTCCACACCAATG-1,5
TACCTCTTTACCATCC-1,4
TACCTGCTGCACTGTG-1,4
TACCTTAAGATTTCCC-1,5
TACGAACACGACTTCA-1,3
TACGACGCTTGCTGCG-1,1
TACGACTGCCTCTTAG-1,1
TACGAGAACTTCACGT-1,1
TACGATCCAAGCCACT-1,2
TACGATGTTGATCATC-1,1
TACGCAGTTCTTTCCT-1,3
TACGCCATATTCTAAT-1,3
TACGCCGAGGGTACCC-1,5
TACGCCGCCTCAGAAG-1,1
TACGCCTCCATTCCGA-1,1
TACGCTATAGAAACCT-1,1
TACGCTCCTAGAACTG-1,5
TACGCTCGGTATTGGA-1,1
TACGCTGATAGTTGTA-1,3
TACGCTGCACGGTCGT-1,1
TACGCTGCTGTGTTAA-1,3
TACGGAAGCCAAACCA-1,4
TACGGCATGGACGCTA-1,1
TACGGGATGCTAGCAG-1,2
TACGGGTAATAACATA-1,1
TACGTAAAGCGGAGTG-1,4
TACGTACTAGTGCTGA-1,4
TACGTGCAAGGTTCCT-1,4
TACGTGCACTATGCTG-1,1
TACGTGGGCCCAGGGC-1,4
TACGTTTACCGGCAAT-1,5
TACTACGTGCAATGCG-1,1
TACTATGGTTCCTCAG-1,1
TACTCACAACGTAGTA-1,4
TACTCATTGACGCATC-1,1
TACTCCTCTAGTTGAC-1,1
TACTCGGCACGCCGGG-1,5
TACTCGTTTGAATCAA-1,1
TACTCTCCGAACAAAT-1,3
TACTCTTACTTTACTG-1,4
TACTCTTTCGTCTTCA-1,1
TACTGAACAGATTTAG-1,4
TACTGAGGGAAGAAAG-1,3
TACTGCAATCAATTAC-1,2
TACTGCATGATTAAAT-1,3
TACTGGACAGCTCGGC-1,5
TACTGTTTCTCTGGTA-1,1
TACTTAAACATGTACA-1,4
TACTTGTTAGTAGTCC-1,1
TACTTTACTGAGCCGG-1,2
TACTTTCCGCACGCCA-1,4
TAGAAACACAATAGTG-1,1
TAGAAACCACTAAGTA-1,2
TAGAAAGGTGGCGCTA-1,4
TAGAAATTCACGTATA-1,5
TAGAACGCCAGTAACG-1,5
TAGAAGAAGGGTTACA-1,5
TAGAATAGCCGATGAA-1,4
TAGAATTAAGGGCAAC-1,5
TAGACGAAACGCCAAT-1,4
TAGACGCCCGTACCGG-1,1
TAGACTACCTAGCGTT-1,4
TAGACTCAGTTGGCCT-1,3
TAGAGATCATGCAACT-1,4
TAGAGCTACGAAGAAC-1,2
TAGAGGGAGTTTATCT-1,1
TAGAGGTTCTACTTGT-1,4
TAGAGTCTAAGCGAAC-1,5
TAGAGTGTTCCGGGTA-1,4
TAGATATGGACTGGAA-1,1
TAGATCCGAAGTCGCA-1,5
TAGATGGTTCCTTACT-1,4
TAGATTCAAAGTGCGG-1,5
TAGATTCCTGGTTATT-1,5
TAGATTCTCTAGCAAA-1,3
TAGCAACCTGTCACAA-1,1
TAGCAGATACTTAGGG-1,4
TAGCAGTAAATACGCG-1,2
TAGCAGTATGACTAAA-1,1
TAGCCAGAGGGTCCGG-1,5
TAGCCATGATTGCCTA-1,6
TAGCCATTTCAAAGTC-1,4
TAGCCGGCGGTCAGCG-1,4
TAGCGTCCCTCGATTG-1,4
TAGCGTCCGGTGTGGT-1,4
TAGCGTCGAATATTGA-1,5
TAGCGTTGGGTCTTAC-1,4
TAGCTAAGTCCGGGAG-1,5
TAGCTAGAAGGCATGA-1,4
TAGCTAGTGATGATGG-1,1
TAGCTCACTGTGTTTG-1,4
TAGCTCAGATCCTAGT-1,2
TAGCTCGCCTGATAAC-1,1
TAGCTGATGTGAAGCG-1,4
TAGGAACAGCCTCCAG-1,2
TAGGAGGCTCGAGAAC-1,4
TAGGATCTTAACCGCA-1,3
TAGGCATGTTACGCCA-1,2
TAGGCCTATATAGTCT-1,1
TAGGCGATGAGGTCTC-1,5
TAGGCGGCTGCAAAGA-1,3
TAGGCTAAAGTGGCAC-1,1
TAGGGAGCTTGGGATG-1,4
TAGGGTGTTTCAAGAG-1,4
TAGGTCCAAGTAAGGA-1,1
TAGGTCGCCGGAACTG-1,3
TAGGTGACGATAACCT-1,4
TAGGTGAGCCCTACTC-1,4
TAGGTGCTCGCCTAGC-1,4
TAGGTGTTCCACAGAT-1,4
TAGGTTCGAGTTCGTC-1,5
TAGGTTCTGCTGAGAA-1,1
TAGTACCACAACTTTC-1,3
TAGTACCTTAGTGGTC-1,1
TAGTAGCTTATACCAG-1,4
TAGTAGTTGCCGGACA-1,3
TAGTCCCGGAGACCAC-1,4
TAGTCCGCAGAGAATG-1,3
TAGTCCGTATGCATAA-1,4
TAGTCCTGCACTAAGC-1,3
TAGTCGATCACGGGTT-1,4
TAGTCGGGATTCTTCG-1,1
TAGTCTAACAACGAGA-1,3
TAGTCTGCGGCACATT-1,5
TAGTCTGTGACGTTGC-1,2
TAGTCTTTCCGAATTG-1,4
TAGTGACAAGCTCTAC-1,3
TAGTGAGAAGTGGTTG-1,4
TAGTGCCCTCCAGAGT-1,3
TAGTGCTTGAATCCTT-1,1
TAGTGGAACTCATACA-1,3
TAGTGTCAGAAACGGC-1,4
TAGTTAAGATAGGATA-1,2
TAGTTTATTCTTGCTT-1,1
TAGTTTGATCGGTCGC-1,6
TATAAATCCACAAGCT-1,1
TATAAGTGAGGATAGC-1,1
TATACACAGACGCCTT-1,1
TATACACGCAAAGTAT-1,1
TATACCGAGTGCCACA-1,1
TATACGCGTCATCACT-1,4
TATACTCATGCGGCAA-1,1
TATAGAGTCGCTTGAA-1,1
TATAGATGGTCGCAGT-1,4
TATAGCGCACGTTATC-1,4
TATAGCTATTATCTCT-1,6
TATAGGGTACTCATGA-1,5
TATAGTTAGGTGTACT-1,3
TATATAGGGCTTTACG-1,1
TATATATCGAGAAATG-1,5
TATATCAAAGTGATCT-1,5
TATATCATTGATCAGT-1,5
TATATCCCTGGGAGGA-1,1
TATATGCTGGGTTGCC-1,5
TATATTACAAATGTCG-1,2
TATATTCGCGTCGATA-1,2
TATCAAAGGTCTGTAA-1,5
TATCACAGCACGGGCA-1,4
TATCACCATGTAAAGT-1,2
TATCACCCAACCGACC-1,2
TATCACTTCGAGTAAC-1,1
TATCAGTGGCGTAGTC-1,3
TATCCAATTGGTTATC-1,4
TATCCATATCATGCGA-1,4
TATCCATCTCGGTTAG-1,3
TATCCCTCGATCTGCA-1,3
TATCCGCACCGTCGGG-1,4
TATCCTATCAACTGGT-1,4
TATCCTGCATGGGAAT-1,2
TATCGATCTATGCATA-1,2
TATCGATGATTAAACG-1,4
TATCTACAGAGGTAAT-1,1
TATCTACCACAGCGGG-1,1
TATCTAGCCTAAAGGA-1,5
TATCTGAGCCGATATT-1,3
TATCTTGCAATACAAC-1,3
TATGAAGAATTAAGGT-1,4
TATGAAGACAGGTGCG-1,1
TATGACCTTGCGCTGG-1,4
TATGATAAATCTAACG-1,2
TATGATCCGGCACGCC-1,2
TATGATCTTCTCTTTA-1,4
TATGATTCTGCTTGGT-1,4
TATGCTCCCTACTTAC-1,5
TATGGAGTTTCTCGTT-1,4
TATGGATGTGCTACGC-1,3
TATGGCAGACTTTCGA-1,4
TATGGCCCGGCCTCGC-1,4
TATGGCTAGGCTAATT-1,2
TATGGGACCGAGCAGG-1,3
TATGGGTACGTATCGT-1,5
TATGGTCTGAGTAACA-1,3
TATGGTTAGTGGGAGA-1,4
TATGTAAAGTGCTTAA-1,1
TATGTAGAAACCCGGC-1,3
TATGTCAAGACCGACT-1,2
TATGTCTCATTGTGCC-1,3
TATTAACACCAAAGCA-1,5
TATTAACCTGACCGCG-1,4
TATTACCATCCTGCTT-1,4
TATTATGTTTGCCTGC-1,5
TATTCAATTCTAATCC-1,1
TATTCCACTCAGCTCG-1,1
TATTCCGAGCTGTTAT-1,4
TATTCCGGCAGTCCTA-1,1
TATTCCTCCGCCCACT-1,4
TATTCGTGCCAGAATA-1,3
TATTGACATTTCTGCC-1,4
TATTGCCGGGCTTGTA-1,4
TATTTAGTCTAGATCG-1,4
TATTTATACCGAGTAG-1,2
TATTTGATTTGCACAG-1,1
TATTTGTTACCCTTTA-1,4
TCAAACAACCGCGTCG-1,3
TCAAACAATTAGGACA-1,4
TCAAACTTAGATTGTT-1,5
TCAAAGAGCTATCTGT-1,4
TCAAAGTCACGGCGTC-1,3
TCAAATTATGTTCGAC-1,3
TCAAATTGTTGTGCCG-1,4
TCAAATTTGAGACTCA-1,1
TCAACAAAGATAATTC-1,4
TCAACACATTGGGTAA-1,1
TCAACATAGCGCCCTA-1,4
TCAACATCGACCGAGA-1,4
TCAACCATGTTCGGGC-1,1
TCAACGAGGAGACAAA-1,3
TCAACGCAGGAAATAA-1,1
TCAACGCGACCGGCAG-1,5
TCAACTAACGTATAAC-1,5
TCAACTGCAGAGTCAG-1,4
TCAAGAAATACTAGCT-1,3
TCAAGCGCGGACGGTA-1,4
TCAAGCTGCCTTGAAA-1,2
TCAAGGTTACTACACC-1,4
TCAATACAATTGCTGC-1,5
TCAATACGCCGTCATG-1,4
TCAATATACAGGAGGC-1,4
TCAATCCCGCGCCAAA-1,4
TCAATCCGGGAAGTTT-1,4
TCACAAACCGAGGTAC-1,4
TCACAGATCCTCAAAC-1,1
TCACAGCAAACTCGAA-1,3
TCACAGGAGAATAAGA-1,4
TCACAGGGAATCGCAA-1,4
TCACAGGTTATTGGGC-1,4
TCACATCTTATCTGAT-1,1
TCACCCTCTTAAGATT-1,1
TCACCGCTCGGCACTC-1,2
TCACGATGTCCGTGGA-1,1
TCACGATTAATACGTT-1,6
TCACGCATTGTAGATC-1,1
TCACGGCCCAAGAGAG-1,3
TCACGGTCATCGCACA-1,4
TCACGTGCCCGATTCA-1,3
TCACTACGACCAATGC-1,2
TCACTATCCCTTCGGT-1,1
TCACTATCGTGCAATC-1,4
TCACTCAGCGCATTAG-1,5
TCACTCGTGCAACGGC-1,2
TCACTCTTCGTCTGTC-1,4
TCAGAACCTCCACAGG-1,1
TCAGAACGGCGGTAAT-1,4
TCAGACGCTATAGAAG-1,4
TCAGAGCATGTCAACG-1,6
TCAGAGGACGCGTTAG-1,1
TCAGAGTGTGAGCATG-1,4
TCAGATGGAGACGTAG-1,2
TCAGCAAATGCATCTC-1,4
TCAGCAGTAGGCCCTG-1,1
TCAGCCAATCCGTAAA-1,4
TCAGCGCACGCCGTTT-1,1
TCAGCTTGAGCTTTCG-1,5
TCAGGGCGACTTCCTT-1,5
TCAGGGCGCAAACTCG-1,4
TCAGGGTGCACGAAAC-1,2
TCAGGGTGTAACGTAA-1,3
TCAGGTTCTTTGAGAA-1,1
TCAGTACTGACCCGCG-1,1
TCAGTAGGGACTATAA-1,3
TCAGTGTATACGTCAT-1,1
TCAGTTACGGAATGAT-1,5
TCATAAGTCCAAGAAG-1,4
TCATACTTACAGATCC-1,1
TCATATGAGCTTTGTT-1,4
TCATCACTCGAGCTCG-1,1
TCATCCATCTGATCAC-1,6
TCATCCCAGAGGGTGG-1,1
TCATCCTCAGCTGCTT-1,4
TCATCGACGACCGTCG-1,1
TCATCGATGGTCCCAA-1,1
TCATGCAGGTTCTCAT-1,2
TCATTCGTATAATTTG-1,4
TCATTTAAGTCTCCGA-1,1
TCATTTAGAAGTGTGA-1,4
TCCAACTCAGCTATCT-1,4
TCCAACTTTAAATTCT-1,3
TCCAAGCCTAGACACA-1,4
TCCAATAAAGGCTACC-1,4
TCCAATGCGTCGCCGC-1,1
TCCACAATGGTTTACG-1,4
TCCACATCGTATATTG-1,4
TCCACCAAGACATAGG-1,1
TCCACCTCTAGCCTTT-1,4
TCCACTTTATCTAGGT-1,1
TCCAGAGCACCGGTTC-1,4
TCCAGATGTACGCCAA-1,2
TCCAGCGCTATAAGCG-1,4
TCCAGGCAGGACGATC-1,3
TCCAGGCGAGTACGGT-1,5
TCCAGGGTATATACGA-1,1
TCCATCAATACTAATC-1,3
TCCATTAGTTGGATAG-1,1
TCCATTCCCACTAGAG-1,2
TCCATTGTGACCTCGT-1,2
TCCCAAACAGACAACG-1,2
TCCCAAACATCCTCTA-1,3
TCCCAAAGACGAAGGA-1,5
TCCCAAAGCCCTAAAT-1,4
TCCCACGGAGGGAGCT-1,5
TCCCACTCTCTTCCGG-1,1
TCCCAGCACACGACAT-1,4
TCCCAGCTTTAGTCTG-1,3
TCCCAGGCTTAGCTAA-1,4
TCCCGCCTATGTGCGT-1,4
TCCCGCGTACTCCTGG-1,5
TCCCGGGTGTGCTGCT-1,1
TCCCGGTCAGGAATTT-1,1
TCCCGTCAGTCCCGCA-1,3
TCCCGTCGCGTCATAG-1,4
TCCCGTGTGCAATTTG-1,4
TCCCTAGATCAATAGG-1,2
TCCCTCCGAAATCGTT-1,4
TCCCTCTTCTCAAGGG-1,4
TCCCTGGCGTATTAAC-1,5
TCCCTGGCTCGCTGGA-1,5
TCCCTTAGATTACTCG-1,2
TCCCTTGTCTGAAACT-1,4
TCCGAACGTTGCCGCT-1,4
TCCGAACTTGGCTTAC-1,5
TCCGAAGTAGTCACCA-1,2
TCCGAATGGTCCTGAG-1,4
TCCGACCGCTAATCAA-1,5
TCCGAGAAGGCTAAGC-1,1
TCCGATAATTGCCATA-1,2
TCCGATGACTGAGCTC-1,2
TCCGATGGTGCGACAT-1,4
TCCGATTACATTGCCG-1,1
TCCGCAGCCACCTAGC-1,4
TCCGCCTGTCTACAAG-1,4
TCCGCGGCAGCATCTG-1,4
TCCGCGGCCCAATGAA-1,4
TCCGCTGGGTCGATCG-1,6
TCCGCTGTCATCCCGG-1,4
TCCGCTTATCCCATTA-1,1
TCCGGAGGAAGGGCTG-1,2
TCCGGCCTAGCGTACA-1,2
TCCGGCCTGCATCGAT-1,5
TCCGGCTGTCGGGTCG-1,4
TCCGGGCCACTAACGG-1,4
TCCGGGCTTGACGGGA-1,1
TCCGGTTCGTCCGGTC-1,1
TCCGTAACCACAATCC-1,1
TCCGTTAAGCTAATAT-1,4
TCCGTTTAGCCTTGAA-1,2
TCCTAAAGATTCAGAC-1,4
TCCTAAATTGGGAAGC-1,4
TCCTAACCGTCGGGCA-1,4
TCCTACATCCACGGCC-1,4
TCCTAGCAAAGAAGCT-1,3
TCCTATCATAGGTAAC-1,4
TCCTCCTAAGACATTC-1,4
TCCTCGGGCTGGGCTT-1,4
TCCTCTACGAGATGGC-1,1
TCCTCTCCAGTTGTCC-1,1
TCCTCTGGCCCATTAG-1,2
TCCTGCAGCCGCCAAT-1,1
TCCTGCCAACTGGAGA-1,2
TCCTGCGTTGATACTC-1,5
TCCTGGCGCTGCCTGG-1,2
TCCTTACGACGGTCCG-1,4
TCCTTCAATCCCTACG-1,4
TCCTTCAGTGGTCGAA-1,2
TCCTTGTCCTTTAATT-1,4
TCCTTTAAATCCGCTT-1,4
TCCTTTCTTACGCTTA-1,5
TCGAAATTTAGGACCA-1,4
TCGAAGAACCGAGCAC-1,4
TCGAATATCCCGCAGG-1,5
TCGAATCGCAGGGTAG-1,3
TCGACAACTGAACCCG-1,3
TCGACATAGCGTAGCG-1,3
TCGACTGACGATGGCT-1,3
TCGAGACCAACACCGT-1,3
TCGAGCCAGGCAGGCC-1,1
TCGAGGGCAACAGACG-1,4
TCGAGTCTACGATTCG-1,3
TCGATAGGCTAGTCGC-1,4
TCGATGTTACGGCCGT-1,6
TCGATTTACGAAACGA-1,3
TCGCAAAGATGCATTT-1,4
TCGCACCAGGAGGCAG-1,4
TCGCACTAACGTTTGT-1,4
TCGCATAAAGGGCGCA-1,1
TCGCATCCCTAAGTGT-1,1
TCGCATTCAATGACTT-1,1
TCGCCACCCGGATTAC-1,6
TCGCCCAACTGACTCC-1,2
TCGCCCACTGCGAGAG-1,4
TCGCCGAAGTTGCGTC-1,4
TCGCCGACATATTCGC-1,4
TCGCCGCACCGCGTGA-1,5
TCGCCGGAGAGTCTTA-1,4
TCGCCGGATGGGCAAG-1,5
TCGCCGGTCGATCCGT-1,3
TCGCCTCCTTCGGCTC-1,4
TCGCCTCGACCTGTTG-1,5
TCGCGCGTTTACATGA-1,6
TCGCGTAGCAGTGTCC-1,4
TCGCGTCCAGAAGGTC-1,4
TCGCTAAACCGCTATC-1,2
TCGCTACTGGCTTTGA-1,4
TCGCTCGATATATTCC-1,5
TCGCTCGGCACCAGCG-1,2
TCGCTGCCAATGCTGT-1,4
TCGCTGGGCGGATTGT-1,5
TCGCTGTGCGTAAATC-1,1
TCGCTTAATTACGAAG-1,2
TCGCTTTAAACGTTTG-1,3
TCGGAATGACCATCAA-1,3
TCGGAATGCGCTCTGA-1,1
TCGGACGCCCAGCCCA-1,1
TCGGAGAGTATCGGGA-1,1
TCGGAGTACATGAGTA-1,4
TCGGAGTCCTGGTTGC-1,6
TCGGATCTGGATGACC-1,3
TCGGCAGGGTTAAGGG-1,4
TCGGCGAACCCAAACC-1,4
TCGGCGGTATTAGATT-1,2
TCGGCGTACTGCACAA-1,5
TCGGCTAACTTCCCTT-1,1
TCGGCTTGTATCGACG-1,4
TCGGGAACGTGCCTAG-1,2
TCGGGAGACAGCGTAC-1,4
TCGGGATTCAAACATA-1,3
TCGGGCACTTCTGGAT-1,5
TCGGGCCGTCGTGGTA-1,4
TCGGGTGAAACTGCTA-1,4
TCGGTCCCGACAATAG-1,5
TCGGTCCCTGACTCCA-1,2
TCGGTGACCGCTCCGG-1,2
TCGGTTAGCCATGTAG-1,4
TCGTAACTCCCAAGAC-1,4
TCGTAAGACGACATTG-1,3
TCGTAAGCTCCGAGGA-1,2
TCGTACCGACGTCAAG-1,4
TCGTATAGTGCAATTA-1,1
TCGTATCACCAAGCTA-1,5
TCGTATTACCCATTGC-1,5
TCGTATTTCGTCCGGA-1,2
TCGTCAAGTACGCGCA-1,3
TCGTCACACTGTTAGC-1,1
TCGTCCGCTGGCGTCT-1,4
TCGTCCGGGTACACTC-1,2
TCGTCTTAGGCGTTAA-1,4
TCGTGTACTATGGATG-1,4
TCGTGTATTGGTCACG-1,1
TCGTGTCACGCTGACA-1,1
TCGTGTTCGACCACAA-1,5
TCGTTAGGAGTCCCTA-1,1
TCGTTCGTTATTATGT-1,2
TCGTTGACAGGGTCCC-1,5
TCGTTGCTATCCGGTC-1,3
TCGTTGGCTCGTCAAT-1,1
TCGTTTACGCGACCCT-1,4
TCTAAAGAACAGTCTC-1,3
TCTAACCTAGCCTGCG-1,1
TCTAACTGTATGTAAA-1,5
TCTAATACTGCCTCAG-1,1
TCTACACGTTCATGCA-1,2
TCTACCCAATAGAGAG-1,1
TCTACCCGCATCATTT-1,1
TCTACCGTCCACAAGC-1,5
TCTACGCACGATCTCC-1,3
TCTACGGGCTCAGTTG-1,2
TCTAGCAATCTCCGCC-1,1
TCTAGCATCTTCGATG-1,1
TCTAGCATGCCCAGAA-1,1
TCTAGGTGGCGACGCT-1,2
TCTAGTGATATCGTGG-1,4
TCTAGTTATCAGAAGA-1,5
TCTATAGGTGGGTAAT-1,5
TCTATCATGCAGTTAC-1,4
TCTATCCGATTGCACA-1,1
TCTATCGGTCGCAACA-1,5
TCTATGCTATAACGAC-1,1
TCTATTACGCTGGCGA-1,1
TCTATTACTAGAGGAT-1,1
TCTCAAATCAATCGGG-1,4
TCTCAGGCTACTCGCT-1,4
TCTCATGAGATAGGGT-1,4
TCTCCAACGTAGGTTA-1,3
TCTCCACAAGTTGAAT-1,1
TCTCCCTGGGCAGCGT-1,4
TCTCGAACGAGGTCAC-1,2
TCTCGACGTATCGCCG-1,5
TCTCGAGGAGGTTCGC-1,4
TCTCGGCTCCAGGACT-1,1
TCTCGTGTTACGAGGA-1,4
TCTCTAATAGCTGGTA-1,4
TCTCTCGCCGCACATA-1,4
TCTCTTACCGCGAACC-1,4
TCTGAACCGGTCGGCT-1,4
TCTGAACTCGTACCCG-1,4
TCTGAAGCACGTGGTC-1,4
TCTGAATTCCGTACAA-1,4
TCTGACGGGCTAACCC-1,4
TCTGACTGTAATGGTT-1,5
TCTGAGCAATTGACTG-1,1
TCTGATCGGGTGCTAG-1,4
TCTGATGTATTCTGTC-1,4
TCTGATTGGAAATGGA-1,4
TCTGCACCATTAGTAA-1,4
TCTGCAGATTCGAGTC-1,5
TCTGCATACCTTGCTT-1,4
TCTGCCAGAAACTGCA-1,4
TCTGCGAATCGTTCGC-1,2
TCTGCGTCCGGTTTCT-1,1
TCTGCTTAGAACAAGC-1,3
TCTGGAGCGTAAGAGT-1,5
TCTGGCCGTTCAAGTT-1,4
TCTGGCGCAAGCCGGG-1,5
TCTGGGAACCTTTGAA-1,4
TCTGGGTAGCGCTCAT-1,3
TCTGTCATACAAGAGC-1,1
TCTGTGACTGACCGTT-1,1
TCTGTGATGGAGGTTG-1,2
TCTGTGCCATCATAGT-1,5
TCTGTGGCTACATTTC-1,5
TCTGTTACCCAGCATA-1,1
TCTGTTTAGATTGTTC-1,6
TCTTAACTCGGATGTA-1,4
TCTTACAGAGGTACCG-1,1
TCTTACCGGAACTCGT-1,2
TCTTACGGCATCCGAC-1,1
TCTTACTTATGCCTCT-1,4
TCTTAGAGCTCCAATT-1,4
TCTTAGAGTGAACTCT-1,4
TCTTATGGGTAGTACC-1,1
TCTTCCCATGGGCACA-1,1
TCTTCGAATAGACGTT-1,1
TCTTCGATACCAATAA-1,5
TCTTCGCGGTGAGAGG-1,4
TCTTCTATAACCCGCC-1,4
TCTTGATGCGTAGCGA-1,3
TCTTGCTCCCGATACT-1,4
TCTTGGTAACACCAAA-1,5
TCTTGGTCAATGATAC-1,3
TCTTTAAGACTATGAA-1,4
TCTTTAGAGTCTAACA-1,4
TCTTTAGCAGGCGAAC-1,4
TCTTTCATCCGTCCTT-1,3
TCTTTCCTTCGAGATA-1,4
TCTTTCGGCGGGACAC-1,4
TCTTTCTCTTAAGGAG-1,3
TGAAACCTCAACTCAC-1,4
TGAAACTTATGCAAGC-1,5
TGAAAGGACCTGACTC-1,4
TGAACAAGCAGGGACT-1,1
TGAACACCCGAAGCAG-1,1
TGAACCTGAATGTGAG-1,6
TGAACTGCTATGACTT-1,4
TGAAGAGCGGTCCTAG-1,1
TGAAGTAGCTTACGGA-1,4
TGAATACCGACGCGTA-1,4
TGAATATGCTATAAAC-1,2
TGAATGAGATACAGCA-1,2
TGAATGAGTGTTTCCC-1,4
TGAATGTCAGCCGGCC-1,4
TGAATTTCACTTGCCT-1,4
TGACAACGCATGTCGC-1,4
TGACACTTCTCTTTGC-1,2
TGACAGAAATCTTGCT-1,6
TGACAGGACAAGTCCA-1,5
TGACATATATGACGAT-1,4
TGACATCGAGCGGACC-1,4
TGACATGTAACGTGAC-1,4
TGACCAAATCTTAAAC-1,4
TGACCAGCTTCAAAGT-1,1
TGACCCAACTCACATT-1,4
TGACCCACGTTAGACA-1,4
TGACCCAGCATTCCCG-1,4
TGACGAATATTTCCCT-1,1
TGACGATGCACTAGAA-1,4
TGACTATAATCCTTTC-1,1
TGACTCCGAATCATAC-1,3
TGACTCTAACTGGTAA-1,4
TGAGAATGCTTTACCG-1,4
TGAGACGTACCTCTCA-1,4
TGAGAGATTTACCACG-1,4
TGAGATCAAATACTCA-1,2
TGAGATTAGGCCCTAA-1,2
TGAGCAGTCGTGAAGT-1,1
TGAGCCATACAGTCTC-1,3
TGAGCGGAAAGTGTTC-1,1
TGAGCTCAACTGTATA-1,4
TGAGCTTTAATGACGC-1,2
TGAGGAGTGCCAGCTT-1,1
TGAGGCATGTACTGTG-1,5
TGAGGTGTGTGGCGGA-1,4
TGAGGTTGATCCCAAG-1,4
TGAGTAAATTAGCGTA-1,1
TGAGTGCCTCTTAAAT-1,5
TGAGTGGTCCGTGACG-1,3
TGAGTGTAACAACGGG-1,4
TGAGTTAAAGACATTC-1,4
TGATACATTTAGCCGT-1,3
TGATAGCGGGATTCTA-1,5
TGATCACCACACTGAC-1,4
TGATCAGGGAACTGCT-1,4
TGATCCCAGCATTAGT-1,4
TGATCGGTTTGACCCT-1,3
TGATCTACGCTGATCT-1,2
TGATCTATCACACTCT-1,4
TGATCTCCGGCGCCAG-1,4
TGATGCTCACGTAGTC-1,2
TGATGGCTGTTTCTGA-1,4
TGATGGGACTAAGTCA-1,1
TGATGTCAATTAAGTG-1,4
TGATTATGGCACGCAG-1,2
TGATTCAGGTCCCGCG-1,4
TGATTCCCGGTTACCT-1,4
TGATTCGTCTATCACT-1,1
TGATTCTGTCGCCGGT-1,3
TGATTTATTAGCTGTG-1,3
TGATTTCCTCCTGACG-1,1
TGCAAACCCACATCAA-1,4
TGCAAACGTACTAGTT-1,3
TGCAAAGTTCGTCTGT-1,5
TGCAACCCATCTGCGG-1,4
TGCAACTACTGGTTGA-1,4
TGCAAGAATGACGTAA-1,5
TGCAATCTAACACGGT-1,4
TGCAATTTGGGCACGG-1,2
TGCACAGTGAAGTTAT-1,2
TGCACGAGTCGGCAGC-1,4
TGCACTATGTGAGTGC-1,4
TGCAGAACTATATCGT-1,4
TGCAGAGTACCGAGCA-1,3
TGCAGATCGTCCTAGG-1,4
TGCAGCTACGTACTTC-1,4
TGCAGGATCGGCAAAG-1,3
TGCAGTGAGGCTCGGG-1,2
TGCAGTGGTAGGGAAC-1,3
TGCAGTTTCCTCCCAT-1,1
TGCATATGTCTGTCAC-1,4
TGCATCTCCGGATCTT-1,2
TGCATGAGTAGATTCG-1,5
TGCATGGATCGGATCT-1,2
TGCATGGCAGTCTTGC-1,4
TGCATGTGACCCATAG-1,3
TGCATGTGGTAATCTA-1,4
TGCCAAAGTCAGACTT-1,4
TGCCAATGGGTACTCT-1,1
TGCCACACTAGAGGAA-1,4
TGCCACCTGGCGAAAC-1,3
TGCCAGTACGTGGAGA-1,4
TGCCATGGCTTATAAG-1,2
TGCCATTACTAAAGAA-1,2
TGCCCGATAGTTAGAA-1,4
TGCCCGTACCGTTAAA-1,4
TGCCGAAAGCGTATTC-1,4
TGCCGATGTCATCAAT-1,1
TGCCGGATGTACGAGC-1,1
TGCCGTGGATCGTCCT-1,1
TGCCGTGGGACCCAAT-1,4
TGCCGTTCTTAATCGG-1,3
TGCCTAAATTTAATAG-1,3
TGCCTAATTGAAGATT-1,4
TGCCTGACATCGGTCA-1,4
TGCCTGATCAAACGAT-1,3
TGCCTTGCCCTTACGG-1,4
TGCCTTGGCCAGGCAA-1,4
TGCGAATATGGGATTT-1,4
TGCGACACCCTAGTGC-1,3
TGCGACGGCCGAACGT-1,3
TGCGAGAAACGTTACG-1,5
TGCGAGAATATTACCC-1,3
TGCGAGATGGCGGCCA-1,2
TGCGAGCCCTTCCGCG-1,2
TGCGATGCTAATGGCT-1,5
TGCGCAAAGCATTTGG-1,5
TGCGCCGTTAATAACG-1,4
TGCGCGATTAACGGAG-1,1
TGCGGACTTGACTCCG-1,4
TGCGGAGTAAAGGTGC-1,5
TGCGGCATAGTTCAAC-1,1
TGCGGGTATTGGGATC-1,4
TGCGGTCTACGAGTAA-1,2
TGCGGTGAAATTTCAT-1,2
TGCGTAAGAACCTGAT-1,3
TGCGTACGGCTAATTG-1,1
TGCGTCATGACTGAGC-1,1
TGCGTGATTGGGTGTC-1,1
TGCGTTTGTTGACACT-1,4
TGCTAAGTGTCTATTT-1,4
TGCTATACAAACGGAC-1,4
TGCTATGGCAAAGGGA-1,3
TGCTCACACAACAACC-1,4
TGCTCCACAGTTCTTA-1,1
TGCTCGGCGAAACCCA-1,1
TGCTCGGTGGGTCACC-1,4
TGCTCTGCCGGTTCAC-1,2
TGCTCTTGAGAGTTTG-1,4
TGCTGCGTCAGAGTTA-1,2
TGCTGGTTGGACAATT-1,1
TGCTGTTGAAGAACTC-1,4
TGCTTAGAGAGAATGC-1,5
TGCTTCCCAAGCAGTA-1,1
TGCTTGAAACCATGCA-1,4
TGGAAACGGAGTGAAC-1,5
TGGAACCACTGACACA-1,2
TGGAAGAAGGGAACGT-1,5
TGGAAGACGAACACCA-1,1
TGGAAGGATAAAGATG-1,2
TGGAATATCCTTGACC-1,2
TGGAATTAGACGCTTT-1,1
TGGACACCGTTGCTTG-1,1
TGGACCAATCTAAGAT-1,4
TGGACCACGGCGTTGA-1,1
TGGACGCAATCCAGCC-1,5
TGGACGTAGGCGAATC-1,5
TGGACTGTTCGCTCAA-1,4
TGGAGAATAATCGTCC-1,5
TGGAGCTAAAGTTCCC-1,2
TGGAGGGAAACACCTC-1,2
TGGAGTGATGCGATGA-1,1
TGGATAGAGTAACAGA-1,1
TGGATGGCATCTTGGA-1,3
TGGCAAACTAAATTAC-1,4
TGGCAACTCGCGCGCC-1,2
TGGCAAGCACAAGTCG-1,4
TGGCAATGGGACGGCG-1,4
TGGCACGAGCTCGAGT-1,2
TGGCAGATTACGATCA-1,1
TGGCAGCAGTAATAGT-1,1
TGGCATGAAGTTTGGG-1,5
TGGCCAAACTGAAGTA-1,3
TGGCCAATTTGGTACT-1,5
TGGCCGTATATTGACC-1,1
TGGCGACTGCTCCAAA-1,4
TGGCGATCAAGTTATG-1,1
TGGCGGTGTGCGATTG-1,1
TGGCTACACTCTACCT-1,4
TGGCTATGTGACATAC-1,4
TGGCTCTTGTCGCGTA-1,4
TGGCTTATGTATAATG-1,3
TGGCTTGTACAAGCTT-1,2
TGGCTTTGGGTAGACA-1,4
TGGGAAATGCCTTTCC-1,1
TGGGACCATTGGGAGT-1,1
TGGGATGCACTCATTC-1,2
TGGGCAATAGTTGGGT-1,4
TGGGCACAAACAGAAC-1,1
TGGGCACGTTCTATGG-1,5
TGGGCAGGCCACCGCA-1,4
TGGGCCACAAGAGCGC-1,5
TGGGCCCATACTAATT-1,4
TGGGCCTTGCCTGCAT-1,1
TGGGCGATACAATAAG-1,4
TGGGTAAGGTTCCCGC-1,3
TGGGTGCACAAGCCAT-1,1
TGGGTGGGATGTCATT-1,1
TGGGTGTAATAGATTT-1,1
TGGGTGTTAAGTAGAA-1,4
TGGGTTCCCGGACGGA-1,1
TGGGTTTCGGGCGTAC-1,3
TGGTAAGCAGGATTGA-1,4
TGGTACCGGCACAGCC-1,4
TGGTAGAATATATGGG-1,1
TGGTATCGCATCCCAA-1,1
TGGTATCGGTCTGTAT-1,2
TGGTCCCACGCTACGG-1,1
TGGTCGATATACCTCT-1,5
TGGTCGGGTACAGGGC-1,6
TGGTCGTGCAAGGCAA-1,4
TGGTCGTTTGATAGAT-1,4
TGGTCTAGCTTACATG-1,5
TGGTCTGTTGGGCGTA-1,5
TGGTGATCGTATTTGT-1,1
TGGTGCCCTGCCTTAC-1,3
TGGTGTGACAGACGAT-1,4
TGGTTAACTTACATTT-1,3
TGGTTAAGGGCGCTGG-1,2
TGGTTATGCTTGCGGT-1,5
TGGTTCAACGGGTAAT-1,4
TGGTTCGTAGCAAAGG-1,4
TGGTTGGAGGATCCTG-1,2
TGGTTTAAACGTGGGT-1,2
TGTAACTTGTCAACCT-1,4
TGTAAGACTGATAAGA-1,3
TGTAATGACCACAATA-1,5
TGTAATGCCTTCGGAC-1,4
TGTACCCGACCCTAAT-1,2
TGTACCTACACGAGGG-1,4
TGTACGAACAAATCCG-1,3
TGTACGCTATCAGCTT-1,1
TGTACTACTCTCACGG-1,2
TGTACTATCGCTCGTT-1,1
TGTACTGTGCCAAAGT-1,4
TGTACTTCCGGGCATG-1,4
TGTAGCCAATTCCGTT-1,1
TGTAGCCATCCCATTC-1,4
TGTAGGAGAAATTTCC-1,1
TGTAGTGATCTATAAT-1,5
TGTATAACAGATCCTG-1,4
TGTATACGGATGATGA-1,2
TGTATCAGACTGAAGC-1,2
TGTATCCTTATTCCAT-1,1
TGTATGGCGCAGACAG-1,4
TGTATTTACCTAATGC-1,2
TGTCATTTGTTGGGAA-1,2
TGTCCACGGCTCAACT-1,4
TGTCCCGACATAGCAC-1,1
TGTCCGCAAACAATTC-1,3
TGTCCGTGGCGCCTTT-1,1
TGTCCTAAGTCACCGC-1,5
TGTCGGCATGGTGGAA-1,1
TGTCGTGGGTATAGGC-1,3
TGTCGTTATCACATAT-1,1
TGTCTACAGTTTCTGT-1,1
TGTGACTACGCCAGTC-1,5
TGTGACTAGAGTTTGC-1,1
TGTGAGACTAGCCCAA-1,4
TGTGATTCCAGCGCTT-1,3
TGTGCCAGAGGCAAAG-1,1
TGTGCCGGTGCCGGAA-1,4
TGTGCTTTACGTAAGA-1,5
TGTGGACTATCTACGT-1,4
TGTGGAGGAAGCTTAA-1,4
TGTGGCAAAGCGTATG-1,2
TGTGGCGGGCTTCTGG-1,4
TGTGGCTCCCACCAAC-1,4
TGTGGTAGGGTGCCTT-1,4
TGTGGTTGCTAAAGCT-1,4
TGTGTAGTAGCACGTG-1,4
TGTGTCGAAGTCGAGG-1,4
TGTGTCGCGAGTTGCA-1,1
TGTGTGACCATGAATC-1,4
TGTGTTCGTATCCAAG-1,5
TGTTAACAAAGTGACT-1,4
TGTTATTGTATGTGGC-1,4
TGTTCATAAATGTGCT-1,5
TGTTCCGCTTCCATGA-1,4
TGTTCCGGCCTGAGCT-1,4
TGTTCGTATTGCGGTG-1,1
TGTTCTCATACTATAG-1,1
TGTTCTCTACTCCCTA-1,2
TGTTCTTCCATTGACT-1,1
TGTTGATCACTGTTTA-1,2
TGTTGCCGTCGTCCCA-1,4
TGTTGGCTGGCGGAAG-1,1
TGTTGTCAAGAAGTCT-1,5
TGTTTAATACTTCATC-1,2
TGTTTCGGTACTTCTC-1,4
TGTTTCTGAAGCGTGC-1,3
TGTTTGAGATCGTCAG-1,4
TTAAACAGAGTCCCGC-1,1
TTAAACCGGTAGCGAC-1,4
TTAAACCTGGTTCCTT-1,5
TTAAACTCGAATTCAT-1,3
TTAAAGGCGATGCTCG-1,5
TTAAAGTAAGTCGCCA-1,4
TTAACACCTCGAACAT-1,1
TTAACCAACCCTCCCT-1,4
TTAACCCGAGGCGTGT-1,3
TTAACGAACAAGCAGT-1,2
TTAACGTCGCAAGACC-1,4
TTAACGTTAAAGCCTG-1,4
TTAACTCACGCGTGGA-1,1
TTAACTGATCGTTTGG-1,4
TTAACTTCAGGTAGGA-1,4
TTAAGACGAACGAACC-1,4
TTAAGATACCCAGAGA-1,3
TTAAGATAGGATTGAC-1,4
TTAAGCCGACAACTTC-1,5
TTAAGCGCCTGACCCA-1,4
TTAAGGATACGGAGGT-1,1
TTAAGGCCCGTACTTT-1,5
TTAAGTATTGTTATCC-1,4
TTAATCAGTACGTCAG-1,5
TTAATGCGAGGTAACT-1,4
TTAATGTAGACCAGGT-1,5
TTAATGTGTTTGCAGG-1,4
TTAATTGCTTTGGGTG-1,4
TTAATTTCAGACGCGG-1,2
TTACAACTACGCATCC-1,1
TTACACGATCTGCGAC-1,1
TTACAGACCTAAATGA-1,2
TTACATCGTGGCCTGG-1,4
TTACATGCCACAACTA-1,4
TTACCATTGATTACCC-1,5
TTACCCATTGCCGGGT-1,2
TTACCCTAACAGTCCT-1,1
TTACCCTAGGGATTGG-1,4
TTACCGCCTTAGGGAA-1,1
TTACGGATGGTTCGAG-1,4
TTACGGTGTCACCGAG-1,4
TTACGTAGCGCGTGCT-1,2
TTACGTATCTATGACA-1,1
TTACTAAAGGACTTTA-1,4
TTACTATCGGCTTCTC-1,5
TTACTCCGGCCGGGAA-1,4
TTACTCTGGTACGTAC-1,1
TTACTGGGATATTTCA-1,3
TTACTGTCTAGAGCTC-1,2
TTACTGTTTCTCTACG-1,1
TTAGAAGAACATGACT-1,1
TTAGAATAAGGGTCGG-1,4
TTAGACACGATCGTTG-1,2
TTAGACGAGTCACCTC-1,4
TTAGAGGGATATACAG-1,4
TTAGAGTATTGTCGAG-1,5
TTAGAGTTTAGAAGGA-1,4
TTAGATAGGTCGATAC-1,1
TTAGCAACATGGATGT-1,1
TTAGCATCCCTCACGT-1,6
TTAGCCATAGGGCTCG-1,3
TTAGCTAATACGATCT-1,2
TTAGCTCTGTAATCCG-1,5
TTAGCTGATTTGCCGT-1,4
TTAGGATGGGAGGGTA-1,3
TTAGGTCATAACCGAC-1,1
TTAGGTGTGACTGGTC-1,4
TTAGTAAACCTGCTCT-1,1
TTAGTAGGGCGGCGGG-1,5
TTAGTTATTCGTGGCA-1,4
TTAGTTCAAGTGTTCG-1,2
TTATAGATGCACATTA-1,5
TTATAGGTAATTGTCT-1,4
TTATAGTCCAAGGTGC-1,2
TTATATACGCTGTCAC-1,4
TTATATTTGGCAATCC-1,5
TTATCATACTCGCAAA-1,1
TTATCCAATCGAACTC-1,1
TTATCCGGGATCTATA-1,4
TTATCCTCAAGGAATA-1,1
TTATCGCCTGCGAAGC-1,4
TTATCTGACATTAGGA-1,4
TTATCTGTATCATAAC-1,2
TTATGAATGAAAGGGA-1,4
TTATGACAAACTGGAT-1,1
TTATGATCTTAACGAA-1,4
TTATGCGTCCCGGTCC-1,1
TTATGTTTGCGATAGA-1,1
TTATTAGAGCGTGTTC-1,4
TTATTAGGGAAGCATC-1,1
TTATTATCTGGAAGGC-1,4
TTATTTAGGTTCCTTA-1,1
TTATTTCATCCCAAAC-1,4
TTCAAAGTCTCTAGCC-1,4
TTCAACGACCCGACCG-1,4
TTCAAGCCGAGCTGAG-1,5
TTCAATACTCTGAATC-1,4
TTCAATTAGCCATAAT-1,2
TTCACGAAAGGATCAC-1,3
TTCACGGTCGTCACGT-1,3
TTCACTCGAGCACCTA-1,1
TTCACTTCCTAGAACG-1,4
TTCAGAGTAACCTGAC-1,4
TTCAGCCCTGGTCCAC-1,4
TTCAGCTGGCGTGCCC-1,4
TTCAGGCGTCAAAGCC-1,3
TTCAGTTCAAGAGGAG-1,5
TTCAGTTTGTGGCAGC-1,5
TTCATAGCCTTGTAAC-1,4
TTCATAGGGTGTCCAT-1,4
TTCATGGCGCAACAGG-1,3
TTCCAATCAGAGCTAG-1,2
TTCCAATCTGGCTATC-1,3
TTCCACACAGATTTGA-1,3
TTCCACATTTCTCGTC-1,1
TTCCAGACGAGATTTA-1,4
TTCCAGTGGGTTTCGT-1,3
TTCCATCATGCGGTGA-1,2
TTCCATCGACAGCGTG-1,5
TTCCCGACGCTTCACT-1,4
TTCCCGGCGCCAATAG-1,4
TTCCGCAGAGAAATAT-1,2
TTCCGCGTGAGGCGAT-1,1
TTCCGGCCTTGAGGCT-1,3
TTCCGGCTCGACTTCT-1,2
TTCCGGTATCTGTGTC-1,4
TTCCGGTTACCCACTT-1,4
TTCCTCGAGGGTGTCT-1,4
TTCCTCGGACTAACCA-1,4
TTCCTCTGCCCGAATA-1,5
TTCCTTTCTGTGTTGC-1,1
TTCGAACGAAACATGC-1,5
TTCGACAGAGCCCGTG-1,4
TTCGACGGGAAGGGCG-1,1
TTCGAGCCGGCGCTAC-1,2
TTCGCACTCGCGTGCT-1,1
TTCGCACTGTACGACA-1,4
TTCGCATCCGGAAGCA-1,1
TTCGCCGCTCGCGCTA-1,5
TTCGCGCGCCATACGA-1,4
TTCGCTAGGAAGTTGT-1,4
TTCGCTATCTGACGTG-1,2
TTCGGACTGATGCCTT-1,1
TTCGGACTGGGCATGG-1,3
TTCGGCAACCCGCTGA-1,2
TTCGGCTAGAGATGGT-1,1
TTCGGGACTAATCGCG-1,4
TTCGGGCGCTAGTCTT-1,5
TTCGGGTTGCCACGGG-1,4
TTCGGTACTGTAGAGG-1,4
TTCGGTGGAGACGCCC-1,1
TTCGTAATCCCAGCGG-1,2
TTCGTACTCCAGAACG-1,1
TTCGTGCATGTTATAG-1,3
TTCGTGGGCTGGAAGC-1,2
TTCGTTCAACGAAGTT-1,2
TTCTAACCGAAGCTTA-1,4
TTCTACCTCAATCGGT-1,3
TTCTACCTTTATGTTG-1,2
TTCTACTTGCGAGGGC-1,1
TTCTAGAAAGTCTTAT-1,4
TTCTAGGCCAATTGTG-1,1
TTCTATGCCTTTCGCA-1,4
TTCTATTAAACGCAGC-1,4
TTCTCAATTGCTACAA-1,3
TTCTCTTACAGGTGAT-1,3
TTCTGACCGGGCTCAA-1,4
TTCTGCCGCGCCTAGA-1,1
TTCTGCGAGCGCCCTT-1,5
TTCTGCGGGTTAGCGG-1,4
TTCTGCTAGACTCCAA-1,1
TTCTGTTTCCTGTCGC-1,4
TTCTTAGTGAACGGTG-1,1
TTCTTAGTGGCTCAGA-1,1
TTCTTATCCGCTGGGT-1,1
TTCTTCCCTTTGATAT-1,4
TTCTTCGCAATAGAGC-1,3
TTCTTGAGCCGCGCTA-1,5
TTCTTGCTAGCATCTC-1,4
TTCTTGGACGATCTGC-1,1
TTCTTGGAGTAATGAG-1,3
TTCTTGTAACCTAATG-1,1
TTCTTGTGTCCATCAG-1,3
TTCTTTGGTCGCGACG-1,2
TTGAAACCCTCATTCC-1,4
TTGAAAGGTGTAAAGG-1,2
TTGAACGAATCCTTTG-1,1
TTGAACGACGTGCTGA-1,4
TTGAAGAATTCCCAGG-1,3
TTGAAGGATGGGCGCC-1,3
TTGAATATGGACTTTC-1,4
TTGAATCGTTGTATAA-1,4
TTGAATTCACGTGAGG-1,4
TTGACAGGAGCTCCCG-1,1
TTGACATGAACGTGGA-1,4
TTGACCAGGAACAACT-1,4
TTGACCATGTTCTCCG-1,3
TTGACCGTGTTAATGA-1,1
TTGACGATTCAGCACG-1,4
TTGACGCTCCATGAGC-1,4
TTGACTACCATATGGT-1,5
TTGACTATTGTCCGGC-1,1
TTGAGAAGTTTAGCAT-1,4
TTGAGAGTACTGCTAA-1,3
TTGAGCAGCCCACGGT-1,4
TTGAGCGCCACGTGAT-1,4
TTGAGGCATTTAACTC-1,2
TTGAGGGTCGAACGCG-1,4
TTGAGTCCCGCTGCTG-1,4
TTGATAGTCAATACAT-1,2
TTGATCTAACTTTGTC-1,4
TTGATGCCGCTCGTCG-1,5
TTGATGTGTAGTCCCG-1,2
TTGATTAGCTGTTTCT-1,4
TTGATTATGCAGATGA-1,1
TTGCAAGAAGACTCCT-1,4
TTGCACAATTCAGAAA-1,1
TTGCACGGAGCAGCAC-1,3
TTGCAGGTCATGAAGT-1,4
TTGCATGCTGATCACG-1,3
TTGCCAAGCAGAACCC-1,4
TTGCCATAGCCCGCTC-1,3
TTGCCCTGATCACGGG-1,5
TTGCCGCAGACCTACA-1,3
TTGCCGCTTTCTAGTA-1,4
TTGCCGGTGATCCCTC-1,2
TTGCCTAATCCAAAGT-1,3
TTGCCTTCTCGCCGGG-1,4
TTGCGCACAACCACGT-1,4
TTGCGCTCTCTCGCTT-1,5
TTGCGCTTGATCAATA-1,4
TTGCGGAAAGCTGCCC-1,3
TTGCGGCATCAGAAAG-1,3
TTGCGGCGACTCATGC-1,4
TTGCGTAGTTTGAGGA-1,1
TTGCGTCGGCCAACCG-1,3
TTGCGTGAACGCTTAG-1,2
TTGCGTGTGTAGGCAT-1,5
TTGCTAGCTACCAATC-1,4
TTGCTCATAGTACGTG-1,4
TTGCTCCCATACCGGA-1,5
TTGCTGAAGGAACCAC-1,4
TTGCTGATCATGTTCG-1,5
TTGCTGCACCTATCCA-1,1
TTGCTGGCCGGGCTTC-1,2
TTGGAAGAATACAGTC-1,4
TTGGACATGTGGCTTA-1,4
TTGGACCATCTGGCAA-1,4
TTGGACCTATAACAGT-1,4
TTGGAGTCTCCCTTCT-1,1
TTGGATATCGTCTACG-1,3
TTGGATCGACTTCTGG-1,1
TTGGATTGGGTACCAC-1,1
TTGGCCAAATTGTATC-1,3
TTGGCCATCTTGCGCT-1,1
TTGGCCTAGAATTTCG-1,2
TTGGCGATCCGAATAT-1,4
TTGGCTCAATATGTGT-1,4
TTGGCTCGCATGAGAC-1,1
TTGGGAAGACGAGCCG-1,4
TTGGGACACTGCCCGC-1,5
TTGGGACGTAAGAGTT-1,1
TTGGGCGGCGGTTGCC-1,4
TTGGGTTTATTCAGCG-1,2
TTGGTATGGCTTGTGT-1,4
TTGGTCACACTCGTAA-1,3
TTGGTGCGGTGTTGAA-1,2
TTGGTTCGCTCAAAGG-1,5
TTGGTTGCGGTGCGCG-1,3
TTGTAACTTCATAGCG-1,5
TTGTAAGGACCTAAGT-1,4
TTGTAAGGCCAGTTGG-1,3
TTGTAATCCGTACTCG-1,3
TTGTACACCTCGAACA-1,4
TTGTATCACACAGAAT-1,3
TTGTCACCGCGGTATC-1,3
TTGTCGTTCAGTTACC-1,3
TTGTCTCGGCAAGATG-1,3
TTGTGAACCTAATCCG-1,4
TTGTGAGGCATGACGC-1,4
TTGTGATCTGTTCAGT-1,1
TTGTGCAGCCACGTCA-1,4
TTGTGCGGAAGCGGAT-1,3
TTGTGGAGACAGCCGG-1,6
TTGTGGCCCTGACAGT-1,2
TTGTGGTAGGAGGGAT-1,4
TTGTGGTATAGGTATG-1,2
TTGTGGTGGTACTAAG-1,4
TTGTGTATGCCACCAA-1,2
TTGTGTTTCCCGAAAG-1,1
TTGTTAGCAAATTCGA-1,1
TTGTTCAGTGTGCTAC-1,5
TTGTTCTAGATACGCT-1,5
TTGTTGGCAATGACTG-1,3
TTGTTGTGTGTCAAGA-1,4
TTGTTTCACATCCAGG-1,4
TTGTTTCATTAGTCTA-1,5
TTGTTTCCATACAACT-1,1
TTGTTTGTATTACACG-1,5
TTGTTTGTGTAAATTC-1,5
