barcode,cluster
AAACAACGAATAGTTC-1,11
AAACAAGTATCTCCCA-1,8
AAACAATCTACTAGCA-1,10
AAACACCAATAACTGC-1,3
AAACAGAGCGACTCCT-1,0
AAACAGCTTTCAGAAG-1,7
AAACAGGGTCTATATT-1,7
AAACAGTGTTCCTGGG-1,17
AAACATGGTGAGAGGA-1,2
AAACATTTCCCGGATT-1,4
AAACCACTACACAGAT-1,1
AAACCCGAACGAAATC-1,8
AAACCGGAAATGTTAA-1,9
AAACCGGGTAGGTACC-1,3
AAACCGTTCGTCCAGG-1,3
AAACCTAAGCAGCCGG-1,2
AAACCTCATGAAGTTG-1,0
AAACGAAGAACATACC-1,0
AAACGAAGATGGAGTA-1,4
AAACGAGACGGTTGAT-1,12
AAACGCCCGAGATCGG-1,1
AAACGCTGGGCACGAC-1,14
AAACGGGCGTACGGGT-1,4
AAACGGGTTGGTATCC-1,10
AAACGGTTGCGAACTG-1,2
AAACGTGTTCGCCCTA-1,10
AAACTAACGTGGCGAC-1,0
AAACTCGGTTCGCAAT-1,3
AAACTCGTGATATAAG-1,5
AAACTGCTGGCTCCAA-1,0
AAACTTAATTGCACGC-1,4
AAACTTGCAAACGTAT-1,7
AAAGAATGACCTTAGA-1,2
AAAGAATGTGGACTAA-1,3
AAAGACATGAAGTTTA-1,1
AAAGACCCAAGTCGCG-1,0
AAAGACTGGGCGCTTT-1,5
AAAGCTTGCCTACATA-1,5
AAAGGCCCTATAATAC-1,2
AAAGGCTACGGACCAT-1,4
AAAGGCTCTCGCGCCG-1,4
AAAGGGATGTAGCAAG-1,18
AAAGGGCAGCTTGAAT-1,10
AAAGGTAAGCTGTACC-1,0
AAAGTAGCATTGCTCA-1,4
AAAGTCACTGATGTAA-1,0
AAAGTCGACCCTCAGT-1,0
AAAGTGCCATCAATTA-1,9
AAAGTGTGATTTATCT-1,8
AAAGTTGACTCCCGTA-1,8
AAATAACCATACGGGA-1,0
AAATAAGGTAGTGCCC-1,1
AAATACCTATAAGCAT-1,0
AAATAGCTTAGACTTT-1,8
AAATAGGGTGCTATTG-1,0
AAATCCGATACACGCC-1,2
AAATCGCGGAAGGAGT-1,3
AAATCGTGTACCACAA-1,0
AAATCTAGCCCTGCTA-1,16
AAATGACTGATCAAAC-1,2
AAATGATTCGATCAGC-1,5
AAATGCTCGTTACGTT-1,13
AAATGGCATGTCTTGT-1,1
AAATGGCCCGTGCCCT-1,7
AAATGGTCAATGTGCC-1,11
AAATGTATCTTATCCC-1,13
AAATGTGGGTGCTCCT-1,11
AAATTAACGGGTAGCT-1,0
AAATTAATAAGCGCGA-1,9
AAATTACACGACTCTG-1,0
AAATTACCTATCGATG-1,1
AAATTCCAGGTCCAAA-1,12
AAATTGATAGTCCTTT-1,2
AAATTGCGGCGGTTCT-1,0
AAATTGGTGAGAAGCA-1,9
AAATTTACCGAAATCC-1,11
AAATTTGCGGGTGTGG-1,4
AACAACTGGTAGTTGC-1,13
AACAATACATTGTCGA-1,3
AACAATTACTCTACGC-1,5
AACACACGCTCGCCGC-1,19
AACACGACTGTACTGA-1,0
AACACGAGACGCGGCC-1,7
AACACGCGGCCGCGAA-1,10
AACAGCTGTGTGGCAA-1,2
AACAGGAAATCGAATA-1,1
AACAGGATGGGCCGCG-1,5
AACAGGTAGTATGGAT-1,8
AACATAGCGTGTATCG-1,3
AACATATCAACTGGTG-1,1
AACATCGATACGTCTA-1,9
AACATTGAAGTTGATC-1,2
AACATTGGTCAGCCGT-1,11
AACATTGTGACTCGAG-1,2
AACCAAGACTTCTCTG-1,5
AACCAGTATCACTCTT-1,1
AACCATAGGGTTGAAC-1,4
AACCATGGGATCGCTA-1,6
AACCCAGAGACGGAGA-1,6
AACCCATCCCATGATC-1,3
AACCCGACAACCCGTG-1,2
AACCCGAGCAGAATCG-1,0
AACCCGATAGGGCTTC-1,15
AACCCGCTGTATTCCA-1,2
AACCCTACTGTCAATA-1,8
AACCCTGGTGGAACCA-1,0
AACCGAGCTTGGTCAT-1,15
AACCGCTAAGGGATGC-1,8
AACCGTTGTGTTTGCT-1,1
AACCTAAAGCCGTCCG-1,1
AACCTCGCTTTAGCCC-1,3
AACCTGTCACGGAATT-1,12
AACCTTTAAATACGGT-1,4
AACCTTTACGACGTCT-1,1
AACGAAAGTCGTCCCA-1,3
AACGACCTCCTAGCCG-1,7
AACGATAATGCCGTAG-1,0
AACGATAGAAGGGCCG-1,6
AACGATATGTCAACTG-1,1
AACGCATGATCTGGGT-1,5
AACGCGAACGGCAACA-1,0
AACGCGACCTTGGGCG-1,2
AACGCGGTCTCCAGCC-1,18
AACGCTGTTGCTGAAA-1,0
AACGGACGTACGTATA-1,19
AACGGCCATCTCCGGT-1,7
AACGTACTGTGGGTAC-1,7
AACGTAGTCTACCCAT-1,10
AACGTCAGACTAGTGG-1,13
AACGTCATCCGGCTTG-1,2
AACGTCGCTGCACTTC-1,14
AACGTGATGAAGGACA-1,9
AACGTGCGAAAGTCTC-1,0
AACGTTATCAGCACCT-1,15
AACGTTCTACCATTGT-1,14
AACTACCCGTTTGTCA-1,8
AACTAGCGTATCGCAC-1,10
AACTAGGCTTGGGTGT-1,4
AACTCAAGTTAATTGC-1,0
AACTCCAGAGCGTGTT-1,4
AACTCCTAATCCCATG-1,0
AACTCGATAAACACGT-1,10
AACTCGATGGCGCAGT-1,11
AACTCTCAATAGAGCG-1,12
AACTCTCAGTGTGCTC-1,3
AACTGAGGTCAGCGTC-1,0
AACTGAGTTATACTGA-1,0
AACTGATATTAGGCCT-1,1
AACTGGGTCCCGACGT-1,15
AACTGGGTTCGAGCCG-1,0
AACTGGTGTGGGCCTT-1,10
AACTTCTGCGTCTATC-1,13
AACTTGCCCGTATGCA-1,5
AACTTGCGTTCTCGCG-1,6
AACTTTACGGGAGCTT-1,9
AACTTTAGCTGCTGAG-1,10
AACTTTCTCGATCATG-1,9
AAGAAATCACCAGATT-1,9
AAGAAGGATCAGTTAG-1,6
AAGACATACGTGGTTT-1,3
AAGACCAAATAACTCA-1,4
AAGACCCAACTGAACA-1,4
AAGACTAACCCGTTGT-1,10
AAGACTCACGCCCACT-1,1
AAGACTGCAAGCTACT-1,0
AAGAGATGAATCGGTA-1,15
AAGAGCTCTTTATCGG-1,1
AAGAGGATGTACGCGA-1,0
AAGAGGCATGGATCGC-1,12
AAGAGGCCCTTTGGAA-1,0
AAGATGGCACCGGACC-1,4
AAGATTGGCGGAACGT-1,18
AAGCACCCTGCGTATC-1,4
AAGCATACTCTCCTGA-1,16
AAGCCACTTGCAGGTA-1,17
AAGCCGAAGCGGTTTA-1,8
AAGCCGCCGTGAAATC-1,2
AAGCCGCTTTACCTTG-1,9
AAGCCGGAGAGCAGGA-1,9
AAGCGCAGGGCTTTGA-1,3
AAGCGGAGTGCGCGCA-1,9
AAGCGGCGTCATGGGT-1,1
AAGCGTCCCTCATCGA-1,2
AAGCTAGATCGAGTAA-1,0
AAGCTCGTGCCAAGTC-1,0
AAGCTCTTTCATGGTG-1,3
AAGGAGAACTTATAAG-1,0
AAGGAGCGGTTGGTGC-1,6
AAGGATCGATCGCTTG-1,8
AAGGATGAGGGACCTC-1,18
AAGGCAGGCTGTCTCC-1,8
AAGGCGCGTAAAGCTT-1,13
AAGGCTGTGCTCATCG-1,6
AAGGGAACGACTGGCT-1,3
AAGGGACAGATTCTGT-1,18
AAGGGACTATGCATTC-1,2
AAGGGTTAGCCATGCG-1,14
AAGGGTTTGATTTCAG-1,3
AAGGTATCCTAATATA-1,0
AAGGTGATAAACCAGC-1,8
AAGTAAGCTTCCAAAC-1,10
AAGTAGAAGACCGGGT-1,6
AAGTAGTGACGCGAGG-1,5
AAGTCAATTGTCGTCA-1,8
AAGTCTAGTAGCTGCC-1,9
AAGTCTTCTGTGGCCT-1,11
AAGTGACGACCGAATT-1,7
AAGTGAGTCGGGTTTA-1,2
AAGTGCAAAGGTAGAC-1,5
AAGTGCCTTGACTGTA-1,8
AAGTGCGTTAGAATCT-1,3
AAGTGCTTCTCTATTG-1,2
AAGTGTTTGGAGACGG-1,16
AAGTTCACTCCAAGCT-1,3
AAGTTCAGTCTGCGTA-1,5
AAGTTCGGCCAACAGG-1,7
AAGTTGTGATGTTATA-1,3
AAGTTTACTAATGGCA-1,0
AAGTTTATGGGCCCAA-1,2
AATAACAACGCTCGGC-1,5
AATAACACTAGAACAA-1,4
AATAACGTCGCGCCCA-1,14
AATAAGTCCTCGAGAC-1,0
AATAATCTTCGTATCG-1,1
AATACAATGTTTCAGG-1,15
AATACCGGAGGGCTGT-1,17
AATACCTGATGTGAAC-1,14
AATAGAACAGAGTGGC-1,4
AATAGAATCTGTTTCA-1,19
AATAGCAAGCCTCCTG-1,0
AATAGCTACCGCGTGC-1,5
AATAGGCACGACCCTT-1,17
AATAGTCCGTCCCGAC-1,4
AATAGTCGCGAGTCGG-1,5
AATATCAAGGTCGGAT-1,11
AATATCCTAGCAAACT-1,14
AATATCGAATCAATGC-1,8
AATATCGAGGGTTCTC-1,1
AATATTGGAGTATTGA-1,0
AATCAGACTGCAGGAC-1,11
AATCAGGTTTCATTTA-1,3
AATCATGTAAAGACTC-1,16
AATCCAAGGGCCTGAG-1,6
AATCCATGCAAGGGTG-1,0
AATCCCGCTCAGAGCC-1,2
AATCGAGGTCTCAAGG-1,2
AATCGCCTCAGCGCCA-1,12
AATCGCGCAGAGGACT-1,8
AATCGGGACACTACGA-1,0
AATCGGTATAGCCCTC-1,4
AATCGTGAGCCGAGCA-1,3
AATCTAGGTTTACTTG-1,3
AATCTATGCCGGAGCC-1,5
AATCTCTACTGTGGTT-1,1
AATCTGCGTTGGGACG-1,12
AATCTGGCTTTCTAGT-1,7
AATCTGGGTAGACCCT-1,1
AATGACAGCAATGTCT-1,7
AATGACGTAGGATGTC-1,19
AATGACTGTCAGCCGG-1,6
AATGAGTTCGCATATG-1,6
AATGATGATACGCTAT-1,1
AATGATGCGACTCCTG-1,1
AATGCAACCGGGTACC-1,11
AATGCACCAAGCAATG-1,0
AATGGTCCACCGTTCA-1,5
AATGGTTCTCACAAGC-1,6
AATGTATGGCACTGTA-1,4
AATGTGCCCGAGGTGT-1,3
AATGTGCTAATCTGAG-1,2
AATGTTAAGACCCTGA-1,3
AATGTTGTCGTGAGAC-1,3
AATTAAAGGTCGGCGT-1,7
AATTAACGGATTTCCA-1,4
AATTACGAGACCCATC-1,4
AATTACTCGTACGCTC-1,5
AATTAGCGCTGCAGCG-1,0
AATTATACCCAGCAAG-1,14
AATTCATAAGGGATCT-1,1
AATTCATTGTCATGCA-1,4
AATTCCAACTTGGTGA-1,11
AATTCCAAGCATGTAC-1,3
AATTCGATTCGAGGAT-1,2
AATTCTAGAGTTAGGC-1,0
AATTGAACGCTCTGGT-1,19
AATTGCAGCAATCGAC-1,3
AATTGCGTGGATTACA-1,3
AATTGTGGTTGCCAAA-1,4
AATTTGGGACATAGTA-1,0
AATTTGGTTCCAAAGA-1,1
ACAAACCATGCGTCCT-1,3
ACAAACCGACAAGGCG-1,1
ACAAACTCCATCAGAG-1,17
ACAAAGAAGGTAGGCC-1,14
ACAAAGCATGACCTAG-1,4
ACAAATCGCACCGAAT-1,19
ACAAATGGTAGTGTTT-1,19
ACAAATTCAGATCTGA-1,1
ACAACAGCATGAGCTA-1,1
ACAACGGTCCCTGCGA-1,13
ACAAGCAGTGCCTAGC-1,5
ACAAGCTATATGGAAG-1,9
ACAAGGAAATCCGCCC-1,16
ACAAGGACAAGAGGTT-1,13
ACAAGGATGCTTTAGG-1,3
ACAAGGCCTACCAGCC-1,1
ACAAGGGCAGGCTCTG-1,19
ACAATAGTCGTACGTT-1,7
ACAATCCATTTAAACC-1,5
ACAATCGATCTTTATA-1,0
ACAATGAATACGGAGA-1,2
ACAATGATTCTTCTAC-1,0
ACAATTGTGTCTCTTT-1,19
ACAATTTAGGAGGCTC-1,9
ACAATTTGAGCAGTGG-1,18
ACAATTTGGCCATATT-1,8
ACACAAAGACGGGTGG-1,6
ACACAAATATTCCTAG-1,9
ACACACCAGGACCAGT-1,8
ACACACTTTCTACACG-1,1
ACACATGATCAAATCT-1,3
ACACATTGACGCAACA-1,10
ACACATTTCCGTAGAC-1,2
ACACCACATAATTAGC-1,1
ACACCCAGCATGCAGC-1,6
ACACCCGAGAAATCCG-1,6
ACACCGAGCGCTCTTT-1,11
ACACCGGTCTGACCGC-1,2
ACACCTTAAGTAGGGC-1,13
ACACCTTACTACTTGC-1,8
ACACGAGACTCCTTCT-1,15
ACACGGCACTATGCAT-1,0
ACACGGGAACTTAGGG-1,15
ACACGTAGGCCACAAG-1,0
ACACTCCAATGTCACT-1,13
ACACTGATCAAGGTGT-1,4
ACACTGGGACAGTCGT-1,11
ACAGAACTGAGAACAA-1,7
ACAGATTAGGTTAGTG-1,1
ACAGCATAGAGCCAGT-1,1
ACAGCGACATTCTCAT-1,0
ACAGCGCACCCGCAGC-1,8
ACAGGAGGCGCAGCCG-1,10
ACAGGCACGGATCCTT-1,4
ACAGGCTTGCCCGACT-1,0
ACAGGTGGAGGTGAGG-1,4
ACAGGTGTGTTGTTGC-1,9
ACAGTAATACAACTTG-1,7
ACAGTATACCGTGGGA-1,9
ACATAAGTCGTGGTGA-1,2
ACATAATAAGGCGGTG-1,18
ACATACAATCAAGCGG-1,14
ACATCAGCTGGGACGC-1,9
ACATCCCGGCCATACG-1,4
ACATCCTGGTAACTGT-1,8
ACATCGATCGTTTACC-1,0
ACATCGCAATATTCGG-1,3
ACATCGGTCAGCCGCG-1,7
ACATCGTATGCAATGG-1,19
ACATCGTTAACCTAGT-1,9
ACATCTCAACGCGTAA-1,11
ACATGGCGCCAAAGTA-1,8
ACATGGCTCAATTTAG-1,5
ACATTAGTTTATATCC-1,16
ACATTCGCGCGGAATA-1,4
ACATTTGAAACCTAAC-1,14
ACCAAACACCCAGCGA-1,9
ACCAAACTAGAAATCC-1,0
ACCAACACCACACACT-1,5
ACCAACCGCACTCCAC-1,3
ACCAACGCTTATTTAT-1,4
ACCAAGAACGCGTGTC-1,6
ACCAAGTCATCGGCAG-1,3
ACCAATATGCAAGTTA-1,4
ACCACAACTCAGAACA-1,10
ACCACAAGTTTCTATC-1,13
ACCACACGGTTGATGG-1,2
ACCACCAATGTAACAA-1,8
ACCACCCTCTCTTCTA-1,5
ACCACGTGCAGCTATA-1,19
ACCACTGTTCAAGAAG-1,5
ACCAGACCATAACAAC-1,9
ACCAGCCCGGTCTTTG-1,0
ACCAGGAGTGTGATCT-1,0
ACCAGTGCCCGGTCAA-1,1
ACCAGTGCGGGAGACG-1,8
ACCATATCCGCAATAA-1,0
ACCATCCGCCAACTAG-1,7
ACCATCGTATATGGTA-1,7
ACCATTAAGGGTGTCA-1,5
ACCCAACGCCCGTGGC-1,12
ACCCACCTACATGCTC-1,11
ACCCATCTTGAGGGTA-1,0
ACCCATTTGTCCCTCT-1,16
ACCCGAGCGAAATTAC-1,2
ACCCGATTGGTTCCGA-1,2
ACCCGGAAACTCCCAG-1,4
ACCCGGAGCACCACAA-1,9
ACCCGGATGACGCATC-1,8
ACCCGGTTACACTTCC-1,7
ACCCGTAGTCTAGTTG-1,4
ACCCGTGTCATCAGTA-1,4
ACCCTATAGGACTGAG-1,6
ACCCTATGCCATATCG-1,2
ACCCTCCCGTCAGGGC-1,4
ACCCTCCCTTGCTATT-1,19
ACCCTGGTAACGCCCT-1,5
ACCCTTCATCTGCGAA-1,1
ACCCTTGCCTGGGTCG-1,9
ACCCTTTAGTTCTCCA-1,10
ACCGAAAGGGCCCTGC-1,0
ACCGAAGAGTCTGGTT-1,4
ACCGACACATCTCCCA-1,4
ACCGACTGAGTCCCAC-1,15
ACCGAGTCTCCTTATT-1,2
ACCGATAGGCATAACC-1,10
ACCGATATTTAATCAT-1,12
ACCGATGGTAGCATCG-1,8
ACCGCAATAACTGCCT-1,16
ACCGCGGTGGAAGTCG-1,8
ACCGCTAGTCATTGGT-1,2
ACCGGGCCTTTGTTGA-1,8
ACCGGTCAGGTACACC-1,2
ACCGGTCTGAGTACGG-1,1
ACCGTCCACTGGGCCC-1,2
ACCGTGACCACGTGGG-1,3
ACCGTTCCCGCTCTGA-1,0
ACCTAAGTACCTTTCA-1,3
ACCTAATCGACTTCCT-1,5
ACCTACAGTATGTGGT-1,8
ACCTACTATAAATCTA-1,2
ACCTCAGCGAGGCGCA-1,14
ACCTCCGCCCTCGCTG-1,16
ACCTCCGTTATTCACC-1,1
ACCTCGAACTTATGCT-1,2
ACCTGCGTGTCATGTT-1,7
ACCTTTCCTTTAGAAG-1,0
ACGAAATGGGCGGCAC-1,5
ACGACCCATGAGTTGC-1,9
ACGACTCTAGGGCCGA-1,2
ACGACTGGTCATACTC-1,2
ACGAGAACCCATCACG-1,11
ACGAGATATTTGCTTA-1,9
ACGAGGATACCACTCT-1,7
ACGAGGTTTACAACGT-1,3
ACGAGTACGGATGCCC-1,1
ACGAGTCGCCGGCGTT-1,10
ACGATACATAGAACTA-1,1
ACGATACCTATCCTGA-1,9
ACGATCATACATAGAG-1,15
ACGATCATCTTGTAAA-1,8
ACGATGCATATGTTAT-1,0
ACGATGGATCCGATGC-1,0
ACGCAAACTAATAGAT-1,3
ACGCAATCACTACAGC-1,0
ACGCATAAATGACATG-1,0
ACGCATACGTTTACTA-1,16
ACGCATTCGTGAGTAC-1,1
ACGCCACTCGAAACAG-1,3
ACGCCAGATGATTTCT-1,0
ACGCCAGTGCGTTTGC-1,2
ACGCCCAGCTGTCGAT-1,5
ACGCCGCTAGACGACC-1,0
ACGCCTGACACGCGCT-1,11
ACGCGAAGTCAGACGA-1,4
ACGCGCTACACAGGGT-1,3
ACGCGGGCCAAGGACA-1,0
ACGCGTTTCTTAAGAG-1,9
ACGCTACTGAATGGGC-1,14
ACGCTAGTGATACACT-1,1
ACGCTGTGAGGCGTAG-1,0
ACGCTTAGTGTCTCTC-1,0
ACGGAACACGAGTGCC-1,14
ACGGAATTTAGCAAAT-1,6
ACGGACTCTCAAAGCG-1,4
ACGGAGCGCAAATTAC-1,5
ACGGATGGTGCGGATA-1,4
ACGGCACTTGCTTGGG-1,4
ACGGCCAACATGGACT-1,4
ACGGCGACGATGGGAA-1,16
ACGGCGGGTTGCCCTG-1,11
ACGGCTGGATGTAGAA-1,3
ACGGGAGTGTCGGCCC-1,3
ACGGGCGTATGCGACA-1,5
ACGGGTCATGTGACTT-1,6
ACGGTACAGTTCAATG-1,3
ACGGTCACCGAGAACA-1,2
ACGTACAGATTTCTCT-1,0
ACGTACTTTGGCACGG-1,3
ACGTAGATTGCTGATG-1,1
ACGTAGGAGAGTCGCT-1,17
ACGTATTACTCCGATC-1,8
ACGTCCTAAACGAGAT-1,0
ACGTCGGGCAACTCGG-1,2
ACGTCTCGTTCCGGGA-1,7
ACGTGACAAAGTAAGT-1,2
ACGTGCGCCTCGTGCA-1,0
ACGTGGTCGAATGTGC-1,0
ACGTTAATGTCGAAGA-1,0
ACGTTAGATTTGCCCG-1,0
ACGTTATTGGTCACTC-1,13
ACGTTCACTATGCCGC-1,17
ACGTTCCGCGCTCCGT-1,0
ACGTTCGCAATCAATT-1,1
ACGTTCGTTCAGGAAA-1,2
ACGTTCTGTACAAGTC-1,4
ACGTTGTCGTTGAAAG-1,17
ACGTTTAGTTGTGATC-1,1
ACGTTTCGGTGCACTT-1,14
ACTAAGGACGCACACC-1,9
ACTAATACGTCAGGCG-1,1
ACTACAAAGAGAGGTG-1,4
ACTACATCCCGACAAG-1,3
ACTACCAGCTCTCTGG-1,13
ACTACCATCCGAGGGC-1,2
ACTACGCGTTAGAATT-1,4
ACTAGTTGCGATCGTC-1,8
ACTATATGCTGTGTTC-1,5
ACTATCCAGGGCATGG-1,8
ACTATCGCCGGCTAAA-1,5
ACTATCTGCCCGCGTA-1,12
ACTATGTCCAGCTGCC-1,2
ACTATTCGTCCGTGGT-1,0
ACTATTTCCGGGCCCA-1,3
ACTCAACGAATGTATT-1,10
ACTCAAGTGCAAGGCT-1,4
ACTCAATAAAGGCACG-1,15
ACTCAGACCTGCTTCT-1,0
ACTCATGGCAGCCTTC-1,2
ACTCCAATATCATCAT-1,17
ACTCCCATTCCTAAAG-1,7
ACTCCCGAATTCGTTT-1,12
ACTCCCGTAGACTAGG-1,9
ACTCCCTAATGCTAAA-1,4
ACTCCCTAGAATAGTA-1,0
ACTCCGGCCGACCACT-1,2
ACTCGATGTATTTCAT-1,6
ACTCGCCGTTCGATAA-1,3
ACTCGCGATCTGACGC-1,0
ACTCGTAACCCGTCCT-1,3
ACTCGTCAGTAATCCC-1,12
ACTCTAAACCTGGGAT-1,6
ACTCTCTGACTTAGGT-1,19
ACTCTCTTATACACGA-1,9
ACTCTGACCTAATAGA-1,4
ACTCTTCAGCTCCCGC-1,1
ACTCTTGTATAGTAAC-1,0
ACTGAAACGCCGTTAG-1,16
ACTGAATGGCGAAAGT-1,16
ACTGATTTAGTGATTC-1,9
ACTGCCCGCCATTCTC-1,2
ACTGCCGTCGTAACTC-1,1
ACTGCGGACACACCGT-1,12
ACTGCTCGGAAGGATG-1,7
ACTGGCGAACCTGCGT-1,9
ACTGGGATGCCAGTGC-1,4
ACTGTACGATACACAT-1,15
ACTGTAGCACTTTGGA-1,13
ACTGTATACGCGAGCA-1,6
ACTGTCCAGGATTATA-1,1
ACTGTCTTCTTTAGAA-1,0
ACTGTGCTAGTAGATC-1,6
ACTGTTTAGTGTAGGC-1,0
ACTTACCGGGCGCGCA-1,0
ACTTACGCATCCACGC-1,4
ACTTAGTACGACAAGA-1,6
ACTTATACTTACCCGG-1,8
ACTTATCTGATCTATA-1,11
ACTTATTAGGATCGGT-1,0
ACTTATTTATGTGCCA-1,8
ACTTCAGGCTGATCCC-1,7
ACTTCCAGTGGAAGCT-1,3
ACTTCCATGCGGGACA-1,4
ACTTCGCCATACGCAC-1,18
ACTTCGCTAGCGAGTG-1,0
ACTTGACTCCCTCTTT-1,1
ACTTGCCATATTGTAC-1,0
ACTTGCTCTATCTACC-1,2
ACTTGGGACCCGGTGG-1,6
ACTTGGGCTTTCGCCA-1,17
ACTTGTAGTCCCTTCA-1,7
ACTTGTGGATGGAACG-1,0
ACTTGTTACCGGATCA-1,2
ACTTTACCCTCATGAA-1,12
ACTTTCCTATAGCTTC-1,13
ACTTTGACTGCATCCT-1,0
ACTTTGGTCGTGCTCC-1,3
ACTTTGTCGACGCACT-1,9
AGAAATTATGACTCGC-1,12
AGAACCCAGCGTGACA-1,12
AGAACCCTCAATTGGG-1,2
AGAACGTGGTACATTC-1,18
AGAACTGTACTTTGTA-1,14
AGAAGAGCGCCGTTCC-1,14
AGAAGGTACACTTCAC-1,7
AGAAGGTTGCCGAATT-1,7
AGAAGGTTGTAGGTCG-1,2
AGAAGTGATTCGTGAT-1,7
AGAATAAATCTTCAGG-1,1
AGAATACAGGCTATCC-1,14
AGAATGCGGGTTCGGA-1,5
AGAATTATGGATTCGA-1,12
AGAATTGTTTGACATA-1,13
AGACAGCTCAGAATCC-1,15
AGACAGGCATCTCAGC-1,9
AGACATAGATCCTTCC-1,10
AGACCAAACCACACCT-1,7
AGACCATGGGATACAA-1,13
AGACCCACCGCTGATC-1,0
AGACCCGCCCTCCTCG-1,6
AGACCGCTCCGCGGTT-1,12
AGACCGGGAAACCCTG-1,0
AGACGAAGTGCCGGTC-1,16
AGACGACGATGCCGCT-1,3
AGACGCCCACTTCGCC-1,9
AGACGGGATTGGTATA-1,11
AGACGGGCCGATTTAA-1,1
AGACTAGCCTTCCAGA-1,6
AGACTGTTACCGGGTC-1,2
AGAGAAACACCAGAAA-1,2
AGAGAACCGTCTAGGA-1,18
AGAGAAGGAGTACAAT-1,3
AGAGATCTCTAAAGCG-1,0
AGAGCAGTTATGAGAC-1,11
AGAGCCGCCGAGATTT-1,0
AGAGCGCTTGTAACGG-1,9
AGAGCGGGCTAATCAT-1,0
AGAGCGTACAAGCTCG-1,6
AGAGCTACGAAAGCAT-1,5
AGAGGCTTCGGAAACC-1,8
AGAGGGACAATTGTCC-1,1
AGAGGTATCTCGGTCC-1,10
AGAGTAAACTTCACTA-1,8
AGAGTATAGTGTTACG-1,0
AGAGTCTTAATGAAAG-1,14
AGAGTTAGAGACCGAT-1,1
AGAGTTGCAGGCCTCC-1,9
AGATAACTTCAGGGCC-1,5
AGATACCAATAGAACC-1,4
AGATACCAGCACTTCA-1,9
AGATACCGGTGTTCAC-1,7
AGATACGACTTCATAT-1,6
AGATACTCAAGATCGA-1,19
AGATATAATACGACTA-1,4
AGATCGTGCATAAGAT-1,5
AGATCTCAGGTGTGAT-1,18
AGATGACTCGCCCACG-1,6
AGATGAGGGTTGCGAT-1,11
AGATGATGGAGTCTGG-1,0
AGATGCAAGACGTGCA-1,3
AGATGCATCCTGTGTC-1,14
AGATGCTATAACGAGC-1,5
AGATTATAGGACGTTT-1,0
AGATTCAAGCGGGTCG-1,1
AGATTCACAACCGATA-1,2
AGCAAAGGCCGCTAGT-1,4
AGCAACATATCTTATT-1,8
AGCAACCGAAAGTAAT-1,3
AGCACACGTTTAGACT-1,2
AGCACCAGTACTCACG-1,15
AGCACTACCGGCCTGT-1,15
AGCACTACCTCACCAG-1,0
AGCACTTAAGGACGCC-1,5
AGCAGAAGGAGAAAGA-1,2
AGCAGCCAGATGAATA-1,4
AGCAGTCGAAGCATGC-1,2
AGCATATCAATATGCT-1,19
AGCATCATTTCGAAAG-1,3
AGCATCGTCGATAATT-1,6
AGCATTACGAGGCAAG-1,3
AGCCAAGCTTTGTGTC-1,3
AGCCACAGGTTACCCG-1,3
AGCCACTCCCGTGCTT-1,18
AGCCATATAGTATGTG-1,2
AGCCCATACATGTAAG-1,3
AGCCCGCAACAAGCAG-1,2
AGCCCGCACTACAATG-1,14
AGCCCGGCATTAGAGG-1,2
AGCCCGGTAGCCTGTA-1,2
AGCCCTAAGCGAAGTT-1,0
AGCCCTCCCTGGTGGC-1,3
AGCCCTGTCGCACCGT-1,12
AGCCCTTCTAATCCGA-1,5
AGCCCTTGGACATCCC-1,11
AGCCGCAAATTCAAAT-1,9
AGCCGCTTGATTAGCG-1,5
AGCCGTGGCTAAATGT-1,3
AGCCTAATACCCACGT-1,7
AGCCTTAAAGCGGAAG-1,13
AGCGACAGGAACGGTC-1,4
AGCGACATCCCATTCA-1,6
AGCGACCAACGATATT-1,6
AGCGACTTTGAAGACA-1,2
AGCGAGACGTGAAGGC-1,3
AGCGATGCGCCTAATA-1,4
AGCGCATAATGAATCG-1,4
AGCGCGGGTGCCAATG-1,1
AGCGCTAGAGCGATGT-1,12
AGCGCTTATGGGCAAG-1,1
AGCGGACACTTCGTAG-1,3
AGCGGCGGTTAGCGGT-1,7
AGCGGGAAGGGTCCAT-1,6
AGCGGGTCTGACACTC-1,2
AGCGGTTGAGATGTAC-1,1
AGCGGTTGCCGCTCTG-1,9
AGCGTACGAGAGCTAG-1,0
AGCGTAGCGCTAGACC-1,10
AGCGTCTGAACCCGCA-1,10
AGCGTGGTATTCTACT-1,16
AGCGTTCCGATTTAAA-1,0
AGCTAACAAGCAATGT-1,3
AGCTAAGCTCCGTCCG-1,17
AGCTAAGTACGCAGGC-1,4
AGCTACGAATGGTGGT-1,14
AGCTAGAAGCAGAAGT-1,5
AGCTATTTAATCCAAC-1,0
AGCTCCATATATGTTC-1,0
AGCTCCTTCGCACATC-1,16
AGCTCGTTGATGGAAA-1,9
AGCTCTAGACGTTCCA-1,1
AGCTCTTCCCAGTGCA-1,1
AGCTCTTCGTAACCTT-1,8
AGCTCTTTACTCAGTT-1,4
AGCTGAAGTAAACCAA-1,0
AGCTGCATTTGAGGTG-1,1
AGCTGTAACCTCAATC-1,7
AGCTTATAGAGACCTG-1,10
AGCTTCAATACTTTGA-1,1
AGCTTCTTCTCGAGCA-1,3
AGCTTGATCTTAACTT-1,7
AGGAAAGCCTCTGATG-1,10
AGGAACGAACGACTTC-1,12
AGGAAGCTGTCCGCCG-1,4
AGGACAGTCGAATCCC-1,8
AGGACATCGCACGTCG-1,6
AGGACATCGGCACACT-1,4
AGGACGACCCATTAGA-1,7
AGGACGCTCGATGTTG-1,0
AGGACTTATAGGAGAA-1,5
AGGAGACATCCACAGT-1,5
AGGAGAGTCTGGCTAC-1,5
AGGAGCGTTTATTATC-1,14
AGGAGGCCTTCGCGCG-1,19
AGGATAAAGTCGGGAT-1,16
AGGATATAGGGATTTA-1,8
AGGATATCCGACTGCA-1,3
AGGATCACGCGATCTG-1,7
AGGATTGCTTACGACA-1,1
AGGCAAAGAGGAATCA-1,11
AGGCAATACGGAGGAC-1,10
AGGCACGTGACTGTCC-1,0
AGGCAGATGCGTAAAC-1,18
AGGCAGGGAGCGTACT-1,3
AGGCATTGTCGTAGGG-1,8
AGGCCACATTGGTTAC-1,12
AGGCCACCCGTTATGA-1,13
AGGCCCAGTGACTGGT-1,5
AGGCCCATTGTACAGG-1,6
AGGCCCTAGAACGCCA-1,7
AGGCCTATCATACCAA-1,4
AGGCCTGAGAATCTCG-1,4
AGGCGATAACTGGCGT-1,9
AGGCGGTTTGTCCCGC-1,4
AGGCGTCTATGGACGG-1,5
AGGCTATGGTTAGCTT-1,5
AGGCTTAAGTTGCACA-1,3
AGGCTTCCCGAAGAAG-1,4
AGGCTTGCTAGACACC-1,5
AGGGAAACGAGGTACT-1,0
AGGGACAGCACGGCGG-1,10
AGGGACCGGCTGCGTT-1,8
AGGGACTCTACGCGAC-1,3
AGGGAGACATACTTCG-1,15
AGGGCAGCGGCGTGGT-1,9
AGGGCCCTAATGTTCT-1,9
AGGGCGAGCAGCTGAT-1,3
AGGGCGTGATCGGCTA-1,13
AGGGCTGCAGTTACAG-1,1
AGGGTCAGAGCACTCG-1,2
AGGGTCAGTAACCCTA-1,5
AGGGTCGATGCGAACT-1,8
AGGGTCTGGACGCAGT-1,3
AGGGTGCCGTTCTTTA-1,2
AGGGTGCTCTCGAGGG-1,12
AGGGTGGATAGTGCAT-1,5
AGGGTTCAGACGGTCC-1,2
AGGGTTCCCTTTGGTT-1,12
AGGGTTTAGTTCGGGA-1,1
AGGTAACCTCCTATTC-1,6
AGGTACGATATTGCCA-1,11
AGGTAGATCGAGATAT-1,3
AGGTAGGTACAAAGCT-1,5
AGGTATAATTGATAGT-1,0
AGGTATGCGGACATTA-1,12
AGGTCAGGTGAGAGTG-1,7
AGGTCGCCACTTCGGT-1,11
AGGTCGCCTCCCAACA-1,9
AGGTCGCGGAGTTACT-1,15
AGGTGCACGTCCACAT-1,3
AGGTGGTGACCTTCGC-1,4
AGGTGTATCGCCATGA-1,0
AGGTGTTGCCGACCAC-1,11
AGGTTACACCATGCCG-1,8
AGGTTCTCCTTTCCGG-1,4
AGGTTGAGGCACGCTT-1,1
AGGTTTCACACACCTT-1,0
AGTAACGTTCATCCTG-1,1
AGTAACTATAGCAGCC-1,4
AGTAAGGGACAGAATC-1,14
AGTAATCTAAGGGTGG-1,14
AGTAATGTCTTGCCGC-1,6
AGTAATTTGCAAGCGT-1,2
AGTACAGAAGCTTATA-1,2
AGTACATCATTTATCA-1,1
AGTACCTTCGAGTGCT-1,5
AGTACGGCCCGTATCG-1,9
AGTACGGGCACCTGGC-1,18
AGTACGTGGCCTGTCT-1,9
AGTACTCTTATGCCCA-1,4
AGTAGAAGGCGCCTCA-1,2
AGTAGCGTGAACGAAC-1,5
AGTAGCTAGACGCCGA-1,1
AGTAGGAAGGAAGTTG-1,11
AGTAGGTAACATACAT-1,6
AGTATAATACTAGGCA-1,13
AGTATACACAGCGACA-1,2
AGTATCCATAATAACG-1,10
AGTATGCTGGAGACCA-1,3
AGTATTTGGCACGACC-1,3
AGTCAAATGATGTGAT-1,2
AGTCAACACCACCATC-1,4
AGTCAAGATGACACTT-1,8
AGTCACTAGCTCTCGA-1,16
AGTCACTCCGCCTCAT-1,11
AGTCAGCCACCGCCTG-1,13
AGTCCAGCGGGTACGT-1,11
AGTCCATTGGCTGATG-1,8
AGTCCCGCCTTTAATT-1,1
AGTCCCTCGCAGAAAG-1,5
AGTCGAAACGATTCAG-1,2
AGTCGAATTAGCGTAA-1,14
AGTCGACGGTCTCAAG-1,8
AGTCGGCCCAAACGAC-1,13
AGTCGGCTCAACTTTA-1,3
AGTCGGTTGCGTGAGA-1,8
AGTCGTATAAAGCAGA-1,3
AGTCGTCGACCACCAA-1,4
AGTCGTGGGCATTACG-1,7
AGTCTAAAGTATACTC-1,1
AGTCTCACAAGACTAC-1,7
AGTCTGGACATCCTTG-1,13
AGTCTTCTCCTCAAAT-1,15
AGTCTTTAAAGTGTCC-1,2
AGTGAACAAACTTCTC-1,8
AGTGAAGATGGTGTCC-1,9
AGTGACCTACTTTACG-1,16
AGTGACTGTGACACAA-1,17
AGTGAGACTTCCAGTA-1,12
AGTGAGCCTCGCCGCC-1,1
AGTGAGGGTTTCTGAC-1,9
AGTGAGTCGAATTAAC-1,3
AGTGATAACCTGCGCG-1,4
AGTGATATGAGTAGTT-1,7
AGTGATTCAAGCAGGA-1,12
AGTGCACGCTTAAGAA-1,19
AGTGCGTAGCTCGTAA-1,7
AGTGCTAAACACAGCA-1,4
AGTGCTTGCACGAATA-1,8
AGTGGCCCGCAAATGG-1,14
AGTGGCGGCAATTTGA-1,1
AGTGGCGTCTGAAGGT-1,3
AGTGGCTCCGTCGGCC-1,0
AGTGGGAGTATACACG-1,10
AGTGGTGTTACCCGTG-1,7
AGTGGTTGCGTATAGG-1,9
AGTGTATTGCGCATTG-1,0
AGTGTGCTAAGATCGC-1,6
AGTGTGGTCTATTGTG-1,13
AGTTAAACACTTGCGA-1,7
AGTTAAGCGGTCCCGG-1,1
AGTTAAGTCAACCGCT-1,3
AGTTACCCTTAAGACT-1,15
AGTTACCGCACATGGT-1,15
AGTTACTCTATCGTGG-1,0
AGTTATTCAGACTGTG-1,14
AGTTATTGAAAGGTAA-1,5
AGTTCACCGGTTGGAC-1,6
AGTTCCTACAGAATTA-1,6
AGTTCCTATTTATGTT-1,0
AGTTCTGCGTTGTATC-1,6
AGTTGACATCGGCTGG-1,1
AGTTGACGGTCCTTGC-1,2
AGTTGCGGTCCTCAAC-1,2
AGTTGCTGACTGATAT-1,13
AGTTGGCAAGGCTAGA-1,3
AGTTTATGTAAAGACA-1,5
AGTTTCGCAGGTCGGA-1,1
AGTTTGCACCTGCCTC-1,4
AGTTTGGCACGGGTTG-1,8
AGTTTGGCCAGACCTA-1,7
ATAAACCATTGGACGG-1,10
ATAAACGGACCCGTAA-1,0
ATAAACGTTGCACCAC-1,0
ATAAAGGCTCGGTCGT-1,1
ATAAAGGTCAAGTACG-1,9
ATAAATATTAGCAGCT-1,5
ATAACGCCGGAGGGTC-1,12
ATAACGGAGTCCAACG-1,0
ATAACGTTACCTCCAC-1,5
ATAAGCAAACACCGAG-1,10
ATAAGGTGGAGAACAT-1,0
ATAAGTACCCGATTGT-1,5
ATAAGTAGGATTCAGA-1,1
ATAAGTAGGGCGACTC-1,0
ATAAGTTACCGCGACG-1,7
ATAATACCGTTAGCCG-1,13
ATAATAGCTGTTGAAT-1,0
ATAATAGTGTAGGGAC-1,13
ATAATCTTGGAGAACC-1,4
ATAATTAGCTAAGTAG-1,4
ATACAGGCCCTCCAAT-1,16
ATACCACGGGCAACTT-1,5
ATACCAGCAAATTGCT-1,0
ATACCAGGCTAATAGA-1,1
ATACCAGGTGAGCGAT-1,11
ATACCCTGGCTCAAAT-1,11
ATACCGTCATCCATAA-1,9
ATACCTAACCAAGAAA-1,4
ATACGAAGGCTTTCCA-1,1
ATACGAGGTTTGTAAG-1,3
ATACGCCGATCTACCG-1,11
ATACGCCGGCGAAACC-1,12
ATACGGAACGTCGTTT-1,3
ATACGGGTTTCGATTG-1,18
ATACGGTGAAGATGCA-1,9
ATACGTACTTAGCCAC-1,16
ATACGTCCACTCCTGT-1,8
ATACGTTATGCACGGA-1,4
ATACTACCCGTACCAC-1,0
ATACTAGCATGACCCT-1,6
ATACTCTCGCCACTCT-1,0
ATACTGCCTTACACCG-1,3
ATACTTGTTCTCGAGC-1,9
ATAGACAACGGGACCT-1,18
ATAGACGAAGAGAAAG-1,5
ATAGAGTACTGGGACA-1,6
ATAGAGTTATCAACTT-1,18
ATAGATTTGCAGTCGG-1,0
ATAGCAACTAGGGAAG-1,4
ATAGCCATAACAGTCA-1,14
ATAGCCTCAGTACCCA-1,13
ATAGCTGCTCTTGTTA-1,6
ATAGGAATCTAAGCTT-1,1
ATAGGCGGCTATAGAA-1,7
ATAGGCTAGCTTCGCA-1,1
ATAGGGATATCCTTGA-1,1
ATAGGTTGGGCAGATG-1,15
ATAGTCTTTGACGTGC-1,0
ATAGTGAAGCGTTCTC-1,1
ATAGTTCCACCCACTC-1,8
ATATAAAGCGCTCGTG-1,4
ATATAAATGTAGCTGC-1,0
ATATAACACGGGCGCA-1,3
ATATACATGTATGGTA-1,14
ATATACGCTCGTGACG-1,0
ATATAGAGTATTGGTC-1,4
ATATCAACCTACAGAG-1,8
ATATCAATTCCAGCCT-1,3
ATATCGGTAGGGAGAT-1,8
ATATCGTGCCAGACCC-1,0
ATATCGTTCCTCGAAC-1,4
ATATCTCCCTCGTTAA-1,1
ATATCTTAGGGCCTTC-1,1
ATATGGGATAGCAACT-1,3
ATATGTCTAGAGCGTG-1,2
ATATGTCTCCCTAGCC-1,8
ATATGTGCACAAACCA-1,10
ATATTATCCCGTATTT-1,10
ATATTCAGTTAAACCT-1,3
ATATTCCACATAGTGA-1,16
ATATTCCCACAGGTCA-1,16
ATATTGCTGTCAAAGT-1,13
ATATTGGAGAGGCCTT-1,9
ATATTTAACCCTCAAG-1,13
ATCAAACACTGTTCCA-1,8
ATCAAACGAAGGTTTG-1,4
ATCAAAGAGCCGTGGT-1,17
ATCAAGATCCCAGGAC-1,3
ATCAATCTGGGCTGCA-1,1
ATCAATGCCGTGGCTG-1,4
ATCACATTAGAATATC-1,1
ATCACGTGCTAATTAA-1,3
ATCACTTCATCCTCGC-1,18
ATCAGACGGCACGCCG-1,3
ATCAGCCTCATGCTGC-1,3
ATCAGCTCGTCCACTA-1,7
ATCAGGTAGCTGACAG-1,0
ATCAGGTCGCCATTGC-1,1
ATCAGTAGGCAGGGAT-1,1
ATCATAGATCGACGAG-1,2
ATCATAGCCCTATGTA-1,4
ATCATCCAATATTTGT-1,9
ATCATCTGCCCAGTGT-1,0
ATCATGGACTACCGAC-1,0
ATCATTGTACCGCATT-1,2
ATCCAACGCAGTCATA-1,13
ATCCAATGGAGGGTCC-1,7
ATCCAATGGTACCGAA-1,9
ATCCACATCGACAGAA-1,2
ATCCACGCTAAATGTT-1,9
ATCCACTTTCAGACTA-1,0
ATCCAGAGCAACAACC-1,4
ATCCAGGATTCGTGAA-1,7
ATCCCATCCACAGCGC-1,3
ATCCCATTTCCGTGGG-1,2
ATCCGGACCAGCCTGA-1,0
ATCCTACCTAAGCTCT-1,7
ATCCTGAATCGCTGCG-1,0
ATCCTGCGTGGAATGG-1,7
ATCCTGCTGCAGATAG-1,10
ATCCTTCTGAAAGAAC-1,12
ATCGACCCAATACAGA-1,1
ATCGACTCTTTCCGTT-1,6
ATCGCACGATTGTTCA-1,0
ATCGCACGCCGGGAGA-1,6
ATCGCCAGTCAACATT-1,8
ATCGCCGTGGTTCATG-1,14
ATCGCTGCGTGCAGCA-1,5
ATCGCTTTACGTCTCA-1,1
ATCGGAGACAGACGGC-1,0
ATCGGCAAGCAGTCCA-1,0
ATCGGTTACCTAGTAA-1,9
ATCGTATTCCGAGAAC-1,9
ATCGTCCAATCGAGTC-1,5
ATCGTGGAAAGTCTGG-1,2
ATCGTTAGCTAGCGGA-1,0
ATCGTTCACTTTCGCC-1,1
ATCTAACGTCCCTATG-1,10
ATCTAATATCCTACGG-1,4
ATCTACCATCTGCTCC-1,3
ATCTAGCTTGTGAGGG-1,2
ATCTATCGATGATCAA-1,10
ATCTCATAAACCTACC-1,1
ATCTCCCACGGAATAT-1,0
ATCTCCCTGCAATCTA-1,0
ATCTCGTGAGCGAAAC-1,12
ATCTGACATGGAAGGA-1,3
ATCTGATAGTGTCTTA-1,13
ATCTGCACCTCTGCGA-1,1
ATCTGCTGTTATCGCC-1,2
ATCTGGGCTGTTCTTG-1,4
ATCTGGTTAAGACTGT-1,18
ATCTGTAATTGTACCC-1,6
ATCTTAGGGCATTAAT-1,2
ATCTTATCGCACACCC-1,4
ATCTTGACCTGCAACG-1,6
ATCTTGACTTGTCCAA-1,1
ATCTTTCGTATAACCA-1,5
ATGAAGCCAAGGAGCC-1,13
ATGAAGTGGACCCAGC-1,9
ATGACGCCGGCTCTAA-1,6
ATGACGCGTTCTATCC-1,7
ATGACTATCAGCTGTG-1,2
ATGACTATGCGACATT-1,19
ATGAGGAGTGTTAATC-1,13
ATGAGGGCAGCGGCTA-1,12
ATGATCGGGAATAGAC-1,6
ATGATGCAATGGTACA-1,7
ATGCACCTTCCTTAAT-1,6
ATGCACGCGCTGTTCA-1,2
ATGCACTACCGCATTG-1,6
ATGCATGATCCAGGAT-1,15
ATGCATTCCGTGATGG-1,10
ATGCCAATCGCTCTGC-1,5
ATGCCATTTGCGACCA-1,8
ATGCCGGTCTTGCATA-1,15
ATGCCGGTTGATGGGA-1,1
ATGCGACAATTGGTCC-1,5
ATGCGACAGTCCCATT-1,0
ATGCGAGTCCCACCAC-1,8
ATGCTCAGTGTTGCAT-1,13
ATGCTCTGGCGCGGTA-1,4
ATGCTTAGGAGTTGAT-1,0
ATGGAAATTTAAGGAG-1,7
ATGGAACCTTTGCACA-1,1
ATGGACTGCTTAGTTG-1,17
ATGGAGCAGGCCGTGA-1,1
ATGGATCCGGCGTCCG-1,0
ATGGATTGACCAAACG-1,13
ATGGCAGCATTACGAT-1,3
ATGGCAGCCGAGAAAC-1,9
ATGGCCCGAAAGGTTA-1,14
ATGGCGGAATAGTCGC-1,1
ATGGCTGGAAATGGCC-1,0
ATGGGAACGGAAGCGG-1,1
ATGGGACCTGCTGAAC-1,2
ATGGGCCTCGGCCTCT-1,8
ATGGGTGTATACCTCC-1,2
ATGGTATTGGGAACCG-1,17
ATGGTATTTACTGATT-1,2
ATGGTCGCGTGGTTTC-1,8
ATGGTGCTCAAAGCCA-1,0
ATGGTTACGAAACATG-1,0
ATGTAAGGCTGCTCTT-1,1
ATGTACATGCGGTGAG-1,4
ATGTACGATGACGTCG-1,2
ATGTAGCGCGCGTAGG-1,2
ATGTCATAATAAACGA-1,2
ATGTCATTTCCCATTG-1,6
ATGTCTTGTTTGACTC-1,2
ATGTGAAAGCCTAATG-1,3
ATGTGCATCCGACGCA-1,6
ATGTGGACATCTTGAT-1,0
ATGTGTAGTTTAGTCA-1,1
ATGTTACGAGCAATAC-1,13
ATGTTCCTGCCCACCT-1,6
ATGTTCGTCGACCCAC-1,0
ATGTTGATTAGAGACT-1,2
ATGTTGTAGTCTGTTT-1,2
ATGTTTCGGCCCGGAG-1,0
ATGTTTGTAAGATCAT-1,1
ATTAAACATGCGGACC-1,0
ATTAAAGCGGACGAGC-1,0
ATTAACACCTGAGATA-1,0
ATTAATACTACGCGGG-1,15
ATTAATGAACCAGTCG-1,1
ATTAATTCGGTCACTC-1,1
ATTACAACTACCGGCC-1,9
ATTACATGTCAGTCTT-1,8
ATTACCACACTGCCTG-1,12
ATTACGACTCCACAGT-1,9
ATTACGCGCTGGCAGG-1,4
ATTACGGGCTACGGTT-1,3
ATTACTAGCCTCTTGC-1,13
ATTACTTACTGGGCAT-1,5
ATTAGATTCCTCAGCA-1,15
ATTAGATTGATAGCGG-1,6
ATTAGGCGATGCTTTC-1,0
ATTATACTTTGCTCGT-1,1
ATTATAGCTACTTTAC-1,1
ATTATCGGAATGTACG-1,2
ATTATCTCGACAGATC-1,1
ATTATGAGACCCAATT-1,2
ATTATGCCATAGGGAG-1,6
ATTATTATGTCCGTCA-1,3
ATTATTCAGAGTCACT-1,3
ATTCAAAGTACCTGTT-1,10
ATTCAACCATTTAAGG-1,0
ATTCACTGATGTTGGA-1,4
ATTCAGGACCTATTTC-1,0
ATTCAGGATCGCCTCT-1,0
ATTCAGTAGCAGGGTC-1,15
ATTCATATACTGTCCA-1,0
ATTCATCGTTGAGGCA-1,3
ATTCCCACATAAACAA-1,11
ATTCCCGAAGGTACAG-1,3
ATTCCTAAGACGTGGA-1,5
ATTCCTCCGCCAGTGC-1,13
ATTCCTTCCAGGCGGT-1,1
ATTCGACGCCGGGCCT-1,0
ATTCGCAGAGGACACT-1,9
ATTCGCGCCTTGAGAG-1,3
ATTCGTCCCGAGGTTA-1,14
ATTCGTGCTATCTCTT-1,8
ATTCGTGTACCCATTC-1,14
ATTCGTTTATCGTATT-1,14
ATTCTCGTCTCTTTAG-1,0
ATTCTGAGTATGAACT-1,9
ATTCTTCGTACTTATG-1,6
ATTGAAGATCTTAGTG-1,6
ATTGAATTCCCTGTAG-1,14
ATTGACCGGCGATGAC-1,9
ATTGACGTAACTCGGT-1,0
ATTGATAGCAACGAGA-1,6
ATTGATCACCACATTT-1,7
ATTGATGAGTCCTAAC-1,0
ATTGCCTATTAGACCG-1,17
ATTGCCTTTATGTTTG-1,4
ATTGCGATCAGTAACT-1,16
ATTGCTGCTCCTCCAT-1,0
ATTGGATTACAGCGTA-1,16
ATTGGGAATATCTTGG-1,11
ATTGGGAGTTCTGTAA-1,5
ATTGGTAGGATCCGCT-1,6
ATTGGTTGTGCATTAC-1,7
ATTGTACAACTCGGCT-1,9
ATTGTCGCAATACCTT-1,0
ATTGTCTGTTTCATGT-1,3
ATTGTGACTTCGCTGC-1,5
ATTGTTCAACGATCCG-1,9
ATTTAACTCGTATTAC-1,6
ATTTACAGTTTACTGG-1,5
ATTTACTAAGTCCATT-1,1
ATTTATACTGGTAAAG-1,2
ATTTCATTATTTCGCG-1,0
ATTTCCGGGTTCTGCG-1,3
ATTTGCCTAGTTACGA-1,0
ATTTGCGCGAGTAGCT-1,7
ATTTGGAGATTGCGGT-1,2
ATTTGTCTTGGGAGCT-1,8
ATTTGTTCCAGGGCTC-1,15
CAAACCAGGTCTGCAT-1,9
CAAACCATAAGCGTAT-1,14
CAAACCCTCCGGCGGG-1,2
CAAACGAGTATCGCAG-1,4
CAAACGGTCGCACTTT-1,13
CAAACGTGGTCTTGCG-1,9
CAAACTACGATAGAGA-1,9
CAAACTATTGAGCTTC-1,0
CAAACTCGCGACGCCG-1,8
CAAAGATTATTGGGCC-1,2
CAAAGGTCATCTGAAA-1,12
CAAAGGTTAAATTCAG-1,0
CAAAGTCAGGTTAGCT-1,5
CAAATCTCTCACAAGG-1,3
CAAATGCGGAGTGTTC-1,0
CAAATGTCCTTCCGTG-1,0
CAAATTGGATTATGCC-1,5
CAAATTGTCAGCAAGC-1,1
CAACACATCTCCTGCC-1,0
CAACAGAATAACGCTA-1,0
CAACAGTGCCAAACGG-1,0
CAACATGGCCTGATAA-1,10
CAACCAGTGGCCTACC-1,0
CAACCGCACCTAGACA-1,5
CAACCTACCGAGCAGT-1,4
CAACCTGAACCTGCCA-1,5
CAACGACCCGTTTACA-1,6
CAACGATCGATCCAAT-1,14
CAACGCGATGAGCCAA-1,2
CAACGGTTCTTGATAC-1,6
CAACGTGGTGGAGTCT-1,0
CAACTATATCGAATGC-1,1
CAACTCCAACGTTTAG-1,0
CAACTCCGTAACTTGC-1,10
CAACTCCTTGATCCCG-1,6
CAACTGAGGGTATGAC-1,10
CAACTGCTCATCCGAT-1,4
CAACTTGTAGTGGGCA-1,0
CAAGAAACCCTAAACT-1,15
CAAGACTCAGAAGCGC-1,0
CAAGAGGGCGGAGTAC-1,16
CAAGATATTATAACGT-1,8
CAAGCAACGTCGGAGT-1,5
CAAGCACCAAATGCCT-1,18
CAAGCGGCACATAATT-1,0
CAAGGATCGCATGTTC-1,0
CAAGGCCAGTGGTGCA-1,3
CAAGGGAGTGTATTTG-1,11
CAAGGTCCTATAGGCT-1,0
CAAGTAAGTGATAGAC-1,17
CAAGTCGTTGAAATCT-1,4
CAAGTGAACTTTGGTT-1,1
CAAGTGTGGTTGCAAA-1,8
CAATAAACCTTGGCCC-1,18
CAATACGAGAGTCTGA-1,8
CAATACGCTCTGAGGC-1,0
CAATATGTAGATTTAC-1,1
CAATATTCTTGACCTA-1,2
CAATATTGGACTAGTG-1,5
CAATCCATTATCCGTT-1,1
CAATCCCTATACCAGC-1,9
CAATCCTGCCGTGGAG-1,6
CAATGACCCTTAATTT-1,3
CAATGAGGTTCGACTA-1,0
CAATGCGAGAAGTATC-1,0
CAATGGAATCTACATA-1,9
CAATGGATCTCTACCA-1,18
CAATGGTCGGCCTGGG-1,15
CAATGTGCCAACCCTT-1,8
CAATTAAGGGTGATGA-1,1
CAATTGGGCCGCACTC-1,4
CAATTTCGTATAAGGG-1,9
CAATTTGACCGGGAAG-1,11
CACAAACCGCAGAACT-1,4
CACAAGAAAGATATTA-1,5
CACAAGCTAAGAAAGG-1,2
CACAATGAGCTGCTAT-1,7
CACACACGCTAACGAG-1,16
CACACAGCTTGCGCTC-1,8
CACACAGGGATAGATT-1,11
CACACGCGCTGTCTTA-1,12
CACACGTTTCAATGGG-1,1
CACACTTGTATTGCGA-1,5
CACAGAGACGAGGACG-1,3
CACAGCACCCACGGCA-1,15
CACAGCTAGGGAGTGA-1,6
CACAGGGCCATATAGT-1,16
CACAGGGCCGTTGTCA-1,3
CACAGTCCCGCTTCGC-1,0
CACAGTTCGCTTCCCA-1,12
CACATAAGGCGACCGT-1,11
CACATATTAGCAGGAT-1,16
CACATCGTGCACGCGC-1,3
CACATCTCACCGACGA-1,4
CACATGATTCAGCAAC-1,9
CACATGTTTGGACATG-1,11
CACATTCTTTCGATGG-1,1
CACATTTCTTGTCAGA-1,8
CACCAATCATCCGTCT-1,14
CACCACGCCACACAGA-1,0
CACCAGTCAGCATGCA-1,7
CACCATCGGAGGAGAC-1,1
CACCATGATCGCAAAG-1,5
CACCCAAATCTTATGT-1,0
CACCCACACGTCACCC-1,6
CACCCACGAGGCAATT-1,1
CACCCGCGTTTGACAC-1,14
CACCCGGTTTGTGACT-1,3
CACCCTAACAAGATCT-1,4
CACCCTTGGTGAGACC-1,7
CACCCTTTCCTCGCTC-1,11
CACCGATACACCGAGC-1,9
CACCGATGATGGGTAC-1,7
CACCGCCAGAAGGTTT-1,13
CACCGCCGACCAGCGA-1,0
CACCGCGTCCACTCTA-1,5
CACCGGAGATATCTCC-1,0
CACCGGGCATCACAAG-1,2
CACCGGTAGAGACATT-1,2
CACCGTATCCCATCCG-1,0
CACCGTTAGGGATCAC-1,3
CACCGTTGCGCGATAT-1,7
CACCTAATAGAGTCGT-1,13
CACCTAATCAGTTTAC-1,1
CACCTCGATGGTGGAC-1,1
CACCTTGCGAAACTCG-1,1
CACCTTGGCGCCTTTG-1,8
CACGAAAGTTAGTCCC-1,5
CACGACCACAGACTTT-1,1
CACGACGTAATAGTAA-1,1
CACGACTAAAGTTCTG-1,10
CACGAGCAAACCAGAC-1,2
CACGATTGGTCGTTAA-1,10
CACGCACAGCGCAGCT-1,18
CACGCAGCGAGGCTTT-1,11
CACGCGGAACTGTTGC-1,8
CACGGACGTGGATGGC-1,5
CACGGCGCGCCAAAGG-1,5
CACGGGATTGAGGGTT-1,9
CACGTCAATCAATGGA-1,0
CACGTCGGCAACCTCT-1,7
CACGTCGGGTTCTAGA-1,11
CACGTCTATGATGTGG-1,1
CACGTTCGTGCTCTAG-1,12
CACGTTTCGTACACAC-1,16
CACTAAAGTTGCCTAT-1,0
CACTACGGGAGCTGCC-1,0
CACTACTCAGTTCTGT-1,10
CACTCAAGAGCTATGG-1,9
CACTCAGCTCTTGAGG-1,0
CACTCCTATGTAAGAT-1,3
CACTCCTCTCGGTCGG-1,0
CACTCGAGCTGAACAA-1,16
CACTCGGTTAGGAGGA-1,0
CACTCTCAAGCATCGA-1,3
CACTCTTCTGCTAGCC-1,0
CACTGACGATTGTGGA-1,2
CACTGTCCAAGTGAGA-1,6
CACTTAATCAGACGGA-1,0
CACTTCGCCACAGGCT-1,13
CACTTCGTCTTATCTC-1,6
CAGAACTTAGCCCTCT-1,0
CAGAATAACACACGGA-1,0
CAGAATATTCGTTATC-1,12
CAGACACCGATCGCTG-1,4
CAGACCTGTAAGTGTT-1,12
CAGACGAACCTGATAC-1,4
CAGAGACGGTCACCCA-1,4
CAGAGCATGAGCTTGC-1,15
CAGAGCGATGGATGCT-1,7
CAGAGGCGATGCATGA-1,3
CAGAGTGATTTAACGT-1,0
CAGATAATGGGCGGGT-1,4
CAGATACTAACATAGT-1,6
CAGATATGAAGATGAC-1,3
CAGATCATTTAAAGTC-1,5
CAGATCCTGGTTTGAA-1,7
CAGATGTTTGTCCCAA-1,7
CAGCAGCCCGTTCCTT-1,18
CAGCAGTCCAGACTAT-1,12
CAGCAGTCTGTGCTGC-1,4
CAGCCCTCACAGGCAG-1,0
CAGCCGGGCCCTCTAT-1,9
CAGCCTCCTGCAGAGG-1,1
CAGCCTCGATAGCGGT-1,9
CAGCCTCTCCTCAAGA-1,0
CAGCGATTCCCTTCAA-1,3
CAGCGCCAACACGATA-1,9
CAGCTCACTGAGACAT-1,1
CAGCTCGACAAGTTAA-1,18
CAGCTCGTGCTTGTGT-1,6
CAGCTCTGGGCTCACT-1,7
CAGCTGGCGTAACCGT-1,3
CAGCTTAGTAGGTAGC-1,5
CAGGAAGACTTTATAT-1,11
CAGGACAGCTGCCCTT-1,1
CAGGATATATCGTTGT-1,1
CAGGATCCGCCCGACC-1,10
CAGGCAGTCTTACCAG-1,2
CAGGCCAGTACCACCT-1,2
CAGGCCGTTTGGGTGT-1,7
CAGGCGCACGGTGGTC-1,3
CAGGCGCCATGCTAGG-1,16
CAGGGAGATAGGCCAG-1,2
CAGGGCTAACGAAACC-1,10
CAGGTTTAGTACTACA-1,9
CAGTAACTATTTATTG-1,5
CAGTAAGGGACGTCTC-1,4
CAGTAATCCCTCCCAG-1,13
CAGTACATTCTCTAAA-1,5
CAGTACCAGTTTACGT-1,7
CAGTAGATGATGTCCG-1,11
CAGTAGCCCACGCGGT-1,1
CAGTAGCGAGGTAGTA-1,5
CAGTCCAACGCCTTCT-1,10
CAGTCGAGGATGCAAT-1,0
CAGTCGGCCTAGATAT-1,7
CAGTCTCTCGGCTAAT-1,0
CAGTCTGTATACTGGG-1,0
CAGTGAATAAATGACT-1,18
CAGTGGTTGCACATGA-1,6
CAGTGTCCGCAGAATG-1,6
CAGTGTCGGCTGGCCC-1,19
CAGTGTTAATCTCTCA-1,2
CAGTTCAAATTGACAC-1,6
CAGTTCCGCGGGTCGA-1,15
CAGTTCGAGGACCCGA-1,2
CATAACGGACAGTCGT-1,8
CATAAGAAGCTTGGCT-1,3
CATAAGCTCTCCGTCT-1,0
CATAATGAGCGGGCGA-1,10
CATACAAAGCCGAACC-1,6
CATACACAAAGTCAGC-1,3
CATACACGGTTCCCAC-1,4
CATACCCGTACCCAGT-1,5
CATACGAACTAGCTGG-1,17
CATACGGCGTCTGGGC-1,9
CATACGGGTGCATGAT-1,0
CATACTATGTAATTGT-1,0
CATACTTAGGCAATAC-1,0
CATACTTCTTTCTCCG-1,2
CATAGAGGAGATACTA-1,3
CATAGCCGCCCGGGAT-1,6
CATAGCGTTGCCCACC-1,3
CATAGGGACACTTGTG-1,2
CATAGTACATTGAGAG-1,1
CATAGTAGCATAGTAG-1,6
CATAGTCAAATACATA-1,4
CATAGTCCACAAGAAC-1,7
CATAGTGGGCACGCCT-1,14
CATATACTACTGATAA-1,5
CATATAGGTACAGTCA-1,1
CATATGTCAGGCTACG-1,3
CATATTATTTGCCCTA-1,10
CATCAAACTGGCGCCC-1,9
CATCAACACCTACTAA-1,6
CATCATCTACCCGGAC-1,0
CATCATTACCCTGAGG-1,19
CATCCAATATAGTTTG-1,2
CATCCCGAGATTCATA-1,3
CATCCGCAGGCCCGAA-1,13
CATCCTCTCAAAGATC-1,16
CATCGAATGGATCTCT-1,11
CATCGCCCGCGGCCAA-1,6
CATCGGACGGGTTAAT-1,0
CATCGTCCGGTTACTA-1,15
CATCTACCCGAGAACG-1,0
CATCTAGTGAAGGGAA-1,8
CATCTATCCCGTGTCT-1,5
CATCTGCAGGATCATT-1,1
CATCTTACACCACCTC-1,8
CATGAACCGACATTTG-1,6
CATGAACCTCTTATCA-1,0
CATGACTTCGCTGAAT-1,8
CATGAGATGCACTCTC-1,4
CATGAGTCCATCACGG-1,17
CATGATACGGTGAAAC-1,2
CATGATCGCTTTGAGA-1,4
CATGATGCACAATTCT-1,18
CATGATGGAAGTTAGC-1,8
CATGCACATGAGAGGC-1,2
CATGCACGTGTTACTG-1,0
CATGCATGGAGACCCT-1,0
CATGCCAACTCGCAAA-1,3
CATGCGACCAGTTTAA-1,1
CATGCGTTAGACAGAA-1,11
CATGCGTTGAGAGGAG-1,2
CATGCTGGCTCCAATT-1,11
CATGGAAATGGGACCA-1,1
CATGGATTGTCTTCCG-1,16
CATGGCAGGAAGATCG-1,6
CATGGCTCCCTATGTC-1,11
CATGGGTATGCCTTAT-1,4
CATGGGTCGGGTGTGG-1,1
CATGGTAAGTAGCGTT-1,16
CATGGTATTAGTTTGT-1,3
CATGGTCTAGATACCG-1,15
CATGGTTTATTAATCA-1,4
CATGTAAGAGACATTT-1,16
CATGTAGGAGCGCCAA-1,5
CATGTCTCATTTATGG-1,19
CATGTGGGCTCATCAC-1,14
CATTACATAGATTGTG-1,5
CATTACGCAGGAAGGG-1,2
CATTACGTCGGCCCGT-1,18
CATTATAACAGGGTCC-1,1
CATTATCCCATTAACG-1,2
CATTATGCTTGTTGTG-1,6
CATTCACTGACAGCTA-1,0
CATTCAGGTCAGTGCG-1,11
CATTCCCATTCCGTCG-1,1
CATTCCCTAAGTACAA-1,6
CATTCGTCGTAGCGGT-1,9
CATTGATGAACACGCC-1,5
CATTGCAAAGCATAAT-1,0
CATTGCGAAATGGGCG-1,0
CATTGCGGGTCAATTC-1,5
CATTGTGTGCTAGATC-1,6
CATTTAGCGGACCATG-1,18
CATTTATCGTTCAAGA-1,10
CATTTCTAGCAGACTA-1,13
CATTTGAGTGGTACGT-1,4
CCAAACAGAACCCTCG-1,6
CCAAAGCAGTTGGTTG-1,5
CCAAAGTCCCGCTAAC-1,10
CCAAATAACAAGATTC-1,12
CCAAATCAAAGGGCAA-1,2
CCAACCTTATGTAACT-1,2
CCAACGATGCACTGAT-1,5
CCAACGCTTGCCAGGG-1,1
CCAACTTGATAGATCC-1,12
CCAAGAAAGTGGGCGA-1,4
CCAAGACTTCTGCGAA-1,6
CCAAGCGTAACTCGTA-1,1
CCAAGCTTGATCTCCT-1,11
CCAAGGAACAGAGAGG-1,6
CCAAGGTTGCCCTTTC-1,3
CCAAGTTTCTACAGAT-1,11
CCAATAGATTTCATCT-1,13
CCAATAGTGCCGTCGA-1,5
CCAATCGGTAGATCGA-1,0
CCAATGTCACAGCAAG-1,0
CCAATTACGGGTCGAG-1,1
CCAATTGAATGTTAAT-1,6
CCACAATGTACGTCTT-1,15
CCACACTGAGATATTA-1,0
CCACAGCTGAAATCAT-1,0
CCACAGTACCCATCCT-1,8
CCACATACTGCACCCA-1,12
CCACATGGCTCTTTAT-1,14
CCACCAACTTTACTGT-1,3
CCACCCAAGGAAAGTG-1,1
CCACCTGTATGGAATA-1,9
CCACGAATTTAACCTC-1,8
CCACGAGAAGAGAATC-1,0
CCACGGAGCCATAAGA-1,3
CCACGGCAGGTGTAGG-1,3
CCACGGTGCCCGGTAG-1,0
CCACGTAAATTAGACT-1,1
CCACTAAACTGAATCG-1,11
CCACTATCCGGGTCAC-1,15
CCACTCAGATCCGCAA-1,3
CCACTGGTGGCTGGTT-1,0
CCACTGTTTGGATTAA-1,0
CCACTTTCCTTCTAGG-1,14
CCAGAAACTGATGCGA-1,3
CCAGAAAGCAACTCAT-1,4
CCAGAGACAAAGCCGG-1,15
CCAGATAGTTGAGTGA-1,18
CCAGATGTAAATGGGT-1,9
CCAGCCTGGACCAATA-1,10
CCAGCGGGATCACCAG-1,1
CCAGCTACGCCTCATA-1,6
CCAGCTCGAACGCATT-1,4
CCAGCTGATGGTACTT-1,0
CCAGCTTCCGCCCGCA-1,5
CCAGGCTGGCGTCTGA-1,9
CCAGGGACGTGGCCTC-1,6
CCAGTAGTCTGATCCA-1,18
CCAGTCAAATCTCTTA-1,3
CCAGTCCATTATTCGA-1,1
CCAGTCTAGACGGCGC-1,1
CCAGTCTTGTCATAGA-1,4
CCAGTGAGCTCCTTGT-1,11
CCAGTGTACAGACCGA-1,3
CCAGTTCGGTAACTCA-1,17
CCATAAACAACCCGAC-1,0
CCATAACCTGTGCAGT-1,7
CCATACCTTTACTTGT-1,1
CCATACTCGCCTCTCC-1,9
CCATAGAGGCTGCCAG-1,3
CCATAGGTTGGCGTGG-1,11
CCATAGTCAGTAACCC-1,6
CCATATGGAAACTATA-1,12
CCATATTGGATCATGA-1,5
CCATCATAAGAACAGG-1,18
CCATCCATACCAAGTC-1,6
CCATCGCAGTTAAACT-1,16
CCATCTCACCAGTGAA-1,8
CCATCTTGTTCACAAT-1,10
CCATGCCCTAGATTTC-1,5
CCATGCCTGTTTAGTA-1,0
CCATGCTCTGCAGGAA-1,13
CCATGGCAAACGCTCA-1,17
CCATGGCCCTTGTACC-1,5
CCATGTTCATCTATAT-1,2
CCATTAGCGATAATCC-1,5
CCATTCCCTGCCCACA-1,5
CCATTGTTTCCTCCAT-1,0
CCATTTCTACCTATTA-1,0
CCCAAACATGCTGCTC-1,12
CCCAACATACGTCGCG-1,7
CCCAACCACACTAACA-1,0
CCCAAGAATGCACGGT-1,0
CCCAAGACAGAGTATG-1,10
CCCAAGTCATTACACT-1,3
CCCAATGAGATTTGCA-1,3
CCCAATTTCACAACTT-1,4
CCCACTCCACGGTATC-1,7
CCCAGAGGAGGGCGTA-1,5
CCCAGATTCCCGTGAC-1,17
CCCAGGAAGAATTCGA-1,2
CCCAGGTCTGAAGGCT-1,12
CCCAGTAAACTTGGGA-1,7
CCCAGTTAAGGCGCCG-1,8
CCCATATAGGTCGATT-1,4
CCCATTATTGTATCCT-1,14
CCCGAAGTTTCGCGAA-1,7
CCCGACCATAGTCCGC-1,1
CCCGAGTTTCTCCGTA-1,8
CCCGATAGCCTCGCCT-1,1
CCCGCAAATAATCATC-1,4
CCCGCAGCGCGAACTA-1,7
CCCGCAGGGCCCAAAG-1,9
CCCGCCATGCTCCCGT-1,6
CCCGCGCAATGCACCC-1,13
CCCGCTAGAGGGTTAA-1,1
CCCGCTTGCCCTCGTC-1,10
CCCGGCACGTGTCAGG-1,14
CCCGGCTAGGTGAGAA-1,10
CCCGGGTCGTTCAGGG-1,3
CCCGGTGGAAGAACCT-1,13
CCCGGTGTATCGGAAT-1,3
CCCGTAAGTCTAGGCC-1,7
CCCGTAGCTGGGAAGA-1,2
CCCGTCAGCGTCTGAC-1,6
CCCGTGACAGTGCCTT-1,14
CCCGTGAGGGCGGTGA-1,7
CCCGTGGGTTAATTGA-1,10
CCCGTTTCGCAGATGT-1,0
CCCTACCCACACCCAG-1,14
CCCTACTTGAACAATG-1,3
CCCTAGCTCTAAGGTC-1,4
CCCTAGGCAACAAGAG-1,7
CCCTAGTGTCAGGTGT-1,1
CCCTATGTAGAGCAGA-1,7
CCCTCAAGCTCTTAGT-1,6
CCCTCAGATCGAGAAC-1,3
CCCTCATCACAGAGTA-1,2
CCCTCATTCTGGAATT-1,6
CCCTCCTCGCTCGTAT-1,8
CCCTCGATAATACACA-1,3
CCCTCGGGAGCCTTGT-1,0
CCCTGAAATGAGTTGA-1,0
CCCTGACTAACAAATT-1,1
CCCTGATGTAACTCGT-1,6
CCCTGCCCAATCCGCT-1,0
CCCTGCGCTACGCATA-1,5
CCCTGGCTGTTCCTTC-1,14
CCCTGGGAGGGATCCT-1,2
CCCTGGTATGGGCGGC-1,11
CCCTGTTGGCAAAGAC-1,1
CCCTTCTCGTACGCGA-1,10
CCCTTTAATGGAGTTC-1,4
CCCTTTGACAGGTCTT-1,4
CCGAAAGTGGTGAGCA-1,13
CCGAACACTGGGCCTC-1,7
CCGAACCTTCCCGGCC-1,0
CCGAAGCATTGACCAA-1,2
CCGAAGGGCGTACCGC-1,0
CCGAAGTATATTGTTC-1,13
CCGACAAACACATGAG-1,13
CCGACAAAGGGAGTGC-1,5
CCGACAATAGGCCGCC-1,0
CCGACGGGCATGAGGT-1,3
CCGACGTAAACACAAC-1,1
CCGACTCGCATAGTCT-1,9
CCGAGAAGTCGCATAA-1,8
CCGAGCTGTGCTTGTC-1,9
CCGAGGGATGTTAGGC-1,0
CCGATATGACGTAAGG-1,9
CCGATCTCAACCTTAT-1,8
CCGATCTTAAGAGGCT-1,10
CCGATTCGAGGGACCC-1,0
CCGATTGGTCAATGAA-1,0
CCGCACAAAGACCAAC-1,1
CCGCACACGAACGTGT-1,12
CCGCACGTGACCTCGG-1,5
CCGCACTTGCAATGAC-1,3
CCGCATGTGGTACGAT-1,4
CCGCCACCACAATCCA-1,0
CCGCCGGAACTTCTCG-1,4
CCGCCGGTCAACACAC-1,6
CCGCCGTTGAGGATAA-1,8
CCGCCTGCGAATTGGT-1,0
CCGCCTTGCGATGTCG-1,7
CCGCGATTTGGTAGGT-1,0
CCGCGCAAGATACCCA-1,2
CCGCGGAATGCGTCAC-1,3
CCGCGGGTACGAAGAA-1,5
CCGCGTAGGTAAGGGC-1,15
CCGCTATCAGCACCAG-1,0
CCGCTCCAGGGCGATC-1,2
CCGCTCTTCCGAACTA-1,4
CCGCTGGTGCCATTCA-1,10
CCGCTTACCTCACTCT-1,7
CCGCTTCGCGGTTAAC-1,10
CCGCTTGCTGACATGG-1,15
CCGGAAGTGCAATATG-1,14
CCGGAAGTTATCAGTC-1,12
CCGGAATGGTTTCAGT-1,6
CCGGAGCGTACTTTCT-1,4
CCGGAGGTCTTATGGT-1,9
CCGGCACGACCGTTTC-1,0
CCGGCCGCGAGCATAT-1,4
CCGGCGCATATTGGAT-1,6
CCGGCGTGAGACTCTG-1,7
CCGGGACCCGCAGAGA-1,6
CCGGGCGGTCTCGTCA-1,1
CCGGGCTAAGAATTTC-1,2
CCGGGCTGCTCCATAC-1,0
CCGGGTTCGAGGTTAC-1,0
CCGGTAATGGCTAGTC-1,8
CCGGTATCTGGCGACT-1,17
CCGGTGCGAGTGATAG-1,10
CCGGTTTGTAATTGTG-1,3
CCGTAAGTTGGTCCCA-1,1
CCGTACCCAAGCGCCA-1,6
CCGTAGGAAATCCCTG-1,4
CCGTAGGGTTGTTTAC-1,0
CCGTATCTCGTCGTAG-1,7
CCGTATTAGCGCAGTT-1,5
CCGTCAACCTCTGGCG-1,2
CCGTGAGGCATTCATG-1,1
CCGTGCCCATGACGGC-1,11
CCGTGGAACGATCCAA-1,5
CCGTGTTAAATTCCAT-1,7
CCGTTACGTTAGAACA-1,1
CCGTTCCGAATCTCGG-1,0
CCGTTTCCTTTCCGTG-1,2
CCTAAACAGGGTCCGT-1,0
CCTAAAGGCTGACGCT-1,1
CCTAAATTAACGGTTC-1,0
CCTAAATTGTATCCTA-1,12
CCTAACCCAAACAAGT-1,8
CCTAACTAAGGCTCTA-1,15
CCTAAGTGTCTAACCG-1,10
CCTACAAGTCCGGAAT-1,1
CCTACAGTTGAGGGAG-1,2
CCTACATTCACAGACG-1,7
CCTACGCGACCTTACA-1,0
CCTACGGCTCAGTCGA-1,13
CCTACTCAACACGATT-1,11
CCTACTGCGGCGGCCA-1,9
CCTACTGCTTACACTT-1,6
CCTAGGCGTAGCGATC-1,12
CCTAGGTAAAGGTAGC-1,7
CCTAGTTAGTCGCATG-1,0
CCTATAATGAGTGCCC-1,16
CCTATACCGTCCTGTC-1,2
CCTATATCGTGTCACG-1,2
CCTATATTTGTCCTGG-1,2
CCTATCTATATCGGAA-1,18
CCTATGAAGTGGTGCC-1,0
CCTATGGCTCCTAGTG-1,2
CCTATGGGTTACCGTC-1,1
CCTATGGTCAAAGCTG-1,2
CCTATGTCCACTCCAC-1,4
CCTATTATTCCGGCCG-1,3
CCTCAACGATCGCTGT-1,7
CCTCACCAATCTTGAC-1,6
CCTCACCTGAGGGAGC-1,1
CCTCACCTTAGCATCG-1,15
CCTCACGTCAGCTAAT-1,9
CCTCATGCAGCTACGA-1,11
CCTCCCGACAATCCCT-1,0
CCTCCGACAATTCAAG-1,5
CCTCCTAGCTAGAGTC-1,2
CCTCCTGAGCCCACAT-1,1
CCTCCTGTTGTGTCGT-1,4
CCTCGAAGTGGACGGG-1,0
CCTCGACCCACTGCCT-1,5
CCTCGCCAGCAAATTA-1,18
CCTCGCGCGATATAGG-1,15
CCTCGCGCTGTGCGAT-1,4
CCTCGGACCGGGATAG-1,8
CCTCGGATGCTACCTG-1,9
CCTCGGTTTCCTTGCC-1,7
CCTCGTTACGCCTGTT-1,1
CCTCTAATCTGCCAAG-1,1
CCTCTACAAGGATTGG-1,2
CCTCTATCGATTAGCA-1,7
CCTCTCTCCCATCTAG-1,5
CCTCTGGCCTAGACGG-1,1
CCTCTGTACTATTCTA-1,16
CCTGAACGATATATTC-1,8
CCTGAATATTTACATA-1,15
CCTGACAAACTCGCGC-1,11
CCTGACCACCGATGGT-1,0
CCTGACGCAACCTTTA-1,0
CCTGAGAATAAATGCA-1,2
CCTGATTCGCGAAGAA-1,14
CCTGCCCGTTGTCTAG-1,9
CCTGCGATAGAACTGT-1,5
CCTGCGTTCTACGCTT-1,15
CCTGCTACAACCATAC-1,14
CCTGCTATTTGAGAAG-1,6
CCTGGAAACGTTCTGC-1,8
CCTGGCTAGACCCGCC-1,13
CCTGGTCGAATGTGGG-1,4
CCTGTAAGACATGATA-1,0
CCTGTACTCACGCCCA-1,0
CCTGTCACCCGGGCTC-1,15
CCTGTCCCTCACGTTA-1,12
CCTGTCGCCCGTAAAT-1,0
CCTGTCGTGTATGAAG-1,14
CCTGTGAAACCGTAAC-1,9
CCTGTGCATAGGAGAC-1,11
CCTGTGCGGATTGTAA-1,1
CCTGTTCAACCTCGGG-1,3
CCTGTTTGAAGACACG-1,4
CCTTAAGTACGCAATT-1,14
CCTTCAGTTAAAGTGA-1,2
CCTTCCGCAACGCTGC-1,2
CCTTCGTATAGAATCC-1,2
CCTTCTCAGCGTTCCT-1,7
CCTTCTTGATCCAGTG-1,1
CCTTGACCACTTTATT-1,0
CCTTGTGAACGTGGTT-1,2
CCTTTAAGGGAGCACT-1,3
CCTTTCAATGAAGAAA-1,1
CCTTTGAATTATGGCT-1,3
CGAAACATAGATGGCA-1,9
CGAAACGCAATTCATG-1,3
CGAACAGTATGGGCGT-1,19
CGAACATAGTCAGAAA-1,5
CGAACCCGCATGCGTC-1,4
CGAACCTCTTTCCTAG-1,3
CGAACGCCCAGTGCCG-1,1
CGAACGGCCGGACAAC-1,7
CGAAGACGGTGAGTGC-1,9
CGAAGACTGCCCGGGA-1,10
CGAAGATCAGTTTCAT-1,3
CGAAGCTATAAATTCA-1,5
CGAAGGGTTTCAGATT-1,2
CGAAGTTGCTCTGTGT-1,5
CGAATCTGCTCGACGC-1,4
CGAATGAAGTCATTGC-1,4
CGAATGACGCATAATG-1,2
CGAATGGTAGGTCGTC-1,3
CGAATTACATGGTGTT-1,0
CGAATTCCCGGTTCAA-1,0
CGACAATTTGATCTAA-1,8
CGACACCGCTTAAGGA-1,5
CGACACGCTCCGACAG-1,8
CGACACGGATGCCCAC-1,10
CGACAGTTCGCGTTAT-1,0
CGACATGCGATCTTCT-1,0
CGACCCTTAACGCCGG-1,7
CGACCGTTGGTATTCG-1,17
CGACCTACTAGACAAT-1,7
CGACGCATCCGTACCT-1,7
CGACTCAGGATGTTAT-1,1
CGACTCGGTACACGGT-1,9
CGACTTTGTATAGCCT-1,12
CGAGACCCTAGAGTGT-1,1
CGAGACTACTGCTGCT-1,2
CGAGAGATGTGAACCT-1,18
CGAGAGCGCGTAGATA-1,7
CGAGAGCTTTCACTAC-1,3
CGAGAGGGTAGCCGCG-1,16
CGAGATGTTGCCTATA-1,10
CGAGATTTCGCTCGGG-1,8
CGAGCACTTCAAGTTT-1,13
CGAGCCGAGCACTCGA-1,5
CGAGCGTTGATCAGCC-1,6
CGAGCTGGGCTTTAGG-1,18
CGAGGAGCTTCCATAT-1,5
CGAGGATCGGGAACGA-1,1
CGAGGCCAGGCATTGG-1,6
CGAGGCTAAATATGGC-1,18
CGAGGGACTGCGGTCG-1,12
CGAGGGTATCCAGGTG-1,2
CGAGTACTAAAGAGGA-1,7
CGAGTGAAGGTACCAG-1,3
CGAGTGCTATAGTTCG-1,11
CGAGTTCTGTCCCACC-1,15
CGAGTTTATCGGACTG-1,8
CGATAACCAATTTGAG-1,15
CGATAATACTCAGGTT-1,8
CGATACCTCGCGGACA-1,7
CGATAGCGATACAGTG-1,3
CGATAGTCGTACTGCA-1,3
CGATATTAGCCGCAGG-1,10
CGATCATTAGAGGCAC-1,9
CGATCCACCATTGTTG-1,4
CGATCCGACCCAGTGC-1,0
CGATCCTCGCAACATA-1,2
CGATCGAGAAGCACCA-1,2
CGATCTGTTGGAGGAC-1,7
CGATGGACCCTACGCC-1,15
CGATGTTGTTATCTAC-1,2
CGATTAAATATCTCCT-1,4
CGATTCGCCTGGCTGC-1,4
CGATTTGTCATTAATG-1,2
CGCAAACACGAGTTAC-1,13
CGCAATCGATCATTAG-1,11
CGCAATTACTTTCGGT-1,6
CGCAATTAGGGTAATA-1,13
CGCAATTCTACAATAA-1,13
CGCACATGTCCACTAC-1,8
CGCACGTCTGTTTATG-1,2
CGCACGTGCGCTATCA-1,8
CGCAGAAACATTTGCG-1,1
CGCAGATCTTCACCCG-1,5
CGCAGGCGATCCAAAC-1,19
CGCAGTTCTATCTTTC-1,14
CGCATCATGGCTTCAG-1,9
CGCATCCATCAGCCAG-1,15
CGCATGCCGAATGCGT-1,3
CGCATGGTGCGATGCT-1,10
CGCATTAGCTAATAGG-1,13
CGCCAAGAAGCCGAGT-1,0
CGCCAATTATTGCGTT-1,10
CGCCACAGGTCGCGAT-1,14
CGCCACCCGCATTAAC-1,0
CGCCATCCGATTATGA-1,1
CGCCCAGCACGCCTAG-1,2
CGCCCAGCGTTTCACG-1,3
CGCCCGCTTCCGTACA-1,0
CGCCCTAATTGTTCAA-1,2
CGCCCTTACATCCACC-1,1
CGCCCTTGAAGGCTGA-1,15
CGCCGACTATTCGCTA-1,9
CGCCGCCCATGCCTGT-1,8
CGCCGCGTTCTGAACG-1,2
CGCCGGTGTCGCAGTA-1,10
CGCCGTCTACCCATCG-1,1
CGCCGTTCAGCATAGT-1,0
CGCCTCCCTCCTCTAT-1,0
CGCCTGGCCTACGTAA-1,3
CGCCTTTAGCATGCTC-1,8
CGCGAAGTGGCATACT-1,3
CGCGACACTGCGCAGC-1,15
CGCGACCGCGACAGAT-1,4
CGCGAGAGGGACTTGT-1,5
CGCGAGTCTGCCGGGT-1,3
CGCGCAAATGTCCAGA-1,3
CGCGCAAGGAACTACA-1,10
CGCGCATGTTTGATTG-1,4
CGCGCCCGACTTAATA-1,0
CGCGGCAGTATTACGG-1,6
CGCGGCTCAACTTGAA-1,8
CGCGGGAATTAGGCAG-1,18
CGCGGGAATTCCTTTC-1,2
CGCGGTAAGTCTAGCT-1,0
CGCGGTACGGTATACA-1,11
CGCGGTCACAAACCAA-1,5
CGCGTACATTCTGGAA-1,0
CGCGTCATATTAAACC-1,1
CGCGTGCTATCAACGA-1,10
CGCGTGGGCCTGTGTT-1,2
CGCGTTCATGAAATAC-1,6
CGCTACCGCCCTATGA-1,10
CGCTACGGGACATTTA-1,0
CGCTAGAGACCGCTGC-1,8
CGCTATACCGCCCACT-1,6
CGCTATTCAATGTATG-1,6
CGCTATTCTTAGGCTC-1,9
CGCTCGACATAATGAT-1,6
CGCTCTCCGTAGATTA-1,5
CGCTGAGGACGTCCAA-1,10
CGCTGGTGACTACCCT-1,8
CGCTGTGACGCCGCAC-1,6
CGCTGTGTGGATGTTG-1,3
CGCTTAGTATTGATAC-1,2
CGCTTATTCCCGGTCG-1,7
CGCTTCCACTGAAATC-1,6
CGCTTCGGTCTAAGAC-1,3
CGCTTGGACGGATAGA-1,12
CGCTTTCATACCGGTG-1,6
CGCTTTCCGCCAAGGT-1,2
CGCTTTCTTGCATTCG-1,12
CGGAAAGAATCAAACG-1,3
CGGAAAGCAAATGTGC-1,6
CGGAAATTTCACATCC-1,9
CGGAACGTAAACATAG-1,7
CGGACCTCTGTAGTTA-1,4
CGGACCTTTACGTCCC-1,2
CGGACGTTACTTGAAG-1,7
CGGAGCAATTTAATCG-1,16
CGGAGCATGGCGATCC-1,10
CGGAGCTTATAACACC-1,9
CGGAGTCCTAACCTGG-1,18
CGGAGTTTGAGAGACA-1,5
CGGATAAGCGGACATG-1,13
CGGATCCTCAAGGACT-1,4
CGGATGAATGCTGTGA-1,2
CGGATTCTGCCTTATG-1,2
CGGCAAACATCGTGCG-1,0
CGGCAATAAGATCGCC-1,0
CGGCACCGTTAGCGCC-1,9
CGGCACTCAAGAAAGT-1,6
CGGCAGGGTCGGGTTG-1,12
CGGCCACGCACAAAGT-1,1
CGGCCAGAGCGACCAT-1,2
CGGCCCAACCTGTAGT-1,1
CGGCCCAGGTATATCC-1,8
CGGCGCCATCAATCCC-1,4
CGGCTCTAAAGCTGCA-1,8
CGGCTCTTCGTCGAAC-1,9
CGGCTGCAAGATTAAG-1,0
CGGCTTTGTATGATAA-1,1
CGGGAACGCCCTGCAT-1,3
CGGGAAGTACCGTGGC-1,2
CGGGAATATAGTATAC-1,8
CGGGAATTTATGTAAA-1,0
CGGGAGCTTCAGTGTA-1,19
CGGGAGTATACCGCCG-1,13
CGGGATCAATGTAAGA-1,6
CGGGCAGCTAAACCGC-1,1
CGGGCCATAGCCGCAC-1,6
CGGGCCTTCTTTGTAA-1,0
CGGGCGATGGATCACG-1,17
CGGGCTACTTAAATTG-1,1
CGGGTGTACCCATTTA-1,12
CGGGTTCGGCACGTAT-1,0
CGGGTTGTAGCTTTGG-1,10
CGGGTTTGTTAGGGCT-1,0
CGGTAACAAGATACAT-1,10
CGGTACGGCAAACCCA-1,7
CGGTACTAGAATCAAA-1,8
CGGTAGAGGTGCAGGT-1,1
CGGTATAGGTATTAGC-1,1
CGGTATGGGCACTCTG-1,2
CGGTCAAGTGGGAACC-1,18
CGGTCAGTCCATATTT-1,9
CGGTCCATGAGACTCC-1,9
CGGTCCGTCGCAAGCC-1,2
CGGTCTATCAACCCGT-1,1
CGGTGAAGACTAAAGT-1,0
CGGTGCAGATAGAACG-1,7
CGGTGCGCGTTGGTCC-1,7
CGGTGGGCTCCAGCCT-1,11
CGGTGTACTTGATCCC-1,13
CGGTTATCCAACAGTG-1,12
CGGTTCAAGTAGGTGT-1,1
CGGTTCCGGCTTCTTG-1,16
CGGTTGACCTGGCATA-1,0
CGGTTGAGTATCCTTC-1,2
CGGTTGGGCAGGGTCC-1,2
CGGTTGGGTTCAAGTT-1,1
CGGTTTACTGAACATT-1,2
CGGTTTATGAAGGAAC-1,1
CGTAAACGCTTGAGTG-1,11
CGTAAAGCAAGAAATC-1,3
CGTAAATAACAAAGGG-1,3
CGTAACTTCGACACTT-1,2
CGTAATAATTACGAGT-1,11
CGTAATATGGCCCTTG-1,14
CGTACCGAAAGTCTAG-1,5
CGTACCTGATAGGCCT-1,15
CGTAGAGAGTAATTAT-1,3
CGTAGCGAATTGTCAG-1,0
CGTAGCGCCGACGTTG-1,0
CGTATCTAGAACTAAG-1,4
CGTATTAAGAGATCTA-1,1
CGTATTGTTTCCTAAT-1,9
CGTCAAATGGTCGCAG-1,9
CGTCAAGGCTATAAAT-1,5
CGTCAATCTTTAACAT-1,5
CGTCACGTCCATTGGT-1,3
CGTCAGCTATTTACTC-1,13
CGTCAGTGCGCACAAG-1,11
CGTCAGTTTATCGTCT-1,0
CGTCATACCATATCCA-1,13
CGTCCAGATGGCTCCA-1,5
CGTCCTCATCGCGTGC-1,7
CGTCGCATGTGAGCCA-1,2
CGTCGCGGCGGGATTT-1,6
CGTCGCTTGGTTATAC-1,2
CGTCGGATAGTGTTGA-1,0
CGTCGGGTCTAAGCGC-1,7
CGTCGTCCTTCGCGAA-1,4
CGTCTGGAAGGGCCCG-1,6
CGTCTTGAGTGTGACG-1,12
CGTGAAGTTAATTCAC-1,11
CGTGACATTGGGTCGT-1,0
CGTGACCAGTCCTCTG-1,4
CGTGCACACCACTGTA-1,17
CGTGCAGACTGGGACA-1,1
CGTGCATTGTCGACGC-1,0
CGTGCCCGACATTTGT-1,0
CGTGCCCTCCCGAAGA-1,19
CGTGCTGGCCTAGTCG-1,11
CGTGCTTCTACCTAAA-1,2
CGTGGAAGCCTCGTAC-1,12
CGTGGCCGAATATCTA-1,8
CGTGGTACCCAAAGGC-1,2
CGTGTATGGGAGCTGA-1,3
CGTGTCCCATTCGCGA-1,13
CGTGTCTCGTTACGAC-1,2
CGTGTGTTAAACCCTG-1,1
CGTTAAACTAGTTAGG-1,8
CGTTAAATACGACCAG-1,14
CGTTAATGTCCCGACG-1,3
CGTTAGCTCACAACTG-1,0
CGTTATCATACTTCCA-1,7
CGTTCAAGGAAACGGA-1,3
CGTTCAGACCCGCGAA-1,4
CGTTCATGGTGCGCGT-1,7
CGTTCTTCGCACACCT-1,5
CGTTGAATACCGCGCT-1,4
CGTTGAGCGACCGTCG-1,19
CGTTGAGTAATTGCGT-1,1
CGTTGCCCGCGTGGGA-1,2
CGTTGTAAACGTCAGG-1,13
CGTTGTAAGATTGATT-1,15
CGTTGTCGGCAATTGA-1,4
CGTTGTTTCAATTCCC-1,5
CGTTTAAGCGGAGCAC-1,6
CGTTTACAAGGCAGCT-1,5
CGTTTCACTTCGGGCG-1,1
CGTTTCGCTCATTACA-1,0
CGTTTCGGTTATATGC-1,14
CGTTTGGTGTTGTGGG-1,9
CGTTTGTGTAGAGGGT-1,2
CTAAACGGGTGTAATC-1,10
CTAAAGAATGCCTACT-1,0
CTAAAGGATGAGATAC-1,2
CTAAAGGGAAATAGGA-1,1
CTAAAGTCCGAAGCTA-1,10
CTAAATCCGGTGTACA-1,3
CTAAATCCTATTCCGG-1,18
CTAACAGCACAATAAC-1,3
CTAACCGCGCGCCCGT-1,0
CTAACGAAACTTGCTG-1,12
CTAACTGATAATCGCC-1,0
CTAACTGGTCCGGTTC-1,3
CTAAGGGAATGATTGG-1,16
CTAAGTACAGGGCTAC-1,1
CTAATGCGCCCAACAA-1,10
CTAATTATGAAGCGTA-1,10
CTAATTCGCACGCGCT-1,15
CTAATTCTCAGATATT-1,1
CTAATTTCAACAACAC-1,13
CTACAAGAAATAACCC-1,2
CTACACTAGCTTGTTC-1,10
CTACACTCGCAGATGG-1,0
CTACATATCGCGGGAC-1,2
CTACCCTAAGGTCATA-1,12
CTACGAACTAGGTCGA-1,10
CTACGACTAGCTATAA-1,0
CTACGATCCTATCCTA-1,2
CTACGCACGGAGTACC-1,0
CTACGCCATTTCCGAT-1,9
CTACGTGTTGCCACCA-1,0
CTACTATCATAGGTTT-1,7
CTACTATCTTTCAGAG-1,18
CTACTCAAGGTATAGT-1,2
CTACTCTAGGCCCGGC-1,5
CTACTGCCACCTGACC-1,15
CTAGACATATATGTAG-1,0
CTAGACTGCATTTCGT-1,0
CTAGATAAACTCCTCG-1,0
CTAGATGTGAGTGTAA-1,0
CTAGATTTACGACGGC-1,1
CTAGCAACTAATTTAC-1,0
CTAGCATAGTATAATG-1,1
CTAGCCACAGGCGAGC-1,11
CTAGCCCGGGAGACGA-1,17
CTAGCCGATGTTATGA-1,5
CTAGCTTAATGGTCCC-1,12
CTAGGCGCCCTATCAG-1,19
CTAGGCGGCAGAGAAT-1,5
CTAGGGATAGGGACAA-1,2
CTAGGTCTGAAGGAAT-1,8
CTAGGTTCGGACGTGA-1,4
CTAGTAGAAAGGGATT-1,3
CTAGTATTCGGAATTA-1,1
CTAGTCACGTCTTAAG-1,0
CTAGTGAAGGACAGGA-1,5
CTAGTTACAACCCGGT-1,7
CTAGTTGGGCCCGGTA-1,15
CTATAAGAGCCAATCG-1,1
CTATACTTAAAGCGAG-1,2
CTATAGGCGTTGATGT-1,3
CTATATCCAGCCTGGC-1,3
CTATCACAACGCTGGA-1,3
CTATCGACGAAATACA-1,16
CTATCGCGTAGAGAAC-1,9
CTATCGGGTCTCAACA-1,0
CTATGAACACCTTGCC-1,3
CTATGCCCGAATGCAA-1,2
CTATGGGAAGCGGAAT-1,16
CTATGTCACTAGCCCA-1,0
CTATGTCTATTGAAAC-1,11
CTATGTGAGTCACGGC-1,7
CTATTCATGTGTCCCA-1,16
CTATTGTGTTTGGTCA-1,0
CTATTTGCTTGGAGGA-1,2
CTATTTGGTTACGGAT-1,12
CTCAAACCACTGCCCG-1,3
CTCAACTAACCCGGAT-1,3
CTCAAGACATTAGCGC-1,5
CTCACACGCAAGCCTA-1,9
CTCACATTTACTAAAT-1,4
CTCACCAGTACAAGTG-1,9
CTCACCGATCCAAACT-1,5
CTCACTGTGATACTTA-1,4
CTCACTTGGCTGGTAA-1,0
CTCAGAGCTAATGTCG-1,17
CTCAGATTGTGATAAG-1,7
CTCAGCAGACTGCCGA-1,0
CTCAGGACTCACCTGT-1,13
CTCAGTCACGACAAAT-1,1
CTCATAAATGTGTATA-1,14
CTCATCACTTAGTGAT-1,0
CTCATGGCTCACAATC-1,1
CTCATGGTAATTTGCG-1,4
CTCATTAACGTTGCCC-1,0
CTCATTCGTGAACATC-1,11
CTCATTGCTCTAACAA-1,4
CTCATTTGATGGGCGG-1,16
CTCCCAATGAGTCGCG-1,12
CTCCCTCCTTTCGATC-1,3
CTCCGCCCACATGAGG-1,7
CTCCGGCCTAATATGC-1,6
CTCCGGCTTGTAGACA-1,6
CTCCTAAGTTATGTCT-1,11
CTCCTAGTAATCGTGA-1,2
CTCCTCCAGCTCACAC-1,2
CTCCTGTTCAAGGCAG-1,12
CTCCTTTACGCAAGTC-1,5
CTCGAATGGAACGTAT-1,1
CTCGAGACATACGATA-1,7
CTCGAGATCCAAAGCA-1,11
CTCGAGGCAAGTTTCA-1,2
CTCGAGGTCGAACAGT-1,13
CTCGATATTTGCGAGC-1,0
CTCGCACCTATATAGT-1,15
CTCGCATTGCATAGCC-1,2
CTCGCCGAATGTAGGG-1,4
CTCGCTAGGTAAGCGA-1,2
CTCGGGATAACACCTA-1,1
CTCGGGCATCGTCGGG-1,0
CTCGGGTTCTCTGGCC-1,2
CTCGGTACCACTGCTC-1,8
CTCGGTCCGTAGCCTG-1,6
CTCGGTTGTCGGCCCT-1,3
CTCGTCGAGGGCTCAT-1,4
CTCGTCTGTGCCTTCG-1,2
CTCGTGGCACTGAAAG-1,2
CTCGTTACGGCTACCA-1,3
CTCGTTTCTAATGTTT-1,5
CTCTAACACCGGCAGC-1,17
CTCTAATGCATTGATC-1,5
CTCTACACTGGCGATT-1,7
CTCTACATCCTGCGTG-1,17
CTCTAGCCCTCGGAAA-1,4
CTCTATTTGGCTGCAG-1,0
CTCTCACAATCGATGA-1,1
CTCTCGATGTGCGCCT-1,0
CTCTCGCTGTACTATG-1,11
CTCTCTAACTGCCTAG-1,3
CTCTGCAGGCATTCTT-1,17
CTCTGCGAAGCAAGCA-1,0
CTCTGGACGCCTGGTG-1,1
CTCTGTCCATGCACCA-1,14
CTCTGTGCCTGCTATG-1,10
CTCTGTTTGAGGATTC-1,0
CTCTTCTATTGACTGG-1,8
CTCTTCTGGAAGTTAG-1,2
CTCTTGTCCCGCTTGG-1,4
CTGAAACGGCCCTCAG-1,1
CTGAAAGAGATCCGAC-1,18
CTGAATCCGAGACCTC-1,4
CTGAATTTATTGCCAG-1,5
CTGACATAGAAATAGA-1,12
CTGACTGCGCAGCTCG-1,12
CTGAGAAAGTTCGGCG-1,12
CTGAGAGTAGAAATAC-1,11
CTGAGCAAGTAACAAG-1,6
CTGAGCGAGACTTATT-1,1
CTGATAGTGTATCTCA-1,5
CTGATCCCTTTATGCA-1,3
CTGCAAATGGGCTCCA-1,0
CTGCAAGCACGTTCCG-1,0
CTGCACAACTACATAT-1,16
CTGCACCTAGTCCACA-1,1
CTGCACCTGGAACCGC-1,6
CTGCACTCCAGTACAG-1,16
CTGCAGAGAATCAGAG-1,4
CTGCAGGGTGACGCTC-1,14
CTGCAGGTGCTCGGCC-1,10
CTGCCAAGGTTGGAAG-1,1
CTGCCATGCATCACAT-1,9
CTGCCCACGAAGCGTT-1,9
CTGCCTAGCCACCAAG-1,9
CTGCCTCATATGCAAC-1,0
CTGCCTTTAATACCTT-1,17
CTGCCTTTCTAGTAAA-1,4
CTGCGACCTCGCCGAA-1,2
CTGCGATTTCGAGATT-1,17
CTGCGGGTGAAATGTT-1,5
CTGCGGTAGTCACGTG-1,1
CTGCGTTACGATATAA-1,1
CTGCTCTCAACACACC-1,14
CTGCTCTGACGGCAAA-1,2
CTGCTGAGGCCACGAA-1,7
CTGCTGTCTAACGAGC-1,12
CTGCTTGGCGATAGCT-1,0
CTGCTTTATGTCCGCG-1,5
CTGGAAATGGATGCTT-1,13
CTGGAAGACACGGTGG-1,19
CTGGACGCAGTCCGGC-1,7
CTGGATTTACACTTGA-1,16
CTGGCATCCGAATGAG-1,3
CTGGCGACATAAGTCC-1,0
CTGGCGATTTACATGT-1,14
CTGGCGCACAGGTCTG-1,8
CTGGCGGGAATAAGTA-1,13
CTGGCTCCTGCGGGAT-1,0
CTGGCTGATTCATCCT-1,8
CTGGCTGCTAACGTAA-1,11
CTGGCTGGTTGTCAGT-1,4
CTGGGATAAATAATGG-1,8
CTGGGATACGCTACCC-1,8
CTGGGATCGCCCAGAT-1,1
CTGGGCACTAGTCGGA-1,1
CTGGGCCTGCTATATC-1,7
CTGGGCGGCCAAATGT-1,5
CTGGGCTACTGGAGAG-1,14
CTGGGCTATCCTTTGG-1,1
CTGGGTAGGCAGTTAA-1,19
CTGGGTTGAGTTAAAG-1,7
CTGGTAAAGACTTACA-1,3
CTGGTAAAGTGTGGGC-1,0
CTGGTAACACATAGAA-1,8
CTGGTAACGAGCTCTT-1,12
CTGGTCATTCCAATCC-1,15
CTGGTCCTAACTTGGC-1,0
CTGGTGAATGGGCCTA-1,2
CTGGTTCAACGCATCA-1,11
CTGGTTCGCGAGCTAC-1,0
CTGGTTTCGAGCAAGA-1,8
CTGTACTTCTTAGCAT-1,0
CTGTAGCCATCTCACT-1,2
CTGTAGTGAGGATCGA-1,2
CTGTATGGTGTAGAAA-1,6
CTGTCAAATGGCTCGG-1,18
CTGTCACGCCAGGCGC-1,1
CTGTCTGTGGCTGGCT-1,10
CTGTGCAGGGTAGGTC-1,1
CTGTGGTCGGGAGATA-1,16
CTGTTACCCAATCTAG-1,16
CTGTTCACTGCCTGTG-1,6
CTGTTCATCTCACGGG-1,6
CTGTTGGCTCTTCTGA-1,6
CTGTTGTTCAGTCGTA-1,2
CTTAAATAAGACCCAT-1,5
CTTAACTTACAGTATA-1,4
CTTAACTTCGAAGTAC-1,1
CTTAAGCAGCGAGCCG-1,7
CTTAATCGACTTAGTA-1,2
CTTACACGGTATTCCA-1,11
CTTACACTGGGAAATA-1,6
CTTACATAGATTTCTT-1,2
CTTACTGACTCCTCTG-1,7
CTTAGATGTTTCATCC-1,2
CTTAGCCCGGATAGTG-1,5
CTTAGCCTTCCACATG-1,1
CTTAGGTATAGACCAG-1,3
CTTAGGTCCCAATCGT-1,9
CTTAGTAGGCCTACAG-1,12
CTTAGTGTAGTAGCAT-1,4
CTTAGTTGAGGAATCG-1,2
CTTATAGATGGCTGTT-1,9
CTTATGCGCTCAGGGC-1,7
CTTATGTTGACTACCA-1,6
CTTCAACTCCACTTGG-1,3
CTTCACGCCCTGGTAC-1,2
CTTCAGTGGTCGCCTA-1,3
CTTCAGTTGGACAACG-1,14
CTTCATAGCTCAAGAA-1,6
CTTCATCACCAGGGCT-1,14
CTTCATTGTCAGTGGA-1,0
CTTCCGCTCCGTGAAG-1,4
CTTCCTGCATATTTAC-1,1
CTTCGATTGCGCAAGC-1,3
CTTCGGCCAATTGTTT-1,8
CTTCGTAGATAGGTGA-1,7
CTTCGTGCCCGCATCG-1,10
CTTCTATGTTGAAGTA-1,7
CTTCTATTAATGCTAG-1,4
CTTCTGGGCGTACCTA-1,3
CTTCTTACGTCGTATA-1,6
CTTGACCCGAAAGATA-1,1
CTTGAGGTTATCCCGA-1,6
CTTGAGTTAGGGTAAT-1,8
CTTGATGACCATCCAG-1,4
CTTGCAACCGCCTCCT-1,4
CTTGCCCACCCACGCA-1,3
CTTGCCCAGGCTCTAC-1,0
CTTGGCCAAGCTGGGA-1,4
CTTGTACTTGTTGACT-1,6
CTTGTCAACATTCGAG-1,0
CTTGTCGTACGTGTCA-1,10
CTTGTGAGGACAGCGG-1,10
CTTGTGAGTCTTTGAC-1,6
CTTGTGCTCACCGATT-1,15
CTTGTTGCTGAGTCAA-1,12
CTTGTTTATGTAGCCA-1,13
CTTTAACTTTCAAAGG-1,18
CTTTAATATTGGTCGA-1,0
CTTTACCGAATAGTAG-1,19
CTTTAGGAACACTGTT-1,8
CTTTAGTGCTATTATT-1,1
CTTTATCCGACGCATG-1,17
CTTTCTGTGCGGGCTT-1,4
CTTTGAAACATATTCC-1,1
CTTTGACGTCGCTTCT-1,7
CTTTGCATCGCTCTTG-1,4
CTTTGCTGTCATGGAT-1,12
CTTTGGCAGACAGAGT-1,5
CTTTGGCGCTTTATAC-1,5
CTTTGGCTTTAGTAAA-1,5
CTTTGGGATTGTTGCA-1,2
CTTTGTCGAATGCTCC-1,4
GAAACAGATGACCACC-1,8
GAAACAGCCATGCAGT-1,6
GAAACATAGGAAACAG-1,3
GAAACCATGGTGCGCT-1,15
GAAACCGAATTACCTT-1,7
GAAACCTATACAAATG-1,2
GAAACTCGTGCGATGC-1,5
GAAACTCTAATGAAGG-1,0
GAAAGAACAGCGTTAT-1,8
GAAAGCAGTGCACTTT-1,4
GAAAGCCCTTTGGACC-1,15
GAAAGTGACTAACTGC-1,5
GAAATACCTGCTGGCT-1,9
GAAATACTAAACGTTT-1,13
GAAATATCACCATCAG-1,5
GAAATATGCTTGAATG-1,5
GAAATCGCGCGCAACT-1,18
GAAATCTGACCAAGTT-1,11
GAAATGGCGGTGTTAG-1,6
GAAATGGGATGTAAAC-1,6
GAAATTAGCACGGATA-1,0
GAAATTCACATCGCTG-1,6
GAAATTGTCTCTATAA-1,1
GAACAACTGGGATGAA-1,3
GAACACACATCAACCA-1,6
GAACAGATTACTAAAT-1,4
GAACATTAGTATGTTA-1,10
GAACCATCTGGGAGAC-1,11
GAACCCTCTGTGTTCT-1,4
GAACCTCGACCTACAC-1,3
GAACCTTTAACGATCC-1,3
GAACGACCGAATGATA-1,11
GAACGATAAGTTAAAG-1,5
GAACGCGGGTCACACG-1,8
GAACGGTGTAAAGCAG-1,1
GAACGTCTCATGGTCG-1,12
GAACGTTAGGAAGACG-1,5
GAACGTTTGTATCCAC-1,14
GAACTGTGGAGAGACA-1,2
GAACTTAGCGCCCGGT-1,1
GAACTTGTGCACGGGA-1,9
GAAGAAACGATATTGT-1,2
GAAGAACGGTGCAGGT-1,6
GAAGACTTCAATGCCG-1,0
GAAGCAAGGCAATGTT-1,11
GAAGCCACTGATTATG-1,4
GAAGCCGGGTAAGCTC-1,11
GAAGCCTGCACATTCC-1,4
GAAGCGTGAGGAATTT-1,0
GAAGCTCGGACCCGTC-1,7
GAAGCTCTTTGCTTAG-1,5
GAAGCTTGCTGACCGC-1,5
GAAGGACTAAATTGAA-1,11
GAAGGAGTCGAGTGCG-1,4
GAAGGCTACCATTGTT-1,5
GAAGGGCATAACCATG-1,10
GAAGGGTCATTAAGAC-1,2
GAAGTCAGTTGCACTA-1,4
GAAGTCTCCCTAGCGA-1,8
GAAGTGATTTATCGTG-1,0
GAAGTGCTGGATAGCT-1,6
GAAGTTTCCACTCAAT-1,1
GAATAGACGCGACCCA-1,8
GAATAGCATTTAGGGT-1,8
GAATAGCCCTGCGGTC-1,5
GAATAGTGCTCGATTA-1,3
GAATATTCGGAGTCCC-1,9
GAATCGACATGGTCAC-1,13
GAATCGCCGGACACGG-1,6
GAATCTATACTCGGAC-1,5
GAATCTGAACATTCTC-1,0
GAATGAAGGTCTTCAG-1,9
GAATGCCGAAATGACC-1,13
GAATGCGAATCGGTTC-1,4
GAATGGGCTTATCGAC-1,0
GAATGTATGGCAGGTC-1,0
GAATGTGGTCCGGATT-1,8
GAATGTTGGGTAATCT-1,15
GAATTATAGTGAAAGG-1,0
GAATTCACCCGGGTGT-1,16
GAATTTCTCGCTGCAG-1,5
GACAAACATATGCAGG-1,8
GACAACGACCATTGAA-1,0
GACAACGCAGCTTACG-1,6
GACAAGACGCCCGTGC-1,4
GACAAGAGATGAGATT-1,12
GACACAAGGGAAGAAA-1,18
GACACAGCCGGGACTG-1,2
GACACCCAAAGACGCG-1,17
GACACGAGTTAGAGGA-1,13
GACACTGAGTTCAGTG-1,7
GACACTGGAACCCGAT-1,12
GACACTTCCAATTACC-1,3
GACAGAGGTCTTCAGT-1,2
GACAGATTTCTGGCTC-1,7
GACAGCCAGACCTGAC-1,8
GACAGGCACACACTAT-1,0
GACAGGTAATCCGTGT-1,14
GACATACTGTCGCAGA-1,6
GACATCCGTCGAACTG-1,4
GACATCGATTTATAAC-1,4
GACATTTCGCCCAGCC-1,2
GACCAAACGTTGACTG-1,0
GACCACACTTCCCTTT-1,4
GACCAGAGCCCTGTAG-1,6
GACCAGGTCATTCATA-1,5
GACCCAATTATGATAC-1,3
GACCCGTCGCCGGCTA-1,1
GACCGACCGCTAATAT-1,11
GACCGACGTGAAAGCA-1,8
GACCGACTGAAGCGTC-1,15
GACCGATTAAATATGT-1,2
GACCGCGTCTGACGTG-1,12
GACCGTCAGGTCGTGA-1,9
GACCGTGCTGACGGTG-1,7
GACCGTTACATGCGAC-1,9
GACCTGGTCTGGGCGT-1,10
GACCTTCCACGTCTAC-1,2
GACGACGATCCGCGTT-1,0
GACGACTTTCCAAGAA-1,11
GACGAGGCTAATAAAC-1,16
GACGATATCACTGGGT-1,2
GACGCATACCCGTCGG-1,4
GACGCCGTAAAGGCTA-1,4
GACGCCTGTTGCAGGG-1,1
GACGCTTGCTTCTAAA-1,0
GACGGACCGCGTTCCT-1,0
GACGGGATGTCTTATG-1,10
GACGGGCATCGAATTT-1,14
GACGGGTTGGCCCGTA-1,2
GACGGTCAATAGAAGC-1,12
GACGGTCCTAGGGTGT-1,0
GACGTGAGACTCCATG-1,11
GACGTGTAGGGATTAT-1,14
GACGTTCGTAAATACA-1,5
GACGTTGCTCGGCGGC-1,3
GACTAACACAGCACCT-1,9
GACTAAGATCATGCAC-1,6
GACTAAGTAGGCTCAC-1,13
GACTACAAAGCGGTGG-1,3
GACTACAATTGCTCGT-1,9
GACTAGGCCGTTAGGT-1,2
GACTCACCCACGTGAG-1,8
GACTCCCAGAATAAGG-1,15
GACTCCTTCCAATTGA-1,3
GACTCGCGGGAATGAC-1,18
GACTCGGTCGGCGGAT-1,0
GACTCTAGAGTTCCAA-1,2
GACTGATTGGTCACAA-1,1
GACTGCAAATCGAGCT-1,4
GACTGCACCAGCCCAG-1,19
GACTGCGGCACGTGTA-1,5
GACTGCTGGTGAGAAA-1,2
GACTGGGCGCCGCAAC-1,1
GACTTCAACGCATCAA-1,14
GACTTTCGAGCGGTTC-1,17
GAGAAACTGGATCCCA-1,0
GAGAACGGTTCTGACT-1,4
GAGAATCTCACGATCA-1,9
GAGACCCTGCAACGCC-1,5
GAGACTGATGGGTAGA-1,13
GAGACTTCGCGACCGA-1,4
GAGAGCGCAGTCCCTG-1,1
GAGAGGCCTATGTGTA-1,7
GAGAGGGCGCGAGGTT-1,0
GAGAGGTGCATTCTGG-1,7
GAGAGTCTCGGGAGAG-1,3
GAGATCGATCTTACTC-1,2
GAGATCTGCTTGGCAT-1,0
GAGATCTGTCACTCCG-1,15
GAGATCTTCCATGACA-1,19
GAGATGACAATCCTTA-1,5
GAGATGGCTTTAATCA-1,12
GAGATGGGAGTCGACA-1,0
GAGCACCTGTGTCCAG-1,4
GAGCACGGCGCCTCTT-1,12
GAGCATCAACAACTTG-1,17
GAGCATCATCCCTGGG-1,6
GAGCCACGGTAGTAGG-1,0
GAGCCAGCTACCTGTG-1,16
GAGCCGAGCGTTTATT-1,5
GAGCGAGGGAGTACCG-1,6
GAGCGCAAATACTCCG-1,8
GAGCGCGCACGAGTAG-1,8
GAGCGCTATGTCAGGC-1,11
GAGCGCTGTTAGGTAA-1,2
GAGCGGAATGCGGTGT-1,2
GAGCTAAGGGCATATC-1,15
GAGCTCAACATGAGCG-1,4
GAGCTCTCGGACCTAA-1,6
GAGCTGTCGTCTCGGA-1,5
GAGGAATATCTCTTTG-1,2
GAGGAATGGAGAGGTT-1,5
GAGGAGATCCTCATGC-1,5
GAGGAGTAATTCCTAC-1,10
GAGGATAAACAGTGCT-1,8
GAGGCATTTGCAGCAG-1,9
GAGGCCCGACTCCGCA-1,7
GAGGCCTGTTGATACA-1,4
GAGGCTATCAAAGTCG-1,5
GAGGGAGTCAGATCGC-1,2
GAGGGCATCGCGTATC-1,11
GAGGGCCATAATATTA-1,9
GAGGGCCGGCAGAGTC-1,10
GAGGGCGCAGCTCTGC-1,18
GAGGGTAGTAACAAAG-1,17
GAGGTACATCCATCTT-1,1
GAGGTACGCGTGTCCC-1,2
GAGGTCCCAAAGATCT-1,13
GAGGTCCGTTCGCTGT-1,17
GAGGTCTTAGTGGGTC-1,0
GAGTAAACCGGAAAGT-1,12
GAGTAAATTAAGAACC-1,4
GAGTAAGGCCACGGGA-1,7
GAGTACGGGTATACAA-1,6
GAGTAGATACTAGTTG-1,4
GAGTATACCCTAATCA-1,3
GAGTATCAAAGTTACA-1,9
GAGTATGCCCGCCTTG-1,4
GAGTATGCGCGTGCAT-1,4
GAGTCAGACCAGAATC-1,3
GAGTCCACCAGGTTTA-1,14
GAGTCCGCTTACCGGA-1,0
GAGTCGACAGACCCTC-1,9
GAGTCTTGTAAAGGAC-1,7
GAGTGCACGGACAACA-1,9
GAGTGTCAACCAGAAA-1,3
GAGTGTGCGGTACCCA-1,8
GAGTTCTGTGGGTGCT-1,7
GAGTTGATGGCAATTT-1,3
GAGTTGTCACCAGTCT-1,4
GATAAATCGGTGGATG-1,6
GATAACTCGCACTGTG-1,8
GATAAGGCAGATGCAA-1,1
GATAAGGGACGATTAG-1,10
GATACCGTGTCGGAGT-1,12
GATACGATGGGAGTCA-1,7
GATAGAACCCGCTAGG-1,2
GATAGATAGTACAGTC-1,14
GATAGCGTACCACGCG-1,5
GATAGGATTAATTACA-1,8
GATAGGTAACGTTGAC-1,4
GATAGGTGTCCCGGGC-1,12
GATAGTGCGAGTAAGT-1,2
GATATCAAGCAGGAGC-1,14
GATATCAGTATGTATC-1,5
GATATCTCATGCAATA-1,6
GATATGAGACACTAAC-1,8
GATATGCGGTAGCCAA-1,1
GATATGGATTACGCGG-1,6
GATATTGAGATTGGCG-1,8
GATATTTCCTACATGG-1,1
GATCAACATAAAGGGA-1,3
GATCATTCCAAACATT-1,13
GATCCCTTTATACTGC-1,13
GATCCGAATATAAGTG-1,1
GATCCGGGAATTAACA-1,1
GATCCTAAATCGGGAC-1,1
GATCCTCGACACTGGC-1,3
GATCCTCTTGCGCTTA-1,8
GATCGACACTATCTGA-1,6
GATCGCGGGCTCTCCA-1,0
GATCGCTACCCGATTT-1,8
GATCGCTATATCTCAG-1,2
GATCGCTGTGGTGCGT-1,2
GATCGGATAGAACCAT-1,0
GATCGGCGATAAGTCG-1,13
GATCGGTGGCCATAAC-1,15
GATCGTGACTGATATC-1,1
GATCTAACCGTATTCA-1,7
GATCTCGACGCTGTGG-1,12
GATCTGCTATCTAAGG-1,4
GATCTTCATTGTCCTC-1,6
GATCTTGGAGGGCATA-1,0
GATCTTTGCAGGGTAT-1,0
GATCTTTGCTCAAAGA-1,10
GATGACAAGTAGGGCA-1,3
GATGACGATGATCGCG-1,9
GATGAGGAACCTTCGG-1,2
GATGATTTGAAACTGG-1,0
GATGCCACACTACAGC-1,11
GATGCCAGCAGAAGGC-1,15
GATGCCTTCTGCGGCA-1,3
GATGCGAATGGTATTA-1,5
GATGCGTCCTGCATTC-1,0
GATGCTACAAGCGCCT-1,6
GATGCTACCTTCGATG-1,2
GATGCTGTATTTCATC-1,19
GATGGCGCACACATTA-1,13
GATGGTGAAATAACCC-1,1
GATGGTGCCCTAGGCA-1,10
GATGTAACGAACCACC-1,3
GATGTCCGGATCACAT-1,9
GATGTCGGTCAACTGC-1,0
GATGTGTTGTCACAAG-1,10
GATGTTCAATCCACGA-1,7
GATGTTTGTGCGAGAT-1,6
GATTAACCGAAAGCCC-1,16
GATTAATCCTGGCTCA-1,10
GATTACTGAATTTGGG-1,7
GATTAGAAACAAGCGT-1,2
GATTATCTTGCATTAT-1,14
GATTCCCTTGTCGCAG-1,15
GATTCCGCGTTTCCGT-1,1
GATTCCTATACGGCGC-1,11
GATTCGACGGTTCACG-1,1
GATTCTGTTAATGAGT-1,2
GATTGACACTCTGCTC-1,0
GATTGCTCCAGTTGCA-1,2
GATTGGGAAAGGTTGT-1,3
GATTTAGTGCGTACTG-1,9
GATTTGCGCTAACACC-1,4
GCAAACCCTACATTAT-1,16
GCAAACCTTGGCCATA-1,4
GCAAACGTAAGCGACC-1,3
GCAAACGTCGCCAGGT-1,8
GCAAAGGGCGTTAGCC-1,2
GCAAATATTACGCTTT-1,1
GCAAATGAGGACACTT-1,3
GCAACACACTAGAACT-1,7
GCAACAGCAGTATGCG-1,8
GCAACCACCAGACCGG-1,0
GCAACCACGGCCGCGT-1,7
GCAACCCAAGTTGTTT-1,9
GCAACGGCTAGTTATG-1,8
GCAAGAATTCCTTGGC-1,7
GCAAGATGTGTTCGCG-1,5
GCAAGCTGGAAACCGC-1,14
GCAAGTGCACAGAGAA-1,13
GCAAGTGTAAAGCATG-1,2
GCAATTAGTCGCACCG-1,1
GCACAAACCCTAGATG-1,2
GCACAAACGAGGCGTG-1,8
GCACAACCTCGGGCGT-1,2
GCACAAGTGGATCATA-1,6
GCACAAGTGTCGGAAG-1,0
GCACACACTGGTAGCC-1,16
GCACACAGCTATTACC-1,17
GCACACGCCCATGGTC-1,9
GCACAGCACGGGCCGA-1,2
GCACCTAGGCGAGTCC-1,14
GCACCTTCCCGAAGGT-1,4
GCACGCCGATTCCCGC-1,2
GCACGCCTACTTAGAT-1,3
GCACGTGGTTTACTTA-1,4
GCACTAGTCGCGCTAT-1,6
GCACTCCCACAGTCCC-1,11
GCACTGCCTACCTTTA-1,3
GCACTGTGCAAATGTA-1,6
GCAGAAACGTAATCCA-1,10
GCAGAAGGTAATCTCC-1,12
GCAGACCCAGCACGTA-1,8
GCAGATCCATAAGACT-1,19
GCAGATCCTCGCAAAT-1,15
GCAGATTAGGGATATC-1,9
GCAGCACACAGCCCAG-1,0
GCAGCCTATATCACAT-1,12
GCAGCGGTGGGCATTA-1,11
GCAGCTATGGACAGGT-1,5
GCAGCTGTCAACGCAT-1,3
GCAGGAACTTAGATCT-1,3
GCAGGACTATAGAATA-1,0
GCAGGTAGAGTATGGT-1,0
GCAGTGCGGGCGGATG-1,9
GCAGTGTGGCTATAGG-1,3
GCAGTTCGATCCGAGC-1,12
GCATAAATTGAACGCC-1,10
GCATACGAGGTCTTTA-1,0
GCATAGAGCACTCAGG-1,9
GCATCCCTAACTTTGA-1,6
GCATCCTCTCCTATTA-1,0
GCATCGGCCGTGTAGG-1,1
GCATGACACAAAGGAA-1,14
GCATGAGGGACGCGGC-1,12
GCATGCTAATAACGAT-1,3
GCATGGGTACTGACGC-1,7
GCATTCAAGGCAACGC-1,1
GCATTCGAAATGAACA-1,5
GCATTGACTTGCGGAA-1,7
GCATTGTAATTCATAT-1,0
GCATTTCCAAGGCTCC-1,1
GCCAACCATTTCCGGA-1,15
GCCAAGAATACTTCTG-1,7
GCCAATAGGGCATCTC-1,15
GCCACAATTTAAGGAC-1,7
GCCACCCATTCCACTT-1,10
GCCACTCAGAGCGCGA-1,4
GCCACTCCTTACGGTA-1,12
GCCAGGAAAGAACACT-1,2
GCCAGGAGTAACCGAT-1,1
GCCAGGCGTTCGCATG-1,9
GCCAGGCTTAGTGGTA-1,10
GCCATATTGCACACAG-1,1
GCCATCGAGCTGCGTG-1,4
GCCATCGATGCTGCAT-1,1
GCCATTAGCCTCAAAC-1,4
GCCCACCAAGGCTGTC-1,6
GCCCACTGGTCCACAA-1,10
GCCCAGATGCTGGAGA-1,1
GCCCAGTTGGTATGCC-1,6
GCCCATGGGTGCAATG-1,1
GCCCGACTTCTTCCCG-1,3
GCCCGAGAGTCTAAAT-1,4
GCCCGATCTGTGGTCG-1,4
GCCCGATGCCCAGTTC-1,2
GCCCGCGCGTAAACGG-1,7
GCCCGCGCGTTTGACA-1,6
GCCCGTAATACCTTCT-1,18
GCCCGTCAAGCCCAAT-1,14
GCCCGTTCACACAATT-1,17
GCCCTAAGTGCAGGAT-1,17
GCCCTAGCCGTCGCGA-1,3
GCCCTGAGGATGGGCT-1,17
GCCGAAATTCCTACGT-1,1
GCCGACCCACGACTGC-1,2
GCCGATTGGCCAAGCT-1,10
GCCGCACTCCGTTTCA-1,12
GCCGCATTAGTCCGGC-1,0
GCCGCTAGATACGCAG-1,0
GCCGCTTGTGAGAAAC-1,1
GCCGGAAACACATCTT-1,11
GCCGGGTTAGGGTCGC-1,11
GCCGGTCGTATCTCTC-1,2
GCCGGTTTGGGCGGAT-1,1
GCCGTCGGTTTCGGGC-1,2
GCCGTGGAAGAAATGT-1,8
GCCTACGTTCTGTGCA-1,2
GCCTAGCGATCTGACC-1,13
GCCTATAGTGTCAGGG-1,18
GCCTATCAGGTAAGAT-1,9
GCCTATGCTGGGCCTT-1,9
GCCTATTCCGATATAG-1,11
GCCTATTTGCTACACA-1,0
GCCTCATCTGGAAATA-1,8
GCCTCCGACAATTCAC-1,4
GCCTCTATACATAGCA-1,16
GCCTGCTACACTGAGA-1,0
GCCTGTCCCGGTGCAT-1,2
GCCTTCAGCCCTACCG-1,6
GCCTTGTATATGCAGT-1,13
GCCTTTGTCAGTGGAC-1,4
GCGAAACGATCGGGAG-1,16
GCGAAACTTAACTGGA-1,19
GCGAAGAATCTGACGG-1,3
GCGAAGCCATACCCGT-1,1
GCGAATGGACTAGCGA-1,2
GCGACATGTAAACATC-1,8
GCGACCCAACCATCTG-1,2
GCGACGATAGTTGTAC-1,16
GCGACGGTAGTCTCCT-1,3
GCGAGAAACGGGAGTT-1,6
GCGAGAGGCCATGTAA-1,5
GCGAGAGTTGCGTCCA-1,12
GCGAGCGCATGCTCCC-1,8
GCGAGGCCCGAGCAGA-1,0
GCGAGGGACTGCTAGA-1,11
GCGAGTTCTGCAAAGA-1,1
GCGATGTCTGTGCTTG-1,11
GCGATTCTGGAAGCAG-1,0
GCGATTGTTAACGTTA-1,12
GCGCAAATATATTCAA-1,2
GCGCAAGAGCGCGCTG-1,8
GCGCATCCAGTCAGCA-1,18
GCGCCGTTCCACGATA-1,1
GCGCCTCCCACTCCGA-1,8
GCGCGATGGGTCAAGT-1,10
GCGCGGTCTAGTAACT-1,2
GCGCGTCATTGGTACA-1,4
GCGCGTTTAAATCGTA-1,11
GCGCTAAGTATGCATG-1,0
GCGCTAATTGAATAGA-1,0
GCGCTATGCCGAGGCA-1,7
GCGCTCGATCACCTGT-1,12
GCGCTGATCCAGACTC-1,1
GCGCTGCTTTGCATTT-1,18
GCGCTGGCGGAAAGTC-1,10
GCGCTTAAATAATTGG-1,4
GCGGACCGCGTTGTGG-1,3
GCGGAGAAACTTCGCA-1,2
GCGGAGAGGGAGAACG-1,19
GCGGATTACTTGTTCT-1,14
GCGGCAAAGTATTGCC-1,2
GCGGCTCTGACGTACC-1,0
GCGGCTTTAGCAAGTT-1,4
GCGGGAACCAGGCCCT-1,6
GCGGGCAGACGGGTGA-1,3
GCGGGCATTACGATGC-1,0
GCGGGCGAGCCTTACC-1,4
GCGGTAACCCAAATGA-1,0
GCGGTCCCGGTGAAGG-1,9
GCGGTCCCTAGACGCA-1,6
GCGGTCTTGCTTTCAC-1,2
GCGGTGAACTGCGCTC-1,1
GCGGTGCGGAGCATCG-1,6
GCGGTTCCCTATCATG-1,4
GCGTAAATGGCCATAA-1,0
GCGTCCAGCTCGTGGC-1,10
GCGTCCCTAAGACATA-1,2
GCGTCGAAATGTCGGT-1,1
GCGTCGCCAGGGTGAT-1,4
GCGTCGTAACATGGTC-1,14
GCGTCTAACCTCCTAA-1,0
GCGTCTCTGCATTGGG-1,7
GCGTGGTACTGGGTTA-1,12
GCGTGTATGTCGTATT-1,1
GCGTTATATTTGGAAC-1,5
GCGTTCGGAGACCGGG-1,5
GCGTTCTGACTAAGCG-1,9
GCTAAACCTGAGGTGA-1,15
GCTAACTGAAGTCTGA-1,3
GCTAAGCCCAGTATGC-1,14
GCTAAGTAAAGGCGAT-1,11
GCTAAGTAGTTTCTCT-1,1
GCTAATACCGAATGCC-1,6
GCTACAATCGAGGATA-1,4
GCTACACTGTCCGAAC-1,10
GCTACAGTACGGACCG-1,0
GCTACGACTTATTGGG-1,1
GCTACTATAGTAGAGT-1,19
GCTAGACCGTCTACTG-1,8
GCTAGAGTAGAGATGT-1,16
GCTAGCAACGCACCTA-1,14
GCTAGCACCTGGGCCA-1,12
GCTAGCAGGGAGTGGG-1,11
GCTAGCGATAGGTCTT-1,17
GCTAGCTTGAATAGCT-1,3
GCTAGGCACCACGGAG-1,0
GCTAGTAGAGCTTGTA-1,9
GCTAGTTTCATTGAGG-1,6
GCTATAAGGGCCAGGA-1,14
GCTATACGTCTCGGAC-1,19
GCTATCATACTCATGG-1,0
GCTATCGCGGCGCAAC-1,13
GCTATGCCAGCTTATG-1,7
GCTCAACCTCTTAGAG-1,6
GCTCAATCCGTTTATT-1,3
GCTCAATGTAATACCG-1,4
GCTCATTACTGCATGT-1,0
GCTCATTGATCATATC-1,2
GCTCCATGAGTGCAGA-1,9
GCTCCATGCAAAGCAA-1,2
GCTCCCAGTCGGTCCA-1,8
GCTCCGCTCGCTTCAG-1,8
GCTCCGGACGTTGATA-1,1
GCTCCTGACATACTGG-1,2
GCTCGCGGTTCCGCTC-1,15
GCTCGCTCATGTCCAA-1,8
GCTCGGAATTTAAAGC-1,1
GCTCTAAACCCTGACG-1,11
GCTCTATGTTACGTGC-1,13
GCTCTCGGGTACCGAA-1,11
GCTCTTTCCGCTAGTG-1,4
GCTGAACTCTCCAGGG-1,12
GCTGAAGGGTTCTTGG-1,2
GCTGAATCTTCCAATC-1,3
GCTGAGCAACGGTTCT-1,6
GCTGAGGCGTGAGTAT-1,9
GCTGCACGGTTTCTTA-1,1
GCTGCGAAGAATTATT-1,2
GCTGCGCCTCCCACGT-1,11
GCTGCTAAGTAGTCGA-1,4
GCTGCTACTGCGTAGC-1,0
GCTGCTCTCCGGACAC-1,0
GCTGGACCCAAAGTGG-1,5
GCTGGCAGGTGCCGTG-1,6
GCTGGCATATTCACCT-1,5
GCTGGCGGCGCATGCT-1,4
GCTGGGAGCGCGTCAA-1,2
GCTGGGTCCGCTGTTA-1,11
GCTGGTGACTCGTAGT-1,5
GCTGGTTTAGGCCATA-1,3
GCTGTATTACTGGCCC-1,7
GCTGTCTGTGATCGAC-1,0
GCTGTTGCTACCGAAC-1,8
GCTTAATGTAACTAAC-1,8
GCTTACGTAGTTAGTA-1,12
GCTTAGGGAAGCGGTA-1,9
GCTTATGAAGCAGGAA-1,12
GCTTCAGTGGGATTAC-1,0
GCTTCCAGCTTAGATT-1,5
GCTTCCATGTAACCGC-1,14
GCTTCCCGTAAGCTCC-1,14
GCTTCCGTCCCTAGAC-1,18
GCTTCGACGTTCAATC-1,2
GCTTGAGTGACCTCTG-1,14
GCTTGATGATAATCAG-1,6
GCTTGCAGCACAATTG-1,9
GCTTGGATCGATTAGG-1,12
GCTTTACACAACTGGG-1,3
GCTTTATTAAGTTACC-1,2
GCTTTCAGAGGAGGTG-1,12
GCTTTCTATCTCAACT-1,1
GGAAACAGAGCTTGGG-1,2
GGAAACCTTGTTGAAT-1,5
GGAAACTAAATGGGCC-1,0
GGAAAGGGAATTGAGC-1,3
GGAAAGTCTTGATTGT-1,2
GGAAAGTGCCCATGCC-1,1
GGAACCCGAACAAGAA-1,15
GGAACCGTGTAAATTG-1,4
GGAACCTTGACTCTGC-1,3
GGAACGGCCTGCAGCC-1,5
GGAACTCGTGAATACG-1,17
GGAACTTTGGCGATTA-1,0
GGAAGATAAGACTGTA-1,10
GGAAGCTCGCTTACAG-1,9
GGAAGGACACCGTATA-1,2
GGAATAACCTCAAGAA-1,1
GGAATGCGCTAGCGTG-1,12
GGACAACCATGAAGCC-1,3
GGACAAGCCATGATCG-1,2
GGACAAGTTGCAGTGA-1,9
GGACACAAGTTTACAC-1,8
GGACACCTCGGTGTTG-1,2
GGACCAACAGGATAAC-1,0
GGACCTACGGTAACGT-1,5
GGACCTCTAGGCCGCC-1,2
GGACGGCTTGCGCAAC-1,1
GGACGGGCGACCAACC-1,4
GGACGTCCATAGTTGG-1,5
GGACTAAGTCAGGAGT-1,11
GGACTCACAAATTAGG-1,12
GGACTCGAAGCTTTCA-1,9
GGACTCGACAGCGCAT-1,3
GGACTCGTGAGTGGTC-1,3
GGACTCTTCCGGTTGA-1,9
GGACTCTTTGACTAAG-1,2
GGAGAAGTCATTGGCA-1,13
GGAGACATTCACGGGC-1,10
GGAGACCAATGTGCTT-1,5
GGAGACCATCTACATA-1,7
GGAGACGACACCTTTG-1,1
GGAGCAACATTTCAAG-1,0
GGAGCACCAAGAACTA-1,18
GGAGCGAGGCCTACTT-1,3
GGAGGAGTGTGTTTAT-1,10
GGAGGATTGAAAGGAG-1,9
GGAGGCCGAAGTCGTC-1,12
GGAGGCGAAGAACCGC-1,1
GGAGGGCTTGGTTGGC-1,1
GGAGGGTCAAGTAAGA-1,0
GGAGTACACATGAGCT-1,5
GGAGTGCCGCCCTGGA-1,6
GGAGTTGATTCTGTGT-1,3
GGATACTCATGAATTG-1,0
GGATCAAAGGACGAGG-1,11
GGATCAGAGCCATCAG-1,7
GGATCATCCCGTACGC-1,5
GGATCCCTACCAGCTA-1,5
GGATCCGGAATATACT-1,12
GGATCTACCGTTCGTC-1,17
GGATCTTACTGCCCTT-1,3
GGATCTTGACTCAACC-1,7
GGATGAAGATCGCTGA-1,8
GGATGACGCGAGTTTA-1,0
GGATGCTGGCGTTCCT-1,0
GGATGGCTTGAAGTAT-1,3
GGATGTCCTTACCGCA-1,12
GGATTAAGCTAAGGTC-1,9
GGATTAATCATGGACC-1,2
GGATTCAGTACGGTGG-1,6
GGATTCCGCTATACCC-1,0
GGATTGAAGTAGCCTC-1,14
GGATTGCTGTGACTCC-1,3
GGATTTCACTTCTATA-1,12
GGCAAAGGCGCCAATA-1,2
GGCAAATTACTTTACT-1,0
GGCAAGCCAGGGATAG-1,9
GGCAAGCCCATAGTGG-1,3
GGCAAGGCGAAATAGC-1,0
GGCAATAGTCAATGAG-1,15
GGCACGCTGCTACAGT-1,14
GGCACTCAGCCGACCC-1,9
GGCACTCCACTGGGCA-1,11
GGCACTGCGGTGGTTT-1,3
GGCAGAGAGATCGGGA-1,9
GGCAGCAAACCTATGC-1,8
GGCAGCGGTAATCCTA-1,11
GGCATACAGGTAGCGG-1,5
GGCATATCGGTTCTGC-1,0
GGCATCAACGAGCACG-1,10
GGCATTCCCTCCCTCG-1,14
GGCATTGAACATCTCA-1,2
GGCCAATTGTATAGAC-1,14
GGCCACAAGCGATGGC-1,10
GGCCACACGAAAGCCT-1,11
GGCCCAATCTAGAGGG-1,1
GGCCCAGCTGGTTTGC-1,17
GGCCCAGTTATCAGCA-1,5
GGCCCGGAGCATGTCT-1,1
GGCCCGTATACCATGC-1,5
GGCCCTCACCCACTTA-1,0
GGCCGAGACTCTGGTG-1,3
GGCCGCAGGAACCGCA-1,4
GGCCGGCGTCTGCTAT-1,3
GGCCGTTTGGGTTTCA-1,2
GGCCTGCTCTGATGTT-1,17
GGCCTGCTTCTCCCGA-1,12
GGCCTTTGCAACTGGC-1,9
GGCGAAATCTAACTTG-1,8
GGCGAACCGTTCTGAT-1,9
GGCGAGCATCGAGGAC-1,10
GGCGAGCGAAACGGCA-1,7
GGCGCACAGTTTACCT-1,14
GGCGCAGGACATCTTC-1,0
GGCGCATGAATTGATG-1,0
GGCGCGGAGATCTTTC-1,4
GGCGCGTTCGAGTTTA-1,0
GGCGCTCCTCATCAAT-1,13
GGCGCTTCATTCCCTG-1,3
GGCGGAGTAATATTAG-1,5
GGCGGGCTCTAAGAGT-1,9
GGCGGTAGGATCATTG-1,1
GGCGGTTTGCCGGTGC-1,6
GGCGTACCCTATATAA-1,11
GGCGTAGGGAAAGCTG-1,3
GGCGTCCTATCCGCTG-1,5
GGCTAAAGGGCGGGTC-1,0
GGCTAATGATTGAAAT-1,5
GGCTACTATACACTCC-1,3
GGCTATTAAGTTGTAT-1,5
GGCTCCTCCACCTGTT-1,2
GGCTCGCGTTGAGGTA-1,12
GGCTCGTGCCACCAGC-1,6
GGCTCTGCTCCAACGC-1,15
GGCTGAAATAGCAAAG-1,16
GGCTGAGCATCGTAAG-1,1
GGCTGGCAATCCCACG-1,14
GGCTGGCAGCTTTATG-1,10
GGCTGGCTAGCTTAAA-1,1
GGCTGTCCTACTGCGG-1,3
GGCTTCTCGTGGGTGG-1,2
GGCTTGGCTCTCACCT-1,6
GGCTTTCAATAAGGGT-1,4
GGGAAAGAATGCCAAC-1,3
GGGAACCACCTGTTTC-1,11
GGGAACGGGAGGTTAG-1,0
GGGAACGGTTTCAGAT-1,17
GGGAAGACGGTCTGTC-1,2
GGGAAGGGCTTTCTCA-1,3
GGGAATGAGCCCTCAC-1,5
GGGAATTCTGTCCAGT-1,9
GGGACAGAGTTACTCC-1,3
GGGACCCGTATATCTT-1,4
GGGACTGCATAGATAG-1,1
GGGAGAACTCACAGTA-1,0
GGGAGCGACCGTAGTG-1,3
GGGAGGATGCCCGAAA-1,0
GGGAGTAATGGCTGGC-1,11
GGGAGTTAATGAGGCG-1,1
GGGATACGGTAATAAT-1,6
GGGATATTGATCGCCA-1,2
GGGATCCCAATACAAA-1,9
GGGATGGACCCGCGTC-1,4
GGGATGGTCGTAACCG-1,7
GGGATTATCTCACAAC-1,10
GGGATTTACCGCACCT-1,8
GGGCAACCGCACGTGC-1,7
GGGCACGAATTGGCCG-1,9
GGGCACGTAGTACTGT-1,2
GGGCACTATTGACCAT-1,3
GGGCAGACGTCACTGC-1,14
GGGCAGAGCAATCGTT-1,4
GGGCAGGATTTCTGTG-1,4
GGGCAGTCAACGCCAA-1,2
GGGCATGCATGTCGAG-1,4
GGGCCATTCGTGCTGG-1,2
GGGCCCGTCTTAAACA-1,7
GGGCCCTACGAAAGGG-1,0
GGGCCCTTATCTATAC-1,9
GGGCCGGCCGAAGTAC-1,0
GGGCCTAAATGGGCTA-1,7
GGGCCTATACAACCGG-1,1
GGGCCTATTTAAGTAT-1,10
GGGCGAATTTCTCCAC-1,6
GGGCGATATGTGTGAA-1,13
GGGCGCAGCGTTACTC-1,1
GGGCGGCAAATGAATT-1,3
GGGCGGGTTCCCTACG-1,7
GGGCGGTCCTATTGTC-1,6
GGGCGTACATTTATAT-1,6
GGGCGTCACCACGTAA-1,4
GGGCGTCCACTGGCTC-1,1
GGGCGTGGTTTCCCAG-1,4
GGGCGTTTACATTCAT-1,17
GGGCTACTATTTCGTG-1,7
GGGCTATGATCGATGG-1,4
GGGCTCATCGAACCCA-1,0
GGGCTGCCTAGGGCGA-1,1
GGGCTGGTTAGTCGCG-1,6
GGGTAATGCTGTGTTT-1,0
GGGTACACTCTGGAGG-1,10
GGGTACCCACGGTCCT-1,6
GGGTACTTCATGAACT-1,0
GGGTATGTATGCACTT-1,5
GGGTATTCTAGCAAAC-1,4
GGGTCACCGTGACGGT-1,0
GGGTCACGTGCTTATG-1,0
GGGTCAGGAGCTAGAT-1,4
GGGTCATGCGTACCAT-1,15
GGGTCCTTGGAAGAAG-1,2
GGGTCGTGGCAAGTGT-1,15
GGGTCTATCGCTTTCC-1,16
GGGTGACACCTTAACT-1,16
GGGTGCATATGAAAGC-1,12
GGGTGGTCCAGCCTGT-1,0
GGGTGTTTCAGCTATG-1,1
GGGTTAACATTTGAGT-1,4
GGGTTCAGACGAACAA-1,13
GGGTTTAGGATAGGAT-1,8
GGGTTTCCGGCTTCCA-1,11
GGTAAACTCTGCGCTG-1,4
GGTAAATGTGCGTTAC-1,9
GGTAACCGGCAAAGGT-1,10
GGTAACCGGGAGGATA-1,3
GGTAACTATGTATCTG-1,6
GGTACAAACATGCTAT-1,0
GGTACACCAGATTTAT-1,5
GGTACATCTGGGACGA-1,0
GGTACCATTAAGACGG-1,1
GGTACGTTGCGGCCGG-1,4
GGTACTAAGTGCTTTG-1,0
GGTAGAAGACCGCCTG-1,0
GGTAGACCGTTGGGCG-1,4
GGTAGGCCAATATCAC-1,4
GGTAGTGCTCGCACCA-1,1
GGTATAGTGACACATA-1,1
GGTATCAAGCATAGAA-1,10
GGTATGAAAGAACTGA-1,9
GGTATTGCCGAGTTTA-1,1
GGTCAAGACTACTTCG-1,0
GGTCACGTTAGATTCA-1,10
GGTCAGTGGGTCCCAC-1,0
GGTCATTGTAGTCATA-1,10
GGTCCACGTCTATTTG-1,3
GGTCCCATAACATAGA-1,1
GGTCCTTCATACGACT-1,1
GGTCGGATAAACGGCG-1,1
GGTCGGCCAGGAGCTT-1,12
GGTCGGTAATTAGACA-1,11
GGTCGGTCGTCCACAG-1,3
GGTCGTAAGCTCGCAC-1,7
GGTCTCCAAGTAGTGC-1,12
GGTCTCCGTCCAGGTT-1,3
GGTCTCTGAATGGACT-1,4
GGTCTGAGAATCTGGA-1,15
GGTCTTGAGCGCTCTT-1,4
GGTCTTGGTGTTAACT-1,10
GGTGAAACCGGGAATG-1,10
GGTGAACGGGCTAGCC-1,11
GGTGAAGTACAGGGAT-1,7
GGTGACTGATAGAGAG-1,9
GGTGAGATGCAGATAA-1,6
GGTGATAAGGAGCAGT-1,12
GGTGATGAAGGAAGTG-1,9
GGTGATTTCATCTTGT-1,16
GGTGCAGAGCCTATCG-1,5
GGTGCATAAATGATTA-1,2
GGTGCGGATAAGTGGC-1,6
GGTGCTGATCACAAAG-1,6
GGTGCTGGTACACATT-1,7
GGTGGACCACGTGTTA-1,1
GGTGGACTGCTCTGGC-1,0
GGTGGAGGTTGATACG-1,12
GGTGGGATTAGGTCCC-1,17
GGTGTAAATCGATTGT-1,3
GGTGTAGGTAAGTAAA-1,2
GGTGTTCTGTTTCTAC-1,1
GGTGTTGGGCGTCTTA-1,12
GGTTACCACCCTCGGG-1,7
GGTTACCCGACACTTT-1,1
GGTTACCGCTCCCTAC-1,2
GGTTAGCTATATGTCT-1,19
GGTTAGGCTTGGAGAA-1,13
GGTTAGTTACGGCGCC-1,6
GGTTCCACCCGCTTCT-1,0
GGTTCCCTAGTGTCTC-1,10
GGTTCCGTACGACTAA-1,17
GGTTCGATGCTGAGTT-1,1
GGTTCGCATTTGCCGT-1,14
GGTTCGGATTATACTA-1,0
GGTTCTACTCGTCTGA-1,8
GGTTGTATCGTGAAAT-1,11
GGTTGTGCTCTTGTCC-1,1
GGTTGTGTAGCCTGGC-1,9
GGTTTAATTACCATCG-1,3
GGTTTAATTGAGCAGG-1,5
GGTTTACAATCTCAAT-1,18
GGTTTAGCCTTTCTTG-1,8
GGTTTCAATCGGTCAG-1,12
GGTTTGACAAGAAGCT-1,5
GGTTTGAGTGCTGGAA-1,6
GGTTTGCGAACACGTA-1,9
GGTTTGTGACCTGAGG-1,16
GTAACAACTGACCTTG-1,10
GTAACAGGTTAACGGC-1,4
GTAACATCAGCTCATC-1,1
GTAACATCTAAGATAA-1,0
GTAACTACGTAGACCT-1,2
GTAACTGCCCAAGGAG-1,2
GTAACTTGCGGCAGTC-1,11
GTAAGCGGGCAGTCAG-1,18
GTAAGGATTTGTCGGA-1,0
GTAAGTAACAGTCTGG-1,8
GTAAGTAGGGTATACC-1,13
GTAAGTCCACACTCTA-1,8
GTAATAAAGGGCTCCC-1,12
GTAATCTGATTCTTCG-1,3
GTACACTTACCTGAAG-1,16
GTACAGAGGCAAGGGT-1,0
GTACGACGGCGCTGCG-1,6
GTACGAGATTGCGACA-1,6
GTACGCTTCATTGCAC-1,16
GTACGTCACGTATTAA-1,5
GTACGTTTGCCCGTCA-1,0
GTACTAAGATTTGGAG-1,13
GTACTACGGCCTCGTT-1,2
GTACTCCCTTATCGCT-1,15
GTACTCCTGGGTATGC-1,1
GTACTGAGGTCGTAAC-1,0
GTACTGCATGAAGCGT-1,11
GTACTGGAGTTAGACC-1,1
GTACTTGGGCACTTCT-1,6
GTAGAAACGGGTGGAG-1,5
GTAGACAACCGATGAA-1,15
GTAGACACGCCTGACT-1,4
GTAGACGTCGTTACAT-1,6
GTAGAGGGAGACAAGT-1,7
GTAGCCAAACATGGGA-1,0
GTAGCGCTGTTGTAGT-1,10
GTAGCGGCTATACACT-1,1
GTAGCTAGTAAGCGCG-1,0
GTAGCTCCGGGAGGCT-1,3
GTAGCTTCCTCTTGTT-1,12
GTAGGTGATCCGTGTA-1,1
GTAGTCGCGGGAATCA-1,19
GTAGTCTACGATATTG-1,3
GTAGTGAGCAACCTCA-1,3
GTAGTTCGAAGGCGAA-1,2
GTAGTTTAAGCACACG-1,3
GTATAATCTCCCGGAT-1,6
GTATAGGACTCAGTAG-1,6
GTATAGTGGCCCATGT-1,1
GTATATGTTACGGCGG-1,0
GTATCAAACGTTAGCT-1,16
GTATCAAGGTACTTCC-1,2
GTATCAGCTTGGGTTC-1,6
GTATCCTTTGGTAACC-1,3
GTATCGGGACGAGCTG-1,11
GTATCTCAGTCTTGAC-1,3
GTATCTCCCTAACTGT-1,0
GTATCTCGGGCGCTTT-1,2
GTATCTTGTTGCTCAC-1,11
GTATCTTTCATAACCA-1,0
GTATGAAATTTCACTC-1,3
GTATGACGTGGGAAAC-1,0
GTATGTGGGTCTAGTT-1,8
GTATTAAGGCGTCTAA-1,13
GTATTAGGGTTCGCGT-1,0
GTATTCTGAGAAACGA-1,7
GTATTCTTACCGTGCT-1,0
GTATTTAATGGCATAA-1,12
GTCAAAGAAGTGGTGT-1,4
GTCAAAGTTTACATAG-1,6
GTCAACCAGGCCTATA-1,4
GTCAAGCGGACTCGGG-1,1
GTCAATGCTATAATTT-1,5
GTCAATTGTACTGAAG-1,10
GTCACAAAGTTTCCAA-1,0
GTCACCTGTCTATGTC-1,0
GTCACTCATGAGCGAT-1,2
GTCACTCTCCAAATCT-1,6
GTCAGAATAGTCTATG-1,5
GTCAGACAGCGTTGGA-1,10
GTCAGTTGTGCTCGTT-1,0
GTCAGTTTGGTAGTCG-1,5
GTCATCTCCTACAGCT-1,1
GTCATGCACCTCCGTT-1,15
GTCATGCGCGAGGGCT-1,4
GTCATGGACATGACTA-1,15
GTCATTAGAGCGAACG-1,1
GTCATTGCATTGACCC-1,5
GTCCAATATTTAGCCT-1,2
GTCCACGTCGCATTCG-1,7
GTCCAGGCACGTGTGC-1,2
GTCCATTACTGCTACG-1,8
GTCCCAACGTAAAGTA-1,1
GTCCCAATCATCCCGC-1,3
GTCCCGCGACGTTATG-1,4
GTCCGAGAGCAATCAT-1,9
GTCCGGACCTGAAATT-1,0
GTCCGGCTGAATTGCG-1,6
GTCCGGGTTCACATTA-1,2
GTCCGTTAGAGGGCCT-1,2
GTCCTACAGGCGGCTC-1,13
GTCCTACGAATAGTCT-1,0
GTCCTACTCTACGGGC-1,14
GTCCTAGGATACCTTA-1,3
GTCCTATTGTTGTGGT-1,15
GTCCTTCTACAACCCA-1,11
GTCCTTCTAGTGGGTT-1,10
GTCCTTTAATGACTTC-1,1
GTCGAATTTGGGCGCT-1,2
GTCGATAGGTGACTTT-1,12
GTCGCCGTTGTGTGTT-1,2
GTCGCGTAACCCGTTG-1,1
GTCGGAAGGATACCAG-1,5
GTCGGATATCTCAGAC-1,5
GTCGGATGTAGCGCGC-1,1
GTCGGGAACATGGTAG-1,0
GTCGGGAAGCAGAAAC-1,4
GTCGGGTGAAGTACCG-1,14
GTCGTACCATCTCGGG-1,0
GTCGTACCTACGATTG-1,9
GTCGTATTGGCGTACA-1,0
GTCGTCAATTATAAGG-1,6
GTCGTCTGGTTGGCTA-1,1
GTCGTGTCTGGTCATC-1,14
GTCGTTATTCGCTTAT-1,19
GTCTACTCAATTACAA-1,0
GTCTAGTGAGCCGCTT-1,3
GTCTATACACGCATGG-1,3
GTCTATCTGAGTTTCT-1,7
GTCTATTGCATGCTCG-1,4
GTCTATTGGTTCCGGT-1,19
GTCTCAAGGCCCGGCT-1,4
GTCTCCCGAGTCCCGT-1,14
GTCTCCGCCTCAATAC-1,17
GTCTCCTGCCAGTATG-1,2
GTCTCGACTAAGTTTG-1,5
GTCTCGATCTGCTTTC-1,0
GTCTCGCCAACACGCC-1,0
GTCTGCCGACTCGACG-1,2
GTCTGGGCGGTCGAGA-1,7
GTCTGTAGGTTGAACA-1,17
GTCTTACCACGCCAAG-1,14
GTCTTAGTACAGCCGG-1,10
GTCTTCCTCACCTAAG-1,9
GTCTTGAGGAGCAGTG-1,8
GTCTTGTAGCTATTCA-1,8
GTGAAACGGCGCCACC-1,1
GTGAAACGTGCTCCAC-1,11
GTGAACTCCCATTCGA-1,1
GTGAAGATTTCAAGTG-1,5
GTGAAGCCGTATAGTC-1,5
GTGAAGTCACGACTCG-1,14
GTGACAGCTTCCCACT-1,17
GTGACCGCACACTACG-1,8
GTGACCTAAAGAATAA-1,1
GTGACGAGGGTGACCC-1,1
GTGACGCAGGTTTCAT-1,2
GTGACTTCAGTAGTGC-1,4
GTGAGATAACCTTATA-1,3
GTGAGCGTGCTGCACT-1,5
GTGAGGACACTTAAGG-1,16
GTGAGGAGCGGTTGAG-1,0
GTGAGTCGACTAATAG-1,4
GTGAGTCTAAGACGGA-1,15
GTGAGTGGTACAACGC-1,4
GTGATCAAGCGTGCAC-1,17
GTGATCACTAACGCCT-1,8
GTGATCATAGATCTGC-1,16
GTGATCCTTGTCATGA-1,3
GTGATGCACAACATCT-1,0
GTGATTCGCCGCTCAA-1,7
GTGCAAATCACCAATA-1,0
GTGCAACAAATGTGGC-1,6
GTGCACCAGCTTCAAC-1,2
GTGCACGAAAGTGACT-1,1
GTGCAGCGTAGAGTAG-1,12
GTGCCATCACACGGTG-1,7
GTGCCCGTTCGGATTC-1,8
GTGCCGCTTCAAAGGT-1,7
GTGCCTAGCTATGCTT-1,1
GTGCCTCAGTGTACGG-1,1
GTGCCTGAGACCAAAC-1,2
GTGCGAAATCGAACAC-1,7
GTGCGACAGGGAGTGT-1,8
GTGCGCAGCTTGCTCC-1,5
GTGCGCTTACAAATGA-1,11
GTGCGGGACCATCGGC-1,10
GTGCGGGTCTCCAAAT-1,6
GTGCGTGTATATGAGC-1,8
GTGCTATCCAGCTGGA-1,2
GTGCTCAAGTACTGTC-1,1
GTGCTGCAGATAAGGA-1,9
GTGCTGTTAGAACATA-1,2
GTGCTTACATCAGCGC-1,8
GTGGAACCTACATGCG-1,1
GTGGACCAACCCGATT-1,7
GTGGACGCATTTGTCC-1,4
GTGGACGTGCTGAGAC-1,6
GTGGAGCATGTCGGCC-1,1
GTGGAGCGTTTACCGA-1,3
GTGGAGTCGGCGGTTG-1,3
GTGGCAAACAGCGGCA-1,3
GTGGCCGGTTTCTCGG-1,3
GTGGCCTAATATCATT-1,9
GTGGCGGGCCGTAGCT-1,0
GTGGCGGTCCCAGCGT-1,0
GTGGCGTGCACCAGAG-1,1
GTGGCTGTTTCTGTTC-1,2
GTGGGAACAAACCGGG-1,3
GTGGGAAGACTGAATC-1,7
GTGGGCTTAGACACAC-1,13
GTGGGTACTGAGCGTA-1,7
GTGGGTCTTCTTTGCG-1,11
GTGGTATAGTCTGCCG-1,2
GTGGTCAGCGAAGTAT-1,0
GTGGTGATGGTTTGTG-1,9
GTGGTGGCCAAGTGAA-1,19
GTGGTTACTTCTTTCG-1,1
GTGGTTTCCGCCTTTC-1,3
GTGTACCTTGGCTACG-1,0
GTGTACGAACCGTTCC-1,0
GTGTATATCAGCGGGC-1,4
GTGTATGACTTTAAAG-1,10
GTGTCAGTGTACGTGG-1,2
GTGTCCGATAAGGCAT-1,1
GTGTCGTATAGCGTTC-1,16
GTGTCGTATTCACCTT-1,5
GTGTGAATAACTTAGG-1,1
GTGTGAGCCGAGGTGC-1,11
GTGTGTCGACGTCGCT-1,5
GTGTTACTATGCGTCC-1,1
GTTAAAGTAGGACTGG-1,19
GTTAACATCACTTAAA-1,16
GTTAACTATGTTGTCA-1,8
GTTAAGGGTGCGATGT-1,4
GTTAAGTTAGAGTGGG-1,12
GTTAATAGCGTCATTA-1,14
GTTAATGTCTATCTTA-1,5
GTTACAATTGGTGACG-1,0
GTTACCAAGGCGTACG-1,7
GTTACCTACAACTTGC-1,0
GTTACGAAATCCACGC-1,10
GTTACGGCCCGACTGC-1,10
GTTACTTTGGGCCTAG-1,7
GTTAGAGTGTGCCGCT-1,10
GTTAGCCCATGACATC-1,17
GTTAGCCGTAAATCAA-1,12
GTTAGGCTACCCGTTT-1,3
GTTATAATACGGTGAA-1,16
GTTATATCAGGAGCCA-1,5
GTTATATTATCTCCCT-1,0
GTTATCAAGCTATCGA-1,4
GTTATCACCTTCTGAA-1,1
GTTATTAAATACGACC-1,0
GTTATTAACGTGGGAG-1,13
GTTCAAATCAGATGTC-1,11
GTTCAATCTATGTCAA-1,9
GTTCACAGGAGTCTAG-1,5
GTTCAGTCGCCAAATG-1,2
GTTCATCGTTTGGCTG-1,12
GTTCCAAGACAGCGAC-1,11
GTTCCAGTCTGACCAT-1,6
GTTCCCGTAAACATAT-1,9
GTTCCGTCCGCCTGCA-1,2
GTTCGACAATTGTATA-1,3
GTTCGCCATAAGTGCC-1,0
GTTCGCTGAGACGTCT-1,12
GTTCGGAGCACTCAAC-1,4
GTTCGGATCGGGAACA-1,8
GTTCGGGCGTACCATT-1,1
GTTCGGTGTGGATTTA-1,10
GTTCGTCTAAAGAACT-1,19
GTTCGTCTGGGTCCCT-1,9
GTTCGTTGCGGACCAG-1,11
GTTCTTCCCTCGATGT-1,6
GTTCTTGTAACTCAAT-1,3
GTTGAACCGGTTCCAT-1,7
GTTGAGTCCCGCCGGT-1,0
GTTGCACGGAGTTTCG-1,6
GTTGCAGTCGACAACA-1,9
GTTGCCCTAACGGGTG-1,2
GTTGCGCTAACATTAC-1,12
GTTGCGGACGGTCAGG-1,12
GTTGGACCGCATCAGG-1,5
GTTGGATTCAGTGGCT-1,5
GTTGGATTGAGAACAC-1,12
GTTGGATTTGCGTTGG-1,0
GTTGGTCATGCTATCC-1,4
GTTGTAGATTTATGAG-1,2
GTTGTCGTGTTAGTTG-1,6
GTTGTTACATTGCGCT-1,10
GTTGTTGCAAGATGGC-1,9
GTTTACGTTCCATCTG-1,0
GTTTATGGGATTTAGA-1,11
GTTTCAAACGAGTTGT-1,0
GTTTCATATCGTCGCT-1,0
GTTTCCTGGAGGGTGA-1,6
GTTTCTAGAGGCGCGG-1,2
GTTTCTGCAGTCTCCC-1,0
GTTTGACCAAATCCTA-1,11
GTTTGAGCGGTTATGT-1,11
GTTTGGCCCAAGTTAT-1,8
GTTTGGCCGCTCAGCG-1,11
GTTTGGCGTCAGGCAC-1,1
GTTTGGGCTTGTGAGC-1,0
GTTTGGGTTTCGCCCG-1,3
GTTTGGTAGGGTCAAC-1,4
GTTTGGTGATCGGTGC-1,2
GTTTGTTAGCCAAGTA-1,7
TAAACCCAGGAGGGCA-1,3
TAAACGTCGTCAATGA-1,13
TAAAGACAACCCTTTA-1,12
TAAAGAGCCCGAAACC-1,0
TAAAGCGGTATTTCCA-1,3
TAAAGCGTTAGGAGAA-1,18
TAAAGCTGCAATAGGG-1,0
TAAAGGAGAAACTAGT-1,11
TAAAGTGCACGTCTCG-1,4
TAAATCTTTACACCTC-1,5
TAAATGAATCCGTTTC-1,13
TAAATGCCGTCTCATG-1,0
TAAATGGGCTACTGAG-1,9
TAAATTGTGGGTAAAG-1,2
TAAATTTAGTAACACC-1,3
TAACAAAGGGAGAAGC-1,6
TAACAATATTTGTTGC-1,5
TAACAGCGTTTGTGCT-1,3
TAACAGGTTCCCTTAG-1,2
TAACATACAATGTGGG-1,1
TAACATACACGCGATC-1,3
TAACCGCCCGCAGTGC-1,0
TAACCGTCCAGTTCAT-1,11
TAACCTACCGTCCGAG-1,0
TAACCTAGGGAGTCCA-1,0
TAACGCTTTGAGAGCG-1,5
TAACTATCGAAGGTCC-1,6
TAACTATTACGCCAAA-1,1
TAACTCATCCGCGCGG-1,7
TAACTCCATGGAGGCT-1,13
TAAGAGGGACAGGGAC-1,3
TAAGATTTAGCGGGAG-1,5
TAAGCAGGCGACACGC-1,0
TAAGCCCTTACGACCA-1,5
TAAGCGCGAATCAAAT-1,17
TAAGGAACTTGTGGGA-1,6
TAAGGCAACATAAGAT-1,15
TAAGGCATAACATCAA-1,2
TAAGGCCCGTCACCCT-1,4
TAAGGCTGAATCCCTC-1,8
TAAGGGCCTGTCCGAT-1,4
TAAGGGCTGGGAGAGG-1,15
TAAGTAAATGTGCCGC-1,1
TAAGTAACATCTTGAC-1,7
TAAGTCGCCGAGTATC-1,2
TAAGTCGGTGAGCTAG-1,16
TAAGTGAATAGTCTAC-1,3
TAAGTTGCGACGTAGG-1,16
TAATAAACAAGGAGAT-1,1
TAATACACAGTAGTAT-1,11
TAATACTAGAACAGAC-1,3
TAATAGAACAGAGTTA-1,7
TAATAGCTAAATGATG-1,5
TAATAGGTCACCAGAA-1,3
TAATAGTGACGACCAG-1,18
TAATATTGAAATTCGC-1,6
TAATCAACCAAATGGG-1,0
TAATCGATCCGTACGT-1,1
TAATGAAAGACCCTTG-1,5
TAATGTCGGTTCATGG-1,2
TAATTACGTCAGTAGA-1,4
TAATTAGATGGATATG-1,6
TAATTAGGACATCCGT-1,8
TAATTCCAATGCTTCA-1,0
TAATTGGAATCGGGAA-1,5
TAATTTCCGTCCAGTA-1,11
TACAAATTGCGGAGGT-1,0
TACAACAGCGCATACA-1,14
TACAACGCACAACTCA-1,7
TACAAGCTGTTCACTG-1,11
TACAAGGGCTTCTTTA-1,3
TACAAGTCTCGTGCAT-1,5
TACAATGAAACCAGCA-1,11
TACACAGCCGTGGTGC-1,2
TACACCGTCGTTAGTC-1,5
TACACCTCTTCGAATC-1,17
TACAGAAACGGTGGGC-1,4
TACATAGGCATACACC-1,9
TACATCCCTATCCCTG-1,0
TACATCTTGTTTCTTG-1,11
TACATGACCTTATCCG-1,11
TACATGCCGGAATTGT-1,9
TACATTTCTAACGTGC-1,1
TACCAAATAGCCCAGA-1,4
TACCAATAAAGTACCA-1,16
TACCAGAAGTAGGTTC-1,4
TACCAGCTAGGTTTAA-1,1
TACCAGGAATCCCGTC-1,2
TACCATGTATTGATTT-1,12
TACCCTCGGTAACCCT-1,9
TACCGAATAATTGTAA-1,3
TACCGATCCAACACTT-1,10
TACCGCGGACTTGCAG-1,12
TACCGGCTCACTGCCC-1,0
TACCGGTCGTTTCCAT-1,7
TACCGTAGGTTAACTA-1,4
TACCGTGCCTCGGACC-1,0
TACCTACTCCCAGTAT-1,4
TACCTATCCCTAGAGG-1,0
TACCTCACCAATTGTA-1,14
TACCTCACGCTTGTAC-1,6
TACCTCAGTTGTCTGT-1,2
TACCTCCACACCAATG-1,17
TACCTCTTTACCATCC-1,0
TACCTGCTGCACTGTG-1,5
TACCTTAAGATTTCCC-1,3
TACGAACACGACTTCA-1,11
TACGACGCTTGCTGCG-1,7
TACGACTGCCTCTTAG-1,1
TACGAGAACTTCACGT-1,0
TACGATCCAAGCCACT-1,1
TACGATGTTGATCATC-1,5
TACGCAGTTCTTTCCT-1,7
TACGCCATATTCTAAT-1,9
TACGCCGAGGGTACCC-1,2
TACGCCGCCTCAGAAG-1,0
TACGCCTCCATTCCGA-1,4
TACGCTATAGAAACCT-1,0
TACGCTCCTAGAACTG-1,2
TACGCTCGGTATTGGA-1,0
TACGCTGCACGGTCGT-1,14
TACGCTGCTGTGTTAA-1,2
TACGGAAGCCAAACCA-1,2
TACGGCATGGACGCTA-1,0
TACGGGATGCTAGCAG-1,1
TACGGGTAATAACATA-1,2
TACGTAAAGCGGAGTG-1,4
TACGTACTAGTGCTGA-1,2
TACGTGCAAGGTTCCT-1,1
TACGTGCACTATGCTG-1,6
TACGTGGGCCCAGGGC-1,2
TACGTTTACCGGCAAT-1,7
TACTACGTGCAATGCG-1,3
TACTATGGTTCCTCAG-1,3
TACTCACAACGTAGTA-1,10
TACTCATTGACGCATC-1,14
TACTCCTCTAGTTGAC-1,3
TACTCGGCACGCCGGG-1,0
TACTCGTTTGAATCAA-1,3
TACTCTCCGAACAAAT-1,1
TACTCTTACTTTACTG-1,0
TACTCTTTCGTCTTCA-1,3
TACTGAACAGATTTAG-1,3
TACTGAGGGAAGAAAG-1,2
TACTGCAATCAATTAC-1,5
TACTGCATGATTAAAT-1,3
TACTGGACAGCTCGGC-1,5
TACTGTTTCTCTGGTA-1,12
TACTTAAACATGTACA-1,4
TACTTGTTAGTAGTCC-1,8
TACTTTACTGAGCCGG-1,12
TACTTTCCGCACGCCA-1,7
TAGAAACACAATAGTG-1,11
TAGAAACCACTAAGTA-1,10
TAGAAAGGTGGCGCTA-1,15
TAGAAATTCACGTATA-1,9
TAGAACGCCAGTAACG-1,10
TAGAAGAAGGGTTACA-1,11
TAGAATAGCCGATGAA-1,4
TAGAATTAAGGGCAAC-1,9
TAGACGAAACGCCAAT-1,2
TAGACGCCCGTACCGG-1,12
TAGACTACCTAGCGTT-1,8
TAGACTCAGTTGGCCT-1,2
TAGAGATCATGCAACT-1,3
TAGAGCTACGAAGAAC-1,6
TAGAGGGAGTTTATCT-1,2
TAGAGGTTCTACTTGT-1,16
TAGAGTCTAAGCGAAC-1,13
TAGAGTGTTCCGGGTA-1,14
TAGATATGGACTGGAA-1,4
TAGATCCGAAGTCGCA-1,0
TAGATGGTTCCTTACT-1,16
TAGATTCAAAGTGCGG-1,4
TAGATTCCTGGTTATT-1,5
TAGATTCTCTAGCAAA-1,14
TAGCAACCTGTCACAA-1,13
TAGCAGATACTTAGGG-1,14
TAGCAGTAAATACGCG-1,1
TAGCAGTATGACTAAA-1,3
TAGCCAGAGGGTCCGG-1,10
TAGCCATTTCAAAGTC-1,8
TAGCCGGCGGTCAGCG-1,12
TAGCGTCCCTCGATTG-1,8
TAGCGTCCGGTGTGGT-1,0
TAGCGTCGAATATTGA-1,9
TAGCGTTGGGTCTTAC-1,1
TAGCTAAGTCCGGGAG-1,13
TAGCTAGAAGGCATGA-1,4
TAGCTAGTGATGATGG-1,2
TAGCTCACTGTGTTTG-1,14
TAGCTCAGATCCTAGT-1,5
TAGCTCGCCTGATAAC-1,4
TAGCTGATGTGAAGCG-1,7
TAGGAACAGCCTCCAG-1,9
TAGGAGGCTCGAGAAC-1,14
TAGGATCTTAACCGCA-1,3
TAGGCATGTTACGCCA-1,1
TAGGCCTATATAGTCT-1,3
TAGGCGATGAGGTCTC-1,4
TAGGCGGCTGCAAAGA-1,3
TAGGCTAAAGTGGCAC-1,3
TAGGGAGCTTGGGATG-1,8
TAGGGTGTTTCAAGAG-1,6
TAGGTCCAAGTAAGGA-1,5
TAGGTCGCCGGAACTG-1,12
TAGGTGACGATAACCT-1,3
TAGGTGAGCCCTACTC-1,5
TAGGTGCTCGCCTAGC-1,8
TAGGTGTTCCACAGAT-1,4
TAGGTTCGAGTTCGTC-1,1
TAGGTTCTGCTGAGAA-1,17
TAGTACCACAACTTTC-1,4
TAGTACCTTAGTGGTC-1,13
TAGTAGCTTATACCAG-1,2
TAGTAGTTGCCGGACA-1,17
TAGTCCCGGAGACCAC-1,2
TAGTCCGCAGAGAATG-1,0
TAGTCCGTATGCATAA-1,13
TAGTCCTGCACTAAGC-1,2
TAGTCGATCACGGGTT-1,16
TAGTCGGGATTCTTCG-1,5
TAGTCTAACAACGAGA-1,7
TAGTCTGCGGCACATT-1,7
TAGTCTGTGACGTTGC-1,5
TAGTCTTTCCGAATTG-1,12
TAGTGACAAGCTCTAC-1,14
TAGTGAGAAGTGGTTG-1,10
TAGTGCCCTCCAGAGT-1,11
TAGTGCTTGAATCCTT-1,10
TAGTGGAACTCATACA-1,0
TAGTGTCAGAAACGGC-1,13
TAGTTAAGATAGGATA-1,9
TAGTTTATTCTTGCTT-1,6
TAGTTTGATCGGTCGC-1,2
TATAAATCCACAAGCT-1,13
TATAAGTGAGGATAGC-1,6
TATACACAGACGCCTT-1,4
TATACACGCAAAGTAT-1,6
TATACCGAGTGCCACA-1,12
TATACGCGTCATCACT-1,4
TATACTCATGCGGCAA-1,13
TATAGAGTCGCTTGAA-1,3
TATAGATGGTCGCAGT-1,8
TATAGCGCACGTTATC-1,7
TATAGGGTACTCATGA-1,0
TATAGTTAGGTGTACT-1,2
TATATAGGGCTTTACG-1,17
TATATATCGAGAAATG-1,2
TATATCAAAGTGATCT-1,7
TATATCATTGATCAGT-1,9
TATATCCCTGGGAGGA-1,8
TATATGCTGGGTTGCC-1,15
TATATTACAAATGTCG-1,5
TATATTCGCGTCGATA-1,0
TATCAAAGGTCTGTAA-1,8
TATCACAGCACGGGCA-1,0
TATCACCATGTAAAGT-1,0
TATCACCCAACCGACC-1,15
TATCACTTCGAGTAAC-1,0
TATCAGTGGCGTAGTC-1,14
TATCCAATTGGTTATC-1,16
TATCCATATCATGCGA-1,6
TATCCATCTCGGTTAG-1,4
TATCCCTCGATCTGCA-1,2
TATCCGCACCGTCGGG-1,4
TATCCTATCAACTGGT-1,2
TATCCTGCATGGGAAT-1,6
TATCGATCTATGCATA-1,1
TATCGATGATTAAACG-1,6
TATCTACAGAGGTAAT-1,5
TATCTACCACAGCGGG-1,0
TATCTAGCCTAAAGGA-1,9
TATCTGAGCCGATATT-1,4
TATCTTGCAATACAAC-1,4
TATGAAGAATTAAGGT-1,3
TATGAAGACAGGTGCG-1,11
TATGACCTTGCGCTGG-1,14
TATGATAAATCTAACG-1,10
TATGATCCGGCACGCC-1,5
TATGATCTTCTCTTTA-1,3
TATGATTCTGCTTGGT-1,10
TATGCTCCCTACTTAC-1,13
TATGGAGTTTCTCGTT-1,10
TATGGATGTGCTACGC-1,6
TATGGCAGACTTTCGA-1,10
TATGGCCCGGCCTCGC-1,5
TATGGCTAGGCTAATT-1,0
TATGGGACCGAGCAGG-1,0
TATGGGTACGTATCGT-1,1
TATGGTCTGAGTAACA-1,0
TATGGTTAGTGGGAGA-1,8
TATGTAAAGTGCTTAA-1,2
TATGTAGAAACCCGGC-1,2
TATGTCAAGACCGACT-1,1
TATGTCTCATTGTGCC-1,15
TATTAACACCAAAGCA-1,4
TATTAACCTGACCGCG-1,2
TATTACCATCCTGCTT-1,8
TATTATGTTTGCCTGC-1,7
TATTCAATTCTAATCC-1,1
TATTCCACTCAGCTCG-1,4
TATTCCGAGCTGTTAT-1,0
TATTCCGGCAGTCCTA-1,1
TATTCCTCCGCCCACT-1,3
TATTCGTGCCAGAATA-1,1
TATTGACATTTCTGCC-1,12
TATTGCCGGGCTTGTA-1,3
TATTTAGTCTAGATCG-1,6
TATTTATACCGAGTAG-1,1
TATTTGATTTGCACAG-1,12
TATTTGTTACCCTTTA-1,13
TCAAACAACCGCGTCG-1,13
TCAAACTTAGATTGTT-1,1
TCAAAGAGCTATCTGT-1,14
TCAAAGTCACGGCGTC-1,17
TCAAATTATGTTCGAC-1,14
TCAAATTGTTGTGCCG-1,2
TCAAATTTGAGACTCA-1,4
TCAACAAAGATAATTC-1,7
TCAACACATTGGGTAA-1,11
TCAACATAGCGCCCTA-1,2
TCAACATCGACCGAGA-1,7
TCAACCATGTTCGGGC-1,6
TCAACGAGGAGACAAA-1,0
TCAACGCAGGAAATAA-1,4
TCAACGCGACCGGCAG-1,0
TCAACTAACGTATAAC-1,5
TCAACTGCAGAGTCAG-1,16
TCAAGAAATACTAGCT-1,0
TCAAGCGCGGACGGTA-1,0
TCAAGCTGCCTTGAAA-1,0
TCAAGGTTACTACACC-1,8
TCAATACAATTGCTGC-1,9
TCAATACGCCGTCATG-1,2
TCAATATACAGGAGGC-1,4
TCAATCCCGCGCCAAA-1,4
TCAATCCGGGAAGTTT-1,14
TCACAAACCGAGGTAC-1,4
TCACAGATCCTCAAAC-1,11
TCACAGCAAACTCGAA-1,4
TCACAGGAGAATAAGA-1,2
TCACAGGGAATCGCAA-1,16
TCACAGGTTATTGGGC-1,11
TCACATCTTATCTGAT-1,6
TCACCCTCTTAAGATT-1,0
TCACCGCTCGGCACTC-1,12
TCACGATGTCCGTGGA-1,7
TCACGCATTGTAGATC-1,11
TCACGGCCCAAGAGAG-1,3
TCACGGTCATCGCACA-1,6
TCACGTGCCCGATTCA-1,9
TCACTACGACCAATGC-1,0
TCACTATCCCTTCGGT-1,7
TCACTATCGTGCAATC-1,5
TCACTCAGCGCATTAG-1,11
TCACTCGTGCAACGGC-1,1
TCACTCTTCGTCTGTC-1,6
TCAGAACCTCCACAGG-1,1
TCAGAACGGCGGTAAT-1,3
TCAGACGCTATAGAAG-1,16
TCAGAGGACGCGTTAG-1,14
TCAGAGTGTGAGCATG-1,9
TCAGATGGAGACGTAG-1,9
TCAGCAAATGCATCTC-1,15
TCAGCAGTAGGCCCTG-1,2
TCAGCCAATCCGTAAA-1,4
TCAGCGCACGCCGTTT-1,2
TCAGCTTGAGCTTTCG-1,2
TCAGGGCGACTTCCTT-1,6
TCAGGGCGCAAACTCG-1,15
TCAGGGTGCACGAAAC-1,9
TCAGGGTGTAACGTAA-1,18
TCAGGTTCTTTGAGAA-1,11
TCAGTACTGACCCGCG-1,13
TCAGTAGGGACTATAA-1,4
TCAGTGTATACGTCAT-1,2
TCAGTTACGGAATGAT-1,5
TCATAAGTCCAAGAAG-1,9
TCATACTTACAGATCC-1,13
TCATATGAGCTTTGTT-1,4
TCATCACTCGAGCTCG-1,13
TCATCCCAGAGGGTGG-1,0
TCATCCTCAGCTGCTT-1,4
TCATCGACGACCGTCG-1,7
TCATCGATGGTCCCAA-1,2
TCATGCAGGTTCTCAT-1,1
TCATGGAGGCCTTTGT-1,14
TCATTCGTATAATTTG-1,0
TCATTTAAGTCTCCGA-1,8
TCATTTAGAAGTGTGA-1,0
TCCAACTCAGCTATCT-1,2
TCCAACTTTAAATTCT-1,16
TCCAAGCCTAGACACA-1,2
TCCAATAAAGGCTACC-1,2
TCCAATGCGTCGCCGC-1,2
TCCACAATGGTTTACG-1,5
TCCACATCGTATATTG-1,3
TCCACCAAGACATAGG-1,7
TCCACCTCTAGCCTTT-1,2
TCCACTTTATCTAGGT-1,1
TCCAGAGCACCGGTTC-1,0
TCCAGATGTACGCCAA-1,5
TCCAGCGCTATAAGCG-1,12
TCCAGGCAGGACGATC-1,3
TCCAGGCGAGTACGGT-1,1
TCCAGGGTATATACGA-1,4
TCCATCAATACTAATC-1,4
TCCATTAGTTGGATAG-1,0
TCCATTCCCACTAGAG-1,9
TCCATTGTGACCTCGT-1,10
TCCCAAACAGACAACG-1,5
TCCCAAACATCCTCTA-1,2
TCCCAAAGACGAAGGA-1,13
TCCCAAAGCCCTAAAT-1,12
TCCCAATATCGACGAC-1,14
TCCCACGGAGGGAGCT-1,5
TCCCACTCTCTTCCGG-1,1
TCCCAGCACACGACAT-1,9
TCCCAGCTTTAGTCTG-1,0
TCCCAGGCTTAGCTAA-1,6
TCCCGCCTATGTGCGT-1,0
TCCCGCGTACTCCTGG-1,15
TCCCGGGTGTGCTGCT-1,5
TCCCGGTCAGGAATTT-1,5
TCCCGTCAGTCCCGCA-1,1
TCCCGTCGCGTCATAG-1,1
TCCCGTGTGCAATTTG-1,19
TCCCTAGATCAATAGG-1,15
TCCCTCCGAAATCGTT-1,10
TCCCTCTTCTCAAGGG-1,4
TCCCTGGCGTATTAAC-1,4
TCCCTGGCTCGCTGGA-1,5
TCCCTTAGATTACTCG-1,0
TCCCTTGTCTGAAACT-1,4
TCCGAACGTTGCCGCT-1,12
TCCGAACTTGGCTTAC-1,5
TCCGAAGTAGTCACCA-1,5
TCCGAATGGTCCTGAG-1,12
TCCGACCGCTAATCAA-1,7
TCCGAGAAGGCTAAGC-1,10
TCCGATAATTGCCATA-1,11
TCCGATGACTGAGCTC-1,18
TCCGATGGTGCGACAT-1,6
TCCGATTACATTGCCG-1,5
TCCGCAGCCACCTAGC-1,0
TCCGCCTGTCTACAAG-1,16
TCCGCGGCAGCATCTG-1,12
TCCGCGGCCCAATGAA-1,16
TCCGCTGTCATCCCGG-1,16
TCCGCTTATCCCATTA-1,16
TCCGGAGGAAGGGCTG-1,5
TCCGGCCTAGCGTACA-1,1
TCCGGCCTGCATCGAT-1,0
TCCGGCTGTCGGGTCG-1,9
TCCGGGCCACTAACGG-1,14
TCCGGGCTTGACGGGA-1,3
TCCGGTTCGTCCGGTC-1,4
TCCGTAACCACAATCC-1,13
TCCGTTAAGCTAATAT-1,19
TCCGTTTAGCCTTGAA-1,18
TCCTAAAGATTCAGAC-1,4
TCCTAAATTGGGAAGC-1,4
TCCTAACCGTCGGGCA-1,2
TCCTACATCCACGGCC-1,19
TCCTAGCAAAGAAGCT-1,7
TCCTATCATAGGTAAC-1,8
TCCTCCTAAGACATTC-1,7
TCCTCGGGCTGGGCTT-1,1
TCCTCTACGAGATGGC-1,13
TCCTCTCCAGTTGTCC-1,15
TCCTCTGGCCCATTAG-1,9
TCCTGCAGCCGCCAAT-1,17
TCCTGCCAACTGGAGA-1,0
TCCTGCGTTGATACTC-1,0
TCCTGGCGCTGCCTGG-1,5
TCCTTACGACGGTCCG-1,19
TCCTTCAATCCCTACG-1,0
TCCTTCAGTGGTCGAA-1,1
TCCTTGTCCTTTAATT-1,3
TCCTTTAAATCCGCTT-1,16
TCCTTTCTTACGCTTA-1,0
TCGAAATTTAGGACCA-1,13
TCGAAGAACCGAGCAC-1,8
TCGAATATCCCGCAGG-1,2
TCGAATCGCAGGGTAG-1,4
TCGACAACTGAACCCG-1,7
TCGACATAGCGTAGCG-1,3
TCGACTGACGATGGCT-1,14
TCGAGACCAACACCGT-1,0
TCGAGCCAGGCAGGCC-1,2
TCGAGGGCAACAGACG-1,9
TCGAGTCTACGATTCG-1,2
TCGATAGGCTAGTCGC-1,0
TCGATTTACGAAACGA-1,3
TCGCAAAGATGCATTT-1,19
TCGCACCAGGAGGCAG-1,16
TCGCACTAACGTTTGT-1,5
TCGCATAAAGGGCGCA-1,4
TCGCATCCCTAAGTGT-1,13
TCGCATTCAATGACTT-1,6
TCGCCACCCGGATTAC-1,2
TCGCCCAACTGACTCC-1,0
TCGCCCACTGCGAGAG-1,9
TCGCCGAAGTTGCGTC-1,7
TCGCCGACATATTCGC-1,2
TCGCCGCACCGCGTGA-1,7
TCGCCGGAGAGTCTTA-1,10
TCGCCGGATGGGCAAG-1,6
TCGCCGGTCGATCCGT-1,6
TCGCCTCCTTCGGCTC-1,14
TCGCCTCGACCTGTTG-1,10
TCGCGCGTTTACATGA-1,2
TCGCGTAGCAGTGTCC-1,14
TCGCGTCCAGAAGGTC-1,5
TCGCTAAACCGCTATC-1,1
TCGCTACTGGCTTTGA-1,17
TCGCTCGATATATTCC-1,1
TCGCTCGGCACCAGCG-1,5
TCGCTGCCAATGCTGT-1,2
TCGCTGGGCGGATTGT-1,18
TCGCTGTGCGTAAATC-1,6
TCGCTTAATTACGAAG-1,10
TCGCTTTAAACGTTTG-1,18
TCGGAATGACCATCAA-1,10
TCGGAATGCGCTCTGA-1,5
TCGGACGCCCAGCCCA-1,1
TCGGAGAGTATCGGGA-1,7
TCGGAGTACATGAGTA-1,1
TCGGATCTGGATGACC-1,3
TCGGCAGGGTTAAGGG-1,7
TCGGCGAACCCAAACC-1,8
TCGGCGTACTGCACAA-1,7
TCGGCTAACTTCCCTT-1,0
TCGGCTTGTATCGACG-1,16
TCGGGAACGTGCCTAG-1,1
TCGGGAGACAGCGTAC-1,4
TCGGGATTCAAACATA-1,0
TCGGGCACTTCTGGAT-1,10
TCGGGCCGTCGTGGTA-1,8
TCGGGTGAAACTGCTA-1,0
TCGGTCCCGACAATAG-1,4
TCGGTCCCTGACTCCA-1,9
TCGGTGACCGCTCCGG-1,5
TCGGTTAGCCATGTAG-1,1
TCGTAACTCCCAAGAC-1,4
TCGTAAGACGACATTG-1,18
TCGTAAGCTCCGAGGA-1,5
TCGTACCGACGTCAAG-1,2
TCGTATAGTGCAATTA-1,6
TCGTATTACCCATTGC-1,0
TCGTATTTCGTCCGGA-1,10
TCGTCAAGTACGCGCA-1,3
TCGTCACACTGTTAGC-1,11
TCGTCCGCTGGCGTCT-1,13
TCGTCCGGGTACACTC-1,10
TCGTCTTAGGCGTTAA-1,16
TCGTGTACTATGGATG-1,14
TCGTGTATTGGTCACG-1,14
TCGTGTCACGCTGACA-1,7
TCGTGTTCGACCACAA-1,0
TCGTTAGGAGTCCCTA-1,4
TCGTTCGTTATTATGT-1,1
TCGTTGACAGGGTCCC-1,9
TCGTTGCTATCCGGTC-1,3
TCGTTGGCTCGTCAAT-1,6
TCGTTTACGCGACCCT-1,3
TCTAAAGAACAGTCTC-1,7
TCTAACCTAGCCTGCG-1,14
TCTAACTGTATGTAAA-1,5
TCTAATACTGCCTCAG-1,3
TCTACACGTTCATGCA-1,1
TCTACCCAATAGAGAG-1,0
TCTACCCGCATCATTT-1,14
TCTACCGTCCACAAGC-1,15
TCTACGCACGATCTCC-1,17
TCTACGGGCTCAGTTG-1,9
TCTAGCAATCTCCGCC-1,7
TCTAGCATCTTCGATG-1,13
TCTAGCATGCCCAGAA-1,0
TCTAGGTGGCGACGCT-1,12
TCTAGTGATATCGTGG-1,8
TCTAGTTATCAGAAGA-1,1
TCTATAGGTGGGTAAT-1,3
TCTATCATGCAGTTAC-1,6
TCTATCCGATTGCACA-1,2
TCTATCGGTCGCAACA-1,15
TCTATGCTATAACGAC-1,3
TCTATTACGCTGGCGA-1,6
TCTATTACTAGAGGAT-1,0
TCTCAAATCAATCGGG-1,2
TCTCAGGCTACTCGCT-1,14
TCTCATGAGATAGGGT-1,19
TCTCCAACGTAGGTTA-1,0
TCTCCACAAGTTGAAT-1,3
TCTCCCTGGGCAGCGT-1,0
TCTCGAACGAGGTCAC-1,0
TCTCGACGTATCGCCG-1,8
TCTCGAGGAGGTTCGC-1,12
TCTCGGCTCCAGGACT-1,6
TCTCGTGTTACGAGGA-1,7
TCTCTAATAGCTGGTA-1,6
TCTCTCGCCGCACATA-1,0
TCTCTTACCGCGAACC-1,2
TCTGAACCGGTCGGCT-1,6
TCTGAACTCGTACCCG-1,8
TCTGAAGCACGTGGTC-1,4
TCTGAATTCCGTACAA-1,12
TCTGACGGGCTAACCC-1,0
TCTGACTGTAATGGTT-1,11
TCTGAGCAATTGACTG-1,0
TCTGATCGGGTGCTAG-1,1
TCTGATGTATTCTGTC-1,7
TCTGATTGGAAATGGA-1,1
TCTGCACCATTAGTAA-1,5
TCTGCAGATTCGAGTC-1,11
TCTGCATACCTTGCTT-1,4
TCTGCCAGAAACTGCA-1,8
TCTGCGAATCGTTCGC-1,9
TCTGCGTCCGGTTTCT-1,6
TCTGCTTAGAACAAGC-1,12
TCTGGAGCGTAAGAGT-1,12
TCTGGCCGTTCAAGTT-1,1
TCTGGCGCAAGCCGGG-1,9
TCTGGGAACCTTTGAA-1,8
TCTGGGTAGCGCTCAT-1,7
TCTGTCATACAAGAGC-1,0
TCTGTGACTGACCGTT-1,10
TCTGTGATGGAGGTTG-1,0
TCTGTGCCATCATAGT-1,15
TCTGTGGCTACATTTC-1,10
TCTGTTACCCAGCATA-1,7
TCTTAACTCGGATGTA-1,11
TCTTACAGAGGTACCG-1,6
TCTTACCGGAACTCGT-1,1
TCTTACGGCATCCGAC-1,5
TCTTACTTATGCCTCT-1,8
TCTTAGAGCTCCAATT-1,8
TCTTAGAGTGAACTCT-1,8
TCTTATGGGTAGTACC-1,10
TCTTCCCATGGGCACA-1,12
TCTTCGAATAGACGTT-1,15
TCTTCGATACCAATAA-1,0
TCTTCGCGGTGAGAGG-1,11
TCTTCTATAACCCGCC-1,8
TCTTGATGCGTAGCGA-1,0
TCTTGCTCCCGATACT-1,4
TCTTGGTAACACCAAA-1,15
TCTTGGTCAATGATAC-1,2
TCTTTAAGACTATGAA-1,12
TCTTTAGAGTCTAACA-1,12
TCTTTAGCAGGCGAAC-1,1
TCTTTCATCCGTCCTT-1,3
TCTTTCCTTCGAGATA-1,9
TCTTTCGGCGGGACAC-1,10
TCTTTCTCTTAAGGAG-1,10
TGAAACCTCAACTCAC-1,11
TGAAACTTATGCAAGC-1,0
TGAAAGGACCTGACTC-1,12
TGAACAAGCAGGGACT-1,3
TGAACACCCGAAGCAG-1,11
TGAACTGCTATGACTT-1,9
TGAAGAGCGGTCCTAG-1,13
TGAAGTAGCTTACGGA-1,6
TGAATACCGACGCGTA-1,3
TGAATATGCTATAAAC-1,9
TGAATGAGATACAGCA-1,9
TGAATGAGTGTTTCCC-1,2
TGAATGTCAGCCGGCC-1,8
TGAATTTCACTTGCCT-1,3
TGACAACGCATGTCGC-1,12
TGACAACTTAAAGGTG-1,17
TGACACTTCTCTTTGC-1,5
TGACAGGACAAGTCCA-1,4
TGACATATATGACGAT-1,9
TGACATCGAGCGGACC-1,9
TGACATGTAACGTGAC-1,2
TGACCAAATCTTAAAC-1,2
TGACCAGCTTCAAAGT-1,1
TGACCCAACTCACATT-1,11
TGACCCACGTTAGACA-1,5
TGACCCAGCATTCCCG-1,1
TGACGAATATTTCCCT-1,7
TGACGATGCACTAGAA-1,8
TGACTATAATCCTTTC-1,0
TGACTCCGAATCATAC-1,3
TGACTCTAACTGGTAA-1,16
TGAGAATGCTTTACCG-1,6
TGAGACGTACCTCTCA-1,1
TGAGAGATTTACCACG-1,8
TGAGATCAAATACTCA-1,0
TGAGATTAGGCCCTAA-1,0
TGAGCAGTCGTGAAGT-1,10
TGAGCCATACAGTCTC-1,7
TGAGCGGAAAGTGTTC-1,4
TGAGCTCAACTGTATA-1,9
TGAGCTTTAATGACGC-1,1
TGAGGAGTGCCAGCTT-1,4
TGAGGCATGTACTGTG-1,4
TGAGGTGTGTGGCGGA-1,2
TGAGGTTGATCCCAAG-1,10
TGAGTAAATTAGCGTA-1,0
TGAGTGCCTCTTAAAT-1,16
TGAGTGGTCCGTGACG-1,12
TGAGTGTAACAACGGG-1,14
TGAGTTAAAGACATTC-1,8
TGATACATTTAGCCGT-1,3
TGATAGCGGGATTCTA-1,11
TGATCACCACACTGAC-1,2
TGATCAGGGAACTGCT-1,3
TGATCCCAGCATTAGT-1,15
TGATCGGTTTGACCCT-1,13
TGATCTACGCTGATCT-1,11
TGATCTATCACACTCT-1,17
TGATCTCCGGCGCCAG-1,6
TGATGCTCACGTAGTC-1,1
TGATGGCTGTTTCTGA-1,15
TGATGGGACTAAGTCA-1,10
TGATGTCAATTAAGTG-1,0
TGATTATGGCACGCAG-1,5
TGATTCAGGTCCCGCG-1,14
TGATTCCCGGTTACCT-1,2
TGATTCGTCTATCACT-1,11
TGATTCTGTCGCCGGT-1,7
TGATTTATTAGCTGTG-1,0
TGATTTCCTCCTGACG-1,6
TGCAAACCCACATCAA-1,10
TGCAAACGTACTAGTT-1,3
TGCAAAGTTCGTCTGT-1,2
TGCAACCCATCTGCGG-1,4
TGCAACTACTGGTTGA-1,2
TGCAAGAATGACGTAA-1,1
TGCAATCTAACACGGT-1,3
TGCAATTTGGGCACGG-1,5
TGCACAGTGAAGTTAT-1,1
TGCACGAGTCGGCAGC-1,0
TGCACTATGTGAGTGC-1,13
TGCAGAACTATATCGT-1,4
TGCAGAGTACCGAGCA-1,7
TGCAGATCGTCCTAGG-1,16
TGCAGCTACGTACTTC-1,7
TGCAGGATCGGCAAAG-1,1
TGCAGTGAGGCTCGGG-1,9
TGCAGTGGTAGGGAAC-1,2
TGCAGTTTCCTCCCAT-1,8
TGCATATGTCTGTCAC-1,0
TGCATCTCCGGATCTT-1,1
TGCATGAGTAGATTCG-1,11
TGCATGGATCGGATCT-1,18
TGCATGGCAGTCTTGC-1,1
TGCATGTGACCCATAG-1,3
TGCATGTGGTAATCTA-1,15
TGCCAAAGTCAGACTT-1,7
TGCCAATGGGTACTCT-1,4
TGCCACACTAGAGGAA-1,7
TGCCACCTGGCGAAAC-1,18
TGCCAGTACGTGGAGA-1,0
TGCCATGGCTTATAAG-1,1
TGCCATTACTAAAGAA-1,1
TGCCCGATAGTTAGAA-1,2
TGCCCGTACCGTTAAA-1,19
TGCCGAAAGCGTATTC-1,1
TGCCGATGTCATCAAT-1,11
TGCCGGATGTACGAGC-1,2
TGCCGTGGATCGTCCT-1,4
TGCCGTGGGACCCAAT-1,2
TGCCGTTCTTAATCGG-1,2
TGCCTAAATTTAATAG-1,12
TGCCTAATTGAAGATT-1,16
TGCCTGACATCGGTCA-1,6
TGCCTGATCAAACGAT-1,1
TGCCTTGCCCTTACGG-1,11
TGCCTTGGCCAGGCAA-1,16
TGCGAATATGGGATTT-1,7
TGCGACACCCTAGTGC-1,7
TGCGACGGCCGAACGT-1,2
TGCGAGAAACGTTACG-1,10
TGCGAGAATATTACCC-1,4
TGCGAGATGGCGGCCA-1,5
TGCGAGCCCTTCCGCG-1,0
TGCGATGCTAATGGCT-1,13
TGCGCAAAGCATTTGG-1,1
TGCGCCGTTAATAACG-1,12
TGCGCGATTAACGGAG-1,13
TGCGGACTTGACTCCG-1,2
TGCGGAGTAAAGGTGC-1,15
TGCGGCATAGTTCAAC-1,6
TGCGGGTATTGGGATC-1,0
TGCGGTCTACGAGTAA-1,1
TGCGGTGAAATTTCAT-1,1
TGCGTAAGAACCTGAT-1,7
TGCGTACGGCTAATTG-1,3
TGCGTCATGACTGAGC-1,3
TGCGTGATTGGGTGTC-1,11
TGCGTTTGTTGACACT-1,16
TGCTAAGTGTCTATTT-1,19
TGCTATACAAACGGAC-1,1
TGCTATGGCAAAGGGA-1,2
TGCTCACACAACAACC-1,1
TGCTCCACAGTTCTTA-1,8
TGCTCGGCGAAACCCA-1,4
TGCTCGGTGGGTCACC-1,4
TGCTCTGCCGGTTCAC-1,0
TGCTCTTGAGAGTTTG-1,4
TGCTGCGTCAGAGTTA-1,10
TGCTGGTTGGACAATT-1,6
TGCTGTTGAAGAACTC-1,10
TGCTTAGAGAGAATGC-1,2
TGCTTCCCAAGCAGTA-1,4
TGCTTGAAACCATGCA-1,5
TGGAAACGGAGTGAAC-1,0
TGGAACCACTGACACA-1,15
TGGAAGAAGGGAACGT-1,7
TGGAAGACGAACACCA-1,6
TGGAAGGATAAAGATG-1,18
TGGAATATCCTTGACC-1,5
TGGAATTAGACGCTTT-1,5
TGGACACCGTTGCTTG-1,13
TGGACCAATCTAAGAT-1,4
TGGACCACGGCGTTGA-1,0
TGGACGCAATCCAGCC-1,3
TGGACGTAGGCGAATC-1,5
TGGACTGTTCGCTCAA-1,0
TGGAGAATAATCGTCC-1,3
TGGAGCTAAAGTTCCC-1,0
TGGAGGGAAACACCTC-1,9
TGGAGTGATGCGATGA-1,13
TGGATAGAGTAACAGA-1,5
TGGATGGCATCTTGGA-1,17
TGGCAAACTAAATTAC-1,16
TGGCAACTCGCGCGCC-1,1
TGGCAAGCACAAGTCG-1,4
TGGCAATGGGACGGCG-1,0
TGGCACGAGCTCGAGT-1,1
TGGCAGATTACGATCA-1,0
TGGCAGCAGTAATAGT-1,9
TGGCATGAAGTTTGGG-1,3
TGGCCAAACTGAAGTA-1,18
TGGCCAATTTGGTACT-1,7
TGGCCGTATATTGACC-1,13
TGGCGACTGCTCCAAA-1,4
TGGCGATCAAGTTATG-1,4
TGGCGGTGTGCGATTG-1,10
TGGCTACACTCTACCT-1,4
TGGCTATGTGACATAC-1,3
TGGCTCTTGTCGCGTA-1,7
TGGCTTATGTATAATG-1,14
TGGCTTGTACAAGCTT-1,9
TGGCTTTGGGTAGACA-1,6
TGGGAAATGCCTTTCC-1,13
TGGGACCATTGGGAGT-1,10
TGGGATGCACTCATTC-1,1
TGGGCAATAGTTGGGT-1,8
TGGGCACAAACAGAAC-1,11
TGGGCACGTTCTATGG-1,0
TGGGCAGGCCACCGCA-1,12
TGGGCCACAAGAGCGC-1,1
TGGGCCCATACTAATT-1,8
TGGGCCTTGCCTGCAT-1,10
TGGGCGATACAATAAG-1,3
TGGGTAAGGTTCCCGC-1,9
TGGGTGCACAAGCCAT-1,3
TGGGTGGGATGTCATT-1,5
TGGGTGTAATAGATTT-1,3
TGGGTGTTAAGTAGAA-1,2
TGGGTTCCCGGACGGA-1,11
TGGGTTTCGGGCGTAC-1,2
TGGTAAGCAGGATTGA-1,0
TGGTACCGGCACAGCC-1,11
TGGTAGAATATATGGG-1,5
TGGTATCGCATCCCAA-1,0
TGGTATCGGTCTGTAT-1,1
TGGTCCCACGCTACGG-1,0
TGGTCGATATACCTCT-1,2
TGGTCGTGCAAGGCAA-1,7
TGGTCGTTTGATAGAT-1,1
TGGTCTAGCTTACATG-1,6
TGGTCTGTTGGGCGTA-1,5
TGGTGATCGTATTTGT-1,5
TGGTGCCCTGCCTTAC-1,2
TGGTGTGACAGACGAT-1,10
TGGTTAACTTACATTT-1,2
TGGTTAAGGGCGCTGG-1,5
TGGTTATGCTTGCGGT-1,6
TGGTTCAACGGGTAAT-1,16
TGGTTCGTAGCAAAGG-1,6
TGGTTGGAGGATCCTG-1,1
TGGTTTAAACGTGGGT-1,5
TGTAACTTGTCAACCT-1,5
TGTAAGACTGATAAGA-1,3
TGTAATGACCACAATA-1,0
TGTAATGCCTTCGGAC-1,1
TGTACCCGACCCTAAT-1,4
TGTACCTACACGAGGG-1,4
TGTACGAACAAATCCG-1,9
TGTACGCTATCAGCTT-1,1
TGTACTACTCTCACGG-1,9
TGTACTATCGCTCGTT-1,14
TGTACTGTGCCAAAGT-1,10
TGTACTTCCGGGCATG-1,3
TGTAGCCAATTCCGTT-1,2
TGTAGCCATCCCATTC-1,0
TGTAGGAGAAATTTCC-1,12
TGTAGTGATCTATAAT-1,5
TGTATAACAGATCCTG-1,15
TGTATACGGATGATGA-1,5
TGTATCAGACTGAAGC-1,5
TGTATCCTTATTCCAT-1,0
TGTATGGCGCAGACAG-1,8
TGTATTTACCTAATGC-1,0
TGTCATTTGTTGGGAA-1,5
TGTCCACGGCTCAACT-1,4
TGTCCCGACATAGCAC-1,11
TGTCCGCAAACAATTC-1,3
TGTCCGTGGCGCCTTT-1,15
TGTCCTAAGTCACCGC-1,5
TGTCGGCATGGTGGAA-1,1
TGTCGTGGGTATAGGC-1,2
TGTCGTTATCACATAT-1,3
TGTCTACAGTTTCTGT-1,11
TGTGACTACGCCAGTC-1,1
TGTGACTAGAGTTTGC-1,3
TGTGAGACTAGCCCAA-1,4
TGTGATTCCAGCGCTT-1,11
TGTGCCAGAGGCAAAG-1,14
TGTGCCGGTGCCGGAA-1,0
TGTGCTTTACGTAAGA-1,0
TGTGGACTATCTACGT-1,12
TGTGGAGGAAGCTTAA-1,5
TGTGGCAAAGCGTATG-1,18
TGTGGCGGGCTTCTGG-1,4
TGTGGCTCCCACCAAC-1,8
TGTGGTAGGGTGCCTT-1,9
TGTGGTTGCTAAAGCT-1,2
TGTGTAGTAGCACGTG-1,12
TGTGTCGAAGTCGAGG-1,7
TGTGTCGCGAGTTGCA-1,13
TGTGTGACCATGAATC-1,14
TGTGTTCGTATCCAAG-1,5
TGTTAACAAAGTGACT-1,14
TGTTATTGTATGTGGC-1,8
TGTTCATAAATGTGCT-1,8
TGTTCCGCTTCCATGA-1,1
TGTTCCGGCCTGAGCT-1,2
TGTTCGTATTGCGGTG-1,16
TGTTCTCATACTATAG-1,14
TGTTCTCTACTCCCTA-1,10
TGTTCTTCCATTGACT-1,5
TGTTGCCGTCGTCCCA-1,12
TGTTGGCTGGCGGAAG-1,10
TGTTGTCAAGAAGTCT-1,1
TGTTTAATACTTCATC-1,10
TGTTTCGGTACTTCTC-1,6
TGTTTCTGAAGCGTGC-1,4
TGTTTGAGATCGTCAG-1,12
TTAAACAGAGTCCCGC-1,1
TTAAACCGGTAGCGAC-1,0
TTAAACCTGGTTCCTT-1,5
TTAAACTCGAATTCAT-1,12
TTAAAGGCGATGCTCG-1,2
TTAAAGTAAGTCGCCA-1,3
TTAACACCTCGAACAT-1,11
TTAACCAACCCTCCCT-1,6
TTAACCCGAGGCGTGT-1,14
TTAACGAACAAGCAGT-1,5
TTAACGTCGCAAGACC-1,0
TTAACGTTAAAGCCTG-1,9
TTAACTCACGCGTGGA-1,5
TTAACTGATCGTTTGG-1,7
TTAACTTCAGGTAGGA-1,3
TTAAGACGAACGAACC-1,1
TTAAGATACCCAGAGA-1,3
TTAAGATAGGATTGAC-1,8
TTAAGCCGACAACTTC-1,0
TTAAGCGCCTGACCCA-1,6
TTAAGGATACGGAGGT-1,10
TTAAGGCCCGTACTTT-1,2
TTAAGTATTGTTATCC-1,3
TTAATCAGTACGTCAG-1,1
TTAATGCGAGGTAACT-1,0
TTAATGTAGACCAGGT-1,15
TTAATGTGTTTGCAGG-1,5
TTAATTGCTTTGGGTG-1,3
TTAATTTCAGACGCGG-1,1
TTACAACTACGCATCC-1,6
TTACACGATCTGCGAC-1,0
TTACAGACCTAAATGA-1,1
TTACATCGTGGCCTGG-1,6
TTACATGCCACAACTA-1,8
TTACCATTGATTACCC-1,5
TTACCCATTGCCGGGT-1,1
TTACCCTAACAGTCCT-1,5
TTACCCTAGGGATTGG-1,4
TTACCGCCTTAGGGAA-1,6
TTACGGATGGTTCGAG-1,12
TTACGGTGTCACCGAG-1,9
TTACGTAGCGCGTGCT-1,1
TTACGTATCTATGACA-1,4
TTACTAAAGGACTTTA-1,16
TTACTATCGGCTTCTC-1,0
TTACTCCGGCCGGGAA-1,1
TTACTCTGGTACGTAC-1,7
TTACTGGGATATTTCA-1,16
TTACTGTCTAGAGCTC-1,9
TTACTGTTTCTCTACG-1,0
TTAGAAGAACATGACT-1,0
TTAGAATAAGGGTCGG-1,2
TTAGACACGATCGTTG-1,1
TTAGACGAGTCACCTC-1,19
TTAGAGGGATATACAG-1,7
TTAGAGTATTGTCGAG-1,2
TTAGAGTTTAGAAGGA-1,8
TTAGATAGGTCGATAC-1,6
TTAGCAACATGGATGT-1,13
TTAGCCATAGGGCTCG-1,2
TTAGCGAATAGATAGG-1,14
TTAGCTAATACGATCT-1,0
TTAGCTCTGTAATCCG-1,5
TTAGCTGATTTGCCGT-1,8
TTAGGATGGGAGGGTA-1,12
TTAGGTCATAACCGAC-1,2
TTAGGTGTGACTGGTC-1,10
TTAGTAAACCTGCTCT-1,4
TTAGTAGGGCGGCGGG-1,5
TTAGTTATTCGTGGCA-1,8
TTAGTTCAAGTGTTCG-1,5
TTATAGATGCACATTA-1,10
TTATAGGTAATTGTCT-1,4
TTATAGTCCAAGGTGC-1,1
TTATATACGCTGTCAC-1,1
TTATATTTGGCAATCC-1,15
TTATCATACTCGCAAA-1,10
TTATCCAATCGAACTC-1,6
TTATCCGGGATCTATA-1,19
TTATCCTCAAGGAATA-1,3
TTATCGCCTGCGAAGC-1,5
TTATCTGACATTAGGA-1,7
TTATCTGTATCATAAC-1,6
TTATGAATGAAAGGGA-1,10
TTATGACAAACTGGAT-1,13
TTATGATCTTAACGAA-1,8
TTATGCGTCCCGGTCC-1,10
TTATGTTTGCGATAGA-1,11
TTATTAGAGCGTGTTC-1,0
TTATTAGGGAAGCATC-1,6
TTATTATCTGGAAGGC-1,9
TTATTTAGGTTCCTTA-1,11
TTATTTCATCCCAAAC-1,10
TTCAAAGTCTCTAGCC-1,1
TTCAACGACCCGACCG-1,6
TTCAAGCCGAGCTGAG-1,0
TTCAATACTCTGAATC-1,8
TTCAATTAGCCATAAT-1,10
TTCACGAAAGGATCAC-1,0
TTCACGGTCGTCACGT-1,3
TTCACTCGAGCACCTA-1,16
TTCACTTCCTAGAACG-1,2
TTCAGAGTAACCTGAC-1,0
TTCAGCCCTGGTCCAC-1,19
TTCAGCTGGCGTGCCC-1,16
TTCAGGCGTCAAAGCC-1,0
TTCAGTTCAAGAGGAG-1,2
TTCAGTTTGTGGCAGC-1,0
TTCATAGCCTTGTAAC-1,11
TTCATAGGGTGTCCAT-1,11
TTCATGGCGCAACAGG-1,18
TTCCAATCAGAGCTAG-1,1
TTCCAATCTGGCTATC-1,7
TTCCACACAGATTTGA-1,4
TTCCACATTTCTCGTC-1,1
TTCCAGACGAGATTTA-1,8
TTCCAGTGGGTTTCGT-1,2
TTCCATCATGCGGTGA-1,1
TTCCATCGACAGCGTG-1,0
TTCCCAAAGTACTGAT-1,14
TTCCCGACGCTTCACT-1,0
TTCCCGGCGCCAATAG-1,7
TTCCGCAGAGAAATAT-1,5
TTCCGCGTGAGGCGAT-1,0
TTCCGGCCTTGAGGCT-1,4
TTCCGGCTCGACTTCT-1,5
TTCCGGTATCTGTGTC-1,8
TTCCGGTTACCCACTT-1,8
TTCCTCGAGGGTGTCT-1,6
TTCCTCGGACTAACCA-1,19
TTCCTCTGCCCGAATA-1,0
TTCCTTTCTGTGTTGC-1,11
TTCGAACGAAACATGC-1,17
TTCGACAGAGCCCGTG-1,0
TTCGACGGGAAGGGCG-1,6
TTCGAGCCGGCGCTAC-1,10
TTCGCACTCGCGTGCT-1,6
TTCGCACTGTACGACA-1,4
TTCGCATCCGGAAGCA-1,11
TTCGCCGCTCGCGCTA-1,3
TTCGCGCGCCATACGA-1,3
TTCGCTAGGAAGTTGT-1,12
TTCGCTATCTGACGTG-1,0
TTCGGACTGATGCCTT-1,1
TTCGGACTGGGCATGG-1,4
TTCGGCAACCCGCTGA-1,1
TTCGGCTAGAGATGGT-1,13
TTCGGGACTAATCGCG-1,0
TTCGGGCGCTAGTCTT-1,4
TTCGGGTTGCCACGGG-1,11
TTCGGTACTGTAGAGG-1,3
TTCGGTGGAGACGCCC-1,8
TTCGTAATCCCAGCGG-1,9
TTCGTACTCCAGAACG-1,5
TTCGTGCATGTTATAG-1,17
TTCGTGGGCTGGAAGC-1,1
TTCGTTCAACGAAGTT-1,5
TTCTAACCGAAGCTTA-1,12
TTCTACCTCAATCGGT-1,3
TTCTACCTTTATGTTG-1,8
TTCTACTTGCGAGGGC-1,6
TTCTAGAAAGTCTTAT-1,3
TTCTAGGCCAATTGTG-1,13
TTCTATGCCTTTCGCA-1,0
TTCTATTAAACGCAGC-1,3
TTCTCAATTGCTACAA-1,2
TTCTCTTACAGGTGAT-1,3
TTCTGACCGGGCTCAA-1,16
TTCTGCCGCGCCTAGA-1,0
TTCTGCGAGCGCCCTT-1,0
TTCTGCGGGTTAGCGG-1,8
TTCTGCTAGACTCCAA-1,1
TTCTGTTTCCTGTCGC-1,13
TTCTTAGTGAACGGTG-1,6
TTCTTAGTGGCTCAGA-1,6
TTCTTATCCGCTGGGT-1,8
TTCTTCCCTTTGATAT-1,5
TTCTTCGCAATAGAGC-1,0
TTCTTGAGCCGCGCTA-1,4
TTCTTGCTAGCATCTC-1,8
TTCTTGGACGATCTGC-1,7
TTCTTGGAGTAATGAG-1,1
TTCTTGTAACCTAATG-1,6
TTCTTGTGTCCATCAG-1,9
TTCTTTGGTCGCGACG-1,15
TTGAAACCCTCATTCC-1,4
TTGAAAGGTGTAAAGG-1,5
TTGAACGAATCCTTTG-1,13
TTGAACGACGTGCTGA-1,3
TTGAAGAATTCCCAGG-1,6
TTGAAGGATGGGCGCC-1,4
TTGAAGTGCATCTACA-1,14
TTGAATATGGACTTTC-1,1
TTGAATCGTTGTATAA-1,7
TTGAATTCACGTGAGG-1,8
TTGACAGGAGCTCCCG-1,8
TTGACATGAACGTGGA-1,7
TTGACCAGGAACAACT-1,3
TTGACCATGTTCTCCG-1,1
TTGACCGTGTTAATGA-1,4
TTGACGATTCAGCACG-1,0
TTGACGCTCCATGAGC-1,8
TTGACTACCATATGGT-1,4
TTGACTATTGTCCGGC-1,8
TTGAGAAGTTTAGCAT-1,0
TTGAGAGTACTGCTAA-1,7
TTGAGCAGCCCACGGT-1,8
TTGAGCGCCACGTGAT-1,12
TTGAGGCATTTAACTC-1,12
TTGAGTCCCGCTGCTG-1,1
TTGATAGTCAATACAT-1,5
TTGATCTAACTTTGTC-1,13
TTGATGCCGCTCGTCG-1,2
TTGATGTGTAGTCCCG-1,1
TTGATTAGCTGTTTCT-1,3
TTGATTATGCAGATGA-1,5
TTGCAAGAAGACTCCT-1,2
TTGCACAATTCAGAAA-1,0
TTGCACGGAGCAGCAC-1,6
TTGCAGGTCATGAAGT-1,1
TTGCATGCTGATCACG-1,7
TTGCCAAGCAGAACCC-1,8
TTGCCATAGCCCGCTC-1,3
TTGCCCTGATCACGGG-1,0
TTGCCGCAGACCTACA-1,3
TTGCCGCTTTCTAGTA-1,3
TTGCCGGTGATCCCTC-1,0
TTGCCTAATCCAAAGT-1,2
TTGCCTTCTCGCCGGG-1,4
TTGCGCACAACCACGT-1,14
TTGCGCTCTCTCGCTT-1,11
TTGCGCTTGATCAATA-1,4
TTGCGGAAAGCTGCCC-1,17
TTGCGGCATCAGAAAG-1,4
TTGCGGCGACTCATGC-1,0
TTGCGTAGTTTGAGGA-1,5
TTGCGTCGGCCAACCG-1,4
TTGCGTGAACGCTTAG-1,0
TTGCGTGTGTAGGCAT-1,7
TTGCTAGCTACCAATC-1,11
TTGCTCATAGTACGTG-1,4
TTGCTCCCATACCGGA-1,1
TTGCTGAAGGAACCAC-1,6
TTGCTGATCATGTTCG-1,1
TTGCTGCACCTATCCA-1,15
TTGCTGGCCGGGCTTC-1,10
TTGGAAGAATACAGTC-1,3
TTGGACATGTGGCTTA-1,7
TTGGACCATCTGGCAA-1,8
TTGGACCTATAACAGT-1,4
TTGGAGTCTCCCTTCT-1,11
TTGGATATCGTCTACG-1,7
TTGGATCGACTTCTGG-1,1
TTGGATTGGGTACCAC-1,6
TTGGCCAAATTGTATC-1,2
TTGGCCATCTTGCGCT-1,13
TTGGCCTAGAATTTCG-1,1
TTGGCGATCCGAATAT-1,1
TTGGCTCAATATGTGT-1,4
TTGGCTCGCATGAGAC-1,6
TTGGGAAGACGAGCCG-1,2
TTGGGACACTGCCCGC-1,15
TTGGGACGTAAGAGTT-1,8
TTGGGCGGCGGTTGCC-1,15
TTGGGTTTATTCAGCG-1,9
TTGGTATGGCTTGTGT-1,1
TTGGTCACACTCGTAA-1,4
TTGGTGCGGTGTTGAA-1,1
TTGGTTCGCTCAAAGG-1,12
TTGGTTGCGGTGCGCG-1,7
TTGTAACTTCATAGCG-1,1
TTGTAAGGACCTAAGT-1,7
TTGTAAGGCCAGTTGG-1,18
TTGTAATCCGTACTCG-1,0
TTGTACACCTCGAACA-1,7
TTGTATCACACAGAAT-1,0
TTGTCACCGCGGTATC-1,7
TTGTCGTTCAGTTACC-1,6
TTGTCTCGGCAAGATG-1,17
TTGTGAACCTAATCCG-1,0
TTGTGAGGCATGACGC-1,7
TTGTGATCTGTTCAGT-1,3
TTGTGCAGCCACGTCA-1,4
TTGTGCGGAAGCGGAT-1,3
TTGTGGCCCTGACAGT-1,6
TTGTGGTAGGAGGGAT-1,7
TTGTGGTATAGGTATG-1,5
TTGTGGTGGTACTAAG-1,4
TTGTGTATGCCACCAA-1,4
TTGTGTTTCCCGAAAG-1,4
TTGTTAGCAAATTCGA-1,13
TTGTTCAGTGTGCTAC-1,18
TTGTTCTAGATACGCT-1,6
TTGTTGGCAATGACTG-1,17
TTGTTGTGTGTCAAGA-1,15
TTGTTTCACATCCAGG-1,3
TTGTTTCATTAGTCTA-1,2
TTGTTTCCATACAACT-1,3
TTGTTTGTATTACACG-1,17
TTGTTTGTGTAAATTC-1,0
