barcode,cluster
AAACAACGAATAGTTC-1,7
AAACAAGTATCTCCCA-1,0
AAACAATCTACTAGCA-1,1
AAACACCAATAACTGC-1,8
AAACAGAGCGACTCCT-1,4
AAACAGCTTTCAGAAG-1,2
AAACAGGGTCTATATT-1,2
AAACAGTGTTCCTGGG-1,1
AAACATGGTGAGAGGA-1,8
AAACATTTCCCGGATT-1,9
AAACCACTACACAGAT-1,5
AAACCCGAACGAAATC-1,0
AAACCGGAAATGTTAA-1,0
AAACCGGGTAGGTACC-1,2
AAACCGTTCGTCCAGG-1,0
AAACCTAAGCAGCCGG-1,2
AAACCTCATGAAGTTG-1,2
AAACGAAGAACATACC-1,0
AAACGAAGATGGAGTA-1,2
AAACGACAGTCTTGCC-1,5
AAACGAGACGGTTGAT-1,3
AAACGCCCGAGATCGG-1,5
AAACGCTGGGCACGAC-1,0
AAACGGGCGTACGGGT-1,9
AAACGGGTTGGTATCC-1,1
AAACGGTTGCGAACTG-1,1
AAACGTGTTCGCCCTA-1,1
AAACTAACGTGGCGAC-1,5
AAACTCGGTTCGCAAT-1,1
AAACTCGTGATATAAG-1,3
AAACTGCTGGCTCCAA-1,3
AAACTTAATTGCACGC-1,8
AAACTTGCAAACGTAT-1,2
AAAGAATGACCTTAGA-1,8
AAAGAATGTGGACTAA-1,9
AAAGACATGAAGTTTA-1,5
AAAGACCCAAGTCGCG-1,1
AAAGACTGGGCGCTTT-1,2
AAAGCTTGCCTACATA-1,5
AAAGGCCCTATAATAC-1,6
AAAGGCTACGGACCAT-1,8
AAAGGCTCTCGCGCCG-1,0
AAAGGGATGTAGCAAG-1,2
AAAGGGCAGCTTGAAT-1,7
AAAGGTAAGCTGTACC-1,5
AAAGGTCAACGACATG-1,5
AAAGTAGCATTGCTCA-1,6
AAAGTCACTGATGTAA-1,1
AAAGTCGACCCTCAGT-1,2
AAAGTGCCATCAATTA-1,0
AAAGTGTGATTTATCT-1,0
AAAGTTGACTCCCGTA-1,4
AAATAACCATACGGGA-1,4
AAATAAGGTAGTGCCC-1,0
AAATACCTATAAGCAT-1,3
AAATAGCTTAGACTTT-1,4
AAATAGGGTGCTATTG-1,1
AAATCACTCCTAAACG-1,5
AAATCCGATACACGCC-1,9
AAATCGCGGAAGGAGT-1,2
AAATCGTGTACCACAA-1,3
AAATCTAGCCCTGCTA-1,9
AAATCTGCCCGCGTCC-1,0
AAATGACTGATCAAAC-1,8
AAATGATTCGATCAGC-1,5
AAATGCTCGTTACGTT-1,7
AAATGGCATGTCTTGT-1,0
AAATGGCCCGTGCCCT-1,2
AAATGGTCAATGTGCC-1,3
AAATGTATCTTATCCC-1,2
AAATGTGGGTGCTCCT-1,0
AAATTAACGGGTAGCT-1,3
AAATTAATAAGCGCGA-1,2
AAATTACACGACTCTG-1,4
AAATTACCTATCGATG-1,0
AAATTCCAGGTCCAAA-1,4
AAATTGATAGTCCTTT-1,6
AAATTGCGGCGGTTCT-1,7
AAATTGGTGAGAAGCA-1,5
AAATTTACCGAAATCC-1,5
AAATTTGCGGGTGTGG-1,1
AACAACTGGTAGTTGC-1,7
AACAATACATTGTCGA-1,6
AACAATTACTCTACGC-1,2
AACACACGCTCGCCGC-1,0
AACACGACTGTACTGA-1,4
AACACGAGACGCGGCC-1,2
AACACGCGGCCGCGAA-1,7
AACAGCTGTGTGGCAA-1,6
AACAGGAAATCGAATA-1,0
AACAGGATGGGCCGCG-1,7
AACAGGTAGTATGGAT-1,0
AACATAGCGTGTATCG-1,10
AACATATCAACTGGTG-1,0
AACATCGATACGTCTA-1,1
AACATTGAAGTTGATC-1,6
AACATTGGTCAGCCGT-1,1
AACATTGTGACTCGAG-1,8
AACCAAGACTTCTCTG-1,1
AACCAGTATCACTCTT-1,5
AACCATAGGGTTGAAC-1,8
AACCATGGGATCGCTA-1,1
AACCCAGAGACGGAGA-1,7
AACCCATCCCATGATC-1,6
AACCCGACAACCCGTG-1,8
AACCCGAGCAGAATCG-1,1
AACCCGATAGGGCTTC-1,5
AACCCGCTGTATTCCA-1,8
AACCCTACTGTCAATA-1,4
AACCCTGGTGGAACCA-1,4
AACCGAGCTTGGTCAT-1,0
AACCGCTAAGGGATGC-1,0
AACCGTTGTGTTTGCT-1,0
AACCTAAAGCCGTCCG-1,5
AACCTCGCTTTAGCCC-1,9
AACCTGTCACGGAATT-1,4
AACCTTTAAATACGGT-1,1
AACCTTTACGACGTCT-1,4
AACGAAAGTCGTCCCA-1,8
AACGACCTCCTAGCCG-1,0
AACGATAATGCCGTAG-1,3
AACGATAGAAGGGCCG-1,7
AACGATATGTCAACTG-1,0
AACGCATGATCTGGGT-1,4
AACGCGAACGGCAACA-1,7
AACGCGACCTTGGGCG-1,4
AACGCGGTCTCCAGCC-1,0
AACGCTGTTGCTGAAA-1,9
AACGGACGTACGTATA-1,4
AACGGCCATCTCCGGT-1,2
AACGTACTGTGGGTAC-1,3
AACGTAGTCTACCCAT-1,1
AACGTCAGACTAGTGG-1,2
AACGTCATCCGGCTTG-1,8
AACGTCGCTGCACTTC-1,0
AACGTGATGAAGGACA-1,1
AACGTGCGAAAGTCTC-1,3
AACGTTATCAGCACCT-1,2
AACGTTCTACCATTGT-1,4
AACTACCCGTTTGTCA-1,4
AACTAGCGTATCGCAC-1,1
AACTAGGCTTGGGTGT-1,0
AACTCAAGTTAATTGC-1,3
AACTCCAGAGCGTGTT-1,9
AACTCCTAATCCCATG-1,0
AACTCGATAAACACGT-1,7
AACTCGATGGCGCAGT-1,7
AACTCTCAATAGAGCG-1,4
AACTCTCAGTGTGCTC-1,6
AACTGAGGTCAGCGTC-1,5
AACTGAGTTATACTGA-1,0
AACTGATATTAGGCCT-1,0
AACTGGGTCCCGACGT-1,0
AACTGGGTTCGAGCCG-1,5
AACTGGTGTGGGCCTT-1,1
AACTTCTGCGTCTATC-1,7
AACTTGCCCGTATGCA-1,2
AACTTGCGTTCTCGCG-1,2
AACTTTACGGGAGCTT-1,2
AACTTTAGCTGCTGAG-1,0
AACTTTCTCGATCATG-1,5
AAGAAAGTTTGATGGG-1,8
AAGAAATCACCAGATT-1,5
AAGAAGGATCAGTTAG-1,7
AAGACATACGTGGTTT-1,9
AAGACCAAATAACTCA-1,8
AAGACCCAACTGAACA-1,6
AAGACTAACCCGTTGT-1,7
AAGACTCACGCCCACT-1,5
AAGACTGCAAGCTACT-1,3
AAGAGATGAATCGGTA-1,7
AAGAGCTCTTTATCGG-1,3
AAGAGGATGTACGCGA-1,1
AAGAGGCATGGATCGC-1,3
AAGAGGCCCTTTGGAA-1,0
AAGATGGCACCGGACC-1,6
AAGATTGGCGGAACGT-1,0
AAGCACCCTGCGTATC-1,4
AAGCATACTCTCCTGA-1,1
AAGCCACTTGCAGGTA-1,6
AAGCCGAAGCGGTTTA-1,0
AAGCCGCCGTGAAATC-1,6
AAGCCGCTTTACCTTG-1,5
AAGCCGGAGAGCAGGA-1,0
AAGCGCAGGGCTTTGA-1,1
AAGCGGAGTGCGCGCA-1,5
AAGCGGCGTCATGGGT-1,4
AAGCGTCCCTCATCGA-1,6
AAGCTAGATCGAGTAA-1,3
AAGCTATGGATTGACC-1,8
AAGCTCGTGCCAAGTC-1,3
AAGCTCTTTCATGGTG-1,0
AAGGAGAACTTATAAG-1,4
AAGGAGCGGTTGGTGC-1,1
AAGGATCGATCGCTTG-1,0
AAGGATGAGGGACCTC-1,0
AAGGCAGGCTGTCTCC-1,0
AAGGCGCGTAAAGCTT-1,2
AAGGCTGTGCTCATCG-1,7
AAGGGAACGACTGGCT-1,8
AAGGGACAGATTCTGT-1,0
AAGGGACTATGCATTC-1,8
AAGGGTTAGCCATGCG-1,4
AAGGGTTTGATTTCAG-1,2
AAGGTATCCTAATATA-1,1
AAGGTGATAAACCAGC-1,0
AAGTAAGCTTCCAAAC-1,1
AAGTAGAAGACCGGGT-1,1
AAGTAGTGACGCGAGG-1,1
AAGTCAATTGTCGTCA-1,0
AAGTCTAGTAGCTGCC-1,5
AAGTCTTCTGTGGCCT-1,2
AAGTGACGACCGAATT-1,2
AAGTGAGTCGGGTTTA-1,6
AAGTGCAAAGGTAGAC-1,2
AAGTGCCTTGACTGTA-1,0
AAGTGCGTTAGAATCT-1,2
AAGTGCTTCTCTATTG-1,8
AAGTGTTTGGAGACGG-1,1
AAGTTCACTCCAAGCT-1,9
AAGTTCAGTCTGCGTA-1,0
AAGTTCGGCCAACAGG-1,2
AAGTTGTGATGTTATA-1,9
AAGTTTACTAATGGCA-1,0
AAGTTTATGGGCCCAA-1,4
AATAACAACGCTCGGC-1,2
AATAACACTAGAACAA-1,6
AATAACGTCGCGCCCA-1,0
AATAATCTTCGTATCG-1,4
AATACAATGTTTCAGG-1,3
AATACCGGAGGGCTGT-1,6
AATACCTGATGTGAAC-1,9
AATAGAACAGAGTGGC-1,1
AATAGAATCTGTTTCA-1,1
AATAGCAAGCCTCCTG-1,5
AATAGCTACCGCGTGC-1,5
AATAGGCACGACCCTT-1,8
AATAGTCCGTCCCGAC-1,8
AATAGTCGCGAGTCGG-1,2
AATATCAAGGTCGGAT-1,4
AATATCCTAGCAAACT-1,2
AATATCGAATCAATGC-1,0
AATATCGAGGGTTCTC-1,0
AATATTGGAGTATTGA-1,2
AATCAGACTGCAGGAC-1,7
AATCAGGTTTCATTTA-1,6
AATCATGTAAAGACTC-1,9
AATCCAAGGGCCTGAG-1,1
AATCCATGCAAGGGTG-1,7
AATCCCGCTCAGAGCC-1,8
AATCGAGGTCTCAAGG-1,10
AATCGCCTCAGCGCCA-1,3
AATCGCGCAGAGGACT-1,4
AATCGGGACACTACGA-1,0
AATCGGTATAGCCCTC-1,0
AATCGTGAGCCGAGCA-1,8
AATCTAGGTTTACTTG-1,6
AATCTATGCCGGAGCC-1,4
AATCTCTACTGTGGTT-1,2
AATCTGCGTTGGGACG-1,0
AATCTGGCTTTCTAGT-1,1
AATCTGGGTAGACCCT-1,5
AATGACAGCAATGTCT-1,2
AATGACGTAGGATGTC-1,3
AATGACTGTCAGCCGG-1,1
AATGAGTTCGCATATG-1,7
AATGATGATACGCTAT-1,4
AATGATGCGACTCCTG-1,0
AATGCAACCGGGTACC-1,1
AATGCACCAAGCAATG-1,4
AATGGCCGCCAATGCG-1,5
AATGGTCCACCGTTCA-1,2
AATGGTTCTCACAAGC-1,0
AATGTATGGCACTGTA-1,8
AATGTGCCCGAGGTGT-1,6
AATGTGCTAATCTGAG-1,6
AATGTTAAGACCCTGA-1,6
AATGTTGTCGTGAGAC-1,9
AATTAAAGGTCGGCGT-1,3
AATTAACGGATTTCCA-1,1
AATTACGAGACCCATC-1,8
AATTACTCGTACGCTC-1,11
AATTAGCGCTGCAGCG-1,3
AATTATACCCAGCAAG-1,10
AATTCATAAGGGATCT-1,4
AATTCATTGTCATGCA-1,8
AATTCCAACTTGGTGA-1,7
AATTCCAAGCATGTAC-1,1
AATTCGATTCGAGGAT-1,0
AATTCTAGAGTTAGGC-1,3
AATTGAACGCTCTGGT-1,3
AATTGCAGCAATCGAC-1,9
AATTGCGTGGATTACA-1,8
AATTGTGGTTGCCAAA-1,1
AATTTGGGACATAGTA-1,4
AATTTGGTTCCAAAGA-1,0
ACAAACCATGCGTCCT-1,8
ACAAACCGACAAGGCG-1,5
ACAAACTCCATCAGAG-1,1
ACAAAGAAGGTAGGCC-1,2
ACAAAGCATGACCTAG-1,9
ACAAATCGCACCGAAT-1,9
ACAAATGGTAGTGTTT-1,3
ACAAATTCAGATCTGA-1,1
ACAACAGCATGAGCTA-1,3
ACAACGGTCCCTGCGA-1,7
ACAAGCAGTGCCTAGC-1,2
ACAAGCTATATGGAAG-1,2
ACAAGGACAAGAGGTT-1,7
ACAAGGATGCTTTAGG-1,1
ACAAGGCCTACCAGCC-1,5
ACAAGGGCAGGCTCTG-1,3
ACAAGTAATTGTAAGG-1,6
ACAATAGTCGTACGTT-1,2
ACAATCCATTTAAACC-1,2
ACAATCGATCTTTATA-1,4
ACAATGAATACGGAGA-1,6
ACAATGATTCTTCTAC-1,5
ACAATTGTGTCTCTTT-1,0
ACAATTTAGGAGGCTC-1,2
ACAATTTGAGCAGTGG-1,0
ACAATTTGGCCATATT-1,0
ACACAAAGACGGGTGG-1,1
ACACAAATATTCCTAG-1,5
ACACACCAGGACCAGT-1,0
ACACACTTTCTACACG-1,0
ACACATGATCAAATCT-1,8
ACACATTGACGCAACA-1,2
ACACATTTCCGTAGAC-1,10
ACACCACATAATTAGC-1,0
ACACCCAGCATGCAGC-1,7
ACACCCGAGAAATCCG-1,1
ACACCCGTAAATCTGT-1,5
ACACCGAGCGCTCTTT-1,11
ACACCGGTCTGACCGC-1,8
ACACCTTAAGTAGGGC-1,1
ACACCTTACTACTTGC-1,0
ACACGAGACTCCTTCT-1,3
ACACGGCACTATGCAT-1,4
ACACGGGAACTTAGGG-1,1
ACACGTAGGCCACAAG-1,1
ACACTCCAATGTCACT-1,2
ACACTGATCAAGGTGT-1,1
ACACTGGGACAGTCGT-1,0
ACAGAACTGAGAACAA-1,6
ACAGATTAGGTTAGTG-1,1
ACAGCATAGAGCCAGT-1,1
ACAGCGACATTCTCAT-1,9
ACAGCGCACCCGCAGC-1,0
ACAGGAGGCGCAGCCG-1,11
ACAGGCACGGATCCTT-1,9
ACAGGCTTGCCCGACT-1,1
ACAGGTGGAGGTGAGG-1,1
ACAGGTGTGTTGTTGC-1,2
ACAGTAATACAACTTG-1,2
ACAGTATACCGTGGGA-1,5
ACAGTGCAGCGCATTT-1,5
ACATAAGTCGTGGTGA-1,8
ACATAATAAGGCGGTG-1,0
ACATACAATCAAGCGG-1,10
ACATCAGCTGGGACGC-1,2
ACATCCCGGCCATACG-1,1
ACATCCTGGTAACTGT-1,0
ACATCGATCGTTTACC-1,3
ACATCGCAATATTCGG-1,8
ACATCGGTCAGCCGCG-1,2
ACATCGTATGCAATGG-1,3
ACATCGTTAACCTAGT-1,0
ACATCTCAACGCGTAA-1,5
ACATGCTTACGGCAGC-1,6
ACATGGCGCCAAAGTA-1,0
ACATGGCTCAATTTAG-1,7
ACATTAGTTTATATCC-1,3
ACATTCGCGCGGAATA-1,6
ACATTTGAAACCTAAC-1,10
ACCAAACACCCAGCGA-1,5
ACCAACACCACACACT-1,5
ACCAACCGCACTCCAC-1,9
ACCAACGCTTATTTAT-1,1
ACCAAGAACGCGTGTC-1,7
ACCAAGTCATCGGCAG-1,9
ACCAATATGCAAGTTA-1,0
ACCACAACTCAGAACA-1,0
ACCACAAGTTTCTATC-1,2
ACCACACGGTTGATGG-1,10
ACCACCAATGTAACAA-1,0
ACCACCCTCTCTTCTA-1,5
ACCACGTGCAGCTATA-1,9
ACCACTGTTCAAGAAG-1,11
ACCAGACCATAACAAC-1,2
ACCAGGAGTGTGATCT-1,0
ACCAGTGCCCGGTCAA-1,5
ACCAGTGCGGGAGACG-1,4
ACCATATCCGCAATAA-1,3
ACCATCCGCCAACTAG-1,2
ACCATCGTATATGGTA-1,3
ACCATTAAGGGTGTCA-1,11
ACCCAACGCCCGTGGC-1,0
ACCCACCTACATGCTC-1,2
ACCCATCTTGAGGGTA-1,1
ACCCATTTGTCCCTCT-1,9
ACCCGAGCGAAATTAC-1,8
ACCCGATTGGTTCCGA-1,6
ACCCGGAAACTCCCAG-1,0
ACCCGGAGCACCACAA-1,0
ACCCGGATGACGCATC-1,0
ACCCGGTTACACTTCC-1,3
ACCCGTAGCAGAGAAT-1,8
ACCCGTAGTCTAGTTG-1,0
ACCCGTGTCATCAGTA-1,6
ACCCTATAGGACTGAG-1,7
ACCCTATGCCATATCG-1,6
ACCCTCCCGTCAGGGC-1,9
ACCCTCCCTTGCTATT-1,3
ACCCTGGTAACGCCCT-1,5
ACCCTTCATCTGCGAA-1,0
ACCCTTGCCTGGGTCG-1,5
ACCCTTTAGTTCTCCA-1,4
ACCGAAAGGGCCCTGC-1,1
ACCGAAGAGTCTGGTT-1,8
ACCGACACATCTCCCA-1,8
ACCGACTGAGTCCCAC-1,3
ACCGAGTCTCCTTATT-1,10
ACCGATAGGCATAACC-1,0
ACCGATATTTAATCAT-1,0
ACCGATGGTAGCATCG-1,1
ACCGCGGTGGAAGTCG-1,0
ACCGCTAGTCATTGGT-1,8
ACCGGGCCTTTGTTGA-1,4
ACCGGTCAGGTACACC-1,8
ACCGGTCTGAGTACGG-1,5
ACCGTCCACTGGGCCC-1,8
ACCGTGACCACGTGGG-1,6
ACCGTTCCCGCTCTGA-1,0
ACCTAAGTACCTTTCA-1,2
ACCTAATCGACTTCCT-1,2
ACCTACAGTATGTGGT-1,0
ACCTACTATAAATCTA-1,4
ACCTCAGCGAGGCGCA-1,10
ACCTCCGCCCTCGCTG-1,4
ACCTCCGTTATTCACC-1,4
ACCTCGAACTTATGCT-1,8
ACCTGCGTGTCATGTT-1,2
ACGAAATGGGCGGCAC-1,2
ACGACCCATGAGTTGC-1,0
ACGACTCTAGGGCCGA-1,8
ACGACTGGTCATACTC-1,6
ACGAGAACCCATCACG-1,7
ACGAGATATTTGCTTA-1,0
ACGAGGATACCACTCT-1,1
ACGAGGTTTACAACGT-1,6
ACGAGTACGGATGCCC-1,0
ACGAGTCGCCGGCGTT-1,7
ACGATACATAGAACTA-1,4
ACGATACCTATCCTGA-1,2
ACGATCATACATAGAG-1,1
ACGATCATCTTGTAAA-1,0
ACGATGCATATGTTAT-1,3
ACGATGGATCCGATGC-1,0
ACGCAAACTAATAGAT-1,8
ACGCAATCACTACAGC-1,4
ACGCATAAATGACATG-1,5
ACGCATACGTTTACTA-1,9
ACGCATTCGTGAGTAC-1,3
ACGCCACTCGAAACAG-1,10
ACGCCAGATGATTTCT-1,0
ACGCCAGTGCGTTTGC-1,9
ACGCCGCTAGACGACC-1,3
ACGCCTGACACGCGCT-1,11
ACGCGAAGTCAGACGA-1,3
ACGCGCTACACAGGGT-1,2
ACGCGGGCCAAGGACA-1,3
ACGCGTTTCTTAAGAG-1,2
ACGCTACTGAATGGGC-1,4
ACGCTAGTATCAGTGC-1,5
ACGCTAGTGATACACT-1,0
ACGCTGTGAGGCGTAG-1,1
ACGCTTAGTGTCTCTC-1,5
ACGGAACACGAGTGCC-1,9
ACGGAATTTAGCAAAT-1,7
ACGGACGCAGCGACAA-1,6
ACGGACTCTCAAAGCG-1,1
ACGGAGCGCAAATTAC-1,5
ACGGATGGTGCGGATA-1,4
ACGGCACTTGCTTGGG-1,1
ACGGCCAACATGGACT-1,3
ACGGCGGGTTGCCCTG-1,7
ACGGCTGGATGTAGAA-1,8
ACGGGAGTGTCGGCCC-1,1
ACGGGCGTATGCGACA-1,5
ACGGGTCATGTGACTT-1,11
ACGGGTTGTGACCTGT-1,8
ACGGTACAGTTCAATG-1,9
ACGGTCACCGAGAACA-1,6
ACGTACAGATTTCTCT-1,0
ACGTACTTTGGCACGG-1,6
ACGTAGATTGCTGATG-1,3
ACGTAGGAGAGTCGCT-1,10
ACGTATTACTCCGATC-1,4
ACGTCCTAAACGAGAT-1,0
ACGTCGGGCAACTCGG-1,8
ACGTCTCGTTCCGGGA-1,2
ACGTGACAAAGTAAGT-1,0
ACGTGCGCCTCGTGCA-1,0
ACGTGGTCGAATGTGC-1,5
ACGTTAATGTCGAAGA-1,3
ACGTTAGATTTGCCCG-1,2
ACGTTATTGGTCACTC-1,2
ACGTTCACTATGCCGC-1,8
ACGTTCCGCGCTCCGT-1,1
ACGTTCGCAATCAATT-1,4
ACGTTCGTTCAGGAAA-1,6
ACGTTCTGTACAAGTC-1,9
ACGTTGTCGTTGAAAG-1,8
ACGTTTAGTTGTGATC-1,0
ACGTTTCGGTGCACTT-1,0
ACTAAGGACGCACACC-1,5
ACTAATACGTCAGGCG-1,5
ACTACAAAGAGAGGTG-1,0
ACTACATCCCGACAAG-1,8
ACTACCAGCTCTCTGG-1,7
ACTACCATCCGAGGGC-1,6
ACTACGCGTTAGAATT-1,8
ACTAGTTGCGATCGTC-1,2
ACTATATGCTGTGTTC-1,5
ACTATCCAGGGCATGG-1,0
ACTATCGCCGGCTAAA-1,4
ACTATCTGCCCGCGTA-1,0
ACTATGTCCAGCTGCC-1,8
ACTATTCGTCCGTGGT-1,4
ACTATTTCCGGGCCCA-1,6
ACTCAACGAATGTATT-1,7
ACTCAAGTGCAAGGCT-1,1
ACTCAATAAAGGCACG-1,0
ACTCAGACCTGCTTCT-1,1
ACTCATGGCAGCCTTC-1,6
ACTCCAATATCATCAT-1,6
ACTCCCATTCCTAAAG-1,2
ACTCCCGAATTCGTTT-1,0
ACTCCCGTAGACTAGG-1,5
ACTCCCTAATGCTAAA-1,1
ACTCCCTAGAATAGTA-1,3
ACTCCGGCCGACCACT-1,10
ACTCGATGTATTTCAT-1,2
ACTCGCCGTTCGATAA-1,9
ACTCGCGATCTGACGC-1,1
ACTCGTAACCCGTCCT-1,0
ACTCGTCAGTAATCCC-1,3
ACTCTAAACCTGGGAT-1,2
ACTCTCTGACTTAGGT-1,3
ACTCTCTTATACACGA-1,3
ACTCTGACCTAATAGA-1,9
ACTCTTCAGCTCCCGC-1,0
ACTCTTGTATAGTAAC-1,3
ACTGAAACGCCGTTAG-1,9
ACTGAATGGCGAAAGT-1,3
ACTGATTTAGTGATTC-1,5
ACTGCCCGCCATTCTC-1,6
ACTGCCGTCGTAACTC-1,4
ACTGCGGACACACCGT-1,4
ACTGCTCGGAAGGATG-1,1
ACTGGCGAACCTGCGT-1,0
ACTGGGATGCCAGTGC-1,1
ACTGTACGATACACAT-1,1
ACTGTAGCACTTTGGA-1,2
ACTGTATACGCGAGCA-1,7
ACTGTCCAGGATTATA-1,3
ACTGTCTTCTTTAGAA-1,3
ACTGTGCTAGTAGATC-1,7
ACTGTTTAGTGTAGGC-1,4
ACTTACCGGGCGCGCA-1,4
ACTTACGCATCCACGC-1,4
ACTTAGTACGACAAGA-1,1
ACTTATACTTACCCGG-1,3
ACTTATCTGATCTATA-1,1
ACTTATTAGGATCGGT-1,3
ACTTATTTATGTGCCA-1,0
ACTTCAGGCTGATCCC-1,1
ACTTCCAGTGGAAGCT-1,2
ACTTCCATGCGGGACA-1,4
ACTTCCTGTCGTGCGA-1,5
ACTTCGCCATACGCAC-1,1
ACTTCGCTAGCGAGTG-1,5
ACTTGACTCCCTCTTT-1,3
ACTTGCCATATTGTAC-1,0
ACTTGCTCTATCTACC-1,8
ACTTGGGACCCGGTGG-1,7
ACTTGGGCTTTCGCCA-1,10
ACTTGTAGTCCCTTCA-1,2
ACTTGTGGATGGAACG-1,0
ACTTGTTACCGGATCA-1,8
ACTTTACCCTCATGAA-1,1
ACTTTATACACCACTT-1,8
ACTTTCCTATAGCTTC-1,3
ACTTTGACTGCATCCT-1,2
ACTTTGGTCGTGCTCC-1,8
ACTTTGTCGACGCACT-1,0
AGAAATTATGACTCGC-1,0
AGAACACGGCGATGGT-1,6
AGAACCCAGCGTGACA-1,0
AGAACCCTCAATTGGG-1,8
AGAACGTGGTACATTC-1,1
AGAACTGTACTTTGTA-1,10
AGAAGAGCGCCGTTCC-1,4
AGAAGGTACACTTCAC-1,6
AGAAGGTTGCCGAATT-1,3
AGAAGGTTGTAGGTCG-1,0
AGAAGTGATTCGTGAT-1,1
AGAATAAATCTTCAGG-1,2
AGAATACAGGCTATCC-1,10
AGAATGCGGGTTCGGA-1,5
AGAATTATGGATTCGA-1,0
AGAATTGTTTGACATA-1,7
AGACAGCTCAGAATCC-1,2
AGACAGGCATCTCAGC-1,0
AGACATAGATCCTTCC-1,1
AGACCAAACCACACCT-1,2
AGACCATGGGATACAA-1,2
AGACCCACCGCTGATC-1,3
AGACCCGCCCTCCTCG-1,2
AGACCGCTCCGCGGTT-1,0
AGACCGGGAAACCCTG-1,2
AGACGAAGTGCCGGTC-1,0
AGACGACGATGCCGCT-1,6
AGACGCCCACTTCGCC-1,0
AGACGGGATTGGTATA-1,5
AGACGGGCCGATTTAA-1,5
AGACTAGCCTTCCAGA-1,7
AGACTGTTACCGGGTC-1,8
AGAGAAACACCAGAAA-1,6
AGAGAACCGTCTAGGA-1,4
AGAGAAGGAGTACAAT-1,6
AGAGATCTCTAAAGCG-1,1
AGAGCAGTTATGAGAC-1,2
AGAGCCGCCGAGATTT-1,0
AGAGCGCTTGTAACGG-1,5
AGAGCGGGCTAATCAT-1,4
AGAGCGTACAAGCTCG-1,7
AGAGCTACGAAAGCAT-1,7
AGAGGCTTCGGAAACC-1,0
AGAGGGACAATTGTCC-1,1
AGAGGTATCTCGGTCC-1,1
AGAGTAAACTTCACTA-1,0
AGAGTATAGTGTTACG-1,5
AGAGTCTTAATGAAAG-1,0
AGAGTGAACAGACACC-1,5
AGAGTTAGAGACCGAT-1,5
AGAGTTGCAGGCCTCC-1,5
AGATAACTTCAGGGCC-1,2
AGATAATCACACCTAT-1,6
AGATACCAATAGAACC-1,9
AGATACCAGCACTTCA-1,5
AGATACCGGTGTTCAC-1,2
AGATACGACTTCATAT-1,7
AGATACTCAAGATCGA-1,3
AGATATAATACGACTA-1,1
AGATCGTGCATAAGAT-1,4
AGATCTCAGGTGTGAT-1,0
AGATCTGGAGAGGATA-1,6
AGATGACTCGCCCACG-1,1
AGATGAGGGTTGCGAT-1,4
AGATGATGGAGTCTGG-1,0
AGATGCAAGACGTGCA-1,6
AGATGCATCCTGTGTC-1,2
AGATGCTATAACGAGC-1,11
AGATTATAGGACGTTT-1,3
AGATTCAAGCGGGTCG-1,5
AGATTCACAACCGATA-1,6
AGCAAAGGCCGCTAGT-1,4
AGCAACATATCTTATT-1,0
AGCAACCGAAAGTAAT-1,6
AGCACACGTTTAGACT-1,6
AGCACCAGTACTCACG-1,1
AGCACTACCGGCCTGT-1,2
AGCACTACCTCACCAG-1,1
AGCACTTAAGGACGCC-1,2
AGCAGAAGGAGAAAGA-1,8
AGCAGCCAGATGAATA-1,8
AGCAGTCGAAGCATGC-1,10
AGCATATCAATATGCT-1,1
AGCATCATTTCGAAAG-1,6
AGCATCGTCGATAATT-1,1
AGCATTACGAGGCAAG-1,9
AGCCAAGCTTTGTGTC-1,8
AGCCACAGGTTACCCG-1,0
AGCCACTCCCGTGCTT-1,0
AGCCATATAGTATGTG-1,8
AGCCCATACATGTAAG-1,2
AGCCCGCAACAAGCAG-1,4
AGCCCGCACTACAATG-1,2
AGCCCGGCATTAGAGG-1,6
AGCCCGGTAGCCTGTA-1,6
AGCCCTAAGCGAAGTT-1,0
AGCCCTCCCTGGTGGC-1,6
AGCCCTGTCGCACCGT-1,0
AGCCCTTCTAATCCGA-1,0
AGCCCTTGGACATCCC-1,0
AGCCGCAAATTCAAAT-1,2
AGCCGCTTGATTAGCG-1,11
AGCCGTGGCTAAATGT-1,8
AGCCTAATACCCACGT-1,2
AGCCTTAAAGCGGAAG-1,2
AGCCTTGTCACTGATA-1,8
AGCGACAGGAACGGTC-1,1
AGCGACATCCCATTCA-1,1
AGCGACCAACGATATT-1,1
AGCGACTTTGAAGACA-1,8
AGCGAGACGTGAAGGC-1,6
AGCGATGCGCCTAATA-1,9
AGCGCATAATGAATCG-1,6
AGCGCGGGTGCCAATG-1,4
AGCGCTAGAGCGATGT-1,4
AGCGCTTATGGGCAAG-1,0
AGCGGACACTTCGTAG-1,8
AGCGGCGGTTAGCGGT-1,0
AGCGGGAAGGGTCCAT-1,7
AGCGGGTCTGACACTC-1,8
AGCGGTTGAGATGTAC-1,5
AGCGGTTGCCGCTCTG-1,5
AGCGTACGAGAGCTAG-1,7
AGCGTAGCGCTAGACC-1,7
AGCGTCTGAACCCGCA-1,1
AGCGTGGTATTCTACT-1,3
AGCGTTCCGATTTAAA-1,5
AGCTAACAAGCAATGT-1,0
AGCTAAGCTCCGTCCG-1,8
AGCTAAGTACGCAGGC-1,9
AGCTACGAATGGTGGT-1,9
AGCTAGAAGCAGAAGT-1,4
AGCTATTTAATCCAAC-1,0
AGCTCCATATATGTTC-1,0
AGCTCCTTCGCACATC-1,0
AGCTCGTTGATGGAAA-1,5
AGCTCTAGACGTTCCA-1,3
AGCTCTTCCCAGTGCA-1,4
AGCTCTTCGTAACCTT-1,0
AGCTCTTTACTCAGTT-1,3
AGCTGAAGTAAACCAA-1,0
AGCTGCATTTGAGGTG-1,5
AGCTGCTGTGCCGAAT-1,5
AGCTGTAACCTCAATC-1,6
AGCTTATAGAGACCTG-1,7
AGCTTCAATACTTTGA-1,5
AGCTTCTTCTCGAGCA-1,9
AGCTTGATCAGGGTAG-1,8
AGCTTGATCTTAACTT-1,2
AGGAAAGCCTCTGATG-1,7
AGGAACGAACGACTTC-1,0
AGGAAGCTGTCCGCCG-1,8
AGGACAGTCGAATCCC-1,3
AGGACATCGCACGTCG-1,7
AGGACATCGGCACACT-1,0
AGGACGACCCATTAGA-1,3
AGGACGCTCGATGTTG-1,4
AGGACTTATAGGAGAA-1,11
AGGAGACATCCACAGT-1,5
AGGAGAGTCTGGCTAC-1,5
AGGAGCGTTTATTATC-1,9
AGGAGGCCTTCGCGCG-1,9
AGGATAAAGTCGGGAT-1,1
AGGATATAGGGATTTA-1,4
AGGATATCCGACTGCA-1,9
AGGATCACGCGATCTG-1,1
AGGATTGCTTACGACA-1,0
AGGCAAAGAGGAATCA-1,1
AGGCAATACGGAGGAC-1,11
AGGCACGTGACTGTCC-1,0
AGGCAGATGCGTAAAC-1,0
AGGCAGGGAGCGTACT-1,6
AGGCATTGTCGTAGGG-1,0
AGGCCACATTGGTTAC-1,0
AGGCCACCCGTTATGA-1,2
AGGCCCAGTGACTGGT-1,7
AGGCCCATTGTACAGG-1,7
AGGCCCTAGAACGCCA-1,1
AGGCCTATCATACCAA-1,4
AGGCCTGAGAATCTCG-1,1
AGGCGATAACTGGCGT-1,0
AGGCGGTTTGTCCCGC-1,6
AGGCGTCTATGGACGG-1,5
AGGCTATGGTTAGCTT-1,2
AGGCTTAAGTTGCACA-1,10
AGGCTTCCCGAAGAAG-1,8
AGGCTTGCTAGACACC-1,2
AGGGAAACGAGGTACT-1,4
AGGGACAGCACGGCGG-1,1
AGGGACCGGCTGCGTT-1,0
AGGGACTCTACGCGAC-1,0
AGGGAGACATACTTCG-1,0
AGGGCAGCGGCGTGGT-1,0
AGGGCCCTAATGTTCT-1,1
AGGGCGAGCAGCTGAT-1,2
AGGGCGTGATCGGCTA-1,1
AGGGCTGCAGTTACAG-1,3
AGGGTCAGAGCACTCG-1,8
AGGGTCAGTAACCCTA-1,4
AGGGTCGATGCGAACT-1,0
AGGGTCTGGACGCAGT-1,0
AGGGTGCCGTTCTTTA-1,6
AGGGTGCTCTCGAGGG-1,0
AGGGTGGATAGTGCAT-1,2
AGGGTGTGCTACACGC-1,5
AGGGTTCAGACGGTCC-1,4
AGGGTTCCCTTTGGTT-1,0
AGGGTTTAGTTCGGGA-1,3
AGGTAACCTCCTATTC-1,7
AGGTACGATATTGCCA-1,0
AGGTAGATCGAGATAT-1,6
AGGTAGGTACAAAGCT-1,1
AGGTATAATTGATAGT-1,4
AGGTATGCGGACATTA-1,0
AGGTCAGGTGAGAGTG-1,2
AGGTCGCCACTTCGGT-1,7
AGGTCGCCTCCCAACA-1,0
AGGTCGCGGAGTTACT-1,0
AGGTGCACGTCCACAT-1,1
AGGTGGTGACCTTCGC-1,8
AGGTGTATCGCCATGA-1,0
AGGTGTTGCCGACCAC-1,3
AGGTTACACCATGCCG-1,4
AGGTTCTCCTTTCCGG-1,8
AGGTTGAGGCACGCTT-1,0
AGGTTTCACACACCTT-1,3
AGTAACGTTCATCCTG-1,5
AGTAACTATAGCAGCC-1,0
AGTAAGGGACAGAATC-1,9
AGTAATCTAAGGGTGG-1,10
AGTAATGTCTTGCCGC-1,1
AGTAATTTGCAAGCGT-1,8
AGTACAGAAGCTTATA-1,10
AGTACATCATTTATCA-1,4
AGTACCTTCGAGTGCT-1,5
AGTACGGCCCGTATCG-1,2
AGTACGGGCACCTGGC-1,4
AGTACGTGGCCTGTCT-1,1
AGTACTCTTATGCCCA-1,9
AGTAGAAGGCGCCTCA-1,4
AGTAGCGTGAACGAAC-1,5
AGTAGCTAGACGCCGA-1,5
AGTAGGAAGGAAGTTG-1,4
AGTAGGTAACATACAT-1,1
AGTATAATACTAGGCA-1,7
AGTATACACAGCGACA-1,8
AGTATCCATAATAACG-1,7
AGTATGCTGGAGACCA-1,6
AGTATTTGGCACGACC-1,6
AGTCAAATGATGTGAT-1,6
AGTCAACACCACCATC-1,3
AGTCAAGATGACACTT-1,1
AGTCACTAGCTCTCGA-1,9
AGTCACTCCGCCTCAT-1,7
AGTCAGCCACCGCCTG-1,7
AGTCCAGCGGGTACGT-1,7
AGTCCATTGGCTGATG-1,0
AGTCCCGCCTTTAATT-1,4
AGTCCCTCGCAGAAAG-1,5
AGTCGAAACGATTCAG-1,8
AGTCGAATTAGCGTAA-1,4
AGTCGACGGTCTCAAG-1,5
AGTCGGCCCAAACGAC-1,2
AGTCGGCTCAACTTTA-1,1
AGTCGGTTGCGTGAGA-1,0
AGTCGTATAAAGCAGA-1,4
AGTCGTCGACCACCAA-1,9
AGTCGTGGGCATTACG-1,6
AGTCTAAAGTATACTC-1,4
AGTCTCACAAGACTAC-1,6
AGTCTGGACATCCTTG-1,2
AGTCTTCTCCTCAAAT-1,0
AGTCTTTAAAGTGTCC-1,4
AGTGAACAAACTTCTC-1,1
AGTGAAGATGGTGTCC-1,5
AGTGACCTACTTTACG-1,3
AGTGACTGTGACACAA-1,6
AGTGAGACTTCCAGTA-1,3
AGTGAGCCTCGCCGCC-1,0
AGTGAGGGTTTCTGAC-1,5
AGTGAGTCGAATTAAC-1,9
AGTGATAACCTGCGCG-1,9
AGTGATATGAGTAGTT-1,3
AGTGATTCAAGCAGGA-1,0
AGTGCACGCTTAAGAA-1,9
AGTGCGTAGCTCGTAA-1,3
AGTGCTAAACACAGCA-1,9
AGTGCTTGCACGAATA-1,0
AGTGGCCCGCAAATGG-1,10
AGTGGCGGCAATTTGA-1,4
AGTGGCGTCTGAAGGT-1,4
AGTGGCTCCGTCGGCC-1,1
AGTGGGAGTATACACG-1,11
AGTGGTGTTACCCGTG-1,2
AGTGGTTGCGTATAGG-1,2
AGTGTATTGCGCATTG-1,4
AGTGTGCTAAGATCGC-1,11
AGTGTGGTCTATTGTG-1,2
AGTTAAACACTTGCGA-1,3
AGTTAAGCGGTCCCGG-1,0
AGTTAAGTCAACCGCT-1,6
AGTTACCCTTAAGACT-1,2
AGTTACCGCACATGGT-1,2
AGTTACTCTATCGTGG-1,4
AGTTATTCAGACTGTG-1,0
AGTTATTGAAAGGTAA-1,0
AGTTCACCGGTTGGAC-1,11
AGTTCCTACAGAATTA-1,1
AGTTCCTATTTATGTT-1,3
AGTTCTGCGTTGTATC-1,7
AGTTGACATCGGCTGG-1,1
AGTTGACGGTCCTTGC-1,8
AGTTGCGGTCCTCAAC-1,8
AGTTGCTGACTGATAT-1,7
AGTTGGCAAGGCTAGA-1,9
AGTTTATGTAAAGACA-1,5
AGTTTCGCAGGTCGGA-1,0
AGTTTGCACCTGCCTC-1,9
AGTTTGGCACGGGTTG-1,0
AGTTTGGCCAGACCTA-1,1
ATAAACCATTGGACGG-1,1
ATAAACGGACCCGTAA-1,3
ATAAACGTTGCACCAC-1,0
ATAAAGGCTCGGTCGT-1,3
ATAAAGGTCAAGTACG-1,5
ATAAATATTAGCAGCT-1,2
ATAACGCCGGAGGGTC-1,3
ATAACGGAGTCCAACG-1,0
ATAACGTTACCTCCAC-1,5
ATAAGCAAACACCGAG-1,5
ATAAGGTGGAGAACAT-1,3
ATAAGTACCCGATTGT-1,5
ATAAGTAGGATTCAGA-1,0
ATAAGTAGGGCGACTC-1,0
ATAAGTTACCGCGACG-1,3
ATAATACCGTTAGCCG-1,7
ATAATAGCTGTTGAAT-1,3
ATAATAGTGTAGGGAC-1,1
ATAATCTTGGAGAACC-1,1
ATAATTAGCTAAGTAG-1,8
ATACAGCGTCCACTGA-1,1
ATACAGGCCCTCCAAT-1,1
ATACCACGGGCAACTT-1,2
ATACCAGCAAATTGCT-1,0
ATACCAGGCTAATAGA-1,1
ATACCAGGTGAGCGAT-1,0
ATACCCTCCCGGCCAA-1,8
ATACCCTGGCTCAAAT-1,7
ATACCGTCATCCATAA-1,5
ATACCTAACCAAGAAA-1,4
ATACGAAGGCTTTCCA-1,0
ATACGACAGATGGGTA-1,5
ATACGAGGTTTGTAAG-1,4
ATACGCCGATCTACCG-1,1
ATACGCCGGCGAAACC-1,3
ATACGGAACGTCGTTT-1,6
ATACGGGTTTCGATTG-1,4
ATACGGTGAAGATGCA-1,2
ATACGTACTTAGCCAC-1,0
ATACGTCCACTCCTGT-1,4
ATACGTTATGCACGGA-1,8
ATACTACCCGTACCAC-1,1
ATACTAGCATGACCCT-1,2
ATACTCTCGCCACTCT-1,7
ATACTGCCTTACACCG-1,4
ATACTTGTTCTCGAGC-1,2
ATAGACAACGGGACCT-1,0
ATAGACGAAGAGAAAG-1,1
ATAGAGTACTGGGACA-1,1
ATAGAGTTATCAACTT-1,4
ATAGCAACTAGGGAAG-1,9
ATAGCCATAACAGTCA-1,0
ATAGCCTCAGTACCCA-1,2
ATAGCTGCTCTTGTTA-1,11
ATAGGAATCTAAGCTT-1,5
ATAGGCGGCTATAGAA-1,2
ATAGGCTAGCTTCGCA-1,0
ATAGGGATATCCTTGA-1,0
ATAGGTTGGGCAGATG-1,1
ATAGTCTTTGACGTGC-1,0
ATAGTGAAGCGTTCTC-1,3
ATAGTTCCACCCACTC-1,0
ATATAAAGCGCTCGTG-1,9
ATATAAATGTAGCTGC-1,4
ATATAACACGGGCGCA-1,9
ATATACATGTATGGTA-1,2
ATATACGCTCGTGACG-1,9
ATATAGAGTATTGGTC-1,8
ATATCAACCTACAGAG-1,4
ATATCAATTCCAGCCT-1,1
ATATCGGTAGGGAGAT-1,0
ATATCGTGCCAGACCC-1,5
ATATCGTTCCTCGAAC-1,9
ATATCTCCCTCGTTAA-1,4
ATATCTTAGGGCCTTC-1,3
ATATGGGATAGCAACT-1,4
ATATGTCTAGAGCGTG-1,10
ATATGTCTCCCTAGCC-1,0
ATATGTGCACAAACCA-1,5
ATATTATCCCGTATTT-1,11
ATATTCAGTTAAACCT-1,3
ATATTCCCACAGGTCA-1,1
ATATTGCTGTCAAAGT-1,1
ATATTGGAGAGGCCTT-1,0
ATATTTAACCCTCAAG-1,3
ATCAAACACTGTTCCA-1,0
ATCAAACGAAGGTTTG-1,1
ATCAAAGAGCCGTGGT-1,8
ATCAAGATCCCAGGAC-1,4
ATCAATCTGGGCTGCA-1,3
ATCAATGCCGTGGCTG-1,8
ATCACATTAGAATATC-1,0
ATCACGTGCTAATTAA-1,1
ATCACTTCATCCTCGC-1,0
ATCAGAAGCTGGTTGC-1,6
ATCAGACGGCACGCCG-1,3
ATCAGCCTCATGCTGC-1,9
ATCAGCTCGTCCACTA-1,0
ATCAGGTAGCTGACAG-1,1
ATCAGGTCGCCATTGC-1,0
ATCAGTAGGCAGGGAT-1,4
ATCATAGATCGACGAG-1,0
ATCATAGCCCTATGTA-1,9
ATCATCCAATATTTGT-1,3
ATCATCTGCCCAGTGT-1,5
ATCATGGACTACCGAC-1,0
ATCATTGTACCGCATT-1,8
ATCCAACGCAGTCATA-1,2
ATCCAATGGAGGGTCC-1,2
ATCCAATGGTACCGAA-1,2
ATCCACATCGACAGAA-1,0
ATCCACGCTAAATGTT-1,1
ATCCACTTTCAGACTA-1,5
ATCCAGAGCAACAACC-1,3
ATCCAGGATTCGTGAA-1,3
ATCCCATCCACAGCGC-1,8
ATCCCATTTCCGTGGG-1,4
ATCCGGACCAGCCTGA-1,0
ATCCTACCTAAGCTCT-1,3
ATCCTGAATCGCTGCG-1,2
ATCCTGCGTGGAATGG-1,3
ATCCTGCTGCAGATAG-1,0
ATCCTTCTGAAAGAAC-1,0
ATCGACCCAATACAGA-1,3
ATCGACTCTTTCCGTT-1,0
ATCGCACGATTGTTCA-1,7
ATCGCACGCCGGGAGA-1,1
ATCGCCAGTCAACATT-1,0
ATCGCCGTGGTTCATG-1,0
ATCGCTGCGTGCAGCA-1,5
ATCGCTTTACGTCTCA-1,0
ATCGGAGACAGACGGC-1,1
ATCGGCAAGCAGTCCA-1,4
ATCGGTTACCTAGTAA-1,2
ATCGTATTCCGAGAAC-1,2
ATCGTCCAATCGAGTC-1,7
ATCGTGGAAAGTCTGG-1,8
ATCGTTAGCTAGCGGA-1,9
ATCGTTCACTTTCGCC-1,0
ATCTAACGTCCCTATG-1,11
ATCTAATATCCTACGG-1,4
ATCTACCATCTGCTCC-1,10
ATCTAGCTTGTGAGGG-1,8
ATCTATCGATGATCAA-1,11
ATCTCATAAACCTACC-1,5
ATCTCCCACGGAATAT-1,8
ATCTCCCTGCAATCTA-1,0
ATCTCGTGAGCGAAAC-1,0
ATCTGACATGGAAGGA-1,6
ATCTGATAGTGTCTTA-1,11
ATCTGCACCTCTGCGA-1,0
ATCTGCTGTTATCGCC-1,8
ATCTGGGCTGTTCTTG-1,8
ATCTGGTTAAGACTGT-1,0
ATCTGTAATTGTACCC-1,7
ATCTTAGGGCATTAAT-1,8
ATCTTATCGCACACCC-1,9
ATCTTGACCTGCAACG-1,0
ATCTTGACTTGTCCAA-1,0
ATCTTTCGTATAACCA-1,5
ATGAAGCCAAGGAGCC-1,7
ATGAAGTGGACCCAGC-1,2
ATGACGCCGGCTCTAA-1,7
ATGACGCGTTCTATCC-1,1
ATGACTATCAGCTGTG-1,6
ATGACTATGCGACATT-1,9
ATGAGGAGTGTTAATC-1,2
ATGAGGGCAGCGGCTA-1,0
ATGATCGGGAATAGAC-1,7
ATGATGCAATGGTACA-1,3
ATGCACCTTCCTTAAT-1,2
ATGCACGCGCTGTTCA-1,8
ATGCACTACCGCATTG-1,7
ATGCATGATCCAGGAT-1,1
ATGCATTCCGTGATGG-1,7
ATGCCAATCGCTCTGC-1,5
ATGCCATTTGCGACCA-1,1
ATGCCGGTTGATGGGA-1,0
ATGCGACAATTGGTCC-1,5
ATGCGACAGTCCCATT-1,3
ATGCGAGTCCCACCAC-1,0
ATGCTCAGTGTTGCAT-1,7
ATGCTCTGGCGCGGTA-1,4
ATGCTTAGGAGTTGAT-1,0
ATGGAAATTTAAGGAG-1,0
ATGGAACAGAATAAAC-1,5
ATGGAACCTTTGCACA-1,0
ATGGACTGCTTAGTTG-1,8
ATGGAGCAGGCCGTGA-1,3
ATGGATCCGGCGTCCG-1,0
ATGGATTGACCAAACG-1,3
ATGGCAGCATTACGAT-1,1
ATGGCAGCCGAGAAAC-1,2
ATGGCCCGAAAGGTTA-1,4
ATGGCGGAATAGTCGC-1,4
ATGGCTGGAAATGGCC-1,0
ATGGGAACGGAAGCGG-1,5
ATGGGACCTGCTGAAC-1,6
ATGGGCCTCGGCCTCT-1,0
ATGGGTGTATACCTCC-1,8
ATGGTATTGGGAACCG-1,8
ATGGTATTTACTGATT-1,6
ATGGTCGCGTGGTTTC-1,3
ATGGTGCTCAAAGCCA-1,0
ATGGTTACGAAACATG-1,4
ATGTAAGGCTGCTCTT-1,4
ATGTACATGCGGTGAG-1,3
ATGTACGATGACGTCG-1,8
ATGTAGCGCGCGTAGG-1,0
ATGTCATAATAAACGA-1,10
ATGTCATTTCCCATTG-1,11
ATGTCTTGTTTGACTC-1,8
ATGTGAAAGCCTAATG-1,2
ATGTGCATCCGACGCA-1,1
ATGTGGACATCTTGAT-1,3
ATGTGTAGTTTAGTCA-1,0
ATGTTACGAGCAATAC-1,0
ATGTTCCTGCCCACCT-1,11
ATGTTCGTCGACCCAC-1,2
ATGTTGATTAGAGACT-1,9
ATGTTGTAGTCTGTTT-1,0
ATGTTTCGGCCCGGAG-1,0
ATGTTTGTAAGATCAT-1,5
ATTAAACATGCGGACC-1,3
ATTAAAGCGGACGAGC-1,4
ATTAACACCTGAGATA-1,11
ATTAATACTACGCGGG-1,0
ATTAATGAACCAGTCG-1,0
ATTAATTCGGTCACTC-1,0
ATTACAACTACCGGCC-1,4
ATTACATGTCAGTCTT-1,0
ATTACCACACTGCCTG-1,0
ATTACGACTCCACAGT-1,5
ATTACGCGCTGGCAGG-1,2
ATTACGGGCTACGGTT-1,8
ATTACTAGCCTCTTGC-1,1
ATTACTTACTGGGCAT-1,0
ATTAGATTCCTCAGCA-1,4
ATTAGATTGATAGCGG-1,7
ATTAGGCGATGCTTTC-1,3
ATTATACTTTGCTCGT-1,0
ATTATAGCTACTTTAC-1,4
ATTATCGGAATGTACG-1,4
ATTATCTCGACAGATC-1,0
ATTATGAGACCCAATT-1,8
ATTATGCCATAGGGAG-1,1
ATTATGCTCAGTATTG-1,5
ATTATTATGTCCGTCA-1,6
ATTATTCAGAGTCACT-1,9
ATTCAAAGTACCTGTT-1,11
ATTCAACCATTTAAGG-1,9
ATTCACTGATGTTGGA-1,4
ATTCAGATGAATCCCT-1,5
ATTCAGGACCTATTTC-1,4
ATTCAGGATCGCCTCT-1,5
ATTCAGTAGCAGGGTC-1,2
ATTCATATACTGTCCA-1,3
ATTCATCGTTGAGGCA-1,9
ATTCCCACATAAACAA-1,2
ATTCCCGAAGGTACAG-1,8
ATTCCTAAGACGTGGA-1,5
ATTCCTCCGCCAGTGC-1,1
ATTCCTTCCAGGCGGT-1,7
ATTCGACGCCGGGCCT-1,1
ATTCGCAGAGGACACT-1,5
ATTCGCGCCTTGAGAG-1,9
ATTCGTCCCGAGGTTA-1,4
ATTCGTGCTATCTCTT-1,0
ATTCGTGTACCCATTC-1,10
ATTCGTTTATCGTATT-1,9
ATTCTCGTCTCTTTAG-1,1
ATTCTGAGTATGAACT-1,5
ATTCTTCGTACTTATG-1,0
ATTGAAGATCTTAGTG-1,1
ATTGAATTCCCTGTAG-1,0
ATTGACCGGCGATGAC-1,5
ATTGACGTAACTCGGT-1,0
ATTGATAGCAACGAGA-1,2
ATTGATCACCACATTT-1,2
ATTGATGAGTCCTAAC-1,0
ATTGCCTATTAGACCG-1,8
ATTGCCTTTATGTTTG-1,9
ATTGCGATCAGTAACT-1,0
ATTGCTGCTCCTCCAT-1,3
ATTGGATTACAGCGTA-1,3
ATTGGGAATATCTTGG-1,1
ATTGGGAGTTCTGTAA-1,5
ATTGGTAGGATCCGCT-1,2
ATTGGTTGTGCATTAC-1,9
ATTGTACAACTCGGCT-1,0
ATTGTCGCAATACCTT-1,4
ATTGTCTGTTTCATGT-1,4
ATTGTGACTTCGCTGC-1,5
ATTGTTCAACGATCCG-1,0
ATTTAACTCGTATTAC-1,7
ATTTACAGTTTACTGG-1,7
ATTTACTAAGTCCATT-1,4
ATTTATACTGGTAAAG-1,10
ATTTCATTATTTCGCG-1,0
ATTTCCGGGTTCTGCG-1,6
ATTTGCCTAGTTACGA-1,0
ATTTGCGCGAGTAGCT-1,6
ATTTGGAGATTGCGGT-1,2
ATTTGTCTTGGGAGCT-1,3
ATTTGTTCCAGGGCTC-1,4
CAAACCAGGTCTGCAT-1,2
CAAACCATAAGCGTAT-1,10
CAAACCCTCCGGCGGG-1,10
CAAACGAGTATCGCAG-1,3
CAAACGGTCGCACTTT-1,3
CAAACGTGGTCTTGCG-1,1
CAAACTACGATAGAGA-1,0
CAAACTATTGAGCTTC-1,0
CAAACTCGCGACGCCG-1,0
CAAAGATTATTGGGCC-1,6
CAAAGGTCATCTGAAA-1,0
CAAAGGTTAAATTCAG-1,5
CAAAGTCAGGTTAGCT-1,7
CAAATCTCTCACAAGG-1,2
CAAATGCGGAGTGTTC-1,4
CAAATGTCCTTCCGTG-1,3
CAAATTGGATTATGCC-1,5
CAAATTGTCAGCAAGC-1,4
CAACACATCTCCTGCC-1,1
CAACAGAATAACGCTA-1,5
CAACAGTGCCAAACGG-1,5
CAACATGGCCTGATAA-1,7
CAACCAGTGGCCTACC-1,1
CAACCGCACCTAGACA-1,11
CAACCTACCGAGCAGT-1,9
CAACCTGAACCTGCCA-1,5
CAACGACCCGTTTACA-1,1
CAACGAGCTTATTATG-1,8
CAACGATCGATCCAAT-1,4
CAACGCGATGAGCCAA-1,8
CAACGGTTCTTGATAC-1,7
CAACGTGGTGGAGTCT-1,0
CAACTATATCGAATGC-1,2
CAACTCCAACGTTTAG-1,5
CAACTCCGTAACTTGC-1,5
CAACTCCTTGATCCCG-1,1
CAACTGAGGGTATGAC-1,5
CAACTGCTCATCCGAT-1,6
CAACTTGTAGTGGGCA-1,7
CAAGAAACCCTAAACT-1,5
CAAGACTCAGAAGCGC-1,5
CAAGAGGGCGGAGTAC-1,3
CAAGATATTATAACGT-1,0
CAAGCAACGTCGGAGT-1,2
CAAGCACCAAATGCCT-1,0
CAAGCGGCACATAATT-1,3
CAAGGATCGCATGTTC-1,3
CAAGGCCAGTGGTGCA-1,9
CAAGGGAGTGTATTTG-1,1
CAAGGTCCTATAGGCT-1,4
CAAGTAAGTGATAGAC-1,4
CAAGTCGTTGAAATCT-1,0
CAAGTGAACTTTGGTT-1,1
CAAGTGTGGTTGCAAA-1,0
CAATAAACCTTGGCCC-1,0
CAATACGAGAGTCTGA-1,4
CAATACGCTCTGAGGC-1,2
CAATATGTAGATTTAC-1,5
CAATATTCTTGACCTA-1,6
CAATATTGGACTAGTG-1,7
CAATCCATTATCCGTT-1,5
CAATCCCTATACCAGC-1,4
CAATCCTGCCGTGGAG-1,7
CAATGACCCTTAATTT-1,8
CAATGAGGTTCGACTA-1,7
CAATGCGAGAAGTATC-1,0
CAATGGAATCTACATA-1,5
CAATGGATCTCTACCA-1,0
CAATGGTCGGCCTGGG-1,1
CAATGTGCCAACCCTT-1,0
CAATTAAGGGTGATGA-1,3
CAATTGGGCCGCACTC-1,2
CAATTTCGTATAAGGG-1,3
CAATTTGACCGGGAAG-1,7
CACAAACCGCAGAACT-1,4
CACAAGAAAGATATTA-1,5
CACAAGCTAAGAAAGG-1,8
CACAATGAGCTGCTAT-1,3
CACACACGCTAACGAG-1,9
CACACAGCTTGCGCTC-1,0
CACACAGGGATAGATT-1,7
CACACGCGCTGTCTTA-1,1
CACACGTTTCAATGGG-1,5
CACACTTGTATTGCGA-1,5
CACAGAGACGAGGACG-1,4
CACAGCACCCACGGCA-1,3
CACAGCTAGGGAGTGA-1,1
CACAGGGCCATATAGT-1,9
CACAGGGCCGTTGTCA-1,8
CACAGTCCCGCTTCGC-1,0
CACAGTTCGCTTCCCA-1,0
CACATAAGGCGACCGT-1,7
CACATATTAGCAGGAT-1,3
CACATCGTGCACGCGC-1,6
CACATCTCACCGACGA-1,4
CACATGATTCAGCAAC-1,3
CACATGTTTGGACATG-1,7
CACATTCTTTCGATGG-1,4
CACATTTCTTGTCAGA-1,0
CACCAATCATCCGTCT-1,2
CACCACGCCACACAGA-1,2
CACCAGTCAGCATGCA-1,8
CACCATCGGAGGAGAC-1,0
CACCATGATCGCAAAG-1,5
CACCCAAATCTTATGT-1,0
CACCCACACGTCACCC-1,7
CACCCACGAGGCAATT-1,4
CACCCGCGTTTGACAC-1,4
CACCCGGTTTGTGACT-1,6
CACCCTAACAAGATCT-1,1
CACCCTTGGTGAGACC-1,4
CACCCTTTCCTCGCTC-1,0
CACCGATACACCGAGC-1,0
CACCGATGATGGGTAC-1,4
CACCGCCAGAAGGTTT-1,7
CACCGCCGACCAGCGA-1,0
CACCGCGTCCACTCTA-1,0
CACCGGAGATATCTCC-1,5
CACCGGGCATCACAAG-1,8
CACCGGTAGAGACATT-1,8
CACCGTATCCCATCCG-1,4
CACCGTTAGGGATCAC-1,6
CACCGTTGCGCGATAT-1,1
CACCTAATAGAGTCGT-1,7
CACCTAATCAGTTTAC-1,0
CACCTCGATGGTGGAC-1,0
CACCTCTACGAGTGTG-1,5
CACCTTGCGAAACTCG-1,0
CACCTTGGCGCCTTTG-1,0
CACGAAAGTTAGTCCC-1,0
CACGACCACAGACTTT-1,5
CACGACGTAATAGTAA-1,5
CACGACTAAAGTTCTG-1,1
CACGAGCAAACCAGAC-1,6
CACGATTGGTCGTTAA-1,0
CACGCACAGCGCAGCT-1,0
CACGCAGCGAGGCTTT-1,2
CACGCGGAACTGTTGC-1,0
CACGGACGTGGATGGC-1,5
CACGGCGCGCCAAAGG-1,0
CACGGGATTGAGGGTT-1,2
CACGTCAATCAATGGA-1,0
CACGTCGGCAACCTCT-1,8
CACGTCGGGTTCTAGA-1,4
CACGTCTATGATGTGG-1,5
CACGTTCGTGCTCTAG-1,3
CACGTTTCGTACACAC-1,9
CACTAAAGTTGCCTAT-1,3
CACTACGGGAGCTGCC-1,9
CACTACTCAGTTCTGT-1,1
CACTCAAGAGCTATGG-1,3
CACTCAGCTCTTGAGG-1,1
CACTCCTATGTAAGAT-1,6
CACTCCTCTCGGTCGG-1,0
CACTCGAGCTGAACAA-1,2
CACTCGGTTAGGAGGA-1,2
CACTCTCAAGCATCGA-1,1
CACTCTTCTGCTAGCC-1,9
CACTGACGATTGTGGA-1,0
CACTGTCCAAGTGAGA-1,1
CACTTAATCAGACGGA-1,3
CACTTCGCCACAGGCT-1,7
CACTTCGTCTTATCTC-1,2
CAGAACTTAGCCCTCT-1,0
CAGAATAACACACGGA-1,0
CAGAATATTCGTTATC-1,0
CAGACACCGATCGCTG-1,1
CAGACCTGTAAGTGTT-1,0
CAGACGAACCTGATAC-1,3
CAGAGACGGTCACCCA-1,3
CAGAGCATGAGCTTGC-1,0
CAGAGCGATGGATGCT-1,0
CAGAGGCGATGCATGA-1,0
CAGAGTGATTTAACGT-1,0
CAGATAATGGGCGGGT-1,9
CAGATACTAACATAGT-1,1
CAGATATGAAGATGAC-1,6
CAGATCATTTAAAGTC-1,1
CAGATCCTGGTTTGAA-1,6
CAGATGTTTGTCCCAA-1,2
CAGCAGCCCGTTCCTT-1,1
CAGCAGTCCAGACTAT-1,1
CAGCAGTCTGTGCTGC-1,1
CAGCCCTCACAGGCAG-1,0
CAGCCGGGCCCTCTAT-1,4
CAGCCTCCTGCAGAGG-1,0
CAGCCTCGATAGCGGT-1,0
CAGCCTCTCCTCAAGA-1,4
CAGCGATTCCCTTCAA-1,1
CAGCGCCAACACGATA-1,2
CAGCTCACTGAGACAT-1,3
CAGCTCGACAAGTTAA-1,0
CAGCTCGTGCTTGTGT-1,7
CAGCTCTGGGCTCACT-1,8
CAGCTGGCGTAACCGT-1,0
CAGCTTAGTAGGTAGC-1,2
CAGGAAGACTTTATAT-1,0
CAGGACAGCTGCCCTT-1,1
CAGGATATATCGTTGT-1,3
CAGGATCCGCCCGACC-1,0
CAGGCAGTCTTACCAG-1,9
CAGGCCAGTACCACCT-1,8
CAGGCCGTTTGGGTGT-1,3
CAGGCGCACGGTGGTC-1,6
CAGGCGCCATGCTAGG-1,1
CAGGGAGATAGGCCAG-1,6
CAGGGCTAACGAAACC-1,1
CAGGTTTAGTACTACA-1,5
CAGTAACTATTTATTG-1,4
CAGTAAGGGACGTCTC-1,8
CAGTAATCCCTCCCAG-1,7
CAGTACATTCTCTAAA-1,4
CAGTACCAGTTTACGT-1,2
CAGTAGATGATGTCCG-1,11
CAGTAGCCCACGCGGT-1,0
CAGTAGCGAGGTAGTA-1,7
CAGTCCAACGCCTTCT-1,5
CAGTCGAGGATGCAAT-1,0
CAGTCGGCCTAGATAT-1,2
CAGTCTCTCGGCTAAT-1,7
CAGTCTGTATACTGGG-1,3
CAGTGAATAAATGACT-1,1
CAGTGGTTGCACATGA-1,7
CAGTGTCCGCAGAATG-1,1
CAGTGTCGGCTGGCCC-1,1
CAGTGTTAATCTCTCA-1,6
CAGTTCAAATTGACAC-1,1
CAGTTCCGCGGGTCGA-1,2
CAGTTCGAGGACCCGA-1,1
CATAACGGACAGTCGT-1,0
CATAAGAAGCTTGGCT-1,4
CATAAGCTCTCCGTCT-1,2
CATAATGAGCGGGCGA-1,1
CATACAAAGCCGAACC-1,1
CATACACAAAGTCAGC-1,2
CATACACGGTTCCCAC-1,1
CATACCCGTACCCAGT-1,2
CATACGAACTAGCTGG-1,6
CATACGGCGTCTGGGC-1,3
CATACGGGTGCATGAT-1,7
CATACTATGTAATTGT-1,3
CATACTTAGGCAATAC-1,0
CATACTTCTTTCTCCG-1,8
CATAGAGGAGATACTA-1,9
CATAGCCGCCCGGGAT-1,2
CATAGCGTTGCCCACC-1,6
CATAGGGACACTTGTG-1,6
CATAGTACATTGAGAG-1,0
CATAGTAGCATAGTAG-1,0
CATAGTCAAATACATA-1,9
CATAGTCCACAAGAAC-1,2
CATAGTGGGCACGCCT-1,0
CATATACTACTGATAA-1,4
CATATAGGTACAGTCA-1,3
CATATGTCAGGCTACG-1,1
CATATTATTTGCCCTA-1,4
CATCAAACTGGCGCCC-1,5
CATCAACACCTACTAA-1,11
CATCATCTACCCGGAC-1,0
CATCATTACCCTGAGG-1,9
CATCCAATATAGTTTG-1,8
CATCCCGAGATTCATA-1,4
CATCCGCAGGCCCGAA-1,2
CATCCTCTCAAAGATC-1,9
CATCGAATGGATCTCT-1,7
CATCGCCCGCGGCCAA-1,7
CATCGGACGGGTTAAT-1,3
CATCGTCCGGTTACTA-1,2
CATCTACCCGAGAACG-1,0
CATCTAGTGAAGGGAA-1,0
CATCTATCCCGTGTCT-1,4
CATCTGCAGGATCATT-1,2
CATCTTACACCACCTC-1,0
CATGAACCGACATTTG-1,7
CATGAACCTCTTATCA-1,0
CATGACTTCGCTGAAT-1,0
CATGAGATGCACTCTC-1,4
CATGAGTCCATCACGG-1,8
CATGATACGGTGAAAC-1,10
CATGATCGCTTTGAGA-1,2
CATGATGCACAATTCT-1,1
CATGATGGAAGTTAGC-1,4
CATGCACATGAGAGGC-1,6
CATGCACGTGTTACTG-1,5
CATGCATGGAGACCCT-1,0
CATGCCAACTCGCAAA-1,2
CATGCGACCAGTTTAA-1,0
CATGCGTTAGACAGAA-1,1
CATGCGTTGAGAGGAG-1,0
CATGCTGGCTCCAATT-1,1
CATGGAAATGGGACCA-1,5
CATGGATTGTCTTCCG-1,9
CATGGCAGGAAGATCG-1,0
CATGGCTCCCTATGTC-1,2
CATGGGTATGCCTTAT-1,4
CATGGGTCGGGTGTGG-1,0
CATGGTAAGTAGCGTT-1,3
CATGGTATTAGTTTGT-1,8
CATGGTCTAGATACCG-1,1
CATGGTTTATTAATCA-1,0
CATGTAAGAGACATTT-1,9
CATGTAGGAGCGCCAA-1,0
CATGTGGGCTCATCAC-1,10
CATTACATAGATTGTG-1,5
CATTACGCAGGAAGGG-1,9
CATTACGTCGGCCCGT-1,0
CATTATCCCATTAACG-1,6
CATTATGCTTGTTGTG-1,1
CATTCACTGACAGCTA-1,4
CATTCAGGTCAGTGCG-1,7
CATTCCCATTCCGTCG-1,4
CATTCCCTAAGTACAA-1,7
CATTCGTCGTAGCGGT-1,0
CATTGATGAACACGCC-1,5
CATTGCAAAGCATAAT-1,5
CATTGCGAAATGGGCG-1,2
CATTGCGGGTCAATTC-1,5
CATTGTGTGCTAGATC-1,7
CATTTAGCGGACCATG-1,0
CATTTATCGTTCAAGA-1,0
CATTTCTAGCAGACTA-1,7
CATTTGAGTGGTACGT-1,3
CCAAACAGAACCCTCG-1,1
CCAAAGCAGTTGGTTG-1,11
CCAAAGTCCCGCTAAC-1,7
CCAAATAACAAGATTC-1,0
CCAAATCAAAGGGCAA-1,6
CCAACCTTATGTAACT-1,6
CCAACGATGCACTGAT-1,7
CCAACGCTTGCCAGGG-1,5
CCAACTTGATAGATCC-1,0
CCAAGAAAGTGGGCGA-1,3
CCAAGACTTCTGCGAA-1,11
CCAAGCGTAACTCGTA-1,3
CCAAGCTTGATCTCCT-1,7
CCAAGGAACAGAGAGG-1,1
CCAAGGTTGCCCTTTC-1,9
CCAAGTTTCTACAGAT-1,11
CCAATAGATTTCATCT-1,2
CCAATAGTGCCGTCGA-1,2
CCAATCGGTAGATCGA-1,4
CCAATGTCACAGCAAG-1,3
CCAATTACGGGTCGAG-1,4
CCAATTGAATGTTAAT-1,1
CCACAATGTACGTCTT-1,0
CCACACTGAGATATTA-1,3
CCACAGCTGAAATCAT-1,7
CCACAGTACCCATCCT-1,0
CCACATACTGCACCCA-1,0
CCACATGGCTCTTTAT-1,2
CCACCAACTTTACTGT-1,1
CCACCCAAGGAAAGTG-1,3
CCACCTGTATGGAATA-1,0
CCACGAATTTAACCTC-1,0
CCACGAGAAGAGAATC-1,0
CCACGGAGCCATAAGA-1,2
CCACGGCAGGTGTAGG-1,6
CCACGGTGCCCGGTAG-1,0
CCACGTAAATTAGACT-1,1
CCACTAAACTGAATCG-1,7
CCACTATCCGGGTCAC-1,1
CCACTCAGATCCGCAA-1,10
CCACTGGTGGCTGGTT-1,2
CCACTGTTTGGATTAA-1,0
CCACTTTCCTTCTAGG-1,9
CCAGAAACTGATGCGA-1,4
CCAGAAAGCAACTCAT-1,6
CCAGAGACAAAGCCGG-1,2
CCAGATAGTTGAGTGA-1,4
CCAGATGTAAATGGGT-1,5
CCAGCCTGGACCAATA-1,3
CCAGCGGGATCACCAG-1,0
CCAGCTACGCCTCATA-1,7
CCAGCTCGAACGCATT-1,8
CCAGCTGATGGTACTT-1,2
CCAGCTTCCGCCCGCA-1,2
CCAGGCGAGATGGTCT-1,6
CCAGGCTGGCGTCTGA-1,0
CCAGGGACGTGGCCTC-1,1
CCAGTAGTCTGATCCA-1,4
CCAGTCAAATCTCTTA-1,1
CCAGTCCATTATTCGA-1,7
CCAGTCTAGACGGCGC-1,0
CCAGTCTTGTCATAGA-1,8
CCAGTGAGCTCCTTGT-1,1
CCAGTGTACAGACCGA-1,6
CCAGTTCGGTAACTCA-1,10
CCATAAACAACCCGAC-1,0
CCATAACCTGTGCAGT-1,2
CCATACCTTTACTTGT-1,0
CCATACTCGCCTCTCC-1,2
CCATAGAGGCTGCCAG-1,8
CCATAGGTTGGCGTGG-1,1
CCATAGTCAGTAACCC-1,7
CCATATGGAAACTATA-1,9
CCATATTGGATCATGA-1,7
CCATCATAAGAACAGG-1,5
CCATCCATACCAAGTC-1,7
CCATCGCAGTTAAACT-1,3
CCATCTCACCAGTGAA-1,0
CCATCTTGTTCACAAT-1,1
CCATGCCCTAGATTTC-1,9
CCATGCCTGTTTAGTA-1,7
CCATGCTCTGCAGGAA-1,7
CCATGGCAAACGCTCA-1,8
CCATGGCCCTTGTACC-1,2
CCATGTTCATCTATAT-1,6
CCATTAGCGATAATCC-1,3
CCATTCCCTGCCCACA-1,1
CCATTGTTTCCTCCAT-1,5
CCATTTCTACCTATTA-1,1
CCCAAACATGCTGCTC-1,1
CCCAACATACGTCGCG-1,2
CCCAACCACACTAACA-1,0
CCCAAGAATGCACGGT-1,5
CCCAAGACAGAGTATG-1,7
CCCAAGTCATTACACT-1,9
CCCAATGAGATTTGCA-1,6
CCCAATTTCACAACTT-1,2
CCCACTCCACGGTATC-1,2
CCCAGAGGAGGGCGTA-1,4
CCCAGATTCCCGTGAC-1,8
CCCAGGAAGAATTCGA-1,10
CCCAGGTCTGAAGGCT-1,0
CCCAGTAAACTTGGGA-1,8
CCCAGTTAAGGCGCCG-1,3
CCCATATAGGTCGATT-1,0
CCCATTATTGTATCCT-1,4
CCCGAAGTTTCGCGAA-1,2
CCCGACCATAGTCCGC-1,0
CCCGAGTTTCTCCGTA-1,0
CCCGATAGCCTCGCCT-1,0
CCCGCAAATAATCATC-1,8
CCCGCAGCGCGAACTA-1,3
CCCGCAGGGCCCAAAG-1,0
CCCGCCATGCTCCCGT-1,1
CCCGCGCAATGCACCC-1,2
CCCGCTAGAGGGTTAA-1,5
CCCGCTTGCCCTCGTC-1,1
CCCGGCACGTGTCAGG-1,9
CCCGGCTAGGTGAGAA-1,11
CCCGGGTCGTTCAGGG-1,8
CCCGGTGGAAGAACCT-1,2
CCCGGTGTATCGGAAT-1,6
CCCGTAAGTCTAGGCC-1,2
CCCGTAGCTGGGAAGA-1,6
CCCGTCAGCGTCTGAC-1,7
CCCGTGACAGTGCCTT-1,10
CCCGTGAGGGCGGTGA-1,2
CCCGTGGGTTAATTGA-1,1
CCCGTTTCGCAGATGT-1,0
CCCTACCCACACCCAG-1,10
CCCTACTTGAACAATG-1,10
CCCTAGCTCTAAGGTC-1,8
CCCTAGGCAACAAGAG-1,2
CCCTAGTGTCAGGTGT-1,7
CCCTATGTAGAGCAGA-1,6
CCCTCAAGCTCTTAGT-1,11
CCCTCAGATCGAGAAC-1,6
CCCTCATCACAGAGTA-1,8
CCCTCATTCTGGAATT-1,7
CCCTCCTCGCTCGTAT-1,0
CCCTCGATAATACACA-1,6
CCCTCGGGAGCCTTGT-1,0
CCCTGAAATGAGTTGA-1,2
CCCTGACTAACAAATT-1,2
CCCTGATGTAACTCGT-1,2
CCCTGCCCAATCCGCT-1,2
CCCTGCGCTACGCATA-1,2
CCCTGGCTGTTCCTTC-1,2
CCCTGGGAGGGATCCT-1,10
CCCTGGTATGGGCGGC-1,0
CCCTGTTGGCAAAGAC-1,11
CCCTTCTCGTACGCGA-1,1
CCCTTTAATGGAGTTC-1,9
CCCTTTGACAGGTCTT-1,3
CCGAAACACGACCTCT-1,8
CCGAAAGTGGTGAGCA-1,7
CCGAACACTGGGCCTC-1,2
CCGAACCTTCCCGGCC-1,3
CCGAAGCATTGACCAA-1,8
CCGAAGGGCGTACCGC-1,0
CCGAAGTATATTGTTC-1,2
CCGACAAACACATGAG-1,2
CCGACAAAGGGAGTGC-1,2
CCGACAATAGGCCGCC-1,1
CCGACGGGCATGAGGT-1,6
CCGACGTAAACACAAC-1,0
CCGACTCGCATAGTCT-1,0
CCGAGAAGTCGCATAA-1,0
CCGAGCTGTGCTTGTC-1,5
CCGAGGGATGTTAGGC-1,0
CCGATATGACGTAAGG-1,0
CCGATCTCAACCTTAT-1,0
CCGATCTTAAGAGGCT-1,5
CCGATTCGAGGGACCC-1,0
CCGATTGGTCAATGAA-1,5
CCGCACAAAGACCAAC-1,3
CCGCACACGAACGTGT-1,0
CCGCACGTGACCTCGG-1,2
CCGCACTTGCAATGAC-1,9
CCGCATGTGGTACGAT-1,1
CCGCCACCACAATCCA-1,4
CCGCCGGAACTTCTCG-1,8
CCGCCGGTCAACACAC-1,1
CCGCCGTTGAGGATAA-1,4
CCGCCTGCGAATTGGT-1,4
CCGCCTTGCGATGTCG-1,0
CCGCGATTTGGTAGGT-1,2
CCGCGCAAGATACCCA-1,8
CCGCGGAATGCGTCAC-1,3
CCGCGGGTACGAAGAA-1,2
CCGCGTAGGTAAGGGC-1,1
CCGCTATCAGCACCAG-1,3
CCGCTCCAGGGCGATC-1,10
CCGCTCCGGATAAGCT-1,6
CCGCTCTTCCGAACTA-1,9
CCGCTTACCTCACTCT-1,7
CCGCTTCGCGGTTAAC-1,1
CCGCTTGCTGACATGG-1,4
CCGGAAGTGCAATATG-1,9
CCGGAAGTTATCAGTC-1,0
CCGGAATGGTTTCAGT-1,7
CCGGAGCGTACTTTCT-1,6
CCGGAGGTCTTATGGT-1,5
CCGGCACGACCGTTTC-1,4
CCGGCCGCGAGCATAT-1,2
CCGGCGCATATTGGAT-1,1
CCGGCGTGAGACTCTG-1,2
CCGGGACCCGCAGAGA-1,7
CCGGGCTAAGAATTTC-1,6
CCGGGCTGCTCCATAC-1,3
CCGGGTTCGAGGTTAC-1,1
CCGGTAATGGCTAGTC-1,0
CCGGTATCTGGCGACT-1,10
CCGGTGCGAGTGATAG-1,11
CCGGTTTGTAATTGTG-1,8
CCGTAAGTTGGTCCCA-1,3
CCGTACCCAAGCGCCA-1,7
CCGTAGGAAATCCCTG-1,9
CCGTAGGGTTGTTTAC-1,9
CCGTATCTCGTCGTAG-1,6
CCGTATTAGCGCAGTT-1,5
CCGTCAACCTCTGGCG-1,8
CCGTGAGGCATTCATG-1,4
CCGTGCCCATGACGGC-1,7
CCGTGGAACGATCCAA-1,4
CCGTGTTAAATTCCAT-1,1
CCGTTACGTTAGAACA-1,4
CCGTTCCGAATCTCGG-1,2
CCGTTTCCTTTCCGTG-1,4
CCTAAACAGGGTCCGT-1,4
CCTAAAGGCTGACGCT-1,4
CCTAAATTAACGGTTC-1,3
CCTAAATTGTATCCTA-1,0
CCTAACTAAGGCTCTA-1,4
CCTAAGTGTCTAACCG-1,1
CCTACAAGTCCGGAAT-1,5
CCTACAGTTGAGGGAG-1,10
CCTACATTCACAGACG-1,1
CCTACGCGACCTTACA-1,5
CCTACGGCTCAGTCGA-1,7
CCTACTCAACACGATT-1,0
CCTACTGCGGCGGCCA-1,5
CCTACTGCTTACACTT-1,2
CCTAGGCGTAGCGATC-1,3
CCTAGGTAAAGGTAGC-1,9
CCTAGTTAGTCGCATG-1,0
CCTATAATGAGTGCCC-1,0
CCTATACCGTCCTGTC-1,6
CCTATATCGTGTCACG-1,8
CCTATATTTGTCCTGG-1,1
CCTATCTATATCGGAA-1,0
CCTATGAAGTGGTGCC-1,0
CCTATGGCTCCTAGTG-1,8
CCTATGGGTTACCGTC-1,1
CCTATGGTCAAAGCTG-1,1
CCTATGTCCACTCCAC-1,9
CCTATTATTCCGGCCG-1,8
CCTCAACGATCGCTGT-1,0
CCTCACCAATCTTGAC-1,7
CCTCACCTGAGGGAGC-1,0
CCTCACCTTAGCATCG-1,0
CCTCACGTCAGCTAAT-1,0
CCTCATGCAGCTACGA-1,7
CCTCCCGACAATCCCT-1,0
CCTCCGACAATTCAAG-1,0
CCTCCTAGCTAGAGTC-1,8
CCTCCTGAGCCCACAT-1,2
CCTCCTGTTGTGTCGT-1,9
CCTCGAAGTGGACGGG-1,0
CCTCGACCCACTGCCT-1,5
CCTCGCCAGCAAATTA-1,0
CCTCGCGCGATATAGG-1,4
CCTCGCGCTGTGCGAT-1,1
CCTCGGACCGGGATAG-1,1
CCTCGGATGCTACCTG-1,2
CCTCGGTTTCCTTGCC-1,8
CCTCGTTACGCCTGTT-1,0
CCTCTAATCTGCCAAG-1,0
CCTCTACAAGGATTGG-1,6
CCTCTATCGATTAGCA-1,6
CCTCTCTCCCATCTAG-1,1
CCTCTGGCCTAGACGG-1,0
CCTCTGTACTATTCTA-1,3
CCTGAACGATATATTC-1,3
CCTGAATATTTACATA-1,0
CCTGACAAACTCGCGC-1,11
CCTGACCACCGATGGT-1,3
CCTGACGCAACCTTTA-1,5
CCTGAGAATAAATGCA-1,6
CCTGATTCGCGAAGAA-1,10
CCTGCCCGTTGTCTAG-1,2
CCTGCGATAGAACTGT-1,7
CCTGCGTTCTACGCTT-1,2
CCTGCTACAACCATAC-1,9
CCTGCTATTTGAGAAG-1,2
CCTGGAAACGTTCTGC-1,0
CCTGGCTAGACCCGCC-1,7
CCTGGTCGAATGTGGG-1,9
CCTGTAAGACATGATA-1,2
CCTGTACTCACGCCCA-1,1
CCTGTCACCCGGGCTC-1,3
CCTGTCCCTCACGTTA-1,4
CCTGTCGCCCGTAAAT-1,3
CCTGTCGTGTATGAAG-1,8
CCTGTGAAACCGTAAC-1,2
CCTGTGCATAGGAGAC-1,7
CCTGTGCGGATTGTAA-1,5
CCTGTTCAACCTCGGG-1,4
CCTGTTTGAAGACACG-1,9
CCTTAAGTACGCAATT-1,10
CCTTCAGTTAAAGTGA-1,6
CCTTCCGCAACGCTGC-1,6
CCTTCGTATAGAATCC-1,4
CCTTCTCAGCGTTCCT-1,2
CCTTCTTGATCCAGTG-1,0
CCTTGACCACTTTATT-1,4
CCTTGTGAACGTGGTT-1,4
CCTTTAAGGGAGCACT-1,6
CCTTTCAATGAAGAAA-1,1
CCTTTGAATTATGGCT-1,8
CGAAACATAGATGGCA-1,0
CGAAACGCAATTCATG-1,1
CGAACAGTATGGGCGT-1,0
CGAACATAGTCAGAAA-1,5
CGAACCCGCATGCGTC-1,3
CGAACCTCTTTCCTAG-1,6
CGAACGCCCAGTGCCG-1,0
CGAACGGCCGGACAAC-1,2
CGAAGACGGTGAGTGC-1,2
CGAAGACTGCCCGGGA-1,0
CGAAGATCAGTTTCAT-1,10
CGAAGCCACAGCATGG-1,8
CGAAGCTATAAATTCA-1,0
CGAAGGGTTTCAGATT-1,8
CGAAGTTGCTCTGTGT-1,2
CGAATCTGCTCGACGC-1,8
CGAATGAAGTCATTGC-1,8
CGAATGACGCATAATG-1,8
CGAATGGTAGGTCGTC-1,6
CGAATTACATGGTGTT-1,5
CGAATTCCCGGTTCAA-1,0
CGACAATTTGATCTAA-1,0
CGACACCGCTTAAGGA-1,5
CGACACGCTCCGACAG-1,4
CGACACGGATGCCCAC-1,5
CGACAGTTCGCGTTAT-1,3
CGACATGCGATCTTCT-1,0
CGACCCTTAACGCCGG-1,2
CGACCGTTGGTATTCG-1,6
CGACCTACTAGACAAT-1,2
CGACGCATCCGTACCT-1,2
CGACTCAGGATGTTAT-1,4
CGACTCGGTACACGGT-1,5
CGACTTGCCGGGAAAT-1,6
CGACTTTGTATAGCCT-1,4
CGAGACCCTAGAGTGT-1,3
CGAGACTACTGCTGCT-1,9
CGAGAGATGTGAACCT-1,1
CGAGAGCGCGTAGATA-1,2
CGAGAGCTTTCACTAC-1,9
CGAGAGGGTAGCCGCG-1,9
CGAGATGTTGCCTATA-1,1
CGAGATTTCGCTCGGG-1,0
CGAGCACTTCAAGTTT-1,7
CGAGCCGAGCACTCGA-1,11
CGAGCGTTGATCAGCC-1,7
CGAGCTGGGCTTTAGG-1,0
CGAGGAGCTTCCATAT-1,5
CGAGGATCGGGAACGA-1,0
CGAGGCCAGGCATTGG-1,7
CGAGGCTAAATATGGC-1,1
CGAGGGACTGCGGTCG-1,3
CGAGGGTATCCAGGTG-1,8
CGAGTACTAAAGAGGA-1,2
CGAGTGAAGGTACCAG-1,6
CGAGTGCTATAGTTCG-1,7
CGAGTTCTGTCCCACC-1,9
CGAGTTTATCGGACTG-1,0
CGATAACCAATTTGAG-1,5
CGATAATACTCAGGTT-1,4
CGATACCTCGCGGACA-1,3
CGATAGCGATACAGTG-1,8
CGATAGTCGTACTGCA-1,9
CGATATTAGCCGCAGG-1,7
CGATCATTAGAGGCAC-1,5
CGATCCACCATTGTTG-1,4
CGATCCGACCCAGTGC-1,3
CGATCCTCGCAACATA-1,6
CGATCGAGAAGCACCA-1,10
CGATCTGTTGGAGGAC-1,4
CGATGGACCCTACGCC-1,4
CGATGTTGTTATCTAC-1,8
CGATTAAATATCTCCT-1,0
CGATTCGCCTGGCTGC-1,1
CGATTTGTCATTAATG-1,6
CGCAAACACGAGTTAC-1,2
CGCAATCGATCATTAG-1,2
CGCAATTACTTTCGGT-1,7
CGCAATTAGGGTAATA-1,7
CGCAATTCTACAATAA-1,2
CGCACATGTCCACTAC-1,3
CGCACGTCTGTTTATG-1,6
CGCACGTGCGCTATCA-1,0
CGCAGAAACATTTGCG-1,0
CGCAGATCTTCACCCG-1,0
CGCAGGCGATCCAAAC-1,0
CGCAGTTCTATCTTTC-1,0
CGCATCATGGCTTCAG-1,1
CGCATCCATCAGCCAG-1,0
CGCATGCCGAATGCGT-1,9
CGCATGGTGCGATGCT-1,3
CGCATTAGCTAATAGG-1,1
CGCCAAGAAGCCGAGT-1,0
CGCCAATTATTGCGTT-1,11
CGCCACAGGTCGCGAT-1,2
CGCCACCCGCATTAAC-1,7
CGCCAGTAGTACCTTG-1,8
CGCCATCCGATTATGA-1,4
CGCCCAGCACGCCTAG-1,6
CGCCCAGCGTTTCACG-1,9
CGCCCGCTTCCGTACA-1,4
CGCCCTAATTGTTCAA-1,8
CGCCCTTACATCCACC-1,5
CGCCCTTGAAGGCTGA-1,1
CGCCGACTATTCGCTA-1,2
CGCCGCCCATGCCTGT-1,3
CGCCGCGTTCTGAACG-1,8
CGCCGGTGTCGCAGTA-1,5
CGCCGTCTACCCATCG-1,0
CGCCGTTCAGCATAGT-1,4
CGCCTCCCTCCTCTAT-1,3
CGCCTGGCCTACGTAA-1,2
CGCCTTTAGCATGCTC-1,0
CGCGAAGTGGCATACT-1,9
CGCGACACTGCGCAGC-1,2
CGCGACCGCGACAGAT-1,4
CGCGAGAGGGACTTGT-1,5
CGCGAGTCTGCCGGGT-1,6
CGCGCAAATGTCCAGA-1,6
CGCGCAAGGAACTACA-1,7
CGCGCATGTTTGATTG-1,3
CGCGCCCGACTTAATA-1,1
CGCGGCAGTATTACGG-1,7
CGCGGCTCAACTTGAA-1,0
CGCGGGAATTAGGCAG-1,4
CGCGGGAATTCCTTTC-1,10
CGCGGTAAGTCTAGCT-1,0
CGCGGTACGGTATACA-1,0
CGCGGTCACAAACCAA-1,5
CGCGTACATTCTGGAA-1,0
CGCGTCATATTAAACC-1,0
CGCGTGCTATCAACGA-1,7
CGCGTGGGCCTGTGTT-1,8
CGCGTTCATGAAATAC-1,1
CGCTACCGCCCTATGA-1,0
CGCTACGGGACATTTA-1,3
CGCTAGAGACCGCTGC-1,0
CGCTATACCGCCCACT-1,7
CGCTATCGTGGCTTTA-1,0
CGCTATTCAATGTATG-1,7
CGCTATTCTTAGGCTC-1,3
CGCTCGACATAATGAT-1,7
CGCTCTCCGTAGATTA-1,2
CGCTGAGGACGTCCAA-1,1
CGCTGGTGACTACCCT-1,0
CGCTGTGACGCCGCAC-1,2
CGCTGTGTGGATGTTG-1,6
CGCTTAGTATTGATAC-1,1
CGCTTATTCCCGGTCG-1,1
CGCTTCCACTGAAATC-1,1
CGCTTCGGTCTAAGAC-1,9
CGCTTGGACGGATAGA-1,4
CGCTTTCATACCGGTG-1,7
CGCTTTCCGCCAAGGT-1,10
CGCTTTCTTGCATTCG-1,0
CGGAAAGAATCAAACG-1,6
CGGAAAGCAAATGTGC-1,2
CGGAAATTTCACATCC-1,5
CGGAACGTAAACATAG-1,3
CGGACCTCTGTAGTTA-1,8
CGGACCTTTACGTCCC-1,10
CGGACGTTACTTGAAG-1,2
CGGAGCAATTTAATCG-1,8
CGGAGCATGGCGATCC-1,3
CGGAGCTTATAACACC-1,0
CGGAGTCCTAACCTGG-1,5
CGGAGTTTGAGAGACA-1,2
CGGATAAGCGGACATG-1,2
CGGATCCTCAAGGACT-1,1
CGGATGAATGCTGTGA-1,0
CGGATTCTGCCTTATG-1,8
CGGCAAACATCGTGCG-1,3
CGGCAATAAGATCGCC-1,0
CGGCACCGTTAGCGCC-1,0
CGGCACTCAAGAAAGT-1,7
CGGCAGGGTCGGGTTG-1,0
CGGCCACGCACAAAGT-1,3
CGGCCAGAGCGACCAT-1,1
CGGCCCAACCTGTAGT-1,0
CGGCCCAGGTATATCC-1,0
CGGCGCCATCAATCCC-1,9
CGGCTCTAAAGCTGCA-1,0
CGGCTCTTCGTCGAAC-1,5
CGGCTGAAGGTTACGC-1,0
CGGCTGCAAGATTAAG-1,0
CGGCTTTGTATGATAA-1,1
CGGGAACGCCCTGCAT-1,6
CGGGAAGTACCGTGGC-1,8
CGGGAATATAGTATAC-1,0
CGGGAATTTATGTAAA-1,3
CGGGAGCTTCAGTGTA-1,0
CGGGAGTATACCGCCG-1,7
CGGGATCAATGTAAGA-1,1
CGGGCAGCTAAACCGC-1,3
CGGGCCATAGCCGCAC-1,2
CGGGCCTTCTTTGTAA-1,3
CGGGCGATGGATCACG-1,0
CGGGCTACTTAAATTG-1,5
CGGGTGTACCCATTTA-1,1
CGGGTTCGGCACGTAT-1,0
CGGGTTGTAGCTTTGG-1,1
CGGGTTTGTTAGGGCT-1,0
CGGTAACAAGATACAT-1,11
CGGTACGGCAAACCCA-1,2
CGGTACTAGAATCAAA-1,3
CGGTAGAGGTGCAGGT-1,4
CGGTATAGGTATTAGC-1,1
CGGTATGGGCACTCTG-1,10
CGGTCAAGTGGGAACC-1,0
CGGTCAGTCCATATTT-1,0
CGGTCCATGAGACTCC-1,5
CGGTCCGTCGCAAGCC-1,8
CGGTCTATCAACCCGT-1,0
CGGTGAAGACTAAAGT-1,2
CGGTGCAGATAGAACG-1,2
CGGTGCGCGTTGGTCC-1,1
CGGTGGGCTCCAGCCT-1,0
CGGTGTACTTGATCCC-1,1
CGGTTATCCAACAGTG-1,0
CGGTTCAAGTAGGTGT-1,4
CGGTTCCGGCTTCTTG-1,7
CGGTTGACCTGGCATA-1,1
CGGTTGAGTATCCTTC-1,6
CGGTTGGGCAGGGTCC-1,10
CGGTTGGGTTCAAGTT-1,1
CGGTTTACTGAACATT-1,8
CGGTTTATGAAGGAAC-1,5
CGTAAACGCTTGAGTG-1,7
CGTAAAGCAAGAAATC-1,6
CGTAAATAACAAAGGG-1,8
CGTAACGGAACGATCA-1,5
CGTAACTTCGACACTT-1,8
CGTAATAATTACGAGT-1,11
CGTAATATGGCCCTTG-1,9
CGTACCGAAAGTCTAG-1,3
CGTACCTGATAGGCCT-1,0
CGTAGCGAATTGTCAG-1,0
CGTAGCGCCGACGTTG-1,1
CGTATCTAGAACTAAG-1,0
CGTATTAAGAGATCTA-1,3
CGTATTGTTTCCTAAT-1,5
CGTATTGTTTGGCGCC-1,4
CGTCAAATGGTCGCAG-1,5
CGTCAAGGCTATAAAT-1,2
CGTCAATCTTTAACAT-1,11
CGTCACGTCCATTGGT-1,3
CGTCAGCTATTTACTC-1,1
CGTCAGTGCGCACAAG-1,7
CGTCAGTTTATCGTCT-1,0
CGTCATACCATATCCA-1,7
CGTCCAGATGGCTCCA-1,11
CGTCCTCATCGCGTGC-1,4
CGTCGCATGTGAGCCA-1,4
CGTCGCGGCGGGATTT-1,7
CGTCGCTTGGTTATAC-1,6
CGTCGGATAGTGTTGA-1,0
CGTCGGGTCTAAGCGC-1,6
CGTCGTCCTTCGCGAA-1,4
CGTCTCTCGCCGAGGC-1,5
CGTCTGGAAGGGCCCG-1,1
CGTCTTGAGTGTGACG-1,0
CGTGAACTGACCCGAT-1,4
CGTGAAGTTAATTCAC-1,3
CGTGACATTGGGTCGT-1,4
CGTGACCAGTCCTCTG-1,8
CGTGCACACCACTGTA-1,10
CGTGCAGACTGGGACA-1,3
CGTGCATTGTCGACGC-1,0
CGTGCCCGACATTTGT-1,0
CGTGCCCTCCCGAAGA-1,3
CGTGCTGGCCTAGTCG-1,7
CGTGCTTCTACCTAAA-1,6
CGTGGAAGCCTCGTAC-1,0
CGTGGCCGAATATCTA-1,0
CGTGGTACCCAAAGGC-1,8
CGTGTATGGGAGCTGA-1,1
CGTGTCCCATTCGCGA-1,7
CGTGTCTCGTTACGAC-1,1
CGTGTGTTAAACCCTG-1,4
CGTTAAACTAGTTAGG-1,0
CGTTAAATACGACCAG-1,4
CGTTAATGTCCCGACG-1,9
CGTTAGCTCACAACTG-1,0
CGTTATCATACTTCCA-1,2
CGTTCAAGGAAACGGA-1,4
CGTTCAGACCCGCGAA-1,8
CGTTCATGGTGCGCGT-1,2
CGTTCTTCGCACACCT-1,5
CGTTGAATACCGCGCT-1,4
CGTTGAGCGACCGTCG-1,3
CGTTGAGTAATTGCGT-1,5
CGTTGCCCGCGTGGGA-1,1
CGTTGTAAACGTCAGG-1,2
CGTTGTAAGATTGATT-1,4
CGTTGTCGGCAATTGA-1,8
CGTTGTTTCAATTCCC-1,2
CGTTTAAGCGGAGCAC-1,1
CGTTTACAAGGCAGCT-1,5
CGTTTCACTTCGGGCG-1,4
CGTTTCGCTCATTACA-1,3
CGTTTCGGTTATATGC-1,0
CGTTTGGTGTTGTGGG-1,0
CGTTTGTGTAGAGGGT-1,6
CTAAACGGGTGTAATC-1,1
CTAAAGAATGCCTACT-1,2
CTAAAGGATGAGATAC-1,10
CTAAAGGGAAATAGGA-1,3
CTAAAGTCCGAAGCTA-1,7
CTAAATCCGGTGTACA-1,6
CTAACAGCACAATAAC-1,8
CTAACCGCGCGCCCGT-1,1
CTAACGAAACTTGCTG-1,0
CTAACTGATAATCGCC-1,9
CTAACTGGTCCGGTTC-1,1
CTAAGGGAATGATTGG-1,3
CTAAGTACAGGGCTAC-1,5
CTAATGCGCCCAACAA-1,11
CTAATTATGAAGCGTA-1,5
CTAATTCGCACGCGCT-1,2
CTAATTCTCAGATATT-1,0
CTAATTTCAACAACAC-1,1
CTACAAGAAATAACCC-1,6
CTACACTAGCTTGTTC-1,7
CTACACTCGCAGATGG-1,9
CTACATATCGCGGGAC-1,8
CTACCCTAAGGTCATA-1,0
CTACGACTAGCTATAA-1,1
CTACGATCCTATCCTA-1,6
CTACGCACGGAGTACC-1,3
CTACGCCATTTCCGAT-1,0
CTACGTGTTGCCACCA-1,7
CTACTATCATAGGTTT-1,6
CTACTATCTTTCAGAG-1,4
CTACTCAAGGTATAGT-1,6
CTACTCTAGGCCCGGC-1,2
CTACTGCCACCTGACC-1,3
CTAGACATATATGTAG-1,5
CTAGACTGCATTTCGT-1,0
CTAGATAAACTCCTCG-1,7
CTAGATGTGAGTGTAA-1,0
CTAGATTTACGACGGC-1,3
CTAGCAACTAATTTAC-1,7
CTAGCATAGTATAATG-1,3
CTAGCCACAGGCGAGC-1,0
CTAGCCCGGGAGACGA-1,1
CTAGCCGATGTTATGA-1,0
CTAGCGCCAATCCTAC-1,5
CTAGCTTAATGGTCCC-1,0
CTAGGCGCCCTATCAG-1,0
CTAGGCGGCAGAGAAT-1,7
CTAGGGATAGGGACAA-1,8
CTAGGTCTGAAGGAAT-1,0
CTAGGTTCGGACGTGA-1,4
CTAGTAGAAAGGGATT-1,9
CTAGTATTCGGAATTA-1,4
CTAGTCACGTCTTAAG-1,3
CTAGTGAAGGACAGGA-1,1
CTAGTTACAACCCGGT-1,1
CTAGTTGGGCCCGGTA-1,1
CTATAAGAGCCAATCG-1,0
CTATAAGTAGGGTTTG-1,1
CTATACTTAAAGCGAG-1,8
CTATAGGCGTTGATGT-1,6
CTATATCCAGCCTGGC-1,6
CTATCACAACGCTGGA-1,10
CTATCGACGAAATACA-1,9
CTATCGCGTAGAGAAC-1,0
CTATCGGGTCTCAACA-1,3
CTATGAACACCTTGCC-1,6
CTATGCCCGAATGCAA-1,8
CTATGGGAAGCGGAAT-1,3
CTATGTCACTAGCCCA-1,3
CTATGTCTATTGAAAC-1,7
CTATGTGAGTCACGGC-1,2
CTATTCATGTGTCCCA-1,3
CTATTGTGTTTGGTCA-1,1
CTATTTGCTTGGAGGA-1,1
CTATTTGGTTACGGAT-1,3
CTCAAACCACTGCCCG-1,6
CTCAACTAACCCGGAT-1,9
CTCAAGACATTAGCGC-1,5
CTCACACGCAAGCCTA-1,5
CTCACATTTACTAAAT-1,8
CTCACCAGTACAAGTG-1,2
CTCACCGATCCAAACT-1,5
CTCACTGTGATACTTA-1,4
CTCACTTGGCTGGTAA-1,2
CTCAGAGCTAATGTCG-1,2
CTCAGATTGTGATAAG-1,2
CTCAGCAGACTGCCGA-1,5
CTCAGGACTCACCTGT-1,7
CTCAGTCACGACAAAT-1,0
CTCATAAATGTGTATA-1,0
CTCATCACTTAGTGAT-1,1
CTCATGGCTCACAATC-1,0
CTCATGGTAATTTGCG-1,1
CTCATTAACGTTGCCC-1,5
CTCATTCGTGAACATC-1,2
CTCATTGCTCTAACAA-1,4
CTCATTTGATGGGCGG-1,1
CTCCCAATGAGTCGCG-1,0
CTCCCTCCTTTCGATC-1,6
CTCCCTTGTATCAAGG-1,6
CTCCGAGTAAATCCGC-1,5
CTCCGCCCACATGAGG-1,1
CTCCGGCCTAATATGC-1,1
CTCCGGCTTGTAGACA-1,7
CTCCTAAGTTATGTCT-1,7
CTCCTAGTAATCGTGA-1,6
CTCCTCCAGCTCACAC-1,1
CTCCTGTTCAAGGCAG-1,0
CTCCTTTACGCAAGTC-1,1
CTCGAATGGAACGTAT-1,2
CTCGAGACATACGATA-1,2
CTCGAGATCCAAAGCA-1,7
CTCGAGGCAAGTTTCA-1,6
CTCGAGGTCGAACAGT-1,1
CTCGATATTTGCGAGC-1,0
CTCGCACCTATATAGT-1,0
CTCGCATTGCATAGCC-1,8
CTCGCCGAATGTAGGG-1,8
CTCGCTAGGTAAGCGA-1,9
CTCGGGATAACACCTA-1,0
CTCGGGCATCGTCGGG-1,0
CTCGGGTTCTCTGGCC-1,6
CTCGGTACCACTGCTC-1,3
CTCGGTCCGTAGCCTG-1,1
CTCGGTTGTCGGCCCT-1,6
CTCGTCGAGGGCTCAT-1,8
CTCGTCTGTGCCTTCG-1,10
CTCGTGGCACTGAAAG-1,8
CTCGTTACGGCTACCA-1,8
CTCGTTTCTAATGTTT-1,4
CTCTAACACCGGCAGC-1,10
CTCTAATGCATTGATC-1,0
CTCTACACTGGCGATT-1,2
CTCTACATCCTGCGTG-1,10
CTCTAGCCCTCGGAAA-1,9
CTCTATTTGGCTGCAG-1,3
CTCTCACAATCGATGA-1,3
CTCTCGATGTGCGCCT-1,0
CTCTCGCTGTACTATG-1,2
CTCTCTAACTGCCTAG-1,6
CTCTGCAGGCATTCTT-1,6
CTCTGCGAAGCAAGCA-1,1
CTCTGGACGCCTGGTG-1,3
CTCTGTCCATGCACCA-1,10
CTCTGTGCCTGCTATG-1,1
CTCTGTTTGAGGATTC-1,0
CTCTTCTATTGACTGG-1,0
CTCTTCTGGAAGTTAG-1,6
CTCTTGTCCCGCTTGG-1,1
CTGAAACGGCCCTCAG-1,5
CTGAAAGAGATCCGAC-1,0
CTGAATCCGAGACCTC-1,3
CTGAATTTATTGCCAG-1,4
CTGACATAGAAATAGA-1,4
CTGACTGCGCAGCTCG-1,0
CTGAGAAAGTTCGGCG-1,0
CTGAGAGTAGAAATAC-1,1
CTGAGCAAGTAACAAG-1,7
CTGAGCGAGACTTATT-1,1
CTGATAGTGTATCTCA-1,2
CTGATCCCTTTATGCA-1,6
CTGCAAGCACGTTCCG-1,4
CTGCACCTAGTCCACA-1,0
CTGCACCTGGAACCGC-1,1
CTGCACTCCAGTACAG-1,1
CTGCAGAGAATCAGAG-1,9
CTGCAGGGTGACGCTC-1,4
CTGCAGGTGCTCGGCC-1,11
CTGCCAAGGTTGGAAG-1,1
CTGCCATGCATCACAT-1,3
CTGCCCACGAAGCGTT-1,2
CTGCCTAGCCACCAAG-1,0
CTGCCTCATATGCAAC-1,0
CTGCCTTTAATACCTT-1,6
CTGCCTTTCTAGTAAA-1,9
CTGCGACCTCGCCGAA-1,10
CTGCGATTTCGAGATT-1,4
CTGCGGGTGAAATGTT-1,2
CTGCGGTAGTCACGTG-1,0
CTGCGTTACGATATAA-1,0
CTGCTCTCAACACACC-1,9
CTGCTCTGACGGCAAA-1,10
CTGCTGAGGCCACGAA-1,3
CTGCTGTCTAACGAGC-1,0
CTGCTTGGCGATAGCT-1,8
CTGCTTTATGTCCGCG-1,5
CTGGAAATGGATGCTT-1,1
CTGGAAGACACGGTGG-1,9
CTGGACGCAGTCCGGC-1,0
CTGGATTTACACTTGA-1,3
CTGGCATCCGAATGAG-1,1
CTGGCGACATAAGTCC-1,0
CTGGCGATTTACATGT-1,1
CTGGCGCACAGGTCTG-1,3
CTGGCGGGAATAAGTA-1,7
CTGGCTCCTGCGGGAT-1,7
CTGGCTGATTCATCCT-1,4
CTGGCTGCTAACGTAA-1,7
CTGGCTGGTTGTCAGT-1,1
CTGGGATAAATAATGG-1,3
CTGGGATACGCTACCC-1,0
CTGGGATCGCCCAGAT-1,4
CTGGGCACTAGTCGGA-1,5
CTGGGCCTGCTATATC-1,2
CTGGGCGGCCAAATGT-1,0
CTGGGCTACTGGAGAG-1,9
CTGGGCTATCCTTTGG-1,5
CTGGGTAGGCAGTTAA-1,3
CTGGGTTGAGTTAAAG-1,8
CTGGTAAAGACTTACA-1,9
CTGGTAAAGTGTGGGC-1,0
CTGGTAACACATAGAA-1,1
CTGGTAACGAGCTCTT-1,4
CTGGTCATTCCAATCC-1,2
CTGGTCCTAACTTGGC-1,0
CTGGTGAATGGGCCTA-1,8
CTGGTTCAACGCATCA-1,7
CTGGTTCGCGAGCTAC-1,0
CTGGTTTCGAGCAAGA-1,0
CTGTACTTCTTAGCAT-1,3
CTGTAGCCATCTCACT-1,6
CTGTAGTGAGGATCGA-1,4
CTGTATGGTGTAGAAA-1,1
CTGTCAAATGGCTCGG-1,0
CTGTCACGCCAGGCGC-1,1
CTGTCCTGCGCACTAC-1,8
CTGTCTGTGGCTGGCT-1,11
CTGTGCAGGGTAGGTC-1,3
CTGTGGTCGGGAGATA-1,9
CTGTTACCCAATCTAG-1,3
CTGTTCACTGCCTGTG-1,1
CTGTTCATCTCACGGG-1,7
CTGTTGGCTCTTCTGA-1,11
CTGTTGTTCAGTCGTA-1,6
CTTAAATAAGACCCAT-1,2
CTTAACTTACAGTATA-1,4
CTTAACTTCGAAGTAC-1,0
CTTAAGCAGCGAGCCG-1,2
CTTAATCGACTTAGTA-1,10
CTTACACGGTATTCCA-1,7
CTTACACTGGGAAATA-1,1
CTTACATAGATTTCTT-1,10
CTTACTGACTCCTCTG-1,0
CTTAGATGTTTCATCC-1,10
CTTAGCCCGGATAGTG-1,2
CTTAGCCTTCCACATG-1,0
CTTAGGTATAGACCAG-1,8
CTTAGGTCCCAATCGT-1,5
CTTAGTAGGCCTACAG-1,0
CTTAGTGTAGTAGCAT-1,1
CTTAGTTGAGGAATCG-1,6
CTTATAGATGGCTGTT-1,0
CTTATGCGCTCAGGGC-1,2
CTTATGTTGACTACCA-1,1
CTTCAACTCCACTTGG-1,1
CTTCACGCCCTGGTAC-1,8
CTTCAGTGGTCGCCTA-1,6
CTTCAGTTGGACAACG-1,10
CTTCATAGCTCAAGAA-1,7
CTTCATCACCAGGGCT-1,10
CTTCATTGTCAGTGGA-1,3
CTTCCGCTCCGTGAAG-1,6
CTTCCTGCATATTTAC-1,5
CTTCGATTGCGCAAGC-1,9
CTTCGGCCAATTGTTT-1,0
CTTCGTAGATAGGTGA-1,3
CTTCGTGCCCGCATCG-1,1
CTTCTATGTTGAAGTA-1,1
CTTCTATTAATGCTAG-1,3
CTTCTGGGCGTACCTA-1,6
CTTCTTACGTCGTATA-1,0
CTTGACCCGAAAGATA-1,7
CTTGAGGTTATCCCGA-1,7
CTTGAGTTAGGGTAAT-1,1
CTTGATGACCATCCAG-1,9
CTTGCAACCGCCTCCT-1,2
CTTGCCCACCCACGCA-1,9
CTTGCCCAGGCTCTAC-1,3
CTTGGCCAAGCTGGGA-1,8
CTTGTACTTGTTGACT-1,2
CTTGTCAACATTCGAG-1,3
CTTGTCGTACGTGTCA-1,7
CTTGTGAGGACAGCGG-1,7
CTTGTGAGTCTTTGAC-1,7
CTTGTGCTCACCGATT-1,4
CTTGTTGCTGAGTCAA-1,3
CTTGTTTATGTAGCCA-1,7
CTTTAACTTTCAAAGG-1,0
CTTTACCGAATAGTAG-1,9
CTTTAGGAACACTGTT-1,1
CTTTAGTGCTATTATT-1,3
CTTTATCCGACGCATG-1,8
CTTTCTGTGCGGGCTT-1,1
CTTTGAAACATATTCC-1,5
CTTTGACGTCGCTTCT-1,2
CTTTGCATCGCTCTTG-1,9
CTTTGCTGTCATGGAT-1,0
CTTTGGCAGACAGAGT-1,5
CTTTGGCGCTTTATAC-1,2
CTTTGGCTTTAGTAAA-1,2
CTTTGGGATTGTTGCA-1,6
CTTTGTCGAATGCTCC-1,2
GAAACAGATGACCACC-1,1
GAAACAGCCATGCAGT-1,1
GAAACATAGGAAACAG-1,8
GAAACCATGGTGCGCT-1,4
GAAACCGAATTACCTT-1,3
GAAACCTATACAAATG-1,6
GAAACTCGTGCGATGC-1,2
GAAACTCTAATGAAGG-1,0
GAAAGAACAGCGTTAT-1,4
GAAAGCAGTGCACTTT-1,0
GAAAGCCCTTTGGACC-1,2
GAAAGTGACTAACTGC-1,2
GAAATACCTGCTGGCT-1,5
GAAATACTAAACGTTT-1,2
GAAATATCACCATCAG-1,2
GAAATATGCTTGAATG-1,5
GAAATCGCGCGCAACT-1,0
GAAATCTGACCAAGTT-1,11
GAAATGGCGGTGTTAG-1,2
GAAATGGGATGTAAAC-1,7
GAAATTAGCACGGATA-1,4
GAAATTCACATCGCTG-1,7
GAAATTGTCTCTATAA-1,3
GAACAACTGGGATGAA-1,8
GAACACACATCAACCA-1,1
GAACAGATTACTAAAT-1,1
GAACATTAGTATGTTA-1,5
GAACCATCTGGGAGAC-1,0
GAACCCTCTGTGTTCT-1,1
GAACCTCGACCTACAC-1,2
GAACCTTTAACGATCC-1,4
GAACGACCGAATGATA-1,1
GAACGATAAGTTAAAG-1,5
GAACGCGGGTCACACG-1,0
GAACGGTGTAAAGCAG-1,5
GAACGTCTCATGGTCG-1,0
GAACGTTAGGAAGACG-1,1
GAACGTTTGTATCCAC-1,4
GAACTGTGGAGAGACA-1,4
GAACTTAGCGCCCGGT-1,5
GAACTTGTGCACGGGA-1,5
GAAGAAACGATATTGT-1,8
GAAGAACGGTGCAGGT-1,1
GAAGACTTCAATGCCG-1,4
GAAGCAAGGCAATGTT-1,1
GAAGCCACTGATTATG-1,8
GAAGCCGGGTAAGCTC-1,2
GAAGCCTGCACATTCC-1,8
GAAGCGTGAGGAATTT-1,3
GAAGCTCGGACCCGTC-1,6
GAAGCTCTTTGCTTAG-1,11
GAAGCTTGCTGACCGC-1,2
GAAGGACTAAATTGAA-1,7
GAAGGAGTCGAGTGCG-1,8
GAAGGCTACCATTGTT-1,5
GAAGGGCATAACCATG-1,1
GAAGGGTCATTAAGAC-1,10
GAAGTCAGTTGCACTA-1,3
GAAGTCTCCCTAGCGA-1,3
GAAGTGATTTATCGTG-1,3
GAAGTGCTGGATAGCT-1,1
GAAGTTTCCACTCAAT-1,3
GAATAGACGCGACCCA-1,4
GAATAGCATTTAGGGT-1,0
GAATAGCCCTGCGGTC-1,5
GAATAGTGCTCGATTA-1,6
GAATATTCGGAGTCCC-1,0
GAATCGACATGGTCAC-1,7
GAATCGCCGGACACGG-1,2
GAATCTATACTCGGAC-1,5
GAATCTGAACATTCTC-1,3
GAATGAAGGTCTTCAG-1,5
GAATGCCGAAATGACC-1,2
GAATGCGAATCGGTTC-1,8
GAATGGGCTTATCGAC-1,2
GAATGTATGGCAGGTC-1,4
GAATGTGGTCCGGATT-1,3
GAATGTTGGGTAATCT-1,0
GAATTATAGTGAAAGG-1,3
GAATTATGCAACCTAC-1,5
GAATTCACCCGGGTGT-1,3
GAATTTCTCGCTGCAG-1,2
GACAAACATATGCAGG-1,4
GACAACGACCATTGAA-1,0
GACAACGCAGCTTACG-1,7
GACAAGACGCCCGTGC-1,0
GACAAGAGATGAGATT-1,0
GACACAAGGGAAGAAA-1,2
GACACAGCCGGGACTG-1,9
GACACCCAAAGACGCG-1,8
GACACGAGTTAGAGGA-1,2
GACACTGAGTTCAGTG-1,3
GACACTGGAACCCGAT-1,0
GACACTTCCAATTACC-1,9
GACAGAGGTCTTCAGT-1,10
GACAGATTTCTGGCTC-1,2
GACAGCCAGACCTGAC-1,1
GACAGGCACACACTAT-1,1
GACAGGTAATCCGTGT-1,0
GACATACTGTCGCAGA-1,11
GACATCCGTCGAACTG-1,8
GACATCGATTTATAAC-1,3
GACATTTCGCCCAGCC-1,6
GACCAAACGTTGACTG-1,0
GACCACACTTCCCTTT-1,10
GACCAGAGCCCTGTAG-1,1
GACCCAATTATGATAC-1,6
GACCCGTCGCCGGCTA-1,1
GACCGACCGCTAATAT-1,7
GACCGACGTGAAAGCA-1,0
GACCGACTGAAGCGTC-1,2
GACCGATTAAATATGT-1,6
GACCGCGTCTGACGTG-1,0
GACCGGTGATACTCTC-1,4
GACCGTCAGGTCGTGA-1,0
GACCGTGCTGACGGTG-1,3
GACCGTTACATGCGAC-1,2
GACCTGGTCTGGGCGT-1,11
GACCTTCCACGTCTAC-1,1
GACGACGATCCGCGTT-1,3
GACGACTTTCCAAGAA-1,1
GACGAGGCTAATAAAC-1,9
GACGATATCACTGGGT-1,6
GACGCATACCCGTCGG-1,8
GACGCCGTAAAGGCTA-1,1
GACGCCTGTTGCAGGG-1,7
GACGCTTGCTTCTAAA-1,2
GACGGACCGCGTTCCT-1,0
GACGGGATGTCTTATG-1,1
GACGGGCATCGAATTT-1,9
GACGGGTTGGCCCGTA-1,8
GACGGTCAATAGAAGC-1,0
GACGGTCCTAGGGTGT-1,0
GACGTGAGACTCCATG-1,7
GACGTGTAGGGATTAT-1,1
GACGTTCGTAAATACA-1,5
GACGTTGCTCGGCGGC-1,8
GACTAACACAGCACCT-1,5
GACTAAGATCATGCAC-1,1
GACTAAGTAGGCTCAC-1,7
GACTACAAAGCGGTGG-1,4
GACTACAATTGCTCGT-1,0
GACTAGGCCGTTAGGT-1,4
GACTCACCCACGTGAG-1,0
GACTCCCAGAATAAGG-1,4
GACTCCTTCCAATTGA-1,6
GACTCGCGGGAATGAC-1,4
GACTCGGTCGGCGGAT-1,5
GACTCTAGAGTTCCAA-1,8
GACTGATTGGTCACAA-1,5
GACTGCAAATCGAGCT-1,4
GACTGCACCAGCCCAG-1,3
GACTGCGGCACGTGTA-1,2
GACTGCTGGTGAGAAA-1,6
GACTGGGCGCCGCAAC-1,5
GACTTCAACGCATCAA-1,10
GACTTTCGAGCGGTTC-1,10
GAGAAACTGGATCCCA-1,9
GAGAACGGTTCTGACT-1,9
GAGAATCTCACGATCA-1,2
GAGACCCTGCAACGCC-1,5
GAGACTGATGGGTAGA-1,1
GAGACTTCGCGACCGA-1,3
GAGAGCGCAGTCCCTG-1,2
GAGAGGCCTATGTGTA-1,9
GAGAGGGCGCGAGGTT-1,2
GAGAGGTGCATTCTGG-1,1
GAGAGTCTCGGGAGAG-1,1
GAGATCGATCTTACTC-1,8
GAGATCTGCTTGGCAT-1,2
GAGATCTGTCACTCCG-1,2
GAGATCTTCCATGACA-1,3
GAGATGACAATCCTTA-1,5
GAGATGGCTTTAATCA-1,10
GAGATGGGAGTCGACA-1,3
GAGCACCTGTGTCCAG-1,0
GAGCACGGCGCCTCTT-1,0
GAGCATCAACAACTTG-1,6
GAGCATCATCCCTGGG-1,1
GAGCCACGGTAGTAGG-1,1
GAGCCAGCTACCTGTG-1,0
GAGCCGAGCGTTTATT-1,5
GAGCGAGGGAGTACCG-1,1
GAGCGCAAATACTCCG-1,0
GAGCGCGCACGAGTAG-1,4
GAGCGCTATGTCAGGC-1,1
GAGCGCTGTTAGGTAA-1,0
GAGCGGAATGCGGTGT-1,8
GAGCTAAGGGCATATC-1,4
GAGCTCAACATGAGCG-1,10
GAGCTCTCGGACCTAA-1,7
GAGCTGTCGTCTCGGA-1,5
GAGGAATATCTCTTTG-1,4
GAGGAATGGAGAGGTT-1,2
GAGGAGATCCTCATGC-1,11
GAGGAGTAATTCCTAC-1,0
GAGGATAAACAGTGCT-1,0
GAGGCATTTGCAGCAG-1,5
GAGGCCCGACTCCGCA-1,6
GAGGCCTGTTGATACA-1,9
GAGGCTATCAAAGTCG-1,2
GAGGGAGTCAGATCGC-1,6
GAGGGCATCGCGTATC-1,7
GAGGGCCATAATATTA-1,5
GAGGGCCGGCAGAGTC-1,5
GAGGGCGCAGCTCTGC-1,0
GAGGGTAGTAACAAAG-1,6
GAGGTACATCCATCTT-1,0
GAGGTACGCGTGTCCC-1,8
GAGGTCCCAAAGATCT-1,7
GAGGTCCGTTCGCTGT-1,8
GAGGTCTTAGTGGGTC-1,5
GAGTAAACCGGAAAGT-1,4
GAGTAAATTAAGAACC-1,0
GAGTAAGGCCACGGGA-1,2
GAGTACGGGTATACAA-1,7
GAGTAGATACTAGTTG-1,3
GAGTATACCCTAATCA-1,6
GAGTATCAAAGTTACA-1,0
GAGTATGCCCGCCTTG-1,3
GAGTATGCGCGTGCAT-1,1
GAGTCAGACCAGAATC-1,6
GAGTCCACCAGGTTTA-1,10
GAGTCCGCTTACCGGA-1,3
GAGTCGACAGACCCTC-1,2
GAGTCTTGTAAAGGAC-1,2
GAGTGCACGGACAACA-1,5
GAGTGTCAACCAGAAA-1,9
GAGTGTGCGGTACCCA-1,1
GAGTTCTGTGGGTGCT-1,2
GAGTTGATGGCAATTT-1,6
GAGTTGTCACCAGTCT-1,8
GATAAATCGGTGGATG-1,7
GATAACTCGCACTGTG-1,7
GATAAGGCAGATGCAA-1,7
GATAAGGGACGATTAG-1,11
GATACCGTGTCGGAGT-1,0
GATACGATGGGAGTCA-1,3
GATAGAACCCGCTAGG-1,4
GATAGATAGTACAGTC-1,8
GATAGCGTACCACGCG-1,11
GATAGGATTAATTACA-1,1
GATAGGTAACGTTGAC-1,3
GATAGGTGTCCCGGGC-1,0
GATAGTGCGAGTAAGT-1,1
GATATCAAGCAGGAGC-1,2
GATATCAGTATGTATC-1,11
GATATCTCATGCAATA-1,7
GATATGAGACACTAAC-1,3
GATATGCGGTAGCCAA-1,4
GATATGGATTACGCGG-1,2
GATATTGAGATTGGCG-1,0
GATATTTCCTACATGG-1,4
GATCAACATAAAGGGA-1,6
GATCATTCCAAACATT-1,3
GATCCAACCTTTAAAC-1,6
GATCCCTTTATACTGC-1,3
GATCCGAATATAAGTG-1,0
GATCCGGGAATTAACA-1,3
GATCCTAAATCGGGAC-1,4
GATCCTCGACACTGGC-1,1
GATCCTCTTGCGCTTA-1,1
GATCGACACTATCTGA-1,2
GATCGCGGGCTCTCCA-1,3
GATCGCTACCCGATTT-1,0
GATCGCTATATCTCAG-1,8
GATCGCTGTGGTGCGT-1,6
GATCGGATAGAACCAT-1,2
GATCGGCGATAAGTCG-1,1
GATCGGTGGCCATAAC-1,1
GATCGTGACTGATATC-1,3
GATCTAACCGTATTCA-1,2
GATCTCGACGCTGTGG-1,0
GATCTGCTATCTAAGG-1,8
GATCTTAGTGAACGTG-1,5
GATCTTCATTGTCCTC-1,11
GATCTTGGAGGGCATA-1,3
GATCTTTGCAGGGTAT-1,2
GATCTTTGCTCAAAGA-1,5
GATGACAAGTAGGGCA-1,6
GATGACGATGATCGCG-1,5
GATGAGGAACCTTCGG-1,4
GATGATTTGAAACTGG-1,1
GATGCCACACTACAGC-1,1
GATGCCAGCAGAAGGC-1,2
GATGCCTTCTGCGGCA-1,6
GATGCGAATGGTATTA-1,2
GATGCGTCCTGCATTC-1,3
GATGCTACAAGCGCCT-1,1
GATGCTACCTTCGATG-1,1
GATGCTGTATTTCATC-1,3
GATGGCGCACACATTA-1,7
GATGGTGAAATAACCC-1,5
GATGGTGCCCTAGGCA-1,0
GATGTAACGAACCACC-1,6
GATGTCCGGATCACAT-1,7
GATGTCGGTCAACTGC-1,0
GATGTGTTGTCACAAG-1,0
GATGTTCAATCCACGA-1,3
GATGTTTGTGCGAGAT-1,7
GATTAACCGAAAGCCC-1,9
GATTAATCCTGGCTCA-1,7
GATTACTGAATTTGGG-1,2
GATTAGAAACAAGCGT-1,4
GATTATCTTGCATTAT-1,10
GATTCCCTTGTCGCAG-1,1
GATTCCGCGTTTCCGT-1,0
GATTCCTATACGGCGC-1,7
GATTCGACGGTTCACG-1,3
GATTCTGTTAATGAGT-1,10
GATTGACACTCTGCTC-1,0
GATTGCTCCAGTTGCA-1,6
GATTGGGAAAGGTTGT-1,4
GATTTAGTGCGTACTG-1,5
GATTTGCGCTAACACC-1,4
GCAAACCCTACATTAT-1,9
GCAAACCTTGGCCATA-1,1
GCAAACGTAAGCGACC-1,8
GCAAACGTCGCCAGGT-1,0
GCAAAGGGCGTTAGCC-1,6
GCAAATATTACGCTTT-1,2
GCAAATGAGGACACTT-1,1
GCAACACACTAGAACT-1,2
GCAACAGCAGTATGCG-1,0
GCAACCACCAGACCGG-1,4
GCAACCACGGCCGCGT-1,2
GCAACCCAAGTTGTTT-1,2
GCAACGGCTAGTTATG-1,4
GCAAGAATTCCTTGGC-1,1
GCAAGATGTGTTCGCG-1,5
GCAAGCTGGAAACCGC-1,2
GCAAGTGCACAGAGAA-1,1
GCAAGTGTAAAGCATG-1,1
GCAATTAGTCGCACCG-1,1
GCACAAACCCTAGATG-1,8
GCACAAACGAGGCGTG-1,0
GCACAACCTCGGGCGT-1,8
GCACAAGTGGATCATA-1,4
GCACAAGTGTCGGAAG-1,0
GCACACACTGGTAGCC-1,9
GCACACAGCTATTACC-1,10
GCACACGCCCATGGTC-1,2
GCACAGCACGGGCCGA-1,8
GCACCTAGGCGAGTCC-1,9
GCACCTTCCCGAAGGT-1,9
GCACGCCGATTCCCGC-1,10
GCACGCCTACTTAGAT-1,6
GCACGTGGTTTACTTA-1,9
GCACTAGTCGCGCTAT-1,7
GCACTCCCACAGTCCC-1,1
GCACTGCCTACCTTTA-1,8
GCACTGTGCAAATGTA-1,7
GCAGAAACGTAATCCA-1,5
GCAGAAGGTAATCTCC-1,0
GCAGACCCAGCACGTA-1,0
GCAGATCCATAAGACT-1,0
GCAGATCCTCGCAAAT-1,1
GCAGATTAGGGATATC-1,3
GCAGCACACAGCCCAG-1,1
GCAGCCTATATCACAT-1,4
GCAGCGGTGGGCATTA-1,7
GCAGCTATGGACAGGT-1,5
GCAGCTGTCAACGCAT-1,10
GCAGGAACTTAGATCT-1,6
GCAGGACTATAGAATA-1,1
GCAGGTAGAGTATGGT-1,4
GCAGTGCGGGCGGATG-1,4
GCAGTGTGGCTATAGG-1,4
GCAGTTCGATCCGAGC-1,0
GCATAAATTGAACGCC-1,5
GCATACGAGGTCTTTA-1,2
GCATAGAGCACTCAGG-1,3
GCATCCCTAACTTTGA-1,1
GCATCCTCTCCTATTA-1,1
GCATCGGCCGTGTAGG-1,0
GCATGACACAAAGGAA-1,4
GCATGAGGGACGCGGC-1,4
GCATGCTAATAACGAT-1,9
GCATGGGTACTGACGC-1,2
GCATTCAAGGCAACGC-1,0
GCATTCGAAATGAACA-1,2
GCATTGACTTGCGGAA-1,2
GCATTGTAATTCATAT-1,1
GCATTTCCAAGGCTCC-1,4
GCCAACCATTTCCGGA-1,0
GCCAAGAATACTTCTG-1,1
GCCAATAGGGCATCTC-1,0
GCCACAATTTAAGGAC-1,3
GCCACCCATTCCACTT-1,11
GCCACCTTATTCGCGA-1,6
GCCACTCAGAGCGCGA-1,9
GCCACTCCTTACGGTA-1,0
GCCAGGAAAGAACACT-1,6
GCCAGGAGTAACCGAT-1,4
GCCAGGCGTTCGCATG-1,1
GCCAGGCTTAGTGGTA-1,11
GCCATATTGCACACAG-1,4
GCCATCGAGCTGCGTG-1,1
GCCATCGATGCTGCAT-1,4
GCCATTAGCCTCAAAC-1,6
GCCCACCAAGGCTGTC-1,7
GCCCACTGGTCCACAA-1,5
GCCCAGATGCTGGAGA-1,0
GCCCAGCGACACAAAG-1,8
GCCCAGTTGGTATGCC-1,7
GCCCATGGGTGCAATG-1,5
GCCCGACTTCTTCCCG-1,8
GCCCGAGAGTCTAAAT-1,8
GCCCGATCTGTGGTCG-1,3
GCCCGATGCCCAGTTC-1,6
GCCCGCGCGTAAACGG-1,1
GCCCGCGCGTTTGACA-1,1
GCCCGTAATACCTTCT-1,0
GCCCGTCAAGCCCAAT-1,0
GCCCGTTCACACAATT-1,1
GCCCTAAGTGCAGGAT-1,10
GCCCTAGCCGTCGCGA-1,8
GCCCTGAGGATGGGCT-1,4
GCCGAAATTCCTACGT-1,3
GCCGACCCACGACTGC-1,6
GCCGATTGGCCAAGCT-1,3
GCCGCACTCCGTTTCA-1,0
GCCGCATTAGTCCGGC-1,2
GCCGCTAGATACGCAG-1,5
GCCGCTTGTGAGAAAC-1,2
GCCGGAAACACATCTT-1,0
GCCGGGTTAGGGTCGC-1,3
GCCGGTCGTATCTCTC-1,4
GCCGGTTTGGGCGGAT-1,7
GCCGTCGGTTTCGGGC-1,8
GCCGTGGAAGAAATGT-1,0
GCCTACGTTCTGTGCA-1,8
GCCTAGCGATCTGACC-1,1
GCCTATAGTGTCAGGG-1,0
GCCTATCAGGTAAGAT-1,0
GCCTATGCTGGGCCTT-1,5
GCCTATTCCGATATAG-1,2
GCCTATTTGCTACACA-1,1
GCCTCAGGTACCGGTC-1,6
GCCTCATCTGGAAATA-1,4
GCCTCCGACAATTCAC-1,9
GCCTCTATACATAGCA-1,1
GCCTGCTACACTGAGA-1,5
GCCTGTCCCGGTGCAT-1,8
GCCTTCAGCCCTACCG-1,1
GCCTTGTATATGCAGT-1,7
GCCTTTGTCAGTGGAC-1,8
GCGAAACGATCGGGAG-1,9
GCGAAACTTAACTGGA-1,3
GCGAAGAATCTGACGG-1,9
GCGAAGCCATACCCGT-1,3
GCGAATGGACTAGCGA-1,10
GCGACATGTAAACATC-1,0
GCGACCCAACCATCTG-1,6
GCGACGATAGTTGTAC-1,3
GCGACGGTAGTCTCCT-1,10
GCGAGAAACGGGAGTT-1,11
GCGAGAGGCCATGTAA-1,5
GCGAGAGTTGCGTCCA-1,4
GCGAGCGCATGCTCCC-1,0
GCGAGGCCCGAGCAGA-1,3
GCGAGGGACTGCTAGA-1,1
GCGAGTTCTGCAAAGA-1,3
GCGATGTCTGTGCTTG-1,4
GCGATTCTGGAAGCAG-1,0
GCGATTGTTAACGTTA-1,3
GCGCAAATATATTCAA-1,6
GCGCAAGAGCGCGCTG-1,0
GCGCATCCAGTCAGCA-1,4
GCGCCGTTCCACGATA-1,3
GCGCCTCCCACTCCGA-1,0
GCGCGATGGGTCAAGT-1,1
GCGCGGTCTAGTAACT-1,4
GCGCGTCATTGGTACA-1,4
GCGCGTTTAAATCGTA-1,1
GCGCTAAGTATGCATG-1,5
GCGCTAATTGAATAGA-1,3
GCGCTATGCCGAGGCA-1,3
GCGCTCGATCACCTGT-1,0
GCGCTGATCCAGACTC-1,4
GCGCTGCTTTGCATTT-1,4
GCGCTGGCGGAAAGTC-1,11
GCGCTTAAATAATTGG-1,9
GCGGACCGCGTTGTGG-1,4
GCGGAGAAACTTCGCA-1,6
GCGGAGAGGGAGAACG-1,3
GCGGATTACTTGTTCT-1,0
GCGGCAAAGTATTGCC-1,6
GCGGCTCTGACGTACC-1,2
GCGGCTTTAGCAAGTT-1,10
GCGGGAACCAGGCCCT-1,1
GCGGGCAGACGGGTGA-1,10
GCGGGCATTACGATGC-1,0
GCGGGCGAGCCTTACC-1,0
GCGGTAACCCAAATGA-1,7
GCGGTCCCGGTGAAGG-1,5
GCGGTCCCTAGACGCA-1,7
GCGGTCTTGCTTTCAC-1,10
GCGGTGAACTGCGCTC-1,4
GCGGTGCGGAGCATCG-1,11
GCGGTTCCCTATCATG-1,3
GCGTAAATGGCCATAA-1,0
GCGTCCAGCTCGTGGC-1,1
GCGTCCCTAAGACATA-1,8
GCGTCGAAATGTCGGT-1,4
GCGTCGCCAGGGTGAT-1,1
GCGTCGTAACATGGTC-1,10
GCGTCTAACCTCCTAA-1,5
GCGTCTCTGCATTGGG-1,2
GCGTGGTACTGGGTTA-1,4
GCGTGTATGTCGTATT-1,4
GCGTTATATTTGGAAC-1,2
GCGTTCGGAGACCGGG-1,4
GCGTTCTGACTAAGCG-1,0
GCTAAACCTGAGGTGA-1,2
GCTAACTGAAGTCTGA-1,9
GCTAAGCCCAGTATGC-1,0
GCTAAGTAAAGGCGAT-1,2
GCTAAGTAGTTTCTCT-1,3
GCTAATACCGAATGCC-1,1
GCTACAATCGAGGATA-1,9
GCTACACTGTCCGAAC-1,7
GCTACAGTACGGACCG-1,1
GCTACGACTTATTGGG-1,3
GCTACTATAGTAGAGT-1,0
GCTACTCGGACGCAGA-1,8
GCTAGACCGTCTACTG-1,0
GCTAGAGTAGAGATGT-1,9
GCTAGCAACGCACCTA-1,10
GCTAGCACCTGGGCCA-1,0
GCTAGCAGGGAGTGGG-1,5
GCTAGCGATAGGTCTT-1,6
GCTAGCTTGAATAGCT-1,4
GCTAGGCACCACGGAG-1,0
GCTAGTAGAGCTTGTA-1,3
GCTAGTTTCATTGAGG-1,7
GCTATAAGGGCCAGGA-1,9
GCTATACGTCTCGGAC-1,1
GCTATCATACTCATGG-1,4
GCTATCGCGGCGCAAC-1,7
GCTATGCCAGCTTATG-1,2
GCTCAACCTCTTAGAG-1,11
GCTCAATCCGTTTATT-1,6
GCTCAATGTAATACCG-1,10
GCTCATTACTGCATGT-1,4
GCTCATTGATCATATC-1,4
GCTCCATGAGTGCAGA-1,0
GCTCCATGCAAAGCAA-1,4
GCTCCCAGTCGGTCCA-1,0
GCTCCGCTCGCTTCAG-1,4
GCTCCGGACGTTGATA-1,5
GCTCCTGACATACTGG-1,6
GCTCGACCGAACTGAA-1,5
GCTCGCGGTTCCGCTC-1,2
GCTCGCTCATGTCCAA-1,0
GCTCGGAATTTAAAGC-1,0
GCTCTAAACCCTGACG-1,1
GCTCTATGTTACGTGC-1,2
GCTCTCGGGTACCGAA-1,1
GCTCTTTCCGCTAGTG-1,1
GCTGAACTCTCCAGGG-1,0
GCTGAAGGGTTCTTGG-1,4
GCTGAATCTTCCAATC-1,6
GCTGAGCAACGGTTCT-1,11
GCTGAGGCGTGAGTAT-1,3
GCTGCACGGTTTCTTA-1,3
GCTGCGAAGAATTATT-1,4
GCTGCGCCTCCCACGT-1,11
GCTGCTAAGTAGTCGA-1,0
GCTGCTCTCCGGACAC-1,3
GCTGGACCCAAAGTGG-1,5
GCTGGCAGGTGCCGTG-1,2
GCTGGCATATTCACCT-1,2
GCTGGCGGCGCATGCT-1,1
GCTGGGAGCGCGTCAA-1,8
GCTGGGTCCGCTGTTA-1,7
GCTGGTGACTCGTAGT-1,5
GCTGGTTTAGGCCATA-1,6
GCTGTATTACTGGCCC-1,2
GCTGTCTGTGATCGAC-1,5
GCTGTTGCTACCGAAC-1,0
GCTTAATGTAACTAAC-1,3
GCTTACGTAGTTAGTA-1,4
GCTTAGGGAAGCGGTA-1,5
GCTTATGAAGCAGGAA-1,3
GCTTCAGTGGGATTAC-1,5
GCTTCCAGCTTAGATT-1,7
GCTTCCATGTAACCGC-1,9
GCTTCCCGTAAGCTCC-1,10
GCTTCCGTCCCTAGAC-1,0
GCTTCGACGTTCAATC-1,8
GCTTGAGTGACCTCTG-1,0
GCTTGATGATAATCAG-1,7
GCTTGCAGCACAATTG-1,5
GCTTGGATCGATTAGG-1,4
GCTTTACACAACTGGG-1,4
GCTTTATTAAGTTACC-1,10
GCTTTCAGAGGAGGTG-1,0
GCTTTCTATCTCAACT-1,5
GCTTTGCTGCCGGGTA-1,5
GGAAACAGAGCTTGGG-1,6
GGAAACCTTGTTGAAT-1,0
GGAAACTAAATGGGCC-1,9
GGAAAGGGAATTGAGC-1,10
GGAAAGTCTTGATTGT-1,4
GGAAAGTGCCCATGCC-1,4
GGAACCCGAACAAGAA-1,2
GGAACCGTGTAAATTG-1,3
GGAACCTTGACTCTGC-1,6
GGAACGGCCTGCAGCC-1,2
GGAACTCGTGAATACG-1,8
GGAACTTTGGCGATTA-1,0
GGAAGATAAGACTGTA-1,5
GGAAGCTCGCTTACAG-1,0
GGAAGGACACCGTATA-1,10
GGAATAACCTCAAGAA-1,0
GGAATGCGCTAGCGTG-1,3
GGACAACCATGAAGCC-1,2
GGACAAGCCATGATCG-1,8
GGACAAGTTGCAGTGA-1,2
GGACACAAGTTTACAC-1,0
GGACACCTCGGTGTTG-1,6
GGACCAACAGGATAAC-1,3
GGACCTACGGTAACGT-1,5
GGACCTCTAGGCCGCC-1,6
GGACGGCTTGCGCAAC-1,5
GGACGGGCGACCAACC-1,1
GGACGTCCATAGTTGG-1,5
GGACTAAGTCAGGAGT-1,2
GGACTCACAAATTAGG-1,0
GGACTCGAAGCTTTCA-1,0
GGACTCGACAGCGCAT-1,4
GGACTCGTGAGTGGTC-1,6
GGACTCTTCCGGTTGA-1,0
GGACTCTTTGACTAAG-1,10
GGAGAAGTCATTGGCA-1,7
GGAGACATTCACGGGC-1,11
GGAGACCAATGTGCTT-1,5
GGAGACCATCTACATA-1,2
GGAGACGACACCTTTG-1,3
GGAGCAACATTTCAAG-1,9
GGAGCACCAAGAACTA-1,0
GGAGCGAGGCCTACTT-1,1
GGAGGAGTGTGTTTAT-1,2
GGAGGATTGAAAGGAG-1,1
GGAGGCCGAAGTCGTC-1,0
GGAGGCGAAGAACCGC-1,5
GGAGGGCTTGGTTGGC-1,3
GGAGGGTCAAGTAAGA-1,4
GGAGTACACATGAGCT-1,4
GGAGTGCCGCCCTGGA-1,1
GGAGTTGATTCTGTGT-1,9
GGATACTCATGAATTG-1,7
GGATCAAAGGACGAGG-1,1
GGATCAGAGCCATCAG-1,2
GGATCATCCCGTACGC-1,4
GGATCCCTACCAGCTA-1,7
GGATCCGGAATATACT-1,3
GGATCTACCGTTCGTC-1,8
GGATCTTACTGCCCTT-1,6
GGATCTTGACTCAACC-1,6
GGATGAAGATCGCTGA-1,4
GGATGACGCGAGTTTA-1,3
GGATGCTGGCGTTCCT-1,1
GGATGGCTTGAAGTAT-1,9
GGATGTCCTTACCGCA-1,0
GGATTAAGCTAAGGTC-1,5
GGATTAATCATGGACC-1,10
GGATTCAGTACGGTGG-1,1
GGATTCCGCTATACCC-1,0
GGATTGAAGTAGCCTC-1,9
GGATTGCTGTGACTCC-1,4
GGATTTCACTTCTATA-1,1
GGCAAAGGCGCCAATA-1,6
GGCAAATTACTTTACT-1,3
GGCAAGCCAGGGATAG-1,5
GGCAAGCCCATAGTGG-1,8
GGCAAGGCGAAATAGC-1,3
GGCAATAGTCAATGAG-1,3
GGCACGCTGCTACAGT-1,0
GGCACTCAGCCGACCC-1,0
GGCACTCCACTGGGCA-1,3
GGCACTGCGGTGGTTT-1,0
GGCAGAGAGATCGGGA-1,2
GGCAGCAAACCTATGC-1,4
GGCAGCGGTAATCCTA-1,0
GGCATACAGGTAGCGG-1,1
GGCATATCGGTTCTGC-1,4
GGCATCAACGAGCACG-1,0
GGCATTCCCTCCCTCG-1,9
GGCATTGAACATCTCA-1,8
GGCCAATTGTATAGAC-1,10
GGCCACAAGCGATGGC-1,1
GGCCACACGAAAGCCT-1,2
GGCCCAATCTAGAGGG-1,0
GGCCCAGCTGGTTTGC-1,10
GGCCCAGTTATCAGCA-1,5
GGCCCGGAGCATGTCT-1,0
GGCCCGTATACCATGC-1,3
GGCCCTCACCCACTTA-1,2
GGCCGAGACTCTGGTG-1,6
GGCCGCAGGAACCGCA-1,1
GGCCGGCGTCTGCTAT-1,4
GGCCGTTTGGGTTTCA-1,6
GGCCTGCTCTGATGTT-1,8
GGCCTGCTTCTCCCGA-1,1
GGCCTTTGCAACTGGC-1,2
GGCGAAATCTAACTTG-1,3
GGCGAACCGTTCTGAT-1,1
GGCGAGCATCGAGGAC-1,1
GGCGAGCGAAACGGCA-1,2
GGCGCACAGTTTACCT-1,9
GGCGCAGGACATCTTC-1,2
GGCGCATGAATTGATG-1,3
GGCGCGGAGATCTTTC-1,9
GGCGCGTTCGAGTTTA-1,3
GGCGCTCCTCATCAAT-1,2
GGCGCTTCATTCCCTG-1,1
GGCGGAGTAATATTAG-1,2
GGCGGGCTCTAAGAGT-1,4
GGCGGTAGGATCATTG-1,3
GGCGGTTTGCCGGTGC-1,1
GGCGTACCCTATATAA-1,1
GGCGTAGGGAAAGCTG-1,9
GGCGTCCTATCCGCTG-1,2
GGCTAAAGGGCGGGTC-1,4
GGCTAATGATTGAAAT-1,5
GGCTACTATACACTCC-1,8
GGCTATTAAGTTGTAT-1,2
GGCTCCTCCACCTGTT-1,6
GGCTCGCGTTGAGGTA-1,4
GGCTCGTGCCACCAGC-1,1
GGCTCTGCTCCAACGC-1,0
GGCTGAGCATCGTAAG-1,1
GGCTGGCAATCCCACG-1,10
GGCTGGCAGCTTTATG-1,11
GGCTGGCTAGCTTAAA-1,7
GGCTGTCCTACTGCGG-1,1
GGCTTCTCGTGGGTGG-1,10
GGCTTGGCTCTCACCT-1,2
GGCTTTCAATAAGGGT-1,8
GGGAAAGAATGCCAAC-1,9
GGGAACCACCTGTTTC-1,1
GGGAACGGGAGGTTAG-1,2
GGGAACGGTTTCAGAT-1,6
GGGAAGACGGTCTGTC-1,1
GGGAAGGGCTTTCTCA-1,1
GGGAATGAGCCCTCAC-1,5
GGGAATTCTGTCCAGT-1,2
GGGACAGAGTTACTCC-1,6
GGGACCCGTATATCTT-1,6
GGGACTGCATAGATAG-1,3
GGGAGAACTCACAGTA-1,3
GGGAGCGACCGTAGTG-1,8
GGGAGGATGCCCGAAA-1,7
GGGAGTAATGGCTGGC-1,0
GGGAGTTAATGAGGCG-1,1
GGGATACGGTAATAAT-1,2
GGGATATTGATCGCCA-1,6
GGGATCCCAATACAAA-1,5
GGGATGGACCCGCGTC-1,8
GGGATGGTCGTAACCG-1,3
GGGATTATCTCACAAC-1,1
GGGATTTACCGCACCT-1,0
GGGCAACCGCACGTGC-1,6
GGGCACGAATTGGCCG-1,2
GGGCACGTAGTACTGT-1,1
GGGCACTATTGACCAT-1,8
GGGCAGACGTCACTGC-1,2
GGGCAGAGCAATCGTT-1,0
GGGCAGGATTTCTGTG-1,8
GGGCAGTCAACGCCAA-1,10
GGGCATGCATGTCGAG-1,8
GGGCCATTCGTGCTGG-1,6
GGGCCCGTCTTAAACA-1,3
GGGCCCTACGAAAGGG-1,0
GGGCCCTTATCTATAC-1,2
GGGCCGGCCGAAGTAC-1,3
GGGCCTAAATGGGCTA-1,1
GGGCCTATACAACCGG-1,5
GGGCCTATTTAAGTAT-1,5
GGGCGAATTTCTCCAC-1,11
GGGCGATATGTGTGAA-1,1
GGGCGATCCATAGGCC-1,8
GGGCGCAGCGTTACTC-1,0
GGGCGGCAAATGAATT-1,3
GGGCGGGTTCCCTACG-1,2
GGGCGGTCCTATTGTC-1,1
GGGCGTACATTTATAT-1,7
GGGCGTCACCACGTAA-1,3
GGGCGTCCACTGGCTC-1,4
GGGCGTGGTTTCCCAG-1,1
GGGCGTTTACATTCAT-1,6
GGGCTACTATTTCGTG-1,2
GGGCTATGATCGATGG-1,6
GGGCTCATCGAACCCA-1,4
GGGCTGCCTAGGGCGA-1,3
GGGCTGGTTAGTCGCG-1,1
GGGTAATGCTGTGTTT-1,7
GGGTACACTCTGGAGG-1,11
GGGTACCCACGGTCCT-1,1
GGGTACTTCATGAACT-1,2
GGGTATGTATGCACTT-1,2
GGGTATTCTAGCAAAC-1,6
GGGTCACCGTGACGGT-1,1
GGGTCACGTGCTTATG-1,5
GGGTCACTGAGTAGTG-1,5
GGGTCAGGAGCTAGAT-1,8
GGGTCATGCGTACCAT-1,2
GGGTCCTTGGAAGAAG-1,6
GGGTCGTGGCAAGTGT-1,4
GGGTCTATCGCTTTCC-1,9
GGGTGACACCTTAACT-1,3
GGGTGCATATGAAAGC-1,0
GGGTGGTCCAGCCTGT-1,4
GGGTGTTTCAGCTATG-1,0
GGGTTAACATTTGAGT-1,0
GGGTTCAGACGAACAA-1,2
GGGTTTAGGATAGGAT-1,0
GGGTTTCCGGCTTCCA-1,1
GGTAAACTCTGCGCTG-1,9
GGTAAATGTGCGTTAC-1,0
GGTAACCGGCAAAGGT-1,11
GGTAACCGGGAGGATA-1,6
GGTAACTATGTATCTG-1,7
GGTACAAACATGCTAT-1,3
GGTACACCAGATTTAT-1,5
GGTACATCTGGGACGA-1,0
GGTACCATTAAGACGG-1,0
GGTACGTTGCGGCCGG-1,9
GGTACTAAGTGCTTTG-1,0
GGTAGAAGACCGCCTG-1,3
GGTAGACCGTTGGGCG-1,3
GGTAGGCCAATATCAC-1,8
GGTAGTGCTCGCACCA-1,3
GGTATAGTGACACATA-1,4
GGTATCAAGCATAGAA-1,7
GGTATGAAAGAACTGA-1,2
GGTATTGCCGAGTTTA-1,3
GGTCAAGACTACTTCG-1,0
GGTCACGTTAGATTCA-1,7
GGTCAGTGGGTCCCAC-1,3
GGTCATTGTAGTCATA-1,5
GGTCCACGTCTATTTG-1,6
GGTCCCATAACATAGA-1,5
GGTCCTTCATACGACT-1,11
GGTCGGATAAACGGCG-1,4
GGTCGGCCAGGAGCTT-1,1
GGTCGGTAATTAGACA-1,7
GGTCGGTCGTCCACAG-1,1
GGTCGTAAGCTCGCAC-1,2
GGTCTCCAAGTAGTGC-1,0
GGTCTCCGTCCAGGTT-1,9
GGTCTCTGAATGGACT-1,6
GGTCTGAGAATCTGGA-1,0
GGTCTTGAGCGCTCTT-1,8
GGTCTTGGTGTTAACT-1,11
GGTGAAACCGGGAATG-1,1
GGTGAACGGGCTAGCC-1,7
GGTGAAGTACAGGGAT-1,1
GGTGACTGATAGAGAG-1,0
GGTGAGATGCAGATAA-1,1
GGTGATAAGGAGCAGT-1,3
GGTGATGAAGGAAGTG-1,2
GGTGATTTCATCTTGT-1,1
GGTGCAGAGCCTATCG-1,5
GGTGCATAAATGATTA-1,4
GGTGCGGATAAGTGGC-1,7
GGTGCTGATCACAAAG-1,7
GGTGCTGGTACACATT-1,3
GGTGGACCACGTGTTA-1,5
GGTGGACTGCTCTGGC-1,4
GGTGGAGGTTGATACG-1,4
GGTGGGATTAGGTCCC-1,8
GGTGTAAATCGATTGT-1,4
GGTGTAGGTAAGTAAA-1,8
GGTGTTCTGTTTCTAC-1,5
GGTGTTGGGCGTCTTA-1,0
GGTTACCACCCTCGGG-1,2
GGTTACCCGACACTTT-1,0
GGTTACCGCTCCCTAC-1,1
GGTTAGCTATATGTCT-1,1
GGTTAGGCTTGGAGAA-1,2
GGTTAGGGATGCTAAT-1,8
GGTTAGTTACGGCGCC-1,3
GGTTCCACCCGCTTCT-1,5
GGTTCCCTAGTGTCTC-1,5
GGTTCCGTACGACTAA-1,8
GGTTCGATGCTGAGTT-1,0
GGTTCGCATTTGCCGT-1,9
GGTTCGGATTATACTA-1,2
GGTTCTACTCGTCTGA-1,0
GGTTGTATCGTGAAAT-1,0
GGTTGTGCTCTTGTCC-1,2
GGTTGTGTAGCCTGGC-1,2
GGTTTAATTACCATCG-1,6
GGTTTAATTGAGCAGG-1,7
GGTTTACAATCTCAAT-1,0
GGTTTAGCCTTTCTTG-1,4
GGTTTCAATCGGTCAG-1,0
GGTTTGACAAGAAGCT-1,5
GGTTTGAGTGCTGGAA-1,7
GGTTTGCGAACACGTA-1,5
GGTTTGTGACCTGAGG-1,9
GTAACAACTGACCTTG-1,5
GTAACAGGTTAACGGC-1,8
GTAACATCAGCTCATC-1,5
GTAACATCTAAGATAA-1,0
GTAACTACGTAGACCT-1,6
GTAACTGCCCAAGGAG-1,4
GTAACTTGCGGCAGTC-1,7
GTAAGCGGGCAGTCAG-1,0
GTAAGGATTTGTCGGA-1,0
GTAAGTAACAGTCTGG-1,3
GTAAGTAGGGTATACC-1,2
GTAAGTCCACACTCTA-1,4
GTAATAAAGGGCTCCC-1,0
GTAATCTGATTCTTCG-1,3
GTACACTTACCTGAAG-1,3
GTACAGAGGCAAGGGT-1,3
GTACGACGGCGCTGCG-1,7
GTACGAGATTGCGACA-1,1
GTACGCTTCATTGCAC-1,3
GTACGTCACGTATTAA-1,5
GTACGTTTGCCCGTCA-1,3
GTACTAAGATTTGGAG-1,1
GTACTACGGCCTCGTT-1,10
GTACTCCCTTATCGCT-1,2
GTACTCCTGGGTATGC-1,0
GTACTGAGGTCGTAAC-1,7
GTACTGCATGAAGCGT-1,1
GTACTGGAGTTAGACC-1,3
GTACTTGGGCACTTCT-1,1
GTAGAAACGGGTGGAG-1,2
GTAGACAACCGATGAA-1,1
GTAGACACGCCTGACT-1,1
GTAGACGTCGTTACAT-1,7
GTAGAGGGAGACAAGT-1,1
GTAGCCAAACATGGGA-1,3
GTAGCGCTGTTGTAGT-1,1
GTAGCGGCTATACACT-1,3
GTAGCTAGTAAGCGCG-1,5
GTAGCTCCGGGAGGCT-1,6
GTAGCTTCCTCTTGTT-1,0
GTAGGTGATCCGTGTA-1,0
GTAGTCTACGATATTG-1,0
GTAGTGAGCAACCTCA-1,9
GTAGTTAGACAATATA-1,5
GTAGTTCGAAGGCGAA-1,6
GTAGTTTAAGCACACG-1,6
GTATAATCTCCCGGAT-1,11
GTATAGGACTCAGTAG-1,1
GTATAGTGGCCCATGT-1,5
GTATATGTTACGGCGG-1,7
GTATCAAACGTTAGCT-1,9
GTATCAAGGTACTTCC-1,10
GTATCAGCTTGGGTTC-1,1
GTATCCTTTGGTAACC-1,9
GTATCGGGACGAGCTG-1,1
GTATCTCAGTCTTGAC-1,6
GTATCTCCCTAACTGT-1,0
GTATCTCGGGCGCTTT-1,8
GTATCTTGTTGCTCAC-1,0
GTATCTTTCATAACCA-1,3
GTATGAAATTTCACTC-1,6
GTATGACGTGGGAAAC-1,7
GTATGTGGGTCTAGTT-1,5
GTATTAAGGCGTCTAA-1,7
GTATTAGGGTTCGCGT-1,0
GTATTCTGAGAAACGA-1,3
GTATTCTTACCGTGCT-1,7
GTATTTAATGGCATAA-1,0
GTCAAAGAAGTGGTGT-1,6
GTCAAAGTTTACATAG-1,7
GTCAACCAGGCCTATA-1,9
GTCAAGCGGACTCGGG-1,3
GTCAATGCTATAATTT-1,5
GTCAATTGTACTGAAG-1,1
GTCACAAAGTTTCCAA-1,0
GTCACCTGTCTATGTC-1,5
GTCACTCATGAGCGAT-1,8
GTCACTCTCCAAATCT-1,2
GTCAGAATAGTCTATG-1,2
GTCAGACAGCGTTGGA-1,11
GTCAGTTGTGCTCGTT-1,0
GTCAGTTTGGTAGTCG-1,2
GTCATCCCAAACTCAC-1,6
GTCATCTCCTACAGCT-1,11
GTCATGCACCTCCGTT-1,3
GTCATGCGCGAGGGCT-1,9
GTCATGGACATGACTA-1,0
GTCATTAGAGCGAACG-1,3
GTCATTGCATTGACCC-1,2
GTCCAATATTTAGCCT-1,0
GTCCACGTCGCATTCG-1,4
GTCCAGGCACGTGTGC-1,4
GTCCATTACTGCTACG-1,0
GTCCCAACGTAAAGTA-1,2
GTCCCAATCATCCCGC-1,2
GTCCCGCGACGTTATG-1,4
GTCCGAGAGCAATCAT-1,2
GTCCGGACCTGAAATT-1,1
GTCCGGCTGAATTGCG-1,1
GTCCGGGTTCACATTA-1,1
GTCCGTTAGAGGGCCT-1,10
GTCCTACAGGCGGCTC-1,2
GTCCTACGAATAGTCT-1,9
GTCCTACTCTACGGGC-1,2
GTCCTAGGATACCTTA-1,8
GTCCTATTGTTGTGGT-1,2
GTCCTTCTACAACCCA-1,2
GTCCTTCTAGTGGGTT-1,0
GTCCTTTAATGACTTC-1,5
GTCGAATTTGGGCGCT-1,6
GTCGATAGGTGACTTT-1,0
GTCGCCGTTGTGTGTT-1,6
GTCGCGTAACCCGTTG-1,3
GTCGGAAGGATACCAG-1,5
GTCGGATATCTCAGAC-1,2
GTCGGATGTAGCGCGC-1,0
GTCGGGAACATGGTAG-1,2
GTCGGGAAGCAGAAAC-1,8
GTCGGGTGAAGTACCG-1,0
GTCGTACCATCTCGGG-1,3
GTCGTACCTACGATTG-1,2
GTCGTATTGGCGTACA-1,4
GTCGTCAATTATAAGG-1,7
GTCGTCTGGTTGGCTA-1,1
GTCGTGTCTGGTCATC-1,4
GTCGTTATTCGCTTAT-1,3
GTCTAAGATGCCCAGC-1,0
GTCTACTCAATTACAA-1,1
GTCTAGTGAGCCGCTT-1,9
GTCTATACACGCATGG-1,4
GTCTATCTGAGTTTCT-1,3
GTCTATTGCATGCTCG-1,9
GTCTATTGGTTCCGGT-1,0
GTCTCAAGGCCCGGCT-1,8
GTCTCCCGAGTCCCGT-1,0
GTCTCCGCCTCAATAC-1,4
GTCTCCTGCCAGTATG-1,6
GTCTCGACTAAGTTTG-1,0
GTCTCGATCTGCTTTC-1,0
GTCTCGCCAACACGCC-1,5
GTCTGCCGACTCGACG-1,10
GTCTGGGCGGTCGAGA-1,3
GTCTGTAGGTTGAACA-1,8
GTCTTACCACGCCAAG-1,0
GTCTTAGTACAGCCGG-1,4
GTCTTCCTCACCTAAG-1,2
GTCTTGAGGAGCAGTG-1,4
GTCTTGTAGCTATTCA-1,4
GTGAAACGGCGCCACC-1,4
GTGAAACGTGCTCCAC-1,7
GTGAACTCCCATTCGA-1,0
GTGAAGATTTCAAGTG-1,4
GTGAAGCCGTATAGTC-1,5
GTGAAGTCACGACTCG-1,2
GTGACAGCTTCCCACT-1,1
GTGACCGCACACTACG-1,3
GTGACCTAAAGAATAA-1,5
GTGACGAGGGTGACCC-1,4
GTGACGCAGGTTTCAT-1,1
GTGACTTCAGTAGTGC-1,3
GTGAGATAACCTTATA-1,0
GTGAGCGTGCTGCACT-1,1
GTGAGGACACTTAAGG-1,3
GTGAGGAGCGGTTGAG-1,4
GTGAGTCGACTAATAG-1,0
GTGAGTCTAAGACGGA-1,2
GTGAGTGGTACAACGC-1,3
GTGATCAAGCGTGCAC-1,6
GTGATCACTAACGCCT-1,0
GTGATCATAGATCTGC-1,3
GTGATCCTTGTCATGA-1,9
GTGATGCACAACATCT-1,1
GTGATTCGCCGCTCAA-1,1
GTGCAAATCACCAATA-1,1
GTGCAACAAATGTGGC-1,0
GTGCACCAGCTTCAAC-1,1
GTGCACGAAAGTGACT-1,0
GTGCAGCGTAGAGTAG-1,4
GTGCCAAACGTTTCGA-1,6
GTGCCATCACACGGTG-1,2
GTGCCCGTTCGGATTC-1,3
GTGCCGCTTCAAAGGT-1,3
GTGCCTAGCTATGCTT-1,11
GTGCCTCAGTGTACGG-1,0
GTGCCTGAGACCAAAC-1,10
GTGCGAAATCGAACAC-1,3
GTGCGACAGGGAGTGT-1,0
GTGCGCAGCTTGCTCC-1,7
GTGCGCTTACAAATGA-1,0
GTGCGGGACCATCGGC-1,7
GTGCGGGTCTCCAAAT-1,1
GTGCGTGTATATGAGC-1,3
GTGCTATCCAGCTGGA-1,10
GTGCTCAAGTACTGTC-1,3
GTGCTGCAGATAAGGA-1,2
GTGCTGTTAGAACATA-1,10
GTGCTTACATCAGCGC-1,0
GTGGAACCTACATGCG-1,4
GTGGACCAACCCGATT-1,2
GTGGACGCATTTGTCC-1,1
GTGGACGTGCTGAGAC-1,7
GTGGAGCATGTCGGCC-1,0
GTGGAGCGTTTACCGA-1,6
GTGGAGTCGGCGGTTG-1,6
GTGGCAAACAGCGGCA-1,6
GTGGCCGGTTTCTCGG-1,6
GTGGCCTAATATCATT-1,2
GTGGCGGGCCGTAGCT-1,5
GTGGCGGTCCCAGCGT-1,2
GTGGCGTGCACCAGAG-1,5
GTGGCTGTTTCTGTTC-1,9
GTGGGAACAAACCGGG-1,4
GTGGGAAGACTGAATC-1,2
GTGGGCTTAGACACAC-1,3
GTGGGTACTGAGCGTA-1,2
GTGGGTCTTCTTTGCG-1,7
GTGGTATAGTCTGCCG-1,6
GTGGTCAGCGAAGTAT-1,5
GTGGTGATGGTTTGTG-1,4
GTGGTGGCCAAGTGAA-1,3
GTGGTTACTTCTTTCG-1,0
GTGGTTTCCGCCTTTC-1,2
GTGTACCTTGGCTACG-1,0
GTGTACGAACCGTTCC-1,0
GTGTATATCAGCGGGC-1,1
GTGTATGACTTTAAAG-1,7
GTGTCAGTGTACGTGG-1,0
GTGTCCGATAAGGCAT-1,5
GTGTCGTATAGCGTTC-1,0
GTGTCGTATTCACCTT-1,5
GTGTGAATAACTTAGG-1,3
GTGTGAGCCGAGGTGC-1,1
GTGTGTCGACGTCGCT-1,11
GTGTTACTATGCGTCC-1,3
GTTAACATCACTTAAA-1,4
GTTAACTATGTTGTCA-1,4
GTTAAGGGTGCGATGT-1,0
GTTAAGTTAGAGTGGG-1,4
GTTAATAGCGTCATTA-1,9
GTTAATGTCTATCTTA-1,2
GTTACAATTGGTGACG-1,2
GTTACCAAGGCGTACG-1,0
GTTACCTACAACTTGC-1,3
GTTACGAAATCCACGC-1,1
GTTACGGCCCGACTGC-1,1
GTTACTTTGGGCCTAG-1,3
GTTAGAGTGTGCCGCT-1,5
GTTAGCCCATGACATC-1,4
GTTAGCCGTAAATCAA-1,0
GTTAGGCTACCCGTTT-1,8
GTTATAATACGGTGAA-1,0
GTTATATCAGGAGCCA-1,5
GTTATATTATCTCCCT-1,3
GTTATCAAGCTATCGA-1,9
GTTATCACCTTCTGAA-1,1
GTTATTAAATACGACC-1,5
GTTATTAACGTGGGAG-1,2
GTTCAAATCAGATGTC-1,2
GTTCAATCTATGTCAA-1,5
GTTCACAGGAGTCTAG-1,2
GTTCAGTCGCCAAATG-1,4
GTTCATCGTTTGGCTG-1,0
GTTCCAAGACAGCGAC-1,7
GTTCCAGTCTGACCAT-1,7
GTTCCCGTAAACATAT-1,1
GTTCCGTCCGCCTGCA-1,1
GTTCGACAATTGTATA-1,6
GTTCGCCATAAGTGCC-1,3
GTTCGCTGAGACGTCT-1,0
GTTCGGAGCACTCAAC-1,9
GTTCGGATCGGGAACA-1,4
GTTCGGGCGTACCATT-1,4
GTTCGGTGTGGATTTA-1,11
GTTCGTCTAAAGAACT-1,0
GTTCGTCTGGGTCCCT-1,5
GTTCGTTGCGGACCAG-1,1
GTTCTTCCCTCGATGT-1,7
GTTCTTGTAACTCAAT-1,8
GTTGAACCGGTTCCAT-1,3
GTTGAGTCCCGCCGGT-1,1
GTTGCACGGAGTTTCG-1,7
GTTGCAGTCGACAACA-1,0
GTTGCCCTAACGGGTG-1,6
GTTGCGCTAACATTAC-1,0
GTTGCGGACGGTCAGG-1,0
GTTGGACCGCATCAGG-1,5
GTTGGATTCAGTGGCT-1,4
GTTGGATTGAGAACAC-1,0
GTTGGATTTGCGTTGG-1,3
GTTGGTCATGCTATCC-1,0
GTTGTAGATTTATGAG-1,0
GTTGTCGTGTTAGTTG-1,1
GTTGTTACATTGCGCT-1,5
GTTGTTGCAAGATGGC-1,0
GTTTACGTTCCATCTG-1,3
GTTTATGGGATTTAGA-1,2
GTTTCAAACGAGTTGT-1,0
GTTTCATATCGTCGCT-1,2
GTTTCCTGGAGGGTGA-1,7
GTTTCTAGAGGCGCGG-1,9
GTTTCTGCAGTCTCCC-1,3
GTTTCTTGTTAGAGCT-1,4
GTTTGACCAAATCCTA-1,3
GTTTGAGCGGTTATGT-1,1
GTTTGGCCCAAGTTAT-1,3
GTTTGGCCGCTCAGCG-1,7
GTTTGGCGTCAGGCAC-1,0
GTTTGGGCTTGTGAGC-1,3
GTTTGGGTTTCGCCCG-1,1
GTTTGGTAGGGTCAAC-1,3
GTTTGGTGATCGGTGC-1,6
GTTTGTTAGCCAAGTA-1,2
TAAACCCAGGAGGGCA-1,6
TAAACGTCGTCAATGA-1,7
TAAAGACAACCCTTTA-1,0
TAAAGAGCCCGAAACC-1,7
TAAAGCGGTATTTCCA-1,8
TAAAGCGTTAGGAGAA-1,0
TAAAGCTGCAATAGGG-1,4
TAAAGGAGAAACTAGT-1,5
TAAAGTGCACGTCTCG-1,4
TAAATCTTTACACCTC-1,5
TAAATGAATCCGTTTC-1,2
TAAATGCCGTCTCATG-1,5
TAAATGGGCTACTGAG-1,0
TAAATTGTGGGTAAAG-1,10
TAAATTTAGTAACACC-1,8
TAACAAAGGGAGAAGC-1,1
TAACAATATTTGTTGC-1,2
TAACAGCGTTTGTGCT-1,6
TAACAGGTTCCCTTAG-1,8
TAACATACAATGTGGG-1,3
TAACATACACGCGATC-1,6
TAACCGCCCGCAGTGC-1,1
TAACCGTCCAGTTCAT-1,7
TAACCTACCGTCCGAG-1,0
TAACCTAGGGAGTCCA-1,9
TAACGCTTTGAGAGCG-1,2
TAACTATCGAAGGTCC-1,7
TAACTATTACGCCAAA-1,0
TAACTCATCCGCGCGG-1,3
TAACTCCATGGAGGCT-1,1
TAACTGAAATACGCCT-1,8
TAAGAGGGACAGGGAC-1,1
TAAGATTTAGCGGGAG-1,1
TAAGCAGGCGACACGC-1,2
TAAGCCCTTACGACCA-1,5
TAAGCGCGAATCAAAT-1,6
TAAGGAACTTGTGGGA-1,1
TAAGGCAACATAAGAT-1,0
TAAGGCATAACATCAA-1,6
TAAGGCCCGTCACCCT-1,8
TAAGGCTGAATCCCTC-1,0
TAAGGGCCTGTCCGAT-1,9
TAAGGGCTGGGAGAGG-1,2
TAAGTAAATGTGCCGC-1,5
TAAGTAACATCTTGAC-1,1
TAAGTCGCCGAGTATC-1,6
TAAGTCGGTGAGCTAG-1,0
TAAGTGAATAGTCTAC-1,6
TAAGTTGCGACGTAGG-1,9
TAATAAACAAGGAGAT-1,4
TAATACACAGTAGTAT-1,1
TAATACTAGAACAGAC-1,8
TAATAGAACAGAGTTA-1,7
TAATAGCTAAATGATG-1,5
TAATAGGTCACCAGAA-1,8
TAATAGTGACGACCAG-1,0
TAATATTGAAATTCGC-1,7
TAATCAACCAAATGGG-1,0
TAATCAGGAATGCTGC-1,5
TAATCGATCCGTACGT-1,0
TAATGAAAGACCCTTG-1,2
TAATGTCGGTTCATGG-1,6
TAATTACGTCAGTAGA-1,9
TAATTAGATGGATATG-1,7
TAATTAGGACATCCGT-1,0
TAATTCCAATGCTTCA-1,9
TAATTGCGCTGATTAC-1,8
TAATTGGAATCGGGAA-1,1
TAATTTCCGTCCAGTA-1,2
TACAAATTGCGGAGGT-1,5
TACAACAGCGCATACA-1,9
TACAACGCACAACTCA-1,3
TACAAGCTGTTCACTG-1,4
TACAAGGGCTTCTTTA-1,9
TACAAGTCTCGTGCAT-1,2
TACAATGAAACCAGCA-1,1
TACACAGCCGTGGTGC-1,10
TACACCGTCGTTAGTC-1,5
TACACCTCTTCGAATC-1,10
TACAGAAACGGTGGGC-1,0
TACATAGGCATACACC-1,3
TACATCCCTATCCCTG-1,1
TACATCTTGTTTCTTG-1,11
TACATGACCTTATCCG-1,2
TACATGCCGGAATTGT-1,0
TACATTTCTAACGTGC-1,3
TACCAAATAGCCCAGA-1,1
TACCAATAAAGTACCA-1,4
TACCAGAAGTAGGTTC-1,3
TACCAGCTAGGTTTAA-1,4
TACCAGGAATCCCGTC-1,6
TACCATGTATTGATTT-1,0
TACCCTCGGTAACCCT-1,0
TACCGAATAATTGTAA-1,9
TACCGATCCAACACTT-1,11
TACCGCGGACTTGCAG-1,0
TACCGGCTCACTGCCC-1,3
TACCGGTCGTTTCCAT-1,2
TACCGTAGGTTAACTA-1,8
TACCGTGCCTCGGACC-1,3
TACCTACTCCCAGTAT-1,1
TACCTATCCCTAGAGG-1,2
TACCTCACCAATTGTA-1,4
TACCTCACGCTTGTAC-1,1
TACCTCAGTTGTCTGT-1,6
TACCTCCACACCAATG-1,6
TACCTCTTTACCATCC-1,9
TACCTGCTGCACTGTG-1,2
TACCTTAAGATTTCCC-1,2
TACGAACACGACTTCA-1,3
TACGACGCTTGCTGCG-1,3
TACGACTGCCTCTTAG-1,3
TACGAGAACTTCACGT-1,2
TACGATCCAAGCCACT-1,5
TACGATGTTGATCATC-1,1
TACGCAGTTCTTTCCT-1,3
TACGCCATATTCTAAT-1,3
TACGCCGAGGGTACCC-1,6
TACGCCGCCTCAGAAG-1,0
TACGCCTCCATTCCGA-1,4
TACGCTATAGAAACCT-1,0
TACGCTCCTAGAACTG-1,1
TACGCTCGGTATTGGA-1,0
TACGCTGATAGTTGTA-1,6
TACGCTGCACGGTCGT-1,4
TACGCTGCTGTGTTAA-1,6
TACGGAAGCCAAACCA-1,0
TACGGCATGGACGCTA-1,0
TACGGGATGCTAGCAG-1,0
TACGGGTAATAACATA-1,10
TACGTAAAGCGGAGTG-1,9
TACGTACTAGTGCTGA-1,6
TACGTGCAAGGTTCCT-1,0
TACGTGCACTATGCTG-1,7
TACGTGGGCCCAGGGC-1,8
TACGTTTACCGGCAAT-1,2
TACTACGTGCAATGCG-1,10
TACTATGGTTCCTCAG-1,6
TACTCACAACGTAGTA-1,11
TACTCATTGACGCATC-1,0
TACTCCTCTAGTTGAC-1,6
TACTCGGCACGCCGGG-1,2
TACTCGTTTGAATCAA-1,10
TACTCTCCGAACAAAT-1,0
TACTCTTACTTTACTG-1,0
TACTCTTTCGTCTTCA-1,6
TACTGAACAGATTTAG-1,6
TACTGAGGGAAGAAAG-1,8
TACTGCAATCAATTAC-1,4
TACTGCATGATTAAAT-1,1
TACTGGACAGCTCGGC-1,2
TACTGTTTCTCTGGTA-1,0
TACTTAAACATGTACA-1,9
TACTTGTTAGTAGTCC-1,3
TACTTTACTGAGCCGG-1,4
TACTTTCCGCACGCCA-1,2
TAGAAACACAATAGTG-1,4
TAGAAACCACTAAGTA-1,0
TAGAAAGGTGGCGCTA-1,1
TAGAAATTCACGTATA-1,2
TAGAACGCCAGTAACG-1,11
TAGAAGAAGGGTTACA-1,0
TAGAATAGCCGATGAA-1,9
TAGAATTAAGGGCAAC-1,0
TAGACGAAACGCCAAT-1,4
TAGACGCCCGTACCGG-1,4
TAGACTACCTAGCGTT-1,4
TAGACTCAGTTGGCCT-1,6
TAGAGATCATGCAACT-1,1
TAGAGCTACGAAGAAC-1,1
TAGAGGGAGTTTATCT-1,6
TAGAGGTTCTACTTGT-1,9
TAGAGTCTAAGCGAAC-1,3
TAGAGTGTTCCGGGTA-1,9
TAGATATGGACTGGAA-1,3
TAGATCCGAAGTCGCA-1,0
TAGATGGTTCCTTACT-1,9
TAGATTCAAAGTGCGG-1,8
TAGATTCCTGGTTATT-1,2
TAGATTCTCTAGCAAA-1,4
TAGCAACCTGTCACAA-1,2
TAGCAGATACTTAGGG-1,10
TAGCAGTAAATACGCG-1,5
TAGCAGTATGACTAAA-1,9
TAGCCAGAGGGTCCGG-1,7
TAGCCATGATTGCCTA-1,8
TAGCCATTTCAAAGTC-1,1
TAGCCGGCGGTCAGCG-1,5
TAGCGTCCCTCGATTG-1,0
TAGCGTCCGGTGTGGT-1,1
TAGCGTCGAATATTGA-1,2
TAGCGTTGGGTCTTAC-1,3
TAGCTAAGTCCGGGAG-1,3
TAGCTAGAAGGCATGA-1,3
TAGCTAGTGATGATGG-1,6
TAGCTCACTGTGTTTG-1,0
TAGCTCAGATCCTAGT-1,5
TAGCTCGCCTGATAAC-1,3
TAGCTGATGTGAAGCG-1,2
TAGGAACAGCCTCCAG-1,5
TAGGAGGCTCGAGAAC-1,0
TAGGATCTTAACCGCA-1,10
TAGGCATGTTACGCCA-1,9
TAGGCCTATATAGTCT-1,2
TAGGCGATGAGGTCTC-1,8
TAGGCGGCTGCAAAGA-1,8
TAGGCTAAAGTGGCAC-1,9
TAGGGAGCTTGGGATG-1,0
TAGGGTGTTTCAAGAG-1,1
TAGGTCCAAGTAAGGA-1,2
TAGGTCGCCGGAACTG-1,0
TAGGTGACGATAACCT-1,1
TAGGTGAGCCCTACTC-1,2
TAGGTGCTCGCCTAGC-1,3
TAGGTGTTCCACAGAT-1,8
TAGGTTCGAGTTCGTC-1,3
TAGGTTCTGCTGAGAA-1,1
TAGTACCACAACTTTC-1,8
TAGTACCTTAGTGGTC-1,7
TAGTAGCTTATACCAG-1,6
TAGTAGTTGCCGGACA-1,10
TAGTCCCGGAGACCAC-1,1
TAGTCCGCAGAGAATG-1,3
TAGTCCGTATGCATAA-1,11
TAGTCCTGCACTAAGC-1,6
TAGTCGATCACGGGTT-1,0
TAGTCGGGATTCTTCG-1,11
TAGTCTAACAACGAGA-1,2
TAGTCTGCGGCACATT-1,6
TAGTCTGTGACGTTGC-1,4
TAGTCTTTCCGAATTG-1,0
TAGTGACAAGCTCTAC-1,9
TAGTGAGAAGTGGTTG-1,0
TAGTGCCCTCCAGAGT-1,1
TAGTGCTTGAATCCTT-1,11
TAGTGGAACTCATACA-1,5
TAGTGTCAGAAACGGC-1,7
TAGTTAAGATAGGATA-1,0
TAGTTTATTCTTGCTT-1,1
TAGTTTGATCGGTCGC-1,8
TATAAATCCACAAGCT-1,7
TATAAGTGAGGATAGC-1,1
TATACACAGACGCCTT-1,3
TATACACGCAAAGTAT-1,7
TATACCGAGTGCCACA-1,0
TATACGCGTCATCACT-1,8
TATACTCATGCGGCAA-1,2
TATAGAGTCGCTTGAA-1,0
TATAGATGGTCGCAGT-1,0
TATAGCGCACGTTATC-1,2
TATAGCTATTATCTCT-1,6
TATAGGGTACTCATGA-1,2
TATAGTTAGGTGTACT-1,8
TATATAGGGCTTTACG-1,6
TATATATCGAGAAATG-1,8
TATATCAAAGTGATCT-1,8
TATATCATTGATCAGT-1,2
TATATCCCTGGGAGGA-1,0
TATATGCTGGGTTGCC-1,2
TATATTACAAATGTCG-1,5
TATATTCGCGTCGATA-1,0
TATCAAAGGTCTGTAA-1,2
TATCACAGCACGGGCA-1,0
TATCACCATGTAAAGT-1,0
TATCACCCAACCGACC-1,0
TATCACTTCGAGTAAC-1,4
TATCAGTGGCGTAGTC-1,1
TATCCAATTGGTTATC-1,1
TATCCATATCATGCGA-1,1
TATCCATCTCGGTTAG-1,8
TATCCCTCGATCTGCA-1,10
TATCCGCACCGTCGGG-1,6
TATCCTATCAACTGGT-1,1
TATCCTGCATGGGAAT-1,1
TATCGATCTATGCATA-1,4
TATCGATGATTAAACG-1,1
TATCTACAGAGGTAAT-1,2
TATCTACCACAGCGGG-1,3
TATCTAGCCTAAAGGA-1,2
TATCTGAGCCGATATT-1,8
TATCTTGCAATACAAC-1,6
TATGAAGAATTAAGGT-1,9
TATGAAGACAGGTGCG-1,2
TATGACCTTGCGCTGG-1,1
TATGATAAATCTAACG-1,0
TATGATCCGGCACGCC-1,0
TATGATCTTCTCTTTA-1,9
TATGATTCTGCTTGGT-1,7
TATGCTCCCTACTTAC-1,1
TATGGAGTTTCTCGTT-1,7
TATGGATGTGCTACGC-1,1
TATGGCAGACTTTCGA-1,1
TATGGCCCGGCCTCGC-1,2
TATGGGACCGAGCAGG-1,3
TATGGGTACGTATCGT-1,3
TATGGTCTGAGTAACA-1,3
TATGGTTAGTGGGAGA-1,0
TATGTAAAGTGCTTAA-1,8
TATGTAGAAACCCGGC-1,8
TATGTCAAGACCGACT-1,4
TATGTCTCATTGTGCC-1,0
TATTAACACCAAAGCA-1,8
TATTAACCTGACCGCG-1,6
TATTACCATCCTGCTT-1,0
TATTATGTTTGCCTGC-1,6
TATTCAATTCTAATCC-1,3
TATTCCACTCAGCTCG-1,3
TATTCCGAGCTGTTAT-1,4
TATTCCGGCAGTCCTA-1,0
TATTCCTCCGCCCACT-1,0
TATTCGTGCCAGAATA-1,3
TATTGACATTTCTGCC-1,4
TATTGCCGGGCTTGTA-1,9
TATTTAGTCTAGATCG-1,7
TATTTATACCGAGTAG-1,0
TATTTGATTTGCACAG-1,0
TATTTGTTACCCTTTA-1,1
TCAAACAACCGCGTCG-1,1
TCAAACAATTAGGACA-1,5
TCAAACTTAGATTGTT-1,3
TCAAAGAGCTATCTGT-1,2
TCAAAGTCACGGCGTC-1,8
TCAAATTATGTTCGAC-1,4
TCAAATTGTTGTGCCG-1,8
TCAAATTTGAGACTCA-1,0
TCAACAAAGATAATTC-1,10
TCAACACATTGGGTAA-1,7
TCAACATAGCGCCCTA-1,6
TCAACATCGACCGAGA-1,7
TCAACCATGTTCGGGC-1,7
TCAACGAGGAGACAAA-1,3
TCAACGCAGGAAATAA-1,1
TCAACGCGACCGGCAG-1,0
TCAACTAACGTATAAC-1,2
TCAACTGCAGAGTCAG-1,0
TCAAGAAATACTAGCT-1,0
TCAAGCGCGGACGGTA-1,0
TCAAGCTGCCTTGAAA-1,5
TCAAGGTTACTACACC-1,0
TCAATACAATTGCTGC-1,2
TCAATACGCCGTCATG-1,8
TCAATATACAGGAGGC-1,4
TCAATCCCGCGCCAAA-1,0
TCAATCCGGGAAGTTT-1,0
TCACAAACCGAGGTAC-1,9
TCACAGATCCTCAAAC-1,7
TCACAGCAAACTCGAA-1,3
TCACAGGAGAATAAGA-1,1
TCACAGGGAATCGCAA-1,3
TCACAGGTTATTGGGC-1,1
TCACATCTTATCTGAT-1,2
TCACCCTCTTAAGATT-1,3
TCACCGCTCGGCACTC-1,0
TCACGATGTCCGTGGA-1,8
TCACGATTAATACGTT-1,0
TCACGCATTGTAGATC-1,3
TCACGGCCCAAGAGAG-1,6
TCACGGTCATCGCACA-1,7
TCACGTGCCCGATTCA-1,3
TCACTACGACCAATGC-1,0
TCACTATCCCTTCGGT-1,9
TCACTATCGTGCAATC-1,1
TCACTCAGCGCATTAG-1,1
TCACTCGTGCAACGGC-1,4
TCACTCTTCGTCTGTC-1,11
TCAGAACCTCCACAGG-1,0
TCAGAACGGCGGTAAT-1,10
TCAGACGCTATAGAAG-1,3
TCAGAGCATGTCAACG-1,6
TCAGAGGACGCGTTAG-1,10
TCAGAGTGTGAGCATG-1,0
TCAGATGGAGACGTAG-1,5
TCAGCAGTAGGCCCTG-1,6
TCAGCCAATCCGTAAA-1,9
TCAGCGCACGCCGTTT-1,10
TCAGCTTGAGCTTTCG-1,8
TCAGGGCGACTTCCTT-1,2
TCAGGGCGCAAACTCG-1,2
TCAGGGTGCACGAAAC-1,5
TCAGGGTGTAACGTAA-1,0
TCAGGTTCTTTGAGAA-1,7
TCAGTACTGACCCGCG-1,2
TCAGTAGGGACTATAA-1,3
TCAGTGTATACGTCAT-1,6
TCAGTTACGGAATGAT-1,0
TCATAAGTCCAAGAAG-1,0
TCATACTTACAGATCC-1,7
TCATATGAGCTTTGTT-1,8
TCATCACTCGAGCTCG-1,7
TCATCCATCTGATCAC-1,6
TCATCCCAGAGGGTGG-1,0
TCATCCTCAGCTGCTT-1,9
TCATCGACGACCGTCG-1,10
TCATCGATGGTCCCAA-1,6
TCATGAAGCGCTGCAT-1,6
TCATGCAGGTTCTCAT-1,4
TCATGGAGGCCTTTGT-1,4
TCATTCGTATAATTTG-1,1
TCATTTAAGTCTCCGA-1,0
TCATTTAGAAGTGTGA-1,0
TCCAACTCAGCTATCT-1,9
TCCAACTTTAAATTCT-1,3
TCCAAGCCTAGACACA-1,4
TCCAATGCGTCGCCGC-1,8
TCCACAATGGTTTACG-1,2
TCCACATCGTATATTG-1,1
TCCACCAAGACATAGG-1,4
TCCACCTCTAGCCTTT-1,6
TCCACTTTATCTAGGT-1,1
TCCAGAGCACCGGTTC-1,3
TCCAGATGTACGCCAA-1,5
TCCAGCGCTATAAGCG-1,0
TCCAGGCAGGACGATC-1,4
TCCAGGCGAGTACGGT-1,3
TCCAGGGTATATACGA-1,8
TCCATCAATACTAATC-1,8
TCCATTAGTTGGATAG-1,7
TCCATTCCCACTAGAG-1,5
TCCATTGTGACCTCGT-1,0
TCCCAAACAGACAACG-1,5
TCCCAAACATCCTCTA-1,8
TCCCAAAGACGAAGGA-1,1
TCCCAAAGCCCTAAAT-1,0
TCCCAATATCGACGAC-1,10
TCCCACGGAGGGAGCT-1,5
TCCCACTCTCTTCCGG-1,0
TCCCAGCACACGACAT-1,0
TCCCAGCTTTAGTCTG-1,3
TCCCAGGCTTAGCTAA-1,1
TCCCGCCTATGTGCGT-1,0
TCCCGCGTACTCCTGG-1,1
TCCCGGGTGTGCTGCT-1,2
TCCCGGTCAGGAATTT-1,7
TCCCGTCAGTCCCGCA-1,0
TCCCGTCGCGTCATAG-1,0
TCCCGTGTGCAATTTG-1,3
TCCCTAGATCAATAGG-1,4
TCCCTCCGAAATCGTT-1,1
TCCCTCTTCTCAAGGG-1,9
TCCCTGGCGTATTAAC-1,6
TCCCTGGCTCGCTGGA-1,2
TCCCTTAGATTACTCG-1,4
TCCCTTGTCTGAAACT-1,9
TCCGAACGTTGCCGCT-1,0
TCCGAACTTGGCTTAC-1,2
TCCGAAGTAGTCACCA-1,1
TCCGAATGGTCCTGAG-1,4
TCCGACCGCTAATCAA-1,8
TCCGAGAAGGCTAAGC-1,0
TCCGATAATTGCCATA-1,0
TCCGATGACTGAGCTC-1,0
TCCGATGGTGCGACAT-1,0
TCCGATTACATTGCCG-1,2
TCCGCAGCCACCTAGC-1,11
TCCGCCTGTCTACAAG-1,0
TCCGCGGCAGCATCTG-1,3
TCCGCGGCCCAATGAA-1,9
TCCGCTGGGTCGATCG-1,8
TCCGCTGTCATCCCGG-1,3
TCCGCTTATCCCATTA-1,3
TCCGGAGGAAGGGCTG-1,5
TCCGGCCTAGCGTACA-1,0
TCCGGCCTGCATCGAT-1,5
TCCGGCTGTCGGGTCG-1,0
TCCGGGCCACTAACGG-1,9
TCCGGGCTTGACGGGA-1,9
TCCGGTTCGTCCGGTC-1,3
TCCGTAACCACAATCC-1,2
TCCGTTAAGCTAATAT-1,1
TCCGTTTAGCCTTGAA-1,4
TCCTAAATTGGGAAGC-1,1
TCCTAACCGTCGGGCA-1,6
TCCTACATCCACGGCC-1,3
TCCTAGCAAAGAAGCT-1,1
TCCTATCATAGGTAAC-1,0
TCCTCCTAAGACATTC-1,1
TCCTCGGGCTGGGCTT-1,3
TCCTCTACGAGATGGC-1,7
TCCTCTCCAGTTGTCC-1,2
TCCTCTGGCCCATTAG-1,0
TCCTGCAGCCGCCAAT-1,10
TCCTGCCAACTGGAGA-1,4
TCCTGCGTTGATACTC-1,2
TCCTGGCGCTGCCTGG-1,5
TCCTTACGACGGTCCG-1,0
TCCTTCAATCCCTACG-1,2
TCCTTCAGTGGTCGAA-1,0
TCCTTGTCCTTTAATT-1,1
TCCTTTAAATCCGCTT-1,9
TCCTTTCTTACGCTTA-1,3
TCGAAATTTAGGACCA-1,7
TCGAAGAACCGAGCAC-1,0
TCGAATATCCCGCAGG-1,6
TCGAATCGCAGGGTAG-1,8
TCGACAACTGAACCCG-1,6
TCGACATAGCGTAGCG-1,6
TCGACTGACGATGGCT-1,4
TCGAGACCAACACCGT-1,3
TCGAGCCAGGCAGGCC-1,6
TCGAGGGCAACAGACG-1,0
TCGAGTCTACGATTCG-1,2
TCGATAGGCTAGTCGC-1,1
TCGATGTTACGGCCGT-1,1
TCGATTTACGAAACGA-1,10
TCGCAAAGATGCATTT-1,3
TCGCACTAACGTTTGT-1,11
TCGCATAAAGGGCGCA-1,9
TCGCATCCCTAAGTGT-1,1
TCGCATTCAATGACTT-1,7
TCGCCACCCGGATTAC-1,6
TCGCCCAACTGACTCC-1,5
TCGCCCACTGCGAGAG-1,2
TCGCCGAAGTTGCGTC-1,1
TCGCCGACATATTCGC-1,9
TCGCCGCACCGCGTGA-1,2
TCGCCGGAGAGTCTTA-1,11
TCGCCGGATGGGCAAG-1,2
TCGCCGGTCGATCCGT-1,1
TCGCCTCCTTCGGCTC-1,10
TCGCCTCGACCTGTTG-1,7
TCGCGCGTTTACATGA-1,8
TCGCGTAGCAGTGTCC-1,1
TCGCGTCCAGAAGGTC-1,1
TCGCTAAACCGCTATC-1,4
TCGCTACTGGCTTTGA-1,1
TCGCTCGATATATTCC-1,3
TCGCTCGGCACCAGCG-1,0
TCGCTGCCAATGCTGT-1,8
TCGCTGGGCGGATTGT-1,0
TCGCTGTGCGTAAATC-1,7
TCGCTTAATTACGAAG-1,5
TCGCTTTAAACGTTTG-1,0
TCGGAATGACCATCAA-1,0
TCGGAATGCGCTCTGA-1,2
TCGGACGCCCAGCCCA-1,3
TCGGAGAGTATCGGGA-1,1
TCGGAGTCCTGGTTGC-1,4
TCGGATCTGGATGACC-1,8
TCGGCAGGGTTAAGGG-1,0
TCGGCGAACCCAAACC-1,0
TCGGCGGTATTAGATT-1,5
TCGGCGTACTGCACAA-1,2
TCGGCTAACTTCCCTT-1,0
TCGGCTTGTATCGACG-1,9
TCGGGAACGTGCCTAG-1,4
TCGGGAGACAGCGTAC-1,4
TCGGGATTCAAACATA-1,1
TCGGGCACTTCTGGAT-1,1
TCGGGCCGTCGTGGTA-1,0
TCGGGTGAAACTGCTA-1,1
TCGGTCCCGACAATAG-1,6
TCGGTCCCTGACTCCA-1,0
TCGGTGACCGCTCCGG-1,5
TCGGTTAGCCATGTAG-1,5
TCGTAACTCCCAAGAC-1,9
TCGTAAGACGACATTG-1,0
TCGTAAGCTCCGAGGA-1,5
TCGTACCGACGTCAAG-1,4
TCGTATAGTGCAATTA-1,0
TCGTATCACCAAGCTA-1,5
TCGTATTACCCATTGC-1,1
TCGTATTTCGTCCGGA-1,1
TCGTCAAGTACGCGCA-1,6
TCGTCACACTGTTAGC-1,2
TCGTCCGCTGGCGTCT-1,1
TCGTCCGGGTACACTC-1,5
TCGTCTTAGGCGTTAA-1,0
TCGTGTACTATGGATG-1,7
TCGTGTATTGGTCACG-1,4
TCGTGTCACGCTGACA-1,2
TCGTGTTCGACCACAA-1,4
TCGTTAGGAGTCCCTA-1,3
TCGTTCGTTATTATGT-1,1
TCGTTGACAGGGTCCC-1,2
TCGTTGCTATCCGGTC-1,1
TCGTTGGCTCGTCAAT-1,7
TCGTTTACGCGACCCT-1,10
TCTAAAGAACAGTCTC-1,1
TCTAACCTAGCCTGCG-1,9
TCTAACTGTATGTAAA-1,2
TCTAATACTGCCTCAG-1,6
TCTACACGTTCATGCA-1,5
TCTACCCAATAGAGAG-1,0
TCTACCCGCATCATTT-1,9
TCTACCGTCCACAAGC-1,1
TCTACGCACGATCTCC-1,8
TCTACGGGCTCAGTTG-1,5
TCTAGCAATCTCCGCC-1,2
TCTAGCATCTTCGATG-1,1
TCTAGCATGCCCAGAA-1,3
TCTAGGTGGCGACGCT-1,0
TCTAGTGATATCGTGG-1,0
TCTAGTTATCAGAAGA-1,3
TCTATAGGTGGGTAAT-1,9
TCTATCATGCAGTTAC-1,1
TCTATCCGATTGCACA-1,10
TCTATCGGTCGCAACA-1,0
TCTATGCTATAACGAC-1,9
TCTATTACGCTGGCGA-1,1
TCTATTACTAGAGGAT-1,2
TCTCAAATCAATCGGG-1,8
TCTCAGGCTACTCGCT-1,4
TCTCCAACGTAGGTTA-1,0
TCTCCACAAGTTGAAT-1,9
TCTCCCTGGGCAGCGT-1,0
TCTCGAACGAGGTCAC-1,0
TCTCGACGTATCGCCG-1,0
TCTCGAGGAGGTTCGC-1,0
TCTCGGCTCCAGGACT-1,7
TCTCGTGTTACGAGGA-1,2
TCTCTAATAGCTGGTA-1,1
TCTCTCGCCGCACATA-1,0
TCTCTTACCGCGAACC-1,1
TCTGAACCGGTCGGCT-1,7
TCTGAACTCGTACCCG-1,4
TCTGAAGCACGTGGTC-1,4
TCTGAATTCCGTACAA-1,4
TCTGACGGGCTAACCC-1,5
TCTGACTGTAATGGTT-1,7
TCTGAGCAATTGACTG-1,0
TCTGATCGGGTGCTAG-1,4
TCTGATGTATTCTGTC-1,0
TCTGATTGGAAATGGA-1,0
TCTGCACCATTAGTAA-1,5
TCTGCAGATTCGAGTC-1,2
TCTGCATACCTTGCTT-1,9
TCTGCCAGAAACTGCA-1,3
TCTGCGAATCGTTCGC-1,5
TCTGCGTCCGGTTTCT-1,1
TCTGCTTAGAACAAGC-1,0
TCTGGAGCGTAAGAGT-1,0
TCTGGCCGTTCAAGTT-1,1
TCTGGCGCAAGCCGGG-1,2
TCTGGGAACCTTTGAA-1,0
TCTGGGTAGCGCTCAT-1,2
TCTGTCATACAAGAGC-1,1
TCTGTGACTGACCGTT-1,7
TCTGTGATGGAGGTTG-1,4
TCTGTGCCATCATAGT-1,3
TCTGTGGCTACATTTC-1,1
TCTGTTACCCAGCATA-1,6
TCTGTTTAGATTGTTC-1,8
TCTTAACTCGGATGTA-1,11
TCTTACAGAGGTACCG-1,7
TCTTACCGGAACTCGT-1,4
TCTTACGGCATCCGAC-1,2
TCTTACTTATGCCTCT-1,0
TCTTAGAGCTCCAATT-1,0
TCTTAGAGTGAACTCT-1,0
TCTTATGGGTAGTACC-1,0
TCTTCCCATGGGCACA-1,0
TCTTCGAATAGACGTT-1,3
TCTTCGATACCAATAA-1,3
TCTTCGCGGTGAGAGG-1,0
TCTTCTATAACCCGCC-1,0
TCTTGATGCGTAGCGA-1,3
TCTTGCTCCCGATACT-1,8
TCTTGGTAACACCAAA-1,0
TCTTGGTCAATGATAC-1,6
TCTTTAAGACTATGAA-1,0
TCTTTAGAGTCTAACA-1,0
TCTTTAGCAGGCGAAC-1,4
TCTTTCATCCGTCCTT-1,8
TCTTTCCTTCGAGATA-1,0
TCTTTCGGCGGGACAC-1,11
TCTTTCTCTTAAGGAG-1,4
TGAAACCTCAACTCAC-1,0
TGAAACTTATGCAAGC-1,0
TGAAAGGACCTGACTC-1,3
TGAACAAGCAGGGACT-1,6
TGAACACCCGAAGCAG-1,7
TGAACCTGAATGTGAG-1,6
TGAACTGCTATGACTT-1,2
TGAAGAGCGGTCCTAG-1,1
TGAAGTAGCTTACGGA-1,4
TGAATACCGACGCGTA-1,2
TGAATATGCTATAAAC-1,1
TGAATGAGATACAGCA-1,5
TGAATGAGTGTTTCCC-1,4
TGAATGTCAGCCGGCC-1,0
TGAATTTCACTTGCCT-1,2
TGACAACGCATGTCGC-1,0
TGACAACTTAAAGGTG-1,8
TGACACTTCTCTTTGC-1,0
TGACAGAAATCTTGCT-1,8
TGACAGGACAAGTCCA-1,8
TGACATATATGACGAT-1,2
TGACATCGAGCGGACC-1,0
TGACATGTAACGTGAC-1,4
TGACCAAATCTTAAAC-1,8
TGACCAGCTTCAAAGT-1,5
TGACCCAACTCACATT-1,1
TGACCCACGTTAGACA-1,2
TGACCCAGCATTCCCG-1,5
TGACGAATATTTCCCT-1,1
TGACGATGCACTAGAA-1,0
TGACTATAATCCTTTC-1,3
TGACTCCGAATCATAC-1,8
TGACTCTAACTGGTAA-1,0
TGAGAATGCTTTACCG-1,1
TGAGACGTACCTCTCA-1,2
TGAGAGATTTACCACG-1,0
TGAGATCAAATACTCA-1,0
TGAGATTAGGCCCTAA-1,4
TGAGCAGTCGTGAAGT-1,7
TGAGCCATACAGTCTC-1,1
TGAGCGGAAAGTGTTC-1,0
TGAGCTCAACTGTATA-1,4
TGAGCTTTAATGACGC-1,4
TGAGGAGTGCCAGCTT-1,8
TGAGGCATGTACTGTG-1,8
TGAGGTGTGTGGCGGA-1,1
TGAGGTTGATCCCAAG-1,1
TGAGTAAATTAGCGTA-1,3
TGAGTGCCTCTTAAAT-1,3
TGAGTGGTCCGTGACG-1,4
TGAGTGTAACAACGGG-1,9
TGAGTTAAAGACATTC-1,4
TGATACATTTAGCCGT-1,6
TGATAGCGGGATTCTA-1,2
TGATCACCACACTGAC-1,8
TGATCAGGGAACTGCT-1,1
TGATCCCAGCATTAGT-1,0
TGATCGGTTTGACCCT-1,1
TGATCTACGCTGATCT-1,4
TGATCTATCACACTCT-1,10
TGATCTCCGGCGCCAG-1,7
TGATGCTCACGTAGTC-1,5
TGATGGCTGTTTCTGA-1,0
TGATGGGACTAAGTCA-1,7
TGATGTCAATTAAGTG-1,0
TGATTATGGCACGCAG-1,5
TGATTCAGGTCCCGCG-1,2
TGATTCCCGGTTACCT-1,8
TGATTCGTCTATCACT-1,2
TGATTCTGTCGCCGGT-1,3
TGATTTATTAGCTGTG-1,2
TGATTTCCTCCTGACG-1,7
TGCAAACCCACATCAA-1,7
TGCAAACGTACTAGTT-1,4
TGCAAAGTTCGTCTGT-1,4
TGCAACCCATCTGCGG-1,9
TGCAACTACTGGTTGA-1,9
TGCAAGAATGACGTAA-1,3
TGCAATCTAACACGGT-1,9
TGCAATTTGGGCACGG-1,5
TGCACAGTGAAGTTAT-1,5
TGCACGAGTCGGCAGC-1,0
TGCACTATGTGAGTGC-1,2
TGCAGAACTATATCGT-1,2
TGCAGAGTACCGAGCA-1,3
TGCAGATCGTCCTAGG-1,2
TGCAGCTACGTACTTC-1,2
TGCAGGATCGGCAAAG-1,0
TGCAGTGAGGCTCGGG-1,5
TGCAGTGGTAGGGAAC-1,6
TGCAGTTTCCTCCCAT-1,1
TGCATATGTCTGTCAC-1,1
TGCATCTCCGGATCTT-1,5
TGCATGAGTAGATTCG-1,1
TGCATGGATCGGATCT-1,0
TGCATGGCAGTCTTGC-1,5
TGCATGTGACCCATAG-1,8
TGCATGTGGTAATCTA-1,4
TGCCAAAGTCAGACTT-1,2
TGCCAATGGGTACTCT-1,3
TGCCACACTAGAGGAA-1,9
TGCCACCTGGCGAAAC-1,0
TGCCAGTACGTGGAGA-1,3
TGCCATGGCTTATAAG-1,5
TGCCATTACTAAAGAA-1,4
TGCCCGATAGTTAGAA-1,10
TGCCCGTACCGTTAAA-1,3
TGCCGAAAGCGTATTC-1,4
TGCCGATGTCATCAAT-1,7
TGCCGGATGTACGAGC-1,6
TGCCGTGGATCGTCCT-1,4
TGCCGTGGGACCCAAT-1,10
TGCCGTTCTTAATCGG-1,2
TGCCTAAATTTAATAG-1,0
TGCCTAATTGAAGATT-1,2
TGCCTGACATCGGTCA-1,7
TGCCTGATCAAACGAT-1,0
TGCCTTGCCCTTACGG-1,1
TGCCTTGGCCAGGCAA-1,1
TGCGAATATGGGATTT-1,2
TGCGACACCCTAGTGC-1,3
TGCGACGGCCGAACGT-1,1
TGCGAGAAACGTTACG-1,7
TGCGAGAATATTACCC-1,1
TGCGAGATGGCGGCCA-1,5
TGCGAGCCCTTCCGCG-1,5
TGCGCAAAGCATTTGG-1,3
TGCGCCGTTAATAACG-1,0
TGCGCGATTAACGGAG-1,7
TGCGGACTTGACTCCG-1,4
TGCGGAGTAAAGGTGC-1,1
TGCGGCATAGTTCAAC-1,7
TGCGGGTATTGGGATC-1,9
TGCGGTCTACGAGTAA-1,5
TGCGGTGAAATTTCAT-1,0
TGCGTAAGAACCTGAT-1,3
TGCGTACGGCTAATTG-1,9
TGCGTCATGACTGAGC-1,6
TGCGTGATTGGGTGTC-1,7
TGCGTTTGTTGACACT-1,3
TGCTAAGTGTCTATTT-1,0
TGCTATACAAACGGAC-1,0
TGCTATGGCAAAGGGA-1,8
TGCTCAAAGGATGCAC-1,6
TGCTCACACAACAACC-1,5
TGCTCCACAGTTCTTA-1,4
TGCTCGGCGAAACCCA-1,1
TGCTCGGTGGGTCACC-1,0
TGCTCTGCCGGTTCAC-1,5
TGCTCTTGAGAGTTTG-1,1
TGCTGCGTCAGAGTTA-1,5
TGCTGGTTGGACAATT-1,1
TGCTGTTGAAGAACTC-1,3
TGCTTAGAGAGAATGC-1,6
TGCTTCCCAAGCAGTA-1,8
TGCTTGAAACCATGCA-1,7
TGGAAACGGAGTGAAC-1,7
TGGAACCACTGACACA-1,0
TGGAAGAAGGGAACGT-1,2
TGGAAGACGAACACCA-1,1
TGGAAGGATAAAGATG-1,0
TGGAATATCCTTGACC-1,4
TGGAATTAGACGCTTT-1,2
TGGACACCGTTGCTTG-1,2
TGGACCAATCTAAGAT-1,1
TGGACCACGGCGTTGA-1,7
TGGACGCAATCCAGCC-1,6
TGGACGTAGGCGAATC-1,11
TGGACTGTTCGCTCAA-1,3
TGGAGAATAATCGTCC-1,1
TGGAGCTAAAGTTCCC-1,0
TGGAGGGAAACACCTC-1,5
TGGAGTGATGCGATGA-1,7
TGGATAGAGTAACAGA-1,7
TGGATGGCATCTTGGA-1,1
TGGCAACTCGCGCGCC-1,0
TGGCAAGCACAAGTCG-1,1
TGGCAATGGGACGGCG-1,0
TGGCACGAGCTCGAGT-1,5
TGGCAGATTACGATCA-1,3
TGGCAGCAGTAATAGT-1,3
TGGCATGAAGTTTGGG-1,6
TGGCCAAACTGAAGTA-1,0
TGGCCAATTTGGTACT-1,2
TGGCCGTATATTGACC-1,2
TGGCGACTGCTCCAAA-1,6
TGGCGATCAAGTTATG-1,3
TGGCGGTGTGCGATTG-1,1
TGGCTACACTCTACCT-1,9
TGGCTATGTGACATAC-1,4
TGGCTCTTGTCGCGTA-1,2
TGGCTTATGTATAATG-1,2
TGGCTTGTACAAGCTT-1,5
TGGCTTTGGGTAGACA-1,1
TGGGAAATGCCTTTCC-1,7
TGGGACCATTGGGAGT-1,11
TGGGATGCACTCATTC-1,5
TGGGCAATAGTTGGGT-1,0
TGGGCACAAACAGAAC-1,1
TGGGCACGTTCTATGG-1,0
TGGGCAGGCCACCGCA-1,0
TGGGCCACAAGAGCGC-1,0
TGGGCCCATACTAATT-1,1
TGGGCCTTGCCTGCAT-1,11
TGGGCGATACAATAAG-1,1
TGGGTAAGGTTCCCGC-1,0
TGGGTGCACAAGCCAT-1,10
TGGGTGGGATGTCATT-1,5
TGGGTGTAATAGATTT-1,9
TGGGTGTTAAGTAGAA-1,10
TGGGTTCCCGGACGGA-1,11
TGGGTTTCGGGCGTAC-1,6
TGGTAAGCAGGATTGA-1,2
TGGTACCGGCACAGCC-1,1
TGGTAGAATATATGGG-1,0
TGGTATCGCATCCCAA-1,0
TGGTATCGGTCTGTAT-1,0
TGGTCCCACGCTACGG-1,3
TGGTCGATATACCTCT-1,8
TGGTCGGGTACAGGGC-1,6
TGGTCGTGCAAGGCAA-1,2
TGGTCGTTTGATAGAT-1,5
TGGTCTAGCTTACATG-1,11
TGGTCTGTTGGGCGTA-1,2
TGGTGATCGTATTTGT-1,2
TGGTGCCCTGCCTTAC-1,1
TGGTGTGACAGACGAT-1,11
TGGTTAACTTACATTT-1,8
TGGTTAAGGGCGCTGG-1,0
TGGTTATGCTTGCGGT-1,2
TGGTTCGTAGCAAAGG-1,1
TGGTTGGAGGATCCTG-1,0
TGGTTTAAACGTGGGT-1,5
TGTAACTTGTCAACCT-1,1
TGTAAGACTGATAAGA-1,8
TGTAATGACCACAATA-1,2
TGTAATGCCTTCGGAC-1,5
TGTACCCGACCCTAAT-1,8
TGTACCTACACGAGGG-1,9
TGTACGAACAAATCCG-1,3
TGTACGCTATCAGCTT-1,5
TGTACTACTCTCACGG-1,5
TGTACTATCGCTCGTT-1,10
TGTACTGTGCCAAAGT-1,1
TGTACTTCCGGGCATG-1,4
TGTAGCCAATTCCGTT-1,10
TGTAGCCATCCCATTC-1,1
TGTAGGAGAAATTTCC-1,3
TGTAGTGATCTATAAT-1,1
TGTATAACAGATCCTG-1,1
TGTATACGGATGATGA-1,5
TGTATCAGACTGAAGC-1,5
TGTATCCTTATTCCAT-1,7
TGTATGGCGCAGACAG-1,0
TGTATTTACCTAATGC-1,5
TGTCATTTGTTGGGAA-1,5
TGTCCACGGCTCAACT-1,9
TGTCCCGACATAGCAC-1,1
TGTCCGCAAACAATTC-1,4
TGTCCGTGGCGCCTTT-1,2
TGTCCTAAGTCACCGC-1,2
TGTCGGCATGGTGGAA-1,7
TGTCGTGGGTATAGGC-1,10
TGTCGTTATCACATAT-1,8
TGTCTACAGTTTCTGT-1,1
TGTGACTACGCCAGTC-1,0
TGTGACTAGAGTTTGC-1,9
TGTGAGACTAGCCCAA-1,8
TGTGATTCCAGCGCTT-1,5
TGTGCCAGAGGCAAAG-1,2
TGTGCCGGTGCCGGAA-1,9
TGTGCTTTACGTAAGA-1,2
TGTGGACTATCTACGT-1,0
TGTGGAGGAAGCTTAA-1,4
TGTGGCAAAGCGTATG-1,0
TGTGGCGGGCTTCTGG-1,8
TGTGGCTCCCACCAAC-1,0
TGTGGTAGGGTGCCTT-1,0
TGTGGTTGCTAAAGCT-1,0
TGTGTAGTAGCACGTG-1,0
TGTGTCGAAGTCGAGG-1,0
TGTGTCGCGAGTTGCA-1,1
TGTGTGACCATGAATC-1,2
TGTGTTCGTATCCAAG-1,2
TGTTAACAAAGTGACT-1,0
TGTTATTGTATGTGGC-1,3
TGTTCATAAATGTGCT-1,2
TGTTCCGCTTCCATGA-1,3
TGTTCCGGCCTGAGCT-1,1
TGTTCGTATTGCGGTG-1,3
TGTTCTCATACTATAG-1,0
TGTTCTCTACTCCCTA-1,5
TGTTCTTCCATTGACT-1,1
TGTTGATCACTGTTTA-1,5
TGTTGCCGTCGTCCCA-1,0
TGTTGGCTGGCGGAAG-1,1
TGTTGTCAAGAAGTCT-1,4
TGTTTAATACTTCATC-1,0
TGTTTCGGTACTTCTC-1,1
TGTTTCTGAAGCGTGC-1,8
TGTTTGAGATCGTCAG-1,0
TTAAACAGAGTCCCGC-1,7
TTAAACCGGTAGCGAC-1,1
TTAAACCTGGTTCCTT-1,2
TTAAACTCGAATTCAT-1,0
TTAAAGGCGATGCTCG-1,4
TTAAAGTAAGTCGCCA-1,0
TTAACACCTCGAACAT-1,2
TTAACCAACCCTCCCT-1,7
TTAACCCGAGGCGTGT-1,0
TTAACGAACAAGCAGT-1,5
TTAACGTCGCAAGACC-1,1
TTAACGTTAAAGCCTG-1,2
TTAACTCACGCGTGGA-1,2
TTAACTGATCGTTTGG-1,0
TTAACTTCAGGTAGGA-1,2
TTAAGACGAACGAACC-1,5
TTAAGATACCCAGAGA-1,6
TTAAGATAGGATTGAC-1,4
TTAAGCCGACAACTTC-1,0
TTAAGCGCCTGACCCA-1,2
TTAAGGATACGGAGGT-1,0
TTAAGGCCCGTACTTT-1,6
TTAAGTATTGTTATCC-1,9
TTAATCAGTACGTCAG-1,0
TTAATGTAGACCAGGT-1,3
TTAATGTGTTTGCAGG-1,11
TTAATTGCTTTGGGTG-1,4
TTAATTTCAGACGCGG-1,0
TTACAACTACGCATCC-1,7
TTACACGATCTGCGAC-1,1
TTACAGACCTAAATGA-1,0
TTACATCGTGGCCTGG-1,0
TTACATGCCACAACTA-1,0
TTACCATTGATTACCC-1,1
TTACCCATTGCCGGGT-1,4
TTACCCTAACAGTCCT-1,7
TTACCCTAGGGATTGG-1,8
TTACCGCCTTAGGGAA-1,7
TTACGGATGGTTCGAG-1,0
TTACGGTGTCACCGAG-1,7
TTACGTAGCGCGTGCT-1,5
TTACGTATCTATGACA-1,0
TTACTAAAGGACTTTA-1,3
TTACTATCGGCTTCTC-1,2
TTACTCCGGCCGGGAA-1,3
TTACTCTGGTACGTAC-1,2
TTACTGGGATATTTCA-1,3
TTACTGTCTAGAGCTC-1,5
TTAGAAGAACATGACT-1,3
TTAGAATAAGGGTCGG-1,6
TTAGACACGATCGTTG-1,0
TTAGACGAGTCACCTC-1,3
TTAGAGGGATATACAG-1,0
TTAGAGTATTGTCGAG-1,6
TTAGAGTTTAGAAGGA-1,1
TTAGATAGGTCGATAC-1,7
TTAGCAACATGGATGT-1,7
TTAGCATCCCTCACGT-1,0
TTAGCCATAGGGCTCG-1,8
TTAGCGAATAGATAGG-1,10
TTAGCTAATACGATCT-1,4
TTAGCTCTGTAATCCG-1,2
TTAGCTGATTTGCCGT-1,1
TTAGGATGGGAGGGTA-1,4
TTAGGTCATAACCGAC-1,6
TTAGGTGTGACTGGTC-1,1
TTAGTAAACCTGCTCT-1,9
TTAGTAGGGCGGCGGG-1,1
TTAGTTATTCGTGGCA-1,9
TTAGTTCAAGTGTTCG-1,5
TTATAGATGCACATTA-1,1
TTATAGGTAATTGTCT-1,4
TTATAGTCCAAGGTGC-1,5
TTATATACGCTGTCAC-1,3
TTATATTTGGCAATCC-1,1
TTATCATACTCGCAAA-1,1
TTATCCAATCGAACTC-1,7
TTATCCGGGATCTATA-1,4
TTATCCTCAAGGAATA-1,6
TTATCGCCTGCGAAGC-1,2
TTATCTGACATTAGGA-1,2
TTATCTGTATCATAAC-1,1
TTATGAATGAAAGGGA-1,3
TTATGACAAACTGGAT-1,2
TTATGATCTTAACGAA-1,3
TTATGCGTCCCGGTCC-1,1
TTATGTTTGCGATAGA-1,3
TTATTAGAGCGTGTTC-1,3
TTATTAGGGAAGCATC-1,1
TTATTATCTGGAAGGC-1,0
TTATTTAGGTTCCTTA-1,0
TTATTTCATCCCAAAC-1,7
TTCAAAGTCTCTAGCC-1,3
TTCAACGACCCGACCG-1,1
TTCAAGCCGAGCTGAG-1,0
TTCAATACTCTGAATC-1,3
TTCAATTAGCCATAAT-1,0
TTCACGAAAGGATCAC-1,3
TTCACGGTCGTCACGT-1,6
TTCACTCGAGCACCTA-1,1
TTCACTTCCTAGAACG-1,8
TTCAGAGTAACCTGAC-1,7
TTCAGCCCTGGTCCAC-1,0
TTCAGCTGGCGTGCCC-1,9
TTCAGGCGTCAAAGCC-1,2
TTCAGTTCAAGAGGAG-1,8
TTCAGTTTGTGGCAGC-1,2
TTCATAGCCTTGTAAC-1,7
TTCATAGGGTGTCCAT-1,11
TTCATGGCGCAACAGG-1,0
TTCCAATCAGAGCTAG-1,4
TTCCAATCTGGCTATC-1,3
TTCCACACAGATTTGA-1,3
TTCCACATTTCTCGTC-1,5
TTCCAGACGAGATTTA-1,0
TTCCAGTGGGTTTCGT-1,4
TTCCATCATGCGGTGA-1,0
TTCCATCGACAGCGTG-1,1
TTCCCAAAGTACTGAT-1,4
TTCCCGACGCTTCACT-1,5
TTCCCGGCGCCAATAG-1,1
TTCCGCAGAGAAATAT-1,4
TTCCGCGTGAGGCGAT-1,3
TTCCGGCCTTGAGGCT-1,6
TTCCGGCTCGACTTCT-1,5
TTCCGGTATCTGTGTC-1,0
TTCCGGTTACCCACTT-1,3
TTCCTCGAGGGTGTCT-1,1
TTCCTCTGCCCGAATA-1,2
TTCCTTTCTGTGTTGC-1,7
TTCGAACGAAACATGC-1,1
TTCGACAGAGCCCGTG-1,1
TTCGACGGGAAGGGCG-1,1
TTCGAGCCGGCGCTAC-1,5
TTCGCACTCGCGTGCT-1,1
TTCGCACTGTACGACA-1,8
TTCGCATCCGGAAGCA-1,7
TTCGCCGCTCGCGCTA-1,8
TTCGCGCGCCATACGA-1,6
TTCGCTAGGAAGTTGT-1,0
TTCGCTATCTGACGTG-1,4
TTCGGACTGATGCCTT-1,5
TTCGGACTGGGCATGG-1,8
TTCGGCAACCCGCTGA-1,4
TTCGGCTAGAGATGGT-1,2
TTCGGGACTAATCGCG-1,3
TTCGGGCGCTAGTCTT-1,6
TTCGGGTTGCCACGGG-1,4
TTCGGTACTGTAGAGG-1,8
TTCGGTGGAGACGCCC-1,0
TTCGTAATCCCAGCGG-1,4
TTCGTACTCCAGAACG-1,2
TTCGTGCATGTTATAG-1,8
TTCGTGGGCTGGAAGC-1,0
TTCGTTCAACGAAGTT-1,4
TTCTAACCGAAGCTTA-1,0
TTCTACCTCAATCGGT-1,6
TTCTACCTTTATGTTG-1,5
TTCTACTTGCGAGGGC-1,1
TTCTAGAAAGTCTTAT-1,6
TTCTAGGCCAATTGTG-1,1
TTCTATGCCTTTCGCA-1,5
TTCTATTAAACGCAGC-1,4
TTCTCAATTGCTACAA-1,6
TTCTCTTACAGGTGAT-1,8
TTCTGACCGGGCTCAA-1,0
TTCTGCCGCGCCTAGA-1,3
TTCTGCGAGCGCCCTT-1,2
TTCTGCGGGTTAGCGG-1,3
TTCTGCTAGACTCCAA-1,0
TTCTGTTTCCTGTCGC-1,11
TTCTTAGTGAACGGTG-1,1
TTCTTAGTGGCTCAGA-1,1
TTCTTATCCGCTGGGT-1,0
TTCTTCGCAATAGAGC-1,5
TTCTTGAGCCGCGCTA-1,3
TTCTTGCTAGCATCTC-1,0
TTCTTGGACGATCTGC-1,6
TTCTTGGAGTAATGAG-1,0
TTCTTGTAACCTAATG-1,7
TTCTTGTGTCCATCAG-1,2
TTCTTTGGTCGCGACG-1,4
TTGAAACCCTCATTCC-1,9
TTGAAAGGTGTAAAGG-1,5
TTGAACGAATCCTTTG-1,2
TTGAACGACGTGCTGA-1,9
TTGAAGAATTCCCAGG-1,2
TTGAAGGATGGGCGCC-1,8
TTGAAGTGCATCTACA-1,4
TTGAATCGTTGTATAA-1,0
TTGAATTCACGTGAGG-1,4
TTGACAGGAGCTCCCG-1,0
TTGACATGAACGTGGA-1,2
TTGACCAGGAACAACT-1,1
TTGACCATGTTCTCCG-1,4
TTGACCGTGTTAATGA-1,0
TTGACGATTCAGCACG-1,1
TTGACGCTCCATGAGC-1,1
TTGACTACCATATGGT-1,3
TTGACTATTGTCCGGC-1,0
TTGAGAAGTTTAGCAT-1,9
TTGAGAGTACTGCTAA-1,1
TTGAGCAGCCCACGGT-1,0
TTGAGCGCCACGTGAT-1,0
TTGAGGCATTTAACTC-1,5
TTGAGGGTCGAACGCG-1,0
TTGAGTCCCGCTGCTG-1,0
TTGATAGTCAATACAT-1,5
TTGATCTAACTTTGTC-1,7
TTGATGCCGCTCGTCG-1,1
TTGATGTGTAGTCCCG-1,4
TTGATTAGCTGTTTCT-1,1
TTGATTATGCAGATGA-1,7
TTGCAAGAAGACTCCT-1,3
TTGCACAATTCAGAAA-1,3
TTGCACGGAGCAGCAC-1,7
TTGCAGGTCATGAAGT-1,5
TTGCATGCTGATCACG-1,2
TTGCCAAGCAGAACCC-1,4
TTGCCATAGCCCGCTC-1,6
TTGCCCTGATCACGGG-1,1
TTGCCGCAGACCTACA-1,8
TTGCCGCTTTCTAGTA-1,4
TTGCCGGTGATCCCTC-1,5
TTGCCTAATCCAAAGT-1,6
TTGCCTTCTCGCCGGG-1,0
TTGCGCACAACCACGT-1,9
TTGCGCTCTCTCGCTT-1,2
TTGCGCTTGATCAATA-1,9
TTGCGGAAAGCTGCCC-1,1
TTGCGGCATCAGAAAG-1,0
TTGCGTAGTTTGAGGA-1,2
TTGCGTCGGCCAACCG-1,1
TTGCGTGAACGCTTAG-1,4
TTGCGTGTGTAGGCAT-1,10
TTGCTAGCTACCAATC-1,7
TTGCTCATAGTACGTG-1,9
TTGCTCCCATACCGGA-1,1
TTGCTGAAGGAACCAC-1,7
TTGCTGATCATGTTCG-1,3
TTGCTGCACCTATCCA-1,7
TTGCTGGCCGGGCTTC-1,0
TTGGAAGAATACAGTC-1,8
TTGGACATGTGGCTTA-1,2
TTGGACCATCTGGCAA-1,0
TTGGACCTATAACAGT-1,9
TTGGAGTCTCCCTTCT-1,1
TTGGATATCGTCTACG-1,3
TTGGATCGACTTCTGG-1,0
TTGGATTGGGTACCAC-1,7
TTGGCCAAATTGTATC-1,10
TTGGCCATCTTGCGCT-1,7
TTGGCCTAGAATTTCG-1,4
TTGGCGATCCGAATAT-1,0
TTGGCTCAATATGTGT-1,9
TTGGCTCGCATGAGAC-1,7
TTGGGAAGACGAGCCG-1,1
TTGGGACACTGCCCGC-1,0
TTGGGACGTAAGAGTT-1,0
TTGGGCGGCGGTTGCC-1,1
TTGGGTTTATTCAGCG-1,5
TTGGTATGGCTTGTGT-1,4
TTGGTCACACTCGTAA-1,3
TTGGTGCGGTGTTGAA-1,0
TTGGTTCGCTCAAAGG-1,0
TTGGTTGCGGTGCGCG-1,6
TTGTAACTTCATAGCG-1,5
TTGTAAGGACCTAAGT-1,2
TTGTAAGGCCAGTTGG-1,0
TTGTAATCCGTACTCG-1,3
TTGTACACCTCGAACA-1,2
TTGTATCACACAGAAT-1,0
TTGTCACCGCGGTATC-1,2
TTGTCGTTCAGTTACC-1,0
TTGTCTCGGCAAGATG-1,4
TTGTGAACCTAATCCG-1,9
TTGTGAGGCATGACGC-1,2
TTGTGATCTGTTCAGT-1,9
TTGTGCAGCCACGTCA-1,4
TTGTGCGGAAGCGGAT-1,8
TTGTGGAGACAGCCGG-1,8
TTGTGGCCCTGACAGT-1,7
TTGTGGTAGGAGGGAT-1,1
TTGTGGTATAGGTATG-1,5
TTGTGGTGGTACTAAG-1,9
TTGTGTATGCCACCAA-1,1
TTGTGTTTCCCGAAAG-1,3
TTGTTCAGTGTGCTAC-1,1
TTGTTCTAGATACGCT-1,11
TTGTTGGCAATGACTG-1,8
TTGTTGTGTGTCAAGA-1,3
TTGTTTCACATCCAGG-1,6
TTGTTTCATTAGTCTA-1,8
TTGTTTCCATACAACT-1,1
TTGTTTGTATTACACG-1,8
TTGTTTGTGTAAATTC-1,0
